ts_code,trade_date,open,high,low,close,pre_close,pct_chg,vol,amount
000001.SZ,20241212,11.73,11.87,11.71,11.85,11.73,1.023,986234.59,1164062.448
000002.SZ,20241212,8.63,8.72,8.55,8.69,8.65,0.4624,1289042.11,1114370.152
000004.SZ,20241212,18.35,20.03,18.3,20.03,18.21,9.9945,143054.98,283291.718
000006.SZ,20241212,9.0,9.25,8.92,9.2,9.12,0.8772,387444.99,351984.835
000007.SZ,20241212,7.44,7.63,7.28,7.6,7.38,2.981,119142.0,89003.728
000008.SZ,20241212,3.29,3.31,3.18,3.23,3.29,-1.8237,1907169.56,615287.443
000009.SZ,20241212,9.92,9.98,9.83,9.95,9.92,0.3024,180907.38,179492.881
000010.SZ,20241212,3.44,3.46,3.37,3.4,3.42,-0.5848,524858.16,179043.12
000011.SZ,20241212,9.83,10.1,9.74,10.02,9.85,1.7259,135611.11,135163.115
000012.SZ,20241212,5.64,5.76,5.58,5.74,5.64,1.773,434181.81,247756.399
000014.SZ,20241212,12.92,13.88,12.81,13.51,12.98,4.0832,152646.28,203907.284
000016.SZ,20241212,5.4,5.64,5.31,5.57,5.42,2.7675,1558859.12,859286.473
000017.SZ,20241212,7.43,7.76,7.42,7.66,7.49,2.2697,357751.93,272131.568
000019.SZ,20241212,7.17,7.33,7.11,7.31,7.16,2.095,141837.18,102622.219
000020.SZ,20241212,14.81,15.08,14.79,15.0,14.85,1.0101,49300.01,73657.423
000021.SZ,20241212,20.0,20.3,19.65,20.09,20.0,0.45,509678.7,1016898.216
000025.SZ,20241212,18.48,18.73,18.4,18.64,18.54,0.5394,80354.4,149467.073
000026.SZ,20241212,11.29,11.51,11.27,11.45,11.35,0.8811,74658.0,85144.564
000027.SZ,20241212,6.69,6.73,6.65,6.72,6.69,0.4484,172436.26,115463.924
000028.SZ,20241212,30.09,30.8,29.92,30.8,30.1,2.3256,61786.16,187960.013
000029.SZ,20241212,16.36,16.75,16.18,16.7,16.39,1.8914,49780.0,82312.251
000030.SZ,20241212,5.61,5.66,5.52,5.66,5.58,1.4337,192161.21,107651.77
000031.SZ,20241212,3.54,3.66,3.48,3.64,3.54,2.8249,632274.92,227145.346
000032.SZ,20241212,18.88,18.92,18.6,18.75,18.82,-0.3719,143342.46,268489.169
000034.SZ,20241212,35.48,35.72,34.5,35.07,35.47,-1.1277,201520.9,705241.349
000035.SZ,20241212,5.42,5.42,5.3,5.33,5.41,-1.4787,296972.68,158472.512
000036.SZ,20241212,5.0,5.12,4.96,5.08,5.01,1.3972,266099.94,134463.237
000037.SZ,20241212,9.04,9.16,9.04,9.14,9.07,0.7718,49052.01,44637.818
000039.SZ,20241212,8.15,8.17,8.09,8.16,8.16,0.0,246162.66,200279.598
000040.SZ,20241212,1.53,1.54,1.47,1.49,1.55,-3.871,1020747.43,151702.065
000042.SZ,20241212,5.81,5.97,5.76,5.87,5.81,1.0327,150558.56,88137.22
000045.SZ,20241212,12.4,12.7,12.31,12.5,12.5,0.0,174457.03,217755.027
000048.SZ,20241212,17.97,18.06,17.52,17.61,17.94,-1.8395,56137.68,99213.648
000049.SZ,20241212,25.05,25.09,24.68,24.97,24.94,0.1203,60967.53,151701.29
000050.SZ,20241212,9.52,9.55,9.36,9.48,9.5,-0.2105,209308.0,197725.043
000055.SZ,20241212,4.42,4.51,4.39,4.51,4.39,2.7335,188447.74,84271.248
000056.SZ,20241212,3.44,3.6,3.37,3.54,3.49,1.4327,1698027.91,591411.726
000058.SZ,20241212,9.74,10.23,9.65,10.15,9.85,3.0457,516696.8,516890.387
000059.SZ,20241212,5.28,5.37,5.2,5.34,5.28,1.1364,212454.02,112216.328
000060.SZ,20241212,5.1,5.12,5.03,5.1,5.1,0.0,604431.54,306779.589
000061.SZ,20241212,7.77,7.98,7.67,7.95,7.77,2.3166,103458.06,81099.222
000062.SZ,20241212,25.88,26.0,25.5,25.91,25.96,-0.1926,189264.92,488171.754
000063.SZ,20241212,31.16,31.3,30.89,31.28,31.15,0.4173,607592.29,1891577.928
000065.SZ,20241212,10.67,10.75,10.56,10.69,10.63,0.5644,116500.81,123996.179
000066.SZ,20241212,16.88,17.09,16.62,16.79,16.84,-0.2969,1318454.9,2218873.581
000068.SZ,20241212,4.07,4.49,4.04,4.49,4.08,10.049,997154.2,438597.888
000069.SZ,20241212,3.13,3.18,3.08,3.17,3.13,1.278,938534.4,294479.843
000070.SZ,20241212,6.1,6.13,6.07,6.11,6.1,0.1639,123681.43,75444.831
000078.SZ,20241212,3.06,3.15,3.04,3.13,3.07,1.9544,590751.25,183114.335
000088.SZ,20241212,5.1,5.11,5.05,5.11,5.09,0.3929,134868.55,68686.276
000089.SZ,20241212,7.17,7.21,7.13,7.19,7.16,0.419,134529.0,96671.175
000090.SZ,20241212,4.59,4.62,4.53,4.61,4.57,0.8753,334882.34,153662.067
000096.SZ,20241212,12.64,13.04,12.6,12.97,12.6,2.9365,83302.48,107283.461
000099.SZ,20241212,27.29,27.98,26.9,27.81,27.5,1.1273,534029.34,1470858.791
000100.SZ,20241212,5.11,5.11,4.98,5.05,5.12,-1.3672,8000737.49,4027671.629
000151.SZ,20241212,17.38,17.56,17.05,17.48,17.39,0.5175,160821.06,278369.67
000153.SZ,20241212,6.77,6.89,6.76,6.89,6.78,1.6224,116217.81,79622.876
000155.SZ,20241212,12.15,12.2,12.02,12.18,12.2,-0.1639,253592.84,307083.435
000156.SZ,20241212,8.06,8.08,7.91,8.06,8.02,0.4988,229848.35,183849.838
000157.SZ,20241212,7.19,7.24,7.13,7.24,7.18,0.8357,483449.97,348096.352
000158.SZ,20241212,24.67,25.33,24.63,25.11,24.89,0.8839,1039653.08,2599114.876
000159.SZ,20241212,7.99,8.15,7.81,7.87,7.98,-1.3784,188692.0,149585.873
000166.SZ,20241212,5.52,5.62,5.49,5.58,5.51,1.2704,1077370.02,597864.164
000301.SZ,20241212,9.52,9.67,9.45,9.52,9.52,0.0,193254.11,184557.37
000333.SZ,20241212,75.2,75.75,74.37,75.56,75.1,0.6125,286398.14,2153602.254
000338.SZ,20241212,13.66,13.8,13.62,13.79,13.66,0.9517,597737.56,820226.95
000400.SZ,20241212,27.42,27.51,27.03,27.3,27.41,-0.4013,115604.55,315116.507
000401.SZ,20241212,6.1,6.17,6.02,6.05,6.11,-0.982,183351.93,111534.039
000402.SZ,20241212,4.11,4.22,4.07,4.16,4.12,0.9709,1146647.24,476774.502
000403.SZ,20241212,21.7,21.84,21.55,21.76,21.77,-0.0459,95261.71,206207.452
000404.SZ,20241212,7.65,7.76,7.6,7.74,7.64,1.3089,122053.08,93861.825
000407.SZ,20241212,3.77,3.92,3.72,3.89,3.75,3.7333,549615.21,211569.949
000408.SZ,20241212,28.15,28.85,28.04,28.75,28.13,2.2041,73871.0,210550.641
000409.SZ,20241212,10.4,10.48,10.17,10.36,10.41,-0.4803,265320.08,273369.934
000410.SZ,20241212,7.84,7.88,7.71,7.82,7.87,-0.6353,168862.45,131547.592
000411.SZ,20241212,11.56,12.09,11.48,12.06,11.52,4.6875,200514.69,238123.812
000415.SZ,20241212,4.21,4.26,4.1,4.2,4.22,-0.4739,1741269.87,727063.05
000417.SZ,20241212,6.92,7.33,6.7,7.3,6.93,5.3391,557832.94,393944.077
000419.SZ,20241212,6.6,6.75,6.32,6.65,6.3,5.5556,502991.55,328384.071
000420.SZ,20241212,4.2,4.66,4.16,4.38,4.27,2.5761,2763345.99,1204754.111
000421.SZ,20241212,7.12,7.34,7.1,7.3,7.15,2.0979,423437.82,306601.06
000422.SZ,20241212,15.09,15.09,14.34,14.36,13.72,4.6647,1366946.37,2013623.621
000423.SZ,20241212,58.63,60.72,58.33,60.48,58.62,3.173,71497.44,428336.595
000425.SZ,20241212,8.18,8.21,8.03,8.2,8.16,0.4902,666717.24,542981.017
000426.SZ,20241212,13.73,13.85,13.41,13.57,13.7,-0.9489,246329.34,334150.404
000428.SZ,20241212,3.8,4.02,3.8,3.96,3.85,2.8571,729704.63,287005.627
000429.SZ,20241212,12.14,12.28,12.1,12.15,12.14,0.0824,129872.85,158514.959
000430.SZ,20241212,7.55,7.85,7.55,7.81,7.59,2.8986,184304.99,142799.547
000488.SZ,20241212,3.41,3.45,3.37,3.44,3.41,0.8798,529991.01,181398.21
000498.SZ,20241212,6.4,6.53,6.35,6.48,6.4,1.25,189206.93,121865.448
000501.SZ,20241212,9.53,10.48,9.45,10.48,9.53,9.9685,586720.98,594060.585
000503.SZ,20241212,12.99,13.22,12.9,13.22,13.0,1.6923,260375.29,340712.496
000504.SZ,20241212,10.42,10.56,10.29,10.55,10.42,1.2476,48253.0,50307.286
000505.SZ,20241212,7.07,7.24,6.99,7.23,7.07,2.2631,236679.21,169303.831
000506.SZ,20241212,3.06,3.21,3.06,3.21,3.06,4.902,266558.63,84956.608
000507.SZ,20241212,5.74,5.96,5.72,5.89,5.76,2.2569,366130.39,214864.656
000509.SZ,20241212,4.08,4.13,4.01,4.11,4.05,1.4815,202547.26,82486.659
000510.SZ,20241212,4.45,4.48,4.36,4.47,4.44,0.6757,288829.11,127724.051
000513.SZ,20241212,38.32,38.69,38.02,38.65,38.25,1.0458,100059.51,385147.552
000514.SZ,20241212,4.94,5.1,4.87,5.07,4.96,2.2177,355153.21,177882.976
000516.SZ,20241212,6.15,6.19,6.07,6.18,6.15,0.4878,274171.44,168021.218
000517.SZ,20241212,2.69,2.76,2.65,2.76,2.69,2.6022,680053.7,185079.341
000518.SZ,20241212,3.53,3.63,3.49,3.57,3.51,1.7094,661928.91,235989.093
000519.SZ,20241212,15.9,16.28,15.78,15.95,15.95,0.0,317586.16,507808.362
000520.SZ,20241212,5.9,6.02,5.76,5.8,5.9,-1.6949,366954.32,214458.684
000521.SZ,20241212,9.08,9.25,9.02,9.25,8.98,3.0067,529432.19,485939.812
000523.SZ,20241212,3.58,3.69,3.51,3.68,3.58,2.7933,527188.22,191108.269
000524.SZ,20241212,10.66,11.4,10.6,11.22,10.59,5.949,357472.01,395946.332
000526.SZ,20241212,44.96,46.72,44.32,46.24,44.78,3.2604,37358.34,170754.585
000528.SZ,20241212,11.39,11.4,11.26,11.33,11.35,-0.1762,178874.06,202740.794
000529.SZ,20241212,6.56,6.76,6.51,6.73,6.57,2.4353,172134.81,114547.478
000530.SZ,20241212,5.63,6.18,5.62,6.18,5.62,9.9644,470238.6,280158.057
000531.SZ,20241212,6.32,6.44,6.29,6.32,6.33,-0.158,86227.2,54633.847
000532.SZ,20241212,15.95,16.66,15.9,16.24,15.95,1.8182,205498.41,333612.592
000533.SZ,20241212,4.76,4.77,4.66,4.74,4.75,-0.2105,156477.21,73706.097
000534.SZ,20241212,12.8,13.11,12.78,12.92,13.03,-0.8442,91021.49,117493.284
000536.SZ,20241212,6.13,6.15,5.95,6.0,6.13,-2.1207,1751216.71,1055333.545
000537.SZ,20241212,9.42,9.68,9.37,9.56,9.39,1.8104,190701.86,181955.532
000538.SZ,20241212,58.09,59.08,58.0,59.04,58.09,1.6354,113279.09,665408.157
000539.SZ,20241212,4.83,4.85,4.79,4.83,4.83,0.0,166880.61,80471.829
000541.SZ,20241212,6.2,6.28,6.1,6.26,6.25,0.16,324576.67,200994.012
000543.SZ,20241212,8.18,8.28,8.1,8.15,8.18,-0.3667,254602.3,208309.485
000544.SZ,20241212,8.98,9.05,8.88,9.05,8.95,1.1173,61532.53,55208.647
000545.SZ,20241212,3.02,3.05,2.94,3.01,3.02,-0.3311,554654.8,166547.298
000546.SZ,20241212,5.83,6.04,5.77,5.99,5.88,1.8707,494726.2,293627.288
000547.SZ,20241212,8.23,8.36,8.18,8.29,8.24,0.6068,225382.0,186382.375
000548.SZ,20241212,6.04,6.15,5.99,6.15,6.05,1.6529,196317.55,119384.325
000550.SZ,20241212,25.5,25.63,25.2,25.57,25.44,0.511,78482.93,199519.76
000551.SZ,20241212,12.96,13.1,12.86,13.02,12.98,0.3082,97950.65,127162.636
000552.SZ,20241212,3.02,3.04,2.96,2.98,3.0,-0.6667,1164333.0,347306.998
000553.SZ,20241212,6.94,6.97,6.84,6.94,6.93,0.1443,56432.01,38978.288
000554.SZ,20241212,6.49,6.64,6.46,6.6,6.46,2.1672,226246.63,148511.695
000555.SZ,20241212,13.88,14.44,13.68,14.07,13.64,3.1525,1373356.7,1936448.493
000557.SZ,20241212,6.06,6.33,6.0,6.33,6.07,4.2834,252658.33,154486.407
000558.SZ,20241212,3.56,3.94,3.53,3.94,3.58,10.0559,1272459.14,466238.23
000559.SZ,20241212,6.65,6.68,6.51,6.6,6.65,-0.7519,288261.86,189780.777
000560.SZ,20241212,3.74,3.96,3.68,3.9,3.77,3.4483,3715291.66,1417629.987
000561.SZ,20241212,9.1,9.28,8.98,9.23,9.14,0.9847,216321.61,198127.041
000563.SZ,20241212,4.01,4.09,3.96,4.06,4.02,0.995,1154346.45,465496.457
000564.SZ,20241212,3.58,4.02,3.51,4.02,3.65,10.137,15761986.61,5974958.401
000565.SZ,20241212,6.21,6.29,6.13,6.29,6.22,1.1254,67265.5,41799.377
000566.SZ,20241212,5.92,5.98,5.83,5.91,5.96,-0.8389,443554.14,261624.682
000567.SZ,20241212,8.19,8.23,8.06,8.16,8.19,-0.3663,196370.49,159906.959
000568.SZ,20241212,141.0,145.7,140.26,144.91,141.3,2.5548,181598.64,2597459.564
000570.SZ,20241212,5.61,5.66,5.53,5.65,5.59,1.0733,115239.42,64477.877
000571.SZ,20241212,3.85,3.92,3.83,3.9,3.85,1.2987,190532.75,73877.487
000572.SZ,20241212,4.95,4.99,4.83,4.92,4.95,-0.6061,628156.15,307561.366
000573.SZ,20241212,3.46,3.69,3.36,3.61,3.43,5.2478,677643.35,242294.214
000576.SZ,20241212,8.57,9.38,8.57,9.38,8.53,9.9648,194729.39,181444.102
000581.SZ,20241212,18.28,18.4,18.2,18.35,18.25,0.5479,79353.38,145323.115
000582.SZ,20241212,7.84,7.9,7.8,7.89,7.84,0.6378,163073.85,128145.957
000584.SZ,20241212,3.94,4.06,3.82,3.99,3.93,1.5267,298772.29,117259.986
000586.SZ,20241212,10.7,11.0,10.59,10.98,10.67,2.9053,101248.0,109530.106
000589.SZ,20241212,5.27,5.28,5.19,5.26,5.26,0.0,494588.7,258975.615
000590.SZ,20241212,8.82,9.1,8.73,8.9,8.83,0.7928,102646.9,91345.959
000591.SZ,20241212,5.14,5.15,5.09,5.14,5.14,0.0,504537.31,258412.522
000592.SZ,20241212,3.19,3.33,3.09,3.16,3.09,2.2654,4457160.42,1429933.651
000593.SZ,20241212,6.11,6.4,6.07,6.34,6.1,3.9344,273826.0,171784.57
000595.SZ,20241212,8.96,9.03,8.75,8.96,9.0,-0.4444,369246.54,328178.812
000596.SZ,20241212,194.88,206.2,193.88,205.22,195.24,5.1117,44881.33,908304.639
000597.SZ,20241212,5.74,5.79,5.68,5.77,5.76,0.1736,259186.45,148707.297
000598.SZ,20241212,7.15,7.27,7.1,7.24,7.14,1.4006,180599.95,130003.515
000599.SZ,20241212,5.27,5.29,5.17,5.28,5.27,0.1898,168749.3,88447.859
000600.SZ,20241212,5.48,5.6,5.46,5.53,5.46,1.2821,420514.72,232489.332
000601.SZ,20241212,4.43,4.47,4.38,4.44,4.42,0.4525,169636.34,75184.925
000603.SZ,20241212,13.47,13.68,13.39,13.55,13.38,1.2706,96167.68,130138.958
000605.SZ,20241212,8.95,8.96,8.81,8.88,8.99,-1.2236,158371.2,140493.488
000607.SZ,20241212,4.65,4.68,4.51,4.59,4.63,-0.8639,224854.01,103163.133
000608.SZ,20241212,2.95,3.02,2.89,3.0,2.99,0.3344,726871.91,215578.702
000609.SZ,20241212,2.51,2.62,2.49,2.59,2.5,3.6,106312.1,27272.359
000610.SZ,20241212,13.84,14.73,13.79,14.37,13.97,2.8633,472175.31,677998.728
000612.SZ,20241212,7.1,7.18,7.05,7.15,7.16,-0.1397,352853.83,250822.627
000615.SZ,20241212,3.9,4.05,3.81,3.99,3.9,2.3077,337848.59,132437.416
000617.SZ,20241212,7.53,7.58,7.4,7.53,7.55,-0.2649,1049707.47,786002.898
000619.SZ,20241212,7.9,8.14,7.6,7.63,8.42,-9.3824,541226.02,422589.566
000620.SZ,20241212,2.66,2.85,2.65,2.85,2.59,10.0386,2323495.03,640474.034
000622.SZ,20241212,2.33,2.35,2.28,2.3,2.33,-1.2876,62899.0,14495.91
000623.SZ,20241212,18.68,18.83,18.48,18.78,18.65,0.6971,120115.94,224214.919
000625.SZ,20241212,14.17,14.8,14.12,14.62,14.17,3.1757,2962700.91,4302663.83
000626.SZ,20241212,7.36,7.45,7.29,7.4,7.33,0.955,153704.7,113413.08
000627.SZ,20241212,4.66,5.13,4.48,5.13,4.66,10.0858,4484229.2,2167277.42
000628.SZ,20241212,61.2,61.72,60.17,60.96,61.78,-1.3273,102661.73,625367.536
000629.SZ,20241212,3.4,3.44,3.32,3.36,3.4,-1.1765,1982033.92,667186.81
000630.SZ,20241212,3.59,3.6,3.54,3.58,3.58,0.0,2152602.59,768879.135
000631.SZ,20241212,3.4,3.53,3.36,3.49,3.41,2.346,349606.09,121018.535
000632.SZ,20241212,4.53,4.72,4.47,4.7,4.53,3.7528,153982.18,71376.966
000633.SZ,20241212,5.67,5.83,5.65,5.82,5.67,2.6455,107128.1,61634.909
000635.SZ,20241212,8.74,9.05,8.58,8.88,8.68,2.3041,103601.47,91448.755
000636.SZ,20241212,15.45,15.49,15.21,15.45,15.44,0.0648,122815.23,188837.093
000637.SZ,20241212,4.3,4.4,4.27,4.37,4.28,2.1028,98777.75,42947.884
000638.SZ,20241212,6.09,6.28,6.07,6.23,6.04,3.1457,215541.01,132852.496
000639.SZ,20241212,4.63,5.11,4.53,5.02,4.7,6.8085,1807485.93,883082.716
000650.SZ,20241212,6.08,6.19,6.05,6.16,6.06,1.6502,584527.85,358709.16
000651.SZ,20241212,43.21,43.55,43.05,43.46,43.31,0.3463,323959.62,1403211.433
000652.SZ,20241212,4.65,4.72,4.61,4.7,4.66,0.8584,270039.06,126332.943
000655.SZ,20241212,7.03,7.15,7.0,7.15,7.05,1.4184,67300.4,47716.007
000656.SZ,20241212,1.59,1.61,1.58,1.59,1.6,-0.625,1037357.05,165061.346
000657.SZ,20241212,10.12,10.21,10.08,10.17,10.11,0.5935,196427.49,199358.25
000659.SZ,20241212,3.35,3.67,3.35,3.67,3.34,9.8802,505328.24,181958.469
000661.SZ,20241212,107.18,107.93,106.36,107.87,107.4,0.4376,44574.37,477602.838
000663.SZ,20241212,6.61,6.63,6.5,6.59,6.58,0.152,119671.11,78688.333
000665.SZ,20241212,4.9,4.98,4.8,4.86,4.89,-0.6135,497380.23,242423.185
000668.SZ,20241212,9.59,9.85,9.33,9.82,9.42,4.2463,54762.41,52944.133
000669.SZ,20241212,2.15,2.23,2.09,2.12,2.15,-1.3953,291443.79,62980.318
000670.SZ,20241212,8.5,8.73,8.29,8.48,8.5,-0.2353,1483173.54,1257089.219
000672.SZ,20241212,8.19,8.3,8.1,8.28,8.17,1.3464,70358.95,57949.522
000676.SZ,20241212,10.59,10.76,10.3,10.58,10.53,0.4748,782739.57,825611.718
000677.SZ,20241212,4.88,5.0,4.81,4.96,4.88,1.6393,362740.27,178043.612
000678.SZ,20241212,7.48,7.6,7.15,7.33,7.67,-4.4329,550546.24,403749.005
000679.SZ,20241212,6.7,7.3,6.61,7.01,6.64,5.5723,660844.46,463228.236
000680.SZ,20241212,9.74,10.0,9.72,9.87,9.74,1.3347,266848.22,263362.778
000681.SZ,20241212,23.22,23.22,22.47,23.22,21.11,9.9953,2056898.3,4741295.727
000682.SZ,20241212,11.1,11.13,10.95,11.06,11.1,-0.3604,104662.6,115272.836
000683.SZ,20241212,6.05,6.09,5.95,6.08,6.03,0.8292,443773.72,267502.582
000685.SZ,20241212,9.2,9.42,9.13,9.35,9.21,1.5201,219775.44,204011.831
000686.SZ,20241212,8.53,8.86,8.48,8.8,8.53,3.1653,408616.9,355647.849
000688.SZ,20241212,15.24,16.19,15.19,16.0,15.3,4.5752,154673.93,244947.143
000690.SZ,20241212,4.74,4.76,4.69,4.75,4.73,0.4228,360706.0,170944.134
000691.SZ,20241212,4.73,4.92,4.67,4.89,4.72,3.6017,234683.0,113385.303
000692.SZ,20241212,3.95,4.1,3.92,3.98,3.84,3.6458,349521.52,139859.771
000695.SZ,20241212,12.05,12.09,11.76,11.93,12.03,-0.8313,90212.0,107234.772
000697.SZ,20241212,8.75,9.29,8.75,9.03,8.78,2.8474,205030.71,186411.383
000698.SZ,20241212,3.92,3.98,3.88,3.95,3.9,1.2821,168673.62,66419.812
000700.SZ,20241212,7.8,7.99,7.75,7.91,7.75,2.0645,408167.29,321267.445
000701.SZ,20241212,5.72,6.04,5.7,5.87,5.74,2.2648,443379.0,258715.045
000702.SZ,20241212,8.28,8.75,8.27,8.67,8.3,4.4578,173505.15,148222.742
000703.SZ,20241212,6.37,6.4,6.29,6.38,6.36,0.3145,105494.37,67086.85
000705.SZ,20241212,8.73,8.95,8.72,8.95,8.72,2.6376,189497.61,167958.67
000707.SZ,20241212,8.05,8.28,7.97,8.2,8.03,2.1171,201005.01,163694.428
000708.SZ,20241212,12.23,12.28,12.16,12.28,12.23,0.4088,97070.67,118829.12
000709.SZ,20241212,2.44,2.46,2.39,2.41,2.44,-1.2295,1075066.99,259400.986
000710.SZ,20241212,10.9,11.35,10.9,11.2,10.93,2.4703,334121.88,374252.44
000711.SZ,20241212,1.92,1.94,1.89,1.91,1.92,-0.5208,246522.69,47048.206
000712.SZ,20241212,15.81,16.64,15.8,16.36,15.87,3.0876,900159.1,1463162.029
000713.SZ,20241212,7.56,7.68,7.52,7.67,7.56,1.455,121974.49,92744.136
000715.SZ,20241212,7.38,8.09,7.32,7.71,7.36,4.7554,477945.93,367308.514
000716.SZ,20241212,8.08,9.02,7.9,9.02,8.2,10.0,1904590.94,1648994.192
000717.SZ,20241212,3.98,4.16,3.64,3.86,3.87,-0.2584,4337468.03,1682710.505
000718.SZ,20241212,2.76,3.03,2.71,3.03,2.75,10.1818,2356400.65,696787.564
000719.SZ,20241212,12.4,12.63,12.04,12.16,12.51,-2.7978,335149.91,409172.445
000720.SZ,20241212,4.04,4.14,4.01,4.07,4.01,1.4963,100906.01,40956.119
000721.SZ,20241212,12.14,13.17,11.74,11.79,12.09,-2.4814,1719983.66,2157255.47
000722.SZ,20241212,10.86,10.97,10.74,10.92,10.86,0.5525,96425.44,104652.092
000723.SZ,20241212,5.18,5.19,5.12,5.16,5.17,-0.1934,477703.22,246103.483
000725.SZ,20241212,4.39,4.42,4.36,4.39,4.39,0.0,5101243.93,2236989.611
000726.SZ,20241212,6.92,7.13,6.91,7.13,6.91,3.1838,172525.04,121756.462
000727.SZ,20241212,3.75,3.91,3.58,3.67,3.66,0.2732,5766941.75,2144753.519
000728.SZ,20241212,8.73,8.95,8.66,8.88,8.68,2.3041,700321.08,616852.028
000729.SZ,20241212,10.83,11.25,10.75,11.2,10.82,3.512,482507.04,535240.179
000731.SZ,20241212,7.99,8.15,7.95,8.15,7.88,3.4264,296623.32,239650.163
000733.SZ,20241212,44.77,46.77,44.77,46.19,44.95,2.7586,152931.74,703942.677
000735.SZ,20241212,7.18,7.28,7.05,7.23,7.2,0.4167,556026.71,399969.578
000736.SZ,20241212,10.47,10.64,10.35,10.58,10.53,0.4748,240743.3,253822.417
000737.SZ,20241212,9.04,9.12,8.96,9.09,9.15,-0.6557,376048.02,340213.616
000738.SZ,20241212,21.94,22.4,21.88,22.39,21.86,2.4245,116002.82,257936.676
000739.SZ,20241212,16.57,16.74,16.46,16.64,16.61,0.1806,59104.02,98185.018
000750.SZ,20241212,4.72,4.93,4.69,4.85,4.71,2.9724,2558090.35,1230739.799
000751.SZ,20241212,3.33,3.37,3.3,3.35,3.34,0.2994,314613.68,105173.293
000752.SZ,20241212,8.31,8.52,8.31,8.43,8.46,-0.3546,38288.0,32214.518
000753.SZ,20241212,5.09,5.18,4.98,5.16,5.09,1.3752,1320763.1,668799.276
000755.SZ,20241212,5.02,5.1,4.99,5.1,5.01,1.7964,145841.33,73902.307
000756.SZ,20241212,16.37,16.75,16.3,16.65,16.37,1.7104,125021.35,207181.823
000757.SZ,20241212,4.67,4.7,4.49,4.59,4.64,-1.0776,472099.74,215967.809
000758.SZ,20241212,5.32,5.37,5.28,5.35,5.34,0.1873,294267.77,156987.251
000759.SZ,20241212,7.22,7.22,7.22,7.22,6.56,10.061,128338.47,92660.375
000761.SZ,20241212,3.68,3.71,3.61,3.67,3.67,0.0,142711.67,52280.686
000762.SZ,20241212,23.3,23.55,23.21,23.47,23.44,0.128,99775.31,233293.545
000766.SZ,20241212,15.91,16.26,15.84,16.21,16.05,0.9969,272728.03,439036.917
000767.SZ,20241212,2.9,2.91,2.86,2.89,2.9,-0.3448,368430.01,106164.266
000768.SZ,20241212,26.7,27.64,26.7,27.4,26.63,2.8915,331124.84,904573.246
000776.SZ,20241212,16.84,17.11,16.77,16.97,16.83,0.8318,411580.0,696527.629
000777.SZ,20241212,18.1,18.19,17.95,18.08,18.04,0.2217,60315.02,108956.477
000778.SZ,20241212,4.1,4.11,4.05,4.09,4.11,-0.4866,477802.44,194946.03
000779.SZ,20241212,9.31,9.47,9.16,9.42,9.36,0.641,239256.63,222996.266
000782.SZ,20241212,5.32,5.38,5.3,5.35,5.34,0.1873,107165.46,57260.11
000783.SZ,20241212,7.11,7.27,7.06,7.21,7.1,1.5493,681795.32,489039.193
000785.SZ,20241212,3.95,4.31,3.92,4.31,3.92,9.949,1411273.95,585137.419
000786.SZ,20241212,28.8,30.19,28.6,30.18,28.91,4.3929,196233.71,581598.51
000788.SZ,20241212,6.68,6.74,6.65,6.74,6.67,1.0495,104875.6,70276.659
000789.SZ,20241212,5.69,5.79,5.61,5.75,5.68,1.2324,178133.63,101934.164
000790.SZ,20241212,4.61,4.71,4.56,4.7,4.59,2.3965,309825.34,144319.145
000791.SZ,20241212,6.14,6.17,6.11,6.15,6.15,0.0,114558.62,70413.624
000792.SZ,20241212,17.52,17.57,17.31,17.47,17.51,-0.2284,472924.45,822747.465
000793.SZ,20241212,3.37,3.56,3.3,3.42,3.39,0.885,2338747.0,795326.428
000795.SZ,20241212,11.86,11.87,11.45,11.62,11.88,-2.1886,759096.37,880576.866
000796.SZ,20241212,5.06,5.35,5.03,5.31,5.08,4.5276,713126.73,374186.868
000797.SZ,20241212,3.31,3.43,3.28,3.4,3.3,3.0303,846365.51,285304.074
000798.SZ,20241212,8.2,8.88,8.2,8.71,8.25,5.5758,301535.14,258082.175
000799.SZ,20241212,59.39,61.99,59.04,61.89,59.72,3.6336,179390.23,1096932.814
000800.SZ,20241212,8.8,8.81,8.72,8.8,8.79,0.1138,122105.31,107152.457
000801.SZ,20241212,16.85,18.37,16.32,17.51,16.89,3.6708,1623757.73,2779677.803
000802.SZ,20241212,7.7,7.88,7.61,7.84,7.67,2.2164,188709.02,146237.573
000803.SZ,20241212,5.92,6.02,5.83,5.96,5.92,0.6757,253571.44,150590.55
000807.SZ,20241212,14.9,15.04,14.8,14.97,14.94,0.2008,317429.16,473962.764
000809.SZ,20241212,3.0,3.16,3.0,3.15,3.01,4.6512,105117.72,32895.108
000810.SZ,20241212,14.15,14.15,13.74,13.98,14.2,-1.5493,536881.69,745718.226
000811.SZ,20241212,11.08,11.57,10.86,11.46,11.09,3.3363,417985.73,471863.234
000812.SZ,20241212,5.61,5.89,5.58,5.75,5.68,1.2324,877521.47,505129.892
000813.SZ,20241212,3.77,4.2,3.77,4.2,3.82,9.9476,1933044.01,795919.798
000815.SZ,20241212,12.24,12.25,11.93,12.11,12.23,-0.9812,337368.84,406998.954
000816.SZ,20241212,3.41,3.82,3.37,3.66,3.48,5.1724,2907390.14,1050500.342
000818.SZ,20241212,19.26,19.5,19.01,19.46,19.23,1.196,121034.0,232106.847
000819.SZ,20241212,17.65,17.77,17.4,17.6,17.73,-0.7332,62089.51,108909.726
000820.SZ,20241212,4.22,4.39,4.18,4.33,4.22,2.6066,218959.99,94325.039
000821.SZ,20241212,13.84,14.71,13.66,14.54,13.83,5.1338,539532.27,770523.041
000822.SZ,20241212,6.55,6.65,6.5,6.62,6.55,1.0687,242955.61,159986.575
000823.SZ,20241212,9.94,10.01,9.8,9.94,9.92,0.2016,94714.01,93998.77
000825.SZ,20241212,3.95,3.98,3.9,3.96,3.95,0.2532,551372.51,217346.293
000826.SZ,20241212,2.89,3.06,2.84,2.91,2.91,0.0,1422936.2,418170.094
000828.SZ,20241212,11.28,11.57,11.21,11.52,11.3,1.9469,145837.03,166298.62
000829.SZ,20241212,14.45,14.72,13.84,14.11,14.51,-2.7567,661351.05,938046.594
000830.SZ,20241212,12.05,12.18,11.97,12.15,12.05,0.8299,242687.65,293860.569
000831.SZ,20241212,31.0,31.02,30.31,30.85,30.97,-0.3875,197390.99,604396.561
000833.SZ,20241212,13.89,14.18,13.58,14.03,14.02,0.0713,688696.15,957752.319
000837.SZ,20241212,10.42,10.48,10.09,10.21,10.49,-2.6692,398655.0,407204.374
000838.SZ,20241212,3.48,3.58,3.37,3.46,3.54,-2.2599,786403.03,270445.26
000839.SZ,20241212,3.69,3.73,3.6,3.72,3.7,0.5405,1096069.08,400861.911
000848.SZ,20241212,9.44,9.75,9.38,9.74,9.37,3.9488,349780.87,335591.161
000850.SZ,20241212,4.76,4.83,4.68,4.81,4.76,1.0504,163261.01,77771.746
000851.SZ,20241212,3.72,3.81,3.71,3.77,3.72,1.3441,220259.96,82957.25
000852.SZ,20241212,6.45,6.5,6.36,6.46,6.45,0.155,171834.78,110383.518
000856.SZ,20241212,8.62,8.72,8.51,8.72,8.62,1.1601,56194.0,48533.456
000858.SZ,20241212,149.44,152.0,148.47,151.82,149.4,1.6198,253652.91,3819524.049
000860.SZ,20241212,19.75,21.0,19.63,20.98,19.86,5.6395,494139.11,1014309.882
000862.SZ,20241212,5.6,5.6,5.5,5.6,5.58,0.3584,99239.6,55141.97
000863.SZ,20241212,4.17,4.27,4.12,4.26,4.16,2.4038,438861.64,184354.747
000868.SZ,20241212,5.93,6.0,5.77,5.93,5.94,-0.1684,240795.0,141384.331
000869.SZ,20241212,23.94,24.5,23.72,24.43,23.85,2.4319,33086.53,80305.952
000875.SZ,20241212,5.63,5.65,5.57,5.64,5.61,0.5348,352711.03,198038.493
000876.SZ,20241212,9.7,9.97,9.59,9.96,9.67,2.999,503580.71,495094.491
000877.SZ,20241212,6.7,6.76,6.62,6.7,6.69,0.1495,179675.71,120423.014
000878.SZ,20241212,13.25,13.35,13.18,13.3,13.25,0.3774,262983.98,349073.839
000880.SZ,20241212,12.32,12.88,12.14,12.67,12.33,2.7575,213841.86,268799.12
000881.SZ,20241212,8.1,8.17,8.02,8.12,8.1,0.2469,93248.0,75461.934
000882.SZ,20241212,2.52,2.76,2.45,2.76,2.51,9.9602,5320108.43,1399447.351
000883.SZ,20241212,5.07,5.1,5.04,5.08,5.05,0.5941,237577.9,120523.055
000885.SZ,20241212,13.82,13.98,13.67,13.94,13.75,1.3818,61047.91,84615.884
000886.SZ,20241212,7.0,7.13,6.91,7.11,7.07,0.5658,375162.3,264144.442
000887.SZ,20241212,14.23,14.55,13.93,14.04,13.97,0.5011,837005.93,1190858.828
000888.SZ,20241212,13.78,14.48,13.74,14.41,13.82,4.2692,291465.87,413244.461
000889.SZ,20241212,2.69,2.85,2.69,2.85,2.71,5.1661,293983.4,82006.629
000890.SZ,20241212,4.28,4.46,4.28,4.43,4.34,2.0737,337611.0,148071.19
000892.SZ,20241212,4.42,4.8,4.31,4.64,4.53,2.4283,1268030.99,573524.454
000893.SZ,20241212,21.99,21.99,21.48,21.64,21.99,-1.5916,90937.49,196437.706
000895.SZ,20241212,25.75,26.09,25.63,25.99,25.75,0.932,162703.94,422225.181
000897.SZ,20241212,2.87,2.93,2.82,2.91,2.89,0.692,971083.76,279958.654
000898.SZ,20241212,2.74,2.75,2.67,2.68,2.74,-2.1898,500156.82,134487.563
000899.SZ,20241212,8.97,8.99,8.88,8.96,8.97,-0.1115,104992.17,93939.275
000900.SZ,20241212,4.68,4.74,4.64,4.73,4.71,0.4246,280460.22,131550.685
000901.SZ,20241212,12.53,12.65,12.27,12.5,12.49,0.0801,246662.27,307707.223
000902.SZ,20241212,13.06,13.36,12.93,13.3,13.01,2.2291,150034.93,198435.714
000903.SZ,20241212,4.29,4.65,4.29,4.46,4.29,3.9627,2605853.29,1162550.283
000905.SZ,20241212,6.88,6.94,6.85,6.92,6.85,1.0219,140391.04,96896.932
000906.SZ,20241212,7.53,7.59,7.37,7.45,7.52,-0.9309,225163.85,167665.772
000908.SZ,20241212,4.96,4.99,4.8,4.81,5.05,-4.7525,359022.9,174401.584
000909.SZ,20241212,6.5,6.7,6.44,6.58,6.44,2.1739,98842.5,64864.509
000910.SZ,20241212,8.96,9.08,8.77,9.05,8.91,1.5713,50156.0,44808.066
000911.SZ,20241212,8.51,9.1,8.47,8.88,8.47,4.8406,283115.47,248056.803
000912.SZ,20241212,4.96,4.97,4.87,4.94,4.95,-0.202,188368.0,92621.677
000913.SZ,20241212,17.09,17.32,16.9,17.26,17.06,1.1723,62297.0,106332.436
000915.SZ,20241212,26.5,27.3,26.41,27.13,26.58,2.0692,90508.63,242964.551
000917.SZ,20241212,8.56,9.01,8.5,8.77,8.61,1.8583,1031826.35,898885.145
000919.SZ,20241212,7.23,7.3,7.22,7.27,7.2,0.9722,170838.11,124171.754
000920.SZ,20241212,9.41,9.5,9.32,9.48,9.46,0.2114,61270.55,57737.66
000921.SZ,20241212,30.03,30.99,29.8,30.81,30.03,2.5974,150290.42,457038.67
000922.SZ,20241212,11.99,12.01,11.82,11.98,12.0,-0.1667,79084.29,94361.923
000923.SZ,20241212,15.21,15.4,15.1,15.35,15.21,0.9204,100723.0,153688.83
000925.SZ,20241212,8.47,8.53,8.28,8.4,8.45,-0.5917,326619.99,273344.335
000926.SZ,20241212,3.13,3.2,3.06,3.19,3.12,2.2436,783574.76,246605.174
000927.SZ,20241212,2.98,3.05,2.95,3.0,2.97,1.0101,1126962.96,337694.61
000928.SZ,20241212,6.98,7.02,6.91,7.02,6.97,0.7174,187547.1,131010.987
000929.SZ,20241212,9.1,9.43,8.98,9.26,9.07,2.0948,122440.59,113121.921
000930.SZ,20241212,6.08,6.19,6.04,6.16,6.07,1.4827,306295.34,187715.16
000931.SZ,20241212,5.47,5.68,5.41,5.62,5.41,3.8817,225242.74,125365.45
000932.SZ,20241212,4.69,4.73,4.65,4.7,4.7,0.0,918109.35,430513.367
000933.SZ,20241212,18.0,18.38,17.85,18.19,18.01,0.9994,361666.6,654831.878
000935.SZ,20241212,16.6,16.72,16.44,16.6,16.5,0.6061,50926.66,84416.92
000936.SZ,20241212,7.63,7.85,7.61,7.73,7.63,1.3106,285487.08,219980.81
000937.SZ,20241212,6.8,6.82,6.69,6.7,6.78,-1.1799,427096.51,288205.242
000938.SZ,20241212,25.14,25.41,24.89,25.26,25.14,0.4773,462061.55,1162994.835
000948.SZ,20241212,19.06,19.51,18.97,19.47,19.06,2.1511,227755.97,439989.802
000949.SZ,20241212,4.74,4.76,4.61,4.69,4.78,-1.8828,1331743.45,621693.889
000950.SZ,20241212,6.12,6.24,6.03,6.16,6.1,0.9836,572354.26,352480.042
000951.SZ,20241212,17.71,17.8,17.54,17.72,17.71,0.0565,80739.8,142615.654
000952.SZ,20241212,6.67,6.76,6.66,6.76,6.7,0.8955,71858.13,48267.252
000953.SZ,20241212,6.61,7.05,6.54,6.7,6.51,2.9186,435159.45,293861.384
000955.SZ,20241212,5.48,5.58,5.39,5.51,5.74,-4.007,720365.2,394662.429
000957.SZ,20241212,12.49,12.57,12.31,12.56,12.52,0.3195,310287.52,385811.594
000958.SZ,20241212,7.06,7.13,7.01,7.08,7.07,0.1414,506687.12,358586.178
000959.SZ,20241212,3.38,3.39,3.33,3.34,3.38,-1.1834,399042.01,133574.371
000960.SZ,20241212,15.11,15.2,15.03,15.19,15.04,0.9973,234369.8,354806.183
000962.SZ,20241212,14.83,14.9,14.53,14.8,14.94,-0.9371,183664.18,270693.575
000963.SZ,20241212,37.0,37.5,36.73,37.49,37.07,1.133,127748.58,474431.503
000965.SZ,20241212,3.73,3.84,3.66,3.84,3.72,3.2258,582583.6,220567.235
000966.SZ,20241212,5.03,5.05,4.98,5.04,5.01,0.5988,230882.96,116010.564
000967.SZ,20241212,5.17,5.23,5.1,5.2,5.14,1.1673,143156.94,74202.752
000968.SZ,20241212,6.95,7.08,6.9,7.05,6.93,1.7316,169232.13,118174.671
000969.SZ,20241212,12.36,12.36,11.97,12.13,12.29,-1.3019,369564.2,447405.41
000970.SZ,20241212,10.98,11.0,10.76,10.86,11.01,-1.3624,215633.11,234015.396
000972.SZ,20241212,3.56,3.68,3.51,3.66,3.57,2.521,376656.59,136582.432
000973.SZ,20241212,6.96,6.99,6.83,6.92,6.96,-0.5747,464050.5,320379.662
000975.SZ,20241212,17.39,17.69,17.15,17.28,17.27,0.0579,413636.39,718732.01
000977.SZ,20241212,46.97,47.48,46.39,47.18,47.1,0.1699,449353.63,2108525.69
000978.SZ,20241212,6.92,7.22,6.9,7.09,6.92,2.4566,191995.83,135463.888
000980.SZ,20241212,3.16,3.16,3.0,3.06,3.18,-3.7736,4826188.66,1481058.278
000981.SZ,20241212,2.9,2.96,2.7,2.7,3.0,-10.0,13172812.62,3663026.175
000983.SZ,20241212,8.5,8.53,8.41,8.5,8.53,-0.3517,467489.18,396818.631
000985.SZ,20241212,19.56,21.66,19.56,21.66,19.69,10.0051,22685.14,47981.475
000987.SZ,20241212,7.56,7.74,7.51,7.69,7.57,1.5852,377040.14,286889.503
000988.SZ,20241212,38.8,39.15,37.91,38.47,38.8,-0.8505,338025.13,1300156.071
000989.SZ,20241212,7.84,8.01,7.83,7.98,7.84,1.7857,135367.92,107232.319
000990.SZ,20241212,8.57,8.64,8.44,8.61,8.57,0.4667,162023.6,138349.082
000993.SZ,20241212,9.1,9.23,9.08,9.23,9.12,1.2061,93754.0,85921.48
000995.SZ,20241212,16.24,17.86,15.8,17.17,16.24,5.7266,532725.18,895728.624
000997.SZ,20241212,21.97,22.31,21.02,21.86,22.01,-0.6815,258389.6,556780.591
000998.SZ,20241212,11.23,11.42,11.14,11.42,11.22,1.7825,267032.99,302209.163
000999.SZ,20241212,45.36,46.48,45.0,46.41,45.25,2.5635,109882.95,503976.094
001201.SZ,20241212,16.79,17.1,16.63,17.06,16.79,1.6081,34431.27,58162.793
001202.SZ,20241212,15.85,15.95,15.48,15.71,16.2,-3.0247,71561.18,111978.214
001203.SZ,20241212,9.86,9.89,9.74,9.87,9.83,0.4069,105624.95,103854.69
001205.SZ,20241212,18.64,18.91,18.42,18.82,18.51,1.6748,46505.63,86627.056
001206.SZ,20241212,17.88,17.95,17.56,17.9,17.93,-0.1673,61830.68,110062.656
001207.SZ,20241212,21.14,21.36,20.8,21.33,21.13,0.9465,34209.08,72437.595
001208.SZ,20241212,9.72,9.77,9.64,9.74,9.73,0.1028,57261.0,55589.932
001209.SZ,20241212,19.4,19.68,19.15,19.56,19.43,0.6691,92914.71,180199.415
001210.SZ,20241212,14.6,14.94,14.6,14.91,14.55,2.4742,34772.36,51441.905
001211.SZ,20241212,20.32,22.3,20.2,21.54,20.27,6.2654,99005.44,215931.112
001212.SZ,20241212,23.41,24.97,23.33,24.46,23.39,4.5746,59512.31,144268.523
001213.SZ,20241212,4.37,4.42,4.34,4.41,4.37,0.9153,303415.39,132996.631
001215.SZ,20241212,38.32,39.66,37.93,39.0,39.1,-0.2558,81009.61,314224.317
001216.SZ,20241212,14.03,14.32,13.94,14.3,14.01,2.07,46858.0,66309.44
001217.SZ,20241212,13.67,15.13,13.39,15.13,13.75,10.0364,410490.31,591447.161
001218.SZ,20241212,17.52,17.78,17.42,17.76,17.57,1.0814,11392.28,20108.997
001219.SZ,20241212,16.29,17.55,15.6,16.79,15.95,5.2665,281665.05,470542.022
001222.SZ,20241212,16.25,17.04,16.09,17.04,16.2,5.1852,101418.85,169129.089
001223.SZ,20241212,42.87,44.1,42.86,43.5,43.25,0.578,11131.0,48556.514
001225.SZ,20241212,36.26,36.26,35.48,35.85,35.92,-0.1949,5162.0,18454.728
001226.SZ,20241212,26.4,26.69,26.06,26.66,26.24,1.6006,12796.0,33859.015
001227.SZ,20241212,2.67,2.71,2.66,2.7,2.67,1.1236,1059777.66,285022.852
001228.SZ,20241212,23.28,23.63,23.12,23.61,23.27,1.4611,28286.71,66363.143
001229.SZ,20241212,41.14,41.3,40.25,41.3,41.07,0.56,54774.15,223536.377
001230.SZ,20241212,18.49,18.62,18.39,18.6,18.48,0.6494,11035.2,20465.935
001231.SZ,20241212,19.52,19.52,19.04,19.3,19.34,-0.2068,45816.25,88187.02
001234.SZ,20241212,18.25,18.58,18.06,18.56,18.15,2.259,31509.0,57922.371
001236.SZ,20241212,11.28,11.53,11.16,11.39,11.28,0.9752,113051.78,128206.845
001238.SZ,20241212,27.71,27.87,27.31,27.57,27.22,1.2858,7550.52,20800.612
001239.SZ,20241212,15.97,17.52,15.93,17.52,15.93,9.9812,167651.28,287908.395
001255.SZ,20241212,30.8,31.6,30.52,31.57,30.91,2.1352,28857.71,89503.971
001256.SZ,20241212,17.8,17.94,17.56,17.88,17.69,1.0741,12650.0,22459.906
001258.SZ,20241212,7.09,7.12,6.98,7.05,7.1,-0.7042,85830.0,60353.291
001259.SZ,20241212,24.36,25.14,24.26,25.05,24.37,2.7903,22719.0,56200.497
001260.SZ,20241212,17.39,17.84,17.29,17.79,17.39,2.3002,20927.0,36777.998
001266.SZ,20241212,24.28,25.08,23.74,24.22,24.28,-0.2471,44702.8,108758.211
001267.SZ,20241212,9.78,10.06,9.66,9.86,9.82,0.4073,217895.2,215127.911
001268.SZ,20241212,19.42,19.78,19.28,19.64,19.42,1.1329,25128.87,49133.634
001269.SZ,20241212,28.52,28.95,28.38,28.94,28.66,0.977,23531.5,67425.683
001270.SZ,20241212,46.48,46.94,45.11,46.33,46.19,0.3031,35952.67,165568.823
001277.SZ,20241212,37.47,37.65,37.15,37.63,37.44,0.5075,13684.0,51276.893
001278.SZ,20241212,18.96,19.39,18.7,19.22,18.92,1.5856,85403.05,162961.201
001279.SZ,20241212,48.6,48.96,48.3,48.66,48.78,-0.246,22901.06,111443.141
001282.SZ,20241212,24.2,25.8,23.6,23.95,24.23,-1.1556,79159.19,192577.058
001283.SZ,20241212,52.82,57.0,52.82,55.56,52.98,4.8698,37981.18,211114.436
001286.SZ,20241212,9.81,9.84,9.76,9.79,9.81,-0.2039,215225.09,210842.283
001287.SZ,20241212,23.39,23.8,22.84,23.17,23.32,-0.6432,322409.99,747892.353
001288.SZ,20241212,31.68,32.32,31.3,31.89,31.46,1.3668,20570.22,65691.18
001289.SZ,20241212,17.12,17.14,16.95,17.11,17.09,0.117,31529.83,53813.9
001296.SZ,20241212,18.51,19.75,18.29,19.19,18.5,3.7297,110499.17,209946.208
001298.SZ,20241212,27.48,27.76,27.33,27.76,27.5,0.9455,47796.06,131897.626
001299.SZ,20241212,13.77,14.02,13.77,14.0,13.81,1.3758,35585.49,49535.764
001300.SZ,20241212,14.04,14.26,13.76,14.23,14.04,1.3533,115694.11,162865.519
001301.SZ,20241212,66.53,70.37,65.86,69.88,66.53,5.0353,57474.33,393884.282
001306.SZ,20241212,65.6,67.75,64.51,67.15,66.17,1.481,33056.5,219692.841
001308.SZ,20241212,26.18,26.39,24.97,25.58,25.69,-0.4282,114532.51,292677.719
001309.SZ,20241212,83.05,84.84,82.73,84.39,83.03,1.638,43719.74,367780.779
001311.SZ,20241212,29.16,29.64,28.81,29.2,29.16,0.1372,25081.81,73132.047
001313.SZ,20241212,8.88,9.23,8.79,8.87,8.85,0.226,161183.26,144140.4
001314.SZ,20241212,51.06,53.65,49.51,53.5,52.04,2.8055,119179.21,609080.205
001316.SZ,20241212,31.61,31.8,31.27,31.76,31.5,0.8254,9423.61,29795.096
001317.SZ,20241212,31.04,32.43,30.8,32.24,31.12,3.599,66864.38,213181.236
001318.SZ,20241212,13.3,14.91,13.21,14.31,13.55,5.6089,298246.02,422182.745
001319.SZ,20241212,28.7,30.62,28.7,30.62,27.84,9.9856,272045.45,818568.097
001322.SZ,20241212,8.7,9.5,8.62,9.3,8.67,7.2664,143457.77,130337.344
001323.SZ,20241212,38.63,40.02,37.98,39.04,38.42,1.6137,20202.94,79070.938
001324.SZ,20241212,20.71,20.96,20.2,20.66,21.04,-1.8061,68449.72,141293.224
001326.SZ,20241212,36.88,37.49,36.52,37.13,36.88,0.6779,15109.85,55783.237
001328.SZ,20241212,30.5,32.08,30.25,31.94,30.53,4.6184,21762.64,68241.627
001330.SZ,20241212,7.91,8.32,7.62,7.72,7.85,-1.6561,466102.1,370584.514
001331.SZ,20241212,12.08,12.48,12.03,12.46,12.05,3.4025,51476.08,63634.348
001332.SZ,20241212,36.02,36.44,35.89,36.29,36.01,0.7776,5424.35,19621.639
001333.SZ,20241212,19.35,19.8,19.21,19.56,19.29,1.3997,17635.96,34404.114
001336.SZ,20241212,21.02,21.28,20.86,21.28,20.97,1.4783,19100.0,40274.634
001337.SZ,20241212,22.78,23.12,22.74,22.9,22.68,0.97,73705.0,168955.986
001338.SZ,20241212,11.68,11.83,11.55,11.82,11.71,0.9394,212144.15,248782.471
001339.SZ,20241212,40.54,41.44,39.79,40.44,40.63,-0.4676,70254.65,283963.507
001358.SZ,20241212,24.0,24.19,23.81,24.17,23.95,0.9186,22007.65,52910.813
001359.SZ,20241212,24.98,25.27,24.88,25.17,24.98,0.7606,23769.79,59694.297
001360.SZ,20241212,14.88,15.02,14.78,15.01,14.89,0.8059,17633.56,26266.62
001366.SZ,20241212,12.5,12.7,12.36,12.7,12.45,2.008,38583.0,48564.159
001367.SZ,20241212,29.68,29.84,29.0,29.75,29.12,2.1635,23039.0,67847.026
001368.SZ,20241212,21.5,21.74,21.35,21.66,21.55,0.5104,16113.66,34736.167
001373.SZ,20241212,30.7,31.09,30.35,30.91,30.48,1.4108,26301.84,80800.86
001376.SZ,20241212,16.02,16.15,15.76,15.96,15.98,-0.1252,168069.0,267821.855
001378.SZ,20241212,24.74,25.3,24.7,25.18,24.86,1.2872,32141.13,80701.254
001379.SZ,20241212,24.85,25.49,24.61,25.33,24.98,1.4011,57089.01,143296.346
001380.SZ,20241212,24.42,24.81,24.24,24.68,24.55,0.5295,50822.86,124826.552
001387.SZ,20241212,16.12,16.98,15.96,16.56,16.1,2.8571,111872.84,184521.749
001389.SZ,20241212,43.2,43.57,42.75,43.07,43.22,-0.3471,14513.47,62483.82
001696.SZ,20241212,27.9,28.98,27.48,28.75,28.17,2.0589,1340839.94,3792251.9
001872.SZ,20241212,20.47,20.48,20.31,20.35,20.45,-0.489,49171.0,100151.539
001896.SZ,20241212,4.6,4.63,4.52,4.59,4.62,-0.6494,317644.85,145119.272
001914.SZ,20241212,10.88,11.43,10.73,11.37,10.86,4.6961,165418.78,184731.101
001965.SZ,20241212,12.36,12.6,12.33,12.37,12.36,0.0809,213932.41,266515.847
001979.SZ,20241212,11.22,11.29,11.1,11.25,11.24,0.089,901552.02,1008520.286
002001.SZ,20241212,21.66,22.05,21.56,21.93,21.66,1.2465,241259.98,527328.415
002003.SZ,20241212,12.65,12.96,12.58,12.96,12.65,2.4506,128201.52,164393.281
002004.SZ,20241212,4.88,4.92,4.83,4.91,4.87,0.8214,178089.54,87002.187
002005.SZ,20241212,1.96,2.05,1.96,2.05,1.95,5.1282,94618.11,19236.712
002006.SZ,20241212,21.12,22.64,20.8,21.35,21.23,0.5652,486783.63,1054759.965
002007.SZ,20241212,17.18,17.35,17.1,17.34,17.19,0.8726,94660.47,163317.074
002008.SZ,20241212,27.04,27.04,26.51,26.93,27.1,-0.6273,266142.8,713863.322
002009.SZ,20241212,15.2,15.34,14.78,15.0,15.41,-2.6606,315225.44,472512.58
002010.SZ,20241212,5.24,5.49,5.14,5.31,5.24,1.3359,701841.54,370217.806
002011.SZ,20241212,11.36,11.37,11.2,11.3,11.33,-0.2648,93188.97,105002.473
002012.SZ,20241212,5.72,6.25,5.68,6.12,5.72,6.993,267246.51,160346.266
002014.SZ,20241212,10.38,10.48,10.34,10.48,10.37,1.0608,29608.4,30826.707
002015.SZ,20241212,8.19,8.19,8.07,8.16,8.16,0.0,167323.08,135820.417
002016.SZ,20241212,8.08,8.51,8.01,8.5,8.11,4.8089,120534.95,100628.503
002017.SZ,20241212,11.72,11.84,11.44,11.6,11.65,-0.4292,199149.18,230968.397
002019.SZ,20241212,11.93,12.09,11.83,12.05,11.91,1.1755,77773.75,93414.578
002020.SZ,20241212,13.4,13.98,13.35,13.72,13.4,2.3881,255587.01,351905.844
002021.SZ,20241212,3.41,3.42,3.25,3.27,3.41,-4.1056,1335510.86,440867.131
002022.SZ,20241212,7.14,7.23,7.12,7.22,7.18,0.5571,74207.8,53340.388
002023.SZ,20241212,11.04,11.25,10.96,11.2,11.03,1.5413,215748.0,240014.165
002024.SZ,20241212,2.23,2.35,2.22,2.34,2.24,4.4643,762007.59,174409.65
002025.SZ,20241212,56.83,59.52,56.78,58.57,56.15,4.3099,77636.94,457006.867
002026.SZ,20241212,10.64,10.75,10.51,10.74,10.69,0.4677,180493.98,192207.333
002027.SZ,20241212,7.01,7.04,6.9,7.04,6.99,0.7153,1533001.63,1068404.41
002028.SZ,20241212,72.5,74.28,72.3,73.6,73.0,0.8219,127515.77,939216.785
002029.SZ,20241212,7.22,7.37,7.16,7.34,7.23,1.5214,329747.79,241016.81
002030.SZ,20241212,6.58,6.63,6.54,6.63,6.57,0.9132,236580.94,156121.21
002031.SZ,20241212,7.8,8.33,7.02,8.33,7.57,10.0396,11121832.6,8595849.958
002032.SZ,20241212,53.97,54.65,53.72,54.29,53.97,0.5929,40706.9,220838.221
002033.SZ,20241212,9.25,9.62,9.23,9.61,9.24,4.0043,414265.35,391743.116
002034.SZ,20241212,15.92,15.98,15.77,15.96,15.89,0.4405,21666.37,34469.462
002035.SZ,20241212,8.17,8.48,8.16,8.44,8.16,3.4314,218311.17,181558.966
002036.SZ,20241212,11.08,11.2,10.74,10.83,10.92,-0.8242,494047.41,539105.642
002037.SZ,20241212,9.22,9.47,9.2,9.42,9.24,1.9481,168979.18,158120.344
002038.SZ,20241212,7.64,7.72,7.57,7.71,7.62,1.1811,203293.55,155859.488
002039.SZ,20241212,15.4,15.51,15.38,15.48,15.44,0.2591,31172.97,48116.02
002040.SZ,20241212,7.17,7.23,7.12,7.22,7.16,0.838,106047.04,76238.805
002041.SZ,20241212,10.46,10.58,10.34,10.57,10.41,1.537,139630.5,146233.939
002042.SZ,20241212,5.1,5.16,4.95,5.11,5.08,0.5906,648236.53,329215.761
002043.SZ,20241212,11.97,12.69,11.86,12.61,11.95,5.523,241407.01,298288.556
002044.SZ,20241212,5.26,5.29,5.15,5.27,5.26,0.1901,611797.41,319151.924
002045.SZ,20241212,19.74,20.08,19.0,20.0,19.78,1.1122,1390272.68,2716820.019
002046.SZ,20241212,15.6,15.78,15.32,15.58,15.83,-1.5793,217983.15,338496.618
002047.SZ,20241212,3.5,3.54,3.41,3.5,3.51,-0.2849,602709.0,209415.783
002048.SZ,20241212,13.36,13.41,13.23,13.36,13.34,0.1499,117625.8,156629.579
002049.SZ,20241212,65.89,66.85,65.38,66.81,65.9,1.3809,148874.97,983532.566
002050.SZ,20241212,24.96,25.6,24.8,25.12,24.98,0.5604,609713.5,1532678.644
002051.SZ,20241212,8.88,8.9,8.77,8.89,8.86,0.3386,157976.38,139776.197
002052.SZ,20241212,6.47,6.97,6.47,6.47,6.81,-4.9927,225146.64,148652.894
002053.SZ,20241212,11.94,11.99,11.8,11.93,11.94,-0.0838,54374.42,64731.089
002054.SZ,20241212,6.82,7.49,6.72,7.06,7.04,0.2841,585903.89,415672.908
002055.SZ,20241212,8.38,8.53,8.21,8.37,8.42,-0.5938,395005.22,329842.095
002056.SZ,20241212,13.67,13.72,13.53,13.72,13.67,0.3658,148798.38,202863.344
002057.SZ,20241212,8.28,8.31,8.09,8.22,8.28,-0.7246,168756.0,138156.209
002058.SZ,20241212,14.28,15.13,14.25,14.51,14.28,1.6106,66781.78,97377.696
002059.SZ,20241212,5.91,6.1,5.87,6.08,5.92,2.7027,366160.0,220621.166
002060.SZ,20241212,4.04,4.08,4.01,4.07,4.03,0.9926,262290.8,106268.492
002061.SZ,20241212,4.4,4.43,4.35,4.42,4.41,0.2268,344589.97,151697.329
002062.SZ,20241212,5.0,5.15,4.9,5.12,4.89,4.7035,412145.14,206583.437
002063.SZ,20241212,6.74,6.74,6.54,6.68,6.7,-0.2985,595673.58,395333.81
002064.SZ,20241212,8.6,8.72,8.49,8.7,8.61,1.0453,223445.05,192488.889
002065.SZ,20241212,8.04,8.23,8.02,8.14,8.0,1.75,1088693.43,883544.64
002066.SZ,20241212,11.89,11.95,11.57,11.93,11.89,0.3364,56842.72,66928.958
002067.SZ,20241212,4.03,4.03,3.92,3.97,4.03,-1.4888,476660.0,189037.191
002068.SZ,20241212,9.35,9.7,9.27,9.48,9.38,1.0661,430493.28,408963.529
002069.SZ,20241212,4.3,4.48,4.26,4.44,4.31,3.0162,331827.64,146012.839
002072.SZ,20241212,5.35,5.48,5.3,5.48,5.34,2.6217,129660.0,70286.53
002073.SZ,20241212,8.9,8.97,8.66,8.8,8.87,-0.7892,303946.05,266524.122
002074.SZ,20241212,22.57,22.7,22.32,22.69,22.57,0.5317,208746.77,470252.03
002075.SZ,20241212,7.59,7.83,7.57,7.76,7.57,2.5099,977784.58,753327.306
002076.SZ,20241212,4.21,4.21,4.21,4.21,3.83,9.9217,91840.96,38665.044
002077.SZ,20241212,15.86,16.15,15.66,16.11,15.98,0.8135,252808.03,402519.009
002078.SZ,20241212,14.75,14.82,14.56,14.77,14.68,0.6131,115098.44,169454.623
002079.SZ,20241212,11.56,11.58,11.34,11.51,11.61,-0.8613,284935.0,326765.094
002080.SZ,20241212,13.3,13.36,13.18,13.3,13.3,0.0,130032.75,172628.819
002081.SZ,20241212,4.14,4.23,4.08,4.2,4.16,0.9615,814111.47,340221.38
002082.SZ,20241212,6.52,6.76,6.47,6.66,6.54,1.8349,163273.74,108681.788
002083.SZ,20241212,5.16,5.21,5.13,5.2,5.15,0.9709,324276.03,168178.221
002084.SZ,20241212,3.58,3.73,3.56,3.71,3.56,4.2135,275765.17,100962.822
002085.SZ,20241212,19.86,20.03,19.31,19.91,19.97,-0.3005,1053119.55,2080587.926
002086.SZ,20241212,4.03,4.12,3.88,4.02,4.0,0.5,1562719.82,624063.268
002088.SZ,20241212,12.95,13.2,12.82,13.19,12.9,2.2481,47628.31,62198.85
002090.SZ,20241212,9.28,9.31,9.1,9.16,9.3,-1.5054,189625.34,173681.488
002091.SZ,20241212,7.9,7.93,7.82,7.91,7.88,0.3807,175613.31,138613.331
002092.SZ,20241212,4.64,4.72,4.62,4.69,4.62,1.5152,275297.79,128569.574
002093.SZ,20241212,8.58,9.1,8.47,8.93,8.58,4.0793,674143.16,597180.476
002094.SZ,20241212,7.26,7.6,7.15,7.4,7.37,0.4071,991924.67,726366.26
002095.SZ,20241212,23.0,23.95,22.7,23.88,22.98,3.9164,328092.02,765578.139
002096.SZ,20241212,12.74,13.21,12.74,13.15,12.73,3.2993,169941.44,220886.666
002097.SZ,20241212,8.1,8.14,7.9,8.1,8.12,-0.2463,363959.25,292380.862
002098.SZ,20241212,8.85,9.33,8.82,9.14,8.82,3.6281,68714.0,62398.709
002099.SZ,20241212,5.96,5.98,5.88,5.94,5.95,-0.1681,118688.0,70281.453
002100.SZ,20241212,6.99,7.09,6.95,7.08,6.96,1.7241,419625.12,295135.479
002101.SZ,20241212,13.33,13.43,13.09,13.26,13.29,-0.2257,86211.0,114041.813
002102.SZ,20241212,3.03,3.07,3.0,3.06,3.01,1.6611,666853.62,202477.156
002103.SZ,20241212,13.22,13.88,13.03,13.77,13.24,4.003,1228506.95,1658943.987
002104.SZ,20241212,7.97,8.25,7.94,8.22,8.02,2.4938,345514.56,280377.69
002105.SZ,20241212,6.03,6.14,5.93,6.13,6.03,1.6584,92281.87,55731.223
002106.SZ,20241212,11.38,11.42,11.17,11.34,11.38,-0.3515,182161.42,205719.45
002107.SZ,20241212,5.48,5.66,5.44,5.66,5.48,3.2847,82179.95,45909.0
002108.SZ,20241212,3.99,4.01,3.94,3.99,4.01,-0.4988,304859.67,121101.04
002109.SZ,20241212,3.83,3.9,3.75,3.82,3.78,1.0582,158504.1,60550.649
002110.SZ,20241212,3.84,3.85,3.71,3.73,3.83,-2.611,401509.83,150540.436
002111.SZ,20241212,11.6,11.84,11.53,11.7,11.6,0.8621,86900.8,101588.403
002112.SZ,20241212,12.3,12.65,12.3,12.38,12.29,0.7323,187231.6,232726.156
002114.SZ,20241212,8.01,8.25,7.72,7.79,8.05,-3.2298,447235.65,353309.789
002115.SZ,20241212,9.85,9.85,9.85,9.85,8.95,10.0559,123525.87,121672.982
002116.SZ,20241212,10.85,10.99,10.78,10.96,10.9,0.5505,83312.7,90927.277
002117.SZ,20241212,10.32,10.43,9.96,10.06,10.38,-3.0829,314598.73,317962.16
002119.SZ,20241212,15.16,15.16,14.8,15.08,15.14,-0.3963,147820.71,221551.812
002120.SZ,20241212,8.05,8.11,7.97,8.1,8.02,0.9975,245380.84,197637.511
002121.SZ,20241212,5.01,5.05,4.81,4.93,4.99,-1.2024,535027.02,262628.592
002122.SZ,20241212,4.84,5.05,4.45,4.5,4.59,-1.9608,5707809.21,2735978.133
002123.SZ,20241212,11.26,11.85,11.09,11.64,11.29,3.1001,675418.51,777307.756
002124.SZ,20241212,3.12,3.18,3.12,3.16,3.11,1.6077,311389.21,98175.113
002125.SZ,20241212,11.6,11.61,11.33,11.5,11.58,-0.6908,194217.9,222446.055
002126.SZ,20241212,17.8,18.03,17.63,17.86,17.76,0.5631,96912.89,172617.816
002127.SZ,20241212,4.79,5.41,4.77,5.25,4.93,6.4909,3291293.1,1688568.03
002128.SZ,20241212,20.48,20.55,20.2,20.44,20.47,-0.1466,120365.12,245235.529
002129.SZ,20241212,9.95,10.12,9.9,10.04,9.99,0.5005,743400.3,745001.559
002130.SZ,20241212,20.01,20.66,19.6,20.4,20.0,2.0,1432029.58,2877406.657
002131.SZ,20241212,4.15,4.32,4.07,4.26,4.15,2.6506,15247046.2,6405353.122
002132.SZ,20241212,3.24,3.26,3.18,3.22,3.26,-1.227,283931.92,91371.21
002133.SZ,20241212,3.09,3.38,3.03,3.26,3.09,5.5016,582465.8,187222.226
002134.SZ,20241212,21.56,22.39,21.53,21.9,21.75,0.6897,142245.0,312326.202
002135.SZ,20241212,5.03,5.26,4.98,5.2,5.03,3.3797,483789.86,250370.985
002136.SZ,20241212,11.07,11.22,10.97,11.2,11.05,1.3575,44423.0,49451.717
002137.SZ,20241212,7.53,7.85,7.45,7.8,7.51,3.8615,635241.78,488414.105
002138.SZ,20241212,31.57,32.32,31.31,31.88,31.56,1.0139,131730.84,419302.184
002139.SZ,20241212,14.13,14.15,13.43,13.76,14.16,-2.8249,1242786.27,1698721.677
002140.SZ,20241212,10.9,11.87,10.7,11.19,10.9,2.6606,329172.22,370992.368
002141.SZ,20241212,1.81,1.9,1.81,1.88,1.81,3.8674,219573.07,41078.948
002142.SZ,20241212,24.6,24.99,24.48,24.84,24.6,0.9756,299275.71,740197.946
002144.SZ,20241212,11.45,11.7,11.4,11.64,11.43,1.8373,53612.62,62015.923
002145.SZ,20241212,4.86,4.9,4.73,4.8,4.8,0.0,644649.99,309884.256
002146.SZ,20241212,2.33,2.38,2.27,2.33,2.34,-0.4274,3388342.69,788874.722
002148.SZ,20241212,7.6,8.0,7.1,8.0,7.27,10.0413,1064821.5,793789.094
002149.SZ,20241212,15.85,16.27,15.8,16.04,15.85,1.1987,72563.9,116666.006
002150.SZ,20241212,13.26,13.36,13.22,13.33,13.26,0.5279,65646.61,87306.85
002151.SZ,20241212,29.5,29.97,29.29,29.72,29.58,0.4733,114384.5,338658.451
002152.SZ,20241212,13.0,13.23,12.8,13.1,13.0,0.7692,508064.19,660283.407
002153.SZ,20241212,8.37,8.46,8.25,8.45,8.38,0.8353,204601.94,171165.184
002154.SZ,20241212,5.11,5.2,5.01,5.17,5.11,1.1742,1034234.73,528554.278
002155.SZ,20241212,18.85,19.29,18.78,18.88,18.7,0.9626,763088.7,1449265.065
002156.SZ,20241212,29.65,30.0,29.3,29.79,29.8,-0.0336,590100.79,1748353.972
002157.SZ,20241212,3.17,3.25,3.12,3.24,3.16,2.5316,2305490.01,738323.394
002158.SZ,20241212,20.08,20.18,19.85,20.09,20.28,-0.9369,103034.31,206160.552
002159.SZ,20241212,16.79,18.27,16.68,17.91,16.82,6.4804,108083.01,189842.156
002160.SZ,20241212,4.35,4.4,4.3,4.36,4.38,-0.4566,251062.35,109093.118
002161.SZ,20241212,6.51,6.66,6.45,6.66,6.53,1.9908,562524.21,369447.485
002162.SZ,20241212,4.08,4.42,4.08,4.36,4.12,5.8252,579390.84,247428.935
002163.SZ,20241212,11.2,11.55,10.9,11.26,11.0,2.3636,822730.66,923429.397
002164.SZ,20241212,6.08,6.08,5.88,5.95,6.09,-2.2989,228795.82,136076.164
002165.SZ,20241212,4.99,5.0,4.88,4.95,4.99,-0.8016,452774.46,223366.449
002166.SZ,20241212,8.31,8.48,8.24,8.46,8.27,2.2975,139790.51,116948.774
002167.SZ,20241212,9.02,9.21,8.88,9.02,9.03,-0.1107,549758.91,496388.835
002168.SZ,20241212,3.19,3.31,3.18,3.31,3.15,5.0794,128021.68,41841.801
002169.SZ,20241212,7.07,7.08,6.86,6.97,7.07,-1.4144,193600.0,134258.668
002170.SZ,20241212,8.67,8.92,8.65,8.92,8.65,3.1214,188673.0,166364.329
002171.SZ,20241212,8.94,9.76,8.94,9.55,8.93,6.9429,749926.26,713194.78
002172.SZ,20241212,3.88,3.98,3.81,3.96,3.88,2.0619,440146.1,171739.401
002173.SZ,20241212,9.6,9.6,9.42,9.45,9.57,-1.2539,318712.45,302486.763
002174.SZ,20241212,10.6,11.4,10.56,10.96,10.36,5.7915,1455346.71,1612317.416
002175.SZ,20241212,6.77,7.29,6.6,7.29,6.63,9.9548,4972046.15,3465933.319
002176.SZ,20241212,8.5,8.54,8.38,8.51,8.5,0.1176,425245.2,359688.817
002177.SZ,20241212,6.5,6.85,6.0,6.26,6.63,-5.5807,2566221.43,1626894.544
002178.SZ,20241212,7.91,8.08,7.72,7.96,7.96,0.0,522111.78,411772.599
002179.SZ,20241212,39.43,40.37,39.43,40.17,39.42,1.9026,158454.09,634578.755
002180.SZ,20241212,27.42,28.33,27.17,28.16,27.31,3.1124,258870.25,722646.751
002181.SZ,20241212,6.58,7.22,6.48,7.22,6.56,10.061,1181264.64,829742.975
002182.SZ,20241212,13.26,13.69,12.98,13.14,13.31,-1.2772,649997.25,863261.833
002183.SZ,20241212,5.46,5.53,5.34,5.5,5.45,0.9174,824624.33,449283.314
002184.SZ,20241212,12.51,12.56,12.12,12.3,12.63,-2.6128,184240.31,226642.861
002185.SZ,20241212,12.05,12.09,11.87,12.07,12.07,0.0,617037.28,739718.446
002186.SZ,20241212,13.53,14.38,13.35,14.05,13.76,2.1076,315897.3,436658.625
002187.SZ,20241212,6.62,7.24,6.51,7.24,6.58,10.0304,306758.23,212691.339
002188.SZ,20241212,5.42,5.75,5.4,5.68,5.45,4.2202,157253.05,87759.697
002189.SZ,20241212,22.89,23.14,22.68,23.1,23.0,0.4348,84214.5,193141.673
002190.SZ,20241212,17.87,18.06,17.76,17.91,17.85,0.3361,36813.0,65933.791
002191.SZ,20241212,4.85,4.94,4.81,4.94,4.85,1.8557,251365.5,122900.101
002192.SZ,20241212,36.6,37.44,36.52,37.21,36.71,1.362,64998.21,240535.454
002193.SZ,20241212,8.0,8.11,7.41,7.94,8.15,-2.5767,677765.39,522405.112
002194.SZ,20241212,13.49,13.57,13.21,13.44,13.6,-1.1765,416031.55,557067.332
002195.SZ,20241212,4.66,4.74,4.47,4.57,4.7,-2.766,6598400.88,3008094.811
002196.SZ,20241212,6.52,6.61,6.39,6.51,6.54,-0.4587,253188.42,164240.406
002197.SZ,20241212,4.69,4.84,4.68,4.79,4.71,1.6985,182655.21,87234.966
002198.SZ,20241212,8.76,9.25,8.76,9.2,8.75,5.1429,266079.91,240768.685
002199.SZ,20241212,10.04,10.99,9.95,10.99,9.99,10.01,299403.15,319285.462
002200.SZ,20241212,6.26,6.27,6.2,6.25,6.29,-0.6359,23388.1,14598.278
002201.SZ,20241212,6.26,6.53,6.22,6.41,6.23,2.8892,224145.63,142875.029
002202.SZ,20241212,10.86,11.0,10.8,10.98,10.87,1.012,329604.09,360494.554
002203.SZ,20241212,10.79,11.05,10.7,10.89,10.7,1.7757,191073.82,208260.264
002204.SZ,20241212,5.45,5.48,5.32,5.37,5.44,-1.2868,364825.73,196040.817
002205.SZ,20241212,9.57,10.53,9.49,10.53,9.57,10.0313,212232.88,215785.528
002206.SZ,20241212,4.75,4.82,4.73,4.82,4.74,1.6878,216012.0,103465.121
002207.SZ,20241212,6.31,6.36,6.25,6.32,6.28,0.6369,83652.0,52801.498
002208.SZ,20241212,9.01,9.35,8.88,9.07,9.08,-0.1101,454402.0,414073.045
002209.SZ,20241212,11.12,11.18,10.73,11.08,11.21,-1.1597,192436.12,210437.149
002210.SZ,20241212,2.66,2.7,2.55,2.59,2.7,-4.0741,1987638.21,515552.92
002211.SZ,20241212,5.2,5.83,5.2,5.83,5.3,10.0,1360777.96,764627.816
002212.SZ,20241212,7.66,7.88,7.48,7.61,7.55,0.7947,764311.95,584679.118
002213.SZ,20241212,13.03,13.45,12.9,13.04,13.19,-1.1372,201744.62,263543.183
002214.SZ,20241212,13.64,13.98,13.46,13.84,13.68,1.1696,285542.95,392242.386
002215.SZ,20241212,11.39,11.84,11.2,11.73,11.34,3.4392,409229.79,471192.773
002216.SZ,20241212,13.15,13.91,12.76,13.63,13.04,4.5245,444185.13,590161.938
002217.SZ,20241212,2.32,2.32,2.27,2.28,2.32,-1.7241,414794.75,94934.381
002218.SZ,20241212,3.97,4.08,3.89,3.99,3.97,0.5038,419991.26,167686.242
002219.SZ,20241212,3.09,3.14,2.99,3.04,3.06,-0.6536,1193692.22,364159.331
002221.SZ,20241212,9.63,9.7,9.58,9.63,9.69,-0.6192,128060.0,123451.046
002222.SZ,20241212,34.38,34.59,33.72,34.11,34.41,-0.8718,131790.68,448954.071
002223.SZ,20241212,35.37,35.37,34.62,35.16,35.37,-0.5937,107752.71,376038.677
002224.SZ,20241212,5.0,5.15,4.98,5.02,4.99,0.6012,236593.73,119633.054
002225.SZ,20241212,5.01,5.32,4.95,5.3,4.94,7.2874,584203.46,302787.637
002226.SZ,20241212,5.73,5.85,5.72,5.77,5.71,1.0508,350591.64,202436.979
002227.SZ,20241212,11.63,11.76,11.5,11.67,11.69,-0.1711,73610.0,85578.906
002228.SZ,20241212,3.34,3.41,3.3,3.39,3.32,2.1084,159192.2,53554.936
002229.SZ,20241212,18.09,18.96,17.79,17.81,18.3,-2.6776,825739.13,1504421.24
002230.SZ,20241212,53.0,53.8,51.85,52.33,53.21,-1.6538,733883.09,3850817.468
002231.SZ,20241212,7.08,7.84,7.07,7.84,7.13,9.9579,326473.0,251672.838
002232.SZ,20241212,23.4,23.69,22.83,23.15,23.6,-1.9068,263524.24,610269.78
002233.SZ,20241212,7.82,7.94,7.74,7.9,7.79,1.4121,134812.03,105742.738
002234.SZ,20241212,10.51,10.65,10.33,10.58,10.5,0.7619,92282.03,96953.697
002235.SZ,20241212,6.6,6.86,6.53,6.63,6.57,0.9132,733359.63,487061.388
002236.SZ,20241212,16.97,17.03,16.71,16.92,16.94,-0.1181,406796.07,684959.082
002237.SZ,20241212,10.91,11.04,10.86,11.0,10.85,1.3825,139226.44,152620.885
002238.SZ,20241212,10.5,10.62,10.26,10.39,10.5,-1.0476,221095.03,229928.497
002239.SZ,20241212,3.39,3.42,3.31,3.36,3.38,-0.5917,1065885.73,357052.644
002240.SZ,20241212,15.44,15.86,15.3,15.77,15.44,2.1373,176943.96,276939.301
002241.SZ,20241212,28.11,28.37,27.16,27.4,27.55,-0.5445,1361669.7,3749784.669
002242.SZ,20241212,11.66,11.95,11.51,11.84,11.61,1.9811,169062.66,197996.517
002243.SZ,20241212,9.22,9.23,9.05,9.19,9.2,-0.1087,211437.09,193593.191
002244.SZ,20241212,9.18,9.32,9.09,9.28,9.21,0.76,276483.72,254654.719
002245.SZ,20241212,11.0,11.02,10.66,10.83,11.03,-1.8132,682621.42,737922.911
002246.SZ,20241212,11.76,11.87,11.59,11.71,11.78,-0.5942,109160.57,127680.365
002247.SZ,20241212,3.29,3.33,3.2,3.3,3.29,0.304,538157.0,175741.719
002248.SZ,20241212,9.63,9.69,9.42,9.65,9.66,-0.1035,188200.71,179566.639
002249.SZ,20241212,5.79,5.84,5.71,5.84,5.79,0.8636,420871.12,243221.339
002250.SZ,20241212,6.17,6.2,6.07,6.18,6.16,0.3247,234177.18,143572.027
002251.SZ,20241212,4.09,4.26,4.04,4.26,4.06,4.9261,454793.78,190688.33
002252.SZ,20241212,7.65,7.73,7.57,7.72,7.65,0.915,598329.76,458875.424
002253.SZ,20241212,17.5,17.77,17.13,17.65,17.56,0.5125,170913.16,298604.134
002254.SZ,20241212,10.39,10.48,10.28,10.46,10.39,0.6737,123402.5,128052.892
002255.SZ,20241212,6.04,6.07,5.96,6.06,6.06,0.0,255793.0,154046.727
002256.SZ,20241212,2.98,3.04,2.86,2.99,2.99,0.0,1512496.29,443627.919
002258.SZ,20241212,9.0,9.02,8.86,9.02,9.0,0.2222,97127.92,86991.152
002259.SZ,20241212,2.73,2.77,2.68,2.69,2.71,-0.738,56934.66,15491.422
002261.SZ,20241212,20.65,20.66,20.26,20.54,20.67,-0.6289,614991.84,1257641.261
002262.SZ,20241212,25.93,26.06,25.73,25.86,25.91,-0.193,54012.3,139738.297
002263.SZ,20241212,3.07,3.1,3.03,3.07,3.08,-0.3247,442482.42,135228.954
002264.SZ,20241212,7.17,7.67,7.14,7.58,7.17,5.7183,620275.3,462535.17
002265.SZ,20241212,25.67,25.67,24.97,25.67,23.34,9.9829,428646.01,1099298.587
002266.SZ,20241212,3.5,3.52,3.45,3.5,3.5,0.0,482761.03,168508.563
002267.SZ,20241212,8.39,8.41,8.29,8.3,8.33,-0.3601,139485.0,116411.938
002268.SZ,20241212,18.56,18.88,18.35,18.55,18.45,0.542,148247.81,275029.916
002269.SZ,20241212,2.55,2.79,2.44,2.58,2.64,-2.2727,4447910.0,1155464.867
002270.SZ,20241212,17.02,17.18,16.93,17.16,16.98,1.0601,50461.42,86079.407
002271.SZ,20241212,13.96,14.38,13.83,14.31,14.0,2.2143,570597.01,807172.362
002272.SZ,20241212,10.48,10.69,10.21,10.67,10.57,0.9461,508919.82,530277.121
002273.SZ,20241212,22.3,22.64,21.78,22.28,22.17,0.4962,549425.31,1217692.691
002274.SZ,20241212,8.19,8.22,8.08,8.18,8.16,0.2451,166184.0,135527.036
002275.SZ,20241212,14.9,15.19,14.85,15.18,14.92,1.7426,42673.8,64378.903
002276.SZ,20241212,9.09,9.17,8.86,8.97,9.09,-1.3201,419995.87,377261.378
002277.SZ,20241212,4.06,4.06,4.06,4.06,3.69,10.0271,11367.0,4615.002
002278.SZ,20241212,5.95,6.06,5.93,6.06,5.94,2.0202,97033.04,58266.427
002279.SZ,20241212,8.13,8.79,8.04,8.35,8.05,3.7267,1702114.73,1416120.259
002281.SZ,20241212,44.0,45.6,43.17,43.36,42.58,1.8318,591959.78,2610471.264
002282.SZ,20241212,7.6,7.63,7.5,7.6,7.6,0.0,49386.07,37393.055
002283.SZ,20241212,6.45,6.75,6.22,6.4,6.57,-2.5875,1008872.04,647905.911
002284.SZ,20241212,8.58,8.71,8.5,8.68,8.58,1.1655,151495.9,130609.036
002285.SZ,20241212,3.53,3.63,3.45,3.6,3.55,1.4085,1464060.6,518627.466
002286.SZ,20241212,8.4,8.55,8.22,8.45,8.34,1.3189,166574.4,139665.674
002287.SZ,20241212,22.61,22.99,22.53,22.99,22.58,1.8158,22216.04,50722.656
002289.SZ,20241212,4.27,4.31,4.16,4.2,4.22,-0.4739,30911.92,12988.644
002290.SZ,20241212,16.86,17.0,16.44,16.85,16.91,-0.3548,42001.43,70226.095
002291.SZ,20241212,7.65,7.76,7.38,7.6,7.66,-0.7833,1022070.49,772203.499
002292.SZ,20241212,10.65,11.8,10.52,11.27,10.81,4.2553,2954484.16,3301275.87
002293.SZ,20241212,8.67,8.97,8.58,8.95,8.62,3.8283,122747.93,107765.17
002294.SZ,20241212,33.67,34.26,33.5,34.18,33.76,1.2441,39512.95,134121.752
002295.SZ,20241212,7.72,7.92,7.68,7.91,7.73,2.3286,46953.88,36784.905
002296.SZ,20241212,11.5,11.9,11.33,11.66,11.49,1.4795,401579.63,465372.079
002297.SZ,20241212,7.55,7.78,7.52,7.6,7.52,1.0638,245930.0,187893.109
002298.SZ,20241212,6.57,7.26,6.57,6.88,6.7,2.6866,1097141.1,757596.783
002299.SZ,20241212,15.7,15.81,15.43,15.75,15.73,0.1271,123478.0,192799.716
002300.SZ,20241212,5.93,5.96,5.86,5.93,5.92,0.1689,116209.76,68726.416
002301.SZ,20241212,8.17,8.44,8.13,8.43,8.17,3.1824,694842.72,578545.538
002302.SZ,20241212,7.63,7.79,7.58,7.7,7.67,0.3911,415943.2,319472.383
002303.SZ,20241212,4.15,4.16,4.04,4.14,4.13,0.2421,535721.05,219769.558
002304.SZ,20241212,85.84,87.23,85.42,86.95,85.84,1.2931,103997.58,900476.614
002305.SZ,20241212,2.5,2.64,2.45,2.58,2.51,2.7888,1273048.0,325618.459
002306.SZ,20241212,4.55,4.7,4.43,4.56,4.53,0.6623,672784.1,305933.382
002307.SZ,20241212,4.28,4.42,4.27,4.33,4.33,0.0,568359.86,246288.108
002310.SZ,20241212,2.08,2.14,2.06,2.08,2.09,-0.4785,594131.97,124690.899
002311.SZ,20241212,47.03,48.3,46.6,48.21,46.98,2.6181,71260.75,339581.936
002312.SZ,20241212,17.17,17.45,16.72,17.3,17.22,0.4646,1574471.88,2682500.209
002313.SZ,20241212,10.58,11.17,10.47,11.17,10.15,10.0493,565120.98,607495.077
002314.SZ,20241212,3.08,3.11,2.96,3.01,3.07,-1.9544,1494204.69,450104.129
002315.SZ,20241212,49.0,49.68,45.62,47.06,50.69,-7.1612,318160.72,1500346.756
002316.SZ,20241212,3.75,3.82,3.65,3.69,3.64,1.3736,256203.0,95722.852
002317.SZ,20241212,13.07,13.41,13.02,13.37,13.07,2.2953,288137.7,382359.86
002318.SZ,20241212,24.1,24.21,23.5,23.92,24.09,-0.7057,132041.84,314058.379
002319.SZ,20241212,12.45,12.89,12.28,12.78,12.32,3.7338,64248.53,81220.743
002320.SZ,20241212,6.96,7.04,6.85,6.96,7.08,-1.6949,649526.21,450022.819
002321.SZ,20241212,2.89,2.94,2.82,2.92,2.94,-0.6803,1231016.41,353747.233
002322.SZ,20241212,13.64,13.66,13.48,13.63,13.64,-0.0733,41251.0,55978.25
002323.SZ,20241212,2.4,2.52,2.24,2.38,2.34,1.7094,3865246.15,920052.02
002324.SZ,20241212,11.99,11.99,11.3,11.64,11.99,-2.9191,360834.84,420330.016
002326.SZ,20241212,10.63,10.64,10.43,10.59,10.58,0.0945,165567.06,174670.479
002327.SZ,20241212,9.32,10.0,9.25,9.77,9.32,4.8283,198847.19,192724.75
002328.SZ,20241212,6.16,6.29,6.11,6.2,6.13,1.1419,193448.24,119931.127
002329.SZ,20241212,4.8,5.1,4.62,4.96,4.91,1.0183,1372998.7,665002.399
002330.SZ,20241212,5.1,5.31,5.08,5.28,5.13,2.924,349409.93,182982.242
002331.SZ,20241212,8.76,9.12,8.76,9.0,8.83,1.9253,198380.5,177563.229
002332.SZ,20241212,11.65,11.83,11.55,11.77,11.63,1.2038,193741.46,227090.885
002333.SZ,20241212,6.04,6.14,5.98,6.14,6.01,2.1631,109487.0,66534.779
002334.SZ,20241212,8.05,8.05,7.77,7.9,8.1,-2.4691,415909.0,327599.596
002335.SZ,20241212,25.5,25.7,24.71,25.02,25.22,-0.793,245557.83,618574.461
002336.SZ,20241212,6.12,6.24,5.91,6.24,5.94,5.0505,157994.61,96304.69
002337.SZ,20241212,6.29,6.55,6.15,6.26,6.49,-3.5439,835854.48,526113.732
002338.SZ,20241212,43.4,43.58,42.71,42.94,43.33,-0.9001,51970.0,223592.286
002339.SZ,20241212,7.62,7.68,7.53,7.62,7.62,0.0,154439.05,117304.614
002340.SZ,20241212,6.9,6.96,6.87,6.94,6.92,0.289,645329.44,446164.973
002342.SZ,20241212,3.9,3.94,3.87,3.92,3.92,0.0,190914.0,74657.137
002343.SZ,20241212,8.01,8.18,7.84,7.95,7.96,-0.1256,317654.74,253556.925
002344.SZ,20241212,5.13,5.49,5.08,5.46,5.1,7.0588,1422712.05,752614.319
002345.SZ,20241212,5.93,6.02,5.86,5.99,5.94,0.8418,378242.76,225493.113
002346.SZ,20241212,10.13,10.22,10.03,10.19,10.2,-0.098,23417.04,23779.425
002347.SZ,20241212,10.13,10.43,10.13,10.13,11.25,-9.9556,824851.49,837852.985
002348.SZ,20241212,4.62,4.68,4.49,4.6,4.64,-0.8621,821304.04,374583.106
002349.SZ,20241212,8.51,8.73,8.5,8.65,8.54,1.2881,304104.0,262616.909
002350.SZ,20241212,6.7,6.9,6.58,6.79,6.68,1.6467,195285.64,131275.038
002351.SZ,20241212,18.99,19.09,17.91,18.55,18.55,0.0,760312.43,1399324.451
002352.SZ,20241212,41.09,42.23,40.86,42.18,41.04,2.7778,283414.9,1180615.226
002353.SZ,20241212,35.18,35.34,34.18,35.13,35.16,-0.0853,60991.27,211719.645
002354.SZ,20241212,8.3,8.49,7.51,7.73,7.72,0.1295,8063955.76,6614131.833
002355.SZ,20241212,8.28,8.32,7.95,8.17,8.48,-3.6557,694527.0,563870.917
002356.SZ,20241212,4.23,4.38,4.17,4.38,4.22,3.7915,548686.4,236514.304
002357.SZ,20241212,7.78,8.26,7.72,8.22,7.78,5.6555,177044.8,142163.413
002358.SZ,20241212,4.97,5.0,4.89,4.99,4.98,0.2008,262185.02,129893.753
002360.SZ,20241212,5.69,5.86,5.66,5.84,5.68,2.8169,111435.06,64373.787
002361.SZ,20241212,4.65,4.66,4.5,4.63,4.68,-1.0684,455389.5,208446.508
002362.SZ,20241212,29.0,29.75,27.55,27.73,30.57,-9.2902,608634.21,1718905.824
002363.SZ,20241212,7.4,7.68,7.36,7.47,7.38,1.2195,145893.1,109134.608
002364.SZ,20241212,8.3,8.38,8.16,8.37,8.21,1.9488,358146.97,296902.482
002365.SZ,20241212,8.79,9.03,8.75,9.03,8.78,2.8474,85732.38,76759.554
002366.SZ,20241212,5.5,5.5,5.29,5.35,5.51,-2.9038,683691.0,367144.105
002367.SZ,20241212,7.88,7.99,7.72,7.81,7.87,-0.7624,292864.48,228973.387
002368.SZ,20241212,26.76,27.23,26.54,26.95,26.75,0.7477,118803.79,318891.481
002369.SZ,20241212,8.12,8.43,7.9,8.43,7.66,10.0522,1755270.58,1445356.179
002370.SZ,20241212,3.98,4.25,3.95,4.13,3.98,3.7688,1212760.06,495810.298
002371.SZ,20241212,389.95,401.66,387.01,397.96,390.86,1.8165,81732.5,3227195.969
002372.SZ,20241212,12.88,13.37,12.76,13.32,12.87,3.4965,155695.95,204248.991
002373.SZ,20241212,10.81,10.88,10.57,10.8,10.9,-0.9174,344305.87,369135.934
002374.SZ,20241212,3.8,4.08,3.69,3.71,3.8,-2.3684,1295231.93,494671.782
002375.SZ,20241212,4.59,4.71,4.51,4.62,4.65,-0.6452,464969.57,213446.667
002376.SZ,20241212,7.45,7.76,7.34,7.76,7.44,4.3011,770858.03,583566.975
002377.SZ,20241212,3.44,3.7,3.44,3.62,3.46,4.6243,713915.02,256543.095
002378.SZ,20241212,7.37,7.39,7.27,7.37,7.37,0.0,212136.27,155694.793
002379.SZ,20241212,7.66,8.0,7.64,7.86,7.66,2.611,315138.0,245976.093
002380.SZ,20241212,20.3,20.48,19.95,20.33,20.33,0.0,52174.0,105312.458
002381.SZ,20241212,7.22,7.49,7.17,7.35,7.18,2.3677,164870.5,120379.579
002382.SZ,20241212,5.84,5.9,5.81,5.9,5.83,1.2007,100952.7,59294.565
002383.SZ,20241212,10.35,11.1,10.3,10.83,10.57,2.4598,753368.54,809602.534
002384.SZ,20241212,29.0,29.39,28.21,28.88,29.04,-0.551,702769.94,2019121.272
002385.SZ,20241212,4.7,4.8,4.64,4.78,4.69,1.919,912681.87,432182.058
002386.SZ,20241212,4.92,4.94,4.83,4.92,4.91,0.2037,209255.97,102346.439
002387.SZ,20241212,10.5,10.66,10.47,10.63,10.65,-0.1878,285993.3,302558.123
002388.SZ,20241212,4.2,4.21,4.16,4.2,4.21,-0.2375,218905.81,91679.497
002389.SZ,20241212,19.85,20.58,19.85,20.2,19.83,1.8659,305424.0,617717.494
002390.SZ,20241212,4.43,4.68,4.43,4.6,4.43,3.8375,540461.23,246035.657
002391.SZ,20241212,5.55,5.62,5.51,5.62,5.53,1.6275,57971.82,32293.599
002392.SZ,20241212,4.95,5.04,4.9,5.01,4.96,1.0081,322839.78,160762.766
002393.SZ,20241212,17.85,18.01,17.79,17.95,17.84,0.6166,37162.14,66606.039
002394.SZ,20241212,8.22,8.42,8.17,8.41,8.21,2.4361,84610.01,70243.911
002395.SZ,20241212,17.84,18.1,17.52,17.67,18.07,-2.2136,115458.0,204638.634
002396.SZ,20241212,18.05,18.33,17.91,18.19,18.0,1.0556,110082.0,199416.895
002397.SZ,20241212,3.33,3.41,3.28,3.41,3.35,1.791,292282.46,98230.318
002398.SZ,20241212,5.02,5.04,4.91,5.02,5.01,0.1996,301032.84,150104.397
002399.SZ,20241212,11.63,11.72,11.54,11.66,11.62,0.3442,57955.2,67514.239
002400.SZ,20241212,11.12,11.12,10.72,11.12,10.11,9.9901,7302392.99,8061456.9
002401.SZ,20241212,17.43,17.57,17.3,17.5,17.46,0.2291,93789.95,163521.189
002402.SZ,20241212,19.53,20.5,19.34,19.91,19.29,3.2141,1459012.17,2899951.197
002403.SZ,20241212,20.9,22.99,19.37,21.28,20.9,1.8182,979411.29,2112994.643
002404.SZ,20241212,6.7,6.8,6.61,6.79,6.67,1.7991,110001.49,74052.937
002405.SZ,20241212,10.24,10.28,9.99,10.15,10.24,-0.8789,601418.12,608532.489
002406.SZ,20241212,7.17,7.25,7.05,7.18,7.2,-0.2778,381955.15,272601.06
002407.SZ,20241212,13.67,13.69,13.38,13.59,13.67,-0.5852,221101.54,299344.239
002408.SZ,20241212,5.54,5.6,5.5,5.56,5.54,0.361,156874.92,87094.954
002409.SZ,20241212,62.2,62.74,61.91,62.43,62.17,0.4182,51532.44,320944.936
002410.SZ,20241212,13.12,13.32,12.91,13.32,13.16,1.2158,499593.33,655818.106
002412.SZ,20241212,6.62,6.77,6.58,6.74,6.59,2.2762,114398.65,76583.16
002413.SZ,20241212,5.13,5.35,5.12,5.24,5.12,2.3438,703732.15,367677.663
002414.SZ,20241212,8.09,8.17,8.01,8.14,8.09,0.618,290684.21,235438.173
002415.SZ,20241212,31.52,31.65,31.3,31.58,31.51,0.2222,379418.72,1194004.058
002416.SZ,20241212,16.26,16.65,15.9,16.05,16.36,-1.8949,1011772.47,1641310.565
002418.SZ,20241212,3.15,3.18,3.04,3.13,3.14,-0.3185,546900.67,169446.917
002419.SZ,20241212,5.73,6.36,5.57,6.15,5.79,6.2176,1301717.67,772562.991
002420.SZ,20241212,6.34,6.52,6.33,6.47,6.34,2.0505,172690.01,110975.029
002421.SZ,20241212,4.18,4.68,4.11,4.68,4.25,10.1176,3406291.56,1513549.938
002422.SZ,20241212,32.58,32.8,31.57,32.31,32.67,-1.1019,444266.99,1433067.049
002423.SZ,20241212,15.21,15.39,15.02,15.3,15.25,0.3279,437312.0,664963.697
002424.SZ,20241212,4.06,4.12,4.06,4.1,4.07,0.7371,283682.59,115937.98
002425.SZ,20241212,2.64,2.71,2.61,2.64,2.63,0.3802,544497.55,143961.287
002426.SZ,20241212,4.44,4.44,4.05,4.31,4.04,6.6832,13932784.14,6032565.806
002427.SZ,20241212,4.35,4.39,4.3,4.38,4.34,0.9217,131639.99,57292.069
002428.SZ,20241212,22.66,22.66,21.9,22.34,22.7,-1.5859,499826.75,1110819.705
002429.SZ,20241212,5.35,5.37,5.23,5.31,5.36,-0.9328,716505.39,378609.811
002430.SZ,20241212,24.35,25.13,23.96,24.85,24.25,2.4742,79009.9,195198.329
002431.SZ,20241212,2.79,2.79,2.65,2.69,2.74,-1.8248,1693948.97,460623.93
002432.SZ,20241212,42.97,43.11,42.66,43.11,42.85,0.6068,76440.7,328282.543
002434.SZ,20241212,7.13,7.14,6.94,7.0,7.15,-2.0979,307561.1,215908.695
002436.SZ,20241212,11.8,11.87,11.59,11.77,11.86,-0.7589,483162.6,566303.489
002437.SZ,20241212,2.88,2.98,2.85,2.93,2.91,0.6873,1644698.0,480849.61
002438.SZ,20241212,13.14,13.14,12.73,12.83,13.13,-2.2848,123738.02,159048.536
002439.SZ,20241212,17.32,17.42,17.04,17.39,17.26,0.7532,168672.62,290901.441
002440.SZ,20241212,6.97,6.99,6.89,6.98,6.95,0.4317,54346.97,37768.128
002441.SZ,20241212,8.31,8.48,8.26,8.38,8.34,0.4796,101824.0,85163.881
002442.SZ,20241212,5.66,5.78,5.62,5.78,5.66,2.1201,134831.75,77222.973
002443.SZ,20241212,6.5,6.55,6.47,6.54,6.5,0.6154,163550.12,106658.298
002444.SZ,20241212,27.71,28.89,27.56,28.8,27.69,4.0087,183944.75,523221.564
002445.SZ,20241212,2.86,2.86,2.76,2.8,2.86,-2.0979,1256700.2,351271.951
002446.SZ,20241212,7.65,7.76,7.55,7.7,7.66,0.5222,394363.1,302379.576
002448.SZ,20241212,6.82,6.84,6.7,6.81,6.82,-0.1466,130613.4,88566.367
002449.SZ,20241212,9.08,9.09,8.85,9.05,9.04,0.1106,195358.7,175323.291
002451.SZ,20241212,7.58,7.73,7.53,7.73,7.6,1.7105,203707.51,155596.334
002452.SZ,20241212,8.03,8.05,7.9,7.98,8.03,-0.6227,168491.0,134260.309
002453.SZ,20241212,6.5,7.13,6.47,6.9,6.51,5.9908,543227.21,371618.968
002454.SZ,20241212,7.28,7.35,7.18,7.28,7.28,0.0,91744.5,66568.359
002455.SZ,20241212,8.68,8.7,8.49,8.65,8.71,-0.6889,267948.94,229886.41
002456.SZ,20241212,13.92,13.97,13.66,13.8,13.93,-0.9332,1606829.33,2213817.124
002457.SZ,20241212,13.68,13.76,13.46,13.56,13.75,-1.3818,214053.69,290753.682
002458.SZ,20241212,10.56,10.63,10.39,10.6,10.56,0.3788,123141.7,129467.729
002459.SZ,20241212,15.67,16.18,15.55,15.88,15.67,1.3401,500663.86,794194.855
002460.SZ,20241212,38.62,40.0,38.45,39.62,38.84,2.0082,304971.97,1199017.906
002461.SZ,20241212,9.32,9.83,9.28,9.79,9.28,5.4957,272519.92,262451.736
002462.SZ,20241212,14.13,14.41,14.03,14.36,14.14,1.5559,70528.11,100839.336
002463.SZ,20241212,36.8,37.56,36.55,37.17,36.79,1.0329,429788.46,1599608.341
002465.SZ,20241212,12.75,12.96,12.59,12.83,12.76,0.5486,535673.63,682554.71
002466.SZ,20241212,36.96,37.75,36.81,37.6,37.16,1.1841,228800.26,854703.076
002467.SZ,20241212,7.1,7.2,6.88,7.0,7.14,-1.9608,1957551.87,1370800.557
002468.SZ,20241212,10.04,10.2,9.97,10.18,10.03,1.4955,176517.43,178323.958
002469.SZ,20241212,8.66,8.81,8.49,8.72,8.66,0.6928,734644.83,635605.437
002470.SZ,20241212,2.42,2.48,2.36,2.4,2.45,-2.0408,3096875.04,745464.025
002471.SZ,20241212,3.29,3.31,3.14,3.18,3.25,-2.1538,984265.61,313958.4
002472.SZ,20241212,29.85,30.5,29.4,29.81,29.73,0.2691,175608.92,524941.047
002474.SZ,20241212,7.78,8.57,7.73,8.57,7.79,10.0128,1330122.86,1083169.998
002475.SZ,20241212,41.39,42.2,40.93,41.37,41.25,0.2909,706573.87,2925719.292
002476.SZ,20241212,4.91,4.95,4.86,4.94,4.92,0.4065,107980.13,53146.902
002478.SZ,20241212,5.46,5.5,5.41,5.49,5.45,0.7339,142163.53,77576.051
002479.SZ,20241212,5.07,5.12,5.03,5.12,5.05,1.3861,133539.03,67926.478
002480.SZ,20241212,5.78,6.06,5.76,5.89,5.8,1.5517,440005.02,259870.301
002481.SZ,20241212,6.64,7.45,6.23,7.12,6.77,5.1699,2534355.3,1713170.097
002482.SZ,20241212,2.66,2.67,2.55,2.62,2.66,-1.5038,1219637.12,316533.931
002483.SZ,20241212,5.62,5.65,5.55,5.6,5.6,0.0,165988.08,92944.104
002484.SZ,20241212,16.72,16.9,16.44,16.87,16.73,0.8368,241863.89,403667.105
002485.SZ,20241212,3.38,3.56,3.38,3.56,3.39,5.0147,87066.47,30503.605
002486.SZ,20241212,3.17,3.2,3.06,3.1,3.17,-2.2082,931770.0,288894.891
002487.SZ,20241212,22.97,23.45,22.77,23.05,22.96,0.392,91287.44,210507.05
002488.SZ,20241212,11.35,11.66,11.26,11.45,11.4,0.4386,141156.61,161072.454
002489.SZ,20241212,3.61,3.81,3.58,3.73,3.61,3.3241,926184.47,343651.845
002490.SZ,20241212,2.83,2.95,2.82,2.95,2.81,4.9822,269107.16,78905.555
002491.SZ,20241212,4.93,4.96,4.82,4.91,4.93,-0.4057,208039.0,101726.253
002492.SZ,20241212,5.78,6.02,5.75,5.98,5.78,3.4602,165588.6,97635.239
002493.SZ,20241212,9.66,9.82,9.6,9.78,9.66,1.2422,246955.14,240688.392
002494.SZ,20241212,4.7,4.92,4.6,4.87,4.68,4.0598,210045.0,101489.5
002495.SZ,20241212,3.1,3.33,2.93,3.21,3.06,4.902,1888678.47,590305.376
002496.SZ,20241212,2.64,2.64,2.57,2.61,2.66,-1.8797,879764.16,228709.692
002497.SZ,20241212,12.85,13.93,12.74,13.8,12.82,7.6443,682313.95,914740.262
002498.SZ,20241212,3.65,3.68,3.6,3.68,3.63,1.3774,307568.63,112286.602
002500.SZ,20241212,6.73,6.89,6.69,6.85,6.73,1.7831,469501.95,319349.943
002501.SZ,20241212,2.44,2.5,2.27,2.38,2.45,-2.8571,5626776.95,1328305.649
002506.SZ,20241212,3.1,3.13,3.03,3.1,3.12,-0.641,1924924.8,592167.682
002507.SZ,20241212,15.26,15.75,15.03,15.67,15.23,2.889,310259.27,479541.15
002508.SZ,20241212,23.29,23.7,22.9,23.64,23.2,1.8966,87893.59,205050.746
002510.SZ,20241212,6.96,7.69,6.91,7.69,6.99,10.0143,2222388.89,1633543.83
002511.SZ,20241212,7.5,7.71,7.46,7.68,7.5,2.4,237791.15,181357.479
002512.SZ,20241212,6.84,6.84,6.84,6.84,6.22,9.9678,208732.55,142773.064
002513.SZ,20241212,6.04,6.3,5.96,6.22,6.04,2.9801,279941.0,171591.225
002514.SZ,20241212,7.79,8.03,7.68,7.9,7.79,1.4121,295652.0,232024.816
002515.SZ,20241212,5.22,5.39,5.15,5.33,5.22,2.1073,713771.07,376134.297
002516.SZ,20241212,5.95,5.99,5.76,5.83,5.95,-2.0168,417806.5,243990.114
002517.SZ,20241212,14.14,14.2,13.76,13.95,14.17,-1.5526,618155.76,858714.735
002518.SZ,20241212,19.36,20.23,19.24,20.0,19.35,3.3592,136228.09,269264.596
002519.SZ,20241212,7.6,7.65,7.14,7.36,7.36,0.0,2225898.22,1643211.96
002520.SZ,20241212,7.19,7.27,6.97,7.1,7.32,-3.0055,1071026.4,759596.685
002521.SZ,20241212,11.12,11.17,10.99,11.07,11.13,-0.5391,54225.08,60071.781
002522.SZ,20241212,4.63,4.7,4.56,4.65,4.63,0.432,141802.0,65553.058
002523.SZ,20241212,4.25,4.3,3.96,4.12,4.31,-4.4084,2376600.62,974656.163
002524.SZ,20241212,4.8,4.86,4.74,4.86,4.78,1.6736,165937.0,79894.473
002526.SZ,20241212,4.7,4.81,4.57,4.57,5.08,-10.0394,5327583.3,2459466.757
002527.SZ,20241212,11.95,12.05,11.28,11.46,12.18,-5.9113,856010.49,989125.582
002528.SZ,20241212,3.36,3.39,3.31,3.34,3.35,-0.2985,219292.58,73215.963
002529.SZ,20241212,9.2,9.32,9.14,9.3,9.24,0.6494,110439.19,102036.785
002530.SZ,20241212,13.13,13.13,12.97,13.13,11.94,9.9665,1402288.83,1840865.767
002531.SZ,20241212,8.95,9.07,8.87,9.0,8.96,0.4464,201143.36,180649.501
002532.SZ,20241212,8.45,8.56,8.4,8.43,8.44,-0.1185,539625.92,456217.943
002533.SZ,20241212,10.25,10.29,10.15,10.28,10.24,0.3906,131263.92,134187.283
002534.SZ,20241212,11.96,11.99,11.78,11.89,11.92,-0.2517,32881.27,38999.549
002535.SZ,20241212,4.64,4.72,4.56,4.59,4.68,-1.9231,385250.1,177732.632
002536.SZ,20241212,12.36,12.7,12.1,12.57,12.36,1.699,341291.63,423472.291
002537.SZ,20241212,6.95,7.12,6.87,7.1,6.94,2.3055,559730.4,392966.583
002538.SZ,20241212,6.53,6.56,6.45,6.54,6.54,0.0,170312.04,110814.674
002539.SZ,20241212,8.36,8.46,8.28,8.45,8.36,1.0766,179363.94,150662.478
002540.SZ,20241212,6.5,6.75,6.42,6.68,6.44,3.7267,393467.02,259970.493
002541.SZ,20241212,19.8,20.27,19.3,19.8,19.71,0.4566,107594.66,213232.943
002542.SZ,20241212,5.23,5.28,5.07,5.16,5.3,-2.6415,1411555.24,728133.474
002543.SZ,20241212,10.66,10.83,10.58,10.82,10.64,1.6917,72013.57,77186.749
002544.SZ,20241212,22.94,23.09,22.53,22.91,22.87,0.1749,91439.09,208718.894
002545.SZ,20241212,7.74,7.85,7.58,7.67,7.79,-1.5404,271056.1,207985.396
002546.SZ,20241212,4.72,4.75,4.64,4.72,4.7,0.4255,147086.0,69063.449
002547.SZ,20241212,6.53,6.85,6.3,6.35,6.49,-2.1572,3321403.75,2195700.413
002548.SZ,20241212,4.6,4.73,4.55,4.72,4.59,2.8322,342537.7,159720.532
002549.SZ,20241212,7.38,7.4,7.26,7.39,7.37,0.2714,123957.42,91093.651
002550.SZ,20241212,6.49,6.59,6.45,6.58,6.49,1.3867,142358.0,93165.688
002551.SZ,20241212,3.82,3.88,3.79,3.88,3.83,1.3055,260648.73,100159.38
002552.SZ,20241212,13.17,13.64,13.08,13.25,13.03,1.6884,112830.0,150584.2
002553.SZ,20241212,15.7,15.88,15.46,15.6,16.06,-2.8643,369685.0,577307.562
002554.SZ,20241212,3.06,3.16,3.02,3.11,3.05,1.9672,413144.27,128138.771
002555.SZ,20241212,16.98,17.3,16.93,17.22,16.99,1.3537,878616.6,1504756.968
002556.SZ,20241212,6.36,6.44,6.29,6.44,6.38,0.9404,235803.0,150369.721
002557.SZ,20241212,31.9,33.5,31.25,33.27,31.66,5.0853,176252.27,574464.6
002558.SZ,20241212,13.56,13.74,13.4,13.65,13.56,0.6637,441947.0,599976.819
002559.SZ,20241212,10.3,10.45,10.03,10.22,10.36,-1.3514,490309.0,500041.936
002560.SZ,20241212,6.82,6.86,6.78,6.86,6.85,0.146,83233.09,56880.167
002561.SZ,20241212,10.43,11.55,10.36,11.17,10.56,5.7765,834048.84,908515.915
002562.SZ,20241212,4.91,4.96,4.85,4.95,4.92,0.6098,538936.92,264861.84
002563.SZ,20241212,7.08,7.44,7.05,7.34,7.11,3.2349,391508.0,287044.776
002564.SZ,20241212,4.55,4.73,4.54,4.67,4.54,2.8634,199811.57,92821.038
002565.SZ,20241212,3.73,3.8,3.69,3.78,3.73,1.3405,402170.99,150889.529
002566.SZ,20241212,7.8,7.98,7.76,7.97,7.79,2.3107,68501.0,54023.587
002567.SZ,20241212,5.58,5.69,5.52,5.68,5.57,1.9749,844103.07,474396.323
002568.SZ,20241212,27.63,28.97,27.2,28.45,27.8,2.3381,184958.08,519413.4
002569.SZ,20241212,9.45,9.52,9.35,9.45,9.45,0.0,9972.34,9404.347
002570.SZ,20241212,5.65,5.88,5.52,5.79,5.78,0.173,2863797.73,1636568.55
002571.SZ,20241212,5.31,5.41,5.27,5.41,5.3,2.0755,121438.0,65028.302
002572.SZ,20241212,18.43,19.47,18.2,19.16,18.44,3.9046,195278.87,370394.022
002573.SZ,20241212,4.45,4.51,4.44,4.51,4.48,0.6696,108320.04,48524.443
002574.SZ,20241212,5.41,5.53,5.38,5.53,5.4,2.4074,89690.0,48969.529
002575.SZ,20241212,8.02,8.14,7.7,7.97,8.05,-0.9938,446146.98,352043.415
002576.SZ,20241212,14.8,14.82,14.55,14.82,14.82,0.0,73024.0,107455.757
002577.SZ,20241212,18.0,18.19,17.52,17.72,17.9,-1.0056,149302.58,265640.964
002578.SZ,20241212,3.52,3.55,3.49,3.55,3.53,0.5666,126922.0,44781.683
002579.SZ,20241212,9.7,10.08,9.5,9.58,9.7,-1.2371,556280.89,538356.847
002580.SZ,20241212,9.03,9.04,8.8,8.94,9.03,-0.9967,242078.14,215747.12
002581.SZ,20241212,13.39,13.52,13.0,13.23,13.39,-1.1949,69727.0,92103.239
002582.SZ,20241212,8.12,8.99,7.9,8.76,8.28,5.7971,803326.68,680625.295
002583.SZ,20241212,16.86,17.05,16.62,16.88,16.98,-0.5889,1269889.96,2136584.228
002584.SZ,20241212,8.9,9.12,8.82,9.04,9.01,0.333,686816.33,615121.25
002585.SZ,20241212,6.45,6.48,6.31,6.42,6.46,-0.6192,243641.92,155414.989
002586.SZ,20241212,2.65,2.76,2.63,2.75,2.63,4.5627,216526.9,58718.007
002587.SZ,20241212,7.9,7.92,7.69,7.81,7.97,-2.0075,493714.0,384332.184
002588.SZ,20241212,7.79,7.87,7.75,7.87,7.76,1.4175,252531.4,197362.582
002589.SZ,20241212,3.47,3.57,3.41,3.54,3.45,2.6087,911423.84,320469.392
002590.SZ,20241212,14.89,15.06,14.63,14.87,14.95,-0.5351,123110.99,182429.767
002591.SZ,20241212,6.23,6.74,6.16,6.51,6.29,3.4976,344703.02,221813.125
002592.SZ,20241212,5.26,5.43,5.25,5.38,5.26,2.2814,61231.0,32676.494
002593.SZ,20241212,8.3,9.08,7.92,9.08,8.25,10.0606,1804549.85,1587168.394
002594.SZ,20241212,280.1,283.68,278.4,283.68,280.77,1.0364,100133.95,2816818.035
002595.SZ,20241212,43.87,44.0,43.54,43.7,43.87,-0.3875,21563.0,94351.992
002596.SZ,20241212,3.68,4.03,3.58,3.82,3.7,3.2432,1590119.11,603690.82
002597.SZ,20241212,23.84,24.11,23.52,24.06,23.68,1.6047,44095.41,105191.016
002598.SZ,20241212,11.24,11.24,10.61,10.85,11.27,-3.7267,311623.78,337070.809
002599.SZ,20241212,9.05,9.31,8.7,8.82,9.09,-2.9703,473828.2,423684.456
002600.SZ,20241212,9.5,9.55,9.18,9.28,9.57,-3.0303,2940476.62,2738457.208
002601.SZ,20241212,18.28,18.39,18.16,18.33,18.27,0.3284,128850.6,235852.421
002602.SZ,20241212,4.37,4.56,4.35,4.52,4.34,4.1475,1936641.21,869479.389
002603.SZ,20241212,17.06,17.91,16.98,17.64,17.03,3.5819,489747.36,856691.951
002605.SZ,20241212,34.02,35.17,33.3,33.67,34.44,-2.2358,168180.84,571522.606
002606.SZ,20241212,10.01,10.09,9.91,10.07,10.0,0.7,86645.0,86865.74
002607.SZ,20241212,3.8,4.2,3.71,4.09,3.85,6.2338,10865049.08,4257449.125
002608.SZ,20241212,7.77,8.02,7.74,7.99,7.76,2.9639,321806.33,254127.783
002609.SZ,20241212,9.37,9.44,9.18,9.29,9.4,-1.1702,227640.0,211174.392
002611.SZ,20241212,12.7,12.97,12.15,12.41,12.85,-3.4241,1907981.28,2376473.881
002612.SZ,20241212,18.3,18.98,18.24,18.93,18.43,2.713,195190.93,365297.652
002613.SZ,20241212,4.5,4.7,4.49,4.63,4.52,2.4336,358189.25,165016.956
002614.SZ,20241212,7.66,7.87,7.5,7.76,7.62,1.8373,309571.12,237477.187
002615.SZ,20241212,8.49,8.75,8.49,8.73,8.49,2.8269,293254.32,253937.6
002616.SZ,20241212,4.9,4.98,4.87,4.97,4.9,1.4286,76017.0,37528.395
002617.SZ,20241212,7.22,7.23,7.06,7.13,7.21,-1.1096,568840.27,405135.19
002620.SZ,20241212,4.25,4.48,4.22,4.42,4.25,4.0,175860.0,76697.9
002622.SZ,20241212,3.68,3.73,3.56,3.69,3.67,0.545,618630.4,224688.281
002623.SZ,20241212,18.28,18.55,18.02,18.36,18.26,0.5476,56948.9,104681.493
002624.SZ,20241212,12.94,13.09,12.72,12.8,12.94,-1.0819,503070.78,647087.555
002625.SZ,20241212,41.59,43.0,40.89,42.73,41.43,3.1378,541892.48,2274482.13
002626.SZ,20241212,16.52,16.92,16.5,16.87,16.52,2.1186,94941.15,159153.99
002627.SZ,20241212,5.54,5.69,5.53,5.69,5.55,2.5225,163493.29,92032.622
002628.SZ,20241212,5.28,5.4,5.23,5.38,5.29,1.7013,483605.81,258370.386
002629.SZ,20241212,4.83,4.98,4.62,4.68,4.74,-1.2658,604450.36,287594.905
002630.SZ,20241212,3.46,3.53,3.41,3.51,3.47,1.1527,544704.23,188984.082
002631.SZ,20241212,5.21,5.35,5.11,5.33,5.2,2.5,315052.33,165200.228
002632.SZ,20241212,9.05,9.55,8.92,9.33,9.05,3.0939,302084.0,278734.54
002633.SZ,20241212,11.64,12.1,11.25,11.87,11.64,1.9759,156124.5,183239.197
002634.SZ,20241212,4.42,4.53,4.36,4.53,4.39,3.1891,188441.6,84466.833
002635.SZ,20241212,16.77,16.88,16.39,16.67,16.77,-0.5963,160505.62,265980.992
002636.SZ,20241212,8.62,8.66,8.53,8.64,8.59,0.5821,66651.0,57396.642
002637.SZ,20241212,10.58,11.1,10.48,10.92,10.58,3.2136,94593.89,102066.294
002638.SZ,20241212,3.04,3.17,3.02,3.04,3.08,-1.2987,766784.29,234625.083
002639.SZ,20241212,7.2,7.9,7.13,7.9,7.18,10.0279,1019030.87,785425.631
002640.SZ,20241212,5.13,5.68,5.11,5.59,5.16,8.3333,4854040.47,2608780.315
002641.SZ,20241212,5.22,5.26,5.1,5.24,5.22,0.3831,410151.19,212770.277
002642.SZ,20241212,8.68,9.13,8.64,8.78,8.66,1.3857,616362.97,543810.803
002643.SZ,20241212,12.75,12.83,12.4,12.7,12.93,-1.7788,521402.89,655486.262
002644.SZ,20241212,8.59,8.74,8.57,8.7,8.67,0.346,102240.0,88606.915
002645.SZ,20241212,7.98,8.11,7.94,8.1,7.97,1.6311,101846.04,81833.966
002646.SZ,20241212,11.25,12.25,11.08,12.25,11.14,9.9641,385885.84,464669.066
002647.SZ,20241212,7.25,7.59,7.22,7.54,7.24,4.1436,438959.92,329232.417
002648.SZ,20241212,17.92,18.14,17.83,18.06,17.92,0.7813,139778.64,252067.734
002649.SZ,20241212,13.21,13.5,12.85,13.47,13.11,2.746,389954.0,515973.191
002650.SZ,20241212,4.75,4.96,4.69,4.96,4.72,5.0847,119410.5,58393.842
002651.SZ,20241212,7.53,7.68,7.5,7.6,7.54,0.7958,169229.0,128549.803
002652.SZ,20241212,3.76,3.99,3.74,3.9,3.75,4.0,458676.95,177305.825
002653.SZ,20241212,34.86,35.24,34.34,35.18,34.85,0.9469,48503.68,169033.312
002654.SZ,20241212,14.08,14.24,13.86,14.2,14.08,0.8523,496173.5,695253.746
002655.SZ,20241212,13.8,14.19,13.66,14.09,13.99,0.7148,198959.01,276797.815
002657.SZ,20241212,22.95,23.99,22.87,23.64,23.17,2.0285,468087.95,1099865.813
002658.SZ,20241212,7.14,7.28,7.08,7.26,7.14,1.6807,139622.93,100246.546
002659.SZ,20241212,5.72,6.05,5.67,5.89,5.69,3.5149,510927.0,297455.818
002660.SZ,20241212,9.2,9.34,9.01,9.2,9.15,0.5464,130959.95,119832.154
002661.SZ,20241212,10.6,11.59,10.42,11.59,10.54,9.962,354811.92,391285.11
002662.SZ,20241212,4.24,4.29,4.15,4.26,4.24,0.4717,441077.0,186157.803
002663.SZ,20241212,2.55,2.65,2.44,2.56,2.56,0.0,2255060.04,571354.493
002664.SZ,20241212,14.44,14.49,14.15,14.31,14.36,-0.3482,65919.94,94221.86
002666.SZ,20241212,5.0,5.03,4.94,5.01,4.98,0.6024,82820.0,41330.299
002667.SZ,20241212,10.12,10.35,10.0,10.2,10.21,-0.0979,115399.86,117008.94
002668.SZ,20241212,11.38,11.67,11.29,11.65,11.37,2.4626,178513.89,205577.019
002669.SZ,20241212,10.9,11.02,10.64,10.78,11.0,-2.0,141366.0,152295.418
002670.SZ,20241212,17.4,17.4,17.0,17.4,15.82,9.9874,1231207.33,2138529.297
002671.SZ,20241212,5.18,5.25,5.14,5.25,5.16,1.7442,144784.46,75458.808
002672.SZ,20241212,5.0,5.04,4.92,5.02,4.97,1.006,68493.0,34210.165
002673.SZ,20241212,9.15,9.35,9.07,9.24,9.13,1.2048,953711.72,876871.51
002674.SZ,20241212,10.11,10.29,10.1,10.27,10.11,1.5826,37944.0,38795.442
002675.SZ,20241212,13.24,13.35,13.13,13.34,13.24,0.7553,85780.01,113442.945
002676.SZ,20241212,6.76,7.25,6.67,7.1,6.79,4.5655,471815.51,328961.428
002677.SZ,20241212,8.13,8.48,8.12,8.4,8.13,3.321,211091.77,175221.735
002678.SZ,20241212,5.6,5.71,5.54,5.69,5.6,1.6071,69489.8,39070.095
002679.SZ,20241212,10.03,10.07,9.9,10.03,9.98,0.501,59754.4,59786.205
002681.SZ,20241212,9.77,10.19,9.44,9.44,10.49,-10.0095,4736350.25,4512273.101
002682.SZ,20241212,5.64,5.96,5.58,5.87,5.68,3.3451,712271.63,414215.787
002683.SZ,20241212,28.04,29.18,27.98,28.67,28.04,2.2468,77548.12,223426.94
002685.SZ,20241212,7.5,8.25,7.2,8.25,7.5,10.0,1231493.34,947340.167
002686.SZ,20241212,6.53,6.66,6.47,6.62,6.52,1.5337,111707.5,73598.424
002687.SZ,20241212,5.08,5.11,5.0,5.07,5.1,-0.5882,225650.29,114024.989
002688.SZ,20241212,4.73,4.88,4.72,4.85,4.73,2.537,126456.35,60773.983
002689.SZ,20241212,4.61,5.08,4.54,5.08,4.62,9.9567,974027.37,466972.025
002690.SZ,20241212,15.81,15.92,15.66,15.79,15.82,-0.1896,88184.69,139043.87
002691.SZ,20241212,6.7,6.8,6.57,6.7,6.66,0.6006,154743.8,103041.321
002692.SZ,20241212,4.57,4.6,4.51,4.58,4.53,1.1038,106022.69,48259.757
002693.SZ,20241212,22.45,22.84,22.38,22.63,22.69,-0.2644,175759.0,396829.741
002694.SZ,20241212,5.6,5.77,5.45,5.73,5.6,2.3214,132879.56,74326.032
002695.SZ,20241212,10.55,12.19,10.4,11.77,11.08,6.2274,644814.2,716847.386
002696.SZ,20241212,5.77,6.0,5.73,6.0,5.77,3.9861,82390.1,48501.472
002697.SZ,20241212,6.38,7.03,6.23,7.03,6.39,10.0156,1635771.37,1113253.76
002698.SZ,20241212,18.97,19.04,18.46,18.63,19.25,-3.2208,391648.91,732716.084
002700.SZ,20241212,10.86,10.86,10.59,10.69,10.86,-1.5654,40980.88,43822.488
002701.SZ,20241212,5.81,5.93,5.74,5.89,5.79,1.7271,419942.42,244858.713
002702.SZ,20241212,6.49,6.49,5.97,6.49,5.9,10.0,1551554.93,997241.991
002703.SZ,20241212,12.9,12.99,12.75,12.91,12.86,0.3888,174743.5,225252.881
002705.SZ,20241212,15.14,15.31,15.05,15.3,15.08,1.4589,81177.0,123249.77
002706.SZ,20241212,7.15,7.35,7.09,7.34,7.15,2.6573,306333.62,221517.316
002707.SZ,20241212,7.87,8.08,7.82,8.06,7.87,2.4142,464987.21,371251.463
002708.SZ,20241212,11.05,11.19,10.64,11.0,11.01,-0.0908,491778.04,534929.277
002709.SZ,20241212,22.04,22.51,21.88,22.27,22.15,0.5418,280727.19,622765.193
002712.SZ,20241212,6.81,7.27,6.71,7.27,6.61,9.9849,470036.5,332639.624
002713.SZ,20241212,5.6,6.08,5.45,5.9,5.73,2.9668,588784.51,339973.348
002714.SZ,20241212,40.65,41.38,40.36,41.31,40.57,1.824,349124.93,1430502.136
002715.SZ,20241212,17.69,18.38,17.48,17.96,17.59,2.1035,39965.5,71431.323
002716.SZ,20241212,4.05,4.42,4.05,4.22,4.02,4.9751,2318782.0,988613.482
002717.SZ,20241212,4.2,4.25,4.06,4.12,4.29,-3.9627,3672529.47,1513664.208
002718.SZ,20241212,15.1,15.96,14.97,15.7,15.13,3.7673,74607.0,116175.15
002719.SZ,20241212,10.06,11.28,9.97,10.88,10.53,3.3238,478115.49,504036.7
002721.SZ,20241212,2.56,2.65,2.55,2.62,2.55,2.7451,565860.91,147064.944
002722.SZ,20241212,16.87,17.48,16.81,17.35,16.9,2.6627,123243.4,211587.854
002723.SZ,20241212,8.31,8.41,8.02,8.08,8.28,-2.4155,285254.81,232070.303
002724.SZ,20241212,6.01,6.07,5.91,6.07,5.97,1.675,65837.8,39503.267
002725.SZ,20241212,13.5,13.66,13.3,13.38,13.51,-0.9623,128292.96,171945.598
002726.SZ,20241212,7.65,7.85,7.55,7.73,7.63,1.3106,239409.91,184483.301
002727.SZ,20241212,14.45,14.97,14.36,14.92,14.48,3.0387,223133.39,329342.613
002728.SZ,20241212,9.25,9.72,9.21,9.54,9.25,3.1351,363430.41,345335.752
002729.SZ,20241212,13.98,14.99,13.82,14.86,13.97,6.3708,168646.72,242891.735
002730.SZ,20241212,8.45,8.53,8.36,8.52,8.48,0.4717,55178.0,46642.382
002731.SZ,20241212,10.36,10.45,10.1,10.38,10.25,1.2683,124085.4,127406.244
002732.SZ,20241212,17.77,18.7,17.66,18.45,17.81,3.5935,83227.1,152271.446
002733.SZ,20241212,13.61,13.64,13.43,13.62,13.61,0.0735,46313.22,62720.258
002734.SZ,20241212,9.06,9.06,8.86,8.95,9.0,-0.5556,98095.8,87633.204
002735.SZ,20241212,10.5,10.5,10.29,10.49,10.47,0.191,123824.42,128999.455
002736.SZ,20241212,11.52,11.74,11.43,11.63,11.5,1.1304,375944.35,434980.478
002737.SZ,20241212,21.25,21.4,21.02,21.34,21.17,0.803,114905.25,244002.49
002738.SZ,20241212,38.79,40.8,38.6,40.3,38.87,3.6789,204410.08,816044.301
002739.SZ,20241212,13.53,13.81,13.35,13.7,13.54,1.1817,398442.32,541227.563
002741.SZ,20241212,22.3,23.97,21.17,23.11,22.51,2.6655,926697.95,2090205.078
002742.SZ,20241212,4.61,4.79,4.5,4.52,4.56,-0.8772,172378.19,80454.164
002745.SZ,20241212,8.91,8.95,8.75,8.9,8.91,-0.1122,191714.25,169666.077
002746.SZ,20241212,6.54,6.72,6.49,6.71,6.52,2.9141,202887.55,134294.822
002747.SZ,20241212,20.3,20.73,19.9,20.17,20.6,-2.0874,522159.73,1051928.572
002748.SZ,20241212,7.9,8.02,7.78,7.98,7.99,-0.1252,56741.91,44655.855
002749.SZ,20241212,14.5,14.6,14.33,14.48,14.5,-0.1379,25184.73,36411.507
002750.SZ,20241212,2.78,2.83,2.74,2.81,2.78,1.0791,94708.71,26522.949
002752.SZ,20241212,6.88,6.91,6.45,6.49,6.33,2.5276,968950.66,639780.907
002753.SZ,20241212,6.99,7.11,6.93,7.1,6.98,1.7192,64750.15,45577.195
002755.SZ,20241212,13.89,14.1,13.8,14.02,13.77,1.8155,38593.83,53875.823
002756.SZ,20241212,42.9,45.9,41.73,44.71,42.9,4.2191,160500.83,707143.138
002757.SZ,20241212,16.52,16.54,15.85,16.18,16.68,-2.9976,285142.77,460472.648
002758.SZ,20241212,9.4,9.57,9.32,9.56,9.36,2.1368,107796.14,102203.621
002759.SZ,20241212,10.08,10.32,9.89,10.29,10.06,2.2863,231581.77,234774.771
002760.SZ,20241212,19.33,19.55,19.18,19.55,19.37,0.9293,11595.89,22440.423
002761.SZ,20241212,10.67,10.74,10.42,10.59,10.69,-0.9355,370856.09,391721.776
002762.SZ,20241212,7.98,8.16,7.92,8.1,7.98,1.5038,223966.25,180853.735
002763.SZ,20241212,7.26,7.43,7.24,7.41,7.26,2.0661,67749.6,49917.05
002765.SZ,20241212,10.6,11.36,10.41,10.73,10.78,-0.4638,977945.94,1055858.008
002766.SZ,20241212,7.29,7.9,7.01,7.16,7.78,-7.9692,1445698.64,1048379.468
002767.SZ,20241212,15.79,16.5,15.51,15.75,15.63,0.7678,50451.27,79810.25
002768.SZ,20241212,23.73,24.1,23.43,24.08,23.73,1.4749,29136.1,69262.028
002769.SZ,20241212,9.6,10.25,9.36,10.25,9.32,9.9785,479275.92,480831.094
002771.SZ,20241212,19.16,19.53,19.04,19.33,19.16,0.8873,100276.54,193209.529
002772.SZ,20241212,7.77,8.04,7.71,8.02,7.74,3.6176,154315.49,122237.717
002773.SZ,20241212,20.34,20.57,20.04,20.49,20.32,0.8366,86644.1,176675.118
002774.SZ,20241212,7.81,8.06,7.8,7.97,7.82,1.9182,110342.69,87376.046
002775.SZ,20241212,4.9,5.01,4.27,4.54,4.55,-0.2198,926470.21,427321.484
002777.SZ,20241212,20.62,20.73,20.2,20.49,20.57,-0.3889,100278.85,204531.587
002778.SZ,20241212,17.44,18.47,17.28,18.42,17.44,5.6193,86003.8,155443.654
002779.SZ,20241212,77.5,79.0,69.3,70.2,75.8,-7.3879,123005.0,892354.972
002780.SZ,20241212,13.31,14.26,13.19,14.0,13.3,5.2632,214162.51,297355.246
002782.SZ,20241212,13.16,13.25,12.88,13.12,13.07,0.3826,85110.49,110991.023
002783.SZ,20241212,9.07,9.22,8.9,9.13,9.11,0.2195,201622.23,182570.698
002785.SZ,20241212,32.82,34.09,32.11,33.75,32.87,2.6772,56468.01,187210.395
002786.SZ,20241212,11.85,11.85,11.56,11.68,11.76,-0.6803,180295.0,210763.657
002787.SZ,20241212,9.62,9.73,9.58,9.71,9.66,0.5176,103235.02,99913.281
002788.SZ,20241212,8.98,9.21,8.97,9.15,8.98,1.8931,106713.23,97464.699
002789.SZ,20241212,14.01,15.21,13.9,15.21,13.83,9.9783,97438.4,142701.347
002790.SZ,20241212,8.39,8.83,8.31,8.8,8.42,4.5131,165167.14,142744.735
002791.SZ,20241212,27.81,29.59,27.55,29.09,27.76,4.7911,84617.44,242028.499
002792.SZ,20241212,16.38,16.55,16.09,16.37,16.38,-0.0611,159841.95,261007.363
002793.SZ,20241212,4.66,4.71,4.57,4.62,4.64,-0.431,178275.8,82322.527
002795.SZ,20241212,5.45,5.55,5.4,5.47,5.5,-0.5455,322404.6,176425.211
002796.SZ,20241212,12.73,14.04,12.73,14.04,12.76,10.0313,234019.41,325284.368
002797.SZ,20241212,8.85,9.29,8.8,9.15,8.86,3.2731,3123645.16,2831842.83
002798.SZ,20241212,4.77,5.15,4.72,4.99,4.77,4.6122,280871.11,139073.738
002799.SZ,20241212,10.66,10.66,9.89,9.91,9.69,2.2704,584562.91,596428.465
002800.SZ,20241212,12.86,13.48,12.86,13.36,12.92,3.4056,65254.22,86289.297
002801.SZ,20241212,26.26,26.49,25.77,25.98,26.33,-1.3293,17298.95,45013.356
002802.SZ,20241212,13.99,14.1,13.75,13.86,13.98,-0.8584,31865.43,44297.102
002803.SZ,20241212,15.99,16.06,15.63,15.98,16.03,-0.3119,130542.25,206830.506
002805.SZ,20241212,13.68,13.81,13.54,13.78,13.7,0.5839,76470.2,104663.274
002806.SZ,20241212,13.88,14.45,13.86,14.07,13.99,0.5718,85163.21,120566.301
002807.SZ,20241212,4.34,4.44,4.32,4.43,4.35,1.8391,481412.49,211433.979
002808.SZ,20241212,3.92,3.97,3.78,3.96,3.92,1.0204,74375.8,28741.301
002809.SZ,20241212,9.17,9.34,9.11,9.33,9.16,1.8559,49703.43,45924.627
002810.SZ,20241212,14.8,15.25,14.72,15.01,14.83,1.2138,78058.23,116580.747
002811.SZ,20241212,9.54,9.97,9.5,9.95,9.51,4.6267,58985.91,57414.486
002812.SZ,20241212,36.68,36.85,36.19,36.54,36.77,-0.6255,97546.43,355840.967
002813.SZ,20241212,27.6,27.9,27.21,27.49,27.71,-0.7939,20920.0,57498.908
002815.SZ,20241212,10.67,10.67,10.36,10.53,10.67,-1.3121,317226.77,332852.507
002816.SZ,20241212,19.92,21.28,19.92,21.25,19.9,6.7839,66814.46,138154.206
002817.SZ,20241212,7.06,7.23,7.04,7.22,7.06,2.2663,68133.13,48784.136
002818.SZ,20241212,13.93,14.55,13.9,14.55,13.96,4.2264,74980.83,107114.998
002819.SZ,20241212,34.19,34.77,33.77,34.16,34.12,0.1172,156318.15,534846.66
002820.SZ,20241212,15.18,16.5,14.97,16.06,15.38,4.4213,603837.58,947897.249
002821.SZ,20241212,84.11,85.5,83.7,83.87,84.77,-1.0617,57027.97,480743.884
002822.SZ,20241212,4.45,4.48,4.34,4.44,4.43,0.2257,146055.11,64496.886
002823.SZ,20241212,15.54,15.68,15.32,15.49,15.54,-0.3218,71675.75,110758.018
002824.SZ,20241212,17.67,18.68,17.51,18.45,17.68,4.3552,217431.2,397085.942
002825.SZ,20241212,8.26,8.37,8.2,8.36,8.26,1.2107,55965.95,46499.378
002826.SZ,20241212,13.32,13.46,12.9,12.96,13.3,-2.5564,190555.0,249416.595
002827.SZ,20241212,31.84,32.73,31.27,31.85,31.74,0.3466,89439.5,285590.579
002828.SZ,20241212,9.92,10.0,9.83,9.94,9.92,0.2016,111902.0,110950.09
002829.SZ,20241212,24.1,24.78,23.44,24.38,24.44,-0.2455,258295.5,619956.902
002830.SZ,20241212,14.35,14.95,14.28,14.83,14.29,3.7789,22603.0,33181.052
002831.SZ,20241212,24.86,26.05,24.7,25.93,24.75,4.7677,69234.42,177800.371
002832.SZ,20241212,22.43,22.58,21.8,22.28,22.13,0.6778,292994.63,651082.375
002833.SZ,20241212,18.8,18.83,18.35,18.58,18.86,-1.4846,74120.02,137432.949
002835.SZ,20241212,20.39,20.61,19.83,20.14,20.66,-2.5169,182060.32,366576.124
002836.SZ,20241212,8.57,8.87,8.5,8.87,8.55,3.7427,70210.84,61392.167
002837.SZ,20241212,33.55,34.9,33.3,34.64,33.64,2.9727,262544.24,904975.155
002838.SZ,20241212,13.09,13.34,13.05,13.25,13.09,1.2223,46846.0,61851.251
002839.SZ,20241212,4.49,4.56,4.47,4.56,4.49,1.559,400564.66,181354.158
002840.SZ,20241212,13.66,14.8,13.48,14.46,13.57,6.5586,703014.48,1001063.354
002841.SZ,20241212,39.27,41.42,39.26,40.82,39.26,3.9735,140587.42,572869.817
002842.SZ,20241212,7.34,7.41,7.28,7.39,7.33,0.8186,76499.0,56203.393
002843.SZ,20241212,21.55,21.78,20.72,21.1,21.67,-2.6304,194151.25,410774.299
002845.SZ,20241212,16.1,16.16,15.9,16.13,16.11,0.1241,76113.38,122157.499
002846.SZ,20241212,9.62,9.67,9.44,9.54,9.67,-1.3444,131776.04,125972.65
002847.SZ,20241212,54.8,56.87,54.66,56.72,54.89,3.3339,38103.0,213785.563
002848.SZ,20241212,10.9,11.5,10.88,11.42,11.0,3.8182,253031.1,284255.627
002849.SZ,20241212,20.43,20.73,19.86,20.14,20.28,-0.6903,71068.7,143338.425
002850.SZ,20241212,106.66,106.98,105.01,106.0,107.0,-0.9346,22790.4,241154.278
002851.SZ,20241212,41.34,43.08,40.52,41.57,41.05,1.2667,243610.85,1022874.505
002852.SZ,20241212,9.74,9.97,9.56,9.93,9.74,1.9507,191390.25,187426.404
002853.SZ,20241212,12.1,12.36,11.41,12.22,12.28,-0.4886,151675.0,179712.042
002855.SZ,20241212,23.85,24.01,23.36,23.58,24.04,-1.9135,64669.0,152544.53
002856.SZ,20241212,11.07,11.35,10.96,11.3,11.06,2.17,82055.6,92068.561
002857.SZ,20241212,13.9,14.73,13.88,14.61,13.9,5.1079,72975.0,104931.463
002858.SZ,20241212,13.88,14.1,13.71,14.0,13.88,0.8646,85859.0,119517.658
002859.SZ,20241212,22.45,22.54,21.59,21.81,22.44,-2.8075,78698.37,172371.313
002860.SZ,20241212,10.16,11.17,10.13,11.17,10.15,10.0493,161095.22,174011.47
002861.SZ,20241212,14.0,14.32,13.54,13.73,13.57,1.1791,459961.11,638326.701
002862.SZ,20241212,40.0,43.41,37.09,40.2,39.46,1.8753,294104.81,1204593.483
002863.SZ,20241212,5.16,5.26,5.04,5.11,5.03,1.5905,283892.2,145391.891
002864.SZ,20241212,28.68,31.56,28.59,31.56,28.69,10.0035,87980.15,272307.928
002865.SZ,20241212,60.4,65.6,59.91,62.95,60.53,3.998,134555.4,844597.503
002866.SZ,20241212,19.32,19.5,19.01,19.35,19.3,0.2591,95909.57,184252.496
002867.SZ,20241212,13.97,14.5,13.8,14.41,14.0,2.9286,202900.95,290024.346
002868.SZ,20241212,17.75,19.36,17.65,19.36,17.6,10.0,74931.72,144023.613
002869.SZ,20241212,30.71,30.83,29.9,30.43,30.84,-1.3294,77260.43,234183.047
002870.SZ,20241212,34.8,35.88,34.74,34.94,35.57,-1.7712,62919.14,221128.912
002871.SZ,20241212,10.41,10.58,10.33,10.52,10.35,1.6425,30053.26,31437.159
002872.SZ,20241212,4.84,4.96,4.84,4.95,4.85,2.0619,39305.6,19240.159
002873.SZ,20241212,10.59,10.87,10.5,10.86,10.59,2.5496,91351.0,98435.077
002875.SZ,20241212,15.26,15.7,15.04,15.56,15.19,2.4358,181006.12,280065.999
002876.SZ,20241212,31.5,33.0,31.07,32.4,31.66,2.3373,114764.22,368311.405
002877.SZ,20241212,10.51,11.17,10.45,11.09,10.8,2.6852,454888.05,493736.432
002878.SZ,20241212,18.3,20.46,18.01,18.45,18.87,-2.2258,486052.68,920306.848
002879.SZ,20241212,15.0,15.16,14.85,15.07,14.92,1.0054,19319.4,29055.674
002880.SZ,20241212,28.8,29.87,28.63,29.86,28.87,3.4292,24017.3,70469.183
002881.SZ,20241212,30.2,30.4,28.58,29.03,29.68,-2.19,117945.15,344594.682
002882.SZ,20241212,17.53,17.73,17.38,17.72,17.69,0.1696,74641.04,131122.684
002883.SZ,20241212,12.07,12.19,11.83,12.13,12.07,0.4971,109599.32,131665.104
002884.SZ,20241212,18.17,18.47,18.11,18.42,18.17,1.3759,30369.22,55560.795
002885.SZ,20241212,14.0,14.05,13.75,13.94,13.87,0.5047,66264.6,92157.913
002886.SZ,20241212,19.22,19.36,18.55,18.91,19.67,-3.8638,352789.79,665389.159
002887.SZ,20241212,7.79,8.0,7.74,7.99,7.79,2.5674,68606.85,54204.29
002888.SZ,20241212,21.0,21.99,20.91,21.19,21.15,0.1891,120400.4,257739.669
002889.SZ,20241212,23.96,25.22,23.82,24.15,23.8,1.4706,112242.43,271767.683
002890.SZ,20241212,11.65,11.79,11.54,11.77,11.64,1.1168,12911.83,15093.909
002891.SZ,20241212,33.02,33.13,32.41,32.95,33.04,-0.2724,41093.98,134804.478
002892.SZ,20241212,19.06,19.66,18.6,18.78,19.83,-5.295,864946.64,1639124.668
002893.SZ,20241212,11.95,12.14,11.87,11.95,11.99,-0.3336,86855.08,103712.032
002895.SZ,20241212,22.28,22.49,22.06,22.45,22.21,1.0806,47994.53,107059.594
002896.SZ,20241212,38.68,38.86,37.55,38.2,39.06,-2.2017,129492.81,493340.378
002897.SZ,20241212,42.0,43.16,41.6,41.88,42.02,-0.3332,85753.12,362001.806
002898.SZ,20241212,11.53,11.96,11.48,11.89,11.52,3.2118,73702.4,86639.752
002899.SZ,20241212,22.74,24.11,21.99,24.11,21.92,9.9909,272838.93,635585.002
002900.SZ,20241212,11.17,11.32,11.12,11.32,11.14,1.6158,49841.55,56113.22
002901.SZ,20241212,32.41,32.7,32.19,32.39,32.4,-0.0309,9228.01,29902.135
002902.SZ,20241212,23.45,25.17,23.37,24.24,23.48,3.2368,252356.16,613989.455
002903.SZ,20241212,19.65,19.77,19.05,19.37,19.59,-1.123,75243.0,145098.758
002905.SZ,20241212,8.93,9.5,8.75,9.25,8.88,4.1667,203725.14,185030.737
002906.SZ,20241212,32.29,32.84,31.93,32.4,32.15,0.7776,50723.88,163994.876
002907.SZ,20241212,14.29,14.99,14.27,14.76,14.34,2.9289,84088.19,123612.03
002908.SZ,20241212,10.33,10.58,9.97,10.47,10.29,1.7493,386005.22,398105.065
002909.SZ,20241212,5.98,6.06,5.84,5.96,6.02,-0.9967,248166.57,147155.961
002910.SZ,20241212,9.33,9.63,9.18,9.55,9.28,2.9095,180367.81,170225.676
002911.SZ,20241212,12.22,12.48,12.13,12.29,12.24,0.4085,57483.15,70907.153
002912.SZ,20241212,29.1,29.8,28.96,29.31,29.2,0.3767,57553.2,169252.27
002913.SZ,20241212,25.3,25.38,25.03,25.17,25.15,0.0795,25538.0,64260.284
002915.SZ,20241212,16.22,17.49,15.52,15.97,17.19,-7.0971,764866.44,1232636.734
002916.SZ,20241212,98.87,99.94,98.3,99.52,99.03,0.4948,26813.56,266446.331
002917.SZ,20241212,10.14,10.19,10.0,10.12,10.14,-0.1972,106215.6,107229.381
002918.SZ,20241212,9.15,9.63,9.11,9.56,9.14,4.5952,165263.38,155545.77
002919.SZ,20241212,16.66,17.2,16.29,16.85,16.44,2.4939,221579.99,371395.514
002920.SZ,20241212,121.0,124.09,120.66,122.59,121.39,0.9885,37511.87,459760.296
002921.SZ,20241212,13.43,13.57,13.22,13.46,13.46,0.0,52468.3,70352.947
002922.SZ,20241212,17.3,17.34,17.03,17.19,17.24,-0.29,82328.4,141204.817
002923.SZ,20241212,10.7,10.9,10.65,10.89,10.74,1.3966,31462.58,34056.47
002925.SZ,20241212,15.37,15.37,14.94,15.14,15.28,-0.9162,123536.58,186487.666
002926.SZ,20241212,8.78,8.99,8.73,8.92,8.78,1.5945,285496.5,253383.314
002927.SZ,20241212,13.67,13.82,13.56,13.78,13.7,0.5839,70658.81,96882.851
002928.SZ,20241212,8.41,8.62,8.31,8.55,8.43,1.4235,140016.68,119438.318
002929.SZ,20241212,31.3,32.13,31.02,31.43,31.16,0.8665,102551.8,323069.628
002930.SZ,20241212,12.69,12.75,12.5,12.71,12.68,0.2366,52900.72,66722.54
002931.SZ,20241212,15.88,16.05,15.3,15.84,15.94,-0.6274,77730.14,122580.7
002932.SZ,20241212,19.92,20.16,19.84,20.12,19.93,0.9533,30277.76,60777.404
002933.SZ,20241212,38.74,42.0,38.74,40.81,39.22,4.0541,135543.06,548290.413
002935.SZ,20241212,18.44,18.57,17.96,18.12,18.56,-2.3707,165642.45,301459.559
002936.SZ,20241212,2.31,2.35,2.29,2.34,2.29,2.1834,2385505.1,553736.254
002937.SZ,20241212,18.17,18.99,18.09,18.58,18.17,2.2565,117241.35,218150.698
002938.SZ,20241212,36.1,36.85,35.76,36.36,36.1,0.7202,117472.35,425509.7
002939.SZ,20241212,8.71,8.92,8.68,8.85,8.71,1.6073,412583.49,363028.543
002940.SZ,20241212,15.1,15.31,14.88,15.19,15.2,-0.0658,44504.04,67183.737
002941.SZ,20241212,13.08,13.23,12.88,13.1,13.08,0.1529,297833.38,388467.493
002942.SZ,20241212,15.21,15.52,15.14,15.51,15.18,2.1739,21404.46,32898.681
002943.SZ,20241212,21.51,22.0,21.39,21.6,21.58,0.0927,68596.55,148869.355
002945.SZ,20241212,15.55,15.96,15.42,15.69,15.45,1.5534,321373.11,502857.737
002946.SZ,20241212,14.62,16.38,14.24,15.69,14.89,5.3727,288429.96,440036.646
002947.SZ,20241212,36.11,37.06,35.44,35.98,36.07,-0.2495,42655.2,153494.135
002948.SZ,20241212,3.81,3.88,3.8,3.87,3.81,1.5748,453235.0,174465.952
002949.SZ,20241212,18.49,19.6,18.41,19.6,17.82,9.9888,167385.72,325804.131
002950.SZ,20241212,9.08,9.26,9.08,9.24,9.12,1.3158,104064.01,95642.84
002951.SZ,20241212,7.6,7.6,7.45,7.46,7.59,-1.7128,15059.29,11309.412
002952.SZ,20241212,27.51,27.75,26.96,27.2,27.52,-1.1628,43148.0,117720.392
002953.SZ,20241212,10.03,11.02,9.97,11.02,10.02,9.98,264123.49,280593.233
002955.SZ,20241212,26.88,27.29,26.51,27.01,26.67,1.2748,60595.03,162866.201
002956.SZ,20241212,15.92,17.61,15.81,17.61,16.01,9.9938,159227.27,269254.563
002957.SZ,20241212,17.53,17.54,17.11,17.36,17.53,-0.9698,127455.21,220525.306
002958.SZ,20241212,3.19,3.22,3.16,3.2,3.18,0.6289,567596.1,181318.098
002959.SZ,20241212,46.1,48.0,46.0,47.98,46.04,4.2137,53228.48,250978.253
002960.SZ,20241212,12.54,12.76,12.08,12.19,12.16,0.2467,123084.31,151119.718
002961.SZ,20241212,15.7,16.17,15.55,16.0,15.66,2.1711,50668.37,80418.622
002962.SZ,20241212,18.1,18.58,18.0,18.58,18.22,1.9759,248037.8,455049.349
002963.SZ,20241212,12.87,12.97,12.76,12.92,12.8,0.9375,32902.0,42339.377
002965.SZ,20241212,31.72,32.18,31.34,31.57,31.88,-0.9724,48205.0,152571.433
002966.SZ,20241212,7.95,8.14,7.93,8.1,7.94,2.0151,800180.85,645163.409
002967.SZ,20241212,17.59,17.59,17.13,17.44,17.52,-0.4566,54800.0,95065.275
002968.SZ,20241212,10.55,10.87,10.51,10.85,10.55,2.8436,57933.2,62203.096
002969.SZ,20241212,3.59,3.69,3.54,3.68,3.58,2.7933,267400.94,96770.427
002970.SZ,20241212,46.4,47.09,46.02,46.93,46.49,0.9464,31603.0,147179.886
002971.SZ,20241212,21.78,22.31,21.75,22.18,21.9,1.2785,26196.4,57666.954
002972.SZ,20241212,11.12,11.98,11.08,11.52,11.12,3.5971,103980.9,119496.153
002973.SZ,20241212,11.42,11.51,11.15,11.4,11.42,-0.1751,54043.0,61244.623
002975.SZ,20241212,35.01,35.35,34.19,34.62,35.4,-2.2034,39359.05,136330.586
002976.SZ,20241212,25.47,26.13,25.35,26.09,25.49,2.3539,56639.4,146688.052
002977.SZ,20241212,31.79,32.57,31.29,32.0,31.76,0.7557,35306.44,112478.735
002978.SZ,20241212,30.3,31.52,30.08,31.42,30.18,4.1087,34142.76,105344.688
002979.SZ,20241212,34.6,35.2,33.01,33.83,34.99,-3.3152,263802.45,893922.336
002980.SZ,20241212,28.74,28.86,28.22,28.53,28.5,0.1053,8052.0,22913.519
002981.SZ,20241212,28.26,28.88,27.84,28.1,28.4,-1.0563,75477.31,213472.019
002982.SZ,20241212,20.39,20.97,20.15,20.9,20.27,3.108,46055.8,94879.086
002983.SZ,20241212,21.2,21.2,20.85,21.16,21.06,0.4748,22837.66,48155.171
002984.SZ,20241212,25.53,25.53,25.19,25.43,25.48,-0.1962,75400.47,191176.217
002985.SZ,20241212,24.8,25.42,24.73,25.29,24.83,1.8526,51491.62,129970.921
002986.SZ,20241212,12.38,12.44,12.22,12.43,12.3,1.0569,45237.88,55856.748
002987.SZ,20241212,15.61,16.18,15.39,16.14,15.61,3.3953,229468.71,362953.477
002988.SZ,20241212,20.4,20.59,20.19,20.43,20.31,0.5908,56132.0,114515.123
002989.SZ,20241212,22.01,22.67,21.76,22.53,22.01,2.3626,32383.3,72029.673
002990.SZ,20241212,27.81,28.3,27.45,27.84,27.8,0.1439,75219.76,209522.939
002991.SZ,20241212,82.36,86.38,81.1,85.1,81.93,3.8692,18455.07,156020.84
002992.SZ,20241212,60.64,61.93,60.19,61.2,60.64,0.9235,22493.4,137263.111
002993.SZ,20241212,40.76,40.88,39.2,39.95,40.77,-2.0113,92427.03,368243.938
002995.SZ,20241212,24.49,25.7,24.35,24.47,24.29,0.741,223254.29,554220.265
002996.SZ,20241212,7.02,7.09,6.91,7.05,7.0,0.7143,172351.94,120645.395
002997.SZ,20241212,39.19,39.6,38.2,39.25,38.92,0.8479,82121.25,319661.577
002998.SZ,20241212,6.9,7.0,6.85,7.0,6.89,1.5965,69619.03,48310.589
002999.SZ,20241212,6.9,7.22,6.86,7.2,6.92,4.0462,344523.8,242916.219
003000.SZ,20241212,14.0,14.47,13.73,14.33,13.83,3.6153,279017.89,393114.993
003001.SZ,20241212,56.0,56.0,50.88,54.0,53.43,1.0668,44462.94,236521.7
003002.SZ,20241212,25.1,26.2,25.02,26.1,25.19,3.6125,43591.0,112872.008
003003.SZ,20241212,10.53,10.91,10.45,10.8,10.52,2.6616,43769.24,47051.882
003004.SZ,20241212,30.0,31.2,29.89,30.48,30.23,0.827,41739.03,128114.003
003005.SZ,20241212,36.0,36.99,34.2,34.89,36.28,-3.8313,154663.56,549026.038
003006.SZ,20241212,25.93,27.29,25.9,27.23,25.8,5.5426,41465.75,110990.58
003007.SZ,20241212,31.64,32.07,31.48,31.93,31.63,0.9485,42756.0,135949.24
003008.SZ,20241212,19.75,19.95,19.67,19.93,19.75,0.9114,18267.0,36200.285
003009.SZ,20241212,42.13,42.64,41.98,42.33,42.12,0.4986,17873.43,75668.784
003010.SZ,20241212,23.27,24.4,23.06,23.91,23.3,2.618,78365.0,186316.157
003011.SZ,20241212,18.8,19.4,18.42,19.06,18.8,1.383,39024.42,73679.802
003012.SZ,20241212,6.76,7.04,6.74,7.02,6.76,3.8462,194517.26,134592.682
003013.SZ,20241212,16.82,17.03,16.7,16.99,16.82,1.0107,21172.07,35853.583
003015.SZ,20241212,14.97,15.07,14.73,14.94,14.97,-0.2004,116814.0,173496.867
003016.SZ,20241212,9.08,9.9,8.98,9.89,9.0,9.8889,414273.15,405417.767
003017.SZ,20241212,21.57,22.3,21.08,21.93,21.6,1.5278,36043.5,78069.258
003018.SZ,20241212,10.15,10.45,10.13,10.43,10.16,2.6575,33410.96,34414.638
003019.SZ,20241212,26.9,27.0,26.23,26.6,26.9,-1.1152,57076.06,151413.867
003020.SZ,20241212,19.85,20.15,19.77,19.9,19.81,0.4543,30535.67,60718.128
003021.SZ,20241212,82.1,85.12,81.59,82.11,84.21,-2.4938,105448.48,871878.158
003022.SZ,20241212,15.72,15.79,15.51,15.77,15.71,0.3819,68949.1,108008.284
003023.SZ,20241212,20.75,20.99,20.64,20.97,20.8,0.8173,45120.7,94084.36
003025.SZ,20241212,16.06,16.09,15.75,15.99,16.03,-0.2495,51857.45,82545.494
003026.SZ,20241212,38.06,38.39,37.87,38.28,38.08,0.5252,30624.2,116775.543
003027.SZ,20241212,17.33,17.35,16.91,17.31,17.33,-0.1154,57779.61,99010.225
003028.SZ,20241212,39.62,39.64,38.66,39.13,40.1,-2.419,23298.43,91240.223
003029.SZ,20241212,27.4,28.45,27.0,27.29,27.68,-1.409,121048.25,333400.386
003030.SZ,20241212,17.39,18.9,17.11,18.05,17.2,4.9419,67021.12,120258.999
003031.SZ,20241212,55.57,55.57,54.28,54.97,55.3,-0.5967,21444.21,117881.713
003032.SZ,20241212,12.74,12.79,12.13,12.47,12.73,-2.0424,317218.84,394426.676
003033.SZ,20241212,29.49,29.6,29.04,29.42,29.31,0.3753,17229.0,50561.627
003035.SZ,20241212,4.66,4.68,4.61,4.66,4.66,0.0,114333.0,53065.986
003036.SZ,20241212,11.0,11.05,10.8,10.95,10.95,0.0,63899.01,69756.97
003037.SZ,20241212,7.24,7.65,7.18,7.33,7.35,-0.2721,313853.16,231988.07
003038.SZ,20241212,19.75,19.93,19.4,19.63,19.78,-0.7583,49532.76,97236.62
003039.SZ,20241212,14.44,14.65,14.34,14.46,14.3,1.1189,73415.85,106419.235
003040.SZ,20241212,16.56,16.59,15.88,16.19,16.59,-2.4111,332932.29,538972.589
003041.SZ,20241212,24.38,24.55,23.82,24.2,24.2,0.0,33900.31,81894.323
003042.SZ,20241212,16.65,17.42,16.61,17.2,16.69,3.0557,136393.81,232360.174
003043.SZ,20241212,46.03,46.33,45.55,46.2,46.03,0.3693,9392.11,43225.103
003816.SZ,20241212,4.06,4.06,4.02,4.05,4.06,-0.2463,1321173.65,533425.773
300001.SZ,20241212,22.63,22.7,22.4,22.58,22.58,0.0,113408.12,255503.073
300002.SZ,20241212,12.7,12.95,12.6,12.8,12.7,0.7874,790149.37,1008227.772
300003.SZ,20241212,12.31,12.42,12.19,12.4,12.3,0.813,213437.56,263133.399
300004.SZ,20241212,7.08,7.14,7.02,7.13,7.1,0.4225,128166.0,90924.789
300005.SZ,20241212,7.8,8.3,7.61,8.26,7.8,5.8974,561528.15,451728.015
300006.SZ,20241212,6.3,6.43,6.12,6.27,6.29,-0.318,430139.04,268261.552
300007.SZ,20241212,23.96,26.26,23.96,24.42,24.17,1.0343,812961.23,2023367.01
300008.SZ,20241212,5.56,5.59,5.43,5.52,5.56,-0.7194,815954.03,449313.24
300009.SZ,20241212,9.16,9.3,9.11,9.3,9.16,1.5284,228261.46,210946.098
300010.SZ,20241212,9.77,9.95,9.6,9.83,10.17,-3.3432,1882617.73,1837618.84
300011.SZ,20241212,8.82,8.98,8.72,8.95,8.8,1.7045,226718.0,201156.607
300012.SZ,20241212,13.37,13.45,13.16,13.45,13.3,1.1278,295721.94,393568.973
300013.SZ,20241212,4.27,4.44,4.17,4.2,4.29,-2.0979,217077.5,93253.466
300014.SZ,20241212,48.0,48.89,47.75,48.45,48.1,0.7277,195318.74,944209.944
300015.SZ,20241212,14.99,15.2,14.77,15.15,14.99,1.0674,995518.72,1492499.995
300016.SZ,20241212,7.17,7.32,7.15,7.28,7.17,1.5342,119056.5,86436.223
300017.SZ,20241212,9.84,9.99,9.66,9.81,9.81,0.0,1185218.77,1163463.355
300018.SZ,20241212,7.65,7.69,7.48,7.65,7.7,-0.6494,212346.1,161436.095
300019.SZ,20241212,16.63,16.78,16.45,16.68,16.67,0.06,112198.39,186477.146
300020.SZ,20241212,3.77,4.22,3.76,4.06,3.8,6.8421,797058.97,318792.801
300021.SZ,20241212,4.72,4.74,4.6,4.66,4.76,-2.1008,358151.03,166519.669
300022.SZ,20241212,5.46,5.88,5.45,5.71,5.52,3.442,471436.39,265505.264
300024.SZ,20241212,21.87,22.3,21.29,21.99,22.0,-0.0455,1512581.57,3287571.898
300025.SZ,20241212,13.35,14.44,13.3,14.13,13.24,6.7221,480120.47,667319.049
300026.SZ,20241212,4.22,4.36,4.18,4.3,4.21,2.1378,1115692.48,479181.891
300027.SZ,20241212,3.52,3.64,3.46,3.55,3.53,0.5666,2384325.66,843750.441
300029.SZ,20241212,5.93,6.05,5.93,6.0,5.95,0.8403,29967.0,17934.404
300030.SZ,20241212,7.17,7.29,7.14,7.25,7.18,0.9749,97455.02,70337.297
300031.SZ,20241212,21.83,22.2,21.3,21.66,21.82,-0.7333,286231.91,622038.589
300032.SZ,20241212,6.0,6.04,5.76,5.88,5.99,-1.8364,619271.86,362268.54
300033.SZ,20241212,315.0,332.18,315.0,323.6,318.03,1.7514,192365.66,6213245.484
300034.SZ,20241212,16.75,17.0,16.73,16.98,16.76,1.3126,129341.2,218691.067
300035.SZ,20241212,15.22,15.28,14.99,15.26,15.22,0.2628,161448.65,244390.442
300036.SZ,20241212,19.09,19.24,18.79,19.01,19.01,0.0,141312.21,268776.614
300037.SZ,20241212,39.33,39.38,38.6,38.9,39.3,-1.0178,101307.62,394452.117
300039.SZ,20241212,6.87,7.09,6.8,7.05,6.87,2.6201,546645.99,382917.974
300040.SZ,20241212,6.81,6.87,6.72,6.87,6.83,0.5857,193085.12,131621.554
300041.SZ,20241212,9.21,9.22,9.07,9.2,9.18,0.2179,118211.85,108277.195
300042.SZ,20241212,21.9,22.12,21.48,21.7,21.94,-1.0939,76091.5,165401.944
300043.SZ,20241212,4.83,5.77,4.7,5.43,4.81,12.8898,3787858.51,2081287.998
300044.SZ,20241212,8.17,8.21,7.82,7.98,8.22,-2.9197,927003.41,740819.955
300045.SZ,20241212,24.99,25.28,24.5,25.17,24.98,0.7606,290415.53,724592.634
300046.SZ,20241212,39.1,40.0,38.63,39.98,39.44,1.3692,206617.55,812066.573
300047.SZ,20241212,13.92,14.36,13.72,14.34,13.96,2.7221,502355.66,704840.446
300048.SZ,20241212,5.48,5.49,5.36,5.43,5.45,-0.367,131187.48,70989.493
300049.SZ,20241212,38.8,39.0,38.43,38.75,38.91,-0.4112,64971.0,251325.108
300050.SZ,20241212,7.38,7.77,7.32,7.5,7.33,2.3192,762278.46,575617.053
300051.SZ,20241212,8.75,8.88,8.6,8.76,8.69,0.8055,78984.01,68953.278
300052.SZ,20241212,20.51,22.06,20.51,21.4,20.71,3.3317,334031.08,716659.492
300053.SZ,20241212,15.91,16.33,15.68,16.13,16.02,0.6866,367491.53,587880.374
300054.SZ,20241212,27.3,27.56,26.92,27.36,27.3,0.2198,114735.06,312317.46
300055.SZ,20241212,5.91,5.94,5.81,5.93,5.91,0.3384,107634.0,63207.668
300056.SZ,20241212,15.5,15.91,15.15,15.78,15.47,2.0039,268605.75,417199.832
300057.SZ,20241212,5.74,5.82,5.72,5.82,5.74,1.3937,217137.26,125689.145
300058.SZ,20241212,12.0,12.4,11.52,11.53,11.53,0.0,4773872.85,5693490.726
300059.SZ,20241212,27.6,28.3,27.38,27.91,27.65,0.9403,6578229.81,18306815.365
300061.SZ,20241212,15.8,17.0,15.54,16.93,16.0,5.8125,710973.9,1158611.297
300062.SZ,20241212,6.39,6.45,6.2,6.34,6.23,1.7657,308250.2,194623.733
300063.SZ,20241212,13.89,14.44,12.47,12.72,13.4,-5.0746,3198952.96,4272835.362
300065.SZ,20241212,9.87,10.0,9.68,9.77,9.84,-0.7114,224667.45,220308.691
300066.SZ,20241212,4.88,4.9,4.75,4.86,4.9,-0.8163,322738.0,155907.653
300067.SZ,20241212,6.38,6.41,6.08,6.22,6.38,-2.5078,971999.22,601913.096
300068.SZ,20241212,19.21,19.4,19.02,19.23,19.24,-0.052,407714.4,783615.358
300069.SZ,20241212,15.85,15.98,15.59,15.91,15.69,1.4022,20906.0,33113.089
300070.SZ,20241212,5.9,5.91,5.74,5.87,5.91,-0.6768,603132.37,351368.669
300071.SZ,20241212,7.21,7.46,6.75,6.87,7.49,-8.2777,2438471.39,1704865.986
300072.SZ,20241212,4.29,4.37,4.23,4.33,4.31,0.464,461437.52,197832.535
300073.SZ,20241212,43.95,44.64,43.6,44.05,43.96,0.2047,137714.09,607593.731
300074.SZ,20241212,5.03,5.21,4.95,5.19,5.05,2.7723,392916.88,200099.799
300075.SZ,20241212,19.31,19.5,19.05,19.25,19.33,-0.4139,238711.75,460136.44
300076.SZ,20241212,8.14,8.68,8.0,8.33,8.05,3.4783,324069.67,268180.786
300077.SZ,20241212,29.22,29.29,28.51,29.02,29.51,-1.6605,589667.83,1702942.556
300078.SZ,20241212,4.12,4.17,4.03,4.11,4.13,-0.4843,591981.73,242612.41
300079.SZ,20241212,6.7,6.75,6.51,6.66,6.68,-0.2994,731578.24,484772.881
300080.SZ,20241212,5.18,5.21,5.12,5.19,5.19,0.0,199099.65,102950.533
300081.SZ,20241212,9.32,10.3,9.22,9.91,9.34,6.1028,1294395.19,1258920.931
300082.SZ,20241212,7.89,8.03,7.8,7.94,7.88,0.7614,189139.66,149801.092
300083.SZ,20241212,8.04,8.1,7.83,7.91,8.08,-2.104,597276.52,472877.453
300084.SZ,20241212,6.6,6.68,6.54,6.61,6.63,-0.3017,82047.8,54171.018
300085.SZ,20241212,49.05,50.6,48.24,49.68,49.05,1.2844,607495.55,2997768.811
300086.SZ,20241212,6.04,6.26,5.99,6.2,6.09,1.8062,424732.0,261614.651
300087.SZ,20241212,11.41,11.71,11.23,11.69,11.43,2.2747,387701.17,445255.736
300088.SZ,20241212,7.2,7.28,7.15,7.28,7.2,1.1111,863764.98,623930.691
300091.SZ,20241212,3.31,3.34,3.18,3.25,3.33,-2.4024,861800.42,279534.097
300092.SZ,20241212,12.59,12.62,12.42,12.6,12.59,0.0794,63862.63,80112.653
300093.SZ,20241212,19.0,19.4,18.88,19.16,19.23,-0.364,122676.62,234464.224
300094.SZ,20241212,4.96,5.5,4.91,5.27,5.01,5.1896,2263145.34,1183087.856
300095.SZ,20241212,7.57,7.61,7.46,7.58,7.56,0.2646,71146.0,53738.3
300096.SZ,20241212,3.91,3.98,3.91,3.94,3.93,0.2545,106214.5,41848.373
300097.SZ,20241212,6.67,6.67,6.67,6.67,8.34,-20.024,24176.0,16125.392
300098.SZ,20241212,7.26,7.5,7.12,7.38,7.26,1.6529,1943868.41,1425102.529
300099.SZ,20241212,6.94,7.34,6.83,7.26,6.96,4.3103,486351.93,347598.23
300100.SZ,20241212,31.8,31.81,29.4,30.29,32.9,-7.9331,496604.75,1520140.629
300101.SZ,20241212,25.38,26.02,24.97,25.38,25.29,0.3559,181671.5,461644.206
300102.SZ,20241212,12.25,13.28,12.15,13.14,12.2,7.7049,966439.47,1220938.748
300103.SZ,20241212,7.46,8.25,7.45,7.81,7.42,5.2561,245943.04,193386.121
300105.SZ,20241212,7.68,7.74,7.54,7.63,7.61,0.2628,111024.0,84580.88
300106.SZ,20241212,11.63,13.51,11.51,12.59,11.62,8.3477,636662.37,793744.892
300107.SZ,20241212,11.27,11.48,11.11,11.4,11.31,0.7958,230630.06,260737.45
300108.SZ,20241212,1.98,2.19,1.98,2.13,1.98,7.5758,983558.75,206386.716
300109.SZ,20241212,17.56,17.56,17.11,17.44,17.91,-2.6242,244264.45,422917.128
300110.SZ,20241212,4.1,4.16,4.08,4.15,4.11,0.9732,339475.94,140286.53
300111.SZ,20241212,3.87,3.93,3.78,3.86,3.88,-0.5155,416030.3,159819.015
300112.SZ,20241212,10.9,11.09,10.6,10.8,11.2,-3.5714,302123.02,326142.218
300113.SZ,20241212,16.13,16.17,15.7,16.01,16.08,-0.4353,229186.94,364899.752
300114.SZ,20241212,68.71,72.7,68.68,72.5,68.71,5.5159,268018.22,1907680.426
300115.SZ,20241212,18.7,18.89,18.11,18.38,18.72,-1.8162,698210.42,1280747.387
300117.SZ,20241212,1.58,1.61,1.53,1.55,1.57,-1.2739,532743.67,82916.756
300118.SZ,20241212,14.02,14.12,13.82,14.02,14.06,-0.2845,306666.23,428424.434
300119.SZ,20241212,20.53,20.67,20.2,20.59,20.38,1.0304,37742.77,77237.998
300120.SZ,20241212,11.96,12.24,11.67,11.81,11.95,-1.1715,428177.62,508458.194
300121.SZ,20241212,13.81,13.83,13.57,13.73,13.82,-0.6512,129037.67,176800.208
300122.SZ,20241212,30.05,30.1,29.63,30.0,30.01,-0.0333,212571.8,635529.291
300123.SZ,20241212,7.33,7.5,7.21,7.37,7.42,-0.6739,493094.52,361740.861
300124.SZ,20241212,61.1,61.78,60.8,61.25,61.57,-0.5197,210149.66,1286624.996
300125.SZ,20241212,7.27,7.4,7.15,7.29,7.26,0.4132,129800.18,94607.051
300126.SZ,20241212,6.39,6.48,6.35,6.48,6.41,1.092,51559.0,33172.197
300127.SZ,20241212,29.12,29.26,28.67,28.95,29.41,-1.5641,132326.84,382371.971
300128.SZ,20241212,5.98,6.08,5.73,6.06,5.95,1.8487,551556.82,324857.539
300129.SZ,20241212,7.87,7.93,7.78,7.93,7.85,1.0191,165683.89,130391.911
300130.SZ,20241212,25.45,25.6,24.91,25.59,25.4,0.748,203310.18,515181.11
300131.SZ,20241212,8.45,8.81,8.38,8.64,8.54,1.171,1103062.13,948894.635
300132.SZ,20241212,5.8,6.0,5.75,5.94,5.8,2.4138,196610.0,116518.131
300133.SZ,20241212,8.9,8.96,8.47,8.67,8.8,-1.4773,1391068.32,1207487.986
300134.SZ,20241212,15.45,15.55,14.78,14.95,15.38,-2.7958,335034.75,502244.354
300135.SZ,20241212,4.81,4.82,4.68,4.79,4.83,-0.8282,516399.92,245620.82
300136.SZ,20241212,27.2,27.43,26.85,27.09,27.26,-0.6236,297304.2,805939.034
300137.SZ,20241212,5.75,5.82,5.75,5.76,5.79,-0.5181,55068.4,31816.49
300138.SZ,20241212,9.29,9.6,9.23,9.58,9.28,3.2328,181635.1,171419.762
300139.SZ,20241212,17.84,18.5,17.79,18.11,17.77,1.9133,337598.74,611933.525
300140.SZ,20241212,6.82,6.84,6.66,6.75,6.81,-0.8811,143210.7,96457.351
300141.SZ,20241212,9.85,9.93,9.73,9.92,9.87,0.5066,51958.0,51101.377
300142.SZ,20241212,14.33,14.55,14.22,14.34,14.34,0.0,413008.25,593604.465
300143.SZ,20241212,10.04,10.15,9.95,10.13,10.01,1.1988,74665.19,74889.554
300144.SZ,20241212,9.9,10.31,9.87,10.29,9.95,3.4171,887027.04,900416.124
300145.SZ,20241212,3.77,3.78,3.66,3.71,3.77,-1.5915,618568.12,229205.255
300146.SZ,20241212,13.28,13.54,13.07,13.51,13.28,1.7319,425177.46,566049.13
300147.SZ,20241212,12.55,14.85,12.55,13.87,12.62,9.9049,1219875.09,1684858.886
300148.SZ,20241212,5.0,5.38,4.96,5.06,4.98,1.6064,1118668.22,573163.544
300149.SZ,20241212,8.01,8.19,7.82,7.89,8.0,-1.375,460477.83,366319.923
300150.SZ,20241212,5.12,5.18,5.04,5.17,5.13,0.7797,158459.24,81269.878
300151.SZ,20241212,19.44,19.55,19.04,19.29,19.44,-0.7716,68695.31,132233.529
300152.SZ,20241212,6.77,6.92,6.6,6.9,6.82,1.173,791817.6,537064.577
300153.SZ,20241212,8.67,9.48,8.64,8.97,8.69,3.2221,308509.54,280060.777
300154.SZ,20241212,9.99,10.63,9.8,10.28,9.9,3.8384,346464.79,352751.412
300155.SZ,20241212,6.07,6.59,6.01,6.39,6.1,4.7541,604032.39,380446.953
300157.SZ,20241212,3.97,4.02,3.86,3.95,4.02,-1.7413,631426.81,247896.647
300158.SZ,20241212,5.13,5.25,5.12,5.23,5.15,1.5534,310725.0,161629.675
300159.SZ,20241212,4.0,4.12,3.93,4.0,4.03,-0.7444,1200841.0,483725.207
300160.SZ,20241212,6.15,6.18,6.08,6.16,6.18,-0.3236,187004.15,114738.669
300161.SZ,20241212,29.51,29.8,29.25,29.49,30.09,-1.994,75709.28,222833.446
300162.SZ,20241212,9.22,9.53,9.22,9.3,9.54,-2.5157,413574.47,385295.916
300163.SZ,20241212,2.77,2.82,2.67,2.81,2.79,0.7168,251940.8,68988.082
300164.SZ,20241212,4.91,4.95,4.82,4.91,4.9,0.2041,316982.0,155123.271
300165.SZ,20241212,3.69,3.79,3.67,3.72,3.71,0.2695,431427.23,160641.847
300166.SZ,20241212,12.23,12.25,11.57,11.89,12.11,-1.8167,1299639.74,1543681.542
300167.SZ,20241212,2.65,2.72,2.58,2.59,2.67,-2.9963,248085.0,65387.517
300168.SZ,20241212,9.37,9.44,9.18,9.35,9.38,-0.3198,358999.81,334351.497
300169.SZ,20241212,9.83,10.1,9.63,9.98,9.78,2.045,348334.01,344752.254
300170.SZ,20241212,11.9,12.33,11.24,11.82,11.42,3.5026,1930869.01,2275068.223
300171.SZ,20241212,15.25,15.48,14.91,15.08,15.39,-2.0143,185338.72,279631.143
300172.SZ,20241212,5.95,6.02,5.86,5.93,5.91,0.3384,483784.3,286611.696
300173.SZ,20241212,6.84,6.96,6.66,6.96,6.92,0.578,832945.06,566005.739
300174.SZ,20241212,16.96,17.34,16.82,17.15,17.02,0.7638,65440.0,111616.244
300175.SZ,20241212,7.4,7.65,7.26,7.59,7.4,2.5676,476359.01,358652.038
300176.SZ,20241212,8.09,8.25,7.96,8.24,8.09,1.8541,202975.54,164887.886
300177.SZ,20241212,13.9,14.15,13.48,13.9,14.07,-1.2082,950323.5,1311333.996
300179.SZ,20241212,11.65,11.87,11.29,11.65,11.88,-1.936,360571.42,416517.203
300180.SZ,20241212,7.88,8.52,7.73,8.44,7.92,6.5657,2192818.5,1784465.414
300181.SZ,20241212,16.71,17.0,16.59,16.99,16.73,1.5541,126903.0,214233.983
300182.SZ,20241212,7.31,7.37,7.07,7.17,7.44,-3.629,2879024.79,2074790.897
300183.SZ,20241212,17.89,18.02,17.52,17.83,17.89,-0.3354,99554.2,176717.478
300184.SZ,20241212,11.06,11.54,10.96,11.51,11.04,4.2572,1361924.71,1545540.285
300185.SZ,20241212,3.12,3.13,3.04,3.09,3.12,-0.9615,1046486.0,321830.251
300187.SZ,20241212,5.79,5.88,5.77,5.85,5.79,1.0363,107810.0,62831.473
300188.SZ,20241212,16.69,16.89,16.22,16.78,16.61,1.0235,311137.5,516302.977
300189.SZ,20241212,4.53,4.78,4.41,4.76,4.58,3.9301,1731805.75,800777.772
300190.SZ,20241212,4.21,4.22,4.14,4.21,4.2,0.2381,116784.64,48980.061
300191.SZ,20241212,14.53,14.69,14.37,14.51,14.52,-0.0689,33355.0,48417.945
300192.SZ,20241212,15.44,16.12,15.26,16.04,15.29,4.9052,330572.21,517095.211
300193.SZ,20241212,10.0,10.07,9.81,9.95,10.04,-0.8964,138616.2,137493.381
300194.SZ,20241212,5.12,5.16,5.08,5.15,5.1,0.9804,327820.24,168074.489
300195.SZ,20241212,7.06,7.22,6.87,7.03,7.1,-0.9859,331434.64,232334.369
300196.SZ,20241212,12.28,12.52,12.14,12.37,12.27,0.815,56610.7,69849.446
300197.SZ,20241212,3.12,3.12,2.96,3.02,3.15,-4.127,2128379.53,640869.818
300198.SZ,20241212,3.04,3.07,2.96,2.99,3.07,-2.6059,749532.42,225050.56
300199.SZ,20241212,13.25,13.44,13.16,13.41,13.23,1.3605,320071.34,426503.54
300200.SZ,20241212,9.45,9.56,9.31,9.52,9.49,0.3161,78302.8,74015.76
300201.SZ,20241212,6.42,6.65,6.24,6.63,6.38,3.9185,1008524.05,654672.954
300203.SZ,20241212,17.65,17.98,17.28,17.88,17.65,1.3031,138396.28,243271.69
300204.SZ,20241212,8.5,8.72,8.45,8.61,8.5,1.2941,110724.0,95024.93
300205.SZ,20241212,5.71,5.81,5.68,5.8,5.72,1.3986,107421.02,61783.343
300206.SZ,20241212,13.07,13.32,12.95,13.05,13.16,-0.8359,192432.2,251693.41
300207.SZ,20241212,23.43,23.71,23.1,23.63,23.51,0.5104,276586.94,648105.601
300208.SZ,20241212,3.1,3.14,3.06,3.1,3.11,-0.3215,112501.0,34905.858
300209.SZ,20241212,5.94,6.0,5.83,5.92,5.94,-0.3367,61791.0,36489.815
300210.SZ,20241212,12.26,13.02,12.25,12.79,12.41,3.062,281062.67,357144.052
300211.SZ,20241212,9.71,9.88,9.3,9.48,9.99,-5.1051,297840.37,282919.42
300212.SZ,20241212,27.6,27.85,27.01,27.28,27.47,-0.6917,156858.36,428385.488
300213.SZ,20241212,9.17,9.68,9.03,9.21,9.03,1.9934,780271.54,726970.551
300214.SZ,20241212,6.36,6.55,6.31,6.48,6.37,1.7268,128219.0,82730.162
300215.SZ,20241212,6.71,7.01,6.61,7.0,6.75,3.7037,331901.68,227428.604
300217.SZ,20241212,5.62,5.69,5.57,5.65,5.63,0.3552,496747.72,279719.411
300218.SZ,20241212,16.15,16.38,16.09,16.31,16.15,0.9907,31175.88,50639.301
300219.SZ,20241212,8.33,8.47,8.19,8.47,8.33,1.6807,345715.5,289009.67
300220.SZ,20241212,18.0,18.08,17.28,17.66,18.08,-2.323,143288.33,251899.671
300221.SZ,20241212,6.97,6.98,6.71,6.85,6.96,-1.5805,391593.0,267092.799
300222.SZ,20241212,12.72,12.9,12.4,12.82,12.94,-0.9274,686894.76,869394.564
300223.SZ,20241212,69.55,69.91,68.51,69.78,70.0,-0.3143,104030.19,720362.38
300224.SZ,20241212,13.13,13.21,12.88,13.09,13.21,-0.9084,228185.41,297267.11
300225.SZ,20241212,7.65,7.75,7.53,7.71,7.65,0.7843,143781.0,109930.763
300226.SZ,20241212,25.95,26.3,25.51,26.2,26.11,0.3447,164802.22,427353.484
300227.SZ,20241212,10.5,10.56,10.1,10.22,10.47,-2.3878,383592.65,392653.442
300228.SZ,20241212,7.72,7.78,7.57,7.77,7.72,0.6477,270890.92,208646.366
300229.SZ,20241212,23.1,23.37,21.89,22.75,23.23,-2.0663,920136.62,2075411.148
300230.SZ,20241212,5.21,5.22,5.1,5.16,5.22,-1.1494,216473.08,111657.482
300231.SZ,20241212,14.03,14.93,13.9,14.91,14.04,6.1966,660573.94,959506.273
300232.SZ,20241212,7.5,7.5,7.35,7.42,7.48,-0.8021,319042.54,236407.865
300233.SZ,20241212,13.66,13.87,13.54,13.71,13.57,1.0317,137900.37,188942.8
300234.SZ,20241212,5.41,5.51,5.38,5.51,5.41,1.8484,132838.81,72562.574
300235.SZ,20241212,13.37,14.11,13.15,13.71,13.37,2.543,350446.57,482743.137
300236.SZ,20241212,40.35,40.5,39.7,40.12,40.63,-1.2552,47592.12,190267.198
300237.SZ,20241212,2.98,2.99,2.85,2.92,3.0,-2.6667,1155537.29,336887.599
300238.SZ,20241212,14.05,14.37,13.9,14.37,14.08,2.0597,102850.0,145911.3
300239.SZ,20241212,5.97,6.03,5.93,6.03,5.96,1.1745,149787.94,89750.529
300240.SZ,20241212,7.97,8.37,7.93,8.29,8.05,2.9814,435398.0,357237.767
300241.SZ,20241212,6.11,6.12,6.01,6.1,6.11,-0.1637,230778.02,140029.733
300242.SZ,20241212,6.14,6.49,5.9,6.04,6.14,-1.6287,1228346.16,753991.275
300243.SZ,20241212,11.11,11.17,10.95,11.14,11.14,0.0,75673.1,83950.075
300244.SZ,20241212,13.4,13.54,13.31,13.48,13.45,0.223,112055.53,150683.258
300245.SZ,20241212,14.29,15.35,13.96,15.02,14.44,4.0166,668307.72,979682.975
300246.SZ,20241212,7.99,8.15,7.96,8.15,8.01,1.7478,90446.0,73183.79
300247.SZ,20241212,4.37,4.66,4.33,4.55,4.38,3.8813,518818.02,234151.218
300248.SZ,20241212,12.09,12.53,11.96,12.28,12.11,1.4038,300484.21,367206.453
300249.SZ,20241212,11.39,12.19,11.3,11.52,11.57,-0.4322,694562.47,813314.699
300250.SZ,20241212,17.3,17.48,16.96,17.22,17.23,-0.058,117829.24,202799.321
300251.SZ,20241212,9.82,9.92,9.6,9.88,9.82,0.611,654186.24,637439.491
300252.SZ,20241212,9.9,10.09,9.75,9.85,9.9,-0.5051,307721.67,304749.091
300253.SZ,20241212,8.12,8.16,7.93,8.15,8.12,0.3695,647629.0,521857.89
300254.SZ,20241212,9.8,9.96,9.75,9.92,9.79,1.3279,117229.8,115858.356
300255.SZ,20241212,21.06,22.06,20.91,21.72,21.04,3.2319,487750.84,1051990.891
300256.SZ,20241212,6.18,6.46,5.81,5.94,5.88,1.0204,5135314.87,3140155.529
300257.SZ,20241212,10.07,10.08,9.9,10.01,10.06,-0.497,92458.06,92332.841
300258.SZ,20241212,10.18,10.32,10.04,10.21,10.22,-0.0978,144799.05,147066.139
300259.SZ,20241212,4.09,4.09,3.98,4.05,4.07,-0.4914,218421.73,88053.252
300260.SZ,20241212,26.9,26.96,26.36,26.71,26.86,-0.5585,77850.45,206976.086
300261.SZ,20241212,8.21,8.35,8.12,8.34,8.2,1.7073,289129.68,239256.194
300263.SZ,20241212,8.04,8.17,7.82,7.94,8.03,-1.1208,634026.57,507040.04
300264.SZ,20241212,7.38,7.45,7.15,7.26,7.4,-1.8919,532983.25,386655.681
300265.SZ,20241212,9.02,9.06,8.83,8.99,9.07,-0.882,156277.57,139878.463
300266.SZ,20241212,3.74,3.74,3.59,3.65,3.75,-2.6667,661412.0,241545.612
300267.SZ,20241212,3.55,3.62,3.5,3.58,3.55,0.8451,721247.0,257084.268
300268.SZ,20241212,8.36,8.63,8.28,8.56,8.25,3.7576,22186.0,18883.437
300269.SZ,20241212,5.38,5.38,5.23,5.35,5.43,-1.4733,444662.0,236242.563
300270.SZ,20241212,10.0,10.32,9.49,9.57,10.2,-6.1765,730930.41,711266.493
300271.SZ,20241212,8.55,8.7,8.42,8.6,8.53,0.8206,314787.17,269521.503
300272.SZ,20241212,7.02,7.28,7.0,7.21,7.06,2.1246,195239.7,139898.682
300274.SZ,20241212,78.62,79.8,78.23,79.1,78.87,0.2916,238191.87,1883853.525
300275.SZ,20241212,15.48,16.69,15.45,16.58,15.49,7.0368,318204.67,519178.662
300276.SZ,20241212,11.29,11.79,10.75,11.18,11.33,-1.3239,2570571.91,2913178.66
300277.SZ,20241212,14.0,14.29,13.94,14.19,14.09,0.7097,200090.09,281863.799
300278.SZ,20241212,7.9,8.6,7.87,8.13,8.1,0.3704,1968593.78,1616569.303
300279.SZ,20241212,7.73,7.88,7.47,7.88,7.8,1.0256,457352.85,348095.666
300280.SZ,20241212,18.61,18.88,18.27,18.48,18.85,-1.9629,229155.0,424186.123
300281.SZ,20241212,6.99,7.04,6.83,7.02,7.0,0.2857,162186.49,113008.433
300283.SZ,20241212,6.71,6.81,6.63,6.76,6.74,0.2967,98477.0,66221.382
300284.SZ,20241212,12.03,12.03,11.6,11.97,12.06,-0.7463,534920.32,634386.984
300285.SZ,20241212,18.65,18.74,18.28,18.72,18.63,0.4831,165199.38,305937.486
300286.SZ,20241212,20.81,20.93,20.46,20.69,20.84,-0.7198,38220.76,78980.501
300287.SZ,20241212,5.73,6.11,5.71,5.81,5.79,0.3454,2207597.98,1296378.436
300288.SZ,20241212,18.26,18.43,17.74,18.02,18.41,-2.1184,254817.37,458568.191
300289.SZ,20241212,5.79,5.92,5.77,5.9,5.78,2.0761,96108.62,56250.981
300290.SZ,20241212,22.05,22.87,21.62,22.55,21.97,2.64,412356.5,915008.026
300291.SZ,20241212,6.6,6.76,6.43,6.5,6.6,-1.5152,647775.58,425451.772
300292.SZ,20241212,5.85,5.86,5.61,5.75,5.82,-1.2027,950984.84,542724.309
300293.SZ,20241212,28.0,28.36,27.6,27.95,28.1,-0.5338,129034.01,360005.837
300294.SZ,20241212,31.18,31.65,31.05,31.54,31.17,1.187,56140.0,175873.351
300295.SZ,20241212,20.8,21.49,20.69,21.1,20.88,1.0536,179478.54,377945.378
300296.SZ,20241212,7.02,7.05,6.58,6.72,7.07,-4.9505,3092468.83,2086424.834
300298.SZ,20241212,25.08,26.99,24.91,26.88,25.17,6.7938,150386.45,393342.752
300299.SZ,20241212,7.2,8.2,7.1,7.42,6.83,8.6384,1964737.62,1483041.475
300300.SZ,20241212,3.38,3.44,3.29,3.3,3.27,0.9174,274518.29,91802.511
300301.SZ,20241212,1.93,1.97,1.92,1.93,1.94,-0.5155,160237.0,31056.135
300302.SZ,20241212,16.5,17.36,16.31,17.34,16.47,5.2823,336754.57,571388.367
300303.SZ,20241212,7.17,7.35,7.09,7.35,7.13,3.0856,1036904.91,751915.751
300304.SZ,20241212,9.27,9.29,8.92,9.11,9.34,-2.4625,358573.89,325557.191
300305.SZ,20241212,6.65,6.74,6.6,6.74,6.64,1.506,70522.0,47161.246
300306.SZ,20241212,12.98,13.22,12.84,13.02,13.06,-0.3063,56656.0,73644.218
300307.SZ,20241212,8.3,8.49,8.07,8.28,8.32,-0.4808,360587.37,296965.375
300308.SZ,20241212,125.0,131.62,124.88,130.17,125.13,4.0278,450174.07,5842276.218
300310.SZ,20241212,9.8,10.36,9.66,10.14,9.71,4.4284,1581196.31,1586031.195
300311.SZ,20241212,7.45,7.97,7.42,7.74,7.44,4.0323,715034.28,549306.876
300313.SZ,20241212,6.97,7.17,6.92,7.1,6.97,1.8651,95877.0,67855.302
300314.SZ,20241212,12.78,12.97,12.69,12.97,12.83,1.0912,65061.0,83674.315
300315.SZ,20241212,6.74,6.97,6.65,6.71,6.71,0.0,2668818.41,1809730.433
300316.SZ,20241212,33.9,34.14,33.33,34.09,33.79,0.8878,148858.7,502205.299
300317.SZ,20241212,4.67,4.68,4.55,4.64,4.67,-0.6424,274725.83,126595.418
300318.SZ,20241212,6.51,6.55,6.44,6.51,6.52,-0.1534,114404.81,74317.261
300319.SZ,20241212,13.19,13.19,12.91,13.06,13.25,-1.434,331187.2,431140.188
300320.SZ,20241212,11.0,11.05,10.83,10.98,11.06,-0.7233,124138.43,135938.377
300321.SZ,20241212,20.8,20.98,20.58,20.9,20.83,0.3361,11725.0,24453.59
300322.SZ,20241212,16.23,16.4,15.78,16.11,16.31,-1.2262,334113.36,535136.171
300323.SZ,20241212,6.81,6.81,6.52,6.61,6.73,-1.7831,335920.5,221558.766
300324.SZ,20241212,4.29,4.45,4.21,4.41,4.3,2.5581,1696265.66,736972.346
300326.SZ,20241212,7.78,8.22,7.63,7.87,7.85,0.2548,552976.47,438882.005
300327.SZ,20241212,26.47,26.75,25.81,26.28,26.57,-1.0915,130783.88,341676.093
300328.SZ,20241212,8.81,8.95,8.64,8.83,8.86,-0.3386,272732.71,239828.43
300329.SZ,20241212,6.87,7.06,6.78,6.92,6.83,1.3177,137554.47,94872.939
300331.SZ,20241212,24.38,24.4,23.76,24.16,24.37,-0.8617,81033.74,194898.194
300332.SZ,20241212,6.23,6.24,6.13,6.21,6.23,-0.321,168489.1,103997.331
300333.SZ,20241212,14.62,17.54,14.54,17.54,14.62,19.9726,895183.62,1438963.675
300334.SZ,20241212,6.98,7.45,6.94,7.26,6.93,4.7619,210934.62,152737.383
300335.SZ,20241212,5.57,5.76,5.53,5.74,5.56,3.2374,234197.83,132204.718
300337.SZ,20241212,13.27,13.49,13.16,13.44,13.27,1.2811,506836.07,676388.866
300338.SZ,20241212,5.16,5.48,5.16,5.31,5.21,1.9194,232628.02,123768.414
300339.SZ,20241212,60.01,63.0,59.02,62.52,60.49,3.3559,1110802.06,6808489.253
300340.SZ,20241212,11.69,11.69,11.26,11.47,11.63,-1.3758,132532.32,151312.467
300341.SZ,20241212,21.06,21.19,20.45,20.96,21.07,-0.5221,120451.04,249829.268
300342.SZ,20241212,19.68,20.32,19.44,20.15,19.86,1.4602,344017.18,685991.282
300343.SZ,20241212,7.0,7.03,6.83,6.95,7.0,-0.7143,419859.0,290667.038
300344.SZ,20241212,6.35,6.58,6.17,6.31,6.36,-0.7862,546495.77,347092.516
300345.SZ,20241212,6.9,6.93,6.76,6.79,6.9,-1.5942,111747.0,76117.572
300346.SZ,20241212,42.2,42.9,41.6,42.76,42.32,1.0397,255537.19,1082729.575
300347.SZ,20241212,65.12,65.27,63.81,65.1,65.27,-0.2605,84630.79,546012.629
300348.SZ,20241212,15.92,16.68,15.84,16.65,15.91,4.6512,605817.66,990041.651
300349.SZ,20241212,14.69,14.95,14.42,14.62,14.44,1.2465,291834.6,427769.472
300350.SZ,20241212,6.68,6.96,6.67,6.91,6.72,2.8274,522435.16,357984.833
300351.SZ,20241212,18.69,18.87,18.44,18.71,18.78,-0.3727,127431.68,237387.774
300352.SZ,20241212,6.88,7.05,6.7,7.0,6.9,1.4493,1276148.59,879240.973
300353.SZ,20241212,13.6,13.68,13.28,13.5,13.66,-1.1713,217889.86,292827.466
300354.SZ,20241212,43.38,43.79,41.7,42.88,44.22,-3.0303,101748.69,432792.035
300355.SZ,20241212,6.8,7.1,6.66,6.98,6.87,1.6012,1698497.01,1174625.255
300357.SZ,20241212,22.75,22.87,22.53,22.8,22.75,0.2198,92734.65,210514.605
300358.SZ,20241212,8.35,8.36,8.22,8.3,8.34,-0.4796,145512.86,120684.535
300359.SZ,20241212,6.91,7.25,6.84,7.06,6.83,3.3675,454396.5,319357.332
300360.SZ,20241212,16.9,17.35,16.84,17.29,16.91,2.2472,141739.02,242928.15
300363.SZ,20241212,18.46,18.59,18.11,18.47,18.48,-0.0541,155362.4,285041.327
300364.SZ,20241212,31.9,31.9,30.57,30.77,31.3,-1.6933,682445.45,2123514.142
300365.SZ,20241212,7.45,7.58,7.28,7.39,7.46,-0.9383,404703.09,299615.54
300366.SZ,20241212,11.74,11.97,11.45,11.89,11.67,1.8852,470209.57,552601.043
300368.SZ,20241212,4.72,5.03,4.71,4.92,4.72,4.2373,336418.52,164942.067
300369.SZ,20241212,8.97,9.14,8.75,8.99,9.0,-0.1111,309312.96,276554.461
300370.SZ,20241212,4.32,4.36,4.15,4.21,4.38,-3.8813,1345268.03,566799.352
300371.SZ,20241212,11.25,11.33,11.11,11.29,11.19,0.8937,32454.48,36497.259
300373.SZ,20241212,45.7,45.83,45.09,45.73,45.7,0.0656,74522.73,339032.994
300374.SZ,20241212,19.9,20.08,19.7,19.92,19.88,0.2012,99561.8,197793.515
300375.SZ,20241212,5.33,5.38,5.26,5.35,5.32,0.5639,258638.07,137755.183
300376.SZ,20241212,4.02,4.08,3.98,4.04,4.0,1.0,212092.66,85463.268
300377.SZ,20241212,33.4,36.6,33.11,35.9,33.73,6.4334,1647952.4,5752926.597
300378.SZ,20241212,31.2,32.3,29.87,30.45,31.33,-2.8088,253510.9,774921.439
300379.SZ,20241212,18.56,19.55,18.41,19.45,18.56,4.7953,635781.74,1218067.067
300380.SZ,20241212,61.3,66.62,61.01,65.71,61.91,6.1379,264196.0,1699552.752
300381.SZ,20241212,7.94,8.45,7.86,8.4,7.9,6.3291,276515.91,227902.815
300382.SZ,20241212,12.01,12.34,11.81,12.28,11.92,3.0201,313160.42,378058.126
300383.SZ,20241212,11.76,11.92,11.6,11.77,11.72,0.4266,536643.27,630199.602
300384.SZ,20241212,18.22,18.55,17.82,18.33,18.22,0.6037,131095.99,238696.199
300385.SZ,20241212,5.77,6.05,5.73,5.97,5.79,3.1088,172967.79,101965.955
300386.SZ,20241212,17.97,19.79,17.7,19.11,17.97,6.3439,463205.63,865009.646
300387.SZ,20241212,9.36,9.53,9.22,9.39,9.43,-0.4242,137732.98,128902.158
300388.SZ,20241212,8.44,8.44,8.3,8.37,8.45,-0.9467,136772.93,114244.883
300389.SZ,20241212,13.0,13.02,12.73,12.88,12.99,-0.8468,92710.82,119341.95
300390.SZ,20241212,25.88,26.51,25.74,26.15,26.07,0.3069,174598.23,455849.309
300391.SZ,20241212,6.87,7.5,6.85,7.17,6.89,4.0639,471028.04,337803.643
300393.SZ,20241212,7.3,7.33,7.18,7.27,7.3,-0.411,174901.7,126775.938
300394.SZ,20241212,106.0,112.28,105.02,109.2,105.57,3.4385,235053.42,2577320.867
300395.SZ,20241212,41.69,42.96,41.2,42.07,39.72,5.9164,158707.03,668801.017
300396.SZ,20241212,17.19,17.24,17.0,17.24,17.18,0.3492,59719.77,102461.605
300397.SZ,20241212,13.51,13.85,13.41,13.52,13.63,-0.807,174901.8,237665.253
300398.SZ,20241212,17.92,18.02,17.56,17.76,17.91,-0.8375,178754.56,317149.46
300399.SZ,20241212,33.2,36.5,30.85,34.35,34.15,0.5857,575150.39,1902516.714
300400.SZ,20241212,18.9,18.99,18.39,18.59,19.04,-2.3634,102943.0,191948.589
300401.SZ,20241212,15.6,15.97,15.51,15.94,15.64,1.9182,232853.52,369355.404
300402.SZ,20241212,16.58,16.62,16.32,16.57,16.6,-0.1807,42459.36,69916.722
300403.SZ,20241212,14.05,14.05,13.25,13.3,14.76,-9.8916,1525478.19,2063803.002
300404.SZ,20241212,10.0,10.07,9.87,10.04,10.02,0.1996,194191.98,193959.815
300405.SZ,20241212,5.73,5.89,5.68,5.87,5.72,2.6224,176779.22,102399.564
300406.SZ,20241212,15.02,15.32,14.9,15.3,15.0,2.0,85161.37,128710.959
300407.SZ,20241212,11.56,12.45,11.55,12.15,11.56,5.1038,216907.5,261750.67
300408.SZ,20241212,38.03,38.3,37.79,38.04,38.03,0.0263,102531.8,390141.471
300409.SZ,20241212,15.45,15.67,15.19,15.44,15.42,0.1297,427987.97,660248.422
300410.SZ,20241212,7.24,7.29,7.05,7.1,7.24,-1.9337,126478.0,90170.264
300411.SZ,20241212,15.28,15.68,15.15,15.6,15.3,1.9608,234765.19,363057.136
300412.SZ,20241212,5.81,5.9,5.59,5.89,5.8,1.5517,567378.4,325664.952
300413.SZ,20241212,30.03,30.13,29.35,29.91,29.86,0.1674,182321.84,540736.412
300414.SZ,20241212,9.14,9.23,9.05,9.18,9.14,0.4376,71066.36,65085.493
300415.SZ,20241212,22.15,23.11,21.97,22.06,22.15,-0.4063,89316.51,199680.608
300416.SZ,20241212,13.59,13.66,13.33,13.51,13.57,-0.4422,137639.29,185509.568
300417.SZ,20241212,14.05,14.91,13.97,14.54,14.0,3.8571,111219.5,159831.796
300418.SZ,20241212,46.88,47.89,45.87,47.05,47.25,-0.4233,605037.92,2831428.16
300419.SZ,20241212,5.76,6.05,5.76,5.82,5.71,1.9264,402506.4,237614.25
300421.SZ,20241212,13.85,14.2,13.56,13.99,13.74,1.8195,312593.56,435255.976
300422.SZ,20241212,5.41,5.41,5.32,5.39,5.41,-0.3697,96904.03,52073.82
300423.SZ,20241212,7.95,9.53,7.95,9.38,7.94,18.136,758750.65,697498.35
300424.SZ,20241212,18.47,18.96,18.43,18.8,18.5,1.6216,137625.64,258495.839
300425.SZ,20241212,5.82,5.84,5.73,5.83,5.84,-0.1712,151858.04,87869.295
300426.SZ,20241212,11.33,11.68,11.09,11.65,11.32,2.9152,276612.0,316274.059
300427.SZ,20241212,7.35,7.55,7.31,7.43,7.38,0.6775,266159.22,197834.072
300428.SZ,20241212,18.02,18.15,17.77,17.99,18.0,-0.0556,48982.42,87906.98
300429.SZ,20241212,14.55,14.61,14.34,14.48,14.55,-0.4811,151159.17,218826.905
300430.SZ,20241212,17.13,17.27,16.52,16.71,17.13,-2.4518,150558.0,252764.955
300432.SZ,20241212,16.4,16.65,15.7,15.99,16.42,-2.6188,508339.52,816136.605
300433.SZ,20241212,22.55,22.86,22.11,22.31,22.43,-0.535,278641.47,622285.362
300434.SZ,20241212,9.4,9.51,9.29,9.49,9.4,0.9574,64209.3,60621.105
300435.SZ,20241212,13.55,13.56,13.4,13.51,13.53,-0.1478,44993.69,60652.892
300436.SZ,20241212,33.69,34.99,33.52,34.62,34.02,1.7637,85886.25,294354.13
300437.SZ,20241212,11.26,11.28,11.0,11.17,11.2,-0.2679,67287.0,74861.181
300438.SZ,20241212,32.64,33.04,32.42,32.7,32.65,0.1531,120789.54,395063.721
300439.SZ,20241212,11.73,11.85,11.69,11.85,11.69,1.3687,74402.35,87681.754
300440.SZ,20241212,8.71,8.97,8.6,8.75,8.7,0.5747,251786.58,220431.218
300441.SZ,20241212,8.99,9.21,8.98,9.11,8.98,1.4477,178544.4,162590.994
300442.SZ,20241212,41.2,44.99,39.4,43.57,40.0,8.925,911007.43,3784240.477
300443.SZ,20241212,24.66,25.23,24.45,24.92,24.66,1.0543,45946.1,114428.614
300444.SZ,20241212,7.71,7.77,7.61,7.76,7.82,-0.7673,341640.77,262987.216
300445.SZ,20241212,18.36,18.56,17.92,18.09,18.47,-2.0574,62959.2,113940.537
300446.SZ,20241212,18.78,19.15,18.52,18.9,18.75,0.8,243757.53,460356.147
300447.SZ,20241212,14.8,15.1,14.77,14.99,14.85,0.9428,54525.8,81715.959
300448.SZ,20241212,8.99,10.2,8.87,9.18,8.86,3.6117,1284983.85,1209379.586
300449.SZ,20241212,8.98,9.5,8.89,9.2,9.0,2.2222,213050.63,194717.848
300450.SZ,20241212,22.36,22.63,22.02,22.42,22.38,0.1787,352801.8,787203.432
300451.SZ,20241212,5.62,5.66,5.46,5.61,5.61,0.0,731447.53,405978.696
300452.SZ,20241212,13.12,13.35,13.04,13.33,13.08,1.9113,59857.68,79332.713
300453.SZ,20241212,8.39,8.48,8.36,8.45,8.39,0.7151,43224.47,36468.321
300454.SZ,20241212,65.48,66.49,64.6,65.68,65.44,0.3667,61225.87,401218.08
300455.SZ,20241212,15.01,15.33,14.87,15.29,15.0,1.9333,173145.0,262143.583
300456.SZ,20241212,19.98,20.0,19.51,19.77,20.01,-1.1994,206282.5,407279.784
300457.SZ,20241212,21.95,22.22,21.72,22.11,22.02,0.4087,103988.88,228713.11
300458.SZ,20241212,39.1,39.3,38.08,39.26,39.88,-1.5547,445348.28,1720775.883
300459.SZ,20241212,7.75,8.17,7.61,7.64,7.62,0.2625,6243544.83,4875216.578
300460.SZ,20241212,15.25,15.29,14.85,15.07,15.24,-1.1155,116779.0,175672.447
300461.SZ,20241212,23.18,23.48,22.76,23.03,23.32,-1.2436,73442.8,168961.325
300462.SZ,20241212,12.0,12.06,11.64,11.84,12.01,-1.4155,104908.0,124110.315
300463.SZ,20241212,14.39,14.61,14.3,14.6,14.34,1.8131,95996.13,138981.404
300464.SZ,20241212,7.09,7.48,6.82,7.18,7.15,0.4196,536446.0,377721.858
300465.SZ,20241212,15.5,18.82,15.49,18.82,15.68,20.0255,1007989.71,1803692.649
300466.SZ,20241212,9.7,9.7,9.25,9.39,9.73,-3.4943,249184.2,234715.805
300467.SZ,20241212,18.91,19.57,18.76,19.09,19.02,0.368,154389.56,295303.231
300468.SZ,20241212,19.17,20.6,19.06,20.6,19.14,7.628,762180.98,1525415.617
300469.SZ,20241212,30.86,31.85,30.81,31.62,31.27,1.1193,156658.41,493458.465
300470.SZ,20241212,37.98,37.99,37.24,37.68,37.67,0.0265,30335.54,114316.969
300471.SZ,20241212,10.86,11.04,10.66,10.99,10.88,1.011,115632.37,125784.734
300472.SZ,20241212,8.2,9.15,8.05,8.72,8.18,6.6015,367882.93,314576.226
300473.SZ,20241212,24.44,24.77,24.08,24.55,24.49,0.245,67172.13,164130.31
300474.SZ,20241212,96.0,102.65,95.1,100.85,95.86,5.2055,384072.07,3773297.022
300475.SZ,20241212,29.8,30.07,29.32,29.7,29.81,-0.369,93634.02,277673.938
300476.SZ,20241212,44.1,45.48,43.91,44.23,44.24,-0.0226,231438.28,1031137.888
300477.SZ,20241212,3.76,3.77,3.64,3.7,3.77,-1.8568,522818.47,192765.232
300478.SZ,20241212,11.19,12.23,11.15,12.15,11.25,8.0,110976.4,130679.062
300479.SZ,20241212,24.4,26.39,23.7,24.17,24.88,-2.8537,471127.77,1176117.923
300480.SZ,20241212,15.14,15.22,14.85,15.01,15.13,-0.7931,54909.63,82427.293
300481.SZ,20241212,16.96,16.97,16.54,16.77,16.84,-0.4157,56688.0,94726.086
300482.SZ,20241212,24.5,24.85,24.33,24.81,24.49,1.3067,74877.19,184497.155
300483.SZ,20241212,10.36,10.48,10.25,10.34,10.32,0.1938,73150.4,75728.444
300484.SZ,20241212,23.84,24.56,23.28,24.19,23.91,1.1711,208171.17,498121.688
300485.SZ,20241212,8.29,8.38,8.24,8.37,8.27,1.2092,45927.66,38210.38
300486.SZ,20241212,8.91,9.02,8.6,8.77,8.99,-2.4472,316881.75,278754.638
300487.SZ,20241212,52.81,53.21,52.21,52.79,52.91,-0.2268,30968.99,163160.508
300488.SZ,20241212,25.8,26.1,25.3,25.66,25.83,-0.6581,20009.0,51199.484
300489.SZ,20241212,65.49,65.86,64.47,64.7,66.0,-1.9697,56410.15,366329.222
300490.SZ,20241212,9.65,9.71,9.48,9.57,9.66,-0.9317,110561.0,105783.596
300491.SZ,20241212,16.78,17.19,16.73,17.1,16.78,1.907,68554.1,116578.386
300492.SZ,20241212,80.33,81.69,77.71,81.4,80.0,1.75,10549.7,84166.442
300493.SZ,20241212,22.26,22.26,21.6,22.26,18.55,20.0,870876.04,1937870.722
300494.SZ,20241212,14.91,15.42,14.64,14.8,14.76,0.271,714465.4,1073334.969
300496.SZ,20241212,63.89,64.99,61.75,63.0,63.26,-0.411,389466.0,2457796.214
300497.SZ,20241212,10.01,10.07,9.96,10.03,10.01,0.1998,99256.41,99317.447
300498.SZ,20241212,17.45,17.77,17.38,17.75,17.45,1.7192,545513.21,961150.166
300499.SZ,20241212,16.69,17.54,16.64,16.82,16.55,1.6314,315287.5,537967.009
300500.SZ,20241212,13.3,13.64,13.01,13.39,13.25,1.0566,74985.1,100283.061
300501.SZ,20241212,15.01,15.2,14.9,15.2,14.98,1.4686,38968.5,58724.29
300502.SZ,20241212,124.0,132.0,124.0,129.97,123.91,4.8906,411143.17,5317612.04
300503.SZ,20241212,24.13,24.65,23.13,23.85,25.1,-4.9801,452018.55,1080069.602
300504.SZ,20241212,18.88,18.99,18.15,18.74,18.7,0.2139,132195.16,244337.145
300505.SZ,20241212,16.4,16.51,16.16,16.36,16.39,-0.183,115958.0,189293.596
300506.SZ,20241212,3.45,3.56,3.3,3.5,3.28,6.7073,226826.9,78334.963
300507.SZ,20241212,7.95,8.02,7.73,7.89,7.96,-0.8794,423373.02,332508.21
300508.SZ,20241212,30.02,30.4,29.72,29.87,30.21,-1.1255,19059.32,57168.317
300509.SZ,20241212,8.26,8.43,7.97,8.19,8.26,-0.8475,307197.11,250057.257
300510.SZ,20241212,5.08,5.1,5.0,5.06,5.08,-0.3937,227159.37,114714.216
300511.SZ,20241212,4.44,4.76,4.36,4.75,4.42,7.4661,676283.59,311895.294
300512.SZ,20241212,8.15,8.21,8.02,8.12,8.18,-0.7335,61016.0,49452.526
300513.SZ,20241212,10.5,10.68,10.41,10.61,10.48,1.2405,104175.71,109974.404
300514.SZ,20241212,15.59,15.99,15.45,15.83,15.6,1.4744,121441.0,191609.373
300515.SZ,20241212,13.25,13.32,13.01,13.18,13.34,-1.1994,38130.0,50062.005
300516.SZ,20241212,37.89,38.78,37.48,38.1,38.1,0.0,27487.5,104862.75
300517.SZ,20241212,10.1,10.22,10.0,10.22,10.12,0.9881,40372.2,41021.745
300518.SZ,20241212,12.97,13.21,12.78,12.99,12.96,0.2315,51219.74,66520.775
300519.SZ,20241212,14.94,15.5,14.9,15.48,14.97,3.4068,72684.0,111530.246
300520.SZ,20241212,29.29,31.49,28.9,29.98,30.13,-0.4978,571222.83,1714066.132
300521.SZ,20241212,26.13,27.47,25.24,25.59,26.78,-4.4436,151300.32,399464.236
300522.SZ,20241212,12.71,12.84,12.6,12.82,12.8,0.1563,51758.52,65924.853
300523.SZ,20241212,24.4,24.43,23.72,23.96,24.14,-0.7457,39025.8,93565.542
300525.SZ,20241212,17.54,17.72,17.25,17.52,17.51,0.0571,95637.46,167174.938
300527.SZ,20241212,9.08,9.22,9.05,9.17,9.1,0.7692,173520.32,158747.497
300528.SZ,20241212,11.24,11.75,11.04,11.7,11.25,4.0,386963.61,440652.985
300529.SZ,20241212,30.49,30.84,30.14,30.68,30.33,1.154,49602.75,151397.065
300530.SZ,20241212,22.55,22.96,22.3,22.6,22.69,-0.3967,34173.0,77407.355
300531.SZ,20241212,16.61,17.2,16.47,17.08,16.71,2.2142,229100.38,385542.211
300532.SZ,20241212,13.41,13.5,13.01,13.24,13.41,-1.2677,253283.53,333841.887
300533.SZ,20241212,25.54,26.19,25.03,25.45,25.65,-0.7797,79396.31,202409.656
300534.SZ,20241212,9.9,10.33,9.9,10.18,9.94,2.4145,223690.5,227359.433
300535.SZ,20241212,15.8,16.49,15.78,16.11,15.79,2.0266,37710.06,60649.269
300536.SZ,20241212,7.45,7.66,7.36,7.39,7.44,-0.672,114793.79,85938.183
300537.SZ,20241212,20.6,21.56,20.45,21.29,20.33,4.7221,281639.59,596001.423
300538.SZ,20241212,18.68,18.92,18.25,18.45,18.92,-2.4841,104745.49,193703.172
300539.SZ,20241212,12.81,12.85,12.52,12.62,12.84,-1.7134,62271.6,78629.256
300540.SZ,20241212,26.24,26.58,26.08,26.26,26.22,0.1526,22875.01,60119.671
300541.SZ,20241212,13.66,13.8,13.38,13.72,13.65,0.5128,298980.8,407491.165
300542.SZ,20241212,24.9,26.5,24.9,26.48,24.96,6.0897,260409.42,672205.143
300543.SZ,20241212,11.2,11.55,10.93,11.49,11.19,2.681,213593.16,241569.563
300545.SZ,20241212,34.08,34.35,33.68,34.02,34.22,-0.5845,34385.0,116699.511
300546.SZ,20241212,19.91,23.61,19.91,21.56,20.07,7.424,362767.58,797051.264
300547.SZ,20241212,20.3,20.37,20.0,20.29,20.33,-0.1968,53077.5,107165.121
300548.SZ,20241212,23.92,24.65,23.66,23.89,23.76,0.5471,97370.25,234484.037
300549.SZ,20241212,20.33,21.15,20.3,20.51,20.77,-1.2518,110914.43,229421.587
300550.SZ,20241212,14.02,14.43,13.92,13.99,14.0,-0.0714,36011.07,50759.288
300551.SZ,20241212,13.82,14.5,13.78,14.25,13.95,2.1505,287110.65,409049.225
300552.SZ,20241212,39.4,39.8,37.82,38.69,40.19,-3.7323,150367.22,579808.003
300553.SZ,20241212,33.23,34.99,32.52,32.6,33.54,-2.8026,39804.33,132359.67
300554.SZ,20241212,25.78,25.99,25.26,25.9,25.78,0.4655,51152.0,131041.79
300555.SZ,20241212,8.99,9.25,8.91,9.05,9.14,-0.9847,50055.5,45431.843
300556.SZ,20241212,26.82,28.5,25.3,25.77,26.6,-3.1203,333388.78,891717.589
300557.SZ,20241212,31.6,31.89,31.0,31.49,31.58,-0.285,18072.69,56725.752
300558.SZ,20241212,53.84,55.28,53.74,54.77,54.04,1.3509,58190.46,317345.259
300559.SZ,20241212,13.9,13.93,13.17,13.39,13.46,-0.5201,121470.37,163438.816
300560.SZ,20241212,16.5,17.09,16.46,16.63,16.35,1.7125,164007.0,274098.784
300561.SZ,20241212,53.0,64.68,52.0,64.68,53.9,20.0,787706.75,4632575.459
300562.SZ,20241212,14.88,15.48,14.66,15.05,14.87,1.2105,162136.95,242647.732
300563.SZ,20241212,54.5,55.68,53.6,54.36,55.08,-1.3072,152236.1,828427.726
300564.SZ,20241212,16.59,17.22,16.23,16.92,16.6,1.9277,41820.76,70548.317
300565.SZ,20241212,14.89,15.15,14.46,14.83,14.93,-0.6698,137711.05,202707.676
300566.SZ,20241212,18.88,19.03,18.48,18.73,18.84,-0.5839,94095.83,176007.575
300567.SZ,20241212,69.68,69.7,67.82,69.06,69.09,-0.0434,50532.34,346685.641
300568.SZ,20241212,10.98,10.98,10.73,10.84,10.98,-1.275,565760.9,611385.557
300569.SZ,20241212,5.47,5.48,5.37,5.47,5.46,0.1832,185843.39,100937.736
300570.SZ,20241212,67.35,71.0,66.5,68.6,67.0,2.3881,158953.3,1103801.876
300571.SZ,20241212,29.28,29.49,28.43,28.64,29.3,-2.2526,60412.63,173956.561
300572.SZ,20241212,20.5,20.68,20.04,20.68,20.69,-0.0483,80134.85,163239.098
300573.SZ,20241212,83.72,86.2,82.11,85.14,83.72,1.6961,77752.88,650654.764
300575.SZ,20241212,7.0,7.02,6.87,7.0,7.0,0.0,136217.75,94725.39
300576.SZ,20241212,49.89,50.35,49.48,50.1,50.0,0.2,74655.7,372708.737
300577.SZ,20241212,24.0,26.43,23.68,25.7,23.86,7.7117,92415.18,234504.315
300578.SZ,20241212,23.05,23.37,22.68,22.82,23.0,-0.7826,83286.0,190728.889
300579.SZ,20241212,33.03,33.94,32.5,33.79,33.57,0.6553,118384.48,396558.262
300580.SZ,20241212,25.93,27.06,25.61,25.89,26.47,-2.1912,282635.6,738230.788
300581.SZ,20241212,13.03,13.52,12.9,13.13,12.99,1.0778,342691.17,452119.638
300582.SZ,20241212,14.44,14.62,14.14,14.17,14.59,-2.8787,103451.62,147808.538
300583.SZ,20241212,24.8,25.95,24.8,24.85,24.91,-0.2409,51156.03,128860.799
300584.SZ,20241212,22.21,22.72,22.03,22.61,22.21,1.801,38986.42,87690.85
300585.SZ,20241212,15.87,16.48,15.71,16.18,15.84,2.1465,105913.0,171452.637
300586.SZ,20241212,9.67,9.93,9.5,9.91,9.73,1.8499,272172.56,264013.461
300587.SZ,20241212,4.9,4.92,4.8,4.91,4.89,0.409,217088.22,105626.225
300588.SZ,20241212,16.41,17.48,16.16,17.27,16.5,4.6667,275052.9,467237.637
300589.SZ,20241212,13.62,13.73,13.48,13.54,13.62,-0.5874,64026.4,86942.754
300590.SZ,20241212,15.85,15.96,15.31,15.63,15.8,-1.0759,212502.45,331206.407
300591.SZ,20241212,5.31,5.42,5.17,5.34,5.31,0.565,216448.7,114120.709
300592.SZ,20241212,15.79,16.2,15.28,16.0,15.93,0.4394,203758.58,320362.245
300593.SZ,20241212,12.88,14.33,12.76,13.28,12.71,4.4847,255658.68,341867.96
300594.SZ,20241212,19.9,19.93,19.54,19.85,19.78,0.3539,32177.0,63507.077
300595.SZ,20241212,19.71,19.83,19.36,19.76,19.64,0.611,112219.8,219757.105
300596.SZ,20241212,29.05,29.15,28.59,29.05,28.96,0.3108,29824.5,86135.065
300597.SZ,20241212,10.05,10.34,9.97,10.16,10.06,0.994,200341.8,202932.207
300598.SZ,20241212,56.69,57.78,55.6,57.13,56.69,0.7762,107575.43,610948.861
300599.SZ,20241212,7.85,7.92,7.79,7.82,7.84,-0.2551,47947.0,37617.203
300600.SZ,20241212,8.06,8.35,8.0,8.31,7.99,4.005,71209.02,58683.79
300601.SZ,20241212,19.26,19.28,18.74,19.14,19.25,-0.5714,171406.79,325057.73
300602.SZ,20241212,20.91,20.99,20.15,20.48,21.0,-2.4762,190777.81,390640.643
300603.SZ,20241212,11.37,11.92,11.12,11.21,11.27,-0.5324,595980.91,681628.614
300604.SZ,20241212,46.56,48.0,46.15,47.83,46.53,2.7939,264682.51,1255957.986
300605.SZ,20241212,14.19,15.1,14.15,14.84,14.27,3.9944,127054.46,185246.313
300606.SZ,20241212,22.43,22.48,21.92,22.18,22.41,-1.0263,45556.0,101114.996
300607.SZ,20241212,33.05,36.81,32.88,35.39,34.07,3.8744,874946.88,3073691.688
300608.SZ,20241212,14.08,14.17,13.66,13.97,14.18,-1.481,175363.94,243922.067
300609.SZ,20241212,28.15,29.13,27.91,29.13,27.92,4.3338,118774.01,340739.857
300610.SZ,20241212,10.93,11.09,10.89,11.06,10.98,0.7286,58814.6,64855.421
300611.SZ,20241212,12.03,13.04,11.96,12.97,11.96,8.4448,257303.25,325849.171
300612.SZ,20241212,20.99,20.99,19.42,19.52,20.28,-3.7475,315357.84,628264.864
300613.SZ,20241212,53.07,53.49,51.51,52.15,53.68,-2.8502,104141.46,543189.788
300614.SZ,20241212,11.73,12.11,11.66,12.1,11.7,3.4188,77767.32,92833.382
300615.SZ,20241212,13.18,13.89,13.05,13.79,13.11,5.1869,136180.66,184258.182
300616.SZ,20241212,15.14,16.49,15.0,16.2,15.1,7.2848,227076.49,360030.187
300617.SZ,20241212,27.47,27.53,27.26,27.37,27.46,-0.3277,17050.2,46648.369
300618.SZ,20241212,37.98,38.2,37.55,38.07,38.1,-0.0787,61590.46,233204.197
300619.SZ,20241212,27.1,27.31,26.87,27.17,27.2,-0.1103,16710.58,45246.516
300620.SZ,20241212,48.33,49.5,48.31,48.67,48.23,0.9123,117430.08,574102.38
300621.SZ,20241212,11.72,11.94,11.54,11.84,11.65,1.6309,75231.49,88503.346
300622.SZ,20241212,46.89,49.36,44.8,49.36,47.43,4.0692,319619.13,1505075.611
300623.SZ,20241212,36.91,37.15,36.1,36.8,37.28,-1.2876,280957.67,1027726.594
300624.SZ,20241212,77.4,78.5,73.46,75.18,77.67,-3.2059,354015.91,2657348.583
300625.SZ,20241212,13.13,13.21,12.95,13.17,13.15,0.1521,32668.0,42824.711
300626.SZ,20241212,11.36,11.47,11.12,11.27,11.39,-1.0536,91909.0,103559.404
300627.SZ,20241212,42.48,42.64,41.34,42.01,42.18,-0.403,103786.98,434906.503
300628.SZ,20241212,38.71,38.87,38.16,38.39,38.68,-0.7497,70185.93,269566.093
300629.SZ,20241212,24.2,25.45,24.2,24.93,24.13,3.3154,185597.33,464363.448
300630.SZ,20241212,9.12,9.2,9.04,9.18,9.15,0.3279,196575.9,179828.418
300631.SZ,20241212,23.8,24.0,23.43,23.94,23.7,1.0127,27984.41,66560.766
300632.SZ,20241212,14.29,14.78,13.86,13.92,14.3,-2.6573,150465.07,212453.121
300633.SZ,20241212,34.76,34.95,33.8,34.34,34.66,-0.9233,40985.0,140439.03
300634.SZ,20241212,26.39,26.6,25.13,25.62,26.29,-2.5485,345297.16,887369.929
300635.SZ,20241212,12.47,12.5,12.25,12.42,12.39,0.2421,82902.0,102576.677
300636.SZ,20241212,8.89,9.0,8.85,8.99,8.88,1.2387,85515.99,76536.838
300637.SZ,20241212,11.5,11.68,11.34,11.52,11.58,-0.5181,96225.0,110418.158
300638.SZ,20241212,19.59,20.15,18.9,19.09,19.44,-1.8004,492550.0,953070.767
300639.SZ,20241212,6.87,6.91,6.81,6.9,6.89,0.1451,112179.06,76957.735
300640.SZ,20241212,7.35,7.98,7.21,7.75,7.41,4.5884,582086.84,440899.653
300641.SZ,20241212,22.81,23.0,22.65,22.95,22.89,0.2621,99716.59,227901.281
300642.SZ,20241212,16.58,16.84,16.55,16.75,16.63,0.7216,53332.33,89133.693
300643.SZ,20241212,13.94,14.15,13.78,13.92,13.98,-0.4292,47404.0,66082.415
300644.SZ,20241212,27.37,27.44,26.36,26.84,27.92,-3.8682,113863.03,306184.237
300645.SZ,20241212,17.68,17.96,17.32,17.65,17.58,0.3982,73665.37,129755.427
300647.SZ,20241212,8.1,8.15,7.83,7.94,8.13,-2.337,348152.6,276628.038
300648.SZ,20241212,26.79,27.74,26.6,27.42,26.98,1.6308,48740.0,132691.422
300649.SZ,20241212,13.16,13.4,13.02,13.36,13.16,1.5198,41634.0,55119.2
300650.SZ,20241212,12.96,13.07,12.75,12.86,12.9,-0.3101,71713.32,92409.894
300651.SZ,20241212,15.12,15.76,15.0,15.6,15.17,2.8345,63503.1,98052.67
300652.SZ,20241212,33.1,33.77,31.35,32.94,33.17,-0.6934,47165.71,153204.524
300653.SZ,20241212,23.4,23.66,23.18,23.36,23.31,0.2145,32017.0,74984.536
300654.SZ,20241212,12.92,13.3,12.5,13.04,12.95,0.695,383201.96,493453.928
300655.SZ,20241212,10.77,10.78,10.52,10.68,10.76,-0.7435,267109.51,284259.227
300656.SZ,20241212,28.92,29.66,28.64,29.41,28.92,1.6943,54243.24,158532.175
300657.SZ,20241212,22.1,23.04,21.9,22.55,22.19,1.6224,456571.31,1033209.301
300658.SZ,20241212,6.21,6.33,6.18,6.33,6.19,2.2617,118231.7,74059.317
300659.SZ,20241212,19.88,20.88,19.86,20.2,19.88,1.6097,88494.6,179883.612
300660.SZ,20241212,42.1,45.2,41.98,43.8,42.8,2.3364,256321.47,1120062.202
300661.SZ,20241212,91.21,91.98,90.0,90.67,91.63,-1.0477,54178.96,491682.483
300662.SZ,20241212,25.18,28.78,24.4,27.33,25.15,8.668,195846.34,509632.398
300663.SZ,20241212,21.48,22.37,21.36,22.32,21.61,3.2855,401119.72,877376.368
300664.SZ,20241212,5.92,6.08,5.9,6.04,5.95,1.5126,303794.61,182259.73
300665.SZ,20241212,7.59,7.88,7.51,7.78,7.57,2.7741,84519.2,65210.636
300666.SZ,20241212,75.1,76.26,74.34,75.58,75.12,0.6124,58352.43,438972.252
300667.SZ,20241212,20.3,20.47,19.79,20.13,20.36,-1.1297,66670.5,133724.251
300668.SZ,20241212,22.73,23.28,22.58,22.88,22.71,0.7486,28945.1,66251.869
300669.SZ,20241212,21.6,21.6,20.7,21.36,21.56,-0.9276,19206.0,40352.797
300670.SZ,20241212,7.09,7.38,7.03,7.29,7.09,2.8209,138661.5,99880.949
300671.SZ,20241212,38.8,39.04,37.83,38.55,38.9,-0.8997,63292.53,242747.415
300672.SZ,20241212,70.82,70.83,68.45,69.82,70.93,-1.5649,86492.0,600073.227
300673.SZ,20241212,17.22,17.48,16.96,17.35,17.21,0.8135,119619.91,206870.78
300674.SZ,20241212,21.65,22.08,21.43,22.07,21.76,1.4246,297720.98,649529.866
300675.SZ,20241212,17.6,17.7,17.32,17.64,17.54,0.5701,89734.01,157389.314
300676.SZ,20241212,47.69,47.69,46.9,47.38,47.61,-0.4831,31538.0,149074.874
300677.SZ,20241212,28.13,28.54,28.06,28.35,28.13,0.7821,134115.24,380075.242
300678.SZ,20241212,42.78,43.01,41.81,42.09,42.9,-1.8881,144490.43,610944.679
300679.SZ,20241212,58.3,59.17,56.36,58.72,58.03,1.189,78725.38,454463.087
300680.SZ,20241212,25.92,26.35,25.51,25.91,26.18,-1.0313,90003.01,232178.698
300681.SZ,20241212,26.53,27.1,25.8,25.9,26.69,-2.9599,104753.8,273643.028
300682.SZ,20241212,14.16,14.39,13.81,14.24,13.98,1.8598,306275.24,432304.434
300683.SZ,20241212,27.56,28.45,27.42,28.24,27.56,2.4673,20285.0,56664.1
300684.SZ,20241212,22.7,23.05,22.27,22.59,22.77,-0.7905,132786.0,299587.605
300685.SZ,20241212,24.98,25.28,24.81,25.21,24.9,1.245,28247.41,70829.088
300686.SZ,20241212,10.86,11.0,10.51,10.74,11.18,-3.9356,289894.26,310098.254
300687.SZ,20241212,21.27,22.08,21.13,21.22,21.35,-0.6089,218384.55,469735.881
300689.SZ,20241212,26.42,26.74,26.0,26.26,26.43,-0.6432,7969.4,20958.276
300690.SZ,20241212,26.05,26.55,25.6,26.13,26.35,-0.8349,102505.72,266791.571
300691.SZ,20241212,22.8,22.99,21.5,21.76,22.51,-3.3319,241625.19,528779.898
300692.SZ,20241212,6.73,7.19,6.66,7.15,6.68,7.0359,289283.75,204330.88
300693.SZ,20241212,24.62,24.71,24.28,24.7,24.55,0.611,61345.32,150511.679
300694.SZ,20241212,17.88,20.87,17.7,19.78,18.03,9.706,396679.7,764720.476
300695.SZ,20241212,49.56,50.98,49.11,49.24,49.55,-0.6256,9161.0,45584.067
300696.SZ,20241212,16.99,17.34,16.99,17.16,16.99,1.0006,57596.06,98930.155
300697.SZ,20241212,12.22,12.35,12.04,12.28,12.22,0.491,44931.4,54930.513
300698.SZ,20241212,39.5,40.8,39.02,40.8,39.25,3.949,32008.5,128135.749
300699.SZ,20241212,34.9,35.78,34.81,35.17,34.98,0.5432,109057.64,385225.045
300700.SZ,20241212,9.04,9.19,8.84,8.96,9.05,-0.9945,106839.75,95942.681
300701.SZ,20241212,11.95,12.33,11.8,12.14,12.01,1.0824,260214.74,313880.199
300702.SZ,20241212,17.9,18.47,17.75,18.33,17.89,2.4595,54952.58,99875.514
300703.SZ,20241212,17.01,19.7,15.25,19.7,16.42,19.9756,537287.28,922946.755
300705.SZ,20241212,25.76,26.19,25.47,26.16,25.72,1.7107,44217.1,114737.883
300706.SZ,20241212,25.31,25.41,24.84,25.28,25.29,-0.0395,41335.0,103755.924
300707.SZ,20241212,18.56,20.14,17.99,18.33,16.78,9.2372,488171.19,940939.182
300708.SZ,20241212,12.3,12.3,12.0,12.15,12.29,-1.1391,294757.54,357023.677
300709.SZ,20241212,44.31,44.34,42.37,42.94,44.5,-3.5056,163613.14,703421.668
300710.SZ,20241212,21.06,21.37,20.94,21.34,21.05,1.3777,35461.75,75177.307
300711.SZ,20241212,28.0,28.0,26.51,27.08,28.78,-5.9069,272040.91,739801.478
300712.SZ,20241212,28.05,28.28,27.5,28.17,28.05,0.4278,36371.57,101240.532
300713.SZ,20241212,17.74,17.89,17.45,17.89,17.74,0.8455,51566.1,91445.144
300715.SZ,20241212,7.84,8.02,7.7,7.97,7.81,2.0487,33062.68,26145.614
300716.SZ,20241212,16.53,16.72,16.2,16.53,16.63,-0.6013,48808.22,80069.066
300717.SZ,20241212,16.54,16.75,16.51,16.68,16.59,0.5425,18216.0,30276.785
300718.SZ,20241212,21.48,21.53,20.64,20.8,21.46,-3.0755,161153.43,337455.156
300719.SZ,20241212,20.2,21.19,20.1,20.99,20.16,4.1171,204762.89,426035.428
300720.SZ,20241212,22.99,23.53,22.41,23.18,23.19,-0.0431,91508.75,210336.343
300721.SZ,20241212,14.73,14.88,14.48,14.78,14.73,0.3394,51508.8,75651.599
300722.SZ,20241212,29.6,30.3,29.45,29.93,29.64,0.9784,70417.48,210534.793
300723.SZ,20241212,20.89,21.47,20.68,21.2,21.04,0.7605,104691.92,221746.685
300724.SZ,20241212,67.73,69.98,66.9,69.29,67.81,2.1826,112471.19,771716.714
300725.SZ,20241212,37.6,37.98,37.32,37.79,37.89,-0.2639,66118.0,248803.272
300726.SZ,20241212,33.5,34.12,33.07,33.68,33.22,1.3847,94128.29,316524.183
300727.SZ,20241212,29.26,30.57,29.03,30.39,29.13,4.3254,90316.88,270499.582
300729.SZ,20241212,17.27,17.68,17.16,17.66,17.14,3.0338,136607.05,238761.747
300730.SZ,20241212,14.66,14.87,14.45,14.84,14.66,1.2278,140130.5,206362.408
300731.SZ,20241212,24.61,24.83,23.88,24.07,24.94,-3.4884,119243.34,289063.08
300732.SZ,20241212,8.03,8.3,8.0,8.24,8.03,2.6152,121641.21,99273.034
300733.SZ,20241212,12.47,12.74,12.3,12.52,12.5,0.16,54590.4,68172.755
300735.SZ,20241212,32.64,33.43,32.31,33.3,32.59,2.1786,429525.68,1417824.484
300736.SZ,20241212,14.6,14.95,13.48,13.9,13.58,2.3564,369758.92,517156.186
300737.SZ,20241212,5.8,5.92,5.73,5.9,5.81,1.5491,220203.89,128664.786
300738.SZ,20241212,14.28,14.36,13.83,14.07,14.46,-2.6971,896344.08,1260214.6
300739.SZ,20241212,14.94,15.04,14.75,14.92,14.96,-0.2674,56294.43,83762.544
300740.SZ,20241212,14.05,14.3,13.86,14.21,14.1,0.7801,138699.35,196068.185
300741.SZ,20241212,18.65,19.13,18.47,19.04,18.65,2.0912,30388.64,57232.142
300743.SZ,20241212,17.14,17.29,16.86,17.18,17.07,0.6444,49736.8,85106.469
300745.SZ,20241212,18.66,19.06,18.47,18.56,18.7,-0.7487,42541.0,79396.262
300746.SZ,20241212,13.67,13.93,13.57,13.92,13.62,2.2026,42780.0,58945.183
300747.SZ,20241212,21.35,21.45,20.99,21.34,21.37,-0.1404,98893.31,210344.709
300748.SZ,20241212,20.55,20.55,19.86,20.16,20.65,-2.3729,366277.86,737716.822
300749.SZ,20241212,7.46,8.93,7.4,8.08,7.44,8.6022,298941.94,246538.347
300750.SZ,20241212,265.9,275.38,265.2,273.71,267.1,2.4747,223295.14,6055502.392
300751.SZ,20241212,116.23,119.5,115.13,117.47,116.23,1.0669,34157.47,402543.419
300752.SZ,20241212,18.85,18.96,18.33,18.59,18.84,-1.327,62493.76,116093.16
300753.SZ,20241212,17.26,18.99,16.99,17.56,17.39,0.9776,183211.3,325585.966
300755.SZ,20241212,19.4,21.5,19.4,21.34,19.76,7.996,285724.13,590546.487
300756.SZ,20241212,16.65,17.19,16.38,17.01,16.66,2.1008,71293.18,120649.381
300757.SZ,20241212,195.0,215.3,191.0,208.5,188.0,10.9043,114233.13,2362313.215
300758.SZ,20241212,13.14,13.2,12.92,13.19,13.14,0.3805,88933.24,116215.93
300759.SZ,20241212,29.35,29.43,28.84,29.38,29.49,-0.373,228134.54,665775.818
300760.SZ,20241212,260.52,270.0,260.39,269.28,262.3,2.6611,78199.52,2087347.078
300761.SZ,20241212,21.32,21.95,21.09,21.93,21.34,2.7648,129347.0,279951.077
300762.SZ,20241212,26.0,27.43,25.49,27.28,26.31,3.6868,729465.81,1933386.919
300763.SZ,20241212,69.0,70.33,68.21,69.73,69.32,0.5915,68293.3,474608.119
300765.SZ,20241212,28.96,29.35,28.52,28.88,28.94,-0.2073,57391.83,165470.457
300766.SZ,20241212,16.86,16.97,16.25,16.64,16.8,-0.9524,254022.6,421258.621
300767.SZ,20241212,11.76,12.06,11.5,11.79,11.8,-0.0847,113993.25,133636.66
300768.SZ,20241212,21.4,22.88,21.0,21.12,20.92,0.956,258393.41,561255.266
300769.SZ,20241212,46.25,46.46,45.5,45.74,46.08,-0.7378,135378.24,620895.651
300770.SZ,20241212,43.85,44.08,43.28,43.77,43.66,0.2519,38639.5,168664.84
300771.SZ,20241212,12.49,12.58,12.26,12.39,12.47,-0.6415,81868.29,101454.981
300772.SZ,20241212,14.52,14.89,14.39,14.8,14.52,1.9284,150491.38,221525.046
300773.SZ,20241212,20.6,21.19,20.45,21.04,20.64,1.938,288790.99,601599.079
300774.SZ,20241212,9.83,9.92,9.75,9.89,9.84,0.5081,48672.0,47882.348
300775.SZ,20241212,25.01,25.75,25.0,25.65,25.01,2.559,187146.37,478054.938
300776.SZ,20241212,71.53,73.2,70.71,71.84,71.54,0.4193,37719.35,272292.709
300777.SZ,20241212,27.5,28.13,27.44,28.03,27.62,1.4844,82737.12,230963.115
300778.SZ,20241212,12.8,13.6,12.73,13.3,12.78,4.0689,155728.43,206321.526
300779.SZ,20241212,90.0,94.23,89.21,93.73,90.08,4.052,46992.8,434523.344
300780.SZ,20241212,18.4,18.55,17.82,18.42,18.48,-0.3247,117291.06,213659.985
300781.SZ,20241212,76.3,77.99,72.67,73.35,75.48,-2.8219,119565.96,901298.261
300782.SZ,20241212,101.18,101.52,99.27,101.15,102.2,-1.0274,90059.22,905294.15
300783.SZ,20241212,33.88,40.2,33.66,37.84,34.33,10.2243,300140.28,1081279.462
300784.SZ,20241212,73.0,74.0,70.68,72.36,72.43,-0.0966,29230.0,210409.554
300785.SZ,20241212,39.57,42.5,39.25,40.19,39.25,2.3949,323387.8,1312748.125
300786.SZ,20241212,16.65,16.81,16.38,16.77,16.85,-0.4748,168835.86,280604.364
300787.SZ,20241212,14.6,14.84,14.36,14.65,14.59,0.4112,70080.61,101970.094
300788.SZ,20241212,36.18,36.5,35.42,36.19,36.02,0.472,98492.41,353628.272
300789.SZ,20241212,16.88,17.06,16.65,16.96,16.86,0.5931,26318.48,44487.98
300790.SZ,20241212,19.55,19.98,19.28,19.5,19.68,-0.9146,209486.51,409639.997
300791.SZ,20241212,28.77,29.92,28.37,29.76,28.71,3.6573,59257.05,173879.208
300792.SZ,20241212,26.02,26.51,25.33,26.02,26.23,-0.8006,144805.52,374512.466
300793.SZ,20241212,19.8,20.15,19.01,19.62,19.97,-1.7526,495790.85,964472.093
300795.SZ,20241212,18.5,18.66,18.3,18.63,18.35,1.5259,24758.44,45800.051
300796.SZ,20241212,10.81,10.9,10.75,10.89,10.81,0.7401,63284.16,68522.595
300797.SZ,20241212,12.95,13.5,12.95,13.38,12.95,3.3205,77828.0,102914.939
300798.SZ,20241212,6.9,6.93,6.73,6.9,6.88,0.2907,150573.43,102898.074
300800.SZ,20241212,12.02,12.25,11.98,12.19,12.09,0.8271,34258.0,41526.454
300801.SZ,20241212,17.76,17.87,17.48,17.86,17.8,0.3371,41310.8,73084.138
300802.SZ,20241212,20.91,20.91,20.14,20.58,21.16,-2.741,94296.6,193038.158
300803.SZ,20241212,102.3,107.0,102.2,104.81,102.9,1.8562,226498.15,2362343.829
300804.SZ,20241212,26.1,26.22,25.87,26.15,25.97,0.6931,8133.0,21218.163
300805.SZ,20241212,10.12,10.31,9.94,10.2,10.11,0.8902,133604.79,135106.155
300806.SZ,20241212,14.16,14.93,14.16,14.83,14.18,4.5839,129893.8,190224.441
300807.SZ,20241212,35.98,36.95,35.6,35.88,36.14,-0.7194,28770.64,103984.324
300808.SZ,20241212,26.5,27.2,26.15,26.88,26.42,1.7411,21234.0,56564.207
300809.SZ,20241212,34.0,34.99,33.2,33.53,34.3,-2.2449,105453.72,357363.582
300810.SZ,20241212,22.6,23.03,22.37,22.54,22.63,-0.3977,20233.0,45826.729
300811.SZ,20241212,49.28,49.79,48.7,48.89,49.15,-0.529,39982.24,196063.522
300812.SZ,20241212,25.33,25.43,24.78,25.25,25.19,0.2382,35218.69,88338.395
300813.SZ,20241212,20.09,20.31,20.0,20.26,20.05,1.0474,23548.75,47463.716
300814.SZ,20241212,31.2,31.8,30.95,31.51,31.25,0.832,28614.0,89844.753
300815.SZ,20241212,16.78,16.84,16.53,16.78,16.74,0.2389,74752.98,124717.572
300816.SZ,20241212,25.28,25.43,25.1,25.36,25.25,0.4356,10968.0,27693.521
300817.SZ,20241212,15.12,15.21,14.71,14.81,15.16,-2.3087,78507.07,116816.658
300818.SZ,20241212,29.4,30.3,29.12,29.74,29.35,1.3288,22255.74,66088.046
300819.SZ,20241212,14.98,15.25,14.8,15.04,15.15,-0.7261,43818.49,65533.648
300820.SZ,20241212,61.2,61.74,60.72,61.4,61.05,0.5733,18180.36,111405.049
300821.SZ,20241212,8.63,8.72,8.56,8.71,8.65,0.6936,81298.1,70409.94
300822.SZ,20241212,26.75,27.66,25.6,26.01,26.35,-1.2903,234182.55,621489.374
300823.SZ,20241212,15.08,15.47,14.94,15.36,15.1,1.7219,63940.08,97405.984
300824.SZ,20241212,10.04,10.37,9.96,10.28,10.05,2.2886,115779.94,117871.142
300825.SZ,20241212,13.25,13.77,12.69,13.23,13.25,-0.1509,429988.46,565286.054
300826.SZ,20241212,18.52,19.35,18.28,18.93,18.35,3.1608,85389.43,161480.257
300827.SZ,20241212,47.53,48.22,46.5,47.45,47.62,-0.357,79427.35,375170.349
300828.SZ,20241212,17.95,18.45,17.61,17.67,18.08,-2.2677,126776.83,228500.756
300829.SZ,20241212,18.6,22.48,18.28,21.11,18.81,12.2275,203376.36,411741.355
300830.SZ,20241212,10.23,10.67,10.06,10.37,10.2,1.6667,387028.0,401877.617
300831.SZ,20241212,16.82,16.98,16.49,16.72,16.78,-0.3576,117063.66,195451.614
300832.SZ,20241212,69.7,71.8,69.26,70.9,69.5,2.0144,58348.74,414635.57
300833.SZ,20241212,45.5,46.58,45.32,45.98,45.45,1.1661,25370.35,116599.061
300834.SZ,20241212,21.61,21.75,21.55,21.73,21.61,0.5553,8948.56,19391.23
300835.SZ,20241212,34.0,34.43,33.68,34.01,34.21,-0.5846,25250.94,85822.345
300836.SZ,20241212,50.2,52.29,49.5,50.93,49.97,1.9212,11648.13,59560.282
300837.SZ,20241212,22.98,23.13,22.89,23.1,22.98,0.5222,9305.1,21419.936
300838.SZ,20241212,13.73,14.17,13.6,14.0,13.7,2.1898,31318.45,43452.511
300839.SZ,20241212,8.25,8.38,8.19,8.31,8.22,1.0949,31487.33,26124.967
300840.SZ,20241212,25.58,28.8,25.55,27.45,26.3,4.3726,597796.99,1628475.132
300841.SZ,20241212,57.62,58.28,57.25,58.21,57.62,1.024,22223.61,128396.046
300842.SZ,20241212,47.09,47.78,46.6,47.3,46.9,0.8529,30611.0,144354.265
300843.SZ,20241212,31.49,31.49,30.33,30.78,31.33,-1.7555,67934.81,208638.967
300844.SZ,20241212,37.79,38.37,37.5,37.73,38.26,-1.3853,19175.0,72430.242
300845.SZ,20241212,15.07,15.36,14.97,15.16,15.1,0.3974,54773.22,82887.025
300846.SZ,20241212,14.42,14.71,14.12,14.32,14.42,-0.6935,269048.55,386508.284
300847.SZ,20241212,18.52,18.65,18.34,18.49,18.52,-0.162,54315.5,100393.539
300848.SZ,20241212,18.72,19.8,18.61,19.38,18.66,3.8585,67443.05,130973.924
300849.SZ,20241212,13.68,14.06,13.55,14.03,13.6,3.1618,57734.12,79792.054
300850.SZ,20241212,23.05,23.09,22.42,22.61,23.12,-2.2059,117508.08,265768.128
300851.SZ,20241212,29.92,30.07,29.7,29.98,29.92,0.2005,13300.73,39825.481
300852.SZ,20241212,27.81,28.27,27.45,27.89,27.91,-0.0717,27352.48,76150.642
300853.SZ,20241212,30.0,30.4,26.66,26.8,29.34,-8.6571,385083.99,1074705.23
300854.SZ,20241212,14.38,15.07,14.29,14.97,14.38,4.1029,33112.03,48883.3
300855.SZ,20241212,27.22,28.9,27.1,27.85,27.05,2.9575,160718.64,453809.866
300856.SZ,20241212,27.1,28.54,27.1,28.52,27.17,4.9687,131921.7,368747.314
300857.SZ,20241212,101.8,111.8,101.1,107.7,101.77,5.8269,143619.27,1520236.238
300858.SZ,20241212,17.45,17.68,17.09,17.51,17.32,1.097,63352.86,110401.535
300859.SZ,20241212,40.12,43.11,39.85,42.73,40.52,5.4541,86912.29,361877.679
300860.SZ,20241212,30.61,31.2,28.86,30.18,29.6,1.9595,127113.3,380671.358
300861.SZ,20241212,24.02,24.15,23.65,23.82,24.03,-0.8739,68752.2,163686.423
300862.SZ,20241212,31.45,32.1,30.57,31.14,31.47,-1.0486,59931.07,186639.255
300863.SZ,20241212,44.1,46.0,44.1,44.94,44.09,1.9279,39832.9,180255.354
300864.SZ,20241212,22.93,23.08,22.78,23.05,22.93,0.5233,11844.04,27179.633
300865.SZ,20241212,28.15,28.29,27.84,28.2,28.18,0.071,14399.0,40456.599
300866.SZ,20241212,89.18,90.84,88.3,89.28,89.24,0.0448,31666.45,283332.113
300867.SZ,20241212,14.31,14.41,14.22,14.39,14.31,0.559,29113.77,41703.717
300868.SZ,20241212,29.94,30.79,29.83,30.49,29.94,1.837,24428.32,74037.337
300869.SZ,20241212,16.27,16.43,16.17,16.41,16.27,0.8605,38425.1,62768.274
300870.SZ,20241212,89.0,92.71,85.88,87.74,88.3,-0.6342,32486.71,288350.802
300871.SZ,20241212,12.87,12.9,12.56,12.8,12.67,1.026,35082.71,44779.073
300872.SZ,20241212,16.71,17.55,16.54,17.5,16.8,4.1667,345074.18,589906.758
300873.SZ,20241212,19.39,19.41,18.93,19.32,19.08,1.2579,57034.2,109422.496
300875.SZ,20241212,33.36,34.44,33.33,34.44,33.47,2.8981,48594.68,165164.693
300876.SZ,20241212,23.31,23.51,22.85,23.2,23.19,0.0431,20788.0,48207.863
300877.SZ,20241212,16.06,16.38,15.92,16.19,15.91,1.7599,17036.69,27483.122
300878.SZ,20241212,19.44,20.99,19.27,20.57,19.32,6.47,81394.06,164470.265
300879.SZ,20241212,15.74,16.38,15.7,16.05,15.76,1.8401,88298.71,141702.749
300880.SZ,20241212,25.1,25.1,24.34,24.76,25.11,-1.3939,78903.2,194736.1
300881.SZ,20241212,34.23,34.39,33.65,33.85,33.86,-0.0295,15891.8,54004.619
300882.SZ,20241212,16.92,17.04,16.66,16.94,17.02,-0.47,51587.88,86955.095
300883.SZ,20241212,6.34,6.66,6.32,6.65,6.33,5.0553,370737.86,241772.938
300884.SZ,20241212,12.8,12.83,12.41,12.58,12.77,-1.4879,110362.46,138929.634
300885.SZ,20241212,12.49,12.68,12.36,12.62,12.45,1.3655,82188.19,102975.399
300886.SZ,20241212,21.94,22.5,21.86,22.47,21.97,2.2758,14942.7,33246.923
300887.SZ,20241212,9.5,9.54,9.29,9.5,9.55,-0.5236,156689.92,147512.055
300888.SZ,20241212,39.8,41.9,39.64,41.5,40.38,2.7737,99030.58,407801.913
300889.SZ,20241212,15.11,15.22,14.68,15.05,15.17,-0.791,59596.0,88845.591
300890.SZ,20241212,32.4,32.73,32.01,32.55,32.4,0.463,46562.82,151070.611
300891.SZ,20241212,9.78,9.79,9.65,9.76,9.81,-0.5097,52685.06,51202.563
300892.SZ,20241212,42.02,48.0,42.02,45.75,43.56,5.0275,128009.25,568978.016
300893.SZ,20241212,31.5,32.39,31.29,31.62,31.58,0.1267,10422.27,32970.196
300894.SZ,20241212,16.47,17.35,16.47,17.23,16.47,4.6145,304881.49,516674.534
300895.SZ,20241212,37.02,38.6,36.68,36.91,37.37,-1.2309,94749.48,355142.17
300896.SZ,20241212,217.01,225.53,215.38,223.68,219.2,2.0438,53329.27,1184668.675
300897.SZ,20241212,27.38,27.66,26.17,26.91,28.15,-4.405,57356.33,153027.534
300898.SZ,20241212,29.16,34.94,29.16,34.94,29.12,19.9863,258784.49,835454.921
300899.SZ,20241212,25.37,25.58,25.03,25.29,25.37,-0.3153,25878.32,65361.078
300900.SZ,20241212,23.1,23.73,23.05,23.38,23.18,0.8628,92489.42,216945.374
300901.SZ,20241212,12.12,12.65,11.7,12.38,11.99,3.2527,90787.0,110864.653
300902.SZ,20241212,24.0,26.48,23.68,26.42,24.3,8.7243,144115.16,364966.473
300903.SZ,20241212,9.37,9.47,9.17,9.32,9.32,0.0,139103.56,129346.084
300904.SZ,20241212,62.51,64.88,62.51,64.75,63.3,2.2907,18152.65,115648.613
300905.SZ,20241212,33.24,33.39,32.35,33.18,33.25,-0.2105,66874.38,219999.725
300906.SZ,20241212,27.51,27.65,27.2,27.49,27.4,0.3285,27991.07,76728.971
300907.SZ,20241212,23.98,24.18,23.63,24.14,23.98,0.6672,17934.0,42909.668
300908.SZ,20241212,35.18,38.87,34.8,37.13,35.89,3.455,86269.54,314514.091
300909.SZ,20241212,28.23,28.57,27.42,27.8,28.23,-1.5232,39310.5,108996.945
300910.SZ,20241212,45.93,47.0,45.06,46.59,45.48,2.4406,19930.2,92033.657
300911.SZ,20241212,34.29,35.95,34.06,35.84,34.43,4.0953,37825.38,133102.256
300912.SZ,20241212,14.23,14.35,13.98,14.15,14.18,-0.2116,38276.0,54175.531
300913.SZ,20241212,37.88,39.35,36.78,37.32,37.94,-1.6342,158213.4,596885.256
300915.SZ,20241212,36.8,39.9,36.5,39.6,36.3,9.0909,56363.79,214566.75
300916.SZ,20241212,32.16,32.85,31.52,32.04,32.5,-1.4154,39679.71,127138.895
300917.SZ,20241212,59.31,61.6,58.62,60.71,60.28,0.7133,97803.63,588225.531
300918.SZ,20241212,11.88,12.01,11.8,11.88,11.93,-0.4191,33713.65,40092.294
300919.SZ,20241212,39.09,40.95,38.71,40.21,39.02,3.0497,151764.43,605552.279
300920.SZ,20241212,18.95,19.27,18.81,19.11,18.87,1.2719,10040.0,19176.348
300921.SZ,20241212,27.7,27.92,25.3,25.93,26.78,-3.174,178216.62,464714.089
300922.SZ,20241212,16.37,16.8,16.3,16.54,16.36,1.1002,60678.6,100516.718
300923.SZ,20241212,23.08,23.46,22.78,23.2,22.96,1.0453,17654.0,40775.896
300925.SZ,20241212,25.0,28.99,24.94,27.56,25.15,9.5825,670168.59,1788980.245
300926.SZ,20241212,22.19,22.44,21.9,22.17,22.16,0.0451,45605.78,100855.762
300927.SZ,20241212,19.55,19.71,19.26,19.71,19.59,0.6126,26368.0,51472.803
300928.SZ,20241212,37.12,38.3,36.53,38.12,37.12,2.694,30171.71,113084.925
300929.SZ,20241212,10.26,10.5,10.08,10.48,10.17,3.0482,43885.2,45426.679
300930.SZ,20241212,29.84,31.12,28.9,29.76,29.65,0.371,70077.68,212352.303
300931.SZ,20241212,7.64,7.9,7.6,7.81,7.6,2.7632,79935.0,62161.626
300932.SZ,20241212,16.4,16.78,15.99,16.52,16.3,1.3497,98296.5,161901.586
300933.SZ,20241212,7.25,7.38,7.22,7.37,7.25,1.6552,127354.57,93120.792
300935.SZ,20241212,23.93,24.65,23.93,24.21,24.13,0.3315,21579.4,52316.483
300936.SZ,20241212,46.25,46.8,45.7,46.5,46.22,0.6058,18271.0,84668.437
300937.SZ,20241212,29.7,31.8,29.59,31.5,29.85,5.5276,83441.2,259287.293
300938.SZ,20241212,25.84,26.4,25.29,26.17,25.79,1.4734,52876.01,136820.503
300939.SZ,20241212,34.3,34.51,33.79,34.37,34.28,0.2625,36412.0,124589.353
300940.SZ,20241212,15.62,15.88,15.5,15.7,15.48,1.4212,70784.0,111040.78
300941.SZ,20241212,23.45,24.66,23.25,24.14,23.49,2.7671,122423.29,293115.444
300942.SZ,20241212,10.08,10.18,9.99,10.12,10.1,0.198,90702.54,91392.548
300943.SZ,20241212,14.01,14.15,13.87,14.03,14.0,0.2143,39612.5,55502.17
300945.SZ,20241212,12.7,13.15,12.59,12.94,12.75,1.4902,224642.0,289210.951
300946.SZ,20241212,30.2,30.2,29.41,30.05,29.93,0.4009,11915.61,35432.349
300947.SZ,20241212,18.78,20.46,18.64,19.76,18.8,5.1064,168616.91,332724.737
300948.SZ,20241212,11.6,11.8,11.56,11.79,11.64,1.2887,44111.49,51569.888
300949.SZ,20241212,36.97,37.46,36.6,36.9,37.02,-0.3241,18249.0,67602.107
300950.SZ,20241212,17.66,17.69,17.31,17.69,17.44,1.4335,24175.0,42394.409
300951.SZ,20241212,32.08,32.49,31.72,32.3,32.13,0.5291,23286.24,74690.464
300952.SZ,20241212,25.83,25.98,25.12,25.19,26.08,-3.4126,63223.58,160231.754
300953.SZ,20241212,81.86,81.99,78.02,79.0,82.15,-3.8344,41050.53,325791.825
300955.SZ,20241212,18.79,19.85,18.5,19.49,20.17,-3.3713,89977.45,172492.882
300956.SZ,20241212,19.69,19.97,19.25,19.6,19.68,-0.4065,95326.05,186545.873
300957.SZ,20241212,49.88,51.18,49.6,51.05,50.03,2.0388,81229.39,411733.516
300958.SZ,20241212,13.42,14.04,13.32,13.81,13.38,3.2138,86491.8,118665.119
300959.SZ,20241212,38.8,39.88,38.45,39.18,38.85,0.8494,32241.2,126468.76
300960.SZ,20241212,23.67,23.84,23.4,23.76,23.65,0.4651,15066.0,35607.888
300961.SZ,20241212,13.31,15.26,13.16,14.27,13.29,7.374,290593.57,416367.39
300962.SZ,20241212,16.95,17.13,16.88,17.11,17.0,0.6471,29314.0,49918.088
300963.SZ,20241212,9.82,9.98,9.69,9.82,9.88,-0.6073,83717.25,81886.988
300964.SZ,20241212,39.95,40.46,39.65,40.1,39.87,0.5769,16086.0,64339.411
300965.SZ,20241212,36.66,37.99,36.32,36.98,36.12,2.381,9877.0,36775.928
300966.SZ,20241212,18.9,19.34,18.73,19.25,18.94,1.6367,29762.0,57014.645
300967.SZ,20241212,13.84,14.4,13.65,14.16,13.87,2.0908,101388.0,142389.296
300968.SZ,20241212,21.03,21.98,20.79,21.14,21.11,0.1421,451562.46,958625.473
300969.SZ,20241212,95.5,97.79,93.5,95.12,95.62,-0.5229,13988.0,132864.073
300970.SZ,20241212,14.33,14.59,14.17,14.58,14.22,2.5316,55060.23,79328.743
300971.SZ,20241212,22.96,23.2,22.71,23.11,23.0,0.4783,33029.29,75941.99
300972.SZ,20241212,81.8,82.81,78.52,81.67,81.8,-0.1589,23173.35,186328.787
300973.SZ,20241212,42.79,48.49,41.4,46.94,42.7,9.9297,142753.88,631141.997
300975.SZ,20241212,12.61,12.93,12.44,12.81,12.58,1.8283,250092.22,317221.381
300976.SZ,20241212,64.24,73.0,63.81,71.18,63.93,11.3405,76808.75,526214.121
300977.SZ,20241212,20.7,21.3,20.66,21.15,20.7,2.1739,50378.77,106029.938
300978.SZ,20241212,12.29,12.47,12.27,12.39,12.29,0.8137,80678.89,99955.304
300979.SZ,20241212,76.85,79.48,75.8,77.58,76.77,1.0551,22971.66,179223.663
300980.SZ,20241212,26.16,27.22,25.38,27.22,25.71,5.8732,76695.91,202724.954
300981.SZ,20241212,14.91,15.2,14.82,15.08,14.94,0.9371,67725.9,101922.88
300982.SZ,20241212,19.19,20.18,19.1,20.07,19.21,4.4768,80694.41,158278.111
300983.SZ,20241212,19.39,21.58,19.33,20.92,19.41,7.7795,50428.02,103902.64
300984.SZ,20241212,36.61,37.16,35.66,36.86,36.64,0.6004,37042.9,134738.323
300985.SZ,20241212,20.28,20.47,20.06,20.37,20.28,0.4438,29923.8,60773.869
300986.SZ,20241212,13.38,13.87,13.34,13.84,13.45,2.8996,40656.44,55388.987
300987.SZ,20241212,17.83,17.83,17.2,17.49,17.55,-0.3419,62324.85,109014.076
300988.SZ,20241212,20.91,21.05,20.4,20.76,20.91,-0.7174,48769.0,101167.494
300989.SZ,20241212,15.97,16.47,15.77,16.11,15.79,2.0266,83431.17,134789.686
300990.SZ,20241212,37.49,40.0,37.1,39.45,37.49,5.2281,61049.05,238261.012
300991.SZ,20241212,21.01,21.86,20.71,21.46,21.17,1.3699,139141.64,295288.836
300992.SZ,20241212,25.3,26.38,25.17,25.28,25.16,0.4769,21940.67,56539.499
300993.SZ,20241212,10.46,10.98,10.46,10.98,10.4,5.5769,138119.76,148811.442
300994.SZ,20241212,12.19,14.56,12.11,13.64,12.15,12.2634,193683.67,258440.427
300995.SZ,20241212,18.99,19.39,18.9,19.31,19.05,1.3648,35730.26,68341.988
300996.SZ,20241212,21.26,21.62,20.91,21.49,21.34,0.7029,66842.68,142530.556
300997.SZ,20241212,17.38,18.75,16.96,18.75,17.44,7.5115,232587.68,418022.018
300998.SZ,20241212,18.1,18.87,17.8,17.97,18.07,-0.5534,67736.11,123280.978
300999.SZ,20241212,35.73,36.51,35.38,36.38,35.65,2.0477,134086.76,483527.76
301000.SZ,20241212,27.4,27.99,26.79,27.5,28.24,-2.6204,211392.71,576767.056
301001.SZ,20241212,31.06,31.47,30.03,31.06,31.38,-1.0198,65524.23,201570.149
301002.SZ,20241212,18.79,19.39,18.75,19.14,18.77,1.9712,27635.6,52672.58
301003.SZ,20241212,24.2,24.34,24.02,24.31,24.18,0.5376,8546.5,20692.788
301004.SZ,20241212,105.69,108.77,104.19,107.35,104.91,2.3258,6194.87,66240.748
301005.SZ,20241212,32.51,33.08,31.8,32.75,32.92,-0.5164,58464.49,189342.85
301006.SZ,20241212,15.64,15.7,15.43,15.65,15.64,0.0639,15862.47,24745.872
301007.SZ,20241212,18.82,18.97,18.44,18.78,18.9,-0.6349,116278.98,217370.276
301008.SZ,20241212,21.42,22.47,21.28,22.27,21.42,3.9683,43428.03,95656.633
301009.SZ,20241212,9.91,10.24,9.91,10.2,9.95,2.5126,49696.91,50079.842
301010.SZ,20241212,15.15,18.1,15.15,18.1,15.08,20.0265,123873.86,211754.822
301011.SZ,20241212,31.09,32.2,31.02,32.13,30.96,3.7791,133853.32,423950.794
301012.SZ,20241212,23.96,24.1,23.82,24.05,23.96,0.3756,32052.56,76773.352
301013.SZ,20241212,14.15,14.57,13.88,14.32,14.22,0.7032,138122.5,196327.788
301015.SZ,20241212,27.5,28.05,27.23,28.03,27.44,2.1501,31771.0,88303.63
301016.SZ,20241212,23.89,24.12,23.63,23.97,23.89,0.3349,28270.8,67542.801
301017.SZ,20241212,14.43,15.5,14.32,15.26,14.45,5.6055,224893.26,338237.253
301018.SZ,20241212,32.67,33.29,30.59,31.36,32.15,-2.4572,130701.95,413594.126
301019.SZ,20241212,16.32,16.32,15.97,16.27,16.25,0.1231,19698.4,31834.039
301020.SZ,20241212,21.04,21.25,20.71,21.07,21.04,0.1426,13625.0,28608.064
301021.SZ,20241212,30.5,30.71,29.58,29.98,30.38,-1.3167,63431.0,189969.094
301022.SZ,20241212,24.51,24.69,24.17,24.56,24.33,0.9453,15008.3,36745.916
301023.SZ,20241212,54.55,54.86,52.7,53.64,54.82,-2.1525,17090.94,91766.245
301024.SZ,20241212,29.2,31.2,28.96,30.19,29.19,3.4258,25921.5,78484.764
301025.SZ,20241212,12.0,12.25,11.78,12.06,12.05,0.083,88534.42,106108.392
301026.SZ,20241212,30.0,31.05,29.86,30.81,30.0,2.7,30068.0,92110.908
301027.SZ,20241212,14.7,15.44,14.45,14.97,14.67,2.045,81633.56,122958.346
301028.SZ,20241212,11.67,11.81,11.47,11.7,11.66,0.3431,36356.0,42237.128
301029.SZ,20241212,28.1,28.44,27.45,27.64,28.38,-2.6075,77908.26,215804.616
301030.SZ,20241212,28.41,29.01,28.2,28.95,28.42,1.8649,50302.61,144089.551
301031.SZ,20241212,109.55,110.06,108.37,109.72,108.98,0.679,2917.0,31899.478
301032.SZ,20241212,10.87,11.04,10.81,11.03,10.91,1.0999,40097.49,43872.92
301033.SZ,20241212,46.47,46.78,45.28,46.32,46.86,-1.1524,11467.0,52695.919
301035.SZ,20241212,50.2,50.44,49.61,50.23,50.03,0.3998,6851.0,34352.711
301036.SZ,20241212,46.01,47.15,45.58,46.85,46.4,0.9698,50373.7,233961.203
301037.SZ,20241212,11.97,12.27,11.92,12.22,11.97,2.0886,30729.28,37370.524
301038.SZ,20241212,21.98,22.68,21.91,22.02,22.07,-0.2266,51616.44,114756.541
301039.SZ,20241212,10.11,10.16,9.98,10.15,10.0,1.5,172886.55,174175.235
301040.SZ,20241212,16.09,16.41,15.9,16.4,15.92,3.0151,29684.0,48046.558
301041.SZ,20241212,28.23,28.39,27.57,27.78,28.22,-1.5592,44868.26,124939.893
301042.SZ,20241212,40.5,40.55,39.31,39.88,40.41,-1.3116,30125.61,120177.685
301043.SZ,20241212,30.31,33.87,30.1,32.18,30.2,6.5563,33703.88,109150.987
301045.SZ,20241212,23.37,23.81,22.95,23.36,23.46,-0.4263,44302.0,103242.402
301046.SZ,20241212,22.2,22.35,21.93,22.23,22.2,0.1351,16256.41,35903.36
301047.SZ,20241212,68.91,69.27,68.36,69.07,68.89,0.2613,9782.4,67396.675
301048.SZ,20241212,10.27,10.27,10.12,10.24,10.27,-0.2921,47954.0,48971.205
301049.SZ,20241212,29.3,29.88,28.68,29.5,29.29,0.717,30022.36,88343.285
301050.SZ,20241212,55.4,56.88,55.07,56.13,55.39,1.336,80418.28,449579.123
301051.SZ,20241212,30.44,30.74,30.11,30.6,30.46,0.4596,14398.1,43832.8
301052.SZ,20241212,32.29,32.8,31.06,31.55,32.3,-2.322,104343.09,331095.624
301053.SZ,20241212,22.99,23.19,22.63,23.01,22.89,0.5242,11327.99,25992.616
301055.SZ,20241212,16.78,16.91,16.3,16.62,16.91,-1.715,42360.0,69968.487
301056.SZ,20241212,9.45,9.66,9.43,9.6,9.43,1.8028,32977.29,31492.404
301057.SZ,20241212,14.72,14.96,14.64,14.94,14.73,1.4257,32397.2,48073.719
301058.SZ,20241212,11.69,12.25,11.59,12.22,11.66,4.8027,273555.43,329563.458
301059.SZ,20241212,11.52,11.7,11.39,11.66,11.51,1.3032,28422.5,32896.391
301060.SZ,20241212,11.23,11.35,11.13,11.28,11.25,0.2667,90087.65,101442.769
301061.SZ,20241212,54.66,57.5,54.04,56.8,54.91,3.442,14680.41,82917.404
301062.SZ,20241212,14.78,14.78,13.77,13.9,14.97,-7.1476,213203.09,299919.126
301063.SZ,20241212,18.33,18.46,18.15,18.45,18.33,0.6547,18240.0,33434.848
301065.SZ,20241212,21.3,21.69,21.2,21.65,21.34,1.4527,19154.0,41160.399
301066.SZ,20241212,17.0,17.23,16.76,17.01,17.41,-2.2975,136037.31,231027.202
301067.SZ,20241212,27.56,27.74,26.95,27.32,27.55,-0.8348,26749.4,72883.406
301068.SZ,20241212,31.12,32.32,30.84,31.75,31.15,1.9262,8311.6,26336.454
301069.SZ,20241212,17.21,17.36,16.56,16.85,17.45,-3.4384,148689.7,250605.681
301070.SZ,20241212,48.99,51.73,48.82,50.74,49.45,2.6087,24360.0,123657.888
301071.SZ,20241212,32.2,32.38,31.01,31.7,32.16,-1.4303,74875.84,236608.488
301072.SZ,20241212,22.97,23.37,22.68,23.08,22.95,0.5664,13277.01,30541.877
301073.SZ,20241212,25.83,27.1,25.59,26.83,26.11,2.7576,162610.69,430203.157
301075.SZ,20241212,21.44,22.72,21.38,22.27,21.43,3.9197,30378.0,67186.816
301076.SZ,20241212,32.3,33.01,31.04,31.22,34.93,-10.6212,197646.95,631864.372
301077.SZ,20241212,26.56,28.8,26.43,28.65,26.74,7.1429,72186.63,201700.169
301078.SZ,20241212,13.98,14.39,13.61,14.35,14.01,2.4268,732825.14,1030975.633
301079.SZ,20241212,18.56,18.97,18.02,18.94,18.73,1.1212,84293.67,155521.793
301080.SZ,20241212,47.71,47.88,46.84,47.32,47.55,-0.4837,19469.04,92107.678
301081.SZ,20241212,9.55,9.66,9.48,9.65,9.53,1.2592,30285.8,29022.866
301082.SZ,20241212,16.5,16.79,16.21,16.71,16.68,0.1799,139090.8,230031.542
301083.SZ,20241212,16.67,16.88,16.26,16.45,16.55,-0.6042,39237.92,64706.894
301085.SZ,20241212,80.16,81.8,70.8,72.8,75.85,-4.0211,168347.04,1271663.152
301086.SZ,20241212,51.3,51.8,50.7,51.63,51.24,0.7611,10795.0,55312.849
301087.SZ,20241212,38.11,39.45,37.95,39.39,38.12,3.3316,27334.91,106741.207
301088.SZ,20241212,14.75,15.21,14.73,15.21,14.74,3.1886,47104.26,70649.863
301089.SZ,20241212,33.98,34.49,33.75,34.28,33.95,0.972,30130.04,102676.723
301090.SZ,20241212,7.95,8.0,7.89,7.99,7.96,0.3769,60385.12,48037.195
301091.SZ,20241212,50.37,51.5,49.4,51.48,50.69,1.5585,134330.0,679348.483
301092.SZ,20241212,26.03,26.21,25.79,26.15,26.14,0.0383,14790.61,38525.7
301093.SZ,20241212,24.18,24.65,24.18,24.49,24.24,1.0314,12113.1,29585.009
301095.SZ,20241212,60.52,61.66,59.85,60.91,60.62,0.4784,31884.0,193149.202
301096.SZ,20241212,42.09,42.43,41.91,42.42,42.08,0.808,27612.5,116663.83
301097.SZ,20241212,43.2,43.6,42.8,43.41,43.28,0.3004,6481.0,27982.404
301098.SZ,20241212,9.41,9.62,9.33,9.56,9.37,2.0277,69109.73,65461.083
301099.SZ,20241212,44.88,45.13,44.26,44.79,44.97,-0.4003,21496.88,96037.099
301100.SZ,20241212,19.3,19.32,18.86,19.05,19.26,-1.0903,27558.87,52501.657
301101.SZ,20241212,43.22,45.0,42.52,43.52,44.9,-3.0735,108340.5,471519.114
301102.SZ,20241212,13.71,13.85,13.35,13.62,13.85,-1.6606,148340.67,200937.263
301103.SZ,20241212,24.09,24.54,23.97,24.46,24.04,1.7471,16803.94,40942.155
301105.SZ,20241212,32.15,32.99,32.13,32.91,32.25,2.0465,5600.0,18239.335
301106.SZ,20241212,30.68,31.04,30.44,30.8,30.68,0.3911,13946.2,42841.035
301107.SZ,20241212,29.07,29.22,28.69,29.11,29.07,0.1376,8724.0,25257.215
301108.SZ,20241212,28.88,29.96,28.87,29.7,28.88,2.8393,13333.0,39323.23
301109.SZ,20241212,17.96,18.01,17.73,17.98,17.95,0.1671,33998.05,60855.857
301110.SZ,20241212,47.01,47.55,45.88,47.02,47.37,-0.7389,29197.89,136638.612
301111.SZ,20241212,18.77,19.6,18.61,19.29,18.76,2.8252,87251.0,167687.346
301112.SZ,20241212,28.75,28.75,27.9,28.08,28.8,-2.5,27457.0,77455.103
301113.SZ,20241212,26.86,28.09,26.85,28.08,27.26,3.0081,10074.44,27910.634
301115.SZ,20241212,15.65,15.78,15.56,15.74,15.61,0.8328,29280.17,45919.732
301116.SZ,20241212,15.84,16.7,15.58,16.42,15.83,3.7271,374853.72,608138.495
301117.SZ,20241212,35.9,37.65,35.9,36.91,36.61,0.8194,73900.34,272124.035
301118.SZ,20241212,21.28,22.5,20.89,21.95,21.27,3.197,66317.89,144017.848
301119.SZ,20241212,31.85,32.32,31.2,31.75,31.6,0.4747,22362.0,70999.468
301120.SZ,20241212,10.42,10.55,10.28,10.36,10.44,-0.7663,52412.5,54441.93
301121.SZ,20241212,52.8,55.45,52.73,54.31,53.22,2.0481,47292.92,257142.338
301122.SZ,20241212,22.46,22.85,22.43,22.85,22.51,1.5104,21962.21,49781.896
301123.SZ,20241212,21.26,21.46,20.88,21.03,21.26,-1.0818,39484.03,83251.031
301125.SZ,20241212,13.25,15.08,12.7,15.08,12.57,19.9682,197190.54,279449.445
301126.SZ,20241212,12.07,12.44,12.02,12.34,12.07,2.237,81042.81,99496.413
301127.SZ,20241212,20.8,20.9,16.92,16.92,21.15,-20.0,636846.17,1115746.653
301128.SZ,20241212,58.07,58.8,56.68,57.26,58.07,-1.3949,20887.96,119845.176
301129.SZ,20241212,28.69,29.0,27.85,28.16,28.76,-2.0862,42439.92,120112.096
301130.SZ,20241212,29.18,29.76,28.9,29.45,29.1,1.2027,15901.5,46831.976
301131.SZ,20241212,40.71,40.76,39.56,40.27,41.01,-1.8044,25386.58,101790.472
301132.SZ,20241212,29.5,29.76,29.12,29.45,29.45,0.0,21994.08,64682.569
301133.SZ,20241212,24.7,26.31,24.7,25.05,24.67,1.5403,26946.0,67702.088
301135.SZ,20241212,27.27,27.5,26.7,26.84,27.52,-2.4709,28809.33,77556.715
301136.SZ,20241212,14.07,14.25,13.95,14.11,14.08,0.2131,52019.35,73420.352
301137.SZ,20241212,18.88,19.2,18.84,19.04,19.05,-0.0525,20044.74,38078.226
301138.SZ,20241212,30.94,31.09,29.98,30.61,30.94,-1.0666,27293.46,83005.676
301139.SZ,20241212,25.65,25.9,25.18,25.37,25.62,-0.9758,45255.53,115209.227
301141.SZ,20241212,41.66,42.0,41.1,41.8,41.8,0.0,19830.52,82520.482
301148.SZ,20241212,21.09,21.2,20.76,20.97,20.94,0.1433,21451.09,44916.742
301149.SZ,20241212,10.67,10.74,10.59,10.74,10.67,0.656,38145.0,40706.266
301150.SZ,20241212,24.9,25.3,24.64,25.15,24.85,1.2072,27627.15,69027.849
301151.SZ,20241212,18.04,18.12,17.7,17.8,18.06,-1.4396,49126.7,87767.348
301152.SZ,20241212,34.65,36.0,34.32,35.79,34.62,3.3795,56084.82,198292.465
301153.SZ,20241212,32.88,33.0,32.2,32.76,32.79,-0.0915,53433.11,173921.091
301155.SZ,20241212,62.67,64.0,62.0,63.3,62.66,1.0214,16704.49,105371.362
301156.SZ,20241212,14.86,15.1,14.69,15.07,14.83,1.6183,35198.7,52568.981
301157.SZ,20241212,43.98,44.67,41.0,42.8,41.5,3.1325,36899.53,157036.769
301158.SZ,20241212,15.3,15.46,15.25,15.41,15.28,0.8508,25718.0,39507.845
301159.SZ,20241212,38.63,39.7,37.5,38.34,38.64,-0.7764,38115.0,146208.775
301160.SZ,20241212,72.78,74.29,69.3,70.66,74.72,-5.4336,59187.92,422219.084
301161.SZ,20241212,21.76,22.0,21.35,21.63,21.94,-1.4129,67119.81,145128.551
301162.SZ,20241212,44.05,44.88,43.68,44.06,44.05,0.0227,19917.41,87965.91
301163.SZ,20241212,24.71,24.77,24.28,24.72,24.62,0.4062,15658.29,38473.479
301165.SZ,20241212,49.5,50.51,49.01,49.4,49.78,-0.7634,22083.0,109417.87
301166.SZ,20241212,31.99,32.8,31.83,32.33,31.8,1.6667,17558.0,56542.159
301167.SZ,20241212,14.75,15.05,14.64,15.04,14.73,2.1045,49264.8,73401.533
301168.SZ,20241212,30.51,30.63,30.25,30.59,30.41,0.5919,16065.72,48976.609
301169.SZ,20241212,49.96,51.4,48.18,48.35,49.74,-2.7945,50213.76,246759.478
301170.SZ,20241212,26.6,27.55,26.0,26.12,26.99,-3.2234,50294.05,133235.336
301171.SZ,20241212,34.07,34.59,32.4,33.97,33.72,0.7414,661197.43,2206433.202
301172.SZ,20241212,31.95,32.26,31.57,32.02,31.95,0.2191,24109.33,77019.285
301175.SZ,20241212,5.6,5.64,5.55,5.63,5.6,0.5357,220396.84,123590.375
301176.SZ,20241212,20.86,21.08,20.48,20.6,20.88,-1.341,38534.34,79718.706
301177.SZ,20241212,25.59,26.05,25.31,26.01,25.29,2.847,42458.0,109445.145
301178.SZ,20241212,33.37,34.0,33.22,33.45,33.7,-0.7418,46976.2,157775.774
301179.SZ,20241212,19.92,20.36,19.3,19.74,19.77,-0.1517,104625.45,206529.023
301180.SZ,20241212,17.32,19.43,17.32,17.76,16.93,4.9025,176942.63,319543.862
301181.SZ,20241212,23.44,24.24,23.44,23.98,23.55,1.8259,19542.79,46747.674
301182.SZ,20241212,37.43,37.57,35.77,36.4,37.41,-2.6998,45136.94,164743.299
301183.SZ,20241212,52.69,55.19,52.69,54.34,52.85,2.8193,58775.0,318259.981
301185.SZ,20241212,20.46,21.67,20.46,20.69,21.1,-1.9431,178409.44,372059.164
301186.SZ,20241212,43.23,43.8,42.51,43.09,43.16,-0.1622,15574.54,67379.355
301187.SZ,20241212,30.0,30.48,29.5,29.58,30.16,-1.9231,23011.5,68920.996
301188.SZ,20241212,16.58,17.36,16.33,17.3,16.62,4.0915,70734.77,120711.297
301189.SZ,20241212,27.5,28.39,26.9,26.99,27.41,-1.5323,48106.02,131661.029
301190.SZ,20241212,16.67,16.96,16.64,16.87,16.64,1.3822,13114.0,22050.301
301191.SZ,20241212,82.26,83.9,80.81,81.71,81.68,0.0367,16898.43,138814.837
301192.SZ,20241212,20.12,20.4,20.02,20.33,20.13,0.9935,16042.0,32478.362
301193.SZ,20241212,17.49,18.08,17.44,17.88,17.5,2.1714,22894.0,40740.533
301195.SZ,20241212,37.19,37.34,36.2,36.72,37.18,-1.2372,34014.68,124797.778
301196.SZ,20241212,37.38,37.5,36.7,37.03,37.33,-0.8036,12011.71,44455.709
301197.SZ,20241212,18.9,18.91,17.88,18.37,18.55,-0.9704,117426.29,214975.176
301198.SZ,20241212,14.28,14.7,13.8,14.18,14.45,-1.8685,193033.32,274192.171
301199.SZ,20241212,32.88,33.91,31.68,31.9,32.94,-3.1573,53913.0,174575.614
301200.SZ,20241212,38.66,39.08,38.2,38.88,38.85,0.0772,16706.0,64612.769
301201.SZ,20241212,23.13,23.47,23.02,23.34,23.1,1.039,27183.2,63311.363
301202.SZ,20241212,34.98,35.51,34.48,35.07,34.98,0.2573,26524.64,92800.743
301203.SZ,20241212,31.31,31.5,31.22,31.45,31.4,0.1592,6381.0,20017.371
301205.SZ,20241212,73.35,74.95,73.15,73.7,73.39,0.4224,26262.4,194029.594
301206.SZ,20241212,28.97,30.38,28.75,30.34,29.07,4.3688,60465.33,179484.16
301207.SZ,20241212,19.25,19.29,18.9,19.22,19.21,0.0521,51542.22,98589.012
301208.SZ,20241212,38.18,39.37,37.83,38.92,37.9,2.6913,39897.8,154042.705
301209.SZ,20241212,29.87,30.12,29.39,29.74,29.88,-0.4685,14172.56,42164.86
301210.SZ,20241212,36.36,36.48,35.68,36.22,36.36,-0.385,13499.91,48732.777
301211.SZ,20241212,20.2,20.71,20.15,20.68,20.26,2.0731,45985.35,94569.042
301212.SZ,20241212,23.77,23.98,23.58,23.92,23.8,0.5042,11620.0,27663.55
301213.SZ,20241212,42.2,43.14,42.0,42.9,42.45,1.0601,24493.27,104443.523
301215.SZ,20241212,6.79,6.85,6.66,6.77,6.82,-0.7331,185575.26,125242.336
301216.SZ,20241212,11.4,11.5,11.29,11.48,11.37,0.9675,51925.5,59336.003
301217.SZ,20241212,11.3,11.35,11.2,11.3,11.26,0.3552,52566.0,59291.083
301218.SZ,20241212,25.65,26.15,25.28,25.76,25.57,0.7431,38692.5,99311.628
301219.SZ,20241212,49.54,49.83,49.05,49.65,49.52,0.2625,26999.38,133564.355
301220.SZ,20241212,36.0,36.5,35.71,36.3,36.01,0.8053,8932.11,32320.842
301221.SZ,20241212,55.9,57.43,54.7,54.96,55.8,-1.5054,39821.0,221329.1
301222.SZ,20241212,28.63,28.98,28.54,28.82,28.63,0.6636,11074.0,31911.07
301223.SZ,20241212,17.85,18.04,17.8,18.04,17.91,0.7259,15778.13,28300.626
301225.SZ,20241212,28.95,29.57,28.8,29.2,29.16,0.1372,10438.34,30411.921
301226.SZ,20241212,27.44,28.5,26.9,27.85,27.55,1.0889,80463.34,223633.341
301227.SZ,20241212,19.15,20.25,19.1,19.96,19.15,4.2298,37402.15,73565.01
301228.SZ,20241212,13.99,14.35,13.98,14.35,13.97,2.7201,35344.77,50118.6
301229.SZ,20241212,23.8,24.3,23.63,23.86,23.67,0.8027,41034.39,98214.463
301230.SZ,20241212,27.54,27.79,27.0,27.46,27.51,-0.1818,49005.87,134457.17
301231.SZ,20241212,22.0,22.11,21.25,21.68,21.81,-0.5961,40088.0,86695.056
301232.SZ,20241212,29.76,30.08,29.38,29.88,29.85,0.1005,14654.15,43591.532
301233.SZ,20241212,50.38,50.9,49.81,50.31,50.3,0.0199,21124.14,106260.567
301234.SZ,20241212,28.78,31.13,28.56,30.0,28.81,4.1305,20344.18,60761.307
301235.SZ,20241212,21.98,22.24,21.92,22.2,21.98,1.0009,11402.09,25238.948
301236.SZ,20241212,64.45,66.5,63.51,64.95,64.84,0.1696,494688.44,3208677.152
301237.SZ,20241212,26.02,26.46,25.73,26.17,25.83,1.3163,7654.28,19991.049
301238.SZ,20241212,17.36,17.41,17.1,17.37,17.34,0.173,67383.3,116409.858
301239.SZ,20241212,56.85,57.6,55.51,56.65,56.66,-0.0176,35987.35,203311.419
301246.SZ,20241212,15.91,15.99,15.68,15.82,15.91,-0.5657,63653.13,100671.438
301248.SZ,20241212,18.16,18.46,17.98,18.25,18.16,0.4956,59630.53,108676.424
301251.SZ,20241212,35.87,36.1,35.25,36.0,35.99,0.0278,38950.81,139126.116
301252.SZ,20241212,29.61,29.72,29.03,29.42,29.66,-0.8092,18497.42,54364.47
301255.SZ,20241212,38.96,38.96,37.58,37.74,39.54,-4.5524,51432.47,195691.639
301256.SZ,20241212,8.7,8.79,8.55,8.71,8.72,-0.1147,79423.2,68810.645
301257.SZ,20241212,31.6,31.97,31.55,31.89,31.55,1.0777,25086.2,79763.379
301258.SZ,20241212,28.2,28.56,27.71,28.43,27.94,1.7538,20032.0,56598.361
301259.SZ,20241212,45.76,47.0,44.78,46.12,45.93,0.4137,24563.2,112489.718
301260.SZ,20241212,14.95,14.99,14.77,14.94,14.95,-0.0669,25056.38,37327.235
301261.SZ,20241212,46.07,47.55,45.05,45.85,46.06,-0.4559,47481.73,220410.567
301262.SZ,20241212,28.88,29.2,28.41,28.75,28.88,-0.4501,33407.06,96068.045
301263.SZ,20241212,15.36,15.8,15.33,15.71,15.36,2.2786,91642.55,143055.713
301265.SZ,20241212,10.0,10.1,9.99,10.05,10.01,0.3996,25837.48,25948.524
301266.SZ,20241212,40.69,40.95,40.0,40.74,40.63,0.2707,30594.03,123801.766
301267.SZ,20241212,22.4,22.8,22.23,22.63,22.4,1.0268,64921.48,146505.437
301268.SZ,20241212,20.45,20.46,19.71,19.96,20.23,-1.3347,33549.98,66872.082
301269.SZ,20241212,128.31,134.0,127.51,128.39,128.3,0.0701,83215.0,1080199.999
301270.SZ,20241212,39.01,40.4,38.6,38.98,37.85,2.9855,63346.0,249072.03
301272.SZ,20241212,37.98,38.52,37.65,38.5,38.2,0.7853,10164.0,38717.817
301273.SZ,20241212,20.73,21.01,20.45,21.01,20.69,1.5466,11211.39,23353.439
301276.SZ,20241212,21.93,22.28,21.7,22.24,21.85,1.7849,25713.14,56670.696
301277.SZ,20241212,15.5,15.66,15.43,15.63,15.52,0.7088,40384.4,62866.805
301278.SZ,20241212,38.18,39.1,37.8,38.8,38.1,1.8373,20581.36,79328.346
301279.SZ,20241212,23.16,23.47,22.96,23.39,23.3,0.3863,23414.41,54478.003
301280.SZ,20241212,47.61,47.7,45.51,46.29,47.47,-2.4858,28065.19,129937.646
301281.SZ,20241212,35.22,35.5,35.03,35.49,35.2,0.8239,20597.78,72736.893
301282.SZ,20241212,23.09,23.24,22.64,22.95,23.0,-0.2174,24748.0,56713.698
301283.SZ,20241212,28.68,29.26,28.58,29.23,28.77,1.5989,16338.0,47315.575
301285.SZ,20241212,29.8,29.86,28.68,29.19,29.8,-2.047,27990.0,81420.002
301286.SZ,20241212,36.47,36.65,34.66,35.35,36.84,-4.0445,22337.88,79704.352
301287.SZ,20241212,31.31,32.2,31.12,32.2,31.12,3.4704,21627.34,68700.084
301288.SZ,20241212,19.3,19.46,19.04,19.4,19.43,-0.1544,41254.0,79497.185
301289.SZ,20241212,51.71,52.25,50.55,51.68,52.25,-1.0909,39840.58,204615.477
301290.SZ,20241212,26.94,27.74,26.94,27.63,26.94,2.5612,25664.99,70327.856
301291.SZ,20241212,45.0,45.95,44.09,44.48,43.95,1.2059,35987.66,162129.593
301292.SZ,20241212,15.35,15.44,15.17,15.4,15.34,0.3911,21157.65,32441.953
301293.SZ,20241212,48.75,48.75,47.47,48.15,48.8,-1.332,79468.2,381750.737
301295.SZ,20241212,24.08,24.12,23.73,23.9,23.9,0.0,12584.7,30102.147
301296.SZ,20241212,10.99,10.99,10.48,10.54,10.5,0.381,111625.23,119337.734
301297.SZ,20241212,47.5,48.36,47.5,48.35,47.81,1.1295,91315.81,438440.93
301298.SZ,20241212,15.18,15.26,15.0,15.15,15.19,-0.2633,28426.0,42991.456
301299.SZ,20241212,59.76,60.58,58.65,60.13,59.71,0.7034,24872.33,148404.083
301300.SZ,20241212,29.57,29.78,29.41,29.75,29.57,0.6087,16631.49,49324.155
301301.SZ,20241212,13.59,13.62,13.36,13.5,13.61,-0.8082,302147.99,407555.599
301302.SZ,20241212,28.2,30.88,27.72,28.16,28.5,-1.193,230136.94,672858.277
301303.SZ,20241212,16.01,16.13,15.74,15.91,16.05,-0.8723,31784.62,50518.505
301305.SZ,20241212,19.11,19.28,18.93,19.23,19.15,0.4178,18921.85,36215.378
301306.SZ,20241212,45.89,46.2,44.44,45.59,45.79,-0.4368,34682.77,156864.442
301307.SZ,20241212,24.4,25.32,24.4,24.6,24.2,1.6529,75828.14,188394.32
301308.SZ,20241212,89.02,89.49,87.6,88.46,88.99,-0.5956,48829.5,430709.261
301309.SZ,20241212,26.68,26.95,26.58,26.92,26.62,1.127,10887.09,29166.342
301310.SZ,20241212,29.38,29.42,28.23,28.49,29.45,-3.2598,52511.19,150360.044
301311.SZ,20241212,21.41,21.42,20.95,21.11,21.42,-1.4472,41448.0,87722.623
301312.SZ,20241212,52.55,52.55,50.9,51.76,52.9,-2.155,30220.3,155759.378
301313.SZ,20241212,27.5,27.99,26.63,26.7,27.41,-2.5903,94634.41,256844.095
301314.SZ,20241212,40.91,41.22,40.0,40.4,40.66,-0.6394,12912.9,52267.055
301315.SZ,20241212,52.21,54.1,50.9,53.11,52.0,2.1346,63184.89,331217.127
301316.SZ,20241212,23.33,25.98,22.16,25.98,21.65,20.0,560952.62,1335426.877
301317.SZ,20241212,23.77,24.26,23.42,24.2,23.68,2.1959,18421.1,44029.481
301318.SZ,20241212,36.6,39.33,34.98,35.62,34.86,2.1801,111008.43,403259.19
301319.SZ,20241212,33.51,33.63,33.06,33.54,33.51,0.0895,13609.6,45476.087
301320.SZ,20241212,16.89,17.19,16.81,17.11,16.95,0.944,39329.89,66954.441
301321.SZ,20241212,17.39,17.4,16.94,17.17,17.32,-0.8661,26743.5,45895.511
301322.SZ,20241212,26.2,27.26,25.84,26.79,26.07,2.7618,29895.7,80243.658
301323.SZ,20241212,39.84,41.58,39.25,40.47,39.15,3.3716,28066.4,114391.282
301325.SZ,20241212,51.04,52.95,50.12,52.24,51.3,1.8324,49019.21,252882.877
301326.SZ,20241212,79.95,81.73,78.13,80.25,81.5,-1.5337,17746.76,142323.088
301327.SZ,20241212,84.31,84.69,83.61,83.72,84.3,-0.688,5205.83,43741.969
301328.SZ,20241212,43.06,43.71,41.67,42.01,43.07,-2.4611,27604.98,116595.977
301329.SZ,20241212,21.27,21.66,20.92,21.14,21.36,-1.03,53695.79,113755.296
301330.SZ,20241212,31.5,31.89,30.75,30.98,31.42,-1.4004,71488.37,223384.8
301331.SZ,20241212,25.66,27.33,25.54,26.5,25.66,3.2736,31883.47,84352.52
301332.SZ,20241212,11.25,11.62,11.17,11.52,11.26,2.3091,105333.71,120267.407
301333.SZ,20241212,57.65,57.98,56.35,57.19,57.8,-1.0554,6817.6,38818.713
301335.SZ,20241212,26.06,27.99,26.06,27.05,25.48,6.1617,134211.27,358797.778
301336.SZ,20241212,37.58,40.4,36.8,38.97,37.18,4.8144,29284.92,113202.933
301337.SZ,20241212,34.2,35.28,34.03,35.19,34.21,2.8647,43080.57,149938.717
301338.SZ,20241212,35.88,36.22,35.41,36.02,35.88,0.3902,17069.64,61067.926
301339.SZ,20241212,21.48,21.55,21.04,21.34,21.47,-0.6055,67967.02,144652.736
301345.SZ,20241212,60.01,62.2,59.86,62.07,60.2,3.1063,7783.38,47728.543
301348.SZ,20241212,28.58,28.77,27.88,28.72,28.58,0.4899,64438.7,182553.676
301349.SZ,20241212,33.65,33.69,33.03,33.59,33.58,0.0298,15553.5,51897.844
301353.SZ,20241212,28.91,30.38,28.73,30.38,28.97,4.8671,15861.0,47079.919
301355.SZ,20241212,12.85,13.08,12.77,12.93,12.79,1.0946,58893.46,76087.818
301356.SZ,20241212,19.4,19.4,18.85,18.95,19.21,-1.3535,13354.02,25433.771
301357.SZ,20241212,39.18,40.28,38.8,39.37,39.54,-0.4299,31215.8,123451.526
301358.SZ,20241212,46.76,48.58,46.32,47.88,46.81,2.2858,79236.23,377398.087
301359.SZ,20241212,25.57,26.0,25.55,25.85,25.68,0.662,16116.0,41563.892
301360.SZ,20241212,58.72,58.74,57.36,57.95,59.1,-1.9459,21335.31,123493.727
301361.SZ,20241212,28.16,28.39,27.88,28.28,28.3,-0.0707,12564.48,35403.892
301362.SZ,20241212,43.97,44.25,43.56,43.97,44.0,-0.0682,7171.0,31438.311
301363.SZ,20241212,32.9,33.08,32.5,32.86,32.97,-0.3336,29093.37,95376.732
301365.SZ,20241212,15.93,16.15,15.88,16.12,15.93,1.1927,29650.26,47516.389
301366.SZ,20241212,46.1,47.15,45.78,46.15,46.45,-0.6459,29532.0,136683.677
301367.SZ,20241212,69.3,71.56,68.9,70.94,69.29,2.3813,11673.4,82271.098
301368.SZ,20241212,55.92,61.08,55.63,58.77,56.69,3.6691,194171.15,1137461.194
301369.SZ,20241212,61.32,61.48,59.67,60.18,61.16,-1.6024,20677.5,124852.911
301370.SZ,20241212,12.24,12.55,12.2,12.44,12.23,1.7171,99026.04,122699.943
301371.SZ,20241212,39.0,40.8,38.15,38.49,39.0,-1.3077,77361.81,302294.79
301372.SZ,20241212,24.5,25.3,24.4,25.02,24.45,2.3313,39797.73,99309.163
301373.SZ,20241212,28.35,28.43,28.12,28.29,28.41,-0.4224,7972.82,22540.504
301376.SZ,20241212,21.24,21.96,21.0,21.95,21.15,3.7825,62139.66,133904.604
301377.SZ,20241212,21.01,21.3,20.83,21.18,21.0,0.8571,28807.26,60759.996
301378.SZ,20241212,34.19,35.0,33.58,34.46,34.19,0.7897,26970.4,92324.155
301379.SZ,20241212,20.66,20.86,20.43,20.79,20.61,0.8734,32620.02,67412.721
301380.SZ,20241212,48.4,51.09,48.4,51.08,48.83,4.6078,64283.06,321247.677
301381.SZ,20241212,26.24,26.8,25.92,26.8,26.25,2.0952,52656.22,139184.845
301382.SZ,20241212,32.09,32.37,30.4,30.96,31.67,-2.2419,201074.62,627951.981
301383.SZ,20241212,48.0,52.24,44.75,47.1,43.54,8.1764,253009.82,1216503.633
301386.SZ,20241212,23.0,23.38,22.52,23.07,23.16,-0.3886,53237.02,121914.145
301387.SZ,20241212,36.26,37.87,35.79,36.06,35.81,0.6981,61268.26,224165.34
301388.SZ,20241212,26.9,27.22,26.53,27.12,26.99,0.4817,60811.63,163788.25
301389.SZ,20241212,17.5,17.68,17.18,17.39,17.51,-0.6853,29396.14,51092.371
301390.SZ,20241212,33.76,33.91,33.25,33.81,33.8,0.0296,11242.0,37788.735
301391.SZ,20241212,41.21,41.55,40.68,41.22,41.33,-0.2662,14424.45,59226.042
301392.SZ,20241212,71.48,71.49,68.94,70.82,71.47,-0.9095,19816.93,139163.169
301393.SZ,20241212,47.8,47.84,47.21,47.67,47.73,-0.1257,11754.71,55968.064
301395.SZ,20241212,12.67,12.78,12.56,12.77,12.65,0.9486,26269.1,33342.53
301396.SZ,20241212,28.84,29.28,28.42,28.77,28.79,-0.0695,34610.78,99694.352
301397.SZ,20241212,29.16,29.41,28.5,29.05,29.26,-0.7177,19233.76,55757.245
301398.SZ,20241212,55.3,56.69,54.5,55.89,56.43,-0.9569,36805.56,204078.005
301399.SZ,20241212,25.85,26.09,25.26,25.49,25.99,-1.9238,29505.78,75384.624
301408.SZ,20241212,12.34,13.54,12.26,13.3,12.34,7.7796,226798.66,296600.468
301413.SZ,20241212,64.3,64.99,60.9,61.8,64.77,-4.5855,42626.56,265487.053
301418.SZ,20241212,38.39,38.72,38.22,38.67,38.4,0.7031,13603.41,52371.021
301419.SZ,20241212,36.05,36.25,34.31,35.44,36.6,-3.1694,45935.75,161658.911
301421.SZ,20241212,56.01,56.75,55.18,56.14,56.2,-0.1068,34833.0,194921.527
301428.SZ,20241212,36.24,36.5,35.35,36.3,36.19,0.304,54012.0,195022.036
301429.SZ,20241212,18.0,18.5,17.9,18.34,18.0,1.8889,22279.96,40750.304
301439.SZ,20241212,14.12,14.19,14.02,14.15,14.09,0.4258,21408.35,30229.875
301446.SZ,20241212,22.6,22.82,22.53,22.72,22.59,0.5755,16208.4,36775.111
301448.SZ,20241212,23.7,23.8,23.36,23.61,23.58,0.1272,14603.9,34378.3
301456.SZ,20241212,26.7,26.77,25.91,26.51,26.7,-0.7116,21650.02,57092.844
301459.SZ,20241212,39.72,40.77,39.72,40.4,39.71,1.7376,19713.25,79501.993
301468.SZ,20241212,23.94,24.19,23.92,24.15,23.94,0.8772,10861.47,26150.827
301469.SZ,20241212,26.61,27.13,26.42,26.68,26.72,-0.1497,21562.59,57550.142
301486.SZ,20241212,46.5,48.16,46.11,47.98,46.2,3.8528,64858.34,307682.595
301487.SZ,20241212,27.19,27.48,26.3,27.35,27.25,0.367,188715.29,510171.624
301488.SZ,20241212,63.5,65.38,62.82,64.0,64.43,-0.6674,27311.75,174903.843
301489.SZ,20241212,68.88,71.34,68.3,69.11,68.22,1.3046,33319.66,232336.134
301498.SZ,20241212,69.76,71.58,68.78,70.25,69.55,1.0065,25923.21,182429.228
301499.SZ,20241212,28.13,30.65,28.13,29.69,28.1,5.6584,98602.78,292347.209
301500.SZ,20241212,19.93,20.2,19.78,20.08,19.92,0.8032,25531.02,51073.766
301502.SZ,20241212,46.67,47.19,45.91,45.95,47.0,-2.234,22880.46,106067.804
301503.SZ,20241212,36.17,36.74,35.88,36.18,35.91,0.7519,11450.0,41433.272
301505.SZ,20241212,27.93,28.17,27.8,28.08,28.0,0.2857,29549.54,82684.489
301507.SZ,20241212,13.89,14.23,13.88,14.2,13.9,2.1583,90325.12,127330.446
301508.SZ,20241212,38.6,38.97,38.22,38.65,38.6,0.1295,46396.39,179047.603
301509.SZ,20241212,30.9,31.23,30.53,30.65,30.98,-1.0652,26149.79,80419.022
301510.SZ,20241212,31.83,32.16,30.81,31.33,32.1,-2.3988,155348.2,488839.084
301511.SZ,20241212,14.81,15.01,14.68,14.93,14.79,0.9466,96289.44,143331.459
301512.SZ,20241212,47.61,49.37,47.2,47.46,47.97,-1.0632,26934.47,130185.915
301515.SZ,20241212,20.8,21.25,20.79,21.22,20.82,1.9212,28452.08,59802.233
301516.SZ,20241212,19.09,19.37,18.9,19.2,19.09,0.5762,45169.02,86318.123
301517.SZ,20241212,56.7,58.58,56.51,58.29,57.09,2.1019,48899.85,283405.1
301518.SZ,20241212,18.62,18.75,18.43,18.65,18.54,0.5933,12047.51,22377.683
301519.SZ,20241212,14.41,14.63,14.36,14.58,14.52,0.4132,30025.1,43494.259
301520.SZ,20241212,43.39,43.88,43.16,43.65,43.32,0.7618,9382.56,40876.928
301522.SZ,20241212,42.27,42.58,41.9,42.1,42.36,-0.6138,44471.89,187353.478
301525.SZ,20241212,64.56,65.4,63.44,65.38,64.51,1.3486,24341.94,156796.511
301526.SZ,20241212,4.45,4.71,4.42,4.66,4.5,3.5556,1095338.62,501664.94
301528.SZ,20241212,46.37,46.92,45.82,46.36,46.11,0.5422,8988.86,41556.838
301529.SZ,20241212,33.55,33.95,33.18,33.94,33.54,1.1926,10485.16,35224.941
301533.SZ,20241212,32.52,34.25,32.39,33.92,32.62,3.9853,41197.68,137529.919
301536.SZ,20241212,55.09,57.56,51.78,52.89,52.09,1.5358,141347.13,763405.765
301538.SZ,20241212,84.0,84.3,83.01,83.79,84.38,-0.6992,8714.4,72855.274
301539.SZ,20241212,20.8,21.24,20.8,21.11,20.89,1.0531,25970.04,54698.142
301548.SZ,20241212,48.6,48.85,47.6,48.0,49.16,-2.3596,16416.91,78868.184
301550.SZ,20241212,80.15,84.8,77.0,78.28,83.0,-5.6867,76710.2,616042.278
301551.SZ,20241212,66.0,66.69,64.02,64.66,67.45,-4.1364,55914.03,364168.572
301552.SZ,20241212,58.43,58.71,56.98,57.7,58.48,-1.3338,14730.6,84890.508
301555.SZ,20241212,28.76,29.12,28.2,28.65,28.77,-0.4171,30156.18,86119.344
301556.SZ,20241212,104.0,104.68,99.13,101.58,105.79,-3.9796,39414.77,399268.944
301558.SZ,20241212,10.55,10.65,10.25,10.62,10.54,0.759,284478.04,298851.653
301559.SZ,20241212,16.59,16.65,16.52,16.65,16.57,0.4828,19181.08,31836.456
301565.SZ,20241212,25.51,25.63,25.06,25.43,25.47,-0.157,60364.85,152890.018
301566.SZ,20241212,19.66,20.5,19.39,20.04,19.77,1.3657,62447.0,124503.03
301567.SZ,20241212,50.6,50.99,49.58,50.16,50.67,-1.0065,19735.0,98832.664
301568.SZ,20241212,37.49,37.78,36.6,36.8,37.94,-3.0047,46133.21,170752.765
301571.SZ,20241212,48.52,49.22,48.21,48.86,48.52,0.7007,23850.38,116388.752
301577.SZ,20241212,65.98,68.5,64.35,67.18,65.88,1.9733,17464.0,115979.979
301578.SZ,20241212,60.59,61.2,58.98,60.07,60.59,-0.8582,15474.38,92721.752
301580.SZ,20241212,60.6,61.41,60.03,61.16,60.5,1.0909,10103.69,61446.949
301586.SZ,20241212,57.2,60.74,57.11,60.16,57.85,3.9931,29353.79,175980.537
301587.SZ,20241212,27.5,29.17,27.48,28.19,27.14,3.8688,62715.86,178332.392
301588.SZ,20241212,23.24,23.88,23.06,23.68,23.24,1.8933,32109.81,75458.857
301589.SZ,20241212,175.59,183.0,175.08,180.86,175.61,2.9896,11312.31,203546.134
301591.SZ,20241212,43.98,43.98,41.83,42.53,45.0,-5.4889,44301.2,189606.396
301592.SZ,20241212,184.0,187.0,179.2,182.12,185.23,-1.679,20751.5,377942.878
301596.SZ,20241212,116.8,117.95,113.38,113.88,118.7,-4.0607,21126.0,242622.796
301600.SZ,20241212,120.0,128.3,116.57,125.8,123.0,2.2764,41695.32,507929.089
301603.SZ,20241212,46.28,46.74,45.3,45.99,46.72,-1.5625,25570.98,117287.119
301606.SZ,20241212,36.75,36.82,35.86,36.56,36.85,-0.787,29230.57,106246.263
301607.SZ,20241212,41.2,41.49,40.56,41.13,41.22,-0.2183,15283.27,62679.475
301608.SZ,20241212,72.2,72.2,69.3,70.7,72.86,-2.9646,34478.0,242761.072
301611.SZ,20241212,65.2,65.8,64.11,65.17,65.67,-0.7614,44650.28,290063.003
301613.SZ,20241212,65.17,65.36,64.4,64.9,65.17,-0.4143,14454.4,93738.553
301617.SZ,20241212,73.0,75.58,67.97,68.15,80.08,-14.8976,146349.7,1023882.882
301618.SZ,20241212,107.2,107.51,105.72,106.77,107.7,-0.8635,7927.83,84455.979
301622.SZ,20241212,69.74,70.66,68.4,69.83,70.51,-0.9644,88544.97,614980.577
301626.SZ,20241212,109.5,111.0,104.85,106.0,109.89,-3.5399,19636.9,209852.277
301628.SZ,20241212,85.07,85.5,82.65,83.85,85.03,-1.3877,16012.91,134192.656
301631.SZ,20241212,129.11,130.8,128.38,129.21,130.05,-0.6459,14044.28,181663.128
301633.SZ,20241212,93.66,93.66,91.8,92.91,93.62,-0.7584,10655.56,98552.295
920017.BJ,20241212,15.86,16.08,15.63,16.02,15.84,1.1364,24329.23,38600.771
920047.BJ,20241212,14.2,14.28,14.0,14.09,14.27,-1.2614,29732.23,41840.776
920090.BJ,20241212,7.77,7.86,7.42,7.64,7.77,-1.6731,72863.57,55777.078
920139.BJ,20241212,30.8,31.45,29.71,30.32,31.24,-2.9449,104463.81,315748.268
920198.BJ,20241212,14.3,14.32,13.42,13.92,14.2,-1.9718,58407.94,80645.041
920300.BJ,20241212,14.51,14.88,13.99,14.6,15.1,-3.3113,58439.91,83949.816
920418.BJ,20241212,25.9,26.31,25.03,25.73,26.28,-2.0928,39400.02,100846.802
920425.BJ,20241212,21.35,21.35,19.7,20.69,21.0,-1.4762,30923.41,63089.054
920476.BJ,20241212,12.34,12.5,11.65,12.19,12.25,-0.4898,36003.87,43621.675
920478.BJ,20241212,21.89,22.08,20.58,21.17,21.81,-2.9344,40691.79,85640.891
920489.BJ,20241212,21.83,22.0,20.28,21.17,21.8,-2.8899,86629.74,182368.592
920510.BJ,20241212,22.4,22.42,21.01,21.68,22.2,-2.3423,44621.93,96205.932
920556.BJ,20241212,7.99,8.07,7.65,8.01,7.85,2.0382,36605.41,28731.974
920564.BJ,20241212,18.88,19.45,18.01,19.22,18.88,1.8008,18458.64,34481.375
920685.BJ,20241212,12.43,12.43,11.85,12.22,12.31,-0.7311,18971.95,23012.955
920718.BJ,20241212,15.5,15.85,14.82,15.54,16.01,-2.9357,55263.5,84771.056
600000.SH,20241212,9.65,9.82,9.59,9.82,9.63,1.973,496515.26,482603.362
600004.SH,20241212,9.91,10.02,9.88,10.02,9.92,1.0081,203263.69,202916.648
600006.SH,20241212,7.84,8.16,7.71,8.16,7.83,4.2146,1176985.85,935712.509
600007.SH,20241212,23.41,24.41,23.16,23.94,23.37,2.439,88726.4,212771.544
600008.SH,20241212,3.4,3.43,3.37,3.42,3.4,0.5882,1021385.38,347592.392
600009.SH,20241212,35.85,36.15,35.71,36.15,35.84,0.865,105450.91,379818.86
600010.SH,20241212,2.11,2.12,2.03,2.06,2.11,-2.3697,8153488.9,1685088.253
600011.SH,20241212,7.14,7.15,7.08,7.15,7.13,0.2805,471635.11,335718.125
600012.SH,20241212,15.02,15.09,14.82,14.96,15.02,-0.3995,69333.0,103457.182
600015.SH,20241212,7.69,7.79,7.69,7.76,7.72,0.5181,393813.02,305379.047
600016.SH,20241212,4.07,4.14,4.05,4.14,4.06,1.9704,3177846.07,1306896.815
600017.SH,20241212,3.4,3.43,3.38,3.43,3.41,0.5865,364099.41,124234.98
600018.SH,20241212,5.96,6.15,5.96,6.09,5.98,1.8395,570124.74,346195.848
600019.SH,20241212,6.99,7.0,6.86,6.89,6.99,-1.4306,841886.31,580725.164
600020.SH,20241212,4.3,4.37,4.26,4.35,4.28,1.6355,263542.58,114118.807
600021.SH,20241212,9.57,9.61,9.52,9.58,9.58,0.0,349799.11,334568.25
600022.SH,20241212,1.72,1.73,1.66,1.67,1.72,-2.907,2634259.67,444095.252
600023.SH,20241212,5.76,5.84,5.72,5.78,5.76,0.3472,591278.01,342016.866
600025.SH,20241212,9.55,9.73,9.53,9.67,9.56,1.1506,410607.5,396635.088
600026.SH,20241212,12.75,12.82,12.68,12.81,12.75,0.4706,257702.22,328631.123
600027.SH,20241212,5.67,5.68,5.59,5.61,5.66,-0.8834,482263.11,270779.018
600028.SH,20241212,6.45,6.48,6.43,6.46,6.44,0.3106,1260654.88,814091.431
600029.SH,20241212,7.3,7.37,7.15,7.19,7.27,-1.1004,752175.23,544863.862
600030.SH,20241212,31.28,31.98,31.04,31.66,31.34,1.0211,1694641.17,5331870.964
600031.SH,20241212,16.91,17.04,16.83,17.02,16.96,0.3538,513951.78,870720.299
600032.SH,20241212,7.9,7.94,7.83,7.91,7.9,0.1266,76686.8,60510.173
600033.SH,20241212,3.71,3.78,3.7,3.78,3.71,1.8868,312475.68,117199.314
600035.SH,20241212,4.54,4.72,4.53,4.67,4.55,2.6374,250802.92,116047.163
600036.SH,20241212,38.29,38.83,38.21,38.8,38.3,1.3055,586888.76,2267252.621
600037.SH,20241212,7.98,8.0,7.84,7.99,7.97,0.2509,201786.64,159847.961
600038.SH,20241212,39.75,40.43,39.75,40.23,39.83,1.0043,60005.98,241216.464
600039.SH,20241212,7.6,7.6,7.5,7.56,7.62,-0.7874,306264.1,230791.539
600048.SH,20241212,10.16,10.26,10.03,10.21,10.16,0.4921,1016635.9,1031999.453
600050.SH,20241212,5.28,5.33,5.25,5.33,5.29,0.7561,3536572.71,1874575.941
600051.SH,20241212,7.45,7.93,7.41,7.89,7.45,5.906,173348.37,133525.927
600052.SH,20241212,5.02,5.25,5.01,5.21,5.02,3.7849,170780.08,88032.502
600053.SH,20241212,16.37,16.67,16.16,16.53,16.3,1.411,65940.95,108126.233
600054.SH,20241212,12.01,12.5,11.95,12.38,12.03,2.9094,211238.73,258627.499
600055.SH,20241212,17.62,17.62,17.26,17.39,17.6,-1.1932,80886.87,140580.158
600056.SH,20241212,12.06,12.4,11.96,12.35,12.05,2.4896,436618.45,535419.637
600057.SH,20241212,6.52,6.53,6.43,6.49,6.51,-0.3072,258873.16,167403.701
600058.SH,20241212,7.96,7.99,7.88,7.99,7.96,0.3769,73309.02,58293.48
600059.SH,20241212,9.33,9.68,9.27,9.68,9.32,3.8627,400612.12,382185.965
600060.SH,20241212,20.12,20.85,19.81,20.7,20.11,2.9339,181014.54,369389.892
600061.SH,20241212,8.03,8.19,7.93,8.12,8.03,1.1208,537045.15,432904.775
600062.SH,20241212,20.8,21.08,20.68,21.01,20.76,1.2042,127163.53,266191.923
600063.SH,20241212,4.49,4.5,4.41,4.49,4.48,0.2232,230180.0,102554.451
600064.SH,20241212,8.0,8.0,7.88,7.99,7.97,0.2509,269170.84,214259.577
600066.SH,20241212,23.78,23.85,23.07,23.46,23.84,-1.594,374309.32,876436.214
600067.SH,20241212,3.26,3.28,3.16,3.28,3.33,-1.5015,434923.8,140218.022
600070.SH,20241212,1.91,2.01,1.88,2.01,1.91,5.2356,164069.68,32459.674
600071.SH,20241212,23.24,23.35,22.72,23.0,23.24,-1.0327,58527.64,134166.02
600072.SH,20241212,13.66,13.75,13.59,13.72,13.66,0.4392,181497.36,248545.657
600073.SH,20241212,7.54,7.77,7.45,7.74,7.53,2.7888,370938.66,283044.091
600075.SH,20241212,4.97,4.98,4.85,4.89,4.97,-1.6097,484804.38,237797.259
600076.SH,20241212,2.85,3.04,2.78,2.88,2.86,0.6993,757565.91,219773.938
600078.SH,20241212,6.62,6.94,6.62,6.77,6.64,1.9578,131556.22,89355.049
600079.SH,20241212,25.19,25.33,24.91,25.26,25.22,0.1586,180573.59,453670.858
600080.SH,20241212,7.67,7.83,7.62,7.78,7.75,0.3871,100763.51,77861.273
600081.SH,20241212,11.48,11.65,11.37,11.56,11.53,0.2602,88423.83,101725.527
600082.SH,20241212,3.37,3.65,3.37,3.65,3.32,9.9398,943559.47,341279.076
600083.SH,20241212,2.38,2.39,2.31,2.33,2.37,-1.6878,103747.0,24315.637
600084.SH,20241212,6.4,6.55,6.34,6.54,6.39,2.3474,68905.0,44673.376
600085.SH,20241212,41.3,41.8,41.11,41.65,41.21,1.0677,72167.86,299524.762
600088.SH,20241212,19.4,19.47,18.76,19.18,19.38,-1.032,140660.39,268138.578
600089.SH,20241212,13.05,13.05,12.88,13.03,13.05,-0.1533,651713.85,844670.065
600094.SH,20241212,4.15,4.27,4.12,4.24,4.16,1.9231,486788.71,205305.414
600095.SH,20241212,7.79,7.98,7.73,7.93,7.79,1.7972,603019.28,473997.68
600096.SH,20241212,22.26,22.58,22.18,22.48,22.2,1.2613,224005.41,502632.279
600097.SH,20241212,11.5,11.76,11.16,11.2,10.81,3.6078,289540.43,329363.196
600098.SH,20241212,6.66,6.75,6.65,6.74,6.7,0.597,211207.92,141624.655
600099.SH,20241212,10.21,10.98,10.12,10.69,10.11,5.7369,126034.61,133230.958
600100.SH,20241212,7.68,7.72,7.56,7.69,7.68,0.1302,553204.88,422970.537
600101.SH,20241212,9.75,9.8,9.6,9.73,9.78,-0.5112,228306.39,221515.879
600103.SH,20241212,2.62,2.62,2.55,2.62,2.63,-0.3802,926553.9,239903.589
600104.SH,20241212,17.82,17.85,17.18,17.42,17.72,-1.693,1127933.12,1952617.683
600105.SH,20241212,5.97,5.99,5.77,5.91,5.94,-0.5051,1044103.89,611971.969
600106.SH,20241212,7.38,7.48,7.16,7.45,7.38,0.9485,512317.62,375123.096
600107.SH,20241212,5.76,5.97,5.73,5.89,5.81,1.3769,127292.41,74691.966
600108.SH,20241212,3.26,3.28,3.19,3.28,3.24,1.2346,519019.15,168425.409
600109.SH,20241212,9.3,9.55,9.24,9.45,9.29,1.7223,611120.32,574616.297
600110.SH,20241212,4.63,4.85,4.62,4.75,4.63,2.5918,612689.86,291156.615
600111.SH,20241212,23.02,23.1,22.7,22.96,23.02,-0.2606,339998.42,777230.198
600113.SH,20241212,14.42,15.15,14.42,14.95,14.42,3.6755,98832.27,146481.672
600114.SH,20241212,17.58,17.9,17.43,17.66,17.5,0.9143,263016.87,465160.392
600115.SH,20241212,4.36,4.39,4.3,4.31,4.33,-0.4619,753043.41,326706.338
600116.SH,20241212,7.25,7.31,7.22,7.31,7.25,0.8276,138179.0,100593.259
600117.SH,20241212,2.84,2.86,2.77,2.8,2.84,-1.4085,251717.35,70578.382
600118.SH,20241212,31.57,32.0,30.76,31.57,31.58,-0.0317,460005.15,1445997.542
600119.SH,20241212,10.22,11.17,10.22,10.81,10.44,3.5441,361020.13,384539.94
600120.SH,20241212,5.45,5.72,5.39,5.56,5.44,2.2059,2449696.31,1364197.746
600121.SH,20241212,4.77,4.81,4.67,4.8,4.77,0.6289,527240.15,250194.988
600123.SH,20241212,9.29,9.3,9.11,9.12,9.26,-1.5119,322315.4,295907.066
600125.SH,20241212,6.5,6.55,6.45,6.55,6.5,0.7692,194038.8,126339.096
600126.SH,20241212,4.5,4.51,4.38,4.44,4.44,0.0,329990.3,146205.491
600127.SH,20241212,7.35,7.59,7.3,7.54,7.34,2.7248,506072.04,378044.755
600128.SH,20241212,9.64,9.65,9.31,9.62,9.6,0.2083,123324.85,117040.208
600129.SH,20241212,27.4,28.06,27.12,27.3,27.42,-0.4376,147796.71,406475.5
600130.SH,20241212,6.38,6.38,6.04,6.22,6.45,-3.5659,847862.21,524060.072
600131.SH,20241212,21.13,21.88,21.02,21.54,21.22,1.508,225458.08,486325.03
600132.SH,20241212,65.77,68.5,65.3,67.65,65.77,2.8584,104984.7,703323.863
600133.SH,20241212,10.5,10.61,10.26,10.59,10.52,0.6654,412979.18,429733.802
600135.SH,20241212,7.8,7.86,7.7,7.84,7.83,0.1277,101282.01,78974.58
600136.SH,20241212,2.17,2.19,2.13,2.18,2.15,1.3953,85244.62,18421.859
600137.SH,20241212,15.99,16.32,15.84,16.22,15.95,1.6928,24621.59,39650.512
600138.SH,20241212,10.81,11.19,10.74,11.19,10.79,3.7071,499940.25,552184.989
600141.SH,20241212,23.14,23.26,22.81,23.22,23.08,0.6066,121932.43,281582.989
600143.SH,20241212,9.19,9.2,9.02,9.09,9.25,-1.7297,419611.3,381369.573
600148.SH,20241212,23.8,24.15,23.24,23.92,23.8,0.5042,47079.01,111568.415
600149.SH,20241212,5.25,5.3,5.19,5.3,5.23,1.3384,117671.94,61989.401
600150.SH,20241212,35.46,35.79,35.23,35.63,35.48,0.4228,352377.45,1253612.625
600151.SH,20241212,8.84,8.86,8.64,8.8,8.8,0.0,165348.0,144514.423
600152.SH,20241212,7.04,7.15,6.97,7.12,7.04,1.1364,194875.73,138072.275
600153.SH,20241212,10.16,10.27,10.07,10.25,10.19,0.5888,269656.88,274759.411
600155.SH,20241212,8.05,8.39,8.02,8.28,8.03,3.1133,936894.35,767394.001
600156.SH,20241212,5.88,6.14,5.88,6.04,5.92,2.027,186163.91,111637.836
600157.SH,20241212,1.93,2.0,1.88,1.91,1.95,-2.0513,22226050.72,4280480.77
600158.SH,20241212,8.9,9.02,8.75,9.01,8.91,1.1223,315666.4,280695.163
600159.SH,20241212,3.11,3.25,3.07,3.23,3.11,3.8585,527498.01,168475.423
600160.SH,20241212,22.7,22.88,22.15,22.61,22.7,-0.3965,376987.86,847741.428
600161.SH,20241212,21.31,21.51,21.21,21.49,21.28,0.9868,143385.24,306334.87
600162.SH,20241212,2.34,2.37,2.24,2.37,2.34,1.2821,1244767.57,288357.022
600163.SH,20241212,6.23,6.3,6.16,6.18,6.26,-1.278,210408.0,131031.581
600165.SH,20241212,2.26,2.3,2.15,2.15,2.26,-4.8673,353871.95,77818.491
600166.SH,20241212,2.85,2.85,2.78,2.82,2.85,-1.0526,1427179.68,401122.673
600167.SH,20241212,6.26,6.29,6.21,6.27,6.25,0.32,47871.39,29950.712
600168.SH,20241212,5.09,5.2,5.06,5.15,5.1,0.9804,128538.41,66167.248
600169.SH,20241212,2.85,2.85,2.75,2.82,2.85,-1.0526,586553.96,163935.356
600170.SH,20241212,2.95,2.95,2.86,2.89,2.96,-2.3649,3359777.51,970153.343
600171.SH,20241212,40.11,40.5,39.16,40.38,41.11,-1.7757,836952.33,3327817.701
600172.SH,20241212,5.0,5.38,4.93,5.06,5.28,-4.1667,2412305.77,1231873.925
600173.SH,20241212,4.65,4.79,4.61,4.79,4.66,2.7897,118757.1,56119.571
600176.SH,20241212,11.93,12.0,11.87,11.93,11.93,0.0,241829.16,288586.122
600177.SH,20241212,8.33,8.58,8.3,8.54,8.33,2.521,409488.33,347077.81
600178.SH,20241212,13.77,14.05,13.46,13.72,13.95,-1.6487,353478.42,485082.388
600179.SH,20241212,3.31,3.34,3.21,3.27,3.35,-2.3881,705376.27,229954.849
600180.SH,20241212,5.1,5.18,5.03,5.17,5.1,1.3725,173606.91,88965.647
600182.SH,20241212,17.39,17.57,17.27,17.46,17.42,0.2296,27165.0,47303.9
600183.SH,20241212,22.59,23.05,22.44,22.74,22.58,0.7086,214899.97,489455.202
600184.SH,20241212,11.41,11.55,11.24,11.42,11.42,0.0,86307.91,98125.059
600185.SH,20241212,7.9,8.1,7.74,8.05,7.88,2.1574,661557.12,528676.341
600186.SH,20241212,5.8,5.92,5.62,5.85,5.8,0.8621,1414681.53,816937.562
600187.SH,20241212,4.41,4.46,4.28,4.36,4.46,-2.2422,1196214.42,518954.33
600188.SH,20241212,15.09,15.14,14.99,15.06,15.11,-0.3309,239365.53,360094.448
600189.SH,20241212,8.38,8.76,8.31,8.56,8.4,1.9048,417194.53,356471.583
600190.SH,20241212,1.82,1.84,1.81,1.84,1.82,1.0989,182114.43,33274.6
600191.SH,20241212,6.75,7.11,6.71,7.05,6.81,3.5242,214261.32,148962.196
600192.SH,20241212,6.67,6.69,6.57,6.68,6.67,0.1499,75599.4,50193.589
600193.SH,20241212,5.13,5.13,4.65,4.9,4.81,1.8711,515468.87,249318.755
600195.SH,20241212,7.38,7.54,7.29,7.52,7.37,2.0353,231830.25,172345.692
600196.SH,20241212,26.67,26.87,26.56,26.79,26.74,0.187,140392.95,375575.913
600197.SH,20241212,18.47,19.23,18.42,19.2,18.59,3.2813,221287.91,420264.58
600198.SH,20241212,11.1,11.42,10.94,11.38,11.07,2.8004,722001.95,810255.53
600199.SH,20241212,14.96,15.68,14.84,15.51,15.1,2.7152,633181.1,973171.229
600200.SH,20241212,10.25,10.58,10.16,10.53,10.26,2.6316,334616.46,348806.069
600201.SH,20241212,7.35,7.47,7.27,7.4,7.37,0.4071,355628.9,262277.735
600202.SH,20241212,5.28,5.39,5.22,5.38,5.27,2.0873,100260.0,53352.296
600203.SH,20241212,11.19,11.28,10.88,10.98,11.15,-1.5247,403528.9,443847.482
600206.SH,20241212,18.25,18.35,17.73,18.22,18.3,-0.4372,846403.05,1524893.852
600207.SH,20241212,5.32,5.4,5.23,5.35,5.3,0.9434,211681.97,112710.375
600208.SH,20241212,3.25,3.36,3.19,3.32,3.24,2.4691,1688068.51,553846.049
600210.SH,20241212,7.36,7.36,7.18,7.34,7.31,0.4104,447073.89,325210.505
600211.SH,20241212,38.15,38.68,37.92,38.61,38.16,1.1792,41558.07,159708.036
600212.SH,20241212,9.63,9.95,9.29,9.76,9.58,1.8789,530603.01,510889.457
600215.SH,20241212,8.53,8.61,8.3,8.43,8.57,-1.6336,148104.32,124736.902
600216.SH,20241212,16.68,16.98,16.6,16.92,16.73,1.1357,158135.42,266253.03
600217.SH,20241212,6.21,6.21,6.08,6.16,6.2,-0.6452,167584.32,102739.677
600218.SH,20241212,8.54,8.56,8.42,8.51,8.55,-0.4678,81637.61,69344.87
600219.SH,20241212,4.16,4.19,4.09,4.13,4.11,0.4866,1470547.08,607456.756
600221.SH,20241212,1.97,1.97,1.92,1.93,1.98,-2.5253,10662953.36,2066547.991
600222.SH,20241212,5.65,5.74,5.56,5.73,5.61,2.139,264524.0,150255.535
600223.SH,20241212,7.37,7.48,7.29,7.46,7.35,1.4966,162409.6,120249.962
600225.SH,20241212,1.52,1.52,1.52,1.52,1.45,4.8276,217797.47,33105.215
600226.SH,20241212,2.76,2.93,2.69,2.79,2.74,1.8248,1242501.28,349458.808
600227.SH,20241212,3.22,3.33,3.12,3.27,3.03,7.9208,2649497.82,858427.283
600228.SH,20241212,8.07,8.73,7.96,8.42,7.94,6.0453,931494.99,776783.35
600229.SH,20241212,8.29,8.43,8.12,8.23,8.32,-1.0817,113223.72,93491.796
600230.SH,20241212,11.88,12.0,11.74,11.88,11.91,-0.2519,78799.75,93230.696
600231.SH,20241212,2.16,2.18,2.11,2.14,2.16,-0.9259,170781.92,36512.764
600232.SH,20241212,5.94,6.16,5.94,6.15,5.96,3.1879,67623.65,40961.126
600233.SH,20241212,14.58,14.85,14.47,14.82,14.58,1.6461,230886.88,338838.462
600234.SH,20241212,5.87,6.09,5.87,6.09,5.8,5.0,25048.0,15145.955
600235.SH,20241212,6.32,6.47,6.31,6.47,6.31,2.5357,92467.16,59119.11
600236.SH,20241212,6.94,7.02,6.87,6.9,6.94,-0.5764,324281.52,225033.604
600237.SH,20241212,7.76,7.97,7.7,7.93,7.74,2.4548,377610.02,296622.525
600238.SH,20241212,9.9,10.45,9.7,10.27,9.97,3.009,597637.91,603957.749
600239.SH,20241212,3.25,3.45,3.22,3.36,3.28,2.439,1159656.31,387650.044
600241.SH,20241212,7.91,8.08,7.85,8.07,7.88,2.4112,55191.45,43953.825
600243.SH,20241212,5.11,5.45,4.97,5.3,5.24,1.145,1062749.67,546830.303
600246.SH,20241212,8.46,9.03,8.42,8.69,8.5,2.2353,946172.75,827170.144
600248.SH,20241212,4.69,4.71,4.62,4.7,4.69,0.2132,285083.0,133172.056
600249.SH,20241212,5.9,6.2,5.9,6.17,5.9,4.5763,530641.84,323918.717
600250.SH,20241212,10.95,12.0,10.72,12.0,10.91,9.9908,423012.92,479886.141
600251.SH,20241212,7.98,8.15,7.93,8.13,7.97,2.0075,206529.1,166185.907
600252.SH,20241212,2.95,2.97,2.89,2.94,2.95,-0.339,599970.01,175803.074
600255.SH,20241212,3.05,3.07,2.87,2.92,3.0,-2.6667,3014941.05,890031.97
600256.SH,20241212,7.17,7.18,7.1,7.13,7.16,-0.419,681193.77,486254.65
600257.SH,20241212,5.98,6.31,5.91,6.18,6.0,3.0,743062.0,457039.223
600258.SH,20241212,15.91,16.18,15.81,15.98,15.88,0.6297,230936.6,369333.624
600259.SH,20241212,30.4,30.53,30.03,30.35,30.42,-0.2301,34412.54,104017.221
600261.SH,20241212,3.53,3.58,3.51,3.57,3.53,1.1331,185698.5,66015.095
600262.SH,20241212,20.33,20.52,20.1,20.42,20.34,0.3933,32221.97,65431.508
600265.SH,20241212,18.19,18.81,18.19,18.48,18.28,1.0941,10553.75,19513.402
600266.SH,20241212,5.79,5.89,5.71,5.83,5.8,0.5172,447878.1,259823.232
600267.SH,20241212,8.66,8.77,8.6,8.76,8.68,0.9217,136346.02,118913.412
600268.SH,20241212,6.94,7.02,6.87,7.0,6.93,1.0101,125615.47,87272.369
600269.SH,20241212,5.42,5.54,5.38,5.5,5.42,1.476,223880.06,122607.22
600271.SH,20241212,10.28,10.36,10.18,10.33,10.3,0.2913,148751.0,153024.818
600272.SH,20241212,13.86,14.66,13.54,14.66,13.33,9.9775,315311.58,450967.769
600273.SH,20241212,8.18,8.3,8.11,8.3,8.18,1.467,269267.1,221312.353
600276.SH,20241212,48.15,48.15,47.6,48.04,48.15,-0.2285,361608.92,1732532.838
600278.SH,20241212,8.13,8.24,8.01,8.17,8.3,-1.5663,302605.23,245605.479
600279.SH,20241212,5.51,5.53,5.44,5.51,5.54,-0.5415,154354.38,84801.553
600280.SH,20241212,4.7,5.14,4.55,5.14,4.67,10.0642,1679883.19,819156.656
600281.SH,20241212,4.22,4.33,4.19,4.32,4.21,2.6128,170209.0,72743.675
600282.SH,20241212,4.53,4.58,4.47,4.56,4.54,0.4405,424020.29,192975.045
600283.SH,20241212,10.25,10.45,10.22,10.29,10.25,0.3902,104557.27,107795.019
600284.SH,20241212,6.6,6.74,6.57,6.74,6.62,1.8127,237975.53,158831.72
600285.SH,20241212,21.71,22.29,21.55,22.24,21.7,2.4885,110152.71,242085.842
600287.SH,20241212,4.55,4.7,4.53,4.66,4.53,2.8698,82633.07,38150.331
600288.SH,20241212,10.26,11.29,9.9,11.29,10.26,10.039,509647.84,540952.129
600292.SH,20241212,15.26,16.29,15.26,15.91,15.53,2.4469,698329.22,1107458.763
600293.SH,20241212,3.93,4.05,3.85,4.0,3.96,1.0101,827674.48,327980.152
600295.SH,20241212,10.16,10.22,9.94,10.0,10.2,-1.9608,191287.89,191666.932
600298.SH,20241212,36.44,37.25,36.29,37.17,36.41,2.0873,102951.12,379383.622
600299.SH,20241212,11.21,11.52,11.14,11.29,11.22,0.6239,105377.43,119645.318
600300.SH,20241212,3.5,3.84,3.44,3.84,3.49,10.0287,1974574.3,717042.036
600301.SH,20241212,19.24,19.47,19.18,19.39,19.25,0.7273,72334.3,139827.901
600302.SH,20241212,5.98,6.09,5.93,6.04,6.05,-0.1653,102902.94,61784.054
600303.SH,20241212,3.21,3.3,3.21,3.3,3.2,3.125,137550.4,44947.613
600305.SH,20241212,8.52,8.88,8.46,8.8,8.53,3.1653,369855.25,322622.145
600307.SH,20241212,1.92,1.92,1.86,1.88,1.93,-2.5907,1356078.76,255170.506
600308.SH,20241212,3.98,4.01,3.94,4.0,3.97,0.7557,163882.18,65235.052
600309.SH,20241212,74.86,76.64,74.58,76.35,74.9,1.9359,259971.02,1978100.953
600310.SH,20241212,5.07,5.14,5.04,5.13,5.08,0.9843,181298.0,92544.145
600312.SH,20241212,18.4,18.44,17.88,18.02,18.37,-1.9053,181552.91,327064.757
600313.SH,20241212,7.2,7.27,7.13,7.26,7.19,0.9736,287378.82,207169.222
600315.SH,20241212,18.53,19.72,18.37,19.35,18.44,4.9349,251154.98,482796.573
600316.SH,20241212,36.0,37.32,35.1,35.43,33.93,4.4209,317325.29,1146383.79
600318.SH,20241212,9.92,10.68,9.81,10.48,9.92,5.6452,1009678.65,1041264.726
600319.SH,20241212,5.51,5.72,5.5,5.72,5.51,3.8113,125051.63,70888.372
600320.SH,20241212,4.2,4.21,4.13,4.18,4.19,-0.2387,245331.29,102317.728
600322.SH,20241212,3.0,3.36,2.9,3.16,3.05,3.6066,2113390.47,662611.978
600323.SH,20241212,22.06,22.69,21.88,22.49,22.03,2.0881,71690.43,160927.756
600325.SH,20241212,6.66,6.75,6.6,6.75,6.67,1.1994,488533.1,327316.617
600326.SH,20241212,8.35,8.72,8.31,8.43,8.35,0.9581,928627.78,788707.252
600327.SH,20241212,6.6,7.28,6.6,7.14,6.68,6.8862,1891719.49,1313867.714
600328.SH,20241212,8.46,8.53,8.38,8.5,8.46,0.4728,195329.16,165562.63
600329.SH,20241212,32.2,32.91,31.97,32.86,32.2,2.0497,56657.96,185129.411
600330.SH,20241212,7.86,7.88,7.74,7.85,7.88,-0.3807,255530.82,199451.072
600331.SH,20241212,8.2,8.3,8.05,8.18,8.16,0.2451,231413.9,188833.177
600332.SH,20241212,29.02,29.64,28.88,29.57,29.02,1.8952,134856.26,395610.404
600333.SH,20241212,6.22,6.46,6.15,6.41,6.16,4.0584,499508.47,316359.654
600335.SH,20241212,6.86,6.91,6.8,6.88,6.86,0.2915,239839.0,164657.203
600336.SH,20241212,8.2,8.46,8.02,8.36,8.17,2.3256,526556.52,434542.945
600337.SH,20241212,2.6,2.74,2.52,2.74,2.49,10.0402,1759804.0,464538.331
600338.SH,20241212,12.6,13.01,12.58,12.83,12.67,1.2628,317880.0,407660.096
600339.SH,20241212,3.87,3.89,3.83,3.85,3.87,-0.5168,345029.1,132955.748
600340.SH,20241212,3.61,3.79,3.49,3.69,3.7,-0.2703,3981957.76,1435978.69
600343.SH,20241212,11.6,11.78,11.3,11.48,11.6,-1.0345,170061.97,195610.309
600345.SH,20241212,29.45,30.49,28.45,30.11,29.71,1.3463,143439.94,423904.819
600346.SH,20241212,15.05,15.65,14.95,15.55,15.04,3.391,489424.44,753864.894
600348.SH,20241212,7.69,7.69,7.59,7.65,7.66,-0.1305,280143.47,214083.936
600350.SH,20241212,9.45,9.54,9.36,9.41,9.46,-0.5285,201565.14,189963.02
600351.SH,20241212,6.58,6.68,6.56,6.66,6.59,1.0622,293669.78,195037.562
600352.SH,20241212,10.69,10.7,10.53,10.69,10.68,0.0936,245753.05,261032.761
600353.SH,20241212,8.48,8.56,8.33,8.5,8.45,0.5917,278124.99,235396.045
600354.SH,20241212,6.27,6.37,6.2,6.37,6.25,1.92,267839.21,168988.595
600355.SH,20241212,5.11,5.12,5.01,5.08,5.13,-0.9747,360501.11,182487.163
600356.SH,20241212,8.34,8.54,8.32,8.49,8.34,1.7986,159203.29,134355.338
600358.SH,20241212,4.56,4.72,4.51,4.67,4.49,4.0089,352424.36,161835.918
600359.SH,20241212,7.24,7.33,7.2,7.32,7.24,1.105,122829.93,89420.03
600360.SH,20241212,4.95,5.19,4.92,5.19,4.94,5.0607,403168.25,205521.729
600361.SH,20241212,4.32,4.38,4.25,4.37,4.31,1.3921,542349.14,234690.601
600362.SH,20241212,21.75,21.93,21.65,21.92,21.74,0.828,151075.24,329812.003
600363.SH,20241212,52.39,53.18,50.81,50.88,52.74,-3.5267,175823.36,904806.347
600365.SH,20241212,3.08,3.14,3.06,3.1,3.08,0.6494,74599.04,23084.927
600366.SH,20241212,8.06,8.12,7.88,8.0,8.04,-0.4975,251473.82,200738.156
600367.SH,20241212,12.75,12.81,12.51,12.8,12.77,0.2349,137251.01,173906.199
600368.SH,20241212,4.04,4.46,4.03,4.27,4.05,5.4321,988708.86,423224.309
600369.SH,20241212,5.08,5.53,5.06,5.3,5.04,5.1587,2435444.84,1285235.041
600370.SH,20241212,2.39,2.4,2.31,2.37,2.4,-1.25,392217.5,92151.043
600371.SH,20241212,9.32,9.56,9.25,9.54,9.29,2.6911,110531.02,104354.271
600372.SH,20241212,12.68,12.83,12.64,12.76,12.67,0.7103,278171.99,354404.033
600373.SH,20241212,13.72,13.78,13.4,13.54,13.77,-1.6703,256747.67,347865.684
600375.SH,20241212,6.65,6.66,6.41,6.45,6.43,0.311,78124.0,50679.679
600376.SH,20241212,3.13,3.22,3.07,3.21,3.13,2.5559,489085.18,155039.327
600377.SH,20241212,13.96,14.12,13.9,14.02,13.99,0.2144,214696.63,300545.445
600378.SH,20241212,30.94,31.05,30.52,30.86,30.87,-0.0324,13254.0,40744.814
600379.SH,20241212,10.5,10.75,10.39,10.57,10.49,0.7626,74828.4,79116.971
600380.SH,20241212,11.6,11.75,11.55,11.72,11.59,1.1217,162053.94,189436.1
600381.SH,20241212,3.47,3.64,3.43,3.64,3.47,4.8991,130507.0,46916.06
600382.SH,20241212,5.09,5.14,4.99,5.06,5.1,-0.7843,225228.62,113697.544
600383.SH,20241212,5.43,5.59,5.35,5.52,5.45,1.2844,1026306.52,561836.3
600386.SH,20241212,5.0,5.13,4.95,5.12,5.01,2.1956,381168.0,193527.057
600387.SH,20241212,3.52,3.61,3.49,3.53,3.51,0.5698,67038.43,23714.808
600388.SH,20241212,13.12,13.4,13.0,13.28,13.07,1.6067,158579.22,209773.372
600389.SH,20241212,15.8,16.02,15.63,15.94,15.8,0.8861,74818.62,118169.374
600390.SH,20241212,7.22,7.35,7.14,7.3,7.24,0.8287,983321.94,712371.8
600391.SH,20241212,19.06,19.35,19.0,19.24,19.02,1.1567,73618.0,141591.325
600392.SH,20241212,11.44,11.48,11.28,11.43,11.49,-0.5222,255802.32,291017.449
600395.SH,20241212,5.42,5.44,5.37,5.41,5.41,0.0,301478.09,163017.445
600396.SH,20241212,3.02,3.03,2.94,2.98,3.0,-0.6667,223433.64,66382.144
600397.SH,20241212,2.93,3.02,2.9,2.95,2.93,0.6826,320437.79,94738.282
600398.SH,20241212,6.4,6.7,6.38,6.68,6.39,4.5383,1448165.5,955105.348
600399.SH,20241212,6.6,6.7,6.55,6.65,6.6,0.7576,418125.85,277258.641
600400.SH,20241212,3.38,3.43,3.28,3.4,3.31,2.719,1371630.27,461742.928
600403.SH,20241212,3.48,3.49,3.41,3.44,3.46,-0.578,84495.0,29046.0
600405.SH,20241212,5.55,5.56,5.37,5.45,5.6,-2.6786,511255.91,278420.142
600406.SH,20241212,24.86,25.06,24.75,25.05,24.95,0.4008,196441.28,489399.896
600408.SH,20241212,2.76,2.86,2.65,2.86,2.6,10.0,1684625.32,474541.831
600409.SH,20241212,5.92,6.05,5.87,6.05,5.92,2.1959,453357.08,271415.65
600410.SH,20241212,8.9,9.2,8.83,9.16,8.95,2.3464,2236603.55,2019134.675
600415.SH,20241212,15.32,15.88,14.42,15.17,15.13,0.2644,1796550.07,2670522.993
600416.SH,20241212,11.63,11.67,11.47,11.64,11.63,0.086,168225.14,194860.791
600418.SH,20241212,39.0,39.84,38.55,39.3,39.64,-0.8577,1032079.35,4039423.693
600419.SH,20241212,10.62,11.38,10.45,11.26,10.56,6.6288,277318.72,303128.955
600420.SH,20241212,12.43,12.79,12.33,12.69,12.4,2.3387,224474.26,282208.35
600421.SH,20241212,9.67,9.76,9.58,9.74,9.61,1.3528,46848.0,45418.312
600422.SH,20241212,15.79,17.28,15.79,16.79,15.84,5.9975,368963.91,615681.76
600423.SH,20241212,3.3,3.4,3.29,3.39,3.3,2.7273,145059.0,48557.551
600425.SH,20241212,4.36,4.44,4.33,4.37,4.36,0.2294,442972.52,193577.631
600426.SH,20241212,22.96,23.6,22.79,23.45,22.91,2.357,239375.03,557992.578
600428.SH,20241212,6.99,7.14,6.94,7.11,6.99,1.7167,335394.02,237446.469
600429.SH,20241212,4.79,5.32,4.74,5.32,4.84,9.9174,342872.72,176507.008
600433.SH,20241212,3.67,3.74,3.62,3.72,3.67,1.3624,227046.71,83569.09
600435.SH,20241212,10.82,11.36,10.81,11.2,10.75,4.186,634577.72,709372.994
600436.SH,20241212,224.49,226.5,223.6,226.4,224.49,0.8508,30373.48,684077.991
600438.SH,20241212,25.26,25.6,25.06,25.25,25.26,-0.0396,347894.96,880072.043
600439.SH,20241212,4.32,4.43,4.26,4.38,4.32,1.3889,609978.92,265158.819
600444.SH,20241212,16.88,17.56,16.88,17.34,16.9,2.6036,37513.0,64790.016
600446.SH,20241212,17.38,18.45,17.21,18.32,17.3,5.896,456001.52,816149.062
600448.SH,20241212,3.22,3.43,3.2,3.37,3.22,4.6584,400515.2,133439.058
600449.SH,20241212,15.05,15.28,14.92,15.08,14.96,0.8021,93789.2,141666.626
600452.SH,20241212,11.11,11.13,10.96,11.11,11.08,0.2708,108206.7,119473.721
600455.SH,20241212,24.49,25.09,24.12,25.03,24.49,2.205,17834.0,44228.77
600456.SH,20241212,29.69,29.91,29.55,29.72,29.65,0.2361,48177.91,143224.401
600458.SH,20241212,14.28,14.9,14.0,14.59,14.17,2.964,214240.34,312495.753
600459.SH,20241212,14.32,14.5,14.27,14.47,14.36,0.766,77481.55,111620.497
600460.SH,20241212,28.08,28.1,27.51,27.93,28.04,-0.3923,351090.72,975190.226
600461.SH,20241212,9.58,9.69,9.49,9.59,9.55,0.4188,179349.52,172302.742
600462.SH,20241212,1.7,1.82,1.7,1.82,1.73,5.2023,253431.51,45286.128
600463.SH,20241212,12.35,12.5,12.19,12.34,12.41,-0.5641,57390.0,70721.502
600467.SH,20241212,2.91,3.1,2.83,3.07,2.91,5.4983,2013421.73,599969.108
600468.SH,20241212,5.27,5.32,5.19,5.29,5.3,-0.1887,217542.73,114377.455
600469.SH,20241212,6.67,6.72,6.61,6.7,6.66,0.6006,74284.4,49544.095
600470.SH,20241212,6.39,6.41,6.25,6.36,6.4,-0.625,369127.94,233557.264
600475.SH,20241212,9.53,9.62,9.43,9.6,9.48,1.2658,69072.61,65894.327
600476.SH,20241212,18.97,20.48,18.3,20.12,19.11,5.2852,273024.83,526514.009
600477.SH,20241212,3.02,3.04,2.96,3.04,3.02,0.6623,398045.55,119963.692
600478.SH,20241212,4.78,4.8,4.65,4.72,4.76,-0.8403,343749.62,161588.434
600479.SH,20241212,11.53,11.6,11.45,11.58,11.51,0.6082,210900.23,243333.11
600480.SH,20241212,12.9,13.34,12.48,12.66,12.95,-2.2394,462594.85,590399.565
600481.SH,20241212,6.66,6.71,6.55,6.66,6.65,0.1504,504107.1,334489.95
600482.SH,20241212,22.95,23.96,22.91,23.89,22.95,4.0959,422471.33,997238.625
600483.SH,20241212,9.79,10.14,9.75,10.08,9.8,2.8571,417588.66,418656.212
600486.SH,20241212,54.01,54.97,53.88,54.78,54.31,0.8654,19736.9,107399.189
600487.SH,20241212,17.77,18.06,17.67,17.89,17.73,0.9024,365136.35,651186.213
600488.SH,20241212,4.66,4.74,4.64,4.74,4.67,1.4989,86838.0,40861.0
600489.SH,20241212,12.98,13.12,12.96,13.06,12.9,1.2403,593571.83,774578.986
600490.SH,20241212,3.49,3.51,3.42,3.47,3.48,-0.2874,387672.98,134125.184
600491.SH,20241212,4.32,4.32,4.17,4.25,4.34,-2.0737,460788.98,194919.8
600493.SH,20241212,6.05,6.22,6.0,6.22,6.05,2.8099,77491.33,47489.971
600495.SH,20241212,4.27,4.3,4.22,4.29,4.25,0.9412,225858.42,96173.619
600496.SH,20241212,3.38,3.39,3.33,3.38,3.37,0.2967,303294.36,102108.06
600497.SH,20241212,6.15,6.15,6.06,6.14,6.15,-0.1626,883051.89,539703.535
600498.SH,20241212,18.6,18.83,18.4,18.67,18.57,0.5385,172347.49,320690.262
600499.SH,20241212,8.52,8.54,8.39,8.48,8.48,0.0,141851.94,119993.549
600500.SH,20241212,4.46,4.49,4.4,4.48,4.44,0.9009,280725.2,125055.846
600501.SH,20241212,21.42,21.78,21.22,21.36,21.46,-0.466,116876.91,250519.438
600502.SH,20241212,5.08,5.1,5.02,5.1,5.04,1.1905,364995.71,185067.933
600503.SH,20241212,4.0,4.22,3.6,3.73,3.84,-2.8646,4778053.57,1873064.094
600505.SH,20241212,11.56,11.69,11.47,11.6,11.6,0.0,88675.0,102597.837
600506.SH,20241212,19.83,22.35,19.5,22.35,20.32,9.9902,373953.23,792561.951
600507.SH,20241212,4.39,4.39,4.33,4.36,4.37,-0.2288,151231.3,65870.99
600508.SH,20241212,14.1,14.13,13.93,14.0,14.07,-0.4975,74303.18,104010.65
600509.SH,20241212,7.27,7.29,7.13,7.21,7.27,-0.8253,406020.81,291860.346
600510.SH,20241212,5.48,5.57,5.41,5.54,5.51,0.5445,240403.93,132454.317
600511.SH,20241212,35.06,35.44,34.79,35.25,35.12,0.3702,55027.02,193674.577
600512.SH,20241212,2.78,2.8,2.72,2.78,2.78,0.0,615328.6,169933.99
600513.SH,20241212,10.73,10.9,10.67,10.89,10.74,1.3966,94255.76,102149.43
600515.SH,20241212,3.99,4.01,3.95,4.0,4.0,0.0,724474.82,288344.65
600516.SH,20241212,5.33,5.33,5.25,5.31,5.3,0.1887,252484.5,133555.806
600517.SH,20241212,5.8,5.87,5.72,5.82,5.78,0.692,213411.04,123590.134
600518.SH,20241212,2.78,2.79,2.71,2.74,2.81,-2.4911,6226053.13,1710560.573
600519.SH,20241212,1532.02,1566.0,1529.0,1565.8,1535.6,1.9667,41936.52,6510547.81
600520.SH,20241212,37.0,37.69,36.47,37.28,37.05,0.6208,170767.01,633792.29
600521.SH,20241212,19.2,19.78,18.94,19.36,19.16,1.0438,281456.16,549010.86
600522.SH,20241212,15.78,15.85,15.61,15.84,15.8,0.2532,339374.91,534585.649
600523.SH,20241212,12.97,13.07,12.81,12.99,12.98,0.077,46856.0,60718.853
600525.SH,20241212,5.59,5.65,5.53,5.61,5.57,0.7181,142971.53,79814.162
600526.SH,20241212,5.07,5.11,5.04,5.1,5.08,0.3937,114719.2,58311.349
600527.SH,20241212,3.22,3.5,3.12,3.15,3.45,-8.6957,4556939.92,1491257.759
600528.SH,20241212,8.47,8.49,8.4,8.48,8.47,0.1181,136931.76,115761.041
600529.SH,20241212,24.85,25.79,24.75,25.48,24.88,2.4116,188847.13,480128.166
600530.SH,20241212,4.02,4.08,3.93,4.04,4.04,0.0,272165.0,109055.718
600531.SH,20241212,7.09,7.16,7.06,7.14,7.08,0.8475,256967.61,183002.936
600533.SH,20241212,3.05,3.34,2.98,3.34,3.04,9.8684,1767322.06,567609.919
600535.SH,20241212,14.65,15.13,14.59,15.07,14.64,2.9372,229201.19,342669.457
600536.SH,20241212,54.49,54.7,53.26,54.03,54.46,-0.7896,307578.1,1656305.66
600537.SH,20241212,3.73,3.74,3.63,3.7,3.73,-0.8043,344919.73,126925.284
600538.SH,20241212,5.36,5.5,5.33,5.44,5.36,1.4925,197877.2,107155.681
600539.SH,20241212,7.77,8.09,7.58,7.98,7.69,3.7711,82731.56,65098.526
600540.SH,20241212,4.76,4.87,4.7,4.87,4.73,2.9598,308928.94,147937.684
600543.SH,20241212,6.38,6.66,6.36,6.66,6.38,4.3887,255404.0,167172.81
600545.SH,20241212,3.64,4.0,3.58,4.0,3.64,9.8901,2838478.35,1098207.782
600546.SH,20241212,13.15,13.15,12.98,13.06,13.11,-0.3814,191091.0,249882.221
600547.SH,20241212,24.96,25.25,24.92,25.03,24.85,0.7243,303299.88,760775.46
600548.SH,20241212,12.04,12.41,11.98,12.35,12.12,1.8977,129706.0,158114.925
600549.SH,20241212,21.13,21.25,20.98,21.18,21.1,0.3791,150991.21,319130.21
600550.SH,20241212,9.28,9.36,9.19,9.36,9.25,1.1892,400273.98,371629.542
600551.SH,20241212,9.52,9.57,9.26,9.52,9.46,0.6342,97322.03,91490.112
600552.SH,20241212,12.57,12.71,12.32,12.59,12.54,0.3987,313691.22,391977.166
600556.SH,20241212,6.71,7.0,6.51,6.8,6.69,1.6442,1815366.84,1218670.677
600557.SH,20241212,15.19,15.4,15.03,15.28,15.19,0.5925,127575.01,194406.032
600558.SH,20241212,4.63,4.65,4.51,4.61,4.63,-0.432,263319.06,120596.191
600559.SH,20241212,22.4,23.45,22.26,23.4,22.49,4.0462,629347.57,1447372.877
600560.SH,20241212,17.6,19.45,17.1,18.29,17.68,3.4502,371399.79,690376.132
600561.SH,20241212,6.26,6.52,6.24,6.5,6.26,3.8339,89302.0,57348.029
600562.SH,20241212,20.4,20.77,20.16,20.5,20.48,0.0977,91499.74,186603.802
600563.SH,20241212,122.9,125.18,122.06,124.88,123.11,1.4377,20307.0,252754.505
600566.SH,20241212,29.85,30.3,29.61,30.17,29.9,0.903,55538.9,166840.642
600567.SH,20241212,2.26,2.38,2.21,2.31,2.3,0.4348,7716376.66,1759991.833
600568.SH,20241212,1.56,1.57,1.55,1.57,1.56,0.641,147891.2,23120.324
600569.SH,20241212,2.14,2.15,2.07,2.1,2.14,-1.8692,410325.4,86256.56
600570.SH,20241212,30.82,32.28,30.4,31.79,30.82,3.1473,681633.5,2127183.686
600571.SH,20241212,15.19,15.33,14.82,15.25,15.19,0.395,496063.34,750890.648
600572.SH,20241212,4.88,4.97,4.84,4.94,4.87,1.4374,551163.83,271374.524
600573.SH,20241212,10.94,11.32,10.9,11.29,10.96,3.0109,116716.75,130171.763
600575.SH,20241212,4.38,4.4,4.22,4.29,4.38,-2.0548,770342.63,330791.826
600576.SH,20241212,7.92,8.09,7.81,8.01,7.95,0.7547,323445.29,258339.514
600577.SH,20241212,6.71,6.75,6.59,6.67,6.71,-0.5961,955132.32,634432.343
600578.SH,20241212,3.71,3.78,3.68,3.75,3.7,1.3514,350784.2,131328.648
600579.SH,20241212,7.69,7.75,7.56,7.66,7.67,-0.1304,123508.0,94151.745
600580.SH,20241212,15.85,15.89,15.38,15.7,15.88,-1.1335,596857.48,932711.496
600581.SH,20241212,3.6,3.6,3.52,3.54,3.59,-1.3928,307028.0,108768.798
600582.SH,20241212,6.3,6.33,6.27,6.31,6.32,-0.1582,280524.28,176894.071
600583.SH,20241212,5.55,5.59,5.52,5.57,5.56,0.1799,248925.97,138379.911
600584.SH,20241212,38.45,38.71,38.01,38.58,38.46,0.312,343205.84,1316343.208
600585.SH,20241212,25.65,26.16,25.47,26.1,25.65,1.7544,202921.22,525901.185
600586.SH,20241212,6.03,6.4,5.96,6.31,6.0,5.1667,685754.0,425293.31
600587.SH,20241212,18.27,18.46,18.13,18.4,18.23,0.9325,87958.0,161337.993
600588.SH,20241212,12.5,12.53,12.22,12.48,12.54,-0.4785,443398.09,548853.522
600589.SH,20241212,5.14,5.25,5.08,5.14,5.1,0.7843,426314.0,219726.083
600590.SH,20241212,5.53,5.73,5.52,5.6,5.53,1.2658,169285.0,95076.044
600592.SH,20241212,10.89,10.92,10.72,10.83,10.87,-0.368,83962.0,90792.985
600593.SH,20241212,42.54,46.43,42.03,46.43,42.21,9.9976,203652.07,917257.369
600594.SH,20241212,4.39,4.52,4.35,4.5,4.39,2.5057,288329.44,128703.011
600595.SH,20241212,3.31,3.33,3.21,3.28,3.31,-0.9063,882395.87,287918.211
600596.SH,20241212,8.98,8.99,8.86,8.92,8.98,-0.6682,157530.2,140286.672
600597.SH,20241212,9.35,9.96,9.24,9.96,9.47,5.1742,844554.31,814371.881
600598.SH,20241212,14.8,15.06,14.68,15.03,14.79,1.6227,192993.1,287691.055
600599.SH,20241212,14.17,14.91,14.17,14.91,14.2,5.0,34172.12,49848.87
600600.SH,20241212,77.0,80.0,76.61,79.91,76.96,3.8332,118229.81,929725.675
600601.SH,20241212,4.64,4.66,4.45,4.52,4.63,-2.3758,1827904.6,825094.443
600602.SH,20241212,15.7,15.7,14.95,15.31,15.7,-2.4841,457024.25,697837.274
600603.SH,20241212,9.5,9.76,9.42,9.69,9.33,3.8585,74135.86,71514.25
600604.SH,20241212,5.75,6.05,5.5,5.7,5.5,3.6364,1297691.85,745612.524
600605.SH,20241212,39.14,39.39,36.6,37.6,39.02,-3.6392,62887.54,236318.2
600606.SH,20241212,2.58,2.67,2.53,2.62,2.59,1.1583,2539931.57,663620.684
600608.SH,20241212,3.66,3.66,3.66,3.66,3.85,-4.9351,12501.0,4575.366
600609.SH,20241212,8.46,8.46,7.8,8.0,8.49,-5.7715,988593.25,794324.697
600610.SH,20241212,5.66,5.73,5.58,5.71,5.67,0.7055,202501.44,114534.775
600611.SH,20241212,8.28,8.48,8.16,8.42,8.37,0.5974,1514522.31,1259209.093
600612.SH,20241212,56.49,57.86,56.36,57.83,57.09,1.2962,30602.02,175317.727
600613.SH,20241212,7.54,7.75,7.47,7.74,7.58,2.1108,185691.24,142242.281
600615.SH,20241212,13.2,13.22,12.9,13.07,13.2,-0.9848,56131.0,73244.501
600616.SH,20241212,6.69,7.27,6.49,7.27,6.61,9.9849,1051329.6,735852.73
600617.SH,20241212,3.2,3.23,3.16,3.21,3.2,0.3125,191901.79,61313.375
600618.SH,20241212,11.03,11.06,10.74,10.92,11.13,-1.8868,231842.36,252220.862
600619.SH,20241212,13.08,13.15,12.86,13.0,13.15,-1.1407,456654.17,592777.097
600620.SH,20241212,6.9,7.06,6.67,6.95,6.84,1.6082,226644.73,155661.559
600621.SH,20241212,16.52,17.2,16.52,16.78,16.33,2.7557,665768.37,1120629.874
600622.SH,20241212,4.37,4.5,4.33,4.45,4.45,0.0,1039599.87,459727.585
600623.SH,20241212,7.54,7.59,7.42,7.54,7.52,0.266,258834.75,194111.121
600624.SH,20241212,8.27,8.27,8.11,8.27,7.52,9.9734,1546484.62,1278262.125
600626.SH,20241212,4.45,4.65,4.39,4.6,4.54,1.3216,475292.16,215155.548
600628.SH,20241212,9.38,10.36,9.26,10.16,9.47,7.2862,1002420.05,986389.944
600629.SH,20241212,7.95,8.5,7.8,8.23,7.98,3.1328,660262.27,538647.535
600630.SH,20241212,11.1,11.5,11.03,11.44,11.34,0.8818,513683.22,580955.0
600633.SH,20241212,11.46,11.56,11.25,11.43,11.45,-0.1747,221884.0,252838.822
600635.SH,20241212,4.63,4.74,4.55,4.69,4.66,0.6438,1052672.37,487886.296
600636.SH,20241212,11.44,11.67,11.28,11.32,11.35,-0.2643,201819.84,230611.227
600637.SH,20241212,8.55,8.56,8.39,8.49,8.55,-0.7018,379816.34,321426.514
600638.SH,20241212,5.88,6.5,5.8,6.5,5.91,9.9831,775988.68,495773.03
600639.SH,20241212,11.58,11.75,11.43,11.75,11.55,1.7316,134802.73,156998.184
600640.SH,20241212,14.54,14.66,14.19,14.39,14.45,-0.4152,145010.04,208497.628
600641.SH,20241212,16.45,16.87,16.3,16.71,16.44,1.6423,185687.26,307746.539
600642.SH,20241212,8.86,8.98,8.83,8.91,8.85,0.678,226630.96,202512.676
600643.SH,20241212,6.02,6.15,5.98,6.06,6.02,0.6645,221244.24,134034.541
600644.SH,20241212,7.06,7.15,7.0,7.14,7.05,1.2766,97350.01,68991.895
600645.SH,20241212,20.26,20.52,20.19,20.49,20.24,1.2352,52669.0,107382.096
600648.SH,20241212,12.44,12.57,12.32,12.52,12.47,0.401,58679.7,73370.931
600649.SH,20241212,5.13,5.26,5.06,5.19,5.18,0.1931,399589.61,205986.946
600650.SH,20241212,18.15,19.77,17.51,18.23,18.19,0.2199,571276.92,1044676.976
600651.SH,20241212,5.11,5.15,4.98,5.06,5.15,-1.7476,436297.6,220621.571
600653.SH,20241212,2.87,2.88,2.72,2.79,2.89,-3.4602,2123753.28,590871.189
600654.SH,20241212,4.18,4.18,4.01,4.12,4.18,-1.4354,1544381.27,630972.945
600655.SH,20241212,6.69,6.95,6.63,6.95,6.68,4.0419,490144.43,335306.288
600657.SH,20241212,5.2,5.28,5.11,5.25,5.24,0.1908,589183.43,306438.131
600658.SH,20241212,5.18,5.28,5.12,5.28,5.2,1.5385,279634.62,146039.145
600660.SH,20241212,57.45,58.71,57.45,58.28,57.35,1.6216,133390.48,775659.39
600661.SH,20241212,14.5,14.69,14.24,14.58,14.49,0.6211,121843.24,176478.427
600662.SH,20241212,5.53,5.69,5.44,5.66,5.52,2.5362,221938.05,123719.872
600663.SH,20241212,10.5,10.65,10.38,10.62,10.52,0.9506,67647.72,71443.567
600664.SH,20241212,4.01,4.2,3.97,4.15,4.01,3.4913,739266.47,304799.019
600665.SH,20241212,3.63,4.02,3.59,4.02,3.65,10.137,578232.99,222879.738
600666.SH,20241212,3.1,3.12,2.96,3.06,3.12,-1.9231,2562961.65,776736.778
600667.SH,20241212,7.77,7.78,7.6,7.73,7.76,-0.3866,561842.88,431847.05
600668.SH,20241212,10.81,10.98,10.81,10.96,10.85,1.0138,52450.73,57355.166
600671.SH,20241212,9.4,9.85,9.33,9.74,9.43,3.2874,10687.0,10298.405
600673.SH,20241212,8.9,9.0,8.77,8.94,8.88,0.6757,217004.0,193167.766
600674.SH,20241212,16.87,16.98,16.84,16.9,16.89,0.0592,225672.81,381754.938
600675.SH,20241212,3.35,3.4,3.26,3.38,3.43,-1.4577,1399376.55,465899.799
600676.SH,20241212,5.7,5.95,5.6,5.73,5.57,2.8725,1218401.1,698935.036
600678.SH,20241212,8.06,8.07,7.8,7.89,8.0,-1.375,327334.37,259244.857
600679.SH,20241212,11.72,12.96,11.64,12.96,11.78,10.017,432961.34,549633.512
600681.SH,20241212,3.77,3.84,3.75,3.82,3.77,1.3263,166017.8,63044.581
600682.SH,20241212,7.68,8.05,7.56,7.98,7.68,3.9063,573488.07,451989.761
600683.SH,20241212,4.68,4.81,4.63,4.81,4.69,2.5586,216721.0,103234.067
600684.SH,20241212,3.92,3.98,3.84,3.94,3.91,0.7673,213953.78,83953.024
600685.SH,20241212,24.7,24.92,24.64,24.87,24.73,0.5661,91394.2,226606.95
600686.SH,20241212,14.21,15.48,13.47,14.56,14.2,2.5352,1192903.16,1694797.842
600688.SH,20241212,3.19,3.19,3.14,3.16,3.19,-0.9404,506331.25,160018.599
600689.SH,20241212,11.25,11.59,11.0,11.51,11.28,2.039,91582.0,104283.069
600690.SH,20241212,29.4,29.88,29.29,29.62,29.45,0.5772,271071.58,801045.419
600691.SH,20241212,2.87,2.9,2.76,2.82,2.88,-2.0833,649341.24,182701.193
600692.SH,20241212,10.15,10.16,9.83,10.1,10.3,-1.9417,192149.56,192514.591
600693.SH,20241212,4.99,5.18,4.75,5.01,4.71,6.3694,867312.91,437967.058
600694.SH,20241212,26.3,26.39,25.71,26.39,23.99,10.0042,289939.61,763922.528
600696.SH,20241212,15.11,16.57,14.98,16.34,15.39,6.1728,304386.3,486399.84
600697.SH,20241212,13.38,14.72,13.3,14.27,13.38,6.6517,240694.95,338690.52
600698.SH,20241212,5.8,6.15,5.73,5.88,5.81,1.2048,497491.83,292727.132
600699.SH,20241212,16.13,16.31,15.99,16.19,16.09,0.6215,236760.15,381854.841
600702.SH,20241212,76.2,78.73,76.2,78.47,77.03,1.8694,165580.71,1286876.128
600703.SH,20241212,12.99,13.02,12.83,12.98,12.98,0.0,436889.01,564399.952
600704.SH,20241212,5.43,5.5,5.37,5.49,5.41,1.4787,901960.78,491248.178
600705.SH,20241212,4.11,4.17,4.05,4.13,4.11,0.4866,1176530.73,483666.442
600706.SH,20241212,10.8,12.0,10.78,12.0,10.91,9.9908,292521.96,343737.996
600707.SH,20241212,7.69,7.9,7.53,7.88,7.66,2.8721,699210.37,541648.68
600708.SH,20241212,4.43,4.6,4.33,4.52,4.49,0.6682,642360.78,286595.19
600710.SH,20241212,9.2,9.33,9.18,9.31,9.22,0.9761,101649.79,94377.45
600711.SH,20241212,4.95,4.97,4.92,4.96,4.94,0.4049,385831.89,190949.839
600712.SH,20241212,6.95,7.58,6.9,7.58,6.89,10.0145,759992.41,561559.296
600713.SH,20241212,5.32,5.5,5.28,5.48,5.33,2.8143,333925.8,180919.304
600714.SH,20241212,9.85,10.07,9.77,9.89,9.85,0.4061,58744.99,58133.648
600715.SH,20241212,2.49,2.54,2.4,2.45,2.44,0.4098,773037.81,190380.562
600716.SH,20241212,4.08,4.21,4.03,4.18,4.12,1.4563,339625.73,140748.056
600717.SH,20241212,5.11,5.14,5.07,5.13,5.1,0.5882,182783.73,93460.424
600718.SH,20241212,10.8,10.93,10.6,10.81,10.78,0.2783,178075.81,191517.453
600719.SH,20241212,8.28,8.43,8.22,8.36,8.31,0.6017,286370.88,238521.394
600720.SH,20241212,9.58,9.6,9.49,9.53,9.51,0.2103,142457.18,135834.988
600721.SH,20241212,7.55,7.66,7.51,7.63,7.55,1.0596,209515.0,159346.736
600722.SH,20241212,5.85,5.88,5.73,5.8,5.8,0.0,351570.2,203568.099
600724.SH,20241212,6.37,6.55,6.35,6.47,6.42,0.7788,201793.63,129844.309
600726.SH,20241212,2.59,2.59,2.52,2.55,2.59,-1.5444,519062.0,132060.983
600727.SH,20241212,8.12,8.16,7.99,8.14,8.16,-0.2451,146086.47,118247.099
600728.SH,20241212,5.52,5.55,5.37,5.51,5.53,-0.3617,871575.6,476681.246
600729.SH,20241212,32.37,34.3,32.02,32.67,32.38,0.8956,171596.1,575513.743
600730.SH,20241212,7.06,7.15,6.95,7.09,7.08,0.1412,195400.86,137876.863
600731.SH,20241212,6.4,6.49,6.36,6.46,6.39,1.0955,84469.6,54284.565
600732.SH,20241212,13.41,14.0,13.36,13.61,13.55,0.4428,534044.43,728909.975
600733.SH,20241212,8.78,8.9,8.66,8.84,8.85,-0.113,1406028.45,1235619.27
600734.SH,20241212,4.49,4.9,4.36,4.69,4.48,4.6875,2022003.7,929139.413
600735.SH,20241212,5.35,5.58,5.29,5.57,5.33,4.5028,199561.26,109019.589
600736.SH,20241212,6.33,6.85,6.29,6.68,6.35,5.1969,868412.98,573693.177
600737.SH,20241212,10.37,10.64,10.18,10.6,10.35,2.4155,602172.22,629686.301
600738.SH,20241212,5.73,6.0,5.64,5.9,5.78,2.0761,602931.27,352955.849
600739.SH,20241212,11.5,11.64,11.38,11.62,11.5,1.0435,203550.68,234248.932
600740.SH,20241212,4.38,4.4,4.32,4.38,4.38,0.0,302541.81,131905.934
600741.SH,20241212,17.33,17.41,17.22,17.35,17.33,0.1154,151993.47,263317.724
600742.SH,20241212,9.59,9.67,9.56,9.67,9.62,0.5198,96906.63,93264.401
600743.SH,20241212,2.6,2.87,2.5,2.87,2.61,9.9617,2817956.0,768552.354
600744.SH,20241212,3.64,3.65,3.59,3.64,3.64,0.0,296514.8,107452.635
600745.SH,20241212,36.05,36.82,35.58,36.6,36.04,1.5538,373606.52,1350865.991
600746.SH,20241212,7.62,7.73,7.56,7.71,7.61,1.3141,85824.1,65911.788
600748.SH,20241212,4.36,4.39,4.21,4.28,4.41,-2.9478,939859.79,402185.474
600749.SH,20241212,11.76,12.22,11.72,12.17,11.78,3.3107,149981.5,180367.754
600750.SH,20241212,21.06,21.42,20.91,21.38,20.98,1.9066,99668.97,211747.417
600751.SH,20241212,3.12,3.14,3.04,3.08,3.12,-1.2821,447911.02,137582.907
600753.SH,20241212,7.85,7.96,7.8,7.92,7.87,0.6353,63508.98,50163.955
600754.SH,20241212,27.61,28.48,27.46,28.36,27.6,2.7536,264304.02,742166.105
600755.SH,20241212,6.86,6.89,6.81,6.89,6.85,0.5839,320798.85,220249.09
600756.SH,20241212,16.61,16.79,16.3,16.48,16.6,-0.7229,143636.0,236711.012
600757.SH,20241212,9.24,9.26,9.0,9.09,9.22,-1.41,244046.12,221350.84
600758.SH,20241212,3.8,3.83,3.76,3.83,3.81,0.5249,119942.5,45620.996
600759.SH,20241212,3.01,3.02,2.97,3.0,3.0,0.0,833001.19,249450.228
600760.SH,20241212,48.99,50.72,48.99,50.51,48.49,4.1658,462848.53,2323500.989
600761.SH,20241212,18.12,18.57,17.86,18.51,18.13,2.096,342185.03,624821.473
600763.SH,20241212,49.95,51.05,49.57,50.92,50.01,1.8196,80116.03,403213.676
600764.SH,20241212,27.0,29.01,26.95,28.46,27.0,5.4074,144968.13,410777.102
600765.SH,20241212,20.65,21.21,20.65,20.85,20.72,0.6274,235431.64,492059.211
600768.SH,20241212,10.21,10.52,10.21,10.52,10.19,3.2385,54480.3,56492.709
600769.SH,20241212,11.45,11.81,11.35,11.75,11.39,3.1607,152901.25,178098.367
600770.SH,20241212,5.25,5.34,5.15,5.33,5.2,2.5,565408.37,298321.908
600771.SH,20241212,19.98,20.28,19.76,20.2,19.92,1.4056,95833.52,192661.644
600773.SH,20241212,13.04,13.07,12.8,13.02,13.06,-0.3063,135416.26,175199.104
600774.SH,20241212,8.69,8.99,8.63,8.9,8.66,2.7714,135371.22,119526.204
600775.SH,20241212,12.11,12.35,11.8,12.25,12.12,1.0726,624989.76,754825.594
600776.SH,20241212,13.52,13.52,13.14,13.37,13.47,-0.7424,324754.78,432278.038
600777.SH,20241212,2.3,2.36,2.29,2.33,2.29,1.7467,537120.86,125059.236
600778.SH,20241212,7.74,8.13,7.54,8.13,7.39,10.0135,465727.08,370972.195
600779.SH,20241212,58.2,59.9,57.6,59.37,58.9,0.798,118964.76,699448.546
600780.SH,20241212,6.15,6.21,6.09,6.2,6.14,0.9772,113196.85,69628.326
600782.SH,20241212,4.09,4.09,3.94,3.97,4.08,-2.6961,836046.08,332363.202
600783.SH,20241212,14.15,14.39,14.03,14.3,14.15,1.0601,57760.69,82146.05
600784.SH,20241212,6.4,6.56,6.35,6.52,6.4,1.875,136083.12,87822.638
600785.SH,20241212,12.88,14.17,12.75,13.59,12.88,5.5124,418808.57,567510.882
600787.SH,20241212,7.61,8.14,7.51,7.96,7.64,4.1885,1531740.47,1209055.037
600789.SH,20241212,9.05,9.15,8.98,9.12,9.03,0.9967,491427.85,446905.092
600790.SH,20241212,4.3,4.42,4.24,4.4,4.29,2.5641,342581.18,149095.965
600791.SH,20241212,5.05,5.15,4.95,5.13,5.03,1.9881,162016.0,82514.228
600792.SH,20241212,3.99,4.01,3.94,3.98,3.99,-0.2506,184998.4,73504.79
600793.SH,20241212,21.46,21.46,21.46,21.46,19.51,9.9949,10885.45,23360.176
600794.SH,20241212,4.01,4.06,3.96,4.05,4.01,0.9975,303627.58,122467.128
600795.SH,20241212,4.71,4.73,4.68,4.72,4.71,0.2123,834449.93,392930.78
600796.SH,20241212,6.81,6.92,6.54,6.72,7.07,-4.9505,654687.0,437125.156
600797.SH,20241212,8.1,8.77,8.02,8.77,7.97,10.0376,888209.67,764974.745
600798.SH,20241212,3.35,3.41,3.33,3.4,3.36,1.1905,218187.74,73734.943
600800.SH,20241212,3.82,3.83,3.7,3.83,3.83,0.0,506256.0,190953.685
600801.SH,20241212,12.94,12.98,12.86,12.97,12.95,0.1544,148563.62,191841.092
600802.SH,20241212,4.54,4.66,4.5,4.63,4.53,2.2075,193065.53,88647.634
600803.SH,20241212,18.79,18.91,18.67,18.91,18.77,0.7459,72845.94,136814.543
600804.SH,20241212,2.21,2.26,2.18,2.21,2.23,-0.8969,311003.31,69023.359
600805.SH,20241212,4.91,5.01,4.86,5.0,4.91,1.833,156445.12,77833.018
600807.SH,20241212,4.46,4.76,4.4,4.64,4.47,3.8031,577639.74,267105.529
600808.SH,20241212,2.85,2.87,2.75,2.78,2.86,-2.7972,1439047.4,401092.727
600809.SH,20241212,203.0,210.0,202.66,209.98,204.88,2.4893,93682.69,1943589.677
600810.SH,20241212,8.14,8.18,8.05,8.1,8.14,-0.4914,75654.96,61306.527
600811.SH,20241212,3.19,3.31,3.13,3.24,3.19,1.5674,3227817.99,1043739.04
600812.SH,20241212,5.78,5.83,5.73,5.83,5.78,0.8651,128350.66,74510.543
600814.SH,20241212,8.5,9.08,8.5,9.08,8.25,10.0606,547781.54,482837.672
600815.SH,20241212,3.21,3.53,3.14,3.3,3.21,2.8037,1586939.22,525223.915
600816.SH,20241212,3.95,4.02,3.88,3.99,4.02,-0.7463,1398707.95,552237.123
600817.SH,20241212,12.3,12.37,12.17,12.3,12.25,0.4082,70119.0,86077.874
600818.SH,20241212,13.52,14.68,13.5,14.27,13.59,5.0037,195565.8,277729.813
600819.SH,20241212,6.1,6.72,6.02,6.72,6.11,9.9836,439774.23,284211.064
600820.SH,20241212,7.15,7.25,7.1,7.23,7.15,1.1189,403126.09,290386.252
600821.SH,20241212,5.78,5.82,5.71,5.81,5.77,0.6932,233983.16,135309.981
600822.SH,20241212,12.22,13.09,12.12,12.55,11.94,5.1089,596225.8,746947.634
600824.SH,20241212,4.8,4.82,4.5,4.82,4.38,10.0457,957429.65,449634.56
600825.SH,20241212,8.36,8.49,8.11,8.36,8.71,-4.0184,1113480.11,927041.524
600826.SH,20241212,9.97,10.66,9.77,10.09,9.97,1.2036,618470.62,634662.878
600827.SH,20241212,12.12,12.45,11.63,12.27,12.12,1.2376,460694.74,558180.176
600828.SH,20241212,4.57,4.57,4.3,4.57,4.15,10.1205,480655.61,217164.543
600829.SH,20241212,7.7,8.47,7.7,8.47,7.7,10.0,168592.67,139801.745
600830.SH,20241212,11.54,11.84,11.54,11.73,11.66,0.6003,143742.0,168373.538
600831.SH,20241212,3.09,3.12,3.04,3.09,3.07,0.6515,175148.1,53879.484
600833.SH,20241212,15.82,16.05,15.21,16.05,14.59,10.0069,504339.67,798276.319
600834.SH,20241212,9.1,9.21,9.0,9.21,9.06,1.6556,149092.32,135930.509
600835.SH,20241212,21.5,21.63,20.89,21.15,21.99,-3.8199,354225.47,751724.974
600837.SH,20241212,11.69,11.88,11.6,11.78,11.66,1.0292,731503.89,857925.907
600838.SH,20241212,10.35,11.03,10.28,11.03,10.03,9.9701,957368.89,1024204.564
600839.SH,20241212,11.05,11.1,10.82,10.99,11.05,-0.543,2500252.27,2734728.462
600841.SH,20241212,5.99,6.05,5.86,6.05,6.07,-0.3295,276090.4,164762.142
600843.SH,20241212,15.65,15.96,15.25,15.67,15.84,-1.0732,733505.38,1139656.575
600844.SH,20241212,3.43,3.47,3.39,3.46,3.45,0.2899,276666.0,94994.86
600845.SH,20241212,28.31,28.31,27.95,28.28,28.3,-0.0707,129999.12,365984.616
600846.SH,20241212,9.69,9.69,9.34,9.52,9.64,-1.2448,147805.31,139955.856
600847.SH,20241212,10.37,10.64,10.33,10.6,10.37,2.2179,35040.0,36820.492
600848.SH,20241212,10.66,10.7,10.46,10.64,10.65,-0.0939,118027.2,125084.722
600850.SH,20241212,24.47,24.8,24.15,24.55,24.48,0.2859,101037.38,247396.756
600851.SH,20241212,6.2,6.81,6.13,6.81,6.19,10.0162,191911.81,125774.916
600853.SH,20241212,4.33,4.77,4.28,4.77,4.34,9.9078,1365292.34,634500.167
600854.SH,20241212,5.27,5.54,5.27,5.47,5.29,3.4026,190482.61,103254.299
600855.SH,20241212,12.5,12.73,12.46,12.7,12.51,1.5188,116577.51,147296.698
600857.SH,20241212,8.88,9.76,8.68,9.35,8.87,5.4115,239915.11,223369.767
600858.SH,20241212,5.61,5.92,5.53,5.91,5.55,6.4865,462734.52,268025.568
600859.SH,20241212,16.17,17.33,15.87,17.08,16.19,5.4972,1186341.88,1979201.607
600860.SH,20241212,11.2,11.66,11.14,11.44,11.4,0.3509,197312.31,225031.283
600861.SH,20241212,20.55,21.2,20.2,21.04,20.62,2.0369,59097.0,123057.2
600862.SH,20241212,24.53,25.48,24.49,25.0,24.53,1.916,167014.0,419357.042
600863.SH,20241212,4.43,4.46,4.41,4.44,4.44,0.0,535891.0,237806.956
600864.SH,20241212,7.35,8.04,7.33,7.79,7.34,6.1308,1825132.49,1403490.33
600865.SH,20241212,10.67,11.61,10.38,11.35,10.87,4.4158,338370.09,375123.472
600866.SH,20241212,7.2,7.85,7.14,7.67,7.18,6.8245,1033919.36,784170.915
600867.SH,20241212,8.51,8.64,8.48,8.6,8.52,0.939,166067.72,142478.137
600868.SH,20241212,3.6,3.91,3.45,3.47,3.55,-2.2535,5964389.97,2203163.419
600869.SH,20241212,5.01,5.02,4.92,4.98,5.0,-0.4,199320.6,99014.396
600871.SH,20241212,2.26,2.27,2.21,2.22,2.26,-1.7699,891924.75,199054.288
600872.SH,20241212,24.55,25.16,24.2,25.01,24.55,1.8737,216621.41,534952.503
600873.SH,20241212,10.91,11.08,10.79,11.05,10.91,1.2832,368904.29,404873.043
600874.SH,20241212,6.21,6.25,6.14,6.25,6.2,0.8065,110723.14,68779.055
600875.SH,20241212,15.39,15.47,15.28,15.47,15.37,0.6506,161424.32,248429.691
600876.SH,20241212,10.52,10.88,10.42,10.73,10.49,2.2879,47255.84,50264.038
600877.SH,20241212,14.1,14.1,13.82,14.01,14.08,-0.4972,170628.01,237975.947
600879.SH,20241212,9.84,9.96,9.77,9.89,9.84,0.5081,574118.4,567531.266
600880.SH,20241212,5.3,5.49,5.24,5.35,5.29,1.1342,617834.5,331057.071
600881.SH,20241212,2.61,2.61,2.5,2.61,2.37,10.1266,2691553.36,698624.969
600882.SH,20241212,20.11,21.28,19.85,21.08,20.03,5.2421,263514.55,539599.64
600883.SH,20241212,7.8,8.07,7.77,8.05,7.8,3.2051,59411.0,47262.555
600884.SH,20241212,8.74,8.75,8.62,8.73,8.74,-0.1144,213003.74,184950.253
600885.SH,20241212,31.7,32.17,31.43,32.11,31.7,1.2934,58763.92,187200.819
600886.SH,20241212,15.87,16.13,15.83,15.98,15.87,0.6931,174384.4,279171.98
600887.SH,20241212,29.74,30.26,29.57,30.23,29.77,1.5452,681992.14,2046852.046
600888.SH,20241212,7.71,7.72,7.61,7.7,7.7,0.0,208168.38,159780.453
600889.SH,20241212,19.48,19.9,18.9,19.6,19.0,3.1579,466249.82,905467.046
600892.SH,20241212,5.32,5.57,5.31,5.49,5.35,2.6168,262047.0,142728.046
600893.SH,20241212,40.8,41.65,40.8,41.23,40.5,1.8025,202689.07,836614.481
600894.SH,20241212,13.05,13.32,12.85,13.2,13.17,0.2278,127967.97,168423.428
600895.SH,20241212,29.0,29.7,28.58,29.3,29.19,0.3768,470097.07,1367363.95
600897.SH,20241212,15.13,15.38,15.01,15.29,15.07,1.4599,50730.25,77205.373
600898.SH,20241212,1.82,1.83,1.78,1.82,1.83,-0.5464,49057.88,8861.426
600900.SH,20241212,28.15,28.48,28.13,28.4,28.17,0.8165,778749.56,2210068.869
600901.SH,20241212,5.15,5.16,5.1,5.13,5.14,-0.1946,581448.08,298100.982
600903.SH,20241212,8.09,8.13,8.04,8.1,8.08,0.2475,141861.3,114733.974
600905.SH,20241212,4.61,4.63,4.58,4.63,4.61,0.4338,917166.96,422653.803
600906.SH,20241212,7.82,8.0,7.77,7.91,7.77,1.8018,593089.0,468130.856
600908.SH,20241212,5.92,6.01,5.88,6.0,5.91,1.5228,333128.57,198535.374
600909.SH,20241212,6.3,6.5,6.26,6.43,6.28,2.3885,810337.35,517332.381
600916.SH,20241212,9.1,9.2,9.07,9.19,9.08,1.2115,355833.61,325320.107
600917.SH,20241212,6.36,6.42,6.35,6.42,6.36,0.9434,85702.39,54813.959
600918.SH,20241212,7.08,7.21,7.05,7.15,7.08,0.9887,420138.93,299459.548
600919.SH,20241212,9.2,9.36,9.19,9.32,9.17,1.6358,1374181.69,1277651.627
600925.SH,20241212,5.52,5.53,5.49,5.52,5.51,0.1815,110513.51,60910.303
600926.SH,20241212,14.21,14.37,14.19,14.31,14.22,0.6329,219862.58,314612.145
600927.SH,20241212,14.39,14.77,14.33,14.64,14.44,1.385,63608.91,92630.245
600928.SH,20241212,3.83,3.88,3.81,3.87,3.83,1.0444,253713.65,97783.274
600929.SH,20241212,6.04,6.09,5.97,6.09,6.03,0.995,199083.34,120359.282
600933.SH,20241212,16.1,16.6,15.93,16.25,16.11,0.869,105269.13,170741.756
600935.SH,20241212,3.03,3.08,2.97,3.02,3.02,0.0,406007.0,122295.36
600936.SH,20241212,3.73,3.76,3.62,3.73,3.7,0.8108,388545.02,143830.781
600938.SH,20241212,27.32,27.45,27.23,27.36,27.23,0.4774,266006.15,727800.359
600939.SH,20241212,3.71,3.73,3.64,3.68,3.69,-0.271,154505.44,56775.415
600941.SH,20241212,106.39,107.78,106.2,107.7,106.58,1.0509,92154.83,988512.036
600955.SH,20241212,16.0,16.04,15.76,15.86,16.05,-1.1838,36890.0,58612.641
600956.SH,20241212,7.75,7.83,7.69,7.81,7.76,0.6443,61218.0,47529.081
600958.SH,20241212,11.1,11.35,11.02,11.2,11.07,1.1743,943903.32,1053264.736
600959.SH,20241212,4.02,4.03,3.92,3.99,4.04,-1.2376,1031862.5,410131.027
600960.SH,20241212,4.12,4.35,4.06,4.28,4.12,3.8835,578281.66,244085.7
600961.SH,20241212,8.88,9.14,8.75,9.07,8.86,2.3702,343739.1,308197.055
600962.SH,20241212,15.42,16.03,15.31,16.0,15.41,3.8287,51406.8,81049.089
600963.SH,20241212,5.38,5.53,5.33,5.44,5.4,0.7407,384132.93,208049.473
600965.SH,20241212,4.77,4.99,4.68,4.95,4.77,3.7736,238181.5,116368.754
600966.SH,20241212,5.76,5.76,5.61,5.75,5.73,0.349,119255.9,68096.34
600967.SH,20241212,9.09,9.28,8.91,9.14,9.08,0.6608,711386.44,644529.926
600968.SH,20241212,4.11,4.12,4.07,4.1,4.12,-0.4854,389999.18,159725.553
600969.SH,20241212,7.35,7.47,7.32,7.46,7.37,1.2212,76762.34,56889.314
600970.SH,20241212,10.4,10.41,10.26,10.38,10.42,-0.3839,219267.8,226437.234
600971.SH,20241212,9.8,9.9,9.73,9.86,9.79,0.715,172374.83,169698.666
600973.SH,20241212,4.53,4.56,4.46,4.54,4.51,0.6652,223567.64,101082.531
600975.SH,20241212,6.81,6.97,6.74,6.96,6.81,2.2026,693180.09,476915.482
600976.SH,20241212,44.31,45.67,44.01,45.63,44.3,3.0023,40320.0,181926.411
600977.SH,20241212,12.4,12.48,12.25,12.43,12.38,0.4039,148703.0,183664.423
600979.SH,20241212,5.98,7.0,5.85,7.0,6.36,10.0629,3293913.25,2097708.821
600980.SH,20241212,16.46,16.55,16.35,16.53,16.45,0.4863,26086.5,42990.228
600981.SH,20241212,3.13,3.22,3.13,3.18,3.2,-0.625,463843.48,146653.578
600982.SH,20241212,4.18,4.22,4.16,4.21,4.19,0.4773,139105.5,58308.666
600983.SH,20241212,11.71,12.42,10.96,10.99,12.0,-8.4167,291677.89,334809.343
600984.SH,20241212,3.83,4.14,3.68,4.14,3.76,10.1064,502791.75,200009.486
600985.SH,20241212,15.04,15.08,14.93,15.04,15.03,0.0665,208000.71,312095.146
600986.SH,20241212,7.1,7.16,6.79,6.99,6.96,0.431,910256.84,633207.655
600987.SH,20241212,7.43,7.55,7.4,7.54,7.43,1.4805,129263.76,96806.555
600988.SH,20241212,17.29,17.45,17.21,17.28,17.2,0.4651,462549.4,800719.262
600989.SH,20241212,16.1,16.34,16.1,16.27,16.15,0.743,199757.0,323772.25
600990.SH,20241212,25.32,25.36,24.19,24.98,25.14,-0.6364,90077.15,223010.853
600992.SH,20241212,16.8,17.1,16.79,16.99,16.88,0.6517,67491.4,114510.959
600993.SH,20241212,26.91,27.18,26.5,27.16,26.9,0.9665,56900.0,153463.798
600995.SH,20241212,10.5,10.64,10.42,10.58,10.5,0.7619,81347.5,85856.318
600996.SH,20241212,10.18,10.24,10.02,10.21,10.13,0.7897,173153.5,175596.072
600997.SH,20241212,7.38,7.4,7.3,7.32,7.38,-0.813,136180.67,99974.758
600998.SH,20241212,5.49,5.58,5.43,5.56,5.49,1.275,335913.08,186124.478
600999.SH,20241212,19.91,20.5,19.74,20.16,19.91,1.2557,472616.41,948493.241
601000.SH,20241212,4.48,4.52,4.45,4.47,4.51,-0.8869,527249.62,235949.509
601001.SH,20241212,14.66,14.75,14.35,14.44,14.65,-1.4334,194063.56,280561.944
601002.SH,20241212,4.86,4.89,4.75,4.82,4.87,-1.0267,175505.84,84308.115
601003.SH,20241212,3.19,3.2,3.14,3.18,3.19,-0.3135,147122.0,46666.979
601005.SH,20241212,1.74,1.75,1.67,1.69,1.75,-3.4286,3189966.0,542088.226
601006.SH,20241212,6.88,6.94,6.86,6.91,6.88,0.436,696644.93,481382.073
601007.SH,20241212,7.8,8.22,7.72,8.14,7.82,4.0921,303881.56,243453.485
601008.SH,20241212,4.12,4.19,4.12,4.18,4.14,0.9662,169684.92,70645.791
601009.SH,20241212,10.51,10.66,10.5,10.62,10.52,0.9506,425269.43,450933.104
601010.SH,20241212,3.77,3.77,3.77,3.77,3.43,9.9125,266554.0,100490.858
601011.SH,20241212,3.1,3.12,3.02,3.11,3.12,-0.3205,1244836.92,382104.707
601012.SH,20241212,17.57,17.87,17.52,17.78,17.69,0.5088,617913.64,1094649.199
601015.SH,20241212,3.75,3.77,3.67,3.72,3.74,-0.5348,210243.2,78023.571
601016.SH,20241212,3.38,3.39,3.35,3.39,3.39,0.0,575751.76,194282.476
601018.SH,20241212,3.91,3.94,3.89,3.93,3.9,0.7692,406939.0,159475.786
601019.SH,20241212,11.7,11.78,11.26,11.56,11.9,-2.8571,256897.81,294773.678
601020.SH,20241212,15.05,15.26,14.76,14.98,15.04,-0.3989,386743.88,579536.764
601021.SH,20241212,57.45,58.69,56.88,58.6,57.17,2.5013,60754.86,353303.493
601022.SH,20241212,8.78,8.85,8.73,8.82,8.81,0.1135,86413.0,76043.772
601028.SH,20241212,13.45,13.78,13.24,13.7,13.42,2.0864,350087.4,473057.627
601033.SH,20241212,14.54,14.67,14.48,14.63,14.53,0.6882,59328.03,86603.015
601038.SH,20241212,15.48,16.19,15.24,15.95,15.42,3.4371,159055.87,249987.626
601058.SH,20241212,14.75,14.78,14.41,14.5,14.78,-1.8945,588110.08,853934.189
601059.SH,20241212,16.0,16.68,15.91,16.36,15.96,2.5063,588295.94,958964.908
601061.SH,20241212,7.93,8.0,7.87,7.96,7.92,0.5051,138013.13,109710.794
601065.SH,20241212,9.31,9.41,9.26,9.41,9.31,1.0741,116001.65,108551.093
601066.SH,20241212,27.74,28.25,27.54,28.02,27.7,1.1552,183099.62,510530.226
601068.SH,20241212,4.92,4.96,4.88,4.95,4.93,0.4057,102263.0,50466.04
601069.SH,20241212,13.11,13.53,13.1,13.22,13.08,1.0703,162875.87,216447.592
601077.SH,20241212,5.67,5.72,5.66,5.68,5.69,-0.1757,1119069.25,636214.556
601083.SH,20241212,10.09,10.13,10.0,10.11,10.1,0.099,98992.33,99769.679
601086.SH,20241212,5.99,6.52,5.81,6.52,5.93,9.9494,651695.36,402116.586
601088.SH,20241212,43.27,43.4,42.52,43.11,43.38,-0.6224,259012.16,1114364.682
601089.SH,20241212,16.21,16.45,16.15,16.42,16.21,1.2955,36150.0,59114.326
601096.SH,20241212,4.62,4.69,4.61,4.68,4.65,0.6452,231108.06,107497.315
601098.SH,20241212,13.74,13.76,13.35,13.45,13.7,-1.8248,186914.34,251558.08
601099.SH,20241212,4.76,4.91,4.69,4.81,4.75,1.2632,4194753.68,2006208.362
601100.SH,20241212,57.0,57.33,56.01,56.38,57.2,-1.4336,92495.29,521553.165
601101.SH,20241212,9.02,9.02,8.79,8.83,8.98,-1.6704,198662.2,176246.792
601106.SH,20241212,3.29,3.29,3.25,3.28,3.3,-0.6061,299399.49,97960.525
601107.SH,20241212,5.25,5.28,5.22,5.28,5.24,0.7634,168082.0,88419.546
601108.SH,20241212,8.56,8.76,8.51,8.67,8.55,1.4035,622338.31,537011.087
601111.SH,20241212,8.91,9.01,8.79,8.79,8.86,-0.7901,952051.79,845024.951
601113.SH,20241212,4.25,4.28,4.11,4.21,4.12,2.1845,554236.95,231715.326
601116.SH,20241212,11.99,13.23,11.74,13.23,12.03,9.9751,453544.71,574029.842
601117.SH,20241212,8.21,8.33,8.15,8.29,8.21,0.9744,528792.12,436928.917
601118.SH,20241212,5.97,6.17,5.95,6.01,5.98,0.5017,486489.41,293321.306
601121.SH,20241212,6.86,6.93,6.83,6.91,6.87,0.5822,88838.85,61224.262
601126.SH,20241212,17.13,17.16,16.86,17.1,17.12,-0.1168,70499.3,119916.987
601127.SH,20241212,132.86,137.42,132.5,136.91,133.72,2.3856,450974.2,6128000.262
601128.SH,20241212,7.63,7.73,7.61,7.73,7.65,1.0458,354743.18,272615.704
601133.SH,20241212,12.43,12.49,12.25,12.47,12.43,0.3218,98159.03,121516.73
601136.SH,20241212,24.2,24.7,24.11,24.42,24.27,0.618,345143.74,840636.426
601137.SH,20241212,18.06,18.18,17.81,18.05,18.09,-0.2211,166249.65,298704.817
601138.SH,20241212,22.37,22.65,22.2,22.34,22.33,0.0448,909888.19,2035384.897
601139.SH,20241212,7.11,7.19,7.03,7.18,7.18,0.0,258941.4,184285.02
601155.SH,20241212,13.48,13.85,13.2,13.79,13.48,2.2997,306334.98,417347.604
601156.SH,20241212,16.51,17.19,16.35,17.09,16.51,3.513,295236.49,497656.246
601158.SH,20241212,5.06,5.13,5.02,5.08,5.05,0.5941,183433.03,93191.817
601162.SH,20241212,5.05,5.18,5.02,5.11,5.07,0.789,4320533.15,2201055.329
601163.SH,20241212,15.69,15.75,15.58,15.74,15.68,0.3827,51372.0,80513.538
601166.SH,20241212,18.56,18.84,18.52,18.75,18.55,1.0782,692184.42,1295469.381
601168.SH,20241212,17.02,17.24,16.93,17.18,17.05,0.7625,322536.77,552511.638
601169.SH,20241212,5.81,5.9,5.81,5.89,5.82,1.2027,1062267.69,623566.411
601177.SH,20241212,9.2,9.21,9.08,9.19,9.18,0.1089,41669.0,38151.422
601179.SH,20241212,7.73,7.74,7.64,7.73,7.73,0.0,429082.35,329953.476
601186.SH,20241212,9.41,9.42,9.31,9.41,9.4,0.1064,575737.05,539108.81
601187.SH,20241212,5.62,5.68,5.53,5.64,5.63,0.1776,347096.67,195740.034
601188.SH,20241212,4.03,4.35,4.03,4.24,4.05,4.6914,807946.23,339322.99
601198.SH,20241212,11.92,12.24,11.8,12.08,11.93,1.2573,712024.74,855762.051
601199.SH,20241212,5.86,5.92,5.81,5.9,5.85,0.8547,99307.14,58323.942
601200.SH,20241212,8.59,8.66,8.49,8.66,8.59,0.8149,131464.28,113076.72
601208.SH,20241212,8.46,8.5,8.33,8.48,8.44,0.4739,129402.8,108969.939
601211.SH,20241212,19.25,19.5,19.13,19.43,19.16,1.4092,543339.1,1049294.154
601212.SH,20241212,3.21,3.25,3.17,3.22,3.2,0.625,657678.1,211249.841
601216.SH,20241212,5.53,6.11,5.34,6.11,5.55,10.0901,2620780.03,1491026.66
601218.SH,20241212,3.7,3.72,3.66,3.7,3.7,0.0,228646.1,84294.082
601222.SH,20241212,7.29,7.31,7.21,7.29,7.27,0.2751,189906.48,138079.859
601225.SH,20241212,25.43,25.43,25.0,25.18,25.25,-0.2772,261749.52,658281.165
601226.SH,20241212,6.66,6.69,6.57,6.66,6.66,0.0,78668.5,52271.391
601228.SH,20241212,3.58,3.61,3.56,3.6,3.58,0.5587,309389.52,111189.935
601229.SH,20241212,8.63,8.76,8.62,8.64,8.67,-0.346,703170.91,609979.368
601231.SH,20241212,14.57,14.59,14.35,14.51,14.54,-0.2063,132563.28,191673.742
601233.SH,20241212,12.43,12.58,12.37,12.45,12.46,-0.0803,227340.63,283528.682
601236.SH,20241212,8.62,8.86,8.59,8.76,8.63,1.5064,297273.46,259120.049
601238.SH,20241212,9.78,10.13,9.77,9.86,9.72,1.4403,849913.41,843176.56
601279.SH,20241212,4.44,4.45,4.36,4.42,4.38,0.9132,135927.0,59864.82
601288.SH,20241212,4.98,5.03,4.94,5.03,4.97,1.2072,4199125.0,2098175.081
601298.SH,20241212,8.56,8.59,8.41,8.46,8.54,-0.9368,279724.31,236999.256
601311.SH,20241212,8.66,8.71,8.57,8.7,8.65,0.578,146214.74,126686.967
601318.SH,20241212,54.96,55.85,54.7,55.58,54.9,1.2386,526335.85,2909611.957
601319.SH,20241212,7.45,7.75,7.42,7.68,7.45,3.0872,1111606.15,846231.677
601326.SH,20241212,3.54,3.56,3.52,3.55,3.55,0.0,234403.5,82971.528
601328.SH,20241212,7.34,7.46,7.31,7.45,7.33,1.6371,1988809.49,1470991.634
601330.SH,20241212,6.7,6.74,6.65,6.74,6.69,0.7474,60148.0,40307.417
601333.SH,20241212,3.57,3.61,3.54,3.6,3.57,0.8403,497485.01,178540.749
601336.SH,20241212,51.4,53.41,50.95,52.49,51.68,1.5673,268922.14,1403837.076
601339.SH,20241212,5.6,5.67,5.59,5.67,5.61,1.0695,183781.06,103665.896
601360.SH,20241212,13.25,13.28,12.56,12.87,13.2,-2.5,3192219.44,4093703.208
601366.SH,20241212,5.76,6.15,5.71,6.07,5.77,5.1993,591488.5,352575.477
601368.SH,20241212,5.27,5.31,5.24,5.29,5.27,0.3795,78214.0,41335.471
601369.SH,20241212,8.95,8.99,8.87,8.92,8.97,-0.5574,81293.01,72504.007
601375.SH,20241212,4.69,4.83,4.65,4.75,4.67,1.7131,1019913.0,482394.626
601377.SH,20241212,6.52,6.68,6.49,6.61,6.53,1.2251,1076542.65,709363.665
601388.SH,20241212,2.98,2.99,2.91,2.99,3.0,-0.3333,615732.17,181999.06
601390.SH,20241212,6.58,6.62,6.51,6.61,6.57,0.6088,771866.25,506647.899
601398.SH,20241212,6.32,6.42,6.31,6.42,6.31,1.7433,2901844.74,1851706.028
601399.SH,20241212,3.48,3.52,3.43,3.49,3.49,0.0,486366.6,168887.902
601456.SH,20241212,12.57,13.77,12.53,13.77,12.52,9.984,1798838.44,2400294.098
601500.SH,20241212,5.2,5.26,5.18,5.26,5.21,0.9597,362604.44,189575.103
601512.SH,20241212,8.23,8.32,8.18,8.3,8.26,0.4843,63073.0,52113.771
601515.SH,20241212,4.25,4.25,4.15,4.19,4.26,-1.6432,213098.76,89233.467
601518.SH,20241212,2.92,3.01,2.9,2.99,2.92,2.3973,400904.11,119130.876
601519.SH,20241212,10.7,11.0,10.3,10.75,10.77,-0.1857,2073274.5,2201764.333
601528.SH,20241212,5.74,5.95,5.73,5.93,5.73,3.4904,374067.39,220108.594
601555.SH,20241212,8.27,8.44,8.23,8.39,8.26,1.5738,599056.85,499305.618
601566.SH,20241212,9.16,9.24,9.03,9.23,9.16,0.7642,52146.37,47726.767
601567.SH,20241212,32.32,32.86,32.16,32.37,32.3,0.2167,48385.41,157411.749
601568.SH,20241212,4.57,4.64,4.51,4.58,4.57,0.2188,338775.4,155869.604
601577.SH,20241212,8.78,8.9,8.76,8.86,8.78,0.9112,233113.13,206330.572
601579.SH,20241212,12.09,12.55,12.09,12.53,12.17,2.9581,153467.0,190362.122
601588.SH,20241212,2.27,2.35,2.22,2.34,2.27,3.0837,1098206.4,252483.082
601595.SH,20241212,28.37,28.61,27.0,27.66,27.85,-0.6822,149506.88,411825.229
601598.SH,20241212,5.33,5.35,5.29,5.34,5.32,0.3759,234900.03,125157.14
601599.SH,20241212,4.26,4.42,4.19,4.32,4.28,0.9346,476407.54,203812.38
601600.SH,20241212,7.8,7.89,7.8,7.85,7.88,-0.3807,1279955.68,1004312.611
601601.SH,20241212,35.2,35.91,34.75,35.59,35.2,1.108,397324.06,1407468.411
601606.SH,20241212,13.61,13.95,13.5,13.64,13.7,-0.438,274513.43,376060.518
601607.SH,20241212,21.8,22.03,21.67,21.97,21.93,0.1824,156817.5,342852.277
601608.SH,20241212,4.64,4.65,4.53,4.55,4.65,-2.1505,552815.98,252592.747
601609.SH,20241212,6.8,6.97,6.63,6.83,7.17,-4.742,806833.07,546294.152
601611.SH,20241212,8.7,8.77,8.62,8.75,8.69,0.6904,147690.0,128607.625
601615.SH,20241212,14.23,14.67,14.18,14.49,14.22,1.8987,284711.27,412928.974
601616.SH,20241212,4.09,4.12,4.04,4.12,4.09,0.7335,151532.0,61928.632
601618.SH,20241212,3.42,3.45,3.4,3.45,3.43,0.5831,872895.78,299418.739
601619.SH,20241212,3.45,3.47,3.4,3.47,3.45,0.5797,267619.0,92166.224
601628.SH,20241212,43.18,44.77,43.02,44.15,43.26,2.0573,163115.72,715035.91
601633.SH,20241212,27.22,27.56,27.03,27.49,27.22,0.9919,226390.37,619009.502
601636.SH,20241212,6.38,6.51,6.28,6.46,6.37,1.4129,491973.91,315537.936
601658.SH,20241212,5.46,5.54,5.45,5.54,5.47,1.2797,1164580.1,641066.851
601665.SH,20241212,5.25,5.37,5.22,5.34,5.24,1.9084,341216.42,181469.9
601666.SH,20241212,10.52,10.59,10.44,10.53,10.51,0.1903,297913.74,314136.725
601668.SH,20241212,6.11,6.15,6.09,6.14,6.11,0.491,1588869.51,972496.139
601669.SH,20241212,5.54,5.57,5.51,5.57,5.54,0.5415,1063680.39,589363.137
601677.SH,20241212,12.69,12.7,12.54,12.68,12.67,0.0789,228982.02,289007.84
601678.SH,20241212,4.21,4.25,4.16,4.25,4.2,1.1905,317716.68,133866.556
601686.SH,20241212,5.93,6.02,5.85,5.98,5.91,1.1844,80758.8,48077.868
601688.SH,20241212,18.45,18.73,18.28,18.61,18.44,0.9219,763167.53,1411714.261
601689.SH,20241212,53.2,53.85,52.07,52.73,52.56,0.3234,207350.56,1095257.369
601696.SH,20241212,11.9,12.24,11.87,12.11,11.9,1.7647,527014.71,633991.687
601698.SH,20241212,22.8,23.75,22.34,23.34,22.92,1.8325,839942.4,1941019.583
601699.SH,20241212,15.63,15.75,15.41,15.47,15.63,-1.0237,271739.16,422492.526
601700.SH,20241212,5.08,5.13,5.02,5.07,5.07,0.0,146872.56,74437.829
601702.SH,20241212,18.46,18.68,18.05,18.38,18.46,-0.4334,129521.95,237194.734
601717.SH,20241212,13.1,13.2,13.02,13.2,13.09,0.8403,223362.84,293689.852
601718.SH,20241212,3.23,3.28,3.19,3.25,3.23,0.6192,827303.06,267669.889
601727.SH,20241212,9.02,9.05,8.82,8.96,9.11,-1.6465,3165529.13,2826601.821
601728.SH,20241212,6.7,6.85,6.69,6.82,6.72,1.4881,1662021.52,1128356.074
601766.SH,20241212,8.38,8.4,8.27,8.35,8.38,-0.358,1017982.34,849571.068
601777.SH,20241212,7.69,7.85,7.53,7.73,7.7,0.3896,612274.02,470717.617
601778.SH,20241212,3.17,3.19,3.13,3.17,3.18,-0.3145,595294.34,188143.357
601788.SH,20241212,20.23,20.66,20.02,20.34,20.24,0.4941,884862.49,1795859.961
601789.SH,20241212,4.95,4.99,4.88,4.98,4.94,0.8097,628111.5,310602.363
601798.SH,20241212,7.01,7.28,6.96,7.16,7.02,1.9943,137618.0,97880.417
601799.SH,20241212,136.23,137.73,134.08,136.18,136.41,-0.1686,10064.3,136526.105
601800.SH,20241212,10.83,10.88,10.68,10.88,10.82,0.5545,470123.34,507483.926
601801.SH,20241212,7.71,7.73,7.47,7.57,7.65,-1.0458,287897.0,218212.736
601808.SH,20241212,15.2,15.2,15.05,15.14,15.13,0.0661,47929.54,72463.75
601811.SH,20241212,15.17,15.21,14.92,15.06,15.2,-0.9211,43459.0,65366.865
601816.SH,20241212,6.23,6.39,6.22,6.37,6.22,2.4116,2872581.07,1823464.521
601818.SH,20241212,3.7,3.78,3.69,3.78,3.69,2.439,1956995.05,733550.424
601825.SH,20241212,8.12,8.33,8.1,8.23,8.13,1.23,724506.51,597623.126
601827.SH,20241212,8.76,9.02,8.7,8.99,8.74,2.8604,143289.82,127085.89
601828.SH,20241212,4.05,4.33,3.98,4.26,4.06,4.9261,1354031.3,564508.787
601838.SH,20241212,16.03,16.31,16.01,16.22,16.05,1.0592,363846.71,588363.868
601857.SH,20241212,8.46,8.54,8.42,8.45,8.45,0.0,1392177.88,1178253.733
601858.SH,20241212,24.54,24.64,24.0,24.4,24.52,-0.4894,114438.0,278292.41
601860.SH,20241212,3.0,3.04,2.98,3.03,3.0,1.0,801345.97,241578.343
601865.SH,20241212,23.89,24.24,23.44,23.96,24.07,-0.457,125117.71,298112.284
601866.SH,20241212,2.76,2.77,2.72,2.75,2.75,0.0,924244.0,253677.232
601868.SH,20241212,2.41,2.42,2.39,2.41,2.4,0.4167,3157223.03,759080.89
601869.SH,20241212,28.31,28.4,28.04,28.35,28.29,0.2121,21245.0,59985.545
601872.SH,20241212,6.47,6.49,6.43,6.48,6.48,0.0,397595.47,257117.082
601877.SH,20241212,22.55,23.08,22.37,23.04,22.54,2.2183,197161.07,449282.652
601878.SH,20241212,12.82,13.1,12.76,12.98,12.82,1.248,1067399.54,1378366.108
601880.SH,20241212,1.78,1.79,1.74,1.76,1.79,-1.676,2526572.65,445455.114
601881.SH,20241212,15.85,16.21,15.74,15.97,15.84,0.8207,515238.85,820933.12
601882.SH,20241212,22.93,22.95,22.5,22.69,22.95,-1.1329,36651.08,83124.77
601886.SH,20241212,5.88,5.96,5.8,5.95,5.86,1.5358,111624.02,65882.074
601888.SH,20241212,71.55,74.17,71.28,73.81,71.85,2.7279,387375.28,2827569.169
601890.SH,20241212,8.8,8.88,8.64,8.72,8.81,-1.0216,347134.1,302876.293
601898.SH,20241212,13.15,13.22,13.05,13.1,13.16,-0.4559,202724.6,265892.72
601899.SH,20241212,16.12,16.28,16.09,16.24,16.12,0.7444,1005044.77,1628318.303
601900.SH,20241212,15.68,15.68,15.0,15.33,15.54,-1.3514,216301.2,330463.132
601901.SH,20241212,8.86,9.05,8.82,8.99,8.88,1.2387,893375.81,798139.902
601908.SH,20241212,3.49,3.51,3.39,3.45,3.47,-0.5764,519216.1,178162.956
601916.SH,20241212,2.97,3.01,2.97,3.0,2.97,1.0101,1483090.16,444165.674
601918.SH,20241212,8.03,8.05,7.87,7.88,8.05,-2.1118,386746.27,306170.707
601919.SH,20241212,14.17,14.65,14.16,14.51,14.22,2.0394,1410652.3,2043771.249
601921.SH,20241212,8.6,8.67,8.37,8.49,8.61,-1.3937,295926.0,250974.58
601928.SH,20241212,11.4,11.4,11.01,11.12,11.33,-1.8535,317826.53,353236.294
601929.SH,20241212,2.58,2.68,2.45,2.54,2.57,-1.1673,6557665.98,1669480.237
601933.SH,20241212,6.11,6.94,6.1,6.94,6.31,9.9842,11459897.86,7738764.842
601939.SH,20241212,8.22,8.34,8.18,8.31,8.21,1.218,1088774.79,900918.867
601949.SH,20241212,8.56,8.63,8.32,8.45,8.61,-1.8583,415321.27,350500.665
601952.SH,20241212,10.22,10.38,10.16,10.37,10.23,1.3685,146852.78,151314.324
601956.SH,20241212,5.54,5.74,5.54,5.67,5.56,1.9784,173663.2,98362.543
601958.SH,20241212,10.82,10.88,10.75,10.86,10.82,0.3697,148087.05,160356.806
601963.SH,20241212,9.4,9.65,9.36,9.56,9.39,1.8104,266790.65,254578.115
601965.SH,20241212,19.11,19.13,18.75,18.91,19.1,-0.9948,57240.2,108084.904
601966.SH,20241212,19.2,19.3,19.03,19.23,19.15,0.4178,126193.55,242018.932
601968.SH,20241212,5.58,5.62,5.51,5.59,5.57,0.3591,104085.43,58052.472
601969.SH,20241212,7.57,7.66,7.48,7.59,7.58,0.1319,194072.6,147166.769
601975.SH,20241212,3.26,3.28,3.24,3.27,3.25,0.6154,840255.12,274113.363
601985.SH,20241212,9.84,9.86,9.71,9.8,9.87,-0.7092,1159377.1,1134372.455
601988.SH,20241212,5.14,5.21,5.12,5.2,5.13,1.3645,1843780.62,955408.134
601989.SH,20241212,4.86,4.88,4.84,4.88,4.86,0.4115,850410.46,413556.046
601990.SH,20241212,9.06,9.25,9.01,9.17,9.07,1.1025,415064.34,379467.651
601991.SH,20241212,2.95,2.96,2.92,2.96,2.96,0.0,984539.5,289921.203
601992.SH,20241212,2.15,2.17,2.1,2.13,2.15,-0.9302,1288145.19,274381.585
601995.SH,20241212,36.76,37.37,36.32,36.92,36.69,0.6269,246280.37,905576.842
601996.SH,20241212,2.71,2.77,2.64,2.76,2.71,1.845,619423.13,168860.977
601997.SH,20241212,6.11,6.18,6.1,6.16,6.12,0.6536,534945.54,328733.926
601998.SH,20241212,6.9,6.96,6.88,6.93,6.94,-0.1441,1360353.59,942612.1
601999.SH,20241212,7.53,7.66,7.38,7.6,7.53,0.9296,144775.1,108886.278
603000.SH,20241212,25.47,26.1,25.09,25.89,25.59,1.1723,466476.48,1193220.697
603001.SH,20241212,6.62,6.77,6.5,6.64,6.74,-1.4837,135271.0,89762.826
603002.SH,20241212,6.3,6.42,6.25,6.36,6.35,0.1575,599882.27,379856.328
603003.SH,20241212,6.26,6.36,6.06,6.12,6.22,-1.6077,89994.0,55689.158
603004.SH,20241212,23.02,23.45,22.6,23.3,23.13,0.735,87914.1,202584.876
603005.SH,20241212,27.8,28.0,27.3,27.89,27.9,-0.0358,327355.14,905299.956
603006.SH,20241212,12.05,12.24,11.87,12.15,11.99,1.3344,55396.0,66820.903
603007.SH,20241212,14.5,14.8,14.24,14.44,14.24,1.4045,78723.88,114127.392
603008.SH,20241212,18.83,19.68,18.52,19.55,18.82,3.8789,85578.4,164740.244
603009.SH,20241212,42.12,42.12,39.63,39.91,43.01,-7.2076,311098.21,1256660.899
603010.SH,20241212,10.8,10.85,10.61,10.77,10.76,0.0929,34606.0,37065.391
603011.SH,20241212,8.41,8.43,8.21,8.31,8.42,-1.3064,216093.0,179190.684
603012.SH,20241212,5.75,5.83,5.65,5.83,5.73,1.7452,178532.34,102699.354
603013.SH,20241212,15.88,15.95,15.68,15.94,15.88,0.3778,40490.0,64125.413
603015.SH,20241212,12.06,12.9,11.51,12.78,12.33,3.6496,634595.37,770636.097
603016.SH,20241212,33.63,34.32,33.4,33.74,33.86,-0.3544,26451.0,89525.468
603017.SH,20241212,9.46,9.68,9.41,9.64,9.48,1.6878,74192.0,70987.802
603018.SH,20241212,9.24,9.75,9.15,9.65,9.22,4.6638,400923.7,380692.186
603019.SH,20241212,73.95,75.79,72.5,74.79,73.72,1.4514,717015.81,5312110.987
603020.SH,20241212,8.6,8.75,8.48,8.71,8.63,0.927,114252.37,98482.047
603021.SH,20241212,6.25,6.35,6.16,6.31,6.27,0.638,207489.6,129973.571
603022.SH,20241212,8.55,8.82,8.51,8.7,8.51,2.2327,42247.2,36596.682
603023.SH,20241212,2.98,3.04,2.95,3.01,2.97,1.3468,81312.52,24262.354
603025.SH,20241212,16.59,16.85,16.2,16.4,16.43,-0.1826,174078.87,286431.7
603026.SH,20241212,40.35,40.44,39.21,39.73,40.32,-1.4633,46004.98,182424.813
603027.SH,20241212,13.28,13.67,13.15,13.62,13.33,2.1755,343383.29,461486.218
603028.SH,20241212,7.51,7.68,7.4,7.6,7.53,0.9296,97869.6,73865.788
603029.SH,20241212,18.41,20.01,18.33,19.7,18.59,5.971,148504.7,285115.808
603030.SH,20241212,3.6,3.69,3.45,3.51,3.73,-5.8981,895851.46,317392.841
603031.SH,20241212,28.8,28.94,28.34,28.73,28.75,-0.0696,26704.04,76124.983
603032.SH,20241212,16.57,17.39,16.48,17.06,16.58,2.8951,112809.4,191996.383
603033.SH,20241212,13.79,13.79,13.2,13.31,13.53,-1.626,63775.64,85594.35
603035.SH,20241212,14.83,14.98,14.79,14.97,14.83,0.944,83725.83,124825.342
603036.SH,20241212,18.45,19.34,17.45,17.51,18.54,-5.5556,191441.73,349377.452
603037.SH,20241212,16.05,16.15,15.67,15.92,16.05,-0.81,77128.26,122362.22
603038.SH,20241212,19.74,19.85,19.41,19.71,19.64,0.3564,75084.74,147373.429
603039.SH,20241212,53.0,53.17,50.71,51.34,52.78,-2.7283,38554.0,198722.287
603040.SH,20241212,25.5,25.58,24.86,25.32,25.6,-1.0938,38089.31,95738.051
603041.SH,20241212,11.85,11.94,11.76,11.91,11.82,0.7614,24271.2,28774.468
603042.SH,20241212,13.95,14.87,13.76,14.27,13.84,3.1069,184972.35,263420.829
603043.SH,20241212,17.88,18.34,17.75,18.19,17.89,1.6769,209770.24,380299.348
603045.SH,20241212,13.98,14.02,13.81,14.02,13.89,0.9359,40573.0,56565.978
603048.SH,20241212,15.35,15.54,15.22,15.45,15.34,0.7171,17419.45,26823.242
603050.SH,20241212,22.05,22.05,21.69,21.89,21.95,-0.2733,17164.27,37494.731
603051.SH,20241212,28.22,28.49,27.99,28.47,28.12,1.2447,32209.2,91000.656
603052.SH,20241212,39.36,39.8,38.68,39.26,39.14,0.3066,11211.14,43879.354
603053.SH,20241212,10.03,10.16,10.01,10.15,10.06,0.8946,46790.76,47298.202
603055.SH,20241212,12.01,12.2,11.93,12.2,11.99,1.7515,42696.4,51703.617
603056.SH,20241212,14.62,14.86,14.46,14.86,14.62,1.6416,104106.0,152678.002
603057.SH,20241212,18.4,19.89,18.26,19.66,18.46,6.5005,108000.88,206592.127
603058.SH,20241212,11.45,11.58,11.32,11.5,11.37,1.1434,64882.0,74267.888
603059.SH,20241212,23.92,24.72,23.92,24.55,23.93,2.5909,12168.0,29628.853
603060.SH,20241212,8.18,8.96,8.09,8.61,8.15,5.6442,287190.55,244447.669
603061.SH,20241212,80.4,80.4,78.52,79.25,80.4,-1.4303,6303.0,49874.696
603062.SH,20241212,39.41,39.58,39.1,39.3,39.39,-0.2285,6261.21,24645.913
603063.SH,20241212,19.86,20.1,19.56,19.79,19.93,-0.7025,103398.99,204733.826
603065.SH,20241212,8.75,8.76,8.66,8.74,8.71,0.3444,46113.1,40236.759
603066.SH,20241212,12.41,12.73,12.36,12.66,12.55,0.8765,170637.0,214479.191
603067.SH,20241212,13.9,14.41,13.85,14.16,13.86,2.1645,138028.12,195599.588
603068.SH,20241212,33.18,34.57,32.39,32.63,32.51,0.3691,215475.16,717063.634
603069.SH,20241212,21.0,21.42,20.83,21.14,21.14,0.0,108221.0,228402.853
603070.SH,20241212,13.79,13.92,13.46,13.72,13.98,-1.8598,86903.19,118462.921
603071.SH,20241212,12.87,12.94,12.79,12.92,12.87,0.3885,35145.88,45294.752
603073.SH,20241212,16.59,16.59,16.31,16.49,16.33,0.9798,21212.12,34836.349
603075.SH,20241212,20.35,20.46,20.26,20.39,20.31,0.3939,19126.44,38964.699
603076.SH,20241212,27.17,29.48,26.95,26.95,27.3,-1.2821,88592.98,247105.134
603077.SH,20241212,2.35,2.36,2.29,2.32,2.35,-1.2766,2413500.5,558812.996
603078.SH,20241212,18.9,19.19,18.71,18.92,18.9,0.1058,197325.98,373770.185
603079.SH,20241212,17.17,17.79,16.85,17.47,17.03,2.5837,185418.34,321905.966
603080.SH,20241212,17.5,17.87,17.47,17.83,17.54,1.6534,42433.6,75372.441
603081.SH,20241212,11.82,12.06,11.68,11.85,11.88,-0.2525,71608.07,84687.173
603082.SH,20241212,38.2,38.62,37.51,38.12,38.68,-1.4478,34647.09,132028.814
603083.SH,20241212,43.25,44.29,43.21,43.85,43.44,0.9438,202928.15,888823.441
603085.SH,20241212,10.82,10.85,10.52,10.79,10.78,0.0928,146699.6,156946.907
603086.SH,20241212,5.04,5.17,5.02,5.15,5.04,2.1825,80962.7,41339.819
603087.SH,20241212,45.85,46.15,45.53,46.03,45.79,0.5241,64108.01,294274.087
603088.SH,20241212,12.5,12.99,12.18,12.18,13.53,-9.9778,860618.41,1058520.705
603089.SH,20241212,9.72,10.15,9.64,9.89,9.66,2.381,72487.39,71658.72
603090.SH,20241212,19.9,20.55,19.8,20.41,19.91,2.5113,23736.89,47975.443
603091.SH,20241212,44.18,45.24,43.85,45.23,44.22,2.284,22521.51,100607.802
603093.SH,20241212,12.55,13.2,12.52,13.02,12.57,3.58,124218.49,161065.934
603095.SH,20241212,24.41,24.56,24.02,24.35,24.38,-0.1231,20444.28,49598.261
603096.SH,20241212,21.14,21.8,21.0,21.31,21.16,0.7089,66946.29,142155.93
603097.SH,20241212,23.22,23.32,23.04,23.25,23.22,0.1292,25926.0,60094.068
603098.SH,20241212,11.1,11.63,11.03,11.51,11.12,3.5072,154550.43,176181.161
603099.SH,20241212,47.26,51.04,46.66,50.14,47.03,6.6128,256812.9,1263540.954
603100.SH,20241212,22.33,22.4,21.74,21.84,22.33,-2.1944,69611.2,152333.644
603101.SH,20241212,9.14,10.07,9.12,10.07,9.15,10.0546,240693.0,236084.097
603102.SH,20241212,38.1,39.58,38.1,39.42,38.36,2.7633,13520.0,52782.062
603103.SH,20241212,16.16,16.55,16.0,16.4,16.23,1.0474,59016.87,95992.21
603105.SH,20241212,9.24,9.28,9.16,9.26,9.24,0.2165,91444.0,84433.245
603106.SH,20241212,9.8,10.07,9.71,10.04,9.85,1.9289,224055.99,221700.447
603107.SH,20241212,17.45,17.63,17.34,17.51,17.58,-0.3982,67253.7,117520.191
603108.SH,20241212,20.55,20.59,19.63,19.79,20.6,-3.932,386713.53,769049.311
603109.SH,20241212,16.45,16.48,16.26,16.47,16.34,0.7956,24063.45,39480.828
603110.SH,20241212,16.76,16.88,16.42,16.71,16.76,-0.2983,94955.92,157608.803
603111.SH,20241212,6.48,6.49,6.4,6.48,6.47,0.1546,86009.19,55468.222
603112.SH,20241212,13.86,13.87,13.66,13.74,13.88,-1.0086,37880.0,51977.135
603113.SH,20241212,6.39,6.41,6.28,6.39,6.36,0.4717,81115.88,51593.544
603115.SH,20241212,14.05,14.05,13.79,13.96,13.95,0.0717,15610.0,21684.104
603116.SH,20241212,8.62,9.09,8.61,8.84,8.58,3.0303,381731.24,337992.179
603117.SH,20241212,7.38,7.5,7.22,7.35,7.46,-1.4745,172203.6,126219.279
603118.SH,20241212,8.71,8.79,8.6,8.75,8.69,0.6904,175280.01,152387.878
603119.SH,20241212,22.4,23.88,22.34,22.78,22.61,0.7519,97793.98,225747.565
603121.SH,20241212,10.79,11.25,10.69,10.99,10.89,0.9183,395478.97,436428.734
603122.SH,20241212,7.95,8.27,7.91,8.24,8.0,3.0,271424.91,222014.955
603123.SH,20241212,9.38,10.31,9.37,10.31,9.37,10.032,410713.5,413822.793
603125.SH,20241212,20.2,20.31,20.0,20.28,20.24,0.1976,23057.74,46487.849
603126.SH,20241212,6.44,6.47,6.33,6.45,6.44,0.1553,117258.15,75093.075
603127.SH,20241212,18.28,18.47,18.08,18.44,18.36,0.4357,113060.47,207109.715
603128.SH,20241212,6.6,6.67,6.52,6.67,6.59,1.214,257539.3,170307.478
603129.SH,20241212,147.66,147.99,144.58,146.03,147.66,-1.1039,20408.58,297299.677
603130.SH,20241212,22.48,22.58,22.1,22.51,22.49,0.0889,14908.04,33416.912
603131.SH,20241212,20.0,22.13,19.91,21.26,20.12,5.666,339732.96,712159.155
603132.SH,20241212,12.04,12.16,12.0,12.15,12.04,0.9136,29810.0,36077.861
603135.SH,20241212,9.9,10.06,9.89,10.0,9.98,0.2004,52969.28,52745.788
603136.SH,20241212,12.13,12.47,12.1,12.4,12.15,2.0576,106549.6,131515.262
603137.SH,20241212,12.38,12.78,12.07,12.75,12.47,2.2454,75154.22,93776.695
603138.SH,20241212,17.11,17.23,16.79,17.09,17.0,0.5294,67421.78,114680.272
603139.SH,20241212,16.75,16.99,16.43,16.99,16.58,2.4729,21433.0,36092.195
603150.SH,20241212,28.97,28.98,28.69,28.96,28.78,0.6254,9015.0,25998.658
603151.SH,20241212,11.8,12.13,11.62,12.09,11.8,2.4576,26148.12,31172.047
603153.SH,20241212,20.1,20.19,19.8,20.17,20.19,-0.0991,78021.69,156049.47
603155.SH,20241212,14.08,14.23,13.91,14.16,14.11,0.3544,28776.84,40466.792
603156.SH,20241212,22.56,23.66,22.21,23.47,22.35,5.0112,107207.53,247414.767
603158.SH,20241212,8.45,8.74,8.42,8.69,8.42,3.2067,253847.72,218448.621
603159.SH,20241212,16.97,17.35,16.49,17.06,17.0,0.3529,43693.0,73860.379
603160.SH,20241212,87.75,88.28,85.7,86.7,88.57,-2.1113,122135.93,1059101.764
603161.SH,20241212,11.46,11.85,11.44,11.81,11.49,2.785,87947.98,103109.194
603162.SH,20241212,9.73,9.76,9.61,9.75,9.69,0.6192,39601.98,38470.348
603163.SH,20241212,26.48,26.72,26.26,26.64,26.45,0.7183,9157.25,24268.449
603165.SH,20241212,12.89,12.95,12.73,12.89,12.8,0.7031,44916.5,57719.63
603166.SH,20241212,8.32,8.32,7.82,7.97,8.36,-4.6651,489066.58,391817.152
603167.SH,20241212,8.94,9.08,8.88,9.07,8.9,1.9101,114747.98,103500.905
603168.SH,20241212,8.33,8.47,8.27,8.45,8.32,1.5625,99878.78,83840.521
603169.SH,20241212,6.02,6.03,5.88,5.93,6.01,-1.3311,186502.73,110691.881
603170.SH,20241212,16.33,17.34,16.16,17.04,16.49,3.3354,99312.78,167171.727
603171.SH,20241212,34.54,35.37,34.24,34.97,35.0,-0.0857,62432.02,217391.648
603172.SH,20241212,15.35,15.44,15.21,15.39,15.23,1.0506,24887.0,38186.798
603173.SH,20241212,25.39,25.39,24.95,25.26,25.23,0.1189,13481.0,33964.475
603176.SH,20241212,5.42,5.59,5.38,5.58,5.42,2.952,81774.21,44988.262
603177.SH,20241212,8.84,9.01,8.69,9.0,8.81,2.1566,42628.32,37998.216
603178.SH,20241212,21.9,22.22,21.51,21.82,21.88,-0.2742,58192.0,126563.992
603179.SH,20241212,45.97,46.9,45.97,46.85,46.2,1.4069,44028.49,205047.843
603180.SH,20241212,21.65,23.82,21.38,23.82,21.65,10.0231,87541.34,204803.422
603181.SH,20241212,12.39,12.42,12.03,12.18,12.39,-1.6949,40275.81,49023.963
603182.SH,20241212,13.25,13.5,12.95,13.38,13.3,0.6015,46858.05,61997.498
603183.SH,20241212,4.4,4.7,4.32,4.64,4.36,6.422,464617.03,211926.288
603185.SH,20241212,19.0,19.35,18.84,19.12,18.98,0.7376,171105.62,327062.346
603186.SH,20241212,28.01,28.12,27.56,27.9,28.06,-0.5702,28854.0,80366.498
603187.SH,20241212,11.74,11.85,11.72,11.85,11.77,0.6797,55135.28,65059.174
603188.SH,20241212,4.28,4.51,4.28,4.43,4.3,3.0233,214652.15,94494.679
603189.SH,20241212,19.2,19.75,18.97,19.15,19.29,-0.7258,204735.01,394637.652
603190.SH,20241212,24.32,24.98,24.3,24.75,24.39,1.476,34542.18,85497.778
603191.SH,20241212,13.31,13.42,13.2,13.31,13.35,-0.2996,82818.0,110060.105
603192.SH,20241212,16.78,16.99,16.72,16.96,16.85,0.6528,12493.2,21069.407
603193.SH,20241212,23.7,24.8,23.48,24.7,23.7,4.2194,44359.11,107921.787
603195.SH,20241212,75.02,75.96,74.68,75.65,74.95,0.934,23070.21,174033.44
603196.SH,20241212,16.66,17.3,16.12,17.05,16.97,0.4714,108265.84,179733.988
603197.SH,20241212,40.85,41.43,40.18,40.82,41.04,-0.5361,29926.0,121968.895
603198.SH,20241212,64.2,65.56,63.64,65.2,64.19,1.5735,66547.95,431312.72
603199.SH,20241212,35.17,36.6,35.0,35.9,35.31,1.6709,60622.13,216446.839
603200.SH,20241212,25.19,25.19,24.57,24.96,25.25,-1.1485,53394.17,132749.798
603201.SH,20241212,18.94,19.27,18.91,19.07,18.97,0.5271,25034.52,47711.26
603203.SH,20241212,26.2,26.28,25.8,26.08,26.09,-0.0383,27468.36,71335.761
603205.SH,20241212,44.1,44.45,43.88,44.45,44.07,0.8623,19663.5,86898.741
603206.SH,20241212,17.43,17.63,17.24,17.54,17.35,1.0951,65301.63,114067.889
603207.SH,20241212,26.61,29.24,26.53,28.01,26.68,4.985,79572.32,221564.24
603208.SH,20241212,20.29,21.22,20.14,20.85,20.27,2.8614,39614.41,82484.079
603209.SH,20241212,16.89,17.06,16.76,16.81,16.92,-0.6501,16655.4,28085.366
603211.SH,20241212,17.75,17.75,17.26,17.57,17.92,-1.9531,89374.46,156413.721
603212.SH,20241212,12.16,12.2,12.06,12.19,12.19,0.0,86765.0,105410.82
603213.SH,20241212,9.9,10.03,9.85,10.03,9.92,1.1089,60416.23,60192.633
603214.SH,20241212,19.13,20.6,19.0,20.3,19.39,4.6931,153934.8,303497.974
603215.SH,20241212,15.95,16.18,15.8,16.09,15.95,0.8777,33964.0,54387.107
603216.SH,20241212,11.29,12.29,11.12,12.29,11.17,10.0269,45074.96,53833.962
603217.SH,20241212,18.44,18.5,18.15,18.41,18.45,-0.2168,16927.84,31033.436
603218.SH,20241212,13.44,14.44,13.43,14.1,13.49,4.5219,352184.26,497546.806
603219.SH,20241212,14.52,14.52,14.21,14.4,14.58,-1.2346,77075.4,110752.264
603220.SH,20241212,22.8,22.91,22.41,22.74,22.84,-0.4378,152410.9,345099.726
603221.SH,20241212,10.3,11.39,10.3,11.39,10.35,10.0483,120642.31,131310.803
603222.SH,20241212,7.84,8.11,7.77,8.07,7.84,2.9337,177253.6,142100.723
603223.SH,20241212,9.52,10.09,9.49,10.04,9.56,5.0209,177208.43,174894.21
603225.SH,20241212,11.31,11.36,11.09,11.34,11.3,0.354,212478.97,239342.576
603226.SH,20241212,5.37,5.91,5.3,5.91,5.37,10.0559,132370.76,74995.556
603227.SH,20241212,9.28,9.52,9.25,9.48,9.27,2.2654,141053.54,132932.205
603228.SH,20241212,25.62,25.71,25.3,25.53,25.6,-0.2734,82659.0,210754.218
603229.SH,20241212,8.65,8.95,8.57,8.85,8.65,2.3121,117559.45,103163.486
603230.SH,20241212,14.28,14.3,13.76,13.93,14.11,-1.2757,74778.37,104237.721
603231.SH,20241212,17.52,18.15,17.38,18.15,17.46,3.9519,78277.07,139923.908
603232.SH,20241212,16.05,16.6,15.53,15.59,16.01,-2.6234,498890.54,795665.863
603233.SH,20241212,15.75,16.65,15.53,16.49,15.67,5.2329,215384.82,348142.54
603235.SH,20241212,26.88,27.13,26.73,27.05,26.88,0.6324,13636.0,36790.626
603236.SH,20241212,70.0,70.0,60.68,65.85,65.29,0.8577,635268.78,4131852.577
603237.SH,20241212,20.03,20.9,19.83,20.76,20.19,2.8232,100647.94,205661.657
603238.SH,20241212,12.71,13.2,12.71,13.04,12.9,1.0853,90898.55,118201.605
603239.SH,20241212,14.95,15.19,14.75,14.82,15.01,-1.2658,53456.0,79726.765
603255.SH,20241212,34.38,34.51,33.18,33.25,34.3,-3.0612,13452.0,45279.902
603256.SH,20241212,10.01,11.07,9.92,11.07,10.06,10.0398,285675.97,307044.409
603258.SH,20241212,22.77,23.02,22.46,22.9,22.69,0.9255,45880.0,104564.158
603259.SH,20241212,57.3,57.55,56.35,57.09,57.69,-1.04,482255.97,2746039.312
603260.SH,20241212,60.56,61.14,59.92,60.44,60.5,-0.0992,25607.61,154894.204
603261.SH,20241212,32.43,33.19,32.24,32.65,32.41,0.7405,15518.0,50656.13
603266.SH,20241212,18.95,19.35,18.8,19.05,18.96,0.4747,43900.02,83671.939
603267.SH,20241212,42.64,43.8,42.41,43.22,42.64,1.3602,49576.12,213517.246
603268.SH,20241212,40.39,43.24,40.39,42.23,40.37,4.6074,69749.12,293390.669
603269.SH,20241212,10.45,10.85,10.26,10.68,10.51,1.6175,202542.9,214556.104
603270.SH,20241212,23.55,23.68,22.95,23.18,23.41,-0.9825,92020.59,213154.434
603272.SH,20241212,17.25,17.5,16.68,17.31,17.29,0.1157,27498.73,47226.44
603273.SH,20241212,19.38,19.39,19.05,19.28,19.38,-0.516,32570.21,62617.476
603275.SH,20241212,38.71,39.7,38.28,39.33,39.12,0.5368,29484.69,115141.312
603276.SH,20241212,15.15,15.3,14.89,15.06,14.88,1.2097,53431.16,80612.177
603277.SH,20241212,24.12,24.67,24.0,24.45,24.16,1.2003,13398.0,32660.861
603278.SH,20241212,9.56,9.79,9.33,9.78,9.51,2.8391,497600.13,477940.956
603279.SH,20241212,18.78,19.11,18.62,19.08,18.77,1.6516,40985.42,77302.33
603280.SH,20241212,22.65,23.28,22.58,22.85,22.8,0.2193,36443.93,83249.991
603281.SH,20241212,26.55,26.68,26.34,26.53,26.54,-0.0377,20894.56,55340.819
603282.SH,20241212,16.86,17.06,16.78,17.06,16.82,1.4269,10641.3,18014.36
603283.SH,20241212,73.6,74.68,72.81,73.86,73.83,0.0406,49316.69,363065.618
603285.SH,20241212,23.48,23.61,23.23,23.61,23.48,0.5537,22458.98,52630.99
603286.SH,20241212,21.2,21.8,20.94,21.01,21.07,-0.2848,122336.0,260894.663
603288.SH,20241212,47.5,48.6,47.37,48.43,47.85,1.2121,158200.17,760750.88
603289.SH,20241212,9.46,9.85,9.46,9.59,9.51,0.8412,71871.0,68965.531
603290.SH,20241212,98.15,98.15,96.19,97.4,98.29,-0.9055,48688.56,471792.378
603291.SH,20241212,11.5,11.55,11.38,11.52,11.55,-0.2597,29399.73,33725.843
603296.SH,20241212,62.0,62.8,61.13,62.15,61.89,0.4201,67789.84,420069.125
603297.SH,20241212,98.01,100.39,95.58,97.72,98.95,-1.2431,24204.6,235801.057
603298.SH,20241212,18.24,18.34,18.06,18.28,18.17,0.6054,62551.32,114071.139
603299.SH,20241212,11.28,11.4,11.15,11.38,11.27,0.976,109502.6,123977.51
603300.SH,20241212,5.95,6.13,5.88,6.07,5.95,2.0168,858810.99,518102.268
603301.SH,20241212,23.56,23.98,23.43,23.91,23.56,1.4856,18898.61,45044.093
603303.SH,20241212,12.8,12.98,12.69,12.9,12.79,0.86,23414.6,30041.699
603305.SH,20241212,16.25,17.5,16.25,16.63,16.03,3.743,492471.21,827865.692
603306.SH,20241212,30.36,30.88,29.72,30.69,30.45,0.7882,111325.34,336369.304
603307.SH,20241212,36.69,37.58,36.4,37.55,36.68,2.3719,19944.12,74194.769
603308.SH,20241212,13.98,14.03,13.76,13.92,13.95,-0.2151,50975.8,70827.996
603309.SH,20241212,13.15,13.16,12.93,13.12,13.12,0.0,54678.19,71245.523
603310.SH,20241212,19.06,19.1,18.84,19.0,19.0,0.0,31933.32,60540.017
603311.SH,20241212,12.49,13.0,12.41,12.82,12.51,2.478,58006.92,73475.123
603312.SH,20241212,33.27,33.42,33.12,33.41,33.26,0.451,9668.74,32191.29
603313.SH,20241212,7.8,8.19,7.74,8.05,7.86,2.4173,252918.78,203690.988
603315.SH,20241212,10.83,10.93,10.7,10.89,10.78,1.0204,38734.0,41936.196
603316.SH,20241212,5.88,5.98,5.86,5.98,5.9,1.3559,72874.0,43238.43
603317.SH,20241212,14.47,15.38,14.36,15.34,14.6,5.0685,209319.58,312959.405
603318.SH,20241212,8.25,8.33,8.18,8.3,8.26,0.4843,219276.12,181356.327
603319.SH,20241212,25.81,27.15,25.5,26.86,25.49,5.3747,115247.65,303289.343
603320.SH,20241212,15.7,15.98,15.66,15.97,15.72,1.5903,31152.2,49369.24
603321.SH,20241212,7.76,7.87,7.71,7.85,7.75,1.2903,30953.0,24119.65
603322.SH,20241212,36.68,36.98,35.46,36.45,36.67,-0.5999,70074.64,252964.043
603323.SH,20241212,5.3,5.4,5.28,5.39,5.3,1.6981,471812.69,252313.837
603324.SH,20241212,28.76,28.76,28.32,28.62,28.67,-0.1744,29842.0,85014.561
603325.SH,20241212,81.6,82.38,81.25,81.68,81.59,0.1103,2139.11,17502.952
603326.SH,20241212,6.92,7.65,6.89,7.65,6.95,10.0719,209780.5,152848.645
603327.SH,20241212,13.84,14.5,13.83,14.08,13.83,1.8077,180857.82,255556.314
603328.SH,20241212,9.55,9.79,9.52,9.77,9.56,2.1967,209019.2,202234.091
603329.SH,20241212,14.17,14.79,14.06,14.61,14.17,3.1052,74855.93,108091.013
603330.SH,20241212,7.96,8.22,7.63,8.18,7.96,2.7638,257556.22,204316.617
603331.SH,20241212,10.19,10.4,10.13,10.38,10.19,1.8646,62777.1,64547.026
603332.SH,20241212,10.56,10.85,10.4,10.8,10.56,2.2727,151439.18,161806.145
603333.SH,20241212,4.91,5.08,4.87,5.03,4.91,2.444,333526.31,166524.186
603335.SH,20241212,5.68,5.69,5.56,5.6,5.7,-1.7544,159621.49,89413.888
603336.SH,20241212,5.25,5.59,5.22,5.51,5.25,4.9524,483454.38,263396.934
603337.SH,20241212,29.45,29.51,28.87,28.99,29.54,-1.8619,44153.48,128687.498
603338.SH,20241212,63.1,63.65,62.8,63.64,63.38,0.4102,45406.18,287345.471
603339.SH,20241212,12.86,13.25,12.82,13.14,12.86,2.1773,60086.88,78534.019
603341.SH,20241212,50.3,51.5,48.48,48.91,49.65,-1.4904,42588.76,209861.177
603344.SH,20241212,25.5,25.85,25.06,25.41,25.51,-0.392,68946.31,175108.981
603345.SH,20241212,89.44,96.4,88.51,94.31,89.53,5.339,123724.75,1142172.582
603348.SH,20241212,27.51,27.79,26.89,27.33,27.51,-0.6543,65084.81,177423.255
603350.SH,20241212,36.88,37.89,36.68,37.26,37.13,0.3501,31343.45,116779.208
603351.SH,20241212,24.45,24.87,24.32,24.81,24.46,1.4309,11492.0,28295.533
603353.SH,20241212,16.28,16.76,16.14,16.57,16.3,1.6564,89116.8,147136.095
603355.SH,20241212,23.56,23.6,23.2,23.5,23.47,0.1278,21352.7,50051.572
603356.SH,20241212,17.4,19.11,17.0,17.15,17.77,-3.489,372534.12,670288.657
603357.SH,20241212,10.03,10.14,9.93,10.14,9.96,1.8072,176611.98,177422.289
603358.SH,20241212,35.13,35.22,34.8,34.99,35.02,-0.0857,30996.07,108457.809
603359.SH,20241212,5.68,5.81,5.58,5.81,5.66,2.6502,208546.4,119266.343
603360.SH,20241212,22.3,22.98,22.01,22.18,22.3,-0.5381,100903.58,226914.539
603363.SH,20241212,3.86,3.88,3.76,3.84,3.88,-1.0309,213849.51,81541.145
603365.SH,20241212,16.3,18.04,16.14,18.04,16.4,10.0,59743.29,104252.594
603366.SH,20241212,15.51,15.98,15.02,15.82,15.6,1.4103,921252.91,1433345.849
603367.SH,20241212,14.55,14.77,14.49,14.77,14.55,1.512,42471.0,62382.71
603368.SH,20241212,18.89,19.22,18.76,19.2,18.89,1.6411,113962.3,217692.56
603369.SH,20241212,50.35,51.19,49.8,50.85,50.41,0.8728,115038.93,581826.876
603373.SH,20241212,33.16,33.16,32.46,32.96,32.96,0.0,15971.42,52513.971
603375.SH,20241212,45.45,46.18,44.76,45.71,45.5,0.4615,40540.24,184161.96
603377.SH,20241212,2.53,2.54,2.43,2.46,2.52,-2.381,101295.76,24996.153
603378.SH,20241212,7.3,7.54,7.25,7.52,7.32,2.7322,128768.84,95888.823
603379.SH,20241212,34.4,34.44,33.61,34.19,34.28,-0.2625,35314.0,120031.506
603380.SH,20241212,23.96,24.6,23.83,24.21,23.88,1.3819,26069.0,63106.352
603381.SH,20241212,23.55,23.77,23.42,23.77,23.52,1.0629,26677.28,63075.857
603383.SH,20241212,42.6,44.87,42.41,44.37,42.6,4.1549,112532.77,496165.535
603385.SH,20241212,7.34,7.58,7.25,7.58,7.33,3.4106,45499.2,33909.098
603386.SH,20241212,13.25,13.35,13.1,13.22,13.31,-0.6762,46475.6,61353.064
603387.SH,20241212,9.13,9.15,9.04,9.14,9.09,0.5501,45559.1,41497.16
603388.SH,20241212,3.3,3.47,3.3,3.47,3.3,5.1515,157629.0,53945.132
603389.SH,20241212,7.38,8.12,7.36,8.12,7.38,10.0271,202269.0,156541.153
603390.SH,20241212,9.88,10.13,9.75,9.91,9.88,0.3036,76575.5,75724.213
603391.SH,20241212,43.25,44.2,42.99,43.83,43.25,1.341,14583.42,63463.564
603392.SH,20241212,76.32,76.74,75.8,76.62,76.02,0.7893,30570.16,233340.122
603393.SH,20241212,30.87,31.53,30.82,31.51,30.86,2.1063,95805.47,298958.655
603395.SH,20241212,59.0,59.66,58.18,58.84,59.3,-0.7757,73515.47,432496.059
603396.SH,20241212,30.25,30.55,30.1,30.55,30.25,0.9917,26493.0,80416.931
603398.SH,20241212,27.46,28.1,26.84,26.9,27.42,-1.8964,134934.69,366223.461
603399.SH,20241212,10.1,10.28,10.0,10.23,10.1,1.2871,191229.01,194224.083
603408.SH,20241212,12.91,13.51,12.86,13.45,12.88,4.4255,40340.97,53323.927
603416.SH,20241212,43.65,44.35,42.15,42.25,43.64,-3.1852,43466.88,185810.314
603421.SH,20241212,6.82,7.12,6.74,6.98,6.82,2.346,180022.6,124613.097
603429.SH,20241212,8.68,8.98,8.58,8.59,8.7,-1.2644,127550.2,111644.521
603439.SH,20241212,14.15,14.44,14.09,14.42,14.15,1.9081,80723.96,115729.781
603444.SH,20241212,223.98,228.8,221.2,228.0,224.28,1.6586,14769.3,332954.084
603456.SH,20241212,15.15,15.29,15.08,15.29,15.23,0.394,137469.95,208835.607
603458.SH,20241212,6.94,7.22,6.92,7.17,6.94,3.3141,150790.35,106807.841
603466.SH,20241212,11.35,12.21,11.2,11.24,11.65,-3.5193,816768.23,944032.235
603477.SH,20241212,20.45,21.19,20.14,21.07,20.45,3.0318,176735.41,365457.305
603486.SH,20241212,52.23,52.69,51.69,52.25,52.59,-0.6465,40446.5,211204.225
603488.SH,20241212,9.78,9.81,9.51,9.65,9.7,-0.5155,109461.63,105220.0
603489.SH,20241212,27.85,28.2,27.31,27.84,28.05,-0.7487,60177.68,166866.328
603496.SH,20241212,26.0,26.2,25.4,25.88,25.95,-0.2697,122869.88,316894.483
603499.SH,20241212,36.66,37.44,36.35,37.43,36.7,1.9891,36549.8,135015.009
603500.SH,20241212,7.25,7.3,7.14,7.29,7.2,1.25,46208.3,33379.117
603501.SH,20241212,99.95,100.61,98.71,100.16,99.95,0.2101,136199.43,1357612.255
603505.SH,20241212,25.57,25.83,25.25,25.73,25.56,0.6651,39475.95,100709.277
603506.SH,20241212,10.03,10.3,9.84,10.25,10.09,1.5857,66743.71,67469.585
603507.SH,20241212,25.55,25.55,25.16,25.46,25.5,-0.1569,27908.0,70689.623
603508.SH,20241212,22.92,23.75,22.75,23.72,22.82,3.9439,77174.25,180098.001
603511.SH,20241212,14.08,14.48,13.91,14.47,14.21,1.8297,78632.93,111966.264
603515.SH,20241212,17.24,17.57,17.15,17.47,17.18,1.688,22634.01,39424.339
603516.SH,20241212,51.31,55.29,51.31,52.08,51.73,0.6766,143526.95,757244.661
603517.SH,20241212,20.4,22.12,20.06,21.87,20.3,7.734,392437.52,827992.709
603518.SH,20241212,9.22,9.37,9.03,9.22,9.31,-0.9667,175539.93,161176.379
603519.SH,20241212,14.34,15.77,14.17,15.77,14.34,9.9721,253336.7,389521.349
603520.SH,20241212,10.19,10.19,9.69,9.89,10.34,-4.352,516920.33,507167.46
603527.SH,20241212,10.8,10.8,10.32,10.52,10.76,-2.2305,256321.19,269481.451
603528.SH,20241212,9.6,10.14,9.28,9.96,9.54,4.4025,785048.21,757555.1
603529.SH,20241212,43.21,43.45,42.13,43.11,43.44,-0.7597,46604.73,199736.476
603530.SH,20241212,24.63,24.65,24.28,24.59,24.6,-0.0407,23090.64,56475.472
603533.SH,20241212,26.76,28.11,25.2,26.86,25.55,5.1272,999349.79,2658636.915
603535.SH,20241212,11.63,11.73,11.52,11.72,11.62,0.8606,33664.52,39244.985
603536.SH,20241212,15.19,16.01,15.0,16.01,14.55,10.0344,187018.64,292734.834
603538.SH,20241212,14.19,14.65,14.1,14.48,14.26,1.5428,76002.3,109294.55
603551.SH,20241212,11.86,11.99,11.75,11.9,11.86,0.3373,38418.0,45617.837
603556.SH,20241212,37.2,37.38,36.66,37.1,37.25,-0.4027,43431.55,160537.805
603557.SH,20241212,2.26,2.27,2.25,2.27,2.26,0.4425,49484.0,11159.29
603558.SH,20241212,10.29,10.5,10.23,10.5,10.28,2.1401,37752.0,39339.376
603559.SH,20241212,11.46,11.58,11.41,11.54,11.45,0.786,30741.0,35301.283
603565.SH,20241212,9.9,10.15,9.84,9.89,9.89,0.0,306734.52,306923.844
603566.SH,20241212,14.1,14.35,13.99,14.32,14.1,1.5603,60753.99,86267.317
603567.SH,20241212,12.01,12.23,11.92,12.18,12.0,1.5,102030.1,123646.354
603568.SH,20241212,21.14,21.41,21.01,21.35,21.11,1.1369,52065.16,110823.231
603569.SH,20241212,9.09,9.09,8.88,8.93,9.08,-1.652,175717.83,157345.651
603577.SH,20241212,8.93,8.99,8.85,8.98,8.98,0.0,48465.7,43264.169
603578.SH,20241212,13.75,14.04,13.7,14.01,13.75,1.8909,20996.9,29203.469
603579.SH,20241212,15.66,17.23,15.47,16.72,15.66,6.7688,80496.23,133150.619
603580.SH,20241212,21.46,21.77,21.35,21.64,21.6,0.1852,28666.13,61811.276
603583.SH,20241212,27.78,27.81,26.68,26.85,27.68,-2.9986,232618.76,626870.907
603585.SH,20241212,15.23,15.43,14.9,15.29,15.3,-0.0654,48095.2,72897.444
603586.SH,20241212,15.65,15.84,15.64,15.84,15.7,0.8917,66019.0,104219.263
603587.SH,20241212,12.53,12.73,12.46,12.73,12.51,1.7586,39005.8,49235.091
603588.SH,20241212,5.7,5.91,5.65,5.87,5.72,2.6224,549411.97,317371.494
603589.SH,20241212,41.22,42.78,41.0,42.74,41.22,3.6875,181410.66,762938.35
603590.SH,20241212,26.58,27.15,26.48,27.02,26.6,1.5789,18988.0,51072.757
603595.SH,20241212,20.75,20.75,20.05,20.4,20.85,-2.1583,141712.41,287218.581
603596.SH,20241212,46.9,49.6,46.9,48.87,46.11,5.9857,152073.75,741025.377
603598.SH,20241212,21.93,21.93,21.11,21.93,19.94,9.9799,481654.99,1053916.366
603599.SH,20241212,11.84,12.14,11.72,12.13,11.83,2.5359,134843.27,161471.204
603600.SH,20241212,12.0,12.33,11.98,12.32,12.0,2.6667,46190.0,56240.003
603601.SH,20241212,3.91,3.94,3.86,3.93,3.92,0.2551,201235.7,78644.56
603602.SH,20241212,17.18,17.4,16.9,17.36,17.07,1.6989,142946.5,245697.689
603605.SH,20241212,94.82,97.38,93.88,96.64,94.8,1.9409,72604.17,699849.263
603606.SH,20241212,55.43,56.5,55.06,56.01,55.55,0.8281,41859.89,234833.802
603607.SH,20241212,18.2,18.83,18.1,18.72,18.21,2.8007,124242.88,229466.104
603608.SH,20241212,3.58,3.77,3.57,3.76,3.6,4.4444,34235.8,12630.277
603609.SH,20241212,8.9,9.16,8.8,9.15,8.86,3.2731,62249.12,56173.109
603610.SH,20241212,10.9,11.05,10.74,11.03,10.82,1.9409,85225.44,93077.508
603611.SH,20241212,20.35,20.44,19.76,20.19,20.48,-1.416,116566.79,233652.773
603612.SH,20241212,14.2,14.36,14.04,14.26,14.19,0.4933,100179.0,141932.846
603613.SH,20241212,27.38,27.74,26.65,27.63,27.41,0.8026,266069.68,723699.059
603615.SH,20241212,20.2,20.73,20.1,20.63,20.14,2.433,43673.61,89035.074
603616.SH,20241212,4.6,4.65,4.5,4.6,4.61,-0.2169,245406.03,112327.425
603617.SH,20241212,6.73,6.78,6.63,6.77,6.71,0.8942,101383.0,68167.956
603618.SH,20241212,5.94,5.96,5.88,5.95,5.92,0.5068,81617.67,48409.252
603619.SH,20241212,21.19,21.24,21.0,21.1,21.04,0.2852,65088.01,137533.369
603626.SH,20241212,9.58,10.55,9.35,10.34,9.59,7.8206,1111652.47,1117202.398
603628.SH,20241212,14.34,14.56,14.27,14.51,14.34,1.1855,72867.0,105255.622
603629.SH,20241212,19.0,19.04,18.5,18.76,18.94,-0.9504,85444.86,159991.59
603630.SH,20241212,13.56,14.0,13.44,13.95,13.57,2.8003,62888.65,86648.266
603633.SH,20241212,8.25,8.42,8.13,8.32,8.24,0.9709,182869.01,151051.986
603636.SH,20241212,12.12,12.3,11.95,12.2,12.01,1.582,245225.17,298281.737
603637.SH,20241212,8.09,8.27,8.0,8.26,8.09,2.1014,62285.53,50933.849
603638.SH,20241212,17.44,17.44,17.17,17.22,17.34,-0.692,31461.59,54337.111
603639.SH,20241212,13.36,13.64,13.26,13.58,13.34,1.7991,26843.29,36208.707
603648.SH,20241212,10.3,10.36,10.14,10.36,10.39,-0.2887,110028.73,112975.453
603650.SH,20241212,35.25,35.32,34.71,35.31,35.18,0.3695,64098.0,224431.698
603655.SH,20241212,25.01,25.15,24.4,24.41,25.02,-2.438,22187.0,54750.052
603656.SH,20241212,20.0,20.13,19.6,19.82,20.13,-1.54,76557.59,151503.146
603657.SH,20241212,16.61,18.0,16.45,16.66,16.61,0.301,217041.47,369440.22
603658.SH,20241212,45.3,46.3,44.94,45.52,45.2,0.708,45834.34,209115.738
603659.SH,20241212,18.05,18.49,17.91,18.31,18.05,1.4404,191727.41,349104.282
603660.SH,20241212,8.67,9.24,8.67,8.98,8.66,3.6952,981645.76,878349.752
603661.SH,20241212,33.34,34.05,33.23,34.02,33.33,2.0702,21714.69,73340.473
603662.SH,20241212,82.5,88.66,82.0,82.85,84.69,-2.1726,599002.25,5062687.968
603663.SH,20241212,17.23,17.26,16.84,17.09,17.14,-0.2917,75733.37,128942.546
603665.SH,20241212,17.11,17.25,16.75,17.01,17.08,-0.4098,37624.0,63833.556
603666.SH,20241212,27.3,30.11,26.05,30.11,27.37,10.011,333161.15,941191.65
603667.SH,20241212,28.25,32.23,28.25,32.23,29.3,10.0,1104486.63,3399302.694
603668.SH,20241212,12.49,12.78,12.37,12.74,12.47,2.1652,98883.32,124935.253
603669.SH,20241212,8.52,8.8,8.2,8.57,8.41,1.9025,281330.11,241767.057
603676.SH,20241212,10.92,11.12,10.91,11.1,10.97,1.1851,30829.0,34064.672
603677.SH,20241212,14.0,14.95,13.88,14.85,14.05,5.694,69277.49,100137.429
603678.SH,20241212,31.84,33.05,31.75,32.78,31.95,2.5978,90031.0,294734.294
603679.SH,20241212,15.8,15.96,15.62,15.76,15.76,0.0,42698.3,67335.375
603680.SH,20241212,9.24,9.29,9.07,9.22,9.17,0.5453,23279.28,21371.24
603681.SH,20241212,13.97,14.06,13.82,14.03,13.97,0.4295,28540.0,39797.022
603682.SH,20241212,4.96,5.2,4.93,5.16,4.96,4.0323,139887.98,71445.499
603683.SH,20241212,10.43,10.43,10.09,10.35,10.44,-0.8621,139546.61,142888.509
603685.SH,20241212,13.67,13.92,13.6,13.7,13.67,0.2195,25929.57,35720.336
603686.SH,20241212,9.95,10.08,9.82,10.0,9.93,0.7049,156446.8,155705.252
603687.SH,20241212,8.28,8.7,8.17,8.34,8.28,0.7246,146013.3,122654.744
603688.SH,20241212,30.11,30.45,29.82,30.31,30.09,0.7311,68844.02,207369.731
603689.SH,20241212,9.27,9.43,9.24,9.42,9.27,1.6181,83082.35,77761.738
603690.SH,20241212,26.85,27.27,26.64,27.11,27.03,0.296,99969.4,269443.446
603693.SH,20241212,10.44,10.52,10.37,10.51,10.45,0.5742,37920.6,39650.32
603696.SH,20241212,10.0,11.21,9.76,11.21,10.46,7.1702,367445.35,386410.489
603697.SH,20241212,11.17,11.51,10.96,11.25,11.07,1.626,136713.63,153686.634
603698.SH,20241212,17.85,17.95,17.25,17.61,17.84,-1.2892,79858.61,140153.847
603699.SH,20241212,21.94,21.99,21.2,21.52,21.92,-1.8248,110658.35,237164.798
603700.SH,20241212,11.07,11.22,10.99,11.19,11.06,1.1754,31725.0,35247.39
603701.SH,20241212,15.55,16.18,15.38,15.71,15.42,1.8807,73635.0,115950.341
603703.SH,20241212,12.24,12.37,12.08,12.3,12.31,-0.0812,69340.2,84832.636
603706.SH,20241212,19.57,19.76,19.43,19.49,19.75,-1.3165,50338.0,98457.27
603707.SH,20241212,14.44,14.54,14.28,14.39,14.4,-0.0694,60400.27,86948.444
603708.SH,20241212,12.93,14.54,12.5,14.05,13.22,6.2784,400647.78,553928.881
603709.SH,20241212,11.98,12.75,11.8,12.43,11.91,4.3661,49177.45,60602.025
603711.SH,20241212,16.79,18.09,16.41,17.36,16.77,3.5182,166906.07,285862.281
603712.SH,20241212,21.2,21.91,21.1,21.27,21.39,-0.561,476142.41,1022397.958
603713.SH,20241212,55.0,55.29,54.02,55.18,54.75,0.7854,12043.48,66184.18
603716.SH,20241212,9.9,10.96,9.88,10.63,10.13,4.9358,461514.07,486472.272
603717.SH,20241212,11.17,11.17,9.14,11.17,10.15,10.0493,983806.81,1005592.815
603718.SH,20241212,8.28,8.31,8.15,8.27,8.3,-0.3614,130792.6,107692.24
603719.SH,20241212,16.0,17.47,15.9,17.47,15.88,10.0126,732062.62,1235837.828
603721.SH,20241212,34.8,35.0,32.37,33.02,33.92,-2.6533,155625.68,520946.2
603722.SH,20241212,42.96,43.96,42.5,43.88,42.8,2.5234,14568.48,63123.324
603725.SH,20241212,7.37,7.6,7.36,7.59,7.38,2.8455,91135.23,68334.492
603726.SH,20241212,17.36,17.51,17.07,17.5,17.36,0.8065,40909.12,70866.5
603727.SH,20241212,12.83,12.89,12.75,12.84,12.83,0.0779,30499.0,39148.114
603728.SH,20241212,60.22,62.83,60.01,61.95,61.38,0.9286,191388.16,1179636.521
603729.SH,20241212,18.92,19.72,18.92,19.13,19.02,0.5783,86850.05,167071.046
603730.SH,20241212,9.47,10.11,9.44,9.83,9.41,4.4633,187219.08,182731.873
603733.SH,20241212,19.41,19.94,19.21,19.8,19.4,2.0619,45637.08,89423.245
603737.SH,20241212,49.03,50.51,48.5,49.7,49.41,0.5869,38360.4,190873.458
603738.SH,20241212,16.81,17.0,16.66,16.89,17.12,-1.3435,177602.5,298854.702
603739.SH,20241212,14.35,14.6,14.22,14.59,14.29,2.0994,75441.6,109331.022
603755.SH,20241212,28.94,30.26,28.7,29.99,28.94,3.6282,39561.0,117098.394
603757.SH,20241212,21.28,21.49,21.16,21.45,21.28,0.7989,12705.0,27171.368
603758.SH,20241212,9.11,9.17,9.02,9.15,9.13,0.2191,63760.0,58036.886
603759.SH,20241212,7.86,7.95,7.8,7.92,7.89,0.3802,77489.83,61115.417
603766.SH,20241212,7.87,8.19,7.66,8.11,7.87,3.0496,326041.22,258643.499
603767.SH,20241212,13.4,13.52,13.13,13.26,13.52,-1.9231,75333.2,99921.536
603768.SH,20241212,13.6,13.68,13.4,13.6,13.47,0.9651,34981.44,47354.615
603773.SH,20241212,25.66,26.2,25.06,25.48,25.48,0.0,81381.26,207977.366
603776.SH,20241212,17.66,18.18,17.44,17.81,18.01,-1.1105,233669.41,415353.642
603777.SH,20241212,12.34,13.5,12.06,13.07,12.32,6.0877,305350.25,389838.547
603778.SH,20241212,3.9,4.0,3.9,3.98,3.93,1.2723,161472.0,63875.527
603779.SH,20241212,9.88,10.07,9.83,9.99,10.29,-2.9155,357052.32,355899.859
603786.SH,20241212,59.65,60.5,58.7,58.85,60.12,-2.1124,11541.0,68248.631
603787.SH,20241212,11.62,12.57,11.59,12.13,11.68,3.8527,134439.58,162063.242
603788.SH,20241212,15.28,15.4,15.18,15.37,15.29,0.5232,34333.4,52582.562
603789.SH,20241212,10.25,10.98,10.1,10.76,10.27,4.7712,220343.55,232713.481
603790.SH,20241212,11.86,12.5,11.86,12.4,11.95,3.7657,77443.4,94479.114
603797.SH,20241212,4.46,4.57,4.45,4.57,4.47,2.2371,91629.84,41442.494
603798.SH,20241212,9.56,9.68,9.52,9.66,9.67,-0.1034,48343.5,46397.889
603799.SH,20241212,32.3,32.53,32.0,32.5,32.36,0.4326,228790.46,739046.74
603800.SH,20241212,27.66,27.8,26.89,26.97,27.7,-2.6354,31358.0,85545.508
603801.SH,20241212,14.38,15.43,14.21,15.2,14.38,5.7024,117730.31,175842.638
603803.SH,20241212,8.66,8.87,8.64,8.78,8.68,1.1521,215838.48,188998.195
603806.SH,20241212,16.39,16.4,16.13,16.31,16.38,-0.4274,186143.59,302674.975
603808.SH,20241212,8.02,8.27,7.98,8.24,8.04,2.4876,91386.8,74631.692
603809.SH,20241212,12.69,12.8,12.12,12.31,12.78,-3.6776,331872.39,410279.941
603810.SH,20241212,11.25,11.36,11.11,11.32,11.2,1.0714,61639.8,69426.952
603811.SH,20241212,8.31,8.47,8.31,8.47,8.35,1.4371,41027.72,34483.608
603813.SH,20241212,13.43,14.67,13.34,14.67,13.34,9.97,23165.0,33333.026
603815.SH,20241212,6.51,6.62,6.48,6.58,6.55,0.458,80713.0,52895.598
603816.SH,20241212,30.6,31.46,30.21,31.27,30.5,2.5246,109180.84,336844.417
603817.SH,20241212,6.21,6.29,6.17,6.28,6.21,1.1272,72384.0,45262.744
603818.SH,20241212,3.72,3.95,3.6,3.92,3.73,5.0938,549729.13,209837.01
603819.SH,20241212,14.47,14.87,14.08,14.53,14.47,0.4147,66494.58,95523.922
603822.SH,20241212,54.82,55.8,53.36,53.75,55.34,-2.8731,14666.0,79976.429
603823.SH,20241212,10.57,10.63,10.38,10.61,10.59,0.1889,62193.14,65436.795
603825.SH,20241212,16.0,17.4,15.25,15.52,16.54,-6.1669,709423.34,1147290.964
603826.SH,20241212,22.99,23.01,22.73,22.87,22.96,-0.392,36823.04,84082.461
603828.SH,20241212,3.2,3.21,3.1,3.18,3.19,-0.3135,67538.0,21261.426
603829.SH,20241212,15.08,15.15,14.95,15.15,15.08,0.4642,26110.37,39382.036
603833.SH,20241212,75.01,79.53,75.0,78.25,75.65,3.4369,32448.0,251893.713
603836.SH,20241212,13.75,14.27,13.68,14.2,13.8,2.8986,44589.98,62753.849
603838.SH,20241212,7.08,7.15,6.95,7.11,7.08,0.4237,70040.0,49359.186
603839.SH,20241212,6.28,6.46,6.2,6.45,6.27,2.8708,73622.6,46946.379
603843.SH,20241212,3.75,4.26,3.73,3.89,3.87,0.5168,1009335.0,402133.817
603848.SH,20241212,16.93,18.0,16.93,17.96,17.08,5.1522,43726.5,77518.253
603855.SH,20241212,20.24,20.7,20.18,20.53,20.24,1.4328,19658.4,40288.256
603856.SH,20241212,12.14,12.38,12.09,12.31,12.1,1.7355,35155.58,42975.975
603858.SH,20241212,17.08,17.27,16.96,17.26,17.08,1.0539,78246.24,134425.869
603859.SH,20241212,36.99,37.7,35.53,36.18,37.0,-2.2162,251792.07,919343.764
603860.SH,20241212,32.09,32.51,31.83,32.5,32.01,1.5308,18719.0,60264.53
603861.SH,20241212,9.87,10.08,9.81,10.04,9.87,1.7224,71310.53,71022.729
603863.SH,20241212,21.01,23.09,20.9,23.09,20.99,10.0048,213621.8,473262.893
603866.SH,20241212,7.4,7.95,7.33,7.95,7.23,9.9585,1511241.1,1150491.799
603867.SH,20241212,26.7,27.18,26.39,27.05,26.65,1.5009,30979.18,83086.652
603868.SH,20241212,42.45,43.85,42.45,43.68,42.84,1.9608,13709.0,59335.431
603869.SH,20241212,6.17,6.18,6.11,6.12,6.17,-0.8104,20272.6,12451.464
603871.SH,20241212,19.8,19.84,19.48,19.54,19.85,-1.5617,139658.8,273337.333
603876.SH,20241212,10.03,10.04,9.88,10.01,10.04,-0.2988,174605.02,174141.38
603877.SH,20241212,15.6,15.87,15.42,15.81,15.66,0.9579,61254.0,96054.247
603878.SH,20241212,6.55,6.65,6.41,6.61,6.55,0.916,174918.88,114078.305
603879.SH,20241212,4.01,4.03,3.94,3.99,4.04,-1.2376,67164.14,26778.993
603880.SH,20241212,5.48,5.77,5.45,5.74,5.49,4.5537,125432.18,70379.803
603881.SH,20241212,17.42,17.5,17.15,17.39,17.42,-0.1722,119867.28,207649.16
603882.SH,20241212,34.23,34.39,33.61,33.91,34.27,-1.0505,70685.88,239849.755
603883.SH,20241212,19.08,20.97,18.85,20.22,19.1,5.8639,915123.93,1824789.271
603885.SH,20241212,15.16,15.53,15.01,15.28,15.24,0.2625,142177.78,217955.29
603886.SH,20241212,15.3,15.78,15.13,15.74,15.23,3.3487,96201.25,148783.76
603887.SH,20241212,14.31,15.53,14.03,15.13,14.65,3.2765,835879.97,1245113.715
603888.SH,20241212,26.38,26.68,25.82,26.32,26.37,-0.1896,155717.08,408403.242
603889.SH,20241212,7.22,7.38,7.19,7.38,7.18,2.7855,101343.43,74014.7
603890.SH,20241212,12.15,12.35,11.78,12.02,11.92,0.8389,254434.21,306159.368
603893.SH,20241212,92.86,93.19,89.61,91.9,93.93,-2.1612,121284.55,1106108.271
603895.SH,20241212,22.91,23.73,22.5,23.71,23.2,2.1983,45982.24,106168.08
603896.SH,20241212,23.15,23.72,22.91,23.72,23.02,3.0408,58952.09,138034.581
603897.SH,20241212,26.26,26.6,25.91,26.08,26.27,-0.7233,66104.4,172674.227
603898.SH,20241212,9.88,10.19,9.81,10.17,9.9,2.7273,28795.17,28888.391
603899.SH,20241212,31.75,33.77,31.55,33.28,31.74,4.8519,195678.85,641477.25
603900.SH,20241212,7.91,7.93,7.44,7.52,7.32,2.7322,626086.43,477511.772
603901.SH,20241212,9.04,9.3,8.83,9.08,8.99,1.0011,260133.58,235618.066
603903.SH,20241212,7.46,8.12,7.36,8.12,7.38,10.0271,273416.69,218421.923
603906.SH,20241212,12.0,12.0,11.63,11.78,11.91,-1.0915,165308.91,194513.079
603908.SH,20241212,25.28,26.56,25.22,26.42,25.38,4.0977,45686.47,119083.604
603909.SH,20241212,9.85,10.11,9.84,10.07,9.85,2.2335,25673.3,25669.893
603912.SH,20241212,7.84,7.86,7.66,7.84,7.84,0.0,129670.15,100664.982
603915.SH,20241212,14.29,14.45,13.15,13.32,13.83,-3.6876,310993.0,419713.381
603916.SH,20241212,8.52,8.6,8.43,8.59,8.5,1.0588,54076.94,46201.199
603917.SH,20241212,13.39,13.79,13.24,13.52,13.31,1.5778,72833.3,97929.651
603918.SH,20241212,16.4,16.82,16.19,16.75,16.09,4.1019,584733.97,967812.467
603919.SH,20241212,21.15,21.79,20.85,21.67,21.07,2.8477,139495.25,300216.086
603920.SH,20241212,33.97,34.15,32.89,33.1,33.51,-1.2235,168722.89,562290.994
603922.SH,20241212,25.88,25.88,25.0,25.2,25.39,-0.7483,37903.7,95952.37
603926.SH,20241212,9.96,10.04,9.91,10.01,9.94,0.7042,21496.51,21449.988
603927.SH,20241212,23.86,24.0,23.39,23.96,23.85,0.4612,128553.36,305054.458
603928.SH,20241212,9.98,9.98,9.76,9.95,9.93,0.2014,46061.8,45570.529
603929.SH,20241212,26.75,27.19,26.52,27.16,26.82,1.2677,24866.02,66821.764
603931.SH,20241212,25.88,25.99,25.17,25.58,25.99,-1.5775,24485.54,62499.859
603933.SH,20241212,17.11,17.31,16.99,17.19,17.25,-0.3478,53187.07,91180.092
603936.SH,20241212,9.16,9.2,8.98,9.14,9.19,-0.5441,256025.0,232615.974
603937.SH,20241212,9.83,10.27,9.82,10.13,9.83,3.0519,48592.0,49116.87
603938.SH,20241212,12.61,12.7,12.37,12.51,12.56,-0.3981,25834.68,32252.298
603939.SH,20241212,24.25,25.35,23.95,25.18,24.33,3.4936,131255.64,327141.141
603948.SH,20241212,19.45,19.6,19.24,19.56,19.34,1.1375,12906.96,25128.003
603949.SH,20241212,14.9,15.07,14.67,14.68,14.87,-1.2777,47477.8,70193.631
603950.SH,20241212,16.25,17.83,16.1,17.83,16.21,9.9938,211508.36,370664.848
603955.SH,20241212,22.6,23.25,22.3,22.82,22.47,1.5576,145661.05,332303.584
603956.SH,20241212,6.12,6.12,6.0,6.09,6.07,0.3295,51126.0,30995.909
603959.SH,20241212,2.97,2.99,2.82,2.91,2.95,-1.3559,114577.5,33173.504
603960.SH,20241212,23.09,23.14,22.61,22.99,23.09,-0.4331,101254.67,231425.534
603963.SH,20241212,3.34,3.38,3.28,3.31,3.28,0.9146,69259.51,23011.615
603966.SH,20241212,8.4,8.51,8.33,8.48,8.42,0.7126,55523.05,46807.95
603967.SH,20241212,10.42,10.73,10.42,10.7,10.46,2.2945,64258.2,68225.293
603968.SH,20241212,10.96,11.18,10.82,11.11,10.94,1.5539,26299.55,29038.269
603969.SH,20241212,6.13,6.72,6.13,6.72,6.11,9.9836,511128.41,333534.135
603970.SH,20241212,16.09,16.36,15.97,16.36,16.09,1.6781,51441.0,83249.448
603976.SH,20241212,18.31,18.68,18.3,18.55,18.41,0.7605,17364.4,32175.239
603977.SH,20241212,14.3,14.34,13.7,13.99,14.33,-2.3726,94305.88,131594.709
603978.SH,20241212,17.7,17.95,17.51,17.84,17.87,-0.1679,70115.4,124204.853
603979.SH,20241212,42.38,43.49,41.9,42.03,42.54,-1.1989,60130.79,254899.358
603980.SH,20241212,4.73,4.84,4.68,4.84,4.72,2.5424,106400.6,50807.117
603982.SH,20241212,10.26,10.39,10.11,10.34,10.35,-0.0966,110784.56,113837.534
603983.SH,20241212,32.38,32.97,31.9,32.78,32.32,1.4233,28026.0,91196.759
603985.SH,20241212,14.71,14.97,14.23,14.72,14.84,-0.8086,282065.25,410584.395
603986.SH,20241212,84.22,85.06,83.38,84.53,84.21,0.38,155349.49,1306927.207
603987.SH,20241212,7.97,8.16,7.9,8.16,7.96,2.5126,87166.27,70207.391
603988.SH,20241212,21.6,23.34,21.41,23.34,21.55,8.3063,215784.35,491133.718
603989.SH,20241212,15.28,15.36,15.13,15.33,15.26,0.4587,40619.75,61982.718
603990.SH,20241212,13.46,13.46,12.9,13.23,13.81,-4.1999,433866.01,571014.748
603991.SH,20241212,59.94,60.88,59.3,60.03,60.0,0.05,27166.0,162858.474
603992.SH,20241212,19.8,19.83,19.53,19.72,19.74,-0.1013,19889.6,39184.057
603993.SH,20241212,7.48,7.52,7.43,7.5,7.5,0.0,1390721.7,1039949.933
603995.SH,20241212,19.57,20.28,19.47,20.27,19.46,4.1624,78590.7,157708.391
603997.SH,20241212,13.01,13.2,12.7,12.99,12.92,0.5418,88691.66,114846.76
603998.SH,20241212,11.28,11.53,11.23,11.49,11.28,1.8617,86808.03,99274.352
603999.SH,20241212,7.0,7.22,6.81,7.08,7.01,0.9986,356633.89,249650.618
605001.SH,20241212,6.53,6.65,6.5,6.64,6.52,1.8405,99051.7,65200.169
605003.SH,20241212,19.46,19.67,19.32,19.51,19.45,0.3085,12771.1,24891.512
605005.SH,20241212,16.77,16.82,16.57,16.77,16.75,0.1194,12538.0,20942.192
605006.SH,20241212,10.86,10.86,10.5,10.86,9.87,10.0304,261730.08,283343.372
605007.SH,20241212,13.58,14.26,13.5,14.02,13.55,3.4686,79597.82,111028.472
605008.SH,20241212,12.44,12.63,12.35,12.6,12.48,0.9615,46642.29,58180.986
605009.SH,20241212,42.4,42.85,42.12,42.76,42.54,0.5172,17682.43,75153.631
605011.SH,20241212,24.76,25.11,24.45,24.8,24.89,-0.3616,89543.0,221300.113
605016.SH,20241212,17.45,17.54,17.12,17.39,17.2,1.1047,41035.89,71062.029
605018.SH,20241212,10.39,10.81,10.04,10.46,10.54,-0.759,200403.17,207469.199
605020.SH,20241212,20.01,20.1,19.65,19.97,20.1,-0.6468,70179.0,139389.296
605028.SH,20241212,18.22,18.34,18.06,18.33,18.28,0.2735,32187.81,58687.661
605033.SH,20241212,13.75,14.07,13.51,14.02,13.75,1.9636,18077.23,25057.88
605050.SH,20241212,10.14,10.37,10.06,10.34,10.18,1.5717,54576.5,55882.235
605055.SH,20241212,6.25,6.47,5.98,6.05,6.0,0.8333,312417.73,192900.833
605056.SH,20241212,13.46,13.56,13.34,13.55,13.48,0.5193,29557.66,39778.052
605058.SH,20241212,21.06,21.3,20.86,21.08,20.99,0.4288,14000.88,29462.179
605060.SH,20241212,17.23,17.23,17.02,17.15,17.19,-0.2327,12082.0,20684.653
605066.SH,20241212,6.26,6.33,6.21,6.32,6.26,0.9585,84001.75,52857.774
605068.SH,20241212,14.61,14.83,14.56,14.76,14.64,0.8197,19160.0,28197.253
605069.SH,20241212,9.22,9.41,9.11,9.41,9.1,3.4066,109280.64,101740.889
605077.SH,20241212,15.73,16.06,15.59,16.05,15.74,1.9695,53326.8,84666.686
605080.SH,20241212,21.55,22.88,21.22,22.54,21.45,5.0816,45409.2,100176.626
605081.SH,20241212,13.59,14.02,13.4,14.0,13.56,3.2448,54884.72,75659.821
605086.SH,20241212,28.38,29.39,28.05,29.0,28.43,2.0049,22326.4,64239.234
605088.SH,20241212,27.6,28.01,26.66,27.96,27.6,1.3043,65530.77,179852.481
605089.SH,20241212,30.5,32.2,29.65,30.85,30.99,-0.4518,65033.08,199043.33
605090.SH,20241212,28.1,28.42,28.01,28.42,28.0,1.5,49625.68,139900.02
605098.SH,20241212,36.3,36.63,35.8,36.5,36.27,0.6341,20013.4,72570.916
605099.SH,20241212,20.71,20.98,20.46,20.87,20.58,1.4091,20269.1,41999.014
605100.SH,20241212,14.35,14.46,14.27,14.41,14.39,0.139,36061.82,51862.52
605108.SH,20241212,28.2,29.94,27.21,28.73,29.04,-1.0675,158203.65,447234.681
605111.SH,20241212,35.39,35.58,34.78,35.57,35.33,0.6793,119901.85,421854.926
605116.SH,20241212,21.51,21.87,21.38,21.72,21.55,0.7889,24360.0,52750.529
605117.SH,20241212,85.0,86.34,84.41,86.06,85.0,1.2471,44013.79,376036.578
605118.SH,20241212,17.32,17.38,17.06,17.25,17.34,-0.519,25360.0,43624.314
605122.SH,20241212,11.96,12.27,11.96,12.23,11.97,2.1721,30397.0,36910.532
605123.SH,20241212,57.79,58.38,57.31,58.01,57.53,0.8343,11402.44,66015.184
605128.SH,20241212,38.3,39.2,38.0,38.79,38.22,1.4914,15684.96,60631.415
605133.SH,20241212,26.89,27.63,24.73,25.4,25.5,-0.3922,123890.51,321987.282
605136.SH,20241212,9.5,9.86,9.4,9.79,9.59,2.0855,344195.99,330425.788
605138.SH,20241212,6.29,6.32,6.17,6.27,6.27,0.0,43779.0,27391.078
605151.SH,20241212,18.38,18.7,18.19,18.4,18.58,-0.9688,28131.0,51677.218
605155.SH,20241212,11.02,11.47,11.01,11.38,10.99,3.5487,100604.93,113009.672
605158.SH,20241212,10.4,11.07,10.28,10.9,10.37,5.1109,195788.94,210973.821
605162.SH,20241212,7.55,7.62,7.48,7.61,7.53,1.0624,45801.0,34614.367
605166.SH,20241212,12.58,12.69,12.32,12.48,12.59,-0.8737,31870.55,39662.657
605167.SH,20241212,10.02,10.03,9.85,9.99,10.02,-0.2994,68487.0,67980.369
605168.SH,20241212,40.0,40.98,38.51,39.0,40.05,-2.6217,112457.03,443204.447
605169.SH,20241212,10.77,11.17,10.72,11.06,10.73,3.0755,67285.28,74051.14
605177.SH,20241212,19.71,20.04,19.62,20.01,19.7,1.5736,19632.0,39061.633
605178.SH,20241212,19.15,19.3,18.88,19.23,19.15,0.4178,21620.6,41289.991
605179.SH,20241212,31.7,34.42,28.89,30.49,31.72,-3.8777,530428.0,1682609.077
605180.SH,20241212,13.64,13.98,13.51,13.9,13.6,2.2059,43313.17,59563.215
605183.SH,20241212,17.79,17.88,17.6,17.87,17.71,0.9034,15715.0,27955.018
605186.SH,20241212,24.48,25.97,24.36,25.15,24.4,3.0738,67173.0,169546.247
605188.SH,20241212,8.35,9.31,8.2,9.05,8.46,6.974,359260.0,315902.521
605189.SH,20241212,13.86,14.12,13.74,14.11,13.85,1.8773,18669.05,26118.697
605196.SH,20241212,12.12,12.54,12.03,12.09,12.11,-0.1652,95112.0,116406.728
605198.SH,20241212,30.79,30.79,28.71,29.95,30.8,-2.7597,69152.0,202691.96
605199.SH,20241212,18.76,20.68,18.41,19.95,19.06,4.6695,408254.48,801899.681
605208.SH,20241212,8.05,8.09,7.93,8.06,8.06,0.0,88632.17,71083.967
605218.SH,20241212,25.0,25.12,24.48,24.98,25.02,-0.1599,58503.0,145131.118
605222.SH,20241212,16.75,16.78,16.57,16.77,16.7,0.4192,24396.55,40694.792
605228.SH,20241212,11.3,11.35,10.91,11.08,11.36,-2.4648,120187.0,132861.909
605255.SH,20241212,14.21,14.54,14.15,14.49,14.2,2.0423,23214.6,33428.689
605258.SH,20241212,29.14,29.6,29.14,29.4,29.2,0.6849,16105.1,47298.87
605259.SH,20241212,15.93,16.06,15.73,16.02,15.9,0.7547,11355.07,18088.561
605266.SH,20241212,25.58,27.18,25.38,26.73,25.67,4.1293,80255.45,212629.878
605268.SH,20241212,8.37,8.63,8.35,8.61,8.38,2.7446,53334.0,45318.116
605277.SH,20241212,15.05,15.48,14.85,15.0,15.17,-1.1206,212525.61,319930.233
605286.SH,20241212,32.55,32.69,32.1,32.52,32.45,0.2157,11237.59,36428.497
605287.SH,20241212,13.73,14.04,13.72,14.02,13.74,2.0378,33336.6,46489.535
605288.SH,20241212,36.44,36.97,36.34,36.62,36.41,0.5768,6391.9,23404.112
605289.SH,20241212,25.53,26.01,25.0,25.83,25.56,1.0563,37766.47,96964.383
605296.SH,20241212,29.85,30.6,29.64,30.4,29.9,1.6722,37465.56,113386.357
605298.SH,20241212,16.03,16.57,15.9,16.18,16.0,1.125,33482.78,54406.248
605299.SH,20241212,8.8,9.04,8.68,9.01,8.79,2.5028,59042.0,52455.189
605300.SH,20241212,15.2,16.0,14.74,15.67,15.27,2.6195,130015.81,199600.044
605303.SH,20241212,9.23,10.18,9.23,9.71,9.25,4.973,80182.95,78294.098
605305.SH,20241212,29.06,29.06,28.37,28.53,28.87,-1.1777,29419.65,84013.628
605318.SH,20241212,21.1,22.37,21.02,22.18,21.3,4.1315,51878.0,112760.851
605319.SH,20241212,22.16,23.05,21.88,22.63,22.21,1.891,26646.0,60237.347
605333.SH,20241212,33.37,33.97,33.0,33.6,33.46,0.4184,25377.0,85467.58
605336.SH,20241212,17.99,18.17,17.82,18.17,16.52,9.9879,98049.07,177813.983
605337.SH,20241212,14.37,15.15,14.14,15.15,13.77,10.0218,348771.94,516686.238
605338.SH,20241212,21.44,21.78,20.11,20.71,19.88,4.1751,148292.82,307210.377
605339.SH,20241212,18.58,19.7,18.44,19.67,18.71,5.1309,65538.34,126437.124
605358.SH,20241212,26.91,27.13,26.6,27.1,26.91,0.7061,67783.02,182205.303
605365.SH,20241212,16.39,16.44,16.21,16.42,16.34,0.4896,26878.95,43940.316
605366.SH,20241212,6.82,6.86,6.66,6.84,6.78,0.885,191395.02,129715.674
605368.SH,20241212,11.67,11.78,11.65,11.78,11.68,0.8562,105668.25,124099.08
605369.SH,20241212,30.99,31.55,30.55,31.32,30.53,2.5876,14930.42,46465.925
605376.SH,20241212,32.23,32.42,31.02,31.47,32.36,-2.7503,50517.92,159098.723
605377.SH,20241212,13.54,13.9,13.39,13.86,13.54,2.3634,91888.17,126832.77
605378.SH,20241212,19.2,19.2,18.77,19.11,19.0,0.5789,48569.8,92386.161
605388.SH,20241212,7.33,8.2,7.26,8.2,7.45,10.0671,386762.43,297342.548
605389.SH,20241212,26.16,26.74,26.04,26.7,26.16,2.0642,14442.8,38201.915
605398.SH,20241212,21.9,22.73,21.52,22.56,22.08,2.1739,104687.86,231957.662
605399.SH,20241212,13.71,14.0,13.55,13.87,13.76,0.7994,109797.58,151623.448
605488.SH,20241212,19.82,20.98,19.62,20.41,19.82,2.9768,102161.74,206394.429
605499.SH,20241212,242.52,250.0,240.05,246.37,242.5,1.5959,40105.82,988380.11
605500.SH,20241212,7.86,7.87,7.77,7.86,7.78,1.0283,29932.83,23453.041
605507.SH,20241212,21.14,21.14,20.82,21.0,21.12,-0.5682,40313.22,84457.459
605555.SH,20241212,23.56,23.83,23.12,23.25,24.05,-3.3264,106074.79,247928.989
605566.SH,20241212,20.08,20.08,19.58,19.73,20.01,-1.3993,18237.0,36010.393
605567.SH,20241212,10.23,11.05,10.03,10.68,10.18,4.9116,314160.92,330866.34
605577.SH,20241212,17.08,17.38,17.01,17.27,17.2,0.407,86360.0,148513.718
605580.SH,20241212,10.55,10.72,10.45,10.6,10.6,0.0,52976.6,55997.161
605588.SH,20241212,46.1,46.2,45.0,45.7,46.1,-0.8677,19747.43,89942.629
605589.SH,20241212,23.93,23.95,23.65,23.88,23.88,0.0,86936.41,206981.726
605598.SH,20241212,20.69,20.88,20.44,20.63,20.55,0.3893,17881.8,36908.155
605599.SH,20241212,11.85,12.15,11.7,12.06,11.82,2.0305,110978.22,132686.662
688001.SH,20241212,34.99,37.5,34.67,36.88,35.31,4.4463,68239.42,246904.214
688002.SH,20241212,50.04,50.75,49.13,49.33,49.94,-1.2215,56467.52,280258.814
688003.SH,20241212,47.37,47.77,46.27,46.62,47.46,-1.7699,30352.44,142371.295
688004.SH,20241212,18.8,19.85,18.51,19.61,18.64,5.2039,33670.56,65140.363
688005.SH,20241212,34.65,35.49,34.33,35.13,34.66,1.356,69549.33,242644.05
688006.SH,20241212,21.04,21.16,20.77,21.04,20.95,0.4296,39753.3,83406.764
688007.SH,20241212,17.31,17.43,16.97,17.29,17.3,-0.0578,73291.67,126030.224
688008.SH,20241212,68.89,69.22,67.51,68.7,68.89,-0.2758,281355.21,1926897.39
688009.SH,20241212,6.49,6.49,6.43,6.48,6.47,0.1546,251041.92,162309.941
688010.SH,20241212,31.36,31.9,29.17,30.77,32.13,-4.2328,82094.0,247786.115
688011.SH,20241212,19.34,19.7,19.01,19.28,19.34,-0.3102,7069.39,13632.759
688012.SH,20241212,204.0,207.0,201.41,205.9,205.8,0.0486,98614.84,2016386.737
688013.SH,20241212,20.26,20.26,19.95,20.18,20.13,0.2484,7143.89,14367.629
688015.SH,20241212,22.23,22.23,21.61,21.97,22.23,-1.1696,21388.87,46766.462
688016.SH,20241212,116.34,123.2,115.51,121.75,117.45,3.6611,46697.65,560335.2
688017.SH,20241212,123.05,126.23,121.08,122.85,124.98,-1.7043,67395.44,830463.668
688018.SH,20241212,224.47,224.47,195.05,213.74,213.79,-0.0234,156834.1,3253302.827
688019.SH,20241212,147.3,151.8,145.01,149.01,147.0,1.3673,24435.65,362299.607
688020.SH,20241212,38.67,39.19,38.23,39.04,38.83,0.5408,8546.05,33074.354
688021.SH,20241212,12.35,12.61,12.26,12.59,12.35,1.9433,14655.83,18227.776
688022.SH,20241212,14.65,14.8,13.9,14.2,14.92,-4.8257,115396.45,164849.573
688023.SH,20241212,55.39,56.56,53.18,54.4,55.52,-2.0173,40547.81,220623.079
688025.SH,20241212,53.75,53.75,51.79,53.34,53.59,-0.4665,21472.7,113516.084
688026.SH,20241212,15.02,15.1,14.92,15.07,14.99,0.5337,16886.51,25365.044
688027.SH,20241212,351.0,355.0,324.0,327.03,351.0,-6.8291,54670.46,1831663.638
688028.SH,20241212,22.83,23.09,22.2,22.76,22.88,-0.5245,60083.72,135832.758
688029.SH,20241212,72.15,72.78,71.1,72.59,72.28,0.4289,37550.99,270703.999
688030.SH,20241212,16.94,17.1,16.52,16.7,16.94,-1.4168,13341.64,22328.531
688031.SH,20241212,59.15,62.0,57.38,58.5,58.68,-0.3067,69522.42,412745.151
688032.SH,20241212,122.87,124.2,122.11,123.3,122.87,0.35,10468.44,128762.91
688033.SH,20241212,7.12,7.26,7.03,7.11,7.1,0.1408,166751.06,118763.518
688035.SH,20241212,37.99,38.72,37.8,38.5,37.99,1.3425,27308.59,104544.506
688036.SH,20241212,95.2,96.33,93.0,93.9,95.06,-1.2203,73781.61,697546.031
688037.SH,20241212,92.7,94.99,92.08,93.45,92.76,0.7439,44845.44,418944.796
688038.SH,20241212,14.15,14.33,13.93,14.19,14.17,0.1411,27454.11,38860.928
688039.SH,20241212,33.95,34.75,32.79,33.09,33.7,-1.8101,55537.13,186276.109
688041.SH,20241212,123.88,127.68,123.8,126.8,124.38,1.9457,158256.41,1992953.428
688045.SH,20241212,35.9,36.52,35.35,36.5,35.75,2.0979,13621.69,49177.879
688046.SH,20241212,14.51,14.65,14.35,14.5,14.55,-0.3436,27255.96,39526.681
688047.SH,20241212,151.8,155.99,150.21,152.5,152.3,0.1313,39216.45,597119.227
688048.SH,20241212,42.0,42.1,40.55,40.86,42.01,-2.7374,44456.14,182330.216
688049.SH,20241212,46.48,46.48,43.16,44.37,46.68,-4.9486,134465.56,597331.046
688050.SH,20241212,93.98,98.2,92.72,97.79,93.66,4.4096,21674.89,207748.929
688051.SH,20241212,24.67,24.83,24.0,24.6,24.67,-0.2837,7684.99,18814.652
688052.SH,20241212,137.41,144.28,135.18,141.84,137.4,3.2314,26544.68,374653.166
688053.SH,20241212,39.02,41.9,37.51,40.55,40.0,1.375,53085.88,210017.146
688055.SH,20241212,4.87,4.9,4.7,4.75,4.86,-2.2634,125754.45,59881.213
688056.SH,20241212,34.8,35.01,33.13,33.71,34.8,-3.1322,9164.45,30975.442
688057.SH,20241212,12.39,12.54,12.26,12.48,12.33,1.2165,14836.23,18408.572
688058.SH,20241212,33.29,33.5,32.31,32.99,33.24,-0.7521,15642.5,51284.954
688059.SH,20241212,53.6,54.11,52.1,52.59,54.3,-3.1492,13693.58,72516.813
688060.SH,20241212,42.7,42.7,41.09,41.48,42.59,-2.6062,5580.96,23270.452
688061.SH,20241212,32.19,32.34,31.45,31.84,32.2,-1.118,10799.54,34392.809
688062.SH,20241212,23.87,24.05,23.5,23.86,23.79,0.2942,23262.88,55188.143
688063.SH,20241212,46.39,47.12,46.15,47.04,46.28,1.6422,52203.85,244124.531
688065.SH,20241212,45.12,45.41,44.56,45.01,45.37,-0.7935,29077.4,130554.572
688066.SH,20241212,24.53,25.0,23.77,24.09,24.48,-1.5931,135139.22,327747.037
688067.SH,20241212,19.95,20.07,19.7,20.04,19.82,1.11,7615.3,15157.313
688068.SH,20241212,59.46,60.84,57.68,59.69,59.47,0.3699,31650.65,187473.149
688069.SH,20241212,16.88,17.25,16.72,17.1,16.72,2.2727,11925.98,20356.006
688070.SH,20241212,40.49,41.35,39.91,41.04,40.22,2.0388,11064.56,45163.773
688071.SH,20241212,35.86,37.0,33.88,34.44,35.83,-3.8794,33627.29,116189.78
688072.SH,20241212,174.9,176.07,172.77,173.71,175.15,-0.8222,35544.92,618216.377
688073.SH,20241212,47.8,50.34,47.41,49.23,47.81,2.9701,21690.54,106118.509
688075.SH,20241212,40.2,41.21,40.0,40.86,40.13,1.8191,10490.85,42710.635
688076.SH,20241212,51.9,52.17,51.5,52.03,51.92,0.2119,22656.28,117269.162
688077.SH,20241212,25.3,25.38,24.63,24.9,25.27,-1.4642,23447.48,58449.072
688078.SH,20241212,30.6,30.76,29.87,30.29,30.55,-0.8511,10914.98,33068.113
688079.SH,20241212,9.88,9.91,9.6,9.7,9.83,-1.3225,49593.71,48090.271
688080.SH,20241212,37.22,37.4,36.1,36.57,36.96,-1.0552,11937.05,43686.548
688081.SH,20241212,18.01,19.46,18.0,18.81,17.96,4.7327,47734.85,90099.804
688082.SH,20241212,114.5,114.5,111.01,111.89,113.69,-1.5833,17127.58,192226.566
688083.SH,20241212,105.0,108.0,100.95,103.1,104.0,-0.8654,22609.85,232411.201
688084.SH,20241212,75.0,80.0,74.5,76.7,73.45,4.4248,30306.37,232955.754
688085.SH,20241212,22.67,22.76,22.17,22.76,22.7,0.2643,12908.65,28994.668
688087.SH,20241212,28.79,29.27,28.6,29.17,28.78,1.3551,14030.62,40615.418
688088.SH,20241212,42.02,42.3,40.21,40.66,41.81,-2.7505,131638.4,536857.921
688089.SH,20241212,22.34,23.66,22.23,23.56,22.39,5.2255,67136.02,155493.148
688090.SH,20241212,43.55,44.2,42.25,43.79,43.54,0.5742,48657.8,210213.129
688091.SH,20241212,41.09,41.29,39.95,40.87,41.07,-0.487,22787.52,92474.906
688092.SH,20241212,23.7,23.92,23.32,23.78,23.84,-0.2517,13318.08,31430.285
688093.SH,20241212,20.55,20.75,20.36,20.58,20.42,0.7835,16550.51,34120.633
688095.SH,20241212,84.95,86.28,81.5,83.25,85.76,-2.9268,36141.63,301586.556
688096.SH,20241212,8.61,8.72,8.52,8.71,8.57,1.6336,13953.79,12056.078
688097.SH,20241212,29.9,30.1,28.34,28.53,29.7,-3.9394,73724.95,212613.749
688098.SH,20241212,6.1,6.3,5.99,6.3,6.09,3.4483,87091.29,53417.513
688099.SH,20241212,74.59,75.6,72.77,74.09,73.83,0.3522,99646.93,739498.692
688100.SH,20241212,37.0,37.01,36.05,36.65,36.97,-0.8656,22994.44,83901.491
688101.SH,20241212,14.41,14.84,14.29,14.75,14.37,2.6444,38799.41,56555.095
688102.SH,20241212,10.12,10.22,9.86,10.03,10.08,-0.496,75390.2,75411.439
688103.SH,20241212,44.2,44.81,43.66,44.62,44.29,0.7451,12300.56,54397.232
688105.SH,20241212,25.25,25.25,24.6,24.84,25.09,-0.9964,12341.95,30605.449
688106.SH,20241212,18.67,18.78,18.47,18.7,18.69,0.0535,49664.51,92470.964
688107.SH,20241212,31.33,33.0,31.15,32.35,31.45,2.8617,57683.46,186603.541
688108.SH,20241212,11.09,11.13,10.88,11.04,11.0,0.3636,64779.67,71250.079
688109.SH,20241212,29.2,29.65,28.98,29.31,29.13,0.6179,13523.32,39744.215
688110.SH,20241212,24.27,24.84,23.78,24.45,24.27,0.7417,176279.03,429846.58
688111.SH,20241212,330.0,334.7,316.89,322.5,333.01,-3.1561,59579.75,1931616.372
688112.SH,20241212,32.95,33.71,31.8,32.05,32.87,-2.4947,20099.57,65132.192
688113.SH,20241212,32.11,32.89,31.73,32.54,32.05,1.5289,8510.97,27595.053
688114.SH,20241212,54.43,54.43,51.77,52.07,53.8,-3.2156,25907.98,135801.336
688115.SH,20241212,43.76,43.85,42.8,43.78,43.8,-0.0457,13471.62,58336.067
688116.SH,20241212,45.02,47.28,44.4,45.5,45.38,0.2644,172043.69,785941.887
688117.SH,20241212,29.85,30.25,29.65,30.12,29.82,1.006,18372.22,55002.716
688118.SH,20241212,23.58,23.99,23.02,23.53,23.61,-0.3388,33677.12,79207.082
688119.SH,20241212,4.43,4.44,4.35,4.42,4.39,0.6834,73418.98,32339.215
688120.SH,20241212,184.38,188.38,184.03,185.42,184.53,0.4823,27385.14,509262.979
688121.SH,20241212,12.5,12.55,11.9,12.4,13.35,-7.1161,168503.22,204644.068
688122.SH,20241212,46.1,47.19,45.24,46.0,45.89,0.2397,76171.84,349262.041
688123.SH,20241212,61.08,61.12,59.69,60.56,61.07,-0.8351,43662.1,263620.37
688125.SH,20241212,42.64,46.64,42.02,45.53,42.65,6.7526,15349.96,69290.064
688126.SH,20241212,22.38,22.38,21.85,22.04,22.16,-0.5415,151556.5,333901.561
688127.SH,20241212,25.43,25.45,24.8,25.0,25.24,-0.9509,51550.87,128793.303
688128.SH,20241212,22.32,22.38,22.07,22.21,22.25,-0.1798,30351.25,67480.772
688129.SH,20241212,16.96,17.18,16.72,17.12,16.87,1.4819,10787.42,18363.23
688130.SH,20241212,26.77,27.26,26.32,26.92,26.76,0.5979,17454.01,46626.959
688131.SH,20241212,39.18,41.1,39.03,40.95,39.33,4.119,38717.79,157333.641
688132.SH,20241212,19.26,19.98,19.1,19.36,19.09,1.4144,36506.94,70837.35
688133.SH,20241212,25.0,25.78,24.32,25.07,24.23,3.4668,41862.41,104543.478
688135.SH,20241212,19.92,20.11,19.24,19.48,19.9,-2.1106,39030.18,76313.246
688136.SH,20241212,17.77,17.92,17.64,17.88,17.77,0.619,10008.68,17841.728
688137.SH,20241212,37.15,38.1,37.14,37.36,37.25,0.2953,3797.41,14258.221
688138.SH,20241212,25.41,25.41,24.85,25.26,25.41,-0.5903,22044.03,55370.318
688139.SH,20241212,36.25,38.5,36.0,36.32,36.25,0.1931,80263.88,297499.118
688141.SH,20241212,28.08,28.66,27.19,27.6,28.45,-2.9877,172202.12,479233.623
688143.SH,20241212,25.0,26.2,25.0,25.78,25.2,2.3016,32044.77,82512.123
688146.SH,20241212,33.21,33.73,32.98,33.46,33.13,0.9961,41609.51,138809.943
688147.SH,20241212,30.3,30.33,29.68,30.02,30.2,-0.596,34244.64,102723.865
688148.SH,20241212,6.21,6.21,6.01,6.09,6.18,-1.4563,85578.59,52233.502
688150.SH,20241212,23.18,23.19,22.64,23.1,23.01,0.3911,59535.49,136065.797
688151.SH,20241212,17.15,17.51,17.07,17.39,17.06,1.9343,17365.74,30097.825
688152.SH,20241212,64.0,65.68,63.27,64.21,63.55,1.0386,21971.86,140845.117
688153.SH,20241212,42.01,43.58,40.71,42.1,42.4,-0.7075,57963.75,241866.104
688155.SH,20241212,42.78,42.92,41.95,42.62,42.82,-0.4671,18252.17,77571.259
688156.SH,20241212,13.9,14.5,13.74,14.5,13.87,4.5422,24503.7,34836.493
688157.SH,20241212,43.39,43.61,42.51,43.03,43.27,-0.5547,5390.26,23156.152
688158.SH,20241212,15.76,16.23,15.49,15.84,15.74,0.6353,197903.32,313464.685
688159.SH,20241212,33.7,33.98,32.63,33.27,33.77,-1.4806,39839.03,131989.184
688160.SH,20241212,61.75,62.75,58.58,58.73,63.35,-7.2928,50217.09,300336.258
688161.SH,20241212,28.5,28.87,28.02,28.35,28.53,-0.6309,9116.46,25832.309
688162.SH,20241212,24.88,26.48,24.61,25.35,24.85,2.0121,39793.94,101423.809
688163.SH,20241212,20.54,21.96,20.3,21.42,20.36,5.2063,40508.06,86708.45
688165.SH,20241212,36.82,37.69,33.93,34.4,37.7,-8.7533,666501.48,2366400.711
688166.SH,20241212,31.59,34.06,31.01,33.8,31.36,7.7806,165396.68,540828.976
688167.SH,20241212,70.03,70.4,68.06,68.88,71.0,-2.9859,29876.03,206204.425
688168.SH,20241212,41.9,43.94,41.67,42.66,42.44,0.5184,29862.74,127488.569
688169.SH,20241212,225.0,226.83,220.52,223.12,224.51,-0.6191,41975.11,938354.384
688170.SH,20241212,26.77,26.78,26.11,26.41,26.56,-0.5648,26683.22,70447.586
688171.SH,20241212,19.79,19.96,19.5,19.84,19.79,0.2527,8766.32,17331.696
688172.SH,20241212,22.5,23.22,22.1,22.97,22.7,1.1894,80810.8,182892.906
688173.SH,20241212,13.9,13.9,13.36,13.56,13.86,-2.1645,89027.99,120758.592
688176.SH,20241212,7.82,7.87,7.77,7.85,7.81,0.5122,46022.04,36039.668
688177.SH,20241212,22.31,22.49,21.97,22.2,22.27,-0.3143,19265.3,42719.334
688178.SH,20241212,14.22,14.58,14.05,14.55,14.16,2.7542,11669.46,16697.619
688179.SH,20241212,16.2,17.21,16.11,16.64,15.85,4.9842,81423.44,136366.056
688180.SH,20241212,31.15,31.27,30.78,31.04,31.17,-0.4171,54407.35,168631.544
688181.SH,20241212,33.75,34.88,33.4,33.4,33.59,-0.5656,65037.22,222832.524
688182.SH,20241212,19.42,20.3,19.03,19.76,19.41,1.8032,65349.64,128330.109
688183.SH,20241212,37.03,37.6,36.31,37.45,37.03,1.1342,75513.57,280106.941
688184.SH,20241212,15.75,16.05,15.5,15.59,15.72,-0.827,15201.94,23870.435
688185.SH,20241212,67.57,67.58,65.33,66.54,67.55,-1.4952,20180.17,133871.933
688186.SH,20241212,17.49,18.07,17.48,17.76,17.54,1.2543,38865.51,69285.188
688187.SH,20241212,47.86,48.53,47.42,48.27,47.71,1.1738,37533.06,180746.714
688188.SH,20241212,191.73,192.12,189.1,190.43,191.01,-0.3036,6541.57,124346.457
688189.SH,20241212,7.88,8.06,7.85,8.02,7.88,1.7766,55494.56,44385.747
688190.SH,20241212,83.85,84.42,82.6,83.12,83.82,-0.8351,4267.42,35540.938
688191.SH,20241212,18.79,18.83,18.3,18.55,18.74,-1.0139,15447.43,28602.782
688192.SH,20241212,46.86,47.81,46.5,46.62,46.79,-0.3633,22464.52,105667.739
688193.SH,20241212,42.6,43.0,41.5,41.89,42.46,-1.3424,3628.09,15239.712
688195.SH,20241212,43.0,43.03,40.52,41.39,42.31,-2.1744,74030.79,306399.327
688196.SH,20241212,40.79,42.0,40.01,41.49,40.8,1.6912,18813.75,78007.315
688197.SH,20241212,32.53,33.24,31.66,32.86,32.64,0.674,15108.97,48985.161
688198.SH,20241212,118.89,119.52,118.46,118.58,118.44,0.1182,1502.36,17855.528
688199.SH,20241212,17.69,17.95,17.62,17.76,17.72,0.2257,28532.39,50765.111
688200.SH,20241212,109.41,109.88,107.8,108.35,109.07,-0.6601,18786.42,203846.71
688201.SH,20241212,11.79,11.79,10.98,11.15,11.4,-2.193,173769.49,196334.32
688202.SH,20241212,38.0,38.27,37.13,37.8,38.05,-0.657,32530.23,122508.466
688203.SH,20241212,10.86,11.03,10.77,10.94,10.83,1.0157,20332.56,22153.211
688205.SH,20241212,65.59,67.22,65.01,66.66,65.13,2.3491,33569.86,222606.435
688206.SH,20241212,22.94,23.63,22.48,22.78,23.0,-0.9565,51141.76,116898.238
688207.SH,20241212,18.61,18.63,17.4,17.66,18.34,-3.7077,124614.9,222243.45
688208.SH,20241212,36.39,36.48,35.59,36.04,36.21,-0.4695,80443.25,288812.401
688209.SH,20241212,19.17,19.79,18.95,19.27,19.15,0.6266,87865.09,169103.589
688210.SH,20241212,21.4,21.49,20.74,20.99,21.3,-1.4554,52778.72,111053.427
688211.SH,20241212,31.97,32.56,31.86,32.27,32.21,0.1863,3588.45,11526.98
688212.SH,20241212,45.99,47.15,45.38,47.05,46.1,2.0607,14731.36,68393.186
688213.SH,20241212,76.49,77.09,73.82,75.49,76.5,-1.3203,51606.89,387790.078
688215.SH,20241212,24.18,24.35,23.91,24.24,24.18,0.2481,5013.11,12109.6
688216.SH,20241212,25.2,25.63,24.46,25.02,25.24,-0.8716,26323.11,65547.666
688217.SH,20241212,21.12,21.7,21.12,21.5,21.28,1.0338,17337.66,37108.708
688218.SH,20241212,28.4,28.4,25.8,26.06,28.42,-8.304,160435.73,427968.862
688219.SH,20241212,12.2,12.2,11.41,11.6,12.5,-7.2,240950.02,283722.018
688220.SH,20241212,48.5,49.79,44.64,46.55,48.05,-3.1217,198996.54,919376.554
688221.SH,20241212,10.13,10.19,9.66,9.68,10.2,-5.098,79653.15,78263.088
688222.SH,20241212,14.25,14.28,13.81,14.1,14.25,-1.0526,71119.92,99718.051
688223.SH,20241212,8.66,8.66,8.55,8.6,8.64,-0.463,298361.77,256624.263
688225.SH,20241212,22.35,22.77,22.08,22.33,22.8,-2.0614,19906.99,44413.693
688226.SH,20241212,21.75,22.17,21.61,22.12,21.78,1.5611,27913.82,61262.336
688227.SH,20241212,31.0,31.29,30.09,30.64,30.94,-0.9696,29834.37,91148.452
688228.SH,20241212,56.35,58.7,55.02,55.55,57.05,-2.6293,39341.11,221203.929
688229.SH,20241212,49.37,51.0,47.07,48.09,49.37,-2.5927,13581.94,66070.416
688230.SH,20241212,50.9,50.9,49.06,50.44,50.15,0.5783,15459.43,77046.97
688231.SH,20241212,15.65,15.97,15.56,15.84,15.68,1.0204,15687.84,24872.126
688232.SH,20241212,32.44,32.8,32.0,32.7,32.28,1.3011,22899.83,74293.673
688233.SH,20241212,26.34,26.44,25.79,26.11,26.28,-0.6469,25847.12,67249.156
688234.SH,20241212,59.84,59.96,58.55,59.66,59.83,-0.2841,42972.29,254601.088
688235.SH,20241212,161.08,164.73,161.0,163.66,161.89,1.0933,19932.52,324951.913
688236.SH,20241212,14.71,14.78,14.53,14.74,14.73,0.0679,14312.6,21022.232
688237.SH,20241212,25.88,26.52,25.7,26.16,25.95,0.8092,9982.09,26144.894
688238.SH,20241212,6.28,6.34,6.06,6.11,6.22,-1.7685,165350.12,101541.058
688239.SH,20241212,39.4,41.26,39.07,40.1,39.01,2.7942,43734.02,176298.95
688244.SH,20241212,33.8,35.66,32.0,32.25,32.3,-0.1548,43609.16,146326.414
688246.SH,20241212,32.17,32.28,30.51,31.02,31.98,-3.0019,26343.62,82210.667
688247.SH,20241212,12.26,12.3,11.7,11.86,12.68,-6.4669,177511.46,212041.613
688248.SH,20241212,32.85,33.1,32.17,32.47,32.84,-1.1267,28197.98,91594.761
688249.SH,20241212,26.42,27.19,26.42,26.9,26.66,0.9002,363210.9,972001.588
688251.SH,20241212,19.5,19.58,18.7,19.0,19.95,-4.7619,27283.16,51762.318
688252.SH,20241212,24.8,25.17,24.51,24.97,24.92,0.2006,70909.14,176057.463
688253.SH,20241212,41.09,41.37,40.63,40.86,41.07,-0.5113,23437.4,95869.872
688255.SH,20241212,34.8,34.99,31.88,32.23,35.51,-9.2368,95974.61,316706.819
688256.SH,20241212,550.0,576.99,544.2,576.99,544.8,5.9086,85553.01,4823535.551
688257.SH,20241212,17.99,18.36,17.84,18.1,17.99,0.6115,38072.47,68879.633
688258.SH,20241212,37.18,37.44,35.53,36.47,37.2,-1.9624,44889.81,162896.488
688259.SH,20241212,40.28,40.45,39.44,40.34,40.28,0.149,20455.25,81816.459
688260.SH,20241212,18.0,18.43,17.72,18.0,17.94,0.3344,31884.99,57463.399
688261.SH,20241212,48.51,48.66,47.63,48.45,48.66,-0.4316,20975.05,100838.186
688262.SH,20241212,31.45,32.18,31.18,31.65,31.6,0.1582,169546.35,535533.377
688265.SH,20241212,26.69,27.95,26.67,27.15,26.68,1.7616,9559.07,26228.414
688266.SH,20241212,66.8,67.88,66.29,66.92,66.67,0.375,14709.6,98981.35
688267.SH,20241212,23.14,23.68,23.01,23.35,23.14,0.9075,8057.37,18868.522
688268.SH,20241212,52.4,52.84,51.61,52.35,52.35,0.0,10221.26,53249.651
688269.SH,20241212,28.4,28.4,27.87,28.3,28.28,0.0707,12541.31,35338.829
688270.SH,20241212,45.8,45.8,43.91,45.04,45.45,-0.9021,63175.82,283490.581
688271.SH,20241212,142.0,143.3,138.27,139.03,141.2,-1.5368,60011.89,841709.328
688272.SH,20241212,19.57,19.78,19.12,19.38,19.49,-0.5644,13478.22,26077.161
688273.SH,20241212,26.0,26.4,26.0,26.4,26.05,1.3436,8018.01,21050.13
688275.SH,20241212,56.81,56.99,54.0,55.81,56.86,-1.8466,32258.93,177944.857
688276.SH,20241212,27.93,27.99,27.51,27.89,27.79,0.3598,33456.98,93017.453
688277.SH,20241212,12.85,12.88,12.21,12.42,12.81,-3.0445,102157.43,127318.921
688278.SH,20241212,69.03,69.03,67.35,68.07,68.45,-0.5551,24155.94,164247.432
688279.SH,20241212,159.67,160.89,156.78,160.17,158.94,0.7739,6754.52,107131.438
688280.SH,20241212,5.87,5.91,5.76,5.84,5.85,-0.1709,37961.95,22151.689
688281.SH,20241212,96.43,97.72,95.51,96.78,96.0,0.8125,11043.43,106949.235
688282.SH,20241212,33.17,34.6,32.99,34.35,33.17,3.5574,7815.22,26616.498
688283.SH,20241212,29.29,29.85,28.6,29.06,29.64,-1.9568,6419.13,18676.111
688285.SH,20241212,8.1,8.18,8.06,8.13,8.09,0.4944,17947.71,14576.757
688286.SH,20241212,70.89,70.89,66.48,67.5,70.98,-4.9028,32040.28,219145.867
688287.SH,20241212,6.51,6.55,6.42,6.49,6.49,0.0,52849.38,34269.235
688288.SH,20241212,20.16,20.9,19.91,20.38,19.66,3.6623,38908.91,79112.29
688289.SH,20241212,25.0,25.5,24.72,24.79,25.13,-1.353,119643.97,297980.665
688290.SH,20241212,50.4,53.35,47.43,48.56,49.4,-1.7004,86847.1,433717.862
688291.SH,20241212,21.95,22.46,21.67,22.39,21.8,2.7064,15211.85,33772.309
688292.SH,20241212,24.3,25.19,23.34,24.7,23.83,3.6509,55917.38,136072.156
688293.SH,20241212,43.88,45.33,43.22,43.73,43.88,-0.3418,3464.93,15241.184
688295.SH,20241212,22.08,22.22,21.71,21.94,22.08,-0.6341,22677.68,49614.539
688296.SH,20241212,14.03,14.29,13.71,14.02,13.92,0.7184,23004.87,32121.097
688297.SH,20241212,46.23,48.44,45.85,46.05,46.25,-0.4324,137993.07,649048.051
688298.SH,20241212,32.1,32.3,31.55,32.1,32.09,0.0312,25661.9,81799.695
688299.SH,20241212,18.3,18.6,18.05,18.36,18.2,0.8791,62804.65,114697.609
688300.SH,20241212,59.51,60.49,59.05,60.37,59.7,1.1223,25875.16,154571.07
688301.SH,20241212,109.06,112.43,108.6,109.95,109.06,0.8161,9531.38,105115.772
688302.SH,20241212,35.47,35.75,35.01,35.71,35.25,1.305,7372.72,26055.971
688303.SH,20241212,27.2,27.35,26.72,27.11,27.07,0.1478,57899.38,156807.761
688305.SH,20241212,73.5,73.5,71.28,72.6,73.65,-1.4257,14631.16,105618.59
688306.SH,20241212,10.6,11.09,10.13,10.15,10.78,-5.8442,756014.43,797441.919
688307.SH,20241212,28.05,28.05,26.61,26.9,27.81,-3.2722,25000.03,67806.462
688308.SH,20241212,22.09,22.26,21.54,21.72,22.3,-2.6009,29012.5,63167.69
688309.SH,20241212,15.22,15.29,14.96,15.17,15.06,0.7304,5693.45,8615.194
688310.SH,20241212,13.26,13.49,13.01,13.23,13.19,0.3033,12547.05,16505.906
688311.SH,20241212,33.2,37.34,33.11,36.97,32.46,13.894,104863.43,377687.909
688312.SH,20241212,36.1,36.68,34.44,34.96,36.08,-3.1042,23889.41,83840.061
688313.SH,20241212,14.37,14.72,14.15,14.31,14.42,-0.7628,115618.27,166089.807
688314.SH,20241212,32.07,32.27,30.82,31.19,32.07,-2.744,10453.8,32795.551
688315.SH,20241212,14.45,14.45,14.15,14.34,14.41,-0.4858,24644.47,35228.731
688316.SH,20241212,40.7,41.56,39.86,40.7,40.57,0.3204,14108.03,57451.156
688317.SH,20241212,18.59,19.05,18.47,18.63,18.67,-0.2142,34807.15,64847.343
688318.SH,20241212,188.08,204.28,187.44,199.36,189.34,5.2921,76963.42,1509283.12
688319.SH,20241212,12.1,12.28,11.92,12.08,12.0,0.6667,39272.11,47359.478
688320.SH,20241212,53.23,54.67,49.18,50.8,56.2,-9.6085,251635.4,1300699.389
688321.SH,20241212,20.95,21.24,20.9,21.2,20.99,1.0005,35334.83,74536.314
688322.SH,20241212,39.0,39.79,37.88,38.23,39.81,-3.9689,93720.95,360566.753
688323.SH,20241212,14.5,14.5,14.21,14.42,14.4,0.1389,15134.41,21731.427
688325.SH,20241212,52.1,52.1,50.7,51.78,52.34,-1.0699,14553.41,74574.638
688326.SH,20241212,97.0,101.0,93.8,94.81,97.0,-2.2577,16659.04,159983.75
688327.SH,20241212,15.56,15.9,14.31,14.67,15.63,-6.142,741209.94,1108564.282
688328.SH,20241212,18.72,18.75,18.23,18.68,18.7,-0.107,26653.91,49389.484
688329.SH,20241212,17.36,17.99,17.33,17.91,17.35,3.2277,18680.87,33082.353
688330.SH,20241212,29.05,29.13,28.67,28.93,29.02,-0.3101,10218.01,29511.155
688331.SH,20241212,35.44,36.55,34.83,35.89,35.02,2.4843,31903.58,113917.237
688332.SH,20241212,137.0,137.0,125.0,130.14,136.06,-4.351,68681.29,896713.856
688333.SH,20241212,47.5,47.95,46.17,47.7,47.6,0.2101,52558.36,247955.509
688334.SH,20241212,17.0,17.25,16.91,17.16,16.96,1.1792,32598.45,55864.954
688335.SH,20241212,10.3,10.55,10.2,10.51,10.32,1.8411,9455.87,9843.882
688336.SH,20241212,22.43,22.88,22.28,22.6,22.34,1.1638,18604.93,41923.725
688337.SH,20241212,46.66,48.2,45.39,46.62,46.64,-0.0429,21812.71,101291.564
688338.SH,20241212,26.93,27.16,26.77,27.06,26.94,0.4454,6211.71,16770.27
688339.SH,20241212,26.37,26.37,25.72,26.09,26.31,-0.8362,37873.2,98404.76
688343.SH,20241212,46.0,46.2,43.86,45.18,45.42,-0.5284,158313.26,711811.814
688345.SH,20241212,22.36,22.54,22.1,22.4,22.22,0.8101,3466.98,7735.647
688347.SH,20241212,49.19,50.28,48.38,50.01,49.17,1.7084,156755.07,775699.943
688348.SH,20241212,54.55,55.4,54.3,55.05,54.68,0.6767,17780.04,97656.616
688349.SH,20241212,34.5,34.5,33.5,33.54,34.5,-2.7826,23931.4,81403.596
688350.SH,20241212,15.68,15.7,15.05,15.19,15.52,-2.1263,21706.4,33154.288
688351.SH,20241212,23.13,23.45,22.45,22.47,23.06,-2.5585,34823.17,79591.87
688352.SH,20241212,13.77,13.95,13.57,13.86,13.75,0.8,153804.99,211602.774
688353.SH,20241212,27.03,27.03,26.26,26.57,27.3,-2.674,18724.22,49857.642
688355.SH,20241212,19.28,19.42,18.89,19.2,19.28,-0.4149,11744.22,22450.134
688356.SH,20241212,61.68,63.98,61.65,63.2,62.1,1.7713,6295.21,39492.617
688357.SH,20241212,25.91,25.95,25.34,25.92,25.86,0.232,10048.35,25873.027
688358.SH,20241212,28.29,28.29,27.71,28.19,28.29,-0.3535,11674.35,32744.174
688359.SH,20241212,45.0,46.35,44.6,45.7,45.1,1.3304,14275.7,64973.197
688360.SH,20241212,20.1,20.22,19.28,19.59,19.95,-1.8045,37538.18,73552.349
688361.SH,20241212,96.77,99.4,94.82,98.1,96.48,1.6791,57973.72,568338.504
688362.SH,20241212,32.05,32.41,30.89,31.94,32.12,-0.5604,145440.83,460025.392
688363.SH,20241212,60.22,62.6,60.03,62.29,60.56,2.8567,66212.27,409817.851
688365.SH,20241212,10.92,11.15,10.3,10.66,11.0,-3.0909,245349.26,261282.582
688366.SH,20241212,66.8,67.66,66.1,67.29,66.79,0.7486,9930.47,66432.512
688367.SH,20241212,18.13,18.46,17.92,18.28,18.13,0.8274,25882.24,47112.203
688368.SH,20241212,99.55,99.67,95.3,96.68,99.55,-2.883,12327.31,119145.753
688369.SH,20241212,24.11,24.2,23.3,23.68,23.9,-0.9205,36456.07,86219.347
688370.SH,20241212,21.05,21.68,21.01,21.57,21.14,2.0341,8736.29,18689.875
688371.SH,20241212,17.0,17.3,16.7,17.06,17.06,0.0,17460.51,29537.818
688372.SH,20241212,62.49,63.6,61.52,62.43,62.78,-0.5575,24973.49,156316.831
688373.SH,20241212,6.35,6.51,6.25,6.44,6.38,0.9404,109040.13,69505.265
688375.SH,20241212,50.58,51.59,49.86,51.11,50.18,1.8533,24679.03,125014.774
688376.SH,20241212,37.0,37.31,36.57,37.03,37.0,0.0811,9380.28,34676.222
688377.SH,20241212,19.42,19.79,18.72,19.14,19.6,-2.3469,49837.54,96128.19
688378.SH,20241212,25.33,25.45,24.03,24.83,25.33,-1.9739,65695.84,161536.231
688379.SH,20241212,23.71,23.71,23.16,23.38,23.59,-0.8902,9692.27,22660.417
688380.SH,20241212,28.36,28.39,27.66,27.97,28.3,-1.1661,48941.73,136801.002
688381.SH,20241212,21.18,21.27,20.77,21.02,21.17,-0.7085,40240.86,84354.055
688382.SH,20241212,14.17,14.37,13.66,13.86,14.17,-2.1877,128600.13,179095.805
688383.SH,20241212,51.19,51.45,50.22,51.4,51.15,0.4888,11304.95,57377.122
688385.SH,20241212,42.0,42.06,41.1,41.87,42.09,-0.5227,76823.57,319549.338
688386.SH,20241212,32.68,33.24,32.48,33.02,32.86,0.4869,4892.76,16061.552
688387.SH,20241212,6.67,6.73,6.58,6.64,6.69,-0.7474,280692.99,186252.613
688388.SH,20241212,16.84,17.3,16.73,17.17,16.9,1.5976,100032.92,170501.71
688389.SH,20241212,16.2,16.45,15.93,16.39,16.19,1.2353,54294.01,87937.321
688390.SH,20241212,47.39,47.59,46.73,47.3,47.36,-0.1267,36342.23,171556.926
688391.SH,20241212,33.75,34.78,33.71,34.5,33.76,2.1919,24769.42,84866.551
688392.SH,20241212,44.56,45.56,44.15,44.9,44.42,1.0806,9511.64,42661.982
688393.SH,20241212,21.14,21.18,20.9,21.16,21.04,0.5703,7332.65,15445.381
688395.SH,20241212,19.97,20.0,19.4,19.67,19.89,-1.1061,8895.15,17522.468
688396.SH,20241212,49.42,49.42,48.5,48.81,49.16,-0.712,75173.68,366638.754
688398.SH,20241212,15.68,15.68,15.5,15.64,15.6,0.2564,17269.45,26874.631
688399.SH,20241212,71.95,72.71,71.5,72.63,72.1,0.7351,4547.8,32794.872
688400.SH,20241212,26.02,26.25,25.04,25.35,26.13,-2.9851,111055.75,282585.691
688401.SH,20241212,28.68,28.69,28.14,28.46,28.69,-0.8017,20434.06,57953.763
688403.SH,20241212,9.48,9.52,9.28,9.42,9.47,-0.528,164285.56,154181.456
688408.SH,20241212,75.17,78.18,74.63,77.31,75.33,2.6284,25625.65,197056.63
688409.SH,20241212,62.59,62.59,60.9,61.58,62.59,-1.6137,31230.51,192107.734
688410.SH,20241212,13.07,13.09,12.86,12.93,13.03,-0.7675,24089.85,31190.077
688416.SH,20241212,39.34,40.86,37.99,38.84,39.58,-1.8696,41144.07,160690.99
688418.SH,20241212,33.29,33.3,32.18,32.53,33.08,-1.6626,70748.7,231476.903
688419.SH,20241212,35.36,35.53,34.9,35.43,35.22,0.5963,8009.54,28235.022
688420.SH,20241212,25.27,25.36,24.8,25.15,25.2,-0.1984,5405.41,13588.932
688425.SH,20241212,4.84,4.85,4.78,4.8,4.83,-0.6211,304839.99,146392.529
688426.SH,20241212,23.05,23.6,22.3,23.45,22.77,2.9864,14532.3,33627.779
688428.SH,20241212,13.76,13.96,13.6,13.85,13.76,0.6541,27777.33,38370.095
688429.SH,20241212,20.52,21.33,20.32,20.71,20.52,0.9259,29811.13,61957.227
688432.SH,20241212,12.55,12.56,12.34,12.47,12.53,-0.4789,76430.81,95139.3
688433.SH,20241212,24.64,26.58,24.1,26.51,24.89,6.5086,55554.76,140535.591
688435.SH,20241212,39.0,40.38,38.41,39.34,38.4,2.4479,31728.17,125129.571
688439.SH,20241212,59.48,60.75,59.0,59.98,59.48,0.8406,34229.3,205340.276
688443.SH,20241212,28.39,28.96,28.16,28.21,28.42,-0.7389,25149.88,71366.551
688448.SH,20241212,35.01,35.48,34.04,34.6,35.01,-1.1711,8286.96,28635.189
688449.SH,20241212,41.5,41.98,40.25,40.7,41.96,-3.0029,89449.46,366157.14
688450.SH,20241212,27.9,29.39,27.03,27.35,28.26,-3.2201,31232.89,87262.915
688455.SH,20241212,12.3,12.37,11.96,12.1,12.32,-1.7857,16575.51,20100.463
688456.SH,20241212,34.5,35.38,34.3,34.6,34.4,0.5814,18718.3,64957.14
688458.SH,20241212,37.4,37.4,35.51,36.04,37.19,-3.0922,30472.24,109731.838
688459.SH,20241212,10.45,10.5,10.37,10.48,10.47,0.0955,25147.12,26243.864
688466.SH,20241212,15.59,15.8,15.54,15.66,15.71,-0.3183,7805.56,12217.147
688468.SH,20241212,7.69,7.76,7.6,7.76,7.65,1.4379,64970.67,50021.495
688469.SH,20241212,5.86,5.93,5.7,5.81,5.88,-1.1905,1736737.19,1006366.301
688472.SH,20241212,13.96,14.19,13.81,13.98,13.99,-0.0715,574821.42,806767.782
688475.SH,20241212,32.38,32.77,32.21,32.68,32.33,1.0826,32520.08,105858.225
688478.SH,20241212,33.65,33.89,32.55,33.36,33.83,-1.3893,23229.25,77112.276
688479.SH,20241212,20.09,20.24,19.91,20.1,20.09,0.0498,5286.0,10629.178
688480.SH,20241212,29.97,30.32,29.69,30.18,29.95,0.7679,5190.01,15596.548
688484.SH,20241212,41.53,42.15,40.9,41.9,41.71,0.4555,127784.31,531740.802
688485.SH,20241212,10.17,10.35,10.11,10.34,10.12,2.1739,14350.9,14702.504
688486.SH,20241212,72.48,86.7,72.48,79.81,72.3,10.3873,36858.47,292974.864
688488.SH,20241212,9.55,9.74,9.48,9.59,9.52,0.7353,46639.57,44787.633
688489.SH,20241212,41.51,42.35,40.62,40.76,41.36,-1.4507,16553.95,68760.819
688496.SH,20241212,10.26,10.38,9.84,10.04,10.27,-2.2395,63665.38,63776.691
688498.SH,20241212,144.58,147.78,143.0,144.66,144.6,0.0415,21262.87,309048.38
688499.SH,20241212,27.76,28.54,27.52,28.28,27.65,2.2785,93407.99,263633.898
688500.SH,20241212,40.12,40.59,39.55,40.21,40.18,0.0747,13455.86,53727.561
688501.SH,20241212,14.96,15.03,14.73,14.96,14.96,0.0,14116.5,21005.63
688502.SH,20241212,241.02,246.0,240.0,242.18,243.69,-0.6196,12206.92,295923.98
688503.SH,20241212,52.4,56.58,51.8,53.8,52.48,2.5152,96608.46,525192.798
688505.SH,20241212,8.65,8.67,8.54,8.65,8.67,-0.2307,60001.61,51627.37
688506.SH,20241212,208.0,214.7,207.0,210.36,209.03,0.6363,22686.41,479225.159
688507.SH,20241212,69.23,70.29,67.08,69.06,70.35,-1.8337,15254.27,104604.55
688508.SH,20241212,46.55,46.64,45.8,46.24,46.55,-0.666,33789.64,155876.782
688509.SH,20241212,4.91,4.92,4.7,4.8,4.92,-2.439,210401.34,100839.5
688510.SH,20241212,17.85,18.16,17.63,18.0,17.85,0.8403,33777.83,60856.612
688511.SH,20241212,19.91,20.78,19.73,20.23,19.82,2.0686,17247.95,34792.627
688512.SH,20241212,13.0,13.28,12.18,12.42,13.13,-5.4075,205999.73,258867.462
688513.SH,20241212,33.45,34.14,33.33,34.05,33.41,1.9156,19656.78,66436.561
688515.SH,20241212,96.2,99.29,94.6,95.45,95.6,-0.1569,19289.52,186257.569
688516.SH,20241212,46.17,46.32,45.4,46.24,45.99,0.5436,44779.15,205452.081
688517.SH,20241212,14.73,14.84,14.61,14.83,14.71,0.8158,18329.46,27049.636
688518.SH,20241212,20.39,20.4,19.55,20.02,20.22,-0.9891,103902.89,207348.383
688519.SH,20241212,22.15,22.15,21.52,21.89,21.97,-0.3641,12996.97,28327.443
688520.SH,20241212,39.01,39.54,38.78,39.29,38.9,1.0026,20534.45,80455.255
688521.SH,20241212,50.7,50.7,49.0,49.94,50.75,-1.5961,80805.14,401395.832
688522.SH,20241212,59.62,61.49,58.66,60.97,59.96,1.6845,35307.01,212425.376
688523.SH,20241212,23.38,23.68,22.4,22.8,23.2,-1.7241,39712.24,91031.731
688525.SH,20241212,60.39,60.46,59.01,60.21,60.3,-0.1493,101600.44,608545.442
688526.SH,20241212,15.62,15.76,15.37,15.47,15.61,-0.8969,34802.12,53903.688
688528.SH,20241212,11.11,11.22,10.93,11.11,11.07,0.3613,13414.51,14852.132
688529.SH,20241212,20.1,20.25,19.33,19.63,20.57,-4.5698,76520.15,151063.658
688530.SH,20241212,21.74,21.98,21.36,21.84,21.89,-0.2284,23535.27,50992.554
688531.SH,20241212,54.7,55.12,53.96,54.53,54.5,0.055,12237.81,66537.279
688533.SH,20241212,35.49,35.99,35.22,35.79,35.45,0.9591,15366.37,54801.463
688535.SH,20241212,78.01,79.55,76.25,77.91,78.61,-0.8905,21719.38,168757.58
688536.SH,20241212,110.73,111.2,108.24,109.43,111.11,-1.512,18416.15,201430.281
688538.SH,20241212,2.7,2.7,2.64,2.68,2.69,-0.3717,1172739.13,312267.855
688539.SH,20241212,27.19,28.0,26.67,26.99,26.95,0.1484,23829.96,64683.244
688543.SH,20241212,51.03,53.78,51.03,53.73,50.64,6.1019,70038.17,369862.824
688548.SH,20241212,11.64,11.64,11.02,11.46,11.59,-1.1217,223363.37,252818.855
688549.SH,20241212,10.26,10.28,9.98,10.13,10.2,-0.6863,222919.78,225034.171
688550.SH,20241212,32.34,32.61,32.06,32.37,32.29,0.2478,16571.27,53602.773
688551.SH,20241212,31.95,32.18,31.5,32.08,31.95,0.4069,10097.76,32238.322
688552.SH,20241212,20.11,20.68,19.85,20.33,20.11,1.094,25979.62,52585.019
688553.SH,20241212,16.44,17.05,16.38,16.88,16.41,2.8641,49870.42,83629.071
688556.SH,20241212,12.89,12.97,12.76,12.93,12.89,0.3103,77933.74,100326.899
688557.SH,20241212,22.32,22.32,21.65,21.98,22.57,-2.6141,36928.57,80858.215
688558.SH,20241212,23.99,23.99,23.32,23.82,24.07,-1.0386,14611.64,34541.269
688559.SH,20241212,39.31,39.7,38.65,39.17,39.18,-0.0255,41832.74,163520.088
688560.SH,20241212,15.8,15.8,15.47,15.5,15.72,-1.3995,27619.46,43012.222
688561.SH,20241212,31.95,32.8,31.48,31.86,31.78,0.2517,59420.76,190475.309
688562.SH,20241212,18.03,18.24,17.59,17.98,17.97,0.0556,37777.72,67620.951
688563.SH,20241212,60.14,60.95,59.7,60.09,59.75,0.569,44229.75,266614.069
688565.SH,20241212,7.24,7.32,7.14,7.28,7.18,1.3928,26670.88,19304.091
688566.SH,20241212,24.86,25.35,24.86,25.11,25.07,0.1596,10078.25,25292.572
688567.SH,20241212,11.83,11.95,11.7,11.89,11.86,0.253,88121.87,104093.579
688568.SH,20241212,58.65,59.3,57.0,58.54,58.5,0.0684,89302.16,521104.395
688569.SH,20241212,22.76,22.86,22.53,22.8,22.73,0.308,11083.37,25213.625
688570.SH,20241212,22.4,22.42,21.66,21.84,22.31,-2.1067,26795.89,58759.751
688571.SH,20241212,7.06,7.17,7.03,7.1,7.11,-0.1406,40535.64,28764.333
688573.SH,20241212,19.5,20.14,19.16,19.6,19.25,1.8182,40861.5,80101.217
688575.SH,20241212,17.65,17.78,17.55,17.77,17.64,0.737,56334.06,99621.491
688576.SH,20241212,65.82,66.73,65.68,66.29,65.73,0.852,3351.3,22164.192
688577.SH,20241212,46.38,46.89,43.69,45.47,46.81,-2.8626,17544.78,79462.234
688578.SH,20241212,63.58,63.86,61.76,62.24,63.43,-1.8761,60759.82,379960.32
688579.SH,20241212,11.7,11.81,11.14,11.36,11.53,-1.4744,148000.96,168431.402
688580.SH,20241212,31.87,32.46,31.66,32.25,31.92,1.0338,9350.31,30067.773
688581.SH,20241212,64.83,65.67,64.36,65.34,65.19,0.2301,5304.02,34466.076
688582.SH,20241212,54.77,57.2,54.0,54.45,55.11,-1.1976,93859.44,516742.009
688584.SH,20241212,22.74,22.92,22.01,22.4,22.93,-2.3114,55143.73,123538.297
688585.SH,20241212,7.99,7.99,7.65,7.8,7.93,-1.6393,22637.37,17651.963
688586.SH,20241212,10.28,10.4,10.21,10.28,10.23,0.4888,77407.12,79680.325
688588.SH,20241212,15.4,15.84,15.17,15.6,15.25,2.2951,222808.3,345285.007
688589.SH,20241212,29.6,29.69,29.05,29.46,29.55,-0.3046,21885.73,64250.0
688590.SH,20241212,19.35,19.44,17.98,18.81,19.26,-2.3364,173782.6,323392.876
688591.SH,20241212,29.99,31.5,29.0,29.03,29.03,0.0,132953.03,402861.818
688592.SH,20241212,44.07,44.36,42.63,43.57,43.14,0.9968,13868.46,60173.187
688593.SH,20241212,25.3,25.54,23.66,24.41,24.8,-1.5726,124634.02,305755.426
688595.SH,20241212,39.8,39.8,37.81,38.47,39.5,-2.6076,53934.38,207341.689
688596.SH,20241212,37.4,38.18,37.21,38.13,37.51,1.6529,37058.02,140264.139
688597.SH,20241212,9.69,9.74,9.51,9.73,9.71,0.206,25012.22,24100.039
688598.SH,20241212,26.15,26.53,25.73,26.14,26.14,0.0,69040.35,180373.229
688599.SH,20241212,23.45,23.86,23.21,23.75,23.46,1.2361,131009.17,309111.29
688600.SH,20241212,16.32,16.53,15.72,16.08,16.31,-1.4102,37320.7,59696.825
688601.SH,20241212,48.86,49.99,48.06,48.66,48.22,0.9125,58610.11,287156.576
688602.SH,20241212,8.26,8.29,8.03,8.18,8.26,-0.9685,66662.93,54264.967
688603.SH,20241212,122.39,123.26,119.6,122.3,120.95,1.1162,3234.44,39343.876
688605.SH,20241212,85.0,86.9,69.0,71.56,11.29,533.8353,301806.92,2266552.835
688606.SH,20241212,67.27,68.0,67.03,67.35,67.4,-0.0742,6556.22,44184.105
688607.SH,20241212,15.93,16.25,15.86,16.16,15.92,1.5075,13884.38,22345.156
688608.SH,20241212,305.0,305.99,288.26,300.9,297.24,1.2313,36690.04,1086123.419
688609.SH,20241212,12.23,12.23,11.76,12.05,12.15,-0.823,186379.33,222956.578
688610.SH,20241212,41.42,41.69,39.68,40.76,41.32,-1.3553,8342.25,33916.888
688611.SH,20241212,35.65,36.21,35.08,36.2,35.45,2.1157,4510.37,16164.549
688612.SH,20241212,28.39,28.51,27.81,27.83,28.15,-1.1368,37860.67,106252.909
688613.SH,20241212,19.01,20.19,18.56,20.17,18.89,6.7761,78109.26,154174.739
688615.SH,20241212,237.21,243.0,233.33,236.51,238.0,-0.6261,12862.56,304173.978
688616.SH,20241212,11.84,12.03,11.72,11.86,11.85,0.0844,21091.6,24968.638
688617.SH,20241212,361.52,366.0,354.0,365.99,361.92,1.1246,9818.82,354008.197
688618.SH,20241212,24.24,24.25,23.65,24.05,24.15,-0.4141,13596.81,32534.463
688619.SH,20241212,10.42,10.87,10.19,10.3,10.42,-1.1516,49012.37,51073.12
688620.SH,20241212,10.93,10.98,10.18,10.22,10.62,-3.7665,211345.51,221798.785
688621.SH,20241212,42.45,42.66,41.81,42.48,42.38,0.236,23238.48,98058.853
688622.SH,20241212,83.0,87.98,75.51,78.28,84.72,-7.6015,35369.32,286059.626
688623.SH,20241212,60.13,60.68,59.6,60.24,60.28,-0.0664,1321.94,7946.183
688625.SH,20241212,39.81,40.32,39.61,40.32,39.7,1.5617,2483.26,9946.139
688626.SH,20241212,34.43,35.35,33.85,33.98,34.38,-1.1635,19460.4,67095.085
688627.SH,20241212,74.1,76.5,73.12,74.67,74.67,0.0,12496.16,93356.552
688628.SH,20241212,38.8,38.95,37.45,37.89,38.47,-1.5077,15473.48,58772.285
688629.SH,20241212,36.1,36.3,35.38,35.85,36.38,-1.4568,108847.1,389839.647
688630.SH,20241212,65.16,65.76,64.58,65.27,65.16,0.1688,17527.49,114154.658
688631.SH,20241212,105.0,110.0,101.45,108.78,104.59,4.0061,49740.0,530445.444
688633.SH,20241212,25.14,25.49,24.81,25.17,25.01,0.6397,18182.99,45599.47
688636.SH,20241212,32.16,33.86,31.95,32.66,31.9,2.3824,58310.39,191622.416
688638.SH,20241212,31.23,31.48,30.9,31.3,31.23,0.2241,2661.11,8309.454
688639.SH,20241212,37.29,37.29,36.3,37.01,37.2,-0.5108,42155.17,154956.177
688646.SH,20241212,37.0,37.5,36.0,37.07,36.87,0.5424,14762.3,54248.617
688648.SH,20241212,26.48,26.48,25.83,26.25,26.25,0.0,13954.91,36460.525
688651.SH,20241212,43.04,43.04,41.25,42.46,43.04,-1.3476,10793.97,45399.324
688652.SH,20241212,53.4,54.3,53.23,53.65,53.99,-0.6297,16504.13,88667.078
688653.SH,20241212,14.94,15.12,14.37,14.69,14.95,-1.7391,103296.07,151302.005
688655.SH,20241212,12.64,12.76,12.35,12.49,12.61,-0.9516,17455.55,21807.002
688656.SH,20241212,109.85,114.94,106.85,111.45,110.1,1.2262,16747.07,186121.847
688657.SH,20241212,45.9,46.29,45.02,45.82,45.74,0.1749,4429.02,20262.422
688658.SH,20241212,20.35,20.7,19.87,20.6,20.54,0.2921,70083.23,141528.624
688659.SH,20241212,8.49,8.62,8.42,8.59,8.48,1.2972,27011.73,23038.123
688660.SH,20241212,9.15,9.23,8.88,9.03,9.24,-2.2727,430574.09,388881.631
688661.SH,20241212,37.93,38.39,37.2,37.35,37.41,-0.1604,17792.8,67003.999
688662.SH,20241212,35.17,35.28,34.25,34.88,35.39,-1.4411,13724.23,47709.112
688663.SH,20241212,23.2,23.22,22.93,23.15,23.1,0.2165,13484.91,31165.749
688665.SH,20241212,35.23,35.48,33.23,33.52,34.68,-3.3449,25653.33,87212.816
688667.SH,20241212,44.92,45.13,43.7,44.64,45.13,-1.0858,4935.84,21844.521
688668.SH,20241212,38.63,40.2,37.93,38.4,37.51,2.3727,63315.58,245964.084
688669.SH,20241212,16.33,17.3,16.31,17.14,16.4,4.5122,26894.63,45236.828
688670.SH,20241212,15.8,16.14,15.72,16.0,15.7,1.9108,14410.05,22933.611
688671.SH,20241212,21.01,21.07,20.68,21.02,21.0,0.0952,10206.0,21376.132
688676.SH,20241212,32.7,32.82,31.91,32.41,32.55,-0.4301,77162.71,248491.513
688677.SH,20241212,37.76,38.75,37.41,38.06,37.68,1.0085,7223.72,27493.019
688678.SH,20241212,15.28,15.77,14.7,15.0,14.94,0.4016,92621.27,140533.813
688679.SH,20241212,10.92,11.22,10.8,11.18,10.92,2.381,12539.88,13829.558
688680.SH,20241212,38.1,38.84,38.01,38.53,38.2,0.8639,19279.01,74017.914
688681.SH,20241212,12.95,12.98,12.71,12.88,12.8,0.625,20122.89,25948.759
688682.SH,20241212,38.91,39.86,38.41,39.2,39.12,0.2045,11878.89,46395.203
688683.SH,20241212,21.88,23.0,21.87,23.0,21.88,5.1188,18315.16,41485.576
688685.SH,20241212,35.37,35.98,34.7,34.93,35.0,-0.2,27985.71,98587.232
688686.SH,20241212,81.08,82.79,78.85,80.11,82.99,-3.4703,36622.42,295351.452
688687.SH,20241212,25.87,26.02,25.61,25.91,25.87,0.1546,23838.51,61536.154
688689.SH,20241212,25.28,25.48,24.66,25.13,25.28,-0.5934,15744.55,39425.127
688690.SH,20241212,20.85,20.85,20.28,20.51,20.81,-1.4416,49381.37,101228.208
688691.SH,20241212,72.23,72.97,71.1,72.31,72.9,-0.8093,18523.6,132922.579
688692.SH,20241212,375.18,387.02,367.0,387.02,381.68,1.3991,13137.3,496182.182
688693.SH,20241212,36.7,37.11,35.95,36.62,36.7,-0.218,15003.2,54700.646
688695.SH,20241212,36.0,36.8,35.51,36.08,36.2,-0.3315,14453.42,52190.366
688696.SH,20241212,96.04,100.65,94.7,100.0,96.04,4.1233,15718.62,153882.277
688697.SH,20241212,18.37,18.54,17.87,18.28,18.53,-1.3492,40271.98,73169.056
688698.SH,20241212,49.71,50.59,47.09,48.33,50.0,-3.34,129860.34,630468.109
688699.SH,20241212,39.38,39.78,38.3,39.02,39.31,-0.7377,9216.64,35860.643
688700.SH,20241212,29.73,30.58,29.73,30.37,29.9,1.5719,39600.45,119416.655
688701.SH,20241212,6.75,6.81,6.7,6.78,6.73,0.7429,17515.39,11820.042
688702.SH,20241212,73.44,74.2,71.8,72.62,73.65,-1.3985,30682.21,223513.243
688707.SH,20241212,13.45,13.5,13.17,13.3,13.45,-1.1152,72406.23,96326.735
688708.SH,20241212,65.3,66.45,64.02,64.2,65.06,-1.3219,69673.24,452992.429
688709.SH,20241212,37.38,37.4,35.6,36.76,38.22,-3.82,167885.94,609743.665
688710.SH,20241212,42.44,43.09,41.78,42.36,42.48,-0.2825,16465.59,69514.554
688711.SH,20241212,20.62,20.66,20.04,20.36,20.59,-1.117,53789.62,109249.941
688716.SH,20241212,43.57,45.44,41.17,41.28,46.98,-12.1328,182916.27,792078.141
688717.SH,20241212,56.31,56.78,55.9,56.63,56.3,0.5861,9803.14,55300.543
688718.SH,20241212,12.29,12.39,12.06,12.2,12.23,-0.2453,11695.3,14263.0
688719.SH,20241212,32.16,32.64,31.2,31.65,32.48,-2.5554,17708.25,56082.971
688720.SH,20241212,44.0,44.49,43.14,43.8,44.25,-1.0169,24446.47,106788.427
688721.SH,20241212,64.2,65.6,62.38,65.1,64.87,0.3546,22972.14,146494.511
688722.SH,20241212,14.53,14.75,14.06,14.23,14.65,-2.8669,61513.16,87585.743
688726.SH,20241212,52.47,52.5,51.27,52.29,52.46,-0.3241,19539.78,101378.461
688728.SH,20241212,16.52,16.88,15.95,16.65,16.35,1.8349,175796.78,287280.29
688733.SH,20241212,24.1,24.1,22.77,23.02,23.96,-3.9232,73942.92,171243.192
688737.SH,20241212,24.0,24.34,22.6,23.11,23.87,-3.1839,40277.97,93820.49
688739.SH,20241212,27.8,28.06,27.71,28.04,27.8,0.8633,20928.43,58429.418
688750.SH,20241212,22.32,22.46,22.01,22.29,22.32,-0.1344,57708.24,128298.452
688766.SH,20241212,103.88,109.86,102.9,106.8,104.42,2.2793,68081.55,726688.908
688767.SH,20241212,33.38,34.4,33.22,33.78,33.38,1.1983,6636.26,22501.655
688768.SH,20241212,38.02,38.03,36.36,37.56,37.62,-0.1595,12764.49,47483.39
688772.SH,20241212,17.25,17.29,16.82,17.08,17.08,0.0,82801.02,141252.117
688776.SH,20241212,60.52,62.68,59.18,60.07,60.52,-0.7436,14668.32,88789.769
688777.SH,20241212,50.29,50.35,49.14,49.93,50.3,-0.7356,143674.39,714515.282
688778.SH,20241212,49.9,54.1,49.9,53.06,49.8,6.5462,108072.92,563639.081
688779.SH,20241212,6.03,6.09,5.99,6.06,6.02,0.6645,272857.9,164846.316
688786.SH,20241212,25.68,26.27,25.43,25.68,26.0,-1.2308,14058.19,36226.567
688787.SH,20241212,142.61,151.48,129.0,132.0,136.08,-2.9982,110827.18,1545356.249
688788.SH,20241212,35.18,39.5,35.18,38.05,35.21,8.0659,29007.18,108507.605
688789.SH,20241212,65.9,69.49,65.55,68.93,65.91,4.582,37908.41,258770.085
688793.SH,20241212,32.18,32.19,31.14,31.97,32.19,-0.6834,24398.15,77200.001
688798.SH,20241212,80.73,84.86,79.3,83.37,79.66,4.6573,55684.83,459933.168
688799.SH,20241212,41.77,42.2,41.5,42.01,41.77,0.5746,10668.9,44771.498
688800.SH,20241212,43.7,45.0,42.87,43.82,43.29,1.2243,80145.97,353705.076
688819.SH,20241212,29.27,29.43,28.98,29.24,29.23,0.0342,41290.08,120629.351
688981.SH,20241212,87.16,88.2,85.69,87.17,86.82,0.4031,444897.57,3859300.466
689009.SH,20241212,47.8,48.8,47.44,48.36,47.96,0.834,77923.41,375873.017
920779.BJ,20241212,39.77,42.95,38.08,40.87,39.55,3.3375,25170.65,101108.606
920799.BJ,20241212,61.3,61.99,58.7,60.65,61.06,-0.6715,50143.89,302273.544
920809.BJ,20241212,6.72,6.78,6.43,6.67,6.72,-0.744,96508.59,63581.745
920832.BJ,20241212,7.34,7.48,7.05,7.46,7.28,2.4725,40842.34,29508.372
920839.BJ,20241212,22.92,22.92,21.55,21.65,23.15,-6.4795,33782.23,74236.863
920879.BJ,20241212,13.57,13.88,13.09,13.66,13.62,0.2937,10177.15,13691.956
920896.BJ,20241212,18.86,19.31,17.5,18.03,19.13,-5.7501,49013.67,88693.825
920946.BJ,20241212,11.31,11.44,11.03,11.15,11.32,-1.5018,52604.38,58695.6
920964.BJ,20241212,8.84,9.05,8.46,8.94,8.82,1.3605,113601.72,99611.381
920974.BJ,20241212,8.14,8.52,8.0,8.45,8.11,4.1924,28723.73,23692.839
920010.BJ,20241212,8.98,9.65,8.86,9.4,8.94,5.1454,128926.35,120454.264
920039.BJ,20241212,9.38,9.43,9.0,9.4,9.29,1.1841,18227.03,16836.662
920087.BJ,20241212,13.27,13.94,13.02,13.88,13.37,3.8145,70595.91,95449.951
920152.BJ,20241212,14.47,14.75,14.22,14.69,14.47,1.5204,14881.25,21558.486
920267.BJ,20241212,26.03,26.03,24.36,25.18,26.25,-4.0762,22189.43,55514.486
920375.BJ,20241212,16.86,17.04,16.06,17.03,16.73,1.7932,20236.78,33510.002
920195.BJ,20241212,13.46,13.46,12.96,13.39,13.38,0.0747,18223.27,24050.087
920378.BJ,20241212,11.3,11.3,10.43,10.77,11.16,-3.4946,71081.07,76337.751
920304.BJ,20241212,15.34,15.34,13.96,14.79,15.3,-3.3333,116643.04,169921.524
920405.BJ,20241212,16.99,17.46,16.66,17.3,17.16,0.8159,17083.12,29256.711
920370.BJ,20241212,4.89,4.95,4.71,4.84,4.87,-0.616,67303.54,32456.888
920496.BJ,20241212,12.1,12.3,11.35,11.73,12.35,-5.0202,126943.34,148744.933
920445.BJ,20241212,9.34,9.77,8.95,9.63,9.29,3.6598,66067.59,61859.348
920526.BJ,20241212,33.47,33.47,31.5,32.15,32.65,-1.5314,11968.66,38660.009
920627.BJ,20241212,23.06,25.36,22.5,24.99,23.24,7.5301,54962.13,132789.129
920641.BJ,20241212,16.46,16.46,15.21,16.0,16.17,-1.0513,26713.84,41949.841
920689.BJ,20241212,19.99,20.18,19.0,19.77,19.91,-0.7032,10307.9,20149.822
920726.BJ,20241212,25.68,27.44,24.7,26.61,25.99,2.3855,91019.11,238061.209
920768.BJ,20241212,9.07,9.2,8.69,9.11,9.07,0.441,45913.72,41028.957
920932.BJ,20241212,27.21,28.5,26.1,28.36,27.08,4.7267,36097.05,97544.536
920834.BJ,20241212,9.06,9.29,8.58,9.23,8.95,3.1285,14182.66,12661.197
920855.BJ,20241212,20.62,21.15,19.72,21.06,20.41,3.1847,33772.96,69279.138
920856.BJ,20241212,11.2,11.38,10.45,10.98,11.15,-1.5247,27079.11,29133.85
920906.BJ,20241212,24.9,25.2,23.68,24.91,25.72,-3.1493,63679.29,155250.07
920961.BJ,20241212,19.3,19.3,17.89,18.6,19.13,-2.7705,63849.26,118077.867
920000.BJ,20241212,23.74,24.42,22.61,23.18,24.42,-5.0778,45380.97,104934.848
920023.BJ,20241212,6.04,6.43,5.89,6.26,6.07,3.1301,223165.83,136110.154
920089.BJ,20241212,14.08,14.19,13.45,13.87,14.05,-1.2811,33276.48,45866.223
920110.BJ,20241212,32.0,34.56,31.0,34.56,31.72,8.9533,13316.58,44013.177
920145.BJ,20241212,12.12,12.18,11.43,11.99,12.13,-1.1542,29880.23,35185.921
920249.BJ,20241212,12.29,12.35,11.55,11.96,12.14,-1.4827,78780.72,93401.825
920171.BJ,20241212,25.84,26.9,24.72,25.58,25.58,0.0,80466.02,206814.252
920175.BJ,20241212,13.48,14.77,12.7,14.6,13.34,9.4453,122868.57,168715.987
920225.BJ,20241212,13.66,13.66,13.0,13.32,13.54,-1.6248,33659.16,44630.114
920278.BJ,20241212,9.0,9.18,8.81,9.12,9.02,1.1086,30026.14,27001.121
920419.BJ,20241212,15.83,16.22,15.1,16.16,15.91,1.5713,32964.81,51493.556
920469.BJ,20241212,15.86,16.12,15.0,15.26,16.75,-8.8955,140176.64,216248.974
920471.BJ,20241212,15.75,15.9,15.2,15.9,15.66,1.5326,16738.92,26190.999
920491.BJ,20241212,25.31,25.31,24.18,24.3,25.37,-4.2176,79071.51,194240.929
920522.BJ,20241212,45.55,51.0,45.5,48.89,46.0,6.2826,62490.35,301916.574
920566.BJ,20241212,11.38,11.56,11.13,11.41,11.36,0.4401,55176.47,62606.533
920651.BJ,20241212,25.74,25.94,24.21,25.13,26.0,-3.3462,12677.3,31470.871
920662.BJ,20241212,18.76,18.98,17.87,18.89,18.63,1.3956,22545.83,41472.182
920735.BJ,20241212,35.83,36.6,35.21,36.02,35.9,0.3343,12900.47,46351.744
920786.BJ,20241212,9.46,12.0,9.2,11.01,9.65,14.0933,466015.18,490138.795
920802.BJ,20241212,20.5,22.1,20.31,20.58,19.82,3.8345,29987.8,62929.314
920876.BJ,20241212,22.1,22.88,21.66,22.3,22.52,-0.9769,14379.72,31872.761
920885.BJ,20241212,14.58,14.58,14.04,14.38,14.48,-0.6906,24447.37,34936.332
920978.BJ,20241212,15.36,15.37,14.72,15.16,15.21,-0.3287,32150.17,48213.879
920982.BJ,20241212,222.0,222.0,217.2,221.58,220.3,0.581,2725.04,60020.208
920130.BJ,20241212,19.01,20.27,19.01,19.85,20.09,-1.1946,25188.51,49909.389
920075.BJ,20241212,33.91,34.93,32.73,34.85,33.44,4.2165,43065.17,145775.02
920571.BJ,20241212,6.64,6.64,6.43,6.55,6.6,-0.7576,105212.91,68654.93
920230.BJ,20241212,18.31,18.65,17.51,17.9,18.17,-1.486,19933.22,35506.042
920266.BJ,20241212,11.47,11.9,11.27,11.64,11.38,2.2847,31608.4,36654.858
920284.BJ,20241212,17.01,20.32,15.84,18.82,16.79,12.0905,171624.94,309474.447
920346.BJ,20241212,26.0,27.0,25.55,26.49,27.51,-3.7077,30651.81,80442.439
920394.BJ,20241212,22.4,22.48,21.66,22.09,22.3,-0.9417,24487.85,53876.02
920427.BJ,20241212,13.33,13.35,12.7,13.29,13.38,-0.6726,8611.72,11218.787
920429.BJ,20241212,18.45,19.9,17.75,19.35,18.7,3.4759,65444.43,122639.381
920454.BJ,20241212,15.8,16.07,15.5,15.9,15.76,0.8883,27175.14,42922.552
920455.BJ,20241212,9.08,9.19,8.66,9.04,9.08,-0.4405,14396.62,12827.292
920509.BJ,20241212,17.61,17.78,17.07,17.31,17.79,-2.6981,26309.97,45743.672
920523.BJ,20241212,23.18,23.99,22.36,23.54,23.19,1.5093,30600.03,70972.17
920533.BJ,20241212,35.6,37.33,33.41,34.05,34.9,-2.4355,68869.83,241682.747
920575.BJ,20241212,19.39,19.46,18.92,19.37,19.35,0.1034,20429.26,39292.434
920580.BJ,20241212,13.1,13.25,12.25,13.21,12.92,2.2446,32517.45,41350.852
920751.BJ,20241212,14.27,14.43,13.59,14.37,14.18,1.3399,30025.73,42050.869
920781.BJ,20241212,8.65,8.77,8.15,8.51,8.66,-1.7321,56972.34,48111.481
920819.BJ,20241212,4.45,4.51,4.35,4.48,4.49,-0.2227,174082.05,77142.112
920873.BJ,20241212,6.2,6.28,5.88,6.14,6.2,-0.9677,102896.84,62318.413
920914.BJ,20241212,15.15,15.15,14.67,15.06,14.99,0.467,22981.72,34326.729
920943.BJ,20241212,19.3,19.95,18.43,18.9,20.18,-6.3429,48417.44,92438.746
920014.BJ,20241212,12.39,12.44,11.88,12.43,12.3,1.0569,23032.92,28117.802
920021.BJ,20241212,8.43,8.62,7.9,8.05,8.49,-5.1826,255280.67,207911.013
920033.BJ,20241212,23.43,24.0,22.8,23.9,23.64,1.0998,14987.51,35060.192
920058.BJ,20241212,28.53,30.0,27.8,29.68,28.32,4.8023,9783.4,27962.93
920062.BJ,20241212,8.39,8.4,8.06,8.4,8.34,0.7194,50576.9,41808.659
920261.BJ,20241212,10.6,11.06,10.27,10.9,10.47,4.107,34797.67,37346.915
920407.BJ,20241212,25.01,25.3,23.88,24.21,26.49,-8.607,40038.53,97408.783
920415.BJ,20241212,18.07,18.7,17.67,18.66,18.04,3.4368,50769.68,92924.826
920475.BJ,20241212,20.88,21.68,20.13,21.57,20.5,5.2195,40676.76,85293.204
920599.BJ,20241212,14.31,14.5,14.07,14.41,14.36,0.3482,53182.79,76075.843
920639.BJ,20241212,7.13,7.21,6.95,7.17,7.1,0.9859,31736.03,22543.943
920682.BJ,20241212,8.78,9.09,8.73,8.98,8.92,0.6726,37171.09,33093.478
920765.BJ,20241212,23.13,23.8,22.28,23.67,23.13,2.3346,27407.98,63734.666
920770.BJ,20241212,19.11,19.66,18.01,19.6,19.12,2.5105,62281.34,118258.961
920950.BJ,20241212,21.17,21.2,19.8,20.67,21.09,-1.9915,7447.0,15234.682
920174.BJ,20241212,39.0,44.42,37.77,37.94,42.0,-9.6667,109177.98,442109.312
920179.BJ,20241212,32.19,32.19,30.74,31.16,32.01,-2.6554,21930.7,68471.47
920184.BJ,20241212,13.9,13.9,13.1,13.56,13.65,-0.6593,24001.2,32244.612
920185.BJ,20241212,23.33,23.55,23.0,23.33,23.54,-0.8921,44168.47,102630.253
920207.BJ,20241212,22.23,22.39,21.28,21.93,22.32,-1.7473,48161.95,105496.939
920237.BJ,20241212,25.96,27.3,24.8,26.92,25.97,3.6581,27465.37,71844.374
920305.BJ,20241212,22.96,23.1,21.82,22.15,22.69,-2.3799,41410.42,92375.646
920368.BJ,20241212,37.76,37.91,36.75,37.55,37.77,-0.5825,22057.05,82385.653
920438.BJ,20241212,19.54,19.56,18.8,19.47,19.51,-0.205,40357.17,77574.493
920508.BJ,20241212,35.96,37.68,33.98,37.2,35.92,3.5635,27117.71,98107.571
920579.BJ,20241212,22.2,22.53,21.55,21.96,22.48,-2.3132,31982.69,70216.785
920640.BJ,20241212,30.99,31.0,28.34,28.92,31.77,-8.9707,139033.21,410414.715
920670.BJ,20241212,20.19,20.29,18.8,19.39,19.97,-2.9044,58745.01,113794.232
920057.BJ,20241212,7.33,7.5,7.06,7.47,7.34,1.7711,50606.12,36640.01
920992.BJ,20241212,15.79,15.79,14.83,15.47,15.57,-0.6423,19523.56,29763.31
920985.BJ,20241212,11.74,11.98,11.6,11.88,11.76,1.0204,46214.26,54497.97
920077.BJ,20241212,13.65,14.73,13.38,14.53,13.71,5.981,164208.88,235326.517
920149.BJ,20241212,16.95,16.97,15.67,16.04,16.31,-1.6554,37873.26,61115.873
920208.BJ,20241212,35.46,36.98,34.0,36.7,35.71,2.7723,28530.42,101230.697
920221.BJ,20241212,18.32,18.41,17.44,18.41,18.31,0.5461,22874.79,41037.04
920239.BJ,20241212,36.28,37.35,35.02,36.58,36.28,0.8269,22816.54,82369.049
920247.BJ,20241212,28.02,28.5,26.6,26.85,28.92,-7.1577,47844.06,130499.51
920260.BJ,20241212,11.22,11.5,10.7,11.47,11.17,2.6858,31712.82,35087.964
920263.BJ,20241212,9.35,9.35,8.83,9.15,9.23,-0.8667,20590.32,18614.292
920270.BJ,20241212,12.95,13.69,12.5,13.68,13.0,5.2308,25452.59,33586.879
920395.BJ,20241212,14.64,14.89,13.89,14.72,14.41,2.1513,17217.81,24921.768
920414.BJ,20241212,14.74,14.85,13.66,14.36,14.56,-1.3736,35868.65,50832.125
920519.BJ,20241212,12.2,12.2,11.59,12.17,12.05,0.9959,24841.31,29517.641
920422.BJ,20241212,15.11,17.24,14.86,15.88,16.61,-4.3949,136084.79,217583.326
920433.BJ,20241212,7.52,7.98,7.31,7.66,7.42,3.2345,102105.21,78376.582
920504.BJ,20241212,24.5,24.97,23.0,23.75,24.77,-4.1179,23943.37,56622.429
920547.BJ,20241212,19.66,20.06,19.12,20.03,19.66,1.882,13915.98,27361.107
920675.BJ,20241212,9.88,10.18,9.6,10.15,9.98,1.7034,20368.72,20174.033
920699.BJ,20241212,43.19,43.25,40.5,41.99,43.41,-3.2711,9017.24,37626.765
920717.BJ,20241212,10.39,10.75,10.12,10.6,10.24,3.5156,34704.16,36277.267
920720.BJ,20241212,19.6,20.98,19.32,20.01,19.3,3.6788,54728.71,110891.73
920807.BJ,20241212,10.3,10.32,9.75,10.28,10.3,-0.1942,48748.51,49122.278
920826.BJ,20241212,14.03,15.48,13.6,15.07,14.52,3.7879,235650.54,339785.541
920871.BJ,20241212,14.11,14.44,13.75,14.4,14.09,2.2001,13872.12,19609.975
920892.BJ,20241212,13.51,13.51,13.0,13.44,13.56,-0.885,12672.16,16802.761
920942.BJ,20241212,15.06,15.47,14.5,15.4,15.17,1.5162,12036.4,18094.183
920957.BJ,20241212,12.4,12.83,11.95,12.78,12.45,2.6506,18045.15,22303.421
920061.BJ,20241212,37.4,37.5,36.03,36.38,37.88,-3.9599,25173.99,92112.443
920006.BJ,20241212,26.88,28.69,26.88,27.44,27.1,1.2546,32418.33,89954.61
920123.BJ,20241212,17.33,18.55,16.58,17.81,17.91,-0.5583,69824.79,120319.81
920046.BJ,20241212,13.8,14.45,13.5,14.14,13.55,4.3542,39145.67,54882.07
920092.BJ,20241212,42.0,42.77,40.62,41.89,42.6,-1.6667,20753.86,86310.647
920274.BJ,20241212,14.35,14.83,13.54,14.69,14.26,3.0154,24133.86,34126.287
920212.BJ,20241212,17.7,17.78,16.9,17.29,17.84,-3.083,28560.44,49415.529
920242.BJ,20241212,27.86,27.86,26.58,27.35,27.66,-1.1208,14788.51,40178.578
920344.BJ,20241212,22.35,22.37,21.08,21.59,21.64,-0.2311,6262.61,13410.107
920403.BJ,20241212,21.4,21.99,20.58,21.75,21.65,0.4619,29968.56,63840.21
920592.BJ,20241212,75.0,78.0,73.0,75.01,74.57,0.59,29714.01,223387.332
920663.BJ,20241212,17.38,17.69,16.88,17.48,17.43,0.2869,22080.59,37944.298
920748.BJ,20241212,24.3,24.86,23.3,24.84,24.35,2.0123,16028.37,38646.768
920821.BJ,20241212,32.49,32.78,31.6,32.41,32.12,0.9029,14550.61,47109.394
920030.BJ,20241212,7.14,7.28,6.88,7.16,7.14,0.2801,53419.76,37719.625
920163.BJ,20241212,16.63,16.99,16.53,16.99,16.66,1.9808,11242.85,18824.17
920271.BJ,20241212,19.39,19.4,18.47,18.8,19.53,-3.7378,34515.82,64748.562
920227.BJ,20241212,57.5,62.9,54.0,55.15,52.54,4.9676,30239.16,175839.266
920262.BJ,20241212,22.91,25.0,21.48,24.47,22.89,6.9026,38437.16,89544.603
920275.BJ,20241212,8.18,8.8,7.78,8.7,8.21,5.9683,107628.05,89255.305
920402.BJ,20241212,11.02,11.02,10.51,10.85,10.93,-0.7319,48772.84,52671.42
920870.BJ,20241212,18.36,18.67,17.0,17.88,18.52,-3.4557,71524.96,125931.533
920701.BJ,20241212,31.04,31.8,30.2,31.19,32.06,-2.7137,19268.89,59836.834
920810.BJ,20241212,11.2,11.3,10.51,11.11,11.14,-0.2693,15953.57,17461.41
920837.BJ,20241212,13.59,13.59,12.89,13.28,13.47,-1.4105,28041.29,37058.22
920924.BJ,20241212,16.82,17.78,16.82,17.42,16.67,4.4991,45344.13,78293.511
920971.BJ,20241212,31.04,31.31,29.76,30.53,31.04,-1.643,27658.63,84123.088
920167.BJ,20241212,22.95,23.48,22.19,22.86,22.78,0.3512,17940.4,40888.057
920273.BJ,20241212,25.51,27.49,24.12,26.12,26.0,0.4615,36755.38,93997.478
920371.BJ,20241212,8.92,10.0,8.73,9.6,9.1,5.4945,134050.47,125701.209
920493.BJ,20241212,64.98,69.0,64.5,66.02,65.01,1.5536,24093.7,161628.49
920680.BJ,20241212,17.79,20.58,17.58,20.06,17.8,12.6966,135908.26,266441.244
920719.BJ,20241212,13.05,13.54,12.26,13.32,12.9,3.2558,90796.18,117489.481
920725.BJ,20241212,36.81,37.65,34.4,35.6,38.51,-7.5565,74527.61,267109.872
920729.BJ,20241212,8.19,8.28,8.02,8.26,8.2,0.7317,17415.31,14256.412
920790.BJ,20241212,38.69,43.9,38.08,42.07,38.5,9.2727,95988.14,391739.652
920792.BJ,20241212,10.86,11.48,10.8,11.4,11.01,3.5422,32988.1,36659.514
920146.BJ,20241212,8.68,8.68,8.12,8.44,8.47,-0.3542,49520.13,41447.344
920199.BJ,20241212,26.66,27.48,25.18,27.29,26.3,3.7643,28238.21,74518.187
920204.BJ,20241212,21.42,21.76,21.0,21.7,21.4,1.4019,21028.46,45093.543
920299.BJ,20241212,11.75,12.01,11.43,11.94,11.6,2.931,27007.88,31564.188
920357.BJ,20241212,24.88,24.94,22.9,23.88,24.72,-3.3981,34889.89,82497.811
920436.BJ,20241212,23.8,24.48,22.41,23.99,23.69,1.2664,25997.03,60625.179
920608.BJ,20241212,15.0,15.27,14.31,15.26,14.89,2.4849,9713.41,14276.146
920656.BJ,20241212,20.24,20.44,19.87,20.43,20.16,1.3393,10298.81,20737.218
920926.BJ,20241212,26.01,28.5,24.35,28.01,26.48,5.7779,61473.48,162775.157
920866.BJ,20241212,8.81,9.06,8.61,9.02,8.74,3.2037,28267.37,24958.652
920976.BJ,20241212,21.24,22.73,20.01,22.42,21.43,4.6197,30761.36,65369.147
920245.BJ,20241212,33.5,36.61,33.06,34.57,34.83,-0.7465,27796.18,97387.151
920363.BJ,20241212,18.1,18.75,17.29,18.57,18.23,1.8651,31403.95,56424.352
920396.BJ,20241212,18.42,18.65,17.7,18.55,18.24,1.6996,11981.09,21749.422
920578.BJ,20241212,31.5,31.6,30.0,30.36,31.81,-4.5583,49722.75,151337.393
920553.BJ,20241212,8.9,9.15,8.48,9.05,8.88,1.9144,43813.45,38615.831
920634.BJ,20241212,19.4,19.78,18.67,19.52,19.8,-1.4141,12908.51,24914.907
920642.BJ,20241212,12.59,13.39,12.59,13.02,12.67,2.7624,38659.29,50473.451
920694.BJ,20241212,17.94,18.56,17.67,18.47,17.83,3.5895,11121.8,20201.937
920753.BJ,20241212,34.0,35.0,33.98,34.38,33.98,1.1772,12957.54,44696.796
920857.BJ,20241212,17.5,17.5,16.82,17.25,17.4,-0.8621,10930.6,18655.336
920970.BJ,20241212,7.32,7.49,6.88,7.48,7.32,2.1858,38907.81,28175.753
920981.BJ,20241212,35.02,35.76,33.77,34.8,35.03,-0.6566,17736.03,61386.539
920190.BJ,20241212,23.41,23.91,22.22,23.1,23.55,-1.9108,57314.28,131289.61
920351.BJ,20241212,14.38,16.11,14.02,15.7,14.38,9.1794,87629.76,132856.696
920374.BJ,20241212,32.3,32.5,31.0,31.98,32.46,-1.4787,14255.94,45175.056
920392.BJ,20241212,19.4,20.21,18.46,20.21,19.31,4.6608,16123.95,31059.466
920541.BJ,20241212,15.49,15.5,13.78,14.05,14.98,-6.2083,70142.59,99912.608
920808.BJ,20241212,59.0,59.58,57.52,58.3,58.49,-0.3248,17963.2,105020.248
920895.BJ,20241212,15.88,16.12,15.02,16.11,15.65,2.9393,15361.07,23792.595
920925.BJ,20241212,15.53,15.75,15.0,15.65,15.76,-0.698,17241.24,26581.96
920931.BJ,20241212,14.79,14.79,13.66,14.35,14.67,-2.1813,21378.35,30189.272
920953.BJ,20241212,37.67,37.8,35.91,37.5,37.21,0.7794,27296.27,100857.216
920001.BJ,20241212,18.1,18.59,17.37,17.82,18.33,-2.7823,37544.88,66848.748
920122.BJ,20241212,56.34,59.03,56.34,57.38,56.12,2.2452,15370.77,88756.407
920132.BJ,20241212,14.98,15.81,14.13,15.81,14.84,6.5364,44684.73,66779.654
920252.BJ,20241212,20.01,20.92,18.66,20.39,19.82,2.8759,84794.16,168392.972
920367.BJ,20241212,19.68,19.78,18.56,18.94,19.53,-3.021,46581.79,88250.515
920169.BJ,20241212,15.96,15.96,15.17,15.66,15.69,-0.1912,22420.98,34889.504
920223.BJ,20241212,12.95,12.95,12.08,12.61,12.73,-0.9427,35682.05,44407.174
920505.BJ,20241212,24.7,24.7,23.32,23.95,24.56,-2.4837,13597.11,32394.523
920339.BJ,20241212,9.05,9.2,8.8,9.17,9.05,1.326,13098.78,11856.037
920527.BJ,20241212,16.68,16.68,15.77,16.55,16.48,0.4248,25012.05,40737.392
920570.BJ,20241212,38.49,38.88,36.9,37.91,38.48,-1.4813,10414.27,39615.769
920576.BJ,20241212,24.55,24.86,23.87,24.64,24.54,0.4075,11344.11,27606.067
920593.BJ,20241212,48.09,49.88,46.4,46.83,48.82,-4.0762,78642.66,376270.101
920665.BJ,20241212,12.99,12.99,12.25,12.8,12.86,-0.4666,17153.26,21600.068
920679.BJ,20241212,17.95,18.4,17.0,18.4,17.86,3.0235,12415.77,22016.965
920690.BJ,20241212,21.01,21.81,20.24,21.46,21.0,2.1905,18713.6,39053.441
920693.BJ,20241212,45.91,45.91,44.5,45.09,45.53,-0.9664,12619.39,57045.187
920703.BJ,20241212,24.63,25.07,24.21,25.07,24.81,1.048,12245.09,30191.006
920706.BJ,20241212,15.0,15.15,14.18,14.79,14.91,-0.8048,24480.63,35580.4
920026.BJ,20241212,26.2,27.5,25.42,27.31,26.61,2.6306,16880.88,44561.353
920806.BJ,20241212,15.47,15.6,14.89,15.32,15.47,-0.9696,64402.18,97806.119
920833.BJ,20241212,13.98,14.33,13.29,14.33,13.97,2.577,26908.73,37003.255
920002.BJ,20241212,78.7,80.44,75.97,76.73,80.2,-4.3267,10381.89,80363.861
920008.BJ,20241212,33.58,34.2,33.16,33.39,33.22,0.5117,6994.69,23480.547
920016.BJ,20241212,26.45,26.46,25.5,26.3,26.08,0.8436,10386.05,27068.532
920019.BJ,20241212,25.26,25.53,25.09,25.39,25.11,1.1151,21128.7,53381.845
920060.BJ,20241212,35.2,35.2,34.57,34.74,34.86,-0.3442,22781.58,79277.733
920066.BJ,20241212,43.0,43.28,42.0,43.27,42.88,0.9095,6050.13,25788.768
920088.BJ,20241212,27.92,28.2,27.38,27.9,28.1,-0.7117,16348.84,45435.302
920098.BJ,20241212,39.0,39.98,38.02,38.39,38.97,-1.4883,34059.42,132240.278
920099.BJ,20241212,31.93,31.93,30.61,31.32,31.53,-0.666,8275.53,25805.526
920111.BJ,20241212,27.4,27.4,26.2,26.61,27.21,-2.2051,29008.89,77343.832
920118.BJ,20241212,28.12,28.44,27.5,28.43,28.0,1.5357,7187.62,20237.519
920128.BJ,20241212,34.3,35.78,34.07,34.82,34.13,2.0217,22962.36,80116.531
302132.SZ,20241212,68.71,72.7,68.68,72.5,68.71,5.5159,268018.22,1907680.426
