ts_code,trade_date,open,high,low,close,pre_close,pct_chg,vol,amount
000001.SZ,20250917,11.64,11.67,11.58,11.64,11.64,0.0,771128.93,896750.27
000002.SZ,20250917,7.03,7.08,6.93,7.05,7.04,0.142,1663639.87,1165912.724
000004.SZ,20250917,11.59,11.83,11.21,11.31,11.27,0.3549,106594.38,123215.832
000006.SZ,20250917,7.56,8.31,7.51,8.05,7.6,5.9211,815406.57,644945.621
000007.SZ,20250917,7.53,7.57,7.42,7.45,7.53,-1.0624,64738.01,48337.454
000008.SZ,20250917,3.01,3.02,2.96,3.0,3.0,0.0,871413.94,260071.01
000009.SZ,20250917,10.81,10.81,10.59,10.68,10.83,-1.385,451096.36,482272.104
000010.SZ,20250917,4.86,4.94,4.68,4.86,4.82,0.8299,412531.01,199599.171
000011.SZ,20250917,9.24,9.55,9.09,9.39,9.24,1.6234,163749.11,152854.287
000012.SZ,20250917,4.74,4.75,4.72,4.74,4.75,-0.2105,123885.36,58673.762
000014.SZ,20250917,16.3,17.5,16.15,16.3,16.42,-0.7308,219141.78,364282.215
000016.SZ,20250917,5.6,5.6,5.51,5.54,5.61,-1.2478,414001.23,229322.322
000017.SZ,20250917,7.02,7.05,6.91,6.94,7.09,-2.1157,235172.03,163438.617
000019.SZ,20250917,6.89,6.93,6.86,6.9,6.91,-0.1447,62377.91,43001.631
000020.SZ,20250917,13.93,14.02,13.8,13.9,13.9,0.0,26651.45,37074.004
000021.SZ,20250917,21.95,22.1,21.57,21.69,21.94,-1.1395,591939.97,1289681.054
000025.SZ,20250917,18.2,18.34,18.04,18.28,18.32,-0.2183,80295.4,145956.778
000026.SZ,20250917,17.73,18.0,17.5,17.81,17.88,-0.3915,84260.75,149694.626
000027.SZ,20250917,6.45,6.53,6.43,6.53,6.45,1.2403,237010.42,153790.175
000028.SZ,20250917,25.84,25.89,25.57,25.76,25.83,-0.271,32765.59,84452.198
000029.SZ,20250917,27.39,27.92,27.05,27.49,27.62,-0.4707,61355.23,167800.961
000030.SZ,20250917,5.65,5.78,5.63,5.75,5.65,1.7699,162694.5,93251.881
000031.SZ,20250917,3.44,3.45,3.33,3.44,3.45,-0.2899,197018.91,66865.308
000032.SZ,20250917,23.2,23.29,22.71,22.84,23.28,-1.89,198600.94,455214.572
000034.SZ,20250917,43.94,44.0,43.23,43.53,43.9,-0.8428,268791.63,1171745.064
000035.SZ,20250917,5.02,5.06,4.93,4.95,5.03,-1.5905,412892.19,205260.527
000036.SZ,20250917,4.59,4.66,4.49,4.65,4.62,0.6494,266576.4,122575.644
000037.SZ,20250917,8.75,8.9,8.75,8.89,8.76,1.484,71804.32,63349.118
000039.SZ,20250917,7.91,8.0,7.88,7.95,7.92,0.3788,349927.15,277764.619
000042.SZ,20250917,8.42,8.47,8.26,8.34,8.43,-1.0676,77935.5,65178.453
000045.SZ,20250917,11.39,12.44,11.35,12.44,11.31,9.9912,258834.42,308788.125
000048.SZ,20250917,17.14,17.28,16.77,17.21,17.15,0.3499,200005.56,341690.044
000049.SZ,20250917,27.0,28.03,26.68,28.03,27.21,3.0136,290152.57,796294.929
000050.SZ,20250917,9.7,9.89,9.68,9.81,9.74,0.7187,225020.94,220722.195
000055.SZ,20250917,4.41,4.57,4.35,4.56,4.43,2.9345,330828.9,147550.448
000056.SZ,20250917,3.01,3.31,2.91,3.16,3.01,4.9834,2851855.29,916141.049
000058.SZ,20250917,9.53,9.69,9.39,9.57,9.53,0.4197,121035.76,115125.944
000059.SZ,20250917,5.32,5.35,5.27,5.32,5.32,0.0,162280.07,86176.699
000060.SZ,20250917,5.38,5.46,5.29,5.43,5.39,0.7421,927421.36,497723.12
000061.SZ,20250917,9.36,9.42,9.06,9.08,9.36,-2.9915,361062.26,331160.665
000062.SZ,20250917,30.36,30.5,29.95,30.12,30.35,-0.7578,254334.68,767579.319
000063.SZ,20250917,44.21,45.25,43.6,44.13,44.3,-0.3837,1527623.23,6760498.261
000065.SZ,20250917,11.36,11.38,11.2,11.31,11.37,-0.5277,131078.74,148189.198
000066.SZ,20250917,16.66,16.73,16.5,16.63,16.74,-0.6571,807529.86,1341396.247
000068.SZ,20250917,3.81,3.84,3.75,3.8,3.82,-0.5236,186427.6,70788.384
000069.SZ,20250917,2.55,2.59,2.49,2.58,2.62,-1.5267,2283248.86,580159.214
000070.SZ,20250917,11.25,11.25,10.91,10.92,11.3,-3.3628,665482.38,734676.744
000078.SZ,20250917,2.72,2.73,2.67,2.7,2.72,-0.7353,379611.12,102181.548
000088.SZ,20250917,4.52,4.54,4.49,4.53,4.52,0.2212,313666.28,141659.947
000089.SZ,20250917,7.12,7.24,7.08,7.2,7.11,1.2658,198778.67,142467.76
000090.SZ,20250917,3.79,3.83,3.74,3.82,3.79,0.7916,352888.69,133818.073
000096.SZ,20250917,11.73,11.82,11.71,11.75,11.75,0.0,63933.0,75202.73
000099.SZ,20250917,22.91,23.3,22.67,22.99,22.9,0.393,177867.68,407341.706
000100.SZ,20250917,4.34,4.4,4.33,4.37,4.36,0.2294,3395466.41,1484071.281
000151.SZ,20250917,12.78,13.87,12.69,13.17,12.8,2.8906,169893.97,225955.993
000153.SZ,20250917,6.75,6.75,6.7,6.71,6.75,-0.5926,54237.6,36456.369
000155.SZ,20250917,10.48,10.57,10.41,10.57,10.47,0.9551,223380.5,234575.034
000156.SZ,20250917,8.15,8.16,8.09,8.11,8.17,-0.7344,107117.0,86915.516
000157.SZ,20250917,7.39,7.72,7.37,7.71,7.36,4.7554,2696657.0,2043208.454
000158.SZ,20250917,24.8,24.8,24.31,24.4,24.69,-1.1746,590030.3,1442830.196
000159.SZ,20250917,5.94,5.94,5.86,5.89,5.95,-1.0084,121842.11,71890.949
000166.SZ,20250917,5.3,5.37,5.28,5.36,5.31,0.9416,966372.87,515032.207
000301.SZ,20250917,9.83,9.94,9.78,9.86,9.89,-0.3033,99961.79,98514.239
000333.SZ,20250917,74.41,75.43,74.17,74.35,74.46,-0.1477,577226.75,4303710.294
000338.SZ,20250917,14.14,14.51,14.14,14.28,14.14,0.9901,1315019.32,1876387.831
000400.SZ,20250917,23.41,24.1,23.4,24.09,23.35,3.1692,467231.8,1115215.056
000401.SZ,20250917,5.02,5.04,4.97,5.01,5.03,-0.3976,97802.51,48962.606
000402.SZ,20250917,3.34,3.36,3.24,3.35,3.34,0.2994,690010.31,228334.527
000403.SZ,20250917,17.35,17.53,17.26,17.39,17.35,0.2305,74237.89,128954.337
000404.SZ,20250917,7.25,7.46,7.23,7.35,7.25,1.3793,194572.38,143030.451
000407.SZ,20250917,3.68,3.71,3.65,3.7,3.69,0.271,238630.57,87870.289
000408.SZ,20250917,55.48,55.55,54.49,55.4,55.55,-0.27,96678.03,529902.419
000409.SZ,20250917,12.0,12.01,11.85,11.97,12.18,-1.7241,145302.07,173730.994
000410.SZ,20250917,7.38,7.46,7.33,7.41,7.38,0.4065,247558.52,183073.032
000411.SZ,20250917,11.37,11.43,11.31,11.36,11.4,-0.3509,51651.47,58758.653
000415.SZ,20250917,3.72,3.88,3.7,3.83,3.73,2.681,1346266.59,513617.167
000417.SZ,20250917,6.44,6.44,6.24,6.26,6.4,-2.1875,312312.49,196486.985
000419.SZ,20250917,6.22,6.23,6.1,6.13,6.23,-1.6051,109626.0,67244.711
000420.SZ,20250917,4.28,4.29,4.23,4.26,4.3,-0.9302,468218.91,199247.313
000421.SZ,20250917,6.44,6.52,6.42,6.48,6.47,0.1546,75539.62,48796.204
000422.SZ,20250917,14.46,14.67,14.29,14.38,14.51,-0.8959,232914.52,334871.158
000423.SZ,20250917,47.72,47.81,47.4,47.62,47.71,-0.1886,88565.2,420966.954
000425.SZ,20250917,9.74,10.12,9.74,10.03,9.77,2.6612,982852.12,977556.374
000426.SZ,20250917,25.78,25.78,24.85,25.0,26.2,-4.5802,620746.13,1558871.581
000428.SZ,20250917,4.07,4.13,3.87,3.88,4.02,-3.4826,624311.49,245127.59
000429.SZ,20250917,11.05,11.06,10.9,10.92,11.05,-1.1765,122515.01,134073.892
000430.SZ,20250917,8.01,8.07,7.9,7.91,7.98,-0.8772,59866.0,47741.042
000488.SZ,20250917,2.22,2.26,2.22,2.24,2.21,1.3575,197434.01,44227.763
000498.SZ,20250917,6.27,6.31,6.19,6.26,6.27,-0.1595,185845.55,116297.933
000501.SZ,20250917,11.18,11.18,10.82,10.9,11.1,-1.8018,192728.37,211180.838
000503.SZ,20250917,10.05,10.31,10.02,10.25,10.08,1.6865,164057.0,166492.426
000504.SZ,20250917,9.98,10.06,9.88,10.0,9.97,0.3009,21823.0,21801.994
000505.SZ,20250917,6.75,6.76,6.68,6.72,6.76,-0.5917,80338.7,53861.514
000506.SZ,20250917,10.07,10.13,9.86,9.98,10.12,-1.3834,220605.57,219881.062
000507.SZ,20250917,5.52,5.54,5.48,5.53,5.52,0.1812,102211.77,56404.942
000509.SZ,20250917,3.3,3.34,3.27,3.28,3.33,-1.5015,203760.0,67358.463
000510.SZ,20250917,5.35,5.39,5.29,5.29,5.37,-1.4898,187646.0,100030.366
000513.SZ,20250917,40.32,40.57,39.65,39.69,40.32,-1.5625,65846.56,262488.076
000514.SZ,20250917,5.86,5.97,5.72,5.91,5.91,0.0,500685.66,293414.785
000516.SZ,20250917,5.16,5.19,5.11,5.12,5.15,-0.5825,170348.91,87448.98
000517.SZ,20250917,2.27,2.28,2.18,2.23,2.27,-1.7621,523206.7,116292.987
000518.SZ,20250917,2.36,2.37,2.33,2.34,2.37,-1.2658,98294.64,23084.725
000519.SZ,20250917,18.38,18.44,18.19,18.28,18.38,-0.5441,220369.33,403021.218
000520.SZ,20250917,4.7,4.82,4.68,4.73,4.7,0.6383,258756.16,122875.794
000521.SZ,20250917,7.49,7.6,7.43,7.59,7.49,1.3351,203501.07,153393.592
000523.SZ,20250917,3.49,3.49,3.4,3.42,3.48,-1.7241,235569.12,80761.129
000524.SZ,20250917,15.61,15.68,14.9,14.99,15.52,-3.4149,370517.49,559677.028
000525.SZ,20250917,6.67,6.85,6.65,6.73,6.66,1.0511,299920.02,203075.297
000526.SZ,20250917,46.76,47.31,46.5,47.08,46.68,0.8569,27203.99,127729.652
000528.SZ,20250917,10.98,11.42,10.93,11.25,10.98,2.459,879561.06,986914.237
000529.SZ,20250917,6.41,6.45,6.3,6.36,6.43,-1.0886,79932.79,50768.69
000530.SZ,20250917,6.58,6.62,6.53,6.54,6.58,-0.6079,195577.8,128260.128
000531.SZ,20250917,6.23,6.28,6.18,6.25,6.24,0.1603,57606.7,35954.003
000532.SZ,20250917,15.06,15.4,14.97,15.27,15.06,1.3944,89950.57,136849.495
000533.SZ,20250917,7.19,7.19,7.09,7.12,7.19,-0.9736,177733.43,126682.198
000534.SZ,20250917,16.1,16.12,15.9,15.96,16.1,-0.8696,74647.12,119228.472
000536.SZ,20250917,5.13,5.23,5.08,5.15,5.12,0.5859,1169494.94,603513.838
000537.SZ,20250917,9.01,9.11,8.95,9.04,9.0,0.4444,156930.28,141557.47
000538.SZ,20250917,58.7,59.53,58.7,58.97,58.69,0.4771,88449.12,521673.752
000539.SZ,20250917,4.64,4.7,4.61,4.7,4.66,0.8584,252098.47,117734.496
000541.SZ,20250917,6.66,6.77,6.63,6.76,6.66,1.5015,238599.84,160143.522
000543.SZ,20250917,7.18,7.28,7.16,7.24,7.17,0.9763,259722.24,187606.251
000544.SZ,20250917,8.67,8.69,8.6,8.67,8.66,0.1155,46483.5,40190.357
000545.SZ,20250917,3.58,3.61,3.51,3.52,3.57,-1.4006,466729.29,165099.636
000546.SZ,20250917,5.25,5.25,5.14,5.19,5.25,-1.1429,169982.0,88310.579
000547.SZ,20250917,7.89,7.9,7.82,7.85,7.87,-0.2541,134622.32,105720.939
000548.SZ,20250917,5.52,5.58,5.51,5.54,5.55,-0.1802,64923.7,36016.665
000550.SZ,20250917,20.95,21.16,20.81,21.08,20.95,0.6205,38621.41,81183.365
000551.SZ,20250917,11.42,11.53,11.36,11.49,11.41,0.7011,63483.01,72815.281
000552.SZ,20250917,2.58,2.61,2.57,2.59,2.58,0.3876,694660.5,180010.216
000553.SZ,20250917,6.75,6.79,6.71,6.73,6.77,-0.5908,42667.0,28771.351
000554.SZ,20250917,6.93,6.95,6.88,6.91,6.89,0.2903,166976.06,115471.505
000555.SZ,20250917,14.13,14.34,14.03,14.17,14.22,-0.3516,219991.99,312179.804
000557.SZ,20250917,5.44,5.45,5.38,5.42,5.42,0.0,101336.72,54922.555
000558.SZ,20250917,7.37,7.48,7.02,7.11,7.22,-1.5235,1764974.64,1269946.809
000559.SZ,20250917,10.47,10.47,10.1,10.47,9.52,9.979,1008109.13,1051346.741
000560.SZ,20250917,3.24,3.24,3.15,3.2,3.25,-1.5385,1149039.09,366774.012
000561.SZ,20250917,11.35,11.47,11.27,11.44,11.4,0.3509,158045.92,180155.921
000563.SZ,20250917,3.7,3.98,3.69,3.9,3.73,4.5576,3121853.81,1208986.152
000564.SZ,20250917,2.93,3.16,2.89,2.96,2.93,1.0239,22540798.84,6740998.211
000565.SZ,20250917,8.75,8.77,8.61,8.64,8.74,-1.1442,130204.0,113222.837
000566.SZ,20250917,5.99,6.03,5.95,5.96,6.02,-0.9967,166888.73,99552.847
000567.SZ,20250917,6.7,6.75,6.61,6.71,6.72,-0.1488,190831.72,127561.876
000568.SZ,20250917,138.0,139.1,136.37,137.0,138.45,-1.0473,69887.21,957885.688
000570.SZ,20250917,5.9,5.94,5.86,5.92,5.91,0.1692,88912.92,52504.776
000571.SZ,20250917,4.96,5.08,4.92,5.01,4.98,0.6024,163950.77,82359.693
000572.SZ,20250917,5.27,5.45,5.23,5.24,5.27,-0.5693,1028693.32,546496.29
000573.SZ,20250917,4.42,4.43,4.34,4.41,4.42,-0.2262,221502.8,97180.246
000576.SZ,20250917,11.27,11.27,11.08,11.14,11.28,-1.2411,85202.0,94921.036
000581.SZ,20250917,21.47,22.49,21.42,22.19,21.47,3.3535,315685.91,696361.112
000582.SZ,20250917,8.75,8.79,8.66,8.73,8.75,-0.2286,206205.04,179819.261
000586.SZ,20250917,13.18,13.27,13.02,13.1,13.18,-0.607,107148.27,140600.989
000589.SZ,20250917,4.67,4.68,4.65,4.67,4.68,-0.2137,176163.36,82215.585
000590.SZ,20250917,12.3,12.65,12.23,12.4,12.33,0.5677,85096.8,105985.825
000591.SZ,20250917,4.68,4.76,4.66,4.76,4.7,1.2766,498729.11,235378.304
000592.SZ,20250917,3.43,3.58,3.42,3.48,3.43,1.4577,1506772.9,527668.942
000593.SZ,20250917,6.7,6.74,6.65,6.65,6.69,-0.5979,50057.03,33533.633
000595.SZ,20250917,4.92,4.99,4.92,4.98,4.96,0.4032,72223.0,35749.641
000596.SZ,20250917,168.58,169.08,163.36,163.63,168.58,-2.9363,38317.44,631909.159
000597.SZ,20250917,5.66,5.7,5.62,5.63,5.69,-1.0545,116405.07,65757.74
000598.SZ,20250917,6.76,6.79,6.74,6.75,6.76,-0.1479,121977.23,82465.961
000599.SZ,20250917,5.37,5.45,5.26,5.41,5.34,1.3109,246363.74,132054.768
000600.SZ,20250917,7.45,7.48,7.33,7.39,7.45,-0.8054,186851.55,138010.542
000601.SZ,20250917,5.26,5.32,5.22,5.29,5.27,0.3795,181104.38,95557.734
000603.SZ,20250917,21.67,21.79,20.95,21.2,21.94,-3.3728,323655.66,685357.204
000605.SZ,20250917,7.49,8.1,7.32,7.74,7.49,3.3378,386552.2,300671.26
000607.SZ,20250917,4.68,4.69,4.62,4.65,4.69,-0.8529,209990.67,97529.079
000608.SZ,20250917,2.08,2.14,2.04,2.1,2.04,2.9412,366433.66,77300.785
000609.SZ,20250917,4.58,4.67,4.47,4.53,4.57,-0.8753,126126.9,57631.8
000610.SZ,20250917,14.51,14.66,14.0,14.06,14.16,-0.7062,287794.72,408816.211
000612.SZ,20250917,8.37,8.49,8.26,8.48,8.4,0.9524,435141.87,365007.997
000615.SZ,20250917,3.12,3.13,3.09,3.09,3.13,-1.278,75312.32,23360.3
000617.SZ,20250917,10.92,11.55,10.8,11.49,10.91,5.3162,3586928.9,4033163.251
000619.SZ,20250917,6.09,6.12,6.03,6.12,6.09,0.4926,69109.58,42128.471
000620.SZ,20250917,1.91,1.93,1.83,1.87,1.91,-2.0942,1660816.69,310109.41
000623.SZ,20250917,19.08,19.42,19.02,19.27,19.06,1.1018,114248.28,219659.219
000625.SZ,20250917,12.43,12.47,12.35,12.44,12.45,-0.0803,867456.01,1076493.126
000626.SZ,20250917,6.91,6.91,6.77,6.79,6.91,-1.7366,53249.09,36241.685
000628.SZ,20250917,51.88,52.58,51.42,51.93,52.04,-0.2114,89109.6,463204.087
000629.SZ,20250917,2.95,3.04,2.9,3.0,2.96,1.3514,1784231.79,529050.256
000630.SZ,20250917,4.53,4.67,4.49,4.63,4.59,0.8715,2989632.77,1366642.076
000631.SZ,20250917,3.31,3.31,3.23,3.29,3.31,-0.6042,227453.52,74563.925
000632.SZ,20250917,4.16,4.16,4.06,4.08,4.14,-1.4493,143203.0,58686.322
000633.SZ,20250917,6.69,6.73,6.63,6.7,6.71,-0.149,74900.0,50008.974
000635.SZ,20250917,8.63,8.67,8.56,8.59,8.63,-0.4635,30925.05,26595.496
000636.SZ,20250917,15.55,16.15,15.47,15.79,15.6,1.2179,453846.86,720175.24
000637.SZ,20250917,4.29,4.32,4.26,4.28,4.3,-0.4651,110553.03,47354.569
000638.SZ,20250917,4.39,4.4,4.34,4.37,4.4,-0.6818,80949.0,35359.086
000639.SZ,20250917,3.42,3.45,3.34,3.37,3.42,-1.462,401603.16,136058.486
000650.SZ,20250917,6.74,6.76,6.56,6.62,6.73,-1.6345,623138.82,412463.415
000651.SZ,20250917,40.46,40.83,40.37,40.79,40.5,0.716,525926.42,2136326.5
000652.SZ,20250917,4.28,4.29,4.23,4.27,4.29,-0.4662,116859.72,49848.284
000655.SZ,20250917,8.98,9.0,8.81,8.98,9.01,-0.333,105992.12,94471.988
000656.SZ,20250917,1.42,1.43,1.4,1.41,1.41,0.0,756898.03,107136.897
000657.SZ,20250917,18.31,18.9,18.16,18.82,18.52,1.6199,453094.59,844005.964
000659.SZ,20250917,3.04,3.21,3.03,3.07,3.03,1.3201,960903.21,299171.848
000661.SZ,20250917,124.0,125.6,121.75,123.88,123.85,0.0242,70514.87,868166.442
000663.SZ,20250917,6.7,6.73,6.65,6.68,6.71,-0.4471,35310.0,23606.898
000665.SZ,20250917,6.01,6.01,5.88,5.91,6.02,-1.8272,363559.25,214939.012
000668.SZ,20250917,9.5,9.5,9.26,9.3,9.51,-2.2082,24796.0,23111.249
000669.SZ,20250917,3.4,3.47,3.36,3.38,3.42,-1.1696,88553.19,30166.245
000670.SZ,20250917,9.05,9.15,8.88,8.91,9.02,-1.2195,486234.0,436611.627
000672.SZ,20250917,8.72,8.75,8.67,8.7,8.74,-0.4577,64872.05,56469.086
000676.SZ,20250917,10.17,10.26,10.06,10.23,10.23,0.0,395303.28,402445.519
000677.SZ,20250917,5.21,5.22,5.13,5.15,5.22,-1.341,165475.75,85612.014
000678.SZ,20250917,15.25,15.36,15.12,15.17,15.38,-1.3654,198384.3,301849.066
000679.SZ,20250917,8.79,8.88,8.55,8.59,8.78,-2.164,106607.5,92493.796
000680.SZ,20250917,9.51,9.67,9.44,9.59,9.55,0.4188,182358.09,174213.403
000681.SZ,20250917,21.06,21.07,20.82,20.86,21.27,-1.9276,273860.82,572276.292
000682.SZ,20250917,11.16,11.44,11.11,11.38,11.15,2.0628,251971.93,285232.026
000683.SZ,20250917,6.35,6.35,6.22,6.3,6.38,-1.2539,393410.46,247009.384
000685.SZ,20250917,9.56,9.79,9.55,9.76,9.58,1.8789,130952.39,127049.435
000686.SZ,20250917,8.56,8.69,8.52,8.61,8.56,0.5841,227119.05,195605.969
000688.SZ,20250917,15.03,15.11,14.76,15.08,15.09,-0.0663,106039.97,158179.976
000690.SZ,20250917,4.61,4.63,4.56,4.59,4.59,0.0,496010.4,227448.936
000691.SZ,20250917,8.61,8.61,8.61,8.61,8.2,5.0,4289.1,3692.915
000692.SZ,20250917,3.72,3.73,3.68,3.69,3.72,-0.8065,105502.9,39051.848
000695.SZ,20250917,12.28,12.29,12.14,12.16,12.22,-0.491,68625.0,83694.677
000697.SZ,20250917,9.09,9.22,8.92,9.03,9.0,0.3333,77161.0,70116.936
000698.SZ,20250917,4.31,4.5,4.3,4.35,4.3,1.1628,261045.67,114068.118
000700.SZ,20250917,11.59,12.41,11.25,12.41,11.28,10.0177,915564.05,1094521.795
000701.SZ,20250917,5.9,5.9,5.81,5.84,5.91,-1.1844,132409.0,77325.208
000702.SZ,20250917,7.9,8.28,7.78,7.89,7.93,-0.5044,195419.06,155164.626
000703.SZ,20250917,6.49,6.52,6.42,6.46,6.51,-0.768,97705.23,63141.669
000705.SZ,20250917,9.4,9.42,9.27,9.28,9.41,-1.3815,93614.0,87195.052
000707.SZ,20250917,6.7,6.7,6.61,6.62,6.69,-1.0463,64406.27,42808.94
000708.SZ,20250917,12.84,13.12,12.76,13.1,12.89,1.6292,189774.44,247249.769
000709.SZ,20250917,2.54,2.55,2.49,2.55,2.55,0.0,1033120.71,260881.077
000710.SZ,20250917,14.15,14.15,13.95,13.97,14.22,-1.7581,125292.0,175376.135
000711.SZ,20250917,1.78,1.82,1.77,1.79,1.77,1.1299,303688.26,54447.807
000712.SZ,20250917,14.5,14.67,14.44,14.62,14.54,0.5502,237615.99,346078.648
000713.SZ,20250917,7.08,7.08,7.04,7.06,7.1,-0.5634,82758.08,58436.949
000715.SZ,20250917,6.13,6.13,5.99,6.0,6.1,-1.6393,163036.21,98270.526
000716.SZ,20250917,6.62,6.63,6.51,6.53,6.63,-1.5083,259599.0,169734.251
000717.SZ,20250917,2.98,2.98,2.91,2.96,2.99,-1.0033,519119.92,152770.954
000718.SZ,20250917,3.43,3.58,3.15,3.25,3.5,-7.1429,3832303.63,1292598.413
000719.SZ,20250917,12.1,12.1,11.94,12.0,12.11,-0.9083,88589.09,106284.013
000720.SZ,20250917,3.56,3.64,3.51,3.6,3.56,1.1236,157800.28,56525.882
000721.SZ,20250917,10.6,10.79,10.3,10.32,10.64,-3.0075,482552.13,502432.547
000722.SZ,20250917,12.88,13.1,12.82,12.88,12.87,0.0777,125754.53,162430.147
000723.SZ,20250917,4.8,4.87,4.75,4.85,4.82,0.6224,823441.54,396382.067
000725.SZ,20250917,4.13,4.18,4.1,4.16,4.13,0.7264,5275441.19,2189133.373
000726.SZ,20250917,6.87,6.91,6.85,6.91,6.88,0.436,77620.41,53438.331
000727.SZ,20250917,2.92,3.0,2.88,2.93,2.91,0.6873,2327892.58,685532.377
000728.SZ,20250917,9.07,9.22,9.03,9.17,9.06,1.2141,455145.75,415482.979
000729.SZ,20250917,11.93,12.36,11.91,12.09,11.92,1.4262,406716.32,494961.22
000731.SZ,20250917,7.09,7.13,7.06,7.12,7.09,0.4231,60096.2,42749.253
000733.SZ,20250917,47.42,48.88,47.31,48.36,47.59,1.618,119447.99,573612.704
000735.SZ,20250917,6.61,6.63,6.49,6.51,6.62,-1.6616,223689.45,146003.739
000736.SZ,20250917,4.99,5.08,4.96,5.05,4.98,1.4056,97112.06,48799.778
000737.SZ,20250917,13.68,15.25,13.55,15.25,13.86,10.0289,2801703.16,4067445.239
000738.SZ,20250917,18.92,19.04,18.7,19.0,18.91,0.4759,85754.61,162356.119
000739.SZ,20250917,16.21,16.57,16.12,16.47,16.16,1.9183,174871.72,287239.978
000750.SZ,20250917,4.82,4.91,4.8,4.88,4.86,0.4115,3120657.86,1513583.227
000751.SZ,20250917,3.73,3.79,3.67,3.79,3.75,1.0667,568138.3,212304.09
000752.SZ,20250917,12.49,12.66,12.17,12.2,12.56,-2.8662,73215.02,90646.652
000753.SZ,20250917,7.18,7.5,7.13,7.36,7.13,3.2258,543829.26,398268.237
000755.SZ,20250917,4.94,4.99,4.91,4.97,4.95,0.404,71941.69,35688.589
000756.SZ,20250917,16.88,17.1,16.78,16.88,16.81,0.4164,204528.53,346432.207
000757.SZ,20250917,5.63,5.67,5.46,5.51,5.56,-0.8993,308157.4,170177.566
000758.SZ,20250917,6.65,6.73,6.56,6.72,6.69,0.4484,537673.77,357172.157
000759.SZ,20250917,8.22,8.28,7.88,7.89,8.15,-3.1902,806909.7,643389.152
000761.SZ,20250917,3.77,3.78,3.68,3.72,3.78,-1.5873,147585.48,54675.718
000762.SZ,20250917,22.79,23.0,22.5,22.85,22.82,0.1315,120404.33,273380.978
000766.SZ,20250917,27.25,27.31,26.73,26.87,27.3,-1.5751,273030.3,734552.052
000767.SZ,20250917,3.11,3.14,3.08,3.14,3.11,0.9646,504448.49,157462.857
000768.SZ,20250917,24.79,24.88,24.58,24.7,24.83,-0.5236,227952.17,562819.052
000776.SZ,20250917,21.2,21.35,20.94,21.2,21.1,0.4739,471727.49,997798.228
000777.SZ,20250917,19.45,19.52,19.28,19.42,19.49,-0.3592,71666.49,138984.232
000778.SZ,20250917,3.85,3.9,3.82,3.89,3.86,0.7772,561506.31,217493.461
000779.SZ,20250917,9.41,9.44,9.35,9.38,9.44,-0.6356,54067.01,50746.024
000782.SZ,20250917,6.35,6.4,6.27,6.32,6.35,-0.4724,159858.96,100873.005
000783.SZ,20250917,8.23,8.34,8.17,8.26,8.23,0.3645,981624.16,808862.207
000785.SZ,20250917,3.32,3.32,3.25,3.29,3.33,-1.2012,928569.02,304656.576
000786.SZ,20250917,25.17,25.36,25.01,25.29,25.16,0.5167,109534.58,275632.367
000788.SZ,20250917,6.27,6.29,6.22,6.23,6.27,-0.638,91874.0,57393.492
000789.SZ,20250917,5.95,5.96,5.93,5.94,5.96,-0.3356,42684.24,25374.541
000790.SZ,20250917,4.13,4.13,4.05,4.1,4.12,-0.4854,113776.69,46525.783
000791.SZ,20250917,6.61,6.63,6.54,6.59,6.61,-0.3026,136129.43,89641.435
000792.SZ,20250917,20.05,20.18,19.92,20.1,20.12,-0.0994,456535.92,913869.201
000793.SZ,20250917,2.52,2.53,2.5,2.5,2.52,-0.7937,165538.5,41467.057
000795.SZ,20250917,10.98,11.14,10.92,11.14,11.02,1.0889,262661.29,290751.378
000796.SZ,20250917,7.24,7.37,6.82,6.92,7.12,-2.809,2344340.19,1644293.279
000797.SZ,20250917,2.97,2.99,2.91,2.96,2.98,-0.6711,363263.12,107056.601
000798.SZ,20250917,8.34,8.38,8.23,8.28,8.37,-1.0753,53183.08,44050.45
000799.SZ,20250917,72.01,72.12,69.3,69.8,71.86,-2.8667,208436.29,1458020.297
000800.SZ,20250917,7.15,7.19,7.13,7.16,7.16,0.0,145397.0,104113.988
000801.SZ,20250917,15.6,15.84,15.55,15.7,15.7,0.0,191001.86,299515.003
000802.SZ,20250917,5.03,5.06,4.93,4.95,5.05,-1.9802,317120.09,157139.083
000803.SZ,20250917,7.55,7.57,7.36,7.44,7.54,-1.3263,129765.12,96690.517
000807.SZ,20250917,20.37,21.0,20.3,20.91,20.58,1.6035,493788.0,1020177.947
000809.SZ,20250917,3.27,3.27,3.2,3.23,3.27,-1.2232,289292.5,93355.407
000810.SZ,20250917,13.73,14.2,13.61,14.19,13.76,3.125,563286.88,790432.554
000811.SZ,20250917,13.77,13.8,13.46,13.63,13.8,-1.2319,224217.0,305106.513
000812.SZ,20250917,4.93,5.03,4.88,4.98,4.96,0.4032,291219.55,144585.519
000813.SZ,20250917,4.85,4.93,4.68,4.69,4.74,-1.0549,1336333.98,638865.07
000815.SZ,20250917,12.87,12.87,12.72,12.78,12.89,-0.8534,209549.52,267460.116
000816.SZ,20250917,3.4,3.41,3.35,3.37,3.41,-1.173,400415.0,135002.641
000818.SZ,20250917,23.65,23.74,23.4,23.44,23.73,-1.2221,206736.74,486323.491
000819.SZ,20250917,18.13,18.27,17.7,17.79,18.16,-2.0374,82877.68,148387.364
000820.SZ,20250917,2.69,2.72,2.65,2.68,2.7,-0.7407,68232.58,18302.715
000821.SZ,20250917,13.16,13.48,13.08,13.4,13.21,1.4383,346829.04,462961.46
000822.SZ,20250917,5.81,5.81,5.74,5.77,5.81,-0.6885,113680.18,65540.895
000823.SZ,20250917,13.71,13.99,13.68,13.74,13.69,0.3652,217133.94,299685.807
000825.SZ,20250917,3.99,4.01,3.95,4.01,4.0,0.25,367827.2,146590.588
000826.SZ,20250917,2.29,2.3,2.21,2.28,2.31,-1.2987,968897.41,218723.428
000828.SZ,20250917,11.53,11.61,11.47,11.55,11.53,0.1735,53995.39,62319.404
000829.SZ,20250917,9.86,10.06,9.74,9.89,9.76,1.332,269813.37,267329.122
000830.SZ,20250917,14.06,14.16,13.81,14.07,14.11,-0.2835,209146.38,292752.654
000831.SZ,20250917,53.77,55.36,53.53,55.23,54.45,1.4325,545517.65,2964045.184
000833.SZ,20250917,14.95,14.95,14.52,14.61,14.97,-2.4048,409294.9,600339.016
000837.SZ,20250917,15.01,16.3,14.85,15.73,14.87,5.7835,1374854.84,2135806.235
000838.SZ,20250917,2.97,2.98,2.89,2.96,2.97,-0.3367,320684.74,94517.276
000839.SZ,20250917,3.0,3.0,2.94,2.96,2.99,-1.0033,587316.5,173839.072
000848.SZ,20250917,8.76,8.81,8.71,8.72,8.76,-0.4566,109643.91,96044.585
000850.SZ,20250917,4.57,4.57,4.48,4.48,4.56,-1.7544,150754.0,67812.257
000851.SZ,20250917,0.54,0.54,0.54,0.54,0.57,-5.2632,27016.0,1458.864
000852.SZ,20250917,6.7,6.75,6.64,6.64,6.7,-0.8955,110332.87,73711.893
000856.SZ,20250917,11.37,11.42,11.26,11.31,11.35,-0.3524,54300.5,61612.531
000858.SZ,20250917,125.81,126.33,124.82,125.96,125.8,0.1272,181336.4,2276167.36
000859.SZ,20250917,6.61,6.83,6.6,6.68,6.61,1.059,250052.75,168125.226
000860.SZ,20250917,16.2,16.25,16.07,16.1,16.19,-0.5559,94163.21,151697.449
000862.SZ,20250917,5.74,5.84,5.72,5.82,5.76,1.0417,188026.4,109049.152
000863.SZ,20250917,3.83,4.03,3.77,3.98,3.83,3.9164,739118.18,290901.452
000868.SZ,20250917,5.91,5.94,5.86,5.88,5.92,-0.6757,183404.11,108152.044
000869.SZ,20250917,22.1,22.2,21.97,22.01,22.09,-0.3622,16504.01,36411.932
000875.SZ,20250917,5.94,5.96,5.85,5.88,5.94,-1.0101,705889.71,415261.319
000876.SZ,20250917,10.25,10.33,10.11,10.14,10.27,-1.2658,380905.42,387209.194
000877.SZ,20250917,6.51,6.51,6.37,6.47,6.51,-0.6144,330785.91,212722.947
000878.SZ,20250917,15.8,16.78,15.68,16.54,15.96,3.6341,1479746.2,2395482.471
000880.SZ,20250917,45.94,46.8,45.39,46.33,45.98,0.7612,193621.67,894352.103
000881.SZ,20250917,7.93,8.01,7.9,7.93,7.96,-0.3769,97763.0,77686.794
000882.SZ,20250917,2.37,2.44,2.28,2.34,2.38,-1.6807,2755316.69,645703.334
000883.SZ,20250917,4.68,4.7,4.64,4.69,4.66,0.6438,288416.0,135020.501
000885.SZ,20250917,14.78,15.15,14.67,14.87,14.78,0.6089,50076.6,74341.02
000886.SZ,20250917,6.76,6.76,6.64,6.7,6.77,-1.034,205366.23,137132.809
000887.SZ,20250917,24.5,26.68,24.36,26.17,24.5,6.8163,1315786.63,3316041.931
000888.SZ,20250917,14.81,14.95,14.43,14.76,14.7,0.4082,336856.73,492293.971
000889.SZ,20250917,3.54,3.55,3.47,3.49,3.55,-1.6901,257605.0,90181.077
000890.SZ,20250917,4.25,4.3,4.16,4.25,4.25,0.0,241365.01,102343.696
000892.SZ,20250917,5.8,5.84,5.65,5.79,5.8,-0.1724,538029.0,307924.459
000893.SZ,20250917,38.05,38.35,37.0,37.14,38.65,-3.9069,172179.43,643585.339
000895.SZ,20250917,25.39,25.52,25.17,25.21,25.35,-0.5523,73314.39,185523.953
000897.SZ,20250917,2.5,2.53,2.43,2.5,2.5,0.0,803846.61,199268.789
000898.SZ,20250917,2.68,2.68,2.61,2.67,2.68,-0.3731,411431.12,108792.274
000899.SZ,20250917,9.96,10.0,9.86,9.9,9.96,-0.6024,141767.44,140767.21
000900.SZ,20250917,4.18,4.21,4.16,4.18,4.18,0.0,125328.07,52487.929
000901.SZ,20250917,16.25,16.3,16.15,16.24,16.21,0.1851,234305.74,379977.585
000902.SZ,20250917,14.18,14.18,14.0,14.01,14.16,-1.0593,117914.0,165792.919
000903.SZ,20250917,3.0,3.11,2.99,3.06,3.0,2.0,630917.14,193086.432
000905.SZ,20250917,8.56,8.67,8.48,8.5,8.59,-1.0477,148922.66,127266.332
000906.SZ,20250917,6.2,6.22,6.17,6.2,6.2,0.0,80163.82,49656.142
000908.SZ,20250917,5.99,6.07,5.91,5.96,5.82,2.4055,189238.7,113424.371
000909.SZ,20250917,5.76,5.78,5.7,5.72,5.76,-0.6944,21052.56,12075.752
000910.SZ,20250917,8.48,8.49,8.38,8.43,8.47,-0.4723,47869.02,40392.319
000911.SZ,20250917,7.55,7.55,7.47,7.49,7.55,-0.7947,58868.02,44098.066
000912.SZ,20250917,4.38,4.41,4.37,4.4,4.39,0.2278,77844.28,34181.895
000913.SZ,20250917,17.71,18.18,17.52,17.9,17.72,1.0158,122152.07,218141.803
000915.SZ,20250917,33.08,33.22,32.82,32.87,33.06,-0.5747,26101.1,85999.317
000917.SZ,20250917,7.83,7.95,7.74,7.87,7.83,0.5109,346835.3,273017.798
000919.SZ,20250917,7.16,7.19,7.08,7.1,7.16,-0.838,78994.01,56180.044
000920.SZ,20250917,12.28,12.29,12.15,12.2,12.32,-0.974,75253.1,91933.01
000921.SZ,20250917,24.67,25.5,24.61,25.27,24.64,2.5568,181037.75,454876.526
000922.SZ,20250917,12.0,12.45,11.92,12.35,11.99,3.0025,278107.36,342050.994
000923.SZ,20250917,15.93,16.01,15.75,15.98,16.1,-0.7453,92975.16,147615.635
000925.SZ,20250917,7.78,7.88,7.75,7.82,7.79,0.3851,127454.6,99768.971
000926.SZ,20250917,2.91,3.02,2.84,2.94,2.92,0.6849,1520091.29,442973.752
000927.SZ,20250917,2.82,2.85,2.79,2.81,2.83,-0.7067,686338.78,193092.732
000928.SZ,20250917,6.51,6.53,6.46,6.49,6.51,-0.3072,177336.38,115119.939
000929.SZ,20250917,8.32,8.43,8.25,8.33,8.41,-0.9512,33422.0,27870.615
000930.SZ,20250917,6.12,6.14,6.07,6.09,6.12,-0.4902,121623.02,74158.679
000931.SZ,20250917,5.42,5.43,5.37,5.38,5.42,-0.738,69405.12,37447.844
000932.SZ,20250917,6.39,6.44,6.3,6.43,6.44,-0.1553,834532.17,532150.972
000933.SZ,20250917,19.31,19.85,19.21,19.79,19.47,1.6436,417599.22,815534.721
000935.SZ,20250917,20.15,20.45,19.92,20.13,20.07,0.299,74651.0,150019.859
000936.SZ,20250917,7.88,7.89,7.77,7.8,7.9,-1.2658,284986.33,222588.133
000937.SZ,20250917,5.99,6.05,5.95,6.03,5.99,0.6678,173414.42,104262.825
000938.SZ,20250917,29.25,29.73,28.92,29.41,29.64,-0.776,1166184.9,3416455.549
000948.SZ,20250917,18.88,19.04,18.74,18.86,18.91,-0.2644,77258.47,145817.169
000949.SZ,20250917,4.36,4.39,4.31,4.33,4.39,-1.3667,349923.1,151671.755
000950.SZ,20250917,5.26,5.27,5.23,5.25,5.27,-0.3795,133271.41,69996.167
000951.SZ,20250917,17.05,17.14,16.93,17.11,17.01,0.5879,135328.15,230457.951
000952.SZ,20250917,6.67,6.67,6.51,6.53,6.63,-1.5083,41818.23,27491.224
000953.SZ,20250917,7.67,7.72,7.63,7.66,7.72,-0.7772,136878.51,104869.966
000955.SZ,20250917,5.1,5.12,5.02,5.07,5.09,-0.3929,167509.5,84816.221
000957.SZ,20250917,11.68,11.69,11.57,11.6,11.72,-1.0239,163564.51,189933.292
000958.SZ,20250917,6.93,7.04,6.91,7.0,6.95,0.7194,522152.39,365052.15
000959.SZ,20250917,4.46,4.7,4.31,4.65,4.56,1.9737,1365479.68,613212.012
000960.SZ,20250917,21.35,21.88,21.06,21.82,21.48,1.5829,279012.4,598190.01
000962.SZ,20250917,24.2,24.35,23.65,24.05,24.22,-0.7019,119682.71,286450.484
000963.SZ,20250917,42.1,42.7,41.8,42.4,41.95,1.0727,94373.1,398472.245
000965.SZ,20250917,4.44,4.53,4.33,4.53,4.48,1.1161,626910.15,279487.739
000966.SZ,20250917,4.44,4.47,4.42,4.47,4.45,0.4494,300755.65,133906.439
000967.SZ,20250917,7.08,7.45,7.02,7.38,7.11,3.7975,782861.74,570850.187
000968.SZ,20250917,7.03,7.11,7.02,7.08,7.04,0.5682,97969.17,69264.143
000969.SZ,20250917,13.3,13.5,13.2,13.37,13.36,0.0749,166871.86,222976.06
000970.SZ,20250917,13.95,14.43,13.85,14.32,13.97,2.5054,401237.36,567914.878
000972.SZ,20250917,4.07,4.25,4.07,4.07,4.28,-4.9065,488998.69,199324.577
000973.SZ,20250917,7.52,7.55,7.43,7.46,7.52,-0.7979,299479.52,224161.492
000975.SZ,20250917,21.16,21.4,20.88,21.03,21.32,-1.3602,380135.2,800781.254
000977.SZ,20250917,65.01,66.2,63.88,65.09,65.57,-0.732,694503.77,4498696.244
000978.SZ,20250917,7.12,7.18,6.78,6.83,7.0,-2.4286,240398.8,165400.635
000980.SZ,20250917,3.67,3.74,3.59,3.63,3.69,-1.626,3005446.22,1099892.662
000981.SZ,20250917,3.51,3.7,3.44,3.7,3.36,10.119,12063277.77,4383004.108
000983.SZ,20250917,7.19,7.55,7.1,7.5,7.3,2.7397,1826061.34,1353303.734
000985.SZ,20250917,18.4,18.5,18.28,18.29,18.37,-0.4355,9938.1,18291.859
000987.SZ,20250917,7.5,7.74,7.45,7.72,7.46,3.4853,540093.65,411877.233
000988.SZ,20250917,82.48,86.92,82.1,85.57,81.34,5.2004,897802.2,7636034.108
000989.SZ,20250917,10.7,10.72,10.52,10.55,10.72,-1.5858,151921.17,160842.715
000990.SZ,20250917,7.82,7.84,7.76,7.82,7.83,-0.1277,115265.0,89949.126
000993.SZ,20250917,10.31,10.34,10.24,10.29,10.32,-0.2907,47437.0,48805.644
000995.SZ,20250917,14.85,14.94,14.47,14.57,14.93,-2.4113,83327.01,122212.374
000997.SZ,20250917,28.3,29.28,28.15,28.92,28.41,1.7951,230016.79,665748.018
000998.SZ,20250917,9.95,9.96,9.91,9.93,9.96,-0.3012,109518.35,108748.777
000999.SZ,20250917,29.09,29.2,28.9,28.92,29.1,-0.6186,163445.33,474275.04
001201.SZ,20250917,17.55,17.6,17.21,17.41,17.57,-0.9106,38420.24,66709.569
001202.SZ,20250917,17.76,18.76,17.1,17.25,18.21,-5.2718,273704.92,487248.238
001203.SZ,20250917,11.95,12.39,11.85,12.22,12.03,1.5794,139776.05,169040.807
001205.SZ,20250917,16.7,16.7,16.45,16.53,16.65,-0.7207,28907.0,47908.642
001206.SZ,20250917,29.9,32.26,29.9,30.44,30.4,0.1316,82142.02,253325.794
001207.SZ,20250917,23.22,23.41,23.21,23.3,23.27,0.1289,24817.2,57816.606
001208.SZ,20250917,12.66,12.82,12.55,12.78,12.68,0.7886,118532.0,150910.866
001209.SZ,20250917,19.21,19.44,19.02,19.06,19.19,-0.6774,19383.0,37116.911
001210.SZ,20250917,16.08,16.66,15.87,15.92,16.1,-1.118,55595.26,89847.332
001211.SZ,20250917,26.99,27.09,26.51,26.59,26.97,-1.409,18356.0,49038.958
001212.SZ,20250917,52.54,57.79,52.54,55.73,52.54,6.0716,173362.4,982276.71
001213.SZ,20250917,4.26,4.27,4.23,4.26,4.27,-0.2342,150060.0,63822.315
001215.SZ,20250917,36.57,38.85,36.25,37.91,36.15,4.8686,79775.47,299089.37
001216.SZ,20250917,15.97,15.97,15.84,15.88,15.95,-0.4389,34935.09,55528.801
001217.SZ,20250917,12.04,12.13,11.98,12.0,12.07,-0.58,45095.0,54274.064
001218.SZ,20250917,20.56,20.56,20.17,20.26,20.5,-1.1707,17056.6,34700.299
001219.SZ,20250917,14.36,14.41,14.27,14.36,14.36,0.0,24137.36,34578.103
001221.SZ,20250917,56.27,56.88,55.0,55.16,56.27,-1.9726,37495.35,208825.891
001222.SZ,20250917,25.8,25.86,25.0,25.01,25.66,-2.5331,38883.54,98543.294
001223.SZ,20250917,53.74,54.01,52.7,53.11,53.74,-1.1723,9866.0,52527.171
001225.SZ,20250917,41.52,44.52,41.28,44.31,41.5,6.7711,28326.61,121999.559
001226.SZ,20250917,39.39,39.39,38.71,39.25,39.05,0.5122,19583.1,76392.973
001227.SZ,20250917,2.45,2.48,2.44,2.48,2.45,1.2245,1003636.64,247261.594
001228.SZ,20250917,24.15,24.19,23.98,24.01,24.17,-0.662,10673.0,25687.177
001229.SZ,20250917,33.31,33.56,33.0,33.21,33.31,-0.3002,9286.0,30946.759
001230.SZ,20250917,24.66,25.0,24.4,24.43,24.9,-1.8876,34085.24,83894.327
001231.SZ,20250917,21.16,21.35,20.9,20.98,21.18,-0.9443,9845.0,20773.102
001234.SZ,20250917,33.18,33.18,33.18,33.18,30.16,10.0133,10178.0,33770.604
001236.SZ,20250917,12.0,12.25,11.86,12.14,12.0,1.1667,245371.36,296834.008
001238.SZ,20250917,51.18,51.79,49.11,49.15,51.17,-3.9476,10739.0,53706.022
001239.SZ,20250917,17.3,17.35,17.18,17.21,17.24,-0.174,43942.97,75930.591
001255.SZ,20250917,32.85,33.12,32.53,32.63,32.88,-0.7603,8354.0,27435.05
001256.SZ,20250917,23.57,23.76,23.3,23.6,23.49,0.4683,15835.34,37392.32
001258.SZ,20250917,6.96,7.0,6.91,6.97,6.96,0.1437,71410.99,49696.783
001259.SZ,20250917,26.49,26.65,26.14,26.29,26.32,-0.114,6069.0,16051.958
001260.SZ,20250917,20.11,20.25,20.0,20.1,20.08,0.0996,13744.0,27701.186
001266.SZ,20250917,31.11,31.8,30.91,31.45,31.03,1.3535,30673.82,96341.193
001267.SZ,20250917,16.4,18.22,16.3,18.22,16.56,10.0242,408461.35,727179.055
001268.SZ,20250917,35.3,35.8,34.26,34.26,36.66,-6.5466,46868.25,163529.13
001269.SZ,20250917,27.88,28.03,27.41,27.59,27.98,-1.3939,28251.0,78192.707
001270.SZ,20250917,43.96,43.96,43.29,43.5,43.89,-0.8886,20581.64,89551.451
001277.SZ,20250917,40.43,40.64,40.26,40.5,40.43,0.1731,7140.98,28897.33
001278.SZ,20250917,18.88,18.9,18.67,18.71,18.8,-0.4787,12891.0,24174.219
001279.SZ,20250917,40.9,41.08,40.58,40.63,40.9,-0.6601,17507.87,71434.091
001282.SZ,20250917,21.8,22.56,21.34,22.5,21.58,4.2632,182195.87,402229.906
001283.SZ,20250917,80.0,88.22,79.0,88.22,80.2,10.0,124428.43,1052427.738
001286.SZ,20250917,9.1,9.19,9.07,9.18,9.1,0.8791,98371.11,89933.824
001287.SZ,20250917,21.16,21.82,20.97,21.44,21.35,0.4215,216801.0,463099.677
001288.SZ,20250917,25.99,26.79,25.8,26.52,25.97,2.1178,39204.04,103484.257
001289.SZ,20250917,16.99,17.04,16.89,16.99,16.99,0.0,45233.71,76744.866
001296.SZ,20250917,23.5,24.56,23.39,24.29,23.68,2.576,83447.12,200673.891
001298.SZ,20250917,35.4,36.22,34.8,35.58,35.42,0.4517,157846.85,562988.996
001299.SZ,20250917,12.87,12.99,12.79,12.8,12.87,-0.5439,33898.95,43598.602
001300.SZ,20250917,14.37,14.5,14.24,14.35,14.37,-0.1392,28212.54,40478.191
001301.SZ,20250917,68.02,73.55,66.81,70.28,68.62,2.4191,173743.77,1213751.251
001306.SZ,20250917,107.86,109.8,106.5,108.01,107.8,0.1948,15954.02,172731.097
001308.SZ,20250917,23.12,23.64,23.08,23.51,23.11,1.7309,48965.83,114857.531
001309.SZ,20250917,125.5,132.98,123.79,131.49,125.5,4.7729,268173.95,3432384.096
001311.SZ,20250917,25.37,27.38,25.37,26.03,25.36,2.642,147832.95,391964.462
001313.SZ,20250917,7.83,7.84,7.7,7.71,7.8,-1.1538,56844.0,43984.317
001314.SZ,20250917,51.06,51.57,50.58,50.65,50.97,-0.6278,30494.0,155419.705
001316.SZ,20250917,33.29,33.6,33.1,33.26,33.29,-0.0901,11212.23,37280.496
001317.SZ,20250917,48.6,49.54,48.03,48.84,50.03,-2.3786,44775.03,218711.449
001318.SZ,20250917,14.72,14.86,14.44,14.46,14.77,-2.0988,75654.5,110273.719
001319.SZ,20250917,29.16,29.55,29.09,29.27,29.19,0.2741,43998.0,128996.417
001322.SZ,20250917,8.42,8.46,8.38,8.4,8.44,-0.4739,34136.91,28728.617
001323.SZ,20250917,28.38,28.82,28.35,28.74,28.38,1.2685,10721.8,30642.649
001324.SZ,20250917,20.24,20.48,20.18,20.36,20.26,0.4936,27797.33,56596.212
001326.SZ,20250917,38.76,42.02,38.5,40.85,38.97,4.8242,34693.79,141680.178
001328.SZ,20250917,40.0,41.3,39.85,40.62,40.09,1.322,23646.12,96329.816
001330.SZ,20250917,5.9,5.98,5.76,5.81,5.85,-0.6838,358103.0,209475.706
001331.SZ,20250917,13.75,13.87,13.45,13.46,13.61,-1.1021,112230.1,152363.354
001332.SZ,20250917,50.99,53.5,49.9,51.68,51.1,1.135,73260.35,381063.77
001333.SZ,20250917,21.73,22.11,21.73,21.94,21.89,0.2284,16379.0,35901.94
001335.SZ,20250917,39.72,40.07,39.61,39.73,39.84,-0.2761,11074.36,44104.802
001336.SZ,20250917,23.66,23.82,23.26,23.33,23.5,-0.7234,9702.0,22824.046
001337.SZ,20250917,27.59,27.69,26.88,27.48,27.87,-1.3994,166441.47,454576.177
001338.SZ,20250917,11.66,11.68,11.59,11.62,11.68,-0.5137,42867.15,49834.183
001339.SZ,20250917,60.47,61.47,60.38,60.4,60.99,-0.9674,69542.6,423153.376
001356.SZ,20250917,14.83,14.9,14.79,14.81,14.84,-0.2022,39521.43,58635.974
001358.SZ,20250917,29.5,30.25,28.9,28.96,29.7,-2.4916,25417.5,74676.006
001359.SZ,20250917,53.19,53.25,51.67,52.64,53.3,-1.2383,24124.08,126625.663
001360.SZ,20250917,15.81,15.91,15.77,15.85,15.91,-0.3771,26686.38,42278.971
001366.SZ,20250917,13.04,13.06,12.84,12.94,12.96,-0.1543,18429.48,23883.846
001367.SZ,20250917,25.05,25.06,24.66,24.85,24.84,0.0403,20090.87,49961.607
001368.SZ,20250917,25.19,25.56,25.13,25.48,25.28,0.7911,12348.0,31343.912
001373.SZ,20250917,31.27,31.76,30.91,31.54,31.13,1.3171,11482.0,36127.938
001376.SZ,20250917,12.56,12.6,12.48,12.55,12.6,-0.3968,59501.0,74498.022
001378.SZ,20250917,22.9,22.94,22.73,22.76,22.91,-0.6547,8752.1,19988.587
001379.SZ,20250917,21.1,21.18,20.99,21.12,21.1,0.0948,17400.24,36724.52
001380.SZ,20250917,28.02,28.26,27.24,27.59,28.35,-2.6808,81760.58,225557.093
001382.SZ,20250917,20.84,21.18,20.7,20.98,20.85,0.6235,27648.88,58111.582
001387.SZ,20250917,14.1,14.19,14.04,14.07,14.1,-0.2128,20528.91,28987.558
001388.SZ,20250917,49.88,50.32,49.76,50.19,49.87,0.6417,20449.46,102385.137
001389.SZ,20250917,76.0,78.48,75.2,76.66,76.2,0.6037,99722.83,766688.037
001390.SZ,20250917,26.26,26.26,25.66,25.7,26.31,-2.3185,44511.29,115190.563
001391.SZ,20250917,6.78,6.81,6.75,6.78,6.81,-0.4405,246484.17,167023.221
001395.SZ,20250917,51.71,52.18,51.12,51.15,51.4,-0.4864,9422.6,48600.197
001400.SZ,20250917,80.0,82.3,78.0,78.02,82.42,-5.3385,41814.34,331595.43
001696.SZ,20250917,24.62,25.5,24.33,24.92,24.81,0.4434,416515.31,1035216.558
001872.SZ,20250917,20.81,20.94,20.7,20.9,20.81,0.4325,26637.0,55514.821
001896.SZ,20250917,5.37,5.38,5.3,5.34,5.38,-0.7435,168360.81,89871.322
001914.SZ,20250917,12.15,12.16,11.97,12.11,12.17,-0.493,63520.11,76673.007
001965.SZ,20250917,10.02,10.05,9.94,9.96,10.03,-0.6979,155636.72,155378.47
001979.SZ,20250917,9.65,9.69,9.52,9.62,9.67,-0.5171,431348.57,414025.959
002001.SZ,20250917,24.34,24.43,24.15,24.32,24.31,0.0411,173115.06,420220.615
002003.SZ,20250917,10.35,10.4,10.32,10.34,10.37,-0.2893,79927.94,82630.626
002004.SZ,20250917,4.7,4.72,4.65,4.69,4.68,0.2137,198067.3,92895.151
002005.SZ,20250917,2.41,2.48,2.4,2.42,2.38,1.6807,179476.0,43692.876
002006.SZ,20250917,19.88,20.22,19.74,20.14,19.78,1.82,409455.41,819993.935
002007.SZ,20250917,16.78,16.85,16.55,16.55,16.73,-1.0759,260139.11,432306.822
002008.SZ,20250917,40.32,40.96,39.0,39.97,40.37,-0.9908,547449.19,2183894.548
002009.SZ,20250917,18.54,18.82,18.27,18.7,18.54,0.863,295613.64,551194.71
002010.SZ,20250917,6.34,6.52,6.28,6.44,6.4,0.625,934219.32,595995.302
002011.SZ,20250917,12.83,13.04,12.78,12.92,12.84,0.6231,315079.22,407212.797
002012.SZ,20250917,5.81,5.85,5.75,5.75,5.81,-1.0327,101579.0,58913.182
002014.SZ,20250917,11.69,11.77,11.62,11.66,11.7,-0.3419,20665.0,24154.745
002015.SZ,20250917,11.91,12.01,11.82,11.89,11.93,-0.3353,186027.24,221751.761
002016.SZ,20250917,6.05,6.05,5.89,5.96,6.01,-0.8319,139365.01,83016.218
002017.SZ,20250917,26.03,26.93,25.84,26.41,26.16,0.9557,406572.94,1078789.734
002019.SZ,20250917,14.66,14.69,14.48,14.5,14.66,-1.0914,123764.52,179857.769
002020.SZ,20250917,19.49,20.21,19.35,19.99,19.47,2.6708,142596.96,283529.046
002021.SZ,20250917,3.07,3.09,2.99,3.04,3.07,-0.9772,972651.67,296135.049
002022.SZ,20250917,6.78,6.78,6.7,6.71,6.79,-1.1782,66438.94,44702.226
002023.SZ,20250917,12.07,12.42,12.01,12.42,12.14,2.3064,284398.7,349135.837
002024.SZ,20250917,1.9,1.9,1.89,1.9,1.9,0.0,159681.08,30251.554
002025.SZ,20250917,48.62,51.48,48.5,51.12,48.68,5.0123,74676.11,375261.806
002026.SZ,20250917,13.9,14.24,13.82,14.13,13.93,1.4358,179303.0,252775.12
002027.SZ,20250917,8.16,8.36,8.13,8.35,8.12,2.8325,1480297.97,1225876.174
002028.SZ,20250917,93.11,97.86,92.88,97.38,93.14,4.5523,74439.51,717112.527
002029.SZ,20250917,7.06,7.11,7.04,7.09,7.05,0.5674,84668.05,59903.184
002030.SZ,20250917,6.46,6.47,6.4,6.43,6.47,-0.6182,111698.79,71807.639
002031.SZ,20250917,9.05,9.2,8.96,9.05,9.09,-0.44,2315467.25,2102716.076
002032.SZ,20250917,50.01,50.26,49.1,50.23,50.0,0.46,16817.19,84139.43
002033.SZ,20250917,9.64,9.78,9.26,9.38,9.37,0.1067,445716.71,420302.174
002034.SZ,20250917,17.26,17.28,17.08,17.11,17.26,-0.8691,47724.8,81915.875
002035.SZ,20250917,6.46,6.55,6.43,6.52,6.47,0.7728,129823.4,84545.485
002036.SZ,20250917,11.77,12.06,11.7,11.92,11.76,1.3605,705236.63,841617.546
002037.SZ,20250917,11.39,11.46,11.31,11.36,11.44,-0.6993,85176.67,96796.376
002038.SZ,20250917,7.52,7.55,7.45,7.49,7.51,-0.2663,112713.76,84419.991
002039.SZ,20250917,16.21,16.45,16.2,16.32,16.28,0.2457,55156.2,90126.083
002040.SZ,20250917,9.96,10.5,9.77,10.17,9.96,2.1084,374522.02,379307.987
002041.SZ,20250917,9.66,9.66,9.59,9.61,9.65,-0.4145,73699.97,70843.826
002042.SZ,20250917,5.6,5.65,5.54,5.59,5.61,-0.3565,557628.97,310948.831
002043.SZ,20250917,10.95,11.18,10.95,11.0,11.0,0.0,89020.41,98514.542
002044.SZ,20250917,5.3,5.32,5.21,5.26,5.28,-0.3788,496973.84,261341.107
002045.SZ,20250917,16.81,17.19,16.72,16.85,16.83,0.1188,346339.38,585610.035
002046.SZ,20250917,33.75,35.41,32.48,33.24,33.39,-0.4492,479035.15,1617761.968
002047.SZ,20250917,2.45,2.48,2.41,2.43,2.45,-0.8163,99632.0,24253.58
002048.SZ,20250917,34.0,35.1,33.81,34.22,34.7,-1.3833,432172.39,1484978.228
002049.SZ,20250917,78.0,78.89,76.93,77.67,78.43,-0.969,212342.47,1651277.708
002050.SZ,20250917,40.99,42.18,40.31,41.9,39.23,6.806,3681606.13,15151664.849
002051.SZ,20250917,8.5,8.56,8.46,8.53,8.49,0.4711,94853.77,80751.998
002052.SZ,20250917,14.21,14.45,14.14,14.18,14.33,-1.0468,263354.3,374849.307
002053.SZ,20250917,13.95,14.1,13.61,13.72,13.82,-0.7236,115954.75,159437.678
002054.SZ,20250917,6.8,6.85,6.69,6.71,6.79,-1.1782,183783.71,123926.641
002055.SZ,20250917,8.41,8.54,8.35,8.44,8.44,0.0,631853.71,534795.167
002056.SZ,20250917,18.11,18.71,17.96,18.63,18.2,2.3626,338051.49,622387.383
002057.SZ,20250917,11.0,11.12,10.85,11.09,11.05,0.362,256799.86,282708.588
002058.SZ,20250917,27.64,27.64,25.2,26.9,26.32,2.2036,227614.67,615843.137
002059.SZ,20250917,6.07,6.07,5.75,6.07,5.52,9.9638,1290107.83,770027.809
002060.SZ,20250917,3.84,4.18,3.78,3.93,3.85,2.0779,812913.38,320342.615
002061.SZ,20250917,4.17,4.29,4.14,4.24,4.18,1.4354,546484.5,230686.226
002062.SZ,20250917,10.14,10.46,9.6,10.28,9.9,3.8384,553795.44,558572.265
002063.SZ,20250917,6.29,6.35,6.24,6.31,6.29,0.318,332376.9,209364.861
002064.SZ,20250917,8.9,9.15,8.7,8.96,8.96,0.0,353231.67,315098.586
002065.SZ,20250917,9.9,9.97,9.83,9.87,9.96,-0.9036,802265.85,792878.424
002066.SZ,20250917,15.34,15.65,14.92,15.03,15.2,-1.1184,115963.0,176067.54
002067.SZ,20250917,6.51,6.51,6.51,6.51,5.92,9.9662,166712.79,108530.026
002068.SZ,20250917,10.98,11.2,10.87,11.02,10.94,0.7313,173979.13,192198.119
002069.SZ,20250917,4.38,4.42,4.27,4.29,4.39,-2.2779,130798.09,56419.311
002072.SZ,20250917,8.12,8.22,8.04,8.09,8.19,-1.221,60264.0,48902.965
002073.SZ,20250917,8.95,8.95,8.83,8.89,8.95,-0.6704,384229.08,341672.293
002074.SZ,20250917,45.94,46.5,44.6,45.22,46.4,-2.5431,1426218.23,6492995.686
002075.SZ,20250917,5.86,6.32,5.83,6.1,5.87,3.9182,1110320.63,676930.483
002076.SZ,20250917,1.97,1.98,1.93,1.94,1.97,-1.5228,352170.0,68595.824
002077.SZ,20250917,17.4,17.45,16.86,16.91,17.29,-2.1978,412905.81,706259.412
002078.SZ,20250917,14.99,15.3,14.94,15.13,14.98,1.0013,128420.23,194627.979
002079.SZ,20250917,10.47,10.62,10.41,10.56,10.51,0.4757,244081.11,257208.222
002080.SZ,20250917,36.3,37.8,35.95,36.47,36.33,0.3854,361700.81,1331610.534
002081.SZ,20250917,3.67,3.72,3.64,3.69,3.66,0.8197,437133.08,160627.953
002082.SZ,20250917,11.57,11.79,11.29,11.69,11.62,0.6024,309606.61,356615.64
002083.SZ,20250917,4.88,4.92,4.87,4.89,4.89,0.0,127118.23,62217.249
002084.SZ,20250917,3.93,3.95,3.86,3.88,3.98,-2.5126,371113.83,144798.73
002085.SZ,20250917,17.87,18.67,17.85,18.4,18.15,1.3774,1032151.66,1886335.435
002086.SZ,20250917,2.86,2.87,2.79,2.82,2.85,-1.0526,885191.0,248795.244
002088.SZ,20250917,13.21,13.25,12.86,12.9,13.21,-2.3467,58258.8,75727.272
002090.SZ,20250917,10.93,11.21,10.83,11.1,10.93,1.5554,321731.41,355503.087
002091.SZ,20250917,8.92,9.06,8.79,9.05,8.93,1.3438,371734.62,332385.577
002092.SZ,20250917,4.83,4.85,4.78,4.81,4.84,-0.6198,328654.0,158091.823
002093.SZ,20250917,11.7,11.73,11.6,11.64,11.7,-0.5128,159549.0,185959.39
002094.SZ,20250917,8.4,8.48,8.35,8.37,8.47,-1.1806,259262.09,217493.973
002095.SZ,20250917,21.09,21.1,20.8,20.94,21.2,-1.2264,55344.39,115741.668
002096.SZ,20250917,13.75,13.84,13.68,13.77,13.75,0.1455,59927.0,82491.083
002097.SZ,20250917,14.22,14.34,14.13,14.28,14.22,0.4219,460069.17,654935.783
002098.SZ,20250917,9.13,9.16,9.03,9.04,9.14,-1.0941,56725.4,51396.058
002099.SZ,20250917,6.52,6.53,6.37,6.4,6.51,-1.6897,141701.63,91431.892
002100.SZ,20250917,8.12,8.18,7.85,7.97,8.04,-0.8706,670681.21,535421.473
002101.SZ,20250917,13.99,14.19,13.91,14.14,14.12,0.1416,213251.37,300064.65
002102.SZ,20250917,4.28,4.28,4.12,4.15,4.33,-4.157,960395.08,400542.255
002103.SZ,20250917,10.27,10.52,10.16,10.36,10.18,1.7682,272093.15,281698.768
002104.SZ,20250917,24.85,27.4,24.64,26.62,25.01,6.4374,1699317.48,4483825.257
002105.SZ,20250917,7.51,7.51,7.38,7.39,7.52,-1.7287,84676.0,62903.74
002106.SZ,20250917,12.18,12.64,12.12,12.61,12.16,3.7007,372027.2,463884.308
002107.SZ,20250917,6.5,6.55,6.47,6.48,6.51,-0.4608,57895.2,37657.349
002108.SZ,20250917,4.05,4.08,4.0,4.01,4.08,-1.7157,607465.68,245170.728
002109.SZ,20250917,4.01,4.16,3.97,4.11,4.05,1.4815,461650.66,189183.39
002110.SZ,20250917,4.45,4.45,4.33,4.41,4.46,-1.1211,279891.01,122749.577
002111.SZ,20250917,10.18,10.32,10.16,10.27,10.2,0.6863,66426.2,68177.481
002112.SZ,20250917,13.78,14.11,13.73,13.87,13.93,-0.4307,175420.77,243854.284
002114.SZ,20250917,8.03,8.05,7.8,7.98,7.98,0.0,163188.19,128983.269
002115.SZ,20250917,12.36,12.53,12.02,12.06,12.3,-1.9512,1861071.59,2279267.205
002116.SZ,20250917,10.28,10.38,10.22,10.26,10.31,-0.485,56809.85,58337.407
002117.SZ,20250917,12.1,12.16,11.94,11.99,12.1,-0.9091,141157.06,169912.644
002119.SZ,20250917,16.44,16.65,16.33,16.56,16.47,0.5464,110925.99,183529.819
002120.SZ,20250917,7.95,7.99,7.86,7.92,7.96,-0.5025,293553.79,232355.981
002121.SZ,20250917,7.76,7.89,7.68,7.79,7.76,0.3866,459098.93,356690.412
002122.SZ,20250917,4.39,4.42,4.33,4.39,4.42,-0.6787,1522037.67,665812.171
002123.SZ,20250917,13.78,13.78,13.65,13.68,13.76,-0.5814,205021.19,280623.387
002124.SZ,20250917,3.15,3.17,3.09,3.13,3.16,-0.9494,603830.14,188554.81
002125.SZ,20250917,14.49,14.65,14.22,14.37,14.51,-0.9649,315345.76,455675.289
002126.SZ,20250917,42.3,43.9,42.3,43.9,39.91,9.9975,315732.85,1368213.835
002127.SZ,20250917,3.87,3.89,3.81,3.83,3.9,-1.7949,797864.75,306171.841
002128.SZ,20250917,22.72,22.83,22.42,22.71,22.81,-0.4384,82155.91,185833.094
002129.SZ,20250917,8.41,8.6,8.34,8.51,8.44,0.8294,739951.86,627328.469
002130.SZ,20250917,27.3,28.88,27.06,28.09,27.3,2.8938,1568891.7,4402674.314
002131.SZ,20250917,6.21,6.41,6.16,6.31,6.39,-1.252,11296618.18,7105542.317
002132.SZ,20250917,3.73,3.76,3.7,3.73,3.73,0.0,219599.5,81844.724
002133.SZ,20250917,3.75,3.76,3.62,3.69,3.75,-1.6,315223.32,116117.648
002134.SZ,20250917,21.32,21.32,21.0,21.18,21.32,-0.6567,60358.16,127631.854
002135.SZ,20250917,4.43,4.45,4.38,4.42,4.42,0.0,112415.99,49634.346
002136.SZ,20250917,11.46,11.49,11.22,11.24,11.48,-2.0906,52759.01,59657.395
002137.SZ,20250917,9.03,9.5,8.98,9.42,9.04,4.2035,600896.85,560216.337
002138.SZ,20250917,34.78,36.08,34.63,35.19,34.78,1.1788,250622.57,881610.906
002139.SZ,20250917,15.5,15.86,15.31,15.76,15.3,3.0065,794075.45,1243650.759
002140.SZ,20250917,11.7,11.92,11.34,11.69,11.82,-1.0998,460163.05,532172.047
002141.SZ,20250917,4.02,4.09,3.98,4.0,4.06,-1.4778,245340.0,98719.737
002142.SZ,20250917,27.32,27.42,27.0,27.03,27.31,-1.0253,371289.41,1008329.175
002144.SZ,20250917,13.19,13.22,13.09,13.12,13.18,-0.4552,34610.28,45487.132
002145.SZ,20250917,5.14,5.18,5.1,5.14,5.14,0.0,590980.15,302957.915
002146.SZ,20250917,2.08,2.08,1.95,1.99,2.12,-6.1321,8942038.84,1797208.392
002148.SZ,20250917,10.38,11.42,10.31,11.42,10.38,10.0193,947675.54,1042018.202
002149.SZ,20250917,17.22,17.47,17.2,17.45,17.33,0.6924,134129.26,232452.022
002150.SZ,20250917,15.59,16.32,15.32,15.9,15.62,1.7926,361749.44,573103.823
002151.SZ,20250917,29.92,29.92,29.53,29.68,29.92,-0.8021,87990.69,261231.535
002152.SZ,20250917,13.65,14.65,13.53,14.2,13.71,3.574,744917.15,1058375.667
002153.SZ,20250917,11.14,11.38,11.08,11.16,11.14,0.1795,323890.13,362822.985
002154.SZ,20250917,4.47,4.66,4.37,4.38,4.24,3.3019,3347934.6,1518815.043
002155.SZ,20250917,22.51,22.55,22.0,22.24,22.9,-2.8821,706534.82,1566192.73
002156.SZ,20250917,33.35,34.35,33.1,33.75,33.46,0.8667,922709.27,3116433.615
002157.SZ,20250917,3.14,3.16,3.09,3.13,3.14,-0.3185,1133244.19,353073.952
002158.SZ,20250917,27.33,28.22,26.49,26.74,27.69,-3.4308,406143.73,1096846.199
002159.SZ,20250917,16.62,16.68,16.0,16.03,16.33,-1.8371,70282.21,114156.039
002160.SZ,20250917,4.42,4.49,4.36,4.47,4.43,0.9029,257533.44,114182.496
002161.SZ,20250917,8.35,8.42,8.25,8.27,8.36,-1.0766,257586.2,214327.05
002162.SZ,20250917,4.5,4.52,4.45,4.47,4.5,-0.6667,161162.61,72199.09
002163.SZ,20250917,10.37,10.41,10.12,10.17,10.41,-2.3055,270638.17,276296.427
002164.SZ,20250917,14.03,14.97,13.91,14.63,14.0,4.5,867513.54,1254665.38
002165.SZ,20250917,9.44,9.62,9.4,9.46,9.44,0.2119,547207.2,520913.402
002166.SZ,20250917,7.89,7.97,7.84,7.92,7.89,0.3802,74266.9,58666.351
002167.SZ,20250917,14.95,15.0,14.75,14.9,15.08,-1.1936,464762.26,691521.006
002168.SZ,20250917,4.23,4.29,4.21,4.23,4.25,-0.4706,55005.41,23374.625
002169.SZ,20250917,7.28,7.47,7.18,7.43,7.33,1.3643,353948.96,260994.088
002170.SZ,20250917,10.7,10.78,10.59,10.62,10.74,-1.1173,222475.74,237001.324
002171.SZ,20250917,9.48,9.71,9.42,9.7,9.52,1.8908,411544.85,394514.217
002172.SZ,20250917,5.2,5.2,4.61,4.64,4.73,-1.9027,1655493.4,801728.974
002173.SZ,20250917,25.12,25.3,24.54,24.65,25.02,-1.4788,625252.04,1546555.484
002174.SZ,20250917,12.52,12.7,12.37,12.61,12.55,0.4781,517002.38,647269.098
002175.SZ,20250917,5.5,5.5,5.36,5.38,5.55,-3.0631,1101790.6,594736.341
002176.SZ,20250917,10.02,10.34,9.87,10.14,10.01,1.2987,1562780.9,1585856.102
002177.SZ,20250917,8.01,8.2,7.88,8.11,8.08,0.3713,891588.12,720026.194
002178.SZ,20250917,7.2,7.2,7.11,7.13,7.21,-1.1096,220193.56,157131.423
002179.SZ,20250917,39.09,39.85,38.98,39.79,38.99,2.0518,192239.18,756802.292
002180.SZ,20250917,22.8,23.46,22.59,23.25,22.79,2.0184,197100.77,453226.154
002181.SZ,20250917,8.41,8.41,8.17,8.23,8.54,-3.63,955703.33,787679.63
002182.SZ,20250917,16.14,17.0,15.86,16.46,16.14,1.9827,717510.08,1180406.574
002183.SZ,20250917,5.98,6.2,5.68,5.75,6.04,-4.8013,4497788.01,2651788.455
002184.SZ,20250917,14.46,14.74,14.27,14.64,14.48,1.105,330839.31,480366.466
002185.SZ,20250917,11.2,11.3,11.09,11.19,11.25,-0.5333,625895.1,700099.222
002186.SZ,20250917,12.76,12.84,12.32,12.36,12.72,-2.8302,145991.7,181864.478
002187.SZ,20250917,7.07,7.07,6.82,6.83,7.04,-2.983,232042.0,159510.527
002188.SZ,20250917,6.01,6.01,5.88,5.9,6.01,-1.8303,104753.02,62212.19
002189.SZ,20250917,23.95,24.7,23.92,24.12,23.63,2.0736,104292.05,253697.878
002190.SZ,20250917,40.38,40.62,40.03,40.15,40.37,-0.545,111095.95,447139.725
002191.SZ,20250917,4.48,4.53,4.42,4.5,4.47,0.6711,284815.25,127846.296
002192.SZ,20250917,36.19,36.73,35.81,36.42,36.34,0.2201,64135.55,232333.387
002193.SZ,20250917,6.11,6.13,5.96,5.98,6.13,-2.447,65814.0,39527.884
002194.SZ,20250917,14.5,14.74,14.38,14.42,14.55,-0.8935,227595.03,330167.794
002195.SZ,20250917,8.72,8.82,8.55,8.61,8.82,-2.381,7525606.18,6500082.132
002196.SZ,20250917,10.5,10.88,10.3,10.35,10.61,-2.4505,966703.74,1015949.057
002197.SZ,20250917,9.09,9.18,9.0,9.1,9.07,0.3308,102057.37,92731.431
002198.SZ,20250917,6.46,6.5,6.41,6.42,6.46,-0.6192,63218.0,40792.715
002199.SZ,20250917,10.09,10.17,9.95,10.01,10.13,-1.1846,43441.0,43583.893
002200.SZ,20250917,7.55,7.68,7.51,7.55,7.58,-0.3958,16779.1,12723.708
002201.SZ,20250917,8.18,8.3,8.1,8.12,8.22,-1.2165,116407.24,95109.141
002202.SZ,20250917,12.45,13.44,12.33,13.23,12.31,7.4736,1781240.12,2299129.889
002203.SZ,20250917,12.58,12.59,12.15,12.21,12.61,-3.1721,443335.82,545817.106
002204.SZ,20250917,6.19,6.22,6.16,6.21,6.19,0.3231,256786.0,158975.578
002205.SZ,20250917,13.36,13.37,13.08,13.14,13.32,-1.3514,45764.4,60187.237
002206.SZ,20250917,6.19,6.21,6.13,6.17,6.19,-0.3231,210981.84,130093.629
002207.SZ,20250917,8.04,8.22,7.93,7.95,7.92,0.3788,351369.0,282833.376
002208.SZ,20250917,6.97,7.06,6.84,6.98,6.98,0.0,183707.22,127301.872
002209.SZ,20250917,16.03,16.11,15.8,15.88,16.03,-0.9357,59629.0,95068.556
002210.SZ,20250917,3.8,3.98,3.73,3.83,3.87,-1.0336,3997603.11,1538546.459
002211.SZ,20250917,3.71,3.8,3.66,3.7,3.7,0.0,92372.0,34304.441
002212.SZ,20250917,10.22,10.24,10.06,10.13,10.19,-0.5888,596703.2,604672.013
002213.SZ,20250917,17.53,17.76,17.39,17.42,17.6,-1.0227,103790.0,181571.543
002214.SZ,20250917,11.32,11.32,11.17,11.23,11.23,0.0,29513.4,33072.754
002215.SZ,20250917,12.73,12.83,12.58,12.7,12.75,-0.3922,215368.52,273913.068
002216.SZ,20250917,11.4,11.48,11.33,11.36,11.42,-0.5254,50533.8,57510.886
002217.SZ,20250917,3.78,3.95,3.73,3.76,3.76,0.0,5103415.14,1948568.532
002218.SZ,20250917,3.86,3.98,3.82,3.95,3.86,2.3316,838338.8,329639.165
002219.SZ,20250917,2.39,2.6,2.38,2.49,2.39,4.1841,2568504.91,637998.139
002221.SZ,20250917,8.45,8.49,8.42,8.45,8.45,0.0,91806.31,77580.203
002222.SZ,20250917,44.76,46.4,43.7,46.4,42.18,10.0047,214977.28,978066.83
002223.SZ,20250917,39.1,39.1,38.51,38.68,39.18,-1.2762,114021.82,441902.292
002224.SZ,20250917,4.54,4.57,4.51,4.55,4.54,0.2203,169891.99,77095.482
002225.SZ,20250917,6.03,6.06,5.91,5.92,6.03,-1.8242,324772.9,194062.611
002226.SZ,20250917,6.29,6.43,6.24,6.41,6.29,1.9078,461218.7,292907.094
002227.SZ,20250917,13.6,13.6,13.36,13.36,13.6,-1.7647,52424.5,70373.369
002228.SZ,20250917,3.42,3.43,3.38,3.4,3.42,-0.5848,162750.14,55416.183
002229.SZ,20250917,18.25,18.5,18.02,18.12,18.24,-0.6579,323893.86,588513.948
002230.SZ,20250917,52.25,52.75,51.7,52.4,52.27,0.2487,499096.95,2603880.299
002231.SZ,20250917,4.09,4.18,4.06,4.07,4.09,-0.489,66448.5,27218.962
002232.SZ,20250917,22.2,22.21,21.8,21.81,22.36,-2.4597,180478.44,395297.103
002233.SZ,20250917,8.84,8.9,8.79,8.85,8.87,-0.2255,72828.98,64397.223
002234.SZ,20250917,8.91,8.99,8.8,8.84,8.93,-1.0078,60508.0,53552.557
002235.SZ,20250917,7.73,7.82,7.67,7.73,7.73,0.0,218489.36,169433.725
002236.SZ,20250917,18.7,18.79,18.51,18.7,18.78,-0.426,506610.26,944852.427
002237.SZ,20250917,14.32,14.37,13.97,14.19,14.61,-2.8747,426686.63,603406.062
002238.SZ,20250917,8.64,8.66,8.42,8.47,8.63,-1.854,84591.02,72047.729
002239.SZ,20250917,3.5,3.58,3.43,3.51,3.48,0.8621,2501618.79,879424.338
002240.SZ,20250917,17.92,18.56,17.76,18.53,18.08,2.4889,295974.3,539206.045
002241.SZ,20250917,33.59,34.06,32.57,33.2,33.44,-0.7177,1364839.65,4543746.874
002242.SZ,20250917,9.67,9.79,9.65,9.74,9.68,0.6198,56599.48,55084.633
002243.SZ,20250917,9.16,9.29,9.12,9.29,9.15,1.5301,214839.88,198199.083
002244.SZ,20250917,11.38,11.65,11.33,11.49,11.4,0.7895,370305.29,425690.133
002245.SZ,20250917,17.62,19.51,17.45,19.51,17.74,9.9775,1692960.59,3197506.417
002246.SZ,20250917,16.68,16.97,16.66,16.85,16.77,0.477,152966.99,257582.875
002247.SZ,20250917,2.97,3.01,2.92,2.98,2.98,0.0,247741.0,73804.928
002248.SZ,20250917,11.26,11.65,11.19,11.65,11.37,2.4626,474906.6,543646.055
002249.SZ,20250917,10.47,11.37,10.39,10.9,10.34,5.4159,4306012.87,4675726.576
002250.SZ,20250917,11.18,11.22,11.01,11.05,11.19,-1.2511,352264.98,390026.737
002251.SZ,20250917,6.6,6.6,6.16,6.19,6.55,-5.4962,3724167.93,2333188.561
002252.SZ,20250917,6.89,6.9,6.85,6.87,6.9,-0.4348,259612.86,178390.46
002253.SZ,20250917,11.12,11.6,11.08,11.16,11.15,0.0897,79126.5,89568.567
002254.SZ,20250917,10.11,10.13,10.04,10.09,10.11,-0.1978,85554.21,86268.186
002255.SZ,20250917,8.33,8.38,8.29,8.36,8.37,-0.1195,139244.08,116127.974
002256.SZ,20250917,3.26,3.29,3.18,3.25,3.24,0.3086,1707527.71,555042.3
002258.SZ,20250917,12.22,12.36,12.13,12.22,12.25,-0.2449,81039.04,99153.434
002259.SZ,20250917,4.21,4.28,4.18,4.25,4.23,0.4728,123693.0,52338.157
002261.SZ,20250917,39.0,39.03,38.0,38.48,39.18,-1.7866,1178250.12,4525342.063
002262.SZ,20250917,28.47,28.59,27.73,28.02,28.5,-1.6842,117381.06,327870.586
002263.SZ,20250917,4.31,4.48,4.28,4.32,4.28,0.9346,2920878.08,1273710.514
002264.SZ,20250917,7.88,7.9,7.72,7.76,7.87,-1.3977,363337.97,282332.427
002265.SZ,20250917,31.06,31.36,31.0,31.13,31.33,-0.6384,131774.24,410403.401
002266.SZ,20250917,3.91,4.09,3.88,4.06,3.92,3.5714,1500773.35,601620.758
002267.SZ,20250917,8.15,8.22,8.11,8.21,8.14,0.86,118785.07,97073.217
002268.SZ,20250917,17.65,17.74,17.54,17.64,17.68,-0.2262,90555.0,159735.878
002269.SZ,20250917,2.9,3.03,2.86,2.92,2.96,-1.3514,3964645.5,1162967.102
002270.SZ,20250917,18.81,19.49,18.81,19.42,18.9,2.7513,126486.03,244313.651
002271.SZ,20250917,12.42,12.87,12.32,12.74,12.42,2.5765,634327.06,803606.025
002272.SZ,20250917,16.98,17.11,16.64,16.82,17.15,-1.9242,568642.87,956194.513
002273.SZ,20250917,27.69,27.88,27.16,27.6,27.46,0.5098,571549.68,1573111.178
002274.SZ,20250917,6.47,6.52,6.43,6.48,6.47,0.1546,96733.62,62701.863
002275.SZ,20250917,14.93,14.98,14.83,14.86,14.95,-0.602,25932.12,38566.856
002276.SZ,20250917,18.44,18.49,18.0,18.04,18.66,-3.3226,1209774.39,2193396.242
002277.SZ,20250917,7.32,7.35,7.12,7.19,7.32,-1.776,548232.67,393676.606
002278.SZ,20250917,10.38,10.44,10.2,10.23,10.55,-3.0332,422456.01,433556.964
002279.SZ,20250917,7.12,7.12,7.04,7.07,7.18,-1.532,263683.59,186238.224
002281.SZ,20250917,67.0,68.22,65.88,67.35,67.51,-0.237,494023.66,3308518.334
002282.SZ,20250917,7.23,7.29,7.22,7.26,7.24,0.2762,57402.0,41684.183
002283.SZ,20250917,7.13,7.22,7.12,7.16,7.2,-0.5556,552622.31,395848.419
002284.SZ,20250917,12.69,13.09,12.65,12.89,12.76,1.0188,400872.6,516712.374
002285.SZ,20250917,2.68,2.69,2.59,2.67,2.69,-0.7435,753237.2,199465.77
002286.SZ,20250917,10.25,10.37,10.22,10.28,10.23,0.4888,71003.06,72966.28
002287.SZ,20250917,27.35,27.63,27.31,27.4,27.4,0.0,34939.2,95954.611
002289.SZ,20250917,35.1,36.73,35.1,36.73,34.98,5.0029,27867.48,101364.885
002290.SZ,20250917,40.0,40.6,38.78,39.21,39.46,-0.6336,110025.91,436159.035
002291.SZ,20250917,6.53,6.56,6.4,6.42,6.59,-2.5797,594434.0,383075.722
002292.SZ,20250917,9.73,9.97,9.66,9.72,9.84,-1.2195,769357.36,751027.707
002293.SZ,20250917,8.37,8.38,8.27,8.29,8.36,-0.8373,52552.7,43706.369
002294.SZ,20250917,52.86,53.26,52.0,52.61,52.73,-0.2276,45189.79,237831.613
002295.SZ,20250917,10.71,10.94,10.67,10.79,10.83,-0.3693,61849.0,66865.804
002296.SZ,20250917,11.45,11.54,11.38,11.42,11.47,-0.4359,106391.0,121980.908
002297.SZ,20250917,8.59,8.6,8.5,8.54,8.64,-1.1574,141799.14,121087.552
002298.SZ,20250917,10.41,10.46,10.2,10.32,10.57,-2.3652,801968.57,826904.583
002299.SZ,20250917,17.35,17.55,17.11,17.27,17.34,-0.4037,89177.35,153831.285
002300.SZ,20250917,6.39,6.42,6.36,6.38,6.4,-0.3125,78205.4,49982.373
002301.SZ,20250917,6.93,7.03,6.9,6.95,6.94,0.1441,90097.5,62676.821
002302.SZ,20250917,6.77,6.79,6.7,6.77,6.78,-0.1475,124272.59,83825.976
002303.SZ,20250917,4.41,4.44,4.35,4.39,4.42,-0.6787,187802.8,82556.002
002304.SZ,20250917,71.81,72.2,71.4,71.59,71.8,-0.2925,40751.97,292018.178
002305.SZ,20250917,2.2,2.35,2.19,2.35,2.24,4.9107,1275959.83,291858.241
002306.SZ,20250917,1.92,1.95,1.91,1.92,1.93,-0.5181,213692.08,41109.875
002307.SZ,20250917,4.78,4.79,4.7,4.73,4.8,-1.4583,339369.02,160832.481
002309.SZ,20250917,3.1,3.22,3.08,3.17,3.12,1.6026,257159.05,81524.633
002310.SZ,20250917,2.77,2.81,2.69,2.72,2.76,-1.4493,1895744.99,518590.044
002311.SZ,20250917,66.29,66.99,63.66,64.4,66.4,-3.012,111647.5,720443.955
002312.SZ,20250917,11.55,11.56,11.37,11.39,11.62,-1.9793,387941.78,443530.894
002313.SZ,20250917,12.2,12.4,12.13,12.2,12.37,-1.3743,216405.01,265209.35
002314.SZ,20250917,3.2,3.21,3.11,3.18,3.22,-1.2422,646363.31,204474.688
002315.SZ,20250917,47.06,48.17,46.91,48.04,47.46,1.2221,59446.4,282885.067
002316.SZ,20250917,5.43,5.62,5.4,5.46,5.41,0.9242,240651.0,133079.97
002317.SZ,20250917,20.25,20.74,20.05,20.1,20.19,-0.4458,260480.16,530556.31
002318.SZ,20250917,22.25,22.28,21.98,22.19,22.17,0.0902,102919.0,227676.116
002319.SZ,20250917,11.55,11.61,11.33,11.36,11.59,-1.9845,55553.0,63621.416
002320.SZ,20250917,9.16,9.22,8.84,8.86,9.17,-3.3806,731607.36,654132.275
002321.SZ,20250917,2.87,2.88,2.82,2.85,2.87,-0.6969,296179.0,84343.327
002322.SZ,20250917,13.26,13.33,13.22,13.32,13.27,0.3768,52845.01,70148.942
002323.SZ,20250917,2.06,2.08,2.01,2.05,2.07,-0.9662,1255341.18,256925.325
002324.SZ,20250917,14.69,14.98,14.51,14.77,14.63,0.9569,200845.25,297403.582
002326.SZ,20250917,16.95,17.2,16.77,16.99,16.99,0.0,320828.9,545236.005
002327.SZ,20250917,7.25,7.26,7.23,7.25,7.25,0.0,46668.3,33787.454
002328.SZ,20250917,6.56,6.68,6.51,6.6,6.53,1.072,257837.37,170100.31
002329.SZ,20250917,3.98,3.99,3.91,3.93,3.98,-1.2563,284963.97,112200.618
002330.SZ,20250917,5.5,5.8,5.35,5.39,5.44,-0.9191,797680.63,441753.986
002331.SZ,20250917,8.54,8.54,8.36,8.41,8.56,-1.7523,154150.0,130033.317
002332.SZ,20250917,10.27,10.29,10.15,10.16,10.27,-1.0711,168776.48,171909.177
002333.SZ,20250917,5.56,5.58,5.53,5.56,5.58,-0.3584,131635.62,73051.009
002334.SZ,20250917,9.7,9.94,9.69,9.9,9.76,1.4344,447688.58,441144.498
002335.SZ,20250917,69.47,72.77,67.3,71.28,69.6,2.4138,496182.52,3471787.2
002337.SZ,20250917,6.25,6.32,6.23,6.29,6.24,0.8013,286154.56,179735.161
002338.SZ,20250917,52.38,55.62,51.88,55.62,50.56,10.0079,109303.0,592765.324
002339.SZ,20250917,8.11,8.16,8.03,8.04,8.13,-1.107,94161.99,76244.03
002340.SZ,20250917,7.55,7.61,7.47,7.59,7.59,0.0,1525701.95,1151468.068
002342.SZ,20250917,8.08,8.08,7.97,8.0,8.16,-1.9608,439959.74,352373.988
002343.SZ,20250917,8.29,8.59,8.26,8.53,8.26,3.2688,408129.37,345332.534
002344.SZ,20250917,4.59,4.77,4.52,4.71,4.59,2.6144,407045.06,189185.466
002345.SZ,20250917,14.82,14.93,14.65,14.75,14.97,-1.4696,116008.0,170649.967
002346.SZ,20250917,16.21,16.45,16.1,16.3,16.23,0.4313,55257.0,90114.216
002347.SZ,20250917,7.97,8.17,7.86,8.05,8.08,-0.3713,938885.0,753275.773
002348.SZ,20250917,4.08,4.12,4.0,4.01,4.11,-2.4331,337694.02,136684.864
002349.SZ,20250917,7.53,7.57,7.5,7.51,7.54,-0.3979,85425.38,64295.752
002350.SZ,20250917,7.07,7.22,7.03,7.2,7.08,1.6949,117789.62,84349.014
002351.SZ,20250917,13.29,13.48,13.21,13.37,13.29,0.602,138213.74,184890.962
002352.SZ,20250917,41.19,41.3,40.86,41.07,41.19,-0.2913,387804.66,1591603.909
002353.SZ,20250917,48.75,49.67,48.52,49.24,48.96,0.5719,43386.92,213463.653
002354.SZ,20250917,7.43,7.66,7.36,7.59,7.42,2.2911,1736709.45,1312900.404
002355.SZ,20250917,6.21,6.28,6.15,6.22,6.18,0.6472,180046.91,112085.408
002356.SZ,20250917,3.66,3.69,3.57,3.59,3.62,-0.8287,317563.7,114220.972
002357.SZ,20250917,10.77,11.5,10.69,11.36,10.77,5.4782,206823.63,233373.646
002358.SZ,20250917,5.22,5.25,5.19,5.21,5.21,0.0,142928.69,74505.563
002360.SZ,20250917,5.27,5.27,5.21,5.23,5.27,-0.759,73899.0,38684.131
002361.SZ,20250917,6.47,6.55,6.44,6.49,6.49,0.0,161525.05,104903.804
002362.SZ,20250917,24.77,25.42,24.54,25.05,25.0,0.2,149997.23,376376.97
002363.SZ,20250917,8.04,8.38,8.01,8.3,8.05,3.1056,193469.52,159215.678
002364.SZ,20250917,30.55,31.97,30.01,31.19,30.55,2.0949,695460.29,2156744.531
002365.SZ,20250917,18.4,18.63,18.1,18.11,18.45,-1.8428,124652.5,226933.836
002366.SZ,20250917,7.9,7.9,7.75,7.78,7.96,-2.2613,950888.01,741379.78
002367.SZ,20250917,6.86,6.96,6.85,6.92,6.87,0.7278,97534.7,67452.291
002368.SZ,20250917,27.0,27.19,26.81,26.93,27.11,-0.664,109669.3,295671.503
002369.SZ,20250917,9.96,10.3,9.96,10.13,10.03,0.997,427852.31,434449.669
002370.SZ,20250917,6.2,6.23,6.07,6.08,6.23,-2.4077,418617.0,255806.156
002371.SZ,20250917,374.0,395.0,369.55,389.39,377.86,3.0514,128259.64,4936736.952
002372.SZ,20250917,10.66,10.75,10.6,10.66,10.64,0.188,77868.52,83090.821
002373.SZ,20250917,10.76,10.85,10.72,10.82,10.81,0.0925,208487.78,225182.324
002374.SZ,20250917,3.04,3.05,2.96,2.99,3.07,-2.6059,510274.0,152783.636
002375.SZ,20250917,4.06,4.07,4.01,4.05,4.07,-0.4914,135474.0,54760.537
002376.SZ,20250917,7.84,7.86,7.79,7.82,7.85,-0.3822,152631.45,119386.705
002377.SZ,20250917,3.13,3.14,3.1,3.12,3.13,-0.3195,198312.0,61872.087
002378.SZ,20250917,12.78,13.0,12.67,12.98,12.89,0.6982,353126.0,454451.931
002379.SZ,20250917,17.4,17.68,16.8,17.0,17.4,-2.2989,184126.25,315281.431
002380.SZ,20250917,26.73,27.16,26.55,27.09,26.84,0.9314,55561.02,149961.809
002381.SZ,20250917,6.9,6.93,6.85,6.9,6.9,0.0,45737.0,31541.692
002382.SZ,20250917,5.95,5.98,5.88,5.91,5.95,-0.6723,81208.88,48129.441
002383.SZ,20250917,9.28,9.32,9.2,9.28,9.31,-0.3222,105950.09,98206.381
002384.SZ,20250917,84.0,86.33,81.2,82.61,79.71,3.6382,936183.69,7790114.202
002385.SZ,20250917,4.33,4.35,4.26,4.29,4.33,-0.9238,928662.5,398148.839
002386.SZ,20250917,5.4,5.42,5.35,5.37,5.44,-1.2868,182776.98,98284.701
002387.SZ,20250917,9.55,10.22,9.5,9.83,9.51,3.3649,439651.15,438665.156
002388.SZ,20250917,5.3,5.32,5.22,5.23,5.3,-1.3208,140917.52,73964.777
002389.SZ,20250917,21.4,21.59,21.24,21.36,21.4,-0.1869,160895.76,344194.266
002390.SZ,20250917,3.67,3.68,3.63,3.64,3.67,-0.8174,277609.14,101317.682
002391.SZ,20250917,6.22,6.22,6.16,6.17,6.23,-0.9631,57976.5,35834.618
002392.SZ,20250917,10.01,10.16,9.89,10.02,10.17,-1.4749,469130.04,469551.273
002393.SZ,20250917,24.08,24.16,23.75,23.78,24.07,-1.2048,36646.2,87398.447
002394.SZ,20250917,10.6,11.18,10.52,11.14,10.6,5.0943,240239.9,261312.655
002395.SZ,20250917,18.14,18.54,18.11,18.3,18.18,0.6601,50379.49,92509.512
002396.SZ,20250917,31.31,31.93,30.88,31.66,31.4,0.828,153020.76,480098.607
002397.SZ,20250917,3.9,3.92,3.84,3.85,3.9,-1.2821,141669.03,54662.781
002398.SZ,20250917,5.19,5.22,5.15,5.17,5.21,-0.7678,90724.35,46987.611
002399.SZ,20250917,12.79,12.83,12.66,12.66,12.79,-1.0164,37217.46,47383.195
002400.SZ,20250917,9.25,9.28,8.8,8.89,9.25,-3.8919,4128594.41,3698421.349
002401.SZ,20250917,17.96,17.96,17.77,17.9,17.94,-0.223,57183.0,102100.411
002402.SZ,20250917,39.5,41.0,39.12,39.95,39.0,2.4359,848272.99,3412624.31
002403.SZ,20250917,16.4,16.65,16.25,16.29,16.49,-1.2129,207225.3,339719.036
002404.SZ,20250917,6.5,6.52,6.43,6.45,6.51,-0.9217,56941.0,36831.073
002405.SZ,20250917,9.59,9.74,9.52,9.57,9.65,-0.829,772498.63,742677.307
002406.SZ,20250917,8.15,8.25,8.08,8.22,8.14,0.9828,304323.01,249260.901
002407.SZ,20250917,17.38,17.48,16.92,16.96,17.57,-3.4718,1182758.43,2024097.575
002408.SZ,20250917,5.03,5.06,5.0,5.04,5.03,0.1988,141942.33,71446.137
002409.SZ,20250917,62.11,62.6,61.38,62.01,61.65,0.5839,155773.65,966285.966
002410.SZ,20250917,14.16,14.25,14.05,14.1,14.13,-0.2123,279999.18,395585.672
002412.SZ,20250917,6.7,6.85,6.66,6.69,6.73,-0.5944,94733.36,63722.66
002413.SZ,20250917,5.5,5.5,5.44,5.47,5.51,-0.726,264840.99,144882.705
002414.SZ,20250917,11.3,11.39,11.2,11.38,11.3,0.708,364354.24,412447.618
002415.SZ,20250917,30.87,30.96,30.38,30.75,30.87,-0.3887,480061.94,1472246.994
002416.SZ,20250917,11.83,11.95,11.76,11.86,11.77,0.7647,170976.42,202645.031
002418.SZ,20250917,4.74,5.02,4.72,4.86,4.79,1.4614,2164987.94,1052636.842
002419.SZ,20250917,5.71,5.72,5.64,5.67,5.72,-0.8741,135641.5,76852.114
002420.SZ,20250917,7.47,7.88,7.41,7.59,7.47,1.6064,315018.73,239953.064
002421.SZ,20250917,3.64,3.85,3.6,3.71,3.66,1.3661,1208416.87,448367.56
002422.SZ,20250917,36.87,37.23,36.56,36.94,36.87,0.1899,89709.84,330841.57
002423.SZ,20250917,13.3,14.6,13.23,14.6,13.27,10.0226,1908992.0,2714198.593
002424.SZ,20250917,5.97,5.99,5.88,5.89,5.97,-1.34,197907.2,116819.874
002425.SZ,20250917,4.01,4.07,3.93,4.03,4.02,0.2488,252904.16,101157.285
002426.SZ,20250917,3.8,3.94,3.78,3.9,3.83,1.8277,3792026.11,1470289.658
002427.SZ,20250917,7.28,7.28,7.2,7.22,7.32,-1.3661,139576.75,100955.428
002428.SZ,20250917,28.4,29.44,27.9,29.14,28.45,2.4253,480266.42,1386183.882
002429.SZ,20250917,6.48,6.72,6.42,6.48,6.56,-1.2195,1599563.91,1045427.868
002430.SZ,20250917,24.13,25.22,24.08,25.01,24.2,3.3471,133158.29,331075.249
002431.SZ,20250917,2.82,2.82,2.7,2.74,2.82,-2.8369,1057606.67,289689.806
002432.SZ,20250917,39.07,39.35,39.05,39.33,39.0,0.8462,54765.31,214951.401
002434.SZ,20250917,9.09,9.96,9.05,9.67,9.05,6.8508,1186958.96,1134284.872
002436.SZ,20250917,22.47,22.86,21.85,22.38,22.28,0.4488,1311294.96,2932215.131
002437.SZ,20250917,3.53,3.61,3.5,3.55,3.52,0.8523,924050.55,328032.982
002438.SZ,20250917,13.48,13.6,13.4,13.5,13.5,0.0,90717.69,122479.188
002439.SZ,20250917,15.93,16.27,15.92,16.01,15.97,0.2505,210612.17,338794.202
002440.SZ,20250917,6.95,7.11,6.95,7.07,6.9,2.4638,221127.0,155383.384
002441.SZ,20250917,9.68,9.77,9.61,9.72,9.68,0.4132,57261.5,55567.852
002442.SZ,20250917,6.44,6.49,6.39,6.43,6.47,-0.6182,71669.0,46160.519
002443.SZ,20250917,7.07,7.09,6.97,7.03,7.07,-0.5658,75245.0,52833.854
002444.SZ,20250917,33.68,34.32,33.01,34.04,33.48,1.6726,165258.37,558118.154
002445.SZ,20250917,2.96,3.05,2.94,2.98,2.96,0.6757,2265426.64,675122.093
002446.SZ,20250917,8.95,9.34,8.79,9.25,9.02,2.5499,696534.22,634966.626
002448.SZ,20250917,10.6,11.65,10.56,11.65,10.59,10.0094,670940.16,754251.859
002449.SZ,20250917,9.62,9.66,9.55,9.62,9.62,0.0,210681.9,202473.269
002451.SZ,20250917,6.94,7.01,6.89,6.94,6.95,-0.1439,84715.0,58962.148
002452.SZ,20250917,7.5,7.55,7.47,7.53,7.46,0.9383,104272.97,78353.164
002453.SZ,20250917,5.96,6.57,5.94,6.24,5.97,4.5226,688983.62,435405.401
002454.SZ,20250917,9.08,9.29,9.05,9.12,9.06,0.6623,146219.71,133657.572
002455.SZ,20250917,6.9,7.27,6.83,7.09,6.88,3.0523,501571.51,355662.879
002456.SZ,20250917,13.56,13.94,13.51,13.82,13.62,1.4684,2681145.01,3681616.264
002457.SZ,20250917,11.44,11.45,11.35,11.38,11.43,-0.4374,54460.71,62034.485
002458.SZ,20250917,9.04,9.05,8.85,8.9,9.0,-1.1111,96186.98,85756.741
002459.SZ,20250917,13.48,13.9,13.31,13.72,13.63,0.6603,622525.89,846865.672
002460.SZ,20250917,47.9,51.15,47.2,49.95,48.3,3.4161,951091.76,4694753.749
002461.SZ,20250917,10.38,10.44,10.33,10.43,10.34,0.8704,58825.57,61116.732
002462.SZ,20250917,14.0,14.05,13.91,13.92,13.96,-0.2865,35119.1,49018.774
002463.SZ,20250917,72.0,72.81,69.2,70.9,72.0,-1.5278,478403.53,3396515.041
002465.SZ,20250917,13.48,13.59,13.3,13.35,13.51,-1.1843,584039.74,782727.151
002466.SZ,20250917,44.37,45.45,43.75,44.79,44.49,0.6743,438789.68,1953966.339
002467.SZ,20250917,7.34,7.42,7.16,7.21,7.46,-3.3512,1809697.46,1314731.268
002468.SZ,20250917,17.75,17.77,17.45,17.49,17.73,-1.3536,151434.62,266165.573
002469.SZ,20250917,9.02,9.02,8.91,8.95,9.03,-0.8859,114104.43,102139.984
002470.SZ,20250917,1.92,1.92,1.86,1.9,1.92,-1.0417,1131882.12,214505.94
002471.SZ,20250917,5.19,5.27,5.09,5.1,5.32,-4.1353,2663282.06,1374261.033
002472.SZ,20250917,45.78,49.24,45.2,48.45,44.76,8.244,948122.12,4539677.299
002474.SZ,20250917,6.85,6.95,6.77,6.86,6.87,-0.1456,111374.66,76343.471
002475.SZ,20250917,52.63,52.99,51.5,52.01,52.39,-0.7253,1949552.34,10192389.842
002476.SZ,20250917,5.49,5.56,5.46,5.49,5.5,-0.1818,137381.01,75596.94
002478.SZ,20250917,5.58,5.62,5.57,5.6,5.6,0.0,89270.0,49912.429
002479.SZ,20250917,5.2,5.22,5.15,5.17,5.21,-0.7678,118888.02,61592.921
002480.SZ,20250917,7.28,7.28,7.08,7.11,7.25,-1.931,149421.0,106845.393
002481.SZ,20250917,5.89,5.91,5.78,5.8,5.9,-1.6949,193851.7,112857.579
002482.SZ,20250917,2.0,2.01,1.94,1.99,2.01,-0.995,1121953.41,221685.261
002483.SZ,20250917,6.54,6.74,6.51,6.68,6.53,2.2971,161154.8,106914.834
002484.SZ,20250917,33.81,35.13,33.52,33.98,33.23,2.257,396695.18,1357595.098
002485.SZ,20250917,3.74,3.85,3.73,3.83,3.76,1.8617,38377.3,14639.147
002486.SZ,20250917,2.99,3.0,2.92,2.95,2.99,-1.3378,285916.0,84279.653
002487.SZ,20250917,38.7,40.79,38.61,40.78,38.91,4.806,210990.75,841868.814
002488.SZ,20250917,12.92,13.0,12.74,12.75,12.89,-1.0861,94861.48,121656.06
002489.SZ,20250917,3.96,3.96,3.9,3.92,3.96,-1.0101,370360.6,145250.029
002490.SZ,20250917,6.18,6.39,6.1,6.21,6.17,0.6483,477460.0,297073.729
002491.SZ,20250917,6.31,6.58,6.19,6.28,6.36,-1.2579,1163646.84,739542.174
002492.SZ,20250917,7.97,8.09,7.91,7.95,8.01,-0.7491,89071.5,71053.815
002493.SZ,20250917,9.57,9.62,9.44,9.53,9.63,-1.0384,205466.75,195392.362
002494.SZ,20250917,5.23,5.24,5.11,5.13,5.2,-1.3462,73750.0,38035.581
002495.SZ,20250917,2.91,2.91,2.84,2.88,2.92,-1.3699,356978.52,102652.709
002496.SZ,20250917,1.67,1.7,1.65,1.67,1.67,0.0,218845.0,36592.225
002497.SZ,20250917,13.85,14.03,13.7,13.96,13.93,0.2154,237251.26,329394.699
002498.SZ,20250917,3.65,3.71,3.64,3.7,3.66,1.0929,412908.26,152109.813
002500.SZ,20250917,6.56,6.7,6.55,6.69,6.57,1.8265,378959.89,251832.656
002501.SZ,20250917,2.51,2.74,2.48,2.74,2.49,10.0402,1663196.97,439467.409
002506.SZ,20250917,2.76,2.83,2.7,2.82,2.82,0.0,3499405.3,972334.069
002507.SZ,20250917,13.11,13.13,13.02,13.07,13.11,-0.3051,107971.6,141081.355
002508.SZ,20250917,19.6,20.03,19.58,20.0,19.57,2.1972,103374.4,205522.935
002510.SZ,20250917,7.25,7.25,7.11,7.13,7.26,-1.7906,622615.88,445538.44
002511.SZ,20250917,8.41,8.5,8.33,8.48,8.42,0.7126,136348.4,114576.956
002512.SZ,20250917,4.11,4.11,4.06,4.07,4.13,-1.4528,299714.04,122001.877
002513.SZ,20250917,5.39,5.41,5.34,5.37,5.39,-0.3711,58542.88,31438.879
002514.SZ,20250917,7.05,7.74,6.92,7.74,7.04,9.9432,1187120.42,881989.64
002515.SZ,20250917,7.65,7.71,7.55,7.59,7.66,-0.9138,248889.69,189506.547
002516.SZ,20250917,6.52,6.53,6.35,6.37,6.56,-2.8963,586060.03,375788.006
002517.SZ,20250917,25.7,28.3,25.33,28.06,25.74,9.0132,563802.67,1514452.504
002518.SZ,20250917,39.03,39.42,37.77,38.37,39.37,-2.54,241906.81,931096.267
002519.SZ,20250917,5.0,5.01,4.96,4.98,5.01,-0.5988,215474.83,107344.287
002520.SZ,20250917,7.39,7.63,7.29,7.5,7.41,1.2146,820045.94,612111.807
002521.SZ,20250917,9.59,9.63,9.49,9.55,9.58,-0.3132,48438.0,46334.604
002522.SZ,20250917,5.16,5.41,5.14,5.29,5.19,1.9268,423466.06,224579.172
002523.SZ,20250917,3.9,3.9,3.84,3.86,3.9,-1.0256,300964.53,116167.975
002524.SZ,20250917,4.41,4.43,4.36,4.4,4.41,-0.2268,90524.52,39778.029
002526.SZ,20250917,4.35,4.35,4.27,4.3,4.35,-1.1494,955085.09,410914.98
002527.SZ,20250917,20.9,21.86,20.79,20.9,21.03,-0.6182,526132.14,1115055.288
002528.SZ,20250917,2.9,2.92,2.88,2.9,2.9,0.0,99377.4,28784.413
002529.SZ,20250917,7.79,8.17,7.78,8.14,7.78,4.6272,120583.5,97073.194
002530.SZ,20250917,12.61,13.5,12.5,13.14,12.87,2.0979,2363861.47,3095997.235
002531.SZ,20250917,7.4,8.03,7.36,7.81,7.39,5.6834,728498.75,557144.758
002532.SZ,20250917,11.42,11.49,11.16,11.46,11.4,0.5263,407514.18,462609.897
002533.SZ,20250917,11.42,11.73,11.38,11.65,11.4,2.193,256854.64,298161.534
002534.SZ,20250917,15.32,15.4,14.88,15.06,15.24,-1.1811,332009.61,502153.784
002535.SZ,20250917,4.74,4.95,4.43,4.43,4.54,-2.4229,1789739.59,834163.195
002536.SZ,20250917,26.16,27.18,26.02,26.82,26.14,2.6014,547972.92,1463491.395
002537.SZ,20250917,9.78,9.96,9.68,9.89,9.62,2.8067,751543.52,740010.945
002538.SZ,20250917,5.22,5.24,5.18,5.23,5.23,0.0,111995.0,58337.636
002539.SZ,20250917,11.01,11.08,10.88,11.04,11.04,0.0,131580.0,144667.607
002540.SZ,20250917,6.53,6.88,6.53,6.85,6.55,4.5802,396968.49,269242.983
002541.SZ,20250917,18.46,18.87,18.3,18.38,18.54,-0.863,52256.09,97074.387
002542.SZ,20250917,3.87,3.99,3.83,3.92,3.92,0.0,900784.0,351678.416
002543.SZ,20250917,11.92,12.11,11.9,12.07,11.94,1.0888,40956.92,49332.936
002544.SZ,20250917,27.0,27.49,26.5,26.91,26.95,-0.1484,440519.79,1188794.345
002545.SZ,20250917,14.81,14.81,13.44,13.98,14.84,-5.7951,705989.92,974254.321
002546.SZ,20250917,5.92,6.05,5.88,5.99,5.92,1.1824,192825.0,115226.894
002547.SZ,20250917,6.07,6.14,5.9,5.95,6.26,-4.9521,1974267.6,1182340.553
002548.SZ,20250917,5.03,5.04,4.83,4.92,5.1,-3.5294,764079.12,375241.131
002549.SZ,20250917,16.8,18.05,16.8,18.05,16.41,9.9939,890626.2,1586605.276
002550.SZ,20250917,9.88,9.99,9.8,9.82,9.92,-1.0081,226382.0,222675.037
002551.SZ,20250917,4.3,4.41,4.26,4.36,4.32,0.9259,345273.31,149741.476
002552.SZ,20250917,16.9,17.05,16.63,16.82,16.87,-0.2964,80408.2,135428.147
002553.SZ,20250917,32.79,33.64,32.54,33.09,33.28,-0.5709,413089.9,1365225.259
002554.SZ,20250917,3.24,3.24,3.16,3.18,3.24,-1.8519,378514.0,120675.959
002555.SZ,20250917,22.71,23.27,22.38,23.06,22.59,2.0806,983537.64,2246045.987
002556.SZ,20250917,5.65,5.66,5.61,5.63,5.65,-0.354,80174.0,45163.101
002557.SZ,20250917,22.56,22.62,22.4,22.43,22.52,-0.3996,45469.81,102235.798
002558.SZ,20250917,43.5,45.8,43.43,45.38,43.43,4.49,459663.34,2076210.493
002559.SZ,20250917,10.97,11.29,10.93,11.18,10.99,1.7288,462842.25,516226.812
002560.SZ,20250917,7.41,7.49,7.37,7.44,7.44,0.0,134134.11,99580.338
002561.SZ,20250917,9.58,9.59,9.33,9.34,9.59,-2.6069,205407.08,193305.186
002562.SZ,20250917,7.24,7.25,7.04,7.25,6.59,10.0152,1165487.06,842730.998
002563.SZ,20250917,5.74,5.74,5.63,5.64,5.74,-1.7422,469379.07,265729.697
002564.SZ,20250917,8.57,8.6,8.4,8.44,8.62,-2.0882,235247.35,199048.625
002565.SZ,20250917,7.46,7.54,7.16,7.25,7.39,-1.8945,394420.26,288691.064
002566.SZ,20250917,8.12,8.12,8.02,8.03,8.11,-0.9864,32243.0,25997.033
002567.SZ,20250917,4.97,5.01,4.92,4.96,5.0,-0.8,385993.11,191391.625
002568.SZ,20250917,25.48,25.6,25.1,25.28,25.44,-0.6289,82287.59,207876.64
002569.SZ,20250917,9.7,9.73,9.6,9.64,9.71,-0.7209,15013.0,14508.977
002570.SZ,20250917,6.87,6.95,6.76,6.77,6.89,-1.7417,631855.68,431505.808
002571.SZ,20250917,7.85,7.93,7.7,7.76,7.86,-1.2723,118331.0,92483.333
002572.SZ,20250917,13.57,13.72,13.45,13.62,13.58,0.2946,92583.29,125767.073
002573.SZ,20250917,4.13,4.13,4.05,4.06,4.15,-2.1687,182212.17,74489.575
002574.SZ,20250917,6.07,6.07,5.93,5.95,6.08,-2.1382,141876.53,84556.392
002575.SZ,20250917,8.97,9.18,8.87,8.88,8.99,-1.2236,348795.24,313329.905
002576.SZ,20250917,18.91,19.55,18.8,19.27,19.02,1.3144,145955.0,282182.515
002577.SZ,20250917,20.9,22.18,20.89,21.47,20.8,3.2212,119338.7,257442.256
002578.SZ,20250917,3.51,3.62,3.46,3.58,3.54,1.1299,348619.0,124063.319
002579.SZ,20250917,12.9,13.16,12.82,12.93,12.95,-0.1544,353871.46,459492.326
002580.SZ,20250917,14.62,14.86,14.53,14.74,14.74,0.0,269614.68,396472.68
002581.SZ,20250917,9.25,9.25,8.51,8.6,8.81,-2.3837,210625.86,185783.545
002582.SZ,20250917,10.18,10.24,10.02,10.04,10.18,-1.3752,122770.0,123642.737
002583.SZ,20250917,12.43,12.43,12.23,12.27,12.32,-0.4058,401364.84,494100.435
002584.SZ,20250917,8.52,8.65,8.5,8.56,8.51,0.5875,188572.5,161862.88
002585.SZ,20250917,5.78,6.23,5.76,6.01,5.8,3.6207,866135.56,525055.855
002586.SZ,20250917,3.81,3.93,3.76,3.82,3.8,0.5263,178143.68,68597.296
002587.SZ,20250917,6.36,6.45,6.32,6.41,6.35,0.9449,134627.5,86254.158
002588.SZ,20250917,9.69,9.7,9.6,9.62,9.72,-1.0288,88610.32,85425.343
002589.SZ,20250917,3.04,3.06,3.01,3.03,3.05,-0.6557,401325.9,121521.549
002590.SZ,20250917,15.18,16.75,15.13,16.03,15.23,5.2528,593975.85,947241.143
002591.SZ,20250917,6.08,6.08,5.98,6.0,6.04,-0.6623,71423.0,43009.759
002592.SZ,20250917,7.03,7.08,6.98,6.98,7.04,-0.8523,26603.0,18697.863
002593.SZ,20250917,5.4,5.52,5.36,5.44,5.43,0.1842,344487.24,187164.127
002594.SZ,20250917,108.2,112.0,108.2,110.99,107.8,2.9592,981239.71,10827682.692
002595.SZ,20250917,58.46,59.45,57.91,58.63,58.57,0.1024,66387.0,388564.01
002596.SZ,20250917,3.83,3.83,3.73,3.74,3.83,-2.3499,379543.19,142800.485
002597.SZ,20250917,22.5,22.59,22.35,22.38,22.55,-0.7539,65931.69,147645.18
002598.SZ,20250917,12.46,12.62,12.26,12.53,12.48,0.4006,161889.82,202388.73
002599.SZ,20250917,9.21,9.44,9.15,9.36,9.22,1.5184,351683.4,328474.537
002600.SZ,20250917,15.34,15.34,14.88,14.98,15.35,-2.4104,3649813.91,5481741.076
002601.SZ,20250917,19.43,19.54,19.25,19.51,19.55,-0.2046,196949.57,381923.384
002602.SZ,20250917,19.85,20.13,18.9,19.85,19.72,0.6592,1944545.46,3796448.673
002603.SZ,20250917,17.07,17.12,16.78,16.82,17.07,-1.4646,165338.86,278787.247
002605.SZ,20250917,28.87,29.62,28.65,29.54,29.1,1.512,193000.2,562689.671
002606.SZ,20250917,8.97,9.2,8.93,9.12,8.98,1.559,109676.85,99643.918
002607.SZ,20250917,3.09,3.09,3.02,3.05,3.08,-0.974,2198185.42,668553.905
002608.SZ,20250917,7.78,8.44,7.72,8.21,7.77,5.6628,643181.89,520430.069
002609.SZ,20250917,9.96,10.04,9.9,9.98,9.99,-0.1001,82300.87,82095.522
002611.SZ,20250917,18.2,19.3,18.06,19.02,17.94,6.0201,1724727.46,3239792.447
002612.SZ,20250917,18.62,18.65,18.16,18.24,18.58,-1.8299,83909.63,153634.726
002613.SZ,20250917,4.27,4.3,4.24,4.26,4.29,-0.6993,239085.23,101922.289
002614.SZ,20250917,6.96,6.99,6.91,6.92,6.96,-0.5747,76804.0,53374.296
002615.SZ,20250917,8.19,8.22,8.13,8.16,8.19,-0.3663,70929.25,57966.151
002616.SZ,20250917,7.25,7.68,7.15,7.44,7.24,2.7624,371996.0,274879.751
002617.SZ,20250917,10.81,10.81,10.63,10.81,9.83,9.9695,945466.77,1021872.446
002620.SZ,20250917,6.27,6.27,6.0,6.04,6.16,-1.9481,78121.0,47392.829
002622.SZ,20250917,4.3,4.4,4.15,4.3,4.25,1.1765,1137807.0,489311.498
002623.SZ,20250917,22.22,22.48,22.06,22.27,22.19,0.3605,65902.37,147159.049
002624.SZ,20250917,18.72,19.55,18.52,19.28,18.81,2.4987,887842.07,1688630.694
002625.SZ,20250917,47.39,49.06,47.0,48.76,46.89,3.9881,513825.4,2486785.57
002626.SZ,20250917,19.27,19.94,19.22,19.6,19.2,2.0833,88614.78,173072.713
002627.SZ,20250917,7.4,7.51,7.08,7.12,7.4,-3.7838,777231.05,560870.636
002628.SZ,20250917,5.13,5.18,5.07,5.08,5.09,-0.1965,203136.88,103911.728
002629.SZ,20250917,7.28,7.82,7.27,7.58,7.28,4.1209,334433.99,253065.757
002630.SZ,20250917,3.22,3.29,3.09,3.09,3.25,-4.9231,989447.9,310525.169
002631.SZ,20250917,4.8,5.29,4.78,5.29,4.81,9.9792,271464.9,140626.645
002632.SZ,20250917,9.94,10.54,9.9,10.32,9.94,3.8229,326263.1,336608.871
002633.SZ,20250917,15.68,15.97,15.59,15.78,15.68,0.6378,29057.45,45922.338
002634.SZ,20250917,4.73,4.78,4.63,4.68,4.74,-1.2658,115177.0,54217.716
002635.SZ,20250917,14.52,14.74,14.45,14.69,14.55,0.9622,118913.85,174246.256
002636.SZ,20250917,13.54,13.55,13.17,13.32,13.47,-1.1136,203944.35,271602.121
002637.SZ,20250917,11.45,11.45,11.1,11.18,11.43,-2.1872,119231.91,133387.255
002638.SZ,20250917,2.58,2.61,2.54,2.59,2.59,0.0,454714.84,117221.955
002639.SZ,20250917,10.9,10.9,10.71,10.74,10.9,-1.4679,308474.67,332083.22
002640.SZ,20250917,5.88,6.03,5.79,5.9,6.03,-2.1559,3581054.41,2115870.754
002641.SZ,20250917,4.25,4.27,4.18,4.22,4.25,-0.7059,145408.1,61282.632
002642.SZ,20250917,11.09,11.38,10.51,10.55,11.16,-5.4659,1542402.81,1667771.913
002643.SZ,20250917,13.56,13.73,13.46,13.54,13.6,-0.4412,179110.16,243036.977
002644.SZ,20250917,9.13,9.19,9.04,9.06,9.16,-1.0917,57189.0,52117.777
002645.SZ,20250917,14.81,15.14,14.62,15.05,14.68,2.5204,305243.94,457721.429
002646.SZ,20250917,10.08,10.08,9.87,9.93,10.1,-1.6832,72989.01,72920.774
002647.SZ,20250917,6.78,6.78,6.78,6.78,6.46,4.9536,18795.82,12743.566
002648.SZ,20250917,19.31,19.43,19.22,19.35,19.41,-0.3091,305346.63,589918.004
002649.SZ,20250917,14.28,14.41,14.18,14.32,14.28,0.2801,163213.84,233641.183
002650.SZ,20250917,6.71,6.73,6.5,6.53,6.83,-4.3924,113957.09,75178.759
002651.SZ,20250917,11.7,11.75,11.58,11.62,11.77,-1.2744,184122.0,214330.872
002652.SZ,20250917,3.83,3.89,3.75,3.83,3.79,1.0554,201285.2,77096.095
002653.SZ,20250917,55.4,55.57,53.5,55.0,55.52,-0.9366,49787.9,271740.778
002654.SZ,20250917,14.3,14.55,13.98,14.06,14.36,-2.0891,858191.94,1215102.169
002655.SZ,20250917,14.26,14.46,14.17,14.19,14.24,-0.3511,134949.0,192857.762
002656.SZ,20250917,2.39,2.41,2.38,2.4,2.39,0.4184,68441.2,16376.909
002657.SZ,20250917,35.48,36.15,35.0,35.75,35.6,0.4213,324535.63,1158984.785
002658.SZ,20250917,8.01,8.02,7.97,7.97,8.02,-0.6234,70672.04,56501.519
002659.SZ,20250917,5.92,5.94,5.8,5.82,5.9,-1.3559,186976.0,109349.486
002660.SZ,20250917,10.45,10.67,10.35,10.56,10.46,0.956,201586.5,212489.013
002661.SZ,20250917,9.84,9.85,9.77,9.78,9.84,-0.6098,32674.09,31994.294
002662.SZ,20250917,3.97,4.03,3.95,4.0,3.98,0.5025,295595.0,118239.696
002663.SZ,20250917,2.25,2.25,2.14,2.22,2.24,-0.8929,481636.22,105566.403
002664.SZ,20250917,31.49,33.97,31.03,33.32,31.11,7.1038,210351.78,682460.823
002666.SZ,20250917,5.44,5.55,5.44,5.55,5.48,1.2774,168857.0,93056.655
002667.SZ,20250917,12.19,12.22,12.01,12.06,12.19,-1.0664,93817.59,113278.332
002668.SZ,20250917,10.17,10.35,10.16,10.34,10.16,1.7717,194164.74,199492.615
002669.SZ,20250917,13.93,14.29,13.82,14.12,13.93,1.364,125331.0,177213.634
002670.SZ,20250917,20.03,20.5,19.95,20.3,20.25,0.2469,828086.43,1672011.241
002671.SZ,20250917,5.02,5.02,4.95,4.97,5.01,-0.7984,86309.12,42924.203
002672.SZ,20250917,4.88,4.88,4.77,4.79,4.87,-1.6427,66437.05,31964.019
002673.SZ,20250917,8.78,8.91,8.73,8.87,8.79,0.9101,545517.2,481719.947
002674.SZ,20250917,14.1,14.97,13.74,14.19,14.16,0.2119,149827.4,214525.761
002675.SZ,20250917,15.94,16.19,15.85,15.95,15.93,0.1255,87925.99,140617.547
002676.SZ,20250917,11.33,11.4,10.78,10.85,11.33,-4.2365,509350.43,559740.579
002677.SZ,20250917,7.18,7.78,7.18,7.78,7.07,10.0424,692598.61,531360.162
002678.SZ,20250917,4.63,4.63,4.55,4.58,4.63,-1.0799,99135.4,45431.842
002679.SZ,20250917,10.82,11.18,10.7,11.0,10.84,1.476,160373.27,176270.977
002681.SZ,20250917,7.77,7.94,7.71,7.89,7.82,0.8951,1465840.1,1149988.037
002682.SZ,20250917,4.78,4.81,4.7,4.74,4.77,-0.6289,228270.5,108319.944
002683.SZ,20250917,37.4,41.21,37.0,40.98,37.46,9.3967,382016.49,1523731.373
002685.SZ,20250917,8.23,8.34,8.21,8.27,8.27,0.0,350931.32,290487.44
002686.SZ,20250917,6.77,6.85,6.73,6.79,6.77,0.2954,69502.0,47311.062
002687.SZ,20250917,4.73,4.75,4.66,4.68,4.73,-1.0571,59661.43,28051.152
002688.SZ,20250917,7.11,7.13,7.06,7.08,7.12,-0.5618,176355.0,124885.561
002689.SZ,20250917,4.43,4.43,4.35,4.43,4.42,0.2262,318760.65,140231.432
002690.SZ,20250917,20.33,20.4,20.05,20.25,20.43,-0.8811,74260.33,150230.332
002691.SZ,20250917,8.7,8.8,8.6,8.62,8.74,-1.373,91011.08,78979.726
002692.SZ,20250917,5.96,6.0,5.87,5.87,6.03,-2.6534,283252.54,167162.616
002693.SZ,20250917,7.84,7.87,7.7,7.72,7.87,-1.906,83988.95,65178.524
002694.SZ,20250917,4.47,4.5,4.42,4.47,4.49,-0.4454,56183.0,25095.211
002695.SZ,20250917,13.69,13.87,13.36,13.38,13.49,-0.8154,119629.41,161500.581
002696.SZ,20250917,6.61,6.62,6.48,6.5,6.62,-1.8127,52672.0,34368.945
002697.SZ,20250917,5.99,6.0,5.88,5.9,6.01,-1.8303,447630.79,264703.928
002698.SZ,20250917,16.96,17.63,16.9,17.29,16.97,1.8857,292633.72,507262.696
002700.SZ,20250917,7.03,7.1,7.03,7.04,7.05,-0.1418,58702.4,41436.313
002701.SZ,20250917,5.8,5.81,5.72,5.78,5.81,-0.5164,198261.4,114491.836
002702.SZ,20250917,4.64,4.64,4.5,4.51,4.63,-2.5918,307532.1,139615.704
002703.SZ,20250917,13.48,14.19,13.31,13.97,13.58,2.8719,892480.11,1225879.086
002705.SZ,20250917,15.84,16.3,15.84,16.19,15.88,1.9521,97542.23,157434.12
002706.SZ,20250917,11.77,11.96,11.58,11.92,11.79,1.1026,393818.54,464704.735
002707.SZ,20250917,8.53,8.59,8.18,8.19,8.5,-3.6471,795196.47,657965.21
002708.SZ,20250917,12.93,13.08,12.83,12.95,12.93,0.1547,195384.05,252642.598
002709.SZ,20250917,30.13,30.5,29.02,29.68,29.87,-0.6361,1498336.92,4451380.448
002712.SZ,20250917,5.99,6.02,5.88,5.9,6.0,-1.6667,112653.92,66628.945
002713.SZ,20250917,5.0,5.29,4.95,5.12,5.04,1.5873,327245.56,169378.272
002714.SZ,20250917,57.36,57.58,55.61,56.19,57.35,-2.0227,547028.73,3075589.379
002715.SZ,20250917,24.04,24.04,23.3,23.76,24.15,-1.6149,65858.0,155669.993
002716.SZ,20250917,6.55,6.59,6.36,6.47,6.63,-2.4133,1829625.89,1181962.767
002717.SZ,20250917,1.66,1.67,1.64,1.64,1.67,-1.7964,599016.0,98924.342
002718.SZ,20250917,22.01,24.18,21.58,23.36,21.99,6.2301,127170.19,292273.151
002719.SZ,20250917,9.66,9.66,9.45,9.48,9.65,-1.7617,59137.99,56293.184
002721.SZ,20250917,3.77,3.77,3.72,3.74,3.76,-0.5319,623952.0,233121.843
002722.SZ,20250917,16.6,16.72,16.44,16.64,16.64,0.0,42864.2,71133.426
002723.SZ,20250917,10.28,10.28,9.96,10.1,10.23,-1.2708,190422.55,192584.039
002724.SZ,20250917,7.78,7.81,7.67,7.69,7.81,-1.5365,100498.2,77584.137
002725.SZ,20250917,14.43,14.78,14.42,14.54,14.42,0.8322,113548.0,166041.895
002726.SZ,20250917,6.03,6.06,5.85,5.87,6.03,-2.6534,539210.3,317999.203
002727.SZ,20250917,14.97,15.1,14.89,14.98,14.97,0.0668,73237.75,109837.287
002728.SZ,20250917,8.8,8.83,8.75,8.78,8.81,-0.3405,73518.04,64543.571
002729.SZ,20250917,14.94,15.09,14.89,14.91,14.96,-0.3342,44414.87,66487.871
002730.SZ,20250917,16.76,17.0,16.67,16.87,16.79,0.4765,85825.0,144831.539
002731.SZ,20250917,13.26,13.27,13.1,13.17,13.29,-0.9029,64485.6,84862.893
002732.SZ,20250917,17.38,17.47,17.17,17.22,17.38,-0.9206,20581.89,35579.524
002733.SZ,20250917,20.51,20.96,20.35,20.83,20.7,0.628,154369.0,320031.765
002734.SZ,20250917,19.77,19.93,19.25,19.36,19.96,-3.006,261997.72,511159.11
002735.SZ,20250917,17.05,17.34,16.38,16.47,16.85,-2.2552,422231.78,710141.676
002736.SZ,20250917,13.67,13.74,13.44,13.57,13.7,-0.9489,598878.0,816034.134
002737.SZ,20250917,15.74,15.93,15.68,15.88,15.72,1.0178,52797.99,83541.864
002738.SZ,20250917,43.35,44.44,42.6,44.29,43.5,1.8161,195113.09,851239.757
002739.SZ,20250917,12.04,12.07,11.78,12.02,12.1,-0.6612,588101.0,699602.062
002741.SZ,20250917,23.23,23.23,22.7,22.97,23.25,-1.2043,264952.81,607952.479
002742.SZ,20250917,4.68,4.75,4.67,4.73,4.72,0.2119,33855.5,15977.908
002743.SZ,20250917,6.1,6.12,6.03,6.04,6.1,-0.9836,71917.0,43576.307
002745.SZ,20250917,9.03,9.35,9.02,9.25,9.06,2.0971,400165.5,369816.865
002746.SZ,20250917,6.45,6.46,6.35,6.39,6.46,-1.0836,120247.63,76770.948
002747.SZ,20250917,26.25,27.08,26.0,26.39,25.99,1.5391,615630.24,1627240.325
002748.SZ,20250917,9.96,10.22,9.89,9.97,10.01,-0.3996,139663.99,139513.188
002749.SZ,20250917,14.98,15.08,14.89,14.91,15.04,-0.8644,31217.0,46702.391
002752.SZ,20250917,5.7,5.77,5.67,5.73,5.69,0.703,95815.1,54914.069
002753.SZ,20250917,7.08,7.12,7.03,7.05,7.1,-0.7042,33433.0,23651.704
002755.SZ,20250917,21.97,22.43,21.7,21.96,21.97,-0.0455,90572.33,199026.066
002756.SZ,20250917,34.75,35.34,34.48,35.16,34.88,0.8028,76641.05,267772.165
002757.SZ,20250917,19.01,19.27,18.88,19.1,19.05,0.2625,85051.75,162337.318
002758.SZ,20250917,9.5,9.52,9.37,9.4,9.5,-1.0526,58501.25,55149.355
002759.SZ,20250917,19.6,20.0,17.82,17.83,19.02,-6.2566,1919135.86,3539878.22
002760.SZ,20250917,20.72,21.48,20.6,20.9,20.76,0.6744,45565.07,95682.877
002761.SZ,20250917,9.7,9.7,9.51,9.65,9.71,-0.6179,230395.05,221242.758
002762.SZ,20250917,8.45,8.61,8.26,8.33,8.45,-1.4201,52011.34,43506.645
002763.SZ,20250917,7.47,7.55,7.36,7.39,7.44,-0.672,52920.6,39320.658
002765.SZ,20250917,13.9,14.6,13.86,14.55,13.93,4.4508,893208.49,1267098.818
002766.SZ,20250917,5.7,5.75,5.62,5.66,5.7,-0.7018,558722.0,316214.496
002767.SZ,20250917,20.83,20.97,20.58,20.76,20.83,-0.3361,42118.5,87596.534
002768.SZ,20250917,46.89,48.48,46.48,47.7,47.1,1.2739,43524.24,206038.228
002769.SZ,20250917,9.56,9.58,9.31,9.45,9.66,-2.1739,178049.47,167060.328
002771.SZ,20250917,17.17,17.2,17.03,17.08,17.18,-0.5821,42341.6,72418.564
002772.SZ,20250917,10.19,10.65,10.02,10.54,10.29,2.4295,437749.62,452723.003
002773.SZ,20250917,39.4,39.95,38.71,39.62,39.5,0.3038,56215.47,221311.476
002774.SZ,20250917,10.88,10.94,10.54,10.6,10.88,-2.5735,75198.0,80347.734
002775.SZ,20250917,4.43,4.48,4.37,4.42,4.41,0.2268,171306.92,75613.266
002777.SZ,20250917,18.99,19.07,18.88,18.92,18.99,-0.3686,70538.8,133697.536
002778.SZ,20250917,20.09,20.44,19.79,20.31,20.06,1.2463,53766.62,108085.773
002779.SZ,20250917,134.11,146.0,131.63,140.5,133.34,5.3697,71520.57,988157.831
002780.SZ,20250917,14.23,14.4,14.02,14.05,14.36,-2.1588,68737.75,97189.016
002782.SZ,20250917,16.85,17.15,16.71,16.81,16.85,-0.2374,114874.88,194542.11
002783.SZ,20250917,9.89,10.07,9.85,9.98,9.95,0.3015,106266.79,105967.34
002785.SZ,20250917,29.34,30.1,29.14,29.46,29.77,-1.0413,65597.1,193202.092
002786.SZ,20250917,10.02,10.15,9.99,10.02,10.06,-0.3976,151363.0,152279.717
002787.SZ,20250917,8.4,8.98,8.35,8.64,8.41,2.7348,214336.55,186601.562
002788.SZ,20250917,8.4,8.46,8.36,8.38,8.42,-0.4751,43114.39,36238.414
002789.SZ,20250917,9.5,9.56,9.44,9.5,9.57,-0.7315,19222.6,18254.173
002790.SZ,20250917,7.5,7.65,7.47,7.52,7.5,0.2667,57535.6,43516.631
002791.SZ,20250917,23.18,23.18,22.85,23.01,23.12,-0.4758,44352.5,101951.841
002792.SZ,20250917,16.72,17.08,16.5,16.72,16.69,0.1797,134889.87,226587.784
002793.SZ,20250917,5.62,5.62,5.42,5.43,5.62,-3.3808,255719.49,139953.927
002795.SZ,20250917,5.03,5.04,4.98,5.0,5.04,-0.7937,111810.44,55930.27
002796.SZ,20250917,19.84,20.79,19.58,20.79,18.9,10.0,324640.26,667444.635
002797.SZ,20250917,7.99,8.25,7.97,8.19,8.0,2.375,1711482.12,1392209.477
002798.SZ,20250917,6.57,6.62,6.54,6.59,6.59,0.0,66439.66,43669.646
002799.SZ,20250917,8.58,8.58,8.46,8.46,8.62,-1.8561,95647.64,81341.339
002800.SZ,20250917,15.08,15.1,14.77,14.8,15.16,-2.3747,58495.59,86977.464
002801.SZ,20250917,38.15,39.45,37.81,38.95,38.15,2.097,78442.33,304735.37
002802.SZ,20250917,13.17,13.36,13.1,13.35,13.21,1.0598,28115.6,37234.407
002803.SZ,20250917,17.0,18.1,16.86,17.7,17.01,4.0564,222363.76,394474.431
002805.SZ,20250917,14.16,14.3,14.01,14.07,14.24,-1.1938,101683.98,143683.941
002806.SZ,20250917,12.84,12.85,12.63,12.76,12.8,-0.3125,64292.38,81904.575
002807.SZ,20250917,4.72,4.74,4.68,4.72,4.71,0.2123,243269.2,114598.511
002808.SZ,20250917,4.98,4.98,4.9,4.93,4.95,-0.404,30342.2,14955.577
002809.SZ,20250917,12.91,13.1,12.8,12.97,12.82,1.17,167913.1,217325.621
002810.SZ,20250917,13.5,13.62,13.44,13.51,13.45,0.4461,47094.0,63630.107
002811.SZ,20250917,12.4,12.42,12.21,12.27,12.42,-1.2077,59501.0,73153.219
002812.SZ,20250917,44.25,44.7,43.03,44.41,44.26,0.3389,395439.5,1738717.793
002813.SZ,20250917,26.12,26.37,25.86,26.14,26.17,-0.1146,63882.33,167128.8
002815.SZ,20250917,16.68,16.78,16.3,16.51,16.59,-0.4822,498007.59,822753.878
002816.SZ,20250917,18.63,19.1,18.41,18.8,18.73,0.3737,15518.0,29142.699
002817.SZ,20250917,7.8,7.85,7.75,7.83,7.78,0.6427,54756.19,42702.749
002818.SZ,20250917,12.35,12.48,12.3,12.4,12.37,0.2425,27031.55,33484.487
002819.SZ,20250917,29.66,30.0,29.45,29.76,29.62,0.4727,39823.5,118413.964
002820.SZ,20250917,13.27,13.55,13.01,13.03,13.26,-1.7345,172835.19,228077.149
002821.SZ,20250917,118.58,118.78,115.03,116.72,118.2,-1.2521,92181.35,1074724.17
002822.SZ,20250917,3.5,3.66,3.49,3.53,3.49,1.1461,389665.43,139640.66
002823.SZ,20250917,17.36,17.74,17.23,17.57,17.29,1.6194,182077.23,319398.682
002824.SZ,20250917,19.57,20.47,19.35,20.21,19.57,3.2703,153809.64,310363.789
002825.SZ,20250917,10.04,10.17,10.03,10.09,10.1,-0.099,52602.65,53103.054
002826.SZ,20250917,19.48,19.63,19.18,19.41,19.48,-0.3593,44495.0,86322.241
002827.SZ,20250917,40.36,40.86,40.05,40.52,40.34,0.4462,51333.75,207826.165
002828.SZ,20250917,10.61,10.9,10.49,10.64,10.56,0.7576,182199.9,194100.292
002829.SZ,20250917,20.75,20.94,20.6,20.75,20.87,-0.575,60163.26,125067.902
002830.SZ,20250917,18.65,18.75,18.0,18.08,18.75,-3.5733,29731.98,54545.411
002831.SZ,20250917,26.59,27.11,26.5,26.98,26.58,1.5049,36972.79,99126.976
002832.SZ,20250917,16.59,16.6,16.46,16.51,16.61,-0.602,64399.82,106281.714
002833.SZ,20250917,17.4,17.58,17.4,17.56,17.48,0.4577,65553.41,114818.842
002835.SZ,20250917,18.13,18.3,18.06,18.2,18.13,0.3861,27518.0,50091.131
002836.SZ,20250917,9.58,9.69,9.55,9.57,9.6,-0.3125,25343.84,24348.66
002837.SZ,20250917,75.16,78.35,73.7,75.42,75.52,-0.1324,594246.62,4495965.448
002838.SZ,20250917,26.11,26.66,25.95,26.44,26.2,0.916,63081.63,166134.939
002839.SZ,20250917,4.44,4.47,4.41,4.45,4.45,0.0,233804.54,103838.519
002840.SZ,20250917,11.93,11.96,11.73,11.74,11.92,-1.5101,211495.81,249929.855
002841.SZ,20250917,39.5,39.8,39.16,39.7,39.48,0.5572,48147.08,190341.545
002842.SZ,20250917,11.01,11.22,10.91,11.15,11.14,0.0898,159229.08,176359.012
002843.SZ,20250917,23.69,24.08,23.51,23.74,23.83,-0.3777,89586.7,212650.187
002845.SZ,20250917,14.86,15.19,14.86,15.03,14.93,0.6698,62955.19,94755.918
002846.SZ,20250917,20.13,20.63,19.9,20.25,20.13,0.5961,312933.82,634770.84
002847.SZ,20250917,70.84,73.37,70.84,71.67,70.98,0.9721,34420.21,248376.947
002848.SZ,20250917,8.8,8.81,8.57,8.66,8.76,-1.1416,47822.0,41465.716
002849.SZ,20250917,14.97,15.39,14.93,15.2,15.05,0.9967,63534.11,96613.711
002850.SZ,20250917,163.01,174.48,160.4,171.33,164.15,4.374,80718.48,1349971.321
002851.SZ,20250917,83.4,85.2,81.71,82.35,83.41,-1.2708,275943.73,2299273.929
002852.SZ,20250917,11.35,11.4,11.23,11.25,11.4,-1.3158,49590.65,55992.821
002853.SZ,20250917,12.34,12.52,12.26,12.35,12.4,-0.4032,21013.0,25964.343
002855.SZ,20250917,18.73,19.46,18.65,19.0,18.73,1.4415,63938.55,122394.763
002856.SZ,20250917,10.86,10.9,10.63,10.7,10.8,-0.9259,31504.0,33857.994
002857.SZ,20250917,24.69,24.92,23.82,24.22,24.57,-1.4245,55726.8,135145.541
002858.SZ,20250917,16.76,16.87,16.02,16.08,16.65,-3.4234,182541.0,297644.95
002859.SZ,20250917,33.15,33.97,32.0,32.48,33.04,-1.6949,62168.2,202443.678
002860.SZ,20250917,13.76,14.07,13.55,13.97,13.71,1.8964,191279.69,266201.838
002861.SZ,20250917,18.31,19.2,18.2,18.66,18.49,0.9194,141203.66,264642.061
002862.SZ,20250917,19.87,20.25,19.75,19.79,20.05,-1.2968,71862.2,143296.518
002863.SZ,20250917,5.62,5.69,5.61,5.64,5.63,0.1776,167016.97,94257.714
002864.SZ,20250917,31.16,32.97,30.88,31.6,31.21,1.2496,91892.97,296176.295
002865.SZ,20250917,44.69,45.7,44.17,45.08,44.81,0.6025,81384.92,367013.38
002866.SZ,20250917,19.6,20.77,19.57,20.57,19.79,3.9414,333632.08,674921.29
002867.SZ,20250917,13.99,14.05,13.84,13.9,13.99,-0.6433,71480.58,99293.17
002868.SZ,20250917,23.69,25.0,22.75,25.0,23.81,4.9979,28347.9,67720.237
002869.SZ,20250917,31.74,33.55,31.36,32.8,31.56,3.929,106632.21,346907.626
002870.SZ,20250917,38.8,40.47,38.8,39.9,38.77,2.9146,116604.36,462148.601
002871.SZ,20250917,17.74,17.78,17.2,17.68,17.91,-1.2842,120606.94,211502.244
002872.SZ,20250917,5.02,5.28,4.99,5.28,5.03,4.9702,56343.25,29345.649
002873.SZ,20250917,11.58,11.64,11.37,11.42,11.65,-1.9742,82480.69,94446.261
002875.SZ,20250917,16.97,16.97,16.71,16.84,16.97,-0.7661,41807.25,70264.255
002876.SZ,20250917,25.23,25.92,25.15,25.38,25.22,0.6344,42129.18,107558.415
002877.SZ,20250917,9.16,9.29,9.11,9.24,9.15,0.9836,85053.22,78385.547
002878.SZ,20250917,20.68,20.75,20.21,20.26,20.76,-2.4085,203671.02,415709.167
002879.SZ,20250917,17.8,18.27,17.68,18.2,17.81,2.1898,53341.0,96370.059
002880.SZ,20250917,27.72,27.81,27.62,27.74,27.74,0.0,8255.2,22871.474
002881.SZ,20250917,51.17,51.93,50.82,50.92,51.37,-0.876,76854.96,394231.619
002882.SZ,20250917,33.2,33.68,32.9,33.32,33.35,-0.09,130565.31,435930.099
002883.SZ,20250917,11.84,11.98,11.73,11.81,11.84,-0.2534,45766.8,54092.599
002884.SZ,20250917,17.04,17.09,16.86,17.03,17.05,-0.1173,31993.06,54393.435
002885.SZ,20250917,15.66,15.9,15.58,15.74,15.69,0.3187,81140.8,128057.946
002886.SZ,20250917,23.65,25.17,23.65,24.51,23.7,3.4177,237154.81,584230.847
002887.SZ,20250917,9.76,9.8,9.59,9.62,9.76,-1.4344,41810.5,40365.334
002888.SZ,20250917,18.97,19.2,18.96,18.98,18.96,0.1055,30789.93,58693.078
002889.SZ,20250917,15.76,16.09,15.7,15.89,15.72,1.0814,59404.99,94622.295
002890.SZ,20250917,15.04,15.26,14.92,15.15,14.98,1.1348,17457.68,26344.785
002891.SZ,20250917,55.55,57.79,55.53,56.39,55.58,1.4574,98549.76,559244.589
002892.SZ,20250917,15.63,16.1,15.52,16.0,15.6,2.5641,402579.25,640448.154
002893.SZ,20250917,11.19,11.27,11.15,11.22,11.23,-0.089,45457.38,51035.491
002895.SZ,20250917,26.67,26.75,26.35,26.41,26.67,-0.9749,63883.22,169092.915
002896.SZ,20250917,107.18,108.68,103.73,105.47,105.6,-0.1231,299283.48,3177713.8
002897.SZ,20250917,45.77,46.86,45.25,46.15,45.72,0.9405,81668.99,375464.538
002898.SZ,20250917,15.35,15.5,14.65,14.71,15.16,-2.9683,40799.4,61093.175
002899.SZ,20250917,21.76,21.91,21.35,21.43,21.7,-1.2442,56792.86,122878.05
002900.SZ,20250917,13.9,13.9,13.71,13.72,13.9,-1.295,43325.0,59657.965
002901.SZ,20250917,54.98,55.88,54.31,54.66,54.95,-0.5278,25069.04,137693.954
002902.SZ,20250917,24.14,24.95,24.02,24.45,24.15,1.2422,133974.09,328131.05
002903.SZ,20250917,24.85,24.92,24.4,24.49,24.85,-1.4487,72436.95,178156.041
002905.SZ,20250917,12.85,14.32,12.5,14.04,13.5,4.0,493562.65,669871.514
002906.SZ,20250917,32.95,33.89,32.85,33.6,32.95,1.9727,187634.1,629289.39
002907.SZ,20250917,17.32,17.35,17.18,17.21,17.37,-0.9211,29666.3,51153.165
002908.SZ,20250917,10.94,11.08,10.9,10.98,11.03,-0.4533,76410.26,83903.697
002909.SZ,20250917,6.8,6.8,6.72,6.73,6.8,-1.0294,104901.0,70784.095
002910.SZ,20250917,10.05,10.09,9.91,9.93,10.05,-1.194,42178.0,42054.847
002911.SZ,20250917,11.23,11.77,11.23,11.54,11.26,2.4867,189214.11,219765.283
002912.SZ,20250917,27.71,28.55,27.54,28.35,27.83,1.8685,46958.86,132379.336
002913.SZ,20250917,42.66,42.81,41.65,42.25,42.65,-0.9379,44345.46,187559.036
002915.SZ,20250917,30.17,31.1,29.63,29.87,30.65,-2.5449,443649.88,1339242.765
002916.SZ,20250917,188.61,190.0,182.0,187.95,188.49,-0.2865,89124.73,1662431.384
002917.SZ,20250917,14.37,14.47,14.27,14.43,14.32,0.7682,60592.5,87301.308
002918.SZ,20250917,14.38,15.38,14.21,15.25,14.39,5.9764,149101.06,220742.239
002919.SZ,20250917,15.51,15.8,15.5,15.74,15.65,0.5751,46479.18,72802.874
002920.SZ,20250917,131.88,141.06,131.5,137.57,130.35,5.5389,170410.87,2331612.927
002921.SZ,20250917,16.43,16.65,16.28,16.46,16.43,0.1826,55329.0,91166.647
002922.SZ,20250917,21.2,21.9,20.9,21.72,21.16,2.6465,188204.81,404317.009
002923.SZ,20250917,13.9,14.28,13.9,14.18,13.94,1.7217,79762.27,112785.868
002925.SZ,20250917,17.8,18.0,17.7,17.89,17.8,0.5056,49739.69,89102.978
002926.SZ,20250917,10.05,10.13,9.99,10.08,10.05,0.2985,288557.47,290263.08
002927.SZ,20250917,15.1,15.23,15.0,15.13,15.13,0.0,41005.49,62069.296
002928.SZ,20250917,9.78,10.01,9.7,9.96,9.8,1.6327,199718.29,196866.534
002929.SZ,20250917,51.98,53.1,51.28,52.33,52.02,0.5959,167978.47,876310.488
002930.SZ,20250917,11.14,11.14,10.98,11.1,11.14,-0.3591,46995.38,51896.903
002931.SZ,20250917,16.37,16.45,16.14,16.19,16.36,-1.0391,63870.96,104219.743
002932.SZ,20250917,19.44,19.48,19.2,19.3,19.44,-0.7202,23058.94,44537.998
002933.SZ,20250917,34.22,34.58,34.05,34.23,34.24,-0.0292,25579.9,87813.247
002935.SZ,20250917,15.55,15.67,15.42,15.56,15.55,0.0643,40856.43,63555.435
002936.SZ,20250917,2.09,2.11,2.07,2.1,2.09,0.4785,1282644.95,267913.736
002937.SZ,20250917,19.18,19.34,19.05,19.07,19.16,-0.4697,62407.81,119798.945
002938.SZ,20250917,53.96,54.49,51.84,53.59,53.99,-0.7409,360690.59,1915853.304
002939.SZ,20250917,11.85,12.75,11.81,12.54,11.89,5.4668,2068749.63,2559489.876
002940.SZ,20250917,42.81,43.7,41.05,41.28,43.24,-4.5328,133264.1,557426.419
002941.SZ,20250917,16.37,16.55,16.21,16.29,16.5,-1.2727,405980.05,662679.586
002942.SZ,20250917,19.44,19.72,19.28,19.32,19.51,-0.9739,18366.0,35683.324
002943.SZ,20250917,36.74,37.25,36.15,36.7,36.75,-0.1361,33842.68,123862.899
002945.SZ,20250917,17.1,17.39,17.0,17.28,17.15,0.758,232616.46,401341.893
002946.SZ,20250917,17.61,18.05,17.57,17.76,17.58,1.0239,72771.85,129576.376
002947.SZ,20250917,43.4,44.99,42.7,44.19,43.35,1.9377,92605.63,408686.717
002948.SZ,20250917,5.0,5.01,4.93,4.97,5.0,-0.6,292016.6,144911.872
002949.SZ,20250917,14.21,14.55,14.15,14.49,14.21,1.9704,51530.0,74219.807
002950.SZ,20250917,9.94,9.99,9.83,9.87,9.94,-0.7042,62697.98,62040.638
002951.SZ,20250917,15.77,15.85,15.6,15.8,15.81,-0.0633,36666.0,57680.939
002952.SZ,20250917,20.22,20.48,20.1,20.1,20.18,-0.3964,23611.5,47844.868
002953.SZ,20250917,13.03,13.38,12.9,13.17,13.06,0.8423,192264.93,253566.281
002955.SZ,20250917,30.79,31.35,30.3,30.49,30.78,-0.9422,58930.4,180893.761
002956.SZ,20250917,22.39,22.6,21.99,22.07,22.51,-1.9547,27688.6,61316.568
002957.SZ,20250917,18.32,18.74,18.18,18.65,18.35,1.6349,95172.85,176769.127
002958.SZ,20250917,3.25,3.27,3.23,3.25,3.24,0.3086,373419.57,121498.085
002959.SZ,20250917,52.2,53.1,52.2,52.64,52.37,0.5156,15608.15,82182.015
002960.SZ,20250917,12.5,13.59,12.37,12.9,12.35,4.4534,541520.33,708451.116
002961.SZ,20250917,21.88,22.49,21.78,22.04,21.87,0.7773,71658.0,158735.719
002962.SZ,20250917,15.01,15.37,15.01,15.22,15.05,1.1296,57711.6,87935.243
002963.SZ,20250917,13.55,13.58,13.38,13.39,13.55,-1.1808,56704.07,76286.879
002965.SZ,20250917,45.48,47.74,44.9,47.33,45.48,4.0677,337609.61,1572291.344
002966.SZ,20250917,8.08,8.12,8.05,8.11,8.07,0.4957,363068.16,293573.05
002967.SZ,20250917,18.68,18.81,18.39,18.5,18.68,-0.9636,108000.58,200774.808
002969.SZ,20250917,3.67,3.67,3.62,3.63,3.65,-0.5479,138527.0,50404.527
002970.SZ,20250917,51.72,52.24,51.23,51.63,51.47,0.3109,53518.27,276289.293
002971.SZ,20250917,30.9,32.19,30.71,31.7,30.88,2.6554,49624.2,157046.269
002972.SZ,20250917,12.73,13.13,12.66,12.8,12.73,0.5499,51351.4,65989.588
002973.SZ,20250917,15.32,15.59,15.23,15.42,15.48,-0.3876,92924.46,143627.66
002975.SZ,20250917,61.21,64.35,60.5,63.44,61.78,2.687,127248.78,795400.516
002976.SZ,20250917,25.34,25.75,25.2,25.4,25.31,0.3556,23757.6,60677.343
002977.SZ,20250917,34.26,34.84,34.02,34.34,34.2,0.4094,20071.6,69009.599
002978.SZ,20250917,32.53,32.53,32.04,32.37,32.66,-0.8879,61641.0,198880.303
002979.SZ,20250917,50.99,54.37,50.79,52.87,50.65,4.383,235796.67,1242577.372
002980.SZ,20250917,24.53,24.9,24.3,24.8,24.64,0.6494,38123.6,94040.477
002981.SZ,20250917,35.03,35.22,34.51,34.76,35.05,-0.8274,61638.2,214953.925
002982.SZ,20250917,15.47,15.49,15.2,15.28,15.47,-1.2282,40256.48,61575.754
002983.SZ,20250917,21.03,21.74,20.93,21.6,21.11,2.3212,44608.02,95982.317
002984.SZ,20250917,19.92,20.15,19.86,19.99,20.03,-0.1997,137741.87,275281.314
002985.SZ,20250917,26.65,26.79,26.5,26.64,26.67,-0.1125,41540.02,110692.201
002986.SZ,20250917,11.7,11.83,11.68,11.73,11.72,0.0853,34168.67,40163.635
002987.SZ,20250917,22.38,22.85,22.06,22.72,22.43,1.2929,295264.68,667597.13
002988.SZ,20250917,44.11,44.94,43.5,43.53,44.11,-1.3149,45266.4,198839.299
002989.SZ,20250917,38.96,38.99,36.53,37.02,38.14,-2.9365,67598.28,252492.814
002990.SZ,20250917,30.39,30.42,30.07,30.2,30.43,-0.7558,21975.69,66471.977
002991.SZ,20250917,57.18,57.22,56.5,56.98,57.1,-0.2102,10478.76,59526.491
002992.SZ,20250917,58.15,59.0,57.6,57.96,57.97,-0.0173,17624.0,102529.142
002993.SZ,20250917,46.9,47.88,46.52,47.33,46.93,0.8523,44857.8,212617.66
002995.SZ,20250917,18.55,19.79,18.38,19.09,18.56,2.8556,118800.53,227777.349
002996.SZ,20250917,7.77,7.81,7.72,7.75,7.82,-0.8951,111823.2,86726.019
002997.SZ,20250917,39.87,42.32,39.85,41.35,39.85,3.7641,166091.07,680462.36
002998.SZ,20250917,8.25,8.35,8.2,8.24,8.28,-0.4831,40694.0,33612.737
002999.SZ,20250917,6.94,6.99,6.88,6.9,6.95,-0.7194,65150.2,45207.397
003000.SZ,20250917,12.32,12.4,12.3,12.31,12.34,-0.2431,33745.0,41637.614
003001.SZ,20250917,25.35,25.47,25.08,25.15,25.4,-0.9843,27426.18,69132.283
003002.SZ,20250917,24.11,24.35,24.08,24.16,24.12,0.1658,22614.98,54703.153
003003.SZ,20250917,12.73,12.74,12.61,12.63,12.72,-0.7075,45912.02,58244.146
003004.SZ,20250917,21.08,21.08,20.71,20.8,21.08,-1.3283,8236.0,17205.307
003005.SZ,20250917,22.17,22.3,22.06,22.06,22.2,-0.6306,31065.6,68821.08
003006.SZ,20250917,28.6,29.5,28.51,29.2,28.68,1.8131,30288.4,88453.014
003007.SZ,20250917,35.32,36.14,35.13,35.53,35.4,0.3672,25647.0,91414.254
003008.SZ,20250917,22.18,22.33,22.01,22.11,22.18,-0.3156,7980.93,17665.718
003009.SZ,20250917,49.0,49.43,48.6,49.25,49.0,0.5102,24698.0,121342.038
003010.SZ,20250917,44.02,44.62,43.4,43.93,44.41,-1.0808,83361.91,366199.992
003011.SZ,20250917,20.66,20.88,20.44,20.55,20.74,-0.9161,19063.4,39221.607
003012.SZ,20250917,7.12,7.3,7.09,7.25,7.11,1.9691,145365.81,104931.336
003013.SZ,20250917,15.46,15.5,15.4,15.43,15.45,-0.1294,18812.0,29043.539
003015.SZ,20250917,18.33,18.71,18.25,18.35,18.36,-0.0545,172058.21,317646.448
003016.SZ,20250917,8.13,8.24,8.09,8.14,8.13,0.123,44190.0,36034.795
003017.SZ,20250917,35.1,36.05,33.73,34.98,35.0,-0.0571,54037.8,187720.638
003018.SZ,20250917,12.14,12.28,12.11,12.14,12.17,-0.2465,18728.0,22824.6
003019.SZ,20250917,41.45,42.98,41.01,41.96,42.01,-0.119,136930.74,572311.213
003020.SZ,20250917,29.51,29.64,29.14,29.4,29.65,-0.8432,41946.03,123036.884
003021.SZ,20250917,143.88,156.72,143.06,149.5,142.47,4.9344,184701.68,2781401.263
003022.SZ,20250917,22.3,22.58,22.1,22.19,22.59,-1.7707,191026.1,426100.915
003023.SZ,20250917,22.18,22.19,21.97,22.03,22.19,-0.721,27386.45,60525.902
003025.SZ,20250917,13.96,14.2,13.9,14.17,13.95,1.5771,49705.42,70021.251
003026.SZ,20250917,35.44,35.89,35.2,35.73,35.44,0.8183,28242.83,100713.091
003027.SZ,20250917,19.88,20.05,19.78,19.81,19.88,-0.3521,21626.53,43072.581
003028.SZ,20250917,33.43,34.77,33.03,34.35,33.43,2.752,38315.79,131341.154
003029.SZ,20250917,26.22,26.69,26.06,26.54,26.37,0.6447,47721.77,126423.059
003030.SZ,20250917,19.2,19.5,19.07,19.17,19.25,-0.4156,16172.0,31104.809
003031.SZ,20250917,59.92,60.8,59.38,60.46,59.32,1.9218,40302.75,242837.308
003032.SZ,20250917,6.81,6.89,6.74,6.77,6.78,-0.1475,50577.0,34411.339
003033.SZ,20250917,53.67,54.2,52.37,52.81,52.62,0.3611,62794.71,333786.052
003035.SZ,20250917,4.82,4.89,4.79,4.87,4.82,1.0373,199211.0,96314.616
003036.SZ,20250917,17.64,18.0,17.56,17.65,17.74,-0.5073,77512.4,137646.17
003037.SZ,20250917,8.45,8.46,8.35,8.37,8.47,-1.1806,68991.55,57938.243
003038.SZ,20250917,17.7,18.03,17.56,17.88,17.75,0.7324,40981.4,73209.97
003039.SZ,20250917,13.85,13.88,13.75,13.81,13.81,0.0,23623.0,32646.85
003040.SZ,20250917,22.6,23.23,22.25,22.85,22.65,0.883,262940.2,602060.949
003041.SZ,20250917,24.31,24.6,24.03,24.17,24.3,-0.535,27744.45,67160.16
003042.SZ,20250917,16.88,16.89,16.61,16.63,16.88,-1.481,28132.0,47014.689
003043.SZ,20250917,51.15,52.0,50.73,51.03,51.38,-0.6812,19380.51,99466.926
003816.SZ,20250917,3.71,3.74,3.68,3.74,3.71,0.8086,1382462.93,513707.84
300001.SZ,20250917,24.45,24.77,24.27,24.56,24.47,0.3678,218811.16,537004.98
300002.SZ,20250917,14.3,15.28,14.26,14.94,14.34,4.1841,1368299.51,2012377.865
300003.SZ,20250917,19.3,19.72,18.78,18.88,19.2,-1.6667,404068.25,770552.205
300004.SZ,20250917,14.9,15.28,14.34,15.01,15.2,-1.25,716491.56,1059106.153
300005.SZ,20250917,9.58,9.66,9.41,9.46,9.56,-1.046,338452.98,321836.844
300006.SZ,20250917,4.66,4.66,4.55,4.58,4.67,-1.9272,232160.2,106539.823
300007.SZ,20250917,70.12,73.0,67.51,68.75,64.92,5.8996,866080.79,6072952.881
300008.SZ,20250917,6.48,6.51,6.43,6.46,6.53,-1.072,493311.08,318921.697
300009.SZ,20250917,10.63,10.67,10.5,10.53,10.64,-1.0338,219253.8,231191.448
300010.SZ,20250917,8.12,8.13,8.03,8.04,8.14,-1.2285,553243.04,445081.135
300011.SZ,20250917,8.43,8.5,8.4,8.45,8.47,-0.2361,100454.0,84842.147
300012.SZ,20250917,13.1,13.12,12.93,13.06,13.11,-0.3814,287841.04,374895.966
300013.SZ,20250917,4.78,5.2,4.6,4.63,4.75,-2.5263,1674373.36,813977.276
300014.SZ,20250917,72.87,75.64,71.75,73.96,73.54,0.5711,902278.75,6650829.896
300015.SZ,20250917,12.8,12.89,12.74,12.88,12.8,0.625,763266.77,978841.51
300016.SZ,20250917,9.78,9.91,9.51,9.52,9.87,-3.5461,352526.62,339284.453
300017.SZ,20250917,11.4,11.55,11.31,11.48,11.45,0.262,737861.95,843103.932
300018.SZ,20250917,8.41,8.56,8.32,8.55,8.41,1.6647,146974.0,124557.732
300019.SZ,20250917,22.27,22.49,21.93,22.23,22.47,-1.0681,154538.89,342637.45
300020.SZ,20250917,3.8,3.81,3.75,3.78,3.79,-0.2639,128103.0,48324.748
300021.SZ,20250917,5.21,5.21,5.13,5.14,5.23,-1.7208,338219.03,174323.1
300022.SZ,20250917,8.58,8.67,8.5,8.55,8.6,-0.5814,113597.0,97434.054
300024.SZ,20250917,20.62,21.34,20.46,20.98,20.68,1.4507,1186680.97,2484674.514
300025.SZ,20250917,6.79,6.83,6.71,6.76,6.78,-0.295,109927.02,74458.731
300026.SZ,20250917,3.9,3.93,3.84,3.87,3.92,-1.2755,521821.32,202315.561
300027.SZ,20250917,2.91,2.92,2.85,2.89,2.92,-1.0274,1184204.08,340734.938
300029.SZ,20250917,6.05,6.11,5.9,5.99,6.11,-1.964,24491.0,14708.633
300030.SZ,20250917,8.15,8.24,8.09,8.17,8.14,0.3686,79625.0,65160.11
300031.SZ,20250917,26.2,26.9,26.03,26.62,26.21,1.5643,235819.9,623420.754
300032.SZ,20250917,5.59,5.89,5.58,5.8,5.6,3.5714,679986.5,391447.44
300033.SZ,20250917,376.08,395.86,374.11,390.42,376.03,3.8268,176957.08,6867954.043
300034.SZ,20250917,16.1,16.23,16.01,16.23,16.14,0.5576,91336.33,147360.618
300035.SZ,20250917,21.7,22.43,21.51,22.19,21.91,1.278,557201.55,1228120.87
300036.SZ,20250917,16.48,16.7,16.38,16.55,16.57,-0.1207,95255.2,157158.443
300037.SZ,20250917,47.8,48.4,46.38,47.98,48.31,-0.6831,248734.6,1180010.415
300039.SZ,20250917,6.35,6.39,6.26,6.3,6.29,0.159,394675.24,249169.496
300040.SZ,20250917,7.16,7.19,7.1,7.1,7.2,-1.3889,167748.37,119552.023
300041.SZ,20250917,11.14,11.19,10.96,11.0,11.2,-1.7857,207026.7,229137.102
300042.SZ,20250917,26.79,27.01,26.4,26.63,26.9,-1.0037,118451.93,315615.87
300043.SZ,20250917,8.07,8.19,7.6,7.7,7.72,-0.2591,2625838.1,2047132.32
300044.SZ,20250917,4.31,4.39,4.24,4.37,4.33,0.9238,264375.0,113964.502
300045.SZ,20250917,23.98,23.98,23.38,23.4,23.98,-2.4187,294974.05,694897.486
300046.SZ,20250917,40.38,41.41,40.24,40.85,40.59,0.6406,113450.43,464385.765
300047.SZ,20250917,17.0,17.17,16.75,17.14,16.97,1.0018,476816.22,809906.018
300048.SZ,20250917,6.59,6.75,6.53,6.68,6.6,1.2121,207259.88,138299.687
300049.SZ,20250917,87.0,89.19,84.89,87.87,85.84,2.3649,169698.42,1473247.284
300050.SZ,20250917,6.88,6.98,6.76,6.81,6.9,-1.3043,354458.0,242654.281
300051.SZ,20250917,7.49,7.49,7.28,7.32,7.29,0.4115,133631.0,98281.864
300052.SZ,20250917,12.92,13.0,12.5,12.51,13.01,-3.8432,129197.01,163508.382
300053.SZ,20250917,13.81,13.93,13.66,13.8,13.86,-0.4329,196396.89,270846.087
300054.SZ,20250917,30.67,32.45,30.56,31.97,30.65,4.3067,315106.21,998736.38
300055.SZ,20250917,5.92,5.95,5.87,5.92,5.94,-0.3367,66734.0,39426.25
300056.SZ,20250917,14.46,15.66,14.28,14.95,14.28,4.6919,313672.19,472822.993
300057.SZ,20250917,6.24,6.88,6.19,6.73,6.24,7.8526,1297466.21,863608.51
300058.SZ,20250917,7.08,7.09,6.84,6.89,7.03,-1.9915,2249751.53,1552550.965
300059.SZ,20250917,27.61,28.5,27.5,28.21,27.71,1.8044,6805608.49,19071362.61
300061.SZ,20250917,13.18,13.85,13.08,13.67,13.18,3.7178,447030.81,603124.438
300062.SZ,20250917,5.75,5.8,5.69,5.72,5.76,-0.6944,133393.8,76692.752
300063.SZ,20250917,9.81,9.81,9.52,9.54,9.95,-4.1206,872612.24,836748.6
300065.SZ,20250917,18.75,18.8,18.53,18.6,18.89,-1.5352,303948.44,567054.196
300066.SZ,20250917,6.84,6.92,6.81,6.9,6.88,0.2907,346927.33,238787.372
300067.SZ,20250917,5.24,5.24,5.15,5.17,5.26,-1.711,350582.2,181644.706
300068.SZ,20250917,19.58,20.2,19.21,19.9,19.67,1.1693,972360.17,1921960.992
300069.SZ,20250917,20.42,20.58,20.36,20.53,20.49,0.1952,31658.01,64896.185
300070.SZ,20250917,4.47,4.53,4.45,4.49,4.49,0.0,405129.94,182011.077
300071.SZ,20250917,4.91,4.92,4.84,4.87,4.94,-1.417,255132.8,124050.611
300072.SZ,20250917,3.81,3.82,3.75,3.77,3.82,-1.3089,336987.75,127215.068
300073.SZ,20250917,55.31,56.2,53.91,56.09,55.12,1.7598,418319.54,2312826.739
300074.SZ,20250917,5.01,5.04,4.93,4.98,5.01,-0.5988,159552.0,79515.502
300075.SZ,20250917,17.15,17.34,17.01,17.15,17.18,-0.1746,118239.11,202605.919
300076.SZ,20250917,6.64,6.75,6.6,6.66,6.65,0.1504,145735.2,97244.424
300077.SZ,20250917,25.62,26.07,25.45,25.74,25.73,0.0389,252031.76,649446.739
300078.SZ,20250917,3.75,3.76,3.66,3.69,3.78,-2.381,405096.49,149457.131
300079.SZ,20250917,6.06,6.1,6.0,6.07,6.06,0.165,375088.53,227365.943
300080.SZ,20250917,4.58,4.66,4.54,4.62,4.59,0.6536,185052.0,85076.324
300081.SZ,20250917,5.51,5.51,5.43,5.44,5.52,-1.4493,194396.82,106122.166
300082.SZ,20250917,8.04,8.11,7.97,8.01,8.06,-0.6203,85010.76,68385.515
300083.SZ,20250917,10.8,11.28,10.67,11.18,10.82,3.3272,1690736.7,1868893.289
300084.SZ,20250917,8.8,8.9,8.72,8.74,8.83,-1.0193,141592.98,124518.635
300085.SZ,20250917,57.99,61.87,57.3,59.8,58.16,2.8198,1092993.96,6465225.987
300086.SZ,20250917,7.06,7.1,6.81,6.86,7.1,-3.3803,381148.8,262434.685
300087.SZ,20250917,9.15,9.17,9.09,9.13,9.18,-0.5447,134387.96,122561.079
300088.SZ,20250917,6.71,6.95,6.71,6.86,6.76,1.4793,813757.47,558219.569
300091.SZ,20250917,3.05,3.11,2.98,3.07,3.05,0.6557,803694.25,245527.003
300092.SZ,20250917,17.55,18.44,17.21,17.83,17.51,1.8275,426696.82,765228.734
300093.SZ,20250917,13.99,14.1,13.81,13.98,13.99,-0.0715,25118.0,35016.58
300094.SZ,20250917,3.94,3.96,3.86,3.88,3.95,-1.7722,665180.9,259166.013
300095.SZ,20250917,9.64,9.65,9.55,9.57,9.62,-0.5198,83963.0,80574.97
300096.SZ,20250917,6.64,6.86,6.61,6.66,6.66,0.0,150768.0,101009.962
300097.SZ,20250917,5.92,5.94,5.85,5.88,5.95,-1.1765,76518.18,45133.949
300098.SZ,20250917,6.24,6.25,6.18,6.19,6.25,-0.96,749766.66,465209.592
300099.SZ,20250917,6.93,7.0,6.9,6.99,6.96,0.431,106833.83,74451.891
300100.SZ,20250917,48.99,50.41,48.67,49.35,48.69,1.3555,580249.89,2860181.747
300101.SZ,20250917,24.24,24.81,24.12,24.68,24.3,1.5638,91957.11,225397.353
300102.SZ,20250917,12.88,13.02,12.79,12.82,12.94,-0.9274,213231.0,274653.007
300103.SZ,20250917,7.64,8.16,7.57,7.92,7.66,3.3943,159250.0,126927.801
300105.SZ,20250917,7.38,7.41,7.32,7.39,7.38,0.1355,58951.0,43471.453
300106.SZ,20250917,11.92,12.0,11.68,11.7,11.96,-2.1739,107615.0,126652.947
300107.SZ,20250917,7.69,7.73,7.61,7.63,7.69,-0.7802,77918.02,59545.746
300109.SZ,20250917,17.94,17.94,17.56,17.62,17.94,-1.7837,90672.71,160236.682
300110.SZ,20250917,3.49,3.5,3.43,3.46,3.49,-0.8596,231267.83,80068.964
300112.SZ,20250917,9.03,9.22,8.98,9.09,9.06,0.3311,93516.26,85445.132
300113.SZ,20250917,25.32,25.67,24.9,25.39,25.32,0.2765,265843.26,671402.008
300115.SZ,20250917,29.49,32.86,28.88,31.64,28.14,12.4378,2561751.0,7884057.253
300118.SZ,20250917,10.91,11.1,10.8,10.96,11.0,-0.3636,372328.54,408227.387
300119.SZ,20250917,21.99,22.31,21.8,22.06,21.99,0.3183,78136.0,172388.275
300120.SZ,20250917,9.51,9.72,9.47,9.5,9.58,-0.8351,234026.26,223948.594
300121.SZ,20250917,15.75,16.09,15.6,15.86,15.77,0.5707,218248.02,346670.173
300122.SZ,20250917,21.99,22.05,21.7,21.78,22.01,-1.045,191411.93,417389.689
300123.SZ,20250917,6.2,6.21,6.16,6.19,6.23,-0.6421,183029.3,113081.643
300124.SZ,20250917,83.5,84.44,82.48,84.05,83.49,0.6707,596429.04,4971882.112
300125.SZ,20250917,8.18,8.29,8.05,8.2,8.26,-0.7264,78551.27,64066.539
300126.SZ,20250917,7.95,8.81,7.84,8.39,7.9,6.2025,332972.09,280060.051
300128.SZ,20250917,5.4,5.65,5.36,5.61,5.44,3.125,723201.15,399821.569
300129.SZ,20250917,7.53,7.8,7.47,7.77,7.53,3.1873,303216.8,232499.68
300130.SZ,20250917,28.52,29.09,28.31,28.85,28.72,0.4526,190781.51,549720.973
300131.SZ,20250917,11.13,11.42,11.11,11.39,11.34,0.4409,709598.69,799042.83
300132.SZ,20250917,6.48,6.48,6.28,6.31,6.48,-2.6235,204249.0,129707.485
300133.SZ,20250917,9.0,9.38,8.94,9.3,9.06,2.649,1204610.09,1104622.948
300134.SZ,20250917,13.2,13.72,13.08,13.5,13.26,1.81,229789.02,309007.899
300135.SZ,20250917,4.42,4.49,4.37,4.47,4.42,1.1312,346347.7,154082.874
300136.SZ,20250917,25.89,26.15,25.6,25.99,25.87,0.4639,314933.99,815802.164
300137.SZ,20250917,7.11,7.11,7.01,7.05,7.04,0.142,62967.91,44379.93
300138.SZ,20250917,13.01,13.2,12.96,13.09,13.02,0.5376,59703.35,78230.619
300139.SZ,20250917,26.9,28.1,26.66,26.95,27.84,-3.1968,568912.54,1539783.376
300140.SZ,20250917,6.23,6.29,6.2,6.26,6.23,0.4815,94447.0,58985.524
300141.SZ,20250917,9.94,10.19,9.7,9.77,9.98,-2.1042,137809.04,136648.38
300142.SZ,20250917,12.37,12.41,12.2,12.37,12.36,0.0809,247228.76,304395.128
300143.SZ,20250917,12.09,12.25,11.87,11.99,12.03,-0.3325,156189.76,187032.93
300144.SZ,20250917,9.5,9.53,9.17,9.26,9.36,-1.0684,989128.15,916948.843
300145.SZ,20250917,4.84,4.92,4.79,4.92,4.87,1.0267,719579.64,349259.663
300146.SZ,20250917,12.1,12.13,12.0,12.04,12.06,-0.1658,154872.51,186626.633
300147.SZ,20250917,10.6,11.65,10.46,11.49,10.61,8.2941,289152.42,319773.814
300148.SZ,20250917,5.25,5.28,5.13,5.16,5.22,-1.1494,652613.18,337414.242
300149.SZ,20250917,13.89,13.96,13.34,13.44,13.94,-3.5868,405454.2,547876.931
300150.SZ,20250917,5.78,5.79,5.69,5.73,5.79,-1.0363,157050.0,90059.711
300151.SZ,20250917,13.37,13.95,13.25,13.73,13.34,2.9235,145597.48,197475.433
300152.SZ,20250917,2.69,2.74,2.67,2.71,2.7,0.3704,186982.0,50647.785
300153.SZ,20250917,38.6,40.14,38.2,39.37,38.97,1.0264,331734.96,1307387.991
300154.SZ,20250917,8.91,9.13,8.85,9.0,8.92,0.8969,58153.0,52304.622
300155.SZ,20250917,5.12,5.13,5.06,5.09,5.14,-0.9728,115549.55,58848.569
300157.SZ,20250917,4.93,5.05,4.92,4.97,4.95,0.404,338975.0,169100.695
300158.SZ,20250917,7.57,7.6,7.37,7.4,7.54,-1.8568,330358.07,245956.248
300159.SZ,20250917,2.83,2.84,2.71,2.72,2.88,-5.5556,653542.0,180376.378
300160.SZ,20250917,6.05,6.16,6.04,6.11,6.07,0.659,137094.19,83915.975
300161.SZ,20250917,30.77,31.3,30.61,31.19,30.86,1.0693,89225.57,277553.755
300162.SZ,20250917,7.55,7.8,7.51,7.71,7.55,2.1192,165998.75,127936.281
300163.SZ,20250917,3.75,3.76,3.66,3.67,3.74,-1.8717,314772.0,116392.516
300164.SZ,20250917,5.92,6.2,5.89,5.93,5.83,1.7153,1498222.29,901198.248
300165.SZ,20250917,5.1,5.11,5.01,5.02,5.07,-0.9862,61360.3,30999.661
300166.SZ,20250917,11.15,11.19,11.0,11.09,11.24,-1.3345,323087.7,357991.173
300167.SZ,20250917,6.38,6.45,6.25,6.36,6.38,-0.3135,88221.25,56042.533
300168.SZ,20250917,7.42,7.42,7.28,7.29,7.42,-1.752,207558.82,152025.476
300169.SZ,20250917,7.66,7.85,7.6,7.7,7.66,0.5222,154812.87,119254.332
300170.SZ,20250917,18.57,18.67,18.3,18.51,18.66,-0.8039,522203.53,965278.852
300171.SZ,20250917,14.56,14.56,14.36,14.42,14.57,-1.0295,58154.15,83903.961
300172.SZ,20250917,5.43,5.46,5.41,5.42,5.43,-0.1842,148959.12,80864.864
300173.SZ,20250917,6.45,6.65,6.35,6.62,6.47,2.3184,713206.0,466280.837
300174.SZ,20250917,17.47,17.97,17.27,17.69,17.55,0.7977,98502.13,173429.254
300175.SZ,20250917,6.41,6.47,6.24,6.34,6.37,-0.471,89669.0,56816.909
300176.SZ,20250917,7.59,8.22,7.56,7.94,7.61,4.3364,366658.49,289976.94
300177.SZ,20250917,10.12,10.26,10.11,10.18,10.22,-0.3914,193752.09,197391.498
300179.SZ,20250917,10.17,10.94,10.02,10.71,10.15,5.5172,527454.39,555309.603
300180.SZ,20250917,8.06,8.24,8.0,8.1,8.15,-0.6135,666945.91,543252.311
300181.SZ,20250917,18.12,18.28,18.03,18.06,18.13,-0.3861,96130.4,174262.396
300182.SZ,20250917,6.02,6.14,5.96,6.1,6.04,0.9934,939237.51,569086.751
300183.SZ,20250917,17.15,17.67,17.12,17.51,17.25,1.5072,112515.87,195545.18
300184.SZ,20250917,12.13,12.28,11.97,12.06,12.16,-0.8224,802189.83,970873.044
300185.SZ,20250917,2.96,2.98,2.93,2.98,2.97,0.3367,965628.0,285861.637
300187.SZ,20250917,5.26,5.27,5.2,5.24,5.28,-0.7576,58179.0,30448.139
300188.SZ,20250917,15.98,16.4,15.81,16.35,16.05,1.8692,217583.56,352309.099
300189.SZ,20250917,4.75,4.75,4.67,4.69,4.76,-1.4706,653681.08,306573.043
300190.SZ,20250917,4.55,4.64,4.49,4.52,4.55,-0.6593,203920.48,92604.846
300191.SZ,20250917,20.47,20.69,20.2,20.22,20.33,-0.5411,51956.75,106180.059
300192.SZ,20250917,19.7,19.78,19.15,19.23,19.67,-2.2369,223613.0,432407.438
300193.SZ,20250917,9.5,9.65,9.41,9.6,9.5,1.0526,126732.19,121112.704
300194.SZ,20250917,4.64,4.65,4.59,4.62,4.64,-0.431,166712.18,76900.749
300195.SZ,20250917,8.3,8.36,8.27,8.27,8.34,-0.8393,129773.22,107796.249
300196.SZ,20250917,15.61,16.05,15.55,15.64,15.66,-0.1277,97098.24,152690.114
300197.SZ,20250917,2.54,2.55,2.44,2.48,2.54,-2.3622,1222067.99,302847.847
300198.SZ,20250917,2.33,2.33,2.3,2.3,2.33,-1.2876,152906.2,35305.786
300199.SZ,20250917,24.03,24.52,23.95,24.16,24.19,-0.124,391223.09,947243.946
300200.SZ,20250917,10.12,10.54,10.1,10.34,10.16,1.7717,184407.67,191864.444
300201.SZ,20250917,5.41,5.45,5.37,5.4,5.41,-0.1848,180024.84,97471.657
300203.SZ,20250917,18.88,19.26,18.69,18.93,18.68,1.3383,118616.59,226063.4
300204.SZ,20250917,37.96,38.35,36.88,36.99,38.14,-3.0152,253712.58,946119.469
300205.SZ,20250917,5.1,5.34,5.09,5.26,5.11,2.9354,65090.42,34184.91
300206.SZ,20250917,12.57,12.57,12.43,12.46,12.57,-0.8751,45925.0,57309.713
300207.SZ,20250917,28.59,31.0,28.48,30.94,28.76,7.58,2031541.63,6096852.235
300209.SZ,20250917,6.53,6.85,6.28,6.42,6.54,-1.8349,881968.59,571233.012
300210.SZ,20250917,10.57,10.85,10.5,10.65,10.67,-0.1874,139052.4,147625.186
300211.SZ,20250917,9.83,9.95,9.48,9.5,9.88,-3.8462,69562.0,67380.352
300212.SZ,20250917,23.25,23.25,22.77,22.87,23.48,-2.598,276914.35,635873.666
300213.SZ,20250917,12.0,12.0,11.39,11.46,11.92,-3.8591,422304.02,487999.533
300214.SZ,20250917,7.84,7.98,7.7,7.73,7.88,-1.9036,108730.0,85170.939
300215.SZ,20250917,6.33,6.4,6.31,6.33,6.36,-0.4717,101497.04,64404.103
300217.SZ,20250917,6.33,6.58,6.19,6.2,6.21,-0.161,1457419.22,922392.627
300218.SZ,20250917,20.16,20.58,19.77,19.84,20.14,-1.4896,135962.13,274262.01
300219.SZ,20250917,6.86,8.17,6.86,7.62,6.84,11.4035,1169915.18,905977.631
300220.SZ,20250917,16.76,17.1,16.72,16.89,16.91,-0.1183,33186.28,56247.673
300221.SZ,20250917,8.96,9.24,8.9,9.13,8.99,1.5573,196641.2,179503.806
300222.SZ,20250917,13.56,13.66,13.33,13.63,13.58,0.3682,530510.04,717291.45
300223.SZ,20250917,83.0,84.2,81.38,82.23,82.85,-0.7483,265515.46,2195187.497
300224.SZ,20250917,16.94,17.69,16.87,17.59,17.09,2.9257,562414.92,979887.277
300225.SZ,20250917,5.61,5.61,5.45,5.52,5.67,-2.6455,156572.8,86691.025
300226.SZ,20250917,27.3,27.75,27.12,27.45,27.48,-0.1092,121904.11,333673.891
300227.SZ,20250917,9.5,9.73,9.43,9.56,9.55,0.1047,168451.75,161799.911
300228.SZ,20250917,7.53,7.66,7.5,7.59,7.53,0.7968,163822.21,124497.427
300229.SZ,20250917,22.05,22.63,21.83,22.4,22.17,1.0374,391743.98,875636.356
300230.SZ,20250917,5.52,5.63,5.5,5.57,5.54,0.5415,265499.92,148151.393
300231.SZ,20250917,12.21,12.39,12.15,12.27,12.31,-0.3249,128242.8,157181.979
300232.SZ,20250917,8.48,8.62,8.33,8.58,8.5,0.9412,904057.92,771055.022
300233.SZ,20250917,19.79,19.89,19.56,19.7,19.77,-0.3541,128230.31,252792.784
300234.SZ,20250917,5.73,5.75,5.6,5.65,5.76,-1.9097,139623.47,78781.813
300235.SZ,20250917,12.73,12.82,12.56,12.61,12.73,-0.9427,78885.92,99996.76
300236.SZ,20250917,52.98,55.21,52.98,54.25,53.02,2.3199,135363.42,735620.779
300237.SZ,20250917,3.8,3.9,3.66,3.76,3.74,0.5348,1792758.77,675534.393
300238.SZ,20250917,16.6,17.15,16.51,16.66,16.59,0.4219,94268.64,159049.39
300239.SZ,20250917,5.69,5.77,5.65,5.75,5.69,1.0545,114233.86,65308.533
300240.SZ,20250917,8.68,8.8,8.53,8.59,8.86,-3.0474,433196.01,373928.526
300241.SZ,20250917,5.92,6.1,5.88,6.0,5.92,1.3514,341700.0,206293.557
300242.SZ,20250917,4.5,4.55,4.41,4.49,4.55,-1.3187,265774.0,118807.042
300243.SZ,20250917,11.8,11.84,11.59,11.63,11.83,-1.6906,70906.9,82839.59
300244.SZ,20250917,17.12,17.2,16.8,16.84,17.11,-1.578,150026.18,253517.89
300245.SZ,20250917,16.32,16.4,16.12,16.24,16.31,-0.4292,106590.69,173156.003
300246.SZ,20250917,8.95,8.98,8.89,8.91,8.93,-0.224,36562.5,32629.016
300247.SZ,20250917,4.61,4.67,4.57,4.58,4.61,-0.6508,305938.0,141196.487
300248.SZ,20250917,13.59,13.63,13.43,13.45,13.63,-1.3206,95015.42,128214.866
300249.SZ,20250917,17.09,17.57,17.01,17.25,17.21,0.2324,263650.23,456699.195
300250.SZ,20250917,17.83,18.27,17.55,18.22,17.84,2.13,127760.0,229283.448
300251.SZ,20250917,19.16,19.26,18.85,19.08,19.2,-0.625,633056.66,1203136.178
300252.SZ,20250917,15.9,16.61,15.74,15.92,16.19,-1.6677,1031025.54,1658011.691
300253.SZ,20250917,9.46,9.46,9.35,9.37,9.45,-0.8466,329952.48,309711.55
300254.SZ,20250917,10.89,10.99,10.87,10.89,10.94,-0.457,63856.17,69709.832
300255.SZ,20250917,46.55,47.1,46.3,46.46,47.26,-1.6928,168985.51,789033.064
300256.SZ,20250917,4.63,4.87,4.61,4.76,4.66,2.1459,1217945.7,578318.663
300257.SZ,20250917,14.61,15.18,14.57,14.83,14.67,1.0907,84965.04,126687.724
300258.SZ,20250917,17.38,17.89,16.81,17.01,17.37,-2.0725,593468.69,1019064.91
300259.SZ,20250917,3.97,4.0,3.95,3.99,3.98,0.2513,186091.2,74105.085
300260.SZ,20250917,40.02,41.08,39.11,39.4,38.03,3.6024,420678.54,1685394.102
300261.SZ,20250917,7.55,7.59,7.47,7.5,7.59,-1.1858,157025.44,117779.131
300263.SZ,20250917,8.74,8.82,8.67,8.7,8.78,-0.9112,272527.01,237919.904
300264.SZ,20250917,6.4,6.4,6.3,6.32,6.4,-1.25,141520.0,89721.243
300265.SZ,20250917,9.4,9.42,9.31,9.38,9.39,-0.1065,72412.26,67859.565
300266.SZ,20250917,2.94,2.94,2.86,2.89,2.93,-1.3652,356146.2,103106.817
300267.SZ,20250917,3.86,3.88,3.79,3.8,3.87,-1.8088,407526.62,155265.224
300268.SZ,20250917,10.7,10.9,10.63,10.66,10.71,-0.4669,13935.0,14958.75
300269.SZ,20250917,5.25,5.54,5.2,5.49,5.27,4.1746,585787.0,319758.354
300270.SZ,20250917,8.37,8.45,8.26,8.4,8.37,0.3584,54303.0,45413.235
300271.SZ,20250917,8.08,8.09,8.0,8.06,8.12,-0.7389,125040.26,100508.852
300272.SZ,20250917,6.74,6.76,6.66,6.69,6.77,-1.1817,111899.32,75095.613
300274.SZ,20250917,140.8,144.24,137.2,140.99,140.31,0.4846,932697.16,13096772.612
300275.SZ,20250917,13.77,13.79,13.51,13.57,13.77,-1.4524,87121.62,118709.138
300276.SZ,20250917,11.51,12.18,11.39,11.86,11.45,3.5808,1686867.71,1989559.14
300277.SZ,20250917,15.56,16.35,15.28,15.79,15.73,0.3814,398979.41,629209.017
300278.SZ,20250917,6.1,6.24,6.03,6.13,6.12,0.1634,582311.39,358323.59
300279.SZ,20250917,8.03,8.25,7.97,8.22,8.03,2.3661,203763.8,166568.914
300280.SZ,20250917,0.58,0.58,0.56,0.56,0.57,-1.7544,151444.58,8564.824
300281.SZ,20250917,8.01,8.01,7.92,7.95,8.02,-0.8728,85439.0,67900.854
300283.SZ,20250917,7.51,7.82,7.44,7.67,7.58,1.1873,346952.19,266259.535
300284.SZ,20250917,8.86,9.09,8.79,9.01,8.89,1.3498,175860.04,157558.148
300285.SZ,20250917,23.02,23.39,22.91,23.07,23.08,-0.0433,187261.17,432890.402
300286.SZ,20250917,25.09,25.65,24.81,25.63,25.11,2.0709,64021.35,162326.722
300287.SZ,20250917,6.73,6.88,6.55,6.59,6.66,-1.0511,1132077.97,757772.017
300288.SZ,20250917,15.08,15.15,14.97,14.99,15.1,-0.7285,54430.0,81907.703
300289.SZ,20250917,8.17,8.17,7.96,7.98,8.18,-2.445,157503.0,126125.812
300290.SZ,20250917,31.85,32.28,31.34,31.46,31.85,-1.2245,414725.89,1312978.744
300291.SZ,20250917,6.62,6.72,6.53,6.66,6.66,0.0,379431.0,251710.725
300292.SZ,20250917,5.21,5.24,5.17,5.21,5.24,-0.5725,377246.0,196339.082
300293.SZ,20250917,24.53,25.85,24.51,24.91,23.96,3.9649,291269.18,737069.322
300294.SZ,20250917,25.56,25.69,25.38,25.69,25.5,0.7451,56764.13,145084.752
300295.SZ,20250917,13.71,13.85,13.56,13.74,13.77,-0.2179,47680.0,65280.811
300296.SZ,20250917,7.29,7.57,7.25,7.53,7.33,2.7285,1761750.54,1315982.084
300298.SZ,20250917,20.68,20.68,20.52,20.58,20.68,-0.4836,67576.0,138994.825
300299.SZ,20250917,7.15,7.22,7.03,7.06,7.26,-2.7548,536897.06,380359.001
300300.SZ,20250917,5.32,5.43,5.25,5.29,5.34,-0.9363,271472.2,144128.416
300301.SZ,20250917,2.28,2.39,2.27,2.34,2.28,2.6316,199964.0,46899.137
300302.SZ,20250917,16.66,17.2,16.48,17.16,16.7,2.7545,322169.56,544208.24
300303.SZ,20250917,6.98,7.17,6.94,7.08,6.99,1.2876,675809.7,478956.714
300304.SZ,20250917,15.12,15.25,14.5,14.67,14.99,-2.1348,451689.99,666204.884
300305.SZ,20250917,6.42,6.42,6.31,6.31,6.41,-1.5601,54444.0,34667.18
300306.SZ,20250917,13.17,13.37,13.13,13.22,13.23,-0.0756,50851.0,67498.985
300307.SZ,20250917,7.44,7.58,7.41,7.49,7.45,0.5369,169764.0,127493.329
300308.SZ,20250917,405.0,412.98,391.11,406.2,411.42,-1.2688,324316.21,13067610.633
300310.SZ,20250917,6.75,6.9,6.67,6.78,6.79,-0.1473,336558.16,227904.809
300311.SZ,20250917,5.08,5.1,5.05,5.07,5.08,-0.1969,101897.43,51711.383
300313.SZ,20250917,8.37,8.4,8.23,8.4,8.43,-0.3559,48262.67,40099.399
300314.SZ,20250917,14.65,14.76,14.52,14.55,14.72,-1.1549,43345.8,63282.896
300315.SZ,20250917,5.74,5.77,5.68,5.74,5.76,-0.3472,992266.16,567644.745
300316.SZ,20250917,38.49,39.38,37.57,38.51,38.95,-1.1297,423095.37,1623685.926
300317.SZ,20250917,4.47,4.56,4.41,4.52,4.47,1.1186,497231.0,224766.886
300318.SZ,20250917,5.93,5.93,5.85,5.87,5.93,-1.0118,44974.0,26411.494
300319.SZ,20250917,12.59,12.82,12.51,12.71,12.64,0.5538,293815.55,371857.639
300320.SZ,20250917,10.7,10.93,10.7,10.86,10.8,0.5556,97921.11,106254.595
300321.SZ,20250917,39.3,39.73,38.41,38.78,39.3,-1.3232,18905.0,73668.463
300322.SZ,20250917,24.0,25.99,23.8,25.76,24.17,6.5784,654997.93,1655193.281
300323.SZ,20250917,8.99,9.17,8.93,9.08,9.03,0.5537,327001.93,295999.599
300324.SZ,20250917,7.48,7.81,7.28,7.61,7.35,3.5374,3461823.88,2623840.7
300326.SZ,20250917,5.65,5.68,5.62,5.65,5.63,0.3552,59902.0,33830.882
300327.SZ,20250917,25.75,26.27,25.6,26.15,25.79,1.3959,91794.04,239107.794
300328.SZ,20250917,17.59,20.0,17.54,19.14,17.7,8.1356,1125994.75,2124316.747
300329.SZ,20250917,13.8,15.45,13.63,14.75,13.8,6.8841,259262.8,381115.767
300331.SZ,20250917,36.02,40.26,34.29,38.47,33.55,14.6647,715249.94,2640130.699
300332.SZ,20250917,5.71,5.79,5.66,5.77,5.74,0.5226,296166.81,169454.692
300333.SZ,20250917,13.85,14.17,13.72,14.03,13.88,1.0807,152364.14,213068.794
300334.SZ,20250917,7.22,7.28,7.12,7.23,7.22,0.1385,38207.0,27586.468
300335.SZ,20250917,6.02,6.2,5.98,6.16,6.03,2.1559,273090.97,167164.629
300337.SZ,20250917,10.98,11.32,10.92,11.25,11.02,2.0871,242914.36,271457.717
300338.SZ,20250917,4.1,4.11,4.07,4.08,4.09,-0.2445,46965.0,19201.42
300339.SZ,20250917,61.33,61.99,60.19,61.37,61.32,0.0815,506535.72,3097897.578
300340.SZ,20250917,14.71,14.78,14.51,14.54,14.81,-1.8231,122326.23,178521.547
300341.SZ,20250917,17.1,17.78,17.0,17.69,17.04,3.8146,161650.02,283906.036
300342.SZ,20250917,18.1,18.35,18.01,18.1,18.22,-0.6586,134433.77,243797.291
300343.SZ,20250917,5.29,5.31,5.19,5.22,5.28,-1.1364,178998.98,93853.736
300344.SZ,20250917,5.2,5.27,5.11,5.19,5.2,-0.1923,139317.21,72321.983
300345.SZ,20250917,7.31,7.44,7.24,7.29,7.37,-1.0855,189339.03,139003.859
300346.SZ,20250917,34.48,36.68,34.41,36.01,34.3,4.9854,605159.21,2158235.586
300347.SZ,20250917,60.93,61.21,60.0,60.22,60.87,-1.0678,111360.41,672677.476
300348.SZ,20250917,16.05,16.36,15.89,16.2,16.06,0.8717,300043.7,484786.515
300349.SZ,20250917,12.65,12.9,12.62,12.87,12.71,1.2589,97323.4,124640.932
300350.SZ,20250917,6.67,6.71,6.5,6.53,6.74,-3.1157,463336.01,303374.382
300351.SZ,20250917,17.92,18.42,17.76,18.38,17.9,2.6816,189761.75,346138.61
300352.SZ,20250917,6.31,6.52,6.27,6.5,6.34,2.5237,825642.04,528537.68
300353.SZ,20250917,27.54,28.78,27.33,28.47,27.36,4.057,830957.34,2327778.226
300354.SZ,20250917,45.51,45.99,44.45,45.24,44.46,1.7544,91541.01,413731.158
300355.SZ,20250917,4.7,4.71,4.63,4.65,4.73,-1.6913,533357.0,248211.69
300357.SZ,20250917,30.65,30.79,29.97,30.07,30.65,-1.8923,72417.23,218620.865
300358.SZ,20250917,8.18,8.29,8.17,8.25,8.21,0.4872,85751.2,70599.714
300359.SZ,20250917,6.03,6.04,5.95,5.97,6.03,-0.995,85496.0,51084.867
300360.SZ,20250917,15.42,15.57,15.36,15.54,15.44,0.6477,66443.72,103010.856
300363.SZ,20250917,27.95,28.35,27.37,27.82,28.08,-0.9259,304871.36,847911.58
300364.SZ,20250917,27.88,28.14,27.35,27.79,27.83,-0.1437,432510.09,1200032.391
300365.SZ,20250917,6.56,6.63,6.51,6.59,6.59,0.0,116700.21,76815.453
300366.SZ,20250917,8.19,8.49,8.12,8.29,8.25,0.4848,261647.11,216147.775
300368.SZ,20250917,14.18,17.08,14.01,17.05,14.23,19.8173,1648079.56,2655818.286
300369.SZ,20250917,7.86,7.94,7.81,7.86,7.9,-0.5063,93590.0,73697.274
300370.SZ,20250917,3.44,3.49,3.35,3.39,3.44,-1.4535,1090125.0,372664.669
300371.SZ,20250917,14.09,14.1,13.84,13.95,14.09,-0.9936,39544.37,55225.629
300373.SZ,20250917,67.44,67.98,66.35,67.3,67.4,-0.1484,151275.73,1016661.793
300374.SZ,20250917,17.0,17.48,16.85,17.05,17.04,0.0587,68510.4,116896.812
300375.SZ,20250917,5.3,5.37,5.26,5.34,5.3,0.7547,257502.49,137261.376
300376.SZ,20250917,5.48,5.5,5.25,5.29,5.47,-3.2907,351288.0,188136.367
300377.SZ,20250917,23.66,25.25,23.51,24.72,23.67,4.436,747920.47,1833149.381
300378.SZ,20250917,51.76,52.99,50.8,52.33,52.27,0.1148,207997.76,1076373.077
300379.SZ,20250917,3.37,3.37,3.37,3.37,4.21,-19.9525,29763.0,10030.131
300380.SZ,20250917,52.52,55.48,52.16,54.74,52.72,3.8316,137006.98,744675.705
300381.SZ,20250917,7.2,7.21,7.14,7.16,7.19,-0.4172,60457.0,43311.974
300382.SZ,20250917,17.76,18.44,17.6,18.29,17.79,2.8106,497644.97,898196.304
300383.SZ,20250917,15.03,15.17,14.84,15.05,15.09,-0.2651,589733.5,884938.509
300384.SZ,20250917,17.22,17.38,17.15,17.35,17.27,0.4632,33087.0,57277.61
300385.SZ,20250917,5.3,5.35,5.25,5.32,5.31,0.1883,47869.28,25405.678
300386.SZ,20250917,18.7,19.1,18.62,18.97,18.77,1.0655,90074.0,170461.625
300387.SZ,20250917,9.2,9.26,9.16,9.19,9.2,-0.1087,52600.97,48447.056
300388.SZ,20250917,8.84,9.18,8.7,9.1,8.86,2.7088,311931.08,282335.667
300389.SZ,20250917,16.25,16.78,16.18,16.47,16.36,0.6724,106928.16,177049.37
300390.SZ,20250917,22.83,23.31,22.61,23.14,22.99,0.6525,300088.9,689523.902
300391.SZ,20250917,3.99,4.0,3.85,3.92,4.0,-2.0,102060.75,39936.328
300393.SZ,20250917,6.13,6.33,6.08,6.27,6.19,1.2924,262396.49,163461.57
300394.SZ,20250917,178.0,184.02,174.0,182.07,178.3,2.1144,331126.46,5943900.722
300395.SZ,20250917,84.0,86.91,83.18,85.27,83.12,2.5866,184980.8,1576092.201
300396.SZ,20250917,13.94,14.03,13.88,13.94,13.95,-0.0717,24432.0,34111.337
300397.SZ,20250917,12.59,12.62,12.48,12.54,12.61,-0.5551,101329.75,127070.735
300398.SZ,20250917,22.53,23.88,22.48,23.54,22.6,4.1593,478347.55,1119914.511
300399.SZ,20250917,29.96,30.9,29.9,30.57,30.14,1.4267,116646.05,355436.438
300400.SZ,20250917,24.15,25.38,24.15,24.92,24.24,2.8053,143268.0,356753.428
300401.SZ,20250917,14.49,14.88,14.46,14.69,14.44,1.7313,180979.5,266136.232
300402.SZ,20250917,18.62,18.78,18.48,18.53,18.7,-0.9091,37205.57,69143.97
300403.SZ,20250917,17.3,18.1,17.3,17.85,17.6,1.4205,848847.25,1509546.653
300404.SZ,20250917,10.94,10.95,10.72,10.77,10.94,-1.5539,140967.46,151890.397
300405.SZ,20250917,6.29,6.35,6.23,6.32,6.3,0.3175,69412.38,43787.358
300406.SZ,20250917,13.88,13.91,13.79,13.82,13.87,-0.3605,33323.0,46093.937
300407.SZ,20250917,11.49,11.67,11.37,11.64,11.5,1.2174,62344.33,71935.014
300408.SZ,20250917,44.0,47.2,43.7,45.49,42.15,7.9241,535758.32,2443609.559
300409.SZ,20250917,26.02,26.18,25.28,25.71,25.91,-0.7719,643843.65,1654165.041
300410.SZ,20250917,10.13,10.13,9.81,9.9,10.17,-2.6549,341594.0,338473.64
300411.SZ,20250917,13.23,13.35,13.15,13.27,13.26,0.0754,82527.06,109277.479
300412.SZ,20250917,5.41,5.63,5.37,5.52,5.42,1.845,273332.4,150717.34
300413.SZ,20250917,32.42,32.79,31.5,31.95,31.99,-0.125,291418.05,934289.745
300414.SZ,20250917,12.45,12.77,12.38,12.69,12.53,1.2769,102561.95,129838.489
300415.SZ,20250917,28.61,29.01,28.15,28.99,28.73,0.905,246165.66,702890.495
300416.SZ,20250917,17.11,17.78,17.0,17.62,17.13,2.8605,225742.34,393038.386
300417.SZ,20250917,13.39,13.55,13.25,13.41,13.39,0.1494,20329.0,27272.654
300418.SZ,20250917,41.1,41.6,40.65,41.21,41.54,-0.7944,511026.42,2100453.2
300419.SZ,20250917,6.88,6.96,6.74,6.92,6.88,0.5814,150639.62,103214.02
300420.SZ,20250917,4.55,4.6,4.38,4.41,4.54,-2.8634,1045459.52,462632.005
300421.SZ,20250917,16.2,16.74,16.2,16.5,17.0,-2.9412,324383.2,534493.897
300422.SZ,20250917,5.34,5.36,5.25,5.26,5.37,-2.0484,122587.3,64915.541
300423.SZ,20250917,7.21,7.34,7.12,7.25,7.26,-0.1377,119323.58,86364.059
300424.SZ,20250917,15.79,15.96,15.71,15.81,15.82,-0.0632,43836.52,69465.87
300425.SZ,20250917,5.3,5.34,5.26,5.31,5.32,-0.188,98825.58,52377.746
300426.SZ,20250917,10.86,10.93,10.68,10.85,10.91,-0.55,118651.5,127969.724
300427.SZ,20250917,6.33,6.34,6.24,6.27,6.33,-0.9479,118892.26,74632.381
300428.SZ,20250917,25.15,25.41,24.51,24.97,25.93,-3.7023,329735.12,821539.149
300429.SZ,20250917,13.59,14.03,13.53,13.64,13.42,1.6393,257899.17,354961.532
300430.SZ,20250917,22.23,22.36,21.92,22.02,21.97,0.2276,122918.2,272083.522
300432.SZ,20250917,16.03,16.5,15.98,16.32,15.93,2.4482,1248596.72,2026866.979
300433.SZ,20250917,30.49,32.5,30.14,32.1,30.3,5.9406,1662470.66,5219432.506
300434.SZ,20250917,10.01,10.03,9.87,9.91,10.01,-0.999,72611.04,72152.929
300435.SZ,20250917,18.59,19.64,18.42,19.25,18.77,2.5573,218016.0,416855.843
300436.SZ,20250917,116.89,117.76,111.55,111.91,117.06,-4.3995,133179.74,1514156.548
300437.SZ,20250917,9.49,9.5,9.28,9.28,9.43,-1.5907,41000.0,38345.176
300438.SZ,20250917,32.55,33.74,32.13,32.74,32.88,-0.4258,304724.84,999221.079
300439.SZ,20250917,10.81,10.83,10.74,10.77,10.82,-0.4621,37445.0,40358.805
300440.SZ,20250917,13.3,13.48,13.22,13.25,13.29,-0.301,69554.14,92821.367
300441.SZ,20250917,8.78,8.81,8.7,8.72,8.8,-0.9091,115601.0,101164.408
300442.SZ,20250917,54.5,54.72,53.41,54.4,54.83,-0.7842,278605.99,1506474.956
300443.SZ,20250917,27.8,31.62,27.54,31.37,27.9,12.4373,265696.11,792620.467
300444.SZ,20250917,8.5,8.53,8.38,8.47,8.48,-0.1179,266168.6,224935.085
300445.SZ,20250917,19.96,20.77,19.89,20.36,19.84,2.621,105054.0,214348.218
300446.SZ,20250917,17.3,17.34,17.12,17.22,17.24,-0.116,96936.97,167083.422
300447.SZ,20250917,14.57,14.73,14.52,14.66,14.67,-0.0682,35818.0,52451.32
300448.SZ,20250917,6.48,6.53,6.4,6.48,6.5,-0.3077,117472.43,75979.698
300449.SZ,20250917,8.23,8.48,8.15,8.39,8.3,1.0843,337600.43,281124.464
300450.SZ,20250917,54.84,54.98,53.28,53.57,55.0,-2.6,1334185.35,7213903.304
300451.SZ,20250917,5.21,5.21,5.11,5.13,5.18,-0.9653,324600.67,166925.06
300452.SZ,20250917,13.54,13.55,13.36,13.39,13.51,-0.8882,36511.6,48950.094
300453.SZ,20250917,9.61,9.71,9.56,9.63,9.62,0.104,62859.85,60457.88
300454.SZ,20250917,121.48,123.79,118.88,121.48,122.06,-0.4752,80480.69,978898.034
300455.SZ,20250917,17.38,17.51,17.23,17.4,17.39,0.0575,100776.5,175194.55
300456.SZ,20250917,23.11,25.58,23.11,25.22,23.27,8.3799,944828.42,2338385.378
300457.SZ,20250917,33.09,37.9,32.56,34.97,33.01,5.9376,829330.88,2883197.224
300458.SZ,20250917,48.75,51.36,48.13,50.89,48.77,4.3469,714915.76,3575688.97
300459.SZ,20250917,5.45,5.5,5.4,5.43,5.48,-0.9124,1512530.15,822966.241
300460.SZ,20250917,10.38,10.44,10.26,10.34,10.35,-0.0966,75459.02,78167.898
300461.SZ,20250917,20.7,20.93,20.56,20.78,20.67,0.5322,23921.0,49645.987
300462.SZ,20250917,10.81,10.88,10.74,10.79,10.87,-0.736,27497.0,29701.876
300463.SZ,20250917,12.19,12.24,12.07,12.09,12.19,-0.8203,61082.0,74141.288
300464.SZ,20250917,5.84,5.89,5.75,5.77,5.86,-1.5358,174532.0,101524.36
300465.SZ,20250917,24.53,24.96,24.18,24.34,24.8,-1.8548,302221.6,738361.438
300466.SZ,20250917,9.98,10.13,9.97,10.0,10.04,-0.3984,110532.6,111009.472
300467.SZ,20250917,24.44,25.79,24.17,25.66,24.57,4.4363,180350.29,452612.149
300468.SZ,20250917,40.9,43.12,40.49,42.38,40.95,3.4921,604779.22,2552760.458
300469.SZ,20250917,81.0,90.99,81.0,88.8,80.14,10.8061,197432.69,1732244.465
300470.SZ,20250917,38.38,39.27,38.26,38.57,38.42,0.3904,48859.6,189227.498
300471.SZ,20250917,11.23,11.46,11.18,11.31,11.27,0.3549,78347.38,88877.752
300472.SZ,20250917,6.88,7.33,6.85,7.05,6.84,3.0702,192022.6,136621.524
300473.SZ,20250917,32.9,33.33,32.6,32.8,32.9,-0.304,78988.0,260445.726
300474.SZ,20250917,79.14,79.75,78.0,78.89,79.74,-1.066,138990.65,1095618.4
300475.SZ,20250917,75.17,79.9,73.73,78.4,75.16,4.3108,480793.21,3740534.357
300476.SZ,20250917,341.1,350.99,318.0,333.87,346.99,-3.7811,640804.71,21351374.114
300477.SZ,20250917,2.06,2.09,2.04,2.09,2.06,1.4563,492180.62,101947.205
300478.SZ,20250917,26.73,27.7,26.45,26.71,26.66,0.1875,179961.4,484136.338
300479.SZ,20250917,20.6,20.7,20.47,20.55,20.6,-0.2427,44241.55,91024.69
300480.SZ,20250917,16.01,16.6,15.93,16.39,16.0,2.4375,144003.26,235637.05
300481.SZ,20250917,14.64,14.8,14.59,14.67,14.64,0.2049,44080.5,64875.852
300482.SZ,20250917,21.85,21.9,21.73,21.88,21.82,0.275,38063.11,83059.453
300483.SZ,20250917,12.44,12.79,12.38,12.4,12.39,0.0807,178266.4,223491.034
300484.SZ,20250917,24.5,24.66,24.04,24.16,24.91,-3.0108,164943.87,401240.275
300485.SZ,20250917,12.55,12.6,12.33,12.35,12.55,-1.5936,76552.0,94935.942
300486.SZ,20250917,22.59,22.73,21.94,22.1,22.65,-2.4283,325132.26,721643.204
300487.SZ,20250917,53.81,55.8,53.73,55.17,54.0,2.1667,53418.13,295541.879
300488.SZ,20250917,37.63,39.12,37.27,38.9,37.84,2.8013,65313.65,250671.36
300489.SZ,20250917,47.9,48.46,47.57,47.63,48.1,-0.9771,40783.0,195265.31
300490.SZ,20250917,9.93,10.03,9.79,9.91,9.94,-0.3018,129182.0,128052.39
300491.SZ,20250917,33.74,35.06,33.07,34.37,34.51,-0.4057,138756.3,476027.415
300492.SZ,20250917,77.17,80.85,76.87,80.0,77.13,3.721,29169.12,230984.892
300493.SZ,20250917,21.77,22.08,21.65,21.84,21.89,-0.2284,181059.37,396344.092
300494.SZ,20250917,14.41,14.6,14.33,14.57,14.53,0.2753,255981.94,370187.576
300496.SZ,20250917,75.77,78.85,74.71,77.78,75.83,2.5715,329337.5,2551357.048
300497.SZ,20250917,11.07,11.21,10.84,11.08,11.07,0.0903,161149.38,177640.664
300498.SZ,20250917,19.64,19.83,19.27,19.66,19.66,0.0,574329.0,1123500.634
300499.SZ,20250917,30.73,33.18,30.5,32.26,30.99,4.0981,707727.99,2274366.195
300500.SZ,20250917,14.3,14.34,14.12,14.13,14.34,-1.4644,30537.3,43344.479
300501.SZ,20250917,17.12,17.26,16.9,16.98,17.17,-1.1066,60937.0,103700.378
300502.SZ,20250917,343.08,352.26,336.0,347.66,345.75,0.5524,343929.71,11877061.024
300503.SZ,20250917,32.1,36.88,31.71,34.18,32.26,5.9516,358463.56,1210589.227
300504.SZ,20250917,15.13,15.31,14.97,15.1,15.13,-0.1983,30386.5,46041.579
300505.SZ,20250917,20.0,20.04,19.82,19.87,20.0,-0.65,74911.5,149217.769
300506.SZ,20250917,3.88,4.07,3.87,3.98,3.9,2.0513,99224.45,39489.295
300507.SZ,20250917,8.7,8.84,8.65,8.7,8.73,-0.3436,385065.8,336487.87
300508.SZ,20250917,30.62,32.0,30.4,31.36,30.58,2.5507,23524.52,73771.546
300509.SZ,20250917,9.57,9.7,9.5,9.57,9.62,-0.5198,49808.17,47850.447
300510.SZ,20250917,4.61,4.64,4.56,4.6,4.62,-0.4329,265231.55,121923.207
300511.SZ,20250917,5.9,5.9,5.79,5.85,5.89,-0.6791,133474.86,77800.28
300512.SZ,20250917,8.36,8.44,8.33,8.37,8.37,0.0,40387.0,33823.451
300513.SZ,20250917,9.49,9.5,9.37,9.4,9.54,-1.4675,133909.0,126058.429
300514.SZ,20250917,14.36,14.54,14.3,14.41,14.43,-0.1386,34788.0,50197.544
300515.SZ,20250917,21.66,21.9,21.5,21.55,21.78,-1.056,42424.0,91944.572
300516.SZ,20250917,37.6,38.46,37.5,37.76,37.58,0.479,19321.0,73397.242
300517.SZ,20250917,11.49,11.51,11.33,11.4,11.45,-0.4367,48783.8,55605.007
300518.SZ,20250917,13.49,13.49,13.25,13.34,13.49,-1.1119,68932.33,92144.943
300519.SZ,20250917,16.55,16.57,16.36,16.37,16.54,-1.0278,25542.96,42005.658
300520.SZ,20250917,25.13,25.33,24.82,25.06,25.16,-0.3975,105562.15,264972.761
300521.SZ,20250917,26.52,28.99,26.36,27.71,26.78,3.4727,105230.4,293837.14
300522.SZ,20250917,13.31,13.39,13.22,13.34,13.31,0.2254,49882.25,66478.854
300523.SZ,20250917,21.37,21.57,21.2,21.5,21.37,0.6083,21931.7,46930.677
300525.SZ,20250917,14.41,14.48,14.26,14.39,14.49,-0.6901,144505.02,207481.95
300527.SZ,20250917,8.7,8.82,8.59,8.6,8.48,1.4151,298832.84,260097.292
300528.SZ,20250917,30.5,30.5,27.5,28.25,30.5,-7.377,563614.01,1609709.355
300529.SZ,20250917,23.44,23.51,23.27,23.51,23.44,0.2986,59286.43,138706.975
300530.SZ,20250917,36.77,37.33,36.21,36.45,36.92,-1.273,67466.0,246898.087
300531.SZ,20250917,19.11,19.36,19.0,19.24,19.28,-0.2075,91776.5,176343.378
300532.SZ,20250917,14.01,14.18,13.89,14.05,14.12,-0.4958,167001.48,234297.974
300533.SZ,20250917,40.92,42.66,40.75,42.45,41.2,3.034,213149.73,892976.482
300534.SZ,20250917,10.12,10.14,10.02,10.03,10.11,-0.7913,62986.0,63371.24
300535.SZ,20250917,20.47,21.23,20.23,20.3,20.47,-0.8305,26024.0,53895.263
300536.SZ,20250917,9.41,9.87,9.16,9.76,9.5,2.7368,164154.0,155665.792
300537.SZ,20250917,24.2,25.5,24.0,25.0,24.13,3.6055,175331.7,436579.912
300538.SZ,20250917,16.85,17.42,16.75,17.11,16.89,1.3025,66752.0,114801.518
300539.SZ,20250917,39.02,41.8,37.53,41.32,37.64,9.7768,368126.15,1446138.088
300540.SZ,20250917,19.83,20.12,19.66,19.83,20.05,-1.0973,76526.26,152102.947
300541.SZ,20250917,15.85,16.0,15.74,15.89,15.91,-0.1257,170969.55,271162.316
300542.SZ,20250917,21.83,21.93,21.54,21.74,21.83,-0.4123,70813.53,153803.949
300543.SZ,20250917,13.35,13.78,13.18,13.4,13.48,-0.5935,323413.85,435042.996
300545.SZ,20250917,34.11,35.11,34.09,34.71,34.21,1.4616,67019.36,232566.475
300546.SZ,20250917,27.75,28.64,27.58,28.34,27.91,1.5407,118179.15,334384.589
300547.SZ,20250917,43.65,45.21,43.51,44.48,44.1,0.8617,155303.2,691428.826
300548.SZ,20250917,116.9,121.43,115.0,119.94,116.85,2.6444,255869.96,3036182.322
300549.SZ,20250917,20.5,20.66,20.3,20.45,20.42,0.1469,56570.0,115738.029
300550.SZ,20250917,13.11,13.29,13.03,13.15,13.14,0.0761,30974.81,40731.55
300551.SZ,20250917,12.88,13.18,12.71,13.15,12.92,1.7802,257835.7,334508.412
300552.SZ,20250917,29.05,29.66,28.86,29.32,29.49,-0.5765,78758.9,230910.849
300553.SZ,20250917,41.37,42.8,41.04,41.8,41.15,1.5796,58216.07,244741.113
300554.SZ,20250917,24.15,24.65,24.04,24.22,24.2,0.0826,31819.55,77465.441
300555.SZ,20250917,11.34,11.44,11.18,11.21,11.38,-1.4938,24500.0,27668.509
300556.SZ,20250917,20.58,20.99,20.46,20.63,20.66,-0.1452,32526.0,67168.26
300557.SZ,20250917,28.3,28.97,28.11,28.6,28.3,1.0601,25375.8,72601.673
300558.SZ,20250917,69.99,70.37,67.62,68.63,69.51,-1.266,73772.2,505653.209
300559.SZ,20250917,15.16,15.16,14.66,14.76,15.1,-2.2517,131162.23,194464.554
300560.SZ,20250917,13.89,14.08,13.86,13.92,13.94,-0.1435,45012.0,62854.257
300561.SZ,20250917,16.73,18.13,16.53,17.54,16.74,4.779,222515.84,387891.887
300562.SZ,20250917,15.16,15.16,14.94,14.96,15.18,-1.4493,64362.51,96647.185
300563.SZ,20250917,40.28,41.33,40.05,40.66,40.39,0.6685,73042.53,297866.392
300564.SZ,20250917,16.33,16.34,16.13,16.3,16.29,0.0614,27286.6,44267.163
300565.SZ,20250917,12.59,12.73,12.5,12.58,12.62,-0.317,65099.0,82144.266
300566.SZ,20250917,19.08,19.71,19.08,19.42,19.13,1.5159,86775.01,169143.37
300567.SZ,20250917,72.72,74.74,70.8,73.96,71.87,2.908,112238.95,822022.92
300568.SZ,20250917,14.16,14.3,13.89,14.1,14.28,-1.2605,874244.71,1232586.632
300569.SZ,20250917,5.8,6.04,5.74,5.99,5.82,2.921,534477.0,315888.0
300570.SZ,20250917,113.25,116.0,111.85,113.59,113.4,0.1675,125162.03,1425530.646
300571.SZ,20250917,33.36,33.86,33.31,33.61,33.69,-0.2375,40587.0,136507.696
300572.SZ,20250917,27.2,29.5,26.96,28.77,27.2,5.7721,227452.0,647648.422
300573.SZ,20250917,71.68,73.81,71.44,73.0,71.66,1.8699,136214.2,991730.926
300575.SZ,20250917,7.54,7.72,7.13,7.2,7.85,-8.2803,567776.39,415981.815
300576.SZ,20250917,37.24,38.73,37.17,38.16,37.24,2.4705,143094.24,546374.747
300577.SZ,20250917,25.4,25.41,24.85,24.93,25.32,-1.5403,33235.01,83186.471
300578.SZ,20250917,19.32,19.4,19.13,19.22,19.32,-0.5176,41412.0,79670.082
300579.SZ,20250917,37.77,37.97,37.08,37.2,37.9,-1.847,66258.87,247899.038
300580.SZ,20250917,30.8,31.62,30.31,31.07,30.43,2.1032,378607.9,1170120.533
300581.SZ,20250917,17.13,17.3,17.05,17.17,17.28,-0.6366,141729.07,243660.454
300582.SZ,20250917,17.05,17.09,16.62,16.74,17.05,-1.8182,130569.5,219996.231
300583.SZ,20250917,16.23,16.23,15.9,15.93,16.25,-1.9692,37222.0,59596.529
300584.SZ,20250917,64.8,65.0,63.06,63.35,64.61,-1.9502,81690.0,521774.547
300585.SZ,20250917,16.98,17.15,16.87,17.07,17.01,0.3527,74323.42,126234.328
300586.SZ,20250917,10.73,10.84,10.69,10.72,10.81,-0.8326,136042.04,146201.279
300587.SZ,20250917,9.04,9.34,8.94,9.27,9.04,2.5442,316036.48,290781.228
300588.SZ,20250917,18.9,21.28,18.72,20.58,18.78,9.5847,228762.0,463645.72
300589.SZ,20250917,13.13,13.13,12.98,12.99,13.13,-1.0663,67601.2,88094.425
300590.SZ,20250917,13.04,13.06,12.92,12.99,13.09,-0.7639,99412.59,129109.186
300591.SZ,20250917,10.03,10.05,9.77,9.8,10.07,-2.6812,284105.0,281391.725
300592.SZ,20250917,12.03,12.07,11.8,11.86,12.05,-1.5768,149985.78,178464.974
300593.SZ,20250917,18.52,18.91,17.94,18.36,18.68,-1.7131,224632.76,411387.364
300594.SZ,20250917,18.27,18.7,18.14,18.35,18.26,0.4929,28744.05,52944.74
300595.SZ,20250917,17.86,17.94,17.63,17.88,17.8,0.4494,75493.25,134399.72
300596.SZ,20250917,33.52,34.67,33.22,34.28,33.55,2.1759,48762.93,166750.519
300597.SZ,20250917,9.4,9.42,9.31,9.35,9.4,-0.5319,63204.0,59171.512
300598.SZ,20250917,54.72,57.45,53.76,56.32,54.91,2.5678,162889.11,903827.45
300599.SZ,20250917,8.01,8.17,7.92,7.95,8.08,-1.6089,58220.0,46787.403
300600.SZ,20250917,16.21,16.77,16.02,16.43,16.22,1.2947,107947.0,176364.166
300601.SZ,20250917,18.08,18.1,17.65,17.78,18.02,-1.3319,166861.33,297076.371
300602.SZ,20250917,30.99,33.0,30.88,32.39,30.73,5.4019,545957.11,1757497.344
300603.SZ,20250917,11.22,11.38,11.12,11.2,11.23,-0.2671,152805.15,171265.842
300604.SZ,20250917,60.01,65.1,59.8,64.75,59.72,8.4226,489811.76,3078968.466
300605.SZ,20250917,15.79,15.99,15.69,15.74,15.91,-1.0685,49472.07,78222.851
300606.SZ,20250917,20.73,22.8,20.64,21.94,20.73,5.837,156954.94,344089.911
300607.SZ,20250917,39.2,40.81,38.9,40.21,39.29,2.3416,530548.21,2124657.652
300608.SZ,20250917,12.98,13.14,12.85,13.05,13.04,0.0767,97687.6,126552.237
300609.SZ,20250917,47.53,48.0,44.3,44.35,47.85,-7.3145,119334.0,540258.007
300610.SZ,20250917,12.03,12.23,12.01,12.1,12.08,0.1656,32542.4,39546.154
300611.SZ,20250917,26.02,26.55,25.95,26.4,26.09,1.1882,146821.0,384687.102
300612.SZ,20250917,14.87,14.91,14.63,14.71,14.85,-0.9428,51288.0,75701.216
300613.SZ,20250917,51.35,51.95,50.83,51.2,51.46,-0.5052,49413.39,253691.361
300614.SZ,20250917,15.9,16.17,15.8,15.91,15.96,-0.3133,33168.5,53018.13
300615.SZ,20250917,14.45,14.65,14.36,14.55,14.47,0.5529,34654.25,50394.397
300616.SZ,20250917,13.01,13.3,12.98,13.16,13.04,0.9202,34253.64,44939.161
300617.SZ,20250917,35.8,36.73,35.48,35.52,35.81,-0.8098,39416.08,141061.028
300618.SZ,20250917,49.89,50.1,48.84,49.5,50.31,-1.61,208033.02,1027817.425
300619.SZ,20250917,35.1,36.5,34.34,35.41,35.31,0.2832,172529.3,613618.462
300620.SZ,20250917,99.01,109.01,97.62,107.1,100.44,6.6308,274458.25,2875972.729
300621.SZ,20250917,9.62,9.74,9.56,9.65,9.62,0.3119,41275.0,39924.17
300622.SZ,20250917,35.48,35.9,34.82,34.9,35.25,-0.9929,152770.0,539672.465
300623.SZ,20250917,31.37,31.81,31.09,31.55,31.38,0.5417,150453.64,473912.232
300624.SZ,20250917,74.0,75.32,73.55,74.71,74.75,-0.0535,80303.59,597352.338
300625.SZ,20250917,12.34,12.42,12.25,12.28,12.37,-0.7276,20158.0,24847.155
300626.SZ,20250917,11.04,11.27,10.96,11.12,11.06,0.5425,36722.1,40927.535
300627.SZ,20250917,35.53,36.62,35.26,36.42,35.51,2.5627,126073.04,455999.171
300628.SZ,20250917,38.11,41.28,37.96,41.16,37.93,8.5157,269412.48,1083446.071
300629.SZ,20250917,19.98,20.1,19.8,19.88,19.98,-0.5005,58596.97,116736.395
300631.SZ,20250917,36.06,36.06,34.4,34.84,35.18,-0.9665,109408.12,380961.113
300632.SZ,20250917,13.3,13.59,13.24,13.57,13.33,1.8005,91791.44,123938.831
300633.SZ,20250917,35.75,35.93,34.9,35.01,35.78,-2.152,55419.41,194854.13
300634.SZ,20250917,26.9,26.99,26.61,26.79,26.9,-0.4089,113887.81,305328.363
300635.SZ,20250917,15.4,15.57,15.14,15.18,15.4,-1.4286,49614.4,75876.015
300636.SZ,20250917,9.21,9.31,9.07,9.09,9.2,-1.1957,79897.5,72971.59
300637.SZ,20250917,13.68,13.99,13.68,13.8,13.73,0.5098,116664.0,161716.35
300638.SZ,20250917,30.96,31.54,30.66,31.17,31.1,0.2251,329550.49,1026976.765
300639.SZ,20250917,5.97,5.99,5.89,5.92,5.97,-0.8375,88921.25,52716.432
300640.SZ,20250917,6.75,6.78,6.67,6.69,6.71,-0.2981,80351.0,54014.867
300641.SZ,20250917,22.89,22.96,22.8,22.88,22.86,0.0875,65490.16,149928.792
300642.SZ,20250917,26.48,26.66,24.4,24.55,26.55,-7.533,168937.09,426138.311
300643.SZ,20250917,23.62,24.49,23.51,24.28,23.85,1.8029,63531.0,152365.909
300644.SZ,20250917,37.0,38.63,36.8,38.21,37.24,2.6047,128280.9,488093.205
300645.SZ,20250917,18.88,19.25,18.6,19.13,18.78,1.8637,79664.32,151302.675
300647.SZ,20250917,7.3,7.53,7.23,7.45,7.3,2.0548,191242.0,141696.848
300648.SZ,20250917,49.46,51.82,49.1,49.95,49.45,1.0111,90084.66,456226.143
300649.SZ,20250917,17.78,18.05,17.61,17.79,17.77,0.1125,50080.89,89345.162
300650.SZ,20250917,17.21,17.4,16.88,17.14,17.17,-0.1747,148652.31,254744.802
300651.SZ,20250917,25.72,27.5,25.6,26.15,25.54,2.3884,263124.26,703561.526
300652.SZ,20250917,62.0,63.7,61.55,63.22,61.6,2.6299,62676.2,393432.003
300653.SZ,20250917,20.83,20.86,20.68,20.73,20.83,-0.4801,20342.34,42168.148
300654.SZ,20250917,10.34,10.34,10.22,10.25,10.32,-0.6783,58492.0,59970.563
300655.SZ,20250917,13.06,13.74,13.01,13.39,13.04,2.684,873355.71,1178585.502
300656.SZ,20250917,25.4,25.78,25.26,25.48,25.4,0.315,29662.47,75678.031
300657.SZ,20250917,33.35,33.82,32.86,33.13,33.35,-0.6597,236409.68,786489.942
300658.SZ,20250917,8.9,9.22,8.75,9.07,9.05,0.221,239851.6,216055.235
300659.SZ,20250917,15.01,15.24,14.94,15.07,15.15,-0.5281,55890.0,84406.623
300660.SZ,20250917,62.0,66.0,60.3,62.61,61.99,1.0002,433377.57,2710074.031
300661.SZ,20250917,82.12,86.95,81.88,84.07,83.28,0.9486,574108.3,4840652.284
300662.SZ,20250917,30.59,30.88,30.21,30.32,30.58,-0.8502,32410.88,98482.461
300663.SZ,20250917,19.3,19.39,19.12,19.17,19.29,-0.6221,146446.91,281398.605
300664.SZ,20250917,5.59,5.59,5.51,5.55,5.58,-0.5376,91340.0,50632.889
300665.SZ,20250917,9.93,9.99,9.75,9.89,9.94,-0.503,121999.62,120644.737
300666.SZ,20250917,77.7,80.88,77.21,80.38,77.7,3.4492,151890.08,1206937.487
300667.SZ,20250917,15.88,16.27,15.8,16.06,15.91,0.9428,48373.0,77929.552
300668.SZ,20250917,18.89,18.93,18.67,18.68,18.91,-1.2163,24888.5,46744.762
300669.SZ,20250917,34.86,36.1,34.6,35.63,34.86,2.2088,19728.75,69877.285
300670.SZ,20250917,8.16,8.4,8.04,8.08,8.16,-0.9804,198603.1,161909.527
300671.SZ,20250917,38.52,39.47,38.05,38.57,38.8,-0.5928,88156.87,341556.976
300672.SZ,20250917,94.91,96.5,93.4,95.2,95.35,-0.1573,64969.12,618678.251
300673.SZ,20250917,18.46,18.84,18.18,18.59,18.45,0.7588,79678.0,148070.963
300674.SZ,20250917,25.9,26.43,25.66,26.28,25.91,1.428,215874.31,563225.655
300675.SZ,20250917,15.14,15.25,15.08,15.21,15.22,-0.0657,19484.0,29573.406
300676.SZ,20250917,52.27,52.34,51.6,51.79,52.45,-1.2583,91712.48,475774.093
300677.SZ,20250917,37.01,37.19,35.93,36.37,37.05,-1.8354,124771.25,453831.731
300678.SZ,20250917,37.0,37.2,36.6,36.85,37.11,-0.7006,82561.29,304435.994
300679.SZ,20250917,57.45,59.95,57.23,59.45,56.44,5.3331,281705.77,1658628.231
300680.SZ,20250917,61.0,67.5,60.0,66.15,62.01,6.6763,291429.94,1840978.527
300681.SZ,20250917,30.61,31.5,30.5,31.08,30.72,1.1719,90848.26,281987.138
300682.SZ,20250917,22.14,22.32,21.9,22.07,22.32,-1.1201,166883.89,368851.077
300683.SZ,20250917,39.68,39.98,38.43,38.71,40.0,-3.225,71201.0,277037.31
300684.SZ,20250917,40.01,46.9,39.9,44.61,39.1,14.0921,532707.33,2342824.441
300685.SZ,20250917,23.51,23.64,23.26,23.36,23.54,-0.7647,72145.46,168844.328
300686.SZ,20250917,13.22,13.6,13.19,13.38,13.22,1.2103,190064.17,253740.41
300687.SZ,20250917,26.9,27.11,26.6,27.0,27.0,0.0,115215.65,309584.289
300688.SZ,20250917,31.07,31.13,30.43,30.55,31.02,-1.5152,65787.0,202199.827
300689.SZ,20250917,57.97,59.49,57.07,58.64,57.6,1.8056,43478.09,254065.284
300690.SZ,20250917,35.79,37.33,35.57,36.6,35.86,2.0636,141423.86,517200.236
300691.SZ,20250917,18.58,20.45,18.55,19.54,18.63,4.8846,201234.99,396313.988
300692.SZ,20250917,8.07,8.2,7.96,8.18,8.07,1.3631,120207.19,97158.863
300693.SZ,20250917,39.01,40.18,37.93,39.66,39.0,1.6923,239058.94,937135.146
300694.SZ,20250917,13.63,13.67,13.36,13.4,13.65,-1.8315,86635.0,117111.83
300695.SZ,20250917,106.89,108.5,102.21,102.96,104.62,-1.5867,12821.25,133414.517
300696.SZ,20250917,26.35,26.73,26.15,26.5,26.53,-0.1131,48422.56,128056.652
300697.SZ,20250917,17.03,20.09,16.93,19.49,17.42,11.8829,721429.99,1316652.03
300698.SZ,20250917,48.06,48.6,47.51,47.7,48.22,-1.0784,70328.0,337119.487
300699.SZ,20250917,30.0,30.18,29.91,30.08,29.9,0.602,97443.81,292684.319
300700.SZ,20250917,12.76,13.0,12.53,12.6,12.79,-1.4855,91225.99,115702.212
300701.SZ,20250917,14.55,15.95,14.25,14.52,14.71,-1.2916,382825.4,575086.587
300702.SZ,20250917,27.18,27.22,26.61,26.79,27.26,-1.7241,39291.49,105360.999
300703.SZ,20250917,34.5,37.3,34.16,35.39,34.01,4.0576,165372.78,592470.577
300705.SZ,20250917,17.72,17.8,17.57,17.62,17.73,-0.6204,76484.06,134954.12
300706.SZ,20250917,44.85,49.8,44.01,45.15,42.81,5.466,226103.47,1045584.678
300707.SZ,20250917,15.74,16.09,15.66,15.92,15.74,1.1436,85724.09,136392.422
300708.SZ,20250917,8.94,9.28,8.89,9.21,8.96,2.7902,548668.62,504077.773
300709.SZ,20250917,51.02,55.95,51.02,54.79,51.22,6.9699,225527.0,1215600.345
300710.SZ,20250917,19.24,19.53,19.06,19.25,19.24,0.052,23938.2,46083.192
300711.SZ,20250917,22.12,22.28,21.9,21.96,22.13,-0.7682,41650.41,91883.192
300712.SZ,20250917,27.76,27.99,27.35,27.41,27.75,-1.2252,49271.4,135808.675
300713.SZ,20250917,18.38,18.52,18.27,18.31,18.42,-0.5972,25386.0,46662.259
300715.SZ,20250917,11.53,12.2,11.48,11.69,11.52,1.4757,55867.66,65871.42
300716.SZ,20250917,13.55,13.55,13.06,13.33,13.55,-1.6236,49818.06,66417.698
300717.SZ,20250917,20.73,21.28,20.6,20.8,20.71,0.4346,27065.7,56692.573
300718.SZ,20250917,100.98,101.55,98.48,99.06,102.0,-2.8824,227405.19,2267814.246
300719.SZ,20250917,16.56,16.62,16.43,16.46,16.56,-0.6039,31904.0,52623.26
300720.SZ,20250917,27.0,27.49,26.66,26.73,27.02,-1.0733,38725.6,104250.013
300721.SZ,20250917,14.4,14.65,14.39,14.47,14.38,0.6259,37665.82,54719.605
300722.SZ,20250917,32.6,32.72,32.2,32.3,32.61,-0.9506,40893.29,132520.203
300723.SZ,20250917,60.46,61.47,58.93,60.3,60.35,-0.0829,65745.8,394762.847
300724.SZ,20250917,97.7,99.62,95.88,98.59,97.69,0.9213,247417.17,2426265.768
300725.SZ,20250917,45.61,45.9,44.24,44.74,47.15,-5.1113,262891.77,1180140.205
300726.SZ,20250917,36.53,38.77,36.31,38.54,36.53,5.5023,116525.31,440666.146
300727.SZ,20250917,46.04,46.35,43.55,43.63,46.65,-6.4737,165719.27,738580.501
300729.SZ,20250917,15.29,15.36,15.09,15.2,15.28,-0.5236,78232.25,118787.642
300730.SZ,20250917,19.1,19.61,18.8,19.55,19.22,1.717,210212.75,406051.076
300731.SZ,20250917,45.31,46.85,45.1,45.45,45.92,-1.0235,86191.73,394727.177
300732.SZ,20250917,8.95,8.96,8.78,8.79,8.93,-1.5677,114196.41,100717.8
300733.SZ,20250917,20.09,21.02,20.09,20.78,20.6,0.8738,114665.6,238478.487
300735.SZ,20250917,30.85,31.62,30.6,31.32,30.7,2.0195,267810.64,836196.387
300736.SZ,20250917,15.21,15.53,14.89,15.2,15.31,-0.7185,143808.25,218823.182
300737.SZ,20250917,5.13,5.19,5.09,5.16,5.14,0.3891,126644.9,65156.112
300738.SZ,20250917,22.69,23.65,22.32,23.14,22.68,2.0282,879169.47,2023848.825
300739.SZ,20250917,18.3,18.49,18.02,18.16,18.38,-1.197,183525.31,334651.101
300740.SZ,20250917,22.57,22.92,22.1,22.22,22.48,-1.1566,188076.63,422352.345
300741.SZ,20250917,20.32,20.47,20.13,20.14,20.45,-1.5159,33613.0,68034.496
300743.SZ,20250917,18.7,18.83,18.4,18.56,18.88,-1.6949,39247.2,73081.04
300745.SZ,20250917,21.7,22.09,21.41,21.98,21.61,1.7122,69847.33,152636.055
300746.SZ,20250917,15.07,15.18,14.92,15.0,15.27,-1.7682,44820.0,67385.038
300747.SZ,20250917,27.1,27.83,26.95,27.33,27.16,0.6259,129702.15,355044.942
300748.SZ,20250917,35.4,38.2,35.07,37.9,35.59,6.4906,928670.39,3442755.591
300749.SZ,20250917,9.1,9.16,8.96,9.03,9.08,-0.5507,30969.8,28047.388
300750.SZ,20250917,356.8,381.88,354.0,377.1,353.42,6.7002,543771.0,20113064.234
300751.SZ,20250917,89.95,91.96,88.61,91.3,90.29,1.1186,53846.65,486526.921
300752.SZ,20250917,24.5,25.38,24.36,24.64,24.6,0.1626,119440.0,296828.202
300753.SZ,20250917,31.52,31.96,31.16,31.22,31.91,-2.1623,67532.19,212786.487
300755.SZ,20250917,19.52,22.82,19.23,22.04,19.51,12.9677,401505.38,834368.084
300756.SZ,20250917,41.0,41.14,39.58,40.98,40.62,0.8863,57177.41,231425.859
300757.SZ,20250917,293.55,299.0,282.91,290.58,295.9,-1.7979,87385.75,2537040.545
300758.SZ,20250917,14.66,14.84,14.61,14.63,14.67,-0.2727,72233.56,106310.592
300759.SZ,20250917,36.15,36.41,34.81,35.49,35.7,-0.5882,510583.05,1815759.516
300760.SZ,20250917,239.6,242.48,238.07,239.39,239.6,-0.0876,60529.35,1449116.769
300761.SZ,20250917,23.99,24.36,23.46,23.8,24.23,-1.7747,142113.24,337419.77
300762.SZ,20250917,24.91,25.2,24.64,24.95,25.05,-0.3992,178755.3,445982.676
300763.SZ,20250917,83.5,84.44,81.8,83.71,83.71,0.0,239970.33,1998605.453
300765.SZ,20250917,49.3,49.48,48.06,48.38,49.23,-1.7266,81078.23,395335.643
300766.SZ,20250917,42.51,42.58,41.55,41.57,42.51,-2.2112,279254.47,1171284.26
300767.SZ,20250917,22.72,22.89,22.06,22.46,22.79,-1.448,137571.27,308440.219
300768.SZ,20250917,18.31,19.23,18.0,18.87,18.36,2.7778,148646.35,276792.716
300769.SZ,20250917,40.5,41.29,39.91,40.57,40.8,-0.5637,144846.07,587940.881
300770.SZ,20250917,46.56,47.24,46.1,46.48,46.73,-0.535,50697.81,235387.71
300771.SZ,20250917,13.14,13.22,13.05,13.08,13.14,-0.4566,46529.72,61087.328
300772.SZ,20250917,17.91,19.27,17.66,19.01,18.16,4.6806,400470.28,743474.408
300773.SZ,20250917,26.01,27.09,25.96,26.86,26.34,1.9742,478422.21,1276721.325
300774.SZ,20250917,9.92,9.96,9.82,9.88,9.96,-0.8032,56881.0,56204.979
300775.SZ,20250917,24.6,24.66,24.46,24.55,24.62,-0.2843,85434.16,209771.446
300776.SZ,20250917,71.27,72.21,70.33,71.78,71.27,0.7156,38384.15,274523.715
300777.SZ,20250917,34.8,35.88,34.68,35.49,34.8,1.9828,99099.96,350394.41
300778.SZ,20250917,13.78,13.8,13.6,13.66,13.8,-1.0145,57438.3,78373.813
300779.SZ,20250917,180.99,183.88,179.0,183.23,182.98,0.1366,38218.15,693893.647
300780.SZ,20250917,18.25,19.0,18.23,18.81,18.38,2.3395,103292.0,193320.351
300781.SZ,20250917,41.55,41.59,40.9,41.38,41.69,-0.7436,37438.46,154701.976
300782.SZ,20250917,80.07,81.29,79.01,80.19,80.1,0.1124,85236.25,683430.527
300783.SZ,20250917,26.03,26.42,25.82,25.89,25.82,0.2711,105657.94,275319.596
300784.SZ,20250917,58.6,59.5,58.15,58.44,58.92,-0.8147,10343.16,60755.596
300785.SZ,20250917,41.42,41.95,40.83,41.4,41.83,-1.028,123953.0,512054.486
300786.SZ,20250917,16.91,17.2,15.91,16.35,15.53,5.2801,297307.27,488188.792
300787.SZ,20250917,14.64,14.88,14.51,14.66,14.64,0.1366,62897.44,92549.804
300788.SZ,20250917,30.85,30.99,30.74,30.76,30.92,-0.5175,17641.6,54381.823
300789.SZ,20250917,27.55,32.77,27.43,31.61,27.58,14.612,95406.01,291077.219
300790.SZ,20250917,33.9,35.72,33.47,34.92,33.78,3.3748,278081.8,970331.962
300791.SZ,20250917,24.75,25.06,24.5,24.58,24.75,-0.6869,21294.44,52585.173
300792.SZ,20250917,32.5,34.3,32.25,32.94,32.9,0.1216,196662.94,653452.361
300793.SZ,20250917,17.59,17.96,17.56,17.77,17.7,0.3955,121966.57,217061.302
300795.SZ,20250917,16.21,16.27,15.66,15.72,16.1,-2.3602,55515.65,87795.898
300796.SZ,20250917,10.38,10.6,10.34,10.52,10.4,1.1538,100643.41,105522.287
300797.SZ,20250917,18.0,18.0,17.65,17.78,18.12,-1.8764,121591.5,216088.456
300798.SZ,20250917,8.36,8.38,8.23,8.28,8.34,-0.7194,120190.0,99651.029
300800.SZ,20250917,11.81,12.0,11.79,11.84,11.88,-0.3367,29841.0,35495.964
300801.SZ,20250917,27.71,28.13,27.41,27.42,27.7,-1.0108,133699.0,370898.443
300802.SZ,20250917,20.83,21.25,20.68,21.2,20.83,1.7763,58564.2,123575.592
300803.SZ,20250917,157.0,179.01,154.58,172.88,157.71,9.6189,664182.11,10977612.648
300804.SZ,20250917,40.8,40.8,40.2,40.24,40.55,-0.7645,8723.0,35218.799
300805.SZ,20250917,13.14,13.46,12.86,13.07,13.21,-1.0598,244988.29,321186.332
300806.SZ,20250917,26.05,27.78,26.0,27.08,26.2,3.3588,225735.29,612093.012
300807.SZ,20250917,41.02,43.11,41.02,41.62,41.36,0.6286,41289.0,173802.704
300808.SZ,20250917,30.11,32.49,29.93,31.88,30.26,5.3536,83576.0,263207.57
300809.SZ,20250917,47.67,48.77,47.15,47.87,46.98,1.8944,111438.2,534504.045
300810.SZ,20250917,46.66,48.51,46.22,47.94,47.27,1.4174,77725.5,369894.537
300811.SZ,20250917,76.19,78.89,75.0,77.95,76.35,2.0956,98490.38,760666.562
300812.SZ,20250917,24.04,24.94,23.95,24.59,24.04,2.2879,50631.51,124713.785
300813.SZ,20250917,40.15,42.25,39.5,40.33,39.8,1.3317,58495.04,237947.396
300814.SZ,20250917,52.76,53.13,49.58,50.59,51.7,-2.147,156842.9,798297.609
300815.SZ,20250917,28.01,28.96,27.87,28.2,28.59,-1.3641,264850.48,750851.256
300816.SZ,20250917,39.17,39.55,38.72,38.96,39.18,-0.5615,15989.0,62522.835
300817.SZ,20250917,22.96,23.2,22.71,22.8,22.87,-0.3061,58100.44,133398.674
300818.SZ,20250917,24.8,25.02,24.47,24.56,24.86,-1.2068,31179.08,76924.46
300819.SZ,20250917,25.48,26.65,25.11,26.19,25.49,2.7462,71108.5,184828.807
300820.SZ,20250917,48.5,50.06,48.3,49.14,48.66,0.9864,25427.13,125726.467
300821.SZ,20250917,9.94,10.21,9.8,9.89,9.95,-0.603,192792.03,191052.315
300822.SZ,20250917,18.6,19.11,18.59,18.94,18.77,0.9057,40092.43,75963.28
300823.SZ,20250917,15.88,16.24,15.71,16.03,15.88,0.9446,26678.2,42825.827
300824.SZ,20250917,13.33,13.53,13.18,13.25,13.22,0.2269,66380.45,88435.879
300825.SZ,20250917,11.92,12.06,11.86,11.88,11.95,-0.5858,129798.78,155062.921
300826.SZ,20250917,18.4,18.6,18.0,18.48,18.46,0.1083,89410.72,163263.789
300827.SZ,20250917,33.13,33.76,32.48,32.7,33.31,-1.8313,515914.42,1699979.59
300828.SZ,20250917,16.66,16.97,16.51,16.83,16.59,1.4467,38621.0,64955.845
300829.SZ,20250917,19.8,19.89,19.3,19.32,19.86,-2.719,84242.81,164137.809
300830.SZ,20250917,11.5,11.63,11.42,11.56,11.61,-0.4307,136104.58,156889.779
300831.SZ,20250917,14.61,14.76,14.52,14.62,14.61,0.0684,53043.17,77715.934
300832.SZ,20250917,69.31,70.78,68.5,69.62,68.88,1.0743,37785.35,264698.112
300833.SZ,20250917,44.54,45.73,44.0,44.85,44.44,0.9226,26769.08,120015.215
300834.SZ,20250917,23.56,23.63,23.27,23.33,23.6,-1.1441,12128.61,28404.058
300835.SZ,20250917,62.03,65.19,61.81,64.79,62.67,3.3828,54362.9,347975.522
300836.SZ,20250917,47.07,50.0,47.07,48.6,47.0,3.4043,60299.95,294245.88
300837.SZ,20250917,26.11,26.25,25.8,25.94,25.99,-0.1924,10769.0,28012.781
300838.SZ,20250917,14.8,14.99,14.62,14.8,14.82,-0.135,14938.0,22141.783
300839.SZ,20250917,14.0,14.21,13.87,13.98,14.02,-0.2853,38440.2,53954.039
300840.SZ,20250917,21.12,21.7,20.91,21.22,21.07,0.7119,103847.0,220771.734
300841.SZ,20250917,84.0,84.33,78.5,78.6,81.75,-3.8532,51204.24,407566.782
300842.SZ,20250917,57.51,58.3,56.46,57.25,57.3,-0.0873,54492.09,313225.035
300843.SZ,20250917,53.66,64.01,53.5,60.18,53.7,12.067,281116.55,1658484.195
300844.SZ,20250917,53.93,54.59,52.68,52.83,53.75,-1.7116,12027.24,64281.836
300845.SZ,20250917,11.3,11.37,11.2,11.25,11.3,-0.4425,60029.69,67610.837
300846.SZ,20250917,22.21,22.37,21.81,22.0,22.39,-1.7418,307800.71,677732.533
300847.SZ,20250917,18.15,18.25,17.98,18.07,18.15,-0.4408,49887.5,90381.258
300848.SZ,20250917,16.85,16.98,16.73,16.76,16.92,-0.9456,24809.88,41798.316
300849.SZ,20250917,14.05,14.05,13.55,13.71,13.91,-1.4378,52000.5,71184.595
300850.SZ,20250917,35.42,37.08,35.15,36.59,35.43,3.2741,185271.67,675842.386
300851.SZ,20250917,28.69,28.82,28.32,28.38,28.75,-1.287,8544.0,24397.067
300852.SZ,20250917,45.17,48.86,44.79,48.39,45.5,6.3516,186128.21,872964.798
300853.SZ,20250917,25.1,25.48,24.86,25.04,25.12,-0.3185,46245.0,116246.193
300854.SZ,20250917,20.15,22.9,20.05,21.28,20.15,5.6079,105668.0,229032.374
300855.SZ,20250917,27.12,28.79,27.1,28.49,27.23,4.6272,83639.09,235277.312
300856.SZ,20250917,14.25,14.33,14.16,14.19,14.23,-0.2811,39277.63,55858.265
300857.SZ,20250917,156.21,167.77,154.81,167.6,156.99,6.7584,270497.67,4357123.022
300858.SZ,20250917,19.2,19.36,19.02,19.11,19.18,-0.365,56989.7,109413.151
300859.SZ,20250917,51.78,52.48,49.58,49.58,51.62,-3.952,161665.77,812067.131
300860.SZ,20250917,30.59,30.68,29.49,29.56,29.98,-1.4009,44317.78,131801.663
300861.SZ,20250917,16.9,17.53,16.75,17.26,16.9,2.1302,120975.08,207773.776
300862.SZ,20250917,24.98,25.04,24.67,24.84,24.98,-0.5604,30924.4,76913.164
300863.SZ,20250917,37.76,39.23,37.55,38.8,37.88,2.4287,52238.78,202367.917
300864.SZ,20250917,20.42,20.46,20.32,20.35,20.41,-0.294,9718.88,19810.13
300865.SZ,20250917,32.11,32.28,31.79,31.89,32.11,-0.6851,13265.7,42512.499
300866.SZ,20250917,130.77,135.39,130.23,134.25,130.98,2.4966,47416.45,636144.264
300867.SZ,20250917,17.26,17.29,17.15,17.17,17.26,-0.5214,24418.5,41976.881
300868.SZ,20250917,33.1,33.29,32.61,32.8,33.16,-1.0856,25102.22,82643.437
300869.SZ,20250917,17.39,17.41,17.13,17.15,17.39,-1.3801,46114.98,79349.277
300870.SZ,20250917,221.08,226.6,216.77,219.22,221.45,-1.007,44740.33,990060.231
300871.SZ,20250917,22.35,22.68,22.05,22.06,22.46,-1.7809,55879.06,123974.837
300872.SZ,20250917,24.5,24.97,24.25,24.57,24.67,-0.4054,218070.63,538329.874
300873.SZ,20250917,25.37,25.88,25.33,25.63,25.55,0.3131,89400.35,228756.617
300875.SZ,20250917,46.9,47.06,44.73,45.15,45.3,-0.3311,63927.5,291798.77
300876.SZ,20250917,31.28,31.28,30.47,30.56,31.28,-2.3018,15277.62,46952.929
300877.SZ,20250917,27.28,27.64,26.9,27.19,27.27,-0.2934,23915.0,65096.729
300878.SZ,20250917,23.85,24.4,23.25,23.34,23.8,-1.9328,45787.93,108103.474
300879.SZ,20250917,38.2,39.33,37.96,38.39,38.5,-0.2857,127950.67,494190.357
300880.SZ,20250917,20.41,20.59,20.32,20.43,20.38,0.2453,31773.76,64960.026
300881.SZ,20250917,36.5,36.5,35.82,35.86,36.65,-2.1555,24111.35,86790.381
300882.SZ,20250917,19.3,19.3,18.83,19.0,19.38,-1.9608,83657.24,158672.861
300883.SZ,20250917,7.1,7.49,7.03,7.2,7.03,2.4182,287435.85,208557.191
300884.SZ,20250917,13.85,13.91,13.7,13.79,13.85,-0.4332,56458.8,77897.323
300885.SZ,20250917,27.45,27.45,26.03,26.08,26.99,-3.3716,199068.02,523608.343
300886.SZ,20250917,29.82,30.01,29.33,29.36,29.75,-1.3109,22371.2,66194.494
300887.SZ,20250917,8.46,8.48,8.37,8.39,8.46,-0.8274,67081.5,56379.87
300888.SZ,20250917,39.72,40.6,39.62,39.74,39.65,0.227,78727.98,315766.938
300889.SZ,20250917,18.92,19.2,18.7,18.86,18.88,-0.1059,41216.91,77906.513
300890.SZ,20250917,33.33,33.7,32.94,33.24,33.51,-0.8057,80318.83,267405.32
300891.SZ,20250917,10.46,10.46,10.28,10.38,10.47,-0.8596,122879.83,127052.959
300892.SZ,20250917,39.28,39.28,37.39,37.66,38.99,-3.4111,63784.72,241678.154
300893.SZ,20250917,30.0,31.1,29.72,30.29,29.89,1.3382,57801.26,176615.735
300894.SZ,20250917,13.46,13.97,13.44,13.74,13.5,1.7778,87614.36,120801.294
300895.SZ,20250917,50.1,50.1,49.23,49.43,50.19,-1.5142,48871.11,242307.479
300896.SZ,20250917,192.99,194.4,189.0,189.91,192.49,-1.3403,32319.57,615136.317
300897.SZ,20250917,29.15,30.05,29.02,29.37,28.95,1.4508,42336.17,125064.795
300898.SZ,20250917,29.49,29.79,28.73,28.73,29.7,-3.266,63308.78,183413.052
300899.SZ,20250917,27.96,28.36,27.9,28.32,28.03,1.0346,6321.0,17750.041
300900.SZ,20250917,19.3,19.4,19.23,19.32,19.43,-0.5661,53048.55,102397.596
300901.SZ,20250917,16.36,16.88,16.35,16.77,16.58,1.146,34309.1,57068.016
300902.SZ,20250917,23.16,23.33,23.0,23.18,23.16,0.0864,46935.4,108642.894
300903.SZ,20250917,12.69,13.38,12.66,13.07,12.76,2.4295,444758.13,579640.042
300904.SZ,20250917,69.39,71.68,67.42,70.0,69.36,0.9227,19707.83,136785.683
300905.SZ,20250917,36.35,36.64,35.74,35.8,36.61,-2.2125,83583.86,301411.683
300906.SZ,20250917,31.56,31.75,30.95,31.11,31.57,-1.4571,21469.0,67141.415
300907.SZ,20250917,39.61,40.66,38.41,39.97,39.98,-0.025,81631.8,325461.381
300908.SZ,20250917,32.0,32.43,31.63,31.76,31.89,-0.4077,17179.52,54713.865
300909.SZ,20250917,33.94,35.34,33.94,34.92,34.23,2.0158,42623.94,148644.551
300910.SZ,20250917,58.17,59.08,57.92,58.5,58.03,0.8099,13306.58,77984.265
300911.SZ,20250917,58.7,58.99,56.55,56.85,58.46,-2.754,44202.85,255040.61
300912.SZ,20250917,16.76,19.89,16.41,18.06,16.6,8.7952,220437.29,404356.699
300913.SZ,20250917,57.58,60.28,57.21,59.31,58.08,2.1178,124915.8,738936.607
300915.SZ,20250917,27.2,27.35,26.7,26.79,27.19,-1.4711,15585.9,42038.562
300916.SZ,20250917,43.15,44.56,42.99,44.49,43.1,3.2251,37708.25,166611.431
300917.SZ,20250917,50.0,50.73,48.77,50.29,50.6,-0.6126,97164.29,485223.885
300918.SZ,20250917,25.87,26.2,24.95,25.06,26.2,-4.3511,467545.56,1187292.162
300919.SZ,20250917,42.63,44.19,42.12,43.84,42.77,2.5018,167974.58,727414.189
300920.SZ,20250917,50.07,50.49,48.8,49.24,50.9,-3.2613,21363.04,105567.579
300921.SZ,20250917,24.06,24.29,23.9,24.01,24.29,-1.1527,38616.58,92814.073
300922.SZ,20250917,24.02,24.88,23.97,24.58,24.2,1.5702,59424.23,145682.738
300923.SZ,20250917,27.01,27.22,26.73,26.81,27.09,-1.0336,10385.72,27956.693
300925.SZ,20250917,26.78,26.88,26.11,26.58,26.87,-1.0793,292471.52,778110.749
300926.SZ,20250917,30.93,31.97,30.68,31.34,30.22,3.7062,172438.4,538022.416
300927.SZ,20250917,27.14,27.22,26.98,27.0,27.25,-0.9174,21791.61,58973.66
300928.SZ,20250917,34.0,34.28,33.83,33.86,34.22,-1.052,14461.94,49221.035
300929.SZ,20250917,11.21,11.26,11.03,11.09,11.21,-1.0705,27163.6,30253.369
300930.SZ,20250917,31.19,31.8,31.0,31.43,31.25,0.576,13735.0,43174.272
300931.SZ,20250917,11.1,11.14,10.8,10.86,11.09,-2.0739,59151.0,64708.864
300932.SZ,20250917,11.79,11.92,11.69,11.77,11.83,-0.5072,57794.6,68156.559
300933.SZ,20250917,8.98,9.0,8.81,8.87,8.98,-1.2249,120004.93,106686.908
300935.SZ,20250917,25.59,26.59,25.43,25.7,25.58,0.4691,18890.6,48985.799
300936.SZ,20250917,39.38,39.96,39.06,39.17,39.38,-0.5333,12692.0,49973.533
300937.SZ,20250917,28.0,28.19,27.77,27.91,28.06,-0.5346,11379.0,31785.553
300938.SZ,20250917,26.14,27.8,25.69,27.28,25.9,5.3282,209379.44,565154.846
300939.SZ,20250917,36.3,37.85,36.22,36.58,35.79,2.2073,74362.34,274880.851
300940.SZ,20250917,29.33,29.98,29.1,29.25,29.43,-0.6116,64746.86,190712.197
300941.SZ,20250917,26.55,26.85,26.24,26.56,26.78,-0.8215,48612.15,129029.232
300942.SZ,20250917,11.34,11.38,11.06,11.14,11.47,-2.8771,89701.63,100206.943
300943.SZ,20250917,17.16,17.47,17.11,17.18,17.32,-0.8083,46882.4,81021.26
300945.SZ,20250917,21.51,21.9,21.03,21.04,21.9,-3.9269,224370.05,475829.14
300946.SZ,20250917,57.9,59.4,57.0,59.05,57.66,2.4107,49745.13,289658.28
300947.SZ,20250917,21.83,22.0,21.5,21.8,21.95,-0.6834,32852.12,71470.878
300948.SZ,20250917,11.72,11.77,11.51,11.63,11.72,-0.7679,23400.07,27262.006
300949.SZ,20250917,43.5,44.44,43.0,43.05,43.5,-1.0345,15364.0,66780.568
300950.SZ,20250917,33.6,33.62,32.5,32.61,33.63,-3.033,69858.81,229723.855
300951.SZ,20250917,40.61,42.11,40.23,41.85,40.73,2.7498,60632.05,251567.277
300952.SZ,20250917,33.49,34.8,33.08,34.37,33.55,2.4441,138488.41,471428.947
300953.SZ,20250917,176.09,181.0,172.99,173.71,173.7,0.0058,113676.76,2005087.915
300955.SZ,20250917,29.8,30.55,29.21,29.5,29.64,-0.4723,41604.73,124312.766
300956.SZ,20250917,19.64,19.89,19.42,19.46,19.71,-1.2684,128827.84,252779.074
300957.SZ,20250917,49.13,49.29,48.47,48.7,49.13,-0.8752,38341.0,186874.048
300958.SZ,20250917,13.62,14.1,13.33,13.9,13.72,1.312,105880.28,145209.945
300959.SZ,20250917,75.04,82.7,74.99,82.0,68.92,18.9785,191864.83,1540008.815
300960.SZ,20250917,28.96,30.1,28.7,29.96,28.96,3.453,43642.62,129110.239
300961.SZ,20250917,17.01,17.08,16.85,16.85,17.17,-1.8637,45359.94,76814.886
300962.SZ,20250917,17.35,17.56,17.34,17.39,17.42,-0.1722,24927.0,43470.338
300963.SZ,20250917,18.55,18.57,18.31,18.36,18.73,-1.9754,115056.07,211610.232
300964.SZ,20250917,48.87,49.61,48.13,48.58,48.4,0.3719,31924.0,155760.59
300965.SZ,20250917,64.52,64.71,63.5,64.06,64.38,-0.497,9861.0,63222.701
300966.SZ,20250917,22.38,22.45,22.0,22.0,22.45,-2.0045,24082.41,53383.961
300967.SZ,20250917,24.0,24.04,23.21,23.45,24.18,-3.019,105674.95,248124.251
300968.SZ,20250917,15.63,15.99,15.58,15.77,15.68,0.574,92400.0,146147.417
300969.SZ,20250917,113.37,116.0,107.5,110.27,111.53,-1.1297,62502.33,689979.626
300970.SZ,20250917,14.72,14.82,14.58,14.68,14.71,-0.2039,22792.0,33524.618
300971.SZ,20250917,24.33,24.33,24.02,24.15,24.37,-0.9027,54096.0,130673.742
300972.SZ,20250917,172.67,176.8,171.3,171.68,173.03,-0.7802,29300.75,510110.251
300973.SZ,20250917,46.58,47.31,44.68,45.01,46.89,-4.0094,59100.34,268424.783
300975.SZ,20250917,12.51,12.9,12.44,12.88,12.7,1.4173,464461.64,590481.586
300976.SZ,20250917,63.02,65.2,62.75,63.9,63.23,1.0596,26865.64,172517.4
300977.SZ,20250917,19.25,19.54,19.19,19.35,19.35,0.0,13377.82,25876.253
300978.SZ,20250917,11.59,12.14,11.5,11.97,11.57,3.4572,144647.49,171724.139
300979.SZ,20250917,52.96,54.66,52.76,54.66,52.7,3.7192,37552.97,202200.924
300980.SZ,20250917,26.75,27.48,26.42,26.7,26.8,-0.3731,103084.02,277937.64
300981.SZ,20250917,14.03,14.16,13.99,14.05,14.16,-0.7768,33231.26,46724.908
300982.SZ,20250917,19.24,19.25,19.03,19.11,19.24,-0.6757,21242.29,40643.406
300983.SZ,20250917,23.0,23.07,22.49,22.55,22.94,-1.7001,12225.2,27698.761
300984.SZ,20250917,72.55,78.0,71.0,75.87,72.54,4.5906,93319.86,702051.5
300985.SZ,20250917,20.51,21.31,20.3,21.04,20.59,2.1855,77079.85,160521.233
300986.SZ,20250917,11.7,11.89,11.58,11.78,11.68,0.8562,95016.92,111630.918
300987.SZ,20250917,19.0,19.0,18.62,18.7,19.05,-1.8373,50790.17,95000.435
300988.SZ,20250917,24.57,24.75,24.3,24.44,24.57,-0.5291,37720.5,92536.127
300989.SZ,20250917,17.89,17.95,17.32,17.36,17.89,-2.9625,64281.15,113269.182
300990.SZ,20250917,84.1,88.85,82.81,85.97,84.8,1.3797,59631.44,516206.071
300991.SZ,20250917,41.31,42.17,40.4,41.64,40.72,2.2593,52297.6,216927.639
300992.SZ,20250917,26.44,27.02,26.18,26.67,26.32,1.3298,23800.0,63486.552
300993.SZ,20250917,17.65,17.78,16.7,16.75,17.75,-5.6338,158906.36,272930.67
300994.SZ,20250917,18.98,19.97,18.86,19.41,19.01,2.1042,86801.95,170186.175
300995.SZ,20250917,53.3,54.57,52.5,52.77,53.77,-1.8598,29726.0,158490.638
300996.SZ,20250917,17.5,17.7,17.26,17.56,17.45,0.6304,65140.4,114208.325
300997.SZ,20250917,19.83,21.33,19.44,20.16,20.1,0.2985,204861.1,415841.697
300998.SZ,20250917,27.01,27.06,25.9,26.18,27.01,-3.0729,64987.99,171301.022
300999.SZ,20250917,33.0,33.8,32.74,32.8,32.91,-0.3342,125525.68,414938.121
301000.SZ,20250917,55.61,56.27,53.87,54.44,56.03,-2.8378,167536.95,918048.276
301001.SZ,20250917,31.16,32.48,31.16,31.9,31.6,0.9494,36582.46,116576.331
301002.SZ,20250917,43.01,46.82,43.01,44.75,41.8,7.0574,133764.68,598123.157
301003.SZ,20250917,37.4,38.18,36.9,37.3,37.29,0.0268,17882.97,67244.266
301004.SZ,20250917,62.8,63.98,62.5,63.26,62.73,0.8449,9427.6,59733.838
301005.SZ,20250917,48.76,50.3,48.19,49.86,48.67,2.445,79891.55,396967.744
301006.SZ,20250917,17.34,17.47,17.16,17.26,17.36,-0.576,15314.0,26501.731
301007.SZ,20250917,45.65,47.0,45.59,46.22,45.96,0.5657,49671.53,230069.991
301008.SZ,20250917,40.52,44.5,39.06,41.95,38.16,9.9319,258625.48,1066197.995
301009.SZ,20250917,13.96,14.15,13.88,13.89,13.98,-0.6438,37493.96,52324.046
301010.SZ,20250917,19.61,20.49,19.61,20.05,19.71,1.725,34690.83,69800.588
301011.SZ,20250917,29.38,29.54,28.52,28.73,28.83,-0.3469,55708.0,161702.258
301012.SZ,20250917,22.6,27.2,22.41,26.49,22.67,16.8505,414422.96,1029676.974
301013.SZ,20250917,20.71,24.36,20.68,24.36,20.3,20.0,338695.84,790051.757
301015.SZ,20250917,30.89,30.89,29.88,30.34,30.66,-1.0437,52988.23,160251.495
301016.SZ,20250917,24.0,24.15,23.2,23.69,24.05,-1.4969,117466.62,277184.717
301017.SZ,20250917,11.8,11.84,11.67,11.69,11.82,-1.0998,29568.4,34724.078
301018.SZ,20250917,72.89,75.9,71.39,73.17,73.05,0.1643,182288.49,1345102.104
301019.SZ,20250917,17.06,17.15,16.91,16.96,17.08,-0.7026,15922.06,27089.73
301020.SZ,20250917,23.8,24.22,23.6,23.96,23.8,0.6723,28667.29,68786.88
301021.SZ,20250917,40.19,41.41,39.5,40.2,39.83,0.9289,108788.88,440022.681
301022.SZ,20250917,44.14,44.99,42.48,42.81,43.71,-2.059,77276.94,336418.125
301023.SZ,20250917,45.29,46.72,44.75,45.73,44.79,2.0987,56292.59,257891.889
301024.SZ,20250917,43.16,43.32,42.52,42.63,43.2,-1.3194,8427.0,36153.949
301025.SZ,20250917,10.25,10.25,10.12,10.14,10.28,-1.3619,51250.02,52111.419
301026.SZ,20250917,29.94,30.19,29.67,30.0,30.24,-0.7937,35657.15,106623.402
301027.SZ,20250917,15.29,15.36,15.11,15.13,15.37,-1.5615,43523.91,66214.61
301028.SZ,20250917,13.48,13.95,13.48,13.82,13.53,2.1434,65091.34,89708.535
301029.SZ,20250917,30.04,32.11,29.82,31.19,30.3,2.9373,271887.41,840945.307
301030.SZ,20250917,15.88,16.15,15.78,16.02,15.85,1.0726,76542.13,122575.153
301031.SZ,20250917,105.44,107.17,103.88,105.5,105.72,-0.2081,27071.19,286080.83
301032.SZ,20250917,13.79,13.95,13.76,13.84,13.79,0.3626,41918.1,58043.09
301033.SZ,20250917,75.31,78.46,74.87,75.92,75.26,0.877,7732.0,59021.27
301035.SZ,20250917,77.16,77.87,76.24,77.34,77.39,-0.0646,8759.44,67496.014
301036.SZ,20250917,35.32,35.95,35.31,35.31,35.37,-0.1696,16511.0,58830.685
301037.SZ,20250917,14.9,15.13,14.83,14.89,14.9,-0.0671,20203.24,30329.352
301038.SZ,20250917,28.15,28.78,27.88,28.03,28.26,-0.8139,69042.99,194394.461
301039.SZ,20250917,9.25,9.31,9.2,9.28,9.27,0.1079,121886.8,112770.797
301040.SZ,20250917,24.26,24.26,23.7,23.77,24.25,-1.9794,85650.22,204460.225
301041.SZ,20250917,29.67,29.94,29.38,29.39,29.67,-0.9437,37084.26,109673.682
301042.SZ,20250917,44.12,46.3,43.2,45.77,44.12,3.7398,31472.51,142370.043
301043.SZ,20250917,39.42,40.88,38.82,39.99,39.67,0.8067,21768.0,86772.534
301045.SZ,20250917,26.08,26.97,25.94,26.76,26.25,1.9429,41217.0,109102.753
301046.SZ,20250917,25.12,26.28,24.77,25.98,25.27,2.8097,67137.24,171939.187
301047.SZ,20250917,80.89,81.41,79.9,80.08,80.91,-1.0258,13520.61,108594.655
301048.SZ,20250917,12.88,12.89,12.64,12.68,12.89,-1.6292,75089.0,95332.432
301049.SZ,20250917,22.41,22.67,22.24,22.3,22.41,-0.4909,10552.0,23650.293
301050.SZ,20250917,49.13,49.54,48.77,49.13,49.16,-0.061,37127.42,182493.73
301051.SZ,20250917,23.4,24.21,23.26,23.91,23.53,1.615,32520.29,77306.198
301052.SZ,20250917,69.7,69.95,67.71,68.8,69.94,-1.63,59493.02,409230.497
301053.SZ,20250917,36.0,37.29,35.81,36.38,36.0,1.0556,13469.81,49079.714
301055.SZ,20250917,23.46,23.57,22.55,22.83,23.46,-2.6854,32342.04,73872.568
301056.SZ,20250917,11.61,11.69,11.37,11.56,11.61,-0.4307,56669.46,65254.91
301057.SZ,20250917,27.81,28.13,26.27,26.33,27.99,-5.9307,39413.9,106075.765
301058.SZ,20250917,11.39,11.48,11.29,11.36,11.41,-0.4382,88699.66,100823.292
301059.SZ,20250917,11.84,11.89,11.71,11.79,11.88,-0.7576,23779.02,28049.779
301060.SZ,20250917,9.89,9.95,9.81,9.85,9.91,-0.6054,31286.69,30925.457
301061.SZ,20250917,96.98,99.88,96.23,97.94,96.98,0.9899,15831.44,155687.629
301062.SZ,20250917,8.6,8.89,8.56,8.77,8.61,1.8583,147342.13,128836.544
301063.SZ,20250917,27.3,27.44,26.93,27.01,27.3,-1.0623,17302.46,47029.57
301065.SZ,20250917,24.2,24.25,23.85,24.01,24.2,-0.7851,18029.5,43279.381
301066.SZ,20250917,15.85,16.74,15.72,16.32,15.85,2.9653,169042.32,274152.442
301067.SZ,20250917,32.75,33.29,32.6,33.02,32.8,0.6707,22777.8,75251.342
301068.SZ,20250917,26.94,28.52,26.79,27.98,26.94,3.8604,33351.27,92986.415
301069.SZ,20250917,23.96,24.33,23.6,23.85,23.85,0.0,194222.5,465656.91
301070.SZ,20250917,50.31,53.5,50.25,51.78,50.7,2.1302,43981.97,229473.647
301071.SZ,20250917,32.46,32.88,32.15,32.51,32.46,0.154,62929.52,204442.056
301072.SZ,20250917,26.3,26.54,25.66,25.85,26.3,-1.711,25876.0,67175.109
301073.SZ,20250917,26.0,26.5,25.36,25.36,26.78,-5.3025,160391.25,413985.06
301075.SZ,20250917,43.6,44.06,43.02,43.8,43.68,0.2747,21450.61,93354.866
301076.SZ,20250917,62.83,66.48,62.03,62.68,61.5,1.9187,288852.82,1842829.227
301077.SZ,20250917,27.46,28.18,26.66,27.91,28.2,-1.0284,136667.52,374863.07
301078.SZ,20250917,11.71,11.77,11.64,11.7,11.72,-0.1706,252585.2,295400.754
301079.SZ,20250917,28.5,28.74,28.33,28.34,28.7,-1.2544,32507.0,92610.102
301080.SZ,20250917,61.04,62.0,58.76,59.7,61.25,-2.5306,27883.59,166906.189
301081.SZ,20250917,10.79,10.83,10.72,10.78,10.83,-0.4617,28166.2,30341.868
301082.SZ,20250917,18.48,18.57,18.24,18.24,18.57,-1.7771,63882.07,117312.641
301083.SZ,20250917,17.29,17.44,17.07,17.31,17.21,0.5811,32752.0,56791.939
301085.SZ,20250917,59.98,60.59,59.06,59.64,60.1,-0.7654,19138.96,114083.0
301086.SZ,20250917,64.0,73.33,64.0,70.58,64.2,9.9377,61904.74,433227.032
301087.SZ,20250917,39.78,40.6,39.51,39.93,39.7,0.5793,16419.11,65940.231
301088.SZ,20250917,14.61,14.72,14.54,14.57,14.67,-0.6817,16089.0,23537.116
301089.SZ,20250917,33.1,33.1,32.4,32.49,33.02,-1.6051,29929.38,97819.162
301090.SZ,20250917,8.02,8.1,7.95,7.96,8.02,-0.7481,40147.91,32156.401
301091.SZ,20250917,32.0,32.8,32.0,32.42,32.37,0.1545,61236.56,197798.899
301092.SZ,20250917,30.41,31.16,30.41,30.85,30.61,0.7841,11445.0,35252.365
301093.SZ,20250917,37.0,39.55,36.84,39.01,37.08,5.205,85856.54,329823.526
301095.SZ,20250917,78.16,83.39,77.54,82.8,78.16,5.9365,89312.3,723268.338
301096.SZ,20250917,61.98,62.5,61.18,61.97,62.02,-0.0806,29037.0,179231.163
301097.SZ,20250917,46.46,47.49,46.19,46.26,46.46,-0.4305,5919.0,27692.602
301098.SZ,20250917,9.08,9.22,9.03,9.13,9.16,-0.3275,41901.0,38331.758
301099.SZ,20250917,41.01,41.7,40.66,40.84,40.99,-0.3659,69788.95,286575.884
301100.SZ,20250917,19.71,22.13,19.32,20.68,19.3,7.1503,78942.2,166105.73
301101.SZ,20250917,49.08,49.9,48.66,48.8,48.65,0.3083,75599.05,372085.912
301102.SZ,20250917,11.71,11.71,11.5,11.56,11.71,-1.281,35407.42,41112.847
301103.SZ,20250917,21.9,21.96,21.75,21.76,21.92,-0.7299,14880.69,32488.254
301105.SZ,20250917,42.89,43.54,42.03,42.63,43.11,-1.1134,10524.0,45212.455
301106.SZ,20250917,32.12,32.68,32.08,32.34,32.3,0.1238,17259.06,55946.459
301107.SZ,20250917,29.95,30.57,29.63,30.39,29.95,1.4691,18766.2,56784.028
301108.SZ,20250917,33.9,34.66,33.14,33.34,34.35,-2.9403,31956.35,107576.195
301109.SZ,20250917,14.83,14.88,14.57,14.59,14.86,-1.817,106422.34,156383.383
301110.SZ,20250917,78.13,81.78,75.01,79.29,78.75,0.6857,56925.21,452197.031
301111.SZ,20250917,16.84,16.97,16.69,16.72,16.85,-0.7715,20285.6,34154.367
301112.SZ,20250917,50.48,51.18,49.36,49.66,50.88,-2.3978,40700.5,204061.031
301113.SZ,20250917,23.1,23.23,22.76,22.9,23.1,-0.8658,13961.8,32098.36
301115.SZ,20250917,16.55,16.65,16.4,16.44,16.52,-0.4843,17984.5,29628.462
301116.SZ,20250917,11.41,11.55,11.33,11.34,11.54,-1.7331,52300.0,59557.3
301117.SZ,20250917,33.54,35.97,33.31,35.1,33.75,4.0,104870.9,363655.189
301118.SZ,20250917,24.61,25.58,24.3,25.27,24.56,2.8909,57440.4,144191.677
301119.SZ,20250917,38.85,43.0,38.73,41.83,38.7,8.0879,70697.14,291579.602
301120.SZ,20250917,14.15,14.32,13.96,14.28,14.06,1.5647,95309.68,134833.822
301121.SZ,20250917,51.6,51.99,50.0,51.5,51.02,0.9408,64628.03,330748.443
301122.SZ,20250917,26.82,28.4,26.62,27.7,26.9,2.974,55820.13,154534.061
301123.SZ,20250917,45.73,54.9,45.3,51.53,47.62,8.2108,264947.43,1298532.288
301125.SZ,20250917,23.21,23.32,22.34,22.85,23.2,-1.5086,128474.07,292981.304
301126.SZ,20250917,11.98,12.04,11.92,11.98,11.98,0.0,31661.0,37980.574
301127.SZ,20250917,14.0,14.05,13.65,13.69,14.04,-2.4929,98072.1,135170.664
301128.SZ,20250917,89.0,95.99,88.5,94.87,90.31,5.0493,89274.08,832102.393
301129.SZ,20250917,31.03,31.97,30.71,31.97,31.61,1.1389,63352.13,197490.695
301130.SZ,20250917,31.56,31.76,31.2,31.21,31.64,-1.359,7741.58,24333.803
301131.SZ,20250917,50.3,52.29,50.26,51.2,50.4,1.5873,22868.63,117440.061
301132.SZ,20250917,37.75,38.45,37.57,37.75,37.78,-0.0794,38460.21,145868.369
301133.SZ,20250917,29.65,29.99,28.46,29.27,29.62,-1.1816,48112.11,139858.83
301135.SZ,20250917,33.51,34.22,31.94,32.0,33.03,-3.1184,97005.48,317895.328
301136.SZ,20250917,11.85,11.86,11.73,11.76,11.85,-0.7595,18978.6,22363.847
301137.SZ,20250917,32.01,32.03,31.2,31.36,32.23,-2.6993,49444.54,155696.863
301138.SZ,20250917,38.67,40.14,38.36,39.7,38.67,2.6636,35824.99,141382.303
301139.SZ,20250917,22.05,22.11,21.82,21.84,22.11,-1.2212,101345.37,222013.903
301141.SZ,20250917,62.84,64.35,62.72,64.22,63.45,1.2136,34599.4,220513.845
301148.SZ,20250917,26.97,26.98,26.51,26.6,26.97,-1.3719,13188.96,35173.492
301149.SZ,20250917,11.09,11.19,11.08,11.14,11.15,-0.0897,39555.0,44111.134
301150.SZ,20250917,40.53,42.87,39.47,40.69,41.35,-1.5961,233991.95,959639.898
301151.SZ,20250917,22.14,22.37,22.01,22.05,22.19,-0.6309,25011.0,55247.694
301152.SZ,20250917,29.09,29.56,28.61,28.95,29.26,-1.0595,37852.91,109703.141
301153.SZ,20250917,23.98,24.22,23.92,24.09,24.14,-0.2071,41875.8,100739.832
301155.SZ,20250917,80.8,84.41,79.77,83.32,80.28,3.7867,36095.44,298206.707
301156.SZ,20250917,18.58,18.64,18.32,18.41,18.58,-0.915,19191.7,35501.445
301157.SZ,20250917,53.18,53.99,52.66,52.98,53.09,-0.2072,14969.0,79847.995
301158.SZ,20250917,18.75,18.9,18.61,18.65,18.72,-0.3739,23220.87,43493.475
301159.SZ,20250917,35.28,35.88,35.0,35.46,35.28,0.5102,13313.32,47257.688
301160.SZ,20250917,67.65,67.9,66.63,67.51,67.65,-0.2069,43836.64,294998.81
301161.SZ,20250917,39.86,40.78,39.1,39.72,40.22,-1.2432,90314.02,358907.707
301162.SZ,20250917,61.08,61.81,59.93,60.74,61.0,-0.4262,26650.95,162038.532
301163.SZ,20250917,29.79,29.94,29.45,29.91,29.8,0.3691,21931.95,65337.139
301165.SZ,20250917,91.0,93.0,89.51,91.48,91.18,0.329,88624.25,808814.488
301166.SZ,20250917,32.05,32.25,31.8,31.8,32.05,-0.78,7501.0,23972.079
301167.SZ,20250917,16.4,16.49,16.23,16.25,16.36,-0.6724,17137.75,28000.625
301168.SZ,20250917,40.45,41.61,40.22,40.38,40.24,0.3479,20285.0,82840.739
301169.SZ,20250917,46.3,46.3,45.55,45.58,46.2,-1.342,10297.0,47153.639
301170.SZ,20250917,28.4,29.02,28.26,28.75,28.4,1.2324,18970.25,54466.435
301171.SZ,20250917,33.0,33.28,32.4,32.85,33.48,-1.8817,330239.92,1081625.853
301172.SZ,20250917,23.69,23.82,23.46,23.81,23.72,0.3794,46222.64,109479.951
301173.SZ,20250917,50.3,51.29,49.81,50.87,50.35,1.0328,16157.99,81837.97
301175.SZ,20250917,5.36,5.39,5.33,5.36,5.36,0.0,152216.5,81575.051
301176.SZ,20250917,29.21,29.62,28.89,28.99,29.36,-1.2602,44025.65,128384.212
301177.SZ,20250917,36.32,36.4,35.76,35.92,36.45,-1.454,23994.09,86349.518
301178.SZ,20250917,64.17,70.0,63.58,65.8,63.9,2.9734,44990.27,299901.566
301179.SZ,20250917,16.42,16.69,16.28,16.6,16.41,1.1578,45424.98,75296.556
301180.SZ,20250917,15.18,15.49,15.14,15.34,15.17,1.1206,42766.0,65713.187
301181.SZ,20250917,30.79,31.72,30.57,31.38,30.8,1.8831,28231.59,88454.907
301182.SZ,20250917,38.41,38.41,37.63,37.71,38.35,-1.6688,30943.26,117590.343
301183.SZ,20250917,98.41,103.6,96.45,102.0,98.4,3.6585,84266.23,849953.385
301185.SZ,20250917,19.43,19.54,19.36,19.39,19.43,-0.2059,24545.0,47714.601
301186.SZ,20250917,45.49,45.95,45.2,45.89,45.49,0.8793,8844.0,40493.307
301187.SZ,20250917,29.2,29.94,29.01,29.68,29.37,1.0555,40990.03,121088.426
301188.SZ,20250917,18.08,18.14,17.99,18.04,18.11,-0.3865,34655.99,62536.132
301189.SZ,20250917,33.11,34.22,33.06,33.69,33.3,1.1712,20382.0,68893.767
301190.SZ,20250917,30.56,31.42,30.24,30.43,30.56,-0.4254,40713.83,125473.467
301191.SZ,20250917,104.38,111.58,102.89,110.61,105.19,5.1526,51543.45,554353.095
301192.SZ,20250917,29.01,29.39,28.85,29.03,29.09,-0.2063,9076.5,26376.039
301193.SZ,20250917,21.13,21.2,20.81,20.86,21.12,-1.2311,29324.17,61443.941
301195.SZ,20250917,35.15,35.45,35.01,35.39,35.18,0.5969,15640.66,55266.433
301196.SZ,20250917,113.41,116.99,109.0,113.41,114.35,-0.822,66239.59,750820.172
301197.SZ,20250917,19.52,20.01,19.37,19.73,19.57,0.8176,38554.0,76311.848
301198.SZ,20250917,12.15,12.25,12.05,12.09,12.13,-0.3298,31878.88,38716.169
301199.SZ,20250917,28.84,29.47,28.66,29.23,28.92,1.0719,55540.26,162353.363
301200.SZ,20250917,113.27,117.0,110.0,112.9,115.15,-1.954,89654.62,1010836.045
301201.SZ,20250917,32.8,33.29,31.68,32.94,33.32,-1.1405,103497.78,335589.342
301202.SZ,20250917,46.0,47.81,45.93,46.98,46.48,1.0757,39996.38,188195.194
301203.SZ,20250917,35.29,35.99,35.05,35.52,35.42,0.2823,19426.75,69086.326
301205.SZ,20250917,107.7,114.67,106.92,112.07,108.91,2.9015,85720.37,959428.583
301206.SZ,20250917,30.4,30.4,29.94,30.05,30.32,-0.8905,20614.19,62060.012
301207.SZ,20250917,18.25,18.3,18.05,18.06,18.29,-1.2575,23449.44,42603.998
301208.SZ,20250917,44.28,45.13,44.1,44.68,44.55,0.2918,26794.43,119496.875
301209.SZ,20250917,88.3,90.59,87.8,87.86,88.27,-0.4645,10280.4,91711.987
301210.SZ,20250917,48.91,49.38,48.33,48.69,49.19,-1.0165,43254.63,210956.17
301211.SZ,20250917,12.71,12.78,12.58,12.59,12.71,-0.9441,37744.58,47739.257
301212.SZ,20250917,27.64,27.64,27.08,27.14,27.39,-0.9127,11940.5,32605.034
301213.SZ,20250917,54.74,55.12,54.31,54.56,54.82,-0.4743,13568.4,74195.011
301215.SZ,20250917,6.44,6.53,6.41,6.51,6.46,0.774,98679.8,63928.429
301216.SZ,20250917,20.53,20.75,19.55,19.81,20.35,-2.6536,242530.75,485535.154
301217.SZ,20250917,32.98,34.45,32.48,32.7,33.2,-1.506,377290.99,1251106.795
301218.SZ,20250917,21.88,22.2,21.75,21.9,21.91,-0.0456,17590.5,38596.296
301219.SZ,20250917,68.01,69.85,67.2,69.27,69.7,-0.6169,76837.7,527468.695
301220.SZ,20250917,44.25,45.28,44.05,44.19,43.99,0.4546,19861.15,88529.027
301221.SZ,20250917,56.65,58.1,56.42,58.09,56.98,1.9481,32407.53,186688.072
301222.SZ,20250917,29.37,35.24,29.08,35.24,29.37,19.9864,105012.79,348296.129
301223.SZ,20250917,18.02,18.12,17.95,18.03,18.02,0.0555,9607.66,17343.56
301225.SZ,20250917,102.63,106.78,101.02,104.73,103.76,0.9348,43073.67,448621.638
301226.SZ,20250917,36.5,38.31,36.23,38.31,36.43,5.1606,85432.28,318153.729
301227.SZ,20250917,36.67,36.81,35.5,36.19,36.67,-1.309,15505.76,55846.626
301228.SZ,20250917,30.95,31.18,29.4,29.62,30.65,-3.3605,49530.34,148314.855
301229.SZ,20250917,23.29,23.29,22.78,22.94,23.19,-1.0781,36181.7,83167.132
301230.SZ,20250917,37.51,38.15,36.61,37.65,37.71,-0.1591,52731.5,197118.518
301231.SZ,20250917,24.77,24.9,24.55,24.66,24.77,-0.4441,24567.0,60648.346
301232.SZ,20250917,40.19,40.79,39.56,40.0,40.19,-0.4728,36341.48,145562.191
301233.SZ,20250917,56.97,59.4,56.93,58.37,57.2,2.0455,17748.02,103306.158
301234.SZ,20250917,47.03,48.34,46.04,46.7,47.02,-0.6806,19268.0,90689.15
301235.SZ,20250917,34.16,34.65,33.05,33.16,33.83,-1.9805,29257.52,98148.996
301236.SZ,20250917,57.0,57.78,56.49,57.27,57.28,-0.0175,268507.05,1534671.781
301237.SZ,20250917,44.63,50.9,44.61,47.86,44.63,7.2373,29164.63,142113.933
301238.SZ,20250917,21.72,22.08,21.47,21.98,21.79,0.872,198735.4,433131.196
301239.SZ,20250917,38.9,39.1,38.65,38.87,38.98,-0.2822,13882.02,53990.209
301246.SZ,20250917,14.99,14.99,14.82,14.87,15.03,-1.0645,34074.0,50739.637
301248.SZ,20250917,28.58,29.15,28.2,28.4,28.86,-1.5939,122118.04,349537.913
301251.SZ,20250917,61.1,62.89,60.5,61.18,61.76,-0.9391,64789.0,399595.281
301252.SZ,20250917,32.01,33.98,32.01,32.69,32.37,0.9886,156647.08,518069.731
301255.SZ,20250917,34.76,35.0,34.4,34.52,34.92,-1.1455,53425.44,185212.434
301256.SZ,20250917,10.99,11.33,10.87,11.06,11.03,0.272,114226.05,126824.113
301257.SZ,20250917,48.62,50.65,47.6,50.33,48.62,3.5171,50660.6,249147.241
301258.SZ,20250917,35.43,35.96,35.2,35.85,35.49,1.0144,16334.0,58232.446
301259.SZ,20250917,43.11,43.3,42.0,42.15,43.56,-3.2369,83804.08,355391.32
301260.SZ,20250917,21.61,22.08,21.45,21.84,21.65,0.8776,77147.4,168122.553
301261.SZ,20250917,95.6,101.59,92.98,97.36,93.1,4.5757,89709.74,862112.129
301262.SZ,20250917,25.4,25.52,25.17,25.48,25.44,0.1572,15822.57,40131.745
301263.SZ,20250917,38.52,38.97,37.01,37.1,38.64,-3.9855,78299.77,295008.946
301265.SZ,20250917,11.29,11.41,11.22,11.38,11.31,0.6189,34098.0,38601.33
301266.SZ,20250917,35.13,35.5,34.98,35.25,35.37,-0.3393,18660.91,65717.194
301267.SZ,20250917,21.37,21.45,21.17,21.35,21.36,-0.0468,63314.35,134946.141
301268.SZ,20250917,23.7,23.84,23.25,23.35,23.83,-2.0143,42204.0,99336.864
301269.SZ,20250917,116.52,120.33,115.89,119.58,117.13,2.0917,82278.81,976625.617
301270.SZ,20250917,41.16,43.18,41.01,41.89,41.15,1.7983,65247.28,275561.879
301272.SZ,20250917,45.71,46.73,44.71,46.32,45.58,1.6235,22931.27,105927.316
301273.SZ,20250917,28.86,29.15,28.36,28.6,28.97,-1.2772,9390.0,26922.205
301275.SZ,20250917,54.4,54.75,54.08,54.48,54.48,0.0,12481.72,67948.612
301276.SZ,20250917,23.2,23.39,22.36,22.66,23.29,-2.705,26627.8,60540.242
301277.SZ,20250917,14.0,14.02,13.92,13.93,14.04,-0.7835,33570.47,46820.745
301278.SZ,20250917,34.96,35.43,34.81,35.24,35.12,0.3417,10680.7,37567.6
301279.SZ,20250917,24.45,24.87,24.3,24.59,24.54,0.2037,21219.4,52279.873
301280.SZ,20250917,54.76,56.84,54.44,55.41,54.59,1.5021,32903.01,183106.456
301281.SZ,20250917,35.53,35.66,35.07,35.16,35.53,-1.0414,11464.0,40443.632
301282.SZ,20250917,30.07,30.39,29.68,30.06,30.27,-0.6938,65216.13,195778.72
301283.SZ,20250917,43.0,43.65,42.6,42.82,42.59,0.54,12855.89,55300.999
301285.SZ,20250917,51.63,51.87,49.0,50.08,51.63,-3.0021,68430.52,345667.894
301286.SZ,20250917,26.2,26.53,26.11,26.35,26.25,0.381,17506.0,46201.151
301287.SZ,20250917,42.35,43.5,42.25,42.44,42.11,0.7837,21417.36,91653.621
301288.SZ,20250917,17.77,18.08,17.5,17.97,17.76,1.1824,9796.0,17415.41
301289.SZ,20250917,52.43,53.09,52.16,52.62,52.42,0.3815,7420.4,39122.012
301290.SZ,20250917,27.2,27.48,27.0,27.18,27.3,-0.4396,11947.0,32513.701
301291.SZ,20250917,43.03,44.63,42.83,43.99,43.37,1.4296,74781.78,328745.07
301292.SZ,20250917,19.77,20.08,19.65,19.78,19.98,-1.001,83801.98,166280.361
301293.SZ,20250917,62.48,62.6,61.0,61.59,62.23,-1.0284,100354.72,618343.613
301295.SZ,20250917,32.38,32.57,31.51,31.61,32.44,-2.5586,23684.72,75514.43
301296.SZ,20250917,9.89,9.99,9.82,9.89,9.91,-0.2018,39849.0,39511.867
301297.SZ,20250917,39.99,41.0,39.99,40.2,39.98,0.5503,67182.87,272197.788
301298.SZ,20250917,17.58,17.75,17.41,17.68,17.66,0.1133,27492.0,48501.46
301299.SZ,20250917,62.3,63.16,62.28,62.72,62.65,0.1117,9381.0,58889.084
301300.SZ,20250917,40.56,42.52,40.36,41.95,40.56,3.427,27024.21,113298.969
301301.SZ,20250917,11.42,11.45,11.35,11.44,11.41,0.2629,117086.88,133553.53
301302.SZ,20250917,24.0,24.15,23.83,23.98,24.07,-0.3739,20766.5,49742.093
301303.SZ,20250917,16.6,16.79,16.45,16.51,16.63,-0.7216,28244.91,46909.343
301305.SZ,20250917,21.53,22.31,21.41,22.24,21.6,2.963,69162.18,151984.135
301306.SZ,20250917,54.0,55.99,53.53,55.0,53.96,1.9274,33877.94,186086.176
301307.SZ,20250917,40.96,42.12,38.5,39.1,40.38,-3.1699,313967.49,1254178.326
301308.SZ,20250917,114.01,116.88,111.71,114.73,115.23,-0.4339,156575.44,1785052.505
301309.SZ,20250917,30.69,30.87,30.51,30.81,30.63,0.5877,8306.0,25540.274
301310.SZ,20250917,41.96,42.24,41.4,41.48,41.96,-1.1439,18582.06,77715.943
301311.SZ,20250917,20.08,20.25,19.99,20.13,20.16,-0.1488,27959.28,56260.127
301312.SZ,20250917,58.0,58.8,57.2,57.31,57.86,-0.9506,44591.27,257410.343
301313.SZ,20250917,25.94,27.57,25.7,26.65,25.94,2.7371,57290.52,153311.159
301314.SZ,20250917,43.38,43.9,43.02,43.42,43.38,0.0922,5355.41,23289.456
301315.SZ,20250917,53.19,55.31,52.5,54.4,52.9,2.8355,36318.35,197365.836
301316.SZ,20250917,58.72,59.78,57.0,57.96,58.86,-1.5291,144066.42,839114.827
301317.SZ,20250917,34.91,34.91,34.35,34.48,34.92,-1.26,21921.0,75803.01
301318.SZ,20250917,32.01,32.65,31.9,32.57,32.1,1.4642,20775.3,67309.671
301319.SZ,20250917,34.45,35.15,33.93,34.77,34.45,0.9289,58121.61,200567.4
301320.SZ,20250917,19.19,19.4,18.97,19.26,19.19,0.3648,32700.72,62962.312
301321.SZ,20250917,17.79,18.4,17.76,18.05,17.84,1.1771,60086.2,108634.181
301322.SZ,20250917,33.2,35.2,33.15,34.45,33.39,3.1746,56269.71,192689.198
301323.SZ,20250917,52.28,54.48,51.53,53.39,52.3,2.0841,38535.0,203292.734
301325.SZ,20250917,68.9,70.09,67.8,69.08,69.31,-0.3318,64189.4,443583.519
301326.SZ,20250917,106.51,110.8,105.81,110.34,107.7,2.4513,24039.02,261257.984
301327.SZ,20250917,67.97,73.58,67.22,72.49,68.23,6.2436,45175.86,322157.554
301328.SZ,20250917,49.0,50.78,48.91,50.36,49.29,2.1708,35025.78,175894.067
301329.SZ,20250917,21.37,21.64,21.27,21.36,21.32,0.1876,20461.3,43862.653
301330.SZ,20250917,34.13,34.79,33.94,34.52,34.38,0.4072,86298.71,297494.065
301331.SZ,20250917,33.65,35.6,33.34,34.98,33.8,3.4911,18266.52,63366.185
301332.SZ,20250917,10.66,10.71,10.56,10.62,10.66,-0.3752,39703.0,42283.442
301333.SZ,20250917,57.71,58.0,56.42,57.38,58.0,-1.069,24395.26,139287.461
301335.SZ,20250917,33.3,33.97,33.03,33.22,33.37,-0.4495,37362.91,125313.994
301336.SZ,20250917,55.44,57.1,55.31,55.54,55.62,-0.1438,11197.63,62948.096
301337.SZ,20250917,29.24,29.48,29.1,29.24,29.25,-0.0342,11031.0,32358.186
301338.SZ,20250917,66.0,67.5,65.14,65.7,66.21,-0.7703,33274.34,219372.324
301339.SZ,20250917,16.15,16.3,16.05,16.23,16.18,0.309,61167.05,99157.631
301345.SZ,20250917,209.04,222.88,209.01,221.6,208.53,6.2677,21913.54,479107.846
301348.SZ,20250917,21.73,21.97,21.49,21.69,21.73,-0.1841,65429.17,142169.437
301349.SZ,20250917,42.18,42.35,41.48,41.9,41.98,-0.1906,29113.5,121908.489
301353.SZ,20250917,27.1,28.6,26.76,28.14,26.97,4.3382,47515.94,132382.145
301355.SZ,20250917,12.27,12.36,12.19,12.3,12.27,0.2445,36355.05,44723.353
301356.SZ,20250917,23.6,24.58,23.29,23.93,23.45,2.0469,82315.9,195983.99
301357.SZ,20250917,129.7,130.96,124.85,126.98,129.05,-1.604,49331.39,625873.181
301358.SZ,20250917,42.54,43.68,41.78,43.41,42.8,1.4252,253448.57,1088227.924
301359.SZ,20250917,21.5,21.74,21.27,21.59,21.47,0.5589,16529.4,35746.073
301360.SZ,20250917,65.09,66.6,64.25,65.18,65.76,-0.882,30500.0,198857.738
301361.SZ,20250917,35.81,36.28,35.62,35.7,36.39,-1.8961,26085.33,93492.942
301362.SZ,20250917,44.05,45.33,43.8,44.9,44.04,1.9528,19392.0,86891.931
301363.SZ,20250917,28.21,28.38,27.06,27.31,28.14,-2.9495,153325.66,422006.376
301365.SZ,20250917,20.71,20.84,20.03,20.09,20.61,-2.523,30490.31,61820.499
301366.SZ,20250917,40.07,40.6,39.8,40.22,40.19,0.0746,36688.56,147380.734
301367.SZ,20250917,91.33,91.88,89.31,89.6,91.33,-1.8942,7050.0,63465.85
301368.SZ,20250917,80.33,85.5,77.8,82.11,75.66,8.525,225837.0,1834684.054
301369.SZ,20250917,77.0,78.9,76.03,76.31,76.88,-0.7414,11437.5,88044.258
301370.SZ,20250917,11.41,11.42,11.32,11.38,11.41,-0.2629,40974.0,46559.957
301371.SZ,20250917,25.8,25.97,25.74,25.85,25.88,-0.1159,14076.4,36373.443
301372.SZ,20250917,26.8,26.89,26.41,26.47,26.76,-1.0837,13629.35,36353.381
301373.SZ,20250917,34.65,35.18,34.65,34.82,34.82,0.0,9998.81,34936.718
301376.SZ,20250917,20.5,20.5,20.06,20.36,20.5,-0.6829,42043.29,85256.724
301377.SZ,20250917,86.01,86.9,83.09,85.38,86.48,-1.272,67005.97,569626.822
301378.SZ,20250917,31.16,31.38,30.85,31.35,31.16,0.6098,22445.75,69967.755
301379.SZ,20250917,25.33,25.6,25.05,25.15,25.5,-1.3725,42947.97,108635.68
301380.SZ,20250917,38.84,40.3,38.42,39.96,38.73,3.1758,47538.82,188664.468
301381.SZ,20250917,24.02,24.97,23.6,24.64,25.08,-1.7544,172011.49,420890.124
301382.SZ,20250917,37.6,39.0,37.4,38.3,37.77,1.4032,185603.22,712024.047
301383.SZ,20250917,37.61,38.84,37.61,38.01,37.59,1.1173,38794.07,148538.6
301386.SZ,20250917,24.38,24.5,24.18,24.26,24.41,-0.6145,21298.4,51810.905
301387.SZ,20250917,41.8,42.94,41.8,42.53,41.9,1.5036,18181.62,77313.85
301388.SZ,20250917,32.17,32.37,31.86,31.88,32.17,-0.9015,14574.0,46749.08
301389.SZ,20250917,68.6,70.2,64.31,66.07,69.1,-4.3849,182576.41,1218031.665
301390.SZ,20250917,36.93,37.74,36.85,37.05,37.13,-0.2155,7946.0,29581.236
301391.SZ,20250917,61.74,64.88,60.2,61.44,60.27,1.9413,36172.23,225605.623
301392.SZ,20250917,171.52,183.4,169.02,178.05,159.68,11.5043,77875.31,1384534.314
301393.SZ,20250917,58.14,58.7,56.67,57.13,58.08,-1.6357,22089.81,126337.362
301395.SZ,20250917,11.58,11.58,11.37,11.39,11.57,-1.5557,31183.4,35731.682
301396.SZ,20250917,77.55,79.82,76.66,78.18,77.52,0.8514,142327.23,1114636.474
301397.SZ,20250917,45.24,45.87,43.55,43.86,45.72,-4.0682,91587.07,406182.982
301398.SZ,20250917,55.0,57.99,53.7,57.36,55.3,3.7251,115732.76,648941.769
301399.SZ,20250917,20.76,21.39,20.52,21.16,20.68,2.3211,50078.67,105514.716
301408.SZ,20250917,13.69,13.77,13.52,13.53,13.72,-1.3848,61119.44,83113.42
301413.SZ,20250917,183.5,200.15,177.07,195.5,180.11,8.5448,85164.32,1618930.073
301418.SZ,20250917,39.71,40.4,39.43,39.56,39.89,-0.8273,15332.0,61026.895
301419.SZ,20250917,36.79,39.48,36.71,38.31,37.49,2.1872,128308.36,493689.642
301421.SZ,20250917,88.0,88.12,85.19,88.12,73.43,20.0054,129047.07,1133373.583
301428.SZ,20250917,38.71,39.05,38.63,38.68,39.13,-1.15,31004.0,120221.458
301429.SZ,20250917,19.89,20.08,19.71,19.93,19.79,0.7074,10850.0,21634.191
301439.SZ,20250917,15.49,16.02,15.41,15.71,15.5,1.3548,57070.0,89960.267
301446.SZ,20250917,29.28,29.28,28.26,28.32,29.35,-3.5094,20509.0,58655.838
301448.SZ,20250917,61.64,63.42,60.6,62.53,61.63,1.4603,25891.43,160339.942
301456.SZ,20250917,27.83,28.46,27.68,28.31,27.98,1.1794,36896.53,103742.564
301458.SZ,20250917,36.5,37.4,36.36,37.14,36.47,1.8371,39043.65,144648.132
301459.SZ,20250917,45.63,47.13,45.36,46.21,45.61,1.3155,27139.8,125771.224
301468.SZ,20250917,25.25,25.41,25.15,25.16,25.3,-0.5534,9506.0,24014.881
301469.SZ,20250917,28.97,29.28,28.8,29.05,28.97,0.2761,8343.0,24253.606
301479.SZ,20250917,95.01,99.0,94.71,97.23,95.21,2.1216,17330.2,169279.062
301486.SZ,20250917,98.07,99.38,95.8,96.9,99.05,-2.1706,62642.89,612029.815
301487.SZ,20250917,28.0,30.8,27.81,29.53,28.12,5.0142,602858.55,1766069.762
301488.SZ,20250917,196.02,222.22,192.44,218.03,190.88,14.2236,108182.8,2219228.093
301489.SZ,20250917,227.0,227.0,215.0,218.5,226.0,-3.3186,27590.86,603385.522
301491.SZ,20250917,66.01,70.1,65.69,68.8,65.88,4.4323,63504.7,433211.166
301498.SZ,20250917,93.76,98.59,93.51,96.05,93.62,2.5956,36425.76,351285.494
301499.SZ,20250917,28.9,29.37,28.9,29.23,28.83,1.3874,23142.0,67580.31
301500.SZ,20250917,17.25,17.45,17.06,17.22,17.45,-1.3181,104790.22,180195.032
301501.SZ,20250917,51.2,51.35,50.84,50.9,51.28,-0.741,13396.85,68354.878
301502.SZ,20250917,52.19,59.0,51.39,57.5,52.02,10.5344,35614.08,197416.789
301503.SZ,20250917,41.69,42.44,41.25,41.93,41.55,0.9146,11784.0,49379.489
301505.SZ,20250917,24.36,24.4,23.45,23.64,23.93,-1.2119,35827.7,84674.526
301507.SZ,20250917,14.44,14.44,14.3,14.37,14.44,-0.4848,29782.17,42751.269
301508.SZ,20250917,33.18,33.56,32.93,33.41,33.19,0.6629,19086.25,63469.895
301509.SZ,20250917,38.97,39.0,38.28,38.42,39.05,-1.6133,33137.69,127638.129
301510.SZ,20250917,35.88,36.7,35.05,36.27,35.69,1.6251,165691.06,599018.551
301511.SZ,20250917,35.0,37.3,35.0,37.0,35.4,4.5198,499993.04,1831083.143
301512.SZ,20250917,47.48,48.79,47.23,48.0,47.46,1.1378,15467.29,74647.116
301515.SZ,20250917,22.33,22.49,22.12,22.21,22.34,-0.5819,10310.0,22915.226
301516.SZ,20250917,18.05,18.56,18.02,18.44,18.15,1.5978,43223.0,79477.587
301517.SZ,20250917,45.09,45.9,44.73,45.18,45.21,-0.0664,30926.27,140077.039
301518.SZ,20250917,29.08,29.78,28.0,28.47,29.07,-2.064,54660.58,157375.563
301519.SZ,20250917,14.46,14.65,14.36,14.49,14.46,0.2075,21162.0,30684.165
301520.SZ,20250917,44.9,45.19,44.32,44.38,45.13,-1.6619,13911.0,61920.742
301522.SZ,20250917,34.4,34.6,34.2,34.4,34.51,-0.3187,20326.48,69891.847
301525.SZ,20250917,101.0,104.04,100.44,101.7,103.3,-1.5489,30180.73,309017.219
301526.SZ,20250917,6.93,7.1,6.77,6.82,6.89,-1.016,1037688.4,713956.998
301528.SZ,20250917,63.8,64.27,62.74,62.91,64.31,-2.177,9167.21,57999.531
301529.SZ,20250917,90.0,90.6,84.51,89.55,90.8,-1.3767,51147.06,448731.642
301533.SZ,20250917,39.96,40.11,38.9,39.12,39.95,-2.0776,18973.0,74616.381
301535.SZ,20250917,21.86,23.48,21.86,22.62,22.12,2.2604,132642.75,302665.448
301536.SZ,20250917,63.8,64.96,63.37,64.26,63.9,0.5634,57505.0,369371.411
301538.SZ,20250917,99.5,100.9,96.29,98.7,100.31,-1.605,41237.63,404233.985
301539.SZ,20250917,20.54,20.77,20.4,20.63,20.6,0.1456,22494.65,46447.107
301548.SZ,20250917,52.46,53.08,51.8,52.17,52.41,-0.4579,14670.72,76785.796
301550.SZ,20250917,125.35,131.0,125.11,129.6,128.35,0.9739,79501.8,1022470.987
301551.SZ,20250917,48.6,48.65,48.02,48.04,48.65,-1.2539,15603.0,75311.95
301552.SZ,20250917,43.45,44.71,43.41,43.95,43.41,1.244,20053.56,88125.954
301555.SZ,20250917,30.5,32.0,30.5,31.12,30.79,1.0718,37628.0,117706.108
301556.SZ,20250917,100.45,100.5,98.01,98.23,100.44,-2.2003,13801.73,136820.741
301557.SZ,20250917,73.49,74.44,72.93,73.82,73.06,1.0402,6766.0,50010.213
301558.SZ,20250917,9.26,9.35,9.21,9.24,9.33,-0.9646,139881.45,129674.719
301559.SZ,20250917,17.83,17.83,17.55,17.58,17.81,-1.2914,24995.36,44083.534
301560.SZ,20250917,37.5,38.29,37.33,38.14,37.53,1.6254,24212.16,92079.168
301565.SZ,20250917,25.72,25.85,25.35,25.44,25.87,-1.6622,67041.24,171186.997
301566.SZ,20250917,17.42,17.86,17.4,17.74,17.5,1.3714,101225.4,179337.57
301567.SZ,20250917,42.99,44.48,42.95,43.27,42.93,0.792,21309.33,93098.252
301568.SZ,20250917,50.85,52.27,50.1,50.89,50.9,-0.0196,60256.74,308214.853
301571.SZ,20250917,44.68,45.27,44.42,45.03,44.78,0.5583,24284.43,109220.936
301575.SZ,20250917,58.01,58.49,56.8,57.02,60.36,-5.5335,71146.92,407126.684
301577.SZ,20250917,63.0,64.49,62.1,64.12,62.73,2.2158,12932.52,82676.516
301578.SZ,20250917,38.7,39.25,38.55,38.86,38.69,0.4394,16263.98,63299.713
301580.SZ,20250917,46.2,46.58,46.0,46.15,46.5,-0.7527,7522.0,34801.527
301581.SZ,20250917,57.07,58.26,56.76,57.12,57.24,-0.2096,12453.22,71453.637
301585.SZ,20250917,34.65,35.99,34.47,35.09,34.65,1.2698,33121.82,117315.564
301586.SZ,20250917,50.3,50.59,50.0,50.25,50.29,-0.0795,11132.59,56052.56
301587.SZ,20250917,25.01,25.24,24.6,24.92,24.98,-0.2402,49555.89,123320.845
301588.SZ,20250917,21.97,22.31,21.7,21.87,22.01,-0.6361,27446.02,60439.524
301589.SZ,20250917,178.96,185.6,177.2,183.91,179.22,2.6169,13058.17,237902.042
301590.SZ,20250917,198.03,198.6,193.36,195.0,198.65,-1.8374,13050.07,254535.157
301591.SZ,20250917,45.15,45.8,44.9,45.12,45.44,-0.7042,23993.32,108805.018
301592.SZ,20250917,135.25,135.89,134.5,135.15,135.71,-0.4126,6002.6,81024.982
301595.SZ,20250917,41.85,42.25,41.66,42.15,41.94,0.5007,12015.43,50490.532
301596.SZ,20250917,94.6,96.13,94.06,94.9,95.1,-0.2103,19302.41,183264.558
301598.SZ,20250917,67.3,67.88,66.5,66.98,67.63,-0.9611,13160.2,88349.304
301600.SZ,20250917,148.6,156.0,147.0,150.3,149.0,0.8725,39174.84,591943.156
301601.SZ,20250917,33.38,33.69,33.19,33.36,33.39,-0.0898,13277.86,44406.271
301602.SZ,20250917,25.4,25.69,25.25,25.47,25.43,0.1573,24479.35,62483.451
301603.SZ,20250917,83.94,88.98,82.38,84.7,84.07,0.7494,66934.26,576858.17
301606.SZ,20250917,67.09,68.99,66.48,67.99,67.08,1.3566,20047.03,135452.032
301607.SZ,20250917,37.31,38.4,36.84,37.79,37.95,-0.4216,84003.19,314833.664
301608.SZ,20250917,96.4,98.33,95.0,95.53,96.57,-1.0769,17015.79,164221.54
301609.SZ,20250917,48.7,49.9,48.69,49.54,48.89,1.3295,32919.37,162721.422
301611.SZ,20250917,52.74,53.7,52.74,53.32,52.7,1.1765,55767.79,297106.989
301613.SZ,20250917,57.29,57.66,56.41,56.88,57.09,-0.3678,22498.98,127884.094
301616.SZ,20250917,54.01,57.11,54.0,56.12,54.45,3.067,41227.72,231628.573
301617.SZ,20250917,79.5,79.88,76.31,76.43,79.36,-3.692,39066.07,302897.321
301618.SZ,20250917,60.99,61.24,60.41,60.56,61.07,-0.8351,8570.6,52026.633
301622.SZ,20250917,83.83,84.78,83.62,84.63,84.57,0.0709,18992.53,159980.319
301626.SZ,20250917,125.94,127.61,124.6,124.75,126.79,-1.609,17439.82,219403.067
301628.SZ,20250917,91.24,92.29,90.4,90.76,91.48,-0.7871,12686.48,115599.925
301629.SZ,20250917,163.0,165.48,162.03,162.6,164.18,-0.9624,10092.97,164900.949
301630.SZ,20250917,186.0,197.87,185.04,193.88,186.1,4.1805,16024.26,307238.031
301631.SZ,20250917,90.1,90.6,89.39,89.9,90.6,-0.7726,12957.97,116596.248
301632.SZ,20250917,32.32,32.36,31.8,32.13,32.41,-0.8639,61320.75,196359.321
301633.SZ,20250917,81.15,83.4,80.61,81.69,81.15,0.6654,8136.53,66874.264
301636.SZ,20250917,57.73,58.42,57.23,57.98,57.74,0.4157,13589.58,78795.522
301658.SZ,20250917,35.56,37.93,35.16,37.29,35.69,4.483,115405.42,425447.368
301662.SZ,20250917,142.0,144.58,138.42,139.54,142.58,-2.1321,23627.48,334490.799
301665.SZ,20250917,30.26,31.0,30.15,30.49,30.3,0.6271,35459.7,108573.924
301678.SZ,20250917,86.0,87.8,85.31,86.61,86.93,-0.3681,47352.86,409611.969
302132.SZ,20250917,82.25,82.25,81.07,81.69,81.78,-0.1101,98208.91,802143.661
920017.BJ,20250917,19.9,19.9,19.57,19.76,19.79,-0.1516,18715.5,36926.251
920047.BJ,20250917,25.94,25.99,25.31,25.66,25.82,-0.6197,33186.4,84711.639
920090.BJ,20250917,8.93,9.88,8.84,9.62,8.93,7.7268,320867.09,304270.241
920139.BJ,20250917,25.8,27.15,25.8,26.38,26.24,0.5335,80220.77,212581.711
920198.BJ,20250917,11.47,11.48,11.23,11.29,11.4,-0.9649,28166.63,31973.961
920300.BJ,20250917,17.25,17.28,17.01,17.05,17.12,-0.4089,19730.91,33751.948
920418.BJ,20250917,33.05,33.21,32.4,32.51,32.74,-0.7025,49301.54,161464.019
920425.BJ,20250917,26.68,27.23,26.52,26.75,26.84,-0.3353,30204.46,81271.631
920476.BJ,20250917,28.01,28.28,27.81,28.05,27.97,0.286,17922.76,50258.552
920478.BJ,20250917,24.31,24.44,24.02,24.23,24.34,-0.4519,12890.34,31289.411
920510.BJ,20250917,22.97,22.97,21.86,22.14,22.62,-2.122,45276.67,100745.983
920556.BJ,20250917,11.73,11.95,11.6,11.87,11.67,1.7138,47538.75,56012.921
920564.BJ,20250917,25.26,25.37,25.0,25.0,25.21,-0.833,15260.53,38420.05
920685.BJ,20250917,16.84,17.39,16.79,17.19,16.83,2.139,17778.83,30439.376
920718.BJ,20250917,20.35,22.4,20.08,21.82,20.3,7.4877,51100.7,108610.155
600000.SH,20250917,13.15,13.25,12.95,12.96,13.16,-1.5198,666218.05,869297.895
600004.SH,20250917,9.57,9.71,9.53,9.66,9.55,1.1518,241977.5,232801.48
600006.SH,20250917,7.56,7.57,7.51,7.54,7.56,-0.2646,229925.32,173339.795
600007.SH,20250917,21.58,22.42,21.44,22.33,21.59,3.4275,36451.49,80214.474
600008.SH,20250917,3.24,3.33,3.22,3.33,3.24,2.7778,1742855.3,570877.206
600009.SH,20250917,32.15,32.54,32.0,32.39,32.06,1.0293,131697.3,425256.658
600010.SH,20250917,2.46,2.48,2.44,2.48,2.5,-0.8,6455267.1,1590457.176
600011.SH,20250917,7.55,7.58,7.47,7.53,7.55,-0.2649,459217.33,345370.708
600012.SH,20250917,13.32,13.34,13.13,13.2,13.29,-0.6772,129256.23,170854.439
600015.SH,20250917,6.98,7.0,6.91,6.92,6.98,-0.8596,916230.42,637069.16
600016.SH,20250917,4.13,4.14,4.08,4.09,4.13,-0.9685,4126260.29,1697920.758
600017.SH,20250917,3.27,3.31,3.24,3.28,3.27,0.3058,435678.0,142798.732
600018.SH,20250917,5.61,5.68,5.59,5.67,5.61,1.0695,543447.6,306704.557
600019.SH,20250917,6.9,7.03,6.88,6.92,6.93,-0.1443,1425382.63,990718.513
600020.SH,20250917,4.38,4.39,4.34,4.37,4.38,-0.2283,100323.41,43830.473
600021.SH,20250917,21.1,21.41,20.32,20.4,21.07,-3.1799,1571204.8,3246610.864
600022.SH,20250917,1.59,1.6,1.57,1.59,1.6,-0.625,1067817.33,169246.82
600023.SH,20250917,5.09,5.12,5.07,5.1,5.09,0.1965,442024.51,225233.118
600025.SH,20250917,9.26,9.33,9.22,9.27,9.26,0.108,251947.33,233433.816
600026.SH,20250917,12.7,13.12,12.55,12.73,12.3,3.4959,758708.63,971846.441
600027.SH,20250917,5.32,5.35,5.29,5.32,5.32,0.0,667521.62,354790.821
600028.SH,20250917,5.49,5.49,5.43,5.49,5.48,0.1825,1510499.51,825463.713
600029.SH,20250917,6.05,6.26,6.03,6.23,6.05,2.9752,1246411.12,769576.415
600030.SH,20250917,29.29,29.51,28.96,28.99,29.28,-0.9904,3024152.62,8823722.234
600031.SH,20250917,20.56,21.07,20.53,20.97,20.65,1.5496,515529.59,1076089.736
600032.SH,20250917,7.58,7.75,7.55,7.74,7.58,2.1108,118658.16,90994.055
600033.SH,20250917,3.55,3.56,3.51,3.53,3.55,-0.5634,235481.9,83151.799
600035.SH,20250917,4.06,4.07,4.04,4.06,4.06,0.0,134462.97,54534.781
600036.SH,20250917,41.76,42.19,41.7,41.76,41.75,0.024,572362.58,2392440.771
600037.SH,20250917,8.2,8.21,8.11,8.16,8.21,-0.609,136377.5,111281.161
600038.SH,20250917,36.05,36.15,35.79,36.06,36.07,-0.0277,84359.22,303214.694
600039.SH,20250917,8.67,8.87,8.63,8.77,8.67,1.1534,278303.71,244437.679
600048.SH,20250917,7.96,8.03,7.9,8.0,7.98,0.2506,2039853.78,1624688.631
600050.SH,20250917,5.57,5.72,5.53,5.62,5.58,0.7168,5043601.85,2824149.475
600051.SH,20250917,7.45,7.49,7.41,7.44,7.44,0.0,36851.76,27450.199
600052.SH,20250917,5.63,5.66,5.46,5.48,5.66,-3.1802,412613.96,228219.506
600053.SH,20250917,18.86,19.29,18.68,19.01,18.79,1.1708,184068.0,350244.725
600054.SH,20250917,12.66,12.72,12.25,12.35,12.55,-1.5936,196787.99,243956.864
600055.SH,20250917,18.71,18.71,18.36,18.46,18.65,-1.0188,73003.2,134793.835
600056.SH,20250917,10.83,10.95,10.81,10.95,10.86,0.8287,156040.95,169894.679
600057.SH,20250917,7.21,7.25,7.18,7.2,7.2,0.0,106190.24,76612.211
600058.SH,20250917,9.4,9.49,9.3,9.44,9.45,-0.1058,131895.1,123749.937
600059.SH,20250917,10.19,10.23,9.97,9.99,10.17,-1.7699,170321.0,170911.99
600060.SH,20250917,20.78,22.2,20.65,22.15,20.78,6.5929,339319.57,735630.357
600061.SH,20250917,7.65,7.9,7.62,7.84,7.63,2.7523,962547.57,748962.835
600062.SH,20250917,19.09,19.1,18.97,19.06,19.06,0.0,93271.19,177431.077
600063.SH,20250917,5.91,6.04,5.83,5.98,5.9,1.3559,561913.78,333073.089
600064.SH,20250917,8.11,8.13,8.06,8.09,8.14,-0.6143,186785.0,151267.141
600066.SH,20250917,28.23,28.5,27.91,27.94,28.28,-1.2023,176311.18,496321.794
600067.SH,20250917,3.23,3.26,3.19,3.25,3.24,0.3086,280768.17,90840.109
600071.SH,20250917,23.65,24.0,23.35,23.55,23.55,0.0,93212.33,220138.297
600072.SH,20250917,12.69,13.0,12.59,12.67,12.37,2.4252,336478.45,428785.125
600073.SH,20250917,7.33,7.35,7.23,7.26,7.34,-1.0899,177096.0,128712.122
600075.SH,20250917,4.56,4.56,4.52,4.53,4.57,-0.8753,105092.06,47654.167
600076.SH,20250917,3.02,3.03,2.94,2.97,3.02,-1.6556,371161.0,110294.277
600078.SH,20250917,6.64,6.64,6.49,6.5,6.58,-1.2158,73215.01,47777.6
600079.SH,20250917,22.4,22.46,21.91,21.96,22.24,-1.259,257783.82,568685.641
600080.SH,20250917,7.32,7.36,7.24,7.3,7.32,-0.2732,38989.0,28388.549
600081.SH,20250917,13.48,13.88,13.48,13.66,13.49,1.2602,91566.29,125579.063
600082.SH,20250917,4.36,4.41,4.3,4.4,4.39,0.2278,227180.0,98991.031
600084.SH,20250917,5.59,5.59,5.44,5.46,5.59,-2.3256,70742.0,38758.36
600085.SH,20250917,35.08,35.12,34.96,35.1,35.08,0.057,61579.06,215846.078
600088.SH,20250917,17.63,17.72,17.34,17.37,17.74,-2.0857,53449.57,93153.971
600089.SH,20250917,14.71,16.15,14.66,16.15,14.68,10.0136,3676896.86,5770705.36
600094.SH,20250917,3.97,4.09,3.91,4.02,4.0,0.5,545727.8,219117.589
600095.SH,20250917,11.5,11.71,11.45,11.7,11.54,1.3865,597731.89,694141.531
600096.SH,20250917,26.6,26.85,26.34,26.6,26.65,-0.1876,157273.72,417629.254
600097.SH,20250917,12.32,12.33,11.83,11.88,12.4,-4.1935,99781.01,119504.27
600098.SH,20250917,6.76,6.81,6.7,6.77,6.76,0.1479,188207.34,127258.564
600099.SH,20250917,11.12,11.2,11.07,11.09,11.12,-0.2698,27760.0,30911.262
600100.SH,20250917,8.06,8.09,7.99,8.05,8.07,-0.2478,407326.53,327253.867
600101.SH,20250917,9.77,9.82,9.71,9.8,9.77,0.3071,93749.33,91659.831
600103.SH,20250917,4.3,4.76,4.14,4.54,4.41,2.9478,6947478.18,3148931.353
600104.SH,20250917,18.68,19.22,18.56,18.9,18.68,1.1777,753092.91,1419843.806
600105.SH,20250917,11.09,11.09,10.86,10.98,11.09,-0.9919,664354.64,727762.228
600106.SH,20250917,6.72,6.77,6.68,6.7,6.77,-1.034,235950.7,158286.088
600107.SH,20250917,6.85,7.0,6.66,6.71,6.89,-2.6125,75969.92,51916.003
600108.SH,20250917,3.17,3.18,3.12,3.15,3.19,-1.2539,425231.44,133681.016
600109.SH,20250917,10.07,10.21,10.01,10.2,10.07,1.291,505778.66,511856.48
600110.SH,20250917,7.27,7.33,7.18,7.23,7.3,-0.9589,927152.88,671854.905
600111.SH,20250917,49.4,50.5,49.11,50.34,50.16,0.3589,1413849.59,7036657.182
600113.SH,20250917,57.2,57.31,56.17,56.32,57.2,-1.5385,37202.61,210487.507
600114.SH,20250917,30.45,33.5,30.43,33.5,30.45,10.0164,318053.64,1015662.096
600115.SH,20250917,4.01,4.23,4.0,4.2,4.02,4.4776,2430442.38,1007042.217
600116.SH,20250917,6.69,6.72,6.68,6.71,6.7,0.1493,74633.79,50018.12
600117.SH,20250917,3.37,3.38,3.34,3.35,3.4,-1.4706,461014.3,154579.506
600118.SH,20250917,36.35,36.72,35.73,36.55,36.65,-0.2729,325364.95,1181080.315
600119.SH,20250917,8.42,8.58,8.25,8.28,8.39,-1.3111,84972.0,70947.511
600120.SH,20250917,6.22,6.54,6.18,6.48,6.22,4.1801,1602581.34,1025448.38
600121.SH,20250917,4.14,4.2,4.1,4.16,4.15,0.241,305552.46,127148.468
600123.SH,20250917,6.63,6.72,6.62,6.7,6.65,0.7519,223836.25,149617.895
600125.SH,20250917,6.12,6.16,6.06,6.14,6.14,0.0,167425.76,102461.355
600126.SH,20250917,9.8,9.81,9.62,9.65,9.81,-1.631,744078.66,720097.936
600127.SH,20250917,6.95,6.96,6.92,6.95,6.97,-0.2869,95269.77,66096.961
600128.SH,20250917,11.05,11.08,10.92,10.94,11.07,-1.1743,58845.01,64614.867
600129.SH,20250917,21.7,21.87,21.67,21.73,21.71,0.0921,83927.65,182641.946
600130.SH,20250917,3.98,3.98,3.87,3.88,3.98,-2.5126,188245.0,73685.49
600131.SH,20250917,17.43,17.53,17.32,17.49,17.45,0.2292,55638.75,96947.584
600132.SH,20250917,54.07,54.69,53.93,54.68,54.07,1.1282,40145.85,218486.484
600133.SH,20250917,8.97,9.02,8.95,8.97,9.01,-0.444,105792.73,94980.789
600135.SH,20250917,7.55,7.57,7.46,7.49,7.53,-0.5312,61880.0,46498.392
600136.SH,20250917,1.92,1.92,1.9,1.91,1.92,-0.5208,98125.6,18741.037
600137.SH,20250917,19.36,19.44,19.18,19.2,19.35,-0.7752,11661.0,22503.269
600138.SH,20250917,10.5,10.54,10.29,10.32,10.41,-0.8646,239124.84,247639.564
600141.SH,20250917,27.18,27.77,26.82,27.47,27.36,0.402,132021.92,360716.867
600143.SH,20250917,19.95,21.89,19.65,21.89,19.9,10.0,3411535.54,7241052.916
600148.SH,20250917,20.5,20.87,20.46,20.68,20.49,0.9273,29575.0,61187.866
600149.SH,20250917,5.53,5.57,5.48,5.56,5.52,0.7246,88240.0,48867.636
600150.SH,20250917,37.0,37.0,36.02,36.07,37.04,-2.6188,1356587.8,4919033.716
600151.SH,20250917,8.72,8.8,8.52,8.6,8.71,-1.2629,552066.32,475625.229
600152.SH,20250917,7.01,7.15,6.95,7.07,7.03,0.569,257564.32,182053.699
600153.SH,20250917,10.89,11.03,10.78,10.87,10.9,-0.2752,194081.0,211556.991
600155.SH,20250917,7.56,7.68,7.55,7.65,7.58,0.9235,327881.6,249765.921
600156.SH,20250917,8.95,8.98,8.72,8.73,9.0,-3.0,169786.22,149391.845
600157.SH,20250917,1.56,1.56,1.52,1.55,1.56,-0.641,8735613.63,1347750.281
600158.SH,20250917,9.56,9.76,9.48,9.56,9.47,0.9504,649409.76,625506.734
600159.SH,20250917,3.13,3.17,3.04,3.17,3.13,1.278,306456.39,95638.925
600160.SH,20250917,36.4,37.77,36.23,37.18,36.45,2.0027,396410.17,1469869.467
600161.SH,20250917,19.57,19.59,19.42,19.59,19.54,0.2559,83072.54,162020.564
600162.SH,20250917,2.62,2.62,2.44,2.62,2.38,10.084,3425695.32,886885.546
600163.SH,20250917,5.22,5.27,5.21,5.25,5.23,0.3824,78180.0,40958.557
600165.SH,20250917,3.99,4.03,3.91,3.93,3.96,-0.7576,96507.79,38165.913
600166.SH,20250917,2.94,2.94,2.88,2.92,2.93,-0.3413,1240587.64,361074.436
600167.SH,20250917,6.57,6.83,6.51,6.66,6.54,1.8349,112023.94,74952.864
600168.SH,20250917,5.02,5.04,4.97,5.02,5.03,-0.1988,72872.2,36490.103
600169.SH,20250917,2.64,2.66,2.59,2.63,2.64,-0.3788,929991.31,244677.06
600170.SH,20250917,3.38,3.53,3.1,3.53,3.21,9.9688,21927628.51,7407963.473
600171.SH,20250917,37.77,38.57,37.24,37.41,37.77,-0.9531,608876.72,2298742.14
600172.SH,20250917,4.81,4.89,4.71,4.85,4.8,1.0417,700049.69,337347.645
600173.SH,20250917,9.06,9.9,8.64,9.31,9.5,-2.0,1241453.7,1164447.268
600176.SH,20250917,15.21,15.42,15.06,15.2,15.19,0.0658,493573.28,751470.508
600177.SH,20250917,7.3,7.46,7.27,7.46,7.29,2.332,341785.4,252528.063
600178.SH,20250917,13.46,13.66,13.43,13.63,13.46,1.263,93948.01,127715.555
600179.SH,20250917,3.64,3.65,3.56,3.6,3.64,-1.0989,526680.48,189578.17
600180.SH,20250917,4.7,4.74,4.61,4.7,4.73,-0.6342,212992.0,99573.588
600182.SH,20250917,15.4,15.46,15.33,15.44,15.41,0.1947,10505.01,16189.325
600183.SH,20250917,53.81,54.88,52.0,53.5,54.23,-1.3461,389170.81,2072433.374
600184.SH,20250917,18.17,18.3,17.96,18.06,18.11,-0.2761,69621.39,126130.997
600185.SH,20250917,6.0,6.0,5.88,5.95,5.98,-0.5017,313456.29,185554.476
600186.SH,20250917,6.07,6.07,6.01,6.02,6.07,-0.8237,348492.9,210013.388
600187.SH,20250917,3.05,3.06,3.01,3.03,3.06,-0.9804,301652.78,91219.879
600188.SH,20250917,13.28,13.65,13.25,13.62,13.34,2.099,685081.54,927930.087
600189.SH,20250917,7.39,7.39,7.29,7.33,7.37,-0.5427,106746.8,78183.787
600191.SH,20250917,8.65,8.74,8.5,8.54,8.66,-1.3857,102814.0,88221.694
600192.SH,20250917,9.93,9.94,9.8,9.81,9.93,-1.2085,82709.85,81461.515
600193.SH,20250917,4.5,4.56,4.36,4.38,4.44,-1.3514,136086.0,60615.036
600195.SH,20250917,7.4,7.42,7.34,7.38,7.4,-0.2703,75740.05,55891.998
600196.SH,20250917,31.97,32.2,31.44,31.82,32.15,-1.0264,377584.63,1199261.945
600197.SH,20250917,15.7,15.75,15.59,15.66,15.73,-0.445,41454.7,64931.264
600198.SH,20250917,8.52,8.53,8.44,8.48,8.53,-0.5862,131902.71,111924.576
600199.SH,20250917,10.95,10.98,10.8,10.83,10.96,-1.1861,114808.57,124601.822
600200.SH,20250917,0.94,0.95,0.92,0.93,0.94,-1.0638,207664.02,19315.141
600201.SH,20250917,8.82,8.95,8.65,8.78,8.82,-0.4535,273331.22,240125.52
600202.SH,20250917,6.07,6.16,6.03,6.09,6.06,0.495,77097.0,47046.434
600203.SH,20250917,14.99,16.28,14.73,15.89,14.85,7.0034,1279791.34,1997587.699
600206.SH,20250917,21.46,21.56,21.11,21.28,21.48,-0.9311,345856.95,737913.874
600207.SH,20250917,5.56,6.01,5.5,6.01,5.46,10.0733,1236660.17,722306.012
600208.SH,20250917,4.6,4.74,4.56,4.71,4.62,1.9481,1131510.84,529072.037
600210.SH,20250917,7.48,7.61,7.45,7.52,7.53,-0.1328,357080.6,268870.704
600211.SH,20250917,53.19,53.21,52.0,52.44,53.19,-1.41,89796.41,472336.173
600212.SH,20250917,8.53,8.58,8.45,8.51,8.52,-0.1174,152817.0,129953.765
600215.SH,20250917,7.63,7.64,7.51,7.54,7.61,-0.9198,118996.04,90144.591
600216.SH,20250917,15.04,15.11,14.95,15.06,15.02,0.2663,94395.44,141988.038
600217.SH,20250917,4.47,4.49,4.44,4.46,4.46,0.0,155703.65,69370.921
600218.SH,20250917,9.68,9.7,9.6,9.63,9.69,-0.6192,68443.98,66040.58
600219.SH,20250917,3.92,3.99,3.9,3.98,3.94,1.0152,1871463.71,738153.487
600221.SH,20250917,1.68,1.74,1.66,1.71,1.69,1.1834,8808298.21,1496457.043
600222.SH,20250917,6.64,7.05,6.6,6.76,6.64,1.8072,379514.6,260768.362
600223.SH,20250917,7.91,7.94,7.85,7.91,7.91,0.0,70128.99,55430.805
600226.SH,20250917,4.07,4.16,4.02,4.1,4.07,0.7371,1706443.13,696731.444
600227.SH,20250917,2.68,2.69,2.64,2.66,2.69,-1.1152,312848.75,83265.882
600228.SH,20250917,5.38,5.52,5.37,5.52,5.26,4.943,109397.76,60257.307
600229.SH,20250917,6.83,6.84,6.75,6.82,6.83,-0.1464,39250.65,26713.53
600230.SH,20250917,12.37,12.43,12.29,12.31,12.4,-0.7258,78699.39,97044.982
600231.SH,20250917,2.22,2.23,2.16,2.22,2.22,0.0,300007.77,65852.227
600232.SH,20250917,6.84,6.86,6.75,6.76,6.84,-1.1696,81162.09,55236.02
600233.SH,20250917,19.3,19.53,18.91,19.3,19.28,0.1037,175571.86,337670.341
600234.SH,20250917,9.02,9.28,8.82,9.11,8.94,1.9016,52161.52,47220.885
600235.SH,20250917,6.99,7.33,6.93,7.0,6.95,0.7194,193042.0,136555.635
600236.SH,20250917,6.32,6.34,6.3,6.32,6.31,0.1585,65127.34,41164.336
600237.SH,20250917,7.87,7.97,7.84,7.89,7.88,0.1269,186924.94,147754.287
600238.SH,20250917,6.51,6.52,6.4,6.42,6.52,-1.5337,55561.0,35788.253
600239.SH,20250917,2.72,2.74,2.63,2.68,2.74,-2.1898,785873.69,210953.836
600241.SH,20250917,8.55,8.58,8.42,8.52,8.49,0.3534,58764.0,50096.83
600243.SH,20250917,5.6,5.79,5.55,5.75,5.51,4.3557,167859.0,96330.787
600246.SH,20250917,13.8,15.3,13.52,14.65,14.02,4.4936,3443271.28,4984929.994
600248.SH,20250917,3.98,4.06,3.94,4.02,3.98,1.005,419618.27,168239.886
600249.SH,20250917,6.35,6.37,6.23,6.25,6.33,-1.2638,229143.9,143997.094
600250.SH,20250917,12.74,12.82,12.43,12.46,12.7,-1.8898,178768.0,223983.887
600251.SH,20250917,8.45,8.46,8.32,8.35,8.46,-1.3002,85064.17,71171.438
600252.SH,20250917,2.91,2.92,2.86,2.91,2.91,0.0,654342.0,189167.883
600255.SH,20250917,4.21,4.31,4.16,4.26,4.21,1.1876,1032333.44,438378.596
600256.SH,20250917,5.07,5.1,5.05,5.09,5.08,0.1969,650976.77,330732.323
600257.SH,20250917,5.67,5.69,5.6,5.62,5.67,-0.8818,130955.51,73647.267
600258.SH,20250917,15.49,15.54,14.99,15.04,15.29,-1.6351,191438.27,289516.545
600259.SH,20250917,58.5,59.25,57.61,59.22,59.03,0.3219,112740.14,660268.594
600261.SH,20250917,3.6,3.65,3.59,3.64,3.61,0.831,264075.28,95718.241
600262.SH,20250917,22.19,22.35,21.98,22.08,22.19,-0.4957,33104.0,73421.629
600265.SH,20250917,22.82,23.06,22.51,22.99,22.7,1.2775,4562.0,10445.614
600266.SH,20250917,5.3,5.41,5.2,5.39,5.31,1.5066,511209.73,271320.669
600267.SH,20250917,10.57,10.7,10.45,10.63,10.45,1.7225,212134.71,224469.39
600268.SH,20250917,9.66,10.07,9.64,10.02,9.71,3.1926,303560.19,300614.226
600269.SH,20250917,4.96,4.99,4.95,4.98,4.97,0.2012,96479.38,47986.348
600271.SH,20250917,8.45,8.55,8.42,8.49,8.49,0.0,186818.32,158446.192
600272.SH,20250917,13.32,13.38,13.2,13.34,13.31,0.2254,33509.0,44482.524
600273.SH,20250917,8.27,8.32,8.24,8.29,8.26,0.3632,106307.87,88010.645
600276.SH,20250917,69.3,70.8,69.3,70.13,69.15,1.4172,586033.71,4103135.889
600278.SH,20250917,7.49,7.49,7.4,7.44,7.49,-0.6676,68460.45,50881.228
600279.SH,20250917,5.44,5.51,5.42,5.46,5.49,-0.5464,89704.51,48994.901
600280.SH,20250917,3.75,3.78,3.67,3.68,3.74,-1.6043,505800.98,186968.13
600281.SH,20250917,6.41,6.47,6.39,6.44,6.46,-0.3096,81337.01,52318.903
600282.SH,20250917,4.84,4.88,4.8,4.87,4.86,0.2058,247696.88,120090.87
600283.SH,20250917,9.67,9.69,9.65,9.65,9.66,-0.1035,25751.9,24885.243
600284.SH,20250917,9.14,9.4,9.05,9.27,9.14,1.4223,290211.3,268414.922
600285.SH,20250917,22.55,22.93,22.53,22.79,22.55,1.0643,55034.51,125364.98
600287.SH,20250917,5.85,5.86,5.78,5.8,5.84,-0.6849,53251.0,30957.368
600288.SH,20250917,13.0,13.12,12.88,13.1,13.0,0.7692,99689.57,129864.907
600289.SH,20250917,5.89,6.26,5.8,6.26,5.96,5.0336,107693.58,64868.476
600292.SH,20250917,14.36,14.45,13.49,13.53,14.2,-4.7183,323914.41,446379.594
600293.SH,20250917,3.21,3.21,3.17,3.19,3.21,-0.6231,195655.67,62353.426
600295.SH,20250917,9.83,9.98,9.81,9.95,9.87,0.8105,84903.56,84060.974
600298.SH,20250917,40.32,40.65,39.5,39.99,40.34,-0.8676,104740.31,417154.912
600299.SH,20250917,9.66,9.68,9.59,9.61,9.64,-0.3112,84546.6,81314.126
600300.SH,20250917,3.5,3.59,3.46,3.53,3.5,0.8571,882308.49,311285.374
600301.SH,20250917,31.71,31.95,30.75,31.68,31.87,-0.5962,89583.49,280644.931
600302.SH,20250917,6.97,7.07,6.92,7.02,6.97,0.7174,66969.0,46902.978
600303.SH,20250917,3.82,3.88,3.8,3.83,3.83,0.0,288860.94,110712.702
600305.SH,20250917,8.1,8.14,8.06,8.09,8.1,-0.1235,84734.77,68519.383
600307.SH,20250917,1.78,1.78,1.72,1.76,1.78,-1.1236,696373.0,121616.316
600308.SH,20250917,3.74,3.76,3.71,3.72,3.74,-0.5348,176622.56,65825.374
600309.SH,20250917,66.32,67.5,66.06,67.01,66.61,0.6005,212181.75,1417532.549
600310.SH,20250917,4.05,4.08,4.03,4.06,4.06,0.0,134253.6,54438.939
600312.SH,20250917,15.25,15.58,15.19,15.52,15.19,2.1725,271693.65,419355.905
600313.SH,20250917,6.58,6.59,6.49,6.52,6.59,-1.0622,177134.38,115371.945
600315.SH,20250917,27.3,27.78,27.2,27.37,27.38,-0.0365,44224.53,121397.018
600316.SH,20250917,34.29,34.44,34.0,34.19,34.35,-0.4658,88282.35,301667.682
600318.SH,20250917,10.21,10.47,10.14,10.38,10.2,1.7647,438247.48,453306.401
600319.SH,20250917,8.22,8.31,8.1,8.14,8.24,-1.2136,55685.97,45593.756
600320.SH,20250917,4.52,4.53,4.49,4.5,4.53,-0.6623,323131.39,145473.83
600322.SH,20250917,2.9,3.3,2.76,3.3,3.0,10.0,1830820.74,550466.814
600323.SH,20250917,26.73,27.22,26.65,27.16,26.87,1.0793,45541.8,123024.663
600325.SH,20250917,5.66,5.72,5.55,5.71,5.64,1.2411,674191.73,381198.703
600326.SH,20250917,13.6,13.95,13.52,13.65,13.49,1.1861,1077199.02,1476386.061
600327.SH,20250917,5.12,5.14,5.05,5.09,5.12,-0.5859,260964.88,132706.065
600328.SH,20250917,7.95,7.97,7.89,7.92,7.93,-0.1261,162525.15,128830.494
600329.SH,20250917,45.38,45.78,44.15,44.44,45.53,-2.394,78900.95,351947.359
600330.SH,20250917,11.3,11.84,11.14,11.47,11.4,0.614,1425934.92,1645409.924
600331.SH,20250917,11.46,11.47,11.14,11.3,11.46,-1.3962,407741.97,459187.177
600332.SH,20250917,25.54,25.62,25.48,25.54,25.54,0.0,143810.28,367330.051
600333.SH,20250917,5.72,5.93,5.71,5.85,5.74,1.9164,225059.91,131151.271
600335.SH,20250917,6.28,6.33,6.25,6.32,6.29,0.4769,165956.27,104436.726
600336.SH,20250917,6.75,7.09,6.75,6.9,6.78,1.7699,304919.44,210515.654
600337.SH,20250917,2.23,2.45,2.15,2.45,2.23,9.8655,997953.92,230830.403
600338.SH,20250917,13.34,13.35,13.1,13.24,13.34,-0.7496,578245.65,763516.247
600339.SH,20250917,3.53,3.58,3.52,3.57,3.53,1.1331,425240.55,151114.759
600340.SH,20250917,2.49,2.49,2.41,2.45,2.48,-1.2097,2526018.12,619129.423
600343.SH,20250917,14.32,14.42,14.12,14.23,14.32,-0.6285,74643.03,106463.007
600345.SH,20250917,28.33,29.26,27.9,28.82,28.45,1.3005,89788.4,257501.325
600346.SH,20250917,16.8,17.0,16.65,16.89,16.88,0.0592,127134.07,213952.401
600348.SH,20250917,7.13,7.28,7.11,7.23,7.17,0.8368,495650.09,357655.683
600350.SH,20250917,8.82,8.84,8.74,8.76,8.84,-0.905,120492.68,105695.591
600351.SH,20250917,6.83,6.89,6.81,6.82,6.85,-0.438,120337.43,82201.066
600352.SH,20250917,10.24,10.45,10.2,10.37,10.22,1.4677,237206.0,245551.066
600353.SH,20250917,17.96,18.57,17.81,18.06,18.08,-0.1106,504266.57,917911.377
600354.SH,20250917,6.45,6.47,6.39,6.42,6.46,-0.6192,141797.0,90896.319
600355.SH,20250917,3.52,3.54,3.49,3.52,3.54,-0.565,98757.94,34677.469
600356.SH,20250917,10.34,10.52,10.13,10.16,10.35,-1.8357,65626.0,67387.947
600358.SH,20250917,5.59,5.64,5.55,5.6,5.6,0.0,73210.0,40960.28
600359.SH,20250917,7.13,7.18,7.07,7.1,7.15,-0.6993,64671.87,46011.356
600360.SH,20250917,8.6,8.62,8.51,8.55,8.62,-0.8121,149652.73,128028.684
600361.SH,20250917,4.43,4.43,4.36,4.41,4.43,-0.4515,449004.19,197154.593
600362.SH,20250917,29.73,31.41,29.43,31.06,30.06,3.3267,727006.05,2209385.708
600363.SH,20250917,59.43,59.8,58.8,59.61,59.91,-0.5008,114031.4,676172.51
600365.SH,20250917,3.51,3.55,3.47,3.5,3.51,-0.2849,52352.02,18327.492
600366.SH,20250917,14.9,15.24,14.78,15.12,14.99,0.8672,457876.81,688343.828
600367.SH,20250917,17.52,17.78,17.42,17.59,17.62,-0.1703,178467.7,314432.461
600368.SH,20250917,4.45,4.53,4.42,4.47,4.52,-1.1062,789110.86,352512.622
600369.SH,20250917,4.88,4.94,4.85,4.93,4.9,0.6122,510354.4,250280.994
600370.SH,20250917,2.17,2.17,2.1,2.15,2.17,-0.9217,319668.0,68305.528
600371.SH,20250917,9.18,9.21,9.12,9.14,9.18,-0.4357,43598.31,39882.385
600372.SH,20250917,12.01,12.09,11.95,12.01,12.01,0.0,188092.55,225987.665
600373.SH,20250917,10.23,10.27,10.17,10.23,10.24,-0.0977,90500.43,92515.319
600375.SH,20250917,7.18,7.18,7.03,7.04,7.18,-1.9499,340889.52,241630.128
600376.SH,20250917,6.86,7.34,6.5,7.34,6.67,10.045,3706517.05,2637825.096
600377.SH,20250917,12.83,12.85,12.72,12.74,12.85,-0.856,71999.83,91962.107
600378.SH,20250917,29.8,29.96,29.25,29.91,29.74,0.5716,101302.55,300453.133
600379.SH,20250917,11.83,12.99,11.76,12.99,11.81,9.9915,177216.31,221114.726
600380.SH,20250917,12.95,12.95,12.74,12.85,12.9,-0.3876,179120.07,229726.28
600381.SH,20250917,5.2,5.24,5.05,5.05,5.2,-2.8846,96864.0,49583.802
600382.SH,20250917,6.35,6.36,6.14,6.16,6.3,-2.2222,79117.31,48957.372
600383.SH,20250917,4.33,4.35,4.25,4.33,4.36,-0.6881,862451.62,371486.732
600386.SH,20250917,4.9,4.94,4.84,4.91,4.89,0.409,131687.64,64521.987
600388.SH,20250917,13.73,13.88,13.66,13.69,13.75,-0.4364,131827.71,180973.274
600389.SH,20250917,26.09,26.09,25.5,25.64,26.12,-1.8377,50443.27,129312.54
600390.SH,20250917,6.1,6.38,6.05,6.35,6.1,4.0984,1515682.49,947698.09
600391.SH,20250917,25.8,26.45,25.66,26.33,25.66,2.6111,111376.14,291683.048
600392.SH,20250917,22.3,22.76,21.97,22.75,22.3,2.0179,763485.49,1709746.002
600395.SH,20250917,5.28,5.34,5.26,5.28,5.3,-0.3774,122231.97,64698.706
600396.SH,20250917,3.33,3.34,3.28,3.3,3.33,-0.9009,194648.0,64190.199
600397.SH,20250917,7.58,7.58,7.46,7.49,7.64,-1.9634,216447.69,162309.852
600398.SH,20250917,6.69,6.74,6.65,6.69,6.69,0.0,309484.11,206785.677
600399.SH,20250917,5.41,5.45,5.37,5.42,5.4,0.3704,317865.7,171655.716
600400.SH,20250917,2.78,2.8,2.7,2.75,2.82,-2.4823,1203355.61,329907.632
600403.SH,20250917,3.74,3.83,3.71,3.81,3.75,1.6,227453.11,86009.877
600405.SH,20250917,6.76,6.78,6.48,6.54,6.82,-4.1056,400043.11,264886.816
600406.SH,20250917,22.14,22.44,22.14,22.42,22.17,1.1276,487205.78,1087159.206
600408.SH,20250917,2.48,2.48,2.4,2.47,2.48,-0.4032,241118.01,59054.944
600409.SH,20250917,5.81,5.81,5.71,5.74,5.8,-1.0345,168087.54,96577.861
600410.SH,20250917,21.7,23.0,21.56,22.28,21.51,3.5797,4351474.18,9757136.638
600415.SH,20250917,19.7,19.8,19.41,19.65,19.81,-0.8077,538723.98,1055574.252
600416.SH,20250917,15.15,15.39,15.01,15.2,15.2,0.0,219168.33,333913.466
600418.SH,20250917,56.4,58.68,56.04,57.76,56.58,2.0855,718893.45,4145603.556
600419.SH,20250917,10.58,10.59,10.31,10.34,10.56,-2.0833,71672.0,74499.382
600420.SH,20250917,11.04,11.07,10.96,10.99,11.04,-0.4529,75089.81,82604.103
600421.SH,20250917,8.06,8.29,7.92,7.95,8.29,-4.1013,49435.0,39616.66
600422.SH,20250917,14.24,14.28,14.15,14.19,14.25,-0.4211,57333.98,81415.739
600423.SH,20250917,3.66,3.78,3.64,3.72,3.67,1.3624,265114.0,98663.315
600425.SH,20250917,4.65,4.65,4.57,4.63,4.67,-0.8565,381918.13,175758.663
600426.SH,20250917,25.98,26.5,25.88,26.3,26.12,0.6891,98216.53,257712.712
600428.SH,20250917,6.87,7.04,6.84,6.93,6.86,1.0204,300161.93,208302.834
600429.SH,20250917,4.96,4.97,4.84,4.86,4.96,-2.0161,124607.09,60732.394
600433.SH,20250917,3.41,3.45,3.39,3.41,3.41,0.0,514655.06,175760.798
600435.SH,20250917,14.14,14.17,14.02,14.13,14.2,-0.493,250839.46,353580.044
600436.SH,20250917,201.47,202.47,200.73,201.45,201.47,-0.0099,20036.79,403368.976
600438.SH,20250917,22.58,23.29,22.58,22.99,22.39,2.6798,1153805.24,2649574.517
600439.SH,20250917,3.16,3.17,3.12,3.15,3.17,-0.6309,255959.4,80479.607
600444.SH,20250917,18.18,18.38,18.06,18.09,18.2,-0.6044,37184.85,67629.13
600446.SH,20250917,19.43,20.1,19.31,19.84,19.5,1.7436,343995.54,680098.672
600448.SH,20250917,3.79,3.86,3.68,3.82,3.79,0.7916,1076406.78,405378.701
600449.SH,20250917,13.52,13.53,13.42,13.49,13.52,-0.2219,42821.24,57717.23
600452.SH,20250917,9.79,9.84,9.67,9.77,9.8,-0.3061,263229.59,256565.982
600455.SH,20250917,27.18,27.25,26.77,26.99,27.13,-0.516,10723.4,29025.71
600456.SH,20250917,31.2,31.38,31.01,31.2,31.24,-0.128,66493.09,207464.537
600458.SH,20250917,14.48,15.07,14.38,15.05,14.43,4.2966,193580.08,286459.473
600459.SH,20250917,16.8,16.86,16.52,16.85,16.91,-0.3548,190809.48,318594.146
600460.SH,20250917,30.3,30.55,29.81,30.18,30.36,-0.5929,485385.88,1465245.615
600461.SH,20250917,8.98,9.03,8.96,9.0,8.99,0.1112,57432.6,51667.93
600463.SH,20250917,11.61,11.77,11.47,11.61,11.66,-0.4288,39793.1,46066.92
600467.SH,20250917,2.63,2.64,2.58,2.6,2.64,-1.5152,536394.02,139714.636
600468.SH,20250917,6.56,6.63,6.49,6.51,6.55,-0.6107,238678.7,155995.706
600469.SH,20250917,6.14,6.14,6.07,6.1,6.15,-0.813,56607.51,34520.325
600470.SH,20250917,5.92,5.92,5.83,5.85,5.94,-1.5152,121068.0,70991.748
600475.SH,20250917,17.0,17.01,16.4,16.59,17.0,-2.4118,301283.57,501277.301
600476.SH,20250917,17.61,17.77,17.53,17.59,17.69,-0.5653,27853.5,49141.676
600477.SH,20250917,2.84,2.84,2.8,2.82,2.82,0.0,434235.73,122594.713
600478.SH,20250917,6.7,6.74,6.58,6.63,6.72,-1.3393,586367.94,389872.875
600479.SH,20250917,10.88,10.89,10.73,10.76,10.88,-1.1029,85995.6,92832.477
600480.SH,20250917,14.41,15.09,14.27,15.05,14.4,4.5139,709055.17,1044330.737
600481.SH,20250917,6.18,6.49,6.06,6.39,6.13,4.2414,1352505.44,861232.874
600482.SH,20250917,21.7,21.92,21.66,21.79,21.79,0.0,164864.8,358992.678
600483.SH,20250917,9.7,9.78,9.67,9.69,9.7,-0.1031,119818.09,116400.385
600486.SH,20250917,73.69,74.45,72.02,72.19,73.91,-2.3272,32938.73,239674.251
600487.SH,20250917,20.08,20.28,19.8,20.2,20.14,0.2979,667404.15,1340361.282
600488.SH,20250917,4.32,4.33,4.26,4.27,4.31,-0.9281,86526.66,37077.929
600489.SH,20250917,19.0,19.08,18.54,18.68,19.25,-2.961,1049830.61,1964043.389
600490.SH,20250917,6.48,6.5,6.35,6.43,6.53,-1.5314,681373.66,436277.243
600491.SH,20250917,3.75,3.78,3.7,3.74,3.75,-0.2667,308280.56,115345.79
600493.SH,20250917,6.8,6.84,6.76,6.79,6.8,-0.1471,43010.47,29253.189
600495.SH,20250917,5.2,5.22,5.16,5.18,5.22,-0.7663,155614.81,80707.36
600496.SH,20250917,3.64,3.68,3.6,3.64,3.64,0.0,202867.24,73927.914
600497.SH,20250917,6.21,6.27,6.14,6.25,6.22,0.4823,1077521.55,667056.515
600498.SH,20250917,25.48,26.6,25.3,26.25,25.54,2.78,447865.32,1171939.07
600499.SH,20250917,11.3,11.39,11.21,11.28,11.3,-0.177,171520.0,193983.017
600500.SH,20250917,4.46,4.5,4.4,4.46,4.44,0.4505,297110.35,132343.774
600501.SH,20250917,24.68,24.75,24.32,24.62,24.62,0.0,72235.01,177215.362
600502.SH,20250917,4.78,4.79,4.69,4.74,4.79,-1.0438,352617.57,167012.421
600503.SH,20250917,3.73,3.86,3.62,3.78,3.77,0.2653,1703749.28,638419.352
600505.SH,20250917,13.48,13.6,13.36,13.57,13.44,0.9673,62040.11,83846.735
600506.SH,20250917,20.05,20.1,19.8,19.83,20.02,-0.9491,65620.01,130582.176
600507.SH,20250917,5.51,5.52,5.42,5.48,5.52,-0.7246,134885.84,73600.681
600508.SH,20250917,12.17,12.43,12.17,12.37,12.28,0.7329,57578.85,71023.238
600509.SH,20250917,8.28,8.57,8.16,8.27,8.22,0.6083,1094654.75,916398.598
600510.SH,20250917,8.36,8.36,7.96,8.03,8.39,-4.2908,294283.21,237240.944
600511.SH,20250917,29.18,29.4,29.12,29.34,29.18,0.5483,31411.46,92005.106
600512.SH,20250917,2.68,2.68,2.61,2.64,2.68,-1.4925,602192.73,159316.565
600513.SH,20250917,21.73,21.73,20.63,20.68,21.61,-4.3036,195472.59,408770.628
600515.SH,20250917,4.05,4.06,4.01,4.06,4.07,-0.2457,741247.5,298794.172
600516.SH,20250917,5.23,5.35,5.2,5.34,5.26,1.5209,778663.47,412329.573
600517.SH,20250917,5.88,6.08,5.86,6.06,5.88,3.0612,522935.19,314047.276
600518.SH,20250917,2.2,2.22,2.16,2.17,2.2,-1.3636,3357844.85,731492.856
600519.SH,20250917,1499.99,1510.28,1490.01,1493.0,1499.98,-0.4653,30330.54,4534770.634
600520.SH,20250917,29.15,29.8,29.12,29.34,29.14,0.6863,40026.04,117973.298
600521.SH,20250917,23.67,24.11,23.4,23.62,23.6,0.0847,337659.26,800533.372
600522.SH,20250917,15.59,15.84,15.51,15.79,15.65,0.8946,692393.19,1087014.522
600523.SH,20250917,14.54,14.65,14.49,14.59,14.54,0.3439,44957.63,65546.342
600525.SH,20250917,4.02,4.21,3.98,4.1,4.02,1.99,455107.47,186907.937
600526.SH,20250917,5.32,5.38,5.28,5.34,5.32,0.3759,136606.0,72993.283
600527.SH,20250917,2.38,2.38,2.29,2.36,2.39,-1.2552,912593.19,213151.662
600528.SH,20250917,8.47,8.49,8.4,8.47,8.47,0.0,175254.64,148139.861
600529.SH,20250917,22.04,22.11,21.96,22.1,22.04,0.2722,59596.56,131344.911
600530.SH,20250917,7.44,7.44,7.29,7.35,7.44,-1.2097,109831.0,80708.26
600531.SH,20250917,11.34,11.48,11.02,11.19,11.46,-2.356,1063611.37,1191950.331
600533.SH,20250917,3.04,3.07,2.96,3.06,3.03,0.9901,357513.3,108172.712
600535.SH,20250917,16.0,16.08,15.88,15.91,15.98,-0.438,100021.14,159399.017
600536.SH,20250917,49.38,49.39,48.59,48.82,49.38,-1.1341,198431.77,968847.858
600537.SH,20250917,3.96,4.36,3.91,4.36,3.96,10.101,1266119.64,539727.255
600538.SH,20250917,5.94,5.94,5.8,5.88,5.93,-0.8432,94779.0,55464.769
600539.SH,20250917,11.05,11.05,10.88,10.92,10.98,-0.5464,49720.0,54400.725
600540.SH,20250917,4.87,4.87,4.76,4.79,4.87,-1.6427,135696.0,65035.227
600543.SH,20250917,6.2,6.21,6.1,6.14,6.19,-0.8078,54997.08,33803.679
600545.SH,20250917,3.21,3.23,3.12,3.14,3.21,-2.1807,834383.99,262958.9
600546.SH,20250917,9.91,10.18,9.87,10.13,9.99,1.4014,309546.91,312199.708
600547.SH,20250917,37.6,37.92,36.7,37.43,37.76,-0.8739,410929.09,1529173.101
600548.SH,20250917,9.99,10.05,9.95,10.03,9.98,0.501,55452.87,55450.414
600549.SH,20250917,29.1,29.79,28.89,29.68,29.6,0.2703,455086.77,1338729.946
600550.SH,20250917,8.41,8.52,8.36,8.51,8.39,1.4303,322935.97,273271.893
600551.SH,20250917,8.84,8.84,8.73,8.77,8.85,-0.904,77049.86,67545.983
600552.SH,20250917,12.8,13.24,12.71,13.16,12.84,2.4922,461741.9,601579.167
600556.SH,20250917,5.45,5.47,5.39,5.41,5.5,-1.6364,514316.41,278770.528
600557.SH,20250917,16.06,16.17,15.8,15.86,16.05,-1.1838,115072.64,183297.365
600558.SH,20250917,5.25,5.25,5.2,5.21,5.25,-0.7619,120259.51,62775.53
600559.SH,20250917,17.84,17.85,17.69,17.74,17.85,-0.6162,126082.39,223623.532
600560.SH,20250917,17.25,17.8,17.24,17.56,17.36,1.1521,53110.84,93118.298
600561.SH,20250917,7.03,7.06,6.92,6.98,7.01,-0.428,52447.0,36749.9
600562.SH,20250917,27.19,28.82,27.1,28.38,27.19,4.3766,187093.24,530746.903
600563.SH,20250917,118.5,121.42,118.0,120.28,118.11,1.8373,30190.27,362263.985
600566.SH,20250917,25.56,25.75,25.4,25.66,25.54,0.4699,34949.45,89417.175
600567.SH,20250917,2.08,2.09,2.01,2.05,2.06,-0.4854,2771633.69,565412.274
600568.SH,20250917,2.14,2.16,2.11,2.13,2.12,0.4717,199608.6,42476.717
600569.SH,20250917,2.33,2.33,2.26,2.33,2.34,-0.4274,331332.28,76357.58
600570.SH,20250917,34.62,35.3,34.35,35.04,34.56,1.3889,447416.32,1563503.599
600571.SH,20250917,17.98,18.13,17.76,17.77,17.98,-1.168,150379.8,269578.46
600572.SH,20250917,4.51,4.53,4.48,4.51,4.51,0.0,234211.04,105549.282
600573.SH,20250917,11.9,12.04,11.84,11.95,11.84,0.9291,27902.0,33226.428
600575.SH,20250917,3.47,3.47,3.44,3.45,3.47,-0.5764,323353.61,111688.718
600576.SH,20250917,8.63,8.68,8.3,8.31,8.54,-2.6932,376085.54,315987.112
600577.SH,20250917,8.46,8.65,8.42,8.62,8.46,1.8913,681734.35,584072.072
600578.SH,20250917,4.39,4.41,4.35,4.38,4.39,-0.2278,266524.04,116675.526
600579.SH,20250917,9.06,9.06,8.92,9.02,9.06,-0.4415,76439.0,68707.312
600580.SH,20250917,47.59,52.2,46.97,51.7,47.58,8.6591,2474029.34,12517133.594
600581.SH,20250917,4.65,4.71,4.62,4.65,4.74,-1.8987,623949.0,290505.881
600582.SH,20250917,5.96,6.04,5.95,6.03,5.97,1.005,481079.73,289199.313
600583.SH,20250917,5.32,5.37,5.3,5.35,5.31,0.7533,396835.58,211866.964
600584.SH,20250917,38.58,39.07,38.09,38.77,38.7,0.1809,658561.96,2544732.335
600585.SH,20250917,23.46,23.6,23.36,23.54,23.53,0.0425,226114.0,531531.773
600586.SH,20250917,5.17,5.23,5.14,5.18,5.2,-0.3846,406966.03,210944.291
600587.SH,20250917,16.38,17.44,16.34,17.16,16.33,5.0827,451496.77,766569.43
600588.SH,20250917,14.67,15.35,14.52,15.28,14.7,3.9456,1228154.8,1837499.126
600589.SH,20250917,8.02,8.06,7.93,8.05,8.02,0.3741,660501.55,528348.82
600590.SH,20250917,10.0,10.01,9.9,9.95,10.02,-0.6986,294691.3,293205.775
600592.SH,20250917,29.9,31.83,29.7,30.2,29.88,1.071,571340.0,1755794.803
600593.SH,20250917,37.41,37.42,36.04,36.23,37.33,-2.9467,69970.6,254652.784
600594.SH,20250917,4.39,4.44,4.36,4.4,4.41,-0.2268,122500.0,53737.236
600595.SH,20250917,5.28,5.58,5.26,5.54,5.33,3.94,945492.53,515357.284
600596.SH,20250917,10.7,10.83,10.56,10.75,10.74,0.0931,287436.29,307370.92
600597.SH,20250917,8.65,8.72,8.61,8.65,8.67,-0.2307,100863.06,87259.91
600598.SH,20250917,14.77,14.8,14.6,14.67,14.79,-0.8114,177685.29,260555.434
600599.SH,20250917,8.29,8.29,8.18,8.19,8.3,-1.3253,20432.0,16810.179
600600.SH,20250917,67.8,67.97,67.45,67.59,67.72,-0.192,49240.68,332833.192
600601.SH,20250917,11.83,12.55,11.7,11.84,12.01,-1.4155,3765812.95,4531752.785
600602.SH,20250917,20.96,21.1,20.8,20.98,20.96,0.0954,224453.42,470855.32
600603.SH,20250917,9.12,9.17,9.03,9.09,9.09,0.0,84967.83,77170.343
600604.SH,20250917,5.74,5.76,5.64,5.72,5.75,-0.5217,207803.0,118194.637
600605.SH,20250917,33.41,34.86,33.33,33.4,33.3,0.3003,29847.4,101200.047
600606.SH,20250917,2.04,2.06,1.98,2.04,2.05,-0.4878,2471294.94,500486.131
600608.SH,20250917,4.06,4.12,4.04,4.1,4.07,0.7371,22182.3,9063.12
600609.SH,20250917,5.16,5.23,5.11,5.18,5.15,0.5825,365210.28,188291.381
600610.SH,20250917,12.06,12.24,12.05,12.17,12.15,0.1646,178607.1,216802.519
600611.SH,20250917,6.24,6.26,6.18,6.22,6.27,-0.7974,385700.73,239546.964
600612.SH,20250917,53.0,53.5,52.23,53.26,53.25,0.0188,40290.22,212721.542
600613.SH,20250917,6.75,6.83,6.69,6.75,6.74,0.1484,76715.97,51885.285
600615.SH,20250917,13.93,14.15,13.68,13.69,13.86,-1.2266,101968.07,140397.046
600616.SH,20250917,5.83,5.85,5.78,5.82,5.85,-0.5128,102825.79,59671.062
600617.SH,20250917,2.96,2.99,2.91,2.99,2.96,1.0135,343485.94,101457.028
600618.SH,20250917,10.68,10.8,10.63,10.74,10.73,0.0932,73221.0,78441.32
600619.SH,20250917,22.19,23.6,22.19,22.89,22.19,3.1546,900286.61,2067208.119
600620.SH,20250917,6.66,6.79,6.6,6.78,6.66,1.8018,153806.5,103510.192
600621.SH,20250917,16.73,16.97,16.73,16.85,16.78,0.4172,230580.74,388007.011
600622.SH,20250917,3.29,3.32,3.2,3.3,3.3,0.0,731584.23,239538.7
600623.SH,20250917,9.0,9.05,8.78,8.82,8.99,-1.891,227492.99,202810.358
600624.SH,20250917,7.35,7.46,7.32,7.34,7.37,-0.4071,268858.98,198459.843
600626.SH,20250917,4.68,4.77,4.6,4.62,4.67,-1.0707,252730.26,117616.843
600628.SH,20250917,7.82,7.82,7.67,7.69,7.8,-1.4103,121511.07,93626.597
600629.SH,20250917,19.18,20.0,17.86,18.19,18.9,-3.7566,1382548.06,2585963.012
600630.SH,20250917,8.88,8.93,8.68,8.72,8.95,-2.5698,174264.1,152910.943
600633.SH,20250917,14.6,14.63,14.36,14.51,14.58,-0.4801,266680.74,385785.159
600635.SH,20250917,4.47,4.97,4.47,4.85,4.55,6.5934,2287475.84,1072969.265
600636.SH,20250917,8.65,8.65,8.52,8.56,8.65,-1.0405,25312.24,21728.006
600637.SH,20250917,8.63,8.63,8.52,8.56,8.63,-0.8111,326847.85,279798.264
600638.SH,20250917,6.05,6.08,5.95,6.06,6.05,0.1653,110823.27,66830.792
600639.SH,20250917,10.78,10.92,10.68,10.82,10.8,0.1852,83405.31,90155.643
600640.SH,20250917,12.32,12.32,12.18,12.28,12.33,-0.4055,52312.11,64078.553
600641.SH,20250917,16.04,16.75,15.84,16.73,16.02,4.432,332845.75,545484.366
600642.SH,20250917,7.87,7.9,7.84,7.85,7.87,-0.2541,148304.22,116575.11
600643.SH,20250917,5.9,6.16,5.86,6.1,5.9,3.3898,528537.91,318980.112
600644.SH,20250917,11.56,11.68,11.47,11.57,11.57,0.0,138985.02,160851.247
600645.SH,20250917,25.33,25.4,25.03,25.2,25.49,-1.1377,65513.01,165155.817
600648.SH,20250917,11.19,11.2,11.09,11.17,11.2,-0.2679,47107.7,52472.36
600649.SH,20250917,4.91,4.95,4.83,4.94,4.93,0.2028,281499.81,137738.649
600650.SH,20250917,16.79,16.82,16.53,16.71,16.81,-0.5949,100611.0,167916.024
600651.SH,20250917,8.09,8.91,8.08,8.91,8.1,10.0,990240.16,840826.18
600653.SH,20250917,2.34,2.35,2.28,2.32,2.35,-1.2766,812816.86,187753.785
600654.SH,20250917,3.51,3.51,3.45,3.47,3.52,-1.4205,437766.13,152241.277
600655.SH,20250917,6.13,6.19,6.08,6.1,6.12,-0.3268,161027.75,98739.626
600657.SH,20250917,4.39,4.39,4.28,4.36,4.39,-0.6834,296728.0,128736.123
600658.SH,20250917,6.26,6.85,6.17,6.85,6.23,9.9518,1069856.04,706892.657
600660.SH,20250917,72.35,74.48,72.27,74.2,72.35,2.557,130635.04,961927.867
600661.SH,20250917,10.87,10.88,10.75,10.77,10.83,-0.554,35047.43,37874.463
600662.SH,20250917,5.53,5.54,5.46,5.48,5.54,-1.083,113079.48,62018.132
600663.SH,20250917,8.69,8.76,8.62,8.72,8.7,0.2299,121027.81,105228.378
600664.SH,20250917,3.7,3.72,3.68,3.71,3.71,0.0,276187.68,102297.165
600665.SH,20250917,3.57,3.64,3.52,3.61,3.62,-0.2762,119211.4,42684.207
600666.SH,20250917,3.73,3.75,3.68,3.69,3.74,-1.3369,893548.6,331395.904
600667.SH,20250917,7.33,7.4,7.25,7.35,7.36,-0.1359,475484.97,349081.087
600668.SH,20250917,11.72,11.73,11.62,11.68,11.71,-0.2562,38383.6,44781.692
600671.SH,20250917,18.62,18.93,18.19,18.49,18.47,0.1083,32726.33,60796.362
600673.SH,20250917,24.88,26.1,24.17,25.5,24.48,4.1667,1204109.79,3022846.261
600674.SH,20250917,14.29,14.4,14.24,14.34,14.29,0.3499,270501.44,386911.844
600675.SH,20250917,3.21,3.23,3.12,3.22,3.24,-0.6173,957983.54,304088.079
600676.SH,20250917,6.01,6.17,5.96,6.06,6.0,1.0,174112.51,105428.694
600678.SH,20250917,10.11,10.12,9.97,9.98,10.14,-1.5779,165312.59,165440.188
600679.SH,20250917,13.72,13.82,13.45,13.45,13.7,-1.8248,78536.0,106334.781
600681.SH,20250917,3.87,3.94,3.86,3.9,3.87,0.7752,130469.33,50778.163
600682.SH,20250917,7.94,7.98,7.84,7.88,7.95,-0.8805,162629.0,127988.1
600683.SH,20250917,4.37,4.44,4.26,4.41,4.37,0.9153,183404.5,80321.965
600684.SH,20250917,6.47,6.63,6.32,6.37,6.47,-1.5456,724886.53,464463.667
600685.SH,20250917,26.69,26.93,26.64,26.92,26.74,0.6731,81109.3,217600.127
600686.SH,20250917,11.8,11.97,11.73,11.83,11.83,0.0,175111.55,207072.237
600688.SH,20250917,2.84,2.86,2.8,2.83,2.84,-0.3521,722112.03,204593.346
600689.SH,20250917,14.44,14.51,14.31,14.33,14.5,-1.1724,68994.66,99072.993
600690.SH,20250917,25.91,26.79,25.91,26.78,25.92,3.3179,658331.39,1740803.311
600691.SH,20250917,3.3,3.33,3.09,3.1,3.43,-9.621,1651283.29,520309.985
600692.SH,20250917,8.83,8.87,8.53,8.56,8.83,-3.0578,119713.0,103281.428
600693.SH,20250917,6.58,6.58,6.33,6.34,6.55,-3.2061,452561.02,289347.955
600694.SH,20250917,18.73,18.82,18.66,18.75,18.75,0.0,44850.8,84045.337
600696.SH,20250917,6.27,6.27,6.07,6.1,6.26,-2.5559,59718.01,36685.237
600697.SH,20250917,13.99,14.0,13.68,13.71,14.08,-2.6278,143801.16,197994.574
600698.SH,20250917,10.32,10.41,10.28,10.36,10.33,0.2904,232104.0,240210.987
600699.SH,20250917,33.53,33.53,33.53,33.53,30.48,10.0066,125628.25,421231.522
600702.SH,20250917,68.5,68.5,66.33,66.57,68.55,-2.8884,119131.99,795800.392
600703.SH,20250917,15.1,15.45,14.91,15.23,15.11,0.7942,1410231.65,2149546.06
600704.SH,20250917,6.05,6.05,5.91,5.98,6.05,-1.157,1025440.95,610845.402
600706.SH,20250917,11.18,11.28,10.72,10.79,11.08,-2.6173,200036.75,217228.739
600707.SH,20250917,6.17,6.24,6.15,6.23,6.19,0.6462,289087.84,179733.71
600708.SH,20250917,3.69,3.7,3.62,3.66,3.68,-0.5435,255064.5,93141.057
600710.SH,20250917,9.91,10.13,9.86,10.08,9.9,1.8182,153241.11,153803.691
600711.SH,20250917,8.67,8.77,8.6,8.75,8.76,-0.1142,768608.52,666219.437
600712.SH,20250917,7.36,7.38,7.13,7.22,7.35,-1.7687,191740.0,138134.848
600713.SH,20250917,5.04,5.07,5.02,5.06,5.04,0.3968,121553.78,61283.254
600714.SH,20250917,12.33,12.4,12.15,12.21,12.41,-1.6116,85225.7,104521.555
600715.SH,20250917,3.04,3.05,2.89,2.92,3.02,-3.3113,1275358.0,373804.402
600716.SH,20250917,4.1,4.11,4.04,4.09,4.1,-0.2439,105875.31,43119.854
600717.SH,20250917,4.8,4.82,4.76,4.8,4.81,-0.2079,236186.67,113217.576
600718.SH,20250917,10.35,10.36,10.24,10.29,10.36,-0.6757,174149.72,179152.556
600719.SH,20250917,6.38,6.39,6.29,6.31,6.39,-1.252,96862.8,61247.561
600720.SH,20250917,7.71,7.72,7.66,7.71,7.71,0.0,77395.86,59549.83
600721.SH,20250917,10.02,10.35,9.85,10.23,10.03,1.994,326404.82,329877.848
600722.SH,20250917,7.12,7.12,6.79,6.84,7.14,-4.2017,415109.11,286747.119
600724.SH,20250917,5.1,5.14,5.04,5.13,5.1,0.5882,151187.28,77171.298
600725.SH,20250917,3.65,3.65,3.59,3.61,3.65,-1.0959,193399.4,69918.46
600726.SH,20250917,2.61,2.63,2.58,2.62,2.63,-0.3802,438649.95,114339.211
600727.SH,20250917,7.7,7.75,7.66,7.73,7.69,0.5202,74840.25,57744.59
600728.SH,20250917,6.93,6.96,6.87,6.91,6.97,-0.8608,579276.33,400044.213
600729.SH,20250917,28.31,28.32,27.95,28.07,28.24,-0.602,41423.44,116200.259
600730.SH,20250917,10.76,10.81,9.85,10.11,10.62,-4.8023,427523.81,437892.163
600731.SH,20250917,7.16,7.19,7.13,7.19,7.17,0.2789,73869.7,52940.46
600732.SH,20250917,15.91,16.63,15.76,16.39,15.94,2.8231,521757.44,848434.494
600733.SH,20250917,8.87,8.9,8.52,8.58,8.87,-3.2694,2370782.98,2049659.941
600734.SH,20250917,3.95,4.01,3.91,3.95,4.0,-1.25,923374.01,364251.547
600735.SH,20250917,6.25,6.66,6.18,6.66,6.05,10.0826,658864.0,422283.29
600736.SH,20250917,5.91,5.95,5.83,5.92,5.9,0.339,287252.07,169441.296
600737.SH,20250917,16.79,16.97,16.66,16.85,16.79,0.3574,336441.38,566422.06
600738.SH,20250917,5.22,5.24,5.13,5.16,5.22,-1.1494,149474.0,77355.48
600739.SH,20250917,12.21,12.38,12.16,12.32,12.24,0.6536,114322.1,140258.741
600740.SH,20250917,4.06,4.11,4.02,4.09,4.08,0.2451,349709.85,142353.191
600741.SH,20250917,19.95,20.3,19.75,20.26,19.95,1.5539,243055.92,489226.886
600742.SH,20250917,10.31,10.94,10.24,10.87,10.28,5.7393,358807.77,383765.905
600743.SH,20250917,2.37,2.39,2.29,2.36,2.36,0.0,576632.6,135438.654
600744.SH,20250917,6.66,6.68,6.58,6.67,6.66,0.1502,578569.07,384096.311
600745.SH,20250917,43.34,45.2,42.93,45.0,43.32,3.8781,459930.48,2044424.841
600746.SH,20250917,7.45,7.49,7.42,7.45,7.47,-0.2677,34387.0,25640.608
600748.SH,20250917,4.56,4.65,4.47,4.57,4.55,0.4396,216553.33,99068.68
600749.SH,20250917,22.48,22.89,21.8,22.38,21.91,2.1451,312588.17,699002.481
600750.SH,20250917,21.85,21.92,21.73,21.9,21.83,0.3207,46007.63,100397.441
600751.SH,20250917,4.8,5.03,4.72,4.93,4.8,2.7083,990620.91,485332.574
600753.SH,20250917,7.47,7.51,7.39,7.47,7.48,-0.1337,22721.0,16910.765
600754.SH,20250917,24.34,24.72,23.83,24.26,24.18,0.3309,234612.76,567763.955
600755.SH,20250917,6.16,6.18,6.14,6.17,6.17,0.0,148129.09,91266.736
600756.SH,20250917,15.5,15.5,15.35,15.38,15.5,-0.7742,60612.38,93319.867
600757.SH,20250917,8.6,8.63,8.52,8.54,8.61,-0.813,160928.23,137566.188
600758.SH,20250917,3.94,3.97,3.91,3.94,3.94,0.0,216265.65,85109.74
600759.SH,20250917,2.42,2.43,2.39,2.41,2.42,-0.4132,1383767.77,333144.151
600760.SH,20250917,57.9,58.57,57.53,58.5,57.89,1.0537,149135.69,866243.195
600761.SH,20250917,21.67,22.49,21.51,22.3,21.76,2.4816,156086.32,346205.224
600763.SH,20250917,47.0,47.06,46.22,46.52,47.06,-1.1475,81291.73,378529.951
600764.SH,20250917,30.21,30.99,30.0,30.55,30.21,1.1255,101608.53,311289.035
600765.SH,20250917,15.9,15.98,15.84,15.94,15.9,0.2516,99895.64,159048.352
600768.SH,20250917,12.61,12.72,12.47,12.52,12.61,-0.7137,26108.0,32894.099
600769.SH,20250917,10.86,11.06,10.75,10.93,10.85,0.7373,64477.78,70358.323
600770.SH,20250917,6.03,6.11,5.96,5.98,6.06,-1.3201,287104.31,173003.412
600771.SH,20250917,19.7,19.76,19.55,19.59,19.72,-0.6592,65090.01,127791.601
600773.SH,20250917,10.86,10.98,10.83,10.89,10.94,-0.457,79375.44,86526.353
600774.SH,20250917,10.09,10.1,9.84,9.84,10.04,-1.992,59373.0,58909.538
600775.SH,20250917,12.04,12.12,11.93,11.97,12.06,-0.7463,207692.88,249100.158
600776.SH,20250917,14.03,14.35,13.55,13.68,14.0,-2.2857,615014.7,845439.918
600777.SH,20250917,3.88,3.88,3.68,3.78,3.87,-2.3256,488841.54,182945.308
600778.SH,20250917,7.32,7.32,7.05,7.09,7.29,-2.7435,239093.07,170429.726
600779.SH,20250917,46.15,46.37,45.44,45.58,46.2,-1.342,36014.0,164373.54
600780.SH,20250917,5.85,5.88,5.83,5.87,5.85,0.3419,87961.01,51531.807
600782.SH,20250917,4.29,4.34,4.23,4.32,4.3,0.4651,460180.75,198097.147
600783.SH,20250917,12.86,12.95,12.81,12.91,12.89,0.1552,63751.01,82062.212
600784.SH,20250917,6.27,6.39,6.24,6.32,6.27,0.7974,90086.66,56890.37
600785.SH,20250917,15.2,15.62,14.72,14.82,15.17,-2.3072,247193.03,371789.934
600787.SH,20250917,6.32,6.34,6.23,6.26,6.36,-1.5723,600904.75,376625.476
600789.SH,20250917,9.83,9.84,9.78,9.82,9.84,-0.2033,104721.53,102775.129
600790.SH,20250917,4.18,4.19,4.13,4.14,4.17,-0.7194,154332.23,64167.348
600791.SH,20250917,5.18,5.2,5.06,5.16,5.16,0.0,95855.0,49253.479
600792.SH,20250917,3.94,4.0,3.92,3.98,3.98,0.0,201260.0,79774.2
600793.SH,20250917,24.24,24.24,23.82,23.86,24.12,-1.0779,37953.28,90805.419
600794.SH,20250917,4.56,4.59,4.53,4.55,4.63,-1.7279,363886.92,165641.281
600795.SH,20250917,5.16,5.25,5.14,5.2,5.17,0.5803,1053425.1,546735.362
600796.SH,20250917,5.84,5.85,5.77,5.8,5.85,-0.8547,59807.44,34711.506
600797.SH,20250917,10.84,11.16,10.74,10.93,10.9,0.2752,615762.82,671172.312
600798.SH,20250917,4.1,4.18,3.97,4.05,4.09,-0.978,852663.49,347332.759
600800.SH,20250917,4.01,4.01,3.92,3.94,4.0,-1.5,225022.16,88727.401
600801.SH,20250917,17.8,17.97,17.42,17.76,17.84,-0.4484,256824.02,455794.943
600802.SH,20250917,5.51,5.51,5.43,5.45,5.51,-1.0889,80853.6,44155.727
600803.SH,20250917,18.88,18.95,18.47,18.51,18.88,-1.9597,80371.4,149876.714
600805.SH,20250917,5.32,5.33,5.23,5.25,5.32,-1.3158,180090.6,94614.632
600807.SH,20250917,3.46,3.46,3.37,3.4,3.44,-1.1628,231444.0,78658.173
600808.SH,20250917,3.67,3.68,3.62,3.64,3.67,-0.8174,547968.17,199323.5
600809.SH,20250917,207.2,208.28,203.0,204.45,208.39,-1.8907,56204.79,1149249.483
600810.SH,20250917,10.11,10.11,9.7,9.71,10.14,-4.2406,323735.7,317808.758
600812.SH,20250917,6.0,6.04,5.96,6.01,6.0,0.1667,176954.07,106324.793
600814.SH,20250917,8.11,8.11,7.96,7.98,8.09,-1.3597,121446.0,97085.813
600815.SH,20250917,2.89,2.91,2.86,2.89,2.9,-0.3448,369517.0,106591.96
600816.SH,20250917,3.45,3.55,3.36,3.55,3.23,9.9071,1569772.46,549072.824
600817.SH,20250917,12.1,12.29,12.03,12.23,12.12,0.9076,56367.01,68834.522
600818.SH,20250917,10.93,10.93,10.83,10.84,10.92,-0.7326,41316.0,44866.917
600819.SH,20250917,7.0,7.58,7.0,7.16,6.99,2.432,330826.38,237689.502
600820.SH,20250917,6.69,6.78,6.65,6.77,6.69,1.1958,516358.36,347592.369
600821.SH,20250917,5.69,5.78,5.66,5.75,5.69,1.0545,382252.55,218989.111
600822.SH,20250917,12.55,12.65,12.32,12.35,12.57,-1.7502,153408.0,190797.675
600824.SH,20250917,4.63,4.63,4.49,4.51,4.6,-1.9565,373523.65,169026.755
600825.SH,20250917,6.9,6.9,6.84,6.87,6.91,-0.5789,97385.09,66858.98
600826.SH,20250917,11.0,11.01,10.75,10.8,10.98,-1.6393,145472.63,157273.796
600827.SH,20250917,9.65,9.69,9.53,9.6,9.63,-0.3115,119231.0,114530.502
600828.SH,20250917,4.49,4.56,4.39,4.41,4.49,-1.7817,308448.05,136666.141
600829.SH,20250917,8.28,8.29,8.2,8.2,8.26,-0.7264,63850.0,52517.243
600830.SH,20250917,10.26,10.44,10.15,10.36,10.2,1.5686,153904.02,159103.587
600831.SH,20250917,4.89,4.99,4.85,4.95,4.89,1.227,72874.77,35961.448
600833.SH,20250917,14.33,14.43,14.03,14.08,14.33,-1.7446,90602.94,128178.142
600834.SH,20250917,8.9,8.91,8.79,8.9,8.9,0.0,53989.41,47731.366
600835.SH,20250917,27.5,28.48,27.38,28.12,27.36,2.7778,272465.54,762981.697
600838.SH,20250917,9.01,9.01,8.83,8.87,8.98,-1.2249,92092.3,81817.312
600839.SH,20250917,10.77,11.32,10.67,11.15,10.76,3.6245,3432843.48,3804579.335
600841.SH,20250917,6.67,6.75,6.63,6.71,6.68,0.4491,126878.0,85063.449
600843.SH,20250917,12.5,12.62,12.31,12.41,12.63,-1.7419,263776.08,327405.228
600844.SH,20250917,3.16,3.2,3.13,3.16,3.17,-0.3155,150886.02,47680.185
600845.SH,20250917,23.81,23.81,23.52,23.72,23.77,-0.2103,151964.15,359610.446
600846.SH,20250917,13.25,13.59,13.25,13.52,13.31,1.5778,164140.36,220783.882
600847.SH,20250917,11.57,11.68,11.41,11.48,11.53,-0.4337,29271.0,33757.283
600848.SH,20250917,9.31,9.43,9.23,9.41,9.33,0.8574,107319.4,100362.805
600850.SH,20250917,29.13,29.76,28.77,29.39,29.15,0.8233,164158.03,479674.529
600851.SH,20250917,6.96,6.98,6.84,6.89,6.96,-1.0057,57022.88,39250.6
600853.SH,20250917,4.19,4.2,4.16,4.19,4.19,0.0,224677.46,94025.571
600854.SH,20250917,5.4,5.41,5.34,5.37,5.4,-0.5556,77839.0,41871.506
600855.SH,20250917,14.16,14.17,13.99,14.07,14.16,-0.6356,72578.0,102068.256
600857.SH,20250917,13.64,13.88,13.49,13.73,13.65,0.5861,29818.2,40751.95
600858.SH,20250917,6.14,6.17,5.98,6.04,6.13,-1.4682,244427.0,147164.147
600859.SH,20250917,14.95,14.99,14.64,14.66,14.93,-1.8084,341617.62,503180.607
600860.SH,20250917,12.5,12.54,12.36,12.4,12.45,-0.4016,72641.88,90379.011
600861.SH,20250917,19.75,20.22,19.67,19.99,19.8,0.9596,35858.0,71536.42
600862.SH,20250917,23.25,23.43,23.19,23.34,23.26,0.3439,128586.47,299399.061
600863.SH,20250917,4.12,4.15,4.1,4.14,4.11,0.7299,487557.7,201328.885
600864.SH,20250917,7.42,7.59,7.4,7.54,7.46,1.0724,454757.94,341400.045
600865.SH,20250917,10.14,10.14,9.96,10.05,10.13,-0.7897,103384.92,103568.165
600866.SH,20250917,7.51,7.59,7.48,7.55,7.49,0.8011,206787.01,155904.376
600867.SH,20250917,8.28,8.31,8.2,8.23,8.31,-0.9627,216566.73,178303.516
600868.SH,20250917,2.93,2.93,2.88,2.91,2.93,-0.6826,515081.42,149594.375
600869.SH,20250917,7.25,7.67,7.16,7.44,7.27,2.3384,1057207.32,782297.937
600871.SH,20250917,2.14,2.15,2.12,2.14,2.13,0.4695,1214922.01,259626.561
600872.SH,20250917,19.01,19.02,18.91,18.97,19.0,-0.1579,63605.94,120661.003
600873.SH,20250917,10.87,10.96,10.83,10.86,10.88,-0.1838,165919.91,180627.098
600874.SH,20250917,5.94,5.98,5.91,5.97,5.94,0.5051,79513.39,47344.953
600875.SH,20250917,19.15,19.48,19.01,19.44,19.14,1.5674,364094.92,701574.906
600876.SH,20250917,10.91,11.02,10.84,10.91,10.92,-0.0916,25373.68,27671.336
600877.SH,20250917,14.15,14.57,14.05,14.15,14.24,-0.632,305137.14,435772.394
600879.SH,20250917,10.4,10.48,10.27,10.44,10.4,0.3846,503707.36,522562.546
600880.SH,20250917,5.11,5.15,5.08,5.09,5.11,-0.3914,214025.61,109386.546
600881.SH,20250917,2.37,2.37,2.24,2.3,2.33,-1.2876,1397626.94,320024.344
600882.SH,20250917,24.96,25.14,24.8,24.89,24.98,-0.3603,43098.51,107435.867
600883.SH,20250917,8.35,8.35,8.21,8.25,8.31,-0.722,34244.0,28360.468
600884.SH,20250917,14.35,15.65,14.18,15.48,14.4,7.5,1708553.54,2553485.713
600885.SH,20250917,26.16,26.59,26.0,26.55,26.32,0.8739,195937.28,515963.244
600886.SH,20250917,13.52,13.58,13.45,13.51,13.52,-0.074,301274.81,407200.192
600887.SH,20250917,28.14,28.38,27.96,28.08,28.08,0.0,483243.44,1358295.385
600888.SH,20250917,7.42,7.79,7.35,7.76,7.42,4.5822,486254.06,371773.385
600889.SH,20250917,16.01,16.25,15.83,16.08,16.04,0.2494,108311.32,173449.798
600892.SH,20250917,3.52,3.54,3.47,3.51,3.51,0.0,78898.0,27620.931
600893.SH,20250917,37.05,37.19,36.77,37.05,37.05,0.0,137418.7,507832.995
600894.SH,20250917,10.01,10.12,9.97,10.08,10.0,0.8,67274.1,67591.099
600895.SH,20250917,36.5,38.3,36.5,37.57,36.15,3.9281,843964.03,3169062.061
600897.SH,20250917,14.71,14.78,14.63,14.7,14.72,-0.1359,29490.47,43340.741
600900.SH,20250917,27.72,27.83,27.67,27.7,27.73,-0.1082,614926.75,1704493.488
600901.SH,20250917,5.56,5.68,5.53,5.64,5.56,1.4388,480064.43,269934.493
600903.SH,20250917,6.94,6.99,6.92,6.95,6.93,0.2886,88859.85,61758.559
600905.SH,20250917,4.27,4.29,4.25,4.28,4.28,0.0,1011540.86,432340.008
600906.SH,20250917,7.41,7.57,7.39,7.52,7.43,1.2113,376774.27,282478.777
600908.SH,20250917,5.93,5.97,5.91,5.94,5.93,0.1686,139733.75,82951.495
600909.SH,20250917,6.33,6.47,6.3,6.45,6.34,1.735,614638.16,393582.099
600916.SH,20250917,8.53,8.53,8.4,8.46,8.56,-1.1682,303016.94,256100.975
600917.SH,20250917,5.78,5.85,5.77,5.81,5.79,0.3454,92349.6,53569.543
600918.SH,20250917,6.99,7.07,6.96,7.04,7.0,0.5714,217845.21,152895.087
600919.SH,20250917,10.32,10.39,10.26,10.3,10.34,-0.3868,1237836.72,1278118.542
600925.SH,20250917,4.95,4.97,4.94,4.96,4.95,0.202,113765.22,56397.531
600926.SH,20250917,15.47,15.55,15.4,15.42,15.47,-0.3232,351002.11,542256.907
600927.SH,20250917,15.09,15.44,15.03,15.38,15.09,1.9218,82261.01,125772.125
600928.SH,20250917,4.22,4.23,4.15,4.18,4.21,-0.7126,376211.42,157338.314
600929.SH,20250917,6.03,6.18,5.95,6.02,6.03,-0.1658,300975.31,182808.001
600930.SH,20250917,6.33,6.97,6.32,6.71,6.34,5.836,5352378.92,3593227.727
600933.SH,20250917,22.82,23.98,22.45,22.72,22.79,-0.3072,520337.94,1199680.512
600935.SH,20250917,2.65,2.66,2.61,2.62,2.66,-1.5038,312888.99,82230.755
600936.SH,20250917,3.81,3.83,3.78,3.81,3.81,0.0,132952.0,50603.478
600938.SH,20250917,26.58,26.9,26.51,26.81,26.5,1.1698,463371.94,1238635.496
600939.SH,20250917,3.76,3.77,3.59,3.68,3.78,-2.6455,438728.8,159828.235
600941.SH,20250917,107.0,107.28,106.51,106.74,107.0,-0.243,94401.95,1008155.952
600955.SH,20250917,14.78,14.91,14.71,14.75,14.8,-0.3378,23188.0,34330.958
600956.SH,20250917,7.91,7.98,7.83,7.94,7.88,0.7614,81539.86,64545.998
600958.SH,20250917,10.61,10.72,10.57,10.64,10.6,0.3774,2081766.0,2211282.209
600959.SH,20250917,3.78,3.78,3.7,3.74,3.78,-1.0582,491605.2,183261.682
600960.SH,20250917,4.81,4.93,4.81,4.86,4.86,0.0,217780.12,105976.11
600961.SH,20250917,14.94,15.12,14.71,14.95,15.26,-2.0315,415738.75,620414.328
600962.SH,20250917,21.6,21.61,21.22,21.33,21.53,-0.9289,35423.6,75707.506
600963.SH,20250917,4.76,4.82,4.72,4.8,4.76,0.8403,302247.07,144439.317
600965.SH,20250917,5.33,5.37,5.24,5.26,5.34,-1.4981,118790.01,62648.099
600966.SH,20250917,5.15,5.2,5.09,5.11,5.13,-0.3899,101776.41,52231.053
600967.SH,20250917,19.22,19.58,19.17,19.46,19.31,0.7768,380339.36,736882.847
600968.SH,20250917,3.91,3.94,3.9,3.93,3.9,0.7692,375200.96,147271.019
600969.SH,20250917,7.29,7.41,7.27,7.36,7.29,0.9602,55874.0,41133.725
600970.SH,20250917,8.85,8.92,8.79,8.9,8.83,0.7928,160972.59,142745.783
600971.SH,20250917,6.82,6.91,6.78,6.86,6.82,0.5865,138273.34,94855.424
600973.SH,20250917,5.22,5.32,5.19,5.29,5.24,0.9542,244164.03,128623.007
600975.SH,20250917,6.73,6.79,6.63,6.76,6.77,-0.1477,390152.62,261871.259
600976.SH,20250917,42.17,42.62,42.17,42.2,42.07,0.309,18159.76,76989.177
600977.SH,20250917,20.92,21.68,19.3,19.92,21.35,-6.6979,1680248.54,3375703.925
600979.SH,20250917,5.0,5.08,4.95,4.95,4.95,0.0,370816.91,184955.798
600980.SH,20250917,24.5,24.77,24.24,24.71,24.53,0.7338,52922.0,130102.983
600981.SH,20250917,3.26,3.26,3.18,3.23,3.27,-1.2232,335175.0,107788.729
600982.SH,20250917,4.71,4.76,4.66,4.75,4.71,0.8493,206223.02,97416.124
600983.SH,20250917,10.7,10.9,10.66,10.87,10.73,1.3048,33382.4,36089.815
600984.SH,20250917,3.75,3.78,3.69,3.75,3.75,0.0,228420.14,85518.826
600985.SH,20250917,11.98,12.66,11.91,12.62,12.04,4.8173,619194.34,769492.795
600986.SH,20250917,8.74,8.74,8.57,8.67,8.74,-0.8009,374580.17,324974.163
600987.SH,20250917,7.32,7.32,7.24,7.25,7.32,-0.9563,82125.13,59739.674
600988.SH,20250917,29.0,29.08,28.1,28.5,29.58,-3.6511,733103.6,2093413.99
600989.SH,20250917,16.94,17.07,16.73,16.8,16.96,-0.9434,276109.38,465231.399
600990.SH,20250917,27.09,27.81,26.89,27.38,27.09,1.0705,89146.56,244365.637
600992.SH,20250917,14.28,14.38,14.21,14.24,14.28,-0.2801,32864.0,46872.099
600993.SH,20250917,26.66,26.75,26.58,26.68,26.61,0.2631,30982.35,82565.036
600995.SH,20250917,11.5,11.73,11.41,11.7,11.52,1.5625,199590.05,231542.174
600996.SH,20250917,8.25,8.33,8.23,8.27,8.28,-0.1208,140393.06,116220.544
600997.SH,20250917,6.81,6.84,6.73,6.76,6.82,-0.8798,96430.22,65380.353
600998.SH,20250917,5.03,5.06,5.0,5.02,5.03,-0.1988,301834.88,151649.937
600999.SH,20250917,17.65,17.72,17.45,17.46,17.63,-0.9643,1068808.04,1877996.23
601000.SH,20250917,3.91,3.92,3.89,3.91,3.91,0.0,305659.26,119411.749
601001.SH,20250917,13.2,14.28,13.19,14.11,13.37,5.5348,682414.96,951038.784
601002.SH,20250917,5.39,5.46,5.37,5.44,5.41,0.5545,129741.85,70531.63
601003.SH,20250917,5.52,5.54,5.42,5.44,5.59,-2.6834,405822.41,221033.581
601005.SH,20250917,1.57,1.58,1.54,1.57,1.58,-0.6329,2374560.09,370485.422
601006.SH,20250917,6.11,6.16,6.09,6.14,6.12,0.3268,651193.68,399188.996
601007.SH,20250917,8.21,8.25,8.0,8.0,8.2,-2.439,211633.0,170546.123
601008.SH,20250917,5.87,6.06,5.77,5.89,5.87,0.3407,432884.14,255372.051
601009.SH,20250917,10.82,10.88,10.66,10.69,10.82,-1.2015,494602.94,530519.487
601010.SH,20250917,3.01,3.02,2.92,2.95,3.02,-2.3179,801476.1,236499.481
601011.SH,20250917,3.08,3.11,3.03,3.08,3.1,-0.6452,627745.0,192993.035
601012.SH,20250917,17.0,17.47,16.82,17.3,17.05,1.4663,1323768.23,2279274.111
601015.SH,20250917,3.71,3.75,3.65,3.7,3.73,-0.8043,284302.12,105289.209
601016.SH,20250917,3.14,3.28,3.12,3.28,3.14,4.4586,1845482.17,593075.687
601018.SH,20250917,3.7,3.73,3.65,3.72,3.71,0.2695,1045821.58,386246.932
601019.SH,20250917,8.08,8.14,8.03,8.06,8.08,-0.2475,133850.47,108045.257
601020.SH,20250917,25.06,25.61,24.89,25.37,25.54,-0.6656,309118.16,779887.09
601021.SH,20250917,53.53,55.13,53.17,54.3,53.5,1.4953,92547.27,502018.729
601022.SH,20250917,10.25,10.41,10.15,10.28,10.3,-0.1942,380288.24,390893.801
601033.SH,20250917,15.95,16.09,15.88,15.94,15.96,-0.1253,33058.05,52795.533
601038.SH,20250917,12.95,13.07,12.92,13.04,12.95,0.695,32394.01,42162.958
601058.SH,20250917,14.7,14.83,14.64,14.8,14.71,0.6118,177184.2,261231.786
601059.SH,20250917,19.3,20.39,19.27,20.05,19.52,2.7152,755394.35,1511495.952
601061.SH,20250917,9.34,9.37,9.2,9.31,9.38,-0.7463,214213.89,198493.941
601065.SH,20250917,8.51,8.65,8.51,8.55,8.52,0.3521,86381.7,74018.23
601066.SH,20250917,26.44,26.75,26.36,26.66,26.47,0.7178,160710.46,427036.016
601068.SH,20250917,4.95,4.95,4.86,4.93,4.95,-0.404,126354.44,61994.441
601069.SH,20250917,30.5,30.65,29.55,29.86,31.52,-5.2665,459427.28,1378654.168
601077.SH,20250917,6.38,6.48,6.36,6.45,6.4,0.7813,692153.0,444707.521
601083.SH,20250917,12.01,12.01,11.84,11.86,11.95,-0.7531,67456.92,80207.606
601086.SH,20250917,12.16,12.27,11.83,11.91,12.16,-2.0559,313079.25,374799.183
601088.SH,20250917,38.33,39.13,38.3,38.98,38.41,1.484,459279.49,1784030.068
601089.SH,20250917,23.4,23.97,22.88,23.58,23.28,1.2887,79569.4,187785.154
601096.SH,20250917,4.39,4.41,4.35,4.39,4.38,0.2283,155298.04,68075.539
601098.SH,20250917,12.64,12.69,12.54,12.56,12.58,-0.159,96084.01,120897.066
601099.SH,20250917,5.06,5.22,5.03,5.1,5.11,-0.1957,7253773.45,3701118.819
601100.SH,20250917,95.34,98.19,94.4,97.29,93.46,4.098,158787.37,1532943.897
601101.SH,20250917,7.35,7.57,7.35,7.54,7.37,2.3066,239088.11,179008.264
601106.SH,20250917,3.06,3.06,3.02,3.05,3.05,0.0,329225.28,100018.782
601107.SH,20250917,5.62,5.67,5.6,5.64,5.62,0.3559,104243.26,58749.274
601108.SH,20250917,8.46,8.6,8.45,8.53,8.48,0.5896,376382.48,320545.715
601111.SH,20250917,7.92,8.11,7.89,8.09,7.92,2.1465,802538.59,645006.067
601113.SH,20250917,4.19,4.29,4.19,4.2,4.22,-0.4739,430718.02,181819.417
601116.SH,20250917,16.52,16.79,15.21,15.36,16.89,-9.0586,725824.54,1154916.991
601117.SH,20250917,7.46,7.54,7.44,7.52,7.47,0.6693,550754.19,413728.698
601118.SH,20250917,5.45,5.46,5.33,5.37,5.47,-1.8282,290218.63,155711.447
601121.SH,20250917,6.92,6.94,6.86,6.91,6.95,-0.5755,89949.0,62000.93
601126.SH,20250917,17.19,17.76,17.11,17.59,17.19,2.3269,186609.04,326519.482
601127.SH,20250917,140.2,141.8,139.31,141.08,140.79,0.206,241867.11,3393646.684
601128.SH,20250917,7.38,7.42,7.25,7.25,7.39,-1.8945,651783.51,477323.796
601133.SH,20250917,12.95,13.54,12.95,13.39,13.01,2.9208,124582.03,166444.506
601136.SH,20250917,22.2,24.81,22.2,23.88,22.55,5.898,1645106.13,3962484.935
601137.SH,20250917,24.24,25.31,24.13,25.12,24.21,3.7588,326353.2,811798.002
601138.SH,20250917,58.9,63.0,57.71,61.12,59.73,2.3271,2419093.99,14585318.191
601139.SH,20250917,6.58,6.65,6.55,6.61,6.57,0.6088,127908.19,84483.481
601155.SH,20250917,15.51,16.01,15.33,16.0,15.54,2.9601,189503.08,299022.871
601156.SH,20250917,15.59,15.73,15.41,15.72,15.59,0.8339,105434.0,164452.297
601158.SH,20250917,4.73,4.74,4.71,4.73,4.73,0.0,92361.08,43621.634
601162.SH,20250917,5.6,5.74,5.56,5.69,5.6,1.6071,4810399.63,2718556.738
601163.SH,20250917,13.95,13.97,13.87,13.96,13.92,0.2874,26772.0,37294.065
601166.SH,20250917,20.71,20.99,20.51,20.59,20.7,-0.5314,1216993.19,2519638.397
601168.SH,20250917,19.47,19.93,19.32,19.78,19.65,0.6616,487346.67,955616.425
601169.SH,20250917,5.78,5.79,5.71,5.72,5.77,-0.8666,2548362.3,1465106.281
601177.SH,20250917,19.69,20.19,19.61,19.9,19.76,0.7085,284899.92,568927.34
601179.SH,20250917,6.41,6.55,6.39,6.54,6.39,2.3474,734522.14,477511.768
601186.SH,20250917,8.01,8.07,7.97,8.06,8.02,0.4988,430509.55,345861.085
601187.SH,20250917,6.41,6.55,6.39,6.5,6.42,1.2461,184412.87,119404.723
601188.SH,20250917,3.62,3.69,3.58,3.64,3.62,0.5525,448422.65,163275.758
601198.SH,20250917,11.78,11.95,11.72,11.87,11.78,0.764,321829.42,381629.218
601199.SH,20250917,5.83,5.87,5.82,5.85,5.84,0.1712,35157.0,20557.317
601200.SH,20250917,8.17,8.22,8.15,8.19,8.19,0.0,77224.83,63251.835
601208.SH,20250917,20.71,21.93,20.71,21.25,20.9,1.6746,694459.98,1482271.361
601211.SH,20250917,19.2,19.32,18.97,18.98,19.17,-0.9911,2009849.58,3840337.511
601212.SH,20250917,3.82,3.85,3.75,3.82,3.86,-1.0363,1664616.36,632022.677
601216.SH,20250917,5.3,5.45,5.27,5.37,5.29,1.5123,1571267.45,837867.18
601218.SH,20250917,4.94,5.38,4.82,5.15,4.94,4.251,1254915.49,636316.986
601222.SH,20250917,6.17,6.25,6.15,6.19,6.19,0.0,189292.04,117220.543
601225.SH,20250917,20.25,21.08,20.2,20.81,20.27,2.664,621858.75,1290933.914
601226.SH,20250917,7.18,7.25,7.13,7.22,7.15,0.979,115172.82,82850.503
601228.SH,20250917,3.46,3.47,3.41,3.46,3.46,0.0,273545.0,94328.195
601229.SH,20250917,9.24,9.31,9.23,9.25,9.25,0.0,526589.58,487879.009
601231.SH,20250917,18.62,19.25,18.43,18.85,18.62,1.2352,245476.27,465007.338
601233.SH,20250917,14.49,14.5,14.28,14.45,14.44,0.0693,135159.48,194536.06
601236.SH,20250917,8.99,9.14,8.98,9.04,9.01,0.333,335564.72,304012.943
601238.SH,20250917,7.83,7.98,7.78,7.95,7.88,0.8883,476396.17,376723.584
601279.SH,20250917,4.45,4.48,4.36,4.38,4.44,-1.3514,159612.17,70087.555
601288.SH,20250917,7.0,7.04,6.9,6.96,7.04,-1.1364,4305701.31,2996698.762
601298.SH,20250917,8.66,8.75,8.55,8.65,8.66,-0.1155,213205.3,184615.162
601311.SH,20250917,11.07,11.46,11.0,11.34,11.16,1.6129,612223.54,690318.732
601318.SH,20250917,56.66,56.97,56.45,56.57,56.62,-0.0883,684651.87,3878151.157
601319.SH,20250917,8.08,8.15,8.06,8.1,8.07,0.3717,539065.28,436556.199
601326.SH,20250917,3.54,3.57,3.48,3.55,3.55,0.0,266113.73,94005.966
601328.SH,20250917,7.01,7.06,6.98,7.03,7.01,0.2853,1684132.5,1183018.589
601330.SH,20250917,7.14,7.15,7.07,7.14,7.12,0.2809,51236.0,36442.078
601333.SH,20250917,3.42,3.43,3.36,3.37,3.43,-1.7493,677629.75,229290.319
601336.SH,20250917,61.36,61.83,60.62,60.75,61.3,-0.8972,247257.1,1509731.955
601339.SH,20250917,5.52,5.54,5.48,5.49,5.52,-0.5435,90066.0,49619.562
601360.SH,20250917,11.09,11.09,10.91,11.02,11.06,-0.3617,873255.14,959541.793
601366.SH,20250917,4.67,4.68,4.6,4.61,4.67,-1.2848,114549.0,52972.052
601368.SH,20250917,5.03,5.03,4.97,4.99,5.01,-0.3992,37977.0,19006.612
601369.SH,20250917,8.5,8.58,8.46,8.55,8.5,0.5882,95121.71,81169.688
601375.SH,20250917,4.77,4.83,4.74,4.81,4.78,0.6276,933542.23,447000.773
601377.SH,20250917,6.42,6.52,6.41,6.49,6.42,1.0903,1056706.5,683849.413
601388.SH,20250917,2.92,3.26,2.86,3.26,2.96,10.1351,2584190.17,814360.439
601390.SH,20250917,5.6,5.65,5.56,5.64,5.6,0.7143,967617.87,543089.175
601398.SH,20250917,7.42,7.46,7.4,7.46,7.45,0.1342,2475841.86,1840577.293
601399.SH,20250917,3.4,3.4,3.37,3.4,3.41,-0.2933,561211.81,190147.854
601456.SH,20250917,11.25,11.49,11.25,11.45,11.3,1.3274,446471.88,508244.68
601500.SH,20250917,4.64,4.66,4.63,4.65,4.64,0.2155,195792.2,90952.416
601512.SH,20250917,9.41,9.7,9.15,9.52,9.39,1.3845,185717.2,174106.349
601515.SH,20250917,4.75,4.88,4.71,4.77,4.73,0.8457,346582.51,165404.059
601518.SH,20250917,2.85,2.88,2.82,2.85,2.85,0.0,223743.11,63757.972
601519.SH,20250917,16.1,17.0,15.96,16.98,16.16,5.0743,1485735.89,2469871.164
601528.SH,20250917,5.45,5.47,5.42,5.44,5.45,-0.1835,123681.8,67306.584
601555.SH,20250917,9.6,9.74,9.59,9.65,9.61,0.4162,690390.35,666697.858
601566.SH,20250917,8.81,8.83,8.68,8.69,8.79,-1.1377,41630.0,36429.087
601567.SH,20250917,22.45,23.28,22.41,23.22,22.52,3.1083,257853.49,592580.662
601568.SH,20250917,3.99,4.01,3.97,4.0,3.99,0.2506,254499.2,101641.393
601577.SH,20250917,9.28,9.32,9.21,9.25,9.28,-0.3233,164119.19,151922.638
601579.SH,20250917,23.2,23.4,22.4,22.46,23.48,-4.3441,179076.91,405435.526
601588.SH,20250917,2.19,2.19,2.08,2.14,2.2,-2.7273,669782.76,142404.979
601595.SH,20250917,32.29,32.47,31.5,31.69,32.28,-1.8278,108754.8,345223.395
601598.SH,20250917,6.39,6.56,6.35,6.52,6.4,1.875,257753.48,166934.32
601599.SH,20250917,3.87,3.88,3.81,3.82,3.87,-1.292,220287.0,84293.228
601600.SH,20250917,7.84,7.99,7.78,7.95,7.88,0.8883,2071087.49,1632563.248
601601.SH,20250917,36.3,36.78,35.88,35.9,36.26,-0.9928,527088.02,1905183.751
601606.SH,20250917,47.93,48.15,46.88,47.07,47.76,-1.4447,387422.56,1833408.139
601607.SH,20250917,18.07,18.16,18.05,18.12,18.07,0.2767,146300.74,264949.448
601608.SH,20250917,5.39,5.51,5.36,5.47,5.39,1.4842,740900.8,404167.165
601609.SH,20250917,12.33,12.91,11.95,12.64,12.35,2.3482,1475958.06,1843314.447
601611.SH,20250917,8.9,8.93,8.86,8.91,8.92,-0.1121,108119.21,96195.5
601615.SH,20250917,12.79,13.4,12.65,13.34,12.79,4.3002,737903.85,971762.867
601616.SH,20250917,4.01,4.04,3.98,3.99,4.0,-0.25,217479.0,87181.542
601618.SH,20250917,3.48,3.5,3.42,3.46,3.49,-0.8596,853480.36,295133.925
601619.SH,20250917,4.44,4.86,4.43,4.86,4.42,9.9548,1090055.66,513932.776
601628.SH,20250917,38.76,39.27,38.7,39.24,38.77,1.2123,144385.07,562920.418
601633.SH,20250917,25.05,25.49,25.0,25.35,25.05,1.1976,178719.28,451854.231
601636.SH,20250917,6.74,6.78,6.64,6.78,6.76,0.2959,270629.4,181574.601
601658.SH,20250917,6.15,6.23,6.13,6.21,6.17,0.6483,1102052.46,682502.152
601665.SH,20250917,5.58,5.63,5.54,5.57,5.6,-0.5357,726010.66,404718.024
601666.SH,20250917,8.04,8.2,7.94,8.1,8.06,0.4963,353282.73,286451.954
601668.SH,20250917,5.61,5.68,5.58,5.67,5.6,1.25,2713991.39,1531896.171
601669.SH,20250917,5.68,5.72,5.64,5.72,5.7,0.3509,2029286.1,1154920.593
601677.SH,20250917,13.81,14.14,13.7,13.95,13.81,1.0138,436435.96,607865.881
601678.SH,20250917,4.32,4.34,4.26,4.31,4.31,0.0,283226.51,121808.97
601686.SH,20250917,5.87,5.91,5.83,5.88,5.89,-0.1698,56273.28,33074.124
601688.SH,20250917,20.33,20.43,20.16,20.27,20.29,-0.0986,895297.39,1817076.94
601689.SH,20250917,76.59,81.66,76.1,79.0,77.18,2.3581,1001545.23,7872253.212
601696.SH,20250917,15.39,15.44,15.17,15.25,15.33,-0.5219,748677.31,1142906.245
601698.SH,20250917,21.49,21.5,21.18,21.23,21.55,-1.4849,372597.05,792782.837
601699.SH,20250917,13.6,14.8,13.47,14.63,13.75,6.4,1045377.93,1499157.395
601700.SH,20250917,4.91,4.92,4.84,4.85,4.88,-0.6148,101681.22,49563.373
601702.SH,20250917,17.25,17.97,17.15,17.73,17.13,3.5026,110500.0,194438.311
601717.SH,20250917,23.18,23.7,22.95,23.43,23.15,1.2095,281152.44,658305.09
601718.SH,20250917,3.93,4.01,3.86,3.88,3.93,-1.2723,1734099.24,682076.186
601727.SH,20250917,8.21,8.27,8.14,8.19,8.17,0.2448,1734781.4,1421679.825
601728.SH,20250917,7.01,7.03,6.92,6.95,7.0,-0.7143,1583174.33,1100447.345
601766.SH,20250917,7.66,7.68,7.57,7.64,7.64,0.0,653132.77,498209.714
601777.SH,20250917,11.6,12.05,11.45,11.88,11.58,2.5907,565684.54,663219.192
601778.SH,20250917,3.94,3.99,3.91,3.95,3.97,-0.5038,1053216.0,416585.387
601788.SH,20250917,18.81,19.2,18.8,19.03,18.81,1.1696,876521.47,1665447.342
601789.SH,20250917,5.72,5.99,5.58,5.83,5.74,1.5679,1269781.07,732415.702
601798.SH,20250917,9.89,9.94,9.73,9.92,9.85,0.7107,71379.1,70473.589
601799.SH,20250917,124.84,126.63,124.84,126.63,124.59,1.6374,23211.85,292196.87
601800.SH,20250917,8.87,9.0,8.84,8.96,8.88,0.9009,359399.12,321176.379
601801.SH,20250917,6.7,6.72,6.66,6.69,6.7,-0.1493,75063.87,50183.778
601808.SH,20250917,13.77,13.84,13.73,13.83,13.75,0.5818,64605.41,89122.243
601811.SH,20250917,15.31,15.74,15.16,15.7,15.52,1.1598,69504.14,106764.717
601816.SH,20250917,5.28,5.3,5.24,5.28,5.28,0.0,1426520.3,752487.33
601818.SH,20250917,3.54,3.57,3.52,3.54,3.55,-0.2817,2766551.45,980851.172
601825.SH,20250917,8.56,8.58,8.48,8.49,8.56,-0.8178,173169.24,147360.071
601827.SH,20250917,8.62,8.65,8.58,8.59,8.62,-0.348,27729.66,23877.37
601828.SH,20250917,3.09,3.1,3.02,3.09,3.1,-0.3226,376771.54,115661.245
601838.SH,20250917,17.99,18.06,17.79,17.81,17.98,-0.9455,233707.55,418200.399
601857.SH,20250917,8.48,8.56,8.41,8.46,8.42,0.4751,1799903.15,1525112.745
601858.SH,20250917,21.16,21.19,20.6,20.7,21.25,-2.5882,87179.26,181188.621
601860.SH,20250917,2.96,2.97,2.93,2.96,2.96,0.0,410137.49,121102.175
601865.SH,20250917,19.0,19.02,18.59,18.87,18.95,-0.4222,199896.62,376389.64
601866.SH,20250917,2.64,2.68,2.6,2.66,2.63,1.1407,1439987.01,381437.478
601868.SH,20250917,2.46,2.49,2.43,2.49,2.46,1.2195,4708405.79,1161650.014
601869.SH,20250917,96.98,104.74,93.4,99.68,95.65,4.2133,301235.64,2965063.493
601872.SH,20250917,9.03,9.3,8.78,8.95,8.79,1.8203,1234269.27,1106120.257
601877.SH,20250917,27.5,28.26,27.36,28.13,27.61,1.8834,209345.76,581830.761
601878.SH,20250917,11.76,11.91,11.72,11.84,11.77,0.5947,565856.98,668546.979
601880.SH,20250917,1.84,1.85,1.79,1.82,1.84,-1.087,2619891.32,476565.805
601881.SH,20250917,17.2,17.48,17.2,17.39,17.26,0.7532,474541.68,823290.323
601882.SH,20250917,21.68,22.16,21.56,21.78,21.66,0.554,91474.81,199697.06
601886.SH,20250917,7.58,7.6,7.38,7.51,7.54,-0.3979,88466.87,66182.227
601888.SH,20250917,72.11,72.11,70.51,71.15,71.54,-0.5451,283034.14,2011370.196
601890.SH,20250917,9.51,9.52,9.45,9.47,9.52,-0.5252,123847.18,117452.141
601898.SH,20250917,11.16,11.76,11.15,11.62,11.23,3.4728,557929.85,645229.855
601899.SH,20250917,25.12,25.29,24.75,25.07,25.32,-0.9874,2092149.7,5229817.966
601900.SH,20250917,13.08,13.14,13.04,13.07,13.02,0.384,73804.82,96550.982
601901.SH,20250917,8.31,8.42,8.28,8.39,8.31,0.9627,840719.45,702172.841
601908.SH,20250917,4.22,4.68,4.15,4.68,4.25,10.1176,2204343.86,1005685.465
601916.SH,20250917,3.06,3.07,3.02,3.04,3.06,-0.6536,1954715.64,594088.254
601918.SH,20250917,6.3,6.49,6.28,6.44,6.32,1.8987,719925.96,462236.955
601919.SH,20250917,14.91,15.01,14.87,14.94,14.9,0.2685,609985.62,911800.579
601921.SH,20250917,8.3,8.31,8.24,8.28,8.3,-0.241,100258.35,82876.803
601928.SH,20250917,10.47,10.51,10.43,10.49,10.47,0.191,90810.0,95073.723
601929.SH,20250917,5.84,5.84,5.32,5.41,5.87,-7.8365,5284006.28,2913099.701
601933.SH,20250917,5.33,5.34,5.15,5.16,5.33,-3.1895,2543008.37,1319457.165
601939.SH,20250917,9.0,9.05,8.98,9.0,9.01,-0.111,829594.74,747565.208
601949.SH,20250917,7.08,7.08,6.98,7.01,7.1,-1.2676,120495.29,84598.476
601952.SH,20250917,9.65,9.67,9.59,9.66,9.66,0.0,63864.15,61515.979
601956.SH,20250917,7.27,7.53,7.2,7.3,7.16,1.9553,609786.19,446882.698
601958.SH,20250917,15.28,15.36,15.07,15.34,15.36,-0.1302,278400.77,423538.82
601963.SH,20250917,9.38,9.43,9.25,9.27,9.38,-1.1727,141012.63,131245.722
601965.SH,20250917,18.11,18.39,18.03,18.1,18.22,-0.6586,72903.81,132392.066
601966.SH,20250917,15.79,16.08,15.69,15.99,15.78,1.3308,268324.23,426901.85
601968.SH,20250917,5.2,5.23,5.13,5.2,5.19,0.1927,100865.0,52220.227
601969.SH,20250917,8.59,8.6,8.47,8.58,8.64,-0.6944,139157.1,118814.865
601975.SH,20250917,3.29,3.4,3.27,3.32,3.26,1.8405,2365506.41,786926.017
601985.SH,20250917,8.83,8.87,8.78,8.86,8.83,0.3398,801042.27,707811.872
601988.SH,20250917,5.42,5.43,5.36,5.4,5.41,-0.1848,2425996.92,1308223.172
601990.SH,20250917,8.66,8.79,8.65,8.75,8.68,0.8065,351457.36,306474.371
601991.SH,20250917,3.58,3.59,3.51,3.55,3.58,-0.838,922557.01,327130.574
601992.SH,20250917,1.78,1.79,1.74,1.77,1.78,-0.5618,1078550.28,190336.622
601995.SH,20250917,36.87,37.45,36.78,37.25,36.88,1.0033,264143.08,981930.127
601996.SH,20250917,2.51,2.52,2.46,2.51,2.51,0.0,326498.11,81406.73
601997.SH,20250917,5.95,5.98,5.92,5.94,5.95,-0.1681,285525.49,169856.162
601998.SH,20250917,7.64,7.69,7.58,7.61,7.64,-0.3927,499606.22,381055.457
601999.SH,20250917,7.29,7.34,7.22,7.28,7.32,-0.5464,45757.0,33176.296
603000.SH,20250917,20.32,20.33,20.13,20.16,20.33,-0.8362,117752.0,237559.815
603001.SH,20250917,9.26,9.5,8.87,8.93,9.33,-4.2872,67990.01,61399.601
603002.SH,20250917,8.04,8.1,7.9,7.96,8.05,-1.118,264667.63,211776.463
603004.SH,20250917,24.76,25.13,24.61,24.82,24.92,-0.4013,45353.19,112704.944
603005.SH,20250917,30.7,31.49,30.55,31.1,30.59,1.6672,337902.4,1050940.602
603006.SH,20250917,15.28,15.56,15.01,15.02,15.25,-1.5082,83814.69,126874.491
603007.SH,20250917,4.66,4.9,4.65,4.9,4.67,4.9251,326976.37,158285.008
603008.SH,20250917,18.89,19.45,18.83,19.16,18.95,1.1082,90358.0,173959.519
603009.SH,20250917,55.0,58.0,54.74,57.15,54.21,5.4234,273508.49,1557182.884
603010.SH,20250917,10.4,10.4,10.23,10.27,10.28,-0.0973,40720.0,41953.534
603011.SH,20250917,17.1,17.21,16.76,16.76,17.17,-2.3879,404387.03,684060.282
603012.SH,20250917,6.17,6.18,6.11,6.12,6.14,-0.3257,75885.9,46679.273
603013.SH,20250917,25.36,27.54,25.22,27.54,25.04,9.984,101051.93,267037.394
603014.SH,20250917,39.87,40.06,39.55,39.69,39.91,-0.5512,20901.9,83046.183
603015.SH,20250917,12.1,12.25,12.05,12.14,12.11,0.2477,68698.99,83575.894
603016.SH,20250917,27.3,27.8,27.01,27.07,27.18,-0.4047,22627.0,61717.554
603017.SH,20250917,9.89,10.04,9.85,10.01,9.89,1.2133,82887.0,82723.465
603018.SH,20250917,7.98,8.24,7.88,8.07,7.99,1.0013,245403.33,197563.898
603019.SH,20250917,108.14,109.75,105.25,108.49,111.48,-2.6821,1187211.14,12776573.972
603020.SH,20250917,9.84,9.84,9.67,9.68,9.8,-1.2245,69843.0,67920.351
603021.SH,20250917,4.9,4.97,4.79,4.85,4.94,-1.8219,67242.6,32697.182
603022.SH,20250917,11.11,11.11,10.83,10.83,11.09,-2.3445,107513.2,117135.228
603023.SH,20250917,4.45,4.74,4.45,4.6,4.49,2.4499,251582.26,115521.066
603025.SH,20250917,17.02,17.26,16.95,17.13,17.0,0.7647,104124.32,178256.845
603026.SH,20250917,42.11,44.74,41.72,43.53,42.34,2.8106,88094.06,382301.238
603027.SH,20250917,11.78,11.84,11.73,11.8,11.79,0.0848,62583.0,73735.087
603028.SH,20250917,8.49,8.77,8.37,8.55,8.48,0.8255,121461.0,103723.62
603029.SH,20250917,19.15,19.3,18.95,19.11,19.15,-0.2089,38847.21,74194.778
603030.SH,20250917,3.0,3.07,2.95,3.01,3.0,0.3333,1419359.38,427337.324
603031.SH,20250917,39.16,39.3,37.6,38.17,38.7,-1.3695,78664.08,301884.794
603032.SH,20250917,22.74,23.01,22.45,22.49,22.73,-1.0559,109304.44,247538.068
603033.SH,20250917,12.42,12.63,12.36,12.44,12.41,0.2417,64375.45,80218.547
603035.SH,20250917,16.85,17.44,16.81,16.93,17.0,-0.4118,239967.78,411183.247
603036.SH,20250917,21.21,21.45,20.53,20.89,21.33,-2.0628,123842.0,259824.41
603037.SH,20250917,12.6,12.98,12.58,12.86,12.64,1.7405,103535.35,132820.259
603038.SH,20250917,17.26,17.49,17.01,17.07,17.26,-1.1008,112145.94,193033.601
603039.SH,20250917,57.48,57.84,56.66,57.6,57.77,-0.2943,26906.42,153833.962
603040.SH,20250917,64.3,70.4,64.3,70.4,64.0,10.0,37083.14,253444.124
603041.SH,20250917,12.53,12.56,12.43,12.5,12.48,0.1603,20415.2,25522.652
603042.SH,20250917,15.77,15.94,15.61,15.71,15.73,-0.1271,50603.86,79857.102
603043.SH,20250917,17.77,17.82,17.22,17.31,17.7,-2.2034,80975.46,141139.364
603045.SH,20250917,19.7,19.78,19.36,19.55,19.7,-0.7614,25030.8,48989.363
603048.SH,20250917,21.0,21.75,21.0,21.41,21.1,1.4692,60087.39,129036.909
603049.SH,20250917,48.1,49.68,48.1,49.45,48.16,2.6786,69506.28,341504.476
603050.SH,20250917,17.1,17.44,16.92,17.15,17.1,0.2924,96169.26,165352.237
603051.SH,20250917,24.89,25.15,24.31,24.7,25.03,-1.3184,121069.51,297819.585
603052.SH,20250917,32.97,33.76,32.8,32.81,33.0,-0.5758,34408.4,114040.758
603053.SH,20250917,10.41,10.55,10.41,10.45,10.46,-0.0956,37019.69,38808.862
603055.SH,20250917,9.27,9.32,9.24,9.3,9.27,0.3236,37570.4,34883.172
603056.SH,20250917,16.03,16.03,15.83,15.84,16.04,-1.2469,74737.13,118822.94
603057.SH,20250917,22.14,22.38,21.57,21.66,22.08,-1.9022,31531.8,68777.263
603058.SH,20250917,9.26,9.48,9.22,9.35,9.28,0.7543,128204.32,120021.612
603059.SH,20250917,32.06,33.14,32.06,32.96,32.21,2.3285,52633.89,173167.194
603060.SH,20250917,6.61,6.63,6.57,6.59,6.6,-0.1515,37612.08,24828.709
603061.SH,20250917,106.99,111.56,105.53,111.0,106.74,3.991,15993.3,174226.053
603062.SH,20250917,52.37,52.37,51.22,51.8,52.11,-0.5949,10008.0,51798.753
603063.SH,20250917,33.3,35.11,33.25,34.82,33.53,3.8473,448556.68,1537447.367
603065.SH,20250917,8.61,8.63,8.56,8.57,8.63,-0.6952,31094.42,26716.134
603066.SH,20250917,11.87,11.93,11.74,11.77,11.9,-1.0924,64016.0,75635.875
603067.SH,20250917,17.67,18.42,17.53,17.99,17.66,1.8686,111425.92,200886.45
603068.SH,20250917,44.38,44.66,43.4,43.64,44.72,-2.415,78335.0,343103.599
603069.SH,20250917,21.94,22.1,21.44,21.51,21.98,-2.1383,85555.0,185254.776
603070.SH,20250917,14.32,14.41,14.21,14.3,14.31,-0.0699,24688.0,35331.665
603071.SH,20250917,13.59,13.75,13.59,13.62,13.67,-0.3658,16341.1,22344.349
603072.SH,20250917,50.45,50.85,50.16,50.55,50.7,-0.2959,30031.18,151751.306
603073.SH,20250917,18.03,18.03,17.77,17.79,17.95,-0.8914,9094.0,16285.902
603075.SH,20250917,24.13,24.36,23.74,23.81,24.13,-1.3262,28807.72,69347.428
603076.SH,20250917,26.2,26.2,25.75,25.85,26.18,-1.2605,15940.14,41295.072
603077.SH,20250917,2.06,2.06,2.02,2.04,2.07,-1.4493,1529750.79,311159.347
603078.SH,20250917,19.88,20.28,19.76,19.8,19.85,-0.2519,168651.75,336328.48
603079.SH,20250917,17.86,18.2,17.7,18.1,17.89,1.1738,45039.0,80830.078
603080.SH,20250917,21.73,21.73,21.47,21.53,21.63,-0.4623,32444.81,69989.639
603081.SH,20250917,13.37,13.58,13.21,13.28,13.27,0.0754,112093.0,149503.213
603082.SH,20250917,41.37,41.7,41.04,41.19,41.38,-0.4592,19232.44,79579.368
603083.SH,20250917,117.75,123.98,115.57,118.88,119.85,-0.8093,504121.12,5995761.394
603085.SH,20250917,10.75,10.88,10.68,10.77,10.71,0.5602,70401.41,75720.168
603086.SH,20250917,9.27,9.27,9.17,9.18,9.28,-1.0776,102270.69,94092.276
603087.SH,20250917,73.6,74.4,71.69,72.69,73.98,-1.7437,160859.24,1166847.27
603088.SH,20250917,11.35,11.9,11.2,11.68,11.45,2.0087,495516.46,575367.763
603089.SH,20250917,17.0,17.77,16.93,17.35,16.99,2.1189,134342.19,233762.075
603090.SH,20250917,45.31,46.5,44.05,45.1,46.04,-2.0417,83108.58,373352.303
603091.SH,20250917,77.18,80.41,77.18,78.4,77.5,1.1613,4275.55,33793.062
603093.SH,20250917,21.84,22.99,21.8,22.97,21.97,4.5517,228208.06,514549.77
603095.SH,20250917,14.87,15.48,14.84,15.29,14.91,2.5486,55788.88,85273.936
603096.SH,20250917,18.3,18.37,18.15,18.18,18.25,-0.3836,14629.2,26703.853
603097.SH,20250917,22.27,22.65,22.14,22.5,22.25,1.1236,19630.45,43926.191
603098.SH,20250917,15.52,16.18,15.2,16.0,15.38,4.0312,229772.99,362237.584
603099.SH,20250917,51.3,51.3,48.51,49.33,50.85,-2.9892,139221.22,687426.891
603100.SH,20250917,23.94,24.4,23.78,24.26,24.15,0.4555,89019.19,215174.131
603101.SH,20250917,12.74,12.75,12.1,12.36,12.58,-1.7488,279895.92,346641.899
603102.SH,20250917,47.98,51.84,47.67,48.5,47.7,1.6771,39311.3,195353.124
603103.SH,20250917,18.27,18.27,17.93,18.16,18.27,-0.6021,71343.78,129042.44
603105.SH,20250917,9.09,9.38,9.01,9.27,9.1,1.8681,218376.34,201281.432
603106.SH,20250917,10.86,11.15,10.77,11.05,10.93,1.0979,158790.59,174580.924
603107.SH,20250917,15.87,16.3,15.83,16.02,15.87,0.9452,55164.74,88711.639
603108.SH,20250917,16.91,16.95,16.77,16.92,16.92,0.0,119039.85,200353.052
603109.SH,20250917,31.9,32.47,31.6,32.2,31.72,1.5132,68844.6,220501.433
603110.SH,20250917,16.78,17.5,16.44,17.21,16.84,2.1971,226628.98,386666.234
603111.SH,20250917,7.81,8.35,7.78,8.33,7.84,6.25,359913.58,293826.154
603112.SH,20250917,17.6,18.14,17.49,17.59,17.6,-0.0568,120266.23,214404.543
603113.SH,20250917,7.15,7.18,7.0,7.03,7.17,-1.9526,139808.05,99071.308
603115.SH,20250917,18.58,18.84,18.5,18.59,18.58,0.0538,32369.0,60378.157
603116.SH,20250917,6.13,6.14,6.03,6.04,6.13,-1.4682,80374.2,48839.262
603117.SH,20250917,5.74,5.75,5.67,5.7,5.74,-0.6969,107806.15,61503.489
603118.SH,20250917,13.25,13.5,12.9,13.5,13.15,2.6616,460551.2,609642.526
603119.SH,20250917,107.1,112.56,105.51,107.11,107.09,0.0187,229800.82,2506129.646
603120.SH,20250917,42.5,43.99,42.37,43.29,42.68,1.4292,22711.24,98381.72
603121.SH,20250917,18.45,18.8,18.18,18.37,18.5,-0.7027,122957.04,226161.877
603122.SH,20250917,6.87,6.92,6.81,6.85,6.88,-0.436,42236.0,28956.662
603123.SH,20250917,13.49,14.1,13.32,13.95,13.51,3.2568,458369.81,633791.594
603124.SH,20250917,87.48,90.08,85.01,89.96,87.98,2.2505,33982.4,298595.05
603125.SH,20250917,17.15,17.33,17.0,17.16,17.1,0.3509,46266.59,79457.65
603126.SH,20250917,6.85,6.85,6.79,6.8,6.87,-1.0189,57859.0,39379.353
603127.SH,20250917,41.29,42.1,40.01,40.4,42.2,-4.2654,444327.86,1805627.93
603128.SH,20250917,6.31,6.33,6.24,6.24,6.35,-1.7323,308523.99,193338.593
603129.SH,20250917,276.3,291.06,275.0,290.32,277.77,4.5181,19764.93,563861.987
603130.SH,20250917,40.0,40.4,38.88,38.98,40.17,-2.9624,25154.0,99429.652
603131.SH,20250917,22.47,22.51,22.03,22.09,22.51,-1.8658,173155.0,383900.306
603132.SH,20250917,14.07,14.17,13.86,13.94,14.16,-1.5537,51632.49,72159.96
603135.SH,20250917,12.5,12.62,11.57,11.98,11.89,0.7569,443500.96,531389.998
603136.SH,20250917,13.52,13.56,13.25,13.27,13.39,-0.8962,98099.51,131203.07
603137.SH,20250917,14.4,14.45,14.25,14.26,14.39,-0.9034,13105.0,18783.955
603138.SH,20250917,16.51,16.8,16.44,16.64,16.61,0.1806,73805.0,122722.902
603139.SH,20250917,24.24,24.24,23.48,23.67,23.79,-0.5044,16784.09,39883.804
603150.SH,20250917,39.37,40.49,39.18,39.83,39.54,0.7334,42090.5,167822.009
603151.SH,20250917,30.65,30.75,28.0,28.21,30.77,-8.3198,63017.0,181926.659
603153.SH,20250917,19.6,19.68,19.11,19.6,20.17,-2.826,88130.4,171129.404
603155.SH,20250917,16.42,16.43,16.16,16.19,16.38,-1.16,28779.84,46805.172
603156.SH,20250917,21.21,21.4,21.11,21.34,21.23,0.5181,28507.37,60572.561
603158.SH,20250917,11.01,11.08,10.83,10.87,11.12,-2.2482,398370.48,435438.25
603159.SH,20250917,23.18,24.25,22.88,23.87,23.39,2.0522,41232.81,97536.969
603160.SH,20250917,79.35,80.88,78.86,80.08,79.68,0.502,58855.07,470408.849
603161.SH,20250917,13.57,13.61,13.45,13.51,13.52,-0.074,43800.21,59229.353
603162.SH,20250917,9.11,9.19,9.02,9.09,9.12,-0.3289,59828.92,54548.489
603163.SH,20250917,47.0,47.42,44.68,45.66,46.82,-2.4776,38819.19,178348.096
603165.SH,20250917,14.32,15.38,14.17,14.75,14.23,3.6543,164496.9,243421.411
603166.SH,20250917,17.77,18.23,17.55,18.03,17.77,1.4631,262483.0,471873.83
603167.SH,20250917,10.15,10.19,10.03,10.14,10.02,1.1976,66460.42,67378.264
603168.SH,20250917,8.44,8.48,8.27,8.32,8.42,-1.1876,125070.72,104258.248
603169.SH,20250917,7.88,7.91,7.78,7.81,7.88,-0.8883,248799.37,194607.771
603170.SH,20250917,14.35,14.4,14.13,14.29,14.4,-0.7639,23381.0,33330.007
603171.SH,20250917,52.1,53.09,51.1,52.48,53.03,-1.0371,50478.01,263142.503
603172.SH,20250917,17.73,17.97,17.58,17.58,17.7,-0.678,16223.21,28827.616
603173.SH,20250917,49.55,51.64,49.11,51.04,49.62,2.8617,31420.0,159029.967
603176.SH,20250917,6.5,6.52,6.41,6.42,6.51,-1.3825,50341.0,32488.38
603177.SH,20250917,12.0,12.0,11.61,11.65,12.06,-3.3997,147134.59,172551.564
603178.SH,20250917,20.75,21.47,20.52,21.24,20.69,2.6583,162700.81,342062.27
603179.SH,20250917,78.52,83.6,77.21,79.6,80.4,-0.995,191977.09,1532527.718
603180.SH,20250917,20.7,20.88,20.52,20.54,20.78,-1.155,12872.6,26583.724
603181.SH,20250917,16.76,16.85,16.38,16.47,16.81,-2.0226,149919.24,247964.369
603182.SH,20250917,14.41,14.41,14.19,14.26,14.4,-0.9722,15904.0,22703.535
603183.SH,20250917,4.6,4.63,4.54,4.56,4.6,-0.8696,95007.58,43521.762
603185.SH,20250917,22.77,23.28,22.51,22.78,22.77,0.0439,191497.29,437848.584
603186.SH,20250917,38.9,40.0,38.55,39.49,38.98,1.3084,68880.09,271539.972
603187.SH,20250917,14.9,14.99,14.83,14.89,14.94,-0.3347,33791.87,50376.38
603188.SH,20250917,4.27,4.3,4.23,4.24,4.27,-0.7026,76704.0,32682.496
603189.SH,20250917,21.02,21.82,20.84,21.31,21.11,0.9474,84034.0,179088.534
603190.SH,20250917,24.0,24.12,23.89,23.93,23.96,-0.1252,18531.0,44524.045
603191.SH,20250917,15.88,15.92,15.71,15.84,15.92,-0.5025,77092.3,121776.617
603192.SH,20250917,22.8,23.01,22.69,22.74,22.88,-0.6119,21393.6,48877.882
603193.SH,20250917,28.81,29.05,28.71,28.77,28.88,-0.3809,26220.27,75635.838
603194.SH,20250917,41.03,44.61,40.93,42.65,40.65,4.92,104620.2,451591.92
603195.SH,20250917,46.13,46.39,46.11,46.25,46.12,0.2819,28713.29,132775.749
603196.SH,20250917,22.59,23.59,22.4,22.99,22.31,3.048,94195.05,216870.291
603197.SH,20250917,40.1,43.38,40.05,42.85,40.11,6.8312,200934.17,845539.981
603198.SH,20250917,44.96,45.0,44.13,44.2,44.95,-1.6685,59796.17,265601.786
603199.SH,20250917,39.9,40.2,38.6,38.77,39.78,-2.539,75041.98,292966.523
603200.SH,20250917,99.54,100.5,95.3,96.22,100.99,-4.7232,172337.89,1686457.718
603201.SH,20250917,19.2,19.85,18.89,19.29,19.2,0.4688,52586.76,101419.494
603202.SH,20250917,100.07,100.97,99.75,100.34,99.95,0.3902,10853.54,108957.976
603203.SH,20250917,32.51,32.97,32.29,32.55,32.64,-0.2757,34990.95,113899.129
603205.SH,20250917,29.88,29.88,29.68,29.71,29.87,-0.5357,11189.26,33268.583
603206.SH,20250917,17.42,17.63,17.3,17.57,17.46,0.63,26015.15,45601.589
603207.SH,20250917,36.08,36.66,36.04,36.09,35.97,0.3336,27504.42,99629.942
603208.SH,20250917,15.25,15.49,15.17,15.34,15.15,1.2541,37542.94,57556.469
603209.SH,20250917,15.22,15.23,15.11,15.14,15.19,-0.3292,19038.0,28852.005
603210.SH,20250917,21.32,23.16,21.32,22.15,21.26,4.1863,149404.53,333959.033
603211.SH,20250917,19.91,20.24,19.72,20.15,19.86,1.4602,50682.0,101528.41
603212.SH,20250917,12.09,12.24,12.02,12.04,12.17,-1.0682,138030.66,167046.937
603213.SH,20250917,13.6,13.63,13.51,13.56,13.55,0.0738,33483.55,45452.074
603214.SH,20250917,19.0,19.08,18.82,18.85,19.0,-0.7895,30772.0,58195.371
603215.SH,20250917,23.5,23.5,21.74,22.1,22.65,-2.4283,214423.64,476254.376
603216.SH,20250917,17.01,17.43,16.8,16.98,17.18,-1.1641,44033.32,75498.753
603217.SH,20250917,21.14,21.25,20.93,21.09,21.3,-0.9859,26037.98,54861.326
603218.SH,20250917,12.53,13.09,12.52,12.98,12.59,3.0977,227252.52,293045.766
603219.SH,20250917,19.69,21.44,19.45,21.44,19.49,10.0051,199092.8,406833.748
603220.SH,20250917,23.55,23.76,23.25,23.43,23.51,-0.3403,123552.11,289513.291
603221.SH,20250917,12.99,13.48,12.92,13.27,12.99,2.1555,141615.0,187437.224
603222.SH,20250917,13.5,13.78,13.0,13.22,13.78,-4.0639,748927.34,995074.639
603223.SH,20250917,9.88,10.05,9.8,9.8,9.88,-0.8097,77462.06,76806.277
603225.SH,20250917,15.4,15.75,15.32,15.67,15.77,-0.6341,97403.6,151064.532
603226.SH,20250917,29.11,29.36,28.56,28.7,29.09,-1.3407,38543.69,111070.526
603227.SH,20250917,9.2,9.33,9.14,9.26,9.21,0.5429,149110.6,137582.656
603228.SH,20250917,72.44,75.2,70.79,73.11,71.99,1.5558,354692.97,2585139.131
603229.SH,20250917,11.56,12.06,11.19,11.21,11.19,0.1787,403249.37,467308.843
603230.SH,20250917,12.69,12.7,12.54,12.56,12.69,-1.0244,40255.6,50673.343
603231.SH,20250917,18.89,18.89,18.58,18.64,18.85,-1.1141,31054.0,58006.501
603232.SH,20250917,15.14,15.3,15.05,15.2,15.17,0.1978,41754.2,63501.019
603233.SH,20250917,17.24,17.69,17.24,17.66,17.22,2.5552,72196.55,126327.628
603235.SH,20250917,27.17,27.34,27.11,27.24,27.18,0.2208,6150.0,16752.641
603236.SH,20250917,101.88,104.38,100.11,102.48,101.18,1.2848,122415.94,1255374.719
603237.SH,20250917,18.54,18.54,18.25,18.27,18.56,-1.5625,39162.58,71713.207
603238.SH,20250917,20.2,20.75,20.2,20.33,20.2,0.6436,22407.75,45795.283
603239.SH,20250917,19.57,20.8,19.33,19.89,19.75,0.7089,196679.83,394871.103
603255.SH,20250917,39.3,39.86,38.16,38.2,39.39,-3.0211,22910.0,88800.372
603256.SH,20250917,38.66,39.19,37.54,37.84,39.19,-3.4448,199610.86,761343.344
603257.SH,20250917,66.07,66.6,64.52,66.37,66.46,-0.1354,46368.91,303888.513
603258.SH,20250917,21.7,22.18,21.7,21.9,21.85,0.2288,34201.0,75004.075
603259.SH,20250917,106.89,110.72,105.38,109.29,107.05,2.0925,497652.07,5381554.265
603260.SH,20250917,51.86,51.86,51.03,51.19,51.96,-1.4819,96607.68,495052.417
603261.SH,20250917,21.04,21.05,20.7,20.89,21.04,-0.7129,7542.0,15716.33
603262.SH,20250917,31.66,31.94,31.56,31.81,31.74,0.2205,22160.74,70368.177
603266.SH,20250917,26.05,28.03,26.0,26.16,26.04,0.4608,353966.06,948820.908
603267.SH,20250917,54.18,58.39,53.53,57.65,54.14,6.4832,94336.33,532247.537
603268.SH,20250917,48.17,48.85,47.54,48.83,47.89,1.9628,13220.6,63469.526
603269.SH,20250917,11.12,12.24,11.08,12.24,11.13,9.973,272670.9,327262.789
603270.SH,20250917,26.29,27.08,26.29,26.83,26.52,1.1689,38607.01,103756.264
603271.SH,20250917,41.32,41.94,41.21,41.4,41.48,-0.1929,36976.01,153609.802
603272.SH,20250917,20.46,20.75,20.13,20.19,20.37,-0.8837,18094.0,36917.616
603273.SH,20250917,20.16,20.31,20.02,20.16,20.17,-0.0496,23162.87,46688.447
603275.SH,20250917,55.67,60.13,55.67,58.11,54.66,6.3117,88412.26,519000.459
603276.SH,20250917,18.15,19.77,18.15,18.88,18.24,3.5088,69644.17,131937.869
603277.SH,20250917,18.2,18.97,18.12,18.6,18.27,1.8062,66693.2,124350.126
603278.SH,20250917,11.63,11.9,11.54,11.55,11.71,-1.3664,389536.31,454085.03
603279.SH,20250917,15.91,16.09,15.85,15.98,15.84,0.8838,42846.63,68458.756
603280.SH,20250917,42.7,43.23,42.5,42.5,42.91,-0.9555,28548.79,122361.744
603281.SH,20250917,25.01,25.26,24.91,25.14,25.01,0.5198,15347.2,38620.324
603282.SH,20250917,19.0,19.05,18.7,18.79,18.9,-0.582,19233.0,36328.125
603283.SH,20250917,44.17,44.97,43.8,44.27,44.3,-0.0677,136998.25,606651.257
603285.SH,20250917,28.19,28.51,26.94,27.23,28.31,-3.8149,118795.97,327531.343
603286.SH,20250917,39.07,40.5,39.0,39.55,38.68,2.2492,172252.2,681540.056
603288.SH,20250917,40.34,40.66,40.06,40.29,40.33,-0.0992,103620.99,417275.587
603289.SH,20250917,10.85,11.11,10.76,10.94,10.9,0.367,80258.8,87973.858
603290.SH,20250917,105.4,107.49,104.22,106.88,105.66,1.1546,67054.89,711005.139
603291.SH,20250917,11.34,11.7,11.28,11.4,11.32,0.7067,39439.36,45083.669
603296.SH,20250917,93.0,94.21,91.21,93.88,94.18,-0.3185,178853.43,1659831.185
603297.SH,20250917,108.2,108.2,108.2,108.2,98.36,10.0041,19414.12,210060.778
603298.SH,20250917,26.97,28.98,26.7,28.85,26.69,8.0929,180050.1,505989.522
603299.SH,20250917,10.66,10.74,10.6,10.72,10.66,0.5629,48573.0,51892.138
603300.SH,20250917,10.09,10.18,10.04,10.08,10.11,-0.2967,694223.39,700416.254
603301.SH,20250917,39.0,39.92,38.21,39.35,39.0,0.8974,163114.95,636836.328
603303.SH,20250917,14.38,14.8,14.26,14.49,14.31,1.2579,29550.0,42686.397
603305.SH,20250917,17.05,17.6,16.9,17.23,17.25,-0.1159,712068.64,1222943.895
603306.SH,20250917,49.32,51.5,49.0,49.79,49.31,0.9734,116011.9,582100.714
603307.SH,20250917,40.81,41.27,40.68,40.79,40.65,0.3444,6519.0,26732.785
603308.SH,20250917,31.37,32.44,31.06,32.4,31.01,4.4824,277317.23,878860.046
603309.SH,20250917,14.47,14.55,14.33,14.36,14.47,-0.7602,37788.19,54542.797
603310.SH,20250917,18.26,18.38,18.14,18.18,18.26,-0.4381,24696.36,44971.585
603311.SH,20250917,11.23,11.37,11.21,11.25,11.21,0.3568,27818.0,31398.617
603312.SH,20250917,44.06,44.69,43.5,44.36,44.07,0.658,14105.47,62425.837
603313.SH,20250917,8.99,9.27,8.76,8.95,8.62,3.8283,248269.27,221627.596
603315.SH,20250917,13.68,13.7,13.5,13.53,13.74,-1.5284,61174.0,83031.792
603316.SH,20250917,11.11,12.3,10.81,11.54,11.45,0.786,463214.6,522581.5
603317.SH,20250917,11.95,12.01,11.83,11.91,11.96,-0.4181,38761.5,46084.858
603318.SH,20250917,6.83,6.9,6.8,6.83,6.84,-0.1462,79787.17,54567.04
603319.SH,20250917,42.39,46.7,41.32,45.46,42.45,7.0907,373762.45,1643446.386
603320.SH,20250917,20.22,21.07,20.22,20.51,20.39,0.5885,57031.94,117594.145
603321.SH,20250917,8.32,8.43,8.23,8.26,8.38,-1.432,44891.0,37330.338
603322.SH,20250917,39.99,40.29,39.39,39.75,39.93,-0.4508,55128.0,219822.59
603323.SH,20250917,5.22,5.24,5.18,5.22,5.22,0.0,223638.06,116683.433
603324.SH,20250917,25.64,26.04,25.5,25.82,25.58,0.9382,21335.69,55109.514
603325.SH,20250917,87.9,90.34,86.71,89.85,87.93,2.1836,13863.17,123895.796
603326.SH,20250917,8.88,8.96,8.78,8.84,8.92,-0.8969,38103.52,33829.959
603327.SH,20250917,9.58,9.94,9.54,9.81,9.63,1.8692,138169.03,135130.675
603328.SH,20250917,12.1,12.18,11.92,11.98,12.1,-0.9917,329851.05,396518.068
603329.SH,20250917,11.75,11.79,11.55,11.6,11.72,-1.0239,37121.84,43150.361
603330.SH,20250917,8.02,8.08,7.92,8.0,8.02,-0.2494,192944.63,154227.214
603331.SH,20250917,11.09,11.2,11.0,11.07,11.08,-0.0903,33076.8,36705.386
603332.SH,20250917,14.18,14.18,13.95,13.96,14.18,-1.5515,53783.0,75389.27
603333.SH,20250917,8.39,8.42,8.24,8.27,8.41,-1.6647,147439.0,122745.015
603335.SH,20250917,5.78,6.17,5.76,5.95,5.99,-0.6678,682568.98,408058.652
603336.SH,20250917,10.01,10.02,9.81,9.92,9.94,-0.2012,134644.11,133589.466
603337.SH,20250917,51.0,52.53,50.14,50.91,50.4,1.0119,64096.91,329896.435
603338.SH,20250917,51.48,54.07,51.28,53.65,51.27,4.6421,178068.78,939889.868
603339.SH,20250917,14.89,15.03,14.7,14.82,14.89,-0.4701,58993.2,87424.166
603341.SH,20250917,47.0,47.04,46.08,46.44,47.46,-2.1492,102575.41,476686.94
603344.SH,20250917,29.1,31.28,29.04,30.56,29.28,4.3716,130611.65,397417.301
603345.SH,20250917,74.18,74.47,73.57,73.78,74.08,-0.405,58994.94,435983.872
603348.SH,20250917,22.77,22.99,22.65,22.88,22.78,0.439,83793.63,191370.665
603350.SH,20250917,45.18,46.09,45.0,45.27,45.57,-0.6583,46023.9,209542.245
603351.SH,20250917,28.55,29.33,28.5,28.8,28.63,0.5938,8823.0,25490.243
603353.SH,20250917,16.45,16.88,16.4,16.84,16.48,2.1845,35606.0,59482.664
603355.SH,20250917,22.32,23.15,22.32,22.89,22.37,2.3245,45587.2,103879.566
603356.SH,20250917,13.21,13.27,13.03,13.08,13.2,-0.9091,28659.0,37661.441
603357.SH,20250917,8.55,8.57,8.5,8.55,8.57,-0.2334,37795.73,32270.248
603358.SH,20250917,41.4,42.47,41.11,41.89,41.49,0.9641,37843.41,158662.321
603359.SH,20250917,9.93,9.99,9.42,9.47,10.23,-7.4291,685725.81,662460.275
603360.SH,20250917,25.1,25.49,24.79,24.88,24.84,0.161,133503.95,334636.244
603363.SH,20250917,5.78,6.19,5.66,6.02,5.78,4.1522,1568032.33,927477.718
603365.SH,20250917,16.87,16.94,16.82,16.91,16.88,0.1777,9415.0,15887.225
603366.SH,20250917,10.22,10.22,10.07,10.1,10.2,-0.9804,188212.79,190336.778
603367.SH,20250917,21.65,21.66,21.08,21.21,21.61,-1.851,146360.71,311402.012
603368.SH,20250917,18.65,19.13,18.65,18.9,18.71,1.0155,92962.37,175962.09
603369.SH,20250917,42.12,42.35,41.72,41.83,42.16,-0.7827,52694.09,220721.701
603370.SH,20250917,53.0,54.09,52.14,52.85,53.64,-1.4728,66050.13,349434.484
603373.SH,20250917,52.08,52.65,49.98,50.28,52.5,-4.2286,34789.55,177162.852
603375.SH,20250917,41.29,41.97,41.01,41.59,41.49,0.241,28391.31,117874.779
603377.SH,20250917,3.61,3.66,3.56,3.64,3.63,0.2755,79647.32,28673.557
603378.SH,20250917,5.96,5.97,5.89,5.91,5.95,-0.6723,45554.52,27022.303
603379.SH,20250917,55.39,56.8,55.03,55.95,55.39,1.011,76475.69,428942.072
603380.SH,20250917,50.9,51.5,49.49,50.1,50.92,-1.6104,55620.0,279517.78
603381.SH,20250917,24.42,24.98,24.21,24.5,24.56,-0.2443,49049.56,120150.55
603382.SH,20250917,39.95,40.05,38.7,38.79,39.82,-2.5866,55136.75,215518.066
603383.SH,20250917,42.45,43.5,42.34,43.3,42.55,1.7626,57157.82,246396.822
603385.SH,20250917,6.92,6.93,6.82,6.86,6.91,-0.7236,34053.1,23417.642
603386.SH,20250917,15.5,15.85,15.22,15.3,15.56,-1.671,94893.0,146570.648
603387.SH,20250917,8.41,8.46,8.38,8.39,8.39,0.0,47396.09,39866.456
603388.SH,20250917,1.86,1.9,1.84,1.9,1.81,4.9724,61792.2,11618.533
603389.SH,20250917,27.34,27.75,26.31,27.45,27.2,0.9191,28656.03,77273.248
603390.SH,20250917,13.55,13.65,13.49,13.55,13.62,-0.514,58174.0,78891.366
603391.SH,20250917,48.28,50.46,47.75,49.88,48.76,2.297,41654.87,205945.657
603392.SH,20250917,58.56,60.99,58.56,59.4,58.53,1.4864,47288.23,282643.347
603393.SH,20250917,28.86,29.38,28.85,29.21,28.88,1.1427,43897.24,127867.129
603395.SH,20250917,36.11,36.3,35.81,35.94,36.35,-1.1279,30021.02,107883.747
603396.SH,20250917,28.64,28.97,28.46,28.93,28.65,0.9773,27426.02,78965.499
603398.SH,20250917,6.89,7.3,6.81,6.85,6.96,-1.5805,364993.89,258131.768
603399.SH,20250917,9.94,10.0,9.76,9.93,9.92,0.1008,110887.33,109754.735
603400.SH,20250917,64.3,64.31,63.49,63.7,64.25,-0.856,10263.95,65469.8
603406.SH,20250917,44.1,44.15,43.91,44.05,44.0,0.1136,16305.28,71785.088
603408.SH,20250917,12.05,12.3,12.05,12.12,12.08,0.3311,31735.0,38722.607
603409.SH,20250917,36.5,36.95,36.3,36.51,36.46,0.1371,22243.21,81553.416
603416.SH,20250917,65.68,68.78,64.35,66.38,66.1,0.4236,53463.54,358539.26
603421.SH,20250917,6.69,6.89,6.63,6.85,6.69,2.3916,94942.1,64305.046
603429.SH,20250917,11.94,11.94,11.42,11.63,11.67,-0.3428,136709.0,158574.482
603439.SH,20250917,13.48,13.6,13.34,13.46,13.51,-0.3701,98055.0,131757.597
603444.SH,20250917,541.38,557.75,533.7,555.06,541.65,2.4758,17951.6,977825.78
603456.SH,20250917,20.33,20.76,19.99,20.23,20.26,-0.1481,411339.61,836940.931
603458.SH,20250917,8.6,8.64,8.37,8.43,8.6,-1.9767,98728.77,83383.533
603466.SH,20250917,10.14,10.2,10.01,10.04,10.02,0.1996,161223.25,162744.46
603477.SH,20250917,22.01,22.1,21.45,21.68,22.06,-1.7226,185123.4,400945.82
603486.SH,20250917,97.6,106.6,97.51,105.0,98.11,7.0227,81726.32,850468.269
603488.SH,20250917,8.45,8.5,8.4,8.42,8.45,-0.355,30484.0,25734.407
603489.SH,20250917,26.79,27.86,26.79,27.18,26.98,0.7413,50247.69,137295.781
603499.SH,20250917,18.35,18.35,18.03,18.06,18.36,-1.634,64540.4,116960.055
603500.SH,20250917,11.5,12.3,11.23,12.02,11.38,5.6239,235769.32,282625.953
603501.SH,20250917,143.98,145.36,142.02,142.96,141.15,1.2823,298609.94,4280052.043
603505.SH,20250917,17.38,17.45,17.1,17.37,17.39,-0.115,109685.2,189948.937
603506.SH,20250917,15.53,15.62,14.93,14.98,15.78,-5.0697,111400.23,169424.7
603507.SH,20250917,26.89,27.32,26.8,26.93,26.8,0.4851,83934.73,226740.11
603508.SH,20250917,32.9,33.45,32.73,33.18,32.94,0.7286,48157.76,159864.582
603511.SH,20250917,15.82,16.16,15.65,16.06,15.82,1.5171,52970.45,84698.442
603515.SH,20250917,17.34,17.5,17.3,17.44,17.3,0.8092,17428.25,30389.21
603516.SH,20250917,160.52,169.4,148.0,166.5,154.0,8.1169,254352.48,4102299.325
603517.SH,20250917,15.91,16.03,15.77,15.79,15.89,-0.6293,105312.08,166783.145
603518.SH,20250917,10.28,11.18,10.27,10.62,10.16,4.5276,467051.44,508388.345
603519.SH,20250917,12.69,12.78,12.6,12.67,12.67,0.0,24577.02,31147.442
603520.SH,20250917,12.34,12.41,12.0,12.09,12.39,-2.4213,156057.04,189009.666
603527.SH,20250917,11.45,11.59,11.27,11.46,11.44,0.1748,100757.16,115494.962
603528.SH,20250917,9.6,9.63,9.28,9.51,9.64,-1.3485,186170.23,176910.099
603529.SH,20250917,34.5,35.03,34.4,34.87,34.48,1.1311,67608.77,235014.1
603530.SH,20250917,30.38,30.88,30.15,30.32,30.38,-0.1975,31222.0,95201.36
603533.SH,20250917,20.12,20.18,19.94,20.07,20.22,-0.7418,76554.0,153461.652
603535.SH,20250917,12.79,12.79,12.51,12.57,12.8,-1.7969,72931.08,91715.771
603536.SH,20250917,11.18,11.18,10.71,10.81,11.11,-2.7003,213005.76,231658.588
603538.SH,20250917,23.99,24.15,23.51,23.61,23.99,-1.584,87816.0,208936.826
603551.SH,20250917,12.56,12.75,12.54,12.74,12.53,1.676,24530.0,31066.679
603556.SH,20250917,26.74,27.07,26.62,26.82,26.73,0.3367,32448.0,87155.701
603557.SH,20250917,2.51,2.54,2.5,2.51,2.52,-0.3968,136346.26,34293.678
603558.SH,20250917,9.75,9.85,9.67,9.73,9.68,0.5165,54915.68,53558.367
603559.SH,20250917,8.8,9.09,8.79,9.04,8.85,2.1469,14796.0,13320.199
603565.SH,20250917,11.33,11.43,11.17,11.26,11.35,-0.793,94908.94,107116.656
603566.SH,20250917,14.44,14.45,14.24,14.3,14.42,-0.8322,37148.96,53236.44
603567.SH,20250917,12.35,12.42,12.09,12.15,12.35,-1.6194,84680.11,103662.163
603568.SH,20250917,19.59,19.63,19.43,19.48,19.58,-0.5107,44572.44,86978.022
603569.SH,20250917,9.57,9.63,9.36,9.37,9.57,-2.0899,107533.6,101729.224
603577.SH,20250917,9.8,9.88,9.69,9.73,9.77,-0.4094,54814.8,53664.354
603578.SH,20250917,13.6,13.65,13.41,13.43,13.6,-1.25,21112.78,28566.529
603579.SH,20250917,39.31,41.1,38.75,40.0,38.85,2.9601,137593.72,552331.91
603580.SH,20250917,14.38,14.38,14.2,14.31,14.42,-0.7628,7859.0,11224.097
603583.SH,20250917,44.88,46.95,44.82,46.31,45.28,2.2747,313554.93,1442037.37
603585.SH,20250917,18.89,18.98,18.72,18.92,18.89,0.1588,12137.06,22849.167
603586.SH,20250917,20.04,20.74,19.85,20.44,20.04,1.996,75428.94,154386.344
603587.SH,20250917,12.96,13.03,12.91,12.94,12.95,-0.0772,20473.6,26533.867
603588.SH,20250917,6.84,6.84,6.73,6.75,6.84,-1.3158,259813.62,175637.054
603589.SH,20250917,34.2,35.46,34.06,35.22,34.2,2.9825,171759.45,600425.404
603590.SH,20250917,59.75,61.02,58.2,58.87,59.72,-1.4233,38148.0,226065.567
603595.SH,20250917,25.48,26.3,25.1,25.28,25.62,-1.3271,118632.87,304364.423
603596.SH,20250917,51.0,54.56,50.88,54.53,51.0,6.9216,303679.88,1620228.232
603598.SH,20250917,17.56,17.77,17.31,17.45,17.75,-1.6901,117919.0,206297.682
603599.SH,20250917,11.85,11.91,11.75,11.88,11.85,0.2532,62681.4,74167.587
603600.SH,20250917,11.87,11.99,11.53,11.57,11.98,-3.4224,118327.8,138182.597
603601.SH,20250917,5.37,5.39,5.27,5.35,5.37,-0.3724,253452.54,135294.298
603602.SH,20250917,15.4,15.41,15.18,15.22,15.36,-0.9115,59045.13,90077.37
603605.SH,20250917,81.11,81.79,81.05,81.77,81.08,0.851,44707.35,363648.561
603606.SH,20250917,57.39,58.88,57.39,58.82,57.55,2.2068,69439.0,404209.946
603607.SH,20250917,24.4,25.31,24.35,24.72,24.26,1.8961,104857.0,261105.749
603608.SH,20250917,7.32,7.46,7.26,7.39,7.39,0.0,62576.31,46004.448
603609.SH,20250917,8.68,8.74,8.51,8.56,8.68,-1.3825,59030.27,50692.086
603610.SH,20250917,16.95,17.99,16.95,17.19,16.99,1.1772,146959.78,257011.387
603611.SH,20250917,25.25,25.55,24.92,25.32,25.35,-0.1183,106444.5,269099.531
603612.SH,20250917,27.56,27.57,26.77,26.9,27.56,-2.3948,245329.37,662001.299
603613.SH,20250917,32.9,32.9,31.5,31.94,32.96,-3.0947,254149.39,811473.302
603615.SH,20250917,28.7,29.19,28.0,28.02,28.77,-2.6069,47086.0,133578.657
603616.SH,20250917,5.65,5.65,5.53,5.55,5.64,-1.5957,137937.0,76822.531
603617.SH,20250917,9.47,9.49,9.08,9.1,9.3,-2.1505,264257.0,243849.414
603618.SH,20250917,8.35,8.35,8.16,8.35,7.59,10.0132,551012.17,459585.271
603619.SH,20250917,19.67,19.9,19.53,19.58,19.54,0.2047,103252.4,202913.249
603626.SH,20250917,15.11,16.09,15.0,16.09,14.63,9.9795,829535.45,1313671.823
603628.SH,20250917,13.6,13.73,13.52,13.57,13.62,-0.3671,64401.0,87651.2
603629.SH,20250917,24.55,24.98,24.43,24.77,24.65,0.4868,66646.0,164819.174
603630.SH,20250917,27.8,28.45,27.17,27.61,28.13,-1.8486,51175.7,141397.627
603633.SH,20250917,11.87,12.29,11.87,12.18,12.0,1.5,204550.78,248167.599
603636.SH,20250917,12.21,12.3,12.18,12.21,12.28,-0.57,93798.41,114706.309
603637.SH,20250917,12.02,13.18,11.92,13.18,11.98,10.0167,219517.44,281778.041
603638.SH,20250917,18.41,19.12,18.31,18.91,18.5,2.2162,79220.77,149474.215
603639.SH,20250917,14.67,14.68,14.49,14.65,14.6,0.3425,23529.5,34296.664
603648.SH,20250917,11.24,11.27,11.14,11.18,11.25,-0.6222,37266.37,41752.954
603650.SH,20250917,34.45,35.66,34.33,35.21,34.29,2.683,158365.84,557474.256
603655.SH,20250917,46.59,48.0,45.5,46.0,46.38,-0.8193,61832.66,288752.631
603656.SH,20250917,21.92,22.16,21.75,21.82,21.9,-0.3653,71734.03,157134.735
603657.SH,20250917,39.3,39.98,38.26,39.11,39.31,-0.5088,46061.4,179855.152
603658.SH,20250917,41.05,41.15,40.74,40.93,41.04,-0.268,21140.4,86533.13
603659.SH,20250917,26.58,26.81,25.94,26.7,26.57,0.4893,499523.38,1318927.4
603660.SH,20250917,8.55,8.65,8.42,8.47,8.68,-2.4194,208214.31,177461.396
603661.SH,20250917,32.82,33.15,32.47,32.63,32.8,-0.5183,7745.42,25350.209
603662.SH,20250917,78.41,83.97,77.9,80.49,79.2,1.6288,271088.21,2190967.769
603663.SH,20250917,28.88,29.42,28.58,29.04,28.95,0.3109,113837.35,330417.155
603665.SH,20250917,26.95,27.0,26.01,26.28,26.93,-2.4137,27932.43,73481.175
603666.SH,20250917,35.5,36.2,35.37,35.42,35.3,0.3399,104423.44,372360.759
603667.SH,20250917,46.0,49.46,45.88,47.73,46.66,2.2932,533346.11,2526733.237
603668.SH,20250917,14.55,14.66,14.13,14.24,14.57,-2.2649,147631.25,210604.129
603669.SH,20250917,5.98,5.99,5.82,5.85,5.98,-2.1739,149166.08,87506.88
603676.SH,20250917,12.3,12.46,12.13,12.18,12.29,-0.895,34996.0,42716.914
603677.SH,20250917,19.67,21.44,19.55,20.54,19.49,5.3874,131096.14,272426.092
603678.SH,20250917,36.78,39.0,36.56,38.73,36.89,4.9878,147527.6,562069.039
603679.SH,20250917,16.28,16.36,16.05,16.09,16.22,-0.8015,41511.0,67171.628
603680.SH,20250917,12.74,12.92,12.74,12.85,12.78,0.5477,29510.9,37906.092
603681.SH,20250917,16.67,17.17,16.48,16.5,16.54,-0.2418,98634.25,166166.034
603682.SH,20250917,6.26,6.28,6.17,6.22,6.27,-0.7974,67132.45,41716.49
603683.SH,20250917,31.0,31.25,29.56,31.0,29.91,3.6443,224329.28,683805.952
603685.SH,20250917,18.12,18.28,17.89,18.06,18.03,0.1664,22199.8,40057.053
603686.SH,20250917,19.89,20.05,19.01,19.11,19.92,-4.0663,615838.81,1198705.651
603687.SH,20250917,8.75,9.1,8.71,8.84,8.75,1.0286,186465.0,166160.047
603688.SH,20250917,38.0,38.55,37.7,38.32,37.96,0.9484,103253.25,394680.639
603689.SH,20250917,8.79,8.84,8.75,8.78,8.79,-0.1138,26351.4,23169.454
603690.SH,20250917,28.9,29.69,28.39,28.61,28.39,0.7749,352160.43,1014744.222
603693.SH,20250917,12.9,13.01,12.86,12.97,12.94,0.2318,36647.9,47480.135
603696.SH,20250917,13.0,13.0,12.39,12.41,12.91,-3.873,152787.21,192253.614
603697.SH,20250917,12.3,12.37,12.12,12.14,12.26,-0.9788,74645.83,91047.459
603698.SH,20250917,20.1,20.38,19.89,20.03,20.23,-0.9886,89378.05,179119.326
603699.SH,20250917,35.28,37.44,35.12,37.39,35.27,6.0108,98846.34,365312.25
603700.SH,20250917,12.61,12.68,12.52,12.52,12.68,-1.2618,30415.32,38351.606
603701.SH,20250917,19.66,20.0,19.51,20.0,19.59,2.0929,27521.93,54694.271
603703.SH,20250917,10.34,10.6,10.25,10.56,10.35,2.029,129574.4,136115.805
603706.SH,20250917,20.66,20.73,20.56,20.56,20.71,-0.7243,14167.9,29211.89
603707.SH,20250917,11.05,11.11,11.01,11.04,11.08,-0.361,103468.6,114389.902
603708.SH,20250917,11.37,11.38,11.12,11.15,11.34,-1.6755,71651.45,80068.461
603709.SH,20250917,14.84,14.85,14.63,14.7,14.75,-0.339,41379.24,60882.761
603711.SH,20250917,13.51,13.54,13.42,13.44,13.54,-0.7386,25930.0,34921.954
603712.SH,20250917,21.07,21.32,20.83,21.2,21.07,0.617,122277.0,258489.821
603713.SH,20250917,67.0,67.0,65.6,66.51,66.79,-0.4192,22527.25,149292.533
603716.SH,20250917,31.7,33.0,30.5,30.68,31.8,-3.522,352127.23,1089321.227
603717.SH,20250917,10.1,10.13,9.25,9.38,9.95,-5.7286,458226.4,433719.597
603718.SH,20250917,7.15,7.21,7.12,7.15,7.17,-0.2789,95962.15,68675.471
603719.SH,20250917,13.54,13.57,13.27,13.31,13.54,-1.6987,66654.0,88940.344
603721.SH,20250917,21.56,21.65,21.3,21.54,21.56,-0.0928,23041.19,49479.992
603722.SH,20250917,44.44,45.63,43.77,44.9,44.35,1.2401,21630.5,96962.161
603725.SH,20250917,10.01,11.07,9.93,11.07,10.06,10.0398,144550.56,153727.533
603726.SH,20250917,19.33,19.67,19.25,19.37,19.33,0.2069,37821.92,73649.743
603727.SH,20250917,13.77,13.8,13.63,13.67,13.73,-0.437,25438.0,34848.131
603728.SH,20250917,78.18,81.58,77.0,78.14,78.15,-0.0128,279258.43,2211973.164
603729.SH,20250917,17.5,17.55,17.32,17.39,17.47,-0.4579,17307.04,30147.856
603730.SH,20250917,6.0,6.2,5.98,6.11,5.99,2.0033,252689.71,153661.508
603733.SH,20250917,23.32,24.09,23.29,23.61,23.29,1.374,44559.24,105816.227
603737.SH,20250917,46.78,47.42,46.6,46.95,47.05,-0.2125,31292.41,146956.692
603738.SH,20250917,15.11,15.44,15.11,15.32,15.14,1.1889,102910.2,157774.793
603739.SH,20250917,14.33,14.41,14.22,14.23,14.35,-0.8362,31419.8,44882.426
603755.SH,20250917,28.49,28.62,28.02,28.08,28.48,-1.4045,13018.58,36768.657
603757.SH,20250917,51.49,52.5,49.76,49.79,52.04,-4.3236,197157.9,999919.975
603758.SH,20250917,15.41,16.65,15.3,16.3,15.33,6.3275,248826.0,402812.094
603759.SH,20250917,7.98,7.99,7.92,7.93,7.98,-0.6266,36034.26,28646.963
603766.SH,20250917,12.18,13.1,12.14,12.99,12.17,6.7379,628419.92,799313.826
603767.SH,20250917,30.36,30.58,29.76,29.79,30.28,-1.6182,190191.25,572717.824
603768.SH,20250917,13.01,13.09,12.93,12.97,13.0,-0.2308,31902.0,41504.404
603773.SH,20250917,37.8,39.17,35.77,35.8,37.52,-4.5842,143152.21,528691.99
603776.SH,20250917,22.55,23.34,22.24,22.66,21.82,3.8497,127432.28,288976.46
603777.SH,20250917,14.35,14.35,13.93,13.95,14.34,-2.7197,134859.32,189358.966
603778.SH,20250917,4.0,4.03,3.94,3.95,3.99,-1.0025,325720.0,129557.787
603779.SH,20250917,7.23,7.24,7.18,7.19,7.23,-0.5533,47554.85,34250.685
603786.SH,20250917,76.5,76.52,75.62,76.52,69.56,10.0058,65444.18,500641.877
603787.SH,20250917,12.68,12.8,12.67,12.7,12.69,0.0788,42011.0,53504.287
603788.SH,20250917,17.37,17.85,17.21,17.49,17.37,0.6908,71900.8,125889.655
603789.SH,20250917,6.51,6.66,6.43,6.44,6.51,-1.0753,45197.5,29415.142
603790.SH,20250917,23.4,25.11,22.9,24.64,23.13,6.5283,74274.3,180120.827
603797.SH,20250917,4.71,4.71,4.65,4.67,4.72,-1.0593,50960.41,23844.95
603798.SH,20250917,16.18,17.76,15.9,15.99,16.24,-1.5394,171436.62,284004.318
603799.SH,20250917,51.8,52.18,51.04,51.7,51.89,-0.3662,652367.47,3357768.918
603800.SH,20250917,55.5,59.58,55.5,55.8,56.51,-1.2564,130382.25,739936.722
603801.SH,20250917,9.91,9.98,9.88,9.94,9.92,0.2016,55628.6,55231.542
603803.SH,20250917,9.13,9.13,9.03,9.03,9.13,-1.0953,67280.0,61003.271
603806.SH,20250917,16.32,16.34,16.01,16.31,16.31,0.0,220035.56,356710.298
603808.SH,20250917,8.2,8.2,8.08,8.11,8.22,-1.3382,47812.6,38855.3
603809.SH,20250917,16.62,17.44,16.47,17.44,15.85,10.0315,1208955.02,2074555.438
603810.SH,20250917,15.2,15.26,14.7,14.91,15.1,-1.2583,21144.8,31820.721
603811.SH,20250917,13.89,13.95,13.75,13.79,13.89,-0.7199,53997.16,74633.109
603813.SH,20250917,22.6,22.6,21.69,22.0,22.3,-1.3453,9353.0,20641.361
603815.SH,20250917,12.02,12.47,11.89,12.36,12.0,3.0,279649.62,343730.364
603816.SH,20250917,30.33,31.75,30.1,31.1,30.4,2.3026,59546.43,184125.525
603817.SH,20250917,6.39,6.44,6.33,6.41,6.38,0.4702,106344.0,68054.4
603818.SH,20250917,4.26,4.26,4.11,4.15,4.22,-1.6588,150391.0,62349.728
603819.SH,20250917,12.31,12.33,12.18,12.27,12.32,-0.4058,43953.64,53820.283
603822.SH,20250917,84.5,84.5,81.69,82.2,84.23,-2.4101,13672.0,112976.442
603823.SH,20250917,13.58,13.73,13.5,13.55,13.69,-1.0226,52997.02,72019.75
603825.SH,20250917,10.6,10.61,10.23,10.26,10.63,-3.4807,75152.0,78006.764
603826.SH,20250917,19.56,19.6,19.43,19.48,19.59,-0.5615,33132.4,64594.927
603828.SH,20250917,4.65,4.8,4.57,4.74,4.8,-1.25,117229.04,54679.277
603829.SH,20250917,24.69,24.69,23.15,23.24,24.93,-6.779,173538.58,411162.195
603833.SH,20250917,56.55,57.43,55.95,56.89,56.55,0.6012,40673.55,230415.869
603836.SH,20250917,14.21,14.31,14.13,14.18,14.28,-0.7003,24432.58,34729.87
603838.SH,20250917,7.55,7.87,7.35,7.71,7.55,2.1192,40301.0,30349.17
603839.SH,20250917,8.5,8.52,8.33,8.36,8.55,-2.2222,167854.2,140741.468
603843.SH,20250917,4.22,4.22,4.22,4.22,4.02,4.9751,26021.2,10980.946
603848.SH,20250917,32.8,32.9,31.43,32.24,32.61,-1.1346,59080.8,189019.772
603855.SH,20250917,20.85,21.1,20.72,20.74,20.92,-0.8604,50191.0,104601.465
603856.SH,20250917,11.66,11.75,11.66,11.67,11.67,0.0,23587.5,27609.933
603858.SH,20250917,18.82,18.97,18.67,18.88,18.86,0.106,53064.82,99879.596
603859.SH,20250917,47.7,47.75,45.9,46.93,47.69,-1.5936,142269.95,663269.114
603860.SH,20250917,31.3,31.83,31.18,31.36,31.3,0.1917,10258.0,32266.441
603861.SH,20250917,11.1,11.25,11.01,11.13,11.11,0.18,209940.48,233377.36
603863.SH,20250917,21.51,22.94,21.01,22.17,21.53,2.9726,157953.0,348308.67
603866.SH,20250917,5.8,5.82,5.74,5.76,5.82,-1.0309,159174.54,91775.098
603867.SH,20250917,31.0,31.3,29.83,30.83,31.4,-1.8153,76380.75,234949.427
603868.SH,20250917,36.88,37.19,36.82,37.08,36.91,0.4606,9043.0,33464.164
603869.SH,20250917,9.12,9.4,9.12,9.24,9.23,0.1083,18851.15,17404.805
603871.SH,20250917,12.65,12.85,12.51,12.53,12.66,-1.0269,119410.24,151362.54
603876.SH,20250917,11.2,11.38,11.11,11.32,11.27,0.4437,405662.79,456420.535
603877.SH,20250917,14.2,14.26,14.14,14.18,14.19,-0.0705,14215.46,20178.029
603878.SH,20250917,7.12,7.29,6.98,7.12,7.12,0.0,270374.1,192584.02
603879.SH,20250917,6.47,6.6,6.3,6.31,6.48,-2.6235,80536.6,51339.665
603880.SH,20250917,6.36,6.4,6.25,6.29,6.35,-0.9449,38269.4,24184.507
603881.SH,20250917,36.13,38.03,35.36,37.38,35.7,4.7059,966072.96,3539951.606
603882.SH,20250917,31.8,31.83,31.31,31.51,31.82,-0.9742,66244.32,209028.632
603883.SH,20250917,17.12,17.28,17.07,17.12,17.19,-0.4072,92862.23,159095.228
603885.SH,20250917,13.2,13.6,13.15,13.59,13.19,3.0326,315107.55,423821.233
603886.SH,20250917,12.96,13.0,12.81,12.83,12.99,-1.2317,35097.0,45152.426
603887.SH,20250917,18.44,18.49,18.17,18.23,18.42,-1.0315,152336.35,278611.972
603888.SH,20250917,20.28,20.28,20.06,20.13,20.31,-0.8863,65748.0,132333.926
603889.SH,20250917,6.24,6.24,6.15,6.17,6.23,-0.9631,69584.62,43018.254
603890.SH,20250917,13.54,13.91,13.52,13.75,13.6,1.1029,152429.41,209958.1
603893.SH,20250917,209.0,214.0,206.28,208.32,211.0,-1.2701,114681.29,2401275.062
603895.SH,20250917,32.44,32.44,31.77,32.23,33.06,-2.5106,42019.8,134708.575
603896.SH,20250917,21.53,21.55,21.31,21.35,21.56,-0.974,17028.7,36452.627
603897.SH,20250917,25.99,26.76,25.85,26.61,26.04,2.1889,58581.0,154936.579
603898.SH,20250917,10.88,10.98,10.76,10.8,10.8,0.0,20164.31,21884.318
603899.SH,20250917,29.55,29.82,29.31,29.42,29.55,-0.4399,56527.06,166729.25
603900.SH,20250917,11.17,11.2,10.9,10.95,11.26,-2.7531,155976.0,171086.766
603901.SH,20250917,11.02,11.49,10.95,11.17,11.05,1.086,214200.26,241428.624
603903.SH,20250917,11.46,11.46,10.82,10.95,11.3,-3.0973,101696.73,111660.534
603906.SH,20250917,18.0,18.78,17.12,17.56,17.07,2.8705,1255037.82,2223266.386
603908.SH,20250917,25.0,25.31,24.81,24.82,25.04,-0.8786,16616.8,41573.296
603909.SH,20250917,10.98,11.08,10.85,10.94,10.96,-0.1825,26089.09,28597.536
603912.SH,20250917,9.95,10.03,9.83,9.9,9.95,-0.5025,137806.8,136671.199
603915.SH,20250917,17.72,18.62,17.5,18.41,17.55,4.9003,362712.42,657054.224
603916.SH,20250917,10.79,10.87,10.73,10.81,10.83,-0.1847,43476.09,47037.425
603917.SH,20250917,14.5,14.5,14.28,14.32,14.42,-0.6935,84213.6,120865.888
603918.SH,20250917,18.27,18.65,18.08,18.59,18.27,1.7515,163228.29,301107.749
603919.SH,20250917,21.9,21.95,21.11,21.27,21.98,-3.2302,66416.64,142015.904
603920.SH,20250917,48.6,50.55,47.6,49.65,46.07,7.7708,787083.52,3856911.206
603922.SH,20250917,22.28,23.0,21.83,22.58,22.29,1.301,95438.6,212462.273
603926.SH,20250917,18.02,18.02,17.02,17.52,17.6,-0.4545,116829.12,203664.97
603927.SH,20250917,20.58,20.69,20.49,20.61,20.68,-0.3385,104503.54,215074.973
603928.SH,20250917,16.02,16.39,15.95,16.16,16.04,0.7481,69943.2,113380.227
603929.SH,20250917,42.34,43.0,41.8,42.17,42.31,-0.3309,14900.32,62988.649
603931.SH,20250917,26.39,27.59,26.38,26.88,26.42,1.7411,43402.98,117480.709
603933.SH,20250917,16.79,17.08,16.7,16.89,16.82,0.4162,47487.0,80401.209
603936.SH,20250917,14.52,14.76,13.9,14.05,14.52,-3.2369,1192597.11,1700041.141
603937.SH,20250917,11.97,12.41,11.86,12.17,12.03,1.1638,62583.0,75878.615
603938.SH,20250917,14.08,14.1,13.98,14.0,14.07,-0.4975,24411.82,34225.82
603939.SH,20250917,25.53,26.52,25.45,26.22,25.54,2.6625,106748.61,278741.377
603948.SH,20250917,25.36,25.48,25.16,25.2,25.36,-0.6309,42591.0,107552.56
603949.SH,20250917,21.8,22.89,21.77,22.23,21.9,1.5068,134613.0,298960.813
603950.SH,20250917,37.4,38.43,36.04,37.31,37.09,0.5932,159691.0,592971.177
603955.SH,20250917,39.34,39.61,38.33,38.54,38.52,0.0519,38000.88,147200.275
603956.SH,20250917,6.65,6.65,6.55,6.56,6.62,-0.9063,85594.25,56229.944
603958.SH,20250917,16.81,17.03,16.6,16.67,16.83,-0.9507,42119.0,70704.429
603959.SH,20250917,7.2,7.82,6.95,7.34,7.11,3.2349,2014393.09,1511949.538
603960.SH,20250917,20.28,21.19,20.2,20.92,20.34,2.8515,220784.85,458511.268
603966.SH,20250917,11.01,11.12,10.96,11.01,11.03,-0.1813,74823.08,82656.207
603967.SH,20250917,11.82,11.93,11.7,11.74,11.82,-0.6768,41105.0,48431.399
603968.SH,20250917,12.64,12.64,12.41,12.47,12.62,-1.1886,16895.0,21171.288
603969.SH,20250917,9.82,10.29,9.73,9.92,9.83,0.9156,405968.15,408565.995
603970.SH,20250917,13.87,13.89,13.77,13.82,13.87,-0.3605,19577.51,27057.249
603976.SH,20250917,20.53,20.53,20.25,20.29,20.53,-1.169,11346.0,23056.693
603977.SH,20250917,12.19,12.23,12.09,12.11,12.24,-1.0621,64589.53,78360.605
603978.SH,20250917,21.24,21.35,20.16,20.51,21.35,-3.9344,161479.64,333198.203
603979.SH,20250917,63.5,64.98,63.12,64.55,64.1,0.702,60054.05,384392.289
603980.SH,20250917,5.89,6.4,5.83,6.4,5.82,9.9656,1122632.71,705973.916
603982.SH,20250917,9.98,10.18,9.9,9.92,10.06,-1.3917,176219.33,176405.617
603983.SH,20250917,39.94,40.3,39.62,39.97,39.99,-0.05,11411.46,45496.955
603985.SH,20250917,16.14,16.43,16.01,16.01,16.16,-0.9282,124469.36,201664.793
603986.SH,20250917,188.99,192.58,182.97,186.6,189.16,-1.3534,339245.37,6358605.811
603987.SH,20250917,9.37,9.38,9.23,9.27,9.37,-1.0672,79818.55,74085.424
603988.SH,20250917,26.22,28.96,26.0,28.96,26.33,9.9886,98885.64,280462.205
603989.SH,20250917,19.63,20.64,19.45,19.8,19.6,1.0204,242035.81,482891.376
603990.SH,20250917,14.5,15.45,14.48,15.12,14.77,2.3697,287514.94,436008.471
603991.SH,20250917,64.54,65.3,63.91,63.92,64.9,-1.51,17191.76,110505.301
603992.SH,20250917,29.0,31.9,29.0,31.9,29.0,10.0,49354.0,153343.643
603993.SH,20250917,12.85,12.92,12.65,12.8,12.99,-1.4627,2353028.41,2997447.388
603995.SH,20250917,17.88,17.92,17.77,17.92,17.88,0.2237,39865.48,71178.099
603997.SH,20250917,12.26,12.4,12.22,12.35,12.26,0.7341,110050.3,135340.438
603998.SH,20250917,11.46,11.65,11.24,11.28,11.34,-0.5291,158621.75,180178.841
603999.SH,20250917,6.72,6.73,6.66,6.67,6.72,-0.744,71917.02,48101.861
605001.SH,20250917,7.53,7.69,7.5,7.69,7.53,2.1248,91597.73,69678.26
605003.SH,20250917,23.54,24.39,23.53,23.82,23.54,1.1895,16371.5,39024.881
605005.SH,20250917,19.17,19.34,19.02,19.14,19.18,-0.2086,18503.0,35435.7
605006.SH,20250917,8.27,8.29,8.13,8.15,8.29,-1.6888,125549.4,102561.038
605007.SH,20250917,12.08,12.23,12.03,12.06,12.06,0.0,20312.0,24612.547
605008.SH,20250917,14.56,14.76,14.46,14.55,14.67,-0.818,24300.92,35411.425
605009.SH,20250917,34.45,34.91,34.36,34.4,34.44,-0.1161,19906.03,68746.229
605011.SH,20250917,22.06,22.73,22.05,22.28,22.69,-1.807,99939.73,222747.243
605016.SH,20250917,20.36,20.9,20.34,20.57,20.43,0.6853,39057.0,80433.268
605018.SH,20250917,12.4,12.66,12.26,12.48,12.61,-1.0309,68894.0,86288.875
605020.SH,20250917,27.1,27.49,26.9,27.13,27.24,-0.4038,83423.37,227092.594
605028.SH,20250917,27.44,28.88,27.2,28.41,27.59,2.9721,96172.73,269377.295
605033.SH,20250917,24.48,24.88,23.6,23.65,24.47,-3.351,60476.44,145989.243
605050.SH,20250917,22.1,22.79,20.68,20.68,21.96,-5.8288,356027.16,779873.104
605055.SH,20250917,9.28,9.28,8.72,9.02,9.39,-3.9404,245355.95,220935.889
605056.SH,20250917,14.02,14.13,13.94,14.08,14.03,0.3564,19555.0,27456.579
605058.SH,20250917,29.88,30.62,29.71,29.94,29.8,0.4698,48761.0,146830.302
605060.SH,20250917,26.3,27.37,26.11,26.46,26.6,-0.5263,23180.0,61914.333
605066.SH,20250917,7.73,7.78,7.66,7.7,7.74,-0.5168,87605.25,67602.449
605068.SH,20250917,30.7,33.24,30.1,32.45,30.67,5.8037,51427.4,163515.795
605069.SH,20250917,11.0,11.07,10.91,10.95,11.09,-1.2624,53155.1,58277.781
605077.SH,20250917,18.8,18.84,18.47,18.56,18.87,-1.6428,25271.0,47014.368
605080.SH,20250917,27.16,27.41,27.06,27.14,27.14,0.0,19601.6,53331.44
605081.SH,20250917,13.33,13.54,13.26,13.38,13.33,0.3751,14580.0,19509.594
605086.SH,20250917,25.7,25.96,25.5,25.84,25.77,0.2716,11892.8,30647.442
605088.SH,20250917,39.49,40.0,38.75,39.88,39.49,0.9876,66069.95,260323.043
605089.SH,20250917,27.6,27.99,27.23,27.35,27.93,-2.0766,35917.68,99058.614
605090.SH,20250917,31.6,31.98,31.06,31.19,31.51,-1.0156,55593.56,174283.857
605098.SH,20250917,37.23,37.43,36.8,37.08,37.2,-0.3226,10792.0,40035.553
605099.SH,20250917,34.56,35.96,34.06,34.23,34.41,-0.5231,60206.58,209859.138
605100.SH,20250917,26.02,26.46,25.44,25.63,26.02,-1.4988,48095.0,124277.64
605108.SH,20250917,20.91,20.93,20.25,20.35,20.85,-2.3981,51905.89,106240.46
605111.SH,20250917,34.3,34.65,33.83,34.52,34.1,1.2317,116151.36,399466.446
605116.SH,20250917,22.94,23.06,22.72,22.76,22.94,-0.7847,18311.5,41786.564
605117.SH,20250917,71.0,71.4,69.32,70.34,72.16,-2.5222,299036.02,2099004.308
605118.SH,20250917,29.9,30.72,29.51,30.3,29.81,1.6437,29423.0,89314.229
605122.SH,20250917,13.91,14.0,13.76,13.79,13.9,-0.7914,17988.0,24907.344
605123.SH,20250917,72.5,72.6,71.66,72.59,72.5,0.1241,16584.0,119559.731
605128.SH,20250917,41.85,42.49,41.41,42.43,41.85,1.3859,64350.75,269780.272
605133.SH,20250917,48.3,49.47,47.37,48.6,48.03,1.1868,151878.41,734250.412
605136.SH,20250917,11.39,11.78,11.03,11.03,11.2,-1.5179,778470.0,880474.725
605138.SH,20250917,8.07,8.14,7.87,7.99,8.07,-0.9913,53206.23,42465.074
605151.SH,20250917,20.5,20.74,20.28,20.3,20.6,-1.4563,29129.5,59480.35
605155.SH,20250917,15.09,15.67,14.86,15.34,15.07,1.7916,57565.82,87799.132
605158.SH,20250917,9.2,9.24,9.08,9.16,9.24,-0.8658,60831.94,55647.877
605162.SH,20250917,9.07,9.2,9.04,9.06,9.08,-0.2203,64805.0,59060.58
605166.SH,20250917,12.03,12.28,11.93,12.12,12.04,0.6645,73761.15,89548.601
605167.SH,20250917,10.85,10.86,10.72,10.75,10.87,-1.104,43920.0,47353.92
605168.SH,20250917,31.62,32.0,31.37,31.51,31.88,-1.1606,31920.52,100898.871
605169.SH,20250917,14.69,14.95,14.64,14.75,14.68,0.4768,35086.21,51885.704
605177.SH,20250917,20.18,20.26,19.86,19.95,20.16,-1.0417,15636.5,31305.826
605178.SH,20250917,26.32,28.67,26.0,28.67,26.06,10.0153,127175.11,352947.427
605179.SH,20250917,22.8,22.8,21.85,21.97,22.45,-2.1381,95992.0,212284.502
605180.SH,20250917,16.05,16.17,15.8,15.84,16.04,-1.2469,30245.73,48283.546
605183.SH,20250917,19.9,20.11,19.75,19.99,19.94,0.2508,25148.0,50231.895
605186.SH,20250917,20.94,21.97,20.88,21.42,20.9,2.488,45935.57,98760.906
605188.SH,20250917,19.3,19.31,18.19,18.25,19.09,-4.4002,220421.0,410900.596
605189.SH,20250917,14.88,15.5,14.86,14.95,14.88,0.4704,69050.7,104769.237
605196.SH,20250917,26.4,27.25,26.21,26.56,26.5,0.2264,74380.49,198707.287
605198.SH,20250917,47.95,48.71,47.01,47.1,47.95,-1.7727,29297.1,140201.004
605199.SH,20250917,9.25,9.3,9.22,9.24,9.28,-0.431,29044.0,26861.406
605208.SH,20250917,15.62,16.1,15.62,15.88,15.82,0.3793,106217.0,168499.079
605218.SH,20250917,23.3,23.88,23.28,23.35,23.34,0.0428,44600.0,104734.033
605222.SH,20250917,18.01,19.26,18.01,19.11,17.99,6.2257,139907.19,263322.733
605228.SH,20250917,17.86,19.22,17.86,19.16,17.9,7.0391,146854.52,274680.431
605258.SH,20250917,34.86,35.1,34.31,34.5,34.84,-0.9759,21807.0,75515.947
605259.SH,20250917,26.75,26.98,26.37,26.49,26.66,-0.6377,18597.6,49419.75
605266.SH,20250917,21.92,22.14,21.9,21.98,22.0,-0.0909,16555.56,36430.022
605268.SH,20250917,10.68,11.03,10.66,10.76,10.73,0.2796,96785.0,104425.912
605277.SH,20250917,24.78,25.07,24.55,24.89,24.78,0.4439,121040.84,300638.229
605286.SH,20250917,46.39,47.43,45.55,46.35,46.39,-0.0862,25126.0,116030.746
605287.SH,20250917,21.26,21.86,20.46,20.59,21.26,-3.1515,66500.3,138651.86
605288.SH,20250917,108.0,112.78,103.2,111.8,105.06,6.4154,42116.0,456629.962
605289.SH,20250917,54.0,59.95,54.0,59.95,54.5,10.0,81270.6,465021.507
605296.SH,20250917,33.31,33.55,32.47,32.96,33.39,-1.2878,51365.15,168864.944
605298.SH,20250917,51.8,54.66,50.0,52.78,51.43,2.6249,131442.2,694225.891
605299.SH,20250917,9.81,10.1,9.81,9.83,9.76,0.7172,115545.02,114186.554
605300.SH,20250917,13.86,13.86,13.76,13.79,13.87,-0.5768,18112.99,24988.918
605303.SH,20250917,18.26,19.86,17.3,17.97,18.94,-5.1214,262592.84,482353.242
605305.SH,20250917,37.55,38.5,37.4,38.27,37.53,1.9718,71686.56,273079.064
605318.SH,20250917,35.96,37.11,35.28,35.65,35.95,-0.8345,31962.0,115566.134
605319.SH,20250917,37.67,38.43,36.6,36.94,37.66,-1.9118,113308.2,422155.534
605333.SH,20250917,36.05,36.59,35.44,35.64,35.89,-0.6966,63494.63,227426.816
605336.SH,20250917,15.43,15.67,15.41,15.47,15.43,0.2592,28559.0,44328.648
605337.SH,20250917,13.71,13.71,13.38,13.41,13.7,-2.1168,79015.34,106737.295
605338.SH,20250917,24.2,24.45,23.51,23.53,24.23,-2.889,24348.0,57931.761
605339.SH,20250917,17.46,17.63,17.26,17.32,17.42,-0.5741,13838.0,24042.678
605358.SH,20250917,26.1,26.36,25.76,26.04,26.07,-0.1151,97638.16,254692.941
605365.SH,20250917,15.96,15.96,15.59,15.68,16.08,-2.4876,73468.12,115418.728
605366.SH,20250917,6.32,6.32,6.22,6.24,6.31,-1.1094,70839.81,44407.344
605368.SH,20250917,10.01,10.04,9.95,9.99,10.01,-0.1998,41075.8,41070.493
605369.SH,20250917,20.48,20.86,20.27,20.32,20.48,-0.7813,26520.33,54486.332
605376.SH,20250917,53.7,58.16,53.03,56.52,54.14,4.396,132413.95,745692.522
605377.SH,20250917,9.16,9.2,9.12,9.16,9.14,0.2188,43786.76,40134.515
605378.SH,20250917,29.04,29.2,28.24,28.3,29.33,-3.5118,146307.51,418590.207
605388.SH,20250917,8.33,8.39,8.15,8.19,8.35,-1.9162,218263.74,179154.803
605389.SH,20250917,48.52,53.37,48.5,53.37,48.52,9.9959,27080.22,139488.546
605398.SH,20250917,34.22,34.35,33.11,33.18,34.77,-4.5729,137258.47,459727.294
605399.SH,20250917,13.3,13.3,13.03,13.08,13.28,-1.506,48875.59,64118.815
605488.SH,20250917,35.94,36.49,35.35,35.76,35.85,-0.251,205695.85,738716.947
605499.SH,20250917,292.09,297.5,291.99,296.88,292.78,1.4004,17227.3,509862.5
605500.SH,20250917,10.05,10.1,9.89,9.9,10.09,-1.8831,80707.0,80397.561
605507.SH,20250917,22.84,22.93,22.62,22.79,22.78,0.0439,30977.01,70549.641
605555.SH,20250917,18.39,18.66,18.1,18.48,18.1,2.0994,157971.36,291412.932
605566.SH,20250917,28.37,28.88,27.91,28.12,28.36,-0.8463,34959.0,98915.358
605567.SH,20250917,10.56,10.58,10.29,10.32,10.45,-1.244,53838.0,55901.318
605577.SH,20250917,14.67,14.69,14.28,14.36,14.66,-2.0464,104500.64,150400.504
605580.SH,20250917,26.85,28.8,26.85,28.62,26.92,6.315,111666.7,312036.745
605588.SH,20250917,56.72,58.71,55.0,55.84,54.42,2.6093,54727.0,309296.073
605589.SH,20250917,31.36,32.66,31.36,32.38,31.47,2.8916,197913.59,635940.114
605598.SH,20250917,25.99,26.08,25.66,25.74,26.08,-1.3037,23505.39,60701.066
605599.SH,20250917,14.19,14.28,14.07,14.17,14.2,-0.2113,32162.0,45524.59
688001.SH,20250917,31.19,32.17,30.91,31.81,31.3,1.6294,48364.11,153070.895
688002.SH,20250917,73.3,75.08,72.48,74.87,73.5,1.8639,44984.42,333378.777
688003.SH,20250917,59.75,60.69,59.17,60.09,60.28,-0.3152,51600.68,309680.139
688004.SH,20250917,25.0,25.2,24.05,24.21,25.16,-3.7758,29211.0,71722.608
688005.SH,20250917,28.66,29.25,28.3,28.82,29.03,-0.7234,317753.05,912672.033
688006.SH,20250917,34.8,36.43,34.6,35.66,35.66,0.0,178276.61,634196.833
688007.SH,20250917,23.84,25.3,23.58,23.91,23.9,0.0418,263829.08,642624.68
688008.SH,20250917,119.76,120.39,115.5,119.11,120.48,-1.1371,433512.64,5121161.588
688009.SH,20250917,5.31,5.39,5.3,5.37,5.32,0.9398,334173.44,178887.652
688010.SH,20250917,30.0,32.33,29.99,31.02,29.09,6.6346,128028.59,398706.444
688011.SH,20250917,42.35,44.39,42.0,43.08,42.0,2.5714,42863.89,184286.161
688012.SH,20250917,214.0,231.66,213.04,227.2,214.0,6.1682,219230.27,4900412.559
688013.SH,20250917,66.9,67.98,65.63,66.86,66.83,0.0449,17968.69,119909.807
688015.SH,20250917,26.5,27.05,26.15,26.21,27.05,-3.1054,49127.52,130054.661
688016.SH,20250917,108.16,110.36,107.66,108.18,108.63,-0.4143,18232.12,198153.302
688017.SH,20250917,180.0,186.69,176.0,179.38,180.39,-0.5599,130276.48,2352971.976
688018.SH,20250917,186.0,194.59,185.03,191.41,186.54,2.6107,42222.71,805992.268
688019.SH,20250917,178.0,188.88,176.0,185.67,177.5,4.6028,50559.78,932600.66
688020.SH,20250917,68.5,71.33,67.31,67.69,69.3,-2.3232,48869.58,336658.139
688021.SH,20250917,19.31,19.51,18.99,19.23,19.21,0.1041,15516.37,29973.693
688022.SH,20250917,15.99,16.19,15.74,15.96,15.89,0.4405,48464.9,77618.383
688023.SH,20250917,53.64,54.45,53.18,53.99,53.94,0.0927,24183.31,130245.317
688025.SH,20250917,156.05,162.99,152.85,158.93,155.48,2.2189,21929.81,351269.646
688026.SH,20250917,18.91,19.25,18.9,19.04,19.02,0.1052,19102.35,36414.182
688027.SH,20250917,328.0,328.56,319.0,322.0,327.82,-1.7754,25434.42,821272.909
688028.SH,20250917,43.0,43.9,40.4,41.83,43.15,-3.0591,125336.52,529061.232
688029.SH,20250917,91.65,93.8,91.29,92.64,91.37,1.39,18550.01,171831.597
688030.SH,20250917,20.82,20.99,20.35,20.43,20.89,-2.202,21726.26,44692.999
688031.SH,20250917,58.72,59.35,57.8,58.3,59.13,-1.4037,48152.57,282047.944
688032.SH,20250917,114.14,115.77,113.4,114.6,114.42,0.1573,10563.07,121170.465
688033.SH,20250917,6.61,6.62,6.52,6.53,6.59,-0.9105,118408.82,77690.041
688035.SH,20250917,52.0,53.18,51.3,52.43,51.93,0.9628,43834.23,228696.496
688036.SH,20250917,88.8,92.2,88.31,89.21,89.61,-0.4464,120744.54,1084928.409
688037.SH,20250917,122.3,130.78,122.1,128.56,122.64,4.8271,77423.72,987818.186
688038.SH,20250917,15.59,15.7,15.46,15.49,15.65,-1.0224,26949.51,41975.307
688039.SH,20250917,52.97,56.09,52.95,53.53,53.85,-0.5942,57980.25,315868.308
688041.SH,20250917,241.57,244.97,234.55,242.69,246.0,-1.3455,491193.8,11780855.548
688045.SH,20250917,46.59,47.88,46.13,46.2,46.39,-0.4096,20756.62,97306.231
688046.SH,20250917,19.8,20.24,18.91,19.05,19.75,-3.5443,45831.05,88262.115
688047.SH,20250917,146.0,147.0,141.9,143.41,149.59,-4.1313,141151.59,2029619.033
688048.SH,20250917,74.7,77.34,74.36,76.14,75.19,1.2635,72624.55,551747.842
688049.SH,20250917,55.98,57.03,55.11,56.65,55.85,1.4324,71272.31,402107.861
688050.SH,20250917,77.02,77.63,76.36,76.53,77.03,-0.6491,22757.66,174837.316
688051.SH,20250917,45.43,47.64,45.01,46.39,45.88,1.1116,22161.6,103626.882
688052.SH,20250917,194.15,198.76,187.81,188.38,195.78,-3.7798,51196.98,977638.816
688053.SH,20250917,33.05,33.33,32.57,32.66,33.0,-1.0303,12354.43,40576.645
688055.SH,20250917,4.06,4.27,4.04,4.15,4.05,2.4691,131503.84,54866.114
688056.SH,20250917,36.4,36.68,36.0,36.43,36.4,0.0824,6120.76,22233.26
688057.SH,20250917,12.64,12.67,12.5,12.51,12.58,-0.5564,13790.41,17321.248
688058.SH,20250917,29.82,30.17,29.46,30.01,29.82,0.6372,11243.24,33653.448
688059.SH,20250917,73.32,82.97,73.12,82.51,73.85,11.7265,58832.53,464944.659
688060.SH,20250917,44.8,46.47,43.5,46.12,45.12,2.2163,14621.21,66143.754
688061.SH,20250917,36.39,36.67,35.83,36.24,36.33,-0.2477,16266.04,58899.408
688062.SH,20250917,49.84,50.22,48.03,48.36,50.0,-3.28,136662.6,669747.707
688063.SH,20250917,59.07,61.61,58.5,60.6,59.4,2.0202,94954.44,572752.464
688065.SH,20250917,53.55,53.79,53.13,53.47,53.54,-0.1307,31138.98,166436.968
688066.SH,20250917,34.3,34.98,33.08,33.83,34.13,-0.879,168776.7,573662.463
688067.SH,20250917,26.25,26.65,26.06,26.44,26.25,0.7238,9358.18,24720.294
688068.SH,20250917,185.0,187.91,179.2,181.18,185.89,-2.5338,23376.64,425000.964
688069.SH,20250917,22.37,22.74,22.29,22.36,22.37,-0.0447,7715.98,17305.987
688070.SH,20250917,50.9,52.75,50.71,51.99,50.9,2.1415,12375.85,64377.267
688071.SH,20250917,42.01,47.6,41.66,46.78,41.59,12.479,88415.86,397522.7
688072.SH,20250917,192.38,202.66,187.11,200.8,189.15,6.1591,107153.99,2099953.443
688073.SH,20250917,73.63,74.26,72.0,72.38,74.73,-3.1447,10660.2,77502.516
688075.SH,20250917,39.16,39.18,38.75,38.89,39.02,-0.3332,7246.62,28252.538
688076.SH,20250917,44.1,44.33,43.5,43.84,44.04,-0.4541,48952.76,214727.607
688077.SH,20250917,37.38,38.79,37.13,38.39,37.58,2.1554,46124.83,175227.799
688078.SH,20250917,31.82,31.99,31.59,31.69,31.72,-0.0946,7506.98,23837.602
688079.SH,20250917,12.32,12.66,12.26,12.45,12.31,1.1373,85473.56,106780.179
688080.SH,20250917,55.17,57.55,54.73,57.01,55.29,3.1109,36629.9,207745.276
688081.SH,20250917,23.55,28.48,23.5,28.48,23.73,20.0169,102807.07,273579.447
688082.SH,20250917,146.0,154.77,144.08,151.35,146.41,3.3741,61709.05,927139.305
688083.SH,20250917,70.4,72.15,70.17,71.7,70.24,2.0786,30802.65,220077.887
688084.SH,20250917,80.37,84.99,79.0,83.91,80.65,4.0422,25175.67,210349.266
688085.SH,20250917,20.23,20.29,19.75,19.85,20.23,-1.8784,77718.49,155089.747
688087.SH,20250917,26.7,27.08,26.32,26.69,26.7,-0.0375,12003.52,32175.332
688088.SH,20250917,59.01,61.1,58.58,59.72,59.28,0.7422,81603.81,489356.652
688089.SH,20250917,26.71,27.05,26.51,26.51,26.71,-0.7488,27973.26,74634.408
688090.SH,20250917,37.0,39.16,36.55,38.15,36.8,3.6685,63157.13,242059.545
688091.SH,20250917,59.02,60.5,58.0,58.9,60.0,-1.8333,32339.98,191243.478
688092.SH,20250917,25.49,26.1,25.48,25.95,25.68,1.0514,10667.24,27613.203
688093.SH,20250917,39.8,42.66,39.78,41.07,39.0,5.3077,71212.53,291689.355
688095.SH,20250917,76.97,79.39,76.31,77.39,77.59,-0.2578,22423.65,173627.675
688096.SH,20250917,8.75,8.75,8.61,8.61,8.7,-1.0345,43559.37,37757.632
688097.SH,20250917,37.06,38.19,36.84,37.75,36.84,2.4701,59849.5,225001.943
688098.SH,20250917,11.72,11.83,11.36,11.4,11.72,-2.7304,96344.32,111122.967
688099.SH,20250917,95.85,96.25,93.69,95.39,96.04,-0.6768,96058.22,913121.656
688100.SH,20250917,35.19,36.52,34.95,36.29,35.1,3.3903,38077.21,136643.557
688101.SH,20250917,16.59,16.83,16.52,16.68,16.67,0.06,34287.52,57108.846
688102.SH,20250917,15.75,16.02,15.61,15.94,15.85,0.5678,70302.82,111672.975
688103.SH,20250917,65.0,67.17,64.8,66.02,64.68,2.0717,14599.78,96625.649
688105.SH,20250917,22.74,22.8,22.49,22.7,22.74,-0.1759,21922.04,49624.428
688106.SH,20250917,18.31,18.62,18.21,18.56,18.36,1.0893,63394.73,117169.516
688107.SH,20250917,29.4,30.19,29.1,30.04,29.65,1.3153,79593.82,237133.866
688108.SH,20250917,30.61,30.76,29.8,29.85,30.38,-1.7446,243254.82,733044.356
688109.SH,20250917,45.72,50.19,45.44,49.38,45.72,8.0052,39756.2,192675.694
688110.SH,20250917,116.61,129.95,116.0,126.25,118.33,6.6931,286631.66,3558683.358
688111.SH,20250917,312.19,314.45,307.17,309.74,312.49,-0.88,56145.3,1742647.543
688112.SH,20250917,38.98,39.59,38.61,39.16,38.98,0.4618,20342.7,79495.879
688113.SH,20250917,40.43,41.39,40.1,40.91,40.43,1.1872,9409.25,38447.499
688114.SH,20250917,70.4,70.5,68.85,69.15,70.4,-1.7756,29239.63,203181.828
688115.SH,20250917,60.28,62.0,59.85,61.65,62.25,-0.9639,13876.42,84700.542
688116.SH,20250917,56.12,59.08,54.59,58.64,56.31,4.1378,184575.07,1060688.45
688117.SH,20250917,40.08,40.39,39.31,39.47,40.09,-1.5465,43366.11,172427.203
688118.SH,20250917,29.3,29.45,28.88,29.06,29.3,-0.8191,29444.7,85741.532
688119.SH,20250917,4.4,4.51,4.36,4.46,4.4,1.3636,135916.0,60426.065
688120.SH,20250917,123.0,127.45,120.02,126.0,122.54,2.8236,125272.07,1557566.318
688121.SH,20250917,13.07,13.07,12.92,12.98,13.01,-0.2306,24456.35,31742.118
688122.SH,20250917,57.08,57.83,56.8,57.58,57.1,0.8406,98650.39,566462.063
688123.SH,20250917,91.38,94.1,90.31,94.0,93.0,1.0753,92248.09,850938.177
688125.SH,20250917,49.83,49.83,48.39,49.19,49.84,-1.3042,9359.23,45763.693
688126.SH,20250917,21.13,21.7,20.8,21.33,21.13,0.9465,496187.25,1057688.915
688127.SH,20250917,31.17,32.28,30.8,31.92,31.16,2.439,73969.66,235351.976
688128.SH,20250917,29.83,32.38,29.69,31.38,29.81,5.2667,122231.31,378887.056
688129.SH,20250917,24.0,24.68,24.0,24.3,24.28,0.0824,10024.77,24428.82
688130.SH,20250917,24.62,24.84,24.11,24.46,24.52,-0.2447,22065.94,53887.514
688131.SH,20250917,78.01,78.13,74.47,77.0,78.28,-1.6352,73043.08,555449.566
688132.SH,20250917,18.9,18.92,18.65,18.86,18.93,-0.3698,13510.46,25378.24
688133.SH,20250917,24.9,25.0,24.68,24.78,24.95,-0.6814,23467.52,58199.28
688135.SH,20250917,28.97,33.64,28.3,33.64,28.03,20.0143,303413.75,913478.746
688136.SH,20250917,41.98,42.34,41.31,41.46,42.02,-1.3327,28933.53,120383.645
688137.SH,20250917,43.69,43.75,43.02,43.17,43.68,-1.1676,4407.4,19059.083
688138.SH,20250917,30.19,30.95,30.12,30.55,30.05,1.6639,46586.43,142244.017
688139.SH,20250917,33.21,33.28,32.92,33.13,33.11,0.0604,18769.43,62152.526
688141.SH,20250917,51.53,52.64,49.63,50.08,51.77,-3.2644,219668.8,1110643.447
688143.SH,20250917,47.35,48.56,46.47,47.56,47.22,0.72,26006.52,124084.548
688146.SH,20250917,41.17,42.4,41.0,42.21,41.3,2.2034,70238.52,293900.064
688147.SH,20250917,47.05,50.99,47.0,48.82,47.39,3.0175,175417.09,862862.092
688148.SH,20250917,6.05,6.23,5.95,6.15,6.05,1.6529,174846.81,106740.348
688150.SH,20250917,24.73,25.15,24.62,24.98,24.98,0.0,31533.48,78461.543
688151.SH,20250917,21.5,22.06,21.4,21.65,21.5,0.6977,29284.18,63557.937
688152.SH,20250917,51.42,52.8,51.06,52.42,51.76,1.2751,21980.23,114329.606
688153.SH,20250917,35.15,35.33,34.65,34.9,35.15,-0.7112,43190.34,150941.091
688155.SH,20250917,74.43,77.38,72.35,75.72,74.83,1.1894,46452.52,349497.488
688156.SH,20250917,21.5,21.62,20.72,21.03,21.4,-1.729,19713.05,41544.729
688157.SH,20250917,39.99,40.5,39.4,40.23,39.83,1.0043,14068.0,56282.303
688158.SH,20250917,25.63,25.75,25.16,25.43,25.82,-1.5105,199488.96,508415.162
688159.SH,20250917,72.95,84.95,72.95,82.59,73.12,12.9513,110174.94,873311.115
688160.SH,20250917,102.99,106.93,101.1,104.56,102.78,1.7319,48016.27,502334.719
688161.SH,20250917,34.69,37.3,34.21,36.64,34.98,4.7456,52136.84,187020.579
688162.SH,20250917,33.27,34.73,33.23,34.54,33.54,2.9815,34808.54,118817.949
688163.SH,20250917,24.75,24.75,24.24,24.31,24.54,-0.9372,9738.08,23733.677
688165.SH,20250917,27.25,28.98,27.0,28.78,27.25,5.6147,412927.85,1168210.985
688166.SH,20250917,91.85,95.8,91.2,93.15,92.4,0.8117,86946.53,813167.73
688167.SH,20250917,165.0,181.5,162.02,175.97,165.0,6.6485,105459.92,1820491.187
688168.SH,20250917,95.53,99.18,92.64,98.04,92.73,5.7263,35687.21,343392.458
688169.SH,20250917,206.0,219.53,205.5,218.0,204.14,6.7895,59099.18,1270565.701
688170.SH,20250917,42.7,44.85,42.13,43.13,42.9,0.5361,59290.04,256505.694
688171.SH,20250917,54.5,55.05,52.4,53.42,54.42,-1.8376,16371.01,87375.434
688172.SH,20250917,22.65,23.08,22.44,22.89,22.79,0.4388,68810.42,157086.689
688173.SH,20250917,16.64,16.84,16.3,16.44,16.72,-1.6746,109072.22,180019.999
688175.SH,20250917,22.39,22.75,22.09,22.43,22.31,0.5379,19487.65,43627.943
688176.SH,20250917,11.4,11.46,11.25,11.36,11.43,-0.6124,75029.98,85104.729
688177.SH,20250917,30.69,31.15,30.56,30.76,30.91,-0.4853,22062.6,68083.524
688178.SH,20250917,26.2,26.99,26.2,26.83,26.22,2.3265,14618.69,39004.784
688179.SH,20250917,12.71,12.96,12.65,12.74,12.76,-0.1567,43286.75,55406.943
688180.SH,20250917,46.83,46.83,45.54,45.64,46.82,-2.5203,152948.47,704292.94
688181.SH,20250917,38.17,40.1,37.9,39.16,38.18,2.5668,69808.96,273406.841
688182.SH,20250917,24.6,25.58,24.4,25.21,24.62,2.3964,62376.54,156583.609
688183.SH,20250917,93.5,95.98,91.01,91.43,93.99,-2.7237,159052.95,1478238.455
688184.SH,20250917,10.88,10.93,10.81,10.82,10.88,-0.5515,9045.73,9827.501
688185.SH,20250917,83.45,83.78,81.55,82.2,83.44,-1.4861,17485.09,144000.87
688186.SH,20250917,25.44,25.7,25.28,25.51,25.53,-0.0783,58361.69,148907.326
688187.SH,20250917,48.23,48.77,47.96,48.37,48.29,0.1657,56382.22,272970.461
688188.SH,20250917,143.09,146.36,142.36,145.58,142.71,2.0111,24665.63,357039.589
688189.SH,20250917,12.95,13.04,12.6,13.03,13.0,0.2308,116074.65,148682.947
688190.SH,20250917,116.08,117.49,112.5,115.18,117.2,-1.7235,8430.23,96673.224
688191.SH,20250917,28.2,30.39,27.98,30.05,28.2,6.5603,84118.92,246634.563
688192.SH,20250917,71.11,73.58,70.12,72.3,71.48,1.1472,30840.26,222272.771
688193.SH,20250917,48.17,48.25,47.47,47.49,47.98,-1.0213,4039.69,19308.873
688195.SH,20250917,110.01,116.6,107.8,110.0,110.93,-0.8384,113643.38,1266477.573
688196.SH,20250917,48.76,49.0,48.15,48.3,48.76,-0.9434,6925.03,33524.896
688197.SH,20250917,44.36,44.78,43.9,44.09,44.7,-1.3647,9470.39,41871.862
688198.SH,20250917,113.36,113.75,112.31,113.16,113.08,0.0707,3476.66,39251.936
688199.SH,20250917,26.83,27.65,26.83,26.98,26.82,0.5966,42857.45,116511.375
688200.SH,20250917,176.79,189.6,174.5,188.07,176.81,6.3684,34658.44,638076.414
688201.SH,20250917,14.23,14.45,13.97,14.43,14.29,0.9797,106347.07,151141.803
688202.SH,20250917,80.35,80.93,74.6,76.0,80.35,-5.4138,91356.31,700026.946
688203.SH,20250917,16.09,16.09,15.48,15.65,15.83,-1.1371,32389.77,50680.072
688205.SH,20250917,112.5,122.0,108.31,117.0,105.6,10.7955,187327.86,2181141.696
688206.SH,20250917,36.14,37.24,35.4,36.74,36.13,1.6883,78224.42,284714.52
688207.SH,20250917,17.6,18.35,17.35,18.1,17.6,2.8409,106059.52,190048.563
688208.SH,20250917,38.37,39.6,37.91,39.01,38.33,1.7741,134304.7,524965.436
688209.SH,20250917,20.38,20.94,20.08,20.88,20.38,2.4534,107819.3,220829.819
688210.SH,20250917,51.0,55.38,51.0,53.8,50.46,6.6191,89283.02,472919.208
688211.SH,20250917,33.55,33.86,33.36,33.54,33.57,-0.0894,4363.85,14679.194
688212.SH,20250917,51.03,51.54,49.2,49.73,51.02,-2.5284,16984.9,84934.461
688213.SH,20250917,100.0,102.8,99.56,100.97,100.12,0.849,56183.59,569039.95
688215.SH,20250917,65.0,67.93,63.86,66.64,64.2,3.8006,20755.39,136832.125
688216.SH,20250917,26.36,27.0,25.91,26.47,26.37,0.3792,33799.99,89419.343
688217.SH,20250917,28.61,28.74,28.2,28.22,28.55,-1.1559,7992.88,22747.508
688218.SH,20250917,27.1,27.88,27.0,27.43,27.23,0.7345,80893.31,222028.313
688219.SH,20250917,14.02,14.41,13.93,14.24,14.05,1.3523,236335.84,336567.003
688220.SH,20250917,101.58,105.24,100.25,102.9,101.58,1.2995,87823.13,903997.129
688221.SH,20250917,15.1,15.31,14.75,14.9,15.2,-1.9737,106728.31,159084.143
688222.SH,20250917,26.67,26.73,25.98,26.15,26.89,-2.752,157782.43,414507.18
688223.SH,20250917,5.46,5.59,5.4,5.49,5.46,0.5495,1260431.24,692408.518
688225.SH,20250917,20.86,20.99,20.26,20.39,20.9,-2.4402,61364.32,125741.727
688226.SH,20250917,52.25,55.66,51.0,51.39,51.82,-0.8298,113104.22,596674.204
688227.SH,20250917,32.54,32.96,32.17,32.74,32.6,0.4294,14403.35,46937.851
688228.SH,20250917,175.53,185.0,173.0,179.36,178.38,0.5494,45973.29,821660.242
688229.SH,20250917,67.28,68.99,66.0,68.0,67.39,0.9052,17538.19,118842.259
688230.SH,20250917,74.9,76.76,73.88,75.38,75.7,-0.4227,18897.92,142171.921
688231.SH,20250917,20.56,20.85,20.43,20.68,20.8,-0.5769,25260.77,52028.24
688232.SH,20250917,28.2,28.51,28.16,28.43,28.28,0.5304,17385.92,49273.652
688233.SH,20250917,34.45,35.5,34.34,35.05,34.45,1.7417,47947.13,167853.187
688234.SH,20250917,86.6,87.8,83.9,85.05,87.9,-3.2423,174312.12,1482879.449
688235.SH,20250917,316.6,321.5,312.11,313.33,316.59,-1.0297,45894.07,1446657.145
688236.SH,20250917,23.54,23.65,22.75,23.15,23.49,-1.4474,18520.73,42857.3
688237.SH,20250917,51.1,53.38,49.46,51.32,51.43,-0.2139,29323.31,151561.05
688238.SH,20250917,8.03,8.03,7.81,7.89,8.0,-1.375,133003.59,104980.677
688239.SH,20250917,37.2,38.08,36.78,37.3,37.08,0.5933,30222.12,112527.053
688244.SH,20250917,24.0,24.55,23.81,24.46,24.08,1.5781,22395.02,54202.794
688246.SH,20250917,30.5,30.97,30.0,30.72,30.25,1.5537,28867.62,88431.168
688247.SH,20250917,11.1,11.32,11.07,11.16,11.15,0.0897,39712.9,44437.005
688248.SH,20250917,50.6,51.98,49.4,50.92,50.19,1.4545,68922.54,349041.279
688249.SH,20250917,23.51,24.23,23.33,23.82,23.61,0.8895,246845.07,588523.71
688251.SH,20250917,26.28,27.95,25.75,26.5,25.92,2.2377,46073.09,123244.217
688252.SH,20250917,27.08,27.66,26.96,27.46,27.24,0.8076,68547.03,187686.848
688253.SH,20250917,30.51,30.86,30.51,30.85,30.64,0.6854,14295.53,43937.816
688255.SH,20250917,38.01,38.92,37.63,38.45,38.26,0.4966,44215.0,169575.578
688256.SH,20250917,1413.3,1470.02,1372.25,1442.0,1440.1,0.1319,98617.47,14146955.67
688257.SH,20250917,20.0,20.66,19.61,20.43,20.09,1.6924,89255.15,179200.937
688258.SH,20250917,75.73,78.0,72.5,76.81,75.57,1.6409,61966.93,470669.463
688259.SH,20250917,45.76,48.77,45.37,48.12,45.73,5.2263,72875.74,343755.421
688260.SH,20250917,30.61,33.23,30.44,31.66,30.72,3.0599,48104.61,153224.565
688261.SH,20250917,83.3,84.48,80.44,82.08,83.25,-1.4054,44120.39,362205.69
688262.SH,20250917,30.15,32.8,29.7,31.59,30.15,4.7761,241457.45,758000.234
688265.SH,20250917,58.81,60.98,56.7,59.7,58.59,1.8945,18669.34,109447.589
688266.SH,20250917,104.94,110.8,104.21,105.12,104.07,1.0089,54049.64,576014.613
688267.SH,20250917,28.8,29.15,28.53,28.58,28.71,-0.4528,23078.5,66554.659
688268.SH,20250917,55.55,58.2,55.55,57.38,55.28,3.7988,40164.92,228633.409
688269.SH,20250917,36.67,36.84,36.3,36.51,36.66,-0.4092,9966.06,36462.399
688270.SH,20250917,71.0,73.2,70.5,72.08,71.6,0.6704,80656.84,579941.396
688271.SH,20250917,152.8,153.9,149.8,151.6,152.98,-0.9021,61671.61,934182.927
688272.SH,20250917,25.29,26.0,25.15,25.63,25.29,1.3444,8790.31,22597.121
688273.SH,20250917,41.88,42.17,41.03,41.53,41.47,0.1447,19325.49,80586.587
688275.SH,20250917,51.0,52.5,50.45,51.32,51.31,0.0195,45825.58,235903.267
688276.SH,20250917,22.55,22.78,22.39,22.53,22.55,-0.0887,23571.98,53070.838
688277.SH,20250917,18.0,18.62,17.91,18.22,18.0,1.2222,82693.07,151488.558
688278.SH,20250917,81.39,82.19,80.7,80.9,81.39,-0.602,21093.73,171137.585
688279.SH,20250917,218.0,263.52,217.13,263.52,219.6,20.0,52612.38,1291483.842
688280.SH,20250917,9.1,9.37,9.01,9.26,9.09,1.8702,247022.8,227282.553
688281.SH,20250917,64.27,66.28,63.91,66.08,64.27,2.8162,21291.61,139512.937
688282.SH,20250917,43.9,43.9,42.99,43.39,43.22,0.3933,3946.66,17098.956
688283.SH,20250917,33.72,33.93,33.07,33.45,33.72,-0.8007,10466.03,35139.722
688285.SH,20250917,9.01,9.14,8.92,9.04,8.99,0.5562,32042.86,29004.924
688286.SH,20250917,101.4,102.43,98.04,101.46,102.71,-1.217,26866.41,270366.384
688287.SH,20250917,4.68,4.92,4.68,4.85,4.61,5.2061,59376.91,28690.172
688288.SH,20250917,30.98,33.62,30.91,32.36,31.28,3.4527,48425.87,156830.617
688289.SH,20250917,20.59,20.94,20.45,20.69,20.61,0.3882,63419.98,131409.151
688290.SH,20250917,64.2,67.66,63.7,67.11,64.34,4.3053,36414.04,240215.601
688291.SH,20250917,35.87,37.67,35.82,37.17,35.92,3.48,34225.63,126579.438
688292.SH,20250917,23.82,24.68,23.61,24.39,23.9,2.0502,43331.36,105250.116
688293.SH,20250917,53.44,53.98,51.5,52.65,53.61,-1.7907,19527.39,102551.186
688295.SH,20250917,26.93,27.18,26.61,26.87,26.98,-0.4077,27843.5,74955.965
688296.SH,20250917,14.83,14.96,14.57,14.77,14.83,-0.4046,13303.33,19598.273
688297.SH,20250917,47.73,48.27,47.35,47.76,47.83,-0.1464,56500.3,269586.835
688298.SH,20250917,27.15,27.2,26.86,26.95,27.16,-0.7732,23600.89,63666.839
688299.SH,20250917,23.1,24.28,22.92,23.45,23.3,0.6438,277372.05,655119.181
688300.SH,20250917,54.16,55.24,53.63,54.45,54.2,0.4613,34789.61,189378.232
688301.SH,20250917,114.37,115.67,111.66,114.0,114.65,-0.5669,29241.72,331758.809
688302.SH,20250917,55.0,55.51,53.8,53.95,55.27,-2.3883,21129.47,114964.378
688303.SH,20250917,30.35,30.95,29.92,30.67,30.35,1.0544,202820.93,617048.13
688305.SH,20250917,65.32,66.67,65.01,66.04,65.4,0.9786,40921.13,269825.747
688306.SH,20250917,12.85,14.65,12.6,14.21,12.82,10.8424,894601.23,1225967.809
688307.SH,20250917,32.45,35.8,32.45,34.84,32.5,7.2,75337.42,259798.352
688308.SH,20250917,20.81,24.0,20.54,23.06,20.71,11.3472,138317.21,311443.5
688309.SH,20250917,25.16,25.3,24.7,24.8,25.07,-1.077,12330.09,30740.892
688310.SH,20250917,19.6,19.93,19.32,19.43,19.62,-0.9684,33094.86,64922.278
688311.SH,20250917,35.8,36.45,35.63,36.01,35.91,0.2785,33281.68,120324.334
688312.SH,20250917,29.4,29.86,29.1,29.49,29.3,0.6485,16652.2,49205.836
688313.SH,20250917,68.33,74.1,67.8,72.7,68.59,5.9921,397584.22,2841300.678
688314.SH,20250917,37.71,37.79,37.1,37.14,37.72,-1.5376,11633.83,43386.036
688315.SH,20250917,16.13,16.15,15.73,15.83,16.12,-1.799,58086.06,92261.683
688316.SH,20250917,70.77,71.94,69.32,69.76,71.4,-2.2969,19087.52,133555.625
688317.SH,20250917,25.7,25.99,25.04,25.11,25.86,-2.9002,31420.18,79893.815
688318.SH,20250917,163.95,180.0,163.0,170.99,165.5,3.3172,97179.79,1654175.912
688319.SH,20250917,26.76,28.75,26.63,28.08,26.97,4.1157,102518.1,284173.361
688320.SH,20250917,49.45,52.43,49.01,51.79,49.48,4.6686,116008.35,594704.532
688321.SH,20250917,33.4,33.67,32.8,32.88,33.45,-1.704,107856.58,357541.507
688322.SH,20250917,96.37,98.5,94.15,95.29,96.4,-1.1515,171684.56,1647926.668
688323.SH,20250917,15.59,15.82,15.37,15.7,15.42,1.8158,30797.67,48007.734
688325.SH,20250917,76.02,79.58,74.2,78.0,77.31,0.8925,34282.66,264172.198
688326.SH,20250917,121.91,132.0,120.97,128.5,120.26,6.8518,30555.63,391463.467
688327.SH,20250917,16.6,17.45,16.28,17.22,16.66,3.3613,579148.18,980473.554
688328.SH,20250917,26.8,28.21,26.48,27.38,26.67,2.6622,58587.95,161781.076
688329.SH,20250917,22.68,22.68,22.24,22.3,22.68,-1.6755,45878.49,102856.376
688330.SH,20250917,35.78,37.86,34.51,34.66,34.96,-0.8581,62193.66,221741.723
688331.SH,20250917,106.0,107.0,102.0,103.79,104.96,-1.1147,57025.29,596557.252
688332.SH,20250917,113.24,122.34,112.18,121.05,113.31,6.8308,48971.09,575641.544
688333.SH,20250917,77.13,79.22,75.58,78.19,77.1,1.4137,81254.76,629353.75
688334.SH,20250917,19.16,19.25,19.0,19.2,19.15,0.2611,23983.11,45882.13
688335.SH,20250917,20.75,21.99,20.38,21.49,19.8,8.5354,99856.79,210564.638
688336.SH,20250917,53.61,54.21,53.18,53.41,53.55,-0.2614,34303.93,183850.638
688337.SH,20250917,38.08,39.36,38.08,38.2,38.08,0.3151,33863.03,130761.301
688338.SH,20250917,27.3,27.58,27.18,27.45,27.32,0.4758,7653.67,20948.49
688339.SH,20250917,24.7,24.7,24.21,24.36,24.6,-0.9756,34782.42,84807.136
688343.SH,20250917,89.0,91.5,87.2,88.44,90.22,-1.973,169122.72,1502561.93
688345.SH,20250917,38.6,38.75,37.23,37.63,38.9,-3.2648,28180.54,106614.335
688347.SH,20250917,76.9,81.6,75.5,80.69,76.9,4.9285,311890.19,2493580.634
688348.SH,20250917,55.11,55.72,54.32,55.26,55.38,-0.2167,28739.73,158167.281
688349.SH,20250917,28.03,29.35,27.6,28.92,28.03,3.1752,53049.14,152123.608
688350.SH,20250917,23.14,23.69,23.03,23.2,23.03,0.7382,17372.54,40608.502
688351.SH,20250917,23.23,23.55,22.88,23.1,23.26,-0.6879,39404.44,91356.541
688352.SH,20250917,12.17,12.39,12.05,12.33,12.18,1.2315,128357.89,157578.952
688353.SH,20250917,45.0,45.48,42.83,43.36,45.3,-4.2826,71584.59,313610.063
688355.SH,20250917,20.58,21.29,20.12,20.71,20.14,2.8302,32965.35,68145.814
688356.SH,20250917,100.84,101.88,99.0,99.99,100.87,-0.8724,10294.63,103181.719
688357.SH,20250917,35.14,35.5,34.86,34.91,35.15,-0.6828,13796.89,48425.92
688358.SH,20250917,30.95,30.95,30.48,30.59,30.94,-1.1312,8677.73,26609.508
688359.SH,20250917,71.67,72.87,70.61,71.0,71.7,-0.9763,15529.98,111092.534
688360.SH,20250917,23.25,23.78,22.83,23.0,23.25,-1.0753,103374.85,240581.614
688361.SH,20250917,89.99,96.42,88.9,94.84,89.66,5.7774,83927.06,784497.33
688362.SH,20250917,34.88,35.5,34.27,34.51,34.87,-1.0324,112709.16,392387.192
688363.SH,20250917,58.5,58.8,57.57,57.98,58.43,-0.7702,39901.43,231614.918
688365.SH,20250917,15.69,15.74,15.33,15.54,15.74,-1.2706,68035.31,105296.453
688366.SH,20250917,54.69,54.71,53.92,54.2,54.41,-0.386,7631.33,41401.169
688367.SH,20250917,20.15,20.25,19.68,19.87,20.15,-1.3896,16676.47,33276.501
688368.SH,20250917,101.0,102.97,100.15,101.12,101.58,-0.4528,16721.33,169585.165
688369.SH,20250917,29.11,29.13,27.97,28.15,29.08,-3.1981,48374.77,136811.437
688370.SH,20250917,25.56,26.18,24.76,25.39,25.71,-1.2447,47926.54,121591.964
688371.SH,20250917,26.98,27.3,26.25,26.35,27.2,-3.125,27181.17,72610.36
688372.SH,20250917,76.05,78.8,75.7,77.49,76.24,1.6396,50959.42,394360.907
688373.SH,20250917,7.94,8.05,7.74,7.89,7.97,-1.0038,159513.28,125012.853
688375.SH,20250917,74.42,76.09,74.0,74.0,74.42,-0.5644,19727.93,147671.16
688376.SH,20250917,55.03,57.58,54.05,54.51,54.73,-0.402,22707.53,126198.421
688377.SH,20250917,31.58,32.47,31.16,31.31,31.64,-1.043,10459.06,33019.523
688378.SH,20250917,26.8,27.7,25.88,27.7,26.83,3.2426,111667.25,295242.082
688379.SH,20250917,48.31,49.3,47.69,48.69,48.42,0.5576,33414.27,162830.005
688380.SH,20250917,33.5,34.16,33.1,33.74,33.59,0.4466,92308.58,310808.939
688381.SH,20250917,27.05,27.45,26.71,26.94,27.04,-0.3698,64302.39,173913.781
688382.SH,20250917,35.45,36.44,34.08,34.73,35.45,-2.031,120586.03,420224.803
688383.SH,20250917,79.73,81.5,76.78,78.58,76.76,2.371,24584.5,195080.342
688385.SH,20250917,62.89,64.5,61.05,62.88,63.55,-1.0543,188804.03,1182103.998
688386.SH,20250917,78.51,83.68,78.27,83.32,79.3,5.0694,22553.53,185721.242
688387.SH,20250917,6.57,6.63,6.48,6.56,6.56,0.0,244418.51,160049.871
688388.SH,20250917,34.01,36.36,33.4,34.3,34.5,-0.5797,400806.44,1396950.696
688389.SH,20250917,14.23,14.24,14.1,14.14,14.19,-0.3524,34139.79,48319.433
688390.SH,20250917,54.28,55.77,53.67,54.73,54.68,0.0914,60159.57,329190.415
688391.SH,20250917,32.51,33.04,32.14,32.78,32.56,0.6757,19630.26,64186.848
688392.SH,20250917,86.0,90.2,85.6,86.51,85.8,0.8275,28650.33,250699.598
688393.SH,20250917,27.73,28.1,27.52,27.8,27.72,0.2886,14108.04,39168.325
688395.SH,20250917,25.87,26.33,25.76,26.25,25.92,1.2731,11910.29,31145.549
688396.SH,20250917,49.38,50.38,49.12,49.72,49.4,0.6478,114858.28,572114.851
688398.SH,20250917,20.3,21.2,20.17,20.59,20.29,1.4786,32383.0,67185.493
688399.SH,20250917,69.16,73.25,69.16,69.98,70.43,-0.6389,27489.76,195635.655
688400.SH,20250917,42.8,46.66,41.7,44.48,42.35,5.0295,302863.98,1337498.829
688401.SH,20250917,42.16,45.3,42.16,44.81,42.09,6.4623,83766.82,370251.526
688403.SH,20250917,13.13,13.67,13.02,13.56,13.25,2.3396,226087.05,303691.38
688408.SH,20250917,47.34,47.96,47.05,47.21,47.55,-0.715,49087.52,232965.036
688409.SH,20250917,59.5,63.33,59.32,61.9,61.45,0.7323,88268.84,547083.996
688410.SH,20250917,15.39,15.39,15.0,15.06,15.36,-1.9531,36661.41,55459.28
688411.SH,20250917,208.6,218.0,199.88,210.0,208.6,0.6711,44866.0,927702.611
688416.SH,20250917,45.6,46.71,44.94,46.01,45.71,0.6563,31776.15,146213.221
688418.SH,20250917,31.02,32.8,30.77,32.46,31.24,3.9052,99089.69,318307.819
688419.SH,20250917,29.86,30.36,29.56,30.16,29.8,1.2081,18139.18,54418.014
688420.SH,20250917,25.98,26.09,25.69,25.76,25.9,-0.5405,5543.91,14339.188
688425.SH,20250917,5.53,5.6,5.51,5.56,5.54,0.361,311864.46,173509.668
688426.SH,20250917,29.36,29.36,26.88,28.75,29.26,-1.743,49281.96,139040.228
688428.SH,20250917,27.03,27.37,26.7,26.9,27.31,-1.5013,55131.65,148809.543
688429.SH,20250917,16.21,16.48,16.11,16.31,16.24,0.431,22229.89,36152.753
688432.SH,20250917,11.95,12.25,11.88,12.2,12.0,1.6667,81998.0,99524.326
688433.SH,20250917,59.01,59.09,56.0,57.27,59.13,-3.1456,63175.95,360565.139
688435.SH,20250917,35.8,36.56,35.45,36.03,35.93,0.2783,13508.57,48688.386
688439.SH,20250917,56.44,57.32,56.22,56.88,56.59,0.5125,26657.94,151567.215
688443.SH,20250917,33.53,33.53,32.79,33.14,33.53,-1.1631,38277.29,126625.433
688448.SH,20250917,46.4,47.6,45.01,45.25,46.31,-2.2889,37836.4,174305.969
688449.SH,20250917,51.5,51.69,49.78,50.4,51.4,-1.9455,64617.83,326282.851
688450.SH,20250917,29.0,29.07,28.57,28.97,29.04,-0.241,7516.74,21712.987
688455.SH,20250917,15.48,15.72,15.41,15.46,15.57,-0.7065,20923.05,32453.412
688456.SH,20250917,53.77,53.77,51.61,51.93,54.0,-3.8333,38241.5,200443.778
688458.SH,20250917,44.58,45.72,44.15,44.92,45.0,-0.1778,32957.45,147840.724
688459.SH,20250917,10.5,10.5,10.41,10.46,10.5,-0.381,18215.91,19037.296
688466.SH,20250917,22.27,22.6,21.76,21.83,22.29,-2.0637,9125.88,20140.105
688468.SH,20250917,8.02,8.04,7.95,8.01,7.99,0.2503,40369.8,32294.064
688469.SH,20250917,5.6,5.75,5.56,5.67,5.62,0.8897,1114764.32,631879.932
688472.SH,20250917,12.21,12.45,11.88,12.18,12.5,-2.56,946381.14,1150064.955
688475.SH,20250917,33.73,34.25,33.6,34.0,33.78,0.6513,39639.89,134706.091
688478.SH,20250917,40.27,40.88,38.67,39.0,39.73,-1.8374,29233.11,114952.148
688479.SH,20250917,19.5,19.57,19.36,19.41,19.53,-0.6144,10065.33,19552.223
688480.SH,20250917,47.3,47.55,46.76,47.2,47.3,-0.2114,2869.84,13545.715
688484.SH,20250917,48.0,48.37,46.95,48.04,47.91,0.2713,62194.88,296946.842
688485.SH,20250917,13.8,13.95,13.63,13.7,13.85,-1.083,14270.43,19702.361
688486.SH,20250917,68.4,70.35,67.8,69.19,68.47,1.0516,34588.16,239126.344
688488.SH,20250917,15.0,15.69,14.95,15.19,14.99,1.3342,97200.65,149524.27
688489.SH,20250917,49.61,50.36,48.98,50.19,49.82,0.7427,14361.3,71590.336
688496.SH,20250917,9.63,9.97,9.62,9.8,9.67,1.3444,33846.35,33230.466
688498.SH,20250917,369.2,388.0,361.0,378.09,369.2,2.4079,40477.69,1523487.749
688499.SH,20250917,72.4,74.54,70.83,72.85,72.73,0.165,117870.15,860564.675
688500.SH,20250917,83.1,86.0,80.52,83.03,83.85,-0.9779,34683.0,287592.663
688501.SH,20250917,29.0,29.68,28.5,28.78,28.88,-0.3463,16284.19,47275.248
688502.SH,20250917,432.22,454.8,426.0,433.26,406.44,6.5988,21334.05,938678.256
688503.SH,20250917,63.0,65.58,62.17,62.65,61.7,1.5397,227985.08,1452614.907
688505.SH,20250917,9.64,9.78,9.61,9.69,9.66,0.3106,65085.07,63032.34
688506.SH,20250917,358.5,383.99,352.21,372.0,357.42,4.0792,21168.79,781067.741
688507.SH,20250917,102.72,104.53,100.72,102.5,104.54,-1.9514,32106.92,326992.812
688508.SH,20250917,68.75,69.77,67.22,68.3,68.94,-0.9283,68440.58,467907.832
688509.SH,20250917,4.71,4.71,4.63,4.67,4.68,-0.2137,78815.02,36767.233
688510.SH,20250917,24.42,24.5,24.02,24.19,24.35,-0.6571,30922.73,74835.843
688511.SH,20250917,22.08,22.16,21.87,21.98,22.06,-0.3626,11773.22,25910.304
688512.SH,20250917,12.41,12.85,12.16,12.55,12.41,1.1281,141031.29,177748.24
688513.SH,20250917,58.74,60.2,57.6,58.14,58.96,-1.3908,33235.96,195097.316
688515.SH,20250917,114.99,116.55,112.12,115.46,115.35,0.0954,18257.93,209584.777
688516.SH,20250917,45.0,51.56,44.53,50.33,45.24,11.2511,204573.1,997647.373
688517.SH,20250917,15.26,15.55,15.2,15.46,15.34,0.7823,18071.89,27928.843
688518.SH,20250917,25.91,27.19,25.8,26.61,26.0,2.3462,161047.23,430759.921
688519.SH,20250917,71.77,74.9,71.0,73.46,71.8,2.312,55316.67,404246.982
688520.SH,20250917,59.4,60.48,58.84,59.97,59.32,1.0958,41895.52,250208.833
688521.SH,20250917,177.11,180.55,170.08,172.8,180.58,-4.3083,249012.99,4340716.093
688522.SH,20250917,44.63,44.65,43.89,43.99,44.69,-1.5663,52620.28,232522.012
688523.SH,20250917,23.0,23.32,22.77,23.15,23.11,0.1731,33854.8,78205.703
688525.SH,20250917,79.7,80.88,78.0,79.5,80.0,-0.625,202034.48,1603849.993
688526.SH,20250917,18.52,18.77,18.33,18.39,18.38,0.0544,29980.17,55446.023
688528.SH,20250917,11.93,12.37,11.84,12.24,11.93,2.5985,33302.58,40431.299
688529.SH,20250917,21.2,21.68,21.08,21.4,21.29,0.5167,34540.19,73819.485
688530.SH,20250917,18.85,19.05,18.6,18.84,18.85,-0.0531,18840.61,35466.082
688531.SH,20250917,56.34,58.95,56.34,57.94,56.33,2.8582,54031.32,313202.977
688533.SH,20250917,29.71,30.04,29.53,29.89,29.71,0.6059,23396.83,69853.221
688535.SH,20250917,94.91,96.36,92.48,95.11,94.65,0.486,27374.01,258964.844
688536.SH,20250917,159.51,166.33,156.89,159.89,157.75,1.3566,70053.05,1130298.649
688538.SH,20250917,2.8,2.87,2.77,2.84,2.79,1.7921,1432469.17,405208.366
688539.SH,20250917,33.8,34.3,33.42,34.05,34.0,0.1471,26964.89,91218.674
688543.SH,20250917,48.09,48.5,47.8,48.4,48.2,0.4149,27660.35,133176.935
688545.SH,20250917,32.05,33.87,31.85,32.7,31.98,2.2514,68187.65,225371.817
688548.SH,20250917,11.42,11.7,11.37,11.61,11.43,1.5748,173667.79,201187.9
688549.SH,20250917,8.44,10.14,8.4,9.49,8.45,12.3077,1381402.89,1345982.064
688550.SH,20250917,45.59,46.65,45.46,45.8,45.66,0.3066,29633.15,136035.403
688551.SH,20250917,39.92,41.65,39.72,41.03,40.13,2.2427,25378.88,103774.577
688552.SH,20250917,35.43,35.98,34.88,35.75,35.39,1.0172,53988.9,191116.113
688553.SH,20250917,23.65,25.72,23.45,24.52,23.68,3.5473,161632.62,399121.53
688556.SH,20250917,11.82,12.15,11.65,11.9,11.94,-0.335,590740.56,701658.258
688557.SH,20250917,37.0,40.35,36.62,39.98,36.21,10.4115,77344.01,301981.571
688558.SH,20250917,32.12,33.8,32.1,33.63,32.35,3.9567,39325.01,130678.116
688559.SH,20250917,40.97,43.39,40.3,42.25,41.01,3.0237,182433.01,769058.992
688560.SH,20250917,15.28,15.29,14.99,15.03,15.27,-1.5717,49973.7,75582.474
688561.SH,20250917,36.38,36.55,35.77,36.3,36.37,-0.1925,94719.7,343106.75
688562.SH,20250917,17.81,17.87,17.67,17.73,17.88,-0.8389,32297.95,57323.014
688563.SH,20250917,53.45,53.89,53.25,53.88,53.48,0.7479,17770.23,95402.054
688565.SH,20250917,10.42,10.42,10.2,10.38,10.39,-0.0962,18749.4,19334.719
688566.SH,20250917,36.99,37.57,36.4,36.8,36.9,-0.271,24147.6,89087.765
688567.SH,20250917,20.16,21.1,19.88,20.9,19.74,5.8764,458308.47,946474.483
688568.SH,20250917,42.26,43.38,42.11,42.89,42.53,0.8465,94979.89,407495.946
688569.SH,20250917,22.43,22.52,22.31,22.36,22.43,-0.3121,7119.31,15971.509
688570.SH,20250917,20.14,20.24,20.01,20.12,20.1,0.0995,13551.72,27321.103
688571.SH,20250917,8.06,8.29,8.0,8.23,8.02,2.6185,44766.25,36624.76
688573.SH,20250917,30.48,30.66,29.56,29.86,30.48,-2.0341,61896.59,185754.892
688575.SH,20250917,15.06,15.06,14.94,14.97,15.03,-0.3992,28281.0,42376.297
688576.SH,20250917,67.4,67.62,66.93,67.1,67.62,-0.769,3988.74,26794.376
688577.SH,20250917,121.03,126.17,119.0,120.15,120.77,-0.5134,25741.07,314423.525
688578.SH,20250917,110.3,111.47,107.53,108.3,110.36,-1.8666,51883.25,564613.405
688579.SH,20250917,12.3,12.43,12.2,12.32,12.32,0.0,50686.35,62364.089
688580.SH,20250917,52.0,52.48,51.5,52.18,52.18,0.0,12809.85,66567.686
688581.SH,20250917,74.6,74.85,72.82,73.62,74.4,-1.0484,9357.34,68774.093
688582.SH,20250917,76.6,79.2,76.0,78.97,75.8,4.1821,79485.54,620416.841
688583.SH,20250917,98.4,103.0,98.0,101.2,98.36,2.8874,13464.33,135657.148
688584.SH,20250917,24.37,24.85,24.22,24.57,24.36,0.8621,55586.38,136701.355
688585.SH,20250917,90.38,95.46,86.0,92.3,99.24,-6.9931,137708.72,1260968.521
688586.SH,20250917,10.95,10.97,10.83,10.91,10.97,-0.5469,52729.76,57491.255
688588.SH,20250917,18.42,19.14,18.14,19.04,18.41,3.4221,183060.21,343023.604
688589.SH,20250917,25.53,26.25,25.25,26.06,25.78,1.0861,79924.18,207371.489
688590.SH,20250917,23.24,23.42,22.69,23.2,23.32,-0.5146,94677.36,218306.659
688591.SH,20250917,51.53,53.82,51.26,52.42,51.75,1.2947,80651.69,424994.146
688592.SH,20250917,46.79,47.43,46.36,47.09,46.93,0.3409,10676.68,50046.762
688593.SH,20250917,24.27,25.15,23.62,23.87,24.35,-1.9713,224445.26,544232.571
688595.SH,20250917,39.19,40.0,38.69,39.53,39.23,0.7647,49717.8,196452.055
688596.SH,20250917,35.49,37.53,35.37,37.41,35.49,5.41,160148.38,588908.254
688597.SH,20250917,8.2,8.38,8.15,8.31,8.2,1.3415,70150.62,58214.178
688598.SH,20250917,36.5,36.76,35.84,36.3,36.6,-0.8197,58372.33,211960.003
688599.SH,20250917,16.9,17.55,16.85,17.42,17.04,2.23,583447.18,1012246.881
688600.SH,20250917,21.72,21.96,21.65,21.68,21.81,-0.5961,7102.43,15454.134
688601.SH,20250917,41.95,42.98,41.72,42.74,42.11,1.4961,40979.6,174295.914
688602.SH,20250917,8.58,8.7,8.57,8.6,8.66,-0.6928,74176.32,63982.862
688603.SH,20250917,80.01,85.5,80.0,80.8,82.33,-1.8584,27744.43,226594.579
688605.SH,20250917,62.33,65.5,62.33,64.4,62.36,3.2713,44661.17,287105.388
688606.SH,20250917,67.71,68.37,67.38,68.08,67.73,0.5168,5906.35,40081.489
688607.SH,20250917,29.31,30.94,28.53,29.08,29.3,-0.7509,53602.83,157587.064
688608.SH,20250917,259.13,268.2,255.01,264.08,259.49,1.7689,51855.74,1367005.11
688609.SH,20250917,10.78,10.78,10.56,10.65,10.73,-0.7456,132654.42,141443.717
688610.SH,20250917,68.31,71.15,67.69,69.5,68.6,1.312,8630.6,60085.78
688611.SH,20250917,41.32,44.68,41.11,43.36,41.36,4.8356,33770.64,146538.35
688612.SH,20250917,39.5,40.72,39.27,40.52,39.5,2.5823,31757.87,127750.696
688613.SH,20250917,28.51,28.54,27.5,27.8,28.52,-2.5245,97397.55,271328.976
688615.SH,20250917,163.59,164.89,161.5,163.71,163.87,-0.0976,14501.27,236746.537
688616.SH,20250917,13.3,14.16,13.23,13.78,13.26,3.9216,44765.86,61447.607
688617.SH,20250917,298.29,306.4,298.29,301.63,298.0,1.2181,10774.62,325943.402
688618.SH,20250917,27.14,27.28,26.65,26.74,27.05,-1.146,13857.95,37349.485
688619.SH,20250917,15.69,16.05,15.41,15.52,15.62,-0.6402,33762.69,52879.434
688620.SH,20250917,13.52,13.88,13.36,13.81,13.52,2.145,111485.22,152549.481
688621.SH,20250917,80.9,82.49,78.04,78.5,81.71,-3.9285,47319.7,376426.478
688622.SH,20250917,106.0,107.55,103.88,106.0,106.66,-0.6188,11433.58,120762.542
688623.SH,20250917,68.56,68.98,67.95,68.16,68.56,-0.5834,2410.29,16464.591
688625.SH,20250917,31.86,32.04,31.6,31.83,31.86,-0.0942,8110.24,25815.257
688626.SH,20250917,59.0,59.79,57.75,58.68,57.8,1.5225,34744.25,203271.856
688627.SH,20250917,128.0,146.32,125.02,142.8,124.0,15.1613,73232.01,1002255.974
688628.SH,20250917,36.5,36.95,36.06,36.61,36.2,1.1326,32348.59,118367.905
688629.SH,20250917,87.99,90.14,85.7,88.51,88.9,-0.4387,158095.46,1392156.734
688630.SH,20250917,147.06,153.86,143.3,145.0,145.07,-0.0483,83433.71,1231004.796
688631.SH,20250917,86.34,89.5,84.5,86.55,85.86,0.8036,49005.3,427393.605
688633.SH,20250917,26.31,26.82,26.14,26.3,26.25,0.1905,10046.24,26570.945
688636.SH,20250917,32.83,34.36,32.28,34.06,32.83,3.7466,42425.87,142641.08
688638.SH,20250917,45.6,46.49,44.99,45.12,45.62,-1.096,13028.45,59374.68
688639.SH,20250917,34.28,34.82,34.0,34.29,34.44,-0.4355,43481.07,149625.3
688646.SH,20250917,31.88,32.58,31.88,32.23,31.79,1.3841,11939.62,38494.765
688648.SH,20250917,68.0,70.31,67.35,68.9,71.88,-4.1458,67472.02,463608.769
688651.SH,20250917,37.08,38.99,36.77,38.68,37.03,4.4558,37071.12,141608.755
688652.SH,20250917,74.17,79.33,73.51,77.3,74.11,4.3044,53468.03,410995.871
688653.SH,20250917,13.3,13.47,13.15,13.3,13.41,-0.8203,82707.38,109814.536
688655.SH,20250917,23.67,23.67,22.34,22.41,23.27,-3.6957,38254.79,87146.415
688656.SH,20250917,161.0,173.0,155.13,168.52,160.5,4.9969,16557.06,271858.511
688657.SH,20250917,55.48,55.88,55.02,55.57,55.84,-0.4835,7026.15,38915.751
688658.SH,20250917,25.0,25.19,24.6,24.63,25.0,-1.48,49306.53,122232.951
688659.SH,20250917,10.81,11.01,10.75,10.79,10.78,0.0928,35212.69,38232.372
688660.SH,20250917,19.24,20.33,19.23,19.72,19.37,1.8069,341730.13,675547.103
688661.SH,20250917,43.33,44.7,43.33,43.7,43.47,0.5291,37443.62,164533.423
688662.SH,20250917,45.76,49.66,45.32,47.78,45.77,4.3915,37038.58,177610.736
688663.SH,20250917,39.19,40.71,38.33,39.57,38.5,2.7792,70686.46,280617.704
688665.SH,20250917,63.9,72.42,63.9,67.32,61.4,9.6417,52916.83,361818.64
688667.SH,20250917,69.3,70.88,69.07,69.8,69.35,0.6489,9232.89,64460.142
688668.SH,20250917,108.0,112.3,107.0,109.6,109.1,0.4583,67472.4,742684.688
688669.SH,20250917,23.85,24.52,23.76,23.85,23.94,-0.3759,14206.46,34216.375
688670.SH,20250917,16.03,16.05,15.79,16.0,15.97,0.1879,9570.03,15264.675
688671.SH,20250917,22.2,22.4,21.92,22.07,22.2,-0.5856,6895.44,15301.821
688676.SH,20250917,53.35,56.02,52.72,55.69,53.22,4.6411,185229.57,1016758.056
688677.SH,20250917,47.07,47.9,46.51,47.05,47.22,-0.36,21180.81,99838.989
688678.SH,20250917,30.57,31.87,30.03,31.62,30.54,3.5363,144184.73,448362.117
688679.SH,20250917,16.79,17.83,16.46,17.49,16.9,3.4911,35231.1,60592.932
688680.SH,20250917,51.61,52.98,50.86,51.15,52.1,-1.8234,28951.1,149765.097
688681.SH,20250917,17.31,17.52,17.14,17.29,17.3,-0.0578,17269.93,29959.367
688682.SH,20250917,29.59,30.29,29.26,29.85,29.59,0.8787,15086.27,44739.889
688683.SH,20250917,36.0,38.81,35.8,38.29,36.14,5.9491,25897.55,97957.308
688685.SH,20250917,58.73,63.6,58.73,61.8,59.26,4.2862,54460.62,334998.972
688686.SH,20250917,143.58,153.49,142.14,149.45,143.71,3.9942,21538.73,318025.082
688687.SH,20250917,30.0,30.17,29.65,29.89,30.02,-0.433,27892.63,83291.365
688689.SH,20250917,28.04,28.45,27.65,27.79,28.04,-0.8916,27454.85,76695.398
688690.SH,20250917,26.6,27.64,26.31,27.11,26.53,2.1862,61963.57,167787.868
688691.SH,20250917,71.01,74.32,70.01,72.24,71.47,1.0774,41325.24,300324.118
688692.SH,20250917,264.83,269.68,262.56,268.0,264.2,1.4383,14619.22,390855.648
688693.SH,20250917,37.1,37.85,36.83,37.52,37.39,0.3477,15798.75,59251.569
688695.SH,20250917,30.12,30.61,29.98,30.24,30.15,0.2985,9008.69,27312.511
688696.SH,20250917,124.58,127.8,124.01,127.1,124.97,1.7044,11268.24,142310.074
688697.SH,20250917,15.41,15.97,15.32,15.96,15.45,3.301,85525.16,134567.352
688698.SH,20250917,70.27,74.95,69.17,72.2,69.08,4.5165,119030.78,862650.576
688699.SH,20250917,38.31,39.88,38.31,39.2,38.88,0.823,15828.15,62091.59
688700.SH,20250917,40.64,41.84,40.28,40.62,40.69,-0.172,71360.39,291406.865
688701.SH,20250917,9.07,9.13,8.9,9.04,9.06,-0.2208,19608.71,17741.365
688702.SH,20250917,133.82,140.86,129.2,137.85,135.59,1.6668,79038.63,1060461.859
688707.SH,20250917,15.95,16.1,15.65,15.76,15.91,-0.9428,78910.53,124759.972
688708.SH,20250917,71.64,72.48,69.6,70.28,72.0,-2.3889,17745.74,125092.319
688709.SH,20250917,48.21,50.3,47.8,49.45,48.52,1.9167,106252.81,523735.02
688710.SH,20250917,42.79,47.27,42.69,46.85,43.12,8.6503,46227.77,206703.516
688711.SH,20250917,28.67,29.36,28.23,28.85,28.89,-0.1385,93560.23,268955.801
688716.SH,20250917,49.67,52.25,49.47,50.72,50.24,0.9554,129777.23,658760.908
688717.SH,20250917,75.41,78.38,73.93,76.37,74.69,2.2493,53422.54,407321.876
688718.SH,20250917,15.48,15.88,15.4,15.66,15.5,1.0323,13261.76,20799.711
688719.SH,20250917,39.9,40.24,38.7,38.96,39.7,-1.864,17877.32,70244.97
688720.SH,20250917,46.58,48.1,46.58,46.98,46.43,1.1846,28379.27,134049.66
688721.SH,20250917,49.88,52.09,49.5,50.83,49.3,3.1034,28760.75,147109.685
688722.SH,20250917,19.88,20.66,19.76,20.36,19.75,3.0886,117494.94,238668.113
688726.SH,20250917,47.35,48.11,47.0,47.68,47.45,0.4847,14953.13,71369.399
688728.SH,20250917,16.0,16.36,16.0,16.14,16.08,0.3731,144916.17,234381.208
688729.SH,20250917,27.5,28.26,27.21,27.98,27.46,1.8937,156454.87,437170.301
688733.SH,20250917,26.0,28.33,26.0,27.43,26.05,5.2975,132501.36,364278.138
688737.SH,20250917,22.84,22.85,22.3,22.35,22.63,-1.2373,16129.67,36404.228
688739.SH,20250917,27.47,27.65,27.41,27.51,27.47,0.1456,17471.42,48081.078
688750.SH,20250917,21.88,21.94,21.67,21.87,21.95,-0.3645,25231.07,55064.138
688755.SH,20250917,46.65,46.96,46.52,46.79,46.77,0.0428,6313.68,29537.051
688757.SH,20250917,30.64,31.59,30.38,30.93,30.5,1.4098,25660.5,79774.923
688758.SH,20250917,18.27,18.6,18.05,18.33,18.27,0.3284,24605.99,45031.212
688766.SH,20250917,104.99,114.44,103.0,105.11,105.6,-0.464,242138.26,2613107.881
688767.SH,20250917,43.11,44.73,42.85,44.25,43.28,2.2412,35246.72,155013.361
688768.SH,20250917,48.9,50.74,48.89,49.92,49.18,1.5047,15324.11,76072.101
688772.SH,20250917,22.3,22.52,21.9,22.36,22.52,-0.7105,310237.89,689541.647
688775.SH,20250917,310.49,317.37,305.55,312.08,309.02,0.9902,28276.3,880753.471
688776.SH,20250917,90.19,90.19,87.19,88.99,90.2,-1.3415,26258.0,232273.819
688777.SH,20250917,52.0,52.1,51.3,51.6,51.6,0.0,164011.55,846586.134
688778.SH,20250917,81.0,81.89,79.33,79.41,80.94,-1.8903,142762.57,1146990.848
688779.SH,20250917,7.32,7.55,7.22,7.5,7.34,2.1798,632244.13,468234.739
688786.SH,20250917,27.12,28.1,27.02,27.89,27.35,1.9744,25834.61,71665.574
688787.SH,20250917,127.08,127.08,124.03,124.65,126.73,-1.6413,21806.09,272704.954
688788.SH,20250917,56.26,57.28,55.49,56.82,56.24,1.0313,32224.29,181604.28
688789.SH,20250917,73.2,75.79,73.16,75.49,73.56,2.6237,16827.82,125616.889
688793.SH,20250917,31.29,31.79,31.29,31.4,31.22,0.5766,11191.14,35206.8
688798.SH,20250917,86.75,88.7,85.3,87.73,87.27,0.5271,56953.83,497216.334
688799.SH,20250917,63.5,64.44,57.73,57.92,63.8,-9.2163,101324.47,605694.936
688800.SH,20250917,78.45,86.67,78.45,82.1,76.99,6.6372,211900.71,1758982.643
688819.SH,20250917,31.87,31.98,31.22,31.6,31.86,-0.8161,57818.98,182558.702
688981.SH,20250917,110.8,120.8,109.8,117.39,109.78,6.932,1528475.61,17861084.416
689009.SH,20250917,67.8,70.7,67.6,70.32,67.04,4.8926,243973.53,1703687.261
920779.BJ,20250917,43.95,44.49,43.11,44.3,43.67,1.4426,17559.75,76926.491
920809.BJ,20250917,6.21,6.34,6.14,6.22,6.25,-0.48,217799.18,135632.801
920832.BJ,20250917,8.78,8.97,8.72,8.84,8.75,1.0286,34088.46,30216.494
920839.BJ,20250917,40.6,47.23,40.1,45.91,40.84,12.4143,50323.46,221140.936
920879.BJ,20250917,25.7,26.0,25.51,25.69,25.65,0.1559,18849.41,48400.488
920896.BJ,20250917,23.69,24.49,23.11,24.25,23.72,2.2344,45090.85,107735.757
920946.BJ,20250917,11.72,11.76,11.47,11.65,11.71,-0.5124,32690.16,37946.785
920964.BJ,20250917,8.19,8.25,8.15,8.18,8.19,-0.1221,27414.61,22479.254
920974.BJ,20250917,9.28,9.41,9.2,9.41,9.27,1.5102,41523.18,38768.228
920010.BJ,20250917,13.48,13.48,13.22,13.32,13.4,-0.597,32874.77,43804.141
920039.BJ,20250917,14.44,14.55,14.2,14.5,14.49,0.069,43322.79,62363.385
920087.BJ,20250917,17.1,17.1,16.83,16.92,17.08,-0.9368,32458.71,54937.56
920152.BJ,20250917,21.21,21.51,20.8,21.16,21.04,0.5703,14653.89,30991.942
920267.BJ,20250917,30.0,30.16,29.58,30.06,29.72,1.144,11696.86,34991.89
920375.BJ,20250917,17.63,17.99,17.48,17.78,17.73,0.282,31633.48,56140.518
920195.BJ,20250917,20.33,20.75,20.17,20.56,20.3,1.2808,19582.73,40212.107
920378.BJ,20250917,13.08,13.08,12.63,12.68,12.94,-2.0093,38480.52,48992.993
920304.BJ,20250917,14.19,14.56,14.07,14.48,14.19,2.0437,30473.12,43786.384
920405.BJ,20250917,22.9,23.17,22.73,22.81,23.03,-0.9553,24894.91,57017.595
920370.BJ,20250917,5.27,5.39,5.09,5.18,5.4,-4.0741,231133.99,119360.989
920496.BJ,20250917,11.95,12.03,11.82,11.88,11.98,-0.8347,32448.82,38662.897
920526.BJ,20250917,30.26,30.99,30.14,30.23,30.18,0.1657,11481.42,35106.555
920627.BJ,20250917,28.11,29.58,27.7,28.66,28.27,1.3796,38318.88,109396.687
920641.BJ,20250917,20.25,20.85,20.0,20.79,20.26,2.616,33890.1,69646.571
920689.BJ,20250917,40.1,40.29,39.85,40.01,40.12,-0.2742,10677.91,42811.294
920726.BJ,20250917,21.04,21.23,20.81,20.96,21.01,-0.238,14257.93,29891.91
920768.BJ,20250917,13.86,14.87,13.76,14.47,13.76,5.1599,84376.75,121518.24
920932.BJ,20250917,28.48,28.83,27.96,28.44,28.19,0.8868,50562.49,143482.855
920834.BJ,20250917,15.56,20.0,15.55,20.0,15.39,29.9545,194243.2,373493.632
920855.BJ,20250917,23.0,24.55,22.66,23.45,22.58,3.853,35260.56,83283.545
920856.BJ,20250917,21.5,22.47,21.47,22.32,21.63,3.19,30513.0,67714.269
920906.BJ,20250917,34.3,35.88,33.5,35.3,34.12,3.4584,60236.26,209055.132
920000.BJ,20250917,25.15,26.0,24.0,24.67,26.0,-5.1154,113008.73,278430.283
920023.BJ,20250917,4.85,4.87,4.73,4.75,4.82,-1.4523,114048.21,54422.71
920089.BJ,20250917,18.6,19.07,18.52,18.8,18.74,0.3202,43683.77,82268.82
920110.BJ,20250917,42.0,43.8,41.5,43.3,42.01,3.0707,13426.02,57549.718
920145.BJ,20250917,23.29,23.78,22.76,23.75,23.09,2.8584,19663.88,46218.014
920249.BJ,20250917,16.51,16.53,16.11,16.24,16.6,-2.1687,108046.15,175668.393
920171.BJ,20250917,29.15,29.99,28.92,29.29,29.14,0.5148,32214.14,95104.492
920175.BJ,20250917,12.77,12.98,12.71,12.88,12.73,1.1783,27751.85,35698.204
920225.BJ,20250917,24.14,24.32,23.68,23.91,23.91,0.0,23288.52,55879.253
920278.BJ,20250917,11.03,11.08,10.92,11.02,11.03,-0.0907,13743.22,15126.457
920419.BJ,20250917,20.06,20.38,19.98,20.05,19.96,0.4509,16177.98,32590.731
920469.BJ,20250917,15.93,16.74,15.92,16.48,16.03,2.8072,84729.6,139184.893
920471.BJ,20250917,16.13,16.42,15.93,16.35,16.13,1.3639,18283.78,29663.435
920491.BJ,20250917,35.3,38.37,34.6,34.6,34.5,0.2899,183965.22,668209.613
920522.BJ,20250917,70.0,72.5,69.21,69.99,70.22,-0.3275,51756.75,366230.33
920566.BJ,20250917,13.31,13.41,13.21,13.26,13.3,-0.3008,24179.84,32173.348
920651.BJ,20250917,34.38,36.38,34.22,35.7,34.18,4.447,19266.0,68282.091
920662.BJ,20250917,35.77,36.62,35.2,35.51,36.34,-2.284,35081.99,125642.985
920735.BJ,20250917,38.48,39.03,38.28,38.93,38.48,1.1694,17547.27,68026.262
920786.BJ,20250917,11.1,11.12,10.83,10.85,11.07,-1.9874,98488.4,107538.981
920802.BJ,20250917,20.47,20.47,19.68,20.26,20.21,0.2474,27671.65,55521.118
920876.BJ,20250917,33.3,33.81,33.05,33.2,33.43,-0.688,16733.12,55849.806
920885.BJ,20250917,21.45,21.73,21.26,21.51,21.55,-0.1856,28324.19,61081.162
920978.BJ,20250917,41.46,43.81,40.15,41.98,42.0,-0.0476,108755.97,459097.955
920982.BJ,20250917,304.68,306.99,298.0,299.72,304.6,-1.6021,8479.57,254834.328
920130.BJ,20250917,29.7,29.96,29.59,29.69,29.83,-0.4693,9539.93,28373.544
920075.BJ,20250917,33.17,33.48,32.8,32.96,32.75,0.6412,13706.23,45374.426
920571.BJ,20250917,10.9,11.09,10.69,10.77,11.06,-2.6221,260477.99,282178.651
920230.BJ,20250917,16.82,16.99,16.69,16.92,16.76,0.9547,11955.37,20187.212
920266.BJ,20250917,11.1,11.17,11.0,11.1,11.07,0.271,15711.18,17434.567
920284.BJ,20250917,27.21,27.8,27.0,27.74,27.43,1.1301,53142.35,146265.409
920346.BJ,20250917,31.41,32.2,31.15,31.62,31.58,0.1267,30924.86,98093.089
920394.BJ,20250917,42.16,42.77,42.1,42.4,42.16,0.5693,12146.44,51457.645
920427.BJ,20250917,16.55,16.74,16.27,16.39,16.74,-2.0908,34023.53,55780.076
920429.BJ,20250917,20.41,20.6,20.29,20.38,20.38,0.0,14168.12,28980.573
920454.BJ,20250917,21.6,21.9,21.32,21.44,21.77,-1.5158,33690.5,72405.926
920455.BJ,20250917,10.58,10.82,10.43,10.77,10.56,1.9886,14176.12,15147.531
920509.BJ,20250917,35.01,36.44,32.93,32.95,33.6,-1.9345,91178.45,318946.167
920523.BJ,20250917,31.13,32.49,30.67,31.8,31.15,2.0867,61101.04,193759.962
920533.BJ,20250917,37.94,41.78,37.74,39.77,38.81,2.4736,124461.59,494242.459
920575.BJ,20250917,16.8,16.85,16.49,16.54,16.81,-1.6062,21852.58,36251.671
920580.BJ,20250917,18.08,18.28,17.62,18.07,18.44,-2.0065,65137.15,116646.302
920751.BJ,20250917,23.38,25.27,23.17,25.15,23.47,7.1581,47377.44,116456.369
920781.BJ,20250917,11.2,11.29,10.97,11.04,11.17,-1.1638,28744.34,31829.171
920873.BJ,20250917,7.99,8.02,7.9,7.93,7.99,-0.7509,44778.21,35657.182
920914.BJ,20250917,39.21,39.76,38.18,38.27,38.9,-1.6195,33978.47,131519.44
920943.BJ,20250917,26.81,27.5,26.79,27.07,27.0,0.2593,13153.58,35628.548
920014.BJ,20250917,14.25,14.37,14.08,14.33,14.18,1.0578,8047.52,11460.92
920021.BJ,20250917,7.45,7.46,7.33,7.36,7.44,-1.0753,91548.15,67587.686
920033.BJ,20250917,20.18,20.23,19.79,20.19,20.18,0.0496,12712.15,25424.153
920058.BJ,20250917,39.18,41.59,38.65,41.01,39.7,3.2997,23926.06,95294.023
920062.BJ,20250917,11.89,12.18,11.81,12.07,11.95,1.0042,53276.88,63972.629
920261.BJ,20250917,16.56,16.65,16.32,16.5,16.52,-0.1211,20331.35,33558.803
920407.BJ,20250917,23.56,24.24,22.28,22.28,23.23,-4.0895,71343.2,167149.754
920415.BJ,20250917,17.63,18.85,17.45,18.83,17.82,5.6678,83198.68,151236.519
920475.BJ,20250917,22.85,22.85,22.2,22.4,22.85,-1.9694,16541.49,37122.066
920599.BJ,20250917,20.59,20.73,20.4,20.5,20.59,-0.4371,43519.67,89394.895
920639.BJ,20250917,9.12,9.18,9.02,9.08,9.09,-0.11,26738.1,24342.04
920765.BJ,20250917,24.5,25.39,23.51,24.5,23.98,2.1685,44939.65,109633.245
920770.BJ,20250917,20.8,21.26,20.53,21.12,20.8,1.5385,56387.35,118364.215
920950.BJ,20250917,23.91,24.06,23.29,23.74,23.75,-0.0421,11530.86,27281.185
920174.BJ,20250917,56.03,57.12,56.03,56.49,56.29,0.3553,19151.36,108285.682
920179.BJ,20250917,36.2,36.8,36.06,36.5,36.2,0.8287,19914.1,72690.146
920184.BJ,20250917,23.86,25.4,23.86,24.5,24.09,1.702,89725.47,221530.669
920185.BJ,20250917,32.04,32.35,30.88,31.6,31.8,-0.6289,159716.48,504231.606
920207.BJ,20250917,26.82,26.89,26.45,26.52,26.74,-0.8227,15487.11,41254.095
920237.BJ,20250917,29.45,31.69,28.61,30.23,29.53,2.3705,65821.97,198126.407
920305.BJ,20250917,14.16,14.2,13.86,13.88,14.13,-1.7693,31430.29,43933.768
920368.BJ,20250917,31.4,31.75,31.0,31.56,31.4,0.5096,38662.62,121383.665
920438.BJ,20250917,56.0,56.59,51.63,52.32,56.47,-7.349,122943.85,658648.979
920508.BJ,20250917,29.5,29.87,29.19,29.65,29.4,0.8503,10103.21,29928.933
920579.BJ,20250917,28.35,28.68,28.02,28.15,28.17,-0.071,19005.07,53808.668
920640.BJ,20250917,29.17,29.6,28.96,28.96,29.65,-2.3272,49207.02,143543.552
920670.BJ,20250917,16.74,17.47,16.64,17.2,16.8,2.381,48676.96,83406.029
920057.BJ,20250917,7.85,7.9,7.73,7.83,7.87,-0.5083,27975.28,21873.109
920992.BJ,20250917,23.08,23.45,22.79,22.99,22.98,0.0435,24363.01,56156.561
920985.BJ,20250917,9.82,9.85,9.68,9.75,9.82,-0.7128,51276.48,50029.48
920077.BJ,20250917,15.01,15.01,14.81,14.86,15.0,-0.9333,37641.05,55993.116
920149.BJ,20250917,15.9,15.95,15.63,15.71,15.9,-1.195,18134.91,28568.668
920208.BJ,20250917,27.69,27.79,27.23,27.54,27.6,-0.2174,10829.98,29721.238
920221.BJ,20250917,22.45,22.86,22.08,22.57,22.3,1.2108,30575.21,68925.085
920239.BJ,20250917,37.39,38.58,37.0,38.22,37.54,1.8114,58223.92,220818.76
920247.BJ,20250917,34.42,36.48,33.91,34.8,34.3,1.4577,101792.68,358275.095
920260.BJ,20250917,14.28,14.36,14.01,14.15,14.15,0.0,10746.99,15262.814
920263.BJ,20250917,16.14,16.35,15.85,16.15,16.11,0.2483,38428.9,62080.331
920270.BJ,20250917,20.6,23.6,20.39,22.45,20.6,8.9806,62577.2,138276.063
920395.BJ,20250917,15.35,15.76,15.3,15.6,15.35,1.6287,20252.47,31551.143
920414.BJ,20250917,15.43,15.7,15.18,15.64,15.43,1.361,25418.36,39194.668
920519.BJ,20250917,14.86,15.12,14.83,15.11,14.93,1.2056,11364.71,17053.736
920422.BJ,20250917,15.35,15.63,15.05,15.61,15.22,2.5624,43819.7,67578.0
920433.BJ,20250917,7.2,7.23,7.11,7.16,7.18,-0.2786,25661.72,18428.904
920504.BJ,20250917,29.97,30.7,29.7,30.53,29.82,2.381,6313.54,19079.008
920547.BJ,20250917,28.85,29.46,28.56,29.32,28.9,1.4533,15991.73,46447.132
920675.BJ,20250917,12.68,12.73,12.5,12.57,12.68,-0.8675,17046.15,21467.944
920699.BJ,20250917,58.25,62.29,58.24,59.91,58.24,2.8674,10336.83,62362.619
920717.BJ,20250917,13.0,13.59,12.82,13.51,13.03,3.6838,28292.58,37899.63
920720.BJ,20250917,17.23,17.3,16.85,17.1,17.27,-0.9844,52367.32,89469.097
920807.BJ,20250917,19.36,19.73,19.12,19.45,19.35,0.5168,59781.63,115787.125
920826.BJ,20250917,14.25,14.46,13.93,14.13,14.35,-1.5331,118092.34,166498.146
920871.BJ,20250917,19.16,20.58,18.87,20.54,19.2,6.9792,54977.58,108580.535
920892.BJ,20250917,20.08,20.1,19.29,19.35,20.08,-3.6355,36680.01,71537.276
920942.BJ,20250917,42.83,43.31,42.2,42.4,42.68,-0.656,14281.98,60741.872
920957.BJ,20250917,15.65,16.55,15.46,16.42,15.51,5.8672,25237.19,40608.975
920061.BJ,20250917,38.97,39.29,38.61,38.92,38.97,-0.1283,10389.94,40473.557
920006.BJ,20250917,29.7,30.41,29.47,30.07,29.68,1.314,15845.97,47629.124
920123.BJ,20250917,19.25,19.31,18.9,19.02,19.15,-0.6789,22630.46,43234.708
920046.BJ,20250917,15.72,15.93,15.5,15.93,15.72,1.3359,17502.87,27634.59
920092.BJ,20250917,42.61,43.32,42.51,42.7,42.6,0.2347,12554.27,54006.209
920274.BJ,20250917,37.05,38.22,36.6,37.32,36.9,1.1382,48506.4,181452.033
920212.BJ,20250917,17.1,17.2,16.76,17.16,16.93,1.3585,15653.74,26703.999
920242.BJ,20250917,37.8,38.36,37.51,37.77,37.8,-0.0794,7440.64,28271.276
920344.BJ,20250917,29.5,29.71,28.9,29.45,29.47,-0.0679,11129.41,32565.914
920403.BJ,20250917,26.41,26.66,25.84,26.12,26.55,-1.6196,31704.54,82689.285
920592.BJ,20250917,47.91,49.44,47.63,48.9,47.88,2.1303,26775.97,130173.81
920663.BJ,20250917,22.99,23.7,22.81,23.29,23.06,0.9974,24807.42,57693.925
920748.BJ,20250917,57.12,59.0,56.6,58.5,57.1,2.4518,14223.97,82999.198
920821.BJ,20250917,31.85,31.85,31.4,31.41,31.48,-0.2224,18308.97,57709.7
920030.BJ,20250917,7.65,7.67,7.54,7.6,7.65,-0.6536,29796.81,22651.555
920163.BJ,20250917,18.23,18.23,17.76,18.21,18.08,0.719,17592.24,31717.942
920271.BJ,20250917,20.0,20.66,19.11,19.19,20.43,-6.0695,79488.96,156587.708
920227.BJ,20250917,65.3,65.5,64.0,64.57,66.04,-2.2259,10021.14,64695.785
920262.BJ,20250917,28.91,29.0,27.7,28.1,28.75,-2.2609,26147.13,73397.84
920275.BJ,20250917,11.21,11.21,10.7,10.85,11.07,-1.9874,19817.82,21491.999
920402.BJ,20250917,11.61,11.85,11.58,11.81,11.67,1.1997,54333.16,63807.835
920870.BJ,20250917,21.59,23.2,21.32,22.82,21.58,5.7461,90071.7,199726.665
920701.BJ,20250917,20.77,21.5,20.65,21.2,20.87,1.5812,26655.09,56447.581
920810.BJ,20250917,16.71,17.6,16.51,17.31,16.7,3.6527,55839.98,96299.047
920837.BJ,20250917,19.83,20.18,19.18,19.24,20.4,-5.6863,80193.46,155814.179
920924.BJ,20250917,27.99,28.32,27.7,27.72,27.9,-0.6452,17300.94,48286.125
920971.BJ,20250917,38.65,38.88,37.79,37.96,38.83,-2.2405,34820.65,132793.415
920273.BJ,20250917,42.12,42.17,41.03,41.27,41.56,-0.6978,18067.91,74635.097
920371.BJ,20250917,11.95,11.96,11.55,11.62,11.97,-2.924,49233.82,57463.952
920493.BJ,20250917,158.67,159.38,156.95,157.32,158.67,-0.8508,12904.91,203154.115
920719.BJ,20250917,17.3,17.77,17.18,17.49,17.3,1.0983,63625.56,111141.782
920725.BJ,20250917,28.6,28.66,28.3,28.63,28.56,0.2451,15479.37,44092.074
920729.BJ,20250917,10.45,10.55,10.27,10.4,10.42,-0.1919,22942.06,23839.419
920790.BJ,20250917,50.61,52.18,50.01,50.95,51.13,-0.352,36263.21,185486.786
920792.BJ,20250917,14.29,14.38,13.94,14.03,14.37,-2.366,39133.71,55259.963
920146.BJ,20250917,10.73,11.03,10.6,10.97,10.83,1.2927,101975.05,110684.432
920199.BJ,20250917,40.99,41.6,40.16,40.58,40.99,-1.0002,18697.78,76221.817
920204.BJ,20250917,22.77,22.94,22.34,22.92,22.77,0.6588,26076.5,59089.76
920299.BJ,20250917,19.44,19.69,19.33,19.52,19.4,0.6186,10772.96,20997.293
920357.BJ,20250917,26.33,26.83,26.31,26.53,26.43,0.3784,16990.89,45053.824
920436.BJ,20250917,21.59,21.6,20.84,20.94,21.31,-1.7363,20794.33,43686.396
920608.BJ,20250917,24.37,28.99,23.94,25.71,24.35,5.5852,51063.17,135389.683
920656.BJ,20250917,19.37,19.65,19.14,19.46,19.37,0.4646,13676.85,26636.616
920926.BJ,20250917,21.01,21.34,20.8,21.3,21.16,0.6616,25018.97,52763.453
920866.BJ,20250917,10.06,10.14,10.02,10.08,10.05,0.2985,13874.27,13975.799
920976.BJ,20250917,27.7,28.5,27.7,28.32,27.9,1.5054,13273.73,37376.111
920245.BJ,20250917,33.99,34.85,33.76,34.8,33.79,2.9891,18028.53,61927.948
920363.BJ,20250917,20.78,21.12,20.66,20.76,20.86,-0.4794,12511.41,26121.591
920396.BJ,20250917,33.05,33.05,32.34,32.46,33.2,-2.2289,20527.49,66896.886
920578.BJ,20250917,31.6,32.42,31.35,31.52,31.82,-0.9428,19577.49,62471.098
920553.BJ,20250917,11.89,12.73,11.81,12.68,11.88,6.734,91187.43,111892.744
920634.BJ,20250917,32.71,35.5,31.31,35.23,33.8,4.2308,57778.45,189746.291
920642.BJ,20250917,16.32,16.35,16.18,16.3,16.29,0.0614,17578.33,28639.295
920694.BJ,20250917,21.59,22.55,21.5,22.36,21.45,4.2424,23950.62,53185.099
920753.BJ,20250917,27.37,27.95,27.25,27.48,27.37,0.4019,13496.34,37200.305
920857.BJ,20250917,23.59,30.56,23.45,30.56,23.51,29.9872,89480.78,244848.82
920970.BJ,20250917,10.87,10.99,10.55,10.78,11.02,-2.1779,74814.52,80127.485
920981.BJ,20250917,39.58,40.35,39.53,39.85,39.65,0.5044,17783.61,70981.703
920190.BJ,20250917,31.58,32.17,31.2,31.56,31.58,-0.0633,25858.05,82058.742
920351.BJ,20250917,31.16,31.77,30.03,30.25,32.8,-7.7744,79620.95,244055.538
920374.BJ,20250917,30.74,30.98,30.42,30.49,30.74,-0.8133,9160.63,28087.026
920392.BJ,20250917,35.29,35.5,34.0,35.36,35.0,1.0286,4874.06,16984.903
920541.BJ,20250917,16.51,16.72,16.42,16.63,16.45,1.0942,19630.7,32559.597
920808.BJ,20250917,100.46,100.47,95.0,96.5,102.0,-5.3922,54344.17,526773.228
920895.BJ,20250917,26.6,27.13,26.39,26.41,26.6,-0.7143,10215.81,27278.058
920925.BJ,20250917,30.79,30.79,29.78,30.65,30.65,0.0,10362.37,31396.271
920931.BJ,20250917,18.46,19.19,18.38,19.05,18.36,3.7582,16956.37,32106.443
920953.BJ,20250917,37.8,37.89,37.31,37.47,37.71,-0.6364,15998.67,60083.414
920001.BJ,20250917,25.09,25.95,24.48,24.66,25.1,-1.753,55238.73,138734.286
920122.BJ,20250917,43.0,44.9,42.3,43.23,42.7,1.2412,13432.85,58335.822
920132.BJ,20250917,22.8,22.83,22.13,22.49,22.91,-1.8333,17414.85,38872.309
920252.BJ,20250917,32.46,37.79,31.5,34.25,32.99,3.8193,168677.03,584149.665
920367.BJ,20250917,24.2,24.35,23.88,24.22,24.1,0.4979,8822.63,21304.282
920169.BJ,20250917,31.68,31.74,31.18,31.54,31.67,-0.4105,14969.99,47090.955
920223.BJ,20250917,21.8,21.82,20.85,20.98,21.59,-2.8254,92209.19,194737.427
920505.BJ,20250917,56.19,56.79,55.6,56.31,56.19,0.2136,8878.07,49883.817
920339.BJ,20250917,10.31,10.46,10.25,10.35,10.34,0.0967,11187.19,11575.505
920527.BJ,20250917,20.99,21.3,20.73,21.01,20.93,0.3822,11560.79,24333.887
920570.BJ,20250917,43.36,44.18,43.01,43.84,43.46,0.8744,13525.98,59082.528
920576.BJ,20250917,31.31,31.31,30.64,30.83,30.96,-0.4199,7356.02,22672.541
920593.BJ,20250917,44.35,46.35,43.95,44.07,44.85,-1.7391,118096.74,529593.254
920665.BJ,20250917,15.0,15.24,14.78,15.24,14.94,2.008,13790.38,20798.39
920679.BJ,20250917,25.87,26.08,24.97,25.69,25.73,-0.1555,16208.02,41320.066
920690.BJ,20250917,33.0,37.98,33.0,35.0,33.05,5.9002,60752.61,218491.309
920693.BJ,20250917,49.79,52.79,49.71,50.32,48.95,2.7988,35186.59,181341.401
920703.BJ,20250917,16.36,16.5,16.25,16.3,16.4,-0.6098,13127.72,21454.599
920706.BJ,20250917,24.45,25.2,24.28,24.7,24.12,2.4046,21923.96,54271.169
920026.BJ,20250917,43.92,44.99,42.5,42.58,44.33,-3.9477,30231.54,130567.849
920806.BJ,20250917,15.8,15.84,15.63,15.66,15.82,-1.0114,31274.04,49112.06
920833.BJ,20250917,22.78,24.5,22.76,24.11,22.8,5.7456,39355.02,92960.883
920002.BJ,20250917,124.0,128.0,123.0,124.22,124.95,-0.5842,16833.27,211204.827
920005.BJ,20250917,51.11,51.39,50.76,51.02,51.04,-0.0392,8432.87,43117.348
920007.BJ,20250917,76.39,76.97,75.8,76.64,76.15,0.6435,3170.72,24251.063
920008.BJ,20250917,33.06,33.37,32.86,33.03,33.08,-0.1511,10092.09,33427.788
920016.BJ,20250917,23.58,24.15,23.44,23.63,23.51,0.5104,10139.2,24054.332
920018.BJ,20250917,32.69,32.77,32.56,32.62,32.7,-0.2446,8169.9,26663.752
920019.BJ,20250917,24.43,25.15,24.33,25.0,24.62,1.5435,39461.6,97777.455
920027.BJ,20250917,29.92,30.18,29.82,29.98,29.92,0.2005,8712.45,26109.012
920029.BJ,20250917,94.96,95.8,94.02,94.39,94.3,0.0954,8098.43,76762.652
920037.BJ,20250917,88.2,91.79,87.2,90.33,87.84,2.8347,13595.28,122328.231
920056.BJ,20250917,29.61,29.81,29.4,29.7,29.61,0.304,16252.71,48191.367
920060.BJ,20250917,38.12,38.76,37.79,38.2,38.77,-1.4702,67211.88,256767.698
920066.BJ,20250917,31.38,31.98,31.13,31.52,31.37,0.4782,4095.33,12953.577
920068.BJ,20250917,20.2,20.33,20.0,20.21,20.15,0.2978,21170.85,42801.771
920082.BJ,20250917,21.3,21.47,21.08,21.22,21.22,0.0,13171.23,28009.937
920088.BJ,20250917,38.37,38.83,37.96,38.19,37.98,0.5529,27662.23,105920.7
920098.BJ,20250917,32.01,32.58,31.65,32.02,32.01,0.0312,8445.92,27189.075
920099.BJ,20250917,30.28,31.3,30.0,30.45,29.8,2.1812,11517.86,35308.544
920100.BJ,20250917,90.0,92.5,85.73,86.38,88.49,-2.3845,60859.85,542007.848
920101.BJ,20250917,48.88,48.88,48.08,48.1,48.13,-0.0623,5275.56,25431.425
920106.BJ,20250917,96.27,97.48,94.98,95.91,96.25,-0.3532,7190.26,68996.367
920108.BJ,20250917,17.5,17.7,17.3,17.5,17.49,0.0572,17008.59,29794.966
920111.BJ,20250917,29.43,29.73,29.27,29.31,29.63,-1.08,19496.56,57454.472
920112.BJ,20250917,42.67,42.75,42.16,42.22,42.4,-0.4245,9397.94,39753.202
920116.BJ,20250917,71.62,72.39,71.3,71.55,71.97,-0.5836,13494.51,96580.842
920118.BJ,20250917,28.18,28.76,27.83,28.69,28.04,2.3181,11897.29,33878.085
920128.BJ,20250917,33.28,33.68,33.08,33.23,33.21,0.0602,6572.43,21886.778
920167.BJ,20250917,20.68,20.99,20.45,20.97,20.63,1.6481,18943.24,39360.604
920445.BJ,20250917,12.01,12.12,11.88,11.98,11.88,0.8418,25510.23,30561.279
920489.BJ,20250917,22.3,23.97,22.3,23.08,22.07,4.5763,123818.26,288510.837
920682.BJ,20250917,10.43,10.45,10.31,10.34,10.44,-0.9579,35090.49,36435.253
920799.BJ,20250917,58.35,61.72,58.18,60.8,58.26,4.3598,82430.92,495007.151
920819.BJ,20250917,4.71,4.71,4.55,4.57,4.67,-2.1413,185809.62,85084.386
