ts_code,trade_date,open,high,low,close,pre_close,pct_chg,vol,amount
000001.SZ,20250520,11.4,11.47,11.37,11.39,11.37,0.1759,643634.8,734455.266
000002.SZ,20250520,6.79,6.8,6.75,6.78,6.8,-0.2941,526954.04,356850.166
000004.SZ,20250520,8.7,9.02,8.66,9.02,8.59,5.0058,122338.6,109401.689
000006.SZ,20250520,6.82,7.02,6.8,6.92,6.96,-0.5747,660698.63,455014.263
000007.SZ,20250520,7.45,7.55,7.38,7.53,7.44,1.2097,52027.0,38960.29
000008.SZ,20250520,2.86,2.88,2.84,2.85,2.86,-0.3497,601346.46,171581.095
000009.SZ,20250520,8.09,8.11,8.02,8.08,8.09,-0.1236,97638.56,78697.754
000010.SZ,20250520,2.93,2.94,2.89,2.93,2.93,0.0,112662.0,32898.021
000011.SZ,20250520,8.68,8.7,8.55,8.67,8.71,-0.4592,57258.0,49334.185
000012.SZ,20250520,4.78,4.8,4.75,4.76,4.78,-0.4184,85959.15,40976.184
000014.SZ,20250520,12.0,12.16,11.7,11.83,11.88,-0.4209,179240.1,212319.869
000016.SZ,20250520,5.31,5.44,5.28,5.39,5.34,0.9363,815155.82,437417.129
000017.SZ,20250520,6.47,6.64,6.41,6.64,6.5,2.1538,198607.97,130677.78
000019.SZ,20250520,6.87,6.93,6.84,6.9,6.88,0.2907,83018.0,57147.387
000020.SZ,20250520,12.15,12.24,12.02,12.23,12.15,0.6584,15667.0,19019.301
000021.SZ,20250520,17.91,18.15,17.8,18.04,17.9,0.7821,146749.49,264399.641
000025.SZ,20250520,17.51,18.6,17.45,18.07,17.38,3.9701,323650.93,586697.441
000026.SZ,20250520,12.83,13.44,12.65,13.05,12.76,2.2727,244233.32,318379.826
000027.SZ,20250520,6.49,6.53,6.47,6.51,6.5,0.1538,131523.95,85513.359
000028.SZ,20250520,25.1,25.69,25.1,25.48,25.15,1.3121,42753.87,108847.871
000029.SZ,20250520,17.32,17.45,16.93,17.22,17.33,-0.6347,43799.0,75016.093
000030.SZ,20250520,6.19,6.35,6.19,6.31,6.23,1.2841,173683.58,109235.115
000031.SZ,20250520,2.68,2.68,2.65,2.67,2.68,-0.3731,99664.38,26539.604
000032.SZ,20250520,21.23,21.29,20.7,20.95,21.29,-1.597,171817.81,359829.968
000034.SZ,20250520,38.77,39.16,38.22,38.81,38.71,0.2583,154513.67,598595.856
000035.SZ,20250520,4.44,4.51,4.42,4.45,4.45,0.0,143329.61,63893.973
000036.SZ,20250520,3.55,3.62,3.52,3.59,3.56,0.8427,183266.5,65208.447
000037.SZ,20250520,8.65,8.76,8.6,8.75,8.64,1.2731,110099.0,95770.816
000039.SZ,20250520,8.09,8.14,8.0,8.08,8.11,-0.3699,499986.39,402489.426
000042.SZ,20250520,6.85,6.88,6.78,6.88,6.86,0.2915,44283.0,30289.372
000045.SZ,20250520,10.64,10.75,10.49,10.69,10.65,0.3756,121447.0,129181.255
000048.SZ,20250520,17.58,19.31,17.21,18.72,17.63,6.1826,284893.27,523255.486
000049.SZ,20250520,21.85,21.97,21.73,21.9,21.85,0.2288,24309.77,53229.699
000050.SZ,20250520,8.4,8.46,8.36,8.43,8.42,0.1188,95966.0,80650.728
000055.SZ,20250520,4.18,4.2,4.15,4.18,4.19,-0.2387,84038.0,35010.884
000056.SZ,20250520,3.22,3.23,3.16,3.19,3.22,-0.9317,369884.02,117929.604
000058.SZ,20250520,8.43,8.55,8.39,8.49,8.48,0.1179,102027.0,86276.496
000059.SZ,20250520,5.3,5.65,5.27,5.61,5.3,5.8491,495641.53,273146.575
000060.SZ,20250520,4.54,4.56,4.51,4.53,4.54,-0.2203,281393.05,127453.669
000061.SZ,20250520,6.61,6.78,6.59,6.72,6.61,1.6641,114004.09,76222.114
000062.SZ,20250520,27.01,27.47,26.73,27.14,27.37,-0.8403,288009.48,778897.183
000063.SZ,20250520,31.92,32.14,31.78,32.01,31.99,0.0625,316658.39,1011903.33
000065.SZ,20250520,10.99,11.19,10.95,11.0,10.88,1.1029,240966.14,266439.29
000066.SZ,20250520,14.61,14.75,14.5,14.71,14.64,0.4781,392950.6,575878.314
000068.SZ,20250520,3.46,3.49,3.41,3.48,3.46,0.578,106425.32,36742.075
000069.SZ,20250520,2.42,2.42,2.38,2.4,2.41,-0.4149,280764.88,67337.41
000070.SZ,20250520,6.62,6.84,6.58,6.62,6.64,-0.3012,178007.25,119482.566
000078.SZ,20250520,2.39,2.42,2.37,2.4,2.39,0.4184,177420.77,42441.276
000088.SZ,20250520,5.45,5.45,5.04,5.06,5.37,-5.7728,957960.35,491725.42
000089.SZ,20250520,7.09,7.16,7.06,7.07,7.11,-0.5626,92535.0,65679.326
000090.SZ,20250520,3.63,3.64,3.58,3.61,3.63,-0.551,198278.2,71414.802
000096.SZ,20250520,17.3,17.3,16.66,17.0,17.38,-2.1864,111800.0,189690.688
000099.SZ,20250520,22.71,22.96,22.5,22.9,22.72,0.7923,117004.14,266768.304
000100.SZ,20250520,4.33,4.4,4.32,4.38,4.31,1.6241,1782239.61,778303.795
000153.SZ,20250520,6.05,6.17,6.03,6.08,6.02,0.9967,75124.4,45652.225
000155.SZ,20250520,10.2,10.23,10.13,10.21,10.2,0.098,112507.15,114502.201
000156.SZ,20250520,7.72,7.95,7.68,7.95,7.72,2.9793,180768.01,141925.504
000157.SZ,20250520,7.39,7.41,7.34,7.36,7.39,-0.406,320298.89,235871.949
000158.SZ,20250520,24.29,24.4,23.5,23.73,24.14,-1.6984,862735.99,2050736.384
000159.SZ,20250520,5.53,5.58,5.48,5.58,5.53,0.9042,72278.83,40016.412
000166.SZ,20250520,4.76,4.8,4.75,4.77,4.76,0.2101,444658.13,212207.961
000301.SZ,20250520,9.27,9.34,9.18,9.2,9.29,-0.9688,59905.83,55371.209
000333.SZ,20250520,77.53,79.1,77.48,78.67,77.58,1.405,277995.4,2184604.655
000338.SZ,20250520,14.93,14.97,14.81,14.91,14.89,0.1343,297899.1,443888.861
000400.SZ,20250520,21.98,22.35,21.91,22.25,22.01,1.0904,159554.71,354069.805
000401.SZ,20250520,4.72,4.73,4.63,4.67,4.71,-0.8493,172375.15,80273.49
000402.SZ,20250520,2.85,2.88,2.81,2.84,2.85,-0.3509,228541.32,64935.733
000403.SZ,20250520,21.68,22.03,21.64,21.89,21.73,0.7363,89468.11,195792.524
000404.SZ,20250520,7.24,7.28,7.18,7.26,7.24,0.2762,97443.02,70587.605
000407.SZ,20250520,3.36,3.38,3.33,3.36,3.36,0.0,82999.35,27827.271
000408.SZ,20250520,35.85,36.22,35.66,35.7,35.77,-0.1957,78290.0,281298.788
000409.SZ,20250520,11.31,11.39,11.18,11.38,11.32,0.53,181839.17,205736.688
000410.SZ,20250520,7.16,7.31,7.12,7.19,7.17,0.2789,214366.0,154496.292
000411.SZ,20250520,10.8,10.9,10.8,10.85,10.82,0.2773,31590.05,34289.402
000415.SZ,20250520,3.3,3.31,3.27,3.28,3.3,-0.6061,464609.42,152605.764
000417.SZ,20250520,5.85,5.89,5.81,5.87,5.86,0.1706,145036.0,84949.421
000419.SZ,20250520,5.5,5.65,5.48,5.59,5.5,1.6364,123775.8,68997.206
000420.SZ,20250520,5.04,5.13,4.59,4.65,5.04,-7.7381,6157095.15,2965785.896
000421.SZ,20250520,6.32,6.85,6.26,6.67,6.29,6.0413,569580.95,372473.827
000422.SZ,20250520,13.5,14.53,13.12,13.25,13.21,0.3028,1474442.21,2024489.74
000423.SZ,20250520,56.33,57.06,56.31,56.91,56.31,1.0655,39199.0,222438.022
000425.SZ,20250520,8.54,8.56,8.41,8.45,8.54,-1.0539,525902.39,444622.162
000426.SZ,20250520,13.7,14.04,13.52,13.67,13.51,1.1843,546796.33,750284.733
000428.SZ,20250520,3.28,3.31,3.24,3.28,3.24,1.2346,372838.0,121920.416
000429.SZ,20250520,14.27,14.38,14.25,14.36,14.27,0.6307,49302.05,70617.875
000430.SZ,20250520,7.6,7.66,7.51,7.61,7.6,0.1316,81668.25,62083.49
000488.SZ,20250520,1.96,2.07,1.95,2.07,1.97,5.0761,825117.74,169098.356
000498.SZ,20250520,5.83,5.84,5.8,5.81,5.81,0.0,67881.0,39477.85
000501.SZ,20250520,9.34,9.4,9.32,9.35,9.35,0.0,159442.15,149227.607
000503.SZ,20250520,10.48,10.59,10.38,10.49,10.49,0.0,127641.0,134090.178
000504.SZ,20250520,7.11,7.33,7.11,7.26,7.25,0.1379,59184.01,42860.035
000505.SZ,20250520,6.58,6.62,6.51,6.6,6.56,0.6098,137746.0,90528.372
000506.SZ,20250520,7.63,7.7,7.42,7.51,7.58,-0.9235,166680.01,125737.195
000507.SZ,20250520,6.4,6.58,5.98,5.98,6.16,-2.9221,1569828.86,981283.911
000509.SZ,20250520,3.32,3.4,3.29,3.4,3.32,2.4096,157977.0,52934.812
000510.SZ,20250520,5.52,5.98,5.48,5.85,5.6,4.4643,1181798.67,679016.942
000513.SZ,20250520,35.45,35.73,35.37,35.41,35.34,0.1981,73556.88,261479.078
000514.SZ,20250520,4.77,4.78,4.6,4.64,4.78,-2.9289,465659.1,216847.531
000516.SZ,20250520,5.17,5.22,5.17,5.19,5.2,-0.1923,122991.31,63889.773
000517.SZ,20250520,1.93,1.94,1.9,1.92,1.93,-0.5181,176243.0,33796.374
000518.SZ,20250520,2.14,2.2,2.12,2.17,2.12,2.3585,204489.0,44261.893
000519.SZ,20250520,17.21,17.25,17.02,17.06,17.29,-1.3302,258461.39,442017.939
000520.SZ,20250520,5.49,5.52,5.12,5.12,5.69,-10.0176,1127068.86,585358.63
000521.SZ,20250520,7.85,7.95,7.81,7.93,7.87,0.7624,117052.4,92374.66
000523.SZ,20250520,3.46,3.51,3.42,3.47,3.44,0.8721,279802.47,96962.391
000524.SZ,20250520,12.88,13.92,12.78,13.66,12.81,6.6354,624142.75,834245.797
000525.SZ,20250520,7.14,7.2,7.07,7.11,7.14,-0.4202,201360.17,143293.528
000526.SZ,20250520,53.5,55.9,53.12,55.68,53.5,4.0748,18781.0,103163.904
000528.SZ,20250520,10.09,10.18,10.03,10.08,10.09,-0.0991,241594.81,243683.821
000529.SZ,20250520,6.12,6.21,6.1,6.13,6.12,0.1634,66240.15,40656.338
000530.SZ,20250520,5.49,5.57,5.46,5.56,5.49,1.275,211970.0,117335.025
000531.SZ,20250520,6.24,6.32,6.22,6.31,6.26,0.7987,60331.02,37788.785
000532.SZ,20250520,15.2,15.21,14.76,14.92,15.1,-1.1921,180519.01,269445.11
000533.SZ,20250520,5.98,6.2,5.93,6.11,5.99,2.0033,378403.0,230862.507
000534.SZ,20250520,14.73,15.07,14.68,15.02,14.8,1.4865,52427.09,78335.761
000536.SZ,20250520,4.62,4.84,4.53,4.75,4.59,3.4858,1532132.17,720028.193
000537.SZ,20250520,8.55,8.63,8.49,8.62,8.54,0.9368,114738.05,98425.035
000538.SZ,20250520,56.57,57.36,56.57,57.04,56.42,1.0989,68172.56,388795.172
000539.SZ,20250520,4.36,4.39,4.34,4.39,4.36,0.6881,188980.02,82453.513
000541.SZ,20250520,6.41,6.54,6.37,6.52,6.44,1.2422,287833.5,186805.158
000543.SZ,20250520,7.43,7.49,7.42,7.48,7.43,0.6729,317834.7,236933.322
000544.SZ,20250520,8.3,8.34,8.26,8.32,8.29,0.3619,34851.82,28960.825
000545.SZ,20250520,2.39,2.42,2.33,2.35,2.39,-1.6736,514327.0,121462.947
000546.SZ,20250520,4.44,4.47,4.36,4.46,4.42,0.905,113011.0,49975.047
000547.SZ,20250520,7.42,7.54,7.36,7.4,7.46,-0.8043,204208.01,151693.461
000548.SZ,20250520,5.26,5.29,5.2,5.27,5.26,0.1901,75349.0,39476.515
000550.SZ,20250520,20.01,20.75,19.97,20.46,20.09,1.8417,83234.04,169343.711
000551.SZ,20250520,12.36,12.53,12.31,12.51,12.37,1.1318,41382.0,51460.269
000552.SZ,20250520,2.45,2.46,2.42,2.44,2.45,-0.4082,232166.85,56517.541
000553.SZ,20250520,6.87,7.17,6.86,7.0,6.91,1.3025,117432.01,82505.066
000554.SZ,20250520,6.38,6.41,6.31,6.4,6.38,0.3135,102338.01,65177.392
000555.SZ,20250520,11.11,11.42,11.0,11.24,11.11,1.1701,181875.0,204045.048
000557.SZ,20250520,5.36,5.38,5.28,5.31,5.35,-0.7477,65013.18,34523.092
000558.SZ,20250520,4.14,4.21,4.11,4.12,4.11,0.2433,887759.53,369217.537
000559.SZ,20250520,9.14,9.74,8.88,9.19,9.1,0.989,2982301.99,2773048.158
000560.SZ,20250520,3.18,3.2,3.15,3.19,3.19,0.0,1116029.18,354177.459
000561.SZ,20250520,8.18,8.24,7.99,8.04,8.12,-0.9852,137595.12,110982.324
000563.SZ,20250520,3.39,3.41,3.38,3.4,3.38,0.5917,336958.3,114273.129
000564.SZ,20250520,2.57,2.6,2.56,2.57,2.58,-0.3876,2075313.08,534043.288
000565.SZ,20250520,12.8,13.28,11.76,11.76,13.07,-10.023,1163108.49,1405563.045
000566.SZ,20250520,5.7,5.87,5.66,5.68,5.67,0.1764,818427.0,471281.438
000567.SZ,20250520,5.71,5.74,5.65,5.7,5.68,0.3521,70867.91,40349.647
000568.SZ,20250520,122.78,123.18,121.59,122.67,122.98,-0.2521,76183.59,932662.24
000570.SZ,20250520,5.68,5.7,5.62,5.69,5.69,0.0,87397.01,49525.751
000571.SZ,20250520,4.69,4.69,4.53,4.6,4.66,-1.2876,220706.64,101689.88
000572.SZ,20250520,4.17,4.21,4.11,4.17,4.15,0.4819,411908.5,171475.246
000573.SZ,20250520,4.54,4.57,4.44,4.5,4.54,-0.8811,342072.85,153523.555
000576.SZ,20250520,8.51,8.65,8.35,8.39,8.59,-2.3283,479843.19,404392.915
000581.SZ,20250520,20.37,20.76,20.31,20.69,20.41,1.3719,177847.32,364907.387
000582.SZ,20250520,9.0,9.02,8.74,8.77,9.02,-2.7716,623946.19,548615.548
000586.SZ,20250520,10.31,10.79,10.27,10.63,10.36,2.6062,79540.0,83582.783
000589.SZ,20250520,4.56,4.58,4.54,4.57,4.57,0.0,125518.22,57235.184
000590.SZ,20250520,9.71,9.8,9.33,9.48,9.65,-1.7617,98722.0,94020.027
000591.SZ,20250520,4.39,4.42,4.38,4.42,4.4,0.4545,238510.73,104923.781
000592.SZ,20250520,3.1,3.13,3.07,3.1,3.1,0.0,998541.0,309596.963
000593.SZ,20250520,5.73,5.76,5.67,5.75,5.72,0.5245,34688.0,19843.13
000595.SZ,20250520,4.57,4.73,4.47,4.62,4.5,2.6667,337136.23,155634.777
000596.SZ,20250520,157.0,157.53,156.1,156.5,157.7,-0.7609,23424.58,367158.876
000597.SZ,20250520,5.18,5.32,5.18,5.22,5.19,0.578,155935.66,81983.179
000598.SZ,20250520,7.21,7.25,7.17,7.23,7.18,0.6964,121662.57,87877.318
000599.SZ,20250520,4.86,5.14,4.86,4.98,4.83,3.1056,461623.0,231246.333
000600.SZ,20250520,6.64,6.82,6.61,6.81,6.66,2.2523,522778.0,351565.311
000601.SZ,20250520,5.52,6.05,5.47,5.91,5.57,6.1041,1193036.94,685514.45
000603.SZ,20250520,13.19,13.25,13.07,13.19,13.19,0.0,69230.02,91132.303
000605.SZ,20250520,8.59,9.17,8.48,8.6,8.34,3.1175,666983.88,587464.811
000607.SZ,20250520,3.85,3.93,3.82,3.92,3.85,1.8182,80081.91,31088.75
000608.SZ,20250520,1.8,1.89,1.77,1.85,1.8,2.7778,461676.67,85579.23
000609.SZ,20250520,2.93,3.09,2.85,3.09,2.94,5.102,206704.0,60962.162
000610.SZ,20250520,12.87,13.04,12.81,12.96,12.87,0.6993,94083.94,121652.748
000612.SZ,20250520,7.97,8.26,7.79,8.18,7.92,3.2828,1593376.45,1274317.727
000615.SZ,20250520,3.33,3.33,3.27,3.31,3.31,0.0,84171.68,27784.452
000617.SZ,20250520,6.97,6.98,6.9,6.92,6.96,-0.5747,610750.0,423063.97
000619.SZ,20250520,6.09,6.13,5.96,6.07,6.08,-0.1645,56716.0,34325.031
000620.SZ,20250520,1.75,1.78,1.73,1.75,1.74,0.5747,1079786.67,189229.91
000623.SZ,20250520,16.53,16.58,16.46,16.51,16.46,0.3038,67657.11,111782.783
000625.SZ,20250520,12.36,12.73,12.34,12.59,12.37,1.7785,1027920.11,1287674.653
000626.SZ,20250520,6.38,6.39,6.26,6.33,6.38,-0.7837,58868.0,37126.643
000628.SZ,20250520,51.97,52.0,49.29,49.4,49.64,-0.4835,246228.46,1248328.532
000629.SZ,20250520,2.63,2.63,2.6,2.62,2.63,-0.3802,504969.3,132101.106
000630.SZ,20250520,3.19,3.2,3.18,3.18,3.19,-0.3135,826789.81,263521.139
000631.SZ,20250520,2.94,2.96,2.91,2.92,2.94,-0.6803,79583.12,23271.361
000632.SZ,20250520,3.89,3.9,3.7,3.73,3.86,-3.3679,425973.0,160299.519
000633.SZ,20250520,6.07,6.7,6.07,6.4,6.09,5.0903,466416.07,299468.692
000635.SZ,20250520,8.76,8.99,8.69,8.8,8.8,0.0,135792.01,119679.308
000636.SZ,20250520,13.59,13.59,13.47,13.55,13.55,0.0,54399.14,73622.742
000637.SZ,20250520,3.83,3.85,3.77,3.79,3.83,-1.0444,311913.47,118320.444
000638.SZ,20250520,4.1,4.25,4.05,4.1,4.25,-3.5294,342012.17,142085.472
000639.SZ,20250520,3.26,3.35,3.19,3.33,3.27,1.8349,1605645.6,527327.812
000650.SZ,20250520,5.52,5.56,5.5,5.54,5.51,0.5445,127960.75,70903.109
000651.SZ,20250520,45.75,47.0,45.68,47.0,45.71,2.8221,470336.8,2189829.257
000652.SZ,20250520,3.9,3.91,3.85,3.88,3.87,0.2584,118056.04,45673.285
000655.SZ,20250520,6.82,6.85,6.76,6.83,6.82,0.1466,46805.0,31816.727
000656.SZ,20250520,1.55,1.55,1.48,1.5,1.54,-2.5974,1107214.89,168124.961
000657.SZ,20250520,11.16,11.27,10.98,11.2,11.16,0.3584,528418.26,589513.188
000659.SZ,20250520,3.3,3.33,3.24,3.25,3.29,-1.2158,175461.7,57278.493
000661.SZ,20250520,105.0,107.75,104.22,104.95,103.99,0.9232,102332.59,1081238.157
000663.SZ,20250520,6.1,6.14,6.0,6.09,6.04,0.8278,81132.0,49295.315
000665.SZ,20250520,5.07,5.25,5.03,5.18,5.08,1.9685,579545.0,297985.555
000668.SZ,20250520,6.86,7.03,6.69,6.76,6.7,0.8955,91101.0,62397.598
000669.SZ,20250520,2.04,2.06,2.02,2.04,2.04,0.0,62560.0,12751.109
000670.SZ,20250520,6.88,7.56,6.79,7.56,6.87,10.0437,899252.15,659403.634
000672.SZ,20250520,8.73,8.8,8.5,8.55,8.44,1.3033,126056.8,108214.229
000676.SZ,20250520,8.18,8.26,8.1,8.22,8.16,0.7353,181319.9,148589.86
000677.SZ,20250520,5.71,6.12,5.71,6.12,5.56,10.0719,1675455.29,1016519.29
000678.SZ,20250520,16.88,18.19,16.88,17.1,17.12,-0.1168,916019.67,1598890.748
000679.SZ,20250520,6.32,6.42,6.3,6.37,6.33,0.6319,67973.0,43277.03
000680.SZ,20250520,8.74,9.04,8.68,8.96,8.72,2.7523,181420.82,160841.781
000681.SZ,20250520,20.62,21.22,20.38,21.05,20.54,2.483,364350.23,762926.088
000682.SZ,20250520,9.58,9.58,9.49,9.54,9.58,-0.4175,104631.63,99598.898
000683.SZ,20250520,5.13,5.14,5.09,5.12,5.14,-0.3891,359111.75,183570.487
000685.SZ,20250520,8.64,8.66,8.62,8.64,8.64,0.0,61028.56,52721.06
000686.SZ,20250520,7.41,7.45,7.38,7.42,7.4,0.2703,156124.86,115684.859
000688.SZ,20250520,12.3,12.84,12.15,12.56,12.35,1.7004,151034.61,190421.953
000690.SZ,20250520,4.41,4.45,4.38,4.44,4.41,0.6803,281271.16,124104.614
000691.SZ,20250520,4.87,5.02,4.8,5.02,4.78,5.0209,150397.26,74457.656
000692.SZ,20250520,3.53,3.55,3.47,3.54,3.5,1.1429,102496.0,36008.008
000695.SZ,20250520,11.37,11.37,11.37,11.37,10.34,9.9613,9243.0,10509.291
000697.SZ,20250520,6.97,7.15,6.92,7.04,6.95,1.295,70634.0,49844.508
000698.SZ,20250520,3.81,3.81,3.73,3.8,3.81,-0.2625,160831.7,60655.268
000700.SZ,20250520,7.24,7.96,7.19,7.77,7.24,7.3204,740974.37,574151.311
000701.SZ,20250520,5.29,5.34,5.26,5.34,5.29,0.9452,138579.71,73639.699
000702.SZ,20250520,7.26,7.63,7.2,7.35,7.28,0.9615,375442.29,277522.254
000703.SZ,20250520,6.06,6.07,6.01,6.04,6.03,0.1658,48009.2,28957.507
000705.SZ,20250520,8.2,8.29,8.2,8.25,8.21,0.4872,70433.6,58109.414
000707.SZ,20250520,6.38,6.5,6.35,6.47,6.36,1.7296,85645.01,54969.26
000708.SZ,20250520,11.27,11.3,11.23,11.28,11.27,0.0887,78868.98,88863.653
000709.SZ,20250520,2.25,2.26,2.21,2.22,2.24,-0.8929,709219.2,157840.081
000710.SZ,20250520,13.34,13.66,13.05,13.12,13.4,-2.0896,226847.01,299125.455
000711.SZ,20250520,1.86,1.87,1.84,1.85,1.87,-1.0695,527707.23,97742.058
000712.SZ,20250520,12.91,13.05,12.43,12.75,13.1,-2.6718,517644.48,658376.819
000713.SZ,20250520,7.11,7.19,7.1,7.15,7.11,0.5626,141987.66,101513.718
000715.SZ,20250520,7.42,7.48,7.36,7.41,7.43,-0.2692,132029.85,97855.136
000716.SZ,20250520,6.48,6.62,6.46,6.56,6.44,1.8634,459337.0,301849.735
000717.SZ,20250520,2.63,2.64,2.6,2.63,2.64,-0.3788,164201.0,43088.403
000718.SZ,20250520,2.2,2.2,2.17,2.2,2.2,0.0,166644.7,36404.035
000719.SZ,20250520,12.48,12.68,12.48,12.54,12.5,0.32,61999.7,77974.191
000720.SZ,20250520,3.36,3.45,3.33,3.4,3.36,1.1905,254999.09,86451.79
000721.SZ,20250520,8.96,9.3,8.96,9.18,9.0,2.0,292712.66,266956.679
000722.SZ,20250520,13.22,14.08,13.1,14.08,12.8,10.0,1041616.02,1414431.953
000723.SZ,20250520,4.28,4.4,4.24,4.34,4.29,1.1655,563218.28,243331.779
000725.SZ,20250520,3.88,3.91,3.87,3.9,3.88,0.5155,2741154.75,1066893.703
000726.SZ,20250520,6.4,6.44,6.36,6.42,6.39,0.4695,71255.3,45589.227
000727.SZ,20250520,2.46,2.51,2.44,2.5,2.46,1.626,723822.79,179585.221
000728.SZ,20250520,7.64,7.66,7.59,7.61,7.63,-0.2621,277489.93,211426.219
000729.SZ,20250520,13.1,13.5,13.08,13.41,13.15,1.9772,244613.58,326113.61
000731.SZ,20250520,6.92,6.93,6.87,6.93,6.92,0.1445,48684.0,33617.784
000733.SZ,20250520,48.01,48.59,47.54,48.48,48.2,0.5809,103888.88,499362.159
000735.SZ,20250520,5.96,5.99,5.92,5.96,5.93,0.5059,207232.01,123298.691
000736.SZ,20250520,4.44,4.66,4.42,4.6,4.44,3.6036,267648.12,122244.841
000737.SZ,20250520,9.03,9.09,9.01,9.06,9.04,0.2212,274260.84,248194.154
000738.SZ,20250520,19.38,19.39,19.07,19.21,19.49,-1.4366,124182.69,238396.919
000739.SZ,20250520,13.82,14.26,13.82,14.14,13.81,2.3896,198305.97,280391.442
000750.SZ,20250520,3.85,3.89,3.84,3.87,3.85,0.5195,484149.84,187168.157
000751.SZ,20250520,3.03,3.04,2.99,3.02,3.01,0.3322,192659.73,58006.131
000752.SZ,20250520,8.4,8.63,8.4,8.6,8.43,2.0166,35994.01,30723.621
000753.SZ,20250520,5.26,5.46,5.2,5.37,5.27,1.8975,483416.58,258582.862
000755.SZ,20250520,5.05,5.1,5.03,5.06,5.08,-0.3937,51002.0,25818.417
000756.SZ,20250520,16.0,16.87,15.85,15.9,16.43,-3.2258,569036.57,923184.079
000757.SZ,20250520,4.63,4.66,4.55,4.57,4.65,-1.7204,180180.0,82688.138
000758.SZ,20250520,4.86,4.87,4.81,4.85,4.86,-0.2058,182398.12,88289.388
000759.SZ,20250520,8.45,8.62,8.4,8.48,8.51,-0.3525,709007.12,603768.257
000761.SZ,20250520,4.7,4.72,4.16,4.27,4.29,-0.4662,1000051.91,448546.431
000762.SZ,20250520,18.76,18.93,18.69,18.83,18.76,0.3731,35355.37,66434.228
000766.SZ,20250520,19.75,20.03,19.6,19.72,19.55,0.8696,148732.45,294615.208
000767.SZ,20250520,3.25,3.38,3.17,3.38,3.24,4.321,2048419.7,674457.191
000768.SZ,20250520,25.0,25.0,24.56,24.86,25.13,-1.0744,282199.64,698727.109
000776.SZ,20250520,16.69,16.79,16.54,16.59,16.68,-0.5396,450747.64,750444.255
000777.SZ,20250520,18.2,18.45,18.0,18.07,18.19,-0.6597,89847.1,162951.05
000778.SZ,20250520,3.54,3.54,3.5,3.52,3.54,-0.565,259904.6,91359.266
000779.SZ,20250520,9.72,9.84,9.66,9.73,9.71,0.206,153113.58,149131.014
000782.SZ,20250520,5.17,5.19,5.11,5.14,5.18,-0.7722,99245.0,50947.546
000783.SZ,20250520,6.71,6.74,6.67,6.69,6.71,-0.2981,298109.8,199957.897
000785.SZ,20250520,3.4,3.57,3.38,3.49,3.42,2.0468,1222646.52,425177.812
000786.SZ,20250520,29.35,29.44,28.97,29.07,29.36,-0.9877,83743.58,243948.86
000788.SZ,20250520,5.88,5.9,5.84,5.88,5.81,1.2048,81936.17,48042.445
000789.SZ,20250520,5.57,5.57,5.47,5.49,5.52,-0.5435,38901.75,21378.904
000790.SZ,20250520,3.8,3.9,3.8,3.86,3.82,1.0471,128645.62,49545.585
000791.SZ,20250520,6.56,6.69,6.55,6.68,6.56,1.8293,280915.8,186419.029
000792.SZ,20250520,15.85,15.9,15.81,15.88,15.87,0.063,186883.8,296302.649
000793.SZ,20250520,2.8,2.82,2.77,2.77,2.79,-0.7168,240795.0,67164.997
000795.SZ,20250520,10.56,10.69,10.44,10.6,10.62,-0.1883,290394.65,306377.464
000796.SZ,20250520,3.81,3.86,3.79,3.84,3.79,1.3193,398572.31,152577.982
000797.SZ,20250520,2.77,2.77,2.74,2.75,2.76,-0.3623,232646.6,64054.223
000798.SZ,20250520,7.17,7.25,7.17,7.22,7.2,0.2778,39136.0,28253.489
000799.SZ,20250520,43.74,43.95,43.5,43.78,43.74,0.0914,20168.25,88237.962
000800.SZ,20250520,7.31,7.38,7.26,7.35,7.31,0.5472,126902.46,92918.529
000801.SZ,20250520,16.39,16.4,16.13,16.2,16.31,-0.6744,189770.12,307676.336
000802.SZ,20250520,4.51,4.59,4.47,4.58,4.51,1.5521,146369.0,66574.088
000803.SZ,20250520,5.65,5.74,5.61,5.73,5.65,1.4159,100745.08,57146.315
000807.SZ,20250520,15.15,15.26,14.98,15.11,15.22,-0.7227,329502.69,496905.027
000809.SZ,20250520,3.31,3.46,3.29,3.35,3.26,2.7607,316684.85,106611.464
000810.SZ,20250520,11.53,11.8,11.48,11.79,11.62,1.463,115576.0,134805.701
000811.SZ,20250520,12.45,12.54,12.36,12.38,12.5,-0.96,174327.58,216472.821
000812.SZ,20250520,4.57,4.61,4.55,4.61,4.57,0.8753,133926.08,61384.062
000813.SZ,20250520,3.22,3.29,3.2,3.28,3.2,2.5,504329.66,164685.422
000815.SZ,20250520,13.38,13.65,13.13,13.47,13.44,0.2232,346244.42,463603.66
000816.SZ,20250520,3.25,3.26,3.17,3.25,3.22,0.9317,538399.54,173375.181
000818.SZ,20250520,24.53,25.58,24.5,25.17,24.74,1.7381,457718.26,1150473.741
000819.SZ,20250520,14.91,14.99,14.61,14.68,14.84,-1.0782,31979.89,47029.874
000820.SZ,20250520,2.45,2.52,2.45,2.52,2.4,5.0,205885.34,51571.326
000821.SZ,20250520,11.23,11.25,11.12,11.23,11.22,0.0891,62094.77,69546.701
000822.SZ,20250520,5.82,5.93,5.78,5.82,5.83,-0.1715,280667.92,163905.055
000823.SZ,20250520,10.16,10.25,10.08,10.24,10.16,0.7874,76733.0,78111.792
000825.SZ,20250520,3.65,3.67,3.61,3.63,3.65,-0.5479,224825.12,81645.139
000826.SZ,20250520,1.83,1.88,1.81,1.88,1.83,2.7322,507504.2,94185.341
000828.SZ,20250520,10.45,10.5,10.36,10.4,10.44,-0.3831,35488.59,36934.827
000829.SZ,20250520,10.18,10.49,10.02,10.46,10.12,3.3597,254333.11,262161.842
000830.SZ,20250520,10.86,10.88,10.81,10.85,10.85,0.0,103072.87,111807.029
000831.SZ,20250520,33.21,34.65,32.85,34.21,33.29,2.7636,482844.73,1630021.836
000833.SZ,20250520,12.25,12.56,12.19,12.42,12.24,1.4706,220808.39,274080.036
000837.SZ,20250520,13.22,14.2,12.88,13.49,13.22,2.0424,734288.61,995180.312
000838.SZ,20250520,2.5,2.5,2.45,2.48,2.49,-0.4016,110794.55,27367.829
000839.SZ,20250520,2.78,2.79,2.73,2.76,2.78,-0.7194,537139.96,147989.637
000848.SZ,20250520,10.56,11.22,10.48,10.78,10.57,1.9868,490550.78,533572.427
000850.SZ,20250520,4.23,4.27,4.18,4.26,4.25,0.2353,286729.35,121368.533
000851.SZ,20250520,2.42,2.49,2.4,2.44,2.42,0.8264,214997.01,52752.331
000852.SZ,20250520,6.26,6.45,6.25,6.37,6.27,1.5949,255410.58,162336.383
000856.SZ,20250520,11.16,11.21,11.0,11.21,11.19,0.1787,115460.99,128597.54
000858.SZ,20250520,129.0,129.63,128.87,129.13,129.3,-0.1315,159369.16,2058475.919
000859.SZ,20250520,7.23,7.65,7.12,7.48,7.3,2.4658,1009605.04,744018.004
000860.SZ,20250520,15.88,15.97,15.82,15.92,15.88,0.2519,71588.16,113839.538
000862.SZ,20250520,5.63,5.87,5.57,5.84,5.63,3.73,508499.62,291135.35
000863.SZ,20250520,3.98,4.16,3.93,4.08,3.98,2.5126,841020.49,339748.712
000868.SZ,20250520,5.96,6.19,5.86,5.98,5.74,4.1812,751037.61,449927.183
000869.SZ,20250520,22.64,22.94,22.55,22.83,22.64,0.8392,14666.93,33464.145
000875.SZ,20250520,5.35,5.4,5.35,5.4,5.35,0.9346,306875.0,164895.808
000876.SZ,20250520,9.64,9.72,9.57,9.66,9.64,0.2075,258622.78,249531.493
000877.SZ,20250520,4.81,4.82,4.77,4.78,4.82,-0.8299,156135.0,74768.117
000880.SZ,20250520,32.98,34.5,32.58,33.76,33.12,1.9324,177560.66,596494.983
000881.SZ,20250520,7.38,7.47,7.3,7.38,7.39,-0.1353,126157.0,92922.033
000882.SZ,20250520,2.23,2.27,2.22,2.25,2.22,1.3514,779461.01,175255.855
000883.SZ,20250520,4.67,4.7,4.66,4.69,4.67,0.4283,227866.98,106630.385
000885.SZ,20250520,13.71,13.81,13.66,13.71,13.89,-1.2959,47752.85,65512.303
000886.SZ,20250520,6.16,6.21,6.11,6.14,6.18,-0.6472,157079.02,96572.95
000887.SZ,20250520,18.91,19.12,18.65,18.85,19.02,-0.8938,347927.08,656655.556
000888.SZ,20250520,13.5,13.61,13.43,13.55,13.46,0.6686,100508.0,136035.766
000889.SZ,20250520,2.89,2.9,2.76,2.78,2.9,-4.1379,352846.92,100041.947
000890.SZ,20250520,3.68,3.72,3.64,3.69,3.68,0.2717,90400.0,33252.808
000892.SZ,20250520,3.62,3.74,3.61,3.72,3.63,2.4793,259699.4,95856.473
000893.SZ,20250520,28.0,28.52,27.81,28.23,27.98,0.8935,68275.5,192439.636
000895.SZ,20250520,24.67,24.83,24.58,24.69,24.66,0.1217,112310.5,277377.738
000897.SZ,20250520,2.32,2.33,2.3,2.32,2.32,0.0,178282.89,41184.034
000898.SZ,20250520,2.39,2.4,2.36,2.37,2.39,-0.8368,259084.6,61577.013
000899.SZ,20250520,9.36,9.63,9.33,9.59,9.39,2.1299,314232.77,298247.198
000900.SZ,20250520,4.13,4.13,4.09,4.13,4.12,0.2427,82192.97,33793.78
000901.SZ,20250520,11.55,11.86,11.44,11.51,11.55,-0.3463,282813.35,328744.838
000902.SZ,20250520,13.37,13.84,13.31,13.56,13.3,1.9549,173963.0,236889.584
000903.SZ,20250520,3.59,3.95,3.58,3.8,3.6,5.5556,2011817.1,757049.985
000905.SZ,20250520,9.59,9.59,8.54,8.63,8.72,-1.0321,1330883.78,1206859.774
000906.SZ,20250520,6.51,6.53,6.42,6.45,6.52,-1.0736,99494.0,64156.119
000908.SZ,20250520,4.85,5.03,4.8,5.03,4.79,5.0104,327705.6,162380.331
000909.SZ,20250520,5.93,6.09,5.93,6.02,5.96,1.0067,44660.0,26924.747
000910.SZ,20250520,7.49,7.54,7.45,7.53,7.48,0.6684,22198.0,16624.757
000911.SZ,20250520,7.55,7.67,7.51,7.66,7.57,1.1889,85385.34,65034.017
000912.SZ,20250520,4.96,5.02,4.94,5.02,5.01,0.1996,106230.4,52946.877
000913.SZ,20250520,16.31,16.31,15.96,16.08,16.29,-1.2891,83531.88,134251.249
000915.SZ,20250520,30.09,30.49,30.09,30.16,29.93,0.7685,36542.68,110627.11
000917.SZ,20250520,7.33,7.62,7.26,7.57,7.37,2.7137,619125.27,465888.516
000919.SZ,20250520,6.69,6.75,6.68,6.75,6.7,0.7463,62607.0,42110.642
000920.SZ,20250520,10.05,10.1,9.92,10.07,10.08,-0.0992,84735.0,84837.743
000921.SZ,20250520,29.08,29.73,28.9,29.52,29.06,1.5829,57926.58,169889.359
000922.SZ,20250520,10.88,10.98,10.77,10.94,10.85,0.8295,86216.98,94090.957
000923.SZ,20250520,13.25,13.3,13.15,13.21,13.23,-0.1512,60982.7,80513.909
000925.SZ,20250520,7.62,7.67,7.55,7.65,7.66,-0.1305,131730.53,100327.956
000926.SZ,20250520,2.26,2.27,2.23,2.25,2.25,0.0,245168.8,54989.902
000927.SZ,20250520,2.63,2.65,2.61,2.62,2.63,-0.3802,287730.87,75495.41
000928.SZ,20250520,6.57,6.64,6.56,6.6,6.56,0.6098,102640.52,67671.812
000929.SZ,20250520,7.88,7.96,7.68,7.85,7.76,1.1598,43495.0,33953.134
000930.SZ,20250520,5.53,5.57,5.51,5.57,5.54,0.5415,112262.98,62292.336
000931.SZ,20250520,5.11,5.18,5.1,5.15,5.12,0.5859,123891.96,63740.445
000932.SZ,20250520,4.97,5.06,4.94,5.04,4.98,1.2048,474696.62,238017.507
000933.SZ,20250520,16.7,17.15,16.68,17.11,16.7,2.4551,323817.98,548370.945
000935.SZ,20250520,18.54,18.98,17.38,17.38,17.5,-0.6857,405801.79,731816.771
000936.SZ,20250520,7.12,7.14,7.03,7.09,7.13,-0.561,142726.29,100823.519
000937.SZ,20250520,6.78,6.8,6.74,6.75,6.75,0.0,134534.6,91158.396
000938.SZ,20250520,24.37,24.57,24.21,24.51,24.37,0.5745,245161.57,598929.313
000948.SZ,20250520,18.8,19.18,18.5,19.04,18.93,0.5811,234940.21,443899.362
000949.SZ,20250520,4.23,4.24,4.13,4.18,4.27,-2.1077,600315.88,250365.995
000950.SZ,20250520,4.94,4.99,4.93,4.98,4.94,0.8097,153248.0,76233.831
000951.SZ,20250520,17.16,17.25,17.06,17.21,17.16,0.2914,76702.78,131665.688
000952.SZ,20250520,5.98,6.09,5.98,6.08,6.0,1.3333,37867.4,22880.084
000953.SZ,20250520,6.5,6.98,6.44,6.61,6.54,1.0703,601656.42,401984.979
000955.SZ,20250520,4.63,4.82,4.57,4.73,4.62,2.381,190886.71,89227.276
000957.SZ,20250520,11.35,11.58,11.27,11.53,11.33,1.7652,180388.76,205927.027
000958.SZ,20250520,7.58,7.84,7.46,7.52,7.69,-2.2107,1884586.85,1430219.478
000959.SZ,20250520,3.66,3.67,3.6,3.61,3.64,-0.8242,221478.21,80294.708
000960.SZ,20250520,14.23,14.38,14.16,14.26,14.21,0.3519,152637.36,217577.813
000962.SZ,20250520,16.58,17.4,16.43,17.0,16.68,1.9185,225871.26,380180.52
000963.SZ,20250520,40.67,41.4,40.45,41.1,40.4,1.7327,172721.13,707540.214
000965.SZ,20250520,4.06,4.11,4.01,4.02,4.12,-2.4272,1038269.4,419766.154
000966.SZ,20250520,5.07,5.18,5.02,5.17,5.07,1.9724,699620.07,357140.857
000967.SZ,20250520,6.87,6.94,6.76,6.78,6.9,-1.7391,388815.71,265183.514
000968.SZ,20250520,6.6,6.65,6.54,6.56,6.6,-0.6061,45259.08,29736.129
000969.SZ,20250520,12.54,12.79,12.42,12.57,12.56,0.0796,310481.96,390292.884
000970.SZ,20250520,11.2,11.38,11.14,11.29,11.2,0.8036,187895.69,211238.088
000972.SZ,20250520,3.5,3.54,3.43,3.49,3.49,0.0,134724.23,47068.03
000973.SZ,20250520,6.41,6.48,6.28,6.46,6.41,0.78,394646.43,252222.395
000975.SZ,20250520,19.43,19.96,19.35,19.6,19.34,1.3444,287602.43,567249.978
000977.SZ,20250520,50.31,50.66,50.0,50.45,50.31,0.2783,179807.27,905445.977
000978.SZ,20250520,6.03,6.08,6.01,6.06,6.03,0.4975,82346.0,49777.338
000980.SZ,20250520,2.25,2.3,2.22,2.28,2.24,1.7857,1674456.52,378600.52
000981.SZ,20250520,2.11,2.25,2.1,2.19,2.13,2.8169,5838952.94,1264715.424
000983.SZ,20250520,6.34,6.35,6.3,6.32,6.35,-0.4724,302480.62,191143.181
000985.SZ,20250520,17.68,18.3,17.62,18.13,17.69,2.4873,22357.74,40142.2
000987.SZ,20250520,6.53,6.55,6.48,6.53,6.52,0.1534,141552.67,92185.162
000988.SZ,20250520,41.95,42.4,41.66,42.32,41.93,0.9301,134252.51,566047.07
000989.SZ,20250520,8.65,8.9,8.65,8.73,8.68,0.576,286615.44,251143.038
000990.SZ,20250520,7.77,7.83,7.74,7.81,7.79,0.2567,93440.0,72716.346
000993.SZ,20250520,10.31,10.76,10.25,10.72,10.38,3.2755,308284.68,324105.203
000995.SZ,20250520,13.07,13.45,13.07,13.35,13.14,1.5982,68426.4,91148.538
000997.SZ,20250520,29.51,29.9,29.29,29.4,29.46,-0.2037,156885.27,463780.351
000998.SZ,20250520,10.22,10.25,10.2,10.23,10.21,0.1959,137915.95,140971.149
000999.SZ,20250520,41.44,41.8,41.31,41.75,41.36,0.9429,67178.62,279453.816
001201.SZ,20250520,14.77,14.9,14.69,14.83,14.77,0.4062,21315.08,31578.615
001202.SZ,20250520,16.71,16.71,16.33,16.52,16.52,0.0,30962.0,51075.988
001203.SZ,20250520,8.62,8.65,8.52,8.55,8.6,-0.5814,46481.0,39823.872
001205.SZ,20250520,17.18,17.24,16.65,16.8,17.26,-2.6651,58884.16,98971.874
001206.SZ,20250520,20.49,22.94,20.49,22.94,20.85,10.024,190257.39,421301.796
001207.SZ,20250520,20.76,21.27,20.64,21.15,20.76,1.8786,23237.5,48922.5
001208.SZ,20250520,10.6,10.84,10.53,10.71,10.6,1.0377,90610.17,96944.949
001209.SZ,20250520,17.8,18.84,17.63,18.57,17.78,4.4432,79849.8,146797.69
001210.SZ,20250520,15.56,15.78,15.48,15.78,15.56,1.4139,15175.92,23719.32
001211.SZ,20250520,22.39,22.78,22.33,22.77,22.39,1.6972,9437.0,21328.867
001212.SZ,20250520,71.9,72.0,65.7,67.92,71.81,-5.4171,127141.16,862143.676
001213.SZ,20250520,4.13,4.14,4.09,4.12,4.12,0.0,127124.0,52253.631
001215.SZ,20250520,27.37,28.96,27.34,28.26,27.38,3.214,48164.13,135402.746
001216.SZ,20250520,13.69,13.82,13.61,13.78,13.69,0.6574,20764.05,28504.015
001217.SZ,20250520,11.39,11.48,11.27,11.32,11.46,-1.2216,75140.0,85168.925
001218.SZ,20250520,17.82,17.85,17.62,17.75,17.67,0.4527,16515.7,29304.309
001219.SZ,20250520,14.04,14.37,13.95,14.28,14.05,1.637,71373.22,101542.684
001222.SZ,20250520,18.93,20.72,18.84,20.72,18.84,9.9788,181025.45,363647.334
001223.SZ,20250520,52.1,52.89,51.89,52.45,52.1,0.6718,4437.0,23247.77
001225.SZ,20250520,34.77,35.08,34.31,34.74,34.44,0.8711,6667.0,23052.326
001226.SZ,20250520,27.13,27.66,27.02,27.59,27.32,0.9883,15491.0,42472.511
001227.SZ,20250520,2.39,2.4,2.36,2.37,2.38,-0.4202,553618.0,131566.212
001228.SZ,20250520,23.62,23.62,23.15,23.47,23.63,-0.6771,42138.2,98265.806
001229.SZ,20250520,31.96,32.29,31.58,32.17,31.97,0.6256,7714.0,24742.702
001230.SZ,20250520,18.7,18.88,18.6,18.88,18.75,0.6933,11716.8,21982.238
001231.SZ,20250520,19.13,19.47,19.0,19.47,19.13,1.7773,11349.88,21892.796
001234.SZ,20250520,20.49,21.1,20.37,20.89,20.51,1.8528,67677.25,140497.419
001236.SZ,20250520,9.66,9.75,9.55,9.68,9.65,0.3109,208766.57,201075.209
001238.SZ,20250520,35.18,36.5,35.18,36.25,35.53,2.0265,12750.59,45776.965
001239.SZ,20250520,15.31,15.95,15.31,15.51,15.34,1.1082,54001.06,83849.757
001255.SZ,20250520,30.9,30.9,29.81,30.31,32.0,-5.2813,57165.8,172799.462
001256.SZ,20250520,22.49,23.23,22.1,23.03,22.48,2.4466,37121.0,84139.056
001258.SZ,20250520,7.02,7.18,6.99,7.18,7.03,2.1337,204501.62,145427.892
001259.SZ,20250520,23.59,24.64,23.3,24.57,23.64,3.934,24407.0,58946.392
001260.SZ,20250520,18.13,18.4,17.95,18.38,18.13,1.3789,14461.0,26367.219
001266.SZ,20250520,25.04,25.25,24.8,25.14,25.0,0.56,11653.52,29133.583
001267.SZ,20250520,8.52,8.64,8.45,8.62,8.54,0.9368,97039.0,83205.874
001268.SZ,20250520,22.65,23.07,22.49,23.0,22.68,1.4109,32235.0,73699.276
001269.SZ,20250520,24.26,24.49,24.01,24.49,24.42,0.2867,30114.13,73105.618
001270.SZ,20250520,37.28,37.47,36.4,36.4,37.45,-2.8037,41965.02,154876.955
001277.SZ,20250520,39.45,41.05,39.11,40.96,39.5,3.6962,38466.32,154569.472
001278.SZ,20250520,16.72,17.25,16.62,17.09,16.72,2.2129,22873.47,38783.28
001279.SZ,20250520,39.97,40.87,39.78,40.54,40.24,0.7455,22446.59,90817.449
001282.SZ,20250520,27.79,27.9,27.38,27.76,27.7,0.2166,21685.54,59969.076
001283.SZ,20250520,54.3,55.38,53.81,54.72,54.51,0.3853,16612.2,90825.038
001286.SZ,20250520,9.11,9.12,9.07,9.1,9.08,0.2203,76530.68,69585.642
001287.SZ,20250520,18.93,19.1,18.83,19.0,19.02,-0.1052,56881.91,108040.328
001288.SZ,20250520,21.0,21.43,20.84,21.15,21.04,0.5228,15769.6,33359.824
001289.SZ,20250520,16.91,17.05,16.85,17.05,16.98,0.4122,37619.85,63856.97
001296.SZ,20250520,17.6,17.7,17.4,17.7,17.55,0.8547,12578.09,22169.767
001298.SZ,20250520,28.88,29.9,28.41,28.79,29.35,-1.908,211797.29,612576.86
001299.SZ,20250520,11.02,11.08,10.84,11.08,10.98,0.9107,41644.0,45709.897
001300.SZ,20250520,13.45,13.79,13.32,13.65,13.42,1.7139,45534.0,61623.133
001301.SZ,20250520,51.46,51.64,49.69,49.99,51.28,-2.5156,55016.97,275924.709
001306.SZ,20250520,80.03,81.3,79.39,80.31,80.44,-0.1616,13381.0,107370.667
001308.SZ,20250520,21.68,22.0,21.53,21.91,21.65,1.2009,21437.82,46799.334
001309.SZ,20250520,118.0,119.25,117.59,118.32,118.49,-0.1435,14334.64,169626.574
001311.SZ,20250520,28.5,28.6,28.16,28.48,28.5,-0.0702,12100.03,34297.602
001313.SZ,20250520,8.45,8.51,8.35,8.37,8.46,-1.0638,47264.0,39695.488
001314.SZ,20250520,43.9,46.48,43.55,45.5,44.14,3.0811,46882.0,211592.218
001316.SZ,20250520,46.8,47.3,45.12,45.45,46.55,-2.3631,45826.0,209452.079
001317.SZ,20250520,43.36,47.92,42.95,46.94,44.15,6.3194,104443.24,471371.752
001318.SZ,20250520,13.14,13.84,13.14,13.72,13.2,3.9394,207573.0,283139.5
001319.SZ,20250520,28.65,29.36,28.36,29.03,29.13,-0.3433,103312.0,298320.014
001322.SZ,20250520,8.72,8.72,8.62,8.67,8.71,-0.4592,40397.0,34985.557
001323.SZ,20250520,31.45,32.32,31.45,31.9,31.99,-0.2813,8903.0,28468.908
001324.SZ,20250520,18.55,18.58,18.09,18.42,18.29,0.7108,20762.0,37938.258
001326.SZ,20250520,33.2,34.45,33.0,34.39,33.2,3.5843,17759.8,60203.448
001328.SZ,20250520,54.53,59.44,53.72,53.95,55.6,-2.9676,54038.93,304402.436
001330.SZ,20250520,4.51,4.61,4.48,4.6,4.51,1.9956,194460.85,88724.383
001331.SZ,20250520,13.58,13.72,13.45,13.64,13.6,0.2941,24331.22,32976.679
001332.SZ,20250520,34.83,34.83,34.47,34.73,34.59,0.4047,5926.0,20552.59
001333.SZ,20250520,21.06,21.06,20.56,20.94,20.99,-0.2382,21499.0,44715.012
001335.SZ,20250520,37.83,37.97,37.7,37.77,37.87,-0.2641,18480.61,69840.25
001336.SZ,20250520,20.29,22.32,20.04,22.32,20.29,10.0049,43880.22,93750.822
001337.SZ,20250520,23.76,24.16,23.76,23.96,23.93,0.1254,95884.0,229861.954
001338.SZ,20250520,11.59,11.73,11.5,11.63,11.58,0.4318,94171.0,109480.987
001339.SZ,20250520,50.1,50.44,49.41,49.78,50.07,-0.5792,50710.0,252688.391
001356.SZ,20250520,15.52,15.63,15.35,15.6,15.52,0.5155,113006.75,175384.981
001358.SZ,20250520,24.2,24.53,24.11,24.5,24.24,1.0726,12008.84,29249.175
001359.SZ,20250520,31.96,31.96,31.59,31.83,31.73,0.3152,9011.85,28616.203
001360.SZ,20250520,13.49,13.59,13.4,13.59,13.48,0.816,13509.04,18260.306
001366.SZ,20250520,11.65,12.05,11.58,11.97,11.61,3.1008,58439.83,69275.191
001367.SZ,20250520,20.25,20.46,20.04,20.08,20.16,-0.3968,29830.28,60153.365
001368.SZ,20250520,22.2,23.17,22.04,22.95,22.31,2.8687,57602.55,131318.803
001373.SZ,20250520,29.28,29.76,29.01,29.7,29.28,1.4344,7914.48,23322.765
001376.SZ,20250520,12.57,12.71,12.48,12.67,12.57,0.7955,48682.0,61317.51
001378.SZ,20250520,22.1,22.68,21.95,22.31,21.96,1.5938,24942.0,55862.935
001379.SZ,20250520,20.42,20.6,20.26,20.5,20.49,0.0488,14572.75,29808.388
001380.SZ,20250520,22.14,22.25,21.59,21.87,22.04,-0.7713,39480.41,86646.656
001382.SZ,20250520,21.89,22.35,21.8,22.28,21.99,1.3188,62732.64,139206.643
001387.SZ,20250520,13.27,13.35,13.16,13.35,13.26,0.6787,12505.3,16600.756
001389.SZ,20250520,49.0,50.05,48.62,49.68,49.05,1.2844,15499.19,76744.665
001391.SZ,20250520,7.17,7.2,7.13,7.19,7.19,0.0,494359.85,354271.95
001395.SZ,20250520,46.77,47.93,46.38,47.86,46.73,2.4181,27808.2,131429.461
001400.SZ,20250520,57.61,57.84,57.44,57.52,57.49,0.0522,11228.49,64673.594
001696.SZ,20250520,23.05,23.45,22.8,23.21,23.1,0.4762,340098.64,786183.776
001872.SZ,20250520,20.55,20.8,20.42,20.67,20.5,0.8293,72014.61,148676.705
001896.SZ,20250520,4.97,5.02,4.89,4.98,4.91,1.4257,568455.81,281445.371
001914.SZ,20250520,11.48,11.5,11.31,11.41,11.45,-0.3493,52800.9,60142.409
001965.SZ,20250520,12.89,13.07,12.85,12.86,12.92,-0.4644,114857.67,148672.841
001979.SZ,20250520,8.97,9.01,8.94,8.99,8.98,0.1114,362338.53,325009.925
002001.SZ,20250520,22.81,22.9,22.65,22.71,22.81,-0.4384,153732.75,349964.667
002003.SZ,20250520,11.58,11.77,11.51,11.7,11.54,1.3865,74050.59,86355.582
002004.SZ,20250520,4.14,4.16,4.12,4.15,4.13,0.4843,159032.09,65870.187
002005.SZ,20250520,1.76,1.79,1.74,1.76,1.76,0.0,101446.61,17903.071
002006.SZ,20250520,17.85,18.03,17.73,17.95,17.87,0.4477,135378.14,242478.654
002007.SZ,20250520,16.14,16.36,16.14,16.34,16.13,1.3019,93521.28,152318.609
002008.SZ,20250520,23.99,24.18,23.22,24.16,24.21,-0.2065,216666.62,517204.692
002009.SZ,20250520,15.68,15.83,15.48,15.65,15.84,-1.1995,190903.95,298296.798
002010.SZ,20250520,5.31,5.37,5.26,5.33,5.32,0.188,147636.0,78350.118
002011.SZ,20250520,11.59,11.64,11.5,11.61,11.59,0.1726,56381.0,65292.89
002012.SZ,20250520,4.99,4.99,4.88,4.98,4.93,1.0142,99532.69,49320.363
002014.SZ,20250520,11.17,11.74,11.16,11.59,11.16,3.853,81148.41,93403.829
002015.SZ,20250520,7.2,7.26,7.2,7.26,7.2,0.8333,98948.0,71589.581
002016.SZ,20250520,5.72,5.75,5.65,5.74,5.69,0.8787,66406.0,37839.887
002017.SZ,20250520,10.09,10.16,10.01,10.16,10.08,0.7937,53177.26,53741.482
002019.SZ,20250520,12.59,13.07,12.59,12.77,12.39,3.067,293751.97,377570.237
002020.SZ,20250520,13.19,13.57,13.19,13.47,13.16,2.3556,127035.6,170305.604
002021.SZ,20250520,2.39,2.41,2.37,2.4,2.39,0.4184,271824.45,64976.624
002022.SZ,20250520,5.99,6.07,5.98,6.05,5.99,1.0017,65719.32,39685.667
002023.SZ,20250520,9.84,9.86,9.72,9.75,9.83,-0.8138,96454.37,94070.362
002024.SZ,20250520,1.91,1.93,1.9,1.91,1.91,0.0,159979.0,30615.563
002025.SZ,20250520,49.8,49.82,48.88,49.57,49.82,-0.5018,36195.54,178450.408
002026.SZ,20250520,11.5,12.72,11.35,12.25,11.56,5.9689,688514.54,845806.692
002027.SZ,20250520,7.28,7.45,7.27,7.41,7.26,2.0661,943553.98,695630.855
002028.SZ,20250520,74.28,75.0,74.0,74.13,74.32,-0.2557,36719.79,273657.589
002029.SZ,20250520,6.65,6.84,6.65,6.81,6.68,1.9461,117040.93,79104.552
002030.SZ,20250520,6.09,6.16,6.07,6.14,6.1,0.6557,142149.04,87132.333
002031.SZ,20250520,8.97,9.06,8.85,8.95,9.0,-0.5556,899082.4,806841.912
002032.SZ,20250520,57.33,58.77,57.17,58.54,57.3,2.164,17370.64,101138.102
002033.SZ,20250520,9.01,9.04,8.95,9.02,9.01,0.111,110472.37,99495.738
002034.SZ,20250520,17.86,17.99,17.65,17.75,17.77,-0.1125,29646.81,52705.191
002035.SZ,20250520,6.59,6.71,6.55,6.67,6.57,1.5221,154220.26,102448.838
002036.SZ,20250520,10.66,10.74,10.47,10.69,10.7,-0.0935,278021.31,295161.059
002037.SZ,20250520,8.5,8.6,8.4,8.51,8.49,0.2356,107594.04,91079.655
002038.SZ,20250520,6.7,6.83,6.68,6.8,6.67,1.949,135270.58,91681.736
002039.SZ,20250520,16.16,16.35,16.12,16.31,16.21,0.6169,80897.0,131637.709
002040.SZ,20250520,12.38,12.38,11.64,11.98,11.25,6.4889,1294901.87,1578293.701
002041.SZ,20250520,10.24,10.31,10.19,10.25,10.21,0.3918,92203.91,94579.95
002042.SZ,20250520,5.18,5.18,5.1,5.15,5.16,-0.1938,320355.0,164759.887
002043.SZ,20250520,10.29,10.47,10.23,10.33,10.29,0.3887,137482.71,142130.767
002044.SZ,20250520,5.3,5.37,5.26,5.31,5.31,0.0,549293.33,291208.662
002045.SZ,20250520,14.8,15.07,14.56,14.92,14.8,0.8108,163098.5,242166.669
002046.SZ,20250520,17.01,17.82,16.67,16.98,16.2,4.8148,622717.31,1068688.392
002047.SZ,20250520,1.93,2.01,1.91,1.98,1.91,3.6649,281305.67,55669.394
002048.SZ,20250520,16.22,16.39,15.95,16.28,16.22,0.3699,130273.31,211163.791
002049.SZ,20250520,64.7,64.97,64.31,64.63,64.68,-0.0773,66409.1,429139.248
002050.SZ,20250520,26.54,26.97,26.27,26.69,26.66,0.1125,462666.79,1233301.657
002051.SZ,20250520,8.26,8.38,8.26,8.31,8.26,0.6053,107607.81,89499.298
002052.SZ,20250520,9.75,10.04,9.74,10.04,9.56,5.0209,178888.0,178152.795
002053.SZ,20250520,11.22,11.32,11.18,11.32,11.2,1.0714,27960.14,31481.616
002054.SZ,20250520,6.67,6.74,6.61,6.69,6.7,-0.1493,116831.19,77801.019
002055.SZ,20250520,5.91,5.96,5.83,5.94,5.96,-0.3356,192472.95,113769.089
002056.SZ,20250520,13.81,13.83,13.69,13.76,13.8,-0.2899,123519.31,169820.75
002057.SZ,20250520,8.14,8.19,8.09,8.17,8.15,0.2454,114749.54,93437.376
002058.SZ,20250520,10.22,10.78,10.22,10.64,10.28,3.5019,31404.63,33249.427
002059.SZ,20250520,5.14,5.19,5.11,5.17,5.13,0.7797,135687.0,69916.584
002060.SZ,20250520,3.56,3.58,3.53,3.58,3.56,0.5618,122557.43,43652.66
002061.SZ,20250520,3.93,3.94,3.9,3.93,3.92,0.2551,185696.69,72801.682
002062.SZ,20250520,5.11,5.13,4.97,5.0,5.16,-3.1008,252312.97,126484.411
002063.SZ,20250520,5.8,5.89,5.76,5.86,5.8,1.0345,238340.94,139278.121
002064.SZ,20250520,6.95,7.03,6.87,6.99,6.97,0.2869,185538.22,128960.437
002065.SZ,20250520,9.85,9.88,9.71,9.77,9.76,0.1025,596250.0,582708.984
002066.SZ,20250520,11.83,11.94,11.41,11.61,11.7,-0.7692,104876.0,121251.683
002067.SZ,20250520,3.58,3.62,3.55,3.62,3.58,1.1173,272147.0,97766.453
002068.SZ,20250520,11.55,11.81,11.47,11.68,11.5,1.5652,254497.57,296507.768
002069.SZ,20250520,4.07,4.15,4.03,4.14,4.04,2.4752,120755.0,49388.522
002072.SZ,20250520,4.77,4.95,4.72,4.92,4.77,3.1447,83283.74,40315.556
002073.SZ,20250520,8.17,8.32,8.13,8.23,8.2,0.3659,185555.01,152818.015
002074.SZ,20250520,23.51,25.12,23.51,24.23,23.12,4.801,1034785.87,2512458.822
002075.SZ,20250520,6.26,6.34,6.23,6.27,6.26,0.1597,553351.23,347382.475
002076.SZ,20250520,1.93,2.01,1.88,1.97,1.92,2.6042,880805.37,171253.049
002077.SZ,20250520,13.97,14.45,13.86,14.27,13.98,2.0744,183557.54,261567.7
002078.SZ,20250520,14.15,14.2,14.07,14.11,14.09,0.1419,76913.64,108672.871
002079.SZ,20250520,9.78,10.26,9.65,10.01,9.72,2.9835,382936.58,383212.148
002080.SZ,20250520,16.25,16.97,16.19,16.77,16.36,2.5061,458618.51,764035.639
002081.SZ,20250520,3.61,3.63,3.57,3.58,3.6,-0.5556,144361.06,51790.114
002082.SZ,20250520,5.75,5.87,5.75,5.86,5.75,1.913,74262.01,43241.73
002083.SZ,20250520,4.7,4.72,4.66,4.7,4.67,0.6424,115745.96,54221.26
002084.SZ,20250520,3.56,3.59,3.52,3.58,3.56,0.5618,252392.24,89831.55
002085.SZ,20250520,16.55,16.68,16.35,16.62,16.53,0.5445,336028.26,556353.667
002086.SZ,20250520,2.8,2.89,2.78,2.83,2.8,1.0714,891244.52,252644.787
002088.SZ,20250520,11.86,11.88,11.77,11.84,11.83,0.0845,25100.44,29673.397
002090.SZ,20250520,8.96,9.19,8.92,9.19,8.98,2.3385,85347.9,77554.278
002091.SZ,20250520,7.47,7.49,7.43,7.47,7.48,-0.1337,68642.0,51212.185
002092.SZ,20250520,5.08,5.26,4.91,4.95,5.09,-2.7505,1296828.48,655168.926
002093.SZ,20250520,11.8,12.04,11.62,11.94,11.83,0.9298,426528.01,504888.992
002094.SZ,20250520,8.7,8.86,8.27,8.51,8.98,-5.2339,1872565.7,1607911.814
002095.SZ,20250520,20.35,20.43,19.88,20.03,20.4,-1.8137,137249.66,275732.47
002096.SZ,20250520,11.45,11.54,11.32,11.51,11.4,0.9649,90703.28,103814.927
002097.SZ,20250520,7.41,7.5,7.36,7.44,7.4,0.5405,177723.88,132371.285
002098.SZ,20250520,9.5,9.56,9.3,9.4,9.55,-1.5707,202577.0,190725.318
002099.SZ,20250520,5.21,5.31,5.21,5.28,5.21,1.3436,92873.0,49060.854
002100.SZ,20250520,6.36,6.46,6.35,6.44,6.36,1.2579,301428.83,193375.923
002101.SZ,20250520,12.96,13.01,12.8,12.97,12.96,0.0772,107604.95,138719.993
002102.SZ,20250520,3.0,3.12,2.98,3.08,2.99,3.01,740941.65,226691.556
002103.SZ,20250520,9.34,10.31,9.34,10.31,9.37,10.032,453715.0,456112.384
002104.SZ,20250520,7.51,7.59,7.48,7.55,7.57,-0.2642,154301.68,116342.211
002105.SZ,20250520,9.48,10.15,9.36,10.15,9.23,9.9675,908610.52,897177.526
002106.SZ,20250520,11.1,11.48,11.02,11.1,10.88,2.0221,481020.18,539456.256
002107.SZ,20250520,5.42,5.6,5.42,5.59,5.42,3.1365,86253.64,47762.298
002108.SZ,20250520,3.76,3.84,3.73,3.78,3.76,0.5319,215688.74,81346.845
002109.SZ,20250520,3.5,3.53,3.45,3.5,3.5,0.0,73404.66,25553.511
002110.SZ,20250520,3.93,3.93,3.82,3.86,3.91,-1.2788,150730.52,58063.519
002111.SZ,20250520,10.15,10.23,10.03,10.09,10.22,-1.272,81069.0,81753.806
002112.SZ,20250520,13.31,13.53,13.21,13.52,13.35,1.2734,70002.1,93748.097
002114.SZ,20250520,6.68,6.72,6.58,6.69,6.67,0.2999,93895.18,62354.624
002115.SZ,20250520,7.87,8.02,7.73,8.0,7.86,1.7812,598633.09,474721.372
002116.SZ,20250520,10.29,10.5,10.16,10.3,10.28,0.1946,198324.27,204695.798
002117.SZ,20250520,11.09,11.21,10.91,11.12,11.08,0.361,84890.0,94143.062
002119.SZ,20250520,15.55,15.86,15.45,15.72,15.52,1.2887,103763.0,162755.473
002120.SZ,20250520,6.77,6.81,6.77,6.8,6.79,0.1473,202385.46,137412.38
002121.SZ,20250520,4.71,4.77,4.68,4.77,4.72,1.0593,147515.6,70012.781
002122.SZ,20250520,4.12,4.3,4.1,4.27,4.12,3.6408,1939180.16,819350.502
002123.SZ,20250520,14.33,15.9,14.33,15.9,14.45,10.0346,1675747.57,2599600.845
002124.SZ,20250520,3.14,3.16,3.12,3.14,3.13,0.3195,456415.58,143399.225
002125.SZ,20250520,10.07,10.1,10.0,10.04,10.08,-0.3968,49902.86,50168.025
002126.SZ,20250520,26.73,26.95,26.3,26.64,26.71,-0.2621,278333.68,740820.298
002127.SZ,20250520,5.0,5.35,4.94,5.13,5.02,2.1912,1917014.55,987944.553
002128.SZ,20250520,18.52,18.52,17.88,18.14,18.65,-2.7346,321078.98,579332.86
002129.SZ,20250520,7.91,7.93,7.85,7.9,7.9,0.0,212837.04,167949.192
002130.SZ,20250520,19.92,20.04,19.73,19.89,20.04,-0.7485,372410.0,740791.501
002131.SZ,20250520,3.76,3.83,3.73,3.81,3.78,0.7937,2911620.45,1104450.632
002132.SZ,20250520,3.36,3.39,3.34,3.37,3.37,0.0,359953.0,120983.687
002133.SZ,20250520,2.91,2.94,2.87,2.89,2.92,-1.0274,151360.0,43689.246
002134.SZ,20250520,19.57,20.85,19.41,20.49,19.58,4.6476,99012.75,201385.59
002135.SZ,20250520,4.35,4.36,4.3,4.33,4.35,-0.4598,112161.0,48510.11
002136.SZ,20250520,12.36,13.37,11.2,11.2,12.17,-7.9704,631260.89,769838.04
002137.SZ,20250520,7.81,7.9,7.72,7.9,7.81,1.1524,136733.24,107472.551
002138.SZ,20250520,26.9,27.0,26.53,26.74,26.88,-0.5208,102970.93,274669.403
002139.SZ,20250520,14.01,14.14,13.84,14.06,14.04,0.1425,193616.0,271599.164
002140.SZ,20250520,9.51,9.54,9.44,9.54,9.49,0.5269,41347.78,39264.354
002141.SZ,20250520,3.09,3.24,3.03,3.24,3.09,4.8544,289685.85,92128.945
002142.SZ,20250520,26.06,26.48,26.05,26.37,25.98,1.5012,264783.42,698014.975
002144.SZ,20250520,11.77,12.04,11.75,11.99,11.89,0.841,88098.0,105090.907
002145.SZ,20250520,4.32,4.37,4.29,4.36,4.33,0.6928,357339.85,154904.433
002146.SZ,20250520,1.5,1.54,1.48,1.5,1.52,-1.3158,2670621.6,401734.749
002148.SZ,20250520,6.51,6.62,6.45,6.62,6.51,1.6897,122846.2,80533.538
002149.SZ,20250520,19.53,19.83,19.43,19.64,19.67,-0.1525,60413.98,118428.966
002150.SZ,20250520,11.23,11.27,11.11,11.27,11.21,0.5352,40813.0,45797.177
002151.SZ,20250520,27.17,27.25,26.77,26.86,26.99,-0.4817,71627.5,192909.693
002152.SZ,20250520,12.06,12.14,11.96,12.1,12.06,0.3317,159118.29,192003.497
002153.SZ,20250520,7.87,7.92,7.75,7.89,7.85,0.5096,182291.31,143066.571
002154.SZ,20250520,3.89,3.93,3.88,3.91,3.9,0.2564,253303.57,98860.031
002155.SZ,20250520,22.47,22.85,22.46,22.47,22.57,-0.4431,253368.38,572772.922
002156.SZ,20250520,24.31,24.62,24.12,24.51,24.32,0.7813,211710.46,517587.222
002157.SZ,20250520,2.87,2.89,2.85,2.87,2.87,0.0,630619.79,180888.324
002158.SZ,20250520,18.41,18.57,18.28,18.51,18.35,0.8719,63817.02,117781.838
002159.SZ,20250520,14.83,14.95,14.79,14.91,14.75,1.0847,35893.93,53404.717
002160.SZ,20250520,3.9,3.93,3.87,3.92,3.91,0.2558,107262.44,41833.267
002161.SZ,20250520,5.43,5.97,5.39,5.97,5.43,9.9448,646984.36,374661.663
002162.SZ,20250520,4.29,4.44,4.26,4.41,4.29,2.7972,552662.67,241680.559
002163.SZ,20250520,8.6,8.7,8.49,8.62,8.6,0.2326,123446.12,106233.28
002164.SZ,20250520,9.87,9.9,9.43,9.62,9.71,-0.9269,423085.19,406688.428
002165.SZ,20250520,12.09,12.71,11.5,11.63,12.16,-4.3586,2490951.71,2991221.99
002166.SZ,20250520,7.57,7.75,7.56,7.69,7.57,1.5852,147784.8,113473.016
002167.SZ,20250520,9.05,9.3,8.96,9.16,9.08,0.8811,383303.33,350361.694
002168.SZ,20250520,3.09,3.15,3.03,3.06,3.05,0.3279,145353.0,44780.543
002169.SZ,20250520,6.61,6.75,6.52,6.63,6.56,1.0671,324606.2,214530.405
002170.SZ,20250520,10.75,10.82,10.63,10.67,10.77,-0.9285,158650.61,169825.417
002171.SZ,20250520,8.45,8.68,8.41,8.51,8.45,0.7101,159213.78,136089.158
002172.SZ,20250520,3.69,3.8,3.69,3.74,3.7,1.0811,247311.0,92189.037
002173.SZ,20250520,10.1,10.7,9.98,10.7,10.2,4.902,500452.0,511096.364
002174.SZ,20250520,10.21,10.64,10.08,10.5,10.19,3.0422,349641.45,365998.469
002175.SZ,20250520,4.67,5.03,4.66,4.9,4.57,7.221,2414844.93,1186959.36
002176.SZ,20250520,7.15,7.19,7.11,7.18,7.16,0.2793,136746.0,97839.817
002177.SZ,20250520,4.72,4.79,4.66,4.78,4.72,1.2712,378862.0,179868.704
002178.SZ,20250520,6.21,6.35,6.13,6.32,6.22,1.6077,262849.38,165271.602
002179.SZ,20250520,40.1,40.24,39.57,40.18,40.09,0.2245,119764.65,477741.327
002180.SZ,20250520,21.49,22.28,21.25,22.18,21.35,3.8876,227159.65,497164.229
002181.SZ,20250520,5.64,5.73,5.59,5.71,5.64,1.2411,188550.0,107170.5
002182.SZ,20250520,12.04,12.09,11.96,12.07,12.04,0.2492,86554.6,104157.828
002183.SZ,20250520,4.93,4.95,4.86,4.91,4.93,-0.4057,389845.83,190941.62
002184.SZ,20250520,12.28,12.4,12.08,12.4,12.2,1.6393,68018.2,83602.348
002185.SZ,20250520,9.15,9.23,9.11,9.22,9.14,0.8753,228290.17,209851.689
002186.SZ,20250520,10.53,10.75,10.53,10.73,10.51,2.0932,81159.91,86662.934
002187.SZ,20250520,7.09,7.13,7.03,7.1,7.1,0.0,184225.0,130574.433
002188.SZ,20250520,5.24,5.3,5.17,5.29,5.21,1.5355,93421.0,49005.525
002189.SZ,20250520,20.14,21.03,20.1,20.33,20.0,1.65,153369.57,315274.001
002190.SZ,20250520,42.2,42.98,38.9,42.5,39.48,7.6494,1043768.66,4328865.421
002191.SZ,20250520,3.71,3.75,3.7,3.74,3.71,0.8086,121512.35,45376.868
002192.SZ,20250520,28.57,28.6,28.31,28.56,28.53,0.1052,20312.52,57847.071
002193.SZ,20250520,5.78,5.89,5.71,5.88,5.76,2.0833,103040.57,59893.192
002194.SZ,20250520,15.01,15.09,14.66,14.7,15.41,-4.6074,998738.6,1480345.521
002195.SZ,20250520,5.67,5.73,5.58,5.7,5.69,0.1757,2068745.96,1169675.221
002196.SZ,20250520,10.06,10.08,9.8,9.91,10.04,-1.2948,329896.02,327574.294
002197.SZ,20250520,5.42,5.52,5.36,5.44,5.41,0.5545,177765.97,96775.918
002198.SZ,20250520,7.0,7.09,6.9,6.93,7.04,-1.5625,97847.0,68399.117
002199.SZ,20250520,5.55,5.9,5.5,5.9,5.62,4.9822,184716.78,106634.337
002200.SZ,20250520,8.34,8.7,8.12,8.51,8.29,2.6538,167914.0,141422.773
002201.SZ,20250520,6.46,6.48,6.36,6.42,6.47,-0.7728,122364.33,78320.62
002202.SZ,20250520,9.2,9.31,9.19,9.31,9.19,1.3058,335545.59,311154.511
002203.SZ,20250520,10.19,10.25,10.08,10.16,10.16,0.0,46318.44,47078.011
002204.SZ,20250520,6.19,6.35,6.14,6.22,6.21,0.161,593624.2,370273.438
002205.SZ,20250520,9.96,10.2,9.9,10.18,9.97,2.1063,72938.4,73599.785
002206.SZ,20250520,5.19,5.21,5.12,5.19,5.19,0.0,198911.58,102851.299
002207.SZ,20250520,5.95,6.02,5.88,6.0,5.95,0.8403,58572.56,34936.169
002208.SZ,20250520,6.68,6.83,6.63,6.8,6.68,1.7964,127852.22,86205.449
002209.SZ,20250520,12.18,12.35,12.09,12.29,12.18,0.9031,40314.0,49391.621
002210.SZ,20250520,2.68,2.74,2.6,2.68,2.65,1.1321,1923528.89,515373.477
002211.SZ,20250520,2.81,2.86,2.78,2.81,2.77,1.444,162861.62,45870.129
002212.SZ,20250520,7.25,7.31,7.19,7.28,7.23,0.6916,138117.42,100206.867
002213.SZ,20250520,14.38,14.78,14.2,14.7,14.32,2.6536,103216.0,150437.65
002214.SZ,20250520,9.4,9.4,9.22,9.27,9.4,-1.383,41350.48,38340.987
002215.SZ,20250520,9.51,10.2,9.46,10.0,9.51,5.1525,648255.42,643453.871
002216.SZ,20250520,11.8,12.2,11.75,12.03,11.83,1.6906,96822.65,116527.892
002217.SZ,20250520,2.18,2.19,2.12,2.14,2.17,-1.3825,375347.0,80397.63
002218.SZ,20250520,3.25,3.27,3.21,3.26,3.26,0.0,202064.02,65544.38
002219.SZ,20250520,2.38,2.42,2.38,2.38,2.38,0.0,317662.0,75984.908
002221.SZ,20250520,8.14,8.16,8.08,8.14,8.14,0.0,102877.86,83498.012
002222.SZ,20250520,33.41,33.58,33.23,33.37,33.39,-0.0599,48272.16,161212.799
002223.SZ,20250520,36.67,37.09,36.56,36.8,36.67,0.3545,54777.0,201744.089
002224.SZ,20250520,4.66,4.66,4.62,4.66,4.66,0.0,81298.0,37732.058
002225.SZ,20250520,5.4,5.45,5.34,5.35,5.42,-1.2915,110485.6,59320.574
002226.SZ,20250520,5.29,5.32,5.26,5.29,5.3,-0.1887,148655.92,78557.288
002227.SZ,20250520,12.16,12.31,12.07,12.28,12.15,1.07,97933.68,119686.092
002228.SZ,20250520,3.41,3.42,3.34,3.39,3.37,0.5935,127466.0,43018.309
002229.SZ,20250520,16.14,16.75,15.8,15.8,15.95,-0.9404,1401488.55,2275853.752
002230.SZ,20250520,46.93,47.32,46.69,47.31,47.03,0.5954,128102.5,603152.378
002231.SZ,20250520,3.12,3.29,3.07,3.23,3.13,3.1949,418759.09,133175.903
002232.SZ,20250520,17.51,17.74,17.34,17.72,17.53,1.0839,53706.11,94523.259
002233.SZ,20250520,7.58,7.7,7.53,7.63,7.57,0.7926,67731.02,51509.841
002234.SZ,20250520,8.45,8.6,8.45,8.6,8.47,1.5348,94694.0,80873.425
002235.SZ,20250520,5.38,5.44,5.34,5.41,5.37,0.7449,251995.75,136174.009
002236.SZ,20250520,15.59,15.7,15.51,15.69,15.59,0.6414,206847.65,323339.594
002237.SZ,20250520,10.8,10.91,10.77,10.8,10.79,0.0927,88568.89,95934.794
002238.SZ,20250520,8.33,8.4,8.19,8.39,8.31,0.9627,97567.9,81094.148
002239.SZ,20250520,3.03,3.09,3.01,3.08,3.03,1.6502,1001431.7,305162.197
002240.SZ,20250520,11.58,11.65,11.5,11.61,11.6,0.0862,56905.03,65873.568
002241.SZ,20250520,21.65,22.09,21.46,21.94,21.82,0.55,614813.1,1340235.54
002242.SZ,20250520,9.66,9.83,9.65,9.81,9.68,1.343,35683.0,34825.882
002243.SZ,20250520,8.32,8.38,8.24,8.32,8.31,0.1203,143563.99,119453.373
002244.SZ,20250520,9.56,9.57,9.32,9.43,9.58,-1.5658,329696.12,309670.409
002245.SZ,20250520,12.88,12.96,12.72,12.91,12.84,0.5452,183579.08,236532.561
002246.SZ,20250520,11.7,12.14,11.56,11.75,11.68,0.5993,222600.13,261728.644
002247.SZ,20250520,2.65,2.71,2.63,2.7,2.66,1.5038,160262.0,42862.896
002248.SZ,20250520,8.84,9.56,8.69,9.17,8.9,3.0337,347382.0,317332.754
002249.SZ,20250520,6.91,6.94,6.81,6.9,6.91,-0.1447,408649.77,281522.119
002250.SZ,20250520,6.46,6.51,6.41,6.46,6.47,-0.1546,126969.0,82054.91
002251.SZ,20250520,6.0,6.25,5.85,6.04,6.06,-0.33,2304274.54,1390955.185
002252.SZ,20250520,6.76,6.82,6.76,6.79,6.76,0.4438,234485.6,159279.629
002253.SZ,20250520,9.12,9.29,8.94,9.14,8.85,3.2768,181946.5,166241.949
002254.SZ,20250520,10.54,10.55,10.43,10.47,10.54,-0.6641,114327.06,119793.935
002255.SZ,20250520,9.76,10.48,9.62,9.63,9.82,-1.9348,1436105.98,1424413.734
002256.SZ,20250520,2.26,2.3,2.25,2.28,2.27,0.4405,232365.0,52894.958
002258.SZ,20250520,10.79,10.95,10.66,10.71,10.58,1.2287,347415.61,375617.934
002259.SZ,20250520,3.6,3.79,3.46,3.68,3.82,-3.6649,484299.05,175700.208
002261.SZ,20250520,32.33,33.0,31.41,32.06,32.36,-0.9271,989943.42,3186982.6
002262.SZ,20250520,21.6,22.3,21.6,21.85,21.61,1.1106,127063.0,279575.098
002263.SZ,20250520,2.75,2.76,2.68,2.75,2.76,-0.3623,451836.03,122878.318
002264.SZ,20250520,6.73,7.23,6.65,6.89,6.7,2.8358,542984.0,374759.333
002265.SZ,20250520,22.75,23.48,22.35,22.89,22.7,0.837,328058.21,748431.49
002266.SZ,20250520,3.3,3.34,3.29,3.33,3.3,0.9091,259511.3,86226.556
002267.SZ,20250520,9.17,9.3,9.14,9.26,9.18,0.8715,79618.0,73544.264
002268.SZ,20250520,15.5,15.55,15.34,15.52,15.46,0.3881,74538.56,115243.583
002269.SZ,20250520,1.87,1.9,1.85,1.88,1.87,0.5348,1091873.5,205201.444
002270.SZ,20250520,15.44,15.58,15.32,15.52,15.47,0.3232,47897.5,74098.695
002271.SZ,20250520,11.32,11.41,11.25,11.34,11.32,0.1767,168688.22,191207.768
002272.SZ,20250520,10.75,11.16,10.47,10.99,10.85,1.2903,646035.08,702893.846
002273.SZ,20250520,19.58,19.75,19.4,19.65,19.52,0.666,205395.22,402353.423
002274.SZ,20250520,7.3,7.41,7.3,7.37,7.33,0.5457,87162.03,64156.689
002275.SZ,20250520,14.24,14.44,14.24,14.4,14.24,1.1236,27970.1,40246.96
002276.SZ,20250520,15.23,15.66,15.12,15.55,15.4,0.974,853860.95,1319363.319
002277.SZ,20250520,6.14,6.24,5.98,6.24,5.67,10.0529,747639.99,461669.73
002278.SZ,20250520,8.62,8.79,8.43,8.44,8.62,-2.0882,400357.57,340930.884
002279.SZ,20250520,6.53,6.72,6.47,6.7,6.56,2.1341,386586.8,256326.272
002281.SZ,20250520,43.1,43.46,42.44,43.06,43.11,-0.116,102978.55,442084.112
002282.SZ,20250520,7.46,7.5,7.4,7.48,7.46,0.2681,43862.75,32749.75
002283.SZ,20250520,6.38,6.45,6.25,6.41,6.4,0.1563,226412.0,144070.166
002284.SZ,20250520,13.56,13.86,12.82,12.88,13.27,-2.939,1069458.75,1411597.976
002285.SZ,20250520,2.35,2.35,2.31,2.35,2.35,0.0,303200.77,70788.045
002286.SZ,20250520,10.87,11.86,10.7,11.42,10.78,5.9369,816755.82,930642.726
002287.SZ,20250520,25.21,25.5,25.1,25.17,25.22,-0.1983,20826.71,52600.801
002289.SZ,20250520,14.54,14.54,14.05,14.54,13.85,4.9819,23020.2,33442.58
002290.SZ,20250520,31.4,31.48,30.72,30.76,31.1,-1.0932,42156.0,130632.025
002291.SZ,20250520,6.46,6.87,6.44,6.73,6.5,3.5385,1160325.06,777288.731
002292.SZ,20250520,8.87,9.77,8.84,9.77,8.88,10.0225,1397024.93,1314627.643
002293.SZ,20250520,9.65,9.96,9.56,9.73,9.65,0.829,179865.9,175930.268
002294.SZ,20250520,41.0,42.5,39.53,42.3,39.17,7.9908,182253.44,753081.564
002295.SZ,20250520,7.89,7.99,7.88,7.98,7.89,1.1407,31711.0,25202.885
002296.SZ,20250520,11.1,11.27,10.96,11.24,11.1,1.2613,126092.04,140724.813
002297.SZ,20250520,8.05,8.68,8.05,8.68,7.89,10.0127,631502.71,536059.72
002298.SZ,20250520,5.85,5.93,5.79,5.92,5.87,0.8518,313920.52,184711.959
002299.SZ,20250520,15.8,16.03,15.76,15.82,15.84,-0.1263,90499.9,143678.744
002300.SZ,20250520,6.1,6.14,6.05,6.1,6.1,0.0,157834.78,95984.729
002301.SZ,20250520,7.07,7.45,7.07,7.39,7.1,4.0845,290819.75,213006.24
002302.SZ,20250520,6.0,6.02,5.94,5.97,5.99,-0.3339,66505.02,39654.884
002303.SZ,20250520,3.62,3.69,3.6,3.67,3.62,1.3812,344079.06,125721.748
002304.SZ,20250520,67.73,68.39,67.7,68.1,67.72,0.5611,40575.46,276009.696
002305.SZ,20250520,1.96,1.98,1.94,1.98,1.89,4.7619,209060.01,41126.191
002306.SZ,20250520,1.84,1.92,1.81,1.88,1.83,2.7322,625645.0,116735.574
002307.SZ,20250520,4.21,4.25,4.1,4.11,4.1,0.2439,335604.2,139254.276
002309.SZ,20250520,2.77,2.79,2.73,2.77,2.76,0.3623,109635.47,30218.565
002310.SZ,20250520,2.19,2.22,2.17,2.19,2.19,0.0,325634.59,71263.339
002311.SZ,20250520,57.09,59.0,56.9,58.34,57.01,2.3329,121942.81,709417.554
002312.SZ,20250520,11.32,11.5,11.23,11.44,11.33,0.9709,272332.01,309604.713
002313.SZ,20250520,9.11,9.4,8.96,9.31,9.1,2.3077,165406.0,153148.615
002314.SZ,20250520,2.59,2.61,2.53,2.55,2.58,-1.1628,270696.03,69227.031
002315.SZ,20250520,40.82,42.72,40.39,41.47,40.93,1.3193,62830.9,261024.022
002316.SZ,20250520,3.9,4.04,3.9,3.99,3.91,2.046,123234.0,49179.221
002317.SZ,20250520,12.36,13.06,12.35,12.83,12.36,3.8026,452189.35,574576.354
002318.SZ,20250520,23.92,24.17,23.8,23.99,23.92,0.2926,29630.75,71066.032
002319.SZ,20250520,10.31,10.75,10.21,10.5,10.38,1.1561,47120.51,49338.784
002320.SZ,20250520,6.11,6.12,6.01,6.06,6.12,-0.9804,166586.61,100573.846
002321.SZ,20250520,2.37,2.41,2.36,2.4,2.38,0.8403,249723.0,59575.174
002322.SZ,20250520,12.56,12.61,12.48,12.59,12.56,0.2389,20625.76,25908.466
002323.SZ,20250520,1.56,1.61,1.55,1.59,1.55,2.5806,773246.44,122268.151
002324.SZ,20250520,10.36,10.46,10.26,10.36,10.39,-0.2887,70055.44,72459.741
002326.SZ,20250520,11.22,11.3,11.06,11.26,11.25,0.0889,121292.46,135717.562
002327.SZ,20250520,8.1,8.26,8.08,8.24,8.1,1.7284,58208.99,47785.167
002328.SZ,20250520,5.69,5.76,5.66,5.74,5.71,0.5254,67079.1,38361.497
002329.SZ,20250520,3.52,3.66,3.52,3.63,3.53,2.8329,424770.49,152968.26
002330.SZ,20250520,4.58,4.67,4.57,4.59,4.58,0.2183,142886.97,65857.428
002331.SZ,20250520,7.9,7.99,7.78,7.89,7.95,-0.7547,364352.61,286683.172
002332.SZ,20250520,9.29,9.42,9.28,9.37,9.27,1.0787,137544.84,128936.97
002333.SZ,20250520,5.41,5.44,5.34,5.39,5.41,-0.3697,37280.0,20019.573
002334.SZ,20250520,7.86,7.98,7.79,7.96,7.89,0.8872,165990.66,131341.283
002335.SZ,20250520,39.75,40.68,39.2,40.04,39.94,0.2504,136320.37,545648.259
002337.SZ,20250520,5.55,5.95,5.52,5.72,5.58,2.509,296484.0,169502.296
002338.SZ,20250520,44.28,44.88,43.97,44.22,44.42,-0.4502,94240.0,417765.119
002339.SZ,20250520,7.21,7.24,7.13,7.24,7.19,0.6954,74333.2,53562.334
002340.SZ,20250520,6.23,6.26,6.19,6.23,6.23,0.0,376019.1,233949.935
002342.SZ,20250520,5.18,5.31,5.09,5.23,5.21,0.3839,936483.21,486091.997
002343.SZ,20250520,7.08,7.29,7.04,7.26,7.11,2.1097,291294.6,209833.922
002344.SZ,20250520,4.38,4.45,4.35,4.4,4.37,0.6865,192891.8,84863.188
002345.SZ,20250520,10.26,11.28,10.24,11.28,10.25,10.0488,546331.84,606450.636
002346.SZ,20250520,13.9,13.98,13.76,13.92,13.96,-0.2865,21134.0,29307.718
002347.SZ,20250520,7.18,7.18,7.0,7.14,7.2,-0.8333,245149.31,174079.907
002348.SZ,20250520,3.5,3.85,3.48,3.83,3.5,9.4286,734541.95,275306.195
002349.SZ,20250520,7.34,7.6,7.29,7.49,7.28,2.8846,274569.97,206047.532
002350.SZ,20250520,6.61,6.7,6.6,6.66,6.61,0.7564,64880.1,43152.462
002351.SZ,20250520,13.14,13.34,13.02,13.29,13.14,1.1416,68417.63,90499.091
002352.SZ,20250520,42.95,46.09,42.91,45.85,43.0,6.6279,500398.66,2259018.421
002353.SZ,20250520,33.61,35.04,33.35,34.56,33.64,2.7348,108846.75,376830.995
002354.SZ,20250520,6.6,6.99,6.6,6.95,6.65,4.5113,1964312.79,1338609.503
002355.SZ,20250520,6.96,7.17,6.91,7.15,7.01,1.9971,480595.5,340054.444
002356.SZ,20250520,3.06,3.08,3.04,3.05,3.07,-0.6515,81794.0,24991.59
002357.SZ,20250520,8.09,8.22,8.03,8.2,8.08,1.4851,85692.0,69873.134
002358.SZ,20250520,5.39,5.51,5.39,5.45,5.37,1.4898,339760.0,185246.197
002360.SZ,20250520,5.1,5.13,5.05,5.12,5.09,0.5894,42081.32,21454.387
002361.SZ,20250520,6.68,6.79,6.56,6.59,6.66,-1.0511,662531.55,440100.701
002362.SZ,20250520,21.75,22.17,21.57,22.12,21.81,1.4214,38034.0,83273.049
002363.SZ,20250520,7.6,7.71,7.5,7.69,7.63,0.7864,122784.1,93445.127
002364.SZ,20250520,15.14,16.51,15.06,16.2,15.21,6.5089,567078.08,901826.863
002365.SZ,20250520,15.99,16.94,15.12,15.3,15.41,-0.7138,896555.86,1417638.225
002366.SZ,20250520,5.34,5.49,5.27,5.3,5.34,-0.7491,1107377.65,593578.843
002367.SZ,20250520,7.03,7.09,7.0,7.07,7.06,0.1416,91205.58,64352.27
002368.SZ,20250520,23.73,23.87,23.51,23.79,23.78,0.0421,55073.75,130631.281
002369.SZ,20250520,9.2,9.34,8.96,9.3,9.14,1.7505,415409.0,382560.156
002370.SZ,20250520,3.4,3.55,3.4,3.45,3.4,1.4706,330080.99,114251.674
002371.SZ,20250520,435.0,437.97,431.76,433.66,435.0,-0.308,29411.22,1277456.329
002372.SZ,20250520,11.73,11.87,11.63,11.76,11.69,0.5988,59287.99,69573.203
002373.SZ,20250520,9.38,9.41,9.27,9.31,9.38,-0.7463,119820.0,111523.307
002374.SZ,20250520,2.73,2.76,2.71,2.75,2.73,0.7326,146617.0,40142.453
002375.SZ,20250520,3.93,3.93,3.88,3.91,3.9,0.2564,128626.59,50258.937
002376.SZ,20250520,6.82,7.24,6.74,7.1,6.82,4.1056,750426.41,529974.09
002377.SZ,20250520,2.95,2.97,2.92,2.96,2.95,0.339,132903.0,39183.468
002378.SZ,20250520,8.53,8.65,8.16,8.48,8.49,-0.1178,1045857.9,878433.535
002379.SZ,20250520,11.13,11.44,10.94,11.18,11.22,-0.3565,202230.32,224917.054
002380.SZ,20250520,24.01,24.27,23.63,24.21,24.01,0.833,46615.0,111741.271
002381.SZ,20250520,6.53,6.61,6.49,6.61,6.53,1.2251,40573.0,26587.894
002382.SZ,20250520,5.31,5.39,5.29,5.38,5.31,1.3183,107659.75,57682.898
002383.SZ,20250520,9.02,9.15,8.96,9.07,9.11,-0.4391,388147.03,351510.256
002384.SZ,20250520,27.72,29.0,27.47,28.63,27.8,2.9856,565794.98,1611571.731
002385.SZ,20250520,4.09,4.12,4.09,4.11,4.1,0.2439,629021.39,258256.34
002386.SZ,20250520,4.65,4.69,4.59,4.64,4.66,-0.4292,165827.0,76700.934
002387.SZ,20250520,9.44,9.8,9.24,9.71,9.34,3.9615,415596.56,397483.668
002388.SZ,20250520,3.79,3.88,3.76,3.81,3.79,0.5277,182805.0,69998.191
002389.SZ,20250520,22.15,22.8,21.15,21.22,21.69,-2.1669,1121701.31,2470533.567
002390.SZ,20250520,3.58,3.65,3.57,3.62,3.58,1.1173,157233.02,56889.955
002391.SZ,20250520,5.71,5.74,5.62,5.68,5.66,0.3534,96500.5,54849.626
002392.SZ,20250520,6.17,6.27,6.16,6.21,6.2,0.1613,226693.0,140480.113
002393.SZ,20250520,17.01,17.33,17.01,17.26,17.01,1.4697,25144.72,43270.961
002394.SZ,20250520,8.25,8.33,8.2,8.32,8.25,0.8485,66998.0,55370.077
002395.SZ,20250520,17.11,17.13,16.89,17.08,17.16,-0.4662,49982.0,85051.697
002396.SZ,20250520,19.88,20.05,19.7,19.94,19.89,0.2514,70886.09,141124.368
002397.SZ,20250520,3.87,3.95,3.85,3.92,3.88,1.0309,142358.04,55585.208
002398.SZ,20250520,4.86,4.87,4.79,4.86,4.85,0.2062,121940.0,59003.216
002399.SZ,20250520,11.45,11.6,11.41,11.51,11.38,1.1424,44286.0,51012.03
002400.SZ,20250520,7.56,7.89,7.51,7.8,7.59,2.7668,1041476.46,810330.956
002401.SZ,20250520,15.0,15.1,14.82,15.06,15.02,0.2663,77196.65,115713.367
002402.SZ,20250520,19.08,19.22,18.9,19.11,19.08,0.1572,221050.98,421872.826
002403.SZ,20250520,14.28,15.71,14.0,14.86,14.28,4.0616,241698.3,361009.305
002404.SZ,20250520,6.43,6.55,6.39,6.49,6.49,0.0,214466.0,138734.829
002405.SZ,20250520,8.43,8.5,8.36,8.47,8.44,0.3555,194215.51,164146.859
002406.SZ,20250520,8.21,8.25,7.98,8.11,8.25,-1.697,812509.9,659168.77
002407.SZ,20250520,11.94,11.97,11.83,11.85,11.94,-0.7538,76450.8,90740.29
002408.SZ,20250520,4.7,4.72,4.64,4.72,4.71,0.2123,188586.84,88101.876
002409.SZ,20250520,54.26,54.47,53.81,54.02,54.25,-0.424,41320.42,223620.788
002410.SZ,20250520,14.21,14.24,14.09,14.14,14.21,-0.4926,177407.79,250777.498
002412.SZ,20250520,5.79,5.89,5.79,5.88,5.8,1.3793,68616.0,40203.057
002413.SZ,20250520,5.31,5.34,5.06,5.09,5.25,-3.0476,1026097.76,527967.328
002414.SZ,20250520,8.59,8.63,8.52,8.61,8.6,0.1163,208167.03,178677.035
002415.SZ,20250520,28.1,28.2,27.9,28.18,28.07,0.3919,258778.48,726235.946
002416.SZ,20250520,11.6,12.12,11.58,11.92,11.65,2.3176,213508.53,253399.93
002418.SZ,20250520,3.46,3.52,3.41,3.5,3.45,1.4493,565694.06,196742.059
002419.SZ,20250520,5.64,5.68,5.58,5.64,5.66,-0.3534,282382.79,158820.77
002420.SZ,20250520,6.05,6.18,6.01,6.14,6.08,0.9868,90089.0,54977.21
002421.SZ,20250520,3.43,3.48,3.4,3.47,3.44,0.8721,587221.99,202733.981
002422.SZ,20250520,34.96,37.1,34.96,36.9,34.96,5.5492,263165.75,964012.344
002423.SZ,20250520,11.9,11.97,11.88,11.93,11.9,0.2521,109399.01,130382.965
002424.SZ,20250520,4.0,4.17,3.98,4.07,3.99,2.005,335854.44,136996.146
002425.SZ,20250520,2.47,2.56,2.42,2.44,2.46,-0.813,385483.0,95972.833
002426.SZ,20250520,2.83,2.88,2.79,2.88,2.83,1.7668,1156961.83,330287.724
002427.SZ,20250520,9.43,9.43,8.49,8.49,9.43,-9.9682,1799851.01,1573475.747
002428.SZ,20250520,19.1,19.2,18.96,19.13,19.11,0.1047,104088.48,198454.77
002429.SZ,20250520,4.48,4.54,4.44,4.52,4.47,1.1186,310992.17,139836.273
002430.SZ,20250520,19.94,20.0,19.84,19.88,19.95,-0.3509,33010.49,65732.442
002431.SZ,20250520,2.4,2.4,2.4,2.4,2.18,10.0917,233455.89,56029.414
002432.SZ,20250520,39.02,39.33,38.73,39.11,39.19,-0.2041,56157.41,218851.821
002434.SZ,20250520,7.89,7.95,7.77,7.82,7.89,-0.8872,147471.89,115333.989
002436.SZ,20250520,12.34,12.34,12.1,12.23,12.33,-0.811,306306.17,373884.516
002437.SZ,20250520,2.54,2.69,2.54,2.61,2.54,2.7559,1102712.5,287192.957
002438.SZ,20250520,11.13,11.26,11.1,11.19,11.19,0.0,53779.0,60107.451
002439.SZ,20250520,15.31,15.4,15.2,15.38,15.37,0.0651,105026.16,160902.791
002440.SZ,20250520,7.5,7.95,7.5,7.82,7.55,3.5762,467084.04,363265.751
002441.SZ,20250520,8.72,8.84,8.65,8.83,8.73,1.1455,52639.0,46181.825
002442.SZ,20250520,6.25,6.26,6.16,6.25,6.25,0.0,56620.64,35165.639
002443.SZ,20250520,6.12,6.19,6.11,6.17,6.14,0.4886,65780.0,40444.293
002444.SZ,20250520,24.12,24.7,23.91,24.42,24.4,0.082,160976.36,392462.009
002445.SZ,20250520,2.35,2.37,2.34,2.36,2.35,0.4255,318904.9,75117.788
002446.SZ,20250520,6.69,6.73,6.62,6.7,6.71,-0.149,228006.14,151695.758
002448.SZ,20250520,8.19,8.28,8.09,8.22,8.19,0.3663,199666.0,163130.983
002449.SZ,20250520,8.75,9.11,8.67,9.09,8.74,4.0046,282475.08,252476.096
002451.SZ,20250520,6.67,6.71,6.62,6.7,6.67,0.4498,52630.0,35079.656
002452.SZ,20250520,7.09,7.14,7.07,7.12,7.1,0.2817,72283.43,51376.824
002453.SZ,20250520,5.76,5.9,5.73,5.8,5.76,0.6944,185086.4,107156.074
002454.SZ,20250520,7.66,7.68,7.53,7.6,7.66,-0.7833,94071.5,71305.825
002455.SZ,20250520,7.59,7.6,7.47,7.55,7.59,-0.527,111213.0,83630.928
002456.SZ,20250520,12.17,13.35,11.92,13.35,12.14,9.9671,3691220.45,4737789.875
002457.SZ,20250520,11.6,12.39,11.51,12.04,11.63,3.5254,323189.01,387384.141
002458.SZ,20250520,8.37,8.43,8.34,8.39,8.36,0.3589,119779.28,100332.983
002459.SZ,20250520,9.57,9.6,9.47,9.59,9.55,0.4188,351823.53,335679.473
002460.SZ,20250520,30.93,31.15,30.68,31.05,30.89,0.518,97581.79,301666.096
002461.SZ,20250520,10.95,11.23,10.87,11.11,10.97,1.2762,124171.0,137872.379
002462.SZ,20250520,13.16,13.26,13.1,13.21,13.16,0.3799,46979.52,61909.135
002463.SZ,20250520,30.5,30.8,30.07,30.73,30.5,0.7541,288837.42,882219.62
002465.SZ,20250520,12.28,12.37,11.5,11.6,11.48,1.0453,2945387.61,3505900.713
002466.SZ,20250520,29.3,29.45,29.0,29.29,29.29,0.0,97596.59,284997.133
002467.SZ,20250520,5.35,5.53,5.3,5.52,5.35,3.1776,525046.93,285979.994
002468.SZ,20250520,10.39,10.55,10.3,10.49,10.38,1.0597,149575.91,155713.532
002469.SZ,20250520,9.05,9.24,8.89,9.15,9.1,0.5495,474838.0,428683.854
002470.SZ,20250520,1.75,1.76,1.72,1.74,1.74,0.0,319432.04,55420.63
002471.SZ,20250520,4.35,4.48,4.08,4.12,4.35,-5.2874,4584173.88,1947191.667
002472.SZ,20250520,33.68,33.8,32.91,33.54,33.64,-0.2973,106332.8,354778.037
002474.SZ,20250520,6.57,6.79,6.49,6.76,6.56,3.0488,251302.0,168029.661
002475.SZ,20250520,32.08,32.65,31.86,32.6,32.23,1.148,952180.88,3077663.929
002476.SZ,20250520,4.51,4.52,4.45,4.5,4.49,0.2227,97967.29,43874.502
002478.SZ,20250520,5.36,5.39,5.31,5.36,5.36,0.0,102936.0,54966.423
002479.SZ,20250520,5.25,5.27,5.18,5.25,5.26,-0.1901,211228.1,110273.299
002480.SZ,20250520,6.05,6.25,6.04,6.18,5.97,3.5176,289507.0,177870.849
002481.SZ,20250520,5.2,5.43,5.2,5.32,5.23,1.7208,311048.28,165679.349
002482.SZ,20250520,1.87,1.9,1.85,1.89,1.86,1.6129,498847.23,93914.686
002483.SZ,20250520,6.23,6.25,6.17,6.22,6.22,0.0,144731.29,89913.555
002484.SZ,20250520,18.32,18.99,18.14,18.73,18.23,2.7427,159061.16,295405.394
002485.SZ,20250520,3.14,3.19,3.08,3.18,3.1,2.5806,60221.2,18942.203
002486.SZ,20250520,2.47,2.49,2.43,2.49,2.46,1.2195,205846.1,50698.025
002487.SZ,20250520,28.28,28.75,28.18,28.47,28.28,0.6719,91796.18,260992.642
002488.SZ,20250520,13.96,14.4,13.91,14.4,13.94,3.2999,186284.43,264382.079
002489.SZ,20250520,4.06,4.09,3.98,4.01,4.04,-0.7426,914264.58,367035.501
002490.SZ,20250520,4.26,4.27,4.18,4.24,4.24,0.0,241767.02,102090.598
002491.SZ,20250520,5.2,5.2,5.11,5.16,5.18,-0.3861,211392.33,108611.154
002492.SZ,20250520,5.75,5.77,5.62,5.71,5.78,-1.2111,145961.0,82877.784
002493.SZ,20250520,8.64,8.74,8.6,8.67,8.66,0.1155,118776.51,103100.855
002494.SZ,20250520,4.79,4.87,4.73,4.87,4.79,1.6701,102790.7,49472.26
002495.SZ,20250520,2.74,2.8,2.72,2.78,2.74,1.4599,515430.0,142582.876
002496.SZ,20250520,1.51,1.59,1.49,1.57,1.51,3.9735,478552.99,74293.811
002497.SZ,20250520,11.12,11.21,11.08,11.14,11.12,0.1799,76326.06,84920.434
002498.SZ,20250520,3.36,3.37,3.33,3.36,3.36,0.0,175744.81,58927.214
002500.SZ,20250520,5.69,5.72,5.67,5.7,5.7,0.0,176128.59,100319.136
002501.SZ,20250520,2.22,2.39,2.21,2.39,2.17,10.1382,2363702.14,549047.143
002506.SZ,20250520,2.32,2.33,2.28,2.31,2.32,-0.431,643260.4,148030.762
002507.SZ,20250520,13.23,13.66,13.21,13.57,13.26,2.3379,251503.32,339162.821
002508.SZ,20250520,19.99,20.32,19.89,20.15,19.98,0.8509,97121.98,194902.35
002510.SZ,20250520,7.7,7.7,7.7,7.7,7.0,10.0,95447.4,73494.498
002511.SZ,20250520,7.08,7.32,7.02,7.22,7.07,2.1216,333537.0,240864.155
002512.SZ,20250520,5.5,5.8,5.12,5.16,5.31,-2.8249,2038699.17,1096103.981
002513.SZ,20250520,4.9,4.99,4.87,4.98,4.87,2.2587,93134.0,45891.983
002514.SZ,20250520,6.12,6.53,6.04,6.25,6.13,1.9576,513815.6,322492.157
002515.SZ,20250520,5.42,5.61,5.42,5.58,5.42,2.952,302537.65,167290.42
002516.SZ,20250520,5.23,5.27,5.2,5.25,5.24,0.1908,125240.48,65571.994
002517.SZ,20250520,16.0,16.5,15.81,16.13,16.04,0.5611,306007.11,495472.826
002518.SZ,20250520,22.7,23.06,22.43,22.97,22.73,1.0559,56174.3,127991.275
002519.SZ,20250520,4.69,4.73,4.66,4.7,4.73,-0.6342,254712.92,119208.283
002520.SZ,20250520,7.3,7.7,7.16,7.23,7.47,-3.2129,1174645.91,861346.333
002521.SZ,20250520,9.28,9.59,9.26,9.5,9.27,2.4811,86756.01,81809.06
002522.SZ,20250520,4.59,5.06,4.55,5.06,4.6,10.0,733602.29,359872.143
002523.SZ,20250520,3.73,3.75,3.68,3.74,3.72,0.5376,327838.31,122167.446
002524.SZ,20250520,4.16,4.26,4.15,4.24,4.15,2.1687,114482.33,48215.124
002526.SZ,20250520,3.8,3.89,3.74,3.82,3.79,0.7916,560621.02,214379.888
002527.SZ,20250520,15.56,15.68,15.23,15.5,15.64,-0.8951,165911.74,256453.535
002528.SZ,20250520,2.63,2.72,2.58,2.59,2.6,-0.3846,396459.87,105170.603
002529.SZ,20250520,6.44,6.76,6.37,6.76,6.44,4.9689,134250.25,88230.396
002530.SZ,20250520,11.17,11.27,10.82,10.95,11.01,-0.545,1181730.59,1294696.673
002531.SZ,20250520,6.6,6.64,6.54,6.61,6.6,0.1515,120747.24,79422.733
002532.SZ,20250520,7.82,8.02,7.77,7.99,7.85,1.7834,495515.31,392218.564
002533.SZ,20250520,9.95,10.01,9.88,9.99,9.95,0.402,110975.62,110531.347
002534.SZ,20250520,11.27,11.35,11.21,11.33,11.27,0.5324,28379.57,32023.039
002535.SZ,20250520,3.97,4.0,3.93,3.99,3.97,0.5038,168716.24,67126.839
002536.SZ,20250520,15.54,16.15,15.36,16.07,15.55,3.3441,328367.5,519312.061
002537.SZ,20250520,7.23,7.24,7.03,7.09,7.17,-1.1158,765114.82,542649.321
002538.SZ,20250520,5.1,5.12,5.07,5.11,5.09,0.3929,117474.0,59851.823
002539.SZ,20250520,8.56,8.83,8.53,8.72,8.56,1.8692,175273.0,152456.012
002540.SZ,20250520,6.12,6.16,6.08,6.13,6.16,-0.487,61429.0,37556.449
002541.SZ,20250520,19.92,19.96,19.55,19.83,19.96,-0.6513,33020.0,65194.345
002542.SZ,20250520,3.31,3.5,3.24,3.37,3.31,1.8127,1247678.76,420285.029
002543.SZ,20250520,11.48,11.59,11.41,11.59,11.49,0.8703,21203.34,24397.73
002544.SZ,20250520,22.31,22.47,22.1,22.2,22.29,-0.4038,89893.63,199749.829
002545.SZ,20250520,7.74,7.83,7.69,7.78,7.75,0.3871,110774.1,85840.082
002546.SZ,20250520,4.92,4.96,4.89,4.95,4.92,0.6098,169241.43,83617.388
002547.SZ,20250520,5.26,5.34,5.15,5.17,5.49,-5.8288,1758615.57,917343.583
002548.SZ,20250520,3.84,3.88,3.83,3.86,3.84,0.5208,220431.5,85111.162
002549.SZ,20250520,9.74,9.84,9.4,9.64,9.83,-1.9329,670871.2,645808.87
002550.SZ,20250520,5.98,6.18,5.97,6.14,5.99,2.5042,316257.0,193540.773
002551.SZ,20250520,3.8,3.86,3.71,3.75,3.8,-1.3158,888940.58,335185.858
002552.SZ,20250520,13.37,13.59,13.27,13.57,13.37,1.4959,44211.0,59603.037
002553.SZ,20250520,24.0,24.12,23.0,23.78,23.65,0.5497,401223.0,948035.736
002554.SZ,20250520,2.63,2.64,2.6,2.63,2.62,0.3817,164723.84,43142.99
002555.SZ,20250520,15.01,15.24,14.92,15.1,15.01,0.5996,316273.02,477363.383
002556.SZ,20250520,5.54,5.58,5.51,5.56,5.53,0.5425,125793.45,69769.097
002557.SZ,20250520,23.25,24.25,23.25,23.67,23.32,1.5009,194381.71,462205.708
002558.SZ,20250520,13.88,15.09,13.78,14.66,13.92,5.3161,449836.37,652630.472
002559.SZ,20250520,10.98,10.98,10.03,10.11,9.98,1.3026,970621.94,1008187.335
002560.SZ,20250520,9.01,9.14,8.39,8.39,9.32,-9.9785,1602804.77,1381170.744
002561.SZ,20250520,8.32,8.43,8.28,8.43,8.34,1.0791,88908.0,74524.184
002562.SZ,20250520,4.81,4.87,4.74,4.76,4.85,-1.8557,622988.8,298090.915
002563.SZ,20250520,5.75,5.9,5.71,5.82,5.75,1.2174,202119.08,117586.609
002564.SZ,20250520,5.65,5.71,5.58,5.67,5.7,-0.5263,371878.0,209779.696
002565.SZ,20250520,3.86,3.9,3.8,3.89,3.87,0.5168,320387.69,123640.549
002566.SZ,20250520,7.47,7.59,7.47,7.56,7.47,1.2048,86088.0,64847.765
002567.SZ,20250520,4.83,4.88,4.82,4.87,4.84,0.6198,240539.37,116653.505
002568.SZ,20250520,25.64,26.46,25.51,25.61,25.7,-0.3502,155676.65,404233.03
002569.SZ,20250520,8.53,8.59,8.28,8.31,8.62,-3.5963,44640.73,37573.448
002570.SZ,20250520,5.94,6.56,5.94,6.56,5.96,10.0671,2527893.04,1632090.503
002571.SZ,20250520,6.57,6.71,6.42,6.5,6.57,-1.0654,465787.3,304948.698
002572.SZ,20250520,15.09,15.19,15.01,15.16,15.09,0.4639,58072.05,87748.557
002573.SZ,20250520,3.87,4.27,3.82,4.27,3.88,10.0515,351558.24,146414.235
002574.SZ,20250520,5.65,5.87,5.62,5.82,5.66,2.8269,391567.0,227173.875
002575.SZ,20250520,9.98,10.3,9.87,10.0,10.15,-1.4778,501620.6,502703.964
002576.SZ,20250520,16.26,16.6,15.95,16.5,16.38,0.7326,111404.0,181850.956
002577.SZ,20250520,20.8,21.16,20.65,21.12,20.93,0.9078,27746.0,58254.715
002578.SZ,20250520,3.2,3.21,3.14,3.2,3.2,0.0,226438.0,72003.179
002579.SZ,20250520,8.0,8.02,7.89,7.99,7.98,0.1253,86027.0,68490.217
002580.SZ,20250520,12.28,12.45,12.11,12.38,12.29,0.7323,215593.0,265839.282
002581.SZ,20250520,7.9,8.69,7.9,8.69,7.9,10.0,131253.42,110054.009
002582.SZ,20250520,11.6,12.14,11.5,12.05,11.64,3.5223,611452.97,730291.501
002583.SZ,20250520,12.26,12.44,12.05,12.43,12.25,1.4694,714239.93,876521.551
002584.SZ,20250520,9.8,10.25,9.63,10.0,9.84,1.626,876055.66,864065.297
002585.SZ,20250520,5.14,5.19,5.12,5.14,5.15,-0.1942,129685.7,66637.402
002586.SZ,20250520,3.21,3.21,3.12,3.15,3.18,-0.9434,65961.1,20801.61
002587.SZ,20250520,6.0,6.07,5.99,6.07,6.03,0.6633,106078.0,63985.067
002588.SZ,20250520,8.71,8.93,8.69,8.84,8.72,1.3761,168192.0,148479.889
002589.SZ,20250520,2.97,2.99,2.95,2.98,2.97,0.3367,199015.0,59165.648
002590.SZ,20250520,15.97,15.97,15.56,15.97,14.52,9.9862,1025038.77,1633820.91
002591.SZ,20250520,5.71,5.81,5.66,5.73,5.71,0.3503,81475.98,46568.491
002592.SZ,20250520,5.85,5.95,5.76,5.79,5.72,1.2238,79879.0,46716.548
002593.SZ,20250520,5.0,5.13,4.95,5.12,4.99,2.6052,316118.0,159915.481
002594.SZ,20250520,383.5,394.8,381.5,394.8,382.81,3.1321,172099.91,6705400.029
002595.SZ,20250520,60.74,61.5,60.37,61.22,60.44,1.2905,19290.88,117683.489
002596.SZ,20250520,3.71,3.76,3.68,3.74,3.71,0.8086,206538.0,77095.553
002597.SZ,20250520,24.63,25.34,24.5,25.13,24.69,1.7821,107194.11,268105.276
002598.SZ,20250520,10.91,11.08,10.7,10.81,10.86,-0.4604,217585.99,235467.178
002599.SZ,20250520,9.21,9.35,9.08,9.3,9.27,0.3236,272820.14,251613.538
002600.SZ,20250520,8.27,8.35,8.18,8.35,8.28,0.8454,671300.55,556904.075
002601.SZ,20250520,16.63,16.64,16.48,16.59,16.61,-0.1204,91033.58,150721.264
002602.SZ,20250520,8.43,8.79,8.37,8.61,8.39,2.6222,989163.5,853814.112
002603.SZ,20250520,14.66,14.99,14.66,14.79,14.76,0.2033,274313.38,406202.213
002605.SZ,20250520,26.0,28.16,26.0,27.6,25.98,6.2356,245532.68,669941.078
002606.SZ,20250520,8.55,8.68,8.46,8.67,8.54,1.5222,91252.0,78409.566
002607.SZ,20250520,3.05,3.09,3.03,3.09,3.06,0.9804,1135731.99,348638.949
002608.SZ,20250520,7.52,7.55,7.48,7.53,7.5,0.4,96426.0,72446.53
002609.SZ,20250520,9.93,10.24,9.8,10.1,9.96,1.4056,91681.0,92394.947
002611.SZ,20250520,12.76,13.15,12.62,13.05,12.8,1.9531,789441.81,1022952.406
002612.SZ,20250520,16.99,17.74,16.98,17.47,16.95,3.0678,226254.18,395935.329
002613.SZ,20250520,4.08,4.09,4.03,4.06,4.09,-0.7335,127517.7,51719.243
002614.SZ,20250520,6.73,6.9,6.67,6.89,6.74,2.2255,114830.0,78080.62
002615.SZ,20250520,7.54,7.65,7.44,7.64,7.52,1.5957,107657.41,81507.625
002616.SZ,20250520,5.85,5.87,5.8,5.85,5.84,0.1712,61022.04,35594.871
002617.SZ,20250520,7.43,7.51,7.36,7.48,7.45,0.4027,320571.98,238981.704
002620.SZ,20250520,4.11,4.28,4.04,4.17,4.08,2.2059,480624.16,199849.408
002622.SZ,20250520,2.75,2.82,2.75,2.8,2.75,1.8182,199480.6,55683.339
002623.SZ,20250520,15.02,15.1,14.92,15.05,15.03,0.1331,12304.44,18456.863
002624.SZ,20250520,12.82,13.15,12.74,13.09,12.81,2.1858,315609.74,409762.755
002625.SZ,20250520,41.76,41.88,41.11,41.36,41.31,0.121,132928.62,551341.153
002626.SZ,20250520,18.76,20.18,18.6,19.13,18.76,1.9723,523848.13,1017277.167
002627.SZ,20250520,5.35,5.66,5.35,5.51,5.32,3.5714,625081.0,344531.905
002628.SZ,20250520,4.42,4.46,4.39,4.43,4.42,0.2262,127472.0,56397.502
002629.SZ,20250520,5.01,5.23,4.97,5.05,5.02,0.5976,176409.0,89836.675
002630.SZ,20250520,2.57,2.64,2.41,2.45,2.51,-2.3904,2778945.99,703365.93
002631.SZ,20250520,4.64,4.69,4.6,4.68,4.64,0.8621,157044.94,72910.692
002632.SZ,20250520,8.65,8.66,8.54,8.66,8.62,0.464,65628.07,56526.37
002633.SZ,20250520,13.44,13.84,13.19,13.8,13.44,2.6786,50785.08,69148.109
002634.SZ,20250520,4.11,4.11,4.0,4.03,4.04,-0.2475,94807.0,38235.423
002635.SZ,20250520,13.26,13.36,13.12,13.28,13.27,0.0754,55879.72,74107.833
002636.SZ,20250520,8.52,8.58,8.43,8.57,8.51,0.7051,46254.4,39454.766
002637.SZ,20250520,9.47,9.68,9.4,9.59,9.44,1.589,53614.12,51211.941
002638.SZ,20250520,2.27,2.31,2.27,2.29,2.27,0.8811,185148.5,42307.113
002639.SZ,20250520,8.94,9.1,8.8,8.95,8.96,-0.1116,1020543.43,914300.47
002640.SZ,20250520,5.1,5.1,4.81,4.87,5.21,-6.5259,3791818.69,1870525.182
002641.SZ,20250520,4.2,4.28,4.16,4.22,4.19,0.716,120526.4,50689.361
002642.SZ,20250520,7.68,7.87,7.62,7.79,7.68,1.4323,262926.01,204354.457
002643.SZ,20250520,10.8,10.94,10.73,10.93,10.77,1.4856,77746.66,84482.645
002644.SZ,20250520,7.95,8.07,7.95,8.01,7.94,0.8816,51684.0,41512.39
002645.SZ,20250520,8.34,8.4,8.23,8.33,8.37,-0.4779,91327.0,75828.292
002646.SZ,20250520,9.22,9.32,9.18,9.28,9.21,0.76,41496.72,38413.023
002647.SZ,20250520,5.25,5.25,5.16,5.17,5.26,-1.711,119850.1,62147.172
002648.SZ,20250520,18.11,18.16,17.9,18.06,18.11,-0.2761,390632.99,703391.46
002649.SZ,20250520,13.5,13.7,13.38,13.66,13.52,1.0355,156277.24,212136.535
002650.SZ,20250520,6.8,7.21,6.73,7.21,6.87,4.9491,119337.81,84277.807
002651.SZ,20250520,15.2,15.28,14.03,14.03,15.59,-10.0064,1244886.08,1791934.984
002652.SZ,20250520,3.0,3.05,2.95,3.04,2.99,1.6722,131075.23,39438.29
002653.SZ,20250520,44.79,45.37,43.32,43.38,44.48,-2.473,62913.54,278238.015
002654.SZ,20250520,11.76,12.83,11.72,12.83,11.66,10.0343,418917.46,524097.107
002655.SZ,20250520,12.96,13.16,12.83,13.15,12.99,1.2317,123368.98,160703.862
002656.SZ,20250520,2.35,2.36,2.32,2.36,2.37,-0.4219,134425.0,31439.194
002657.SZ,20250520,20.43,20.55,19.96,20.33,20.45,-0.5868,160950.0,326582.769
002658.SZ,20250520,7.02,7.04,6.91,7.0,7.03,-0.4267,54072.0,37740.246
002659.SZ,20250520,4.84,4.88,4.79,4.88,4.82,1.2448,95462.46,46262.07
002660.SZ,20250520,9.18,9.31,9.07,9.29,9.16,1.4192,54679.0,50312.803
002661.SZ,20250520,10.24,10.5,10.24,10.42,10.25,1.6585,63154.0,65605.241
002662.SZ,20250520,3.57,3.63,3.54,3.63,3.57,1.6807,169695.7,61011.818
002663.SZ,20250520,1.8,1.85,1.8,1.83,1.8,1.6667,257506.0,46990.689
002664.SZ,20250520,21.0,21.3,20.4,20.47,21.5,-4.7907,378726.47,784809.921
002666.SZ,20250520,4.97,5.02,4.91,4.93,4.98,-1.004,177790.67,87834.851
002667.SZ,20250520,13.75,14.93,13.28,14.78,13.57,8.9167,412966.8,598583.755
002668.SZ,20250520,10.52,10.7,10.44,10.69,10.52,1.616,81162.79,86113.945
002669.SZ,20250520,10.6,10.63,10.43,10.55,10.6,-0.4717,43058.82,45212.339
002670.SZ,20250520,12.27,12.38,12.21,12.33,12.25,0.6531,165178.3,203145.051
002671.SZ,20250520,4.3,4.35,4.26,4.33,4.29,0.9324,68139.2,29406.198
002672.SZ,20250520,4.58,4.66,4.49,4.54,4.55,-0.2198,131970.01,59982.726
002673.SZ,20250520,7.59,7.64,7.56,7.59,7.59,0.0,242394.67,184077.167
002674.SZ,20250520,9.56,9.63,9.52,9.61,9.58,0.3132,17286.0,16560.282
002675.SZ,20250520,14.04,14.25,14.04,14.1,14.09,0.071,76826.39,108647.697
002676.SZ,20250520,6.06,6.1,6.0,6.04,6.06,-0.33,66048.0,39816.817
002677.SZ,20250520,7.46,7.5,7.4,7.45,7.48,-0.4011,31338.0,23338.076
002678.SZ,20250520,4.57,4.71,4.55,4.7,4.6,2.1739,60393.2,28132.405
002679.SZ,20250520,9.0,9.07,8.88,9.06,8.95,1.2291,29922.1,26966.108
002681.SZ,20250520,7.05,7.14,6.98,7.1,7.11,-0.1406,516703.0,365686.948
002682.SZ,20250520,4.69,4.76,4.65,4.75,4.69,1.2793,331534.04,156327.053
002683.SZ,20250520,30.9,31.77,30.71,31.47,30.7,2.5081,89262.38,280301.78
002685.SZ,20250520,7.73,8.27,7.62,8.17,7.72,5.829,1073301.4,860087.427
002686.SZ,20250520,6.2,6.27,6.13,6.25,6.19,0.9693,100480.0,62482.188
002687.SZ,20250520,4.53,4.58,4.49,4.56,4.53,0.6623,75569.93,34291.2
002688.SZ,20250520,6.8,7.21,6.75,7.12,6.82,4.3988,1357189.46,953075.875
002689.SZ,20250520,4.02,4.06,3.94,4.04,4.03,0.2481,355224.84,142588.756
002690.SZ,20250520,17.04,17.37,17.0,17.3,17.08,1.2881,68389.76,117928.039
002691.SZ,20250520,8.6,8.78,8.53,8.66,8.67,-0.1153,69028.0,59536.805
002692.SZ,20250520,4.99,5.05,4.94,5.02,4.99,0.6012,98233.0,49143.57
002693.SZ,20250520,7.78,7.78,7.78,7.78,7.41,4.9933,16523.0,12854.894
002694.SZ,20250520,4.66,4.72,4.6,4.69,4.65,0.8602,51521.2,24036.592
002695.SZ,20250520,10.43,10.82,10.43,10.62,10.49,1.2393,133241.0,141670.784
002696.SZ,20250520,5.9,5.95,5.81,5.91,5.9,0.1695,241080.43,142006.187
002697.SZ,20250520,5.77,5.93,5.76,5.89,5.8,1.5517,511386.14,299431.621
002698.SZ,20250520,16.31,16.45,16.13,16.32,16.39,-0.4271,93779.41,152674.102
002700.SZ,20250520,9.01,9.24,8.95,9.21,8.89,3.5996,47506.63,43325.576
002701.SZ,20250520,5.6,5.68,5.56,5.62,5.59,0.5367,317336.37,178912.383
002702.SZ,20250520,4.32,4.4,4.29,4.37,4.31,1.3921,287802.7,125521.728
002703.SZ,20250520,12.68,12.7,12.46,12.6,12.7,-0.7874,146359.0,183748.449
002705.SZ,20250520,14.73,14.8,14.6,14.72,14.73,-0.0679,32481.63,47749.629
002706.SZ,20250520,8.53,8.91,8.42,8.88,8.5,4.4706,223305.03,195506.934
002707.SZ,20250520,7.74,7.83,7.67,7.78,7.67,1.4342,335574.0,260287.701
002709.SZ,20250520,17.9,17.98,17.75,17.91,17.92,-0.0558,102734.67,183596.7
002712.SZ,20250520,5.58,5.76,5.54,5.73,5.53,3.6166,199224.4,113010.02
002713.SZ,20250520,4.75,4.94,4.7,4.88,4.79,1.8789,268317.8,129908.646
002714.SZ,20250520,39.23,39.74,39.09,39.55,39.23,0.8157,198279.65,782429.543
002715.SZ,20250520,16.28,16.52,16.06,16.41,16.28,0.7985,35989.08,58738.109
002716.SZ,20250520,3.47,3.5,3.46,3.48,3.47,0.2882,309649.9,107683.026
002717.SZ,20250520,1.8,1.8,1.8,1.8,1.71,5.2632,69020.0,12423.6
002718.SZ,20250520,14.88,15.04,14.71,15.01,14.88,0.8737,11231.6,16730.363
002719.SZ,20250520,9.14,9.43,9.03,9.19,9.04,1.6593,235244.86,216216.356
002721.SZ,20250520,2.9,2.94,2.88,2.91,2.92,-0.3425,343245.0,99822.728
002722.SZ,20250520,16.04,16.06,15.6,15.66,15.97,-1.9411,93128.26,146071.861
002723.SZ,20250520,7.33,7.59,7.25,7.4,7.25,2.069,137643.0,102517.921
002724.SZ,20250520,6.47,6.73,6.43,6.66,6.47,2.9366,459677.44,305649.131
002725.SZ,20250520,12.35,12.59,12.17,12.52,12.38,1.1309,187866.7,233697.246
002726.SZ,20250520,6.01,6.03,5.95,5.98,6.0,-0.3333,78134.0,46820.565
002727.SZ,20250520,14.2,15.63,14.1,15.63,14.21,9.993,433157.83,661091.094
002728.SZ,20250520,8.4,8.59,8.4,8.47,8.43,0.4745,145969.86,123969.728
002729.SZ,20250520,12.91,13.09,12.83,13.08,12.98,0.7704,27769.0,36126.917
002730.SZ,20250520,19.1,19.17,18.21,18.32,19.28,-4.9793,394438.66,727937.816
002731.SZ,20250520,10.46,11.01,10.45,10.8,10.5,2.8571,151647.0,164192.958
002732.SZ,20250520,16.97,17.1,16.8,17.0,16.94,0.3542,47797.83,81108.486
002733.SZ,20250520,15.16,15.6,15.01,15.4,15.16,1.5831,121155.0,185647.935
002734.SZ,20250520,14.78,15.61,14.6,14.74,14.95,-1.4047,570439.59,861479.186
002735.SZ,20250520,15.26,15.26,15.06,15.26,13.87,10.0216,435741.68,664763.576
002736.SZ,20250520,11.1,11.23,11.08,11.12,11.1,0.1802,132720.15,147855.591
002737.SZ,20250520,16.25,16.31,16.07,16.08,16.22,-0.8631,53262.98,86074.408
002738.SZ,20250520,29.8,29.97,29.56,29.79,29.87,-0.2678,74487.04,221588.642
002739.SZ,20250520,10.72,10.87,10.66,10.83,10.71,1.1204,207302.51,223296.553
002741.SZ,20250520,15.14,15.3,14.95,15.28,15.14,0.9247,102818.8,156351.747
002742.SZ,20250520,4.45,4.55,4.33,4.33,4.46,-2.9148,129970.0,57504.902
002743.SZ,20250520,7.29,7.29,7.07,7.17,7.26,-1.2397,150842.0,107771.924
002745.SZ,20250520,8.28,8.33,8.2,8.28,8.29,-0.1206,143293.3,118570.472
002746.SZ,20250520,6.02,6.09,6.01,6.07,6.02,0.8306,138385.25,83783.776
002747.SZ,20250520,20.69,20.78,20.27,20.49,20.69,-0.9667,178487.51,365826.876
002748.SZ,20250520,9.5,9.5,9.11,9.18,9.36,-1.9231,48174.64,44502.674
002749.SZ,20250520,14.89,15.17,14.88,15.13,14.93,1.3396,34622.62,52124.654
002752.SZ,20250520,5.48,5.55,5.45,5.54,5.49,0.9107,69919.19,38612.864
002753.SZ,20250520,6.78,6.82,6.72,6.81,6.79,0.2946,33684.0,22813.304
002755.SZ,20250520,18.79,19.0,17.86,18.53,17.86,3.7514,106472.11,195730.535
002756.SZ,20250520,31.23,31.6,30.83,31.44,31.2,0.7692,47667.94,149027.513
002757.SZ,20250520,20.12,20.19,19.55,19.89,19.91,-0.1005,169704.75,337391.968
002758.SZ,20250520,9.3,9.31,9.24,9.27,9.23,0.4334,41672.61,38622.002
002759.SZ,20250520,7.9,8.0,7.85,7.98,7.91,0.885,43692.0,34735.057
002760.SZ,20250520,20.06,20.39,19.71,20.26,20.05,1.0474,40214.68,81161.024
002761.SZ,20250520,8.93,8.96,8.82,8.85,8.84,0.1131,143273.47,127005.754
002762.SZ,20250520,5.33,5.47,5.28,5.34,5.33,0.1876,92493.0,49626.341
002763.SZ,20250520,6.99,7.06,6.96,7.04,6.99,0.7153,47863.8,33599.27
002765.SZ,20250520,15.15,15.25,14.54,14.76,15.1,-2.2517,523536.0,771585.217
002766.SZ,20250520,5.56,5.67,5.48,5.63,5.56,1.259,240344.0,134012.876
002767.SZ,20250520,17.35,19.07,17.06,18.14,17.34,4.6136,231507.29,420731.915
002768.SZ,20250520,25.87,26.25,25.7,26.21,25.93,1.0798,22924.43,59530.868
002769.SZ,20250520,7.77,7.83,7.68,7.82,7.77,0.6435,70018.58,54298.396
002771.SZ,20250520,15.61,15.85,15.59,15.83,15.73,0.6357,32653.3,51416.125
002772.SZ,20250520,8.07,8.35,7.99,8.22,8.02,2.4938,368839.59,302205.571
002773.SZ,20250520,26.55,27.1,26.3,26.64,26.08,2.1472,148198.51,396526.316
002774.SZ,20250520,8.17,8.22,7.94,8.08,8.22,-1.7032,94284.62,75899.657
002775.SZ,20250520,3.77,3.83,3.75,3.81,3.78,0.7937,72677.28,27569.147
002777.SZ,20250520,17.57,17.68,17.43,17.64,17.51,0.7424,49119.33,86456.052
002778.SZ,20250520,18.09,18.88,18.09,18.75,18.37,2.0686,52051.8,96516.633
002779.SZ,20250520,123.0,127.2,120.6,120.96,126.0,-4.0,66184.14,811925.435
002780.SZ,20250520,12.58,13.13,12.46,13.02,12.55,3.745,149668.75,192475.705
002782.SZ,20250520,12.34,12.41,12.22,12.36,12.33,0.2433,41895.42,51659.548
002783.SZ,20250520,8.33,8.41,8.32,8.39,8.37,0.2389,110777.0,92774.011
002785.SZ,20250520,27.85,28.46,27.6,28.23,27.85,1.3645,25463.84,71581.453
002786.SZ,20250520,9.37,9.44,9.24,9.4,9.33,0.7503,96960.0,90808.545
002787.SZ,20250520,8.63,8.72,8.56,8.72,8.64,0.9259,42583.06,36817.841
002788.SZ,20250520,8.26,8.32,8.24,8.28,8.26,0.2421,29077.04,24091.841
002789.SZ,20250520,9.23,9.23,8.76,8.86,8.79,0.7964,114910.3,103413.445
002790.SZ,20250520,7.23,7.56,7.22,7.43,7.23,2.7663,88852.84,65466.573
002791.SZ,20250520,22.8,22.97,22.66,22.94,22.82,0.5259,33483.0,76547.603
002792.SZ,20250520,15.3,15.44,15.09,15.32,15.39,-0.4548,103815.6,158127.935
002793.SZ,20250520,4.38,4.48,4.37,4.45,4.39,1.3667,186144.65,82800.869
002795.SZ,20250520,5.01,5.15,4.89,5.13,5.0,2.6,252613.8,127398.376
002796.SZ,20250520,11.38,11.47,11.21,11.46,11.37,0.7916,46568.25,52900.086
002797.SZ,20250520,6.83,6.87,6.8,6.83,6.83,0.0,438711.36,299589.493
002798.SZ,20250520,5.04,5.42,4.9,4.97,4.94,0.6073,566915.07,288293.618
002799.SZ,20250520,7.81,7.99,7.81,7.98,7.84,1.7857,62393.6,49527.825
002800.SZ,20250520,12.12,12.35,12.03,12.33,12.23,0.8177,62553.92,76467.645
002801.SZ,20250520,36.69,38.59,36.23,37.24,36.17,2.9583,111340.13,418022.37
002802.SZ,20250520,14.26,14.46,14.15,14.42,14.17,1.7643,23268.28,33345.446
002803.SZ,20250520,14.18,14.77,14.1,14.63,14.25,2.6667,204281.7,297521.108
002805.SZ,20250520,11.92,12.06,11.71,11.88,11.8,0.678,27365.6,32524.275
002806.SZ,20250520,11.92,12.08,11.89,12.04,11.92,1.0067,59057.39,70836.541
002807.SZ,20250520,4.35,4.38,4.3,4.32,4.34,-0.4608,182669.67,79183.686
002808.SZ,20250520,4.13,4.13,4.13,4.13,3.93,5.0891,19270.2,7958.593
002809.SZ,20250520,16.96,16.97,15.39,15.39,17.1,-10.0,447564.9,706445.904
002810.SZ,20250520,11.98,12.25,11.94,12.14,11.98,1.3356,39527.55,47818.035
002811.SZ,20250520,12.06,13.6,12.06,13.6,12.36,10.0324,404201.75,517046.311
002812.SZ,20250520,28.53,28.88,28.36,28.7,28.43,0.9497,58087.45,166501.382
002813.SZ,20250520,29.27,29.27,29.27,29.27,26.61,9.9962,51487.2,150703.034
002815.SZ,20250520,10.52,10.55,10.34,10.48,10.54,-0.5693,116379.63,121723.075
002816.SZ,20250520,18.54,18.54,17.8,18.54,17.66,4.983,94221.0,173256.011
002817.SZ,20250520,7.13,7.24,7.07,7.21,7.13,1.122,42849.94,30780.395
002818.SZ,20250520,12.9,13.12,12.87,13.09,12.88,1.6304,24856.34,32278.92
002819.SZ,20250520,37.45,40.76,35.03,35.1,37.05,-5.2632,579977.27,2200690.812
002820.SZ,20250520,11.3,11.6,11.23,11.52,11.27,2.2183,161381.6,184882.191
002821.SZ,20250520,80.67,83.0,80.48,81.78,80.67,1.376,35046.23,287523.038
002822.SZ,20250520,3.53,3.55,3.47,3.51,3.53,-0.5666,57182.94,20054.549
002823.SZ,20250520,13.76,14.1,13.67,14.03,13.76,1.9622,56395.71,78486.603
002824.SZ,20250520,15.86,16.04,15.74,16.01,15.94,0.4391,26003.2,41411.944
002825.SZ,20250520,10.67,11.12,10.5,10.89,10.77,1.1142,312166.41,338636.27
002826.SZ,20250520,11.67,11.7,11.55,11.66,11.67,-0.0857,54387.0,63257.311
002827.SZ,20250520,28.4,28.99,28.33,28.54,28.37,0.5992,59373.0,170330.331
002828.SZ,20250520,8.88,9.0,8.79,9.0,8.88,1.3514,70249.0,62640.444
002829.SZ,20250520,19.14,19.54,18.88,19.08,19.26,-0.9346,80430.2,153863.063
002830.SZ,20250520,13.92,14.29,13.81,14.24,13.91,2.3724,16902.0,23833.71
002831.SZ,20250520,22.76,23.59,22.66,23.46,22.82,2.8046,119090.32,276242.422
002832.SZ,20250520,16.37,16.68,16.31,16.48,16.41,0.4266,83820.78,138234.58
002833.SZ,20250520,17.22,18.44,17.02,18.1,17.25,4.9275,167172.64,299136.418
002835.SZ,20250520,17.69,17.97,17.57,17.97,17.67,1.6978,22618.0,40305.324
002836.SZ,20250520,8.99,9.19,8.93,9.17,8.96,2.3438,52980.2,48205.213
002837.SZ,20250520,32.6,32.96,32.16,32.73,32.76,-0.0916,110989.99,361518.476
002838.SZ,20250520,18.23,19.28,17.9,18.94,18.29,3.5539,178969.13,331822.014
002839.SZ,20250520,4.24,4.27,4.21,4.22,4.23,-0.2364,257751.81,109033.703
002840.SZ,20250520,10.56,10.8,10.48,10.77,10.56,1.9886,125432.8,134230.033
002841.SZ,20250520,34.17,34.47,33.85,34.31,34.17,0.4097,22960.23,78591.807
002842.SZ,20250520,8.11,8.26,7.93,8.22,8.12,1.2315,332449.59,269233.373
002843.SZ,20250520,25.21,26.12,24.8,25.1,25.35,-0.9862,148525.5,376926.762
002845.SZ,20250520,13.55,13.72,13.4,13.64,13.54,0.7386,38860.8,52686.746
002846.SZ,20250520,10.26,10.34,10.05,10.25,10.27,-0.1947,135794.6,138432.065
002847.SZ,20250520,90.6,97.3,90.6,93.43,90.29,3.4777,52637.33,497395.424
002848.SZ,20250520,6.71,6.98,6.58,6.92,6.65,4.0602,92774.83,63214.878
002849.SZ,20250520,16.82,17.46,16.72,17.17,16.98,1.119,95600.63,162950.901
002850.SZ,20250520,120.3,121.09,119.5,119.79,120.4,-0.5066,20682.0,248340.086
002851.SZ,20250520,45.64,46.93,45.28,46.28,45.79,1.0701,132869.08,610394.816
002852.SZ,20250520,9.92,10.13,9.81,10.08,9.92,1.6129,137669.06,137532.748
002853.SZ,20250520,14.02,14.08,13.34,13.52,13.91,-2.8037,71221.0,96801.992
002855.SZ,20250520,17.44,17.6,17.26,17.58,17.42,0.9185,21915.0,38350.642
002856.SZ,20250520,10.91,11.13,10.65,11.0,10.83,1.5697,59225.4,64805.906
002857.SZ,20250520,18.85,19.32,18.35,18.68,18.51,0.9184,121862.6,228557.077
002858.SZ,20250520,12.5,13.53,12.44,13.0,12.5,4.0,178610.39,232201.533
002859.SZ,20250520,18.35,18.8,18.21,18.4,18.37,0.1633,35708.93,66037.43
002860.SZ,20250520,13.7,13.72,13.36,13.6,13.68,-0.5848,190388.77,257038.059
002861.SZ,20250520,14.16,14.56,13.89,14.52,14.17,2.47,185749.3,266755.803
002862.SZ,20250520,18.09,20.02,18.09,20.02,18.2,10.0,162925.9,313053.766
002863.SZ,20250520,5.12,5.14,5.07,5.13,5.12,0.1953,97932.5,49947.135
002864.SZ,20250520,27.99,28.4,27.99,28.3,27.98,1.1437,29060.75,82183.607
002865.SZ,20250520,40.63,40.91,40.32,40.77,40.77,0.0,41377.68,168459.593
002866.SZ,20250520,16.03,16.18,15.85,16.18,16.03,0.9357,39686.77,63753.556
002867.SZ,20250520,13.54,14.27,13.45,14.23,13.54,5.096,178656.85,251949.511
002868.SZ,20250520,23.64,23.64,23.64,23.64,22.51,5.02,517.6,1223.606
002869.SZ,20250520,23.85,23.91,23.42,23.81,23.84,-0.1258,22970.47,54344.589
002870.SZ,20250520,33.91,34.27,33.44,33.99,34.03,-0.1175,17080.75,57776.915
002871.SZ,20250520,10.9,11.02,10.76,11.02,10.86,1.4733,25380.14,27656.312
002872.SZ,20250520,4.21,4.29,4.19,4.27,4.21,1.4252,29917.02,12691.379
002873.SZ,20250520,9.25,9.42,9.18,9.31,9.13,1.9715,58246.92,54022.336
002875.SZ,20250520,14.41,14.82,14.3,14.71,14.49,1.5183,73881.68,107869.823
002876.SZ,20250520,24.66,24.83,24.19,24.6,24.56,0.1629,16806.09,41276.99
002877.SZ,20250520,8.46,8.68,8.35,8.64,8.44,2.3697,66373.2,56923.739
002878.SZ,20250520,14.8,15.78,14.75,15.51,14.79,4.8682,217313.0,335365.366
002879.SZ,20250520,15.31,15.55,15.23,15.55,15.34,1.369,18703.0,28850.594
002880.SZ,20250520,28.49,29.34,28.44,29.26,28.54,2.5228,36117.2,104410.526
002881.SZ,20250520,46.3,47.35,45.75,46.85,46.2,1.4069,80091.19,374332.018
002882.SZ,20250520,17.3,19.02,17.15,19.02,17.29,10.0058,416243.73,778312.495
002883.SZ,20250520,11.0,11.17,10.87,11.17,10.96,1.9161,37714.4,41797.724
002884.SZ,20250520,15.65,15.91,15.58,15.82,15.65,1.0863,29977.77,47224.954
002885.SZ,20250520,13.61,13.73,13.46,13.72,13.62,0.7342,38862.0,52985.835
002886.SZ,20250520,19.31,19.32,19.02,19.15,19.41,-1.3395,74991.0,143478.474
002887.SZ,20250520,7.89,7.94,7.82,7.91,7.87,0.5083,30330.55,23916.501
002888.SZ,20250520,18.01,18.09,17.79,18.08,17.95,0.7242,21864.8,39343.699
002889.SZ,20250520,20.41,20.41,20.12,20.29,20.28,0.0493,20557.09,41705.681
002890.SZ,20250520,12.59,13.03,12.54,13.01,12.63,3.0087,37605.91,48150.622
002891.SZ,20250520,64.75,71.68,64.5,69.23,65.33,5.9697,163741.01,1109469.941
002892.SZ,20250520,17.43,17.61,17.1,17.29,17.61,-1.8171,252254.17,435331.545
002893.SZ,20250520,10.79,10.83,10.69,10.81,10.74,0.6518,45243.69,48673.928
002895.SZ,20250520,25.0,25.08,24.7,24.92,25.0,-0.32,76620.35,190831.279
002896.SZ,20250520,82.91,84.36,82.18,83.35,82.9,0.5428,45202.7,376421.668
002897.SZ,20250520,40.34,40.48,39.83,40.08,40.39,-0.7675,37944.15,152128.58
002898.SZ,20250520,8.81,8.81,8.81,8.81,8.39,5.006,5678.4,5002.67
002899.SZ,20250520,20.35,20.68,19.92,20.45,20.15,1.4888,48470.0,98600.847
002900.SZ,20250520,14.31,14.75,13.58,13.83,14.33,-3.4892,461519.3,651346.728
002901.SZ,20250520,38.03,38.53,37.9,38.32,38.29,0.0783,21874.45,83640.412
002902.SZ,20250520,18.02,18.15,17.84,18.14,18.07,0.3874,32988.49,59508.413
002903.SZ,20250520,21.62,21.65,21.08,21.33,21.61,-1.2957,56871.0,121317.769
002905.SZ,20250520,8.36,8.62,8.36,8.62,8.4,2.619,80685.62,68851.479
002906.SZ,20250520,34.05,35.5,33.61,35.23,33.13,6.3387,194379.08,672659.232
002907.SZ,20250520,14.23,14.37,14.13,14.21,14.18,0.2116,42869.0,60918.96
002908.SZ,20250520,9.29,9.34,9.14,9.33,9.3,0.3226,87427.88,81007.572
002909.SZ,20250520,7.72,7.88,6.8,6.86,7.53,-8.8977,1062199.46,768202.435
002910.SZ,20250520,9.34,9.54,9.34,9.52,9.29,2.4758,94606.68,89507.052
002911.SZ,20250520,10.27,10.38,10.23,10.36,10.25,1.0732,33721.74,34839.743
002912.SZ,20250520,23.12,23.42,22.9,23.36,23.22,0.6029,24981.49,58042.533
002913.SZ,20250520,25.45,25.8,25.41,25.57,25.57,0.0,23222.0,59509.802
002915.SZ,20250520,23.73,24.18,21.44,21.53,23.72,-9.2327,785399.49,1761907.324
002916.SZ,20250520,111.52,111.58,110.0,111.22,112.06,-0.7496,40736.4,452033.627
002917.SZ,20250520,14.04,14.15,13.88,14.14,14.04,0.7123,93271.5,131022.682
002918.SZ,20250520,8.54,8.59,8.46,8.57,8.53,0.4689,37143.5,31720.38
002919.SZ,20250520,15.25,16.0,15.2,15.94,15.32,4.047,84534.36,133488.864
002920.SZ,20250520,106.94,106.98,105.15,105.7,106.95,-1.1688,41413.54,437998.085
002921.SZ,20250520,14.33,14.57,14.05,14.26,14.19,0.4933,39944.29,56721.68
002922.SZ,20250520,15.62,16.28,15.45,16.19,15.62,3.6492,144553.56,230264.939
002923.SZ,20250520,12.86,13.94,12.82,13.69,12.92,5.9598,375194.59,500011.461
002925.SZ,20250520,16.45,16.52,16.22,16.3,16.51,-1.272,42633.8,69763.924
002926.SZ,20250520,8.4,8.43,8.33,8.35,8.39,-0.4768,197069.73,164753.432
002927.SZ,20250520,13.98,14.02,13.76,14.0,13.92,0.5747,48584.0,67697.153
002928.SZ,20250520,7.58,7.76,7.5,7.74,7.58,2.1108,134089.54,102478.192
002929.SZ,20250520,48.18,52.44,47.51,51.76,47.67,8.5798,266635.0,1369050.514
002930.SZ,20250520,10.22,10.25,10.09,10.12,10.21,-0.8815,87083.03,88408.443
002931.SZ,20250520,16.0,16.06,15.71,15.94,16.0,-0.375,58865.35,93763.843
002932.SZ,20250520,19.35,19.77,19.32,19.4,19.35,0.2584,21716.8,42364.982
002933.SZ,20250520,34.77,34.85,34.37,34.72,34.88,-0.4587,28953.73,100288.334
002935.SZ,20250520,14.49,14.49,14.2,14.37,14.41,-0.2776,65395.19,93572.643
002936.SZ,20250520,1.97,1.98,1.94,1.96,1.97,-0.5076,784141.74,153454.634
002937.SZ,20250520,17.6,18.58,17.55,18.1,17.52,3.3105,89826.0,163500.236
002938.SZ,20250520,28.9,29.12,28.61,28.91,28.97,-0.2071,120930.37,349290.559
002939.SZ,20250520,8.02,8.18,8.01,8.06,7.97,1.1292,300723.72,242959.567
002940.SZ,20250520,13.71,14.22,13.69,14.15,13.71,3.2093,45407.64,63682.987
002941.SZ,20250520,11.52,11.71,11.46,11.63,11.52,0.9549,97991.0,113872.41
002942.SZ,20250520,17.07,17.18,16.81,16.99,17.01,-0.1176,17079.9,28987.392
002943.SZ,20250520,28.0,28.35,27.54,28.11,28.25,-0.4956,56380.08,157686.97
002945.SZ,20250520,13.83,13.94,13.79,13.88,13.83,0.3615,66009.07,91468.597
002946.SZ,20250520,18.41,19.39,18.26,18.7,18.52,0.9719,115890.99,217783.146
002947.SZ,20250520,32.62,33.29,32.42,33.09,32.75,1.0382,39549.25,130267.617
002948.SZ,20250520,4.83,4.88,4.79,4.82,4.83,-0.207,280514.49,135304.044
002949.SZ,20250520,14.09,14.3,13.86,14.23,14.02,1.4979,31787.0,44886.849
002950.SZ,20250520,8.74,8.95,8.69,8.84,8.71,1.4925,55621.0,49105.067
002951.SZ,20250520,9.04,9.04,8.84,8.99,8.95,0.4469,14933.0,13330.595
002952.SZ,20250520,19.17,19.56,18.96,19.54,19.17,1.9301,21282.09,41193.474
002953.SZ,20250520,10.8,10.88,10.71,10.88,10.83,0.4617,55797.52,60344.845
002955.SZ,20250520,25.6,26.12,25.26,26.01,25.59,1.6413,45384.55,117119.41
002956.SZ,20250520,23.03,25.34,22.7,23.67,23.04,2.7344,156515.35,380009.288
002957.SZ,20250520,15.65,15.83,15.56,15.78,15.71,0.4456,39203.0,61678.437
002958.SZ,20250520,3.38,3.41,3.33,3.34,3.38,-1.1834,853741.99,286912.261
002959.SZ,20250520,47.49,49.49,47.21,48.9,47.59,2.7527,29397.87,143243.257
002960.SZ,20250520,11.13,11.18,11.0,11.12,11.12,0.0,67196.77,74669.938
002961.SZ,20250520,16.24,16.33,15.99,16.32,16.22,0.6165,103151.06,166963.467
002962.SZ,20250520,14.28,14.54,14.11,14.49,14.24,1.7556,53609.09,77078.369
002963.SZ,20250520,11.85,12.17,11.74,12.11,11.79,2.7142,73113.0,87436.182
002965.SZ,20250520,59.09,59.14,56.41,56.56,59.07,-4.2492,148685.9,849346.908
002966.SZ,20250520,8.37,8.51,8.37,8.45,8.36,1.0766,287651.46,242969.514
002967.SZ,20250520,16.9,17.31,16.8,17.25,16.9,2.071,73899.6,126233.31
002968.SZ,20250520,9.95,9.99,9.85,9.99,9.95,0.402,31902.4,31702.121
002969.SZ,20250520,3.34,3.38,3.32,3.38,3.34,1.1976,118036.0,39675.386
002970.SZ,20250520,52.03,52.29,50.46,51.6,52.19,-1.1305,49931.84,256358.353
002971.SZ,20250520,21.12,21.41,20.65,21.37,21.11,1.2316,34973.6,73689.025
002972.SZ,20250520,11.58,11.7,11.51,11.65,11.59,0.5177,28917.0,33496.271
002973.SZ,20250520,12.13,12.22,11.93,12.04,12.15,-0.9053,62309.0,75229.736
002975.SZ,20250520,31.8,33.5,31.22,32.22,31.88,1.0665,42035.97,135858.695
002976.SZ,20250520,23.7,23.8,23.36,23.52,23.74,-0.9267,18159.2,42700.852
002977.SZ,20250520,40.34,40.55,38.57,39.24,41.13,-4.5952,130139.96,511608.674
002978.SZ,20250520,32.0,32.12,31.73,31.98,31.81,0.5344,11856.0,37894.014
002979.SZ,20250520,49.47,50.61,48.83,49.54,49.16,0.773,99788.89,496981.489
002980.SZ,20250520,26.16,26.5,25.96,26.49,26.08,1.5721,11365.0,29900.093
002981.SZ,20250520,25.08,25.24,24.88,24.96,25.24,-1.1094,56130.75,140372.577
002982.SZ,20250520,22.01,22.25,21.76,22.22,21.85,1.6934,107264.9,236146.283
002983.SZ,20250520,19.98,20.1,19.85,20.04,19.94,0.5015,17091.86,34123.43
002984.SZ,20250520,18.97,19.1,18.84,19.07,18.99,0.4213,126510.5,240367.931
002985.SZ,20250520,27.06,27.71,26.85,27.55,27.06,1.8108,88349.63,242334.387
002986.SZ,20250520,10.91,10.98,10.8,10.93,10.88,0.4596,17933.29,19516.686
002987.SZ,20250520,12.88,12.89,12.61,12.78,12.91,-1.007,164640.8,209552.397
002988.SZ,20250520,36.64,37.77,36.2,37.2,36.64,1.5284,51402.41,190328.321
002989.SZ,20250520,29.99,30.47,29.8,30.27,30.08,0.6316,42133.16,126978.334
002990.SZ,20250520,29.31,30.95,28.59,29.2,28.47,2.5641,235772.96,698055.181
002991.SZ,20250520,66.83,69.85,65.81,68.1,67.0,1.6418,34586.64,235237.935
002992.SZ,20250520,57.86,57.97,55.36,56.01,57.49,-2.5744,43793.01,247796.909
002993.SZ,20250520,38.53,39.14,38.21,38.87,38.54,0.8563,18998.3,73684.63
002995.SZ,20250520,18.21,18.55,18.02,18.53,18.15,2.0937,48922.38,89941.009
002996.SZ,20250520,6.94,6.98,6.9,6.94,6.96,-0.2874,60937.0,42270.187
002997.SZ,20250520,37.51,37.84,37.32,37.65,37.64,0.0266,31484.94,118458.158
002998.SZ,20250520,7.14,7.18,7.06,7.18,7.15,0.4196,52849.62,37648.036
002999.SZ,20250520,6.67,6.79,6.63,6.77,6.68,1.3473,76951.0,51779.014
003000.SZ,20250520,15.19,15.84,14.96,15.37,14.4,6.7361,491833.57,757362.645
003001.SZ,20250520,37.9,38.78,37.58,37.92,38.05,-0.3417,20042.11,76726.287
003002.SZ,20250520,26.63,26.84,26.23,26.59,26.63,-0.1502,21018.0,55584.188
003003.SZ,20250520,12.19,12.75,12.18,12.37,12.18,1.5599,315402.0,391862.13
003004.SZ,20250520,19.91,20.5,19.69,19.75,19.98,-1.1512,27685.03,55377.69
003005.SZ,20250520,29.67,29.98,29.42,29.92,29.81,0.369,15882.0,47301.975
003006.SZ,20250520,33.0,34.99,32.69,33.27,32.69,1.7742,87246.4,295075.7
003007.SZ,20250520,29.45,30.03,29.17,29.82,29.53,0.9821,19135.3,56762.005
003008.SZ,20250520,20.85,20.98,20.64,20.96,20.77,0.9148,10741.5,22399.845
003009.SZ,20250520,37.26,40.47,37.03,39.6,37.59,5.3472,71807.46,280784.87
003010.SZ,20250520,59.27,65.0,58.46,64.51,59.57,8.2928,98062.26,607498.702
003011.SZ,20250520,17.87,18.3,17.71,18.26,17.87,2.1824,20026.8,36232.293
003012.SZ,20250520,6.04,6.07,5.98,6.07,6.04,0.4967,65131.0,39286.576
003013.SZ,20250520,14.99,15.3,14.81,15.23,14.9,2.2148,52317.0,78959.403
003015.SZ,20250520,14.9,15.15,14.72,15.08,14.93,1.0047,113019.0,169312.302
003016.SZ,20250520,7.39,7.57,7.33,7.51,7.4,1.4865,34511.0,25806.99
003017.SZ,20250520,25.1,25.22,24.7,25.05,25.06,-0.0399,33785.3,84374.471
003018.SZ,20250520,11.13,11.27,11.01,11.25,11.17,0.7162,40655.0,45285.478
003019.SZ,20250520,30.76,31.0,30.01,30.65,30.74,-0.2928,34049.04,104292.495
003020.SZ,20250520,24.08,24.88,23.98,24.14,23.97,0.7092,113764.49,277786.78
003021.SZ,20250520,115.99,116.37,114.13,115.05,115.35,-0.2601,48481.24,559452.043
003022.SZ,20250520,15.24,15.27,15.15,15.16,15.24,-0.5249,22513.99,34191.237
003023.SZ,20250520,19.07,19.54,18.93,19.49,19.06,2.256,28600.8,55358.303
003025.SZ,20250520,16.93,17.08,16.76,16.99,16.96,0.1769,31328.5,53063.76
003026.SZ,20250520,31.77,32.54,31.43,32.31,31.77,1.6997,32024.0,102937.957
003027.SZ,20250520,16.7,16.98,16.54,16.87,16.75,0.7164,48833.5,81872.566
003028.SZ,20250520,42.44,43.18,41.54,42.83,42.42,0.9665,17145.0,72874.678
003029.SZ,20250520,20.61,20.81,20.32,20.67,20.54,0.6329,20122.0,41466.808
003030.SZ,20250520,19.03,20.92,18.93,20.92,19.02,9.9895,97573.62,196823.934
003031.SZ,20250520,48.02,48.2,47.66,47.75,48.1,-0.7277,11599.2,55542.692
003032.SZ,20250520,6.05,6.15,6.0,6.02,6.04,-0.3311,61884.0,37536.014
003033.SZ,20250520,51.05,51.25,49.45,49.89,50.85,-1.8879,23463.0,117131.932
003035.SZ,20250520,4.5,4.52,4.48,4.5,4.5,0.0,79365.0,35659.905
003036.SZ,20250520,16.01,16.15,15.4,16.01,15.76,1.5863,82350.0,130202.242
003037.SZ,20250520,7.02,7.15,6.9,7.04,7.0,0.5714,124650.0,87503.229
003038.SZ,20250520,20.95,21.73,20.89,21.06,21.06,0.0,61732.33,130933.333
003039.SZ,20250520,13.95,14.14,13.84,14.1,13.95,1.0753,56436.12,79199.827
003040.SZ,20250520,12.85,13.02,12.67,13.0,12.86,1.0886,51798.79,66833.15
003041.SZ,20250520,29.5,30.13,29.5,29.66,29.72,-0.2019,12543.48,37349.677
003042.SZ,20250520,16.3,16.3,16.1,16.25,16.19,0.3706,48564.0,78738.414
003043.SZ,20250520,50.62,52.0,49.35,51.88,50.61,2.5094,27410.63,139688.928
003816.SZ,20250520,3.64,3.68,3.63,3.68,3.64,1.0989,1388256.67,508478.445
300001.SZ,20250520,22.74,23.21,22.46,22.92,22.68,1.0582,104460.63,239029.666
300002.SZ,20250520,10.71,10.94,10.56,10.82,10.71,1.0271,476922.0,513786.867
300003.SZ,20250520,11.24,11.41,11.23,11.39,11.22,1.5152,135537.12,153738.814
300004.SZ,20250520,10.11,10.54,9.58,9.6,9.96,-3.6145,943420.2,940435.894
300005.SZ,20250520,9.57,10.1,9.55,10.1,9.56,5.6485,1197845.55,1187950.123
300006.SZ,20250520,3.55,3.62,3.53,3.6,3.54,1.6949,162113.6,58240.449
300007.SZ,20250520,40.05,40.1,39.13,39.36,40.01,-1.6246,212751.65,841844.993
300008.SZ,20250520,6.11,6.22,6.05,6.17,6.16,0.1623,1061170.73,651835.587
300009.SZ,20250520,8.74,8.85,8.67,8.72,8.74,-0.2288,202375.52,177008.831
300010.SZ,20250520,7.2,7.3,7.11,7.27,7.23,0.5533,456603.52,330915.836
300011.SZ,20250520,7.35,7.4,7.32,7.4,7.34,0.8174,60866.0,44858.14
300012.SZ,20250520,11.21,11.38,11.15,11.31,11.2,0.9821,220789.01,249249.444
300013.SZ,20250520,4.04,4.1,4.01,4.06,4.06,0.0,294686.26,119396.075
300014.SZ,20250520,45.7,47.24,45.65,46.63,45.49,2.506,261821.23,1219331.17
300015.SZ,20250520,12.76,13.08,12.72,13.04,12.76,2.1944,632455.54,819847.386
300016.SZ,20250520,6.71,6.91,6.71,6.84,6.7,2.0896,119876.5,81980.667
300017.SZ,20250520,11.29,11.39,11.18,11.37,11.33,0.353,412890.81,466608.336
300018.SZ,20250520,7.33,7.43,7.27,7.4,7.35,0.6803,154038.0,113331.892
300019.SZ,20250520,17.87,18.65,17.76,18.5,18.0,2.7778,155035.0,285024.47
300020.SZ,20250520,4.2,4.24,4.11,4.14,4.2,-1.4286,246308.02,102519.646
300021.SZ,20250520,4.8,4.96,4.8,4.93,4.8,2.7083,506461.89,247519.315
300022.SZ,20250520,8.4,8.87,8.38,8.71,8.31,4.8135,374041.17,324815.069
300024.SZ,20250520,16.88,17.05,16.71,16.94,16.93,0.0591,182778.22,308978.049
300025.SZ,20250520,7.05,7.27,7.01,7.24,7.07,2.4045,98681.57,70604.115
300026.SZ,20250520,3.56,3.68,3.55,3.59,3.56,0.8427,837098.15,303320.314
300027.SZ,20250520,2.46,2.52,2.44,2.51,2.46,2.0325,829565.3,207042.97
300029.SZ,20250520,5.19,5.36,5.14,5.2,5.19,0.1927,40058.1,20982.945
300030.SZ,20250520,6.28,6.44,6.24,6.44,6.25,3.04,80301.0,51066.81
300031.SZ,20250520,26.18,26.68,25.8,26.23,26.15,0.3059,202450.25,531250.488
300032.SZ,20250520,5.37,5.43,5.16,5.21,5.36,-2.7985,841878.0,440388.417
300033.SZ,20250520,258.71,260.88,258.21,258.65,258.64,0.0039,41868.86,1085448.289
300034.SZ,20250520,15.69,15.98,15.55,15.87,15.71,1.0185,99777.04,158105.051
300035.SZ,20250520,14.86,15.07,14.79,14.95,14.9,0.3356,148135.72,221431.719
300036.SZ,20250520,14.39,14.47,14.26,14.43,14.39,0.278,47678.3,68557.877
300037.SZ,20250520,31.99,32.07,31.64,31.85,32.0,-0.4688,45385.65,144375.524
300039.SZ,20250520,6.03,6.14,6.02,6.1,6.04,0.9934,296002.0,180661.287
300040.SZ,20250520,8.0,8.6,7.9,8.48,8.09,4.8208,1238866.46,1028291.659
300041.SZ,20250520,9.26,9.43,9.13,9.21,9.33,-1.2862,171294.2,157876.873
300042.SZ,20250520,25.89,26.0,24.32,24.74,24.6,0.5691,147412.51,367255.013
300043.SZ,20250520,3.64,3.87,3.62,3.82,3.66,4.3716,715205.38,270179.092
300044.SZ,20250520,3.76,3.88,3.71,3.81,3.79,0.5277,455923.07,173590.044
300045.SZ,20250520,18.19,18.28,18.0,18.15,18.26,-0.6024,80780.64,146416.801
300046.SZ,20250520,30.63,31.49,30.46,31.18,30.61,1.8621,87655.51,272684.27
300047.SZ,20250520,16.5,16.6,15.84,15.95,16.92,-5.7329,1159509.5,1868924.631
300048.SZ,20250520,5.47,5.51,5.42,5.48,5.47,0.1828,116862.59,64018.772
300049.SZ,20250520,30.5,31.1,30.1,30.33,30.48,-0.4921,40742.97,124559.187
300050.SZ,20250520,5.58,5.63,5.52,5.63,5.55,1.4414,147125.0,82266.217
300051.SZ,20250520,7.2,7.37,6.99,7.17,6.88,4.2151,245252.13,174710.553
300052.SZ,20250520,9.91,10.29,9.75,10.09,10.13,-0.3949,174187.0,174465.175
300053.SZ,20250520,12.42,12.53,12.31,12.5,12.48,0.1603,127300.0,158407.818
300054.SZ,20250520,28.46,28.48,28.11,28.33,28.44,-0.3868,58449.0,165375.057
300055.SZ,20250520,5.32,5.35,5.24,5.31,5.3,0.1887,89490.5,47251.608
300056.SZ,20250520,13.48,13.66,13.27,13.37,13.26,0.8296,162663.59,218658.079
300057.SZ,20250520,4.82,4.88,4.78,4.85,4.83,0.4141,121527.0,58651.796
300058.SZ,20250520,8.5,8.66,8.4,8.61,8.52,1.0563,719424.36,616080.524
300059.SZ,20250520,21.58,21.71,21.45,21.52,21.5,0.093,1977811.76,4262763.694
300061.SZ,20250520,13.03,14.04,12.85,13.74,12.72,8.0189,929078.64,1244023.949
300062.SZ,20250520,5.15,5.17,5.1,5.15,5.12,0.5859,67010.6,34498.228
300063.SZ,20250520,8.51,8.75,8.45,8.72,8.52,2.3474,350690.5,304217.64
300065.SZ,20250520,15.8,17.22,15.51,17.15,15.94,7.591,1303521.9,2158142.375
300066.SZ,20250520,4.21,4.25,4.17,4.22,4.2,0.4762,155876.5,65654.575
300067.SZ,20250520,5.56,5.74,5.53,5.7,5.58,2.1505,851476.36,483247.83
300068.SZ,20250520,14.7,15.0,14.61,14.85,14.72,0.8832,239464.83,354912.823
300069.SZ,20250520,22.01,23.4,22.01,23.4,19.5,20.0,61172.0,140041.379
300070.SZ,20250520,4.51,4.53,4.48,4.52,4.51,0.2217,145892.52,65799.082
300071.SZ,20250520,5.01,5.17,4.95,5.15,5.03,2.3857,393634.02,200816.592
300072.SZ,20250520,3.08,3.13,3.06,3.11,3.08,0.974,187291.06,57922.485
300073.SZ,20250520,39.09,39.93,39.01,39.53,39.1,1.0997,66694.55,263487.299
300074.SZ,20250520,4.52,4.6,4.46,4.58,4.49,2.0045,168261.0,76601.704
300075.SZ,20250520,16.45,16.57,16.23,16.52,16.45,0.4255,104186.23,171313.53
300076.SZ,20250520,7.33,7.52,7.17,7.23,6.95,4.0288,369704.0,270536.33
300077.SZ,20250520,24.39,24.95,24.15,24.57,24.39,0.738,203106.41,499610.927
300078.SZ,20250520,3.66,3.69,3.57,3.68,3.61,1.9391,422607.21,153967.769
300079.SZ,20250520,5.27,5.38,5.22,5.38,5.28,1.8939,250372.25,133143.735
300080.SZ,20250520,3.8,3.88,3.8,3.84,3.79,1.3193,160621.31,61702.445
300081.SZ,20250520,6.46,6.65,6.33,6.6,6.42,2.8037,221759.0,144711.412
300082.SZ,20250520,6.64,6.69,6.53,6.54,6.66,-1.8018,108098.02,70991.707
300083.SZ,20250520,8.57,8.66,8.42,8.58,8.61,-0.3484,525811.72,450478.199
300084.SZ,20250520,7.25,7.62,7.19,7.57,7.25,4.4138,514275.22,385280.577
300085.SZ,20250520,33.88,35.65,33.53,34.97,34.06,2.6718,589855.65,2040835.813
300086.SZ,20250520,5.05,5.2,5.05,5.19,5.05,2.7723,209385.06,107918.675
300087.SZ,20250520,9.36,9.56,9.32,9.39,9.35,0.4278,315734.2,298469.429
300088.SZ,20250520,6.0,6.02,5.94,6.01,6.0,0.1667,236488.21,141630.498
300091.SZ,20250520,2.84,2.96,2.84,2.87,2.86,0.3497,808929.17,234123.343
300092.SZ,20250520,12.4,12.58,12.31,12.55,12.47,0.6415,77709.0,97000.206
300093.SZ,20250520,9.39,9.73,9.21,9.64,9.29,3.7675,101304.0,96188.07
300094.SZ,20250520,3.52,3.58,3.5,3.56,3.52,1.1364,433027.05,153658.032
300095.SZ,20250520,8.95,9.0,8.46,8.56,9.03,-5.2049,701610.47,603991.298
300096.SZ,20250520,4.39,4.47,4.35,4.46,4.37,2.0595,61266.0,27099.32
300097.SZ,20250520,4.59,4.71,4.57,4.64,4.59,1.0893,59522.0,27652.573
300098.SZ,20250520,5.08,5.13,5.02,5.12,5.1,0.3922,327883.5,166840.297
300099.SZ,20250520,6.87,7.01,6.84,6.9,6.93,-0.4329,201986.0,139973.345
300100.SZ,20250520,48.9,51.0,48.6,49.58,49.1,0.9776,338474.69,1686465.847
300101.SZ,20250520,17.41,17.44,17.19,17.34,17.44,-0.5734,78973.89,136834.763
300102.SZ,20250520,11.7,12.15,11.43,11.92,11.43,4.287,717556.77,851817.614
300103.SZ,20250520,6.24,6.31,6.16,6.29,6.25,0.64,65558.3,40913.098
300105.SZ,20250520,7.34,7.41,7.29,7.38,7.35,0.4082,92701.06,68295.226
300106.SZ,20250520,11.31,11.95,11.29,11.59,11.29,2.6572,318537.02,370470.964
300107.SZ,20250520,8.05,8.15,8.02,8.09,8.08,0.1238,55183.0,44601.149
300109.SZ,20250520,16.41,16.58,16.33,16.38,16.46,-0.486,59290.0,97565.571
300110.SZ,20250520,3.17,3.21,3.15,3.2,3.16,1.2658,209192.0,66683.778
300111.SZ,20250520,3.14,3.19,3.14,3.15,3.14,0.3185,217688.0,68749.992
300112.SZ,20250520,8.5,8.51,8.37,8.5,8.45,0.5917,36752.0,31107.868
300113.SZ,20250520,18.43,19.69,18.08,19.41,18.38,5.6039,411421.41,786466.247
300115.SZ,20250520,21.32,21.66,21.08,21.44,21.41,0.1401,305782.38,655253.47
300118.SZ,20250520,10.09,10.1,9.92,10.01,10.09,-0.7929,243584.01,242989.938
300119.SZ,20250520,24.88,28.9,24.37,26.8,24.72,8.4142,368041.3,981482.683
300120.SZ,20250520,8.36,8.71,8.16,8.61,8.32,3.4856,510005.06,431957.472
300121.SZ,20250520,12.98,13.38,12.87,13.02,12.74,2.1978,494784.79,646515.863
300122.SZ,20250520,19.47,20.49,19.45,20.21,19.47,3.8007,486344.35,981538.497
300123.SZ,20250520,6.45,6.47,6.27,6.31,6.43,-1.8663,406572.9,256699.294
300124.SZ,20250520,68.3,69.26,67.92,68.53,68.3,0.3367,111199.83,764104.527
300125.SZ,20250520,6.99,7.37,6.85,7.2,6.85,5.1095,161615.73,114778.7
300126.SZ,20250520,7.2,7.3,7.13,7.28,7.16,1.676,60395.0,43608.728
300127.SZ,20250520,24.83,25.21,24.56,24.95,24.77,0.7267,98755.0,245530.443
300128.SZ,20250520,5.45,5.51,5.39,5.45,5.5,-0.9091,244338.6,133045.79
300129.SZ,20250520,6.56,6.6,6.53,6.59,6.58,0.152,80061.44,52566.843
300130.SZ,20250520,22.39,22.5,22.08,22.33,22.39,-0.268,104258.75,232258.268
300131.SZ,20250520,7.12,7.38,7.07,7.34,7.13,2.9453,429752.02,313086.921
300132.SZ,20250520,6.76,7.36,6.46,6.56,6.66,-1.5015,1224935.46,841433.305
300133.SZ,20250520,6.72,6.95,6.68,6.88,6.75,1.9259,432723.26,296047.127
300134.SZ,20250520,12.0,12.11,11.85,12.1,12.06,0.3317,111916.1,134440.241
300135.SZ,20250520,3.91,4.03,3.89,3.98,3.91,1.7903,254433.0,100887.398
300136.SZ,20250520,20.6,20.9,20.44,20.8,20.67,0.6289,94710.18,196239.865
300137.SZ,20250520,5.9,6.02,5.84,5.93,5.88,0.8503,40099.8,23846.869
300138.SZ,20250520,11.18,11.53,11.09,11.28,11.19,0.8043,193029.77,218390.012
300139.SZ,20250520,17.3,17.64,17.27,17.46,17.44,0.1147,214356.0,374417.356
300140.SZ,20250520,6.08,6.12,6.02,6.09,6.07,0.3295,58965.0,35840.698
300141.SZ,20250520,8.76,8.85,8.66,8.85,8.71,1.6073,36689.0,32268.76
300142.SZ,20250520,10.29,10.62,10.28,10.44,10.27,1.6553,353610.43,370829.338
300143.SZ,20250520,9.35,9.59,9.34,9.44,9.34,1.0707,58260.0,55228.066
300144.SZ,20250520,9.15,9.31,9.13,9.29,9.13,1.7525,341523.18,315752.83
300145.SZ,20250520,3.57,3.63,3.54,3.63,3.57,1.6807,356088.6,127934.562
300146.SZ,20250520,11.31,12.14,11.3,11.93,11.3,5.5752,457729.61,540594.692
300147.SZ,20250520,8.75,9.1,8.6,8.64,8.8,-1.8182,294623.14,259670.645
300148.SZ,20250520,4.66,4.77,4.63,4.75,4.66,1.9313,580513.67,273818.465
300149.SZ,20250520,6.32,6.6,6.32,6.52,6.35,2.6772,153702.83,100259.845
300150.SZ,20250520,4.72,4.76,4.65,4.75,4.72,0.6356,120649.58,57022.807
300151.SZ,20250520,13.17,13.28,13.04,13.21,13.16,0.3799,45229.0,59706.937
300152.SZ,20250520,2.5,2.6,2.5,2.57,2.5,2.8,484172.63,124120.679
300153.SZ,20250520,29.68,29.75,28.88,29.23,29.43,-0.6796,148321.56,433666.812
300154.SZ,20250520,9.43,9.51,9.3,9.45,9.38,0.7463,109604.82,103406.396
300155.SZ,20250520,4.71,4.76,4.64,4.75,4.69,1.2793,115072.0,54291.763
300157.SZ,20250520,3.81,3.83,3.74,3.8,3.84,-1.0417,453891.0,171456.567
300158.SZ,20250520,3.98,4.35,3.98,4.16,3.97,4.7859,552625.41,228718.573
300159.SZ,20250520,2.2,2.32,2.17,2.21,2.2,0.4545,809450.75,181793.814
300160.SZ,20250520,5.49,5.51,5.45,5.49,5.46,0.5495,63311.0,34691.234
300161.SZ,20250520,26.7,27.73,26.42,27.24,26.82,1.566,36664.0,99376.807
300162.SZ,20250520,6.85,6.94,6.8,6.93,6.85,1.1679,57290.0,39520.787
300163.SZ,20250520,3.78,3.79,3.63,3.68,3.77,-2.3873,163800.58,60481.625
300164.SZ,20250520,4.03,4.07,4.0,4.06,4.03,0.7444,221431.85,89545.027
300165.SZ,20250520,3.35,3.42,3.33,3.39,3.35,1.194,108520.2,36789.653
300166.SZ,20250520,9.82,9.95,9.73,9.91,9.88,0.3036,163812.44,161601.19
300167.SZ,20250520,4.09,4.45,4.03,4.21,4.09,2.934,285186.07,121548.509
300168.SZ,20250520,7.32,7.37,7.24,7.34,7.33,0.1364,114782.17,83948.3
300169.SZ,20250520,7.22,7.33,7.18,7.3,7.28,0.2747,132037.0,95828.364
300170.SZ,20250520,18.05,18.23,17.81,18.12,18.04,0.4435,332229.28,599491.874
300171.SZ,20250520,11.95,12.17,11.95,12.1,11.98,1.0017,49057.98,59249.06
300172.SZ,20250520,5.03,5.07,4.99,5.07,5.03,0.7952,94008.42,47394.393
300173.SZ,20250520,5.6,5.74,5.51,5.71,5.57,2.5135,260911.06,147283.278
300174.SZ,20250520,14.52,14.75,14.37,14.71,14.51,1.3784,37525.0,54643.838
300175.SZ,20250520,5.21,5.34,5.21,5.23,5.2,0.5769,91526.0,48270.82
300176.SZ,20250520,6.73,6.82,6.65,6.81,6.73,1.1887,87564.0,59238.347
300177.SZ,20250520,10.09,10.15,9.96,10.12,10.09,0.2973,151349.5,152720.942
300179.SZ,20250520,9.35,10.2,9.26,9.89,9.34,5.8887,450716.34,441108.728
300180.SZ,20250520,7.3,7.38,7.25,7.32,7.35,-0.4082,593068.39,433402.429
300181.SZ,20250520,16.16,16.84,16.16,16.78,16.2,3.5802,297650.0,495407.741
300182.SZ,20250520,5.22,5.35,5.2,5.33,5.24,1.7176,639050.71,337678.777
300183.SZ,20250520,16.82,17.03,16.67,17.02,16.88,0.8294,76618.0,129559.878
300184.SZ,20250520,10.17,10.23,10.08,10.18,10.19,-0.0981,262056.2,266391.789
300185.SZ,20250520,2.72,2.76,2.7,2.71,2.73,-0.7326,629774.88,171203.406
300187.SZ,20250520,4.98,5.03,4.95,5.02,4.98,0.8032,61473.0,30688.357
300188.SZ,20250520,13.36,13.46,13.24,13.37,13.36,0.0749,71485.63,95655.392
300189.SZ,20250520,4.24,4.43,4.23,4.35,4.28,1.6355,1215093.66,529852.601
300190.SZ,20250520,3.34,3.35,3.31,3.34,3.34,0.0,72411.0,24134.445
300191.SZ,20250520,16.18,16.36,16.04,16.3,16.21,0.5552,31269.4,50749.077
300192.SZ,20250520,15.51,15.97,15.4,15.88,15.62,1.6645,145027.0,228924.468
300193.SZ,20250520,9.31,9.48,9.2,9.41,9.33,0.8574,78418.0,73433.737
300194.SZ,20250520,4.14,4.28,4.14,4.2,4.15,1.2048,215857.99,90535.675
300195.SZ,20250520,6.58,6.74,6.56,6.7,6.61,1.3616,127321.0,85068.119
300196.SZ,20250520,11.91,12.15,11.83,12.08,11.91,1.4274,54440.02,65435.474
300197.SZ,20250520,1.98,2.07,1.97,2.03,1.99,2.0101,693614.19,140006.773
300198.SZ,20250520,2.41,2.53,2.41,2.47,2.41,2.4896,418351.5,103352.932
300199.SZ,20250520,14.16,14.66,14.15,14.37,14.15,1.5548,385168.0,557019.833
300200.SZ,20250520,9.91,10.39,9.91,10.17,9.98,1.9038,310886.84,317384.663
300201.SZ,20250520,5.08,5.13,5.06,5.12,5.11,0.1957,125795.27,64130.231
300203.SZ,20250520,20.08,20.8,19.98,20.58,20.25,1.6296,158081.16,323162.301
300204.SZ,20250520,11.38,12.72,11.38,11.79,11.04,6.7935,341901.62,410533.983
300205.SZ,20250520,4.09,4.46,4.0,4.26,4.06,4.9261,235076.75,100622.784
300206.SZ,20250520,11.8,11.95,11.74,11.92,11.78,1.1885,35310.41,41987.106
300207.SZ,20250520,19.49,19.81,19.38,19.59,19.42,0.8754,213661.51,419423.591
300209.SZ,20250520,5.83,6.09,5.62,5.94,5.9,0.678,513206.0,300875.07
300210.SZ,20250520,11.19,11.29,10.8,11.1,11.19,-0.8043,508685.74,558486.429
300211.SZ,20250520,6.46,6.68,6.43,6.56,6.43,2.0218,126308.0,82985.334
300212.SZ,20250520,22.0,22.05,21.73,22.04,22.05,-0.0454,60586.0,132862.967
300213.SZ,20250520,8.22,8.41,8.12,8.35,8.24,1.335,185190.46,153455.16
300214.SZ,20250520,6.53,6.58,6.45,6.55,6.51,0.6144,87506.0,56945.698
300215.SZ,20250520,5.4,5.47,5.39,5.45,5.41,0.7394,63087.0,34263.972
300217.SZ,20250520,5.48,5.48,5.26,5.41,5.48,-1.2774,731699.0,390276.636
300218.SZ,20250520,15.0,15.15,14.87,15.01,14.95,0.4013,100979.0,151146.883
300219.SZ,20250520,6.34,6.43,6.3,6.42,6.36,0.9434,80716.0,51594.031
300220.SZ,20250520,15.89,18.1,15.89,17.42,15.98,9.0113,244205.62,421591.558
300221.SZ,20250520,9.12,9.13,8.91,8.95,9.09,-1.5402,197902.2,178148.808
300222.SZ,20250520,10.15,10.2,10.0,10.16,10.15,0.0985,123209.96,124922.706
300223.SZ,20250520,66.73,67.87,66.3,67.73,66.7,1.5442,63824.29,428534.962
300224.SZ,20250520,12.83,13.16,12.75,13.07,12.87,1.554,164721.9,213501.545
300226.SZ,20250520,20.83,21.05,20.71,20.98,20.9,0.3828,40782.2,85245.242
300227.SZ,20250520,9.01,9.05,8.8,8.89,8.96,-0.7813,206887.4,184038.963
300228.SZ,20250520,7.59,7.71,7.49,7.59,7.61,-0.2628,206139.0,156495.153
300229.SZ,20250520,17.49,18.03,17.26,17.9,18.4,-2.7174,418993.28,740416.571
300230.SZ,20250520,4.7,4.75,4.66,4.74,4.69,1.0661,193149.12,91001.877
300231.SZ,20250520,11.97,12.01,11.54,11.61,11.67,-0.5141,187874.0,219442.972
300232.SZ,20250520,7.03,7.13,6.96,7.11,7.03,1.138,135876.35,96153.169
300233.SZ,20250520,15.82,16.7,15.8,16.59,15.89,4.4053,332479.97,544828.481
300234.SZ,20250520,4.82,4.86,4.79,4.86,4.81,1.0395,42744.0,20680.908
300235.SZ,20250520,10.57,10.75,10.51,10.69,10.61,0.754,42105.0,44922.606
300236.SZ,20250520,36.24,37.2,36.06,37.03,36.31,1.9829,42860.98,157765.773
300237.SZ,20250520,1.81,1.86,1.78,1.83,1.78,2.809,787507.0,143229.22
300238.SZ,20250520,13.26,13.47,13.22,13.45,13.28,1.2801,68269.0,91502.023
300239.SZ,20250520,5.36,5.66,5.36,5.64,5.36,5.2239,252768.36,139639.822
300240.SZ,20250520,9.19,9.28,8.82,8.98,9.26,-3.0238,636986.82,569105.246
300241.SZ,20250520,5.21,5.25,5.15,5.25,5.2,0.9615,104439.04,54413.695
300242.SZ,20250520,4.45,4.51,4.37,4.51,4.41,2.2676,269250.0,120440.391
300243.SZ,20250520,9.77,9.93,9.74,9.89,9.79,1.0215,27840.0,27364.959
300244.SZ,20250520,14.56,14.8,14.51,14.63,14.67,-0.2727,147390.69,215864.716
300245.SZ,20250520,17.5,17.76,17.12,17.6,17.66,-0.3398,182240.0,318636.785
300246.SZ,20250520,7.54,7.61,7.48,7.61,7.56,0.6614,48904.5,36998.206
300247.SZ,20250520,3.96,4.03,3.89,4.0,3.91,2.3018,276061.08,109472.099
300248.SZ,20250520,13.95,14.08,13.67,14.03,14.08,-0.3551,185482.58,257469.737
300249.SZ,20250520,14.02,14.08,13.7,13.96,14.02,-0.428,158775.65,221125.381
300250.SZ,20250520,15.24,15.31,15.04,15.31,15.27,0.262,44967.08,68342.578
300251.SZ,20250520,17.83,17.99,17.6,17.97,18.39,-2.2838,766552.05,1367996.942
300252.SZ,20250520,10.38,10.44,10.13,10.37,10.51,-1.3321,287675.19,296419.811
300253.SZ,20250520,9.85,9.91,9.74,9.85,9.9,-0.5051,292637.07,287400.777
300254.SZ,20250520,9.16,9.55,9.16,9.43,9.17,2.8353,159788.2,150786.82
300255.SZ,20250520,25.52,25.85,25.26,25.62,25.5,0.4706,219571.4,561667.375
300256.SZ,20250520,4.39,4.48,4.33,4.47,4.41,1.3605,613845.0,272090.567
300257.SZ,20250520,9.88,9.92,9.76,9.85,9.92,-0.7056,119542.04,117399.903
300258.SZ,20250520,16.05,16.16,15.33,15.79,15.86,-0.4414,612023.56,957510.349
300259.SZ,20250520,3.54,3.73,3.49,3.61,3.53,2.2663,241469.04,86743.125
300260.SZ,20250520,31.63,32.66,31.4,32.38,31.87,1.6003,196617.66,632563.953
300261.SZ,20250520,7.08,7.31,7.05,7.13,7.12,0.1404,281573.0,201666.036
300263.SZ,20250520,7.29,7.36,7.22,7.36,7.31,0.684,146688.0,106967.667
300264.SZ,20250520,5.56,5.69,5.52,5.66,5.56,1.7986,125367.05,70556.189
300265.SZ,20250520,8.66,8.88,8.58,8.77,8.67,1.1534,239248.37,209891.246
300266.SZ,20250520,2.93,3.06,2.84,2.85,2.93,-2.7304,762125.5,224566.161
300267.SZ,20250520,3.14,3.42,3.11,3.2,3.13,2.2364,1174489.26,381960.982
300268.SZ,20250520,10.5,10.7,10.3,10.55,10.57,-0.1892,34658.0,36456.527
300269.SZ,20250520,4.03,4.11,4.0,4.08,4.02,1.4925,154166.0,62599.568
300270.SZ,20250520,7.18,7.28,7.14,7.27,7.21,0.8322,55571.0,40199.004
300271.SZ,20250520,7.74,7.89,7.63,7.82,7.74,1.0336,121174.23,94265.168
300272.SZ,20250520,6.16,6.29,6.16,6.28,6.18,1.6181,63201.38,39394.727
300274.SZ,20250520,64.5,64.59,62.9,63.66,64.45,-1.2258,301308.42,1909751.319
300275.SZ,20250520,12.84,13.03,12.65,13.01,12.82,1.4821,62541.23,80695.964
300276.SZ,20250520,12.25,12.42,11.96,12.31,12.22,0.7365,435218.32,534160.085
300277.SZ,20250520,13.53,13.65,13.16,13.28,13.28,0.0,192117.57,256921.94
300278.SZ,20250520,5.54,5.87,5.47,5.66,5.57,1.6158,479234.0,273043.686
300279.SZ,20250520,6.69,6.76,6.62,6.76,6.71,0.7452,78302.0,52605.154
300281.SZ,20250520,7.74,7.94,7.7,7.74,7.83,-1.1494,315969.0,245892.455
300283.SZ,20250520,5.78,5.87,5.7,5.79,5.87,-1.3629,88340.5,50998.194
300284.SZ,20250520,8.91,9.15,8.86,9.05,8.93,1.3438,147960.64,133367.572
300285.SZ,20250520,16.74,16.85,16.62,16.68,16.72,-0.2392,154110.3,257537.839
300286.SZ,20250520,22.01,22.44,21.7,22.44,22.0,2.0,24243.0,53791.252
300287.SZ,20250520,5.49,5.6,5.4,5.56,5.49,1.275,543081.0,299660.45
300288.SZ,20250520,14.0,14.24,13.91,14.21,14.06,1.0669,60426.0,85431.091
300289.SZ,20250520,4.98,5.07,4.97,5.04,4.96,1.6129,65059.12,32658.747
300290.SZ,20250520,19.21,19.23,18.51,18.86,18.89,-0.1588,435275.3,820575.277
300291.SZ,20250520,4.8,4.91,4.73,4.88,4.78,2.0921,246097.74,119069.963
300292.SZ,20250520,4.77,4.84,4.71,4.83,4.78,1.046,240658.0,115451.36
300293.SZ,20250520,21.34,22.09,21.15,22.06,21.34,3.3739,103433.95,225875.873
300294.SZ,20250520,26.89,27.23,26.85,27.04,26.86,0.6701,47694.0,129240.092
300295.SZ,20250520,16.31,16.36,16.0,16.22,16.18,0.2472,50061.0,81188.025
300296.SZ,20250520,6.13,6.21,6.06,6.2,6.15,0.813,487840.64,300468.676
300298.SZ,20250520,21.4,21.63,21.32,21.51,21.46,0.233,32024.83,68759.699
300299.SZ,20250520,6.11,6.29,6.04,6.27,6.11,2.6187,276264.29,171464.239
300300.SZ,20250520,3.46,3.55,3.42,3.45,3.43,0.5831,200536.83,69600.761
300301.SZ,20250520,1.89,1.93,1.88,1.91,1.89,1.0582,158612.0,30318.239
300302.SZ,20250520,14.66,15.5,14.4,15.39,14.62,5.2668,385190.25,582222.985
300303.SZ,20250520,6.04,6.1,5.99,6.09,6.05,0.6612,171916.2,104230.776
300304.SZ,20250520,7.63,7.7,7.57,7.68,7.65,0.3922,111674.2,85276.472
300305.SZ,20250520,5.93,5.96,5.86,5.95,5.92,0.5068,36656.0,21673.476
300306.SZ,20250520,12.17,12.37,12.07,12.37,12.23,1.1447,48569.0,59464.553
300308.SZ,20250520,95.29,97.18,94.4,95.96,95.28,0.7137,264242.82,2524962.466
300310.SZ,20250520,6.26,6.33,6.17,6.31,6.3,0.1587,226065.41,141641.143
300311.SZ,20250520,5.96,6.13,5.87,6.08,5.96,2.0134,220382.45,132908.493
300313.SZ,20250520,5.4,5.58,5.4,5.55,5.41,2.5878,44487.0,24626.379
300314.SZ,20250520,12.39,12.63,12.38,12.61,12.37,1.9402,49473.0,62129.7
300315.SZ,20250520,4.64,4.82,4.62,4.78,4.66,2.5751,705479.32,334500.623
300316.SZ,20250520,27.99,28.15,27.8,28.08,27.9,0.6452,46087.16,129162.531
300317.SZ,20250520,3.88,3.92,3.83,3.92,3.85,1.8182,221148.76,85808.547
300318.SZ,20250520,5.85,6.0,5.85,5.94,5.85,1.5385,148226.84,88152.568
300319.SZ,20250520,10.76,10.91,10.66,10.86,10.69,1.5903,204087.43,220805.521
300320.SZ,20250520,10.55,10.74,10.42,10.73,10.58,1.4178,78901.0,83831.609
300321.SZ,20250520,29.76,31.5,29.76,30.88,29.88,3.3467,25448.0,78752.096
300322.SZ,20250520,15.08,15.14,14.7,15.12,15.25,-0.8525,340403.0,507772.476
300323.SZ,20250520,6.82,6.93,6.76,6.9,6.81,1.3216,115635.0,79402.601
300324.SZ,20250520,3.9,4.1,3.85,4.02,3.92,2.551,1470430.71,588117.963
300326.SZ,20250520,4.53,4.74,4.48,4.61,4.53,1.766,233057.08,107849.634
300327.SZ,20250520,21.55,21.84,21.41,21.76,21.6,0.7407,35357.34,76640.956
300328.SZ,20250520,11.9,11.98,11.5,11.87,11.84,0.2534,786204.3,927044.071
300329.SZ,20250520,7.27,7.63,7.21,7.59,7.28,4.2582,93532.0,70138.828
300331.SZ,20250520,20.48,21.99,20.31,21.44,20.44,4.8924,143493.0,305654.113
300332.SZ,20250520,4.65,4.71,4.64,4.71,4.67,0.8565,142586.0,66703.207
300333.SZ,20250520,11.6,11.99,11.49,11.99,11.58,3.5406,170505.0,201116.655
300334.SZ,20250520,6.47,6.65,6.47,6.61,6.49,1.849,60630.0,39893.227
300335.SZ,20250520,5.2,5.25,5.14,5.24,5.18,1.1583,112554.0,58547.529
300337.SZ,20250520,10.53,10.58,10.35,10.57,10.53,0.3799,116367.0,122086.681
300338.SZ,20250520,4.37,4.43,4.31,4.38,4.4,-0.4545,94498.0,41086.982
300339.SZ,20250520,54.49,54.6,53.0,53.43,53.98,-1.0189,294652.51,1576889.073
300340.SZ,20250520,10.05,10.14,9.95,10.14,10.02,1.1976,40027.0,40326.166
300341.SZ,20250520,16.96,18.93,16.89,18.4,16.95,8.5546,493350.32,882320.733
300342.SZ,20250520,16.5,16.62,16.35,16.56,16.57,-0.0604,125378.51,206675.308
300343.SZ,20250520,4.41,4.44,4.38,4.39,4.42,-0.6787,156149.81,68777.082
300344.SZ,20250520,4.3,4.73,4.28,4.58,4.33,5.7737,693117.83,315117.655
300345.SZ,20250520,8.62,8.64,8.45,8.57,8.62,-0.58,106258.96,90859.373
300346.SZ,20250520,31.12,31.81,31.01,31.73,31.12,1.9602,143002.42,451476.844
300347.SZ,20250520,42.42,45.79,42.31,45.35,42.48,6.7561,243392.22,1092246.069
300348.SZ,20250520,12.8,12.97,12.71,12.9,12.87,0.2331,131961.19,169584.712
300349.SZ,20250520,12.19,12.29,12.1,12.27,12.14,1.0708,41267.84,50484.552
300350.SZ,20250520,6.29,6.33,6.12,6.31,6.32,-0.1582,454800.51,282623.273
300351.SZ,20250520,15.85,15.94,15.64,15.93,15.85,0.5047,41151.99,65145.605
300352.SZ,20250520,4.96,5.0,4.92,4.99,4.96,0.6048,231703.25,115125.597
300353.SZ,20250520,22.78,24.66,22.39,22.97,22.83,0.6132,1018816.56,2379737.69
300354.SZ,20250520,39.37,40.12,38.96,39.43,39.34,0.2288,19539.0,77117.839
300355.SZ,20250520,4.28,4.38,4.25,4.36,4.3,1.3953,357129.49,154760.0
300357.SZ,20250520,19.9,20.69,19.9,20.28,19.9,1.9095,103555.91,211291.259
300358.SZ,20250520,7.53,7.62,7.53,7.57,7.56,0.1323,70631.56,53466.477
300359.SZ,20250520,5.64,5.71,5.59,5.64,5.64,0.0,193737.5,109434.769
300360.SZ,20250520,15.95,16.21,15.85,16.15,15.9,1.5723,69698.71,112172.913
300363.SZ,20250520,15.1,15.48,15.1,15.37,15.09,1.8555,93671.9,143896.632
300364.SZ,20250520,21.07,21.99,20.83,21.72,21.07,3.085,300156.53,646509.201
300365.SZ,20250520,6.14,6.22,6.09,6.19,6.16,0.487,80726.79,49791.039
300366.SZ,20250520,7.58,7.66,7.48,7.58,7.56,0.2646,244152.0,184655.253
300368.SZ,20250520,7.32,7.43,6.8,6.87,7.38,-6.9106,260573.0,185014.39
300369.SZ,20250520,7.04,7.08,6.94,7.08,7.06,0.2833,91277.0,64062.434
300370.SZ,20250520,2.83,2.87,2.8,2.87,2.83,1.4134,197779.0,56359.192
300371.SZ,20250520,11.35,11.51,11.19,11.46,11.35,0.9692,35341.12,40191.534
300373.SZ,20250520,48.2,49.72,47.65,49.55,48.15,2.9076,181196.36,891704.604
300374.SZ,20250520,15.92,16.15,15.81,16.12,15.99,0.813,53904.4,86183.697
300375.SZ,20250520,5.0,5.14,4.95,5.13,5.01,2.3952,337995.5,171495.442
300376.SZ,20250520,3.55,3.59,3.52,3.56,3.54,0.565,117227.61,41686.759
300377.SZ,20250520,24.18,24.88,23.96,24.35,24.19,0.6614,527643.25,1287160.942
300378.SZ,20250520,34.84,35.27,34.48,34.89,34.88,0.0287,49941.3,174232.149
300379.SZ,20250520,5.57,5.86,5.46,5.79,5.51,5.0817,618420.93,352046.412
300380.SZ,20250520,48.21,48.62,47.71,48.24,47.94,0.6258,45431.0,218869.212
300381.SZ,20250520,7.8,8.03,7.78,7.97,7.8,2.1795,190250.06,151474.725
300382.SZ,20250520,15.44,16.41,15.29,16.02,15.49,3.4216,399229.22,636056.481
300383.SZ,20250520,13.91,14.09,13.75,14.04,13.96,0.5731,354747.0,494707.912
300384.SZ,20250520,17.55,17.83,17.38,17.79,17.5,1.6571,37049.15,65526.791
300385.SZ,20250520,5.03,5.07,4.96,5.06,5.01,0.998,55258.32,27792.869
300386.SZ,20250520,17.44,17.49,17.01,17.32,17.39,-0.4025,151202.38,260517.156
300387.SZ,20250520,8.47,8.96,8.4,8.78,8.45,3.9053,152680.32,133121.641
300388.SZ,20250520,6.97,7.05,6.93,7.05,6.97,1.1478,38724.8,27164.645
300389.SZ,20250520,10.64,10.83,10.55,10.81,10.65,1.5023,23625.0,25417.016
300390.SZ,20250520,18.54,18.63,18.32,18.49,18.46,0.1625,53947.77,99638.352
300391.SZ,20250520,4.7,4.81,4.7,4.79,4.7,1.9149,104008.13,49485.476
300393.SZ,20250520,5.46,5.48,5.41,5.47,5.46,0.1832,116793.83,63569.581
300394.SZ,20250520,72.45,76.88,72.13,75.3,72.45,3.9337,179258.75,1336613.782
300395.SZ,20250520,44.55,45.5,44.06,45.31,44.48,1.866,53276.72,239193.38
300396.SZ,20250520,13.4,13.59,13.34,13.51,13.32,1.4264,38831.29,52294.866
300397.SZ,20250520,12.1,12.18,11.98,12.15,12.19,-0.3281,165373.4,200048.44
300398.SZ,20250520,19.17,19.73,19.06,19.54,19.31,1.1911,338926.26,660065.077
300399.SZ,20250520,26.93,28.84,26.44,27.19,27.6,-1.4855,414030.86,1131192.199
300400.SZ,20250520,16.17,16.36,16.01,16.36,16.17,1.175,25832.0,41994.435
300401.SZ,20250520,15.46,15.74,15.39,15.43,15.51,-0.5158,194638.21,302430.52
300402.SZ,20250520,17.5,18.05,17.36,17.74,17.53,1.1979,92080.0,163640.32
300403.SZ,20250520,16.23,16.36,15.87,15.96,16.22,-1.603,248016.8,398063.246
300404.SZ,20250520,8.23,8.52,8.23,8.38,8.22,1.9465,103902.97,86881.33
300405.SZ,20250520,5.28,5.35,5.21,5.34,5.23,2.1033,96224.88,50987.853
300406.SZ,20250520,13.42,13.64,13.35,13.57,13.43,1.0424,48166.09,65085.908
300407.SZ,20250520,10.1,10.23,10.03,10.23,10.1,1.2871,30450.0,30956.418
300408.SZ,20250520,33.89,33.96,33.42,33.46,33.89,-1.2688,142266.57,477795.442
300409.SZ,20250520,14.29,14.53,14.17,14.42,14.21,1.4778,205733.77,295912.917
300410.SZ,20250520,5.82,5.86,5.74,5.84,5.82,0.3436,77384.0,45041.836
300411.SZ,20250520,12.41,13.09,12.3,12.65,12.45,1.6064,206265.6,263457.191
300412.SZ,20250520,4.96,5.04,4.95,5.02,4.94,1.6194,109234.1,54643.759
300413.SZ,20250520,23.4,23.67,23.11,23.44,23.55,-0.4671,161071.86,376528.301
300414.SZ,20250520,8.36,8.43,8.24,8.42,8.36,0.7177,55335.2,46240.704
300415.SZ,20250520,21.14,21.7,21.1,21.61,21.29,1.5031,88970.85,191072.848
300416.SZ,20250520,15.02,15.13,14.88,15.06,15.12,-0.3968,62305.93,93607.032
300417.SZ,20250520,11.98,12.47,11.95,12.43,12.04,3.2392,58955.0,72330.043
300418.SZ,20250520,31.1,31.9,30.8,31.67,31.13,1.7347,180250.85,565943.649
300419.SZ,20250520,5.07,5.31,5.07,5.22,5.07,2.9586,134713.0,70355.381
300420.SZ,20250520,3.69,3.81,3.65,3.79,3.69,2.71,789483.36,295794.36
300421.SZ,20250520,17.15,17.18,16.5,16.72,16.89,-1.0065,166585.08,279889.517
300422.SZ,20250520,4.47,4.54,4.46,4.53,4.49,0.8909,52380.1,23598.133
300423.SZ,20250520,7.33,7.72,7.27,7.65,7.28,5.0824,186481.56,140073.742
300424.SZ,20250520,15.94,15.97,15.55,15.66,15.88,-1.3854,76119.36,119111.399
300425.SZ,20250520,5.3,5.35,5.29,5.34,5.31,0.565,74462.27,39606.945
300426.SZ,20250520,9.88,10.05,9.72,9.96,9.88,0.8097,67450.0,66745.946
300427.SZ,20250520,5.89,5.92,5.82,5.85,5.89,-0.6791,193521.62,113151.052
300428.SZ,20250520,17.66,17.76,17.5,17.72,17.71,0.0565,33898.89,59861.166
300429.SZ,20250520,11.25,11.34,11.12,11.31,11.27,0.3549,85654.0,96395.788
300430.SZ,20250520,19.85,19.85,18.87,19.66,19.95,-1.4536,238192.6,457180.683
300432.SZ,20250520,18.91,19.15,18.66,18.88,19.06,-0.9444,321452.34,605702.619
300433.SZ,20250520,21.42,21.74,21.16,21.57,21.48,0.419,342743.59,737832.904
300434.SZ,20250520,8.57,9.35,8.48,8.93,8.56,4.3224,518361.74,465361.491
300435.SZ,20250520,13.68,13.95,13.62,13.93,13.68,1.8275,64223.0,88977.257
300436.SZ,20250520,29.43,30.28,29.23,29.51,29.43,0.2718,40358.0,119954.246
300437.SZ,20250520,8.25,8.28,8.08,8.26,8.2,0.7317,95786.0,78594.324
300438.SZ,20250520,24.3,24.46,24.0,24.28,24.2,0.3306,51662.2,125175.539
300439.SZ,20250520,10.29,10.42,10.22,10.41,10.23,1.7595,51245.0,53102.558
300440.SZ,20250520,8.62,8.78,8.57,8.68,8.62,0.6961,75023.35,65044.322
300441.SZ,20250520,8.28,8.39,8.2,8.33,8.31,0.2407,87999.4,73114.111
300442.SZ,20250520,44.7,45.37,44.31,45.23,44.55,1.5264,177462.02,798620.934
300443.SZ,20250520,20.04,20.14,19.88,20.11,20.0,0.55,33354.0,66778.335
300444.SZ,20250520,6.59,6.74,6.53,6.72,6.59,1.9727,254401.0,170154.751
300445.SZ,20250520,17.15,17.45,17.0,17.31,17.17,0.8154,24298.76,41986.912
300446.SZ,20250520,17.45,17.61,17.28,17.5,17.44,0.344,78972.5,138125.642
300447.SZ,20250520,14.1,14.19,13.97,14.0,14.15,-1.0601,43401.5,60919.788
300448.SZ,20250520,6.38,6.55,6.34,6.52,6.38,2.1944,201166.09,129932.631
300449.SZ,20250520,8.63,9.41,8.61,8.89,8.54,4.0984,369687.73,333454.058
300450.SZ,20250520,20.35,20.46,20.08,20.28,20.28,0.0,113963.59,230901.943
300451.SZ,20250520,5.36,5.43,5.32,5.41,5.38,0.5576,291814.45,157327.191
300452.SZ,20250520,12.38,12.74,12.35,12.72,12.41,2.498,105925.92,133762.544
300453.SZ,20250520,7.94,8.08,7.93,8.07,7.95,1.5094,76641.01,61454.356
300454.SZ,20250520,91.54,93.49,91.13,92.05,91.54,0.5571,50550.46,466910.516
300455.SZ,20250520,12.71,13.09,12.65,12.75,12.75,0.0,104635.0,134559.689
300456.SZ,20250520,16.67,16.82,16.4,16.77,16.46,1.8834,90025.06,149568.215
300457.SZ,20250520,17.71,17.94,17.52,17.74,17.71,0.1694,77204.98,136681.745
300458.SZ,20250520,39.89,40.5,39.7,40.07,40.17,-0.2489,224611.56,901433.264
300459.SZ,20250520,5.07,5.52,5.03,5.42,5.1,6.2745,3334058.97,1766984.516
300460.SZ,20250520,9.0,9.15,8.86,9.13,9.0,1.4444,54826.2,49574.597
300461.SZ,20250520,19.38,19.48,19.08,19.29,19.32,-0.1553,24906.0,47966.934
300462.SZ,20250520,9.62,9.81,9.49,9.78,9.6,1.875,46430.0,45063.187
300463.SZ,20250520,11.93,12.07,11.92,12.03,11.93,0.8382,52164.0,62715.052
300464.SZ,20250520,5.39,5.4,5.21,5.37,5.31,1.1299,209339.0,110971.721
300465.SZ,20250520,14.01,14.03,13.4,13.66,14.5,-5.7931,287647.08,393022.792
300466.SZ,20250520,11.63,13.31,11.63,12.54,11.09,13.0748,1102094.11,1365775.751
300467.SZ,20250520,20.76,20.96,20.39,20.51,20.76,-1.2042,89400.3,185174.317
300468.SZ,20250520,18.2,18.5,17.88,18.37,18.24,0.7127,301505.11,550446.946
300469.SZ,20250520,29.85,31.1,29.38,30.8,29.84,3.2172,106358.86,323120.263
300470.SZ,20250520,36.92,37.16,36.71,36.85,36.92,-0.1896,14996.11,55260.894
300471.SZ,20250520,9.79,10.77,9.71,10.18,9.8,3.8776,246782.05,252734.398
300472.SZ,20250520,3.16,3.31,3.1,3.16,3.11,1.6077,297772.12,95039.186
300473.SZ,20250520,28.69,30.17,28.5,29.89,28.75,3.9652,137827.96,408543.629
300474.SZ,20250520,67.8,68.13,67.3,67.73,68.0,-0.3971,70379.34,476461.352
300475.SZ,20250520,29.5,30.25,29.36,29.77,29.68,0.3032,104640.79,312209.481
300476.SZ,20250520,76.18,80.52,75.91,79.95,76.0,5.1974,438489.58,3446865.248
300477.SZ,20250520,1.89,1.97,1.88,1.95,1.88,3.7234,573427.08,111204.061
300478.SZ,20250520,14.47,16.55,14.35,15.29,14.39,6.2543,232422.8,354415.276
300479.SZ,20250520,19.59,19.98,19.35,19.91,19.65,1.3232,46957.0,92736.224
300480.SZ,20250520,13.4,13.5,13.24,13.47,13.41,0.4474,32399.87,43392.878
300481.SZ,20250520,13.8,13.95,13.7,13.86,13.8,0.4348,32850.0,45314.501
300482.SZ,20250520,21.33,21.5,21.21,21.37,21.22,0.7069,49151.22,104946.738
300483.SZ,20250520,9.37,9.62,9.32,9.57,9.45,1.2698,44460.6,42219.223
300484.SZ,20250520,20.78,21.2,20.56,21.08,20.78,1.4437,61112.81,128108.737
300485.SZ,20250520,8.69,10.4,8.66,9.53,8.75,8.9143,445355.79,429793.869
300486.SZ,20250520,6.96,7.4,6.89,7.35,6.96,5.6034,254024.25,182926.456
300487.SZ,20250520,44.91,45.66,44.47,45.26,44.86,0.8917,27213.25,123123.073
300488.SZ,20250520,34.59,34.89,34.17,34.38,34.68,-0.8651,28969.0,100185.177
300489.SZ,20250520,63.91,64.0,55.79,55.88,53.42,4.605,270822.38,1595151.394
300490.SZ,20250520,7.87,7.91,7.8,7.88,7.87,0.1271,47121.0,37031.539
300491.SZ,20250520,18.36,20.09,18.36,20.01,18.36,8.9869,173247.0,336966.897
300492.SZ,20250520,98.5,101.86,98.5,100.45,99.02,1.4442,10094.8,101486.797
300493.SZ,20250520,19.06,19.3,18.79,19.14,19.06,0.4197,135542.38,258119.331
300494.SZ,20250520,12.0,12.58,11.98,12.38,12.08,2.4834,224679.92,276337.058
300496.SZ,20250520,55.94,56.59,55.74,56.23,56.19,0.0712,57013.72,320144.11
300497.SZ,20250520,8.54,8.78,8.54,8.74,8.58,1.8648,79824.18,69687.742
300498.SZ,20250520,16.5,16.66,16.44,16.64,16.49,0.9096,242712.15,402394.648
300499.SZ,20250520,16.98,17.22,16.71,17.1,16.87,1.3634,109034.79,185372.801
300500.SZ,20250520,11.8,12.57,11.45,12.37,11.75,5.2766,158139.27,190578.615
300501.SZ,20250520,15.19,15.38,14.74,14.97,15.21,-1.5779,89288.0,133752.075
300502.SZ,20250520,116.76,118.08,115.4,116.53,115.98,0.4742,208338.85,2425349.739
300503.SZ,20250520,22.7,22.95,22.3,22.71,22.78,-0.3073,86589.38,196354.855
300504.SZ,20250520,14.49,14.65,14.28,14.62,14.5,0.8276,27552.0,39989.973
300505.SZ,20250520,19.21,20.28,18.95,19.1,19.58,-2.4515,417866.8,810625.866
300506.SZ,20250520,3.79,3.8,3.51,3.51,3.44,2.0349,254858.6,92498.997
300507.SZ,20250520,8.24,8.47,8.06,8.41,8.24,2.0631,538994.43,445487.464
300508.SZ,20250520,28.69,28.8,28.2,28.71,28.69,0.0697,17977.8,51316.643
300509.SZ,20250520,8.06,8.1,7.94,8.08,8.12,-0.4926,52288.0,42066.357
300510.SZ,20250520,4.2,4.27,4.19,4.27,4.2,1.6667,167653.02,71074.112
300511.SZ,20250520,5.98,6.88,5.83,6.88,5.73,20.0698,1037079.67,681124.994
300512.SZ,20250520,7.92,7.99,7.85,7.98,7.9,1.0127,26467.75,21030.305
300513.SZ,20250520,7.77,7.83,7.69,7.83,7.78,0.6427,67589.93,52513.444
300514.SZ,20250520,13.18,13.34,13.1,13.33,13.18,1.1381,33190.11,44065.453
300515.SZ,20250520,15.77,16.04,15.7,15.94,15.82,0.7585,30919.0,49246.061
300516.SZ,20250520,32.68,32.99,32.51,32.75,32.84,-0.2741,14161.5,46323.645
300517.SZ,20250520,9.67,9.87,9.48,9.85,9.62,2.3909,43073.03,41936.331
300518.SZ,20250520,12.06,12.28,11.83,12.27,12.06,1.7413,53037.06,64074.039
300519.SZ,20250520,14.58,14.95,14.53,14.81,14.58,1.5775,20234.0,29872.901
300520.SZ,20250520,23.1,23.1,22.51,22.88,22.91,-0.1309,98541.4,224002.951
300521.SZ,20250520,23.59,23.8,23.22,23.69,23.59,0.4239,21041.68,49400.502
300522.SZ,20250520,13.22,13.58,13.16,13.54,13.34,1.4993,81301.74,108808.178
300523.SZ,20250520,21.03,21.42,20.86,21.13,21.03,0.4755,30448.9,64338.018
300525.SZ,20250520,16.22,16.3,15.66,15.91,16.06,-0.934,235512.7,375270.748
300527.SZ,20250520,7.85,8.04,7.79,7.89,7.89,0.0,166716.06,131785.358
300528.SZ,20250520,9.06,9.25,8.99,9.22,9.08,1.5419,154590.6,141812.467
300529.SZ,20250520,22.1,22.35,21.98,22.15,22.07,0.3625,74821.63,166213.459
300530.SZ,20250520,27.57,29.79,27.4,29.2,27.52,6.1047,123563.07,357542.259
300531.SZ,20250520,15.71,15.98,15.6,15.92,15.67,1.5954,130987.61,207370.118
300532.SZ,20250520,11.51,11.65,11.4,11.64,11.5,1.2174,48601.54,56071.043
300533.SZ,20250520,23.78,24.69,23.45,24.32,23.77,2.3138,162794.25,394793.448
300534.SZ,20250520,9.55,10.08,9.53,9.91,9.59,3.3368,276309.0,273327.888
300535.SZ,20250520,15.79,16.04,15.57,16.04,15.71,2.1006,23080.73,36622.675
300536.SZ,20250520,9.76,10.29,9.65,10.28,9.81,4.791,102715.1,102634.144
300537.SZ,20250520,17.52,17.74,17.52,17.72,17.64,0.4535,38096.0,67273.371
300538.SZ,20250520,15.34,15.56,15.15,15.5,15.34,1.043,37896.21,58381.937
300539.SZ,20250520,14.3,14.34,14.02,14.2,14.28,-0.5602,42641.81,60559.075
300540.SZ,20250520,21.25,21.76,21.11,21.51,21.28,1.0808,17247.0,37051.573
300541.SZ,20250520,13.66,13.75,13.41,13.62,13.74,-0.8734,192209.98,260622.803
300542.SZ,20250520,19.31,20.45,19.31,20.29,19.16,5.8977,372667.13,747646.201
300543.SZ,20250520,10.59,10.85,10.49,10.72,10.65,0.6573,95339.52,102155.852
300545.SZ,20250520,28.77,29.64,28.31,29.36,28.85,1.7678,34226.0,99462.036
300546.SZ,20250520,16.95,17.05,16.74,17.0,16.92,0.4728,28587.1,48382.302
300547.SZ,20250520,29.33,29.47,28.7,29.04,29.17,-0.4457,76981.8,223459.824
300548.SZ,20250520,49.25,49.49,47.78,48.14,49.25,-2.2538,221803.37,1068889.516
300549.SZ,20250520,18.94,19.04,18.53,18.98,18.87,0.5829,28627.0,53925.424
300550.SZ,20250520,12.38,12.5,12.25,12.49,12.38,0.8885,17263.02,21427.259
300551.SZ,20250520,8.76,8.96,8.65,8.96,8.74,2.5172,115847.15,102621.009
300552.SZ,20250520,28.88,29.19,28.04,28.58,29.03,-1.5501,118354.8,337194.696
300553.SZ,20250520,53.1,55.4,52.46,54.74,53.54,2.2413,30058.66,161768.686
300554.SZ,20250520,20.08,20.59,20.07,20.46,20.14,1.5889,15314.0,31176.048
300555.SZ,20250520,11.73,11.86,11.52,11.69,11.72,-0.256,32451.74,37841.935
300556.SZ,20250520,18.75,19.09,18.61,19.05,18.75,1.6,32143.37,60755.046
300557.SZ,20250520,31.74,32.27,31.69,32.18,31.84,1.0678,9913.6,31761.711
300558.SZ,20250520,49.18,50.22,48.93,49.87,48.84,2.1089,70546.85,351839.639
300559.SZ,20250520,11.05,11.15,10.94,11.04,11.05,-0.0905,30493.76,33707.606
300560.SZ,20250520,12.46,12.59,12.4,12.56,12.54,0.1595,45391.51,56747.803
300561.SZ,20250520,11.95,12.37,11.95,12.08,11.95,1.0879,170089.3,207486.843
300562.SZ,20250520,14.48,14.66,14.47,14.6,14.59,0.0685,65853.0,95895.007
300563.SZ,20250520,36.85,37.28,36.23,36.61,37.45,-2.243,72524.18,264856.854
300564.SZ,20250520,13.23,13.74,13.12,13.65,13.27,2.8636,51902.78,70063.749
300565.SZ,20250520,11.2,11.31,11.03,11.3,11.17,1.1638,54453.0,61052.143
300566.SZ,20250520,18.38,18.61,18.22,18.53,18.38,0.8161,45211.78,83482.47
300567.SZ,20250520,58.41,58.81,57.92,58.66,58.65,0.0171,29622.31,173055.239
300568.SZ,20250520,10.22,10.3,10.15,10.18,10.21,-0.2938,225782.29,230436.35
300569.SZ,20250520,4.98,5.02,4.93,4.99,5.0,-0.2,184726.32,91982.028
300570.SZ,20250520,69.99,70.86,69.25,70.77,70.2,0.812,120418.27,842974.993
300571.SZ,20250520,32.0,32.29,31.58,31.85,32.22,-1.1484,51650.62,164612.882
300572.SZ,20250520,18.94,20.88,18.72,20.39,18.95,7.5989,193991.68,390013.904
300573.SZ,20250520,78.5,79.39,78.13,78.88,78.55,0.4201,47140.19,372386.37
300575.SZ,20250520,6.11,6.12,6.04,6.09,6.11,-0.3273,83361.12,50647.647
300576.SZ,20250520,40.98,41.25,40.69,41.13,40.92,0.5132,26595.93,109230.315
300577.SZ,20250520,20.61,21.47,20.5,21.2,20.62,2.8128,40608.0,85712.49
300578.SZ,20250520,18.08,18.41,17.87,18.37,18.05,1.7729,30455.78,55521.404
300579.SZ,20250520,26.2,26.23,25.78,26.14,26.19,-0.1909,21037.7,54759.184
300580.SZ,20250520,26.42,26.88,26.02,26.36,26.52,-0.6033,91401.65,241852.472
300581.SZ,20250520,15.03,15.3,14.0,14.25,15.63,-8.8292,1028312.97,1488586.696
300582.SZ,20250520,12.27,12.57,12.2,12.54,12.27,2.2005,38405.5,47796.706
300583.SZ,20250520,19.15,19.34,18.97,19.11,19.02,0.4732,22608.5,43240.35
300584.SZ,20250520,23.34,23.85,22.8,22.9,23.19,-1.2505,99045.78,229007.391
300585.SZ,20250520,13.98,14.31,13.82,14.26,14.0,1.8571,43823.0,61966.209
300586.SZ,20250520,9.35,9.4,9.16,9.29,9.31,-0.2148,123311.61,114380.556
300587.SZ,20250520,5.55,5.83,5.42,5.73,5.55,3.2432,483636.59,273110.161
300588.SZ,20250520,12.24,12.42,12.12,12.4,12.28,0.9772,35002.6,43128.624
300589.SZ,20250520,11.7,12.33,11.59,11.86,11.69,1.4542,142588.3,170067.089
300590.SZ,20250520,12.5,12.64,12.35,12.58,12.53,0.399,58473.0,73287.633
300591.SZ,20250520,6.23,6.5,6.1,6.35,6.14,3.4202,590049.99,371976.866
300592.SZ,20250520,11.5,11.94,11.29,11.77,11.45,2.7948,102972.2,120090.901
300593.SZ,20250520,13.86,14.01,13.81,13.87,13.99,-0.8578,67581.11,93876.616
300594.SZ,20250520,17.19,17.36,16.91,17.36,17.09,1.5799,14354.0,24650.248
300595.SZ,20250520,15.1,15.35,15.02,15.32,15.04,1.8617,70896.17,108136.499
300596.SZ,20250520,29.5,29.99,29.32,29.92,29.53,1.3207,31310.0,92871.023
300597.SZ,20250520,9.12,9.19,9.05,9.18,9.12,0.6579,36316.43,33232.566
300598.SZ,20250520,45.5,46.16,44.69,45.45,45.53,-0.1757,53870.44,243583.067
300599.SZ,20250520,8.44,8.7,8.2,8.67,8.43,2.847,170287.7,144552.456
300600.SZ,20250520,9.28,9.29,9.04,9.12,9.21,-0.9772,80342.0,73376.147
300601.SZ,20250520,14.09,14.47,14.07,14.37,14.11,1.8427,133338.24,191356.894
300602.SZ,20250520,20.3,20.32,19.44,19.73,20.16,-2.1329,186224.42,367135.631
300603.SZ,20250520,11.93,11.94,11.46,11.85,11.96,-0.9197,338038.02,393840.466
300604.SZ,20250520,41.59,41.88,41.47,41.57,41.54,0.0722,65177.26,271678.724
300605.SZ,20250520,15.11,15.42,14.9,15.32,15.07,1.6589,73328.0,111534.685
300606.SZ,20250520,17.99,18.36,17.94,18.09,18.07,0.1107,17849.5,32267.073
300607.SZ,20250520,37.79,37.8,35.52,35.82,38.6,-7.2021,713904.71,2596686.732
300608.SZ,20250520,11.39,11.72,11.22,11.65,11.38,2.3726,134123.2,154980.5
300609.SZ,20250520,33.79,34.3,31.56,32.3,33.79,-4.4096,235751.13,768961.511
300610.SZ,20250520,11.36,11.45,11.23,11.32,11.43,-0.9624,51536.4,58270.767
300611.SZ,20250520,25.32,25.78,24.89,25.44,25.57,-0.5084,99620.0,252116.967
300612.SZ,20250520,14.2,14.45,14.1,14.39,14.23,1.1244,48671.0,69757.583
300613.SZ,20250520,46.8,47.92,46.55,47.67,46.93,1.5768,34251.43,162359.047
300614.SZ,20250520,11.89,12.07,11.78,12.04,11.89,1.2616,26921.0,32210.841
300615.SZ,20250520,12.45,12.69,12.31,12.61,12.41,1.6116,36094.0,45206.363
300616.SZ,20250520,13.13,13.35,13.0,13.31,13.13,1.3709,41936.8,55487.407
300617.SZ,20250520,28.2,28.64,27.96,28.52,28.12,1.4225,18228.95,51771.541
300618.SZ,20250520,32.95,33.03,32.66,32.85,32.9,-0.152,33527.0,110073.895
300619.SZ,20250520,25.5,25.67,25.16,25.64,25.37,1.0642,17175.7,43798.799
300620.SZ,20250520,41.51,41.8,41.18,41.54,41.72,-0.4314,30295.55,125663.946
300621.SZ,20250520,8.91,9.03,8.82,9.03,8.92,1.2332,42052.5,37623.944
300622.SZ,20250520,40.6,41.12,40.05,40.73,40.93,-0.4886,57565.81,233584.81
300623.SZ,20250520,29.58,30.23,29.41,30.22,29.48,2.5102,107030.81,320475.336
300624.SZ,20250520,61.06,61.31,60.09,60.92,60.63,0.4783,45596.06,277114.018
300625.SZ,20250520,11.92,11.98,11.82,11.95,11.93,0.1676,10933.0,13017.844
300626.SZ,20250520,10.29,10.44,10.16,10.41,10.27,1.3632,41362.0,42724.072
300627.SZ,20250520,42.78,43.35,42.66,42.95,42.76,0.4443,31727.17,136435.693
300628.SZ,20250520,34.82,35.36,34.5,35.13,34.81,0.9193,62099.45,217841.387
300629.SZ,20250520,20.47,20.6,19.93,20.1,20.62,-2.5218,119145.78,239895.877
300630.SZ,20250520,0.84,0.92,0.83,0.88,0.82,7.3171,246333.45,21330.21
300631.SZ,20250520,24.66,26.16,23.5,25.87,24.58,5.2482,288033.8,721240.642
300632.SZ,20250520,12.16,12.28,12.03,12.27,12.16,0.9046,37338.73,45476.276
300633.SZ,20250520,32.3,32.55,31.61,32.25,32.3,-0.1548,29562.0,94751.058
300634.SZ,20250520,24.12,25.84,24.12,25.16,24.07,4.5285,295210.9,740654.031
300635.SZ,20250520,10.25,10.62,10.15,10.6,10.24,3.5156,48536.5,50620.124
300636.SZ,20250520,7.26,7.44,7.22,7.4,7.26,1.9284,55531.5,40957.425
300637.SZ,20250520,10.59,10.61,10.49,10.55,10.55,0.0,54299.0,57231.983
300638.SZ,20250520,27.42,27.78,27.02,27.43,27.5,-0.2545,173216.87,474450.023
300639.SZ,20250520,5.42,5.49,5.41,5.46,5.4,1.1111,69780.5,38107.457
300640.SZ,20250520,6.09,6.68,6.04,6.46,6.08,6.25,426941.82,272716.158
300641.SZ,20250520,23.65,23.85,23.57,23.68,23.65,0.1268,126034.6,298597.438
300642.SZ,20250520,13.98,14.22,13.9,14.12,13.9,1.5827,22459.9,31603.11
300643.SZ,20250520,19.2,19.79,18.8,19.74,19.25,2.5455,109454.0,212365.799
300644.SZ,20250520,27.27,27.43,26.72,27.05,27.42,-1.3494,61645.0,166396.46
300645.SZ,20250520,14.44,14.61,14.27,14.6,14.4,1.3889,33608.0,48657.176
300647.SZ,20250520,5.85,5.89,5.77,5.88,5.81,1.2048,85037.0,49724.721
300648.SZ,20250520,38.06,38.1,36.88,37.89,38.06,-0.4467,67160.97,252636.407
300649.SZ,20250520,11.69,11.99,11.52,11.94,11.69,2.1386,27510.0,32533.215
300650.SZ,20250520,16.45,16.85,16.31,16.45,16.61,-0.9633,73942.47,122138.862
300651.SZ,20250520,14.85,15.7,14.72,15.46,14.83,4.2481,79173.0,120849.688
300652.SZ,20250520,85.0,85.0,81.0,82.85,83.5,-0.7784,38169.67,316041.545
300653.SZ,20250520,20.0,20.58,19.92,20.38,19.96,2.1042,35836.78,72845.342
300654.SZ,20250520,10.13,10.4,10.05,10.37,10.14,2.2682,89266.0,91864.569
300655.SZ,20250520,8.77,8.9,8.68,8.89,8.74,1.7162,171505.17,151012.959
300656.SZ,20250520,25.35,26.75,25.08,26.5,25.35,4.5365,112640.17,295230.731
300657.SZ,20250520,28.72,28.97,27.92,28.36,27.91,1.6123,271803.8,767843.338
300658.SZ,20250520,6.24,6.54,6.16,6.42,6.23,3.0498,134933.8,86169.021
300659.SZ,20250520,13.78,13.91,13.58,13.87,13.77,0.7262,74058.8,102073.928
300660.SZ,20250520,58.48,59.47,57.57,58.45,58.39,0.1028,70919.44,415655.481
300661.SZ,20250520,95.0,97.3,95.0,96.85,95.4,1.5199,85841.53,829071.48
300662.SZ,20250520,30.25,32.68,29.91,31.69,30.25,4.7603,58660.0,184653.409
300663.SZ,20250520,18.0,18.09,17.61,17.73,18.09,-1.99,280161.77,497463.958
300664.SZ,20250520,5.21,5.22,5.16,5.18,5.22,-0.7663,67935.3,35182.112
300665.SZ,20250520,7.69,7.85,7.58,7.84,7.6,3.1579,96995.4,74789.825
300666.SZ,20250520,75.84,75.84,74.81,75.09,75.84,-0.9889,40405.71,303617.282
300667.SZ,20250520,15.53,16.03,15.39,15.86,15.6,1.6667,57076.0,90087.591
300668.SZ,20250520,18.55,18.84,18.11,18.62,18.18,2.4202,21766.0,40269.601
300669.SZ,20250520,22.99,23.47,22.9,23.06,23.18,-0.5177,14269.0,33021.413
300670.SZ,20250520,6.27,6.32,6.22,6.31,6.26,0.7987,51142.0,32107.817
300671.SZ,20250520,30.02,30.75,29.89,30.61,30.19,1.3912,41185.5,125245.757
300672.SZ,20250520,71.2,80.49,70.99,79.9,71.0,12.5352,166405.06,1272093.469
300673.SZ,20250520,17.8,21.09,17.5,19.26,17.99,7.0595,428671.07,826788.531
300674.SZ,20250520,22.3,22.54,22.07,22.32,22.23,0.4049,103010.09,229590.962
300675.SZ,20250520,14.43,14.8,14.35,14.69,14.47,1.5204,43180.0,63085.102
300676.SZ,20250520,53.78,54.15,53.23,53.48,53.78,-0.5578,46588.98,249306.474
300677.SZ,20250520,22.9,23.22,22.88,23.04,22.91,0.5674,75497.95,174120.942
300678.SZ,20250520,30.5,30.66,30.24,30.47,30.6,-0.4248,31588.5,96117.82
300679.SZ,20250520,43.23,45.53,43.05,44.99,43.42,3.6158,134808.49,597559.725
300680.SZ,20250520,46.29,47.18,45.31,45.5,46.75,-2.6738,116334.22,535127.138
300681.SZ,20250520,30.02,30.49,28.81,29.98,31.05,-3.4461,157795.75,466530.002
300682.SZ,20250520,14.88,15.1,14.81,15.05,14.99,0.4003,144630.34,216321.013
300683.SZ,20250520,23.43,24.1,23.43,23.84,23.43,1.7499,17854.0,42661.764
300684.SZ,20250520,23.8,23.88,23.47,23.74,23.82,-0.3359,56804.54,134567.577
300685.SZ,20250520,20.33,20.62,20.24,20.3,20.33,-0.1476,70658.3,144313.255
300686.SZ,20250520,8.9,9.06,8.8,9.06,8.88,2.027,48856.0,43756.156
300687.SZ,20250520,28.42,28.97,28.28,28.31,28.59,-0.9794,122485.89,350321.164
300688.SZ,20250520,29.37,30.77,28.75,30.2,29.51,2.3382,169497.38,508450.206
300689.SZ,20250520,35.83,37.49,35.47,36.89,35.83,2.9584,14613.6,53485.343
300690.SZ,20250520,24.3,24.49,23.85,24.15,24.48,-1.348,67667.5,163046.043
300692.SZ,20250520,6.19,6.23,6.12,6.18,6.18,0.0,34225.15,21095.441
300693.SZ,20250520,29.6,31.44,29.31,31.31,29.69,5.4564,168795.2,515087.235
300694.SZ,20250520,12.97,13.16,12.72,13.15,12.92,1.7802,48311.0,62908.745
300695.SZ,20250520,95.21,95.64,89.15,91.15,97.5,-6.5128,36132.4,330799.708
300696.SZ,20250520,20.7,20.85,20.12,20.36,20.69,-1.595,157207.68,320568.23
300697.SZ,20250520,15.19,15.66,15.05,15.55,15.19,2.37,95548.4,147202.665
300698.SZ,20250520,35.98,36.63,35.46,36.38,35.97,1.1398,34166.0,123549.856
300699.SZ,20250520,31.0,31.39,30.55,31.04,30.97,0.226,159504.33,493828.507
300700.SZ,20250520,9.31,9.8,8.85,9.72,9.55,1.7801,239265.04,228189.357
300701.SZ,20250520,9.89,9.99,9.79,9.99,9.88,1.1134,44602.64,44219.743
300702.SZ,20250520,21.34,21.84,21.34,21.35,21.4,-0.2336,39280.0,84628.666
300703.SZ,20250520,16.16,19.02,16.06,19.02,15.85,20.0,447522.84,790303.65
300705.SZ,20250520,15.76,16.14,15.76,16.08,15.76,2.0305,140152.91,224828.177
300706.SZ,20250520,20.98,21.12,20.73,21.09,20.91,0.8608,18575.94,38970.899
300707.SZ,20250520,14.0,14.05,13.74,13.95,13.92,0.2155,44662.0,62157.443
300708.SZ,20250520,11.31,11.45,11.23,11.44,11.31,1.1494,92451.19,105280.932
300709.SZ,20250520,39.35,40.15,38.4,40.0,39.82,0.452,111701.87,439122.596
300710.SZ,20250520,21.09,21.3,20.29,20.71,20.6,0.534,62966.69,130019.721
300711.SZ,20250520,21.93,22.17,21.71,22.15,21.93,1.0032,34973.75,76870.348
300712.SZ,20250520,23.15,23.49,23.1,23.39,23.14,1.0804,13648.0,31831.56
300713.SZ,20250520,16.79,17.24,16.51,17.17,16.7,2.8144,67689.25,114517.535
300715.SZ,20250520,10.26,10.27,10.01,10.12,10.21,-0.8815,20019.0,20203.423
300716.SZ,20250520,7.55,8.14,7.37,7.9,7.55,4.6358,76216.0,59909.33
300717.SZ,20250520,16.72,17.01,16.56,16.93,16.72,1.256,19411.5,32670.823
300718.SZ,20250520,75.05,76.88,74.22,75.05,74.62,0.5763,84646.59,638825.244
300719.SZ,20250520,17.78,17.87,16.98,17.07,17.77,-3.9392,173120.76,297528.73
300720.SZ,20250520,22.85,22.85,22.08,22.45,22.58,-0.5757,43987.0,98657.776
300721.SZ,20250520,16.63,17.39,16.08,17.14,16.79,2.0846,254541.82,425994.775
300722.SZ,20250520,30.19,30.28,29.35,29.48,30.25,-2.5455,74989.69,222283.461
300723.SZ,20250520,43.0,47.53,43.0,47.53,39.61,19.995,161114.22,748364.681
300724.SZ,20250520,54.5,54.86,53.92,54.5,54.39,0.2022,44021.72,239440.527
300725.SZ,20250520,31.59,33.32,31.53,32.86,31.6,3.9873,95892.03,314086.913
300726.SZ,20250520,35.25,35.4,34.84,35.1,35.46,-1.0152,53344.0,187076.462
300727.SZ,20250520,28.84,29.69,28.82,29.52,29.0,1.7931,24700.44,72163.498
300729.SZ,20250520,16.43,16.57,15.79,16.28,16.46,-1.0936,218420.34,352958.466
300730.SZ,20250520,12.34,12.52,12.12,12.51,12.25,2.1224,61773.0,76408.497
300731.SZ,20250520,25.91,26.88,25.1,26.63,25.8,3.2171,82616.91,215037.334
300732.SZ,20250520,6.79,6.9,6.74,6.89,6.78,1.6224,71128.84,48640.667
300733.SZ,20250520,16.9,17.3,16.9,17.16,16.98,1.0601,54734.83,93585.307
300735.SZ,20250520,26.99,27.55,26.33,27.21,26.68,1.9865,216368.99,585769.135
300736.SZ,20250520,9.88,10.06,9.79,10.05,9.86,1.927,38300.0,38059.451
300737.SZ,20250520,4.96,5.01,4.92,5.01,4.96,1.0081,126505.0,62892.215
300738.SZ,20250520,21.15,21.34,20.77,21.17,21.14,0.1419,370653.12,782493.962
300739.SZ,20250520,13.05,13.29,12.96,13.28,12.97,2.3901,61117.85,80472.843
300740.SZ,20250520,14.0,15.21,13.94,14.55,13.94,4.3759,417686.11,611575.175
300741.SZ,20250520,16.79,17.05,16.75,16.82,16.8,0.119,22357.0,37763.449
300743.SZ,20250520,17.75,17.85,17.55,17.73,17.75,-0.1127,26030.27,46064.708
300745.SZ,20250520,17.34,17.49,17.06,17.41,17.33,0.4616,32191.0,55708.921
300746.SZ,20250520,14.3,15.85,13.96,15.6,14.59,6.9225,318713.5,474250.423
300747.SZ,20250520,20.84,20.97,20.4,20.44,21.08,-3.0361,191270.78,393012.183
300748.SZ,20250520,20.6,21.06,20.36,20.79,20.74,0.2411,313048.92,648129.676
300749.SZ,20250520,8.18,8.25,8.07,8.23,8.16,0.8578,45059.0,36828.259
300750.SZ,20250520,264.44,265.5,255.2,263.0,260.0,1.1538,346423.64,9053425.367
300751.SZ,20250520,74.81,76.24,74.55,75.42,75.18,0.3192,32129.0,243169.544
300752.SZ,20250520,18.65,18.8,18.28,18.76,18.65,0.5898,31729.4,59022.331
300753.SZ,20250520,23.61,24.11,22.95,24.11,23.92,0.7943,113385.74,265624.935
300755.SZ,20250520,20.89,21.08,20.68,20.7,20.91,-1.0043,55386.9,115321.569
300756.SZ,20250520,23.81,27.5,23.5,26.57,23.74,11.9208,174616.89,447585.512
300757.SZ,20250520,145.0,146.5,142.03,143.1,146.18,-2.107,46053.91,660809.615
300758.SZ,20250520,16.98,17.66,16.42,16.9,17.4,-2.8736,379671.7,642856.469
300759.SZ,20250520,22.41,23.18,22.33,23.08,22.41,2.9897,198164.3,454839.482
300760.SZ,20250520,226.0,227.87,222.84,223.72,226.01,-1.0132,51596.07,1157654.07
300761.SZ,20250520,18.81,19.18,18.78,19.04,18.9,0.7407,106883.1,202909.29
300762.SZ,20250520,21.23,21.41,21.06,21.27,21.33,-0.2813,131232.6,278825.407
300763.SZ,20250520,55.5,55.57,54.63,54.95,55.6,-1.1691,58539.16,321434.432
300765.SZ,20250520,44.5,47.59,44.38,46.45,42.1,10.3325,136995.6,630226.567
300766.SZ,20250520,38.9,40.1,38.51,39.27,39.28,-0.0255,376191.0,1480495.44
300767.SZ,20250520,10.35,10.66,10.28,10.51,10.35,1.5459,70020.47,73374.22
300768.SZ,20250520,16.98,17.4,16.71,17.21,16.89,1.8946,146965.82,251368.316
300769.SZ,20250520,29.09,29.4,28.82,28.99,29.13,-0.4806,43475.0,126104.608
300770.SZ,20250520,39.5,40.07,39.32,40.01,39.5,1.2911,23607.82,93996.316
300771.SZ,20250520,10.93,11.25,10.76,11.05,10.88,1.5625,152307.5,167077.509
300772.SZ,20250520,10.86,10.95,10.79,10.93,10.87,0.552,85605.08,93046.731
300773.SZ,20250520,20.62,20.76,20.37,20.67,20.78,-0.5294,428693.5,881228.938
300774.SZ,20250520,8.58,8.8,8.58,8.74,8.58,1.8648,57387.44,49790.221
300775.SZ,20250520,25.3,25.36,25.02,25.23,25.34,-0.4341,92864.51,233997.467
300776.SZ,20250520,57.21,57.58,56.7,57.16,57.27,-0.1921,12700.16,72457.824
300777.SZ,20250520,35.93,37.37,35.93,36.6,35.48,3.1567,219641.17,809791.448
300778.SZ,20250520,12.14,12.75,11.97,12.31,12.13,1.4839,173448.97,214014.445
300779.SZ,20250520,136.15,147.41,135.11,145.45,135.88,7.043,41474.53,589355.108
300780.SZ,20250520,15.32,15.74,15.12,15.61,15.31,1.9595,41434.0,64333.577
300781.SZ,20250520,54.06,55.55,53.55,55.15,54.15,1.8467,55161.04,300916.816
300782.SZ,20250520,71.6,73.27,71.3,72.82,71.6,1.7039,47742.8,346763.301
300783.SZ,20250520,28.79,31.35,28.79,30.42,28.78,5.6984,435774.51,1314850.939
300784.SZ,20250520,54.02,58.14,53.55,56.49,54.17,4.2828,22952.7,128688.65
300785.SZ,20250520,34.09,35.28,33.89,34.89,34.22,1.9579,47297.44,163839.197
300786.SZ,20250520,13.93,14.48,13.85,14.22,14.0,1.5714,88404.4,125256.383
300787.SZ,20250520,14.36,14.67,14.28,14.58,14.36,1.532,36249.01,52596.373
300788.SZ,20250520,30.39,31.12,30.28,31.04,30.45,1.9376,28858.3,89027.469
300789.SZ,20250520,23.92,24.45,23.4,24.18,23.98,0.834,21431.89,51497.755
300790.SZ,20250520,21.14,21.17,20.6,21.05,20.89,0.7659,71530.08,149904.597
300791.SZ,20250520,31.71,33.9,30.83,31.38,31.81,-1.3518,115722.25,370564.009
300792.SZ,20250520,26.38,27.17,26.03,26.87,26.39,1.8189,162847.68,435173.272
300793.SZ,20250520,16.39,16.65,16.26,16.54,16.48,0.3641,81046.59,133601.974
300795.SZ,20250520,19.6,20.87,19.52,20.38,19.77,3.0855,47389.75,96264.755
300796.SZ,20250520,9.24,9.29,9.13,9.15,9.24,-0.974,65324.8,59932.617
300797.SZ,20250520,14.25,14.5,14.18,14.45,14.34,0.7671,54932.09,79198.537
300798.SZ,20250520,7.27,7.55,7.18,7.49,7.27,3.0261,267594.78,197558.572
300800.SZ,20250520,10.49,10.55,10.35,10.51,10.5,0.0952,25082.0,26317.326
300801.SZ,20250520,16.08,16.24,16.08,16.19,16.17,0.1237,18231.6,29502.013
300802.SZ,20250520,18.06,18.24,17.92,18.21,18.06,0.8306,14988.08,27200.247
300803.SZ,20250520,60.12,60.94,59.66,60.32,59.89,0.718,144267.54,869330.821
300804.SZ,20250520,27.38,27.81,27.13,27.68,27.38,1.0957,17602.67,48374.971
300805.SZ,20250520,11.37,11.92,11.26,11.92,11.39,4.6532,287836.0,336474.981
300806.SZ,20250520,16.83,16.9,16.52,16.65,16.84,-1.1283,106020.32,176766.942
300807.SZ,20250520,41.13,44.37,40.16,42.66,41.12,3.7451,77443.73,329370.236
300808.SZ,20250520,25.77,25.82,25.37,25.5,25.77,-1.0477,9997.0,25507.11
300809.SZ,20250520,40.35,40.88,39.3,39.5,40.52,-2.5173,103543.42,412280.343
300810.SZ,20250520,30.89,31.45,30.6,30.98,30.98,0.0,40845.0,126390.165
300811.SZ,20250520,41.33,41.77,40.84,41.73,41.45,0.6755,22790.9,94405.057
300812.SZ,20250520,20.75,21.21,20.59,20.86,20.8,0.2885,28098.25,58571.034
300813.SZ,20250520,19.1,19.49,19.06,19.33,19.1,1.2042,30605.09,58998.26
300814.SZ,20250520,29.3,29.64,29.21,29.52,29.37,0.5107,20830.15,61324.019
300815.SZ,20250520,17.62,17.8,17.39,17.69,17.68,0.0566,58064.98,102043.652
300816.SZ,20250520,33.33,33.88,32.41,32.41,33.95,-4.5361,49904.19,164597.345
300817.SZ,20250520,27.3,28.33,26.93,27.74,27.29,1.649,116260.4,322463.956
300818.SZ,20250520,21.38,21.63,21.2,21.46,21.4,0.2804,24054.62,51598.739
300819.SZ,20250520,28.1,28.18,26.5,27.66,27.5,0.5818,111506.0,305162.932
300820.SZ,20250520,46.9,48.51,46.88,47.78,47.38,0.8442,57236.62,273539.523
300821.SZ,20250520,7.62,7.62,7.52,7.58,7.6,-0.2632,47402.05,35855.201
300822.SZ,20250520,21.5,22.45,20.71,22.12,21.17,4.4875,219610.97,477120.857
300823.SZ,20250520,14.1,14.23,13.92,14.21,14.01,1.4276,33791.0,47680.065
300824.SZ,20250520,12.15,12.38,12.01,12.22,12.15,0.5761,175325.43,213961.436
300825.SZ,20250520,10.66,10.84,10.38,10.78,10.66,1.1257,166914.36,177052.487
300826.SZ,20250520,16.19,16.48,16.13,16.45,16.27,1.1063,18684.1,30596.604
300827.SZ,20250520,29.26,29.39,28.83,29.09,29.25,-0.547,66222.42,192139.11
300828.SZ,20250520,15.8,16.05,15.55,15.9,15.79,0.6966,24668.5,39104.261
300829.SZ,20250520,19.04,19.66,19.04,19.43,19.11,1.6745,49752.58,96510.192
300830.SZ,20250520,8.44,8.67,8.36,8.52,8.44,0.9479,90523.0,76923.275
300831.SZ,20250520,13.91,14.11,13.86,14.11,13.94,1.2195,33253.0,46652.088
300832.SZ,20250520,56.56,57.48,55.88,56.9,56.52,0.6723,32443.74,184741.663
300833.SZ,20250520,33.6,34.55,33.4,34.48,33.69,2.3449,9589.57,32808.555
300834.SZ,20250520,20.8,21.57,20.67,21.31,20.84,2.2553,29923.34,63642.087
300835.SZ,20250520,34.55,35.47,34.33,35.12,34.4,2.093,30092.1,105225.692
300836.SZ,20250520,50.74,51.5,50.16,51.1,50.71,0.7691,7485.3,38018.685
300837.SZ,20250520,21.56,22.02,21.45,21.93,21.6,1.5278,13027.0,28407.129
300838.SZ,20250520,14.68,14.8,14.56,14.76,14.65,0.7509,25322.0,37166.643
300839.SZ,20250520,9.38,10.07,9.24,10.02,9.28,7.9741,103322.76,101298.038
300840.SZ,20250520,21.65,22.02,21.4,21.79,22.0,-0.9545,184914.92,402445.874
300841.SZ,20250520,51.73,55.65,51.53,54.92,51.47,6.7029,54623.96,297383.662
300842.SZ,20250520,40.64,41.3,40.11,40.64,40.76,-0.2944,37093.8,150839.787
300843.SZ,20250520,28.57,28.79,28.06,28.6,28.53,0.2454,21410.53,60967.796
300844.SZ,20250520,67.73,68.87,65.0,65.0,67.72,-4.0165,17515.8,116145.029
300845.SZ,20250520,15.26,15.84,15.13,15.72,15.61,0.7047,176611.4,273608.544
300846.SZ,20250520,19.54,19.85,19.21,19.74,19.64,0.5092,352338.68,691196.93
300847.SZ,20250520,16.7,16.79,16.57,16.72,16.7,0.1198,36863.76,61514.077
300848.SZ,20250520,17.43,17.5,17.21,17.44,17.42,0.1148,19000.0,33009.439
300849.SZ,20250520,15.22,15.6,15.06,15.28,15.3,-0.1307,57024.0,86993.126
300850.SZ,20250520,31.01,31.55,30.6,31.27,30.94,1.0666,91339.28,283975.556
300851.SZ,20250520,26.7,26.7,26.26,26.68,26.58,0.3762,8372.0,22260.068
300852.SZ,20250520,31.89,33.99,31.33,33.12,31.87,3.9222,54271.0,179494.692
300853.SZ,20250520,22.45,22.68,21.93,22.37,22.45,-0.3563,58644.0,130549.82
300854.SZ,20250520,15.71,16.54,15.56,16.51,15.71,5.0923,72774.84,117241.991
300855.SZ,20250520,22.41,22.96,22.24,22.8,22.42,1.6949,37196.25,84339.991
300856.SZ,20250520,20.9,21.95,20.89,21.44,21.02,1.9981,88790.14,191593.736
300857.SZ,20250520,74.69,75.83,73.5,75.49,73.88,2.1792,59818.33,447470.935
300858.SZ,20250520,14.45,15.3,14.45,14.98,14.59,2.6731,114786.0,172368.255
300859.SZ,20250520,36.89,38.1,36.69,37.3,36.68,1.6903,65612.0,246035.117
300860.SZ,20250520,25.36,27.38,25.3,26.6,25.55,4.1096,69934.84,185869.261
300861.SZ,20250520,19.59,19.72,19.14,19.67,19.59,0.4084,38219.6,74354.221
300862.SZ,20250520,28.07,28.57,27.8,28.22,27.93,1.0383,58632.4,164848.361
300863.SZ,20250520,45.65,46.88,44.87,46.4,45.3,2.4283,29030.7,133580.702
300864.SZ,20250520,19.62,19.75,19.49,19.74,19.63,0.5604,7399.0,14551.604
300865.SZ,20250520,23.05,23.47,22.75,23.4,23.07,1.4304,15179.0,35248.888
300866.SZ,20250520,100.72,107.49,100.0,104.17,100.71,3.4356,79683.07,831708.864
300867.SZ,20250520,19.49,19.49,18.46,18.69,19.61,-4.6915,312404.41,590916.217
300868.SZ,20250520,32.08,32.6,31.5,32.35,32.12,0.7161,26258.0,84283.711
300869.SZ,20250520,14.09,14.38,14.09,14.25,14.09,1.1356,30175.0,43052.239
300870.SZ,20250520,108.5,111.6,106.11,110.57,108.15,2.2376,32091.17,350480.029
300871.SZ,20250520,23.59,28.19,23.5,26.2,23.51,11.4419,582584.78,1497380.316
300872.SZ,20250520,15.12,15.24,14.93,15.16,15.12,0.2646,59482.4,89962.136
300873.SZ,20250520,20.82,21.05,20.6,20.96,20.83,0.6241,53024.6,110708.489
300875.SZ,20250520,28.35,28.38,27.85,28.33,28.35,-0.0705,21485.83,60429.874
300876.SZ,20250520,23.86,23.98,23.4,23.89,23.87,0.0838,10576.17,25082.382
300877.SZ,20250520,16.34,16.93,15.9,16.9,16.05,5.296,63115.6,103643.22
300878.SZ,20250520,15.54,15.84,15.51,15.71,15.42,1.8807,19301.4,30278.488
300879.SZ,20250520,53.0,58.54,51.0,56.88,53.9,5.5288,392358.62,2152965.821
300880.SZ,20250520,20.43,20.72,20.24,20.69,20.36,1.6208,24664.36,50759.814
300881.SZ,20250520,30.3,30.68,29.99,30.6,30.29,1.0234,12202.2,37087.994
300882.SZ,20250520,15.56,15.79,15.42,15.7,15.51,1.225,18039.64,28217.055
300883.SZ,20250520,5.92,6.03,5.89,5.99,5.92,1.1824,113475.8,67842.887
300884.SZ,20250520,12.9,12.94,12.6,12.8,12.71,0.7081,186948.42,238251.143
300885.SZ,20250520,13.92,14.35,13.73,14.34,13.95,2.7957,77272.97,109253.993
300886.SZ,20250520,24.9,29.22,24.84,26.42,25.4,4.0157,135578.05,365288.084
300887.SZ,20250520,7.17,7.35,7.17,7.34,7.23,1.5214,100105.48,72773.787
300888.SZ,20250520,50.68,54.5,50.58,52.6,50.75,3.6453,104804.6,550283.902
300889.SZ,20250520,17.5,17.5,17.11,17.19,17.39,-1.1501,37241.0,64201.293
300890.SZ,20250520,26.31,26.86,26.1,26.46,26.38,0.3033,36889.41,97719.123
300891.SZ,20250520,9.25,9.53,9.15,9.23,9.39,-1.7039,132193.0,122378.241
300892.SZ,20250520,35.39,37.85,35.39,37.0,35.78,3.4097,109021.0,402373.054
300893.SZ,20250520,35.53,36.58,34.69,35.61,34.96,1.8593,22953.86,81921.45
300894.SZ,20250520,13.05,13.42,12.93,13.29,13.06,1.7611,63205.04,83743.986
300895.SZ,20250520,43.61,44.14,42.95,43.46,43.7,-0.5492,51814.4,226173.723
300896.SZ,20250520,170.3,181.59,170.08,176.99,170.3,3.9284,58579.35,1032978.169
300897.SZ,20250520,27.23,27.48,26.88,27.36,27.16,0.7364,13268.24,36179.52
300898.SZ,20250520,29.85,31.8,29.78,31.3,30.09,4.0213,127330.34,396290.523
300899.SZ,20250520,22.3,22.32,22.02,22.04,22.18,-0.6312,7430.0,16431.899
300900.SZ,20250520,22.0,22.02,21.52,21.67,21.91,-1.0954,74088.36,160750.582
300901.SZ,20250520,13.8,14.05,13.7,13.98,13.83,1.0846,47608.0,66183.521
300902.SZ,20250520,18.32,18.33,17.92,18.29,18.24,0.2741,37593.4,68495.46
300903.SZ,20250520,8.07,8.1,7.96,8.1,8.07,0.3717,51832.6,41725.055
300904.SZ,20250520,63.13,64.08,62.48,63.66,62.9,1.2083,18773.47,118918.388
300905.SZ,20250520,26.63,26.77,26.35,26.47,26.78,-1.1576,39577.0,104762.201
300906.SZ,20250520,25.42,25.78,25.3,25.68,25.41,1.0626,7951.0,20340.58
300907.SZ,20250520,26.89,28.03,25.99,27.3,26.06,4.7583,105099.67,283527.184
300908.SZ,20250520,30.47,31.34,30.31,30.73,30.65,0.261,41220.33,126915.084
300909.SZ,20250520,25.63,25.75,25.3,25.61,25.63,-0.078,10335.72,26400.37
300910.SZ,20250520,58.75,59.2,57.0,58.46,58.75,-0.4936,21721.83,127059.002
300911.SZ,20250520,50.8,51.5,50.65,51.04,50.87,0.3342,18171.3,92760.995
300912.SZ,20250520,14.01,14.21,13.85,14.2,13.94,1.8651,18248.0,25612.47
300913.SZ,20250520,50.1,52.88,49.28,52.05,50.1,3.8922,81469.6,419126.972
300915.SZ,20250520,33.9,35.34,33.81,35.02,33.9,3.3038,19062.0,66258.453
300916.SZ,20250520,28.4,28.76,28.07,28.6,28.38,0.7752,10785.0,30665.752
300917.SZ,20250520,44.53,44.88,43.65,44.46,45.0,-1.2,59624.0,262837.463
300918.SZ,20250520,22.15,22.9,21.4,22.54,22.02,2.3615,337821.65,755654.99
300919.SZ,20250520,32.57,32.69,32.38,32.49,32.55,-0.1843,37383.87,121544.863
300920.SZ,20250520,32.5,32.5,31.55,31.64,32.48,-2.5862,19982.0,63606.778
300921.SZ,20250520,26.1,26.66,25.84,26.6,26.11,1.8767,24962.0,66001.14
300922.SZ,20250520,21.81,22.34,21.71,21.89,22.06,-0.7706,67675.64,148720.813
300923.SZ,20250520,24.31,24.82,24.25,24.82,24.31,2.0979,27080.0,66555.428
300925.SZ,20250520,21.87,21.99,21.63,21.9,21.86,0.183,71392.2,155914.69
300926.SZ,20250520,26.37,26.47,26.03,26.22,26.37,-0.5688,25576.43,67208.439
300927.SZ,20250520,38.0,44.13,37.66,39.2,36.83,6.435,313313.0,1260452.299
300928.SZ,20250520,35.7,35.8,35.31,35.48,35.71,-0.6441,7846.0,27883.045
300929.SZ,20250520,9.8,9.98,9.72,9.98,9.79,1.9408,30814.55,30445.02
300930.SZ,20250520,26.9,27.7,26.57,27.06,26.88,0.6696,17831.0,48119.624
300931.SZ,20250520,6.91,7.08,6.87,7.06,6.94,1.7291,50442.0,35298.505
300932.SZ,20250520,16.35,16.54,16.23,16.43,16.35,0.4893,49987.02,82045.248
300933.SZ,20250520,7.2,7.3,7.13,7.27,7.18,1.2535,92008.64,66502.11
300935.SZ,20250520,22.01,22.49,21.67,22.39,22.1,1.3122,10555.2,23406.969
300936.SZ,20250520,37.55,37.8,36.5,37.7,37.55,0.3995,21441.0,79754.475
300937.SZ,20250520,25.45,26.18,25.45,26.07,25.49,2.2754,21659.0,56094.889
300938.SZ,20250520,31.8,32.18,31.33,31.92,31.65,0.8531,35907.75,114435.295
300939.SZ,20250520,28.89,29.3,28.71,29.3,28.92,1.314,11144.5,32411.168
300940.SZ,20250520,16.92,17.12,16.78,16.92,16.91,0.0591,34987.2,59203.488
300941.SZ,20250520,23.1,23.3,22.67,23.28,23.14,0.605,51825.5,119604.604
300942.SZ,20250520,9.21,9.63,9.13,9.52,9.22,3.2538,118590.0,112276.104
300943.SZ,20250520,13.8,14.37,13.76,14.25,13.76,3.561,108779.5,154229.252
300945.SZ,20250520,16.67,20.16,16.62,20.16,16.8,20.0,297171.91,556143.039
300946.SZ,20250520,82.8,84.6,77.5,78.35,84.44,-7.2122,153177.86,1231624.206
300947.SZ,20250520,21.82,22.6,21.35,21.89,22.15,-1.1738,150387.75,328319.97
300948.SZ,20250520,10.13,10.36,10.04,10.27,10.11,1.5826,24629.74,25130.54
300949.SZ,20250520,35.5,37.04,34.11,36.41,35.18,3.4963,27543.0,98492.936
300950.SZ,20250520,15.95,16.78,15.95,16.49,15.99,3.127,42467.5,69816.863
300951.SZ,20250520,29.07,29.4,28.77,29.34,29.1,0.8247,8590.2,25079.105
300952.SZ,20250520,27.29,28.23,27.08,27.85,27.29,2.052,50963.57,142052.649
300953.SZ,20250520,146.93,151.17,145.73,148.08,147.65,0.2912,34656.01,516658.362
300955.SZ,20250520,18.38,20.11,18.29,19.3,18.56,3.9871,85740.41,164511.068
300956.SZ,20250520,17.17,17.22,16.97,17.0,17.08,-0.4684,60023.87,102499.765
300957.SZ,20250520,44.49,47.45,44.2,46.56,44.7,4.1611,128610.32,596240.603
300958.SZ,20250520,12.1,12.25,12.06,12.25,12.08,1.4073,25575.0,31123.499
300959.SZ,20250520,39.92,40.98,39.61,40.7,39.92,1.9539,19611.0,79537.269
300960.SZ,20250520,21.65,22.21,21.26,21.26,21.63,-1.7106,46258.4,100365.869
300961.SZ,20250520,16.08,16.75,15.82,16.67,16.19,2.9648,198839.0,327578.347
300962.SZ,20250520,16.0,16.03,15.72,15.9,15.97,-0.4383,36011.0,57163.343
300963.SZ,20250520,29.61,35.17,29.61,31.5,29.59,6.4549,925013.22,2985079.069
300964.SZ,20250520,39.97,40.05,39.33,39.93,39.93,0.0,14839.0,59016.478
300965.SZ,20250520,43.36,43.5,42.3,42.3,43.18,-2.038,10907.0,46595.409
300966.SZ,20250520,17.14,17.85,17.13,17.46,17.14,1.867,31089.66,54366.96
300967.SZ,20250520,19.97,22.11,19.61,21.53,19.97,7.8117,283988.72,576299.614
300968.SZ,20250520,14.6,14.65,14.43,14.65,14.61,0.2738,52143.26,75981.189
300969.SZ,20250520,59.4,61.32,59.4,60.93,60.4,0.8775,10425.64,63077.774
300970.SZ,20250520,14.0,15.1,13.88,14.88,14.0,6.2857,135176.94,196078.844
300971.SZ,20250520,23.36,23.94,23.07,23.86,23.39,2.0094,23234.0,54929.603
300972.SZ,20250520,156.99,168.86,154.82,164.46,155.59,5.7009,39486.17,648033.4
300973.SZ,20250520,53.86,55.68,52.95,54.0,53.14,1.6184,77949.28,422924.557
300975.SZ,20250520,11.36,11.38,10.95,11.12,11.15,-0.2691,188782.5,209233.572
300976.SZ,20250520,59.66,60.19,58.56,59.95,59.12,1.4039,8695.6,51772.389
300977.SZ,20250520,17.22,17.6,17.1,17.55,17.24,1.7981,19017.86,33092.617
300978.SZ,20250520,10.98,11.1,10.85,11.08,10.95,1.1872,30704.0,33764.096
300979.SZ,20250520,53.95,55.46,53.95,54.82,53.58,2.3143,40294.04,220843.087
300980.SZ,20250520,23.78,24.8,23.27,24.6,23.34,5.3985,83686.59,203286.701
300981.SZ,20250520,12.47,13.22,12.47,13.03,12.54,3.9075,101218.63,131328.453
300982.SZ,20250520,17.0,17.38,16.87,17.28,16.96,1.8868,30088.2,51683.033
300983.SZ,20250520,18.32,19.28,18.13,19.0,18.46,2.9252,20501.41,38566.824
300984.SZ,20250520,65.0,65.2,61.75,62.59,63.43,-1.3243,38649.16,242969.3
300985.SZ,20250520,16.78,17.24,16.58,16.9,16.71,1.137,25541.99,43391.157
300986.SZ,20250520,19.77,20.3,19.41,19.63,19.65,-0.1018,136845.92,271917.573
300987.SZ,20250520,15.75,16.12,15.6,16.03,15.76,1.7132,46693.9,74431.641
300988.SZ,20250520,22.14,22.74,21.5,22.64,22.19,2.0279,113676.99,254596.019
300989.SZ,20250520,16.35,16.55,16.16,16.42,16.35,0.4281,49451.88,81085.968
300990.SZ,20250520,47.61,48.67,47.31,47.99,47.58,0.8617,16460.2,79043.184
300991.SZ,20250520,21.4,23.28,21.4,22.85,21.37,6.9256,125668.8,285072.069
300992.SZ,20250520,24.42,25.26,24.22,25.06,24.4,2.7049,26709.59,66385.975
300993.SZ,20250520,11.16,11.78,11.12,11.5,11.25,2.2222,171116.86,195921.293
300994.SZ,20250520,17.93,18.11,17.51,18.07,18.25,-0.9863,146122.6,260372.389
300995.SZ,20250520,38.5,39.17,37.07,38.05,38.47,-1.0918,55879.83,212354.48
300996.SZ,20250520,14.78,15.0,14.7,14.91,14.84,0.4717,43533.3,64613.489
300997.SZ,20250520,14.89,16.45,14.82,15.72,14.93,5.2914,192053.75,301236.842
300998.SZ,20250520,19.0,19.7,18.79,19.61,18.82,4.1977,74824.01,143901.66
300999.SZ,20250520,31.08,31.59,31.08,31.32,31.14,0.578,57736.37,181156.806
301000.SZ,20250520,49.72,49.85,48.3,48.9,49.1,-0.4073,82494.11,403627.798
301001.SZ,20250520,31.0,32.86,30.75,32.46,31.26,3.8388,55944.82,178904.763
301002.SZ,20250520,17.45,17.69,17.07,17.63,17.22,2.381,14927.9,26089.972
301003.SZ,20250520,29.82,31.42,29.59,30.96,29.18,6.1001,84671.05,259244.406
301004.SZ,20250520,73.37,74.98,73.33,74.27,73.77,0.6778,7671.03,57108.337
301005.SZ,20250520,32.7,32.7,32.03,32.44,32.7,-0.7951,25798.92,83495.36
301006.SZ,20250520,14.78,15.07,14.71,15.07,14.78,1.9621,15857.0,23697.118
301007.SZ,20250520,23.02,23.2,22.47,22.75,23.14,-1.6854,82036.0,186255.998
301008.SZ,20250520,26.58,27.89,26.03,27.43,26.58,3.1979,76060.43,206608.412
301009.SZ,20250520,13.22,16.12,13.13,15.06,13.43,12.137,415763.66,620321.16
301010.SZ,20250520,16.51,16.81,16.28,16.81,16.43,2.3128,18258.0,30334.431
301011.SZ,20250520,27.86,31.6,27.22,30.29,26.33,15.0399,285183.37,853097.053
301012.SZ,20250520,25.49,26.26,25.15,26.08,25.36,2.8391,66743.72,173552.533
301013.SZ,20250520,20.46,20.94,19.71,20.3,20.46,-0.782,280668.5,571280.338
301015.SZ,20250520,18.35,18.86,18.3,18.7,18.3,2.1858,70172.51,130690.581
301016.SZ,20250520,17.58,17.7,17.28,17.59,17.65,-0.3399,42361.22,74174.625
301017.SZ,20250520,11.85,12.57,11.82,12.31,11.89,3.5324,96954.27,118567.196
301018.SZ,20250520,36.36,36.65,35.7,36.4,36.54,-0.3831,52842.64,191609.079
301019.SZ,20250520,16.51,16.92,16.41,16.78,16.5,1.697,18814.99,31403.087
301020.SZ,20250520,20.79,21.1,20.65,21.09,20.79,1.443,13362.87,27940.197
301021.SZ,20250520,30.0,30.51,29.7,30.35,29.75,2.0168,47020.0,142081.766
301022.SZ,20250520,29.99,30.68,29.52,30.53,30.12,1.3612,67544.1,203829.665
301023.SZ,20250520,71.46,72.4,68.57,68.91,70.86,-2.7519,24901.44,172675.563
301024.SZ,20250520,32.33,32.79,31.32,32.6,32.33,0.8351,12048.5,38834.83
301025.SZ,20250520,9.5,10.26,9.5,10.07,9.58,5.1148,227054.85,225963.187
301026.SZ,20250520,31.1,31.21,30.74,31.13,31.12,0.0321,19455.0,60271.034
301027.SZ,20250520,14.86,15.65,14.6,15.34,15.08,1.7241,183092.0,279466.241
301028.SZ,20250520,12.5,13.33,12.38,13.19,12.49,5.6045,172240.0,223314.259
301029.SZ,20250520,23.17,23.39,22.8,23.13,23.08,0.2166,72688.91,168334.482
301030.SZ,20250520,18.17,18.25,17.94,18.24,18.17,0.3853,36734.4,66508.178
301031.SZ,20250520,123.78,124.22,121.51,123.57,123.33,0.1946,4793.97,59041.965
301032.SZ,20250520,13.51,13.9,13.25,13.84,13.57,1.9897,88367.0,120694.487
301033.SZ,20250520,63.86,65.68,63.7,64.17,63.86,0.4854,13716.0,88503.29
301035.SZ,20250520,53.58,54.86,53.14,54.1,53.53,1.0648,8057.74,43489.104
301036.SZ,20250520,37.05,37.25,36.8,37.12,36.97,0.4057,13024.0,48162.307
301037.SZ,20250520,12.3,12.69,12.16,12.66,12.27,3.1785,39415.44,49238.305
301038.SZ,20250520,13.97,14.56,13.83,14.46,14.06,2.845,93555.3,133340.076
301039.SZ,20250520,8.45,8.54,8.42,8.52,8.46,0.7092,62989.8,53512.862
301040.SZ,20250520,23.2,24.12,22.95,24.01,23.19,3.536,48168.04,114074.923
301041.SZ,20250520,22.73,23.21,22.57,23.17,22.79,1.6674,20235.0,46482.278
301042.SZ,20250520,33.48,33.86,33.2,33.61,33.58,0.0893,6952.0,23325.716
301043.SZ,20250520,31.03,31.42,30.47,31.31,30.94,1.1959,8256.0,25528.919
301045.SZ,20250520,21.36,21.7,21.24,21.66,21.36,1.4045,12798.0,27559.187
301046.SZ,20250520,19.61,20.18,19.4,19.82,19.29,2.7475,34775.0,69149.219
301047.SZ,20250520,60.16,61.34,60.07,60.85,59.94,1.5182,11254.52,68406.23
301048.SZ,20250520,10.07,10.17,9.96,10.17,10.09,0.7929,83604.59,84316.073
301049.SZ,20250520,23.43,23.93,22.99,23.53,23.37,0.6846,22835.0,53805.716
301050.SZ,20250520,51.3,51.47,50.22,50.88,51.64,-1.4717,85311.63,432323.928
301051.SZ,20250520,21.72,22.39,21.72,22.38,22.02,1.6349,6845.1,15187.546
301052.SZ,20250520,33.97,37.33,33.5,36.0,33.97,5.9759,121123.67,435552.051
301053.SZ,20250520,28.68,28.9,28.02,28.39,28.62,-0.8036,23089.81,65586.466
301055.SZ,20250520,18.38,18.86,18.1,18.6,18.37,1.252,70319.65,130450.768
301056.SZ,20250520,9.1,9.22,9.02,9.19,9.13,0.6572,25681.0,23502.831
301057.SZ,20250520,16.5,16.95,16.16,16.72,16.55,1.0272,100421.0,166093.247
301058.SZ,20250520,10.98,11.1,10.91,11.09,10.98,1.0018,90930.0,100355.01
301059.SZ,20250520,10.88,11.24,10.8,11.17,10.88,2.6654,48599.9,53829.81
301060.SZ,20250520,9.44,9.62,9.42,9.54,9.43,1.1665,48004.0,45780.144
301061.SZ,20250520,76.96,79.35,75.98,78.94,75.98,3.8958,8323.74,65010.121
301062.SZ,20250520,8.37,8.41,8.28,8.41,8.34,0.8393,54004.85,45176.211
301063.SZ,20250520,25.0,25.75,24.75,25.36,24.9,1.8474,32140.53,81149.391
301065.SZ,20250520,22.28,22.66,22.01,22.49,22.15,1.535,40037.5,89895.909
301066.SZ,20250520,16.82,17.18,16.73,16.85,16.84,0.0594,117942.0,199928.516
301067.SZ,20250520,30.99,31.89,30.82,31.79,31.2,1.891,41486.2,130317.462
301068.SZ,20250520,39.0,39.57,38.72,39.38,39.0,0.9744,5887.13,23069.375
301069.SZ,20250520,16.85,16.9,16.53,16.64,16.84,-1.1876,67563.1,112560.191
301070.SZ,20250520,60.76,63.46,57.45,62.0,60.07,3.2129,39613.38,237618.64
301071.SZ,20250520,28.89,30.08,28.45,29.57,28.25,4.6726,96917.24,285678.249
301072.SZ,20250520,22.18,22.53,21.65,22.25,22.19,0.2704,28344.88,62744.826
301073.SZ,20250520,21.83,22.21,21.78,21.98,21.76,1.011,70747.48,155469.63
301075.SZ,20250520,24.34,24.97,24.2,24.67,24.55,0.4888,25700.0,63173.175
301076.SZ,20250520,41.69,41.98,40.11,40.63,40.92,-0.7087,165952.47,677870.642
301077.SZ,20250520,21.43,21.65,21.18,21.51,21.57,-0.2782,33040.5,70857.696
301078.SZ,20250520,13.0,14.2,12.97,14.08,13.16,6.9909,1183142.43,1630303.012
301079.SZ,20250520,25.88,27.5,25.53,27.4,25.93,5.6691,129973.0,346078.105
301080.SZ,20250520,48.69,50.14,48.69,49.75,48.62,2.3241,11827.97,58809.818
301081.SZ,20250520,9.88,10.02,9.82,10.0,9.85,1.5228,35095.9,34803.665
301082.SZ,20250520,18.2,19.68,18.2,19.68,18.75,4.96,461909.0,884934.229
301083.SZ,20250520,15.01,15.24,14.81,15.24,14.98,1.7356,21663.01,32669.165
301085.SZ,20250520,62.0,62.6,60.72,61.04,61.85,-1.3096,33829.05,207555.005
301086.SZ,20250520,43.34,46.45,43.33,46.44,43.14,7.6495,31222.49,141780.383
301087.SZ,20250520,32.98,33.45,32.88,33.27,32.97,0.9099,15933.3,53052.553
301088.SZ,20250520,14.0,14.56,14.0,14.47,14.08,2.7699,63157.34,90807.447
301089.SZ,20250520,36.88,41.5,36.21,38.64,38.3,0.8877,259005.49,1022956.189
301090.SZ,20250520,7.45,7.47,7.4,7.44,7.45,-0.1342,36250.0,26965.701
301091.SZ,20250520,35.76,36.38,35.25,36.04,35.75,0.8112,52717.96,189578.213
301092.SZ,20250520,29.9,30.49,29.46,29.87,29.89,-0.0669,34636.3,103691.41
301093.SZ,20250520,28.46,28.59,28.27,28.41,28.38,0.1057,8320.0,23619.623
301095.SZ,20250520,49.06,49.67,48.79,49.3,49.07,0.4687,15284.83,75261.449
301096.SZ,20250520,34.7,35.27,34.53,35.14,34.7,1.268,18484.0,64822.181
301097.SZ,20250520,38.29,38.61,37.89,38.57,38.12,1.1805,3728.47,14313.229
301098.SZ,20250520,8.78,8.88,8.68,8.87,8.76,1.2557,41145.5,36271.032
301099.SZ,20250520,45.8,46.38,45.23,46.14,45.96,0.3916,29425.28,135379.545
301100.SZ,20250520,16.8,16.97,16.71,16.97,16.81,0.9518,11090.0,18677.269
301101.SZ,20250520,46.0,46.56,45.28,46.04,46.5,-0.9892,57594.01,264629.687
301102.SZ,20250520,10.75,11.1,10.47,10.67,10.23,4.3011,125811.22,134603.319
301103.SZ,20250520,20.91,21.35,20.82,21.29,20.97,1.526,14142.9,29966.58
301105.SZ,20250520,33.2,33.7,32.68,33.66,33.16,1.5078,7690.39,25615.754
301106.SZ,20250520,29.15,29.98,29.1,29.88,29.38,1.7018,14199.8,41963.102
301107.SZ,20250520,36.36,37.07,35.74,36.98,36.5,1.3151,21746.0,79461.01
301108.SZ,20250520,31.53,36.79,31.53,33.85,32.0,5.7813,79104.09,270248.615
301109.SZ,20250520,20.53,21.26,20.46,21.14,20.58,2.7211,43306.86,90715.91
301110.SZ,20250520,48.28,54.6,47.51,51.59,48.24,6.9444,64246.8,330099.387
301111.SZ,20250520,15.18,15.68,15.18,15.53,15.21,2.1039,29422.0,45663.207
301112.SZ,20250520,37.82,37.82,37.82,37.82,31.52,19.9873,12712.0,48076.784
301113.SZ,20250520,19.9,20.48,19.9,20.48,20.19,1.4364,13562.6,27510.775
301115.SZ,20250520,14.41,14.64,14.41,14.59,14.45,0.9689,23008.06,33536.791
301116.SZ,20250520,11.11,12.62,11.08,11.96,11.13,7.4573,236690.41,277960.211
301117.SZ,20250520,27.53,27.89,27.16,27.82,27.49,1.2004,21108.0,58176.313
301118.SZ,20250520,22.12,22.39,21.84,22.37,22.13,1.0845,39176.0,86734.69
301119.SZ,20250520,48.61,48.61,47.31,47.7,48.47,-1.5886,24476.3,116993.299
301120.SZ,20250520,9.49,9.61,9.4,9.6,9.49,1.1591,58442.5,55785.82
301121.SZ,20250520,36.42,36.54,35.95,36.49,36.02,1.3048,14338.2,52018.555
301122.SZ,20250520,21.13,21.43,20.86,21.12,21.13,-0.0473,21368.7,45208.082
301123.SZ,20250520,21.1,21.57,20.88,21.52,21.03,2.33,34283.0,73136.788
301125.SZ,20250520,13.4,15.2,13.11,14.29,13.24,7.9305,203213.13,288544.185
301126.SZ,20250520,10.74,11.04,10.72,11.03,10.74,2.7002,58890.0,64356.572
301127.SZ,20250520,17.1,17.24,16.78,16.94,17.08,-0.8197,93256.3,158247.355
301128.SZ,20250520,71.53,71.6,69.9,70.62,71.01,-0.5492,14966.01,105707.255
301129.SZ,20250520,22.39,22.97,22.13,22.47,22.36,0.4919,22214.0,49877.551
301130.SZ,20250520,27.54,28.28,27.54,28.05,27.65,1.4467,10541.72,29512.012
301131.SZ,20250520,52.2,53.77,51.51,52.28,53.9,-3.0056,66728.13,349287.977
301132.SZ,20250520,27.87,28.06,27.54,28.06,27.89,0.6095,13944.0,38848.6
301133.SZ,20250520,22.8,24.15,22.8,23.69,22.88,3.5402,36457.0,85930.423
301135.SZ,20250520,29.81,30.36,28.61,30.1,29.99,0.3668,74400.0,220639.992
301136.SZ,20250520,11.47,11.75,11.37,11.67,11.51,1.3901,51524.0,59768.223
301137.SZ,20250520,24.69,26.87,24.21,25.44,24.79,2.622,212922.68,542369.555
301138.SZ,20250520,31.01,31.28,30.56,31.19,31.21,-0.0641,18411.0,57154.675
301139.SZ,20250520,27.89,28.05,27.33,27.92,27.83,0.3234,44681.0,124129.415
301141.SZ,20250520,38.77,39.98,38.51,39.45,39.0,1.1538,32591.6,128012.116
301148.SZ,20250520,20.15,20.15,19.72,20.1,19.96,0.7014,11398.0,22797.719
301149.SZ,20250520,11.41,11.8,11.34,11.51,11.29,1.9486,108849.0,125840.742
301150.SZ,20250520,20.2,20.48,19.99,20.35,20.13,1.0929,15506.49,31428.422
301151.SZ,20250520,16.18,16.58,16.06,16.43,16.22,1.2947,43667.65,71406.953
301152.SZ,20250520,23.84,24.25,23.18,24.04,24.13,-0.373,35961.0,85838.905
301153.SZ,20250520,23.79,23.99,23.34,23.6,23.79,-0.7987,34016.4,80360.763
301155.SZ,20250520,64.3,64.57,62.82,63.77,64.57,-1.239,25618.0,162597.376
301156.SZ,20250520,22.01,25.86,22.01,24.81,21.8,13.8073,256640.81,606215.961
301157.SZ,20250520,46.18,47.68,45.59,47.57,46.07,3.2559,12597.0,59147.431
301158.SZ,20250520,16.45,16.83,16.24,16.7,16.38,1.9536,49365.0,81964.971
301159.SZ,20250520,30.48,30.73,30.0,30.53,30.44,0.2957,9672.0,29462.122
301160.SZ,20250520,90.78,91.67,88.97,89.73,90.78,-1.1566,16257.0,146578.278
301161.SZ,20250520,22.03,22.45,21.72,22.42,22.1,1.448,28371.0,63183.644
301162.SZ,20250520,49.17,50.39,48.4,49.86,49.19,1.3621,23054.48,114285.437
301163.SZ,20250520,23.1,23.5,22.94,23.45,23.05,1.7354,15310.0,35639.458
301165.SZ,20250520,68.86,69.5,68.66,68.82,69.15,-0.4772,24628.36,169928.134
301166.SZ,20250520,29.36,30.0,29.36,29.94,29.35,2.0102,12768.0,38066.891
301167.SZ,20250520,14.71,15.2,14.5,15.15,14.6,3.7671,55407.11,82742.246
301168.SZ,20250520,30.97,31.96,30.56,31.62,30.87,2.4295,28541.0,89211.263
301169.SZ,20250520,37.25,37.8,36.92,37.67,37.25,1.1275,7744.0,29012.365
301170.SZ,20250520,25.9,26.2,25.56,26.2,25.88,1.2365,11430.32,29707.218
301171.SZ,20250520,25.8,26.47,25.54,26.09,25.84,0.9675,98913.77,257686.218
301172.SZ,20250520,28.49,28.62,27.9,28.1,28.21,-0.3899,27246.0,76635.672
301173.SZ,20250520,46.35,46.5,46.02,46.43,46.3,0.2808,6076.02,28145.428
301175.SZ,20250520,5.23,5.28,5.21,5.27,5.23,0.7648,141451.55,74276.942
301176.SZ,20250520,17.15,17.38,16.92,17.26,17.11,0.8767,15689.0,27018.314
301177.SZ,20250520,28.15,29.3,28.06,29.0,28.15,3.0195,27881.01,80522.715
301178.SZ,20250520,38.22,39.34,37.83,38.93,38.4,1.3802,40468.15,156790.617
301179.SZ,20250520,16.43,16.6,16.25,16.59,16.39,1.2203,23707.9,39054.487
301180.SZ,20250520,13.67,13.88,13.58,13.82,13.68,1.0234,22374.64,30822.864
301181.SZ,20250520,24.84,25.72,24.76,25.56,24.8,3.0645,34176.88,86565.014
301182.SZ,20250520,33.0,33.28,32.51,33.08,33.0,0.2424,17028.0,56201.246
301183.SZ,20250520,46.18,47.06,45.72,46.42,46.41,0.0215,18996.18,87846.853
301185.SZ,20250520,18.63,19.05,18.54,18.99,18.7,1.5508,35961.0,67858.467
301186.SZ,20250520,40.53,40.83,39.77,40.83,40.19,1.5924,5302.3,21444.623
301187.SZ,20250520,36.75,38.5,36.01,37.7,36.75,2.585,59237.0,221422.74
301188.SZ,20250520,20.52,21.38,20.22,21.18,21.16,0.0945,169703.92,354440.744
301189.SZ,20250520,25.02,26.2,24.71,25.4,24.96,1.7628,19635.0,50129.021
301190.SZ,20250520,21.45,22.97,21.2,22.49,21.51,4.556,71663.75,158386.21
301191.SZ,20250520,78.28,78.65,76.9,77.84,78.27,-0.5494,15586.3,121253.501
301192.SZ,20250520,19.98,20.22,19.37,20.2,19.66,2.7467,16037.5,31929.775
301193.SZ,20250520,15.4,15.59,15.25,15.55,15.41,0.9085,7123.6,11034.827
301195.SZ,20250520,35.6,35.89,35.21,35.69,35.6,0.2528,9233.99,32822.375
301196.SZ,20250520,63.47,64.86,63.05,63.17,64.11,-1.4662,26892.0,170789.674
301197.SZ,20250520,16.29,16.4,16.03,16.4,16.19,1.2971,13461.0,21938.332
301198.SZ,20250520,10.7,10.97,10.5,10.92,10.67,2.343,40000.65,43384.112
301199.SZ,20250520,35.5,35.78,35.11,35.72,35.5,0.6197,14236.0,50512.258
301200.SZ,20250520,39.01,39.56,38.63,38.93,39.27,-0.8658,14709.0,57228.721
301201.SZ,20250520,21.5,22.37,21.5,21.95,21.55,1.8561,41608.2,91690.554
301202.SZ,20250520,41.33,44.44,41.01,43.32,41.81,3.6116,62457.73,267255.789
301203.SZ,20250520,30.68,30.92,30.3,30.89,30.56,1.0798,5811.0,17820.131
301205.SZ,20250520,69.93,70.16,67.68,68.63,69.92,-1.845,34174.81,233969.496
301206.SZ,20250520,30.28,31.13,29.69,30.6,30.49,0.3608,109146.45,331290.121
301207.SZ,20250520,16.44,16.8,16.39,16.74,16.44,1.8248,24178.83,40356.537
301208.SZ,20250520,39.87,40.36,39.61,40.15,40.22,-0.174,26234.92,105062.053
301209.SZ,20250520,97.92,98.92,96.51,98.36,98.05,0.3162,21898.0,214208.398
301210.SZ,20250520,74.19,74.4,71.4,72.25,73.44,-1.6204,29247.0,212640.728
301211.SZ,20250520,17.78,18.35,17.78,17.82,17.86,-0.224,117206.05,211263.608
301212.SZ,20250520,29.53,31.88,29.53,29.88,30.3,-1.3861,73884.61,226876.196
301213.SZ,20250520,46.05,46.38,45.3,45.53,46.4,-1.875,19971.0,91106.055
301215.SZ,20250520,6.08,6.1,6.01,6.06,6.08,-0.3289,154456.0,93440.074
301216.SZ,20250520,13.96,14.09,13.8,14.07,13.99,0.5718,49328.05,68862.06
301217.SZ,20250520,10.45,10.74,10.43,10.65,10.48,1.6221,56378.31,59709.052
301218.SZ,20250520,20.45,20.51,20.08,20.51,20.48,0.1465,32172.26,65378.822
301219.SZ,20250520,46.66,46.85,46.29,46.79,46.84,-0.1067,21143.44,98541.534
301220.SZ,20250520,68.03,70.83,68.03,70.16,68.52,2.3935,28393.0,198532.573
301221.SZ,20250520,50.4,50.8,49.75,50.68,50.61,0.1383,15728.0,79324.668
301222.SZ,20250520,26.7,27.07,26.4,27.06,26.51,2.0747,7090.0,19018.768
301223.SZ,20250520,15.8,16.05,15.77,15.97,15.82,0.9482,15296.48,24362.916
301225.SZ,20250520,58.34,58.51,56.93,57.63,58.34,-1.217,30645.0,176105.701
301226.SZ,20250520,28.0,28.0,27.37,27.68,27.73,-0.1803,19487.0,53830.863
301227.SZ,20250520,18.2,18.73,18.0,18.69,18.17,2.8619,15019.5,27672.108
301228.SZ,20250520,25.86,26.28,25.03,25.6,25.86,-1.0054,36428.0,93261.032
301229.SZ,20250520,25.9,28.08,25.56,27.65,25.69,7.6294,61386.7,166530.878
301230.SZ,20250520,29.98,30.65,29.95,30.28,29.98,1.0007,43654.8,132098.542
301231.SZ,20250520,24.03,25.3,23.63,24.94,23.91,4.3078,70732.98,173592.502
301232.SZ,20250520,28.17,28.6,28.01,28.5,28.26,0.8493,16905.6,47933.165
301233.SZ,20250520,52.0,52.22,51.18,51.56,52.22,-1.2639,13302.0,68494.632
301234.SZ,20250520,28.7,29.45,28.63,29.33,28.6,2.5524,12610.0,36693.063
301235.SZ,20250520,24.15,24.34,23.75,24.21,23.95,1.0856,17773.89,42857.502
301236.SZ,20250520,56.8,56.81,55.02,55.9,56.48,-1.0269,202751.69,1131203.939
301237.SZ,20250520,25.56,25.56,25.02,25.42,25.25,0.6733,3376.61,8538.894
301238.SZ,20250520,17.24,17.66,17.08,17.62,17.21,2.3823,84482.97,147270.278
301239.SZ,20250520,41.38,42.38,41.02,41.73,41.29,1.0656,18571.5,77664.05
301246.SZ,20250520,13.42,13.57,13.38,13.55,13.38,1.2706,24033.0,32470.518
301248.SZ,20250520,21.76,22.65,21.4,22.43,21.88,2.5137,101909.5,225254.794
301251.SZ,20250520,34.61,35.05,34.22,34.95,34.6,1.0116,40922.15,141886.226
301252.SZ,20250520,34.99,35.55,34.44,35.55,34.73,2.3611,16398.65,57855.659
301255.SZ,20250520,45.59,45.97,44.45,44.86,45.54,-1.4932,28727.15,129168.789
301256.SZ,20250520,12.81,13.49,12.71,12.74,13.09,-2.6738,357341.45,465753.351
301257.SZ,20250520,27.93,28.55,27.93,28.54,27.93,2.184,19554.8,55540.4
301258.SZ,20250520,30.43,33.58,30.43,32.93,30.87,6.6731,98378.3,316722.81
301259.SZ,20250520,44.71,46.76,43.83,45.55,44.87,1.5155,69994.67,316771.678
301260.SZ,20250520,20.6,25.4,20.14,23.25,21.57,7.7886,464934.44,1059661.621
301261.SZ,20250520,85.67,86.99,83.83,85.1,85.67,-0.6653,22649.0,193597.98
301262.SZ,20250520,23.08,23.79,22.91,23.49,23.05,1.9089,19484.64,45538.918
301263.SZ,20250520,23.23,24.58,23.23,24.35,23.23,4.8214,86521.2,208430.521
301265.SZ,20250520,9.49,9.57,9.44,9.55,9.46,0.9514,25620.0,24377.946
301266.SZ,20250520,32.03,32.65,31.7,32.36,32.05,0.9672,19876.0,64008.739
301267.SZ,20250520,18.97,19.37,18.91,19.21,18.91,1.5865,58309.99,111615.954
301268.SZ,20250520,17.66,17.66,17.18,17.46,17.48,-0.1144,17156.29,29878.928
301269.SZ,20250520,116.29,117.88,115.2,117.02,116.1,0.7924,23956.42,279086.865
301270.SZ,20250520,38.65,40.25,38.41,39.62,38.57,2.7223,40092.4,158481.522
301272.SZ,20250520,36.55,37.5,36.12,37.44,36.54,2.4631,10443.0,38731.241
301273.SZ,20250520,24.7,25.0,24.21,24.97,24.52,1.8352,9204.0,22679.923
301275.SZ,20250520,55.73,58.24,55.4,57.35,55.96,2.4839,24581.25,140225.833
301276.SZ,20250520,22.12,22.68,21.91,22.49,22.02,2.1344,28319.89,63365.334
301277.SZ,20250520,12.76,13.5,12.76,13.26,12.81,3.5129,288424.92,382424.93
301278.SZ,20250520,33.6,34.05,33.19,34.05,33.64,1.2188,10592.0,35595.327
301279.SZ,20250520,25.93,26.0,25.41,25.96,25.86,0.3867,13040.0,33663.182
301280.SZ,20250520,40.05,40.5,39.5,40.23,40.18,0.1244,19859.55,79631.972
301281.SZ,20250520,32.02,34.87,32.02,34.09,32.42,5.1511,71857.86,243073.473
301282.SZ,20250520,21.29,21.45,21.04,21.41,21.24,0.8004,17265.0,36839.05
301283.SZ,20250520,33.5,36.9,32.12,36.9,34.09,8.2429,82544.25,285542.871
301285.SZ,20250520,30.3,30.55,29.91,30.31,30.14,0.564,17697.0,53645.591
301286.SZ,20250520,28.7,28.74,28.0,28.1,28.7,-2.0906,11917.0,33793.778
301287.SZ,20250520,34.74,36.12,34.16,35.9,34.76,3.2796,34012.12,120788.039
301288.SZ,20250520,12.16,12.36,12.08,12.3,12.19,0.9024,15006.0,18400.342
301289.SZ,20250520,50.16,51.95,49.94,51.0,50.66,0.6711,29240.8,149698.303
301290.SZ,20250520,23.71,24.1,23.6,24.09,23.73,1.5171,8561.0,20445.31
301291.SZ,20250520,41.33,41.85,40.08,41.41,41.06,0.8524,16457.99,67691.038
301292.SZ,20250520,15.2,15.4,15.08,15.21,15.2,0.0658,32062.0,48770.875
301293.SZ,20250520,44.23,44.55,43.79,44.52,44.5,0.0449,61039.38,269274.01
301295.SZ,20250520,23.29,23.5,23.16,23.48,23.29,0.8158,8151.4,19041.551
301296.SZ,20250520,9.79,9.88,9.52,9.69,9.45,2.5397,124214.21,119870.483
301297.SZ,20250520,41.41,42.5,40.0,41.9,39.99,4.7762,179086.41,740781.841
301298.SZ,20250520,16.7,16.72,16.32,16.66,16.6,0.3614,45003.97,74652.158
301299.SZ,20250520,59.25,60.39,59.01,60.22,59.43,1.3293,10670.0,63928.535
301300.SZ,20250520,38.63,46.95,38.62,43.0,39.5,8.8608,77856.35,331704.482
301301.SZ,20250520,13.35,14.38,13.18,13.7,13.21,3.7093,1419150.34,1973442.452
301302.SZ,20250520,24.62,24.73,23.96,24.14,24.5,-1.4694,89425.5,215958.083
301303.SZ,20250520,13.65,14.07,13.6,14.02,13.64,2.7859,32853.15,45574.863
301305.SZ,20250520,17.59,18.22,17.43,18.05,17.59,2.6151,38644.0,69335.284
301306.SZ,20250520,36.9,37.28,36.54,37.16,37.05,0.2969,12075.92,44636.965
301307.SZ,20250520,26.49,26.49,25.4,25.44,26.48,-3.9275,92437.51,236831.623
301308.SZ,20250520,76.23,76.8,75.68,76.24,76.22,0.0262,21395.01,163267.156
301309.SZ,20250520,24.99,25.3,24.81,25.3,24.91,1.5656,11730.81,29424.806
301310.SZ,20250520,41.8,42.96,40.72,41.79,41.95,-0.3814,74352.23,312174.865
301311.SZ,20250520,18.92,18.98,18.68,18.79,18.88,-0.4767,77825.0,146080.78
301312.SZ,20250520,45.06,46.04,44.66,45.93,45.13,1.7727,13003.4,59236.155
301313.SZ,20250520,22.74,22.99,22.4,22.93,22.68,1.1023,22279.0,50712.259
301314.SZ,20250520,37.24,37.46,36.91,37.45,37.24,0.5639,4506.3,16787.191
301315.SZ,20250520,47.61,48.9,47.61,48.53,48.02,1.0621,18374.99,88687.418
301316.SZ,20250520,34.8,34.8,34.8,34.8,29.0,20.0,15450.86,53768.993
301317.SZ,20250520,36.02,36.91,35.1,35.72,36.6,-2.4044,116253.94,417889.54
301318.SZ,20250520,30.25,30.85,29.45,30.82,31.31,-1.565,30211.4,91933.252
301319.SZ,20250520,37.15,40.37,36.56,39.59,37.42,5.799,52214.73,202628.832
301320.SZ,20250520,18.8,20.1,18.38,19.65,18.76,4.7441,147604.64,285097.822
301321.SZ,20250520,15.31,15.31,15.02,15.24,15.2,0.2632,27201.37,41277.26
301322.SZ,20250520,27.15,27.27,26.51,26.87,27.15,-1.0313,17311.25,46345.279
301323.SZ,20250520,43.22,44.34,42.88,44.1,43.08,2.3677,13667.0,59745.07
301325.SZ,20250520,57.51,58.98,56.65,57.14,57.53,-0.6779,44697.12,257660.731
301326.SZ,20250520,60.5,62.5,58.8,59.13,60.2,-1.7774,20756.0,125594.186
301327.SZ,20250520,71.06,71.78,70.9,71.0,71.34,-0.4766,7677.88,54682.587
301328.SZ,20250520,40.53,41.07,40.12,40.84,40.47,0.9143,12193.0,49712.117
301329.SZ,20250520,19.29,19.35,19.01,19.29,19.21,0.4164,14019.0,26998.325
301330.SZ,20250520,30.06,30.2,29.58,30.14,30.03,0.3663,32925.05,98531.598
301331.SZ,20250520,25.87,26.64,25.77,26.51,25.76,2.9115,22834.22,60115.603
301332.SZ,20250520,10.55,10.72,10.44,10.68,10.6,0.7547,55127.34,58478.513
301333.SZ,20250520,43.49,44.75,43.49,44.6,43.85,1.7104,21607.0,96097.733
301335.SZ,20250520,38.29,44.5,36.1,44.5,37.08,20.0108,250610.74,1042678.62
301336.SZ,20250520,61.0,64.43,60.58,63.6,60.82,4.5709,28211.0,177064.374
301337.SZ,20250520,30.2,30.2,29.41,29.77,29.66,0.3709,37024.0,110320.213
301338.SZ,20250520,37.68,38.0,37.27,37.67,37.51,0.4266,14379.8,54192.641
301339.SZ,20250520,21.86,22.12,21.64,22.01,21.88,0.5941,30374.0,66645.226
301345.SZ,20250520,65.73,66.66,65.5,66.12,65.93,0.2882,7485.3,49624.185
301348.SZ,20250520,23.13,23.77,22.97,23.51,23.19,1.3799,37342.4,87387.369
301349.SZ,20250520,35.18,35.36,34.82,35.03,35.09,-0.171,11715.0,41022.555
301353.SZ,20250520,30.23,30.77,29.92,30.73,30.24,1.6204,7292.0,22248.738
301355.SZ,20250520,11.27,11.43,11.23,11.4,11.29,0.9743,35378.9,40244.559
301356.SZ,20250520,17.05,17.62,16.91,17.5,16.98,3.0624,26271.2,45478.515
301357.SZ,20250520,36.42,36.81,35.39,35.76,36.54,-2.1346,22489.8,80450.586
301358.SZ,20250520,29.66,29.75,29.09,29.3,29.69,-1.3136,87006.52,255361.216
301359.SZ,20250520,27.44,27.62,27.22,27.62,27.47,0.5461,17597.0,48369.036
301360.SZ,20250520,47.11,47.37,46.58,47.34,46.72,1.3271,6834.8,32177.907
301361.SZ,20250520,30.84,31.76,30.38,31.57,30.6,3.1699,18211.0,56869.914
301362.SZ,20250520,39.22,40.2,39.0,39.92,39.22,1.7848,8998.0,35704.883
301363.SZ,20250520,24.31,24.58,24.23,24.41,24.3,0.4527,26719.82,65212.365
301365.SZ,20250520,17.47,18.39,17.3,17.98,17.48,2.8604,55565.0,99772.976
301366.SZ,20250520,46.96,47.31,46.51,46.93,46.96,-0.0639,18258.0,85772.387
301367.SZ,20250520,91.0,93.0,87.77,92.6,89.96,2.9346,23928.32,217442.694
301368.SZ,20250520,67.17,68.8,65.8,67.4,67.17,0.3424,39797.5,268475.121
301369.SZ,20250520,47.98,49.18,47.71,48.9,47.95,1.9812,9207.0,44834.486
301370.SZ,20250520,10.3,10.49,10.26,10.42,10.3,1.165,34504.19,35829.312
301371.SZ,20250520,32.5,36.78,32.5,35.6,32.14,10.7654,98247.38,343960.941
301372.SZ,20250520,20.6,21.4,20.43,21.39,20.59,3.8854,19630.0,41271.13
301373.SZ,20250520,29.59,30.03,29.33,29.93,29.58,1.1832,9649.0,28754.939
301376.SZ,20250520,20.0,21.32,19.7,20.91,20.16,3.7202,99696.25,206877.285
301377.SZ,20250520,28.69,29.99,28.64,29.03,28.68,1.2204,75339.07,221181.854
301378.SZ,20250520,26.8,26.95,26.3,26.87,26.69,0.6744,30946.4,82404.482
301379.SZ,20250520,29.24,29.89,28.98,29.29,29.24,0.171,31349.2,92050.217
301380.SZ,20250520,48.04,49.2,47.57,49.14,48.1,2.1622,15329.97,74673.174
301381.SZ,20250520,21.37,22.08,21.1,21.67,21.38,1.3564,74982.4,161951.004
301382.SZ,20250520,39.25,39.55,38.6,39.41,39.23,0.4588,78204.2,306594.331
301383.SZ,20250520,38.01,39.06,37.43,38.69,38.01,1.789,26257.02,100908.395
301386.SZ,20250520,21.39,21.62,21.16,21.61,21.3,1.4554,13865.0,29748.876
301387.SZ,20250520,39.13,39.88,38.73,39.49,39.43,0.1522,32136.4,126714.335
301388.SZ,20250520,23.3,23.74,23.0,23.74,23.23,2.1954,15912.0,37395.314
301389.SZ,20250520,20.91,21.64,20.65,21.39,20.9,2.3445,124053.43,262934.678
301390.SZ,20250520,34.04,34.5,33.86,34.4,33.99,1.2062,6051.0,20740.387
301391.SZ,20250520,36.29,36.7,35.79,36.64,36.12,1.4396,6057.4,22046.786
301392.SZ,20250520,116.88,118.2,115.2,116.53,117.5,-0.8255,8975.14,104683.983
301393.SZ,20250520,49.55,53.08,49.55,53.05,49.24,7.7376,59048.28,304419.607
301395.SZ,20250520,13.65,13.65,13.23,13.39,13.75,-2.6182,78317.43,104812.963
301396.SZ,20250520,95.3,99.0,94.5,96.99,96.0,1.0313,92147.12,890382.798
301397.SZ,20250520,34.21,34.56,33.82,34.38,34.2,0.5263,11502.34,39372.528
301398.SZ,20250520,50.8,51.1,49.85,50.84,50.61,0.4545,12548.0,63531.823
301399.SZ,20250520,24.3,25.04,24.22,24.97,24.45,2.1268,14375.64,35510.511
301408.SZ,20250520,11.77,12.07,11.76,12.0,11.77,1.9541,45979.52,54850.863
301413.SZ,20250520,87.0,89.55,85.72,87.44,86.94,0.5751,16704.25,146633.177
301418.SZ,20250520,33.03,34.35,32.97,33.8,33.09,2.1457,11111.67,37351.143
301419.SZ,20250520,32.2,32.55,31.66,32.4,32.17,0.715,11610.0,37409.729
301421.SZ,20250520,58.48,62.56,57.0,60.53,58.51,3.4524,79266.33,476814.979
301428.SZ,20250520,38.39,39.5,37.9,39.04,38.23,2.1188,34552.01,134277.427
301429.SZ,20250520,17.89,18.05,17.51,17.98,17.7,1.5819,12233.01,21872.968
301439.SZ,20250520,15.23,15.47,15.05,15.47,15.3,1.1111,28468.06,43650.435
301446.SZ,20250520,22.42,22.67,22.21,22.65,22.33,1.433,8057.7,18165.562
301448.SZ,20250520,24.7,25.88,24.3,25.24,24.65,2.3935,38221.7,96461.501
301456.SZ,20250520,23.75,24.0,23.51,23.99,23.75,1.0105,14159.0,33707.536
301458.SZ,20250520,31.52,31.77,31.2,31.68,31.57,0.3484,22496.56,70982.981
301459.SZ,20250520,66.8,71.47,62.3,70.3,65.75,6.9202,100932.62,682877.786
301468.SZ,20250520,22.07,22.38,21.99,22.3,22.02,1.2716,9381.0,20876.088
301469.SZ,20250520,25.93,26.83,25.6,26.23,25.5,2.8627,24018.0,63013.058
301479.SZ,20250520,133.01,147.6,133.01,144.72,133.97,8.0242,36726.07,521552.021
301486.SZ,20250520,67.0,67.12,62.93,64.0,66.67,-4.0048,86880.0,558759.387
301487.SZ,20250520,18.99,19.4,18.8,19.26,18.95,1.6359,66679.18,127820.02
301488.SZ,20250520,79.04,83.4,77.5,77.75,80.25,-3.1153,101305.37,816291.655
301489.SZ,20250520,77.15,83.94,75.03,81.33,74.9,8.5848,107423.56,854102.394
301498.SZ,20250520,112.51,125.88,110.28,112.45,112.44,0.0089,72398.37,834246.947
301499.SZ,20250520,25.07,26.6,25.07,25.8,25.12,2.707,38823.0,100556.336
301500.SZ,20250520,19.64,20.06,19.58,19.98,19.75,1.1646,24846.31,49296.002
301501.SZ,20250520,82.66,86.87,81.6,84.63,82.66,2.3833,67390.92,566297.652
301502.SZ,20250520,38.71,44.7,38.38,41.24,38.86,6.1245,31872.76,131070.558
301503.SZ,20250520,38.18,38.56,37.65,38.24,37.95,0.7642,8724.0,33327.761
301505.SZ,20250520,23.4,23.77,23.15,23.74,23.37,1.5832,20104.43,47271.025
301507.SZ,20250520,13.38,14.55,13.38,14.1,13.38,5.3812,180778.38,252567.066
301508.SZ,20250520,32.12,32.78,31.87,32.38,32.35,0.0927,33252.02,107519.174
301509.SZ,20250520,33.07,34.76,33.07,34.17,33.05,3.3888,82775.94,281159.031
301510.SZ,20250520,32.72,32.78,32.16,32.38,32.71,-1.0089,42063.0,136501.923
301511.SZ,20250520,15.41,16.3,15.25,16.3,15.41,5.7755,302969.48,479891.975
301512.SZ,20250520,39.65,40.38,39.22,40.27,39.8,1.1809,5535.02,22131.452
301515.SZ,20250520,19.42,19.65,19.39,19.63,19.42,1.0814,10426.0,20392.246
301516.SZ,20250520,15.38,15.68,15.15,15.65,15.38,1.7555,34714.55,53659.899
301517.SZ,20250520,50.58,51.3,50.36,51.04,51.08,-0.0783,16304.82,83102.956
301518.SZ,20250520,28.0,30.66,27.0,28.29,28.83,-1.873,205172.68,584159.307
301519.SZ,20250520,13.1,13.51,13.04,13.49,13.14,2.6636,26224.0,34946.156
301520.SZ,20250520,38.85,39.86,38.68,39.51,38.8,1.8299,18925.0,74716.181
301522.SZ,20250520,34.0,34.77,33.8,33.83,34.03,-0.5877,40872.01,139499.758
301525.SZ,20250520,84.07,84.26,82.56,83.26,84.16,-1.0694,12316.0,102789.74
301526.SZ,20250520,3.91,3.91,3.82,3.84,3.91,-1.7903,278595.96,107071.942
301528.SZ,20250520,48.0,50.46,47.38,49.73,47.82,3.9941,29275.57,144853.782
301529.SZ,20250520,30.36,31.17,30.29,31.09,30.45,2.1018,12214.0,37620.138
301533.SZ,20250520,33.45,34.06,33.17,33.74,33.41,0.9877,28691.0,96656.497
301535.SZ,20250520,21.35,22.5,21.04,22.12,21.35,3.6066,189787.06,412153.224
301536.SZ,20250520,55.8,56.48,55.53,56.1,56.05,0.0892,30572.99,171137.142
301538.SZ,20250520,69.66,72.3,69.34,71.25,69.66,2.2825,7070.74,50078.186
301539.SZ,20250520,19.21,19.36,18.93,19.24,19.13,0.575,13471.31,25796.741
301548.SZ,20250520,49.67,50.16,49.15,49.5,50.29,-1.5709,22597.02,112031.91
301550.SZ,20250520,145.0,151.53,138.74,138.78,147.8,-6.1028,44067.0,637232.782
301551.SZ,20250520,48.48,49.25,48.29,48.72,48.63,0.1851,10336.4,50358.504
301552.SZ,20250520,55.51,55.87,55.11,55.69,54.78,1.6612,10785.41,59876.358
301555.SZ,20250520,25.98,26.23,25.72,26.18,26.11,0.2681,27796.91,72203.61
301556.SZ,20250520,86.14,87.5,85.63,86.9,86.13,0.894,6960.34,60131.814
301557.SZ,20250520,73.97,74.15,73.23,73.88,74.02,-0.1891,6404.0,47270.682
301558.SZ,20250520,9.01,9.29,8.91,9.24,9.06,1.9868,322080.82,294711.89
301559.SZ,20250520,16.76,16.88,16.4,16.85,17.05,-1.173,145989.41,242885.637
301560.SZ,20250520,38.6,39.39,38.6,38.82,38.93,-0.2826,42422.16,165153.115
301565.SZ,20250520,21.01,21.35,20.82,21.21,21.04,0.808,22230.37,46957.204
301566.SZ,20250520,16.4,16.56,16.32,16.49,16.44,0.3041,64582.54,106171.142
301567.SZ,20250520,38.89,39.39,38.78,39.35,39.03,0.8199,4584.0,17971.698
301568.SZ,20250520,34.85,35.58,34.68,35.36,35.0,1.0286,13915.0,48966.799
301571.SZ,20250520,44.74,45.06,44.0,44.35,44.85,-1.1148,19062.61,84508.842
301577.SZ,20250520,53.75,54.64,53.02,54.37,53.51,1.6072,7356.0,39805.972
301578.SZ,20250520,47.23,47.29,46.51,47.04,47.03,0.0213,6466.6,30392.099
301580.SZ,20250520,54.52,56.85,54.48,56.11,54.48,2.9919,15312.62,85801.829
301581.SZ,20250520,50.01,50.8,49.72,50.72,50.13,1.1769,7151.0,36052.395
301585.SZ,20250520,45.0,45.41,44.76,45.18,44.88,0.6684,9327.0,42041.863
301586.SZ,20250520,51.38,51.57,50.38,50.85,51.49,-1.243,12432.1,63098.337
301587.SZ,20250520,21.57,21.79,21.42,21.79,21.57,1.0199,9859.42,21342.325
301588.SZ,20250520,19.2,19.2,18.69,18.75,19.13,-1.9864,23405.02,44188.242
301589.SZ,20250520,141.61,143.98,140.71,143.59,141.32,1.6063,3633.6,51878.147
301591.SZ,20250520,41.5,41.58,40.91,41.31,41.74,-1.0302,34368.0,141550.5
301592.SZ,20250520,133.6,134.0,132.5,133.83,133.62,0.1572,4643.0,62016.889
301595.SZ,20250520,52.0,63.0,49.98,50.2,54.3,-7.5506,188274.6,1054451.725
301596.SZ,20250520,129.92,130.3,126.7,128.09,129.92,-1.4086,8489.91,108863.12
301598.SZ,20250520,61.58,63.2,61.11,62.58,61.58,1.6239,6330.0,39612.438
301600.SZ,20250520,165.69,169.5,162.01,167.69,166.6,0.6543,14410.96,238637.99
301601.SZ,20250520,34.2,34.54,34.02,34.15,34.23,-0.2337,21596.63,73868.315
301602.SZ,20250520,24.8,25.76,24.76,25.65,24.8,3.4274,48424.44,122834.626
301603.SZ,20250520,55.84,55.95,54.3,54.85,56.01,-2.0711,33176.28,182424.464
301606.SZ,20250520,42.49,46.28,41.92,44.93,42.43,5.8921,52798.86,234997.231
301607.SZ,20250520,47.48,48.88,46.55,47.97,47.01,2.0421,32581.77,155717.517
301608.SZ,20250520,80.6,81.97,79.64,80.9,80.84,0.0742,8151.9,65916.567
301611.SZ,20250520,55.41,55.85,54.7,55.51,55.1,0.7441,14356.36,79459.559
301613.SZ,20250520,55.13,55.73,52.0,53.4,55.13,-3.138,80138.6,430910.476
301616.SZ,20250520,44.38,45.4,43.72,45.39,44.32,2.4143,33665.75,150541.249
301617.SZ,20250520,47.56,48.24,47.51,48.01,47.55,0.9674,7197.01,34533.597
301618.SZ,20250520,82.16,82.4,80.87,81.5,81.36,0.1721,6149.0,50082.756
301622.SZ,20250520,70.78,71.71,69.96,71.47,70.6,1.2323,20021.5,141988.362
301626.SZ,20250520,73.28,74.88,71.24,73.21,72.29,1.2727,23151.38,169264.095
301628.SZ,20250520,81.82,83.56,81.0,82.33,82.08,0.3046,14699.0,120712.364
301629.SZ,20250520,167.8,170.49,163.81,169.2,168.16,0.6185,13055.0,219321.309
301631.SZ,20250520,111.4,112.43,110.7,111.55,111.55,0.0,3105.4,34643.164
301633.SZ,20250520,69.7,70.2,68.61,70.19,69.15,1.504,3251.0,22616.992
301636.SZ,20250520,57.49,59.3,56.87,57.7,58.6,-1.5358,67198.85,388160.259
301658.SZ,20250520,29.7,29.87,29.15,29.87,29.7,0.5724,37531.61,110939.95
301662.SZ,20250520,68.66,70.94,65.0,69.42,69.01,0.5941,46766.92,320849.902
301665.SZ,20250520,33.13,34.98,32.3,32.43,34.11,-4.9252,140575.44,470157.983
302132.SZ,20250520,85.38,86.3,80.23,80.29,87.2,-7.9243,622701.05,5114727.749
920017.BJ,20250520,18.1,18.77,18.1,18.65,17.96,3.8419,75016.11,139311.717
920047.BJ,20250520,17.09,18.44,17.0,17.79,16.92,5.1418,78627.62,140389.445
920090.BJ,20250520,6.62,6.89,6.55,6.89,6.62,4.0785,114415.36,77036.548
920139.BJ,20250520,25.49,26.46,25.0,26.15,25.43,2.8313,104782.68,272229.744
920198.BJ,20250520,14.8,17.0,14.73,16.13,15.16,6.3984,245204.04,383563.241
920300.BJ,20250520,21.3,22.41,20.28,21.09,21.75,-3.0345,147070.49,309468.898
920418.BJ,20250520,41.16,41.97,40.82,41.3,40.95,0.8547,37744.61,156357.199
920425.BJ,20250520,34.66,35.29,34.05,34.64,34.5,0.4058,34698.26,119887.565
920476.BJ,20250520,17.63,19.8,17.37,19.07,17.46,9.2211,86610.2,161945.861
920478.BJ,20250520,30.08,32.36,29.97,31.44,30.0,4.8,48745.27,152122.08
920510.BJ,20250520,25.15,25.67,24.8,25.46,25.4,0.2362,41490.02,104699.924
920556.BJ,20250520,11.25,11.81,11.12,11.81,11.17,5.7296,116723.3,134548.927
920564.BJ,20250520,24.92,25.71,24.86,25.33,25.14,0.7558,33100.1,83636.077
920685.BJ,20250520,15.81,16.8,15.67,16.24,15.8,2.7848,58201.13,94852.624
920718.BJ,20250520,18.57,19.15,18.32,19.08,18.47,3.3027,21591.27,40752.734
600000.SH,20250520,12.02,12.34,12.01,12.27,12.0,2.25,800134.53,976894.439
600004.SH,20250520,9.54,9.58,9.4,9.42,9.54,-1.2579,152265.0,144361.411
600006.SH,20250520,7.17,7.83,7.15,7.83,7.12,9.9719,1581195.21,1196217.106
600007.SH,20250520,21.62,21.72,21.56,21.57,21.59,-0.0926,17481.0,37817.6
600008.SH,20250520,3.18,3.19,3.17,3.18,3.18,0.0,432231.34,137426.853
600009.SH,20250520,32.68,32.79,32.49,32.67,32.67,0.0,56731.24,184972.172
600010.SH,20250520,1.79,1.8,1.78,1.79,1.79,0.0,1825524.4,326630.276
600011.SH,20250520,7.49,7.53,7.45,7.52,7.47,0.6693,514122.01,385261.022
600012.SH,20250520,17.65,17.92,17.56,17.78,17.56,1.2528,33807.57,60190.328
600015.SH,20250520,7.49,7.54,7.45,7.48,7.47,0.1339,512690.75,384018.034
600016.SH,20250520,4.13,4.16,4.11,4.14,4.12,0.4854,1103034.32,456293.673
600017.SH,20250520,3.46,3.48,3.23,3.25,3.44,-5.5233,1246658.01,408733.502
600018.SH,20250520,5.88,5.9,5.77,5.79,5.88,-1.5306,367331.0,213433.966
600019.SH,20250520,6.97,7.02,6.92,6.94,6.97,-0.4304,328505.68,228667.552
600020.SH,20250520,4.74,4.81,4.73,4.76,4.73,0.6342,128549.0,61279.28
600021.SH,20250520,9.09,9.19,9.07,9.18,9.09,0.9901,340734.88,310935.237
600022.SH,20250520,1.35,1.36,1.34,1.35,1.35,0.0,417618.58,56344.785
600023.SH,20250520,5.36,5.42,5.35,5.41,5.35,1.1215,474366.49,255639.134
600025.SH,20250520,9.88,10.04,9.88,9.99,9.88,1.1134,291783.09,291420.88
600026.SH,20250520,10.56,10.58,10.34,10.41,10.56,-1.4205,322172.5,334804.07
600027.SH,20250520,5.91,5.99,5.86,5.99,5.91,1.3536,817685.51,485352.759
600028.SH,20250520,5.69,5.7,5.66,5.67,5.68,-0.1761,612974.12,348084.292
600029.SH,20250520,5.94,6.0,5.9,5.97,5.94,0.5051,368898.33,219513.679
600030.SH,20250520,26.16,26.28,26.06,26.09,26.11,-0.0766,505240.73,1320882.683
600031.SH,20250520,19.19,19.25,18.85,18.98,19.18,-1.0428,580140.35,1101282.723
600032.SH,20250520,7.61,7.87,7.6,7.83,7.65,2.3529,234515.48,181816.306
600033.SH,20250520,3.66,3.67,3.63,3.65,3.65,0.0,206216.23,75231.189
600035.SH,20250520,4.51,4.52,4.47,4.5,4.51,-0.2217,103390.8,46464.034
600036.SH,20250520,44.03,44.61,43.87,43.9,43.84,0.1369,500534.83,2210731.576
600037.SH,20250520,7.19,7.25,7.15,7.23,7.2,0.4167,132074.17,95281.645
600038.SH,20250520,37.25,37.33,36.8,37.21,37.26,-0.1342,97926.24,362767.045
600039.SH,20250520,9.25,9.35,9.23,9.25,9.2,0.5435,141483.6,131325.11
600048.SH,20250520,8.28,8.29,8.24,8.26,8.28,-0.2415,479515.49,396162.432
600050.SH,20250520,5.4,5.5,5.39,5.47,5.42,0.9225,2495890.31,1361607.793
600051.SH,20250520,7.49,7.54,7.34,7.5,7.52,-0.266,237098.42,176073.575
600052.SH,20250520,4.25,4.48,4.22,4.38,4.27,2.5761,127861.09,55560.518
600053.SH,20250520,17.66,17.66,17.21,17.66,16.05,10.0312,341973.12,603283.938
600054.SH,20250520,11.59,11.68,11.54,11.56,11.55,0.0866,84255.86,97721.024
600055.SH,20250520,17.68,17.9,17.58,17.77,17.69,0.4522,49130.7,87383.831
600056.SH,20250520,10.45,10.54,10.44,10.49,10.44,0.4789,88764.17,93156.508
600057.SH,20250520,7.0,7.0,6.94,6.97,7.0,-0.4286,116180.47,81005.306
600058.SH,20250520,7.35,7.38,7.32,7.37,7.34,0.4087,48818.37,35894.483
600059.SH,20250520,9.17,9.47,9.15,9.36,9.21,1.6287,248440.96,231902.789
600060.SH,20250520,23.88,24.25,23.86,24.22,23.95,1.1273,69462.77,167319.688
600061.SH,20250520,7.02,7.05,6.98,7.02,7.0,0.2857,146439.4,102811.22
600062.SH,20250520,19.15,19.37,19.1,19.29,19.08,1.1006,95218.06,183786.332
600063.SH,20250520,4.44,4.44,4.37,4.39,4.45,-1.3483,232617.64,102078.307
600064.SH,20250520,7.55,7.58,7.49,7.54,7.52,0.266,113437.89,85378.367
600066.SH,20250520,24.31,24.58,24.15,24.45,24.37,0.3283,180404.22,438644.407
600067.SH,20250520,2.9,2.92,2.85,2.88,2.89,-0.346,174189.0,50136.14
600071.SH,20250520,21.51,21.76,21.31,21.67,21.38,1.3564,53766.69,115913.638
600072.SH,20250520,12.24,12.27,12.15,12.24,12.24,0.0,88565.27,108101.107
600073.SH,20250520,7.92,8.21,7.88,8.18,7.92,3.2828,192115.59,154937.494
600075.SH,20250520,4.32,4.32,4.28,4.28,4.31,-0.6961,72024.4,30911.394
600076.SH,20250520,2.3,2.38,2.3,2.36,2.33,1.2876,357718.5,83955.121
600078.SH,20250520,5.72,5.73,5.54,5.58,5.65,-1.2389,117770.0,65851.005
600079.SH,20250520,20.36,20.76,20.33,20.53,20.36,0.835,149814.69,308121.615
600080.SH,20250520,7.22,7.31,7.19,7.29,7.19,1.3908,32636.0,23659.352
600081.SH,20250520,14.59,15.4,14.32,14.94,14.39,3.8221,393251.71,582607.407
600082.SH,20250520,3.64,3.64,3.5,3.52,3.66,-3.8251,505899.11,179518.578
600084.SH,20250520,5.59,5.62,5.54,5.54,5.54,0.0,48317.06,26981.846
600085.SH,20250520,37.32,38.0,37.25,37.75,37.21,1.4512,111919.62,422081.117
600088.SH,20250520,16.65,16.88,16.65,16.74,16.66,0.4802,29859.6,50002.326
600089.SH,20250520,11.94,11.96,11.88,11.9,11.93,-0.2515,157995.8,188025.667
600094.SH,20250520,3.19,3.2,3.15,3.17,3.19,-0.627,138274.85,43783.075
600095.SH,20250520,8.36,9.09,8.3,8.76,8.5,3.0588,1670337.97,1444613.725
600096.SH,20250520,23.99,24.31,23.74,23.81,23.96,-0.626,361641.41,866729.056
600097.SH,20250520,10.19,10.36,10.14,10.31,10.21,0.9794,59142.0,60707.24
600098.SH,20250520,6.55,6.59,6.53,6.58,6.54,0.6116,91207.0,59880.996
600099.SH,20250520,10.96,11.05,10.72,11.01,10.89,1.1019,91589.67,100255.408
600100.SH,20250520,7.15,7.2,7.07,7.16,7.14,0.2801,297413.69,212692.85
600101.SH,20250520,11.17,11.88,11.1,11.69,11.17,4.6553,915866.65,1053169.622
600103.SH,20250520,2.21,2.23,2.2,2.22,2.21,0.4525,215801.82,47874.913
600104.SH,20250520,16.66,16.85,16.6,16.81,16.68,0.7794,256089.13,428532.621
600105.SH,20250520,7.83,8.07,7.57,7.63,7.76,-1.6753,2193847.4,1700193.55
600106.SH,20250520,5.63,5.73,5.57,5.72,5.65,1.2389,272988.06,154399.082
600107.SH,20250520,3.58,3.78,3.58,3.78,3.6,5.0,118154.0,44311.436
600108.SH,20250520,2.95,3.01,2.95,2.99,2.96,1.0135,410517.0,122688.417
600109.SH,20250520,8.38,8.39,8.32,8.36,8.35,0.1198,171276.0,143173.486
600110.SH,20250520,3.53,3.53,3.48,3.49,3.53,-1.1331,155362.0,54311.443
600111.SH,20250520,23.75,24.02,23.6,23.8,23.76,0.1684,553341.27,1317093.614
600113.SH,20250520,14.24,14.27,14.12,14.18,14.2,-0.1408,17242.92,24458.049
600114.SH,20250520,19.99,20.37,19.87,20.19,19.9,1.4573,133117.17,267991.037
600115.SH,20250520,3.78,3.81,3.75,3.79,3.77,0.5305,527306.28,199289.741
600116.SH,20250520,6.89,7.1,6.87,7.09,6.88,3.0523,416766.23,293046.687
600117.SH,20250520,2.19,2.2,2.16,2.18,2.18,0.0,87933.02,19119.329
600118.SH,20250520,26.7,27.35,26.67,26.82,26.83,-0.0373,104611.56,281880.501
600119.SH,20250520,8.43,8.46,8.24,8.39,8.4,-0.119,136252.0,113415.196
600120.SH,20250520,5.94,6.05,5.89,6.02,5.95,1.1765,565321.93,338052.199
600121.SH,20250520,3.88,3.91,3.82,3.88,3.87,0.2584,280431.0,107996.826
600123.SH,20250520,6.77,6.78,6.72,6.73,6.77,-0.5908,87495.1,58992.783
600125.SH,20250520,5.85,5.87,5.77,5.83,5.83,0.0,142331.95,82832.833
600126.SH,20250520,10.13,10.36,10.01,10.24,10.19,0.4907,1077797.74,1101845.059
600127.SH,20250520,6.9,7.01,6.89,6.96,6.93,0.4329,184922.09,128551.684
600128.SH,20250520,10.15,10.5,9.97,10.39,10.16,2.2638,275455.48,283886.132
600129.SH,20250520,21.09,22.0,21.09,21.9,21.18,3.3994,224240.47,488003.159
600130.SH,20250520,3.17,3.31,3.17,3.21,3.22,-0.3106,432027.68,139321.066
600131.SH,20250520,18.11,18.18,17.98,18.1,18.11,-0.0552,65677.66,118718.976
600132.SH,20250520,57.35,58.14,57.23,57.9,57.26,1.1177,44355.49,256110.013
600133.SH,20250520,9.42,9.71,9.38,9.69,9.46,2.4313,352457.71,338343.729
600135.SH,20250520,7.45,8.18,7.4,7.9,7.44,6.1828,485839.91,386102.799
600136.SH,20250520,2.1,2.14,2.1,2.14,2.1,1.9048,72801.0,15487.207
600137.SH,20250520,20.44,20.44,20.44,20.44,18.58,10.0108,14468.0,29572.592
600138.SH,20250520,9.73,9.81,9.72,9.78,9.72,0.6173,112264.81,109620.219
600141.SH,20250520,21.0,21.29,20.85,20.9,21.04,-0.6654,95771.34,200689.842
600143.SH,20250520,10.8,10.8,10.67,10.77,10.8,-0.2778,259988.38,279249.43
600148.SH,20250520,20.29,22.23,19.82,22.23,20.21,9.9951,100892.21,210184.149
600149.SH,20250520,4.95,5.43,4.85,5.14,4.94,4.0486,422858.82,216965.544
600150.SH,20250520,31.4,31.65,31.19,31.47,31.43,0.1273,303482.79,952516.993
600151.SH,20250520,6.78,6.96,6.78,6.84,6.86,-0.2915,211879.3,145007.227
600152.SH,20250520,5.89,5.98,5.87,5.97,5.9,1.1864,69038.0,40962.56
600153.SH,20250520,10.1,10.14,10.02,10.14,10.09,0.4955,177492.24,179076.572
600155.SH,20250520,6.64,6.68,6.58,6.67,6.62,0.7553,179126.85,118811.682
600156.SH,20250520,6.04,6.15,5.98,6.06,6.08,-0.3289,199230.01,120555.546
600157.SH,20250520,1.37,1.37,1.36,1.36,1.36,0.0,1528289.02,208239.44
600158.SH,20250520,8.1,8.3,8.08,8.19,8.09,1.2361,158358.65,129649.981
600159.SH,20250520,2.67,2.71,2.63,2.65,2.69,-1.487,235826.0,62536.48
600160.SH,20250520,26.19,26.63,26.11,26.32,26.15,0.6501,139984.27,368781.822
600161.SH,20250520,19.1,19.2,19.1,19.15,19.1,0.2618,112655.44,215781.704
600162.SH,20250520,1.67,1.69,1.65,1.68,1.67,0.5988,292656.89,48874.244
600163.SH,20250520,5.5,5.69,5.49,5.58,5.46,2.1978,213489.37,118759.598
600165.SH,20250520,5.18,5.2,5.01,5.05,5.13,-1.5595,104402.0,52899.097
600166.SH,20250520,2.64,2.67,2.63,2.66,2.64,0.7576,853466.6,226199.827
600167.SH,20250520,6.13,6.16,6.09,6.14,6.12,0.3268,35833.92,21993.794
600168.SH,20250520,4.67,4.68,4.63,4.68,4.65,0.6452,83564.16,38916.282
600169.SH,20250520,2.47,2.49,2.46,2.47,2.47,0.0,181337.55,44822.764
600170.SH,20250520,2.4,2.41,2.39,2.41,2.4,0.4167,588373.52,141302.973
600171.SH,20250520,34.05,34.78,33.85,34.48,34.04,1.2926,192090.5,661711.704
600172.SH,20250520,4.1,4.35,4.07,4.19,4.1,2.1951,1110230.76,468623.174
600173.SH,20250520,6.19,6.23,6.1,6.21,6.18,0.4854,66469.28,40985.527
600176.SH,20250520,12.15,12.19,12.05,12.1,12.16,-0.4934,141023.1,170817.436
600177.SH,20250520,7.51,7.52,7.48,7.49,7.5,-0.1333,150325.69,112693.188
600178.SH,20250520,12.19,13.0,12.0,12.75,12.19,4.5939,530959.79,672756.171
600179.SH,20250520,3.12,3.15,3.02,3.07,3.12,-1.6026,644656.78,197323.793
600180.SH,20250520,4.52,4.57,4.46,4.54,4.54,0.0,262424.0,118282.018
600182.SH,20250520,15.5,15.6,15.47,15.53,15.52,0.0644,16111.0,25020.943
600183.SH,20250520,26.91,27.38,26.65,26.91,26.88,0.1116,163646.0,443123.531
600184.SH,20250520,14.2,14.3,13.88,13.94,14.27,-2.3125,122838.0,171969.757
600185.SH,20250520,6.48,6.61,6.43,6.47,6.47,0.0,314912.99,205259.993
600186.SH,20250520,6.38,6.45,6.33,6.43,6.38,0.7837,512149.9,328128.113
600187.SH,20250520,3.33,3.4,3.29,3.36,3.3,1.8182,1207366.44,403210.055
600188.SH,20250520,12.72,12.74,12.63,12.71,12.68,0.2366,119925.24,151986.375
600189.SH,20250520,7.24,7.32,7.15,7.26,7.2,0.8333,141578.2,102507.447
600190.SH,20250520,0.96,0.97,0.95,0.97,0.92,5.4348,486681.88,47051.609
600191.SH,20250520,7.67,7.93,7.67,7.74,7.7,0.5195,94542.0,73876.183
600192.SH,20250520,6.95,7.02,6.89,7.0,6.96,0.5747,48342.4,33645.598
600193.SH,20250520,3.86,3.96,3.72,3.72,3.92,-5.102,516432.94,197671.357
600195.SH,20250520,7.05,7.28,7.05,7.21,7.07,1.9802,298585.99,215080.23
600196.SH,20250520,23.86,24.17,23.86,24.07,23.83,1.0071,148892.38,358416.136
600197.SH,20250520,14.76,14.9,14.76,14.84,14.83,0.0674,27207.38,40420.649
600198.SH,20250520,8.39,9.23,8.31,9.23,8.39,10.0119,658820.43,587269.473
600199.SH,20250520,10.18,10.31,10.1,10.2,10.16,0.3937,74446.88,75855.535
600200.SH,20250520,2.55,2.55,2.5,2.55,2.43,4.9383,475172.94,120886.174
600201.SH,20250520,7.13,7.45,7.13,7.31,7.16,2.095,334439.21,244667.671
600202.SH,20250520,5.31,5.37,5.28,5.36,5.31,0.9416,104489.01,55653.441
600203.SH,20250520,9.59,9.8,9.41,9.72,9.57,1.5674,389662.48,376565.904
600206.SH,20250520,18.21,18.36,18.11,18.26,18.26,0.0,305155.06,556714.943
600207.SH,20250520,5.03,5.03,5.03,5.03,4.57,10.0656,89438.0,44987.314
600208.SH,20250520,2.63,2.64,2.6,2.63,2.63,0.0,560555.62,146708.964
600210.SH,20250520,6.34,6.38,6.33,6.36,6.34,0.3155,143461.12,91256.794
600211.SH,20250520,36.11,36.63,36.1,36.45,36.12,0.9136,38765.19,141577.315
600212.SH,20250520,7.82,7.88,7.72,7.83,7.82,0.1279,87340.0,68323.379
600215.SH,20250520,8.4,8.57,8.35,8.47,8.41,0.7134,113768.0,96241.791
600216.SH,20250520,13.52,13.94,13.52,13.7,13.54,1.1817,304025.84,418337.999
600217.SH,20250520,4.56,4.57,4.53,4.57,4.56,0.2193,130294.0,59320.261
600218.SH,20250520,8.7,8.82,8.63,8.79,8.68,1.2673,65827.64,57580.215
600219.SH,20250520,3.73,3.74,3.71,3.71,3.73,-0.5362,682808.65,254221.844
600221.SH,20250520,1.36,1.37,1.35,1.36,1.36,0.0,1503967.4,204505.25
600222.SH,20250520,5.38,5.47,5.38,5.43,5.41,0.3697,97011.03,52679.437
600223.SH,20250520,8.19,8.79,8.15,8.43,8.19,2.9304,878464.3,744285.85
600226.SH,20250520,2.85,2.87,2.84,2.86,2.86,0.0,205649.17,58736.556
600227.SH,20250520,2.34,2.4,2.3,2.37,2.34,1.2821,316529.02,74272.435
600228.SH,20250520,4.0,4.2,3.82,3.99,4.0,-0.25,332008.0,134002.827
600229.SH,20250520,6.82,6.97,6.76,6.97,6.8,2.5,53399.01,36830.141
600230.SH,20250520,10.53,10.62,10.49,10.56,10.55,0.0948,29516.18,31140.925
600231.SH,20250520,1.74,1.75,1.71,1.74,1.73,0.578,147850.0,25553.963
600232.SH,20250520,5.76,5.83,5.72,5.82,5.76,1.0417,50281.45,29117.428
600233.SH,20250520,12.96,12.98,12.82,12.91,12.87,0.3108,257658.41,332286.926
600234.SH,20250520,7.72,7.88,7.04,7.04,7.44,-5.3763,99495.41,73824.106
600235.SH,20250520,6.05,6.09,6.0,6.07,6.06,0.165,65635.14,39709.345
600236.SH,20250520,6.44,6.52,6.43,6.49,6.44,0.7764,138309.9,89721.075
600237.SH,20250520,7.32,7.38,7.14,7.29,7.18,1.532,242884.8,176234.625
600238.SH,20250520,5.31,5.62,5.31,5.57,5.35,4.1121,171608.33,94940.288
600239.SH,20250520,2.5,2.5,2.45,2.47,2.47,0.0,206610.0,50999.42
600241.SH,20250520,7.59,7.71,7.5,7.69,7.58,1.4512,39575.0,30216.414
600243.SH,20250520,3.09,3.09,2.94,2.96,2.94,0.6803,408640.02,123883.32
600246.SH,20250520,5.67,6.02,5.59,5.91,5.7,3.6842,566587.61,329258.257
600248.SH,20250520,3.87,3.88,3.86,3.88,3.87,0.2584,124792.7,48315.63
600249.SH,20250520,6.1,6.72,6.07,6.21,6.11,1.6367,993006.66,625302.697
600250.SH,20250520,8.99,9.28,8.88,9.23,8.95,3.1285,270897.0,247725.223
600251.SH,20250520,7.55,7.62,7.53,7.53,7.55,-0.2649,78048.0,58990.068
600252.SH,20250520,2.52,2.59,2.5,2.56,2.57,-0.3891,665777.06,169631.417
600255.SH,20250520,3.26,3.29,3.23,3.29,3.26,0.9202,432962.0,141395.733
600256.SH,20250520,5.88,5.98,5.88,5.94,5.89,0.8489,550271.28,325802.86
600257.SH,20250520,4.99,5.03,4.95,5.0,4.98,0.4016,129513.01,64649.129
600258.SH,20250520,15.05,15.41,15.05,15.38,15.04,2.2606,108018.66,165268.826
600259.SH,20250520,42.12,46.64,42.05,46.64,42.4,10.0,379395.52,1705182.415
600261.SH,20250520,3.26,3.29,3.24,3.29,3.25,1.2308,118098.0,38667.807
600262.SH,20250520,20.84,21.34,20.64,21.13,20.84,1.3916,74922.1,157669.212
600265.SH,20250520,16.05,16.19,15.84,16.0,16.15,-0.9288,8732.0,13946.388
600266.SH,20250520,4.43,4.43,4.36,4.42,4.44,-0.4505,289702.24,127234.985
600267.SH,20250520,8.77,9.13,8.77,9.06,8.76,3.4247,263642.17,237509.872
600268.SH,20250520,7.82,7.95,7.77,7.95,7.79,2.0539,113338.59,89104.02
600269.SH,20250520,5.31,5.33,5.28,5.31,5.32,-0.188,84238.0,44682.038
600271.SH,20250520,8.8,8.8,8.61,8.66,8.69,-0.3452,106075.83,91806.375
600272.SH,20250520,13.65,14.09,13.59,14.02,13.61,3.0125,67646.1,94119.352
600273.SH,20250520,8.51,8.53,8.45,8.48,8.51,-0.3525,71656.0,60815.139
600276.SH,20250520,54.29,55.15,53.79,54.45,53.45,1.8709,593356.91,3233612.042
600278.SH,20250520,7.52,7.75,7.38,7.65,7.6,0.6579,362587.48,273275.195
600279.SH,20250520,6.04,6.08,5.69,5.72,6.04,-5.298,557467.97,322174.854
600280.SH,20250520,3.5,3.57,3.49,3.56,3.5,1.7143,400212.0,141500.948
600281.SH,20250520,5.7,6.11,5.41,5.9,5.56,6.1151,1469584.85,846694.568
600282.SH,20250520,4.28,4.29,4.25,4.26,4.27,-0.2342,198138.63,84519.132
600283.SH,20250520,10.7,10.88,10.6,10.84,10.64,1.8797,103693.41,111629.781
600284.SH,20250520,7.17,7.17,7.04,7.13,7.17,-0.5579,197061.63,140014.794
600285.SH,20250520,23.52,23.75,23.42,23.57,23.51,0.2552,56873.86,134033.106
600287.SH,20250520,4.98,5.2,4.97,5.08,5.03,0.994,80780.97,41123.379
600288.SH,20250520,9.07,9.18,9.02,9.14,9.07,0.7718,51402.0,46837.428
600289.SH,20250520,5.9,5.9,5.78,5.83,5.9,-1.1864,59853.2,34856.216
600292.SH,20250520,13.0,13.15,12.8,13.09,13.07,0.153,277187.79,358616.432
600293.SH,20250520,3.04,3.06,2.98,3.0,3.06,-1.9608,329361.5,99336.222
600295.SH,20250520,9.12,9.18,9.12,9.15,9.12,0.3289,55398.49,50695.886
600298.SH,20250520,36.36,37.19,36.31,36.5,36.3,0.551,57856.0,212619.642
600299.SH,20250520,9.82,9.83,9.72,9.82,9.8,0.2041,63566.51,62218.276
600300.SH,20250520,3.54,3.67,3.54,3.64,3.56,2.2472,1007546.11,365400.368
600301.SH,20250520,19.29,19.44,19.11,19.35,19.34,0.0517,40590.0,78252.453
600302.SH,20250520,5.74,5.84,5.7,5.79,5.75,0.6957,72364.0,41762.222
600303.SH,20250520,4.3,4.35,4.13,4.2,4.28,-1.8692,225456.75,94495.535
600305.SH,20250520,7.91,8.0,7.9,7.94,7.93,0.1261,91399.16,72733.247
600307.SH,20250520,1.43,1.45,1.42,1.43,1.43,0.0,305525.0,43766.847
600308.SH,20250520,3.57,3.62,3.57,3.59,3.59,0.0,169789.67,60941.915
600309.SH,20250520,56.66,57.09,56.31,56.81,56.75,0.1057,142920.53,809859.786
600310.SH,20250520,4.4,4.42,4.35,4.42,4.4,0.4545,438117.8,192217.493
600312.SH,20250520,16.54,16.68,16.46,16.57,16.53,0.242,100018.1,165996.852
600313.SH,20250520,6.39,6.45,6.37,6.42,6.39,0.4695,189982.54,122052.07
600315.SH,20250520,24.82,26.8,24.68,26.0,24.6,5.6911,196366.05,510845.97
600316.SH,20250520,36.0,36.17,35.12,35.48,36.2,-1.989,86456.2,306694.808
600318.SH,20250520,9.28,9.4,9.2,9.27,9.3,-0.3226,313690.28,291132.953
600319.SH,20250520,5.93,6.14,5.92,6.12,5.99,2.1703,74077.1,44758.419
600320.SH,20250520,4.41,4.52,4.39,4.47,4.43,0.9029,558729.06,249032.841
600322.SH,20250520,2.4,2.43,2.36,2.38,2.39,-0.4184,293608.9,70108.951
600323.SH,20250520,24.74,24.95,24.6,24.76,24.77,-0.0404,51041.37,126347.3
600325.SH,20250520,5.08,5.11,5.05,5.09,5.07,0.3945,196020.51,99611.576
600326.SH,20250520,7.1,7.19,7.08,7.09,7.09,0.0,390191.85,278194.041
600327.SH,20250520,4.89,4.95,4.87,4.94,4.89,1.0225,166773.0,82119.62
600328.SH,20250520,7.14,7.16,7.11,7.14,7.14,0.0,60991.6,43519.498
600329.SH,20250520,31.57,32.42,31.45,32.24,31.34,2.8717,91678.95,293805.617
600330.SH,20250520,6.81,6.84,6.77,6.84,6.82,0.2933,79219.55,53940.147
600331.SH,20250520,7.07,7.09,6.97,7.0,7.06,-0.8499,145564.01,101978.13
600332.SH,20250520,26.89,27.13,26.89,27.06,26.89,0.6322,52345.91,141488.951
600333.SH,20250520,4.72,4.77,4.7,4.76,4.71,1.0616,104631.01,49565.628
600335.SH,20250520,6.56,6.69,6.53,6.67,6.58,1.3678,136878.49,90586.609
600336.SH,20250520,7.96,8.43,7.72,7.98,7.66,4.1775,1378866.81,1103446.908
600337.SH,20250520,2.24,2.3,2.2,2.29,2.25,1.7778,304753.2,68706.525
600338.SH,20250520,10.11,10.13,10.01,10.09,10.11,-0.1978,99995.41,100660.399
600339.SH,20250520,3.13,3.14,3.11,3.13,3.13,0.0,299636.19,93632.996
600340.SH,20250520,3.11,3.35,2.93,2.96,3.11,-4.8232,4849879.44,1522575.561
600343.SH,20250520,13.58,14.37,13.2,13.76,13.06,5.3599,1218390.02,1713673.699
600345.SH,20250520,24.33,24.6,24.0,24.43,24.3,0.535,45144.7,109638.521
600346.SH,20250520,15.78,15.92,15.62,15.8,15.78,0.1267,67457.13,106455.947
600348.SH,20250520,6.67,6.7,6.65,6.68,6.67,0.1499,147068.57,98236.884
600350.SH,20250520,10.92,11.05,10.85,10.86,10.87,-0.092,82411.37,89965.134
600351.SH,20250520,6.22,6.27,6.2,6.25,6.2,0.8065,111072.1,69251.543
600352.SH,20250520,9.84,10.1,9.81,10.01,9.81,2.0387,321142.22,320481.691
600353.SH,20250520,9.58,9.7,9.15,9.24,9.61,-3.8502,521971.05,489142.834
600354.SH,20250520,6.24,6.33,6.24,6.32,6.25,1.12,250182.02,157564.428
600355.SH,20250520,2.6,2.71,2.57,2.67,2.59,3.0888,456035.32,120826.737
600356.SH,20250520,7.96,8.22,7.9,8.2,7.95,3.1447,87632.77,71041.865
600359.SH,20250520,6.9,7.0,6.9,6.98,6.94,0.5764,109475.0,76339.787
600360.SH,20250520,6.51,6.55,6.4,6.47,6.53,-0.9188,150453.76,97266.294
600361.SH,20250520,3.94,3.95,3.91,3.94,3.95,-0.2532,224409.0,88106.448
600362.SH,20250520,21.61,21.69,21.57,21.6,21.6,0.0,80196.2,173371.702
600363.SH,20250520,59.08,60.18,59.02,59.37,59.56,-0.319,57176.0,340532.522
600365.SH,20250520,3.1,3.1,3.02,3.02,3.1,-2.5806,86469.0,26465.716
600366.SH,20250520,8.18,8.3,8.15,8.27,8.16,1.348,192489.6,158449.791
600367.SH,20250520,14.0,14.15,13.78,13.98,14.07,-0.6397,103486.01,143562.821
600368.SH,20250520,4.55,4.57,4.5,4.54,4.55,-0.2198,440570.6,199339.873
600369.SH,20250520,4.21,4.22,4.18,4.2,4.2,0.0,205864.0,86472.286
600370.SH,20250520,2.07,2.08,2.01,2.03,2.08,-2.4038,627354.74,127495.409
600371.SH,20250520,9.43,9.64,9.43,9.58,9.48,1.0549,144592.4,138429.367
600372.SH,20250520,11.56,11.58,11.43,11.53,11.56,-0.2595,207236.78,237987.615
600373.SH,20250520,10.48,10.59,10.43,10.59,10.46,1.2428,83264.98,87690.061
600375.SH,20250520,6.17,6.34,6.17,6.25,6.18,1.1327,309382.38,193827.673
600376.SH,20250520,2.51,2.51,2.45,2.47,2.51,-1.5936,168604.9,41655.454
600377.SH,20250520,15.66,15.98,15.65,15.7,15.66,0.2554,58455.0,92448.176
600378.SH,20250520,24.82,24.86,24.41,24.8,24.86,-0.2414,42196.01,104222.838
600379.SH,20250520,9.78,9.86,9.74,9.86,9.79,0.715,28570.0,28057.503
600380.SH,20250520,10.66,10.79,10.66,10.75,10.67,0.7498,139678.63,150162.433
600381.SH,20250520,3.86,4.0,3.79,3.81,3.81,0.0,138451.88,53517.905
600382.SH,20250520,4.94,4.98,4.89,4.97,4.93,0.8114,50573.11,24922.143
600383.SH,20250520,4.14,4.16,4.11,4.12,4.15,-0.7229,509698.28,210062.522
600386.SH,20250520,4.32,4.4,4.29,4.4,4.32,1.8519,108140.0,47202.761
600388.SH,20250520,11.56,11.61,11.49,11.55,11.57,-0.1729,33713.18,38864.895
600389.SH,20250520,17.9,18.08,17.61,17.82,18.08,-1.4381,141882.03,252744.093
600390.SH,20250520,5.41,5.43,5.38,5.41,5.4,0.1852,263144.6,142124.584
600391.SH,20250520,24.3,25.32,24.0,24.34,24.35,-0.0411,157931.27,387484.622
600392.SH,20250520,12.15,12.42,11.93,12.27,12.22,0.4092,979181.87,1194201.627
600395.SH,20250520,4.68,4.68,4.62,4.65,4.67,-0.4283,64494.0,30000.046
600396.SH,20250520,3.25,3.45,3.22,3.39,3.26,3.9877,1357302.04,449317.412
600397.SH,20250520,5.95,6.15,5.78,5.86,6.0,-2.3333,1175781.35,698930.432
600398.SH,20250520,7.8,7.91,7.57,7.7,7.8,-1.2821,486256.26,375376.779
600399.SH,20250520,5.24,5.25,5.18,5.22,5.24,-0.3817,237280.33,123440.261
600400.SH,20250520,2.33,2.34,2.3,2.33,2.34,-0.4274,422559.8,97958.953
600403.SH,20250520,3.9,4.09,3.88,3.95,3.93,0.5089,446132.4,176772.305
600405.SH,20250520,4.91,5.09,4.81,4.97,4.9,1.4286,324653.33,160385.056
600406.SH,20250520,22.95,22.98,22.72,22.92,22.9,0.0873,199887.1,456937.016
600408.SH,20250520,1.98,2.0,1.95,1.98,1.98,0.0,173444.0,34165.309
600409.SH,20250520,5.0,5.02,4.95,4.97,5.01,-0.7984,161573.0,80353.317
600410.SH,20250520,10.54,10.65,10.12,10.15,10.7,-5.1402,2071617.82,2122696.992
600415.SH,20250520,16.6,17.23,16.25,17.15,16.48,4.0655,483992.22,820877.243
600416.SH,20250520,10.3,10.93,10.21,10.74,10.3,4.2718,297491.15,316148.917
600418.SH,20250520,36.4,37.14,35.81,36.46,36.05,1.1373,545961.0,1983507.547
600419.SH,20250520,9.82,10.23,9.82,9.92,9.88,0.4049,97040.0,97000.489
600420.SH,20250520,10.44,10.57,10.44,10.55,10.44,1.0536,109832.25,115575.554
600421.SH,20250520,6.63,6.71,6.5,6.71,6.39,5.0078,54525.0,36265.821
600422.SH,20250520,15.6,16.01,15.58,15.9,15.56,2.1851,123380.09,195351.463
600423.SH,20250520,3.35,3.36,3.29,3.33,3.35,-0.597,157555.0,52234.2
600425.SH,20250520,3.8,3.82,3.78,3.81,3.79,0.5277,122650.0,46574.253
600426.SH,20250520,20.55,20.59,20.43,20.45,20.56,-0.535,101427.63,207718.525
600428.SH,20250520,6.46,6.49,6.26,6.33,6.46,-2.0124,514006.76,324803.354
600429.SH,20250520,4.6,4.71,4.57,4.66,4.6,1.3043,169541.07,79120.574
600433.SH,20250520,3.15,3.15,3.12,3.14,3.13,0.3195,109850.08,34426.402
600435.SH,20250520,11.52,11.68,11.43,11.5,11.59,-0.7765,228594.51,263828.466
600436.SH,20250520,207.09,207.85,206.54,206.97,206.86,0.0532,11476.08,237676.728
600438.SH,20250520,17.0,17.18,16.78,17.15,16.98,1.0012,307454.05,522910.206
600439.SH,20250520,3.68,3.78,3.66,3.73,3.66,1.9126,838175.52,311989.17
600444.SH,20250520,15.42,15.6,15.36,15.58,15.46,0.7762,17372.0,26919.194
600446.SH,20250520,15.55,15.65,15.26,15.5,15.55,-0.3215,138966.0,214933.433
600448.SH,20250520,5.3,5.7,4.74,4.87,5.27,-7.5901,2717463.23,1392706.233
600449.SH,20250520,13.74,14.32,13.6,13.95,13.49,3.4099,192047.21,268577.516
600452.SH,20250520,9.48,9.62,9.43,9.55,9.48,0.7384,194181.46,185032.976
600455.SH,20250520,25.47,25.67,25.02,25.67,25.26,1.6231,13874.97,35274.98
600456.SH,20250520,29.81,29.97,29.63,29.85,29.85,0.0,48798.0,145444.673
600458.SH,20250520,11.49,11.62,11.46,11.58,11.49,0.7833,54017.88,62386.045
600459.SH,20250520,13.4,13.55,13.38,13.5,13.41,0.6711,57175.15,77018.562
600460.SH,20250520,24.48,24.62,24.37,24.51,24.52,-0.0408,97115.76,238218.793
600461.SH,20250520,9.53,9.69,9.53,9.66,9.55,1.1518,73082.49,70460.012
600463.SH,20250520,10.99,11.85,10.92,11.85,10.77,10.0279,234480.72,272134.335
600467.SH,20250520,2.37,2.38,2.34,2.38,2.37,0.4219,420870.42,99646.353
600468.SH,20250520,6.07,6.09,5.8,6.09,5.54,9.9278,876959.03,525442.904
600469.SH,20250520,5.66,5.67,5.6,5.66,5.68,-0.3521,37366.5,21041.981
600470.SH,20250520,6.03,6.36,5.98,6.08,6.03,0.8292,591686.87,363784.309
600475.SH,20250520,10.17,10.24,10.01,10.08,10.17,-0.885,82913.47,83889.516
600476.SH,20250520,16.63,17.48,16.52,17.29,16.72,3.4091,133060.11,227822.555
600477.SH,20250520,2.63,2.64,2.6,2.62,2.62,0.0,180163.96,47133.596
600478.SH,20250520,4.86,4.89,4.83,4.87,4.86,0.2058,190618.88,92567.162
600479.SH,20250520,10.45,10.59,10.45,10.58,10.47,1.0506,64213.37,67762.383
600480.SH,20250520,15.81,16.04,15.51,15.88,15.55,2.1222,269957.18,426350.081
600481.SH,20250520,4.63,4.65,4.56,4.63,4.62,0.2165,162167.5,74803.411
600482.SH,20250520,21.79,21.86,21.52,21.6,21.8,-0.9174,84168.03,181987.785
600483.SH,20250520,9.69,9.75,9.66,9.73,9.71,0.206,125804.31,122066.649
600486.SH,20250520,51.36,52.18,51.15,51.67,51.36,0.6036,18988.22,98045.334
600487.SH,20250520,15.26,15.38,15.16,15.35,15.29,0.3924,219851.6,335910.59
600488.SH,20250520,4.17,4.23,4.17,4.18,4.17,0.2398,42434.82,17787.4
600489.SH,20250520,13.4,13.68,13.37,13.55,13.4,1.1194,543058.79,736465.063
600490.SH,20250520,4.33,4.47,4.33,4.38,4.34,0.9217,636908.0,281084.683
600491.SH,20250520,3.94,3.95,3.88,3.93,3.93,0.0,167742.0,65584.909
600493.SH,20250520,5.82,5.94,5.7,5.81,5.79,0.3454,193259.94,111955.991
600495.SH,20250520,4.23,4.23,4.17,4.22,4.23,-0.2364,144892.41,60805.948
600496.SH,20250520,3.2,3.22,3.18,3.22,3.2,0.625,141396.98,45255.645
600497.SH,20250520,5.22,5.24,5.2,5.23,5.24,-0.1908,328928.9,171664.464
600498.SH,20250520,20.82,21.12,20.65,21.0,20.84,0.7678,122610.49,256826.335
600499.SH,20250520,10.35,10.39,10.18,10.32,10.32,0.0,190774.69,195951.008
600500.SH,20250520,4.0,4.04,3.97,3.97,4.01,-0.9975,379058.8,151247.363
600501.SH,20250520,20.62,21.2,20.28,20.68,21.17,-2.3146,280936.83,581215.607
600502.SH,20250520,4.7,4.71,4.66,4.68,4.68,0.0,111014.23,51919.706
600503.SH,20250520,2.77,2.81,2.72,2.78,2.79,-0.3584,462999.0,127392.45
600505.SH,20250520,15.03,16.67,14.92,16.67,15.15,10.033,698921.47,1113355.045
600506.SH,20250520,19.73,20.35,19.73,20.07,19.72,1.7748,119067.13,239069.512
600507.SH,20250520,4.41,4.41,4.35,4.37,4.4,-0.6818,132688.16,57992.502
600508.SH,20250520,11.47,11.47,11.36,11.4,11.43,-0.2625,20638.15,23530.292
600509.SH,20250520,6.88,6.92,6.84,6.89,6.89,0.0,279427.03,192311.457
600510.SH,20250520,5.05,5.08,4.99,5.03,5.05,-0.396,108681.0,54527.739
600511.SH,20250520,29.95,30.47,29.85,30.37,29.87,1.6739,53610.5,162173.371
600512.SH,20250520,2.29,2.3,2.26,2.29,2.29,0.0,207261.0,47114.197
600513.SH,20250520,9.26,9.42,9.26,9.37,9.26,1.1879,73473.84,68718.725
600515.SH,20250520,3.56,3.57,3.53,3.55,3.55,0.0,291746.9,103521.475
600516.SH,20250520,4.73,4.74,4.68,4.7,4.73,-0.6342,184954.55,86919.277
600517.SH,20250520,4.91,4.94,4.9,4.93,4.92,0.2033,139718.25,68791.229
600518.SH,20250520,1.99,2.02,1.98,2.01,1.98,1.5152,1952236.67,391235.834
600519.SH,20250520,1580.0,1594.8,1575.1,1586.0,1578.98,0.4446,19521.53,3095742.637
600520.SH,20250520,30.59,31.24,29.83,30.13,29.4,2.483,127489.01,388274.537
600521.SH,20250520,14.97,15.62,14.97,15.62,14.2,10.0,363512.79,564551.751
600522.SH,20250520,13.71,13.79,13.6,13.74,13.76,-0.1453,237346.18,325008.525
600523.SH,20250520,15.4,15.61,14.47,14.51,15.8,-8.1646,407152.42,605623.21
600525.SH,20250520,3.35,3.44,3.32,3.42,3.35,2.0896,186269.51,63087.995
600526.SH,20250520,4.87,4.91,4.83,4.89,4.87,0.4107,65546.0,31898.583
600527.SH,20250520,2.3,2.38,2.28,2.31,2.34,-1.2821,1320029.8,304814.154
600528.SH,20250520,7.45,7.49,7.42,7.45,7.46,-0.134,144684.1,107725.364
600529.SH,20250520,21.81,21.86,21.68,21.73,21.78,-0.2296,69845.95,151870.807
600530.SH,20250520,8.0,8.7,7.69,8.14,7.92,2.7778,821761.81,677316.09
600531.SH,20250520,6.98,7.02,6.95,6.99,6.99,0.0,190241.55,132948.057
600533.SH,20250520,2.38,2.39,2.33,2.35,2.37,-0.8439,161086.0,37887.753
600535.SH,20250520,15.89,16.15,15.89,15.98,15.91,0.44,116335.06,186001.247
600536.SH,20250520,44.8,45.09,44.55,44.98,44.82,0.357,84430.88,378744.005
600537.SH,20250520,2.96,2.98,2.93,2.97,2.96,0.3378,174042.0,51464.234
600538.SH,20250520,5.76,5.8,5.68,5.76,5.72,0.6993,68201.02,39105.598
600539.SH,20250520,12.21,12.32,11.63,11.94,12.31,-3.0057,166317.0,197710.852
600540.SH,20250520,4.81,4.91,4.78,4.83,4.8,0.625,281586.6,136345.683
600543.SH,20250520,5.4,5.63,5.36,5.56,5.4,2.963,128583.0,70846.151
600545.SH,20250520,2.3,2.32,2.27,2.3,2.31,-0.4329,209690.67,48124.867
600546.SH,20250520,9.44,9.45,9.4,9.45,9.44,0.1059,97195.82,91602.002
600547.SH,20250520,29.18,29.79,29.1,29.35,29.21,0.4793,228788.93,674370.678
600548.SH,20250520,11.41,11.46,11.34,11.35,11.39,-0.3512,23549.84,26820.996
600549.SH,20250520,20.08,20.2,19.86,19.91,20.08,-0.8466,247109.6,493382.752
600550.SH,20250520,8.93,9.41,8.83,9.41,8.55,10.0585,1683210.13,1543223.405
600551.SH,20250520,7.84,8.0,7.81,7.98,7.82,2.046,59582.8,47186.703
600552.SH,20250520,11.81,11.85,11.45,11.61,11.75,-1.1915,325139.22,376540.21
600556.SH,20250520,4.78,4.93,4.74,4.9,4.78,2.5105,516050.98,251415.173
600557.SH,20250520,12.76,12.97,12.76,12.94,12.77,1.3312,87151.0,112489.168
600558.SH,20250520,5.23,5.33,5.14,5.19,5.26,-1.3308,689313.74,358222.254
600559.SH,20250520,17.44,17.54,17.41,17.45,17.45,0.0,90430.93,157904.83
600560.SH,20250520,15.7,15.85,15.61,15.84,15.78,0.3802,36764.0,58010.097
600561.SH,20250520,6.24,6.29,6.2,6.29,6.23,0.9631,47530.0,29720.125
600562.SH,20250520,24.75,25.09,23.88,24.0,25.0,-4.0,276145.89,667743.481
600563.SH,20250520,103.99,106.48,103.76,105.49,103.95,1.4815,17784.92,187260.057
600566.SH,20250520,27.23,27.47,27.23,27.35,27.21,0.5145,37125.9,101687.887
600567.SH,20250520,1.78,1.8,1.76,1.78,1.78,0.0,775434.02,137981.904
600568.SH,20250520,1.49,1.51,1.46,1.46,1.47,-0.6803,246081.95,36420.235
600569.SH,20250520,1.92,1.96,1.92,1.94,1.92,1.0417,229386.56,44495.544
600570.SH,20250520,26.25,26.34,26.05,26.23,26.13,0.3827,120368.02,315400.976
600571.SH,20250520,15.37,15.48,15.17,15.44,15.37,0.4554,202372.0,310454.873
600572.SH,20250520,4.43,4.5,4.43,4.45,4.43,0.4515,234739.56,104633.464
600573.SH,20250520,11.75,11.94,11.72,11.93,11.78,1.2733,50756.5,60230.906
600575.SH,20250520,3.91,3.94,3.83,3.88,3.9,-0.5128,1153664.01,445299.946
600576.SH,20250520,10.26,10.65,10.2,10.55,10.29,2.5267,144788.09,152133.343
600577.SH,20250520,7.43,7.57,7.37,7.4,7.48,-1.0695,540705.29,401969.082
600578.SH,20250520,4.4,4.49,4.38,4.48,4.4,1.8182,580295.42,257626.131
600579.SH,20250520,7.68,8.01,7.66,7.87,7.68,2.474,180057.0,141059.947
600580.SH,20250520,24.68,24.97,24.31,24.72,24.68,0.1621,386273.46,954816.588
600581.SH,20250520,3.32,3.35,3.26,3.28,3.32,-1.2048,201835.0,66412.321
600582.SH,20250520,6.21,6.25,6.2,6.24,6.22,0.3215,216616.4,134920.004
600583.SH,20250520,5.2,5.32,5.18,5.28,5.2,1.5385,529038.35,277879.427
600584.SH,20250520,33.5,33.59,33.3,33.34,33.46,-0.3586,162445.82,542926.938
600585.SH,20250520,23.54,23.59,23.37,23.46,23.48,-0.0852,144362.48,338922.749
600586.SH,20250520,4.82,4.85,4.8,4.83,4.84,-0.2066,94665.82,45653.358
600587.SH,20250520,15.31,15.46,15.31,15.4,15.34,0.3911,56894.0,87700.979
600588.SH,20250520,13.26,13.4,13.16,13.34,13.3,0.3008,202786.51,269728.388
600589.SH,20250520,7.52,8.3,7.35,7.9,7.59,4.0843,2135205.88,1679940.729
600590.SH,20250520,9.08,9.14,8.91,9.03,9.09,-0.6601,237939.53,214321.517
600592.SH,20250520,26.5,26.85,25.15,25.6,26.74,-4.2633,558056.51,1445204.406
600593.SH,20250520,31.8,32.2,31.2,31.4,32.22,-2.545,104848.0,332350.091
600594.SH,20250520,3.82,3.89,3.82,3.87,3.81,1.5748,146950.0,56654.401
600595.SH,20250520,3.78,3.82,3.72,3.8,3.79,0.2639,370377.64,139831.55
600596.SH,20250520,8.15,8.18,8.03,8.07,8.15,-0.9816,139958.46,113055.573
600597.SH,20250520,8.49,8.65,8.48,8.59,8.5,1.0588,161667.82,138802.722
600598.SH,20250520,15.17,15.26,15.12,15.19,15.17,0.1318,231816.0,352259.733
600599.SH,20250520,7.5,7.7,7.41,7.55,7.47,1.071,62418.09,47207.427
600600.SH,20250520,72.33,73.19,72.33,72.86,72.33,0.7328,68941.65,502408.89
600601.SH,20250520,4.36,4.41,4.33,4.39,4.38,0.2283,389179.61,170340.02
600602.SH,20250520,21.47,21.75,21.28,21.53,21.61,-0.3702,230381.4,496201.885
600603.SH,20250520,7.29,7.36,7.27,7.32,7.33,-0.1364,34062.0,24901.263
600604.SH,20250520,4.53,4.54,4.45,4.47,4.51,-0.8869,136635.99,61224.276
600605.SH,20250520,35.95,36.11,35.55,35.6,36.08,-1.3304,22783.0,81340.914
600606.SH,20250520,1.75,1.75,1.72,1.73,1.75,-1.1429,533378.82,92386.557
600608.SH,20250520,3.55,3.7,3.55,3.56,3.55,0.2817,66310.66,23890.311
600609.SH,20250520,5.52,5.78,5.46,5.75,5.54,3.7906,289525.52,163299.111
600610.SH,20250520,16.7,17.43,15.11,16.64,16.07,3.547,1871507.79,3076441.757
600611.SH,20250520,6.4,6.44,6.32,6.38,6.3,1.2698,448806.02,286052.749
600612.SH,20250520,48.35,49.34,48.17,49.12,48.36,1.5715,22646.74,110848.374
600613.SH,20250520,6.32,6.44,6.32,6.43,6.38,0.7837,69870.2,44717.595
600615.SH,20250520,11.05,11.3,10.85,11.23,11.05,1.629,92533.2,103096.439
600616.SH,20250520,5.75,5.86,5.69,5.8,5.75,0.8696,180793.3,104704.91
600617.SH,20250520,2.66,2.66,2.62,2.63,2.65,-0.7547,87818.0,23158.815
600618.SH,20250520,9.59,9.64,9.5,9.55,9.64,-0.9336,77257.0,73709.932
600619.SH,20250520,11.77,11.98,11.65,11.97,11.86,0.9275,293734.0,349330.078
600620.SH,20250520,5.3,5.34,5.22,5.26,5.28,-0.3788,44704.02,23482.974
600621.SH,20250520,14.0,14.05,13.86,13.9,13.93,-0.2154,130238.0,181246.37
600622.SH,20250520,2.91,2.92,2.84,2.89,2.91,-0.6873,356791.73,102476.989
600623.SH,20250520,7.25,7.28,7.18,7.27,7.25,0.2759,114501.3,82792.276
600624.SH,20250520,6.98,7.1,6.9,7.04,6.9,2.029,255737.77,179254.228
600626.SH,20250520,3.56,3.59,3.51,3.58,3.54,1.1299,120630.11,42871.402
600628.SH,20250520,7.43,7.67,7.42,7.62,7.44,2.4194,210129.0,158858.765
600629.SH,20250520,8.92,8.95,8.72,8.87,8.91,-0.4489,354828.05,313430.124
600630.SH,20250520,8.7,8.81,8.63,8.81,8.69,1.3809,125658.64,109998.804
600633.SH,20250520,13.15,13.67,13.0,13.48,13.13,2.6657,379779.13,507121.783
600635.SH,20250520,3.88,3.89,3.83,3.87,3.89,-0.5141,208461.29,80449.597
600636.SH,20250520,7.9,8.13,7.9,7.96,7.98,-0.2506,99735.6,79863.679
600637.SH,20250520,7.41,7.46,7.37,7.44,7.41,0.4049,143729.15,106736.66
600638.SH,20250520,5.38,5.41,5.32,5.38,5.39,-0.1855,56796.0,30409.018
600639.SH,20250520,10.69,10.69,10.58,10.62,10.65,-0.2817,29381.66,31188.805
600640.SH,20250520,11.87,11.95,11.78,11.95,11.93,0.1676,57980.58,68822.104
600641.SH,20250520,14.14,14.49,14.0,14.35,14.13,1.557,110247.36,157663.773
600642.SH,20250520,8.96,9.03,8.94,9.02,8.95,0.7821,143896.28,129387.212
600643.SH,20250520,4.84,4.86,4.78,4.84,4.83,0.207,75884.49,36542.207
600644.SH,20250520,12.31,13.93,12.31,13.93,12.66,10.0316,983945.18,1324061.005
600645.SH,20250520,22.49,23.29,22.49,22.87,22.53,1.5091,91148.3,209569.962
600648.SH,20250520,11.2,11.22,11.14,11.2,11.23,-0.2671,27582.84,30819.893
600649.SH,20250520,4.37,4.37,4.31,4.35,4.36,-0.2294,162401.05,70366.619
600650.SH,20250520,13.83,13.88,13.72,13.74,13.82,-0.5789,49650.0,68380.469
600651.SH,20250520,4.1,4.13,4.05,4.12,4.1,0.4878,117897.0,48357.571
600653.SH,20250520,1.96,2.01,1.95,1.99,1.96,1.5306,389098.2,76995.34
600654.SH,20250520,3.11,3.13,3.08,3.13,3.12,0.3205,256195.88,79630.08
600655.SH,20250520,5.6,5.83,5.58,5.73,5.6,2.3214,238730.03,136652.187
600657.SH,20250520,4.22,4.22,4.12,4.15,4.21,-1.4252,215583.03,89498.455
600658.SH,20250520,4.78,5.01,4.64,4.73,4.55,3.956,1161452.92,563135.276
600660.SH,20250520,56.98,57.67,56.7,57.43,56.83,1.0558,71183.76,407462.153
600661.SH,20250520,10.08,10.44,9.98,10.4,10.11,2.8684,72605.26,74458.885
600662.SH,20250520,5.05,5.14,5.02,5.13,5.05,1.5842,133452.2,68078.156
600663.SH,20250520,9.05,9.06,8.96,9.01,9.03,-0.2215,39120.24,35262.299
600664.SH,20250520,3.8,3.9,3.8,3.85,3.79,1.5831,899502.45,345209.359
600665.SH,20250520,3.18,3.21,3.16,3.19,3.19,0.0,84902.0,26962.93
600666.SH,20250520,2.58,2.64,2.57,2.61,2.59,0.7722,432644.56,112838.586
600667.SH,20250520,6.48,6.52,6.46,6.51,6.49,0.3082,123990.34,80621.601
600668.SH,20250520,14.5,14.98,14.4,14.78,14.6,1.2329,188462.58,277425.207
600671.SH,20250520,13.79,14.85,13.0,13.26,13.52,-1.9231,108163.12,149615.944
600673.SH,20250520,9.97,10.0,9.88,9.95,9.95,0.0,105550.01,104887.492
600674.SH,20250520,17.21,17.65,17.17,17.5,17.19,1.8034,233362.95,408819.394
600675.SH,20250520,2.88,2.89,2.83,2.85,2.88,-1.0417,184603.1,52683.049
600676.SH,20250520,4.43,4.5,4.38,4.44,4.43,0.2257,120949.0,53583.778
600678.SH,20250520,7.92,8.28,7.82,8.14,7.93,2.6482,474712.18,383379.92
600679.SH,20250520,13.74,15.11,13.61,14.34,13.74,4.3668,490218.52,708202.526
600681.SH,20250520,3.54,3.56,3.52,3.53,3.55,-0.5634,56336.4,19895.711
600682.SH,20250520,6.65,6.78,6.64,6.72,6.67,0.7496,135903.52,91363.352
600683.SH,20250520,3.94,3.94,3.86,3.9,3.93,-0.7634,73627.0,28668.052
600684.SH,20250520,3.56,3.58,3.52,3.56,3.56,0.0,98460.0,34878.534
600685.SH,20250520,24.99,25.11,24.56,24.61,24.92,-1.244,111552.8,275816.273
600686.SH,20250520,12.93,13.08,12.6,13.03,12.93,0.7734,172510.47,221875.503
600688.SH,20250520,2.9,2.9,2.87,2.88,2.9,-0.6897,285286.59,82278.431
600689.SH,20250520,12.13,12.46,11.91,12.38,12.06,2.6534,83528.0,102198.184
600690.SH,20250520,25.73,26.39,25.6,26.3,25.72,2.2551,407393.72,1063160.495
600691.SH,20250520,2.26,2.28,2.21,2.22,2.26,-1.7699,263207.01,58678.88
600692.SH,20250520,6.93,7.05,6.88,7.05,6.94,1.585,74811.19,52199.428
600693.SH,20250520,6.73,6.84,6.65,6.74,6.79,-0.7364,517955.0,349273.955
600694.SH,20250520,24.88,25.22,24.52,25.16,24.94,0.8821,56623.77,141210.336
600696.SH,20250520,6.36,6.68,6.31,6.68,6.36,5.0314,76714.27,50083.498
600697.SH,20250520,12.45,12.58,12.36,12.46,12.29,1.3832,118541.44,147548.743
600698.SH,20250520,8.03,8.03,8.03,8.03,7.3,10.0,74205.97,59587.394
600699.SH,20250520,19.11,19.5,18.52,19.0,19.44,-2.2634,918365.14,1737026.32
600702.SH,20250520,54.75,55.05,54.48,54.83,54.73,0.1827,35222.94,192980.974
600703.SH,20250520,12.63,12.77,12.58,12.69,12.63,0.4751,278138.46,353440.835
600704.SH,20250520,5.36,5.38,5.33,5.37,5.36,0.1866,327669.28,175507.839
600706.SH,20250520,9.2,9.4,9.17,9.34,9.2,1.5217,82210.85,76283.757
600707.SH,20250520,6.66,6.69,6.62,6.67,6.67,0.0,126166.0,84006.146
600708.SH,20250520,3.36,3.37,3.31,3.33,3.36,-0.8929,178667.07,59579.174
600710.SH,20250520,9.57,9.67,9.51,9.65,9.57,0.8359,94603.8,90797.056
600711.SH,20250520,5.48,5.61,5.47,5.59,5.48,2.0073,454533.24,253108.379
600712.SH,20250520,5.71,5.83,5.66,5.81,5.74,1.2195,217427.01,125348.575
600713.SH,20250520,5.16,5.19,5.15,5.18,5.16,0.3876,76971.5,39835.946
600714.SH,20250520,10.92,10.97,10.78,10.94,10.94,0.0,50810.01,55249.611
600715.SH,20250520,2.3,2.37,2.29,2.35,2.32,1.2931,407375.22,95028.394
600716.SH,20250520,3.58,3.58,3.52,3.57,3.58,-0.2793,80272.0,28504.555
600717.SH,20250520,4.94,4.94,4.71,4.75,4.94,-3.8462,667851.15,317552.11
600718.SH,20250520,9.95,10.04,9.86,9.97,9.97,0.0,158171.12,157419.575
600719.SH,20250520,7.06,7.16,6.95,7.16,7.09,0.9873,237460.02,167855.679
600720.SH,20250520,8.24,8.25,8.16,8.18,8.24,-0.7282,97354.73,79644.568
600721.SH,20250520,7.2,7.5,7.2,7.34,7.2,1.9444,275439.0,201968.235
600722.SH,20250520,5.31,5.32,5.22,5.3,5.32,-0.3759,115320.0,60818.724
600724.SH,20250520,4.67,4.88,4.61,4.81,4.65,3.4409,267933.01,127416.901
600725.SH,20250520,3.34,3.38,3.31,3.37,3.34,0.8982,197792.2,66160.608
600726.SH,20250520,2.48,2.53,2.45,2.53,2.48,2.0161,787520.73,196199.289
600727.SH,20250520,8.0,8.03,7.85,7.87,7.97,-1.2547,245015.01,194025.004
600728.SH,20250520,5.42,5.44,5.38,5.41,5.44,-0.5515,287750.0,155665.822
600729.SH,20250520,31.22,32.44,31.02,31.76,31.2,1.7949,57584.78,183399.302
600730.SH,20250520,6.34,6.35,6.26,6.32,6.32,0.0,72505.2,45594.024
600731.SH,20250520,6.54,6.55,6.46,6.5,6.52,-0.3067,76403.1,49624.962
600732.SH,20250520,11.55,11.77,11.35,11.59,11.54,0.4333,297938.81,346144.895
600733.SH,20250520,7.41,7.47,7.38,7.46,7.42,0.5391,607263.29,451087.468
600734.SH,20250520,4.2,4.21,4.06,4.12,4.15,-0.7229,769642.22,316806.815
600735.SH,20250520,7.72,7.8,7.5,7.69,7.9,-2.6582,473524.28,362309.483
600736.SH,20250520,5.54,5.57,5.5,5.55,5.55,0.0,112495.2,62240.504
600737.SH,20250520,9.31,9.34,9.29,9.32,9.31,0.1074,126005.89,117404.929
600738.SH,20250520,5.06,5.43,5.05,5.33,5.11,4.3053,655179.63,345174.265
600739.SH,20250520,10.77,10.84,10.76,10.77,10.81,-0.37,96119.82,103787.26
600740.SH,20250520,3.64,3.64,3.59,3.62,3.63,-0.2755,103024.24,37163.185
600741.SH,20250520,18.61,18.73,18.48,18.65,18.6,0.2688,92599.25,172404.993
600742.SH,20250520,9.97,10.03,9.91,10.0,9.97,0.3009,67297.7,67077.429
600743.SH,20250520,2.05,2.1,2.01,2.02,1.99,1.5075,1093411.1,224384.508
600744.SH,20250520,4.88,5.36,4.79,5.28,4.89,7.9755,3100803.75,1577859.421
600745.SH,20250520,33.71,36.18,33.68,35.13,34.0,3.3235,231660.59,814588.831
600746.SH,20250520,8.46,8.52,8.33,8.35,8.46,-1.3002,157151.58,131630.274
600748.SH,20250520,3.23,3.24,3.18,3.21,3.23,-0.6192,78745.96,25232.62
600749.SH,20250520,11.28,11.35,11.23,11.34,11.23,0.9795,47541.0,53750.829
600750.SH,20250520,22.99,23.38,22.99,23.29,22.98,1.349,49101.0,114228.327
600751.SH,20250520,2.99,3.0,2.9,2.92,3.0,-2.6667,631527.72,184635.195
600753.SH,20250520,6.16,6.45,6.1,6.31,6.16,2.4351,33833.91,21169.4
600754.SH,20250520,23.95,24.14,23.91,24.05,23.96,0.3756,76526.48,184012.183
600755.SH,20250520,6.38,6.41,6.33,6.35,6.37,-0.314,138919.68,88523.639
600756.SH,20250520,14.5,15.17,14.31,14.96,14.5,3.1724,214624.06,319119.876
600757.SH,20250520,9.56,9.7,9.54,9.67,9.56,1.1506,78600.51,75856.152
600758.SH,20250520,3.8,3.84,3.73,3.76,3.76,0.0,286042.01,107463.825
600759.SH,20250520,2.13,2.13,2.11,2.12,2.13,-0.4695,466210.3,98872.775
600760.SH,20250520,47.29,48.2,46.4,47.68,47.69,-0.021,303367.25,1427007.673
600761.SH,20250520,16.43,16.68,16.32,16.66,16.43,1.3999,87592.03,144807.294
600763.SH,20250520,40.51,42.25,40.51,41.86,40.58,3.1543,125585.1,523249.938
600764.SH,20250520,28.2,28.35,27.91,28.18,28.24,-0.2125,34519.6,97208.37
600765.SH,20250520,16.21,16.25,16.04,16.16,16.26,-0.615,139522.48,225198.605
600768.SH,20250520,10.9,10.9,10.5,10.85,10.67,1.687,47280.0,50875.681
600769.SH,20250520,10.99,11.47,10.93,11.32,10.98,3.0965,102021.17,114664.195
600770.SH,20250520,6.24,6.24,6.24,6.24,5.67,10.0529,70364.01,43907.142
600771.SH,20250520,20.88,21.6,20.78,21.34,20.79,2.6455,130463.08,276374.361
600773.SH,20250520,9.02,9.12,8.96,9.06,9.09,-0.33,64207.58,57931.873
600774.SH,20250520,8.49,8.82,8.49,8.62,8.52,1.1737,154308.3,133630.913
600775.SH,20250520,10.05,10.11,9.97,10.11,10.13,-0.1974,153550.54,154133.557
600776.SH,20250520,10.54,10.63,10.46,10.62,10.55,0.6635,59670.38,63065.732
600778.SH,20250520,6.54,6.72,6.49,6.69,6.52,2.6074,227924.0,150939.686
600779.SH,20250520,45.82,46.08,45.55,45.88,45.84,0.0873,15268.0,70037.921
600780.SH,20250520,5.99,6.03,5.96,6.02,5.99,0.5008,99613.89,59763.25
600782.SH,20250520,3.97,3.99,3.91,3.97,3.97,0.0,281708.0,111126.751
600783.SH,20250520,12.48,12.5,12.29,12.38,12.4,-0.1613,72715.38,90105.139
600784.SH,20250520,6.12,6.17,6.09,6.15,6.11,0.6547,65703.0,40291.942
600785.SH,20250520,12.52,12.65,12.46,12.54,12.5,0.32,81714.0,102692.689
600787.SH,20250520,5.81,5.84,5.77,5.84,5.81,0.5164,377577.52,219393.114
600789.SH,20250520,10.56,10.99,10.56,10.72,10.66,0.5629,1091571.11,1179671.829
600790.SH,20250520,3.74,3.76,3.7,3.72,3.74,-0.5348,156493.01,58169.84
600791.SH,20250520,4.55,4.62,4.45,4.6,4.52,1.7699,149045.28,67804.496
600792.SH,20250520,3.35,3.36,3.28,3.3,3.32,-0.6024,122254.0,40330.889
600793.SH,20250520,26.0,27.72,26.0,27.72,25.2,10.0,235304.26,636093.932
600794.SH,20250520,4.41,4.44,4.28,4.33,4.47,-3.132,1095917.24,474878.357
600795.SH,20250520,4.61,4.72,4.6,4.72,4.6,2.6087,2142689.01,1001692.388
600796.SH,20250520,5.77,5.81,5.73,5.81,5.77,0.6932,54365.45,31441.407
600797.SH,20250520,10.15,10.52,10.01,10.43,10.15,2.7586,717552.42,739473.622
600798.SH,20250520,5.42,5.42,4.45,4.53,4.93,-8.1136,3835958.35,1902394.675
600800.SH,20250520,3.79,4.18,3.77,4.09,3.8,7.6316,1642559.92,657931.431
600801.SH,20250520,12.54,12.69,12.54,12.59,12.57,0.1591,74201.8,93571.637
600802.SH,20250520,4.47,4.5,4.42,4.47,4.48,-0.2232,50416.6,22461.503
600803.SH,20250520,19.53,19.63,19.43,19.5,19.46,0.2055,65574.63,128235.877
600805.SH,20250520,5.0,5.06,4.97,5.05,5.02,0.5976,202216.5,101548.168
600807.SH,20250520,2.98,3.29,2.95,3.29,2.99,10.0334,339899.01,110227.892
600808.SH,20250520,3.06,3.11,3.02,3.09,3.07,0.6515,546516.0,167852.108
600809.SH,20250520,199.66,201.4,198.5,198.5,200.1,-0.7996,47486.32,947280.092
600810.SH,20250520,9.45,9.88,9.36,9.45,9.52,-0.7353,421242.03,402185.856
600812.SH,20250520,6.01,6.19,6.0,6.08,6.03,0.8292,175522.8,106935.187
600814.SH,20250520,8.18,8.35,8.18,8.33,8.22,1.3382,135073.45,112069.714
600815.SH,20250520,2.75,2.77,2.71,2.76,2.75,0.3636,147324.59,40379.609
600816.SH,20250520,2.75,2.75,2.72,2.73,2.74,-0.365,224025.74,61190.453
600817.SH,20250520,11.39,11.43,11.3,11.43,11.36,0.6162,20121.28,22919.414
600818.SH,20250520,11.26,11.48,11.06,11.44,11.26,1.5986,78944.12,89161.326
600819.SH,20250520,5.44,5.57,5.37,5.55,5.44,2.0221,138701.84,76007.628
600820.SH,20250520,6.08,6.09,6.0,6.02,6.08,-0.9868,287596.12,173508.99
600821.SH,20250520,5.54,5.6,5.52,5.6,5.53,1.2658,168270.2,93637.198
600822.SH,20250520,10.86,11.38,10.66,11.24,10.87,3.4039,278296.02,308182.207
600824.SH,20250520,4.44,4.49,4.41,4.46,4.45,0.2247,317257.0,141146.946
600825.SH,20250520,7.0,7.09,6.93,7.06,6.98,1.1461,199727.9,140368.944
600826.SH,20250520,7.86,8.11,7.86,8.09,7.87,2.7954,117259.84,94150.309
600827.SH,20250520,9.4,9.45,9.34,9.39,9.4,-0.1064,78734.31,73969.396
600828.SH,20250520,4.23,4.45,4.2,4.21,4.26,-1.1737,414534.54,176554.526
600829.SH,20250520,7.33,7.44,7.33,7.43,7.35,1.0884,43707.49,32380.531
600830.SH,20250520,8.99,9.1,8.97,9.01,8.97,0.4459,70386.0,63484.329
600831.SH,20250520,3.01,3.07,3.0,3.02,3.01,0.3322,130433.01,39560.306
600833.SH,20250520,12.33,13.5,12.25,12.75,12.29,3.7429,123376.55,157385.556
600834.SH,20250520,8.24,8.27,8.16,8.2,8.22,-0.2433,25362.0,20795.428
600835.SH,20250520,21.86,22.04,21.52,21.88,21.98,-0.455,150691.98,328958.812
600838.SH,20250520,8.54,8.89,8.52,8.85,8.59,3.0268,172679.01,151392.829
600839.SH,20250520,10.49,10.61,10.38,10.56,10.51,0.4757,963138.26,1013190.662
600841.SH,20250520,5.74,5.82,5.7,5.76,5.74,0.3484,122378.0,70435.275
600843.SH,20250520,12.14,12.26,12.0,12.2,12.4,-1.6129,373184.81,452844.244
600844.SH,20250520,3.32,3.33,3.26,3.3,3.3,0.0,381418.02,125546.597
600845.SH,20250520,26.22,26.28,26.05,26.19,26.19,0.0,87962.48,230341.213
600846.SH,20250520,9.4,9.46,9.32,9.35,9.38,-0.3198,45637.0,42809.262
600847.SH,20250520,10.34,10.49,10.18,10.46,10.27,1.85,22734.0,23567.681
600848.SH,20250520,9.08,9.08,9.02,9.06,9.07,-0.1103,80739.71,73035.875
600850.SH,20250520,23.88,23.94,23.65,23.82,23.89,-0.293,39130.93,93155.512
600851.SH,20250520,6.54,6.65,6.54,6.63,6.54,1.3761,94644.0,62530.002
600853.SH,20250520,3.69,3.71,3.68,3.7,3.7,0.0,169127.96,62498.4
600854.SH,20250520,5.01,5.13,4.97,5.04,5.01,0.5988,92175.14,46251.817
600855.SH,20250520,12.73,12.92,12.38,12.55,12.93,-2.9389,425269.62,534558.317
600857.SH,20250520,10.24,10.27,9.97,10.09,10.15,-0.5911,98703.0,99580.913
600858.SH,20250520,5.52,5.59,5.45,5.57,5.53,0.7233,160248.46,88716.28
600859.SH,20250520,14.14,14.27,14.08,14.19,14.13,0.4246,286099.89,405547.236
600860.SH,20250520,12.28,13.42,12.1,12.93,12.2,5.9836,433659.01,560931.89
600861.SH,20250520,20.59,21.27,20.44,21.03,20.56,2.286,32866.0,68984.589
600862.SH,20250520,23.58,23.62,23.27,23.48,23.57,-0.3818,114372.63,267510.507
600863.SH,20250520,4.05,4.07,4.04,4.06,4.04,0.495,427809.26,173483.729
600864.SH,20250520,5.85,5.91,5.82,5.89,5.86,0.5119,189075.1,110845.088
600865.SH,20250520,9.51,9.73,9.5,9.55,9.59,-0.4171,148570.19,141977.773
600866.SH,20250520,7.36,7.54,7.36,7.46,7.36,1.3587,294528.82,219946.746
600867.SH,20250520,7.71,7.79,7.7,7.72,7.73,-0.1294,103567.36,80046.634
600868.SH,20250520,2.94,2.97,2.92,2.97,2.93,1.3652,358859.98,105866.512
600869.SH,20250520,5.0,5.0,4.9,4.93,4.99,-1.2024,211559.58,104406.814
600871.SH,20250520,1.88,1.89,1.86,1.88,1.88,0.0,629413.85,118031.298
600872.SH,20250520,19.46,19.79,19.37,19.65,19.46,0.9764,120041.24,235416.972
600873.SH,20250520,11.18,11.21,10.97,11.13,11.16,-0.2688,195229.27,216919.53
600874.SH,20250520,5.89,5.91,5.85,5.9,5.87,0.5111,61197.83,36040.473
600875.SH,20250520,16.21,16.28,16.11,16.14,16.2,-0.3704,153269.0,247983.292
600876.SH,20250520,9.8,9.82,9.69,9.75,9.79,-0.4086,19998.1,19447.786
600877.SH,20250520,12.15,12.28,12.07,12.22,12.13,0.742,63929.64,77914.807
600879.SH,20250520,9.14,9.16,8.92,8.99,9.19,-2.1763,825302.77,744547.422
600880.SH,20250520,4.59,4.64,4.55,4.63,4.57,1.3129,159249.07,73325.881
600881.SH,20250520,1.86,1.97,1.82,1.97,1.79,10.0559,2372110.86,456143.97
600882.SH,20250520,26.92,27.78,26.92,27.18,27.18,0.0,138523.52,379327.955
600883.SH,20250520,7.84,7.95,7.81,7.88,7.83,0.6386,104995.01,82656.105
600884.SH,20250520,7.65,7.73,7.57,7.68,7.69,-0.13,370422.98,284120.146
600885.SH,20250520,32.47,33.85,32.21,33.15,32.36,2.4413,72819.61,240860.257
600886.SH,20250520,15.48,15.99,15.48,15.9,15.48,2.7132,452389.13,717402.422
600887.SH,20250520,29.97,30.86,29.88,30.6,29.94,2.2044,500705.34,1526800.242
600888.SH,20250520,6.88,6.89,6.85,6.88,6.89,-0.1451,76521.98,52584.216
600889.SH,20250520,17.48,17.52,16.74,16.82,17.51,-3.9406,248598.35,418999.126
600892.SH,20250520,3.11,3.18,3.02,3.13,3.03,3.3003,313745.0,97902.945
600893.SH,20250520,34.11,34.18,33.7,34.06,34.11,-0.1466,114753.01,389350.714
600894.SH,20250520,10.57,10.69,10.49,10.65,10.58,0.6616,45131.13,47840.302
600895.SH,20250520,25.56,25.66,25.33,25.57,25.62,-0.1952,103778.44,264791.58
600897.SH,20250520,14.63,14.63,14.52,14.57,14.61,-0.2738,15999.88,23305.787
600900.SH,20250520,30.48,30.94,30.48,30.68,30.47,0.6892,605876.16,1863321.473
600901.SH,20250520,5.76,5.79,5.7,5.74,5.75,-0.1739,224935.37,129106.149
600903.SH,20250520,7.0,7.03,6.94,7.03,7.02,0.1425,91338.0,63785.249
600905.SH,20250520,4.41,4.43,4.36,4.38,4.4,-0.4545,957574.82,419184.844
600906.SH,20250520,6.54,6.63,6.51,6.62,6.55,1.0687,171954.0,113034.84
600908.SH,20250520,5.78,5.84,5.76,5.78,5.77,0.1733,181202.0,105124.678
600909.SH,20250520,5.58,5.6,5.55,5.58,5.58,0.0,197225.89,109957.897
600916.SH,20250520,8.28,8.34,8.26,8.33,8.28,0.6039,161406.39,134271.683
600917.SH,20250520,5.67,5.69,5.64,5.66,5.69,-0.5272,35151.0,19899.909
600918.SH,20250520,6.19,6.21,6.15,6.19,6.18,0.1618,151526.0,93641.066
600919.SH,20250520,10.74,10.87,10.68,10.71,10.71,0.0,879773.53,945781.75
600925.SH,20250520,5.09,5.1,5.06,5.08,5.09,-0.1965,57893.09,29395.38
600926.SH,20250520,15.2,15.34,15.15,15.17,15.15,0.132,610268.05,929190.042
600927.SH,20250520,12.71,12.75,12.58,12.63,12.7,-0.5512,21668.0,27378.381
600928.SH,20250520,3.7,3.72,3.65,3.68,3.69,-0.271,271344.1,99805.665
600929.SH,20250520,5.15,5.17,5.14,5.17,5.15,0.3883,63771.0,32873.236
600933.SH,20250520,16.56,16.75,16.23,16.67,16.53,0.8469,106707.54,176632.356
600935.SH,20250520,2.4,2.42,2.38,2.4,2.41,-0.4149,172061.0,41240.867
600936.SH,20250520,4.04,4.07,3.93,3.99,4.05,-1.4815,260352.0,103492.51
600938.SH,20250520,25.11,25.25,25.11,25.23,25.09,0.558,178864.86,450453.239
600939.SH,20250520,3.08,3.1,3.01,3.06,3.06,0.0,284195.0,86487.958
600941.SH,20250520,114.54,116.0,114.49,115.5,114.25,1.0941,97545.93,1127459.678
600955.SH,20250520,13.56,13.57,13.4,13.41,13.55,-1.0332,19968.0,26855.057
600956.SH,20250520,8.0,8.08,7.92,8.06,7.99,0.8761,91316.52,73337.44
600958.SH,20250520,9.44,9.45,9.36,9.42,9.41,0.1063,205971.45,193727.237
600959.SH,20250520,3.29,3.31,3.28,3.3,3.29,0.304,192120.0,63276.356
600960.SH,20250520,4.2,4.29,4.17,4.27,4.18,2.1531,188077.0,79886.94
600961.SH,20250520,10.36,10.51,10.2,10.25,10.4,-1.4423,134959.01,138803.231
600962.SH,20250520,14.54,15.0,14.4,14.87,14.55,2.1993,59420.0,87623.127
600963.SH,20250520,4.48,4.57,4.46,4.51,4.47,0.8949,211749.4,95591.748
600965.SH,20250520,5.21,5.3,5.19,5.28,5.19,1.7341,141441.0,74377.477
600966.SH,20250520,4.65,4.76,4.58,4.6,4.67,-1.4989,206333.63,95733.256
600967.SH,20250520,11.61,11.8,11.54,11.74,11.69,0.4277,251766.18,294928.917
600968.SH,20250520,3.94,3.95,3.91,3.91,3.93,-0.5089,227741.0,89259.409
600969.SH,20250520,7.74,8.09,7.65,7.98,7.74,3.1008,357216.38,279661.981
600970.SH,20250520,9.31,9.33,9.27,9.31,9.28,0.3233,70246.3,65335.041
600971.SH,20250520,7.02,7.03,6.99,7.0,7.03,-0.4267,63891.22,44752.284
600973.SH,20250520,4.86,5.02,4.83,4.9,4.91,-0.2037,361112.25,177178.25
600975.SH,20250520,6.06,6.13,6.06,6.12,6.06,0.9901,190656.04,116336.837
600976.SH,20250520,40.3,40.73,40.26,40.43,40.26,0.4223,21159.61,85688.852
600977.SH,20250520,10.26,10.34,10.23,10.29,10.27,0.1947,69402.0,71440.649
600979.SH,20250520,5.62,5.73,5.57,5.72,5.65,1.2389,495773.94,280976.774
600980.SH,20250520,16.8,16.97,16.71,16.94,16.8,0.8333,39040.01,65744.832
600981.SH,20250520,2.75,2.77,2.72,2.76,2.75,0.3636,253951.0,69792.496
600982.SH,20250520,5.02,5.03,4.91,4.98,5.02,-0.7968,598734.0,296987.252
600983.SH,20250520,10.35,10.35,10.23,10.33,10.34,-0.0967,26969.0,27782.416
600984.SH,20250520,3.37,3.38,3.31,3.35,3.35,0.0,73685.2,24564.169
600985.SH,20250520,12.24,12.31,12.2,12.28,12.23,0.4088,98872.7,121303.434
600986.SH,20250520,8.2,8.98,8.08,8.98,8.16,10.049,1529526.19,1322796.45
600987.SH,20250520,7.21,7.37,7.18,7.32,7.21,1.5257,125170.12,91275.309
600988.SH,20250520,26.0,26.9,25.99,26.34,26.03,1.1909,552096.18,1458021.111
600989.SH,20250520,16.29,16.8,16.18,16.7,16.3,2.454,294921.19,484510.572
600990.SH,20250520,21.62,21.62,20.9,21.0,21.71,-3.2704,122562.29,259118.136
600992.SH,20250520,14.52,14.64,14.18,14.3,14.46,-1.1065,65316.85,93261.658
600993.SH,20250520,28.5,28.98,28.12,28.57,28.5,0.2456,87842.56,250651.418
600995.SH,20250520,9.77,9.92,9.76,9.92,9.77,1.5353,100312.41,98751.441
600996.SH,20250520,8.88,8.88,8.71,8.81,8.84,-0.3394,104132.98,91650.057
600997.SH,20250520,6.07,6.07,5.96,6.0,6.06,-0.9901,96030.0,57548.444
600998.SH,20250520,5.19,5.29,5.18,5.28,5.17,2.1277,254781.36,133811.753
600999.SH,20250520,16.7,16.71,16.6,16.65,16.65,0.0,143791.96,239412.146
601000.SH,20250520,4.27,4.28,4.17,4.19,4.26,-1.6432,501943.14,210571.287
601001.SH,20250520,11.74,11.78,11.62,11.65,11.75,-0.8511,86738.0,101146.284
601002.SH,20250520,5.05,5.09,4.96,4.98,5.05,-1.3861,135839.2,67694.071
601003.SH,20250520,3.54,3.56,3.48,3.54,3.52,0.5682,145794.0,51461.496
601005.SH,20250520,1.31,1.32,1.31,1.32,1.31,0.7634,272701.49,35871.374
601006.SH,20250520,6.67,6.7,6.62,6.65,6.67,-0.2999,365759.67,243340.282
601007.SH,20250520,7.38,7.43,7.34,7.4,7.4,0.0,168379.5,124344.788
601008.SH,20250520,8.15,8.58,7.38,7.38,8.2,-10.0,3047998.68,2375793.961
601009.SH,20250520,10.64,10.71,10.6,10.61,10.61,0.0,352626.69,375678.709
601010.SH,20250520,2.97,3.0,2.96,2.98,2.98,0.0,238142.07,70917.795
601011.SH,20250520,2.55,2.56,2.52,2.55,2.55,0.0,215285.0,54543.559
601012.SH,20250520,15.1,15.12,14.97,15.11,15.09,0.1325,301168.91,453421.117
601015.SH,20250520,3.15,3.16,3.11,3.12,3.15,-0.9524,142613.0,44540.266
601016.SH,20250520,2.92,2.93,2.9,2.93,2.91,0.6873,338559.55,98743.249
601018.SH,20250520,4.1,4.1,3.8,3.81,4.06,-6.1576,2511236.93,974482.018
601019.SH,20250520,10.99,11.09,10.72,11.0,10.87,1.196,256512.85,280543.818
601020.SH,20250520,17.41,17.63,17.24,17.5,17.47,0.1717,233922.4,407841.524
601021.SH,20250520,56.77,57.78,56.05,57.46,56.85,1.073,39528.48,224971.531
601022.SH,20250520,12.51,12.51,11.55,11.55,12.83,-9.9766,534164.5,629483.953
601033.SH,20250520,15.46,16.05,15.45,15.84,15.55,1.865,71920.91,114234.127
601038.SH,20250520,13.22,13.33,13.2,13.27,13.18,0.6829,49845.12,66196.761
601058.SH,20250520,12.73,12.81,12.64,12.71,12.74,-0.2355,132667.4,168940.332
601059.SH,20250520,15.15,15.22,15.05,15.14,15.16,-0.1319,165733.0,250714.025
601061.SH,20250520,7.71,7.71,7.64,7.68,7.69,-0.13,76175.03,58451.314
601065.SH,20250520,8.45,8.48,8.44,8.47,8.47,0.0,24325.0,20584.941
601066.SH,20250520,23.63,23.7,23.46,23.52,23.57,-0.2121,66956.0,157654.662
601068.SH,20250520,4.56,4.56,4.5,4.52,4.56,-0.8772,192115.0,86794.864
601069.SH,20250520,16.18,16.75,16.17,16.4,16.4,0.0,175562.0,289406.428
601077.SH,20250520,7.43,7.5,7.37,7.48,7.37,1.4925,458149.78,340905.739
601083.SH,20250520,12.62,12.7,11.9,11.92,12.98,-8.1664,588564.97,712913.549
601086.SH,20250520,13.86,14.67,12.78,13.53,14.13,-4.2463,873120.0,1202740.808
601088.SH,20250520,39.22,39.45,39.03,39.15,39.18,-0.0766,146983.3,575887.365
601089.SH,20250520,16.18,16.42,16.14,16.34,16.16,1.1139,26915.82,43913.781
601096.SH,20250520,4.33,4.38,4.3,4.34,4.32,0.463,165369.36,71730.975
601098.SH,20250520,14.34,14.72,14.26,14.55,14.32,1.6061,94735.23,137878.265
601099.SH,20250520,3.68,3.7,3.66,3.69,3.68,0.2717,832930.88,306622.694
601100.SH,20250520,70.5,71.5,69.8,70.65,70.5,0.2128,111396.69,786704.841
601101.SH,20250520,7.29,7.3,7.21,7.24,7.27,-0.4127,47499.8,34405.815
601106.SH,20250520,2.72,2.74,2.69,2.7,2.72,-0.7353,268006.6,72598.191
601107.SH,20250520,5.94,6.1,5.93,6.06,5.93,2.1922,221088.62,133309.567
601108.SH,20250520,7.39,7.44,7.37,7.41,7.39,0.2706,219117.07,162136.992
601111.SH,20250520,7.59,7.66,7.52,7.64,7.58,0.7916,393663.0,299438.836
601113.SH,20250520,4.21,4.24,4.09,4.17,4.28,-2.5701,273535.0,113504.607
601116.SH,20250520,11.15,11.46,11.12,11.35,11.17,1.6115,142421.0,160921.903
601117.SH,20250520,7.89,7.93,7.82,7.87,7.9,-0.3797,309676.32,243657.508
601118.SH,20250520,4.69,4.7,4.66,4.69,4.7,-0.2128,164656.92,77035.582
601121.SH,20250520,5.93,6.01,5.9,5.99,5.92,1.1824,57861.52,34487.029
601126.SH,20250520,16.98,17.1,16.93,17.09,16.99,0.5886,71233.0,121249.808
601127.SH,20250520,129.4,131.0,129.38,130.5,129.4,0.8501,175228.14,2284160.219
601128.SH,20250520,7.71,7.78,7.65,7.7,7.7,0.0,310401.25,239171.276
601133.SH,20250520,11.08,11.22,11.03,11.2,11.04,1.4493,31042.0,34634.811
601136.SH,20250520,19.42,19.46,19.31,19.36,19.38,-0.1032,102835.98,199176.571
601137.SH,20250520,18.2,18.54,18.07,18.51,18.2,1.7033,100581.25,185095.624
601138.SH,20250520,19.05,19.2,18.85,19.06,19.05,0.0525,397482.45,756345.309
601139.SH,20250520,6.52,6.53,6.5,6.51,6.53,-0.3063,55715.0,36279.091
601155.SH,20250520,12.96,12.99,12.7,12.9,12.98,-0.6163,121795.99,156336.598
601156.SH,20250520,13.35,13.36,13.2,13.26,13.33,-0.5251,148968.97,197311.876
601158.SH,20250520,4.99,5.0,4.96,4.98,4.99,-0.2004,69187.0,34465.832
601162.SH,20250520,4.03,4.06,4.01,4.04,4.03,0.2481,1191639.38,480416.403
601163.SH,20250520,13.94,14.0,13.91,13.95,13.97,-0.1432,29069.67,40553.129
601166.SH,20250520,22.79,22.93,22.46,22.52,22.72,-0.8803,498767.41,1127551.219
601168.SH,20250520,15.86,15.94,15.82,15.82,15.83,-0.0632,210348.52,333710.62
601169.SH,20250520,6.23,6.28,6.19,6.22,6.2,0.3226,606548.05,378236.308
601177.SH,20250520,19.82,19.87,19.38,19.49,19.82,-1.665,228126.0,446239.282
601179.SH,20250520,6.31,6.35,6.28,6.33,6.31,0.317,331706.0,209715.096
601186.SH,20250520,7.99,8.01,7.96,7.99,7.98,0.1253,238895.11,190846.591
601187.SH,20250520,6.0,6.09,5.94,5.96,6.01,-0.8319,207128.07,124213.726
601188.SH,20250520,3.59,3.62,3.57,3.61,3.6,0.2778,208145.98,74771.555
601198.SH,20250520,10.52,10.56,10.46,10.5,10.5,0.0,178485.65,187527.439
601199.SH,20250520,5.4,5.41,5.37,5.4,5.39,0.1855,41458.0,22333.114
601200.SH,20250520,7.96,7.98,7.92,7.95,7.97,-0.2509,50679.16,40255.703
601208.SH,20250520,9.75,9.75,9.58,9.66,9.75,-0.9231,84813.0,81917.223
601211.SH,20250520,17.69,17.74,17.61,17.65,17.65,0.0,280008.92,494605.472
601212.SH,20250520,2.8,2.83,2.78,2.81,2.8,0.3571,407132.0,114222.355
601216.SH,20250520,5.47,5.58,5.44,5.53,5.47,1.0969,481509.8,264694.121
601218.SH,20250520,3.7,3.73,3.65,3.69,3.68,0.2717,192679.0,70858.613
601222.SH,20250520,5.61,5.62,5.58,5.6,5.61,-0.1783,155719.24,87156.465
601225.SH,20250520,20.21,20.34,19.95,19.98,20.2,-1.0891,334936.47,672940.759
601226.SH,20250520,6.35,6.43,6.28,6.4,6.27,2.0734,135945.0,86359.573
601228.SH,20250520,3.45,3.46,3.3,3.31,3.44,-3.7791,718615.12,239713.697
601229.SH,20250520,11.1,11.2,10.97,11.0,11.06,-0.5425,454512.69,502517.633
601231.SH,20250520,13.99,14.07,13.85,14.0,14.0,0.0,99826.92,139474.006
601233.SH,20250520,11.07,11.09,10.98,11.0,11.07,-0.6323,142201.69,156718.404
601236.SH,20250520,8.4,8.54,8.25,8.34,8.39,-0.5959,873005.73,731720.556
601238.SH,20250520,8.02,8.04,7.97,8.01,8.02,-0.1247,111079.7,88906.497
601279.SH,20250520,3.74,3.78,3.71,3.78,3.73,1.3405,128926.63,48226.792
601288.SH,20250520,5.57,5.61,5.53,5.57,5.56,0.1799,2981515.12,1659489.244
601298.SH,20250520,9.1,9.14,8.89,8.9,9.1,-2.1978,247194.67,221540.152
601311.SH,20250520,8.66,8.71,8.63,8.69,8.68,0.1152,92713.07,80535.649
601318.SH,20250520,53.45,54.18,53.4,53.68,53.3,0.7129,352669.0,1895934.592
601319.SH,20250520,8.22,8.28,8.09,8.15,8.22,-0.8516,1064288.78,868180.067
601326.SH,20250520,3.36,3.37,3.29,3.29,3.36,-2.0833,230959.0,76581.055
601328.SH,20250520,7.61,7.69,7.59,7.61,7.57,0.5284,1033842.98,789516.839
601330.SH,20250520,7.16,7.25,7.13,7.23,7.16,0.9777,95017.12,68470.981
601333.SH,20250520,2.99,3.0,2.97,2.98,2.98,0.0,230687.0,68765.789
601336.SH,20250520,51.1,51.61,51.0,51.35,51.02,0.6468,128267.69,657956.604
601339.SH,20250520,5.07,5.1,5.05,5.09,5.07,0.3945,65027.0,33005.955
601360.SH,20250520,10.26,10.34,10.16,10.32,10.25,0.6829,411186.0,422261.011
601366.SH,20250520,4.73,4.78,4.68,4.77,4.74,0.6329,58053.0,27593.737
601368.SH,20250520,4.88,4.89,4.83,4.87,4.88,-0.2049,81111.53,39412.161
601369.SH,20250520,8.69,8.73,8.66,8.7,8.67,0.346,57376.18,49937.907
601375.SH,20250520,3.91,3.93,3.89,3.92,3.91,0.2558,261926.17,102461.913
601377.SH,20250520,5.84,5.86,5.81,5.84,5.83,0.1715,265593.04,154921.264
601388.SH,20250520,2.53,2.55,2.51,2.53,2.54,-0.3937,292979.98,73960.454
601390.SH,20250520,5.65,5.67,5.62,5.65,5.64,0.1773,348218.23,196605.956
601398.SH,20250520,7.14,7.16,7.1,7.13,7.12,0.1404,1976912.46,1409121.067
601399.SH,20250520,3.0,3.07,2.98,3.01,3.01,0.0,675497.83,203543.585
601456.SH,20250520,9.98,10.04,9.94,10.0,9.99,0.1001,127042.2,126907.699
601500.SH,20250520,4.71,4.75,4.7,4.74,4.74,0.0,200281.07,94798.654
601512.SH,20250520,7.43,7.44,7.39,7.43,7.44,-0.1344,21777.87,16157.209
601515.SH,20250520,4.07,4.18,4.04,4.08,4.04,0.9901,461413.36,188978.496
601518.SH,20250520,2.78,2.79,2.76,2.78,2.78,0.0,103742.24,28767.265
601519.SH,20250520,9.09,9.27,9.05,9.2,9.15,0.5464,434848.4,399197.577
601528.SH,20250520,5.35,5.39,5.31,5.34,5.35,-0.1869,123824.12,66242.687
601555.SH,20250520,7.97,8.02,7.94,7.99,7.97,0.2509,310209.22,247498.663
601566.SH,20250520,9.07,9.19,9.0,9.17,9.06,1.2141,54719.0,49899.296
601567.SH,20250520,24.73,24.78,24.44,24.5,24.72,-0.89,98212.45,241168.079
601568.SH,20250520,4.3,4.32,4.25,4.25,4.31,-1.3921,108516.34,46322.472
601577.SH,20250520,9.47,9.58,9.44,9.47,9.43,0.4242,252431.67,239931.507
601579.SH,20250520,16.06,17.42,15.67,17.02,16.07,5.9116,329585.76,550844.471
601588.SH,20250520,1.74,1.76,1.72,1.75,1.74,0.5747,203865.0,35480.427
601595.SH,20250520,29.93,31.07,29.76,30.92,29.8,3.7584,94791.74,289738.002
601598.SH,20250520,4.92,4.94,4.89,4.89,4.93,-0.8114,189951.19,93096.959
601599.SH,20250520,3.64,3.73,3.61,3.71,3.64,1.9231,203010.0,74830.077
601600.SH,20250520,6.62,6.66,6.59,6.63,6.62,0.1511,1027969.8,680633.369
601601.SH,20250520,33.61,34.36,33.45,34.11,33.56,1.6389,397135.94,1350693.315
601606.SH,20250520,13.5,13.66,13.24,13.43,13.54,-0.8124,218021.5,292327.423
601607.SH,20250520,18.22,18.43,18.2,18.38,18.22,0.8782,91317.31,167536.422
601608.SH,20250520,4.59,4.72,4.54,4.67,4.57,2.1882,1204262.69,560287.874
601609.SH,20250520,6.58,6.6,6.51,6.54,6.58,-0.6079,94167.84,61576.834
601611.SH,20250520,9.0,9.13,8.94,8.96,9.02,-0.6652,254693.0,229245.728
601615.SH,20250520,10.45,10.47,10.33,10.41,10.45,-0.3828,125824.0,130669.202
601616.SH,20250520,3.81,3.87,3.79,3.85,3.83,0.5222,152811.0,58687.956
601618.SH,20250520,2.98,2.98,2.95,2.97,2.97,0.0,431810.23,128048.185
601619.SH,20250520,3.73,3.78,3.71,3.78,3.73,1.3405,384997.0,144205.994
601628.SH,20250520,38.39,38.58,38.13,38.38,38.31,0.1827,92589.02,355171.101
601633.SH,20250520,23.29,23.49,23.1,23.45,23.28,0.7302,143154.14,333916.681
601636.SH,20250520,5.4,5.41,5.37,5.39,5.4,-0.1852,101398.86,54626.609
601658.SH,20250520,5.32,5.36,5.29,5.31,5.3,0.1887,1016439.08,541189.057
601665.SH,20250520,6.5,6.61,6.46,6.47,6.5,-0.4615,251122.83,163602.999
601666.SH,20250520,8.3,8.37,8.27,8.34,8.3,0.4819,129659.89,108015.973
601668.SH,20250520,5.72,5.78,5.7,5.76,5.72,0.6993,1061609.94,609421.657
601669.SH,20250520,4.83,4.84,4.81,4.82,4.82,0.0,418162.21,201644.199
601677.SH,20250520,12.17,12.2,12.09,12.17,12.2,-0.2459,113722.55,138015.817
601678.SH,20250520,4.35,4.37,4.29,4.3,4.36,-1.3761,374415.06,161321.056
601686.SH,20250520,5.9,5.91,5.82,5.83,5.89,-1.0187,29017.4,16941.318
601688.SH,20250520,17.03,17.14,16.99,17.04,17.03,0.0587,326256.34,556755.382
601689.SH,20250520,51.1,51.97,49.9,51.53,51.11,0.8218,205209.17,1045906.624
601696.SH,20250520,10.02,10.06,9.98,10.01,10.0,0.1,108756.65,108913.811
601698.SH,20250520,19.4,19.93,19.32,19.54,19.43,0.5661,153570.59,301644.356
601699.SH,20250520,11.1,11.12,11.01,11.08,11.1,-0.1802,93034.28,102970.383
601700.SH,20250520,4.37,4.4,4.35,4.38,4.37,0.2288,51799.0,22643.545
601702.SH,20250520,16.81,16.88,16.61,16.65,16.88,-1.3626,54579.1,91168.351
601717.SH,20250520,15.79,16.08,15.62,15.86,15.6,1.6667,292746.0,464765.992
601718.SH,20250520,2.77,2.77,2.72,2.75,2.76,-0.3623,369400.0,101149.563
601727.SH,20250520,7.3,7.4,7.23,7.37,7.34,0.4087,1057763.19,776761.222
601728.SH,20250520,7.77,7.96,7.77,7.86,7.77,1.1583,1562802.83,1230525.495
601766.SH,20250520,7.29,7.34,7.28,7.29,7.31,-0.2736,348876.19,254628.386
601777.SH,20250520,8.72,8.95,8.58,8.94,8.72,2.5229,445295.01,393757.563
601778.SH,20250520,2.69,2.7,2.68,2.7,2.69,0.3717,265064.67,71350.806
601788.SH,20250520,16.57,16.63,16.49,16.55,16.53,0.121,121967.0,201946.003
601789.SH,20250520,5.53,5.65,5.52,5.56,5.46,1.8315,738033.26,410878.638
601798.SH,20250520,7.61,8.1,7.55,7.83,7.72,1.4249,433225.42,338156.908
601799.SH,20250520,140.0,141.0,136.88,139.8,139.71,0.0644,12885.08,179587.921
601800.SH,20250520,9.0,9.0,8.94,8.96,8.98,-0.2227,177708.0,159230.416
601801.SH,20250520,6.77,6.88,6.75,6.86,6.77,1.3294,137285.0,93821.723
601808.SH,20250520,13.38,13.54,13.32,13.52,13.37,1.1219,73043.0,98266.566
601811.SH,20250520,15.29,15.45,15.21,15.32,15.3,0.1307,28775.0,44137.011
601816.SH,20250520,6.0,6.03,5.95,5.95,5.99,-0.6678,709194.44,424198.851
601818.SH,20250520,3.97,4.0,3.95,3.96,3.96,0.0,924639.4,367335.808
601825.SH,20250520,8.62,8.8,8.62,8.79,8.59,2.3283,339586.86,296502.338
601827.SH,20250520,8.26,8.33,8.25,8.33,8.29,0.4825,26531.9,22012.17
601828.SH,20250520,2.92,2.95,2.89,2.92,2.91,0.3436,123221.6,35955.609
601838.SH,20250520,18.34,18.5,18.24,18.31,18.28,0.1641,131464.61,241552.014
601857.SH,20250520,8.22,8.23,8.17,8.2,8.18,0.2445,535846.65,439205.503
601858.SH,20250520,18.85,19.05,18.75,19.02,18.85,0.9019,27082.78,51361.003
601860.SH,20250520,2.82,2.85,2.8,2.81,2.81,0.0,459865.28,129757.432
601865.SH,20250520,15.14,15.26,14.96,15.25,15.14,0.7266,105509.87,159829.696
601866.SH,20250520,2.67,2.68,2.51,2.54,2.71,-6.2731,3914156.89,1002400.105
601868.SH,20250520,2.24,2.24,2.22,2.23,2.24,-0.4464,1342842.91,299771.339
601869.SH,20250520,33.83,34.0,33.37,33.82,33.92,-0.2948,31390.33,105773.785
601872.SH,20250520,6.14,6.14,6.05,6.09,6.13,-0.6525,479642.15,291553.366
601877.SH,20250520,22.74,22.79,22.63,22.72,22.7,0.0881,63179.22,143496.334
601878.SH,20250520,10.77,10.79,10.71,10.74,10.74,0.0,242220.62,260209.686
601880.SH,20250520,1.55,1.55,1.51,1.52,1.55,-1.9355,1163696.8,177404.621
601881.SH,20250520,16.52,16.75,16.49,16.59,16.58,0.0603,436299.13,724322.782
601882.SH,20250520,19.44,19.45,19.11,19.21,19.37,-0.826,28937.64,55744.283
601886.SH,20250520,5.6,5.63,5.56,5.58,5.61,-0.5348,56838.0,31742.859
601888.SH,20250520,61.9,62.12,61.76,61.91,61.88,0.0485,79795.61,494391.606
601890.SH,20250520,8.85,8.95,8.75,8.92,8.84,0.905,282542.0,251084.558
601898.SH,20250520,10.53,10.62,10.43,10.51,10.5,0.0952,182492.01,191891.669
601899.SH,20250520,17.42,17.69,17.41,17.46,17.42,0.2296,1027962.44,1803452.365
601900.SH,20250520,17.11,17.47,16.93,16.99,17.11,-0.7013,72696.0,124999.844
601901.SH,20250520,7.73,7.81,7.68,7.77,7.72,0.6477,423733.97,328621.377
601908.SH,20250520,3.81,3.83,3.47,3.49,3.85,-9.3506,3287176.41,1171502.946
601916.SH,20250520,3.1,3.13,3.08,3.09,3.09,0.0,1761063.25,546446.783
601918.SH,20250520,6.73,6.74,6.69,6.71,6.72,-0.1488,110542.19,74130.869
601919.SH,20250520,16.3,16.38,16.04,16.35,16.26,0.5535,1459288.55,2367373.758
601921.SH,20250520,8.17,8.34,8.16,8.25,8.18,0.8557,198351.0,163731.29
601928.SH,20250520,11.95,12.18,11.91,11.99,11.92,0.5872,93531.19,112681.544
601929.SH,20250520,1.84,1.93,1.84,1.92,1.84,4.3478,1980332.56,375024.866
601933.SH,20250520,5.24,5.44,5.21,5.34,5.28,1.1364,3170713.0,1691620.124
601939.SH,20250520,9.17,9.22,9.12,9.16,9.16,0.0,605799.73,554875.192
601949.SH,20250520,6.48,6.51,6.43,6.48,6.47,0.1546,77178.0,50010.64
601952.SH,20250520,9.84,9.91,9.81,9.85,9.84,0.1016,74414.59,73499.35
601956.SH,20250520,6.66,6.75,6.46,6.53,6.62,-1.3595,483885.3,318563.04
601958.SH,20250520,10.01,10.04,9.98,10.0,10.01,-0.0999,128392.01,128398.199
601963.SH,20250520,11.45,11.6,11.3,11.35,11.44,-0.7867,113963.56,130056.715
601965.SH,20250520,18.27,18.3,17.91,18.1,18.21,-0.6041,52222.0,94501.86
601966.SH,20250520,14.68,14.79,14.59,14.76,14.65,0.7509,171404.0,251888.595
601968.SH,20250520,4.86,4.88,4.82,4.86,4.86,0.0,22308.35,10818.787
601969.SH,20250520,7.16,7.17,7.09,7.13,7.1,0.4225,67306.0,47915.528
601975.SH,20250520,2.81,2.81,2.76,2.78,2.81,-1.0676,747184.84,207404.409
601985.SH,20250520,9.52,9.69,9.51,9.62,9.51,1.1567,1022944.28,983520.373
601988.SH,20250520,5.62,5.65,5.58,5.61,5.61,0.0,1530146.91,858524.495
601989.SH,20250520,4.41,4.44,4.39,4.42,4.42,0.0,830862.82,366185.313
601990.SH,20250520,7.87,7.89,7.83,7.86,7.86,0.0,141740.2,111353.149
601991.SH,20250520,3.26,3.35,3.26,3.34,3.27,2.1407,1177877.24,389409.104
601992.SH,20250520,1.59,1.59,1.56,1.57,1.58,-0.6329,436756.52,68607.911
601995.SH,20250520,33.76,34.04,33.67,33.89,33.79,0.2959,91676.0,310360.028
601996.SH,20250520,2.14,2.18,2.14,2.18,2.15,1.3953,152801.0,33017.97
601997.SH,20250520,5.98,6.03,5.95,5.96,5.97,-0.1675,323800.15,193669.335
601998.SH,20250520,7.53,7.67,7.49,7.51,7.51,0.0,490856.31,371713.897
601999.SH,20250520,6.54,6.61,6.47,6.6,6.54,0.9174,54391.0,35674.419
603000.SH,20250520,20.14,20.33,20.05,20.23,20.15,0.397,57267.43,115767.32
603001.SH,20250520,6.2,6.36,6.15,6.34,6.22,1.9293,48235.62,30290.467
603002.SH,20250520,5.75,5.8,5.71,5.79,5.78,0.173,161331.5,92908.948
603004.SH,20250520,20.43,21.17,20.35,20.95,20.56,1.8969,41977.0,87456.797
603005.SH,20250520,27.71,27.86,27.51,27.77,27.65,0.434,123435.18,341946.471
603006.SH,20250520,12.1,12.39,11.99,12.31,12.4,-0.7258,132516.0,161294.858
603007.SH,20250520,5.36,5.45,5.17,5.18,5.2,-0.3846,229782.43,121787.544
603008.SH,20250520,17.28,17.73,17.2,17.61,17.18,2.5029,116031.26,202697.897
603009.SH,20250520,42.4,45.5,42.33,44.0,42.68,3.0928,178873.85,792561.783
603010.SH,20250520,10.39,10.42,10.2,10.3,10.56,-2.4621,92967.25,95579.196
603011.SH,20250520,13.12,13.82,12.41,12.57,12.86,-2.2551,1176295.89,1534439.852
603012.SH,20250520,5.66,5.68,5.61,5.67,5.67,0.0,68142.0,38495.391
603013.SH,20250520,17.68,18.25,17.45,17.9,17.57,1.8782,68734.0,123196.256
603014.SH,20250520,39.0,40.58,38.53,38.87,41.41,-6.1338,181490.56,710424.371
603015.SH,20250520,13.28,13.45,13.1,13.15,13.27,-0.9043,234977.0,310535.965
603016.SH,20250520,31.5,34.48,30.65,33.58,31.66,6.0644,96885.38,316876.525
603017.SH,20250520,8.72,9.1,8.56,8.95,8.7,2.8736,88593.04,78670.128
603018.SH,20250520,7.49,7.54,7.43,7.54,7.49,0.6676,61896.24,46439.724
603019.SH,20250520,63.18,63.55,62.81,63.28,63.14,0.2217,118770.39,751334.497
603020.SH,20250520,8.47,8.64,8.45,8.62,8.48,1.6509,50055.0,42821.72
603021.SH,20250520,3.7,3.81,3.65,3.69,3.63,1.6529,197492.82,73905.101
603022.SH,20250520,8.88,9.04,8.8,9.01,8.84,1.9231,39283.0,35069.52
603023.SH,20250520,3.66,3.66,3.58,3.6,3.66,-1.6393,135175.91,48787.923
603025.SH,20250520,13.35,13.47,13.28,13.43,13.36,0.524,28978.26,38794.901
603026.SH,20250520,35.15,35.26,34.88,34.96,35.09,-0.3705,9371.85,32802.109
603027.SH,20250520,11.72,11.96,11.7,11.81,11.75,0.5106,126741.24,150144.939
603028.SH,20250520,7.6,7.66,7.25,7.35,7.59,-3.1621,260841.7,191738.203
603029.SH,20250520,18.68,19.45,18.59,19.22,18.67,2.9459,102522.26,196306.521
603030.SH,20250520,2.69,2.69,2.59,2.68,2.69,-0.3717,800415.0,210884.662
603031.SH,20250520,27.37,27.46,27.06,27.41,27.4,0.0365,18497.7,50383.976
603032.SH,20250520,13.9,14.05,13.76,14.02,13.86,1.1544,30296.6,42263.351
603033.SH,20250520,11.26,11.51,11.16,11.44,11.26,1.5986,44349.04,50115.839
603035.SH,20250520,13.4,13.55,13.36,13.51,13.42,0.6706,45732.44,61595.573
603036.SH,20250520,15.68,16.33,15.58,16.25,15.68,3.6352,95328.0,153466.108
603037.SH,20250520,18.0,18.46,17.8,18.2,18.07,0.7194,104787.0,190416.962
603038.SH,20250520,15.2,15.4,14.84,14.88,15.19,-2.0408,123409.8,185529.418
603039.SH,20250520,61.38,64.2,60.83,62.36,62.0,0.5806,20852.93,129300.546
603040.SH,20250520,44.88,45.2,42.43,42.9,45.28,-5.2562,96131.56,417792.253
603041.SH,20250520,11.4,11.5,11.35,11.49,11.36,1.1444,22342.99,25561.897
603042.SH,20250520,14.28,14.46,13.99,14.39,14.28,0.7703,124622.0,177893.774
603043.SH,20250520,17.1,17.53,16.89,17.38,17.07,1.8161,145432.19,250781.907
603045.SH,20250520,15.24,16.28,15.01,16.14,15.16,6.4644,97747.04,153123.99
603048.SH,20250520,18.8,19.91,18.7,19.62,18.8,4.3617,68420.9,133142.315
603050.SH,20250520,16.4,16.81,16.32,16.61,16.43,1.0956,22212.04,36784.424
603051.SH,20250520,26.35,26.55,26.08,26.47,26.26,0.7997,11567.72,30485.731
603052.SH,20250520,37.18,37.37,36.73,37.05,37.15,-0.2692,6020.8,22355.715
603053.SH,20250520,9.79,9.84,9.75,9.79,9.79,0.0,18803.8,18417.728
603055.SH,20250520,10.24,10.25,10.08,10.16,10.23,-0.6843,95173.9,96672.56
603056.SH,20250520,13.17,13.27,13.13,13.26,13.18,0.607,59266.84,78287.401
603057.SH,20250520,21.81,22.28,21.75,21.88,21.8,0.367,19283.0,42444.365
603058.SH,20250520,8.03,8.38,8.01,8.37,8.04,4.1045,107200.99,88368.566
603059.SH,20250520,24.9,26.09,24.9,25.63,24.9,2.9317,47230.63,121218.259
603060.SH,20250520,6.39,6.53,6.39,6.48,6.41,1.092,62503.44,40405.665
603061.SH,20250520,79.48,79.57,78.22,78.3,79.33,-1.2984,8180.0,64497.947
603062.SH,20250520,47.29,48.88,47.07,48.18,47.5,1.4316,9363.43,45293.662
603063.SH,20250520,29.58,32.67,29.1,32.12,29.7,8.1481,335996.75,1053410.495
603065.SH,20250520,8.48,8.48,8.36,8.4,8.48,-0.9434,67233.08,56436.107
603066.SH,20250520,11.48,11.57,11.33,11.57,11.49,0.6963,43487.0,49994.232
603067.SH,20250520,22.5,22.75,21.76,21.83,22.15,-1.4447,152641.73,337825.256
603068.SH,20250520,32.73,33.59,32.24,33.4,32.66,2.2658,48351.46,160044.688
603069.SH,20250520,18.57,18.74,18.39,18.65,18.57,0.4308,53438.0,98906.905
603070.SH,20250520,12.93,13.4,12.87,13.12,12.96,1.2346,38118.0,49990.119
603071.SH,20250520,12.68,12.74,12.62,12.69,12.68,0.0789,13154.0,16669.683
603072.SH,20250520,54.1,55.34,53.3,54.71,54.71,0.0,107448.0,585135.331
603073.SH,20250520,16.39,16.57,16.24,16.57,16.3,1.6564,16018.0,26279.089
603075.SH,20250520,20.05,20.19,19.93,20.11,20.0,0.55,11415.84,22908.913
603076.SH,20250520,25.25,27.06,24.79,25.35,25.21,0.5553,68752.99,177805.239
603077.SH,20250520,1.79,1.81,1.78,1.78,1.78,0.0,709645.46,127145.49
603078.SH,20250520,18.66,18.88,18.55,18.8,18.66,0.7503,108244.12,203267.196
603079.SH,20250520,16.24,16.84,16.24,16.73,16.29,2.701,99158.8,164563.1
603080.SH,20250520,17.06,17.3,16.7,17.24,17.2,0.2326,69706.0,118654.346
603081.SH,20250520,11.2,11.29,11.06,11.2,11.15,0.4484,73038.98,81462.164
603082.SH,20250520,40.44,41.3,39.76,40.29,40.1,0.4738,34995.0,142165.65
603083.SH,20250520,38.91,39.45,38.24,38.99,39.16,-0.4341,104626.0,406608.053
603085.SH,20250520,11.55,11.72,11.37,11.7,11.61,0.7752,77858.0,90276.545
603086.SH,20250520,9.08,9.3,8.76,8.83,9.21,-4.126,606207.78,539954.91
603087.SH,20250520,50.9,51.38,50.7,51.08,50.9,0.3536,99929.78,509478.734
603088.SH,20250520,9.79,9.89,9.7,9.83,9.82,0.1018,83288.83,81813.35
603089.SH,20250520,11.82,12.24,11.69,12.19,11.68,4.3664,76707.79,92369.442
603090.SH,20250520,23.09,24.77,23.0,24.36,23.09,5.5002,46008.74,111130.032
603091.SH,20250520,47.29,49.98,47.22,49.68,47.54,4.5015,30993.52,151681.551
603093.SH,20250520,12.9,13.04,12.83,12.98,12.98,0.0,69395.0,89730.737
603095.SH,20250520,23.23,23.98,23.01,23.48,23.24,1.0327,32995.0,77912.773
603096.SH,20250520,17.85,18.14,17.76,18.11,17.85,1.4566,14185.0,25546.232
603097.SH,20250520,22.71,23.1,22.65,23.0,22.75,1.0989,16659.0,38199.131
603098.SH,20250520,10.12,10.25,10.02,10.18,10.12,0.5929,39628.0,40143.332
603099.SH,20250520,32.7,33.03,32.58,32.66,32.82,-0.4875,69349.0,227530.33
603100.SH,20250520,20.68,21.21,20.56,20.84,20.77,0.337,54878.07,114717.555
603101.SH,20250520,8.01,8.4,8.0,8.12,8.08,0.495,158501.57,129245.373
603102.SH,20250520,51.88,54.48,49.22,49.42,50.22,-1.593,108895.9,564946.076
603103.SH,20250520,15.47,15.88,15.4,15.68,15.45,1.4887,58945.0,92351.236
603105.SH,20250520,8.42,8.42,8.31,8.41,8.39,0.2384,48731.6,40801.658
603106.SH,20250520,8.28,8.34,8.16,8.31,8.29,0.2413,85101.25,70376.463
603107.SH,20250520,15.91,16.08,15.82,16.0,15.91,0.5657,17815.49,28397.9
603108.SH,20250520,17.77,18.08,17.63,17.91,17.78,0.7312,111745.65,199368.539
603109.SH,20250520,28.25,29.39,27.74,29.08,28.9,0.6228,170232.34,487427.078
603110.SH,20250520,17.16,17.39,16.92,17.28,17.33,-0.2885,119969.0,206110.347
603111.SH,20250520,6.49,6.56,6.46,6.55,6.49,0.9245,69864.95,45577.188
603112.SH,20250520,18.0,18.29,17.72,18.07,18.04,0.1663,154264.32,278135.1
603113.SH,20250520,6.53,6.56,6.43,6.47,6.52,-0.7669,92734.0,60045.331
603115.SH,20250520,14.36,14.45,14.24,14.45,14.36,0.6267,16472.0,23672.477
603116.SH,20250520,5.81,5.86,5.74,5.78,5.79,-0.1727,109221.0,63229.647
603117.SH,20250520,6.67,6.77,6.5,6.7,6.61,1.3616,379011.97,251415.247
603118.SH,20250520,9.91,9.96,9.62,9.95,9.94,0.1006,342928.82,336784.104
603119.SH,20250520,43.03,43.44,42.08,42.6,42.84,-0.5602,99334.18,423837.672
603120.SH,20250520,38.6,39.2,38.3,38.56,38.62,-0.1554,36443.9,141041.206
603121.SH,20250520,23.8,23.96,22.5,23.89,23.7,0.8017,151198.47,353112.029
603122.SH,20250520,6.7,6.83,6.67,6.83,6.71,1.7884,50772.0,34399.961
603123.SH,20250520,8.95,9.03,8.85,8.97,9.03,-0.6645,248376.25,221941.716
603124.SH,20250520,42.89,43.98,42.62,43.64,42.9,1.7249,22833.67,98838.67
603125.SH,20250520,22.32,22.32,21.91,22.02,22.13,-0.4971,22745.15,50102.245
603126.SH,20250520,6.35,6.42,6.25,6.31,6.28,0.4777,93144.0,58957.216
603127.SH,20250520,15.99,16.69,15.97,16.47,15.99,3.0019,327174.38,537296.718
603128.SH,20250520,6.71,6.75,6.55,6.64,6.69,-0.7474,718562.86,474968.541
603129.SH,20250520,183.0,187.3,181.45,186.02,182.98,1.6614,13982.5,258033.68
603130.SH,20250520,29.55,29.87,28.9,29.55,29.75,-0.6723,61421.19,180910.546
603131.SH,20250520,17.1,17.19,16.9,17.08,17.1,-0.117,45085.0,76941.068
603132.SH,20250520,11.35,11.47,11.33,11.45,11.35,0.8811,16911.21,19298.269
603135.SH,20250520,10.6,10.6,10.26,10.4,10.42,-0.1919,213050.28,221703.387
603136.SH,20250520,11.87,11.94,11.79,11.87,11.85,0.1688,40249.29,47813.001
603137.SH,20250520,13.48,13.72,13.36,13.72,13.45,2.0074,41404.96,56092.04
603138.SH,20250520,13.99,14.09,13.78,14.05,13.98,0.5007,27722.68,38590.13
603139.SH,20250520,19.77,20.22,19.65,20.15,19.72,2.1805,29101.0,58304.694
603150.SH,20250520,32.44,35.68,31.92,35.68,32.44,9.9877,73174.54,250923.313
603151.SH,20250520,15.19,15.55,15.1,15.48,15.19,1.9092,19420.0,29812.129
603153.SH,20250520,17.13,17.59,17.04,17.4,17.12,1.6355,37488.5,65167.246
603155.SH,20250520,13.7,13.79,13.62,13.75,13.72,0.2187,22497.6,30823.888
603156.SH,20250520,24.32,24.58,24.17,24.33,24.32,0.0411,22393.92,54653.489
603158.SH,20250520,8.6,8.93,8.47,8.82,8.65,1.9653,186835.84,163807.595
603159.SH,20250520,14.74,15.01,14.65,14.98,14.75,1.5593,13814.2,20551.596
603160.SH,20250520,69.96,70.2,69.26,70.1,69.6,0.7184,23405.19,163382.764
603161.SH,20250520,12.3,12.43,12.21,12.4,12.31,0.7311,27866.26,34388.78
603162.SH,20250520,8.7,8.79,8.4,8.44,8.8,-4.0909,261511.26,221647.12
603163.SH,20250520,28.79,31.67,28.79,31.67,28.79,10.0035,86716.35,266005.877
603165.SH,20250520,11.71,11.82,11.66,11.8,11.71,0.7686,18543.92,21803.41
603166.SH,20250520,16.9,16.9,16.3,16.33,17.14,-4.7258,354707.73,583762.95
603167.SH,20250520,9.01,9.04,8.9,9.0,9.02,-0.2217,86578.0,77527.965
603168.SH,20250520,7.46,7.5,7.39,7.41,7.46,-0.6702,94309.88,69983.44
603169.SH,20250520,8.6,8.87,8.27,8.28,8.67,-4.4983,1475681.79,1249773.632
603170.SH,20250520,13.81,14.15,13.66,14.04,13.76,2.0349,47353.0,66154.759
603171.SH,20250520,42.01,42.39,41.0,41.61,42.03,-0.9993,17503.0,72787.87
603172.SH,20250520,15.35,15.43,15.12,15.43,15.41,0.1298,18368.91,28070.166
603173.SH,20250520,32.91,32.92,32.39,32.65,33.04,-1.1804,26199.2,85533.926
603176.SH,20250520,4.78,4.96,4.75,4.93,4.78,3.1381,128811.98,62585.078
603177.SH,20250520,8.42,8.5,8.33,8.5,8.39,1.3111,26995.0,22723.039
603178.SH,20250520,19.78,19.85,19.24,19.62,19.79,-0.859,134793.0,262911.006
603179.SH,20250520,46.0,46.4,44.8,45.17,46.43,-2.7138,53792.05,243389.192
603180.SH,20250520,18.66,18.81,18.55,18.8,18.69,0.5886,9107.96,17049.037
603181.SH,20250520,12.91,13.35,12.78,12.85,12.72,1.022,111431.17,144436.763
603182.SH,20250520,13.12,13.75,13.08,13.47,13.12,2.6677,71802.48,96071.29
603183.SH,20250520,4.08,4.14,4.06,4.14,4.08,1.4706,98724.11,40502.313
603185.SH,20250520,14.58,14.63,14.39,14.57,14.58,-0.0686,64301.01,93242.398
603186.SH,20250520,26.5,26.93,26.12,26.78,26.5,1.0566,28977.0,76978.536
603187.SH,20250520,11.58,11.8,11.55,11.75,11.58,1.468,46005.15,53804.013
603188.SH,20250520,4.33,4.4,4.27,4.34,4.33,0.2309,240738.0,103858.045
603189.SH,20250520,18.9,19.09,18.58,18.83,19.09,-1.362,105038.0,197759.429
603190.SH,20250520,22.8,23.09,22.65,22.96,22.73,1.0119,15187.36,34781.56
603191.SH,20250520,12.17,12.27,12.12,12.25,12.17,0.6574,26477.72,32361.746
603192.SH,20250520,17.57,17.69,17.31,17.69,17.5,1.0857,17494.5,30656.384
603193.SH,20250520,41.51,44.0,41.04,41.14,42.28,-2.6963,61051.16,257746.069
603194.SH,20250520,34.07,34.32,33.75,34.1,34.1,0.0,12430.15,42414.845
603195.SH,20250520,72.19,72.68,72.08,72.5,72.14,0.499,12914.14,93460.946
603196.SH,20250520,15.19,16.03,14.97,15.77,15.08,4.5756,81420.0,126650.854
603197.SH,20250520,40.1,40.6,39.63,40.38,40.62,-0.5908,79661.77,319387.195
603198.SH,20250520,42.9,43.14,42.46,42.79,43.14,-0.8113,75722.98,324415.432
603199.SH,20250520,37.6,38.76,37.57,38.45,37.63,2.1791,33418.36,128229.666
603200.SH,20250520,36.95,38.31,36.61,37.85,36.71,3.1054,102187.25,384208.486
603201.SH,20250520,17.89,18.18,17.65,18.18,17.83,1.963,14381.81,25910.638
603202.SH,20250520,97.83,98.18,97.68,97.91,98.0,-0.0918,18714.2,183240.299
603203.SH,20250520,23.89,24.21,23.84,24.19,23.89,1.2558,11998.56,28855.906
603205.SH,20250520,39.45,41.36,39.32,40.45,39.56,2.2497,38355.72,154462.578
603206.SH,20250520,16.93,17.07,16.72,17.07,16.89,1.0657,27642.0,46841.149
603207.SH,20250520,28.12,29.98,28.12,29.1,28.11,3.5219,67647.8,197105.821
603208.SH,20250520,14.7,14.78,14.59,14.78,14.72,0.4076,16552.94,24341.389
603209.SH,20250520,14.93,14.98,14.51,14.74,14.91,-1.1402,53038.74,77657.937
603210.SH,20250520,21.03,21.45,20.96,21.42,21.08,1.6129,59889.84,127502.816
603211.SH,20250520,18.02,18.09,17.66,17.84,17.91,-0.3908,35110.0,62542.299
603212.SH,20250520,9.79,9.85,9.71,9.83,9.78,0.5112,39057.0,38268.75
603213.SH,20250520,9.99,9.99,9.75,9.86,9.92,-0.6048,37757.0,37103.694
603214.SH,20250520,21.23,22.4,21.15,22.12,21.24,4.1431,146014.0,321005.93
603215.SH,20250520,16.69,18.1,16.46,18.1,16.45,10.0304,143342.0,250147.468
603216.SH,20250520,12.86,13.32,12.72,13.19,12.9,2.2481,62632.0,81747.12
603217.SH,20250520,17.26,17.43,16.99,17.43,17.31,0.6932,23095.6,39670.081
603218.SH,20250520,12.39,12.42,12.28,12.38,12.37,0.0808,38580.83,47669.019
603219.SH,20250520,15.49,15.63,15.3,15.52,15.49,0.1937,23349.0,36204.505
603220.SH,20250520,23.1,23.56,22.97,23.26,23.25,0.043,89478.15,208604.307
603221.SH,20250520,10.91,11.06,10.85,11.06,10.94,1.0969,57686.0,63237.114
603222.SH,20250520,6.03,6.13,6.02,6.12,6.02,1.6611,66761.4,40597.057
603223.SH,20250520,8.62,8.83,8.55,8.79,8.61,2.0906,75248.23,65456.783
603225.SH,20250520,11.18,11.22,11.03,11.17,11.19,-0.1787,78933.67,87618.983
603226.SH,20250520,7.49,7.62,7.46,7.6,7.49,1.4686,30208.67,22782.401
603227.SH,20250520,9.34,9.41,9.28,9.31,9.37,-0.6403,73047.0,68319.675
603228.SH,20250520,29.57,30.12,29.25,30.01,29.6,1.3851,84154.0,251068.922
603229.SH,20250520,8.19,8.39,8.16,8.38,8.13,3.075,98756.72,82154.803
603230.SH,20250520,12.95,13.17,12.93,13.12,13.02,0.768,21480.0,28084.203
603231.SH,20250520,17.26,18.08,17.12,17.66,17.24,2.4362,60300.66,106257.045
603232.SH,20250520,13.39,13.5,13.22,13.5,13.38,0.8969,40381.8,54004.404
603233.SH,20250520,17.82,18.33,17.72,18.16,17.81,1.9652,54462.71,98517.32
603235.SH,20250520,26.77,27.15,26.77,26.98,26.76,0.8221,10365.0,27944.646
603236.SH,20250520,74.62,75.56,74.24,74.92,74.9,0.0267,39030.18,291831.95
603237.SH,20250520,21.39,21.9,20.75,21.44,21.08,1.7078,152038.66,323931.187
603238.SH,20250520,16.42,17.66,16.27,17.15,16.48,4.0655,120548.5,206785.182
603239.SH,20250520,14.8,14.96,14.58,14.91,14.83,0.5394,68925.13,101741.384
603255.SH,20250520,25.4,25.52,25.03,25.4,25.52,-0.4702,19445.33,49093.757
603256.SH,20250520,9.62,9.82,9.55,9.78,9.62,1.6632,86524.0,83907.015
603257.SH,20250520,52.61,52.9,51.68,52.11,52.6,-0.9316,40347.8,210295.341
603258.SH,20250520,20.29,20.88,19.92,20.69,20.12,2.833,38975.0,79950.388
603259.SH,20250520,61.3,62.98,61.3,62.66,61.05,2.6372,318648.02,1988034.098
603260.SH,20250520,50.9,50.99,50.45,50.58,50.79,-0.4135,11422.05,57776.782
603261.SH,20250520,18.32,18.93,18.28,18.53,18.62,-0.4834,30013.0,55685.389
603266.SH,20250520,18.87,19.88,18.66,19.69,18.94,3.9599,125569.0,242526.956
603267.SH,20250520,48.13,48.48,47.35,48.3,48.19,0.2283,48922.41,234853.432
603268.SH,20250520,43.0,43.14,41.88,42.3,43.15,-1.9699,18826.2,79757.198
603269.SH,20250520,12.19,12.36,12.03,12.33,12.11,1.8167,74882.56,91472.517
603270.SH,20250520,27.29,27.38,26.65,27.08,26.98,0.3706,48632.6,131677.921
603271.SH,20250520,36.37,36.63,36.22,36.58,36.37,0.5774,13500.84,49244.842
603272.SH,20250520,17.61,17.83,17.32,17.78,17.44,1.9495,16911.54,29748.924
603273.SH,20250520,17.15,17.44,16.95,17.43,17.14,1.6919,22067.09,38161.335
603275.SH,20250520,37.13,38.09,36.89,37.92,37.16,2.0452,12402.23,46571.922
603276.SH,20250520,13.81,13.87,13.75,13.86,13.81,0.3621,21216.75,29294.944
603277.SH,20250520,23.5,23.96,23.31,23.59,23.56,0.1273,14608.72,34553.692
603278.SH,20250520,9.95,10.0,9.7,9.81,10.05,-2.3881,183717.0,180839.574
603279.SH,20250520,16.25,16.42,16.11,16.35,16.25,0.6154,24710.59,40326.896
603280.SH,20250520,25.35,25.35,25.03,25.25,25.32,-0.2765,23822.86,60117.216
603281.SH,20250520,23.89,23.89,23.43,23.6,23.76,-0.6734,22638.58,53417.507
603282.SH,20250520,16.41,16.51,16.18,16.51,16.38,0.7937,11309.44,18527.688
603283.SH,20250520,44.0,44.6,43.7,44.29,44.28,0.0226,33299.96,147215.663
603285.SH,20250520,23.24,23.39,23.0,23.25,23.3,-0.2146,25503.16,59091.726
603286.SH,20250520,34.5,34.73,33.2,33.78,34.54,-2.2003,109801.8,371599.48
603288.SH,20250520,42.86,43.5,42.75,42.98,42.91,0.1631,86138.89,371495.054
603289.SH,20250520,9.23,9.5,9.13,9.3,9.24,0.6494,64958.0,60474.842
603290.SH,20250520,82.6,83.18,82.23,82.88,82.56,0.3876,10861.76,89921.463
603291.SH,20250520,11.99,12.15,11.69,12.06,12.1,-0.3306,97895.9,116784.829
603296.SH,20250520,71.83,71.86,69.97,70.75,71.45,-0.9797,106607.05,753198.353
603297.SH,20250520,87.4,87.66,85.79,86.59,86.87,-0.3223,8362.0,72476.539
603298.SH,20250520,19.24,19.49,18.97,19.42,19.24,0.9356,30600.48,59153.226
603299.SH,20250520,9.74,9.82,9.74,9.79,9.74,0.5133,59662.92,58334.738
603300.SH,20250520,10.66,10.94,10.53,10.85,10.75,0.9302,1488964.34,1602641.953
603301.SH,20250520,20.24,20.58,20.19,20.55,20.19,1.7831,36215.8,73789.646
603303.SH,20250520,13.0,13.1,12.4,12.68,12.38,2.4233,21911.48,27632.927
603305.SH,20250520,13.2,13.2,12.87,13.15,13.06,0.6891,108984.63,142569.506
603306.SH,20250520,40.51,41.8,39.8,41.65,40.53,2.7634,130184.61,534521.231
603307.SH,20250520,36.4,37.11,36.29,36.95,36.5,1.2329,7284.0,26842.664
603308.SH,20250520,20.5,21.75,20.0,21.49,20.5,4.8293,146588.26,309324.253
603309.SH,20250520,12.21,12.4,12.18,12.39,12.18,1.7241,37432.64,46159.949
603310.SH,20250520,18.36,18.72,18.22,18.64,18.36,1.5251,18816.12,34930.173
603311.SH,20250520,10.62,10.74,10.57,10.73,10.63,0.9407,31510.0,33648.449
603312.SH,20250520,38.28,38.79,37.92,38.64,38.16,1.2579,6821.8,26210.025
603313.SH,20250520,8.3,8.38,8.13,8.18,8.22,-0.4866,130139.46,106799.604
603315.SH,20250520,13.24,13.56,13.01,13.36,13.19,1.2889,101183.99,134301.933
603316.SH,20250520,6.78,6.99,6.7,6.98,6.86,1.7493,75523.6,51923.019
603317.SH,20250520,11.96,12.31,11.75,12.1,11.73,3.1543,411618.04,496796.878
603318.SH,20250520,6.85,6.85,6.65,6.76,6.78,-0.295,114724.0,77226.864
603319.SH,20250520,36.0,36.23,35.4,35.74,35.85,-0.3068,80568.04,288334.836
603320.SH,20250520,17.16,17.38,16.93,17.37,17.16,1.2238,21307.37,36762.003
603321.SH,20250520,7.56,7.72,7.51,7.71,7.56,1.9841,40566.0,30906.221
603322.SH,20250520,33.61,35.46,33.21,35.44,33.61,5.4448,132928.44,458713.11
603323.SH,20250520,5.5,5.56,5.48,5.5,5.5,0.0,313268.66,172800.777
603324.SH,20250520,24.4,24.65,24.28,24.58,24.39,0.779,10324.6,25304.361
603325.SH,20250520,91.5,92.98,91.32,92.21,91.57,0.6989,4626.28,42589.627
603326.SH,20250520,9.7,9.79,9.33,9.66,9.64,0.2075,196179.96,186650.62
603327.SH,20250520,11.63,11.71,11.52,11.69,11.63,0.5159,31877.18,37120.502
603328.SH,20250520,9.0,9.06,8.93,9.03,9.0,0.3333,63853.0,57582.998
603329.SH,20250520,15.08,15.15,14.87,15.12,15.14,-0.1321,43624.05,65652.351
603330.SH,20250520,6.88,6.91,6.75,6.89,6.88,0.1453,81131.94,55467.13
603331.SH,20250520,10.4,10.43,10.07,10.33,10.4,-0.6731,198383.0,203248.164
603332.SH,20250520,14.35,16.53,13.53,16.53,15.03,9.98,562062.99,836989.893
603333.SH,20250520,5.69,5.8,5.61,5.79,5.68,1.9366,150185.0,85915.701
603335.SH,20250520,4.85,4.86,4.74,4.85,4.85,0.0,163263.0,78668.771
603336.SH,20250520,5.41,5.69,5.38,5.59,5.4,3.5185,365895.22,203696.92
603337.SH,20250520,40.83,41.39,40.23,41.01,41.14,-0.316,58725.79,239360.526
603338.SH,20250520,46.53,46.85,45.89,46.67,46.58,0.1932,54055.2,251098.441
603339.SH,20250520,11.85,12.15,11.82,12.06,11.96,0.8361,28959.99,34687.045
603341.SH,20250520,39.27,39.44,38.64,39.22,39.11,0.2813,21601.0,84501.327
603344.SH,20250520,26.22,27.76,25.92,26.96,26.28,2.5875,93252.16,252100.237
603345.SH,20250520,80.81,81.68,80.52,80.72,80.89,-0.2102,29966.57,243033.889
603348.SH,20250520,21.16,21.24,20.97,21.2,21.15,0.2364,31409.18,66408.104
603350.SH,20250520,42.0,44.5,41.6,41.8,41.6,0.4808,91054.03,389822.071
603351.SH,20250520,28.25,28.58,27.63,27.84,28.3,-1.6254,22985.0,64440.367
603353.SH,20250520,15.51,15.88,15.44,15.87,15.54,2.1236,30096.0,47287.673
603355.SH,20250520,22.7,23.08,22.53,23.0,22.67,1.4557,20309.75,46380.564
603356.SH,20250520,13.43,13.53,13.3,13.49,13.43,0.4468,33676.0,45137.143
603357.SH,20250520,8.55,8.58,8.51,8.58,8.55,0.3509,54102.44,46282.059
603358.SH,20250520,35.0,36.05,35.0,36.0,34.99,2.8865,29616.4,105628.944
603359.SH,20250520,7.5,8.14,7.04,7.84,7.47,4.9531,870981.24,662137.753
603360.SH,20250520,27.29,27.5,26.91,27.42,27.28,0.5132,51286.72,139600.21
603363.SH,20250520,4.2,4.39,3.96,3.97,4.04,-1.7327,1277028.83,530179.576
603365.SH,20250520,16.23,17.25,16.23,16.93,16.32,3.7377,34478.81,58347.988
603366.SH,20250520,10.06,10.47,9.96,10.34,10.06,2.7833,279696.0,287270.546
603367.SH,20250520,13.54,13.75,13.52,13.68,13.5,1.3333,61119.56,83513.226
603368.SH,20250520,17.17,17.26,17.1,17.22,17.17,0.2912,75555.93,129811.348
603369.SH,20250520,46.0,46.66,46.0,46.05,46.16,-0.2383,46199.99,214136.27
603373.SH,20250520,31.83,32.99,31.83,32.36,32.13,0.7158,24177.36,78425.092
603375.SH,20250520,34.99,35.15,34.6,35.1,34.85,0.7174,10722.0,37498.4
603377.SH,20250520,2.98,3.0,2.93,2.96,2.97,-0.3367,45441.8,13477.69
603378.SH,20250520,7.01,7.17,6.71,6.87,6.86,0.1458,432454.36,301064.45
603379.SH,20250520,46.82,47.66,46.6,47.3,46.9,0.8529,45245.16,213442.788
603380.SH,20250520,24.3,24.64,24.15,24.52,24.39,0.533,9865.0,24071.141
603381.SH,20250520,21.35,21.48,21.25,21.46,21.35,0.5152,10955.2,23407.662
603383.SH,20250520,40.09,40.57,39.83,40.25,40.09,0.3991,16809.05,67679.755
603385.SH,20250520,6.4,6.48,6.34,6.46,6.38,1.2539,40167.0,25757.887
603386.SH,20250520,10.87,11.01,10.81,11.0,10.92,0.7326,35704.4,39077.228
603387.SH,20250520,8.11,8.42,8.1,8.26,8.09,2.1014,95816.2,79186.954
603388.SH,20250520,3.86,3.89,3.73,3.79,3.86,-1.8135,177621.4,67876.765
603389.SH,20250520,9.97,10.46,9.5,10.07,9.96,1.1044,216788.11,217328.618
603390.SH,20250520,10.43,10.63,10.4,10.62,10.53,0.8547,58947.0,62171.099
603391.SH,20250520,37.08,37.54,36.92,37.5,37.08,1.1327,9169.82,34222.571
603392.SH,20250520,68.4,69.14,67.67,67.78,68.42,-0.9354,21511.42,146438.439
603393.SH,20250520,28.77,29.49,28.57,29.41,28.76,2.2601,52541.43,152989.432
603395.SH,20250520,44.63,44.78,44.37,44.61,44.62,-0.0224,15714.0,70048.023
603396.SH,20250520,24.7,24.94,24.56,24.83,24.72,0.445,12463.0,30791.626
603398.SH,20250520,5.34,5.51,5.27,5.51,5.25,4.9524,654237.34,355920.063
603399.SH,20250520,8.78,8.88,8.73,8.88,8.8,0.9091,67991.0,59932.315
603408.SH,20250520,11.48,11.61,11.45,11.6,11.52,0.6944,23832.59,27530.351
603409.SH,20250520,35.27,35.59,35.18,35.55,35.31,0.6797,10698.94,37905.531
603416.SH,20250520,63.0,64.0,61.6,62.58,61.18,2.2883,49548.0,311015.402
603421.SH,20250520,6.55,6.59,6.46,6.58,6.54,0.6116,57500.65,37660.363
603429.SH,20250520,8.92,9.1,8.8,9.08,8.92,1.7937,182179.86,163339.082
603439.SH,20250520,12.08,12.23,12.03,12.17,12.07,0.8285,37414.0,45502.453
603444.SH,20250520,240.3,245.0,238.01,241.4,240.31,0.4536,8085.89,195341.65
603456.SH,20250520,14.08,14.48,14.08,14.38,14.11,1.9135,212467.75,305269.224
603458.SH,20250520,7.68,7.86,7.6,7.74,7.71,0.3891,73131.15,56330.041
603466.SH,20250520,10.23,10.45,10.13,10.42,10.23,1.8573,111094.9,114883.8
603477.SH,20250520,20.07,21.17,19.9,20.79,20.07,3.5874,200381.9,413123.968
603486.SH,20250520,57.39,60.44,56.68,58.9,57.42,2.5775,65970.79,387821.657
603488.SH,20250520,8.0,8.11,7.97,8.05,8.07,-0.2478,121374.26,97520.357
603489.SH,20250520,27.69,28.03,27.5,27.79,27.82,-0.1078,27712.84,77136.517
603496.SH,20250520,26.1,26.74,25.71,26.39,26.15,0.9178,123720.0,325161.329
603499.SH,20250520,22.49,22.9,22.47,22.79,22.66,0.5737,27826.0,63187.204
603500.SH,20250520,9.0,9.45,8.9,9.32,8.84,5.4299,214611.49,196757.17
603501.SH,20250520,128.55,132.0,128.28,131.65,128.22,2.6751,138801.1,1818047.565
603505.SH,20250520,23.1,23.12,22.45,22.6,23.09,-2.1221,76487.86,172939.662
603506.SH,20250520,11.49,11.99,11.3,11.64,11.49,1.3055,60105.4,69541.981
603507.SH,20250520,28.2,29.18,28.12,28.66,28.48,0.632,211036.56,604936.559
603508.SH,20250520,25.93,26.14,25.83,26.0,25.94,0.2313,28238.4,73405.354
603511.SH,20250520,14.15,14.57,14.13,14.48,14.18,2.1157,39281.0,56699.26
603515.SH,20250520,18.2,19.18,18.11,18.79,18.23,3.0719,50822.93,95273.497
603516.SH,20250520,36.19,36.36,35.57,35.85,36.15,-0.8299,42716.4,153456.978
603517.SH,20250520,16.19,16.62,16.13,16.53,16.21,1.9741,164987.62,271440.926
603518.SH,20250520,8.03,8.36,8.03,8.31,8.03,3.4869,203101.58,166515.355
603519.SH,20250520,13.36,13.8,13.3,13.6,13.58,0.1473,51983.68,70012.732
603520.SH,20250520,9.18,9.33,9.15,9.24,9.18,0.6536,118971.0,109582.673
603527.SH,20250520,9.95,10.16,9.88,10.12,9.97,1.5045,55712.6,55712.089
603528.SH,20250520,8.08,8.18,7.96,8.16,8.08,0.9901,102950.7,83448.56
603529.SH,20250520,40.22,40.58,39.66,40.13,40.22,-0.2238,38664.22,154857.965
603530.SH,20250520,25.9,26.45,25.71,26.04,25.91,0.5017,34944.0,91489.051
603533.SH,20250520,20.5,20.87,20.04,20.7,20.39,1.5204,118011.99,242643.62
603535.SH,20250520,9.58,9.93,9.4,9.66,9.56,1.046,248010.32,238233.632
603536.SH,20250520,9.45,9.65,9.37,9.54,9.39,1.5974,123697.2,117660.481
603538.SH,20250520,14.1,14.57,14.1,14.47,14.14,2.3338,70096.31,101395.921
603551.SH,20250520,10.64,10.75,10.62,10.73,10.67,0.5623,11333.82,12132.318
603556.SH,20250520,26.87,27.04,26.7,26.98,26.89,0.3347,28677.75,77234.145
603557.SH,20250520,3.0,3.05,2.97,3.0,3.01,-0.3322,178150.14,53554.291
603558.SH,20250520,9.01,9.06,8.95,9.05,9.0,0.5556,36948.0,33270.367
603559.SH,20250520,8.35,8.69,8.3,8.68,8.29,4.7045,21818.68,18696.418
603565.SH,20250520,9.85,10.01,9.81,10.0,9.85,1.5228,170931.63,169927.708
603566.SH,20250520,14.38,15.35,14.33,15.05,14.44,4.2244,188218.28,280667.147
603567.SH,20250520,11.37,11.52,11.33,11.49,11.34,1.3228,57628.01,66012.374
603568.SH,20250520,19.61,19.82,19.46,19.68,19.57,0.5621,35831.37,70423.375
603569.SH,20250520,8.2,8.23,8.11,8.22,8.22,0.0,190463.4,155502.518
603577.SH,20250520,8.29,8.34,8.16,8.33,8.25,0.9697,48167.4,39830.225
603578.SH,20250520,14.8,14.92,14.62,14.86,14.76,0.6775,20850.12,30826.257
603579.SH,20250520,26.07,26.15,25.0,26.02,26.19,-0.6491,86596.2,221423.969
603580.SH,20250520,13.27,13.55,13.15,13.45,13.25,1.5094,27140.72,36355.563
603583.SH,20250520,38.77,40.48,38.36,39.67,38.85,2.1107,128213.9,508657.972
603585.SH,20250520,15.7,15.81,15.43,15.59,15.81,-1.3915,18845.0,29343.67
603586.SH,20250520,17.68,18.09,17.59,18.06,17.93,0.725,84537.0,150595.92
603587.SH,20250520,12.28,12.39,12.19,12.37,12.24,1.0621,30645.99,37759.314
603588.SH,20250520,5.95,6.05,5.81,5.86,5.84,0.3425,954272.87,564316.304
603589.SH,20250520,35.87,36.3,35.8,36.02,35.95,0.1947,23023.84,83076.788
603590.SH,20250520,29.51,30.78,29.5,30.01,29.51,1.6943,18221.71,55252.204
603595.SH,20250520,18.41,18.87,18.18,18.76,18.42,1.8458,63489.99,118118.759
603596.SH,20250520,56.88,58.09,56.13,57.66,57.3,0.6283,42516.05,244095.902
603598.SH,20250520,16.45,16.85,16.28,16.79,16.48,1.8811,92655.0,154804.565
603599.SH,20250520,10.93,11.14,10.84,11.02,10.93,0.8234,68827.21,75841.683
603600.SH,20250520,10.71,10.79,10.55,10.72,10.64,0.7519,93218.0,99439.25
603601.SH,20250520,3.63,3.65,3.61,3.63,3.62,0.2762,158288.74,57441.278
603602.SH,20250520,15.46,15.57,15.17,15.56,15.39,1.1046,49338.01,75902.535
603605.SH,20250520,96.0,99.5,95.11,97.88,97.93,-0.0511,82058.68,801197.49
603606.SH,20250520,50.2,50.7,49.5,50.5,50.2,0.5976,43664.68,219030.945
603607.SH,20250520,20.9,22.77,20.69,22.77,20.7,10.0,218270.05,477013.212
603608.SH,20250520,4.87,5.01,4.77,4.95,4.85,2.0619,129225.2,63582.174
603609.SH,20250520,8.84,9.23,8.8,9.06,8.85,2.3729,92843.43,83905.432
603610.SH,20250520,12.66,12.69,12.4,12.48,12.85,-2.8794,220549.98,275636.366
603611.SH,20250520,19.57,19.63,19.28,19.54,19.58,-0.2043,45083.2,87716.138
603612.SH,20250520,17.02,17.26,16.87,17.07,16.98,0.53,81239.0,138778.742
603613.SH,20250520,23.91,24.31,23.74,24.21,23.86,1.4669,63942.69,154091.886
603615.SH,20250520,21.43,21.55,20.9,20.98,21.43,-2.0999,31158.0,65784.284
603616.SH,20250520,3.96,4.01,3.88,3.98,3.91,1.7903,152752.0,60447.802
603617.SH,20250520,7.2,7.28,7.11,7.27,7.2,0.9722,71292.94,51494.018
603618.SH,20250520,6.4,6.49,6.32,6.49,6.4,1.4063,138916.72,89236.781
603619.SH,20250520,17.12,17.21,16.92,17.17,17.11,0.3507,70894.0,121101.815
603626.SH,20250520,8.58,8.68,8.3,8.52,8.55,-0.3509,399854.0,338335.518
603628.SH,20250520,12.08,12.12,11.96,12.1,12.04,0.4983,32882.12,39572.925
603629.SH,20250520,24.02,24.7,23.7,24.39,24.28,0.453,120330.0,291508.62
603630.SH,20250520,26.02,27.37,25.41,27.37,24.88,10.008,198397.39,535781.836
603633.SH,20250520,8.47,8.65,8.42,8.58,8.54,0.4684,108748.35,93226.609
603636.SH,20250520,12.05,12.18,11.88,12.17,12.07,0.8285,89271.99,107701.501
603637.SH,20250520,10.22,10.42,10.1,10.33,10.22,1.0763,47746.36,49195.711
603638.SH,20250520,18.27,18.38,18.0,18.22,18.25,-0.1644,25828.84,47025.666
603639.SH,20250520,13.42,13.75,13.38,13.63,13.49,1.0378,25917.8,35231.471
603648.SH,20250520,10.51,10.59,10.37,10.55,10.55,0.0,80312.0,84010.038
603650.SH,20250520,31.9,31.98,31.62,31.94,31.91,0.094,21436.0,68324.499
603655.SH,20250520,24.59,24.77,24.27,24.72,24.5,0.898,16067.0,39463.696
603656.SH,20250520,19.62,19.99,19.46,19.69,19.66,0.1526,46917.99,92713.119
603657.SH,20250520,22.35,22.7,22.04,22.65,22.35,1.3423,125119.61,280851.643
603658.SH,20250520,39.3,39.84,39.27,39.45,39.3,0.3817,19356.36,76517.065
603659.SH,20250520,17.21,17.29,17.08,17.17,17.21,-0.2324,85304.84,146537.737
603660.SH,20250520,6.9,7.04,6.81,7.03,6.89,2.0319,157154.0,109455.289
603661.SH,20250520,27.43,27.69,27.23,27.52,27.43,0.3281,8495.6,23320.237
603662.SH,20250520,65.7,66.48,65.07,65.85,65.87,-0.0304,54486.7,359340.775
603663.SH,20250520,24.26,24.44,22.51,23.11,24.22,-4.583,202365.52,476943.394
603665.SH,20250520,22.96,23.84,22.51,23.78,23.05,3.167,80702.53,187156.236
603666.SH,20250520,36.0,36.03,34.9,35.43,36.18,-2.073,57490.35,203348.398
603667.SH,20250520,41.88,43.5,40.67,41.06,40.61,1.1081,498886.3,2092355.618
603668.SH,20250520,13.85,14.04,13.73,13.77,13.82,-0.3618,45204.16,62655.489
603669.SH,20250520,4.85,4.95,4.83,4.92,4.83,1.8634,100275.7,49034.89
603676.SH,20250520,10.69,10.96,10.65,10.82,10.7,1.1215,61301.0,66317.088
603677.SH,20250520,22.01,22.79,21.6,22.68,22.35,1.4765,115259.69,257973.004
603678.SH,20250520,36.37,36.5,35.35,35.7,36.36,-1.8152,76920.93,274576.982
603679.SH,20250520,13.35,13.55,13.15,13.52,13.3,1.6541,26208.4,35065.87
603680.SH,20250520,9.95,10.02,9.86,9.92,9.98,-0.6012,42900.28,42518.803
603681.SH,20250520,14.05,14.18,13.75,13.86,13.98,-0.8584,64874.69,90062.873
603682.SH,20250520,5.61,5.68,5.53,5.67,5.6,1.25,126812.0,71286.138
603683.SH,20250520,14.4,14.85,14.3,14.56,14.55,0.0687,93252.02,135924.183
603685.SH,20250520,13.0,13.28,12.85,13.05,12.88,1.3199,24225.6,31588.718
603686.SH,20250520,14.87,15.28,14.41,14.57,14.61,-0.2738,763872.8,1128160.652
603687.SH,20250520,7.2,7.47,7.16,7.42,7.19,3.1989,186928.0,137765.099
603688.SH,20250520,32.96,33.07,32.45,32.88,33.13,-0.7546,97317.66,319183.438
603689.SH,20250520,8.82,8.85,8.75,8.8,8.82,-0.2268,21903.4,19248.089
603690.SH,20250520,25.63,25.97,25.32,25.96,25.63,1.2876,145526.65,375090.657
603693.SH,20250520,12.2,13.4,12.11,13.4,12.18,10.0164,368626.7,474010.79
603696.SH,20250520,12.9,14.29,12.68,13.72,13.0,5.5385,504620.11,681271.032
603697.SH,20250520,13.2,13.9,13.04,13.28,13.25,0.2264,214218.6,287802.847
603698.SH,20250520,17.45,17.8,17.38,17.71,17.48,1.3158,44084.68,77851.948
603699.SH,20250520,28.0,28.61,27.94,28.4,28.05,1.2478,25388.88,71932.554
603700.SH,20250520,12.08,12.1,11.94,12.1,12.03,0.5819,36749.0,44228.508
603701.SH,20250520,17.4,17.41,17.01,17.07,17.23,-0.9286,25694.0,44005.218
603703.SH,20250520,11.0,11.0,10.7,10.91,11.16,-2.2401,112473.8,122513.091
603706.SH,20250520,19.19,19.42,19.12,19.41,19.19,1.1464,11227.24,21682.968
603707.SH,20250520,11.03,11.25,11.01,11.12,10.95,1.5525,197925.17,220274.15
603708.SH,20250520,11.2,11.45,11.09,11.22,11.26,-0.3552,93915.03,105584.011
603709.SH,20250520,12.43,12.72,12.26,12.71,12.41,2.4174,28176.48,35389.338
603711.SH,20250520,13.39,13.74,13.33,13.57,13.37,1.4959,55028.0,74702.947
603712.SH,20250520,20.42,20.42,19.84,19.88,20.53,-3.1661,212796.84,426056.849
603713.SH,20250520,48.04,50.48,47.85,50.36,48.05,4.8075,34244.14,170162.51
603716.SH,20250520,11.06,11.29,11.03,11.17,11.11,0.5401,108860.69,121279.651
603717.SH,20250520,7.27,7.39,7.22,7.38,7.27,1.5131,76031.0,55684.215
603718.SH,20250520,6.96,7.32,6.92,7.23,6.96,3.8793,262684.25,187994.592
603719.SH,20250520,12.1,12.6,12.05,12.45,12.14,2.5535,130814.62,162365.244
603721.SH,20250520,18.98,19.25,18.75,18.78,18.77,0.0533,75402.0,143299.58
603722.SH,20250520,38.68,39.17,38.35,38.66,38.68,-0.0517,11445.0,44285.629
603725.SH,20250520,7.19,7.91,7.18,7.91,7.19,10.0139,159390.47,122235.413
603726.SH,20250520,15.78,15.94,15.51,15.92,15.77,0.9512,23787.0,37633.009
603727.SH,20250520,13.62,13.74,13.49,13.71,13.6,0.8088,30092.0,41021.311
603728.SH,20250520,60.59,61.59,59.8,60.85,60.89,-0.0657,57792.0,351283.882
603729.SH,20250520,15.79,16.21,15.7,16.2,15.78,2.6616,37063.4,59464.298
603730.SH,20250520,8.2,8.28,8.18,8.26,8.22,0.4866,40265.98,33137.956
603733.SH,20250520,20.89,21.42,20.81,21.4,20.89,2.4414,27105.17,57341.493
603737.SH,20250520,47.28,47.5,46.81,47.13,47.16,-0.0636,13089.23,61669.057
603738.SH,20250520,13.84,13.93,13.68,13.92,13.79,0.9427,45218.4,62605.265
603739.SH,20250520,13.59,14.18,13.5,13.99,13.6,2.8676,168273.6,233750.794
603755.SH,20250520,26.57,27.14,26.41,26.96,26.5,1.7358,11717.0,31505.479
603757.SH,20250520,24.0,25.09,23.81,24.79,24.1,2.8631,57510.5,141145.609
603758.SH,20250520,13.63,13.67,13.1,13.33,13.7,-2.7007,168162.0,224691.614
603759.SH,20250520,7.95,8.0,7.89,7.97,7.95,0.2516,46588.4,37018.215
603766.SH,20250520,13.33,13.49,12.76,12.95,13.33,-2.8507,459359.5,598962.572
603767.SH,20250520,15.93,16.58,15.58,16.22,15.98,1.5019,294207.99,477837.117
603768.SH,20250520,12.03,12.32,11.98,12.26,12.12,1.1551,28217.76,34292.36
603773.SH,20250520,22.98,23.03,22.68,22.95,22.95,0.0,24963.59,57070.689
603776.SH,20250520,18.59,19.23,18.35,18.83,18.83,0.0,111005.34,208987.523
603777.SH,20250520,13.48,13.88,13.38,13.78,13.48,2.2255,127723.6,175009.352
603778.SH,20250520,3.22,3.27,3.2,3.26,3.23,0.9288,87589.0,28435.521
603779.SH,20250520,7.59,7.69,7.47,7.63,7.51,1.5979,110912.65,84208.138
603786.SH,20250520,54.44,54.45,53.61,53.73,54.42,-1.2679,11369.81,61164.003
603787.SH,20250520,11.61,11.72,11.52,11.7,11.6,0.8621,26949.0,31365.018
603788.SH,20250520,16.48,16.69,16.2,16.65,16.5,0.9091,70945.6,116984.711
603789.SH,20250520,5.37,5.58,5.33,5.55,5.38,3.1599,105722.5,57911.841
603790.SH,20250520,18.03,19.14,17.8,18.35,18.03,1.7748,64626.0,119841.508
603797.SH,20250520,4.26,4.28,4.22,4.27,4.26,0.2347,38123.77,16244.666
603798.SH,20250520,10.08,10.15,9.87,10.12,9.98,1.4028,46187.1,46422.853
603799.SH,20250520,34.96,35.08,34.76,34.93,34.96,-0.0858,148850.92,519623.499
603800.SH,20250520,22.76,22.76,21.8,22.28,22.58,-1.3286,46680.0,104099.478
603801.SH,20250520,10.85,10.94,10.77,10.87,10.85,0.1843,38842.44,42198.181
603803.SH,20250520,10.2,10.24,9.97,10.06,10.19,-1.2758,183531.96,184593.12
603806.SH,20250520,12.67,12.75,12.59,12.74,12.69,0.394,99893.35,126636.639
603808.SH,20250520,7.45,7.63,7.35,7.6,7.45,2.0134,46159.15,34855.623
603809.SH,20250520,15.71,15.9,15.41,15.67,15.83,-1.0107,276481.07,432327.802
603810.SH,20250520,15.15,15.62,15.12,15.58,15.19,2.5675,26592.92,41056.359
603811.SH,20250520,9.12,9.29,9.11,9.27,9.16,1.2009,57191.17,52879.755
603813.SH,20250520,13.69,13.78,13.51,13.73,13.66,0.5124,5712.0,7791.974
603815.SH,20250520,8.15,8.16,7.9,7.9,8.13,-2.829,107075.0,85536.437
603816.SH,20250520,25.5,26.05,25.45,25.98,25.57,1.6034,45721.34,118232.689
603817.SH,20250520,5.82,5.85,5.79,5.84,5.81,0.5164,82131.22,47873.979
603818.SH,20250520,3.62,3.66,3.57,3.63,3.62,0.2762,181169.07,65479.585
603819.SH,20250520,15.17,15.18,14.88,14.9,15.16,-1.715,59732.0,89649.952
603822.SH,20250520,50.06,50.69,47.5,49.86,50.06,-0.3995,25826.04,126361.978
603823.SH,20250520,10.49,10.61,10.29,10.5,10.49,0.0953,63167.62,65827.902
603825.SH,20250520,11.95,12.25,11.84,12.23,11.95,2.3431,76903.0,93080.925
603826.SH,20250520,20.18,20.66,20.09,20.15,20.18,-0.1487,23648.0,47975.287
603828.SH,20250520,5.35,5.45,5.09,5.09,5.36,-5.0373,131050.6,68142.744
603829.SH,20250520,15.75,15.75,15.5,15.73,15.68,0.3189,11940.81,18681.064
603833.SH,20250520,63.34,63.75,62.6,63.68,63.22,0.7276,25468.95,160867.988
603836.SH,20250520,14.24,14.35,13.98,14.06,14.29,-1.6095,90116.0,126768.867
603838.SH,20250520,5.33,5.33,5.18,5.28,5.31,-0.565,26599.8,13963.854
603839.SH,20250520,6.92,7.38,6.74,7.02,7.05,-0.4255,317755.68,226343.52
603843.SH,20250520,2.52,2.59,2.48,2.54,2.56,-0.7813,556413.86,140688.739
603848.SH,20250520,15.7,15.76,15.39,15.51,15.57,-0.3854,20663.0,32202.874
603855.SH,20250520,20.3,20.99,20.08,20.76,20.22,2.6706,39425.0,81422.331
603856.SH,20250520,11.57,11.57,11.49,11.55,11.54,0.0867,16847.0,19418.25
603858.SH,20250520,16.22,16.34,16.16,16.31,16.2,0.679,45560.55,74140.027
603859.SH,20250520,29.99,30.08,29.54,29.76,29.93,-0.568,30745.0,91518.9
603860.SH,20250520,29.93,30.31,29.74,30.22,29.86,1.2056,12285.0,36956.896
603861.SH,20250520,9.21,9.28,9.14,9.27,9.19,0.8705,54343.0,50136.581
603863.SH,20250520,14.2,14.22,13.82,14.15,13.99,1.1437,72504.0,101849.731
603866.SH,20250520,5.53,5.64,5.52,5.6,5.53,1.2658,236744.73,132398.493
603867.SH,20250520,24.33,24.4,24.11,24.32,24.29,0.1235,18202.46,44115.206
603868.SH,20250520,37.42,37.97,37.2,37.77,37.42,0.9353,9926.51,37420.837
603869.SH,20250520,6.13,6.24,6.09,6.15,6.13,0.3263,18086.5,11157.76
603871.SH,20250520,14.59,14.64,14.48,14.61,14.59,0.1371,44272.01,64514.806
603876.SH,20250520,8.74,8.81,8.7,8.81,8.73,0.9164,84446.35,74043.325
603877.SH,20250520,15.6,16.15,15.46,15.84,15.57,1.7341,25685.43,40519.744
603878.SH,20250520,5.36,5.4,5.32,5.38,5.36,0.3731,50330.5,26972.331
603879.SH,20250520,4.96,5.0,4.88,4.93,4.9,0.6122,101665.67,50057.602
603880.SH,20250520,5.43,5.58,5.41,5.56,5.48,1.4599,46045.8,25377.463
603881.SH,20250520,30.9,31.48,30.61,31.15,30.97,0.5812,166478.58,518833.339
603882.SH,20250520,30.3,30.56,29.81,30.07,30.3,-0.7591,61088.0,183870.882
603883.SH,20250520,19.15,19.43,18.81,19.14,19.09,0.2619,219945.07,421939.598
603885.SH,20250520,12.96,13.07,12.77,13.04,12.97,0.5397,149920.76,193485.707
603886.SH,20250520,14.17,14.66,14.09,14.58,14.2,2.6761,54276.0,78680.896
603887.SH,20250520,17.75,18.3,17.6,17.95,18.07,-0.6641,261936.91,471404.415
603888.SH,20250520,23.1,23.32,23.01,23.24,23.07,0.7369,53051.82,123081.15
603889.SH,20250520,6.14,6.19,6.12,6.17,6.13,0.6525,39361.6,24214.527
603890.SH,20250520,12.66,12.74,12.49,12.71,12.72,-0.0786,189233.12,238297.179
603893.SH,20250520,162.0,162.7,159.81,162.32,163.05,-0.4477,55838.49,902156.388
603895.SH,20250520,26.55,28.0,26.34,27.44,26.56,3.3133,16684.2,45377.174
603896.SH,20250520,21.33,21.65,21.26,21.36,21.23,0.6123,42485.82,91129.73
603897.SH,20250520,28.8,28.8,27.22,27.64,28.78,-3.9611,137071.89,378633.933
603898.SH,20250520,11.0,11.77,10.86,11.35,10.95,3.653,44281.0,50285.013
603899.SH,20250520,27.82,29.06,27.81,28.74,27.83,3.2699,70686.84,202187.667
603900.SH,20250520,7.94,8.89,7.94,8.89,8.08,10.0248,206746.41,175780.772
603901.SH,20250520,10.53,11.52,10.18,11.52,10.47,10.0287,238292.63,263672.022
603903.SH,20250520,7.32,7.6,7.25,7.46,7.32,1.9126,56422.2,41843.342
603906.SH,20250520,11.08,11.23,10.9,11.12,11.08,0.361,165146.13,183152.705
603908.SH,20250520,24.44,25.55,24.3,25.31,24.45,3.5174,32381.6,81279.111
603909.SH,20250520,9.23,9.32,9.13,9.29,9.19,1.0881,16028.0,14808.434
603912.SH,20250520,9.24,9.29,9.13,9.18,9.29,-1.1841,209356.08,192340.328
603915.SH,20250520,17.03,17.4,16.3,16.6,17.76,-6.5315,247040.61,411831.728
603916.SH,20250520,8.98,8.98,8.84,8.89,8.97,-0.8919,66586.4,59224.775
603917.SH,20250520,13.88,14.14,13.88,13.94,13.91,0.2157,46448.0,64992.102
603918.SH,20250520,16.66,16.76,16.33,16.58,16.65,-0.4204,126850.44,209686.81
603919.SH,20250520,19.21,19.47,19.15,19.27,19.22,0.2601,26891.1,51996.434
603920.SH,20250520,26.0,26.45,25.86,26.4,26.03,1.4214,119721.97,313723.107
603922.SH,20250520,20.2,20.22,18.9,19.01,18.4,3.3152,288464.97,560238.683
603926.SH,20250520,12.99,14.01,12.97,14.01,12.74,9.9686,205095.04,282595.536
603927.SH,20250520,18.9,18.97,18.76,18.94,18.81,0.6911,59911.4,113094.66
603928.SH,20250520,10.64,10.77,10.58,10.67,10.72,-0.4664,50338.1,53851.65
603929.SH,20250520,28.54,29.16,28.43,28.96,28.49,1.6497,27009.38,77892.187
603931.SH,20250520,28.8,29.63,28.32,29.08,28.68,1.3947,30139.01,87504.679
603933.SH,20250520,15.6,16.19,15.44,16.18,15.61,3.6515,55295.0,88375.525
603936.SH,20250520,7.79,7.84,7.72,7.83,7.79,0.5135,86627.12,67529.023
603937.SH,20250520,9.81,10.26,9.74,10.15,9.81,3.4659,82156.0,82652.111
603938.SH,20250520,15.05,15.75,14.71,15.64,15.04,3.9894,175607.84,268948.387
603939.SH,20250520,27.66,28.05,27.31,27.76,27.5,0.9455,37657.26,104733.807
603948.SH,20250520,19.15,19.38,19.08,19.33,19.26,0.3634,10172.0,19553.314
603949.SH,20250520,19.0,19.21,18.85,19.09,18.85,1.2732,45872.02,87032.034
603950.SH,20250520,25.58,25.58,25.08,25.26,25.6,-1.3281,33626.0,84930.004
603955.SH,20250520,34.96,38.46,34.48,37.46,34.96,7.151,234219.25,867761.362
603956.SH,20250520,6.72,6.75,6.63,6.74,6.71,0.4471,110757.29,74284.32
603958.SH,20250520,18.75,19.17,18.56,19.08,18.75,1.76,59655.0,112935.982
603959.SH,20250520,3.95,4.07,3.93,4.0,3.96,1.0101,73119.0,29237.985
603960.SH,20250520,18.5,18.9,18.34,18.8,18.56,1.2931,55261.5,103256.018
603966.SH,20250520,10.01,10.13,9.87,10.04,9.99,0.5005,84782.9,84657.203
603967.SH,20250520,12.09,12.2,11.72,11.8,12.12,-2.6403,188215.74,222207.41
603968.SH,20250520,11.0,11.04,10.85,11.03,10.99,0.364,26011.0,28490.092
603969.SH,20250520,7.46,7.56,7.22,7.41,7.47,-0.8032,511797.05,376770.772
603970.SH,20250520,13.9,14.5,13.87,14.2,14.04,1.1396,93610.08,132362.314
603976.SH,20250520,17.65,17.93,17.59,17.82,17.72,0.5643,13623.0,24233.306
603977.SH,20250520,12.2,12.4,12.15,12.33,12.2,1.0656,66280.12,81687.434
603978.SH,20250520,14.65,14.95,14.6,14.86,14.65,1.4334,36709.0,54224.355
603979.SH,20250520,37.43,39.68,37.42,39.47,36.95,6.82,160372.66,623982.872
603980.SH,20250520,5.4,5.74,4.99,5.15,5.46,-5.6777,1294322.63,688333.31
603982.SH,20250520,8.79,8.87,8.71,8.86,8.8,0.6818,40607.01,35714.988
603983.SH,20250520,52.01,56.98,51.9,54.43,52.93,2.8339,68318.75,376079.239
603985.SH,20250520,17.6,17.9,17.32,17.7,17.73,-0.1692,139430.0,245770.445
603986.SH,20250520,125.8,128.55,124.51,126.15,126.3,-0.1188,158107.18,2000275.092
603987.SH,20250520,7.37,7.49,7.37,7.46,7.38,1.084,48851.0,36355.092
603988.SH,20250520,20.82,21.85,20.42,21.47,20.72,3.6197,70152.0,149959.283
603989.SH,20250520,15.1,15.23,15.03,15.23,15.1,0.8609,22640.26,34322.583
603990.SH,20250520,16.43,16.66,16.03,16.21,16.47,-1.5786,396093.79,644951.42
603991.SH,20250520,59.39,60.52,58.51,59.27,59.46,-0.3195,39593.84,235585.679
603992.SH,20250520,22.56,22.71,22.45,22.49,22.56,-0.3103,5874.0,13250.516
603993.SH,20250520,7.2,7.28,7.19,7.26,7.19,0.9736,893462.68,646722.824
603995.SH,20250520,16.72,16.79,16.66,16.76,16.74,0.1195,46134.5,77164.523
603997.SH,20250520,14.03,14.14,13.78,14.06,14.06,0.0,103098.55,144492.352
603998.SH,20250520,9.73,9.99,9.72,9.99,9.76,2.3566,208630.93,207283.067
603999.SH,20250520,6.2,6.34,6.19,6.32,6.23,1.4446,136501.0,85854.266
605001.SH,20250520,7.07,7.07,6.95,7.04,7.06,-0.2833,59457.0,41599.429
605003.SH,20250520,19.34,19.61,19.21,19.42,19.29,0.6739,26210.5,50914.343
605005.SH,20250520,16.35,16.49,16.26,16.48,16.38,0.6105,9593.56,15734.975
605006.SH,20250520,6.3,6.34,6.24,6.34,6.3,0.6349,49670.6,31279.083
605007.SH,20250520,11.6,11.78,11.58,11.72,11.6,1.0345,24996.0,29218.182
605008.SH,20250520,16.18,16.18,15.73,15.91,16.0,-0.5625,20655.6,32887.842
605009.SH,20250520,64.81,71.96,64.6,65.7,65.49,0.3207,62332.07,422138.652
605011.SH,20250520,23.51,24.3,23.43,24.04,23.6,1.8644,56632.25,134889.707
605016.SH,20250520,26.98,28.44,26.5,27.06,27.07,-0.0369,102846.81,281921.105
605018.SH,20250520,11.37,11.68,11.3,11.54,11.39,1.3169,77279.0,88880.663
605020.SH,20250520,21.68,21.83,21.5,21.68,21.62,0.2775,30181.41,65398.527
605028.SH,20250520,16.94,17.37,16.77,17.36,16.93,2.5399,29122.0,49981.318
605033.SH,20250520,17.43,17.73,17.36,17.58,17.45,0.745,23997.0,42038.52
605050.SH,20250520,12.88,13.48,12.79,13.31,12.96,2.7006,95281.0,126210.86
605055.SH,20250520,9.47,10.75,8.79,10.75,9.77,10.0307,679901.02,651488.7
605056.SH,20250520,14.36,14.83,13.88,14.58,14.59,-0.0685,53692.91,77120.966
605058.SH,20250520,22.84,23.16,22.67,23.1,22.86,1.0499,12189.0,28020.893
605060.SH,20250520,18.99,19.22,18.84,19.04,19.11,-0.3663,22124.0,42090.679
605066.SH,20250520,7.32,7.45,7.27,7.44,7.33,1.5007,131681.66,97257.408
605068.SH,20250520,19.59,19.77,19.0,19.4,19.47,-0.3595,44888.0,86780.52
605069.SH,20250520,10.3,11.37,10.08,10.95,10.35,5.7971,252018.27,270238.819
605077.SH,20250520,16.53,16.89,16.46,16.78,16.85,-0.4154,69317.32,115660.574
605080.SH,20250520,32.38,32.82,31.55,31.97,32.42,-1.388,44967.93,144243.514
605081.SH,20250520,11.98,12.56,11.93,12.43,11.96,3.9298,32635.24,40580.036
605086.SH,20250520,26.4,26.54,26.16,26.28,26.39,-0.4168,14765.2,38751.741
605088.SH,20250520,37.39,38.15,37.08,37.49,37.5,-0.0267,32706.75,123125.494
605089.SH,20250520,24.66,25.25,24.49,25.1,24.68,1.7018,16688.2,41683.247
605090.SH,20250520,25.96,26.28,25.88,26.04,25.97,0.2695,41340.0,108011.391
605098.SH,20250520,36.88,37.76,36.65,37.63,37.01,1.6752,15151.25,56653.434
605099.SH,20250520,22.56,23.45,22.5,23.35,22.54,3.5936,16778.0,38886.381
605100.SH,20250520,21.1,21.26,20.76,21.14,21.07,0.3322,36758.66,77301.866
605108.SH,20250520,22.8,23.18,22.57,22.62,22.96,-1.4808,23676.9,53956.399
605111.SH,20250520,31.17,31.25,30.83,31.11,31.0,0.3548,43304.61,134577.671
605116.SH,20250520,20.98,21.94,20.98,21.64,20.94,3.3429,38677.23,83111.475
605117.SH,20250520,90.56,90.56,88.8,89.42,90.55,-1.2479,43555.76,389030.488
605118.SH,20250520,19.06,19.46,18.87,19.46,19.15,1.6188,28854.0,55653.734
605122.SH,20250520,11.39,11.51,11.26,11.49,11.39,0.878,17657.0,20131.72
605123.SH,20250520,55.33,56.63,54.67,56.49,55.34,2.0781,22816.18,127665.62
605128.SH,20250520,45.3,46.65,44.49,46.4,44.99,3.134,27204.39,124186.619
605133.SH,20250520,42.37,44.4,41.31,42.27,42.79,-1.2152,95428.73,408498.619
605136.SH,20250520,10.81,11.41,10.69,11.41,10.37,10.0289,379481.01,426540.718
605138.SH,20250520,7.43,7.5,7.16,7.23,7.43,-2.6918,184207.0,133143.497
605151.SH,20250520,17.73,17.82,17.51,17.78,17.6,1.0227,27441.65,48522.82
605155.SH,20250520,11.75,11.88,11.62,11.87,11.69,1.5398,31299.75,36971.098
605158.SH,20250520,8.5,8.5,8.37,8.48,8.51,-0.3525,41955.3,35407.567
605162.SH,20250520,7.57,7.75,7.56,7.74,7.6,1.8421,43598.0,33319.682
605166.SH,20250520,13.37,13.42,12.68,13.0,13.19,-1.4405,269310.85,346906.974
605167.SH,20250520,9.49,9.53,9.38,9.5,9.49,0.1054,64698.0,61136.629
605168.SH,20250520,28.45,29.05,28.33,28.85,28.44,1.4416,29982.79,86396.331
605169.SH,20250520,11.2,11.4,10.91,11.18,11.85,-5.654,222501.01,247355.596
605177.SH,20250520,17.72,17.97,17.71,17.96,17.69,1.5263,12382.0,22120.054
605178.SH,20250520,16.51,16.99,16.33,16.9,16.4,3.0488,22531.0,37724.757
605179.SH,20250520,21.4,22.87,21.28,22.14,21.46,3.1687,211738.0,472565.541
605180.SH,20250520,13.85,14.07,13.65,14.05,13.85,1.444,19218.78,26690.073
605183.SH,20250520,16.01,16.12,15.91,16.05,16.07,-0.1245,14323.02,22943.655
605186.SH,20250520,20.05,20.29,19.9,20.25,20.05,0.9975,11339.0,22810.113
605188.SH,20250520,14.94,15.58,13.6,14.28,14.64,-2.459,484282.19,711807.005
605189.SH,20250520,13.5,13.82,13.38,13.76,13.5,1.9259,31679.6,43021.867
605196.SH,20250520,14.08,14.46,13.99,14.18,14.32,-0.9777,87192.0,123705.775
605198.SH,20250520,58.3,59.49,54.93,57.3,58.88,-2.6834,53989.04,306483.683
605199.SH,20250520,10.1,10.26,9.93,10.01,10.09,-0.7929,109818.0,110753.465
605208.SH,20250520,14.08,14.24,13.36,13.6,14.31,-4.9616,393505.73,536749.204
605218.SH,20250520,21.61,22.2,21.55,22.05,21.9,0.6849,36730.0,80585.867
605222.SH,20250520,15.03,15.07,14.95,15.0,15.0,0.0,17965.02,26932.898
605228.SH,20250520,11.55,11.8,11.27,11.64,11.43,1.8373,88056.0,101796.147
605255.SH,20250520,17.12,17.27,16.95,17.23,17.11,0.7013,19296.0,33139.148
605258.SH,20250520,28.78,29.19,28.5,29.04,28.64,1.3966,13240.0,38332.162
605259.SH,20250520,18.25,19.19,18.15,19.13,18.28,4.6499,41079.0,77053.635
605266.SH,20250520,21.15,22.51,21.09,22.15,21.15,4.7281,63580.2,139751.848
605268.SH,20250520,9.2,9.51,8.74,8.84,9.2,-3.913,135197.0,122537.399
605277.SH,20250520,15.78,15.85,15.58,15.83,15.79,0.2533,32561.04,51323.0
605286.SH,20250520,37.1,37.57,36.55,36.9,36.67,0.6272,17010.0,63062.55
605287.SH,20250520,13.16,13.34,13.06,13.34,13.16,1.3678,25544.8,33775.372
605288.SH,20250520,53.06,53.15,50.53,52.38,52.62,-0.4561,19806.8,102169.712
605289.SH,20250520,27.1,29.96,26.75,29.96,27.24,9.9853,101750.31,297839.654
605296.SH,20250520,28.4,29.03,28.26,28.68,28.4,0.9859,25762.3,73804.701
605298.SH,20250520,13.16,13.32,12.95,13.14,13.09,0.382,20407.0,26909.798
605299.SH,20250520,8.41,8.86,8.35,8.7,8.41,3.4483,100512.04,86744.604
605300.SH,20250520,13.75,15.2,13.75,15.2,13.82,9.9855,105826.71,155468.362
605303.SH,20250520,10.14,10.38,9.97,10.3,10.13,1.6782,45984.0,46957.452
605305.SH,20250520,26.2,26.58,26.04,26.43,26.22,0.8009,19668.44,51870.315
605318.SH,20250520,29.36,29.79,29.3,29.46,29.37,0.3064,7438.0,21975.037
605319.SH,20250520,33.61,35.28,33.23,34.88,33.65,3.6553,68784.69,238096.239
605333.SH,20250520,27.76,28.1,27.48,27.81,27.76,0.1801,33885.47,94275.893
605336.SH,20250520,20.66,20.89,20.21,20.87,20.5,1.8049,28744.6,59479.383
605337.SH,20250520,13.13,13.6,13.13,13.46,13.14,2.4353,193986.4,259952.687
605338.SH,20250520,19.5,21.0,19.5,20.32,19.69,3.1996,186750.1,380384.883
605339.SH,20250520,17.35,17.66,17.24,17.45,17.24,1.2181,33001.0,57805.125
605358.SH,20250520,24.09,24.23,23.89,24.08,24.09,-0.0415,77242.2,185918.244
605365.SH,20250520,14.93,15.18,14.93,15.09,14.92,1.1394,18978.26,28561.659
605366.SH,20250520,6.12,6.14,6.05,6.14,6.12,0.3268,42451.98,25885.054
605368.SH,20250520,10.26,10.28,10.24,10.27,10.27,0.0,19241.8,19759.404
605369.SH,20250520,30.4,30.98,29.53,30.96,30.22,2.4487,40016.48,121353.775
605376.SH,20250520,33.96,34.52,33.77,34.34,34.11,0.6743,24921.15,85002.284
605377.SH,20250520,11.04,11.11,10.98,11.03,11.04,-0.0906,44092.2,48648.545
605378.SH,20250520,23.86,24.43,23.73,24.17,23.89,1.172,41502.8,100391.436
605388.SH,20250520,6.44,6.65,6.43,6.55,6.42,2.0249,105232.4,68967.108
605389.SH,20250520,33.52,34.01,33.33,33.62,33.64,-0.0595,13658.6,45917.153
605398.SH,20250520,30.0,31.15,29.97,30.35,29.97,1.2679,66972.29,204682.867
605399.SH,20250520,11.86,11.9,11.72,11.86,11.81,0.4234,22540.39,26669.45
605488.SH,20250520,46.19,46.76,45.37,45.87,46.22,-0.7572,56964.88,262152.808
605499.SH,20250520,280.0,289.2,277.5,281.0,278.35,0.952,24593.68,699154.517
605500.SH,20250520,7.44,7.58,7.41,7.51,7.48,0.4011,31652.2,23691.458
605507.SH,20250520,19.52,20.08,19.52,19.93,19.47,2.3626,55520.66,110419.312
605555.SH,20250520,20.75,21.07,20.56,20.92,20.94,-0.0955,45888.52,95868.911
605566.SH,20250520,19.46,20.1,19.45,19.75,19.46,1.4902,20688.21,40920.224
605567.SH,20250520,9.8,10.09,9.75,10.03,9.8,2.3469,72389.0,72133.63
605577.SH,20250520,12.47,12.79,12.37,12.77,12.45,2.5703,49270.0,62324.057
605580.SH,20250520,11.37,11.54,11.24,11.53,11.3,2.0354,29397.8,33629.819
605588.SH,20250520,48.8,49.4,48.0,49.09,48.84,0.5119,26046.0,127017.022
605589.SH,20250520,26.58,26.78,26.28,26.65,26.45,0.7561,73923.71,196234.376
605598.SH,20250520,20.86,21.07,20.8,21.05,20.86,0.9108,10918.2,22880.255
605599.SH,20250520,13.9,15.09,13.85,14.8,13.93,6.2455,127924.12,187542.536
688001.SH,20250520,25.15,25.49,24.85,25.2,25.13,0.2786,14865.56,37494.294
688002.SH,20250520,57.01,59.3,56.66,58.56,57.3,2.199,43240.81,250543.476
688003.SH,20250520,45.97,47.22,45.4,46.48,45.97,1.1094,36466.34,169402.816
688004.SH,20250520,20.0,20.33,19.6,20.17,20.24,-0.3458,29724.46,59412.533
688005.SH,20250520,19.46,19.72,19.36,19.42,19.46,-0.2055,89196.9,174123.164
688006.SH,20250520,17.45,17.54,17.27,17.45,17.39,0.345,15898.42,27727.017
688007.SH,20250520,14.25,14.42,14.15,14.37,14.3,0.4895,44910.23,64341.525
688008.SH,20250520,77.01,78.46,76.56,78.11,77.19,1.1919,112786.47,876588.638
688009.SH,20250520,5.18,5.2,5.15,5.16,5.18,-0.3861,169772.96,87709.731
688010.SH,20250520,35.47,35.78,34.54,34.55,35.8,-3.4916,26369.79,92030.108
688011.SH,20250520,18.86,18.87,18.5,18.73,18.68,0.2677,13721.26,25594.46
688012.SH,20250520,178.83,180.18,177.68,178.2,178.81,-0.3411,34576.5,618226.991
688013.SH,20250520,22.92,23.77,22.77,23.65,22.94,3.095,19047.11,44633.209
688015.SH,20250520,20.28,20.43,20.01,20.37,20.3,0.3448,9188.39,18589.853
688016.SH,20250520,86.93,89.23,86.71,88.71,86.94,2.0359,19635.26,173494.527
688017.SH,20250520,136.22,137.68,134.63,136.02,136.22,-0.1468,22331.24,304456.227
688018.SH,20250520,191.49,200.25,189.51,196.62,190.88,3.0071,25217.5,495558.257
688019.SH,20250520,178.36,180.27,176.2,176.47,178.36,-1.0597,14615.92,259717.469
688020.SH,20250520,33.8,33.93,33.49,33.88,33.8,0.2367,4735.58,15981.338
688021.SH,20250520,13.55,13.92,13.37,13.83,13.44,2.9018,15096.01,20720.685
688022.SH,20250520,13.6,13.93,13.45,13.92,13.66,1.9034,27959.46,38432.987
688023.SH,20250520,46.49,47.31,45.94,47.07,46.37,1.5096,20854.77,97541.243
688025.SH,20250520,50.7,51.6,50.3,50.83,50.82,0.0197,13137.48,66969.955
688026.SH,20250520,15.36,15.55,15.29,15.39,15.36,0.1953,17711.11,27353.719
688027.SH,20250520,244.0,245.95,242.43,244.38,243.15,0.5059,6584.3,161163.607
688028.SH,20250520,22.24,22.91,21.9,22.49,22.24,1.1241,28531.63,64153.369
688029.SH,20250520,63.0,66.41,63.0,65.94,63.26,4.2365,32269.54,211417.111
688030.SH,20250520,15.31,15.43,15.15,15.36,15.25,0.7213,10213.38,15655.022
688031.SH,20250520,47.95,48.77,47.52,48.06,48.4,-0.7025,16522.05,79528.309
688032.SH,20250520,102.0,102.73,100.85,102.06,101.73,0.3244,4099.05,41752.675
688033.SH,20250520,6.3,6.55,6.25,6.51,6.36,2.3585,246392.63,158757.54
688035.SH,20250520,41.02,42.27,39.9,41.15,41.28,-0.3149,41731.26,171221.715
688036.SH,20250520,77.31,78.16,76.4,76.47,77.31,-1.0865,34393.23,264325.926
688037.SH,20250520,98.2,99.3,97.17,97.78,98.6,-0.8316,28240.33,277178.393
688038.SH,20250520,16.58,16.67,16.14,16.48,16.75,-1.6119,36835.34,60456.277
688039.SH,20250520,32.56,33.0,32.2,32.73,32.66,0.2143,14314.11,46796.323
688041.SH,20250520,139.84,140.75,138.8,138.96,139.9,-0.6719,78640.4,1098006.993
688045.SH,20250520,32.86,33.92,32.66,33.46,32.65,2.4809,20173.45,67384.702
688046.SH,20250520,11.88,12.09,11.84,11.95,11.93,0.1676,32474.35,38931.711
688047.SH,20250520,123.06,123.27,122.22,122.35,123.09,-0.6012,9251.91,113437.711
688048.SH,20250520,55.3,55.46,54.35,54.75,54.84,-0.1641,26035.22,142837.508
688049.SH,20250520,49.0,49.38,48.16,48.53,49.06,-1.0803,43526.27,211814.191
688050.SH,20250520,75.04,76.0,74.82,75.86,75.05,1.0793,22403.32,169245.065
688051.SH,20250520,23.1,23.24,22.61,23.17,22.92,1.0908,5981.64,13742.123
688052.SH,20250520,177.99,182.61,176.28,178.0,179.78,-0.9901,18411.23,329922.517
688053.SH,20250520,27.78,27.87,27.4,27.7,27.8,-0.3597,7216.54,19991.64
688055.SH,20250520,3.44,3.48,3.41,3.45,3.44,0.2907,41184.79,14188.424
688056.SH,20250520,33.1,33.73,32.78,33.6,32.95,1.9727,6946.27,23259.384
688057.SH,20250520,11.43,11.75,11.33,11.58,11.55,0.2597,25905.12,29905.519
688058.SH,20250520,28.1,28.18,27.4,28.07,27.8,0.9712,7147.45,19926.95
688059.SH,20250520,70.88,72.28,70.1,71.35,71.42,-0.098,11799.59,83976.948
688060.SH,20250520,34.66,36.24,34.52,35.56,34.9,1.8911,5532.28,19720.76
688061.SH,20250520,29.52,30.93,29.49,30.22,29.55,2.2673,12869.33,38976.497
688062.SH,20250520,20.25,21.18,19.88,20.98,19.86,5.6395,128822.51,265520.955
688063.SH,20250520,45.18,45.34,44.4,44.6,45.35,-1.6538,45835.36,205505.441
688065.SH,20250520,47.8,48.33,47.48,47.51,47.66,-0.3147,23748.84,113591.316
688066.SH,20250520,17.76,17.94,17.5,17.84,17.76,0.4505,38151.88,67676.005
688067.SH,20250520,20.39,20.83,20.06,20.77,20.35,2.0639,9294.14,19089.925
688068.SH,20250520,115.0,119.02,113.11,113.73,109.88,3.5038,55204.19,640526.055
688069.SH,20250520,17.53,17.94,17.37,17.88,17.66,1.2458,9450.88,16808.667
688070.SH,20250520,39.56,40.0,38.58,38.76,39.5,-1.8734,12358.45,48013.753
688071.SH,20250520,38.16,39.44,37.17,38.98,38.0,2.5789,17763.3,68204.977
688072.SH,20250520,153.26,153.97,151.7,152.89,152.9,-0.0065,15232.34,232656.184
688073.SH,20250520,42.13,43.02,41.92,42.11,42.05,0.1427,9073.35,38512.964
688075.SH,20250520,36.54,37.77,36.4,37.53,36.54,2.7094,10957.75,40792.466
688076.SH,20250520,54.86,56.2,54.58,55.85,54.83,1.8603,39438.91,219330.519
688077.SH,20250520,25.48,27.67,25.4,27.05,25.3,6.917,81582.71,215899.926
688078.SH,20250520,31.53,31.79,31.09,31.65,31.36,0.9247,7249.15,22822.598
688079.SH,20250520,8.8,9.02,8.77,8.97,8.88,1.0135,34305.43,30664.494
688080.SH,20250520,42.98,43.46,42.3,43.2,42.71,1.1473,9150.85,39394.638
688081.SH,20250520,20.58,20.95,20.01,20.7,20.68,0.0967,25136.06,51691.996
688082.SH,20250520,103.36,103.95,102.65,102.8,103.32,-0.5033,8473.8,87629.577
688083.SH,20250520,92.13,95.1,92.13,94.64,92.3,2.5352,9450.43,88939.14
688084.SH,20250520,66.68,68.03,65.62,67.64,66.48,1.7449,14331.78,96064.695
688085.SH,20250520,20.0,20.61,20.0,20.19,19.99,1.0005,28533.53,57975.143
688087.SH,20250520,23.69,24.0,23.47,23.89,23.77,0.5048,18830.74,44737.559
688088.SH,20250520,43.9,44.55,43.36,43.89,43.9,-0.0228,37133.38,163633.653
688089.SH,20250520,26.6,28.2,26.12,28.01,26.3,6.5019,134687.44,370894.716
688090.SH,20250520,45.18,45.48,44.16,44.98,45.16,-0.3986,12624.01,56603.827
688091.SH,20250520,42.08,42.66,41.77,42.08,41.71,0.8871,9238.9,39070.212
688092.SH,20250520,21.5,21.94,21.3,21.79,21.39,1.87,9173.73,19882.075
688093.SH,20250520,26.08,26.25,25.56,26.2,26.06,0.5372,23512.18,61095.404
688095.SH,20250520,66.5,67.9,65.71,66.14,66.5,-0.5414,11864.29,78945.96
688096.SH,20250520,17.0,17.85,17.0,17.29,17.5,-1.2,29704.57,52082.094
688097.SH,20250520,25.15,25.45,24.72,25.3,25.06,0.9577,32136.46,80844.978
688098.SH,20250520,5.94,6.14,5.88,6.11,5.87,4.0886,49845.0,30120.589
688099.SH,20250520,70.0,71.26,69.64,70.55,69.99,0.8001,32083.71,225899.911
688100.SH,20250520,34.54,35.05,34.35,34.98,34.61,1.0691,11445.98,39837.806
688101.SH,20250520,13.05,13.05,12.94,13.03,12.98,0.3852,14032.86,18257.808
688102.SH,20250520,11.52,12.28,11.5,11.92,11.59,2.8473,131497.42,156967.058
688103.SH,20250520,53.0,53.32,51.88,51.96,52.82,-1.6282,9868.67,51743.149
688105.SH,20250520,21.96,22.55,21.96,22.37,22.12,1.1302,14825.39,33166.982
688106.SH,20250520,18.29,19.03,18.16,18.67,18.29,2.0776,107954.34,201091.397
688107.SH,20250520,26.98,27.13,26.71,26.97,26.99,-0.0741,18623.21,50188.83
688108.SH,20250520,9.88,10.06,9.79,9.93,9.83,1.0173,59530.5,59227.535
688109.SH,20250520,27.8,28.08,27.56,27.75,27.77,-0.072,9107.7,25301.537
688110.SH,20250520,33.9,34.55,33.7,33.93,34.15,-0.6442,73925.02,251595.256
688111.SH,20250520,285.51,290.88,284.78,285.57,284.9,0.2352,29770.85,854100.521
688112.SH,20250520,35.8,36.69,35.8,36.3,36.28,0.0551,8941.65,32459.63
688113.SH,20250520,35.25,35.49,34.83,35.49,35.15,0.9673,7217.95,25396.668
688114.SH,20250520,76.12,76.12,73.9,74.31,75.35,-1.3802,22370.65,166870.559
688115.SH,20250520,45.09,45.49,43.58,43.58,45.43,-4.0722,13609.98,59861.326
688116.SH,20250520,44.0,44.38,43.55,44.01,43.74,0.6173,54331.51,239242.837
688117.SH,20250520,34.7,37.5,34.7,36.48,34.96,4.3478,63193.86,229526.207
688118.SH,20250520,24.05,24.23,23.65,23.88,24.05,-0.7069,17859.72,42816.011
688119.SH,20250520,3.88,3.91,3.84,3.9,3.86,1.0363,52898.09,20501.732
688120.SH,20250520,155.6,156.6,154.58,155.32,155.59,-0.1735,13217.21,205411.794
688121.SH,20250520,11.4,11.45,11.31,11.43,11.39,0.3512,17007.94,19404.012
688122.SH,20250520,49.0,49.58,48.55,49.26,49.17,0.183,66002.86,323062.668
688123.SH,20250520,76.6,78.09,75.87,76.87,76.62,0.3263,24858.1,191875.089
688125.SH,20250520,35.59,36.34,35.09,35.98,35.28,1.9841,7411.45,26557.473
688126.SH,20250520,18.0,18.1,17.84,18.03,18.0,0.1667,67723.31,121872.868
688127.SH,20250520,23.16,23.65,22.92,23.21,23.11,0.4327,33442.28,77892.195
688128.SH,20250520,24.79,25.05,24.68,24.84,24.81,0.1209,22639.16,56347.348
688129.SH,20250520,24.9,25.19,24.06,24.82,24.91,-0.3613,15597.03,38302.432
688130.SH,20250520,25.42,25.96,25.29,25.9,25.63,1.0535,9157.12,23538.725
688131.SH,20250520,39.27,40.27,39.2,39.58,39.0,1.4872,22418.25,88751.495
688132.SH,20250520,21.68,23.5,21.25,22.93,21.5,6.6512,63210.75,140181.897
688133.SH,20250520,22.46,22.89,22.4,22.5,22.65,-0.6623,18659.98,42110.5
688135.SH,20250520,23.0,25.87,22.8,24.9,21.56,15.4917,454318.48,1132093.373
688136.SH,20250520,37.0,42.05,37.0,41.81,36.18,15.5611,69150.17,278438.777
688137.SH,20250520,33.5,35.88,33.28,34.87,33.47,4.1829,22707.03,78577.868
688138.SH,20250520,26.3,26.99,26.11,26.73,26.5,0.8679,25185.4,67024.036
688139.SH,20250520,31.46,31.92,31.43,31.71,31.42,0.923,17728.7,56220.793
688141.SH,20250520,32.62,33.0,32.01,32.22,32.75,-1.6183,61907.71,200576.841
688143.SH,20250520,32.2,32.63,31.61,32.48,32.12,1.1208,17038.3,54668.055
688146.SH,20250520,28.34,28.4,28.15,28.39,28.28,0.389,12571.16,35542.715
688147.SH,20250520,30.01,30.44,29.77,29.96,30.05,-0.2995,18960.83,57021.108
688148.SH,20250520,4.66,4.69,4.59,4.67,4.64,0.6466,58068.94,26969.104
688150.SH,20250520,23.11,23.79,23.08,23.31,23.35,-0.1713,29050.49,67893.524
688151.SH,20250520,17.7,18.58,17.7,17.92,17.71,1.1858,35446.31,64082.557
688152.SH,20250520,55.6,56.7,55.0,56.13,55.54,1.0623,9789.08,54765.018
688153.SH,20250520,30.73,30.99,30.5,30.86,30.73,0.423,22326.82,68841.581
688155.SH,20250520,39.83,40.56,39.57,40.06,39.83,0.5775,15420.49,61813.815
688156.SH,20250520,15.15,15.15,14.75,15.13,14.94,1.2718,17666.12,26468.845
688157.SH,20250520,40.13,40.87,39.8,40.32,40.12,0.4985,4141.53,16703.224
688158.SH,20250520,21.34,21.71,21.1,21.49,21.4,0.4206,139034.58,298045.308
688159.SH,20250520,63.65,66.22,61.78,64.61,64.44,0.2638,56906.87,364465.867
688160.SH,20250520,93.0,94.41,91.46,92.8,92.8,0.0,8583.36,79819.201
688161.SH,20250520,26.39,26.67,26.24,26.51,26.29,0.8368,10578.32,28033.687
688162.SH,20250520,28.41,29.98,28.41,29.07,28.43,2.2511,37706.4,110234.783
688163.SH,20250520,17.89,18.25,17.86,18.23,17.84,2.1861,12103.9,21940.042
688165.SH,20250520,26.81,26.89,25.9,26.25,26.75,-1.8692,156035.38,410202.359
688166.SH,20250520,50.0,50.67,49.39,50.03,49.73,0.6033,59449.41,296883.773
688167.SH,20250520,67.78,69.0,67.38,68.5,67.98,0.7649,14381.9,98232.125
688168.SH,20250520,60.2,63.39,59.32,62.81,59.88,4.8931,27638.54,171638.074
688169.SH,20250520,219.0,232.61,218.9,230.47,219.79,4.8592,30132.11,685010.662
688170.SH,20250520,21.48,21.78,21.33,21.75,21.5,1.1628,7175.68,15520.562
688171.SH,20250520,34.57,36.79,34.28,36.06,36.07,-0.0277,35112.15,124757.276
688172.SH,20250520,19.14,19.35,18.93,19.2,19.11,0.471,17840.34,34247.497
688173.SH,20250520,12.7,13.38,12.56,13.25,12.66,4.6603,117215.2,152010.593
688175.SH,20250520,17.91,18.26,17.64,18.17,17.76,2.3086,11589.1,20870.231
688176.SH,20250520,7.78,8.0,7.78,7.9,7.77,1.6731,85801.42,67794.951
688177.SH,20250520,22.88,23.7,22.88,23.53,22.72,3.5651,35279.74,82685.321
688178.SH,20250520,24.12,25.0,23.87,24.7,24.12,2.4046,22333.7,55008.178
688179.SH,20250520,15.45,15.74,15.37,15.59,15.36,1.4974,46230.19,72030.936
688180.SH,20250520,28.74,29.91,28.74,29.58,28.56,3.5714,95575.56,282051.84
688181.SH,20250520,30.32,31.38,29.88,30.95,30.35,1.9769,52036.71,160246.164
688182.SH,20250520,28.51,29.15,28.02,28.88,28.79,0.3126,69947.34,200953.211
688183.SH,20250520,29.93,30.68,29.61,30.38,29.83,1.8438,70287.47,212476.817
688184.SH,20250520,9.08,9.42,9.08,9.31,9.13,1.9715,18220.03,16896.523
688185.SH,20250520,56.7,58.4,56.35,57.6,56.25,2.4,19153.94,110790.527
688186.SH,20250520,26.8,27.12,26.54,26.73,26.83,-0.3727,33023.59,88548.122
688187.SH,20250520,45.13,45.17,44.75,44.94,45.14,-0.4431,29328.27,131693.491
688188.SH,20250520,194.66,194.78,191.57,193.0,193.73,-0.3768,6459.51,124486.9
688189.SH,20250520,6.59,6.77,6.59,6.74,6.61,1.9667,47776.77,32101.876
688190.SH,20250520,89.55,90.49,88.8,90.3,89.64,0.7363,3648.18,32756.224
688191.SH,20250520,28.75,28.9,28.18,28.63,28.75,-0.4174,15706.59,44852.302
688192.SH,20250520,57.0,58.09,56.33,57.53,56.45,1.9132,38086.01,218780.413
688193.SH,20250520,39.24,39.83,39.1,39.69,39.13,1.4311,2080.54,8226.985
688195.SH,20250520,42.2,42.49,41.0,41.11,42.17,-2.5136,30763.37,127727.128
688196.SH,20250520,38.45,39.15,38.28,38.64,38.42,0.5726,6903.2,26699.421
688197.SH,20250520,33.4,34.42,33.18,34.19,33.55,1.9076,11118.34,37928.261
688198.SH,20250520,109.9,110.96,108.98,108.99,109.9,-0.828,2050.41,22492.099
688199.SH,20250520,18.46,19.35,18.18,18.69,18.5,1.027,46260.76,87551.024
688200.SH,20250520,136.0,137.69,135.35,136.78,136.27,0.3743,8862.63,121251.545
688201.SH,20250520,9.11,9.28,8.98,9.21,9.07,1.5436,46643.98,42755.097
688202.SH,20250520,30.41,31.42,30.41,31.32,30.32,3.2982,28060.65,87344.122
688203.SH,20250520,10.33,10.44,10.24,10.44,10.29,1.4577,9136.27,9449.775
688205.SH,20250520,61.92,63.5,60.83,61.6,62.02,-0.6772,32687.35,201487.61
688206.SH,20250520,23.85,23.95,23.4,23.55,23.75,-0.8421,29515.5,69608.37
688207.SH,20250520,13.62,14.37,13.47,14.31,13.62,5.0661,91976.44,129193.644
688208.SH,20250520,29.07,29.2,28.73,28.8,29.04,-0.8264,94435.36,273157.997
688209.SH,20250520,18.09,18.38,18.02,18.32,18.13,1.048,24343.23,44441.582
688210.SH,20250520,18.67,18.9,18.29,18.64,18.63,0.0537,28459.35,52990.486
688211.SH,20250520,28.17,28.78,28.09,28.71,28.2,1.8085,6019.79,17156.285
688212.SH,20250520,48.01,48.8,47.3,48.5,48.01,1.0206,12947.05,62262.95
688213.SH,20250520,90.12,92.67,89.6,91.96,90.15,2.0078,44968.61,411760.89
688215.SH,20250520,31.27,33.0,31.01,32.37,31.26,3.5509,12634.64,40882.064
688216.SH,20250520,19.2,19.99,19.2,19.71,19.15,2.9243,21547.07,42326.994
688217.SH,20250520,23.26,24.67,23.25,24.53,23.26,5.46,29363.35,71214.965
688218.SH,20250520,22.66,23.21,22.3,22.68,22.67,0.0441,44265.91,100403.009
688219.SH,20250520,12.52,12.64,12.39,12.54,12.59,-0.3971,55367.4,69484.688
688220.SH,20250520,83.61,87.87,83.2,85.88,83.59,2.7396,69921.48,603167.799
688221.SH,20250520,8.79,8.91,8.74,8.78,8.75,0.3429,24657.84,21767.954
688222.SH,20250520,15.3,15.99,15.29,15.58,15.24,2.231,107194.05,168549.667
688223.SH,20250520,5.57,5.59,5.53,5.54,5.58,-0.7168,298403.69,165485.747
688225.SH,20250520,21.11,21.2,20.52,20.88,20.87,0.0479,20678.54,43095.343
688226.SH,20250520,27.42,27.78,26.73,27.2,27.17,0.1104,18479.32,50391.251
688227.SH,20250520,36.63,36.63,34.2,34.51,35.12,-1.7369,14487.87,50856.093
688228.SH,20250520,64.16,64.82,62.02,63.04,64.3,-1.9596,24458.22,154762.367
688229.SH,20250520,51.56,51.56,50.21,51.36,50.69,1.3218,6181.09,31454.891
688230.SH,20250520,44.78,47.93,44.28,47.26,44.78,5.5382,18255.54,85484.944
688231.SH,20250520,16.0,16.2,15.94,16.07,16.12,-0.3102,11365.61,18225.876
688232.SH,20250520,31.19,31.8,30.88,31.5,31.2,0.9615,12867.92,40340.224
688233.SH,20250520,28.05,28.45,27.37,28.17,27.97,0.7151,39729.61,110980.692
688234.SH,20250520,59.93,60.14,59.1,59.87,59.93,-0.1001,25532.77,152058.334
688235.SH,20250520,236.0,245.48,236.0,244.44,231.99,5.3666,25005.44,601277.969
688236.SH,20250520,15.69,17.5,15.66,17.03,15.48,10.0129,107936.9,182579.281
688237.SH,20250520,25.64,25.77,25.18,25.49,25.47,0.0785,10701.81,27151.571
688238.SH,20250520,5.72,5.88,5.72,5.81,5.71,1.7513,115669.38,67328.326
688239.SH,20250520,39.6,39.73,39.08,39.64,39.34,0.7626,21972.56,86611.716
688244.SH,20250520,36.45,38.39,35.92,37.68,36.57,3.0353,15684.97,58469.722
688246.SH,20250520,30.17,30.37,29.58,30.26,30.31,-0.165,16608.38,49869.761
688247.SH,20250520,9.6,9.83,9.56,9.8,9.55,2.6178,38640.21,37662.979
688248.SH,20250520,28.54,28.89,28.36,28.85,28.54,1.0862,9716.95,27882.817
688249.SH,20250520,20.65,20.67,20.4,20.49,20.51,-0.0975,42761.14,87826.746
688251.SH,20250520,21.31,22.06,21.0,21.9,21.38,2.4322,20507.8,44528.664
688252.SH,20250520,23.3,23.49,23.0,23.47,23.16,1.3385,32718.28,76269.114
688253.SH,20250520,32.45,33.38,32.4,32.74,32.38,1.1118,25308.54,83209.122
688255.SH,20250520,35.22,36.21,34.7,35.23,35.2,0.0852,20907.75,73965.02
688256.SH,20250520,671.2,687.0,669.34,673.0,671.94,0.1578,36966.08,2508631.959
688257.SH,20250520,21.17,21.2,20.29,20.73,21.17,-2.0784,36904.23,76032.33
688258.SH,20250520,45.74,46.21,44.9,45.11,45.77,-1.442,22860.45,104055.737
688259.SH,20250520,43.8,45.9,42.9,45.85,44.08,4.0154,57943.87,259138.377
688260.SH,20250520,15.01,15.42,14.69,15.23,15.01,1.4657,37405.75,56503.712
688261.SH,20250520,39.8,40.25,39.31,40.16,39.8,0.9045,11881.0,47409.858
688262.SH,20250520,26.69,26.87,26.4,26.63,26.65,-0.075,30518.05,81333.604
688265.SH,20250520,26.95,27.42,26.85,27.33,26.95,1.41,4796.82,13059.057
688266.SH,20250520,95.2,99.31,92.98,95.0,91.45,3.8819,83244.07,800488.139
688267.SH,20250520,25.19,25.53,24.77,25.26,25.18,0.3177,16556.21,41803.411
688268.SH,20250520,50.0,50.44,49.52,49.98,50.25,-0.5373,15239.55,76092.742
688269.SH,20250520,31.69,31.89,31.26,31.41,31.71,-0.9461,21755.26,68421.336
688270.SH,20250520,46.0,46.29,44.86,45.15,46.28,-2.4417,55636.65,251848.357
688271.SH,20250520,137.73,139.07,137.26,138.03,138.23,-0.1447,17953.97,247977.165
688272.SH,20250520,23.24,23.6,22.6,23.45,23.0,1.9565,25940.97,59651.055
688273.SH,20250520,28.92,30.02,28.77,29.69,28.77,3.1978,21917.56,64845.541
688275.SH,20250520,41.0,41.13,38.21,38.37,36.81,4.238,70851.3,277963.677
688276.SH,20250520,21.24,21.5,21.1,21.3,21.13,0.8045,24226.66,51740.48
688277.SH,20250520,12.18,12.4,12.16,12.4,12.17,1.8899,30413.55,37420.609
688278.SH,20250520,72.82,73.23,70.51,71.26,72.7,-1.9807,35609.76,253431.739
688279.SH,20250520,222.36,228.95,222.05,222.48,224.33,-0.8247,8011.17,179439.204
688280.SH,20250520,8.01,8.06,7.72,7.87,7.97,-1.2547,335155.71,261931.319
688281.SH,20250520,75.15,76.75,74.58,75.67,75.26,0.5448,11666.11,87789.089
688282.SH,20250520,43.41,43.41,42.28,42.4,43.59,-2.73,10024.73,42836.973
688283.SH,20250520,26.7,27.2,26.21,26.83,26.8,0.1119,7566.52,20191.372
688285.SH,20250520,8.13,8.17,8.0,8.1,8.06,0.4963,15657.58,12704.789
688286.SH,20250520,74.79,76.5,72.8,75.2,75.1,0.1332,16136.8,120829.967
688287.SH,20250520,4.76,4.77,4.67,4.71,4.73,-0.4228,30565.94,14440.634
688288.SH,20250520,31.18,31.2,30.31,30.35,31.14,-2.5369,26804.79,82112.255
688289.SH,20250520,20.0,20.3,19.94,20.19,19.99,1.0005,47852.97,96388.529
688290.SH,20250520,51.65,52.99,50.65,51.8,51.65,0.2904,17347.65,90081.016
688291.SH,20250520,23.02,23.18,22.58,23.02,22.81,0.9206,10554.65,24223.121
688292.SH,20250520,19.96,19.99,19.55,19.92,19.65,1.374,9154.43,18181.086
688293.SH,20250520,43.23,43.8,42.11,42.76,42.72,0.0936,8333.79,35458.669
688295.SH,20250520,21.34,21.59,20.8,21.02,21.68,-3.0443,64767.97,136343.82
688296.SH,20250520,11.87,12.16,11.77,12.13,11.87,2.1904,22784.67,27401.391
688297.SH,20250520,45.7,47.6,44.7,44.88,46.5,-3.4839,170896.64,782787.876
688298.SH,20250520,23.95,24.22,23.78,24.12,23.94,0.7519,20871.3,50261.745
688299.SH,20250520,19.5,19.85,19.3,19.46,19.58,-0.6129,86246.94,168973.74
688300.SH,20250520,54.05,54.05,51.75,52.46,54.06,-2.9597,23117.42,121419.931
688301.SH,20250520,123.11,124.62,121.17,121.63,124.05,-1.9508,15553.67,190163.148
688302.SH,20250520,49.92,50.31,48.05,49.38,49.3,0.1623,37455.75,184314.0
688303.SH,20250520,19.6,19.7,19.34,19.62,19.76,-0.7085,81959.7,159830.956
688305.SH,20250520,74.9,75.52,74.65,74.95,75.12,-0.2263,11190.55,83966.429
688306.SH,20250520,10.04,10.19,9.94,10.1,10.06,0.3976,128487.81,129604.528
688307.SH,20250520,27.92,28.4,27.51,28.12,28.07,0.1781,10745.37,30082.743
688308.SH,20250520,17.99,18.29,17.82,18.11,18.0,0.6111,14356.3,25981.194
688309.SH,20250520,16.93,17.24,16.85,17.2,16.93,1.5948,9436.64,16102.183
688310.SH,20250520,12.4,13.11,12.18,13.09,12.36,5.9061,47111.41,60129.298
688311.SH,20250520,36.41,36.6,35.5,36.31,36.4,-0.2473,22120.56,79852.417
688312.SH,20250520,25.2,26.26,24.76,25.58,25.32,1.0269,31757.62,81302.411
688313.SH,20250520,31.0,31.39,29.74,29.96,31.1,-3.6656,354268.26,1065244.244
688314.SH,20250520,31.65,32.51,31.32,32.03,31.63,1.2646,15156.96,48433.635
688315.SH,20250520,13.84,14.11,13.81,14.03,13.83,1.4461,37603.61,52683.901
688316.SH,20250520,54.87,57.09,54.34,56.6,55.3,2.3508,22464.15,125728.012
688317.SH,20250520,17.0,17.25,16.91,17.25,17.01,1.4109,12769.42,21860.926
688318.SH,20250520,135.07,137.12,134.5,136.08,134.96,0.8299,11304.93,153535.651
688319.SH,20250520,15.13,15.46,15.05,15.2,15.0,1.3333,31530.85,48166.953
688320.SH,20250520,46.8,47.1,44.9,45.13,46.72,-3.4033,58156.16,264270.24
688321.SH,20250520,17.39,17.77,17.35,17.56,17.28,1.6204,36708.2,64662.975
688322.SH,20250520,53.97,54.92,53.65,54.07,54.13,-0.1108,51137.35,277768.472
688323.SH,20250520,13.5,13.63,13.3,13.53,13.5,0.2222,16100.6,21686.599
688325.SH,20250520,44.43,44.83,44.02,44.53,44.47,0.1349,3847.31,17112.054
688326.SH,20250520,80.2,82.28,78.5,81.66,80.18,1.8458,16012.0,128520.467
688327.SH,20250520,13.13,13.46,12.95,13.28,13.13,1.1424,161951.97,213978.611
688328.SH,20250520,19.0,19.35,18.72,19.18,18.91,1.4278,28620.84,54599.357
688329.SH,20250520,16.96,17.14,16.74,17.12,16.79,1.9655,12201.13,20704.182
688330.SH,20250520,25.09,25.24,24.87,25.19,24.97,0.8811,8222.66,20675.183
688331.SH,20250520,49.7,57.57,49.7,56.35,48.54,16.0898,106709.53,569924.178
688332.SH,20250520,94.66,94.73,92.8,93.79,94.39,-0.6357,15571.07,146107.296
688333.SH,20250520,62.77,63.89,62.46,62.96,63.05,-0.1427,24498.02,154797.947
688334.SH,20250520,16.6,16.93,16.55,16.9,16.62,1.6847,23282.92,38933.572
688335.SH,20250520,11.88,12.56,11.8,12.51,11.88,5.303,27521.85,34041.173
688336.SH,20250520,39.36,39.37,39.0,39.37,32.81,19.9939,38614.74,152007.778
688337.SH,20250520,35.86,37.19,35.24,36.92,35.83,3.0421,27650.98,100822.277
688338.SH,20250520,24.17,24.45,24.02,24.45,24.18,1.1166,7709.34,18766.521
688339.SH,20250520,21.56,22.64,21.43,21.72,21.7,0.0922,42479.68,92976.54
688343.SH,20250520,51.94,52.53,51.1,51.7,51.95,-0.4812,50679.01,262996.615
688345.SH,20250520,22.86,24.38,22.86,24.05,22.94,4.8387,16948.82,40045.528
688347.SH,20250520,46.43,47.05,46.19,46.55,46.68,-0.2785,72105.3,335753.046
688348.SH,20250520,41.9,41.92,41.16,41.7,41.51,0.4577,9475.84,39409.653
688349.SH,20250520,23.51,23.64,23.31,23.49,23.53,-0.17,18832.65,44153.504
688350.SH,20250520,16.06,16.27,16.03,16.27,16.06,1.3076,11539.07,18605.2
688351.SH,20250520,20.65,20.86,20.4,20.5,20.55,-0.2433,37542.93,77363.915
688352.SH,20250520,11.3,11.38,11.23,11.32,11.29,0.2657,37007.33,41901.866
688353.SH,20250520,21.1,21.18,20.78,21.15,21.19,-0.1888,7816.89,16404.995
688355.SH,20250520,17.57,17.67,17.21,17.54,17.39,0.8626,7174.12,12549.985
688356.SH,20250520,61.6,63.32,61.37,61.45,61.54,-0.1462,7901.12,49305.457
688357.SH,20250520,25.6,26.2,25.36,26.0,25.61,1.5228,8632.33,22298.189
688358.SH,20250520,28.48,29.11,28.13,28.98,28.36,2.1862,10267.88,29587.831
688359.SH,20250520,54.0,54.48,52.34,53.88,54.6,-1.3187,15451.55,82591.558
688360.SH,20250520,27.74,28.18,27.11,27.26,27.73,-1.6949,82342.87,226742.021
688361.SH,20250520,78.0,81.0,77.0,79.39,77.89,1.9258,34843.23,278249.176
688362.SH,20250520,26.48,26.9,26.18,26.85,26.45,1.5123,60489.61,161149.141
688363.SH,20250520,50.65,54.0,50.51,53.08,50.6,4.9012,99207.19,524054.969
688365.SH,20250520,12.5,12.68,12.26,12.61,12.5,0.88,82778.07,103374.055
688366.SH,20250520,51.25,53.28,51.25,52.86,51.23,3.1817,11473.15,60263.47
688367.SH,20250520,17.11,17.37,17.03,17.31,17.11,1.1689,6702.88,11587.839
688368.SH,20250520,93.49,96.49,92.22,95.14,93.88,1.3421,12321.55,117069.867
688369.SH,20250520,26.9,28.0,26.65,27.47,26.99,1.7784,24029.28,65706.017
688370.SH,20250520,19.07,19.4,18.91,19.29,19.08,1.1006,6866.66,13180.704
688371.SH,20250520,15.35,15.51,15.06,15.5,15.2,1.9737,12346.24,19013.01
688372.SH,20250520,69.9,70.3,69.0,69.5,69.53,-0.0431,24989.47,174308.982
688373.SH,20250520,6.34,6.53,6.02,6.08,6.33,-3.9494,217515.31,135187.229
688375.SH,20250520,55.89,55.89,54.13,55.1,56.46,-2.4088,36932.56,202409.75
688376.SH,20250520,35.45,35.89,35.04,35.2,35.15,0.1422,8759.72,31010.544
688377.SH,20250520,19.4,19.73,19.4,19.46,19.67,-1.0676,9659.73,18908.021
688378.SH,20250520,19.02,19.22,18.86,19.16,19.12,0.2092,25881.32,49311.776
688379.SH,20250520,29.09,29.33,28.7,29.22,29.22,0.0,14871.75,43135.643
688380.SH,20250520,26.98,27.21,26.73,27.0,26.99,0.0371,27645.86,74784.088
688381.SH,20250520,22.36,22.87,22.0,22.61,22.41,0.8925,40328.52,91117.317
688382.SH,20250520,21.89,23.72,20.96,23.46,20.29,15.6235,214412.47,476309.065
688383.SH,20250520,51.8,54.02,50.99,53.67,51.04,5.1528,31698.54,167695.136
688385.SH,20250520,44.64,45.16,44.24,44.69,44.79,-0.2233,58926.76,262177.893
688386.SH,20250520,55.0,55.0,52.55,52.96,54.5,-2.8257,12307.93,65439.106
688387.SH,20250520,5.57,5.67,5.52,5.65,5.58,1.2545,105356.82,59035.854
688388.SH,20250520,17.05,17.16,16.9,17.01,17.02,-0.0588,48470.36,82514.954
688389.SH,20250520,13.1,13.28,13.07,13.26,13.06,1.5314,34588.53,45704.995
688390.SH,20250520,40.87,41.09,40.35,40.94,40.85,0.2203,30361.31,123439.799
688391.SH,20250520,28.36,28.6,28.12,28.5,28.26,0.8493,8504.35,24147.665
688392.SH,20250520,51.52,51.98,50.57,51.1,51.57,-0.9114,7815.69,40059.663
688393.SH,20250520,29.59,30.45,29.59,29.94,29.74,0.6725,18761.2,56396.043
688395.SH,20250520,24.13,27.99,23.73,27.58,24.73,11.5245,98229.25,256630.662
688396.SH,20250520,47.02,47.48,46.75,46.8,47.28,-1.0152,23024.68,108093.728
688398.SH,20250520,16.13,17.97,15.61,17.42,15.96,9.1479,68590.94,116672.707
688399.SH,20250520,70.71,71.65,70.03,70.85,70.58,0.3825,5545.78,39398.724
688400.SH,20250520,27.61,27.99,27.2,27.64,27.68,-0.1445,48185.62,133230.451
688401.SH,20250520,31.77,32.18,31.36,32.07,31.73,1.0715,31238.27,99434.729
688403.SH,20250520,9.59,9.75,9.55,9.63,9.65,-0.2073,89660.52,86541.03
688408.SH,20250520,48.2,48.24,47.0,47.47,48.06,-1.2276,36261.6,172099.069
688409.SH,20250520,49.6,51.85,49.53,51.0,50.45,1.0902,37716.07,191593.971
688410.SH,20250520,13.15,13.46,12.96,13.3,13.05,1.9157,40531.1,53662.119
688411.SH,20250520,72.9,72.9,70.7,71.42,72.9,-2.0302,11067.08,78925.545
688416.SH,20250520,37.5,38.47,37.11,37.9,37.35,1.4726,13376.61,50674.464
688418.SH,20250520,29.0,30.35,29.0,29.8,29.21,2.0199,44396.99,132878.298
688419.SH,20250520,35.37,36.39,35.25,36.08,35.34,2.0939,11233.43,40380.09
688420.SH,20250520,22.42,22.66,22.26,22.52,22.27,1.1226,4069.8,9171.747
688425.SH,20250520,3.96,3.98,3.95,3.97,3.95,0.5063,140770.56,55800.798
688426.SH,20250520,19.27,19.75,19.27,19.56,19.25,1.6104,8483.95,16582.685
688428.SH,20250520,21.61,22.49,21.29,22.27,21.11,5.495,68675.75,150653.286
688429.SH,20250520,13.73,13.95,13.66,13.82,13.85,-0.2166,10232.29,14129.191
688432.SH,20250520,11.28,11.37,11.15,11.3,11.19,0.983,43984.76,49733.96
688433.SH,20250520,38.58,39.25,38.02,38.44,38.64,-0.5176,19267.13,74660.36
688435.SH,20250520,30.83,31.07,30.3,30.95,30.6,1.1438,11141.18,34293.622
688439.SH,20250520,55.65,55.65,53.4,54.56,55.52,-1.7291,29651.36,161026.116
688443.SH,20250520,27.0,28.62,27.0,28.42,27.14,4.7163,43207.82,120747.702
688448.SH,20250520,32.0,32.09,31.0,31.85,31.69,0.5049,27326.68,86672.431
688449.SH,20250520,40.1,40.68,39.91,40.6,40.19,1.0202,16335.27,65996.435
688450.SH,20250520,24.21,24.6,24.1,24.48,24.2,1.157,6543.96,15961.522
688455.SH,20250520,11.8,11.86,11.69,11.81,11.8,0.0847,9068.04,10710.881
688456.SH,20250520,34.26,35.25,34.06,35.2,34.42,2.2661,22057.48,76996.889
688458.SH,20250520,41.3,42.47,41.0,41.41,41.63,-0.5285,24797.76,103180.932
688459.SH,20250520,9.68,9.71,9.67,9.69,9.69,0.0,7947.67,7698.498
688466.SH,20250520,17.13,17.94,17.01,17.38,17.04,1.9953,9049.23,15733.791
688468.SH,20250520,7.27,7.44,7.21,7.42,7.25,2.3448,47658.45,35053.288
688469.SH,20250520,4.82,4.85,4.77,4.84,4.81,0.6237,303832.88,146655.334
688472.SH,20250520,9.56,9.62,9.44,9.53,9.62,-0.9356,141600.46,134480.791
688475.SH,20250520,33.6,34.08,33.16,34.03,33.48,1.6428,21217.51,71353.734
688478.SH,20250520,29.08,29.28,28.74,28.8,29.05,-0.8606,10833.65,31350.842
688479.SH,20250520,18.55,18.79,18.42,18.79,18.53,1.4031,7334.77,13704.674
688480.SH,20250520,33.39,33.39,32.1,32.64,33.01,-1.1209,9182.67,29944.254
688484.SH,20250520,32.95,32.96,32.41,32.48,32.58,-0.3069,28159.22,91835.592
688485.SH,20250520,10.28,10.41,10.17,10.41,10.29,1.1662,16907.18,17421.668
688486.SH,20250520,67.98,68.3,66.66,67.43,67.83,-0.5897,10554.84,71310.138
688488.SH,20250520,11.15,11.65,11.08,11.35,11.11,2.1602,60042.64,68211.336
688489.SH,20250520,32.61,33.22,32.31,32.98,32.67,0.9489,3303.17,10882.9
688496.SH,20250520,7.74,7.8,7.63,7.77,7.7,0.9091,26810.76,20760.766
688498.SH,20250520,137.5,140.5,136.12,137.57,137.98,-0.2971,12739.5,175695.756
688499.SH,20250520,27.52,27.84,27.27,27.78,27.68,0.3613,42075.37,115873.343
688500.SH,20250520,32.47,33.98,32.33,32.52,32.47,0.154,25603.35,84185.761
688501.SH,20250520,29.35,30.37,28.67,30.19,29.36,2.827,28848.7,85720.412
688502.SH,20250520,274.7,282.0,274.3,277.8,277.5,0.1081,5709.22,158704.176
688503.SH,20250520,33.29,33.85,33.0,33.58,33.39,0.569,32218.57,107790.994
688505.SH,20250520,7.98,8.06,7.97,8.04,7.95,1.1321,34773.23,27941.004
688506.SH,20250520,271.76,271.76,265.0,270.0,266.49,1.3171,8723.45,234468.068
688507.SH,20250520,81.3,81.8,79.8,81.4,81.7,-0.3672,15461.28,124586.538
688508.SH,20250520,53.88,54.77,53.11,54.25,53.67,1.0807,30807.15,166349.728
688509.SH,20250520,4.03,4.06,3.98,4.05,4.03,0.4963,68462.48,27504.78
688510.SH,20250520,18.07,18.13,17.81,18.08,18.07,0.0553,62991.85,113385.742
688511.SH,20250520,17.05,17.92,17.05,17.3,17.25,0.2899,25119.45,44035.399
688512.SH,20250520,10.34,10.43,10.19,10.3,10.3,0.0,79282.6,81689.321
688513.SH,20250520,33.52,35.5,33.33,34.9,33.34,4.6791,55345.84,192307.33
688515.SH,20250520,95.6,98.48,94.5,97.88,95.26,2.7504,10547.94,102709.832
688516.SH,20250520,33.69,33.8,33.34,33.59,33.58,0.0298,19478.19,65256.928
688517.SH,20250520,14.1,14.26,14.0,14.24,14.07,1.2082,15928.9,22527.68
688518.SH,20250520,16.42,16.75,16.3,16.6,16.42,1.0962,59460.18,98574.351
688519.SH,20250520,35.27,37.57,34.89,36.94,35.12,5.1822,39469.2,144491.831
688520.SH,20250520,36.93,38.75,36.93,38.21,36.56,4.5131,48125.63,183508.472
688521.SH,20250520,84.1,88.87,83.54,87.59,83.55,4.8354,113825.43,983387.684
688522.SH,20250520,66.84,67.57,66.31,67.06,66.99,0.1045,14764.95,98714.594
688523.SH,20250520,20.18,20.18,19.77,19.95,20.09,-0.6969,17337.35,34548.753
688525.SH,20250520,61.41,62.37,60.9,61.54,61.4,0.228,55700.19,343626.213
688526.SH,20250520,17.39,18.56,17.3,18.38,17.3,6.2428,88061.42,159356.31
688528.SH,20250520,9.64,9.86,9.54,9.85,9.67,1.8614,9050.0,8791.971
688529.SH,20250520,17.86,17.88,17.4,17.65,17.63,0.1134,17201.18,30297.101
688530.SH,20250520,15.37,15.63,15.28,15.59,15.38,1.3654,14792.69,22944.885
688531.SH,20250520,65.9,65.9,64.59,64.79,65.9,-1.6844,14799.62,96318.634
688533.SH,20250520,26.07,26.23,25.61,26.17,26.0,0.6538,15414.05,40099.254
688535.SH,20250520,72.0,72.73,71.08,71.9,72.5,-0.8276,16572.85,119201.375
688536.SH,20250520,150.53,151.94,147.9,149.01,151.13,-1.4028,19603.72,293468.689
688538.SH,20250520,2.39,2.39,2.33,2.35,2.38,-1.2605,459185.5,107970.124
688539.SH,20250520,25.96,26.47,25.62,26.12,25.96,0.6163,14665.16,38205.928
688543.SH,20250520,54.97,55.29,53.91,54.58,55.17,-1.0694,37537.3,204532.957
688545.SH,20250520,27.1,27.2,26.9,27.11,27.1,0.0369,17828.11,48262.796
688548.SH,20250520,10.12,10.13,9.98,10.03,10.11,-0.7913,109974.91,110529.294
688549.SH,20250520,7.18,7.22,7.11,7.2,7.17,0.4184,54900.77,39394.908
688550.SH,20250520,37.87,38.3,37.23,37.38,37.97,-1.5539,25447.4,95987.84
688551.SH,20250520,28.21,28.5,27.78,28.4,28.07,1.1756,7983.43,22537.279
688552.SH,20250520,34.32,34.9,32.85,32.94,35.2,-6.4205,255219.13,853433.257
688553.SH,20250520,13.59,13.96,13.58,13.86,13.59,1.9868,34967.54,48438.655
688556.SH,20250520,10.42,10.52,10.22,10.36,10.49,-1.2393,119742.17,124106.735
688557.SH,20250520,27.69,29.98,27.05,28.8,27.42,5.0328,94615.97,270237.202
688558.SH,20250520,24.93,25.23,24.75,25.17,25.07,0.3989,8364.9,20957.197
688559.SH,20250520,30.27,30.57,29.82,30.08,30.3,-0.7261,23628.18,71032.653
688560.SH,20250520,13.13,13.14,12.9,13.12,13.14,-0.1522,18219.59,23747.507
688561.SH,20250520,30.41,30.83,30.1,30.66,30.47,0.6236,34224.82,104376.524
688562.SH,20250520,16.34,16.53,16.3,16.5,16.5,0.0,24006.34,39398.198
688563.SH,20250520,53.53,54.0,53.37,53.8,53.77,0.0558,8077.32,43296.027
688565.SH,20250520,7.8,8.18,7.8,7.91,7.75,2.0645,43643.45,34663.386
688566.SH,20250520,25.06,25.68,25.06,25.31,25.19,0.4764,20389.59,51774.416
688567.SH,20250520,13.07,13.29,12.95,13.14,13.1,0.3053,68697.85,90040.922
688568.SH,20250520,55.58,55.92,55.19,55.33,55.67,-0.6107,39137.19,217165.196
688569.SH,20250520,21.1,21.32,21.02,21.26,21.12,0.6629,7049.54,14961.912
688570.SH,20250520,18.94,20.72,18.85,20.24,18.91,7.0333,46031.18,91960.126
688571.SH,20250520,7.57,7.65,7.5,7.63,7.54,1.1936,30398.21,23069.527
688573.SH,20250520,20.01,21.08,19.88,20.47,20.0,2.35,46783.77,95821.11
688575.SH,20250520,15.0,15.0,14.8,14.94,14.93,0.067,25814.29,38516.677
688576.SH,20250520,62.88,64.28,62.5,64.05,62.85,1.9093,3990.43,25392.943
688577.SH,20250520,62.17,64.8,62.11,63.52,63.5,0.0315,8175.21,51942.219
688578.SH,20250520,84.99,86.18,84.38,84.8,84.55,0.2957,36437.66,310469.033
688579.SH,20250520,9.47,9.63,9.37,9.61,9.47,1.4784,41290.52,39358.864
688580.SH,20250520,45.98,47.24,45.95,46.83,46.24,1.276,24824.41,116138.343
688581.SH,20250520,60.97,63.38,60.63,62.85,60.86,3.2698,9906.41,61786.555
688582.SH,20250520,64.25,64.8,62.85,64.38,64.39,-0.0155,39576.3,253300.084
688583.SH,20250520,110.96,112.05,109.8,111.89,110.99,0.8109,3125.52,34744.41
688584.SH,20250520,16.92,17.12,16.82,16.99,16.86,0.7711,18684.46,31716.125
688585.SH,20250520,7.73,7.78,7.64,7.78,7.73,0.6468,25937.52,20064.354
688586.SH,20250520,10.04,10.12,9.96,10.04,10.09,-0.4955,65193.38,65300.575
688588.SH,20250520,13.71,13.78,13.53,13.75,13.66,0.6589,59310.61,81151.429
688589.SH,20250520,25.49,25.72,25.22,25.5,25.42,0.3147,18116.89,46221.973
688590.SH,20250520,20.96,21.47,20.65,20.74,20.83,-0.4321,53757.19,113165.659
688591.SH,20250520,36.7,37.0,36.34,36.4,36.7,-0.8174,44279.39,161960.031
688592.SH,20250520,43.25,43.78,42.55,43.01,42.98,0.0698,19112.84,82271.507
688593.SH,20250520,17.0,17.0,16.53,16.66,16.9,-1.4201,39583.46,66006.38
688595.SH,20250520,41.43,41.6,38.92,39.06,40.91,-4.5221,80061.91,318180.157
688596.SH,20250520,36.0,36.2,35.7,35.71,36.0,-0.8056,25592.45,91818.343
688597.SH,20250520,11.05,11.17,10.99,11.15,11.04,0.9964,24519.32,27238.451
688598.SH,20250520,25.81,26.08,25.47,26.01,25.87,0.5412,27790.94,71985.647
688599.SH,20250520,13.85,13.92,13.69,13.77,13.92,-1.0776,205572.77,283292.573
688600.SH,20250520,20.0,20.44,19.59,20.04,19.91,0.6529,27800.92,55659.295
688601.SH,20250520,36.5,36.66,35.96,36.39,36.34,0.1376,12183.62,44276.151
688602.SH,20250520,7.91,8.03,7.83,7.97,7.9,0.8861,79534.97,63111.922
688603.SH,20250520,67.01,69.16,66.8,67.98,67.17,1.2059,6781.87,46064.202
688605.SH,20250520,59.1,59.58,58.72,59.35,59.28,0.1181,10371.92,61407.062
688606.SH,20250520,62.58,63.54,62.27,63.12,62.36,1.2187,6246.32,39395.205
688607.SH,20250520,18.09,18.9,18.05,18.62,18.22,2.1954,21188.66,39263.27
688608.SH,20250520,405.78,411.91,396.03,398.0,406.5,-2.091,20348.2,819705.786
688609.SH,20250520,11.1,11.12,10.58,10.78,10.92,-1.2821,209135.34,224040.375
688610.SH,20250520,36.1,36.33,35.7,36.31,35.9,1.1421,2319.16,8390.185
688611.SH,20250520,33.0,33.0,31.95,32.74,32.71,0.0917,22232.16,72395.355
688612.SH,20250520,25.5,25.64,25.1,25.41,25.37,0.1577,12471.8,31771.772
688613.SH,20250520,17.01,17.93,16.96,17.63,16.96,3.9505,47965.36,84064.706
688615.SH,20250520,231.0,235.88,230.25,230.8,228.73,0.905,6595.3,153238.292
688616.SH,20250520,11.42,11.58,11.35,11.58,11.42,1.4011,16256.46,18663.143
688617.SH,20250520,403.77,411.87,401.0,406.2,402.5,0.9193,4022.13,163665.598
688618.SH,20250520,21.33,21.76,21.17,21.71,21.33,1.7815,7543.78,16253.427
688619.SH,20250520,10.17,10.21,10.01,10.14,10.15,-0.0985,13957.96,14155.698
688620.SH,20250520,11.7,11.96,11.61,11.82,11.76,0.5102,57736.64,68253.144
688621.SH,20250520,47.4,47.9,46.5,47.05,47.61,-1.1762,30884.18,144853.007
688622.SH,20250520,77.99,79.6,75.94,79.18,76.32,3.7474,4738.92,36937.569
688623.SH,20250520,63.83,64.38,62.82,63.35,63.8,-0.7053,6497.98,41177.654
688625.SH,20250520,46.68,47.9,46.21,46.75,46.68,0.15,15583.47,73092.652
688626.SH,20250520,38.5,38.98,38.2,38.81,38.68,0.3361,9395.37,36235.079
688627.SH,20250520,75.2,75.2,72.88,73.12,74.51,-1.8655,10793.96,79323.236
688628.SH,20250520,34.52,35.16,34.25,34.71,34.55,0.4631,15394.17,53545.423
688629.SH,20250520,53.08,54.69,52.8,52.92,53.45,-0.9916,71267.34,380814.935
688630.SH,20250520,72.49,74.47,71.8,73.0,72.61,0.5371,19911.8,145330.505
688631.SH,20250520,78.43,79.5,77.51,78.14,78.55,-0.522,10670.51,83516.52
688633.SH,20250520,28.59,28.59,27.62,28.36,27.85,1.8312,7156.83,20229.132
688636.SH,20250520,41.6,41.66,40.83,41.1,41.29,-0.4602,10509.02,43330.975
688638.SH,20250520,31.5,31.6,30.93,31.42,31.12,0.964,1496.18,4684.673
688639.SH,20250520,28.79,30.78,28.79,30.22,28.76,5.0765,62165.39,187682.061
688646.SH,20250520,26.88,27.28,26.72,26.79,26.87,-0.2977,16186.9,43726.655
688648.SH,20250520,38.3,47.86,38.3,42.31,40.08,5.5639,125551.24,534789.459
688651.SH,20250520,34.37,35.35,34.24,35.06,34.64,1.2125,5510.59,19243.714
688652.SH,20250520,55.2,58.1,54.81,57.6,55.16,4.4235,20330.59,115990.605
688653.SH,20250520,11.45,11.66,11.38,11.66,11.45,1.8341,39839.61,46021.454
688655.SH,20250520,20.37,22.88,20.17,21.51,20.19,6.5379,104736.36,228891.768
688656.SH,20250520,88.56,91.5,86.01,90.41,88.3,2.3896,8241.11,73883.567
688657.SH,20250520,42.79,43.77,42.71,43.17,42.71,1.077,6414.68,27811.199
688658.SH,20250520,14.48,15.4,14.4,14.84,14.48,2.4862,120508.93,180791.066
688659.SH,20250520,7.87,8.05,7.83,8.05,7.86,2.4173,20923.53,16639.921
688660.SH,20250520,7.81,7.88,7.72,7.8,7.85,-0.6369,148434.43,115616.844
688661.SH,20250520,43.73,43.73,42.62,43.29,43.02,0.6276,20410.15,88190.281
688662.SH,20250520,37.35,38.11,37.23,37.81,37.66,0.3983,8292.68,31295.543
688663.SH,20250520,26.49,26.6,26.06,26.5,26.66,-0.6002,15674.93,41315.724
688665.SH,20250520,46.07,48.5,45.51,47.44,46.06,2.9961,27270.6,128282.521
688667.SH,20250520,57.79,57.9,56.13,57.31,57.7,-0.6759,9744.32,55717.442
688668.SH,20250520,48.5,49.49,48.12,48.85,48.56,0.5972,24675.04,120885.705
688669.SH,20250520,18.35,18.7,17.99,18.61,18.5,0.5946,23904.41,43916.041
688670.SH,20250520,12.81,13.18,12.81,13.18,12.88,2.3292,11690.91,15271.171
688671.SH,20250520,20.09,20.36,19.81,20.16,19.96,1.002,4940.01,9962.844
688676.SH,20250520,32.49,33.13,32.41,33.09,32.62,1.4408,53780.25,176972.366
688677.SH,20250520,37.18,39.54,36.86,39.52,37.05,6.6667,26864.17,103596.627
688678.SH,20250520,21.31,21.46,20.64,21.14,21.29,-0.7046,81267.59,171019.019
688679.SH,20250520,14.88,14.9,14.31,14.83,14.67,1.0907,32691.48,48062.471
688680.SH,20250520,43.35,44.88,42.84,43.16,43.8,-1.4612,14728.8,64326.347
688681.SH,20250520,13.2,13.41,13.2,13.39,13.23,1.2094,11052.76,14743.308
688682.SH,20250520,37.82,38.18,37.47,37.66,38.15,-1.2844,11610.47,43823.027
688683.SH,20250520,24.07,24.53,24.07,24.37,24.07,1.2464,4416.37,10737.594
688685.SH,20250520,60.45,62.8,59.51,61.3,60.09,2.0136,46421.34,284462.732
688686.SH,20250520,87.0,87.87,85.05,85.33,86.99,-1.9083,9986.14,86201.433
688687.SH,20250520,26.49,27.5,26.49,26.73,26.36,1.4036,83276.36,224697.762
688689.SH,20250520,22.68,23.09,22.36,22.9,22.5,1.7778,13462.6,30685.594
688690.SH,20250520,21.3,21.65,21.23,21.43,21.26,0.7996,24231.69,51913.447
688691.SH,20250520,56.99,57.49,56.22,56.62,56.75,-0.2291,12284.0,69816.504
688692.SH,20250520,327.06,328.0,323.67,326.16,326.77,-0.1867,3584.23,116759.222
688693.SH,20250520,30.99,31.68,30.66,31.56,30.8,2.4675,15654.96,49042.78
688695.SH,20250520,29.34,29.78,29.02,29.59,29.34,0.8521,5806.23,17109.391
688696.SH,20250520,116.09,121.0,115.24,119.19,115.94,2.8032,9653.14,114512.501
688697.SH,20250520,19.26,19.78,19.21,19.75,19.39,1.8566,35066.45,68711.916
688698.SH,20250520,46.66,49.87,46.21,49.0,46.66,5.015,61437.69,299227.21
688699.SH,20250520,31.07,31.49,30.96,31.26,31.14,0.3854,6343.65,19860.172
688700.SH,20250520,33.35,34.98,33.1,34.5,33.49,3.0158,39103.24,134424.835
688701.SH,20250520,7.75,7.88,7.66,7.84,7.75,1.1613,27521.36,21425.549
688702.SH,20250520,60.37,60.7,58.9,59.99,60.08,-0.1498,11738.18,70447.253
688707.SH,20250520,11.57,12.08,11.43,12.02,11.55,4.0693,80378.08,95168.242
688708.SH,20250520,54.48,56.37,54.05,54.55,54.58,-0.055,26263.15,145072.559
688709.SH,20250520,32.52,32.75,32.1,32.34,32.52,-0.5535,23615.61,76369.318
688710.SH,20250520,31.17,32.05,31.17,31.93,31.11,2.6358,12106.03,38533.243
688711.SH,20250520,16.34,16.73,16.22,16.54,16.31,1.4102,23232.6,38412.194
688716.SH,20250520,41.0,41.0,39.17,39.41,41.19,-4.3214,83405.9,332093.117
688717.SH,20250520,57.99,58.0,56.3,56.7,57.86,-2.0048,21397.2,122371.784
688718.SH,20250520,11.82,12.1,11.73,12.07,11.82,2.1151,13475.19,16125.319
688719.SH,20250520,32.15,33.88,32.01,33.57,32.62,2.9123,33068.69,110024.049
688720.SH,20250520,40.2,40.2,39.33,39.63,39.57,0.1516,6481.55,25741.812
688721.SH,20250520,43.58,43.79,42.7,42.96,43.11,-0.3479,5895.11,25452.196
688722.SH,20250520,22.33,22.75,22.1,22.51,22.32,0.8513,85003.27,190922.133
688726.SH,20250520,40.88,41.92,40.53,41.49,40.81,1.6663,11590.55,48004.478
688728.SH,20250520,15.19,15.57,15.07,15.29,15.2,0.5921,101580.31,155886.763
688733.SH,20250520,17.05,17.05,16.8,16.99,17.0,-0.0588,15858.36,26824.081
688737.SH,20250520,21.96,22.65,21.65,22.26,21.82,2.0165,33608.25,74396.053
688739.SH,20250520,25.72,25.96,25.68,25.91,25.62,1.1319,17530.28,45282.592
688750.SH,20250520,18.58,18.87,18.2,18.77,18.8,-0.1596,70540.82,130727.296
688755.SH,20250520,45.8,50.01,44.99,49.2,46.55,5.6928,83229.84,388844.153
688757.SH,20250520,24.29,24.51,24.1,24.42,24.4,0.082,19158.26,46616.669
688758.SH,20250520,16.15,16.5,16.08,16.48,16.15,2.0433,16098.83,26361.216
688766.SH,20250520,86.39,87.28,86.0,86.62,86.82,-0.2304,11362.04,98446.001
688767.SH,20250520,43.18,44.97,42.84,44.5,43.18,3.057,12973.05,57507.312
688768.SH,20250520,47.7,49.59,47.7,48.32,47.8,1.0879,11510.54,56040.208
688772.SH,20250520,13.66,13.78,13.56,13.71,13.72,-0.0729,119506.17,163440.285
688776.SH,20250520,93.43,98.37,90.8,90.88,93.7,-3.0096,48005.55,450948.205
688777.SH,20250520,46.21,46.68,46.0,46.53,46.29,0.5185,53806.71,249685.052
688778.SH,20250520,49.33,50.18,48.7,49.07,49.16,-0.1831,20153.47,99107.791
688779.SH,20250520,4.89,4.92,4.85,4.91,4.88,0.6148,87065.92,42558.257
688786.SH,20250520,26.04,26.06,25.72,25.88,26.08,-0.7669,7764.32,20099.431
688787.SH,20250520,92.16,93.87,90.8,92.52,92.35,0.1841,9508.69,87962.384
688788.SH,20250520,56.0,56.0,52.2,53.53,56.1,-4.5811,29502.46,157360.04
688789.SH,20250520,67.11,68.49,65.64,67.69,67.15,0.8042,13326.32,90114.49
688793.SH,20250520,31.4,33.47,31.1,32.7,30.7,6.5147,55790.47,181127.386
688798.SH,20250520,68.4,68.86,67.7,67.82,68.7,-1.2809,15928.05,108430.372
688799.SH,20250520,43.85,44.75,43.01,44.75,43.21,3.564,40123.36,176711.234
688800.SH,20250520,52.18,53.2,51.8,52.23,52.38,-0.2864,22769.89,119223.922
688819.SH,20250520,27.57,27.8,27.39,27.42,27.52,-0.3634,15452.04,42596.683
688981.SH,20250520,85.4,85.82,85.0,85.04,85.01,0.0353,154837.62,1321269.793
689009.SH,20250520,65.1,66.27,64.3,65.0,64.99,0.0154,64488.23,421060.706
920779.BJ,20250520,45.89,47.25,45.7,46.81,45.63,2.586,32290.86,150636.934
920809.BJ,20250520,6.03,6.21,5.97,6.18,6.03,2.4876,110395.79,67714.768
920832.BJ,20250520,8.2,8.48,8.18,8.44,8.19,3.0525,45044.02,37663.341
920839.BJ,20250520,33.69,34.78,33.23,34.74,33.4,4.012,24140.5,82731.354
920879.BJ,20250520,16.79,17.14,16.48,16.97,16.55,2.5378,33906.43,57020.055
920896.BJ,20250520,21.75,22.1,21.28,22.06,21.89,0.7766,37541.97,81794.637
920946.BJ,20250520,12.0,12.96,11.86,12.19,12.09,0.8271,218642.42,271805.262
920964.BJ,20250520,8.91,10.58,8.91,10.0,8.9,12.3596,432401.93,411125.439
920974.BJ,20250520,8.45,9.44,8.3,8.89,8.41,5.7075,83857.7,74067.584
920010.BJ,20250520,14.97,15.07,14.58,14.82,14.97,-1.002,103724.76,153704.261
920039.BJ,20250520,12.03,12.08,11.6,11.79,11.99,-1.6681,71573.18,84540.247
920087.BJ,20250520,19.2,20.19,19.2,19.79,19.8,-0.0505,114142.51,226038.307
920152.BJ,20250520,20.2,20.65,19.86,20.46,19.97,2.4537,15705.8,32085.3
920267.BJ,20250520,29.87,30.75,29.0,30.47,29.88,1.9746,30199.7,90752.925
920375.BJ,20250520,22.48,23.5,22.08,23.33,22.48,3.7811,39125.24,89864.467
920195.BJ,20250520,18.3,18.98,18.1,18.79,18.16,3.4692,52161.43,96703.761
920378.BJ,20250520,14.27,14.6,14.18,14.56,14.19,2.6075,54859.93,79120.794
920304.BJ,20250520,16.24,16.35,15.81,16.14,16.23,-0.5545,114810.53,184628.468
920405.BJ,20250520,23.51,25.85,22.97,25.38,23.27,9.0675,152648.69,372340.857
920370.BJ,20250520,4.5,4.64,4.46,4.64,4.48,3.5714,154872.17,70786.379
920496.BJ,20250520,12.31,13.57,12.31,13.51,11.99,12.6772,275707.35,358789.723
920526.BJ,20250520,29.59,30.43,29.22,30.24,29.56,2.3004,16641.57,50104.339
920627.BJ,20250520,28.43,29.47,28.21,29.24,28.25,3.5044,37096.18,107539.766
920641.BJ,20250520,17.08,17.6,16.88,17.57,17.01,3.2922,23730.9,41063.997
920689.BJ,20250520,46.39,51.8,45.86,47.95,47.3,1.3742,92326.62,451406.778
920726.BJ,20250520,23.9,24.8,23.6,24.28,23.76,2.1886,56785.88,137797.824
920768.BJ,20250520,11.74,12.26,11.59,12.14,11.71,3.6721,86452.66,103554.695
920932.BJ,20250520,28.18,28.77,27.75,28.74,28.4,1.1972,32515.3,92373.602
920834.BJ,20250520,12.48,12.95,12.27,12.85,12.3,4.4715,45324.19,57248.409
920855.BJ,20250520,21.92,22.66,21.6,22.66,21.92,3.3759,35829.59,79731.745
920856.BJ,20250520,26.88,28.28,26.39,28.22,26.38,6.975,77663.37,214038.946
920906.BJ,20250520,25.91,26.6,25.58,26.38,25.97,1.5787,24258.44,63722.469
920961.BJ,20250520,23.1,23.45,22.75,23.42,23.4,0.0855,98212.48,226322.999
920000.BJ,20250520,23.94,24.69,23.66,24.69,23.94,3.1328,34295.01,83479.597
920023.BJ,20250520,4.81,5.29,4.76,5.14,4.8,7.0833,394672.53,198528.93
920089.BJ,20250520,18.0,19.35,17.82,19.23,18.15,5.9504,128927.32,240637.494
920110.BJ,20250520,39.96,41.15,39.53,41.11,39.76,3.3954,10049.14,40826.382
920145.BJ,20250520,23.8,26.08,23.31,26.08,23.59,10.5553,48594.71,120916.835
920249.BJ,20250520,15.9,16.3,15.72,16.11,15.91,1.2571,117203.46,188451.249
920171.BJ,20250520,30.85,31.97,29.7,30.54,30.39,0.4936,105628.51,324383.096
920175.BJ,20250520,12.5,12.97,12.45,12.82,12.57,1.9889,59696.73,76177.946
920225.BJ,20250520,18.88,21.3,18.76,20.63,18.76,9.968,114841.16,231090.987
920278.BJ,20250520,10.72,11.06,10.72,11.05,10.8,2.3148,37258.63,40837.456
920419.BJ,20250520,26.3,34.98,26.11,31.78,26.91,18.0974,243420.68,770122.776
920469.BJ,20250520,15.71,15.78,15.31,15.72,15.77,-0.3171,101045.17,157145.04
920471.BJ,20250520,17.5,18.09,17.33,17.81,17.36,2.5922,50439.94,89698.271
920491.BJ,20250520,31.9,32.68,31.65,32.43,32.11,0.9966,58218.42,187784.378
920522.BJ,20250520,57.35,59.0,56.86,58.1,57.18,1.609,28779.42,167165.063
920566.BJ,20250520,12.5,12.97,12.39,12.75,12.46,2.3274,90418.85,115149.139
920651.BJ,20250520,30.28,31.6,30.08,31.37,30.16,4.0119,21448.21,66805.768
920662.BJ,20250520,25.65,26.73,25.23,26.66,25.65,3.9376,37114.95,97233.322
920735.BJ,20250520,55.46,59.38,55.46,57.91,55.4,4.5307,39943.28,230667.472
920786.BJ,20250520,11.34,12.34,11.33,11.8,11.42,3.3275,317705.02,380241.21
920802.BJ,20250520,23.36,27.27,23.0,25.69,23.5,9.3191,65596.11,165515.898
920876.BJ,20250520,37.55,37.65,34.41,34.59,37.36,-7.4143,78683.86,277275.82
920885.BJ,20250520,19.0,19.1,18.5,18.8,18.91,-0.5817,66972.5,125191.022
920978.BJ,20250520,24.98,25.93,24.7,25.67,25.04,2.516,42407.36,108167.944
920982.BJ,20250520,523.0,544.78,516.16,529.0,528.72,0.053,9577.23,507604.89
920130.BJ,20250520,34.82,35.2,34.21,35.11,34.63,1.3861,30368.99,105823.228
920075.BJ,20250520,32.0,39.88,31.8,36.07,32.03,12.6132,119834.73,428259.152
920571.BJ,20250520,13.0,13.0,10.88,11.04,13.45,-17.9182,992307.29,1137797.108
920230.BJ,20250520,22.33,23.25,22.25,22.68,22.27,1.841,40707.15,92340.036
920266.BJ,20250520,10.67,11.98,10.56,11.6,10.78,7.6067,99544.04,113919.983
920284.BJ,20250520,26.5,28.0,25.59,27.3,26.1,4.5977,136911.78,371002.422
920346.BJ,20250520,30.35,32.5,30.04,31.09,30.47,2.0348,64630.42,202380.153
920394.BJ,20250520,41.86,45.85,41.41,45.15,41.36,9.1634,72778.05,322085.038
920427.BJ,20250520,15.21,17.5,14.8,17.06,15.52,9.9227,104622.76,166707.974
920429.BJ,20250520,29.88,34.0,28.53,28.78,29.5,-2.4407,103213.73,319917.995
920454.BJ,20250520,17.18,17.58,17.01,17.5,17.25,1.4493,37031.41,64340.945
920455.BJ,20250520,11.15,11.5,11.1,11.48,11.15,2.9596,24672.33,27969.04
920509.BJ,20250520,26.13,27.5,25.93,27.13,26.27,3.2737,70780.08,190046.815
920523.BJ,20250520,26.6,27.18,26.59,27.16,26.69,1.761,28764.08,77694.114
920533.BJ,20250520,51.3,51.63,50.48,51.23,51.17,0.1173,30146.16,153600.21
920575.BJ,20250520,16.65,17.5,16.55,17.12,16.54,3.5067,48744.47,83516.1
920580.BJ,20250520,14.25,14.71,13.84,14.66,14.02,4.5649,33831.73,48670.029
920751.BJ,20250520,18.2,19.18,18.06,19.05,18.18,4.7855,49012.91,91693.01
920781.BJ,20250520,11.1,11.45,11.06,11.3,11.2,0.8929,109016.5,122261.37
920873.BJ,20250520,6.41,6.88,6.27,6.82,6.42,6.2305,282267.98,186130.437
920914.BJ,20250520,19.97,20.56,19.85,20.39,20.0,1.95,33657.98,68283.624
920943.BJ,20250520,24.02,24.25,23.57,24.22,23.85,1.5514,40564.03,97047.319
920014.BJ,20250520,14.21,15.0,14.18,14.55,14.26,2.0337,22183.5,32288.606
920021.BJ,20250520,7.13,7.49,7.08,7.37,7.15,3.0769,270382.76,197095.009
920033.BJ,20250520,20.53,21.33,20.35,21.31,20.53,3.7993,20230.23,42463.593
920058.BJ,20250520,37.51,39.9,37.51,39.38,37.32,5.5198,24030.77,93446.519
920062.BJ,20250520,10.58,11.28,10.46,11.15,10.61,5.0895,160930.26,176006.405
920261.BJ,20250520,16.97,17.6,16.41,17.28,16.96,1.8868,142174.95,242009.764
920407.BJ,20250520,25.8,26.5,25.64,26.15,25.66,1.9096,15863.72,41368.023
920415.BJ,20250520,18.28,19.46,18.05,19.22,18.28,5.1422,132748.13,249814.09
920475.BJ,20250520,19.97,20.44,19.57,20.44,19.81,3.1802,24592.17,49473.33
920599.BJ,20250520,21.96,22.17,21.46,21.88,21.89,-0.0457,101394.82,220607.203
920639.BJ,20250520,9.15,9.5,9.06,9.45,9.15,3.2787,125430.55,116836.781
920765.BJ,20250520,23.9,24.85,23.9,24.83,24.29,2.2231,31250.27,76283.632
920770.BJ,20250520,19.0,19.29,18.5,19.29,18.88,2.1716,74542.05,141545.507
920950.BJ,20250520,19.92,20.28,19.62,20.03,19.86,0.856,20433.42,40716.622
920174.BJ,20250520,49.6,55.69,47.99,55.69,42.84,29.9953,192358.2,985373.22
920179.BJ,20250520,35.73,37.98,35.35,36.79,36.05,2.0527,78681.86,290973.118
920184.BJ,20250520,15.6,15.64,15.26,15.58,15.4,1.1688,41285.7,64050.443
920185.BJ,20250520,22.69,23.24,22.34,23.03,22.48,2.4466,94224.13,216206.075
920207.BJ,20250520,29.8,30.59,27.83,27.9,28.34,-1.5526,85574.1,247291.959
920237.BJ,20250520,31.31,32.6,31.31,32.35,31.73,1.954,18974.73,60938.531
920305.BJ,20250520,13.18,13.2,12.51,13.02,13.0,0.1538,89236.77,115247.674
920368.BJ,20250520,29.22,29.78,28.77,29.72,29.1,2.1306,43991.04,129384.756
920438.BJ,20250520,19.46,20.18,19.09,20.15,19.39,3.9195,67603.75,133365.59
920508.BJ,20250520,34.64,36.15,34.64,36.0,34.75,3.5971,17201.99,61360.931
920579.BJ,20250520,31.0,31.64,30.62,31.49,31.05,1.4171,41580.63,129642.533
920640.BJ,20250520,29.4,29.69,28.93,29.63,29.5,0.4407,67128.39,196875.878
920670.BJ,20250520,15.56,15.92,15.41,15.9,15.56,2.1851,39351.0,61903.715
920057.BJ,20250520,6.91,7.16,6.85,7.15,6.91,3.4732,67251.1,47450.31
920992.BJ,20250520,20.65,21.86,20.43,21.77,20.61,5.6283,64809.09,138677.564
920985.BJ,20250520,10.55,10.75,10.45,10.73,10.52,1.9962,57068.02,60889.835
920077.BJ,20250520,16.11,16.58,15.4,15.84,16.69,-5.0929,328753.76,522420.324
920149.BJ,20250520,16.25,20.67,16.15,19.17,16.02,19.6629,207735.46,377585.544
920208.BJ,20250520,36.48,37.47,36.01,37.19,36.18,2.7916,18560.99,68661.793
920221.BJ,20250520,21.31,21.86,21.02,21.81,21.36,2.1067,31360.85,67514.065
920239.BJ,20250520,45.73,46.75,45.31,46.68,45.53,2.5258,33016.74,152427.008
920247.BJ,20250520,29.49,29.59,28.45,29.35,29.93,-1.9379,82618.76,239866.914
920260.BJ,20250520,14.2,14.58,14.08,14.56,14.15,2.8975,29534.42,42516.047
920263.BJ,20250520,15.16,16.68,15.0,16.26,15.63,4.0307,174650.38,274093.07
920270.BJ,20250520,17.82,18.37,17.82,18.36,17.86,2.7996,21351.13,38648.658
920395.BJ,20250520,15.39,15.84,15.3,15.81,15.38,2.7958,34163.36,53624.657
920414.BJ,20250520,14.04,14.69,13.87,14.66,14.0,4.7143,43187.58,62172.353
920519.BJ,20250520,14.72,14.96,14.5,14.82,14.74,0.5427,91770.08,135373.546
920422.BJ,20250520,15.31,15.92,15.23,15.7,15.31,2.5474,57775.72,90279.167
920433.BJ,20250520,7.87,8.29,7.87,8.09,7.93,2.0177,116894.1,94813.279
920504.BJ,20250520,26.55,28.39,26.17,27.75,26.32,5.4331,26170.95,72099.907
920547.BJ,20250520,25.88,27.89,25.85,26.81,26.15,2.5239,59520.25,160510.354
920675.BJ,20250520,12.5,13.06,12.39,12.98,12.55,3.4263,40101.32,51593.278
920699.BJ,20250520,51.0,52.58,50.1,52.48,50.99,2.9221,15878.54,81681.938
920717.BJ,20250520,12.4,12.73,12.17,12.71,12.19,4.2658,30194.19,37831.575
920720.BJ,20250520,21.78,22.96,21.2,22.74,21.5,5.7674,83449.37,184053.28
920807.BJ,20250520,11.54,12.33,11.44,12.11,11.6,4.3966,104727.25,124417.566
920826.BJ,20250520,14.58,15.52,14.58,14.95,14.71,1.6315,156292.09,235098.787
920871.BJ,20250520,17.78,18.1,17.6,18.03,17.6,2.4432,12470.16,22364.771
920892.BJ,20250520,19.07,19.66,18.86,19.51,19.2,1.6146,40386.31,77675.693
920942.BJ,20250520,20.78,22.22,20.61,21.77,20.78,4.7642,39588.92,84847.494
920957.BJ,20250520,16.0,16.27,15.64,16.27,15.83,2.7795,25064.19,40084.948
920061.BJ,20250520,37.31,39.68,37.31,38.99,37.76,3.2574,36751.24,141654.278
920006.BJ,20250520,32.7,33.42,31.82,32.81,33.15,-1.0256,55425.56,180534.311
920123.BJ,20250520,29.08,34.7,29.08,30.62,30.1,1.7276,157711.45,500720.061
920046.BJ,20250520,17.38,18.5,17.12,18.12,17.27,4.9218,88580.93,158525.566
920092.BJ,20250520,46.0,46.86,45.54,46.48,46.83,-0.7474,23852.06,109951.749
920274.BJ,20250520,16.6,18.11,16.5,18.0,16.58,8.5645,55287.38,97206.693
920212.BJ,20250520,18.25,18.91,18.0,18.87,18.26,3.3406,40001.48,73787.333
920242.BJ,20250520,37.0,38.35,36.36,37.93,37.76,0.4502,45365.01,169477.267
920344.BJ,20250520,22.3,26.93,22.29,24.77,22.1,12.0814,78615.63,195801.176
920403.BJ,20250520,32.0,32.75,31.6,32.59,31.89,2.195,25181.23,81249.663
920592.BJ,20250520,58.86,60.0,58.2,59.02,58.38,1.0963,14837.41,87595.75
920663.BJ,20250520,28.64,29.17,28.05,29.04,28.4,2.2535,25506.67,73413.017
920748.BJ,20250520,26.77,27.7,26.35,27.53,26.48,3.9653,23942.87,65166.514
920821.BJ,20250520,35.98,36.77,35.6,36.77,35.84,2.5949,20721.59,75379.707
920030.BJ,20250520,7.6,7.84,7.54,7.8,7.6,2.6316,66059.5,50988.968
920163.BJ,20250520,18.03,19.18,18.0,18.6,18.28,1.7505,64740.34,120568.156
920271.BJ,20250520,18.02,18.95,17.86,18.79,18.08,3.927,45330.9,84442.641
920227.BJ,20250520,61.45,63.8,61.05,62.87,61.43,2.3441,7124.63,44604.03
920262.BJ,20250520,27.98,28.93,27.26,28.6,27.96,2.289,51325.11,143494.599
920275.BJ,20250520,11.69,14.33,11.53,13.51,11.84,14.1047,146866.54,191459.401
920402.BJ,20250520,10.04,10.39,9.87,10.24,10.0,2.4,94944.83,96414.137
920870.BJ,20250520,20.2,21.8,19.9,21.66,20.13,7.6006,93932.69,198851.995
920701.BJ,20250520,29.48,30.1,29.17,30.1,29.26,2.8708,15765.05,46981.332
920810.BJ,20250520,22.02,22.8,21.67,22.75,21.95,3.6446,50236.98,111677.13
920837.BJ,20250520,18.01,18.45,17.81,18.38,18.08,1.6593,37800.89,69073.515
920924.BJ,20250520,29.7,30.6,29.31,30.54,29.64,3.0364,38052.28,114696.316
920971.BJ,20250520,32.69,34.13,32.37,33.3,33.35,-0.1499,53755.55,179372.413
920273.BJ,20250520,53.0,59.33,52.0,56.37,51.75,8.9275,109246.12,605320.212
920371.BJ,20250520,13.01,13.99,12.88,13.58,13.3,2.1053,203304.3,272445.276
920493.BJ,20250520,155.44,157.79,154.33,156.34,155.44,0.579,15876.88,248253.226
920680.BJ,20250520,6.8,6.98,6.62,6.84,6.68,2.3952,49286.66,33508.001
920719.BJ,20250520,12.51,13.53,12.4,13.3,12.53,6.1453,98951.72,129350.414
920725.BJ,20250520,30.48,33.74,30.19,32.45,29.91,8.4921,78633.62,253398.377
920729.BJ,20250520,9.98,10.78,9.97,10.32,9.98,3.4068,124586.62,129735.387
920790.BJ,20250520,39.99,40.5,39.4,40.14,39.69,1.1338,19689.05,78718.908
920792.BJ,20250520,13.33,15.14,13.05,14.94,13.05,14.4828,181044.79,254737.127
920146.BJ,20250520,10.2,10.3,9.98,10.3,10.14,1.5779,89260.06,90809.254
920199.BJ,20250520,28.83,31.27,28.52,30.85,29.29,5.326,69763.77,210572.549
920204.BJ,20250520,22.16,22.39,21.75,22.3,21.84,2.1062,24801.83,54788.326
920299.BJ,20250520,21.88,25.6,21.65,25.2,22.02,14.4414,133760.53,313155.259
920357.BJ,20250520,23.68,24.54,23.58,24.5,23.75,3.1579,28869.09,69765.923
920436.BJ,20250520,23.86,25.76,23.26,24.3,24.56,-1.0586,120770.35,294327.062
920608.BJ,20250520,21.17,21.72,20.88,21.72,21.17,2.598,25079.36,53752.74
920656.BJ,20250520,25.2,28.38,24.98,26.63,25.12,6.0111,63802.54,171985.985
920926.BJ,20250520,27.64,28.25,27.42,28.14,27.6,1.9565,20098.38,56222.73
920866.BJ,20250520,10.89,11.25,10.78,11.25,10.95,2.7397,90873.56,101056.235
920976.BJ,20250520,27.82,29.5,27.82,29.2,27.92,4.5845,49607.81,143474.205
920245.BJ,20250520,35.6,36.4,35.52,36.37,35.6,2.1629,16818.45,60695.448
920363.BJ,20250520,22.4,22.99,22.13,22.6,22.69,-0.3967,37277.44,84311.61
920396.BJ,20250520,47.05,52.8,43.85,45.19,49.6,-8.8911,142474.84,680197.343
920578.BJ,20250520,30.15,30.95,29.78,30.89,30.23,2.1833,20024.31,61095.205
920553.BJ,20250520,10.7,11.3,10.67,11.02,10.64,3.5714,64557.5,71201.704
920634.BJ,20250520,28.38,28.9,27.7,28.5,27.94,2.0043,25408.86,71715.807
920642.BJ,20250520,19.4,19.51,18.23,18.6,19.71,-5.6317,134869.35,252444.463
920694.BJ,20250520,18.99,20.5,18.8,20.35,18.92,7.5581,49825.98,98421.385
920753.BJ,20250520,30.5,32.78,29.71,31.8,30.66,3.7182,43852.68,136955.367
920857.BJ,20250520,19.43,21.98,19.21,21.34,19.61,8.822,52380.7,109636.543
920970.BJ,20250520,8.8,9.32,8.77,9.16,8.85,3.5028,62836.3,57398.489
920981.BJ,20250520,39.0,39.39,38.38,39.2,39.0,0.5128,26376.48,102979.263
920190.BJ,20250520,33.7,35.95,33.01,35.0,33.5,4.4776,65997.86,228963.615
920351.BJ,20250520,32.25,32.44,30.16,32.3,33.25,-2.8571,134500.66,416827.599
920374.BJ,20250520,31.87,32.65,31.41,32.65,31.75,2.8346,20016.42,64698.429
920392.BJ,20250520,28.66,35.58,28.54,35.58,27.37,29.9963,67741.84,226040.441
920541.BJ,20250520,17.35,17.82,17.2,17.8,17.34,2.6528,37736.61,66537.402
920808.BJ,20250520,53.66,54.36,53.18,54.11,53.66,0.8386,15013.43,80845.228
920895.BJ,20250520,26.7,27.2,25.3,26.7,26.35,1.3283,23795.55,62878.939
920925.BJ,20250520,16.31,16.71,16.14,16.53,16.32,1.2868,41252.4,67993.803
920931.BJ,20250520,16.52,17.22,16.39,17.2,16.43,4.6865,19618.41,33300.539
920953.BJ,20250520,54.42,54.53,53.5,53.94,53.96,-0.0371,18525.53,100044.255
920001.BJ,20250520,23.02,25.31,22.7,25.0,23.29,7.3422,91398.79,218905.392
920122.BJ,20250520,46.8,48.0,46.21,47.6,46.81,1.6877,15024.17,70878.75
920132.BJ,20250520,20.88,21.47,20.61,21.3,20.9,1.9139,39758.37,84026.741
920252.BJ,20250520,18.78,19.2,18.71,19.08,18.7,2.0321,43856.19,83421.823
920367.BJ,20250520,28.15,29.7,28.15,28.5,28.72,-0.766,56453.44,162350.175
920169.BJ,20250520,35.1,35.6,31.6,31.73,37.44,-15.2511,161625.15,536036.158
920223.BJ,20250520,12.08,12.25,11.83,12.22,11.93,2.4308,42148.88,51149.843
920505.BJ,20250520,45.33,52.88,44.59,49.0,46.36,5.6946,75646.68,362190.742
920339.BJ,20250520,12.15,12.34,11.91,12.19,12.13,0.4946,32199.99,39123.056
920527.BJ,20250520,19.78,20.78,19.65,20.4,19.78,3.1345,33009.81,66585.696
920570.BJ,20250520,42.46,44.55,42.23,43.54,42.7,1.9672,22772.07,99528.083
920576.BJ,20250520,35.96,37.58,35.2,35.52,36.75,-3.3469,52073.61,187692.218
920593.BJ,20250520,50.1,51.2,49.59,51.0,50.1,1.7964,31807.11,160940.036
920665.BJ,20250520,14.33,14.69,14.21,14.58,14.22,2.5316,22590.44,32708.631
920679.BJ,20250520,21.49,22.18,21.34,22.04,21.4,2.9907,13834.98,30194.44
920690.BJ,20250520,25.6,26.52,25.2,26.48,25.6,3.4375,22107.23,57476.032
920693.BJ,20250520,45.0,45.46,44.01,45.42,44.58,1.8843,17672.59,79682.857
920703.BJ,20250520,25.19,26.04,25.01,25.92,25.19,2.898,21590.66,55314.068
920706.BJ,20250520,22.0,22.44,21.3,21.75,21.33,1.9691,57377.29,124928.591
920026.BJ,20250520,29.86,31.45,29.5,31.22,30.06,3.8589,38206.69,117618.722
920806.BJ,20250520,15.79,16.06,15.58,15.96,15.75,1.3333,68157.92,108390.689
920833.BJ,20250520,22.55,23.45,22.13,23.24,22.45,3.5189,46954.2,107468.626
920002.BJ,20250520,221.6,228.79,217.0,220.23,216.54,1.7041,9797.21,218712.596
920008.BJ,20250520,41.65,42.12,40.18,40.8,42.19,-3.2946,45101.42,184795.209
920016.BJ,20250520,25.75,27.73,25.53,27.04,25.75,5.0097,55835.04,149766.65
920019.BJ,20250520,22.15,22.42,21.68,22.25,21.67,2.6765,31387.17,69462.882
920029.BJ,20250520,106.93,109.85,105.26,107.66,107.1,0.5229,27872.48,299787.178
920060.BJ,20250520,30.88,32.64,30.7,32.62,30.95,5.3958,45521.52,145980.064
920066.BJ,20250520,44.72,46.33,44.36,46.2,44.68,3.402,20730.24,94712.373
920068.BJ,20250520,22.68,23.45,22.31,22.5,22.99,-2.1314,181958.92,415116.668
920082.BJ,20250520,20.57,20.99,20.35,20.99,20.47,2.5403,41904.25,87010.833
920088.BJ,20250520,27.25,28.8,26.85,28.66,27.27,5.0972,33061.7,93192.55
920098.BJ,20250520,32.01,33.4,31.82,33.33,32.06,3.9613,23679.84,77877.325
920099.BJ,20250520,34.47,36.08,34.27,35.64,34.6,3.0058,30412.1,107966.834
920106.BJ,20250520,151.0,151.65,145.49,149.68,150.4,-0.4787,13100.39,194037.972
920108.BJ,20250520,26.33,27.48,26.02,27.4,26.2,4.5802,53483.77,143159.238
920111.BJ,20250520,28.47,29.88,28.31,29.78,28.51,4.4546,43290.04,127361.836
920116.BJ,20250520,74.38,75.52,71.66,75.5,74.42,1.4512,43703.05,321826.064
920118.BJ,20250520,28.6,29.36,28.42,29.36,28.45,3.1986,8876.4,25735.086
920128.BJ,20250520,36.77,43.98,35.1,41.23,37.2,10.8333,101355.87,407267.915
920167.BJ,20250520,21.69,21.99,21.34,21.73,21.47,1.211,27072.63,58541.979
920445.BJ,20250520,10.7,11.09,10.67,10.94,10.75,1.7674,97329.6,106032.204
920489.BJ,20250520,24.18,25.78,24.18,25.3,24.43,3.5612,125723.89,316652.158
920682.BJ,20250520,10.25,10.64,10.15,10.64,10.18,4.5187,87539.83,91180.24
920799.BJ,20250520,60.4,60.4,59.35,59.9,59.87,0.0501,39380.74,235870.454
920819.BJ,20250520,4.54,4.64,4.45,4.58,4.51,1.5521,298837.29,136697.002
