ts_code,trade_date,open,high,low,close,pre_close,pct_chg,vol,amount
000001.SZ,20250718,12.62,12.75,12.6,12.7,12.59,0.8737,1241206.11,1574176.824
000002.SZ,20250718,6.57,6.59,6.54,6.57,6.56,0.1524,574030.03,376631.218
000004.SZ,20250718,8.83,8.97,8.81,8.83,8.86,-0.3386,25612.0,22719.384
000006.SZ,20250718,6.26,6.32,6.23,6.26,6.29,-0.4769,128856.05,80599.774
000007.SZ,20250718,7.13,7.16,7.05,7.1,7.11,-0.1406,43091.5,30530.897
000008.SZ,20250718,2.79,2.8,2.77,2.79,2.79,0.0,307223.3,85383.306
000009.SZ,20250718,8.82,8.86,8.74,8.8,8.79,0.1138,142779.32,125736.612
000010.SZ,20250718,3.25,3.26,3.12,3.18,3.26,-2.454,723705.0,229881.055
000011.SZ,20250718,8.7,8.73,8.65,8.69,8.7,-0.1149,32465.0,28190.578
000012.SZ,20250718,4.8,4.82,4.78,4.81,4.81,0.0,84138.87,40408.328
000014.SZ,20250718,11.99,12.05,11.88,12.02,11.98,0.3339,52332.2,62576.77
000016.SZ,20250718,5.04,5.06,4.98,5.02,5.04,-0.3968,313732.0,157188.934
000017.SZ,20250718,6.39,6.4,6.35,6.4,6.39,0.1565,82592.72,52640.652
000019.SZ,20250718,6.82,6.87,6.77,6.87,6.8,1.0294,102241.87,69884.889
000020.SZ,20250718,13.48,13.49,13.26,13.41,13.43,-0.1489,23976.0,31970.09
000021.SZ,20250718,18.86,18.87,18.58,18.72,18.86,-0.7423,314105.45,587308.125
000025.SZ,20250718,17.29,17.5,17.23,17.39,17.29,0.5784,74995.17,130311.261
000026.SZ,20250718,17.5,17.76,16.95,17.16,17.61,-2.5554,258564.97,445364.66
000027.SZ,20250718,6.55,6.63,6.53,6.62,6.55,1.0687,224573.13,147754.093
000028.SZ,20250718,25.17,25.26,25.09,25.26,25.15,0.4374,34386.27,86529.135
000029.SZ,20250718,18.87,19.05,18.83,18.9,18.89,0.0529,32692.58,61824.59
000030.SZ,20250718,6.01,6.05,5.87,5.94,6.01,-1.1647,108741.37,64402.703
000031.SZ,20250718,2.94,2.96,2.9,2.92,2.94,-0.6803,186992.0,54647.607
000032.SZ,20250718,21.02,21.58,20.95,21.1,20.97,0.6199,213135.0,452493.613
000034.SZ,20250718,39.18,39.45,38.81,39.05,39.34,-0.7372,278602.94,1089178.437
000035.SZ,20250718,4.34,4.37,4.33,4.36,4.34,0.4608,153034.4,66614.15
000036.SZ,20250718,3.68,3.74,3.63,3.65,3.67,-0.545,164389.3,60342.58
000037.SZ,20250718,9.6,9.75,9.42,9.67,9.56,1.1506,253638.61,242633.816
000039.SZ,20250718,7.95,8.08,7.92,8.04,7.94,1.2594,502222.76,402263.132
000042.SZ,20250718,8.38,8.48,8.33,8.44,8.37,0.8363,54417.0,45870.322
000045.SZ,20250718,10.71,10.89,10.58,10.83,10.7,1.215,83677.96,89558.267
000048.SZ,20250718,15.94,15.94,15.7,15.78,15.93,-0.9416,77170.04,121888.535
000049.SZ,20250718,22.69,22.89,22.6,22.67,22.66,0.0441,53831.47,122310.589
000050.SZ,20250718,9.1,9.12,9.01,9.07,9.08,-0.1101,141426.5,128031.674
000055.SZ,20250718,4.18,4.21,4.15,4.2,4.16,0.9615,97016.5,40557.481
000056.SZ,20250718,3.18,3.18,3.12,3.14,3.17,-0.9464,300005.0,94224.866
000058.SZ,20250718,8.34,8.35,8.26,8.3,8.31,-0.1203,54084.0,44849.102
000059.SZ,20250718,5.14,5.17,5.09,5.15,5.13,0.3899,253606.0,130302.921
000060.SZ,20250718,4.72,4.84,4.71,4.79,4.7,1.9149,562549.48,269298.287
000061.SZ,20250718,6.42,6.42,6.38,6.4,6.41,-0.156,67798.0,43329.601
000062.SZ,20250718,27.0,27.81,26.56,27.25,26.83,1.5654,422537.83,1145785.623
000063.SZ,20250718,34.64,34.75,34.12,34.22,34.53,-0.8978,828132.81,2845583.506
000065.SZ,20250718,10.94,11.02,10.89,10.98,10.96,0.1825,184016.14,201572.559
000066.SZ,20250718,14.93,15.16,14.9,15.02,14.99,0.2001,743571.86,1118742.624
000068.SZ,20250718,3.38,3.4,3.35,3.38,3.38,0.0,93031.06,31353.401
000069.SZ,20250718,2.31,2.32,2.3,2.32,2.3,0.8696,327751.0,75758.08
000070.SZ,20250718,7.65,7.85,7.58,7.73,7.62,1.4436,287270.82,221973.727
000078.SZ,20250718,2.72,2.73,2.66,2.69,2.72,-1.1029,429846.38,115197.965
000088.SZ,20250718,4.55,4.57,4.54,4.56,4.54,0.4405,131993.52,60095.887
000089.SZ,20250718,7.05,7.07,7.02,7.05,7.05,0.0,74834.0,52704.315
000090.SZ,20250718,3.56,3.58,3.54,3.57,3.56,0.2809,138769.19,49380.029
000096.SZ,20250718,12.46,12.46,12.36,12.42,12.46,-0.321,61246.0,75934.108
000099.SZ,20250718,22.22,22.41,22.17,22.32,22.42,-0.446,183808.29,409509.268
000100.SZ,20250718,4.56,4.6,4.48,4.51,4.56,-1.0965,2971102.25,1339154.171
000151.SZ,20250718,12.88,13.0,12.84,12.96,12.9,0.4651,70195.0,90741.535
000153.SZ,20250718,6.93,6.97,6.73,6.88,6.91,-0.4342,217859.56,148585.257
000155.SZ,20250718,9.9,10.07,9.88,10.06,9.9,1.6162,225372.13,225723.887
000156.SZ,20250718,8.2,8.26,8.14,8.23,8.18,0.6112,121080.58,99320.463
000157.SZ,20250718,7.43,7.45,7.37,7.42,7.42,0.0,381414.82,282043.696
000158.SZ,20250718,24.0,25.5,23.72,24.53,24.26,1.1129,3222602.31,7931659.082
000159.SZ,20250718,5.67,5.71,5.64,5.7,5.64,1.0638,125561.3,71273.205
000166.SZ,20250718,5.23,5.25,5.21,5.25,5.23,0.3824,637647.25,333710.937
000301.SZ,20250718,8.6,8.74,8.58,8.71,8.58,1.5152,110211.08,95740.551
000333.SZ,20250718,72.87,73.28,72.52,72.83,72.63,0.2754,219512.3,1596482.224
000338.SZ,20250718,15.54,15.62,15.46,15.6,15.54,0.3861,410579.76,638811.765
000400.SZ,20250718,21.73,21.81,21.63,21.74,21.73,0.046,98467.0,213898.099
000401.SZ,20250718,4.67,4.83,4.66,4.77,4.67,2.1413,215772.76,102352.53
000402.SZ,20250718,2.96,2.96,2.92,2.95,2.95,0.0,242484.41,71298.922
000403.SZ,20250718,17.89,17.99,17.65,17.89,17.9,-0.0559,97300.2,172749.403
000404.SZ,20250718,7.31,7.32,7.14,7.2,7.29,-1.2346,131027.25,94136.343
000407.SZ,20250718,3.45,3.46,3.43,3.45,3.44,0.2907,75118.0,25856.758
000408.SZ,20250718,42.9,44.19,42.86,43.75,42.92,1.9338,83582.5,364715.033
000409.SZ,20250718,12.4,12.49,12.09,12.16,12.09,0.579,516377.31,630857.413
000410.SZ,20250718,6.69,6.71,6.66,6.67,6.69,-0.299,96901.0,64692.079
000411.SZ,20250718,11.3,11.32,11.07,11.23,11.2,0.2679,48293.09,53943.982
000415.SZ,20250718,3.56,3.68,3.54,3.65,3.58,1.9553,1345562.99,489665.713
000417.SZ,20250718,5.62,5.64,5.58,5.62,5.62,0.0,93291.0,52270.072
000419.SZ,20250718,5.87,5.92,5.84,5.92,5.87,0.8518,70000.11,41146.325
000420.SZ,20250718,4.16,4.21,4.12,4.18,4.16,0.4808,1014270.0,423307.947
000421.SZ,20250718,6.7,6.74,6.63,6.73,6.71,0.2981,94474.0,63131.709
000422.SZ,20250718,12.65,13.19,12.5,13.03,12.4,5.0806,1191913.51,1533436.416
000423.SZ,20250718,49.59,49.88,49.5,49.82,49.58,0.4841,56426.63,280402.665
000425.SZ,20250718,8.3,8.34,8.21,8.3,8.3,0.0,413091.73,341936.768
000426.SZ,20250718,17.92,18.08,17.81,18.0,17.76,1.3514,423415.88,760154.981
000428.SZ,20250718,3.33,3.35,3.3,3.34,3.32,0.6024,132094.37,43978.937
000429.SZ,20250718,12.77,12.78,12.72,12.77,12.75,0.1569,67433.89,85963.097
000430.SZ,20250718,7.37,7.43,7.28,7.35,7.39,-0.5413,52125.1,38159.992
000488.SZ,20250718,1.91,1.92,1.9,1.91,1.92,-0.5208,147763.75,28187.621
000498.SZ,20250718,5.84,5.87,5.81,5.87,5.81,1.0327,81653.34,47679.325
000501.SZ,20250718,8.98,9.01,8.88,8.98,8.94,0.4474,95729.39,85715.821
000503.SZ,20250718,10.85,11.15,10.81,10.91,10.86,0.4604,164862.0,179925.139
000504.SZ,20250718,9.3,9.45,9.22,9.38,9.29,0.9688,19199.0,17893.434
000505.SZ,20250718,6.87,7.15,6.81,7.04,6.87,2.4745,215404.0,150066.976
000506.SZ,20250718,11.52,11.54,11.18,11.25,11.25,0.0,396050.42,449036.245
000507.SZ,20250718,5.52,5.53,5.49,5.51,5.52,-0.1812,98761.86,54371.073
000509.SZ,20250718,3.46,3.48,3.42,3.45,3.43,0.5831,105285.1,36290.109
000510.SZ,20250718,4.89,4.92,4.84,4.88,4.89,-0.2045,177706.52,86648.718
000513.SZ,20250718,42.21,42.26,40.95,41.54,42.26,-1.7037,180829.05,748083.032
000514.SZ,20250718,6.7,6.8,6.3,6.31,6.59,-4.2489,1025451.89,663054.911
000516.SZ,20250718,5.22,5.29,5.2,5.24,5.21,0.5758,249544.91,130685.351
000517.SZ,20250718,1.92,1.93,1.89,1.9,1.91,-0.5236,173124.0,33017.046
000518.SZ,20250718,2.4,2.4,2.36,2.39,2.41,-0.8299,89255.0,21208.977
000519.SZ,20250718,20.41,21.0,20.3,20.82,20.41,2.0088,874719.66,1807323.816
000520.SZ,20250718,5.02,5.08,5.01,5.04,5.03,0.1988,204311.21,102880.66
000521.SZ,20250718,7.3,7.32,7.23,7.31,7.3,0.137,187992.3,136607.605
000523.SZ,20250718,3.25,3.26,3.22,3.24,3.24,0.0,128235.77,41479.685
000524.SZ,20250718,12.09,12.2,11.93,12.19,12.08,0.9106,170967.27,206354.528
000525.SZ,20250718,6.67,6.78,6.64,6.68,6.64,0.6024,268484.0,179746.424
000526.SZ,20250718,51.63,52.25,51.38,51.9,51.63,0.523,17443.0,90483.206
000528.SZ,20250718,10.09,10.19,10.08,10.15,10.08,0.6944,295262.1,299264.009
000529.SZ,20250718,6.26,6.29,6.19,6.29,6.25,0.64,45624.4,28432.498
000530.SZ,20250718,6.56,6.57,6.42,6.49,6.51,-0.3072,367832.51,238222.604
000531.SZ,20250718,6.66,6.67,6.57,6.62,6.65,-0.4511,95691.4,63235.709
000532.SZ,20250718,15.81,16.15,15.78,15.88,15.84,0.2525,140381.03,223650.927
000533.SZ,20250718,6.86,6.86,6.7,6.75,6.85,-1.4599,262543.0,177444.172
000534.SZ,20250718,14.76,15.07,14.76,14.95,14.89,0.403,73789.0,109993.164
000536.SZ,20250718,4.38,4.43,4.35,4.37,4.39,-0.4556,399298.0,174895.149
000537.SZ,20250718,8.58,8.63,8.56,8.63,8.58,0.5828,83305.0,71599.407
000538.SZ,20250718,56.22,56.34,55.84,56.23,56.22,0.0178,69936.86,391802.838
000539.SZ,20250718,4.84,4.85,4.8,4.85,4.84,0.2066,272442.7,131299.754
000541.SZ,20250718,6.65,6.68,6.58,6.63,6.63,0.0,203481.64,134664.464
000543.SZ,20250718,7.28,7.3,7.24,7.29,7.26,0.4132,217242.9,158007.152
000544.SZ,20250718,8.4,8.4,8.33,8.39,8.38,0.1193,47776.0,39938.058
000545.SZ,20250718,2.87,3.03,2.86,2.88,2.84,1.4085,1254874.53,367114.131
000546.SZ,20250718,5.05,5.51,5.04,5.51,5.01,9.98,463216.0,253244.624
000547.SZ,20250718,7.82,8.04,7.81,7.91,7.8,1.4103,315686.98,249815.816
000548.SZ,20250718,5.63,5.66,5.52,5.57,5.62,-0.8897,168634.07,93810.439
000550.SZ,20250718,20.7,20.71,20.57,20.6,20.66,-0.2904,36562.06,75373.611
000551.SZ,20250718,10.72,10.79,10.63,10.72,10.74,-0.1862,55071.2,58795.391
000552.SZ,20250718,2.49,2.53,2.48,2.5,2.47,1.2146,393874.0,98671.016
000553.SZ,20250718,6.89,6.94,6.76,6.83,6.9,-1.0145,83310.92,56748.905
000554.SZ,20250718,6.85,6.9,6.82,6.88,6.84,0.5848,183301.0,125608.615
000555.SZ,20250718,13.8,13.88,13.44,13.54,13.7,-1.1679,316166.4,430727.905
000557.SZ,20250718,5.39,5.42,5.37,5.41,5.37,0.7449,68517.79,36995.294
000558.SZ,20250718,4.7,4.71,4.63,4.68,4.7,-0.4255,479157.55,223389.322
000559.SZ,20250718,7.96,8.0,7.86,7.9,7.97,-0.8783,406057.07,320717.933
000560.SZ,20250718,3.04,3.05,3.0,3.02,3.04,-0.6579,800665.81,241727.276
000561.SZ,20250718,9.69,9.8,9.59,9.74,9.69,0.516,209509.14,203330.141
000563.SZ,20250718,3.71,3.74,3.7,3.71,3.71,0.0,751297.0,279486.107
000564.SZ,20250718,2.34,2.35,2.32,2.33,2.35,-0.8511,1736665.02,405189.732
000565.SZ,20250718,9.1,9.14,9.03,9.07,9.08,-0.1101,159414.0,144524.0
000566.SZ,20250718,6.56,6.61,6.42,6.58,6.64,-0.9036,781617.7,509696.931
000567.SZ,20250718,6.43,6.57,6.42,6.47,6.48,-0.1543,508897.32,329397.994
000568.SZ,20250718,120.66,125.88,120.14,124.8,120.65,3.4397,173733.92,2160435.042
000570.SZ,20250718,6.07,6.16,6.02,6.04,6.04,0.0,196052.87,118911.63
000571.SZ,20250718,4.73,4.82,4.67,4.72,4.74,-0.4219,112915.16,53199.996
000572.SZ,20250718,4.75,4.82,4.69,4.76,4.79,-0.6263,484491.0,229487.957
000573.SZ,20250718,4.17,4.19,4.15,4.17,4.17,0.0,161932.0,67435.441
000576.SZ,20250718,10.03,10.49,9.98,10.42,10.02,3.992,464496.69,478243.908
000581.SZ,20250718,19.35,19.36,19.17,19.27,19.27,0.0,77015.0,148123.966
000582.SZ,20250718,8.17,8.19,8.15,8.17,8.16,0.1225,110996.4,90626.586
000586.SZ,20250718,11.53,11.6,11.39,11.43,11.48,-0.4355,46463.0,53246.587
000589.SZ,20250718,4.52,4.52,4.49,4.52,4.51,0.2217,143412.6,64622.071
000590.SZ,20250718,12.98,13.21,12.47,12.49,13.02,-4.0707,224020.05,286105.775
000591.SZ,20250718,4.54,4.55,4.5,4.52,4.54,-0.4405,238164.4,107673.455
000592.SZ,20250718,3.01,3.02,2.98,3.0,3.02,-0.6623,500820.0,150213.287
000593.SZ,20250718,6.08,6.08,6.01,6.05,6.07,-0.3295,46157.0,27899.825
000595.SZ,20250718,4.94,4.95,4.89,4.9,4.94,-0.8097,77221.0,37926.701
000596.SZ,20250718,136.42,139.81,136.42,139.61,136.53,2.2559,42110.25,583923.914
000597.SZ,20250718,5.55,5.56,5.42,5.56,5.51,0.9074,189843.85,104399.119
000598.SZ,20250718,7.44,7.48,7.4,7.45,7.42,0.4043,143717.25,106893.896
000599.SZ,20250718,4.99,5.03,4.96,4.99,4.99,0.0,97035.01,48457.237
000600.SZ,20250718,7.79,7.83,7.68,7.76,7.78,-0.2571,392617.52,304464.64
000601.SZ,20250718,5.56,5.59,5.47,5.55,5.56,-0.1799,574411.64,316642.62
000603.SZ,20250718,15.93,16.07,15.62,15.89,15.62,1.7286,203536.09,322861.778
000605.SZ,20250718,7.17,7.21,7.14,7.2,7.16,0.5587,48687.0,34899.811
000607.SZ,20250718,5.05,5.08,4.94,4.96,5.09,-2.554,828439.01,414186.84
000608.SZ,20250718,1.91,1.91,1.87,1.88,1.9,-1.0526,117342.0,22181.196
000609.SZ,20250718,3.33,3.41,3.22,3.22,3.3,-2.4242,97099.0,31951.483
000610.SZ,20250718,12.62,12.69,12.6,12.64,12.64,0.0,46400.92,58662.571
000612.SZ,20250718,8.2,8.38,8.19,8.27,8.19,0.9768,317339.54,263040.263
000615.SZ,20250718,3.17,3.17,3.1,3.11,3.19,-2.5078,127936.0,39941.0
000617.SZ,20250718,9.16,10.11,9.15,9.74,9.19,5.9848,7911668.13,7818371.634
000619.SZ,20250718,6.24,6.25,6.18,6.22,6.21,0.161,55849.0,34710.226
000620.SZ,20250718,1.62,1.63,1.61,1.63,1.62,0.6173,478116.97,77534.236
000623.SZ,20250718,18.33,18.53,18.18,18.41,18.14,1.4884,178628.72,328052.092
000625.SZ,20250718,12.82,12.86,12.79,12.85,12.84,0.0779,474154.08,608022.321
000626.SZ,20250718,7.17,7.9,7.07,7.9,7.18,10.0279,190208.0,144410.783
000627.SZ,20250718,1.72,1.89,1.72,1.73,1.81,-4.4199,4656110.37,809844.269
000628.SZ,20250718,43.5,45.5,43.5,44.68,43.76,2.1024,114041.97,507624.241
000629.SZ,20250718,2.64,2.68,2.62,2.66,2.63,1.1407,886789.37,235321.79
000630.SZ,20250718,3.35,3.41,3.34,3.38,3.34,1.1976,1959424.54,662379.335
000631.SZ,20250718,3.14,3.15,3.1,3.12,3.13,-0.3195,80764.85,25152.999
000632.SZ,20250718,4.08,4.09,4.0,4.05,4.06,-0.2463,126823.0,51068.736
000633.SZ,20250718,6.09,6.13,6.01,6.05,6.05,0.0,100416.0,60799.655
000635.SZ,20250718,8.91,9.0,8.91,9.0,8.93,0.7839,74961.0,67182.497
000636.SZ,20250718,14.01,14.05,13.91,13.99,14.05,-0.427,90763.38,126741.041
000637.SZ,20250718,4.16,4.17,4.12,4.16,4.16,0.0,95068.0,39402.993
000638.SZ,20250718,4.9,4.9,4.72,4.77,4.9,-2.6531,142394.74,68353.344
000639.SZ,20250718,3.33,3.34,3.28,3.3,3.31,-0.3021,259621.52,85770.668
000650.SZ,20250718,5.65,5.68,5.59,5.68,5.65,0.531,248941.39,140368.781
000651.SZ,20250718,47.8,47.9,47.54,47.88,47.56,0.6728,210739.24,1005963.291
000652.SZ,20250718,4.39,4.4,4.36,4.37,4.37,0.0,156378.0,68486.681
000655.SZ,20250718,8.42,8.48,8.27,8.35,8.4,-0.5952,424767.17,356058.077
000656.SZ,20250718,1.45,1.48,1.43,1.46,1.44,1.3889,821133.12,119528.575
000657.SZ,20250718,13.29,13.88,13.17,13.61,13.2,3.1061,670374.47,904309.274
000659.SZ,20250718,2.73,2.74,2.68,2.69,2.73,-1.4652,209280.0,56476.682
000661.SZ,20250718,102.61,102.61,100.92,101.8,102.6,-0.7797,55818.0,566860.869
000663.SZ,20250718,6.92,7.05,6.92,7.02,6.9,1.7391,95004.0,66595.918
000665.SZ,20250718,5.24,5.31,5.2,5.23,5.24,-0.1908,228341.52,119553.794
000668.SZ,20250718,8.1,8.25,8.1,8.13,8.11,0.2466,12563.0,10242.658
000669.SZ,20250718,2.63,2.68,2.6,2.65,2.64,0.3788,54931.4,14489.827
000670.SZ,20250718,7.59,7.65,7.47,7.59,7.63,-0.5242,504961.0,380813.95
000672.SZ,20250718,8.54,8.58,8.48,8.56,8.52,0.4695,59346.22,50628.895
000676.SZ,20250718,9.24,9.3,9.07,9.1,9.33,-2.4652,670935.8,613392.813
000677.SZ,20250718,5.58,5.66,5.52,5.63,5.57,1.0772,288342.26,161434.532
000678.SZ,20250718,17.01,17.09,16.59,16.61,16.99,-2.2366,588230.01,987793.671
000679.SZ,20250718,7.4,7.64,7.28,7.41,7.59,-2.3715,193765.0,144165.864
000680.SZ,20250718,9.41,9.46,9.21,9.25,9.4,-1.5957,172499.93,160176.72
000681.SZ,20250718,20.71,20.8,20.36,20.52,20.44,0.3914,382109.42,786524.602
000682.SZ,20250718,10.46,10.49,10.35,10.38,10.43,-0.4794,109444.53,113622.959
000683.SZ,20250718,4.96,4.99,4.93,4.97,4.95,0.404,341375.84,169263.197
000685.SZ,20250718,9.11,9.2,9.08,9.15,9.09,0.6601,75336.8,68841.328
000686.SZ,20250718,8.08,8.25,8.08,8.14,8.1,0.4938,318736.68,260162.775
000688.SZ,20250718,13.33,14.2,13.33,13.69,13.24,3.3988,242489.53,333088.133
000690.SZ,20250718,4.78,4.84,4.71,4.82,4.78,0.8368,410672.26,196098.695
000691.SZ,20250718,5.65,5.79,5.42,5.79,5.51,5.0817,298799.8,168999.154
000692.SZ,20250718,3.67,3.68,3.61,3.67,3.67,0.0,73205.96,26681.981
000695.SZ,20250718,12.49,12.66,12.31,12.36,12.49,-1.0408,95549.6,118775.299
000697.SZ,20250718,8.23,8.24,8.15,8.22,8.22,0.0,40863.9,33476.827
000698.SZ,20250718,3.99,4.38,3.99,4.38,3.98,10.0503,660381.46,283480.19
000700.SZ,20250718,7.69,7.88,7.57,7.62,7.53,1.1952,441842.45,339714.444
000701.SZ,20250718,6.39,6.75,6.34,6.68,6.36,5.0314,760129.9,499947.446
000702.SZ,20250718,7.56,7.63,7.5,7.54,7.57,-0.3963,128735.91,97147.849
000703.SZ,20250718,5.83,5.91,5.82,5.9,5.82,1.3746,133723.21,78510.28
000705.SZ,20250718,11.61,11.61,10.18,10.38,10.55,-1.6114,1333756.27,1493915.808
000707.SZ,20250718,6.48,6.52,6.45,6.49,6.47,0.3091,43811.0,28386.054
000708.SZ,20250718,12.61,12.75,12.54,12.61,12.57,0.3182,107212.17,135286.622
000709.SZ,20250718,2.36,2.41,2.35,2.37,2.35,0.8511,786318.06,186561.038
000710.SZ,20250718,14.45,14.64,14.11,14.31,14.28,0.2101,162442.01,232265.497
000711.SZ,20250718,1.76,1.77,1.75,1.76,1.75,0.5714,202973.02,35737.643
000712.SZ,20250718,13.71,13.75,13.47,13.55,13.78,-1.6691,354503.18,481534.505
000713.SZ,20250718,7.23,7.29,7.16,7.18,7.1,1.1268,217679.86,156646.427
000715.SZ,20250718,5.94,5.95,5.87,5.93,5.94,-0.1684,110778.6,65359.229
000716.SZ,20250718,6.15,6.16,6.11,6.13,6.14,-0.1629,81804.0,50079.949
000717.SZ,20250718,2.77,2.97,2.77,2.93,2.76,6.1594,1122184.54,325339.39
000718.SZ,20250718,2.25,2.25,2.21,2.22,2.25,-1.3333,278375.81,61960.047
000719.SZ,20250718,12.99,13.06,12.82,12.95,12.91,0.3098,45429.0,58845.184
000720.SZ,20250718,3.77,3.8,3.7,3.73,3.77,-1.061,183907.0,68580.273
000721.SZ,20250718,8.58,8.64,8.55,8.6,8.58,0.2331,74376.0,63946.004
000722.SZ,20250718,13.08,13.19,12.92,13.18,13.08,0.7645,187673.02,245331.204
000723.SZ,20250718,4.67,4.79,4.64,4.65,4.63,0.432,967449.41,455113.961
000725.SZ,20250718,4.04,4.05,3.97,3.99,4.04,-1.2376,3517360.4,1405856.607
000726.SZ,20250718,6.88,6.92,6.81,6.89,6.89,0.0,90241.09,61894.323
000727.SZ,20250718,2.43,2.47,2.39,2.4,2.45,-2.0408,1611306.02,390396.504
000728.SZ,20250718,8.26,8.29,8.23,8.27,8.24,0.3641,308884.44,255123.908
000729.SZ,20250718,12.71,12.82,12.67,12.8,12.72,0.6289,170066.53,216656.46
000731.SZ,20250718,7.02,7.07,7.0,7.06,7.02,0.5698,52718.33,37112.256
000733.SZ,20250718,47.45,48.1,47.37,47.87,47.44,0.9064,86184.48,411522.188
000735.SZ,20250718,6.34,6.45,6.25,6.41,6.32,1.4241,405674.41,258319.233
000736.SZ,20250718,4.66,4.69,4.64,4.66,4.67,-0.2141,64170.09,29886.631
000737.SZ,20250718,10.76,10.99,10.76,10.81,10.72,0.8396,951686.75,1032224.709
000738.SZ,20250718,20.51,21.04,20.42,20.84,20.51,1.609,272336.3,565248.663
000739.SZ,20250718,14.84,15.28,14.71,15.2,14.81,2.6334,184519.75,276910.984
000750.SZ,20250718,4.22,4.23,4.19,4.21,4.22,-0.237,765965.33,322494.981
000751.SZ,20250718,3.23,3.53,3.22,3.53,3.21,9.9688,1143758.05,396980.986
000752.SZ,20250718,8.42,8.42,8.36,8.39,8.42,-0.3563,16630.0,13944.28
000753.SZ,20250718,5.63,5.64,5.56,5.58,5.62,-0.7117,175365.38,98007.389
000755.SZ,20250718,5.07,5.09,5.03,5.05,5.06,-0.1976,72449.0,36591.697
000756.SZ,20250718,17.17,17.31,16.96,17.22,17.18,0.2328,223544.3,382555.1
000757.SZ,20250718,4.78,4.8,4.69,4.74,4.75,-0.2105,117318.9,55409.527
000758.SZ,20250718,5.54,6.08,5.53,6.08,5.53,9.9458,1458757.33,857948.085
000759.SZ,20250718,7.63,7.7,7.55,7.58,7.71,-1.6861,388679.67,294566.651
000761.SZ,20250718,3.85,3.89,3.81,3.85,3.83,0.5222,99192.0,38119.576
000762.SZ,20250718,20.3,21.0,20.2,20.83,20.05,3.8903,262504.67,543956.2
000766.SZ,20250718,24.52,24.52,23.92,24.24,24.55,-1.2627,217870.01,525855.276
000767.SZ,20250718,3.21,3.21,3.14,3.18,3.21,-0.9346,848835.37,269093.918
000768.SZ,20250718,28.58,29.57,28.48,29.34,28.71,2.1944,643987.06,1874530.689
000776.SZ,20250718,17.61,18.25,17.6,18.08,17.61,2.6689,848364.6,1525196.534
000777.SZ,20250718,21.23,21.35,20.95,21.12,21.28,-0.7519,171098.38,361092.676
000778.SZ,20250718,3.7,3.74,3.7,3.71,3.69,0.542,283693.96,105386.261
000779.SZ,20250718,9.44,9.48,9.35,9.42,9.43,-0.106,62057.01,58409.098
000782.SZ,20250718,4.93,4.95,4.83,4.87,4.93,-1.217,135711.0,66236.882
000783.SZ,20250718,7.1,7.14,7.08,7.1,7.1,0.0,613414.68,436011.875
000785.SZ,20250718,3.02,3.04,3.0,3.02,3.02,0.0,426963.62,128811.549
000786.SZ,20250718,25.95,26.0,25.68,25.75,25.95,-0.7707,141318.05,364186.33
000788.SZ,20250718,6.67,6.67,6.51,6.65,6.67,-0.2999,197800.0,130245.348
000789.SZ,20250718,5.84,5.86,5.82,5.86,5.83,0.5146,67499.01,39437.359
000790.SZ,20250718,4.03,4.04,3.93,3.99,4.02,-0.7463,121309.38,48133.163
000791.SZ,20250718,6.91,6.93,6.82,6.92,6.93,-0.1443,270352.64,185822.491
000792.SZ,20250718,17.57,18.13,17.55,18.11,17.48,3.6041,1206025.74,2165641.977
000793.SZ,20250718,2.57,2.58,2.54,2.56,2.57,-0.3891,130548.0,33313.613
000795.SZ,20250718,11.15,11.44,11.01,11.23,11.03,1.8132,805959.3,905024.573
000796.SZ,20250718,4.7,4.94,4.51,4.86,4.59,5.8824,2685887.85,1273844.163
000797.SZ,20250718,2.73,2.74,2.71,2.72,2.73,-0.3663,155105.44,42205.612
000798.SZ,20250718,7.81,7.84,7.75,7.81,7.8,0.1282,51428.0,40086.182
000799.SZ,20250718,49.49,49.99,48.82,49.2,48.78,0.861,152618.46,753631.688
000800.SZ,20250718,6.96,6.97,6.93,6.97,6.95,0.2878,95953.13,66683.683
000801.SZ,20250718,15.28,15.29,15.17,15.23,15.26,-0.1966,122866.0,187061.624
000802.SZ,20250718,4.95,5.04,4.92,4.94,4.93,0.2028,151309.0,75160.598
000803.SZ,20250718,6.54,6.63,6.43,6.59,6.56,0.4573,255319.36,167593.276
000807.SZ,20250718,15.78,16.05,15.7,16.01,15.69,2.0395,483705.6,769797.725
000809.SZ,20250718,3.01,3.03,2.97,2.99,3.01,-0.6645,102670.0,30682.733
000810.SZ,20250718,11.51,11.58,11.41,11.46,11.49,-0.2611,106396.0,122020.779
000811.SZ,20250718,12.05,12.3,11.8,11.87,12.05,-1.4938,476748.26,573795.633
000812.SZ,20250718,4.68,4.72,4.66,4.71,4.68,0.641,99855.7,46894.095
000813.SZ,20250718,3.44,3.46,3.38,3.46,3.45,0.2899,399403.02,136481.133
000815.SZ,20250718,13.43,13.64,13.24,13.58,13.38,1.4948,540970.56,729614.235
000816.SZ,20250718,3.14,3.15,3.12,3.13,3.14,-0.3185,152990.0,47904.536
000818.SZ,20250718,22.69,22.9,22.5,22.76,22.67,0.397,259327.99,589191.712
000819.SZ,20250718,18.3,18.66,18.03,18.13,18.12,0.0552,103861.31,189759.818
000820.SZ,20250718,3.02,3.05,2.89,2.93,2.99,-2.0067,125289.0,36933.104
000821.SZ,20250718,11.94,12.12,11.85,11.91,11.96,-0.4181,111365.0,133179.955
000822.SZ,20250718,5.72,5.79,5.72,5.76,5.71,0.8757,155220.0,89326.89
000823.SZ,20250718,12.63,12.7,12.29,12.37,12.68,-2.4448,304432.07,378981.919
000825.SZ,20250718,4.12,4.18,4.11,4.17,4.12,1.2136,484424.26,200883.492
000826.SZ,20250718,1.93,1.94,1.91,1.93,1.93,0.0,373424.67,71873.525
000828.SZ,20250718,11.08,11.13,11.03,11.11,11.05,0.543,43311.0,48009.216
000829.SZ,20250718,10.11,10.14,9.98,10.02,10.1,-0.7921,112325.1,112809.784
000830.SZ,20250718,10.38,10.64,10.38,10.57,10.36,2.027,306855.58,323396.329
000831.SZ,20250718,37.98,41.57,37.77,40.1,37.98,5.5819,1157018.19,4594779.737
000833.SZ,20250718,12.12,12.35,12.09,12.35,12.12,1.8977,317100.0,388982.187
000837.SZ,20250718,12.5,12.5,12.29,12.36,12.46,-0.8026,252533.02,312202.398
000838.SZ,20250718,2.88,2.89,2.86,2.89,2.88,0.3472,183536.09,52770.903
000839.SZ,20250718,2.69,2.7,2.66,2.68,2.69,-0.3717,171067.07,45776.575
000848.SZ,20250718,8.83,8.84,8.74,8.8,8.83,-0.3398,111311.08,97698.758
000850.SZ,20250718,4.61,4.62,4.52,4.54,4.61,-1.5184,200619.02,91264.307
000851.SZ,20250718,2.94,2.99,2.87,2.88,2.91,-1.0309,226745.2,66240.79
000852.SZ,20250718,6.8,6.82,6.73,6.82,6.78,0.59,160619.72,108715.189
000856.SZ,20250718,10.93,11.0,10.79,10.83,10.94,-1.0055,82500.06,89594.483
000858.SZ,20250718,122.88,124.65,121.86,123.78,122.65,0.9213,210208.56,2597764.485
000859.SZ,20250718,6.83,6.92,6.72,6.91,6.84,1.0234,250063.81,170560.902
000860.SZ,20250718,15.57,15.7,15.55,15.65,15.57,0.5138,103476.55,161739.797
000862.SZ,20250718,5.74,5.77,5.68,5.72,5.76,-0.6944,125109.0,71470.591
000863.SZ,20250718,3.59,3.59,3.54,3.56,3.58,-0.5587,151623.0,53969.542
000868.SZ,20250718,5.91,5.92,5.83,5.86,5.91,-0.846,203192.0,118872.088
000869.SZ,20250718,21.61,21.71,21.57,21.66,21.63,0.1387,14171.26,30643.267
000875.SZ,20250718,5.24,5.24,5.21,5.23,5.23,0.0,220420.55,115226.726
000876.SZ,20250718,9.7,9.75,9.67,9.73,9.68,0.5165,214480.0,208336.97
000877.SZ,20250718,4.99,5.03,4.99,5.01,5.0,0.2,96922.62,48585.664
000878.SZ,20250718,12.88,13.07,12.84,12.97,12.81,1.249,410681.81,532312.497
000880.SZ,20250718,49.32,51.68,47.81,50.0,47.88,4.4277,395457.02,1980854.401
000881.SZ,20250718,8.12,8.19,8.06,8.15,8.14,0.1229,144826.0,117823.068
000882.SZ,20250718,1.95,1.97,1.93,1.94,1.95,-0.5128,589967.8,114809.283
000883.SZ,20250718,4.58,4.61,4.57,4.6,4.58,0.4367,128141.12,58854.476
000885.SZ,20250718,14.01,14.03,13.91,14.02,13.98,0.2861,28421.8,39714.011
000886.SZ,20250718,7.23,7.3,7.09,7.29,7.23,0.8299,385451.75,277990.369
000887.SZ,20250718,18.2,18.23,17.8,18.01,18.15,-0.7713,380012.02,682561.614
000888.SZ,20250718,13.79,13.8,13.7,13.73,13.77,-0.2905,72210.0,99272.014
000889.SZ,20250718,3.66,3.68,3.63,3.64,3.65,-0.274,168251.8,61284.333
000890.SZ,20250718,3.96,4.09,3.9,3.99,4.11,-2.9197,735658.01,291369.566
000892.SZ,20250718,4.87,4.95,4.66,4.68,4.85,-3.5052,925982.0,440912.994
000893.SZ,20250718,31.63,31.95,30.96,31.29,31.6,-0.981,128226.5,401784.378
000895.SZ,20250718,24.98,25.12,24.91,25.09,24.95,0.5611,85815.12,214960.4
000897.SZ,20250718,2.38,2.46,2.37,2.4,2.35,2.1277,481726.6,115657.553
000898.SZ,20250718,2.71,2.77,2.7,2.74,2.69,1.8587,515877.24,141188.105
000899.SZ,20250718,9.55,9.58,9.46,9.57,9.59,-0.2086,184695.0,175718.009
000900.SZ,20250718,4.43,4.43,4.4,4.42,4.41,0.2268,85463.05,37717.661
000901.SZ,20250718,12.6,13.01,12.58,12.91,12.77,1.0963,518459.03,664440.668
000902.SZ,20250718,13.91,14.02,13.82,13.94,13.85,0.6498,71743.62,99816.844
000903.SZ,20250718,3.21,3.27,3.14,3.15,3.3,-4.5455,2378332.28,757428.508
000905.SZ,20250718,8.09,8.12,8.05,8.11,8.1,0.1235,88302.0,71357.934
000906.SZ,20250718,6.52,6.6,6.47,6.54,6.5,0.6154,98361.54,64185.884
000908.SZ,20250718,5.9,5.95,5.81,5.84,5.87,-0.5111,118621.1,69580.889
000909.SZ,20250718,6.28,6.29,6.16,6.24,6.27,-0.4785,27463.05,17109.676
000910.SZ,20250718,7.9,7.92,7.77,7.84,7.85,-0.1274,27549.0,21554.49
000911.SZ,20250718,7.85,8.22,7.6,7.71,7.96,-3.1407,511772.61,397075.515
000912.SZ,20250718,4.49,4.54,4.49,4.54,4.49,1.1136,77049.05,34803.865
000913.SZ,20250718,16.11,16.14,15.93,16.01,16.13,-0.744,83534.06,133572.369
000915.SZ,20250718,33.45,33.5,32.72,33.04,33.42,-1.137,60031.23,198018.172
000917.SZ,20250718,7.77,7.88,7.68,7.72,7.75,-0.3871,259177.0,200795.712
000919.SZ,20250718,7.11,7.13,6.99,7.11,7.08,0.4237,114456.0,80627.889
000920.SZ,20250718,11.13,11.56,11.08,11.47,11.11,3.2403,292317.67,332502.853
000921.SZ,20250718,26.58,26.58,26.33,26.48,26.51,-0.1132,97664.38,258005.637
000922.SZ,20250718,11.23,11.28,11.12,11.17,11.2,-0.2679,78394.4,87565.19
000923.SZ,20250718,13.93,14.25,13.92,14.06,13.84,1.5896,103101.24,145411.372
000925.SZ,20250718,7.77,7.81,7.71,7.74,7.8,-0.7692,111548.8,86336.578
000926.SZ,20250718,2.65,2.72,2.57,2.71,2.64,2.6515,875385.2,231615.953
000927.SZ,20250718,2.68,2.69,2.65,2.67,2.67,0.0,278265.84,74236.422
000928.SZ,20250718,6.31,6.36,6.29,6.33,6.3,0.4762,268291.76,169574.418
000929.SZ,20250718,8.1,8.19,8.03,8.17,8.1,0.8642,25629.88,20681.682
000930.SZ,20250718,5.9,5.95,5.88,5.95,5.9,0.8475,134035.98,79245.339
000931.SZ,20250718,5.55,5.59,5.45,5.59,5.56,0.5396,129772.84,71673.683
000932.SZ,20250718,5.29,5.36,5.25,5.35,5.28,1.3258,695614.65,369761.649
000933.SZ,20250718,16.93,17.12,16.88,17.02,16.87,0.8892,211712.98,360283.147
000935.SZ,20250718,18.75,18.75,18.5,18.53,18.62,-0.4834,94720.01,176114.868
000936.SZ,20250718,7.29,7.34,7.22,7.3,7.29,0.1372,254185.17,184960.297
000937.SZ,20250718,5.93,5.99,5.91,5.99,5.9,1.5254,166283.64,99275.47
000938.SZ,20250718,25.03,25.17,24.75,24.85,25.02,-0.6795,457207.47,1138314.465
000948.SZ,20250718,20.9,20.96,20.45,20.5,20.78,-1.3474,189796.04,391132.826
000949.SZ,20250718,3.82,4.1,3.82,4.0,3.81,4.9869,1062035.99,423765.599
000950.SZ,20250718,5.24,5.26,5.21,5.23,5.23,0.0,139296.0,72748.933
000951.SZ,20250718,18.03,18.48,17.98,18.31,18.04,1.4967,158343.32,289334.029
000952.SZ,20250718,6.77,7.14,6.65,6.94,6.78,2.3599,146457.16,101178.345
000953.SZ,20250718,7.41,7.67,7.25,7.66,7.4,3.5135,376510.58,281105.721
000955.SZ,20250718,5.3,5.45,5.19,5.37,5.3,1.3208,204035.4,108074.951
000957.SZ,20250718,11.28,11.35,11.15,11.27,11.27,0.0,193060.98,216505.686
000958.SZ,20250718,6.9,6.96,6.87,6.94,6.89,0.7257,387466.39,267938.986
000959.SZ,20250718,4.05,4.16,4.02,4.05,4.02,0.7463,414980.85,168518.055
000960.SZ,20250718,16.21,16.87,16.17,16.72,16.09,3.9155,540251.89,900160.724
000962.SZ,20250718,16.9,17.4,16.87,17.25,16.95,1.7699,212227.59,366583.932
000963.SZ,20250718,43.94,45.07,43.4,44.8,43.94,1.9572,184036.88,816649.661
000965.SZ,20250718,4.44,4.46,4.33,4.34,4.41,-1.5873,950803.38,416149.807
000966.SZ,20250718,4.59,4.61,4.57,4.61,4.59,0.4357,322333.85,147923.177
000967.SZ,20250718,6.3,6.41,6.25,6.4,6.29,1.7488,413201.94,261793.297
000968.SZ,20250718,7.03,7.08,7.02,7.07,7.02,0.7123,124690.9,88019.391
000969.SZ,20250718,13.69,13.79,13.59,13.73,13.8,-0.5072,565550.91,774074.693
000970.SZ,20250718,12.3,12.72,12.26,12.49,12.3,1.5447,558520.2,699590.891
000972.SZ,20250718,2.96,3.13,2.9,3.01,2.98,1.0067,676161.12,201381.289
000973.SZ,20250718,6.76,6.86,6.76,6.8,6.75,0.7407,266326.03,181095.006
000975.SZ,20250718,18.76,19.17,18.75,19.14,18.77,1.9712,215888.17,410902.435
000977.SZ,20250718,55.34,56.24,54.9,55.28,55.32,-0.0723,539391.95,2985348.91
000978.SZ,20250718,6.34,6.41,6.3,6.4,6.33,1.1058,76227.17,48540.477
000980.SZ,20250718,1.99,2.02,1.98,1.99,1.99,0.0,1062990.86,212244.838
000981.SZ,20250718,2.13,2.13,2.1,2.11,2.13,-0.939,2219650.36,468494.685
000983.SZ,20250718,6.57,6.71,6.56,6.6,6.43,2.6439,1246275.3,827663.912
000985.SZ,20250718,18.79,18.92,18.68,18.9,18.72,0.9615,15455.0,29078.155
000987.SZ,20250718,7.53,7.7,7.49,7.53,7.56,-0.3968,806063.75,612774.57
000988.SZ,20250718,49.75,50.2,48.69,48.82,49.55,-1.4733,286747.14,1412158.285
000989.SZ,20250718,11.7,12.14,11.45,12.09,11.91,1.5113,688773.69,809526.733
000990.SZ,20250718,7.48,7.53,7.47,7.52,7.48,0.5348,100351.18,75285.853
000993.SZ,20250718,10.21,11.23,10.13,11.23,10.21,9.9902,474763.17,515002.319
000995.SZ,20250718,14.83,15.8,14.7,15.09,14.89,1.3432,210111.99,319768.153
000997.SZ,20250718,32.58,32.65,32.16,32.28,32.56,-0.86,119488.62,386139.706
000998.SZ,20250718,9.84,9.9,9.84,9.9,9.84,0.6098,105723.53,104447.045
000999.SZ,20250718,31.55,31.63,31.31,31.48,31.56,-0.2535,86031.05,270308.619
001201.SZ,20250718,16.63,16.74,16.5,16.69,16.63,0.3608,19258.78,32043.182
001202.SZ,20250718,13.37,13.39,13.26,13.3,13.29,0.0752,17935.2,23849.432
001203.SZ,20250718,11.59,11.77,11.14,11.18,11.52,-2.9514,585244.39,667492.112
001205.SZ,20250718,16.44,16.56,16.37,16.5,16.44,0.365,25717.25,42305.508
001206.SZ,20250718,22.58,22.6,22.11,22.18,22.58,-1.7715,30742.45,68352.664
001207.SZ,20250718,24.23,24.28,23.51,23.75,24.18,-1.7783,46316.22,110080.245
001208.SZ,20250718,11.35,11.37,11.15,11.25,11.29,-0.3543,69852.65,78388.356
001209.SZ,20250718,17.86,17.98,17.67,17.86,17.86,0.0,12901.65,22941.044
001210.SZ,20250718,14.5,14.52,14.28,14.44,14.46,-0.1383,36858.67,52952.104
001211.SZ,20250718,23.09,23.2,22.94,23.13,23.08,0.2166,8192.0,18891.564
001212.SZ,20250718,38.0,39.19,37.94,38.96,38.17,2.0697,76600.48,295736.817
001213.SZ,20250718,4.12,4.15,4.11,4.14,4.11,0.7299,116667.32,48228.6
001215.SZ,20250718,28.29,28.44,28.13,28.37,28.29,0.2828,14113.0,39914.807
001216.SZ,20250718,13.77,13.88,13.66,13.86,13.77,0.6536,26767.0,36867.294
001217.SZ,20250718,11.39,11.55,11.38,11.48,11.41,0.6135,41628.0,47705.387
001218.SZ,20250718,18.25,18.44,18.2,18.42,18.25,0.9315,14753.52,27048.014
001219.SZ,20250718,13.87,13.98,13.84,13.89,13.9,-0.0719,26570.92,36892.571
001222.SZ,20250718,18.61,18.62,18.18,18.22,18.5,-1.5135,33221.0,60705.495
001223.SZ,20250718,43.3,44.26,43.01,43.96,43.29,1.5477,9344.4,40799.725
001225.SZ,20250718,35.7,35.95,35.1,35.62,35.58,0.1124,7524.0,26745.436
001226.SZ,20250718,29.19,29.19,28.63,29.15,29.05,0.3442,6161.0,17839.221
001227.SZ,20250718,2.62,2.64,2.61,2.63,2.61,0.7663,713388.92,187296.46
001228.SZ,20250718,24.83,24.95,24.51,24.77,24.73,0.1617,11514.0,28451.196
001229.SZ,20250718,33.32,34.2,32.98,33.78,33.19,1.7776,25977.34,87352.431
001230.SZ,20250718,21.89,22.15,21.82,21.88,21.87,0.0457,36079.8,79230.335
001231.SZ,20250718,20.39,20.58,20.26,20.43,20.24,0.9387,11411.0,23284.963
001234.SZ,20250718,21.86,22.15,21.72,22.0,21.86,0.6404,28634.0,62914.247
001236.SZ,20250718,13.27,13.43,13.06,13.08,13.4,-2.3881,392590.64,517073.47
001238.SZ,20250718,39.78,39.78,38.85,39.62,39.62,0.0,6479.0,25420.329
001239.SZ,20250718,15.73,15.84,15.66,15.83,15.73,0.6357,38931.0,61328.329
001255.SZ,20250718,32.11,32.27,31.75,31.96,32.11,-0.4671,11513.0,36775.008
001256.SZ,20250718,22.51,22.58,22.14,22.34,22.51,-0.7552,23592.0,52580.218
001258.SZ,20250718,7.31,7.31,7.23,7.27,7.3,-0.411,99193.0,72058.229
001259.SZ,20250718,25.81,25.9,25.57,25.85,25.78,0.2715,7076.5,18206.522
001260.SZ,20250718,19.65,19.65,19.42,19.54,19.53,0.0512,11833.0,23040.861
001266.SZ,20250718,27.83,28.49,27.7,28.02,27.9,0.4301,26246.03,73394.407
001267.SZ,20250718,12.13,12.2,11.88,12.05,12.11,-0.4955,151555.63,182274.269
001268.SZ,20250718,27.25,28.08,27.17,27.79,27.25,1.9817,45503.0,125346.461
001269.SZ,20250718,27.0,27.37,26.65,26.84,27.13,-1.0689,60269.92,161842.768
001270.SZ,20250718,39.88,40.04,39.14,39.42,39.88,-1.1535,25086.16,99075.549
001277.SZ,20250718,43.13,43.25,42.56,43.07,42.96,0.2561,5510.0,23634.924
001278.SZ,20250718,17.61,17.71,17.45,17.64,17.57,0.3984,23048.61,40532.346
001279.SZ,20250718,39.38,39.75,39.16,39.64,39.36,0.7114,13568.97,53560.617
001282.SZ,20250718,20.87,20.98,20.5,20.75,20.92,-0.8126,42364.2,87733.051
001283.SZ,20250718,64.7,66.48,64.56,66.08,64.56,2.3544,29532.74,194632.092
001286.SZ,20250718,8.82,8.83,8.78,8.83,8.81,0.227,108571.58,95583.59
001287.SZ,20250718,22.01,24.0,21.22,23.12,22.02,4.9955,1303299.56,2922422.286
001288.SZ,20250718,20.13,20.33,19.7,19.89,20.16,-1.3393,26833.8,53351.101
001289.SZ,20250718,16.28,16.41,16.23,16.36,16.28,0.4914,63272.85,103225.688
001296.SZ,20250718,20.57,20.78,20.41,20.64,20.6,0.1942,47313.31,97367.903
001298.SZ,20250718,30.29,30.38,29.51,29.75,30.23,-1.5878,188075.25,561986.73
001299.SZ,20250718,11.66,11.74,11.57,11.66,11.63,0.258,15841.0,18419.245
001300.SZ,20250718,13.11,13.19,12.84,12.95,13.08,-0.9939,24795.0,32087.226
001301.SZ,20250718,50.72,51.3,50.24,50.57,50.55,0.0396,42343.28,214613.056
001306.SZ,20250718,81.03,82.0,80.51,80.52,81.7,-1.4443,20372.08,164940.456
001308.SZ,20250718,23.09,23.19,22.9,22.95,23.09,-0.6063,16476.79,37907.35
001309.SZ,20250718,83.03,84.49,82.02,82.22,83.67,-1.733,41740.76,345838.553
001311.SZ,20250718,21.3,21.38,21.1,21.32,21.3,0.0939,18053.75,38317.311
001313.SZ,20250718,8.1,8.1,8.0,8.06,8.08,-0.2475,68361.99,55015.005
001314.SZ,20250718,46.93,47.1,46.26,46.52,46.95,-0.9159,34393.0,160158.01
001316.SZ,20250718,33.77,35.68,33.42,35.07,34.05,2.9956,64889.0,224131.184
001317.SZ,20250718,45.4,45.7,44.86,45.08,45.35,-0.5954,20561.0,93090.051
001318.SZ,20250718,13.21,13.32,13.12,13.32,13.42,-0.7452,73361.79,96940.651
001319.SZ,20250718,27.37,27.37,27.02,27.16,27.36,-0.731,29011.0,78780.346
001322.SZ,20250718,8.62,8.68,8.54,8.61,8.62,-0.116,44809.16,38474.482
001323.SZ,20250718,31.48,31.79,31.3,31.49,31.48,0.0318,4203.94,13261.293
001324.SZ,20250718,20.12,22.13,20.02,22.13,20.12,9.9901,96531.23,204718.767
001326.SZ,20250718,33.83,33.9,33.51,33.63,33.68,-0.1485,6219.02,20936.12
001328.SZ,20250718,44.3,44.65,43.37,44.18,44.38,-0.4507,22746.79,99600.945
001330.SZ,20250718,4.75,4.81,4.69,4.72,4.76,-0.8403,201571.5,95433.975
001331.SZ,20250718,10.28,10.31,10.22,10.28,10.28,0.0,31670.9,32474.145
001332.SZ,20250718,36.85,37.32,36.78,36.98,36.85,0.3528,9072.11,33516.288
001333.SZ,20250718,20.99,21.18,20.91,21.08,20.98,0.4766,14120.0,29649.323
001335.SZ,20250718,37.78,37.98,37.55,37.68,37.83,-0.3965,9773.0,36861.56
001336.SZ,20250718,22.22,22.43,21.81,22.23,22.2,0.1351,14892.0,32856.398
001337.SZ,20250718,23.82,23.94,23.78,23.84,23.85,-0.0419,62993.0,150164.207
001338.SZ,20250718,12.08,12.08,11.92,11.99,12.05,-0.4979,86491.79,103602.428
001339.SZ,20250718,57.0,59.77,55.1,55.65,54.34,2.4107,373882.64,2160733.015
001356.SZ,20250718,15.04,15.1,14.95,15.03,15.05,-0.1329,69263.0,103974.1
001358.SZ,20250718,23.26,23.35,23.02,23.33,23.11,0.952,9195.0,21330.178
001359.SZ,20250718,43.6,46.46,42.92,44.4,42.24,5.1136,174694.29,789009.327
001360.SZ,20250718,14.37,15.61,14.22,15.61,14.19,10.007,131419.73,202265.734
001366.SZ,20250718,12.62,12.76,12.51,12.68,12.63,0.3959,23289.0,29392.421
001367.SZ,20250718,23.78,23.99,23.44,23.95,23.97,-0.0834,30759.37,72779.382
001368.SZ,20250718,23.68,23.75,23.51,23.68,23.68,0.0,9931.0,23459.727
001373.SZ,20250718,30.69,31.4,30.48,30.85,30.58,0.8829,11506.0,35445.155
001376.SZ,20250718,12.35,12.35,12.23,12.33,12.3,0.2439,37123.0,45613.689
001378.SZ,20250718,22.88,23.0,22.83,22.96,22.86,0.4374,7974.0,18286.277
001379.SZ,20250718,21.29,21.29,20.72,20.86,20.86,0.0,28437.28,59410.092
001380.SZ,20250718,21.15,21.29,20.96,21.16,21.15,0.0473,30629.58,64737.698
001382.SZ,20250718,21.11,21.23,21.01,21.15,21.16,-0.0473,26001.96,54826.551
001387.SZ,20250718,14.74,14.75,14.36,14.57,14.67,-0.6817,93771.95,135895.385
001388.SZ,20250718,46.69,46.78,46.29,46.55,46.68,-0.2785,34312.75,159529.68
001389.SZ,20250718,67.1,72.99,67.1,68.57,66.35,3.3459,358351.13,2512983.549
001390.SZ,20250718,24.27,24.85,24.17,24.69,24.4,1.1885,79182.13,193988.072
001391.SZ,20250718,6.85,6.87,6.83,6.85,6.85,0.0,244108.73,167177.76
001395.SZ,20250718,46.04,46.1,45.62,45.89,46.04,-0.3258,11647.4,53381.041
001400.SZ,20250718,58.79,58.95,58.56,58.76,58.75,0.017,7617.0,44750.502
001696.SZ,20250718,23.71,24.09,23.66,23.82,23.91,-0.3764,365734.24,872090.335
001872.SZ,20250718,20.21,20.35,20.19,20.28,20.2,0.396,20875.0,42278.949
001896.SZ,20250718,6.3,6.55,6.18,6.37,6.62,-3.7764,1291908.04,816520.501
001914.SZ,20250718,12.03,12.2,12.01,12.18,12.06,0.995,55640.0,67279.971
001965.SZ,20250718,11.77,11.88,11.74,11.75,11.76,-0.085,130145.65,153566.034
001979.SZ,20250718,8.71,8.86,8.7,8.81,8.7,1.2644,527384.19,463268.306
002001.SZ,20250718,21.79,21.89,21.66,21.81,21.76,0.2298,198069.9,431002.765
002003.SZ,20250718,10.69,10.78,10.64,10.76,10.74,0.1862,82940.3,88775.037
002004.SZ,20250718,4.43,4.44,4.37,4.41,4.43,-0.4515,136919.88,60228.025
002005.SZ,20250718,2.58,2.63,2.54,2.57,2.55,0.7843,216633.13,55898.046
002006.SZ,20250718,16.52,16.63,16.43,16.6,16.52,0.4843,121965.02,201514.703
002007.SZ,20250718,16.22,16.26,16.15,16.25,16.22,0.185,108772.66,176190.392
002008.SZ,20250718,24.72,24.9,24.55,24.79,24.74,0.2021,183747.69,454392.805
002009.SZ,20250718,16.15,16.23,15.93,16.05,16.14,-0.5576,142387.84,228131.114
002010.SZ,20250718,5.91,6.52,5.86,6.52,5.93,9.9494,1930555.59,1206479.2
002011.SZ,20250718,11.7,11.73,11.61,11.66,11.64,0.1718,81459.0,94824.822
002012.SZ,20250718,5.34,5.34,5.27,5.32,5.31,0.1883,66058.1,35055.848
002014.SZ,20250718,11.97,11.99,11.82,11.86,11.96,-0.8361,19946.8,23666.017
002015.SZ,20250718,12.8,13.03,12.45,12.57,12.52,0.3994,833928.76,1060900.993
002016.SZ,20250718,5.65,5.66,5.59,5.64,5.64,0.0,55580.0,31248.95
002017.SZ,20250718,18.36,19.55,17.88,18.48,18.04,2.439,1487679.04,2776840.737
002019.SZ,20250718,14.86,14.87,14.34,14.62,14.61,0.0684,201568.0,292907.411
002020.SZ,20250718,16.14,16.18,15.72,16.1,16.19,-0.5559,311749.15,496853.193
002021.SZ,20250718,2.39,2.41,2.37,2.39,2.39,0.0,180924.3,43118.11
002022.SZ,20250718,6.63,6.65,6.54,6.64,6.63,0.1508,93613.26,61808.505
002023.SZ,20250718,10.71,10.78,10.63,10.73,10.72,0.0933,148187.02,158484.913
002024.SZ,20250718,1.92,1.93,1.91,1.92,1.92,0.0,75185.61,14443.1
002025.SZ,20250718,49.85,49.9,48.55,49.01,49.85,-1.6851,74578.36,366611.954
002026.SZ,20250718,11.84,11.87,11.71,11.81,11.83,-0.1691,75943.0,89436.78
002027.SZ,20250718,7.53,7.6,7.48,7.51,7.51,0.0,720915.99,542987.069
002028.SZ,20250718,79.49,79.62,75.83,76.26,79.27,-3.7971,110133.27,846016.932
002029.SZ,20250718,6.88,6.92,6.84,6.89,6.87,0.2911,57884.0,39763.896
002030.SZ,20250718,6.35,6.38,6.28,6.37,6.34,0.4732,138286.8,87405.439
002031.SZ,20250718,8.12,8.74,8.12,8.36,8.12,2.9557,2525087.7,2139997.419
002032.SZ,20250718,53.26,53.58,53.09,53.18,53.18,0.0,6996.0,37245.509
002033.SZ,20250718,8.75,8.78,8.73,8.78,8.74,0.4577,60508.43,52994.682
002034.SZ,20250718,16.9,17.31,16.83,17.28,16.87,2.4303,57589.97,98450.468
002035.SZ,20250718,6.4,6.43,6.38,6.43,6.4,0.4688,86627.09,55467.579
002036.SZ,20250718,10.93,10.97,10.81,10.88,10.95,-0.6393,271696.89,295391.875
002037.SZ,20250718,9.98,10.07,9.51,9.69,9.8,-1.1224,310853.5,303079.759
002038.SZ,20250718,7.79,8.55,7.67,8.06,7.81,3.201,733393.63,587789.095
002039.SZ,20250718,16.29,16.32,16.06,16.21,16.41,-1.2188,100304.94,161969.943
002040.SZ,20250718,10.18,10.21,10.12,10.15,10.22,-0.6849,92885.4,94356.702
002041.SZ,20250718,9.85,9.9,9.83,9.87,9.84,0.3049,57866.07,57052.621
002042.SZ,20250718,4.7,4.74,4.64,4.68,4.69,-0.2132,321256.0,150459.68
002043.SZ,20250718,9.97,9.99,9.88,9.95,9.96,-0.1004,84382.5,83742.814
002044.SZ,20250718,5.14,5.19,5.05,5.09,5.1,-0.1961,807695.17,412793.189
002045.SZ,20250718,15.89,15.93,15.63,15.69,15.9,-1.3208,168327.4,264747.578
002046.SZ,20250718,16.66,17.2,16.54,16.9,16.64,1.5625,257738.55,436047.416
002047.SZ,20250718,2.06,2.06,1.99,2.0,2.06,-2.9126,157664.0,31779.537
002048.SZ,20250718,19.1,19.36,18.7,19.1,19.11,-0.0523,278620.04,530267.109
002049.SZ,20250718,67.91,68.19,67.22,67.65,67.9,-0.3682,107491.01,727745.161
002050.SZ,20250718,27.9,27.91,27.47,27.68,27.9,-0.7885,654970.14,1809365.25
002051.SZ,20250718,8.44,8.48,8.4,8.43,8.42,0.1188,110803.19,93443.918
002052.SZ,20250718,11.37,11.54,11.07,11.16,11.31,-1.3263,155236.06,173538.081
002053.SZ,20250718,10.65,10.74,10.63,10.74,10.64,0.9398,37778.55,40404.609
002054.SZ,20250718,7.16,7.21,7.1,7.14,7.16,-0.2793,55506.59,39595.979
002055.SZ,20250718,7.8,7.84,7.56,7.62,7.76,-1.8041,593227.76,454608.606
002056.SZ,20250718,15.79,16.15,15.68,15.74,15.79,-0.3167,668081.4,1060063.563
002057.SZ,20250718,9.21,9.46,9.18,9.31,9.2,1.1957,385488.0,360193.787
002058.SZ,20250718,15.31,15.31,14.8,15.31,14.58,5.0069,187597.9,286140.607
002059.SZ,20250718,5.12,5.13,5.1,5.12,5.11,0.1957,65590.0,33554.878
002060.SZ,20250718,3.59,3.61,3.57,3.6,3.58,0.5587,132687.02,47598.572
002061.SZ,20250718,4.03,4.04,4.01,4.04,4.02,0.4975,163239.34,65757.703
002062.SZ,20250718,4.97,4.97,4.89,4.94,4.96,-0.4032,153432.0,75539.892
002063.SZ,20250718,6.2,6.25,6.17,6.2,6.18,0.3236,259886.03,161079.927
002064.SZ,20250718,6.75,7.11,6.72,7.03,6.76,3.9941,737071.2,514944.341
002065.SZ,20250718,9.52,9.58,9.44,9.47,9.5,-0.3158,572584.91,543644.113
002066.SZ,20250718,12.43,12.43,12.15,12.33,12.38,-0.4039,36524.0,44759.14
002067.SZ,20250718,4.08,4.12,4.04,4.08,4.1,-0.4878,445550.0,181187.927
002068.SZ,20250718,10.09,10.18,9.99,10.05,10.08,-0.2976,119556.0,120299.134
002069.SZ,20250718,4.02,4.04,4.0,4.04,4.02,0.4975,88630.98,35642.769
002072.SZ,20250718,5.78,6.31,5.78,6.31,5.74,9.9303,71201.5,43739.278
002073.SZ,20250718,8.89,9.3,8.89,9.23,8.88,3.9414,602804.16,548861.046
002074.SZ,20250718,30.3,31.78,30.11,31.22,30.0,4.0667,1211206.13,3764923.841
002075.SZ,20250718,6.0,6.08,5.99,6.03,5.99,0.6678,343428.17,207154.161
002076.SZ,20250718,1.88,1.92,1.86,1.9,1.87,1.6043,359298.0,67927.422
002077.SZ,20250718,14.11,14.18,14.01,14.06,14.11,-0.3544,107412.0,151212.715
002078.SZ,20250718,13.64,13.69,13.51,13.58,13.64,-0.4399,145752.04,198083.169
002079.SZ,20250718,10.07,10.09,9.95,10.0,10.06,-0.5964,120714.0,120672.054
002080.SZ,20250718,26.44,26.68,25.4,25.85,26.7,-3.1835,494389.52,1289513.94
002081.SZ,20250718,3.67,3.68,3.64,3.66,3.67,-0.2725,127295.46,46479.971
002082.SZ,20250718,8.2,8.28,7.63,8.15,8.45,-3.5503,878185.12,698912.956
002083.SZ,20250718,4.91,4.92,4.86,4.89,4.9,-0.2041,84750.01,41376.732
002084.SZ,20250718,3.6,3.61,3.53,3.56,3.57,-0.2801,104722.22,37290.181
002085.SZ,20250718,16.76,16.91,16.58,16.64,16.91,-1.5967,713073.32,1190944.521
002086.SZ,20250718,3.0,3.02,2.96,2.99,2.98,0.3356,1003448.12,299537.047
002088.SZ,20250718,10.53,10.6,10.53,10.58,10.54,0.3795,18776.4,19837.836
002090.SZ,20250718,10.9,11.15,10.79,11.07,10.84,2.1218,260240.2,285098.891
002091.SZ,20250718,7.3,7.36,7.29,7.36,7.28,1.0989,120089.83,88104.326
002092.SZ,20250718,4.59,4.61,4.58,4.6,4.59,0.2179,227585.5,104610.495
002093.SZ,20250718,12.86,12.89,12.67,12.7,12.79,-0.7037,404533.67,516214.334
002094.SZ,20250718,9.5,10.16,9.45,9.77,9.61,1.6649,1908200.7,1880634.142
002095.SZ,20250718,22.38,22.5,21.75,21.8,22.36,-2.5045,259166.81,569530.546
002096.SZ,20250718,13.35,13.37,12.78,12.82,13.36,-4.0419,195736.16,254607.922
002097.SZ,20250718,8.05,8.09,7.99,8.02,8.07,-0.6196,122776.74,98446.851
002098.SZ,20250718,10.1,10.85,10.08,10.3,10.46,-1.5296,449264.98,468289.62
002099.SZ,20250718,6.21,6.24,6.11,6.2,6.22,-0.3215,135274.0,83158.715
002100.SZ,20250718,6.34,6.36,6.32,6.36,6.34,0.3155,163834.57,103890.173
002101.SZ,20250718,12.68,12.71,12.51,12.54,12.67,-1.026,106344.52,133705.622
002102.SZ,20250718,4.1,4.12,3.97,4.03,4.11,-1.9465,945170.09,381767.696
002103.SZ,20250718,10.61,10.65,10.45,10.49,10.61,-1.131,167820.0,176298.596
002104.SZ,20250718,23.87,24.06,21.9,21.97,23.85,-7.8826,2383018.94,5439065.712
002105.SZ,20250718,7.72,7.77,7.62,7.66,7.7,-0.5195,83344.0,63967.944
002106.SZ,20250718,10.6,10.64,10.46,10.54,10.59,-0.4721,115939.99,122005.63
002107.SZ,20250718,7.54,7.6,7.0,7.25,7.36,-1.4946,805064.34,578803.751
002108.SZ,20250718,3.68,3.76,3.68,3.73,3.67,1.6349,541406.39,201693.467
002109.SZ,20250718,3.49,3.53,3.46,3.48,3.51,-0.8547,164384.98,57369.763
002110.SZ,20250718,4.17,4.3,4.16,4.28,4.17,2.6379,463137.02,197170.021
002111.SZ,20250718,10.73,10.77,10.64,10.73,10.74,-0.0931,64567.4,69178.426
002112.SZ,20250718,13.68,13.71,13.4,13.46,13.7,-1.7518,109929.09,148525.787
002114.SZ,20250718,6.92,7.25,6.92,7.14,6.91,3.3285,213389.1,151873.178
002115.SZ,20250718,8.61,8.67,8.52,8.53,8.6,-0.814,290488.18,248877.319
002116.SZ,20250718,10.36,10.4,10.3,10.39,10.37,0.1929,41234.5,42712.948
002117.SZ,20250718,12.31,12.39,12.12,12.25,12.32,-0.5682,343684.0,420553.765
002119.SZ,20250718,16.62,16.74,16.48,16.55,16.65,-0.6006,90087.0,149422.704
002120.SZ,20250718,6.92,7.07,6.92,7.05,6.92,1.8786,466491.76,326876.313
002121.SZ,20250718,6.04,6.17,5.98,6.12,6.13,-0.1631,1145908.26,695328.954
002122.SZ,20250718,4.06,4.12,4.05,4.06,4.06,0.0,467314.93,190370.77
002123.SZ,20250718,14.74,14.78,14.56,14.67,14.75,-0.5424,303259.29,445043.313
002124.SZ,20250718,3.01,3.03,3.0,3.01,3.01,0.0,262622.8,79211.581
002125.SZ,20250718,13.36,13.63,13.35,13.48,13.37,0.8227,326611.76,440936.921
002126.SZ,20250718,27.53,28.5,27.4,27.63,27.3,1.2088,843259.63,2353561.188
002127.SZ,20250718,3.81,3.83,3.76,3.78,3.81,-0.7874,427899.54,161936.927
002128.SZ,20250718,19.2,19.46,19.2,19.35,19.22,0.6764,47567.81,92049.329
002129.SZ,20250718,8.34,8.75,8.34,8.36,8.43,-0.8304,1205089.43,1022274.409
002130.SZ,20250718,24.75,24.84,24.2,24.25,24.72,-1.9013,822526.25,2006833.69
002131.SZ,20250718,3.72,3.76,3.64,3.69,3.71,-0.5391,4290596.67,1582550.121
002132.SZ,20250718,3.65,3.68,3.61,3.63,3.66,-0.8197,207794.0,75446.266
002133.SZ,20250718,3.18,3.19,3.11,3.13,3.16,-0.9494,464688.11,146033.72
002134.SZ,20250718,21.81,22.07,21.34,21.72,21.63,0.4161,63807.0,137648.747
002135.SZ,20250718,4.33,4.36,4.3,4.33,4.33,0.0,76846.0,33191.99
002136.SZ,20250718,10.53,10.75,10.49,10.7,10.48,2.0992,94566.0,100601.787
002137.SZ,20250718,8.58,8.65,8.52,8.62,8.54,0.9368,155679.77,133820.836
002138.SZ,20250718,29.31,29.46,28.84,29.0,29.3,-1.0239,76978.52,223559.101
002139.SZ,20250718,14.29,14.35,14.03,14.13,14.25,-0.8421,277158.28,390835.553
002140.SZ,20250718,9.58,9.67,9.55,9.66,9.57,0.9404,56523.81,54391.706
002141.SZ,20250718,3.9,3.92,3.79,3.84,3.92,-2.0408,376593.0,144910.446
002142.SZ,20250718,26.8,27.18,26.66,26.98,26.69,1.0865,259747.68,699846.488
002144.SZ,20250718,12.05,12.07,11.94,12.0,12.05,-0.4149,24572.0,29424.355
002145.SZ,20250718,4.21,4.24,4.19,4.23,4.19,0.9547,371163.6,156774.394
002146.SZ,20250718,1.41,1.42,1.39,1.39,1.41,-1.4184,613106.86,85756.886
002148.SZ,20250718,7.15,7.18,7.09,7.11,7.15,-0.5594,146888.92,104740.725
002149.SZ,20250718,19.75,20.43,19.66,20.08,19.69,1.9807,161397.0,324922.086
002150.SZ,20250718,11.89,11.94,11.82,11.85,11.89,-0.3364,44535.5,52769.855
002151.SZ,20250718,28.0,28.2,27.82,28.1,28.0,0.3571,81435.57,228436.136
002152.SZ,20250718,13.92,14.06,13.86,13.9,13.87,0.2163,478714.65,667373.324
002153.SZ,20250718,10.13,10.49,10.13,10.28,10.11,1.6815,630987.78,650493.5
002154.SZ,20250718,3.83,3.86,3.82,3.83,3.83,0.0,151992.0,58225.865
002155.SZ,20250718,17.79,17.9,17.77,17.87,17.79,0.4497,239952.74,428148.958
002156.SZ,20250718,26.05,26.25,25.84,25.96,26.05,-0.3455,269329.56,700150.724
002157.SZ,20250718,2.81,2.84,2.8,2.82,2.8,0.7143,778031.61,219755.315
002158.SZ,20250718,17.68,18.06,17.65,17.72,17.67,0.283,56156.64,99732.322
002159.SZ,20250718,15.33,15.99,15.27,15.43,15.33,0.6523,110656.59,172499.243
002160.SZ,20250718,4.29,4.39,4.29,4.35,4.27,1.8735,201825.61,87621.085
002161.SZ,20250718,7.12,7.16,6.99,7.01,7.15,-1.958,436747.39,307646.932
002162.SZ,20250718,4.31,4.33,4.26,4.28,4.31,-0.6961,147153.5,63133.644
002163.SZ,20250718,10.25,10.63,10.12,10.57,10.25,3.122,465540.0,485049.058
002164.SZ,20250718,9.52,9.53,9.33,9.36,9.54,-1.8868,319296.0,300256.073
002165.SZ,20250718,9.4,9.79,9.32,9.71,9.4,3.2979,1096286.04,1049371.441
002166.SZ,20250718,8.38,8.42,8.2,8.26,8.34,-0.9592,191170.82,157921.354
002167.SZ,20250718,10.81,11.86,10.79,11.86,10.78,10.0186,882399.28,1022358.966
002168.SZ,20250718,3.59,3.61,3.52,3.57,3.6,-0.8333,66988.07,23818.812
002169.SZ,20250718,6.4,6.4,6.31,6.37,6.34,0.4732,77670.46,49248.706
002170.SZ,20250718,10.06,10.19,10.01,10.16,10.02,1.3972,305765.0,309181.648
002171.SZ,20250718,8.98,9.08,8.95,9.05,8.98,0.7795,418167.17,377407.49
002172.SZ,20250718,3.98,3.99,3.9,3.94,3.97,-0.7557,251398.0,98765.314
002173.SZ,20250718,14.88,15.23,14.55,14.56,14.39,1.1814,557212.99,823615.005
002174.SZ,20250718,13.75,13.78,13.47,13.56,13.74,-1.31,453801.56,617865.1
002175.SZ,20250718,4.58,4.61,4.51,4.53,4.57,-0.8753,383874.0,174607.539
002176.SZ,20250718,7.35,7.73,7.35,7.65,7.35,4.0816,1038744.21,785913.443
002177.SZ,20250718,6.82,6.92,6.69,6.72,6.83,-1.6105,644458.0,436275.622
002178.SZ,20250718,7.46,7.79,7.46,7.79,7.08,10.0282,1275004.97,986140.573
002179.SZ,20250718,39.06,39.26,38.66,39.14,39.0,0.359,150067.01,585799.944
002180.SZ,20250718,25.81,25.81,24.73,24.99,25.85,-3.3269,182991.9,460320.264
002181.SZ,20250718,6.93,7.02,6.83,6.87,6.9,-0.4348,315883.0,217958.612
002182.SZ,20250718,11.98,12.17,11.97,12.09,11.97,1.0025,181768.9,219749.206
002183.SZ,20250718,4.62,4.64,4.58,4.61,4.62,-0.2165,265683.98,122399.199
002184.SZ,20250718,13.64,13.66,13.38,13.47,13.57,-0.7369,119319.19,160410.944
002185.SZ,20250718,9.92,10.11,9.92,9.99,9.92,0.7056,622463.87,622589.222
002186.SZ,20250718,10.78,10.88,10.74,10.84,10.75,0.8372,40512.95,43825.964
002187.SZ,20250718,6.49,6.5,6.43,6.45,6.49,-0.6163,74933.0,48414.578
002188.SZ,20250718,5.69,5.93,5.61,5.72,5.66,1.0601,112599.1,64222.434
002189.SZ,20250718,26.03,26.83,26.02,26.44,26.03,1.5751,201621.02,532786.703
002190.SZ,20250718,35.71,36.18,35.2,35.89,35.79,0.2794,243369.94,868444.201
002191.SZ,20250718,4.0,4.0,3.96,3.98,3.99,-0.2506,98093.0,38999.588
002192.SZ,20250718,34.92,35.87,34.43,35.16,34.65,1.4719,261275.34,917341.181
002193.SZ,20250718,6.2,6.28,6.15,6.2,6.2,0.0,53757.0,33330.457
002194.SZ,20250718,13.4,13.49,13.22,13.32,13.46,-1.0401,220520.83,293688.392
002195.SZ,20250718,5.78,5.79,5.64,5.65,5.64,0.1773,2293467.31,1303607.342
002196.SZ,20250718,9.2,9.24,9.06,9.1,9.21,-1.1944,222426.02,202660.208
002197.SZ,20250718,7.06,7.09,6.77,6.82,7.05,-3.2624,172551.0,118922.884
002198.SZ,20250718,6.82,6.84,6.66,6.7,6.74,-0.5935,71774.0,48142.342
002199.SZ,20250718,9.23,9.61,9.1,9.61,9.15,5.0273,97264.82,91944.839
002200.SZ,20250718,7.88,7.89,7.79,7.79,7.88,-1.1421,16489.01,12929.246
002201.SZ,20250718,8.02,8.02,7.89,7.96,8.01,-0.6242,224355.51,178079.55
002202.SZ,20250718,9.78,9.98,9.72,9.91,9.75,1.641,455685.82,448758.04
002203.SZ,20250718,10.51,10.82,10.42,10.72,10.49,2.1926,109601.24,117013.765
002204.SZ,20250718,6.28,6.29,6.24,6.28,6.28,0.0,342659.04,214692.774
002205.SZ,20250718,11.2,11.23,11.08,11.21,11.19,0.1787,55570.0,61905.907
002206.SZ,20250718,5.62,5.64,5.56,5.6,5.6,0.0,241546.0,134965.423
002207.SZ,20250718,7.41,7.48,7.37,7.46,7.39,0.9472,163486.0,121379.366
002208.SZ,20250718,7.15,7.18,7.1,7.14,7.14,0.0,142094.0,101352.553
002209.SZ,20250718,17.11,17.98,16.2,16.41,17.09,-3.9789,627669.82,1081402.642
002210.SZ,20250718,2.84,2.85,2.78,2.82,2.84,-0.7042,1164998.1,327051.745
002211.SZ,20250718,2.93,2.95,2.91,2.92,2.94,-0.6803,44133.33,12903.026
002212.SZ,20250718,8.33,8.46,8.31,8.36,8.33,0.3601,464139.28,388350.456
002213.SZ,20250718,17.34,17.47,17.06,17.19,17.29,-0.5784,135863.0,234089.556
002214.SZ,20250718,10.34,10.4,10.31,10.35,10.38,-0.289,23320.45,24106.846
002215.SZ,20250718,10.32,10.44,10.28,10.34,10.33,0.0968,171486.0,177698.603
002216.SZ,20250718,11.15,11.19,11.12,11.15,11.13,0.1797,29478.0,32873.348
002217.SZ,20250718,2.59,2.61,2.53,2.54,2.58,-1.5504,806573.0,205700.039
002218.SZ,20250718,3.78,3.84,3.73,3.74,3.8,-1.5789,1035582.08,389106.216
002219.SZ,20250718,2.17,2.19,2.15,2.18,2.16,0.9259,559340.9,121427.681
002221.SZ,20250718,9.63,9.78,9.58,9.72,9.6,1.25,127106.08,122996.732
002222.SZ,20250718,34.01,34.4,33.7,34.37,34.05,0.9398,110185.35,374893.706
002223.SZ,20250718,35.0,35.13,34.73,35.13,34.9,0.659,73536.35,256577.438
002224.SZ,20250718,4.58,4.61,4.54,4.57,4.58,-0.2183,182729.44,83466.995
002225.SZ,20250718,5.78,5.86,5.7,5.75,5.83,-1.3722,295095.0,169799.82
002226.SZ,20250718,5.63,5.8,5.61,5.72,5.6,2.1429,435736.3,249174.444
002227.SZ,20250718,13.87,14.04,13.7,13.79,13.87,-0.5768,80061.0,110631.897
002228.SZ,20250718,3.65,3.66,3.6,3.63,3.64,-0.2747,113983.09,41254.51
002229.SZ,20250718,21.2,21.31,19.5,19.55,20.56,-4.9125,1952570.89,3926552.311
002230.SZ,20250718,47.76,48.5,47.48,47.66,47.6,0.1261,332413.77,1592677.048
002231.SZ,20250718,3.03,3.08,3.02,3.04,3.04,0.0,85816.0,26134.691
002232.SZ,20250718,18.29,18.35,18.18,18.24,18.22,0.1098,53120.0,96988.544
002233.SZ,20250718,8.01,8.04,7.97,7.99,8.0,-0.125,73511.29,58753.967
002234.SZ,20250718,8.32,8.36,8.27,8.32,8.29,0.3619,32822.0,27289.898
002235.SZ,20250718,9.14,9.4,8.98,9.01,9.31,-3.2223,1069235.52,977909.969
002236.SZ,20250718,16.15,16.38,16.13,16.21,16.15,0.3715,333691.93,541713.376
002237.SZ,20250718,11.93,12.01,11.85,11.93,11.92,0.0839,152963.02,182631.243
002238.SZ,20250718,9.25,9.53,8.93,8.95,8.66,3.3487,544116.94,500831.785
002239.SZ,20250718,2.94,2.94,2.91,2.92,2.92,0.0,371400.0,108574.998
002240.SZ,20250718,13.16,14.41,13.16,14.41,13.1,10.0,652233.67,925085.756
002241.SZ,20250718,23.2,23.3,22.63,22.71,23.29,-2.4903,1049496.84,2401494.787
002242.SZ,20250718,9.82,9.9,9.77,9.85,9.82,0.3055,33470.25,32895.474
002243.SZ,20250718,8.21,8.27,8.13,8.18,8.19,-0.1221,85023.2,69495.361
002244.SZ,20250718,9.76,9.82,9.7,9.82,9.75,0.7179,208753.02,203806.149
002245.SZ,20250718,13.9,14.38,13.89,14.12,13.93,1.364,656632.33,928249.518
002246.SZ,20250718,16.61,17.79,16.58,17.79,16.17,10.0186,807959.13,1415132.911
002247.SZ,20250718,2.74,2.76,2.7,2.76,2.74,0.7299,168342.0,46007.955
002248.SZ,20250718,9.12,9.26,9.08,9.21,9.12,0.9868,144330.09,132263.917
002249.SZ,20250718,6.78,6.79,6.72,6.76,6.78,-0.295,304132.31,205356.396
002250.SZ,20250718,10.5,10.56,10.39,10.44,10.51,-0.666,279754.0,292317.793
002251.SZ,20250718,4.96,4.99,4.88,4.9,4.99,-1.8036,747020.06,366178.317
002252.SZ,20250718,7.03,7.05,6.95,7.0,7.03,-0.4267,351266.6,245285.568
002253.SZ,20250718,10.29,10.29,10.03,10.08,10.23,-1.4663,43319.23,43801.949
002254.SZ,20250718,10.38,10.44,10.33,10.4,10.33,0.6776,73237.01,76066.187
002255.SZ,20250718,8.87,8.88,8.75,8.77,8.86,-1.0158,264148.04,232127.667
002256.SZ,20250718,2.29,2.31,2.29,2.3,2.29,0.4367,200735.0,46119.684
002258.SZ,20250718,11.47,11.72,11.4,11.44,11.46,-0.1745,151345.55,174011.219
002259.SZ,20250718,4.33,4.33,4.14,4.17,4.28,-2.5701,167237.01,70100.614
002261.SZ,20250718,31.65,32.14,31.5,31.6,32.28,-2.1066,1228374.68,3899232.805
002262.SZ,20250718,22.67,22.7,22.18,22.59,22.69,-0.4407,175694.51,394375.092
002263.SZ,20250718,3.85,4.06,3.82,3.94,3.84,2.6042,2958488.82,1169601.421
002264.SZ,20250718,6.52,6.69,6.46,6.58,6.51,1.0753,282036.59,185164.143
002265.SZ,20250718,33.53,33.62,33.33,33.62,30.56,10.0131,569474.2,1913398.646
002266.SZ,20250718,3.24,3.35,3.23,3.35,3.24,3.3951,676079.93,223920.104
002267.SZ,20250718,7.83,7.83,7.79,7.8,7.81,-0.128,59499.69,46460.863
002268.SZ,20250718,17.67,17.93,17.63,17.79,17.6,1.0795,151528.1,269723.968
002269.SZ,20250718,1.97,2.0,1.92,1.93,1.93,0.0,1112436.5,216275.564
002270.SZ,20250718,17.18,17.23,16.75,16.89,17.2,-1.8023,72468.5,122267.841
002271.SZ,20250718,11.36,11.38,11.18,11.2,11.27,-0.6211,195220.8,219399.582
002272.SZ,20250718,11.04,11.25,10.86,11.0,11.15,-1.3453,531976.55,585410.013
002273.SZ,20250718,20.49,20.52,20.09,20.16,20.52,-1.7544,461654.97,935029.197
002274.SZ,20250718,6.84,6.97,6.84,6.95,6.84,1.6082,115235.04,79640.886
002275.SZ,20250718,15.04,15.04,14.81,14.91,15.01,-0.6662,33716.61,50165.926
002276.SZ,20250718,14.53,14.6,14.31,14.38,14.52,-0.9642,418517.18,603346.522
002277.SZ,20250718,5.96,5.97,5.91,5.94,5.96,-0.3356,206881.07,122680.064
002278.SZ,20250718,9.36,9.36,9.23,9.28,9.32,-0.4292,227864.86,211613.913
002279.SZ,20250718,7.08,7.12,7.0,7.02,7.07,-0.7072,410047.95,289072.722
002281.SZ,20250718,49.35,50.02,48.68,48.75,49.31,-1.1357,465607.91,2295833.021
002282.SZ,20250718,7.76,7.77,7.67,7.75,7.72,0.3886,38390.95,29630.307
002283.SZ,20250718,6.27,6.39,6.25,6.38,6.28,1.5924,236263.97,149553.844
002284.SZ,20250718,11.41,11.46,11.31,11.39,11.46,-0.6108,149623.76,170114.136
002285.SZ,20250718,2.41,2.42,2.38,2.4,2.41,-0.4149,231043.0,55372.589
002286.SZ,20250718,10.93,10.96,10.7,10.82,10.98,-1.4572,158669.2,171202.185
002287.SZ,20250718,22.98,23.05,22.76,22.97,23.01,-0.1738,15152.81,34698.745
002289.SZ,20250718,17.49,17.9,17.29,17.74,17.73,0.0564,38624.5,68005.975
002290.SZ,20250718,31.36,32.18,31.28,32.15,31.54,1.9341,49872.41,158441.439
002291.SZ,20250718,6.46,6.51,6.39,6.41,6.45,-0.6202,267082.0,171762.326
002292.SZ,20250718,9.89,10.08,9.77,10.01,9.84,1.7276,995984.83,991124.754
002293.SZ,20250718,9.05,9.09,8.94,8.99,9.04,-0.5531,26207.85,23549.74
002294.SZ,20250718,54.5,55.48,53.36,54.4,53.15,2.3518,166308.48,900057.845
002295.SZ,20250718,10.18,10.44,9.95,10.02,10.18,-1.5717,285756.24,290622.771
002296.SZ,20250718,11.46,11.5,11.32,11.37,11.44,-0.6119,102937.0,117146.879
002297.SZ,20250718,7.85,7.91,7.76,7.91,7.87,0.5083,182205.0,142981.612
002298.SZ,20250718,6.93,7.38,6.93,7.13,6.93,2.886,987840.0,705521.621
002299.SZ,20250718,16.06,16.15,15.98,16.06,16.04,0.1247,91382.48,146812.191
002300.SZ,20250718,6.55,6.56,6.49,6.51,6.54,-0.4587,124743.28,81286.566
002301.SZ,20250718,7.1,7.11,7.02,7.06,7.07,-0.1414,69436.0,48976.623
002302.SZ,20250718,6.05,6.07,6.02,6.03,6.05,-0.3306,63357.39,38283.579
002303.SZ,20250718,3.68,3.71,3.66,3.67,3.68,-0.2717,194320.99,71486.418
002304.SZ,20250718,67.58,69.59,67.51,69.21,67.59,2.3968,104041.56,717509.023
002305.SZ,20250718,2.44,2.48,2.37,2.4,2.44,-1.6393,287945.0,69440.55
002306.SZ,20250718,1.9,1.9,1.87,1.88,1.9,-1.0526,122647.0,23104.504
002307.SZ,20250718,3.88,3.89,3.84,3.86,3.88,-0.5155,116408.32,44939.646
002309.SZ,20250718,3.31,3.33,3.24,3.28,3.3,-0.6061,187669.0,61494.628
002310.SZ,20250718,2.13,2.13,2.11,2.11,2.12,-0.4717,317755.5,67250.527
002311.SZ,20250718,56.59,56.72,56.01,56.18,56.59,-0.7245,74625.67,420574.644
002312.SZ,20250718,11.26,11.32,11.25,11.26,11.26,0.0,219556.0,247674.486
002313.SZ,20250718,9.72,9.77,9.63,9.66,9.71,-0.5149,85773.0,82992.041
002314.SZ,20250718,3.01,3.05,2.94,2.98,2.98,0.0,761347.06,227217.554
002315.SZ,20250718,52.48,57.31,52.21,55.5,52.1,6.5259,206928.98,1151015.814
002316.SZ,20250718,5.05,5.06,4.95,5.02,5.05,-0.5941,82881.04,41449.885
002317.SZ,20250718,17.66,17.9,17.43,17.63,17.71,-0.4517,676239.44,1191246.753
002318.SZ,20250718,23.58,23.66,23.16,23.26,23.58,-1.3571,65375.44,152404.072
002319.SZ,20250718,12.67,12.83,12.5,12.69,12.67,0.1579,51957.01,65764.801
002320.SZ,20250718,6.95,7.15,6.87,7.15,6.97,2.5825,468977.88,329535.392
002321.SZ,20250718,2.45,2.47,2.43,2.47,2.45,0.8163,201672.0,49471.698
002322.SZ,20250718,12.57,12.64,12.47,12.53,12.57,-0.3182,32408.0,40580.516
002323.SZ,20250718,1.63,1.64,1.6,1.61,1.62,-0.6173,360672.14,58189.915
002324.SZ,20250718,12.21,12.48,12.12,12.15,12.25,-0.8163,248889.6,305083.471
002326.SZ,20250718,13.41,13.5,12.88,13.11,13.47,-2.6726,418305.17,547386.341
002327.SZ,20250718,7.33,7.35,7.24,7.27,7.31,-0.5472,78004.31,56716.27
002328.SZ,20250718,5.88,5.9,5.78,5.82,5.88,-1.0204,202013.0,117548.224
002329.SZ,20250718,4.6,4.79,4.15,4.24,4.58,-7.4236,2411118.89,1052919.749
002330.SZ,20250718,4.8,4.8,4.72,4.75,4.77,-0.4193,79441.0,37709.958
002331.SZ,20250718,8.05,8.11,8.02,8.07,8.05,0.2484,81791.0,65966.777
002332.SZ,20250718,9.76,10.05,9.64,9.88,9.76,1.2295,419113.75,411717.573
002333.SZ,20250718,5.64,5.67,5.57,5.61,5.62,-0.1779,47057.0,26331.321
002334.SZ,20250718,8.22,8.35,8.18,8.28,8.21,0.8526,292700.0,241643.206
002335.SZ,20250718,44.3,44.38,43.08,43.21,43.89,-1.5493,241365.18,1055179.676
002337.SZ,20250718,6.01,6.02,5.92,5.99,6.0,-0.1667,86600.1,51652.435
002338.SZ,20250718,46.02,46.81,45.45,46.76,46.15,1.3218,84684.98,389801.174
002339.SZ,20250718,8.1,8.16,8.03,8.12,8.08,0.495,156277.03,126356.055
002340.SZ,20250718,6.39,6.48,6.37,6.45,6.38,1.0972,997587.23,642775.668
002342.SZ,20250718,7.2,7.28,7.13,7.18,7.24,-0.8287,853034.0,613763.096
002343.SZ,20250718,7.75,7.84,7.68,7.72,7.76,-0.5155,160241.2,123947.52
002344.SZ,20250718,4.51,4.51,4.47,4.49,4.49,0.0,87452.0,39245.437
002345.SZ,20250718,13.31,13.49,13.17,13.42,13.36,0.4491,171178.06,227678.774
002346.SZ,20250718,13.2,13.24,13.02,13.13,13.1,0.229,27011.0,35366.618
002347.SZ,20250718,7.43,7.47,7.3,7.34,7.39,-0.6766,194774.0,143107.442
002348.SZ,20250718,3.92,3.98,3.82,3.84,3.91,-1.7903,237777.0,91717.375
002349.SZ,20250718,7.52,7.56,7.43,7.55,7.52,0.3989,133946.87,100262.279
002350.SZ,20250718,7.16,7.2,7.06,7.11,7.16,-0.6983,82337.99,58410.247
002351.SZ,20250718,13.41,13.48,13.28,13.34,13.41,-0.522,101735.81,135769.464
002352.SZ,20250718,46.37,47.86,46.35,47.71,46.36,2.912,245706.55,1163141.147
002353.SZ,20250718,39.0,39.18,38.44,38.88,38.85,0.0772,66925.63,260125.023
002354.SZ,20250718,6.86,7.0,6.76,6.81,6.83,-0.2928,1357303.38,929830.812
002355.SZ,20250718,6.49,6.51,6.34,6.4,6.48,-1.2346,441867.0,282145.833
002356.SZ,20250718,3.35,3.36,3.3,3.36,3.34,0.5988,389603.91,129643.09
002357.SZ,20250718,9.78,9.85,9.6,9.78,9.78,0.0,76690.4,74674.479
002358.SZ,20250718,5.25,5.26,5.19,5.22,5.24,-0.3817,101976.0,53168.183
002360.SZ,20250718,5.34,5.35,5.28,5.31,5.32,-0.188,69537.0,36910.241
002361.SZ,20250718,6.39,6.48,6.34,6.39,6.33,0.9479,274985.0,175689.209
002362.SZ,20250718,22.7,24.23,22.67,23.12,22.51,2.7099,180637.13,421959.292
002363.SZ,20250718,8.16,8.16,8.01,8.09,8.14,-0.6143,118781.9,95727.072
002364.SZ,20250718,16.2,16.67,15.96,16.01,16.13,-0.744,483016.2,787897.132
002365.SZ,20250718,24.36,24.51,23.39,23.67,24.35,-2.7926,281931.42,672386.29
002366.SZ,20250718,8.69,8.72,8.51,8.63,8.71,-0.9185,1624281.0,1393798.122
002367.SZ,20250718,7.53,7.55,7.48,7.53,7.48,0.6684,89161.16,66956.099
002368.SZ,20250718,24.52,26.3,24.49,25.45,24.52,3.7928,308089.25,783702.915
002369.SZ,20250718,8.91,9.04,8.86,8.97,8.9,0.7865,281590.0,251857.182
002370.SZ,20250718,5.19,5.34,4.77,4.94,4.85,1.8557,2922045.8,1482796.713
002371.SZ,20250718,320.0,330.33,320.0,325.19,318.6,2.0684,81166.01,2640128.074
002372.SZ,20250718,10.52,10.53,10.46,10.52,10.49,0.286,71218.3,74698.713
002373.SZ,20250718,10.46,11.46,10.3,10.95,10.42,5.0864,1331166.7,1436384.043
002374.SZ,20250718,2.86,2.89,2.83,2.85,2.86,-0.3497,127326.0,36335.144
002375.SZ,20250718,4.01,4.01,3.96,3.99,3.99,0.0,73844.0,29431.513
002376.SZ,20250718,7.97,8.12,7.95,8.0,7.98,0.2506,468559.17,376687.985
002377.SZ,20250718,3.32,3.4,3.31,3.35,3.32,0.9036,302165.0,101189.822
002378.SZ,20250718,8.35,8.65,8.31,8.56,8.35,2.515,613300.15,519882.115
002379.SZ,20250718,13.88,14.4,13.7,14.38,13.78,4.3541,248961.9,353884.287
002380.SZ,20250718,23.88,24.33,23.67,23.74,23.74,0.0,82039.3,196050.67
002381.SZ,20250718,6.87,6.88,6.77,6.83,6.85,-0.292,45576.03,31016.926
002382.SZ,20250718,6.22,6.29,6.16,6.23,6.21,0.3221,167704.6,104040.039
002383.SZ,20250718,9.88,9.92,9.78,9.84,9.87,-0.304,178727.0,175747.981
002384.SZ,20250718,58.0,58.5,53.3,54.21,55.31,-1.9888,1236360.96,6905110.753
002385.SZ,20250718,4.12,4.15,4.11,4.14,4.11,0.7299,687069.49,283982.807
002386.SZ,20250718,4.97,5.06,4.96,5.03,4.96,1.4113,155268.09,77968.41
002387.SZ,20250718,9.49,9.52,9.25,9.33,9.49,-1.686,148968.0,139453.557
002388.SZ,20250718,4.46,4.46,4.35,4.38,4.47,-2.0134,122361.0,53671.556
002389.SZ,20250718,25.0,25.88,24.7,25.73,24.99,2.9612,698797.99,1774817.367
002390.SZ,20250718,3.69,3.7,3.63,3.69,3.67,0.545,171470.7,62865.133
002391.SZ,20250718,5.97,6.04,5.95,6.03,5.93,1.6863,140447.35,84191.932
002392.SZ,20250718,6.46,6.63,6.46,6.58,6.44,2.1739,254214.0,166624.402
002393.SZ,20250718,26.33,28.77,24.16,27.5,26.27,4.6821,586126.19,1517373.818
002394.SZ,20250718,12.18,12.5,10.81,11.03,11.74,-6.0477,958409.65,1102658.07
002395.SZ,20250718,18.96,19.06,18.62,18.77,18.96,-1.0021,66199.5,124239.172
002396.SZ,20250718,25.47,26.66,25.46,25.7,25.7,0.0,235403.85,613842.186
002397.SZ,20250718,3.63,3.63,3.59,3.61,3.63,-0.551,103125.99,37145.982
002398.SZ,20250718,5.38,5.68,5.23,5.28,5.16,2.3256,737376.62,398695.819
002399.SZ,20250718,12.52,12.57,12.3,12.56,12.54,0.1595,46528.84,57827.408
002400.SZ,20250718,7.79,7.85,7.74,7.75,7.79,-0.5135,407206.0,316684.5
002401.SZ,20250718,20.71,22.14,20.71,20.98,20.71,1.3037,1025435.52,2193885.471
002402.SZ,20250718,22.43,22.64,22.31,22.57,22.37,0.8941,368236.71,827588.635
002403.SZ,20250718,14.35,14.87,14.28,14.58,14.4,1.25,151745.8,220611.034
002404.SZ,20250718,6.59,6.6,6.5,6.58,6.58,0.0,70368.0,46064.996
002405.SZ,20250718,8.37,8.45,8.33,8.42,8.35,0.8383,347820.84,292320.825
002406.SZ,20250718,7.5,7.68,7.39,7.63,7.48,2.0053,652688.62,493353.276
002407.SZ,20250718,12.23,12.79,12.19,12.43,12.17,2.1364,442316.94,551267.949
002408.SZ,20250718,4.63,4.71,4.63,4.7,4.64,1.2931,167382.73,78443.603
002409.SZ,20250718,54.93,55.28,54.35,54.84,54.89,-0.0911,58975.97,322891.281
002410.SZ,20250718,13.65,14.04,13.65,13.94,13.65,2.1245,403281.2,561148.471
002412.SZ,20250718,6.79,6.79,6.62,6.76,6.73,0.4458,88383.7,59188.271
002413.SZ,20250718,5.6,5.65,5.54,5.63,5.62,0.1779,535788.28,300132.292
002414.SZ,20250718,10.15,10.68,10.15,10.5,10.13,3.6525,1180653.2,1237105.249
002415.SZ,20250718,27.99,28.16,27.92,28.01,27.94,0.2505,429855.75,1205792.653
002416.SZ,20250718,12.34,12.34,12.18,12.27,12.3,-0.2439,153664.58,188099.36
002418.SZ,20250718,3.64,3.67,3.56,3.6,3.64,-1.0989,446059.0,160702.522
002419.SZ,20250718,5.54,5.67,5.53,5.66,5.57,1.6158,279291.0,156762.25
002420.SZ,20250718,6.51,6.53,6.41,6.48,6.48,0.0,92568.65,59856.447
002421.SZ,20250718,3.35,3.39,3.34,3.38,3.36,0.5952,383759.0,129175.369
002422.SZ,20250718,34.88,35.62,34.55,35.47,34.99,1.3718,203799.65,715356.952
002423.SZ,20250718,12.7,13.16,12.7,12.9,12.78,0.939,673727.0,874619.504
002424.SZ,20250718,5.39,5.41,5.32,5.36,5.41,-0.9242,278824.4,149070.426
002425.SZ,20250718,3.21,3.22,3.15,3.16,3.23,-2.1672,143446.17,45539.021
002426.SZ,20250718,3.1,3.11,3.04,3.06,3.1,-1.2903,926650.07,283934.919
002427.SZ,20250718,8.18,8.38,8.16,8.21,8.17,0.4896,269695.0,221845.631
002428.SZ,20250718,20.05,20.53,20.02,20.37,20.09,1.3937,335464.51,681895.36
002429.SZ,20250718,4.71,4.72,4.64,4.66,4.69,-0.6397,408096.0,190249.859
002430.SZ,20250718,21.88,22.1,21.64,21.91,21.84,0.3205,78216.0,170873.59
002431.SZ,20250718,2.33,2.35,2.31,2.33,2.33,0.0,270296.79,62846.978
002432.SZ,20250718,38.68,39.99,38.6,39.22,38.43,2.0557,167286.0,656490.607
002434.SZ,20250718,7.75,7.77,7.65,7.69,7.75,-0.7742,184958.61,142343.744
002436.SZ,20250718,14.71,14.88,14.3,14.39,14.71,-2.1754,933327.42,1359476.173
002437.SZ,20250718,3.25,3.39,3.18,3.3,3.28,0.6098,2187740.53,715629.913
002438.SZ,20250718,12.97,13.0,12.72,12.79,12.96,-1.3117,100972.59,129164.715
002439.SZ,20250718,15.88,16.38,15.86,16.14,15.89,1.5733,384605.05,622519.279
002440.SZ,20250718,7.8,7.83,7.74,7.81,7.82,-0.1279,96132.5,74784.119
002441.SZ,20250718,9.34,9.37,9.23,9.31,9.34,-0.3212,51562.0,47851.947
002442.SZ,20250718,6.69,6.7,6.56,6.59,6.65,-0.9023,60885.5,40194.131
002443.SZ,20250718,6.54,6.58,6.51,6.57,6.55,0.3053,90922.0,59491.616
002444.SZ,20250718,31.62,31.7,31.03,31.47,31.62,-0.4744,159973.45,501655.994
002445.SZ,20250718,2.46,2.47,2.43,2.46,2.45,0.4082,260293.03,63710.468
002446.SZ,20250718,7.22,7.4,7.17,7.23,7.21,0.2774,385542.24,280509.791
002448.SZ,20250718,8.93,8.99,8.82,8.88,8.92,-0.4484,142124.0,126158.394
002449.SZ,20250718,9.43,9.48,9.34,9.39,9.44,-0.5297,116393.0,109292.87
002451.SZ,20250718,7.03,7.07,6.96,7.02,7.03,-0.1422,55848.0,39074.462
002452.SZ,20250718,7.18,7.23,7.1,7.22,7.17,0.6974,157240.0,112524.212
002453.SZ,20250718,5.76,5.85,5.69,5.73,5.76,-0.5208,146397.0,84081.388
002454.SZ,20250718,8.3,8.35,8.19,8.27,8.3,-0.3614,141028.5,116136.874
002455.SZ,20250718,6.76,6.79,6.69,6.72,6.75,-0.4444,139752.0,94166.021
002456.SZ,20250718,11.49,11.5,11.37,11.44,11.49,-0.4352,571023.7,652322.137
002457.SZ,20250718,11.62,11.64,11.53,11.6,11.55,0.4329,83910.0,97097.078
002458.SZ,20250718,8.36,8.37,8.31,8.34,8.35,-0.1198,74311.88,61908.809
002459.SZ,20250718,11.49,11.85,11.38,11.45,11.64,-1.6323,800798.35,927158.864
002460.SZ,20250718,35.13,36.3,35.13,35.95,34.96,2.8318,474086.03,1703487.864
002461.SZ,20250718,11.16,11.21,11.1,11.14,11.19,-0.4468,45008.75,50132.432
002462.SZ,20250718,13.83,13.92,13.67,13.84,13.8,0.2899,43406.5,59720.404
002463.SZ,20250718,53.51,55.09,51.97,52.1,53.11,-1.9017,664821.4,3531573.267
002465.SZ,20250718,12.88,13.06,12.75,13.02,12.9,0.9302,760182.29,981693.079
002466.SZ,20250718,34.67,36.17,34.66,36.0,34.25,5.1095,817623.72,2910998.588
002467.SZ,20250718,6.15,6.34,6.1,6.21,6.15,0.9756,1291684.26,801037.258
002468.SZ,20250718,12.32,13.26,12.24,13.15,12.31,6.8237,506050.24,651752.068
002469.SZ,20250718,8.35,8.5,8.34,8.48,8.35,1.5569,151603.89,127836.941
002470.SZ,20250718,1.72,1.74,1.71,1.72,1.72,0.0,566612.0,97610.883
002471.SZ,20250718,4.69,4.76,4.64,4.66,4.7,-0.8511,617680.5,288472.409
002472.SZ,20250718,34.05,34.13,33.62,34.05,34.0,0.1471,130856.95,443778.844
002474.SZ,20250718,7.07,7.14,7.06,7.1,7.07,0.4243,155070.0,110005.756
002475.SZ,20250718,39.35,39.83,38.54,38.73,39.4,-1.7005,1359440.65,5315102.285
002476.SZ,20250718,4.85,4.89,4.81,4.86,4.85,0.2062,186135.68,90171.453
002478.SZ,20250718,5.49,5.53,5.46,5.48,5.48,0.0,71124.0,38976.091
002479.SZ,20250718,5.42,5.43,5.34,5.37,5.41,-0.7394,124196.95,66691.736
002480.SZ,20250718,6.4,6.43,6.29,6.35,6.4,-0.7813,99716.0,63175.364
002481.SZ,20250718,5.53,5.57,5.5,5.52,5.53,-0.1808,107923.34,59557.002
002482.SZ,20250718,1.79,1.8,1.77,1.8,1.79,0.5587,273134.28,48866.874
002483.SZ,20250718,6.42,6.44,6.36,6.41,6.42,-0.1558,80551.6,51455.204
002484.SZ,20250718,22.3,23.49,22.21,22.78,22.3,2.1525,577468.61,1322976.781
002485.SZ,20250718,4.38,4.5,4.3,4.37,4.38,-0.2283,29618.6,12927.096
002486.SZ,20250718,2.74,2.78,2.68,2.71,2.74,-1.0949,174097.0,47173.736
002487.SZ,20250718,32.6,32.77,32.0,32.47,32.42,0.1542,82205.02,265911.092
002488.SZ,20250718,13.94,14.07,13.88,14.04,13.98,0.4292,54841.5,76658.781
002489.SZ,20250718,3.71,3.72,3.66,3.68,3.7,-0.5405,190857.36,70198.392
002490.SZ,20250718,5.56,5.69,5.5,5.55,5.54,0.1805,457789.46,254976.753
002491.SZ,20250718,5.06,5.06,4.91,4.96,5.04,-1.5873,397188.0,197239.731
002492.SZ,20250718,6.46,6.51,6.27,6.29,6.46,-2.6316,121050.0,76589.301
002493.SZ,20250718,8.46,8.79,8.46,8.78,8.45,3.9053,427387.42,370754.06
002494.SZ,20250718,5.09,5.13,5.03,5.11,5.08,0.5906,73885.0,37568.683
002495.SZ,20250718,2.66,2.67,2.63,2.66,2.66,0.0,184258.4,48792.538
002496.SZ,20250718,1.76,1.8,1.75,1.79,1.75,2.2857,247313.33,43889.651
002497.SZ,20250718,11.79,12.15,11.76,12.01,11.72,2.4744,435743.94,523257.91
002498.SZ,20250718,3.46,3.48,3.43,3.46,3.46,0.0,183196.34,63211.806
002500.SZ,20250718,6.16,6.17,6.1,6.12,6.14,-0.3257,230308.53,141260.518
002501.SZ,20250718,2.15,2.15,2.09,2.1,2.15,-2.3256,687463.0,145122.446
002506.SZ,20250718,2.78,2.93,2.74,2.75,2.71,1.476,2589240.19,724050.587
002507.SZ,20250718,12.93,12.96,12.9,12.96,12.91,0.3873,98174.9,126938.893
002508.SZ,20250718,19.05,19.15,19.05,19.12,19.09,0.1572,50744.6,96868.99
002510.SZ,20250718,6.83,6.86,6.72,6.76,6.88,-1.7442,725734.0,490350.198
002511.SZ,20250718,7.86,7.9,7.77,7.82,7.84,-0.2551,227901.0,178404.144
002512.SZ,20250718,4.9,4.94,4.83,4.89,4.9,-0.2041,271704.58,132271.219
002513.SZ,20250718,5.63,5.65,5.53,5.63,5.6,0.5357,108822.28,60705.21
002514.SZ,20250718,5.79,5.83,5.68,5.75,5.8,-0.8621,178985.0,102674.436
002515.SZ,20250718,6.1,6.15,6.07,6.09,6.12,-0.4902,130540.85,79570.01
002516.SZ,20250718,5.26,5.29,5.25,5.28,5.24,0.7634,116064.0,61163.11
002517.SZ,20250718,19.03,19.07,18.18,18.3,19.02,-3.7855,855369.75,1586311.646
002518.SZ,20250718,22.98,23.19,22.81,22.94,22.83,0.4818,85202.45,195758.909
002519.SZ,20250718,5.15,5.18,5.05,5.12,5.14,-0.3891,242948.1,124146.724
002520.SZ,20250718,6.67,6.72,6.56,6.62,6.69,-1.0463,513103.08,339354.571
002521.SZ,20250718,9.02,9.02,8.97,9.0,8.99,0.1112,25361.0,22788.78
002522.SZ,20250718,5.08,5.11,5.03,5.06,5.08,-0.3937,169626.0,85795.567
002523.SZ,20250718,3.78,3.79,3.73,3.77,3.77,0.0,265064.66,99658.694
002524.SZ,20250718,4.72,4.74,4.6,4.67,4.71,-0.8493,109264.2,50782.62
002526.SZ,20250718,3.91,3.96,3.89,3.92,3.93,-0.2545,491571.67,192463.074
002527.SZ,20250718,16.5,16.77,15.7,15.81,16.12,-1.9231,301621.23,482002.473
002528.SZ,20250718,2.96,3.04,2.91,2.97,2.95,0.678,172225.55,51039.781
002529.SZ,20250718,6.53,6.56,6.45,6.56,6.53,0.4594,48132.0,31251.579
002530.SZ,20250718,11.01,11.32,10.66,10.67,10.79,-1.1121,608817.0,663035.387
002531.SZ,20250718,6.67,6.71,6.6,6.66,6.67,-0.1499,231300.33,153789.067
002532.SZ,20250718,8.43,8.56,8.38,8.45,8.39,0.7151,533551.13,450972.951
002533.SZ,20250718,10.02,10.04,9.94,9.98,10.0,-0.2,93139.0,92797.938
002534.SZ,20250718,11.56,11.6,11.45,11.52,11.54,-0.1733,36080.0,41439.786
002535.SZ,20250718,4.0,4.01,3.93,3.95,3.99,-1.0025,170346.1,67425.843
002536.SZ,20250718,15.76,16.35,15.62,16.01,15.79,1.3933,310939.36,497507.428
002537.SZ,20250718,10.96,11.22,10.67,10.75,11.05,-2.7149,1356380.04,1474688.795
002538.SZ,20250718,5.32,5.37,5.3,5.36,5.31,0.9416,78722.0,42036.931
002539.SZ,20250718,10.07,10.17,9.99,10.13,10.09,0.3964,123094.98,124073.913
002540.SZ,20250718,5.92,6.02,5.9,6.0,5.91,1.5228,121752.18,72716.296
002541.SZ,20250718,17.41,17.46,17.0,17.2,17.39,-1.0926,60069.8,103160.405
002542.SZ,20250718,3.75,4.05,3.7,3.81,3.69,3.252,3048170.43,1176064.046
002543.SZ,20250718,11.89,11.94,11.63,11.7,11.89,-1.598,34860.03,40766.518
002544.SZ,20250718,23.13,23.13,22.81,22.92,23.13,-0.9079,58483.93,134147.393
002545.SZ,20250718,9.66,9.82,9.63,9.67,9.66,0.1035,162790.92,157631.299
002546.SZ,20250718,6.02,6.03,5.91,5.93,5.99,-1.0017,311688.0,185240.114
002547.SZ,20250718,4.59,4.63,4.53,4.55,4.6,-1.087,303282.0,138308.759
002548.SZ,20250718,3.89,3.93,3.88,3.9,3.89,0.2571,151265.14,58980.991
002549.SZ,20250718,11.26,12.08,11.12,11.89,11.35,4.7577,1141706.35,1318491.14
002550.SZ,20250718,11.22,12.38,11.05,11.97,11.38,5.1845,2067769.93,2406988.926
002551.SZ,20250718,3.82,3.84,3.75,3.8,3.82,-0.5236,161893.06,61161.405
002552.SZ,20250718,16.52,16.84,16.07,16.32,16.75,-2.5672,202072.0,331494.036
002553.SZ,20250718,25.38,26.5,25.27,25.54,25.65,-0.4288,679361.22,1747936.481
002554.SZ,20250718,2.78,2.79,2.75,2.79,2.77,0.722,258811.0,71774.609
002555.SZ,20250718,16.8,16.84,16.51,16.59,16.73,-0.8368,492311.33,817592.448
002556.SZ,20250718,5.86,5.87,5.83,5.87,5.86,0.1706,125065.0,73219.962
002557.SZ,20250718,21.58,22.05,21.54,22.02,21.58,2.0389,98046.63,214126.551
002558.SZ,20250718,24.98,25.0,23.88,24.14,24.97,-3.324,657485.3,1593864.899
002559.SZ,20250718,9.76,9.77,9.65,9.74,9.77,-0.3071,129083.0,125259.069
002560.SZ,20250718,8.03,8.07,7.92,8.07,8.01,0.7491,326643.0,261672.779
002561.SZ,20250718,8.72,8.9,8.64,8.82,8.7,1.3793,157240.66,138112.035
002562.SZ,20250718,6.28,6.3,6.14,6.22,6.28,-0.9554,1150721.38,713582.043
002563.SZ,20250718,5.2,5.22,5.18,5.2,5.2,0.0,121414.39,63083.171
002564.SZ,20250718,6.15,6.45,6.06,6.39,6.14,4.0717,549991.02,343158.554
002565.SZ,20250718,6.66,6.79,6.55,6.58,6.65,-1.0526,405249.5,269240.476
002566.SZ,20250718,8.27,8.3,8.14,8.25,8.26,-0.1211,53300.0,43746.798
002567.SZ,20250718,4.76,4.8,4.76,4.8,4.76,0.8403,241227.46,115330.513
002568.SZ,20250718,25.69,26.05,25.1,25.33,25.58,-0.9773,136900.31,349733.576
002569.SZ,20250718,9.53,9.53,9.41,9.46,9.51,-0.5258,8324.0,7865.552
002570.SZ,20250718,6.19,6.2,6.07,6.12,6.25,-2.08,1129694.0,690609.571
002571.SZ,20250718,5.96,5.98,5.83,5.86,5.96,-1.6779,68759.0,40410.594
002572.SZ,20250718,14.18,14.26,14.1,14.23,14.12,0.779,41664.8,59125.633
002573.SZ,20250718,3.96,3.97,3.93,3.97,3.96,0.2525,80609.94,31879.287
002574.SZ,20250718,5.91,5.91,5.82,5.87,5.88,-0.1701,81985.0,47934.609
002575.SZ,20250718,9.25,9.29,9.11,9.13,9.27,-1.5102,230278.0,210987.334
002576.SZ,20250718,17.0,17.12,16.79,16.94,16.99,-0.2943,41980.5,70896.574
002577.SZ,20250718,20.86,20.96,20.66,20.69,20.85,-0.7674,33871.0,70280.03
002578.SZ,20250718,3.43,3.48,3.4,3.41,3.39,0.59,172374.0,59186.234
002579.SZ,20250718,12.88,13.08,12.61,12.7,12.89,-1.474,763906.62,976149.589
002580.SZ,20250718,13.9,14.12,13.88,13.97,13.9,0.5036,304749.0,426369.58
002581.SZ,20250718,7.7,7.8,7.45,7.47,7.77,-3.861,322193.52,245585.828
002582.SZ,20250718,9.92,9.94,9.74,9.77,9.93,-1.6113,147266.17,144252.335
002583.SZ,20250718,12.03,12.04,11.88,11.94,12.02,-0.6656,376203.83,448797.044
002584.SZ,20250718,8.93,9.12,8.9,9.1,8.97,1.4493,280633.72,252547.41
002585.SZ,20250718,5.69,6.24,5.67,5.84,5.67,2.9982,1174441.12,705584.041
002586.SZ,20250718,3.08,3.08,3.04,3.06,3.08,-0.6494,39202.0,11983.324
002587.SZ,20250718,6.79,6.81,6.64,6.67,6.8,-1.9118,342113.01,228865.857
002588.SZ,20250718,8.85,8.91,8.8,8.86,8.83,0.3398,61237.02,54190.892
002589.SZ,20250718,3.07,3.07,3.02,3.04,3.06,-0.6536,198438.6,60221.968
002590.SZ,20250718,14.02,14.16,13.95,14.04,14.12,-0.5666,100998.74,141702.046
002591.SZ,20250718,5.96,6.05,5.92,6.02,5.93,1.5177,82549.0,49345.3
002592.SZ,20250718,6.42,6.47,6.38,6.41,6.41,0.0,32889.0,21138.861
002593.SZ,20250718,4.99,5.0,4.92,4.95,4.98,-0.6024,138202.0,68377.124
002594.SZ,20250718,329.13,329.5,325.25,329.11,328.02,0.3323,136866.49,4482466.755
002595.SZ,20250718,58.9,59.55,58.4,59.29,59.05,0.4064,21731.12,128339.195
002596.SZ,20250718,4.15,4.38,4.11,4.33,4.28,1.1682,1407665.37,595494.963
002597.SZ,20250718,22.38,22.45,22.31,22.36,22.37,-0.0447,43069.84,96269.316
002598.SZ,20250718,10.97,11.14,10.95,11.04,10.98,0.5464,71757.8,79143.612
002599.SZ,20250718,9.01,9.08,8.78,8.82,8.81,0.1135,271176.96,240986.656
002600.SZ,20250718,9.35,9.37,9.11,9.17,9.35,-1.9251,1259168.9,1157733.011
002601.SZ,20250718,16.28,16.61,16.26,16.52,16.25,1.6615,201391.28,331828.258
002602.SZ,20250718,11.84,11.89,11.18,11.18,11.77,-5.0127,2704392.24,3058418.323
002603.SZ,20250718,15.17,15.22,14.99,15.2,15.16,0.2639,174307.24,263297.366
002605.SZ,20250718,27.21,27.42,27.08,27.22,27.29,-0.2565,81478.44,221692.518
002606.SZ,20250718,9.3,9.32,9.2,9.23,9.28,-0.5388,57306.84,52918.014
002607.SZ,20250718,3.04,3.11,3.03,3.06,3.04,0.6579,1831305.89,562077.997
002608.SZ,20250718,7.47,7.53,7.44,7.52,7.45,0.9396,126966.51,95125.457
002609.SZ,20250718,11.73,11.87,11.55,11.57,11.73,-1.364,177694.02,207804.838
002611.SZ,20250718,12.74,13.5,12.74,13.06,12.53,4.2298,1784563.59,2329570.336
002612.SZ,20250718,18.13,18.2,17.92,18.06,18.2,-0.7692,79621.0,143582.252
002613.SZ,20250718,3.74,3.77,3.72,3.75,3.74,0.2674,164643.78,61637.836
002614.SZ,20250718,6.64,6.66,6.53,6.6,6.63,-0.4525,70867.0,46683.865
002615.SZ,20250718,8.4,8.41,8.3,8.33,8.41,-0.9512,126307.0,105302.097
002616.SZ,20250718,6.34,6.41,6.31,6.38,6.36,0.3145,79184.0,50306.354
002617.SZ,20250718,7.78,7.8,7.68,7.71,7.77,-0.7722,432724.0,333915.859
002620.SZ,20250718,4.06,4.14,3.99,4.1,4.08,0.4902,139247.5,56542.717
002622.SZ,20250718,3.08,3.09,3.01,3.05,3.09,-1.2945,207379.0,62876.344
002623.SZ,20250718,24.22,25.26,22.97,22.97,25.52,-9.9922,385456.31,911346.998
002624.SZ,20250718,14.57,14.64,14.16,14.29,14.56,-1.8544,435400.95,624630.875
002625.SZ,20250718,39.73,39.96,39.04,39.36,39.81,-1.1304,197937.12,779546.947
002626.SZ,20250718,19.71,19.8,19.43,19.62,19.68,-0.3049,102381.54,200839.156
002627.SZ,20250718,5.38,5.41,5.36,5.41,5.38,0.5576,119871.43,64526.395
002628.SZ,20250718,4.95,5.13,4.94,5.03,4.93,2.0284,494584.0,249769.615
002629.SZ,20250718,6.59,7.04,6.5,6.85,6.7,2.2388,823169.24,559796.842
002630.SZ,20250718,2.65,2.66,2.62,2.64,2.64,0.0,219090.0,57676.507
002631.SZ,20250718,4.8,4.86,4.75,4.8,4.79,0.2088,118203.17,56604.498
002632.SZ,20250718,9.25,9.27,9.13,9.19,9.24,-0.5411,74434.0,68387.048
002633.SZ,20250718,16.8,16.82,16.61,16.66,16.78,-0.7151,44504.0,74208.815
002634.SZ,20250718,4.29,4.33,4.16,4.27,4.28,-0.2336,139465.0,59001.407
002635.SZ,20250718,13.67,13.68,13.42,13.52,13.65,-0.9524,69922.91,94504.518
002636.SZ,20250718,12.3,12.49,12.08,12.08,12.42,-2.7375,557879.87,681344.239
002637.SZ,20250718,10.03,10.08,9.96,9.99,10.03,-0.3988,40924.0,40953.562
002638.SZ,20250718,2.38,2.4,2.35,2.35,2.38,-1.2605,161811.5,38319.655
002639.SZ,20250718,10.57,10.6,10.41,10.48,10.58,-0.9452,444657.0,465658.572
002640.SZ,20250718,5.58,5.69,5.53,5.53,5.69,-2.812,2409034.91,1345581.017
002641.SZ,20250718,4.2,4.21,4.18,4.2,4.18,0.4785,66985.9,28072.994
002642.SZ,20250718,7.95,8.05,7.93,7.97,7.96,0.1256,160607.5,128333.016
002643.SZ,20250718,12.37,12.42,12.13,12.35,12.41,-0.4835,276848.34,339274.242
002644.SZ,20250718,8.66,8.68,8.53,8.64,8.65,-0.1156,48793.0,41886.016
002645.SZ,20250718,13.14,14.33,12.95,14.33,13.03,9.977,1123953.79,1558702.082
002646.SZ,20250718,9.54,9.57,9.48,9.56,9.53,0.3148,39266.67,37407.032
002647.SZ,20250718,6.05,6.05,5.83,5.85,6.06,-3.4653,223101.0,132282.564
002648.SZ,20250718,17.45,17.85,17.45,17.62,17.45,0.9742,667011.05,1179374.005
002649.SZ,20250718,15.01,15.18,14.88,14.94,15.0,-0.4,220612.0,331021.137
002650.SZ,20250718,6.08,6.31,5.98,6.17,6.05,1.9835,77163.0,47515.497
002651.SZ,20250718,11.81,12.2,11.57,12.14,11.81,2.7942,675968.28,807615.931
002652.SZ,20250718,3.3,3.62,3.28,3.62,3.29,10.0304,198055.43,70144.971
002653.SZ,20250718,48.16,49.33,47.3,49.06,48.06,2.0807,23687.0,114922.794
002654.SZ,20250718,11.85,11.9,11.72,11.8,11.85,-0.4219,151592.98,178749.969
002655.SZ,20250718,13.21,13.21,13.04,13.1,13.21,-0.8327,115565.4,151280.575
002656.SZ,20250718,2.4,2.41,2.36,2.37,2.4,-1.25,77977.0,18564.821
002657.SZ,20250718,31.42,32.25,30.12,30.43,31.01,-1.8704,591642.29,1847719.405
002658.SZ,20250718,8.08,8.08,7.98,8.04,8.06,-0.2481,164739.84,132215.226
002659.SZ,20250718,5.26,5.76,5.26,5.54,5.24,5.7252,871067.04,495521.156
002660.SZ,20250718,9.35,9.39,9.2,9.26,9.35,-0.9626,64228.0,59505.559
002661.SZ,20250718,10.52,10.54,10.37,10.44,10.52,-0.7605,42515.47,44302.175
002662.SZ,20250718,3.56,3.57,3.53,3.56,3.55,0.2817,109289.08,38759.129
002663.SZ,20250718,1.84,1.86,1.82,1.83,1.84,-0.5435,210634.01,38636.697
002664.SZ,20250718,19.55,19.75,19.25,19.52,19.54,-0.1024,147386.0,286532.589
002666.SZ,20250718,5.12,5.15,5.06,5.09,5.12,-0.5859,98179.0,49983.85
002667.SZ,20250718,12.55,12.85,12.47,12.59,12.53,0.4789,96540.0,122107.39
002668.SZ,20250718,9.74,9.78,9.63,9.71,9.74,-0.308,109844.28,106260.909
002669.SZ,20250718,12.7,12.76,12.49,12.6,12.68,-0.6309,160802.37,202776.238
002670.SZ,20250718,14.46,14.54,14.3,14.36,14.53,-1.17,437974.05,631188.539
002671.SZ,20250718,4.78,4.8,4.74,4.78,4.79,-0.2088,80569.0,38442.033
002672.SZ,20250718,4.72,4.73,4.68,4.73,4.7,0.6383,43098.33,20272.468
002673.SZ,20250718,7.97,8.0,7.93,7.95,7.96,-0.1256,305361.2,243082.262
002674.SZ,20250718,10.84,10.86,10.65,10.69,10.84,-1.3838,143152.0,153516.651
002675.SZ,20250718,15.11,15.2,14.86,15.2,15.2,0.0,100340.07,151149.633
002676.SZ,20250718,7.8,7.92,7.73,7.83,7.8,0.3846,214358.5,167475.299
002677.SZ,20250718,7.09,7.09,7.01,7.03,7.06,-0.4249,39500.0,27764.933
002678.SZ,20250718,5.01,5.14,4.98,5.03,5.01,0.3992,97374.9,49036.271
002679.SZ,20250718,9.77,9.77,9.57,9.63,9.65,-0.2073,20941.7,20156.34
002681.SZ,20250718,6.48,6.54,6.35,6.41,6.47,-0.9274,841258.1,538845.527
002682.SZ,20250718,4.72,4.74,4.67,4.71,4.72,-0.2119,165696.5,77875.359
002683.SZ,20250718,37.13,37.77,36.9,37.62,37.13,1.3197,100823.2,376703.082
002685.SZ,20250718,7.3,7.41,7.2,7.27,7.28,-0.1374,344066.0,250686.205
002686.SZ,20250718,6.48,6.53,6.41,6.46,6.52,-0.9202,86133.0,55648.092
002687.SZ,20250718,4.77,4.77,4.69,4.74,4.75,-0.2105,66841.53,31527.916
002688.SZ,20250718,6.94,6.94,6.78,6.8,6.91,-1.5919,294025.0,200891.439
002689.SZ,20250718,4.06,4.13,4.01,4.05,4.05,0.0,282557.11,114640.581
002690.SZ,20250718,16.98,16.99,16.77,16.93,16.92,0.0591,40377.6,68053.097
002691.SZ,20250718,8.23,8.23,8.1,8.18,8.19,-0.1221,38781.0,31571.536
002692.SZ,20250718,4.99,5.0,4.93,4.97,4.98,-0.2008,85669.0,42509.285
002693.SZ,20250718,7.59,7.77,7.49,7.7,7.61,1.1827,145013.0,110293.679
002694.SZ,20250718,4.93,4.95,4.84,4.87,4.91,-0.8147,64150.0,31344.915
002695.SZ,20250718,12.0,12.08,11.72,11.91,11.92,-0.0839,91256.5,108454.182
002696.SZ,20250718,6.36,6.37,6.28,6.3,6.32,-0.3165,91253.02,57533.598
002697.SZ,20250718,5.53,5.56,5.5,5.54,5.54,0.0,197368.3,109186.733
002698.SZ,20250718,16.3,16.35,16.16,16.24,16.29,-0.3069,93898.47,152421.376
002700.SZ,20250718,7.87,7.9,7.73,7.75,7.91,-2.0228,71155.9,55369.392
002701.SZ,20250718,5.66,5.68,5.59,5.62,5.65,-0.531,261582.81,147144.961
002702.SZ,20250718,4.29,4.3,4.22,4.28,4.26,0.4695,108599.5,46188.964
002703.SZ,20250718,12.72,12.83,12.58,12.78,12.72,0.4717,216081.01,274855.242
002705.SZ,20250718,14.81,14.87,14.71,14.86,14.79,0.4733,80015.9,118365.725
002706.SZ,20250718,9.27,9.36,8.99,9.07,9.28,-2.2629,188853.88,171997.93
002707.SZ,20250718,7.67,7.8,7.67,7.77,7.69,1.0403,319156.0,247513.223
002708.SZ,20250718,10.86,10.92,10.76,10.81,10.9,-0.8257,126183.0,136359.294
002709.SZ,20250718,19.5,19.67,19.15,19.33,19.46,-0.668,536994.87,1039747.449
002712.SZ,20250718,5.83,5.93,5.79,5.81,5.82,-0.1718,128880.7,75258.934
002713.SZ,20250718,4.61,4.61,4.55,4.59,4.61,-0.4338,55401.0,25372.229
002714.SZ,20250718,45.33,46.51,45.23,46.04,45.28,1.6784,335232.9,1543184.128
002715.SZ,20250718,18.7,18.84,18.56,18.7,18.78,-0.426,33773.5,63139.452
002716.SZ,20250718,4.59,4.73,4.54,4.65,4.54,2.4229,2891113.25,1339329.527
002717.SZ,20250718,1.78,1.78,1.76,1.76,1.78,-1.1236,383812.28,67777.15
002718.SZ,20250718,16.15,16.27,16.08,16.18,16.13,0.31,10574.59,17090.476
002719.SZ,20250718,9.43,9.5,9.11,9.19,9.31,-1.2889,88008.96,80950.714
002721.SZ,20250718,4.01,4.15,3.94,4.04,4.01,0.7481,2413929.55,973179.862
002722.SZ,20250718,17.51,17.72,17.01,17.18,17.67,-2.7731,178036.43,307353.737
002723.SZ,20250718,7.45,7.56,7.38,7.51,7.42,1.2129,97361.2,72788.645
002724.SZ,20250718,7.94,7.94,7.76,7.83,7.94,-1.3854,203694.0,159193.969
002725.SZ,20250718,14.33,14.5,13.86,13.86,14.54,-4.6768,365139.54,512061.454
002726.SZ,20250718,5.71,5.72,5.69,5.71,5.71,0.0,57126.76,32572.438
002727.SZ,20250718,15.05,15.09,14.44,14.6,15.03,-2.8609,378218.05,553167.366
002728.SZ,20250718,9.27,9.32,9.09,9.2,9.36,-1.7094,370089.63,339299.844
002729.SZ,20250718,15.08,15.1,14.77,14.82,15.08,-1.7241,84902.97,126262.086
002730.SZ,20250718,19.8,19.8,18.68,18.7,19.81,-5.6032,631937.89,1201602.868
002731.SZ,20250718,13.04,13.08,12.86,13.01,13.08,-0.5352,53820.7,69680.334
002732.SZ,20250718,16.89,17.0,16.81,16.97,16.97,0.0,16888.0,28501.398
002733.SZ,20250718,16.75,16.96,16.62,16.72,16.71,0.0598,103129.23,173041.773
002734.SZ,20250718,19.66,19.85,19.48,19.72,19.75,-0.1519,286424.27,562794.036
002735.SZ,20250718,16.6,16.6,15.71,15.85,16.6,-4.5181,538667.53,864183.189
002736.SZ,20250718,12.11,12.48,12.11,12.36,12.07,2.4027,336705.69,415202.01
002737.SZ,20250718,15.74,15.77,15.54,15.67,15.7,-0.1911,83494.8,130265.903
002738.SZ,20250718,32.81,34.36,32.81,33.91,32.56,4.1462,402016.98,1364307.905
002739.SZ,20250718,11.67,11.83,11.56,11.71,11.65,0.515,338068.33,394952.363
002741.SZ,20250718,19.47,19.73,19.17,19.36,19.35,0.0517,310355.99,603030.594
002742.SZ,20250718,5.07,5.11,5.02,5.02,5.06,-0.7905,44455.0,22474.895
002743.SZ,20250718,6.03,6.08,6.0,6.02,6.04,-0.3311,92516.0,55771.157
002745.SZ,20250718,8.28,8.35,8.22,8.26,8.28,-0.2415,220277.82,182495.991
002746.SZ,20250718,6.1,6.14,6.07,6.12,6.1,0.3279,119441.8,72934.182
002747.SZ,20250718,21.12,21.2,20.88,21.14,21.03,0.5231,237594.13,500234.771
002748.SZ,20250718,9.92,9.95,9.79,9.89,9.87,0.2026,29956.0,29547.146
002749.SZ,20250718,15.49,15.53,15.21,15.33,15.35,-0.1303,21365.07,32701.967
002752.SZ,20250718,5.66,5.69,5.61,5.63,5.65,-0.354,71963.75,40533.541
002753.SZ,20250718,7.07,7.11,7.04,7.08,7.07,0.1414,51757.0,36583.855
002755.SZ,20250718,23.99,26.88,23.99,25.81,24.52,5.261,292088.27,738898.4
002756.SZ,20250718,34.04,34.86,33.68,34.14,34.0,0.4118,150328.06,513778.04
002757.SZ,20250718,20.02,20.02,19.57,20.02,18.2,10.0,422749.12,846189.6
002758.SZ,20250718,9.36,9.56,9.33,9.36,9.28,0.8621,71027.25,66808.164
002759.SZ,20250718,9.09,9.28,9.08,9.15,9.06,0.9934,242144.0,221997.017
002760.SZ,20250718,19.55,19.73,19.33,19.6,19.55,0.2558,32554.14,63291.59
002761.SZ,20250718,9.04,9.06,8.99,9.02,9.01,0.111,89629.49,80790.622
002762.SZ,20250718,6.16,6.5,6.05,6.46,6.2,4.1935,132735.43,83081.185
002763.SZ,20250718,7.12,7.14,7.05,7.11,7.1,0.1408,32446.6,22987.764
002765.SZ,20250718,13.1,13.11,12.89,13.01,13.1,-0.687,299246.16,388240.606
002766.SZ,20250718,5.29,5.29,5.23,5.25,5.27,-0.3795,72850.48,38238.209
002767.SZ,20250718,17.91,17.99,17.7,17.99,17.91,0.4467,32560.0,58143.951
002768.SZ,20250718,34.57,35.35,33.7,34.27,34.37,-0.291,116495.54,401482.322
002769.SZ,20250718,8.7,8.75,8.67,8.72,8.7,0.2299,70115.0,61027.527
002771.SZ,20250718,16.32,16.64,16.11,16.46,16.25,1.2923,105227.0,172643.535
002772.SZ,20250718,8.27,8.31,8.22,8.25,8.26,-0.1211,59872.21,49362.203
002773.SZ,20250718,34.71,37.66,34.07,37.31,34.75,7.3669,163045.57,584073.686
002774.SZ,20250718,9.65,9.77,9.42,9.55,9.79,-2.4515,162852.4,155162.482
002775.SZ,20250718,3.83,3.85,3.79,3.8,3.82,-0.5236,74629.88,28462.59
002777.SZ,20250718,19.1,19.27,18.94,19.01,19.0,0.0526,144123.0,274788.711
002779.SZ,20250718,81.11,82.0,79.88,80.2,81.52,-1.6192,58012.13,466882.158
002780.SZ,20250718,13.32,13.41,13.2,13.35,13.32,0.2252,41156.31,54783.899
002782.SZ,20250718,13.47,13.55,13.32,13.37,13.48,-0.816,64387.21,86223.475
002783.SZ,20250718,9.07,9.13,9.03,9.05,9.08,-0.3304,114694.4,104128.453
002785.SZ,20250718,28.2,28.21,27.84,28.03,28.1,-0.2491,27928.0,78161.752
002786.SZ,20250718,9.76,9.77,9.61,9.66,9.71,-0.5149,87345.0,84450.014
002787.SZ,20250718,8.58,8.6,8.45,8.47,8.57,-1.1669,46275.49,39264.917
002788.SZ,20250718,8.6,8.62,8.47,8.59,8.6,-0.1163,39614.96,33795.257
002789.SZ,20250718,8.71,8.74,8.55,8.58,8.57,0.1167,22052.7,19032.666
002790.SZ,20250718,7.51,7.55,7.44,7.49,7.5,-0.1333,26352.36,19698.352
002791.SZ,20250718,21.75,21.8,21.69,21.79,21.73,0.2761,28244.6,61427.455
002792.SZ,20250718,16.0,16.26,15.77,15.98,15.9,0.5031,249017.17,399150.891
002793.SZ,20250718,5.21,5.23,5.08,5.22,5.17,0.9671,334366.8,172364.119
002795.SZ,20250718,5.77,5.8,5.54,5.64,5.77,-2.253,207570.28,117302.184
002796.SZ,20250718,11.74,11.77,11.55,11.64,11.66,-0.1715,49656.75,57756.124
002797.SZ,20250718,7.41,7.44,7.34,7.37,7.41,-0.5398,716797.2,528590.47
002798.SZ,20250718,6.71,6.78,6.61,6.63,6.67,-0.5997,100669.97,67137.002
002799.SZ,20250718,8.3,8.37,8.24,8.24,8.3,-0.7229,46509.4,38517.924
002800.SZ,20250718,13.65,13.68,13.48,13.59,13.59,0.0,32901.0,44663.666
002801.SZ,20250718,34.3,34.5,33.75,33.82,34.38,-1.6289,41272.3,140028.059
002802.SZ,20250718,14.12,14.15,13.96,14.09,14.14,-0.3536,27192.07,38191.434
002803.SZ,20250718,15.68,15.8,15.48,15.6,15.63,-0.1919,179176.45,279714.35
002805.SZ,20250718,13.2,13.4,13.08,13.15,13.06,0.6891,103136.6,136319.787
002806.SZ,20250718,12.16,12.37,12.08,12.28,12.16,0.9868,96755.84,118212.266
002807.SZ,20250718,4.89,4.92,4.86,4.89,4.9,-0.2041,198148.8,96931.773
002808.SZ,20250718,5.81,5.86,5.71,5.86,5.58,5.0179,52475.79,30542.019
002809.SZ,20250718,12.21,12.37,12.07,12.25,12.36,-0.89,109068.0,132765.876
002810.SZ,20250718,12.89,12.95,12.85,12.95,12.9,0.3876,58788.94,75873.378
002811.SZ,20250718,10.45,10.47,10.3,10.35,10.44,-0.8621,60011.5,62131.473
002812.SZ,20250718,29.17,29.57,28.96,29.13,29.12,0.0343,154504.14,452165.367
002813.SZ,20250718,23.23,23.44,23.06,23.35,23.23,0.5166,23708.0,55080.277
002815.SZ,20250718,12.05,12.19,11.8,11.83,11.95,-1.0042,195920.0,234037.936
002816.SZ,20250718,18.09,18.35,17.96,18.29,18.02,1.4983,28350.0,51501.968
002817.SZ,20250718,7.81,7.84,7.7,7.81,7.81,0.0,42917.99,33290.05
002818.SZ,20250718,12.5,12.51,12.42,12.5,12.45,0.4016,18574.6,23146.171
002819.SZ,20250718,29.94,29.94,29.19,29.55,29.76,-0.7056,94818.9,279326.87
002820.SZ,20250718,11.11,11.17,11.01,11.09,11.12,-0.2698,54003.0,59746.606
002821.SZ,20250718,97.4,98.77,96.4,98.31,97.4,0.9343,78040.4,761231.141
002822.SZ,20250718,3.55,3.55,3.48,3.5,3.55,-1.4085,66885.76,23469.017
002823.SZ,20250718,14.74,14.79,14.53,14.79,14.77,0.1354,89686.94,131582.721
002824.SZ,20250718,16.8,16.92,16.68,16.84,16.81,0.1785,56262.6,94509.606
002825.SZ,20250718,10.61,10.63,10.48,10.59,10.58,0.0945,54428.53,57438.435
002826.SZ,20250718,18.08,18.41,17.88,18.41,18.18,1.2651,92394.74,166979.718
002827.SZ,20250718,39.99,40.32,37.8,38.59,39.99,-3.5009,171507.0,667525.185
002828.SZ,20250718,10.21,10.33,10.16,10.23,10.19,0.3925,139976.0,142920.831
002829.SZ,20250718,20.62,20.92,20.5,20.74,20.61,0.6308,72516.6,150090.888
002830.SZ,20250718,15.33,15.42,15.15,15.32,15.33,-0.0652,13921.0,21260.129
002831.SZ,20250718,24.3,24.48,24.15,24.45,24.41,0.1639,28989.0,70570.474
002832.SZ,20250718,16.19,16.22,16.12,16.19,16.17,0.1237,41857.65,67594.526
002833.SZ,20250718,16.4,16.43,16.26,16.34,16.39,-0.3051,42692.38,69635.956
002835.SZ,20250718,18.35,18.48,18.15,18.3,18.29,0.0547,40139.42,73465.006
002836.SZ,20250718,9.78,9.88,9.71,9.8,9.77,0.3071,22563.72,22049.171
002837.SZ,20250718,33.5,34.42,32.93,34.15,33.16,2.9855,347374.32,1173741.998
002838.SZ,20250718,21.8,23.38,21.15,22.41,21.33,5.0633,300834.77,667214.847
002839.SZ,20250718,4.67,4.72,4.65,4.7,4.67,0.6424,339234.81,159217.286
002840.SZ,20250718,10.55,10.55,10.48,10.51,10.54,-0.2846,54859.66,57630.715
002841.SZ,20250718,34.76,35.13,34.6,34.93,34.69,0.6918,38525.74,134369.878
002842.SZ,20250718,8.75,9.3,8.73,9.08,8.74,3.8902,403070.67,362846.528
002843.SZ,20250718,20.92,21.16,20.64,21.05,20.93,0.5733,88551.5,185153.074
002845.SZ,20250718,15.0,15.04,14.75,14.82,15.0,-1.2,55295.4,82074.564
002846.SZ,20250718,15.8,16.72,15.77,16.55,15.72,5.2799,493220.47,802511.187
002847.SZ,20250718,75.06,75.63,73.7,74.69,75.4,-0.9416,16937.6,125815.528
002848.SZ,20250718,7.63,7.69,7.52,7.66,7.63,0.3932,27396.0,20840.458
002849.SZ,20250718,15.08,15.1,14.85,14.94,15.08,-0.9284,52637.87,78716.376
002850.SZ,20250718,119.48,120.75,117.85,120.0,120.25,-0.2079,43392.96,517398.1
002851.SZ,20250718,58.38,58.38,57.51,58.38,53.07,10.0057,445968.92,2600252.238
002852.SZ,20250718,11.32,11.35,11.07,11.17,11.27,-0.8873,171261.35,191763.922
002853.SZ,20250718,13.5,13.5,13.28,13.33,13.36,-0.2246,23053.0,30801.614
002855.SZ,20250718,18.2,18.29,18.0,18.04,18.2,-0.8791,23870.0,43156.157
002856.SZ,20250718,11.31,11.4,11.11,11.24,11.27,-0.2662,29082.0,32638.797
002857.SZ,20250718,24.77,25.25,24.0,24.94,24.77,0.6863,56462.0,138419.136
002858.SZ,20250718,13.16,14.19,13.16,13.54,13.22,2.4206,239806.4,328908.505
002859.SZ,20250718,20.75,20.93,20.59,20.9,20.74,0.7715,48472.1,100774.332
002860.SZ,20250718,13.35,13.45,13.09,13.21,13.33,-0.9002,152670.2,202249.625
002861.SZ,20250718,14.63,14.68,14.37,14.43,14.61,-1.232,59166.66,85749.238
002862.SZ,20250718,18.92,19.55,18.65,19.13,18.83,1.5932,122144.9,233722.357
002863.SZ,20250718,5.3,5.31,5.22,5.26,5.26,0.0,75668.65,39705.057
002864.SZ,20250718,29.89,29.9,29.37,29.69,29.81,-0.4025,30025.74,88764.162
002865.SZ,20250718,43.86,44.58,42.58,42.76,44.01,-2.8403,123238.62,532765.937
002866.SZ,20250718,18.53,19.03,18.32,18.34,18.44,-0.5423,124944.0,232438.458
002867.SZ,20250718,13.16,13.17,13.1,13.16,13.17,-0.0759,37931.25,49798.442
002868.SZ,20250718,23.55,23.84,23.38,23.72,23.51,0.8932,5523.7,13017.711
002869.SZ,20250718,24.29,24.5,23.97,24.35,24.25,0.4124,50114.0,121007.065
002870.SZ,20250718,33.7,34.58,33.7,33.96,33.91,0.1474,40141.0,136846.582
002871.SZ,20250718,10.64,10.64,10.47,10.55,10.6,-0.4717,41724.36,43858.478
002872.SZ,20250718,4.63,4.67,4.58,4.65,4.64,0.2155,23253.0,10754.068
002873.SZ,20250718,10.4,10.47,10.2,10.44,10.39,0.4812,119585.12,123214.74
002875.SZ,20250718,16.08,16.2,15.75,15.87,16.05,-1.1215,51902.0,82933.397
002876.SZ,20250718,25.43,25.6,25.07,25.18,25.44,-1.022,30395.58,76694.778
002877.SZ,20250718,8.52,8.56,8.44,8.51,8.51,0.0,42812.27,36393.482
002878.SZ,20250718,19.1,19.2,18.8,18.85,19.07,-1.1536,118838.67,224830.29
002879.SZ,20250718,15.43,15.49,15.3,15.38,15.43,-0.324,17794.0,27327.651
002880.SZ,20250718,29.27,29.56,29.01,29.49,29.3,0.6485,15738.8,46121.729
002881.SZ,20250718,45.96,46.5,45.51,45.73,45.81,-0.1746,80217.72,367841.797
002882.SZ,20250718,32.79,35.5,32.61,34.82,32.7,6.4832,421558.44,1442371.546
002883.SZ,20250718,11.53,11.55,11.4,11.46,11.5,-0.3478,41454.96,47472.881
002884.SZ,20250718,16.05,16.09,15.97,16.06,16.05,0.0623,23144.69,37047.306
002885.SZ,20250718,14.7,14.71,14.33,14.44,14.57,-0.8922,92121.92,133212.686
002886.SZ,20250718,19.43,19.5,19.21,19.27,19.45,-0.9254,75133.6,144884.458
002887.SZ,20250718,8.31,8.35,8.25,8.32,8.32,0.0,33110.45,27435.586
002888.SZ,20250718,18.76,18.76,18.5,18.72,18.68,0.2141,15833.0,29481.568
002889.SZ,20250718,15.18,15.4,15.02,15.38,15.15,1.5182,78932.04,120030.064
002890.SZ,20250718,13.46,13.53,13.3,13.44,13.43,0.0745,14669.5,19655.746
002891.SZ,20250718,54.17,55.47,53.99,54.54,54.52,0.0367,75461.67,412455.945
002892.SZ,20250718,14.23,14.32,14.03,14.12,14.19,-0.4933,180795.68,255538.311
002893.SZ,20250718,10.94,10.99,10.89,10.97,10.92,0.4579,41053.38,44868.02
002895.SZ,20250718,24.04,25.48,24.04,24.99,24.02,4.0383,179521.01,447671.046
002896.SZ,20250718,76.2,81.45,74.88,80.25,76.4,5.0393,370639.56,2905350.793
002897.SZ,20250718,38.99,39.55,38.85,39.15,38.86,0.7463,86939.77,340779.546
002898.SZ,20250718,13.47,14.02,13.35,13.85,13.46,2.8975,36728.67,50325.683
002899.SZ,20250718,23.18,23.38,22.39,22.85,23.25,-1.7204,87369.51,198870.123
002900.SZ,20250718,16.53,16.61,15.9,16.13,16.2,-0.4321,287021.15,463050.419
002901.SZ,20250718,41.71,42.45,41.13,42.43,41.72,1.7018,50832.85,213509.251
002902.SZ,20250718,21.5,21.68,21.1,21.2,21.41,-0.9809,181262.5,387320.757
002903.SZ,20250718,21.0,22.1,20.9,21.97,20.98,4.7188,212260.5,462553.314
002905.SZ,20250718,9.35,9.46,9.15,9.18,9.25,-0.7568,56037.58,51820.558
002906.SZ,20250718,31.15,31.2,30.6,30.84,31.08,-0.7722,77511.12,238919.062
002907.SZ,20250718,17.26,17.39,16.98,17.36,17.4,-0.2299,134366.01,231025.478
002908.SZ,20250718,11.4,11.48,11.18,11.25,11.45,-1.7467,373240.68,420968.146
002909.SZ,20250718,6.24,6.27,6.12,6.14,6.24,-1.6026,126094.0,77679.793
002910.SZ,20250718,10.27,10.43,9.68,9.94,10.57,-5.9603,371287.5,369972.216
002911.SZ,20250718,10.63,10.63,10.39,10.49,10.61,-1.131,53538.37,56121.643
002912.SZ,20250718,26.59,27.92,26.22,27.28,26.64,2.4024,163712.03,442240.464
002913.SZ,20250718,35.3,37.18,34.95,35.26,35.09,0.4845,121499.0,435096.33
002915.SZ,20250718,19.89,20.0,19.41,19.53,19.84,-1.5625,316729.98,621137.295
002916.SZ,20250718,133.29,136.5,130.0,131.6,130.9,0.5348,151871.02,2023194.124
002917.SZ,20250718,14.19,14.21,13.99,14.09,14.16,-0.4944,68801.0,96862.907
002918.SZ,20250718,8.64,8.69,8.6,8.65,8.65,0.0,26815.7,23165.506
002919.SZ,20250718,16.27,16.36,16.15,16.2,16.29,-0.5525,30665.78,49702.857
002920.SZ,20250718,104.06,105.49,103.01,103.4,103.85,-0.4333,40230.63,418163.596
002921.SZ,20250718,15.71,15.8,15.24,15.46,15.54,-0.5148,121012.5,187760.496
002922.SZ,20250718,16.42,16.48,16.28,16.34,16.4,-0.3659,83391.7,136388.298
002923.SZ,20250718,13.83,13.95,13.3,13.62,13.57,0.3685,277823.81,375487.936
002925.SZ,20250718,17.2,17.23,16.9,17.04,17.1,-0.3509,53307.8,90627.103
002926.SZ,20250718,9.86,9.86,9.75,9.79,9.86,-0.7099,573537.4,561565.534
002927.SZ,20250718,15.65,15.68,15.25,15.34,15.6,-1.6667,110677.45,169991.344
002928.SZ,20250718,8.68,8.73,8.53,8.56,8.7,-1.6092,132126.93,113465.491
002929.SZ,20250718,46.84,47.5,46.33,46.39,46.72,-0.7063,122237.0,571638.165
002930.SZ,20250718,11.35,11.44,11.22,11.29,11.36,-0.6162,103117.58,116558.11
002931.SZ,20250718,15.9,15.95,15.58,15.67,15.87,-1.2602,55763.0,87533.443
002932.SZ,20250718,21.2,21.45,20.85,20.91,21.12,-0.9943,26053.44,54708.25
002933.SZ,20250718,35.9,36.25,35.5,35.99,36.09,-0.2771,61181.85,219649.152
002935.SZ,20250718,15.85,16.04,15.73,15.95,15.88,0.4408,62812.59,99789.526
002936.SZ,20250718,2.16,2.17,2.15,2.16,2.15,0.4651,1255645.1,271241.865
002937.SZ,20250718,17.11,17.17,16.96,17.02,17.08,-0.3513,49551.0,84514.842
002938.SZ,20250718,46.86,48.88,46.17,47.46,45.94,3.3087,685877.99,3251373.833
002939.SZ,20250718,8.87,8.88,8.78,8.82,8.83,-0.1133,231906.16,204751.36
002940.SZ,20250718,44.99,49.6,43.36,49.6,45.09,10.0022,162343.75,763655.957
002941.SZ,20250718,11.54,11.57,11.46,11.51,11.53,-0.1735,77119.5,88744.95
002942.SZ,20250718,17.35,17.35,17.1,17.29,17.22,0.4065,14786.3,25421.83
002943.SZ,20250718,26.98,27.35,26.85,27.0,26.99,0.0371,21336.77,57735.269
002945.SZ,20250718,14.9,14.95,14.79,14.84,14.89,-0.3358,69325.08,103012.795
002946.SZ,20250718,17.21,17.21,16.43,16.59,17.21,-3.6026,108752.09,181118.899
002947.SZ,20250718,34.85,34.89,33.61,33.67,34.65,-2.8283,108165.63,367878.757
002948.SZ,20250718,4.98,5.01,4.96,5.01,4.98,0.6024,211130.05,105404.638
002949.SZ,20250718,13.9,13.96,13.68,13.79,13.88,-0.6484,39197.0,53957.223
002950.SZ,20250718,9.05,9.08,8.9,9.04,9.04,0.0,46743.5,41960.203
002951.SZ,20250718,18.02,18.65,17.39,17.52,18.21,-3.7891,264151.06,471926.025
002952.SZ,20250718,21.1,21.18,20.68,20.84,21.02,-0.8563,25184.25,52535.291
002953.SZ,20250718,10.69,10.71,10.52,10.6,10.67,-0.656,53277.86,56375.541
002955.SZ,20250718,25.6,25.66,25.11,25.19,25.33,-0.5527,38814.5,98207.226
002956.SZ,20250718,21.85,22.06,21.4,21.67,21.85,-0.8238,22158.6,48156.245
002957.SZ,20250718,16.96,17.73,16.91,17.18,16.82,2.1403,191070.55,330411.831
002958.SZ,20250718,3.68,3.69,3.65,3.68,3.67,0.2725,650822.49,239131.07
002959.SZ,20250718,47.3,47.5,46.82,47.47,47.41,0.1266,13781.57,64949.735
002960.SZ,20250718,10.0,10.05,9.99,10.03,10.01,0.1998,49452.11,49534.351
002961.SZ,20250718,23.8,23.8,22.63,22.78,24.01,-5.1229,233987.27,538509.218
002962.SZ,20250718,15.07,15.19,14.94,15.01,15.07,-0.3981,44637.72,67122.254
002963.SZ,20250718,13.06,13.1,12.86,12.94,12.98,-0.3082,15587.0,20189.001
002965.SZ,20250718,36.64,36.75,35.55,35.75,36.43,-1.8666,130393.1,467749.609
002966.SZ,20250718,9.01,9.08,8.96,9.08,8.99,1.0011,236912.33,214127.603
002967.SZ,20250718,18.0,18.14,17.98,18.1,17.99,0.6115,57012.73,102967.336
002968.SZ,20250718,10.66,10.67,10.53,10.62,10.66,-0.3752,27277.0,28886.799
002969.SZ,20250718,3.56,3.57,3.52,3.54,3.55,-0.2817,133757.0,47364.927
002970.SZ,20250718,47.63,47.87,47.08,47.3,47.55,-0.5258,24220.43,114521.872
002971.SZ,20250718,24.74,24.75,24.11,24.57,24.71,-0.5666,25891.6,63105.762
002972.SZ,20250718,12.31,12.71,11.97,12.43,12.24,1.5523,98111.7,121077.903
002973.SZ,20250718,13.79,13.79,13.52,13.72,13.75,-0.2182,39455.0,53827.874
002975.SZ,20250718,35.3,35.45,34.71,34.81,35.4,-1.6667,22494.4,78665.307
002976.SZ,20250718,25.63,25.75,25.3,25.67,25.63,0.1561,28600.8,72941.159
002977.SZ,20250718,36.31,36.53,35.81,36.4,36.2,0.5525,33917.6,122902.711
002978.SZ,20250718,29.78,30.47,29.7,30.1,29.88,0.7363,104337.88,313425.599
002979.SZ,20250718,44.0,44.0,43.12,43.37,43.96,-1.3421,88738.45,385754.647
002980.SZ,20250718,20.64,20.66,20.35,20.51,20.6,-0.4369,39654.47,81113.675
002981.SZ,20250718,26.6,26.62,26.16,26.29,26.46,-0.6425,25265.8,66445.623
002982.SZ,20250718,15.26,15.29,15.17,15.27,15.26,0.0655,32190.81,49005.521
002983.SZ,20250718,20.88,21.15,20.69,20.9,20.84,0.2879,19943.99,41610.256
002984.SZ,20250718,19.27,19.33,19.23,19.32,19.3,0.1036,122413.2,236070.104
002985.SZ,20250718,29.21,29.43,29.0,29.33,29.21,0.4108,36328.21,106214.685
002986.SZ,20250718,10.88,10.95,10.86,10.94,10.88,0.5515,22548.2,24578.828
002987.SZ,20250718,22.1,22.3,21.8,21.99,22.06,-0.3173,559066.96,1233315.913
002988.SZ,20250718,48.7,48.7,47.1,47.73,48.71,-2.0119,51984.91,248419.823
002989.SZ,20250718,32.8,32.95,32.0,32.06,32.71,-1.9872,42954.63,139176.702
002990.SZ,20250718,33.67,34.16,32.69,33.05,33.48,-1.2843,115559.5,383719.169
002991.SZ,20250718,57.63,57.64,57.3,57.48,57.59,-0.191,7072.0,40605.491
002992.SZ,20250718,59.84,60.99,59.66,60.6,59.83,1.287,24067.5,145524.463
002993.SZ,20250718,39.95,40.01,38.72,38.95,39.77,-2.0619,56017.98,218960.041
002995.SZ,20250718,20.69,20.88,19.89,20.28,20.58,-1.4577,174814.55,353423.631
002996.SZ,20250718,7.6,7.73,7.6,7.68,7.59,1.1858,198762.29,152298.105
002997.SZ,20250718,39.6,41.5,39.48,41.04,39.28,4.4807,121318.35,494886.577
002998.SZ,20250718,7.47,7.53,7.39,7.42,7.47,-0.6693,33649.0,25060.086
002999.SZ,20250718,7.08,7.11,7.03,7.07,7.08,-0.1412,36584.0,25840.054
003000.SZ,20250718,12.6,12.62,12.51,12.59,12.6,-0.0794,58028.0,72922.308
003001.SZ,20250718,28.67,29.44,27.11,27.94,28.66,-2.5122,115659.34,325394.128
003002.SZ,20250718,26.85,27.25,25.85,26.0,26.85,-3.1657,54825.0,144094.91
003003.SZ,20250718,13.21,13.27,12.75,12.79,13.15,-2.7376,177222.06,228918.313
003004.SZ,20250718,18.44,18.55,18.15,18.21,18.77,-2.9835,21331.0,39133.36
003005.SZ,20250718,21.46,22.48,21.29,21.71,21.36,1.6386,176592.96,384662.707
003006.SZ,20250718,24.9,25.44,24.8,25.0,24.89,0.4419,43454.5,108477.724
003007.SZ,20250718,31.52,34.31,30.9,34.31,31.19,10.0032,90277.81,294479.598
003008.SZ,20250718,21.78,22.05,21.62,22.0,21.74,1.196,13795.8,30142.39
003009.SZ,20250718,47.16,47.89,47.0,47.56,47.34,0.4647,41122.9,195260.753
003010.SZ,20250718,52.3,52.49,50.76,51.32,52.3,-1.8738,65403.28,336571.334
003011.SZ,20250718,19.0,19.04,18.68,18.84,18.84,0.0,18909.0,35561.473
003012.SZ,20250718,5.84,5.85,5.79,5.83,5.81,0.3442,43128.7,25104.251
003013.SZ,20250718,14.65,14.66,14.56,14.66,14.64,0.1366,11196.0,16362.429
003015.SZ,20250718,16.96,17.34,16.76,16.94,17.02,-0.47,185887.0,315763.473
003016.SZ,20250718,8.19,8.44,8.13,8.43,8.15,3.4356,68365.0,56923.217
003017.SZ,20250718,27.79,27.86,27.06,27.25,27.75,-1.8018,42188.6,115174.007
003018.SZ,20250718,12.69,12.75,12.43,12.49,12.67,-1.4207,29501.0,36937.435
003019.SZ,20250718,32.26,32.49,31.0,31.29,32.26,-3.0068,74051.88,233153.653
003020.SZ,20250718,24.11,24.27,23.48,24.21,24.22,-0.0413,75052.74,178977.891
003021.SZ,20250718,114.7,115.9,112.88,114.18,114.85,-0.5834,70158.31,800247.517
003022.SZ,20250718,15.92,16.05,15.83,15.97,15.84,0.8207,48395.9,77089.011
003023.SZ,20250718,20.3,20.36,19.77,19.89,20.27,-1.8747,25600.0,50952.091
003025.SZ,20250718,13.88,13.92,13.75,13.86,13.88,-0.1441,27298.2,37741.665
003026.SZ,20250718,36.05,36.51,35.72,35.76,36.23,-1.2973,39393.4,141872.73
003027.SZ,20250718,18.59,18.68,18.32,18.48,18.63,-0.8052,41457.35,76409.535
003028.SZ,20250718,31.5,31.6,31.17,31.43,31.47,-0.1271,10763.2,33750.07
003029.SZ,20250718,29.78,30.3,28.66,28.67,30.08,-4.6875,206257.25,602174.009
003030.SZ,20250718,19.25,19.43,18.89,19.05,19.13,-0.4182,23146.25,44103.805
003031.SZ,20250718,51.96,52.38,51.55,52.12,51.94,0.3466,28870.47,149830.876
003032.SZ,20250718,6.72,6.84,6.7,6.74,6.73,0.1486,42654.0,28770.276
003033.SZ,20250718,43.49,43.6,42.42,42.82,43.5,-1.5632,20504.0,87719.238
003035.SZ,20250718,4.72,4.73,4.69,4.72,4.72,0.0,138640.0,65349.714
003036.SZ,20250718,16.68,17.2,16.34,16.81,16.77,0.2385,71652.65,119610.8
003037.SZ,20250718,8.84,9.08,8.63,8.72,8.84,-1.3575,523516.41,460535.452
003038.SZ,20250718,18.22,18.28,17.91,18.02,18.22,-1.0977,32574.8,58884.775
003039.SZ,20250718,13.95,14.09,13.9,14.01,13.93,0.5743,33534.0,46946.133
003040.SZ,20250718,27.1,27.65,25.8,26.02,27.51,-5.4162,803704.37,2134719.62
003041.SZ,20250718,28.09,29.15,27.9,28.33,28.02,1.1064,20785.82,58911.038
003042.SZ,20250718,16.78,16.93,16.69,16.86,16.75,0.6567,24509.3,41207.904
003043.SZ,20250718,42.0,42.19,41.59,41.9,41.84,0.1434,17085.17,71476.159
003816.SZ,20250718,3.66,3.7,3.65,3.69,3.66,0.8197,1486623.92,546671.576
300001.SZ,20250718,23.81,23.82,23.32,23.38,23.81,-1.806,190412.0,447077.615
300002.SZ,20250718,12.69,12.94,12.64,12.69,12.65,0.3162,601949.58,770326.951
300003.SZ,20250718,15.03,15.1,14.79,14.97,15.03,-0.3992,324747.47,483697.498
300004.SZ,20250718,8.45,8.54,8.38,8.47,8.44,0.3555,121154.07,102225.117
300005.SZ,20250718,8.59,8.72,8.48,8.53,8.59,-0.6985,225940.0,193325.181
300006.SZ,20250718,4.82,5.12,4.64,5.06,4.98,1.6064,1692620.43,828085.81
300007.SZ,20250718,43.8,43.99,42.84,42.91,43.72,-1.8527,268622.8,1161345.691
300008.SZ,20250718,7.05,7.09,7.0,7.01,7.08,-0.9887,824441.7,579407.281
300009.SZ,20250718,9.7,9.8,9.51,9.6,9.83,-2.3398,578044.96,553162.144
300010.SZ,20250718,9.32,9.6,9.03,9.07,9.25,-1.9459,1597747.24,1483317.913
300011.SZ,20250718,7.7,7.73,7.6,7.64,7.7,-0.7792,81756.02,62474.936
300012.SZ,20250718,12.11,12.25,12.07,12.23,12.09,1.158,281825.76,342280.933
300013.SZ,20250718,4.08,4.1,4.04,4.06,4.08,-0.4902,118758.5,48270.057
300014.SZ,20250718,45.05,46.23,45.05,45.6,45.0,1.3333,386724.51,1770731.017
300015.SZ,20250718,12.48,12.53,12.42,12.51,12.49,0.1601,536249.68,668769.261
300016.SZ,20250718,9.01,9.06,8.74,9.0,9.07,-0.7718,452826.9,401342.144
300017.SZ,20250718,10.78,10.89,10.71,10.77,10.75,0.186,649032.34,700066.965
300018.SZ,20250718,8.26,8.29,8.13,8.21,8.26,-0.6053,107558.0,88010.923
300019.SZ,20250718,22.47,22.86,22.03,22.15,22.37,-0.9835,292298.77,654539.901
300020.SZ,20250718,4.04,4.06,4.0,4.01,4.03,-0.4963,130075.01,52404.672
300021.SZ,20250718,4.7,4.71,4.66,4.69,4.7,-0.2128,147719.0,69215.027
300022.SZ,20250718,9.01,9.15,8.87,8.92,9.05,-1.4365,161910.01,145170.395
300024.SZ,20250718,17.29,17.32,17.1,17.2,17.22,-0.1161,238815.6,410312.588
300025.SZ,20250718,7.01,7.02,6.89,6.9,7.01,-1.5692,156053.0,108069.363
300026.SZ,20250718,4.05,4.06,3.98,4.05,4.06,-0.2463,534817.89,214675.17
300027.SZ,20250718,2.75,2.8,2.73,2.77,2.75,0.7273,948073.85,262055.957
300029.SZ,20250718,5.18,5.37,5.16,5.3,5.17,2.5145,30838.0,16301.263
300030.SZ,20250718,7.94,7.99,7.82,7.96,7.99,-0.3755,141708.0,111857.362
300031.SZ,20250718,24.22,24.38,23.85,23.98,24.2,-0.9091,149748.16,360507.699
300032.SZ,20250718,5.4,5.48,5.32,5.36,5.41,-0.9242,237775.0,127967.44
300033.SZ,20250718,275.12,279.66,274.01,275.09,275.0,0.0327,70894.17,1959788.266
300034.SZ,20250718,16.43,16.75,16.37,16.7,16.47,1.3965,175857.57,291293.79
300035.SZ,20250718,17.1,17.35,16.86,16.98,17.01,-0.1764,366731.0,626708.59
300036.SZ,20250718,15.29,15.62,15.23,15.44,15.17,1.7798,182817.38,282971.728
300037.SZ,20250718,33.5,33.92,33.23,33.46,33.55,-0.2683,64552.27,216778.561
300039.SZ,20250718,6.5,6.54,6.38,6.48,6.48,0.0,296792.11,190793.943
300040.SZ,20250718,7.75,7.77,7.6,7.76,7.74,0.2584,444026.97,341042.529
300041.SZ,20250718,9.66,10.45,9.66,10.23,9.7,5.4639,628155.15,636820.629
300042.SZ,20250718,24.0,25.5,23.6,24.97,23.83,4.7839,303656.54,751355.852
300043.SZ,20250718,4.64,4.66,4.55,4.58,4.64,-1.2931,614558.99,281907.542
300044.SZ,20250718,4.26,4.67,4.26,4.47,4.21,6.1758,792661.11,355049.375
300045.SZ,20250718,18.9,18.93,18.64,18.75,18.84,-0.4777,100359.0,188166.679
300046.SZ,20250718,42.28,43.62,41.58,43.37,42.75,1.4503,372772.65,1584458.851
300047.SZ,20250718,16.12,16.47,15.79,16.35,16.04,1.9327,796702.4,1289020.914
300048.SZ,20250718,6.22,6.26,6.13,6.25,6.22,0.4823,221510.42,137217.502
300049.SZ,20250718,40.38,40.95,40.1,40.56,40.6,-0.0985,86225.0,349392.62
300050.SZ,20250718,5.69,5.74,5.65,5.7,5.7,0.0,129932.0,74034.964
300051.SZ,20250718,7.35,7.99,7.32,7.7,7.7,0.0,768089.81,590692.794
300052.SZ,20250718,10.57,10.61,10.37,10.41,10.54,-1.2334,72522.0,75980.351
300053.SZ,20250718,12.96,13.03,12.84,12.94,12.95,-0.0772,124686.0,161032.234
300054.SZ,20250718,28.46,29.09,28.13,28.99,28.4,2.0775,158081.0,452000.806
300055.SZ,20250718,6.0,6.49,6.0,6.3,6.0,5.0,481377.12,302238.215
300056.SZ,20250718,13.71,13.88,13.49,13.7,13.7,0.0,84305.04,115448.412
300057.SZ,20250718,5.59,5.75,5.59,5.64,5.59,0.8945,306297.33,173561.832
300058.SZ,20250718,6.74,6.81,6.61,6.62,6.67,-0.7496,1469757.91,982813.179
300059.SZ,20250718,23.6,23.7,23.39,23.52,23.6,-0.339,2630520.35,6194386.61
300061.SZ,20250718,13.22,13.29,13.03,13.19,13.22,-0.2269,191799.0,251752.201
300062.SZ,20250718,5.49,5.52,5.45,5.51,5.5,0.1818,96233.6,52791.45
300063.SZ,20250718,8.6,8.71,8.46,8.53,8.57,-0.4667,255636.5,218741.178
300065.SZ,20250718,17.89,18.58,17.85,18.57,17.9,3.743,962281.57,1763111.265
300066.SZ,20250718,6.31,6.84,6.12,6.51,6.3,3.3333,2662168.03,1719851.307
300067.SZ,20250718,5.59,5.67,5.55,5.57,5.55,0.3604,508129.49,284690.941
300068.SZ,20250718,15.07,15.34,15.06,15.12,15.08,0.2653,320089.54,486003.213
300069.SZ,20250718,20.29,20.3,19.95,20.27,20.17,0.4958,46158.0,92914.873
300070.SZ,20250718,4.52,4.54,4.5,4.52,4.51,0.2217,262840.6,118650.358
300071.SZ,20250718,5.19,5.23,5.06,5.08,5.12,-0.7813,423662.47,216905.443
300072.SZ,20250718,3.52,3.64,3.48,3.55,3.53,0.5666,446811.81,158977.381
300073.SZ,20250718,42.54,43.28,42.5,42.56,42.54,0.047,161180.0,690831.728
300074.SZ,20250718,5.06,5.15,5.04,5.11,5.06,0.9881,197384.17,100491.076
300075.SZ,20250718,17.85,17.97,17.68,17.75,17.85,-0.5602,149226.3,265661.828
300076.SZ,20250718,6.45,6.5,6.38,6.44,6.45,-0.155,78823.0,50656.674
300077.SZ,20250718,25.49,25.78,25.11,25.43,25.54,-0.4307,263226.15,668824.735
300078.SZ,20250718,4.0,4.13,3.95,3.98,3.99,-0.2506,507843.0,203699.543
300079.SZ,20250718,5.92,5.94,5.85,5.87,5.91,-0.6768,345461.0,203214.39
300080.SZ,20250718,4.26,4.37,4.26,4.29,4.26,0.7042,189792.0,81590.03
300081.SZ,20250718,7.06,7.14,6.98,6.99,7.05,-0.8511,166565.0,117140.026
300082.SZ,20250718,7.26,7.42,7.26,7.33,7.25,1.1034,135238.02,99347.185
300083.SZ,20250718,8.5,8.54,8.39,8.46,8.5,-0.4706,455376.79,384722.347
300084.SZ,20250718,8.59,8.65,8.52,8.59,8.57,0.2334,151093.0,129534.207
300085.SZ,20250718,42.22,42.65,41.81,42.04,42.41,-0.8724,228347.76,962840.322
300086.SZ,20250718,5.98,6.12,5.91,6.07,5.95,2.0168,395481.57,236685.915
300087.SZ,20250718,9.03,9.1,9.02,9.07,9.03,0.443,148462.22,134529.626
300088.SZ,20250718,6.09,6.12,6.02,6.06,6.09,-0.4926,309067.0,187319.201
300091.SZ,20250718,2.79,2.91,2.72,2.89,2.9,-0.3448,821013.98,231043.148
300092.SZ,20250718,12.75,12.84,12.62,12.8,12.75,0.3922,87457.04,111308.986
300093.SZ,20250718,12.28,12.55,12.27,12.49,12.23,2.1259,36703.0,45624.375
300094.SZ,20250718,3.91,4.02,3.89,3.98,3.9,2.0513,1055375.0,417651.698
300095.SZ,20250718,9.99,10.5,9.73,10.22,9.91,3.1282,682325.0,691336.467
300096.SZ,20250718,4.2,4.31,4.18,4.24,4.18,1.4354,113959.0,48301.155
300097.SZ,20250718,5.18,5.2,5.09,5.1,5.2,-1.9231,52352.03,26872.346
300098.SZ,20250718,5.09,5.11,5.03,5.07,5.09,-0.3929,261474.74,132387.301
300099.SZ,20250718,7.18,7.3,7.09,7.25,7.18,0.9749,246392.22,177932.261
300100.SZ,20250718,46.57,47.25,45.75,45.9,46.2,-0.6494,264456.8,1224146.045
300101.SZ,20250718,22.23,22.55,21.94,22.07,22.29,-0.987,83471.1,184790.748
300102.SZ,20250718,11.63,11.75,11.51,11.65,11.71,-0.5124,183348.67,212811.746
300103.SZ,20250718,6.71,6.81,6.6,6.7,6.68,0.2994,78755.01,52660.374
300105.SZ,20250718,7.62,7.64,7.54,7.63,7.59,0.527,134889.0,102202.562
300106.SZ,20250718,10.92,11.07,10.89,10.99,11.08,-0.8123,107493.0,117649.977
300107.SZ,20250718,7.9,8.03,7.89,7.95,7.98,-0.3759,145458.56,115638.211
300109.SZ,20250718,17.02,17.08,16.69,16.9,17.01,-0.6467,137381.5,230992.271
300110.SZ,20250718,3.48,3.49,3.4,3.46,3.48,-0.5747,221218.8,75919.584
300111.SZ,20250718,3.44,3.45,3.37,3.41,3.44,-0.8721,219081.0,74323.33
300112.SZ,20250718,9.24,9.28,9.14,9.23,9.22,0.1085,39492.0,36319.027
300113.SZ,20250718,20.36,20.47,20.05,20.13,20.29,-0.7886,200658.13,406464.905
300115.SZ,20250718,21.75,21.88,21.18,21.31,21.68,-1.7066,578526.9,1238236.772
300118.SZ,20250718,10.51,10.67,10.27,10.32,10.5,-1.7143,411511.12,427921.279
300119.SZ,20250718,21.7,21.85,21.05,21.52,21.85,-1.5103,167456.58,357814.915
300120.SZ,20250718,9.05,9.06,8.82,8.88,9.05,-1.8785,201475.77,179575.059
300121.SZ,20250718,14.53,14.75,14.3,14.65,14.51,0.9649,156103.0,226094.654
300122.SZ,20250718,20.41,20.44,20.2,20.36,20.47,-0.5374,196328.16,398639.413
300123.SZ,20250718,6.3,6.38,6.26,6.29,6.34,-0.7886,264771.77,166714.821
300124.SZ,20250718,65.48,66.2,64.98,65.19,65.13,0.0921,222150.5,1452665.324
300125.SZ,20250718,7.08,7.18,6.96,7.01,7.03,-0.2845,57742.0,40734.95
300126.SZ,20250718,7.53,7.53,7.35,7.45,7.53,-1.0624,58309.53,43277.789
300127.SZ,20250718,29.1,30.75,29.0,29.85,29.19,2.261,233324.26,698874.439
300128.SZ,20250718,5.49,5.52,5.38,5.4,5.5,-1.8182,333559.1,180766.414
300129.SZ,20250718,7.24,7.53,7.18,7.47,7.23,3.3195,454165.3,333593.078
300130.SZ,20250718,32.45,33.49,32.22,32.69,32.62,0.2146,375495.56,1230393.213
300131.SZ,20250718,8.51,8.54,8.23,8.31,8.47,-1.889,525014.93,438231.596
300132.SZ,20250718,5.76,5.82,5.69,5.72,5.75,-0.5217,105034.0,60083.941
300133.SZ,20250718,7.95,8.17,7.79,7.81,7.85,-0.5096,1217742.23,965366.272
300134.SZ,20250718,12.16,12.29,11.98,12.08,12.17,-0.7395,129296.38,156521.167
300135.SZ,20250718,4.02,4.06,3.99,4.01,4.02,-0.2488,120477.0,48391.291
300136.SZ,20250718,22.44,22.54,22.16,22.26,22.47,-0.9346,135689.78,302575.836
300137.SZ,20250718,5.82,5.87,5.78,5.82,5.8,0.3448,45871.02,26739.558
300138.SZ,20250718,13.3,13.4,13.21,13.24,13.32,-0.6006,58259.0,77333.882
300139.SZ,20250718,20.02,20.14,19.87,19.96,20.11,-0.7459,185224.1,370078.648
300140.SZ,20250718,6.21,6.25,6.19,6.23,6.21,0.3221,60689.0,37741.64
300141.SZ,20250718,9.77,9.89,9.5,9.62,9.58,0.4175,107998.5,104412.761
300142.SZ,20250718,11.45,11.46,11.3,11.4,11.45,-0.4367,264425.0,300339.864
300143.SZ,20250718,10.03,10.05,9.93,10.01,10.01,0.0,55067.84,54953.85
300144.SZ,20250718,8.46,8.53,8.44,8.53,8.46,0.8274,268598.33,228044.572
300145.SZ,20250718,3.6,3.61,3.56,3.6,3.6,0.0,239808.8,85977.715
300146.SZ,20250718,11.6,11.64,11.5,11.59,11.6,-0.0862,108861.42,125752.056
300147.SZ,20250718,8.25,8.32,8.17,8.21,8.19,0.2442,78156.51,64301.001
300148.SZ,20250718,5.17,5.19,5.07,5.09,5.16,-1.3566,478505.0,244645.035
300149.SZ,20250718,11.22,11.26,10.81,11.18,11.26,-0.7105,429799.0,472225.97
300150.SZ,20250718,5.59,5.6,5.44,5.48,5.73,-4.363,574769.0,315181.066
300151.SZ,20250718,13.12,13.35,13.06,13.2,13.11,0.6865,95371.0,125569.977
300152.SZ,20250718,2.59,2.69,2.56,2.61,2.6,0.3846,565344.06,148535.967
300153.SZ,20250718,33.51,35.12,33.5,34.46,33.8,1.9527,380240.06,1310270.99
300154.SZ,20250718,9.12,9.18,9.06,9.1,9.13,-0.3286,42517.0,38703.583
300155.SZ,20250718,5.1,5.14,5.02,5.06,5.1,-0.7843,82960.0,41961.637
300157.SZ,20250718,4.86,4.93,4.84,4.93,4.84,1.8595,480593.42,234967.64
300158.SZ,20250718,4.96,4.99,4.85,4.92,4.98,-1.2048,354312.0,173628.801
300159.SZ,20250718,3.58,3.6,3.44,3.52,3.59,-1.9499,715476.0,252529.209
300160.SZ,20250718,6.07,6.1,5.98,6.01,6.06,-0.8251,255539.4,153738.25
300161.SZ,20250718,27.1,27.7,27.07,27.29,27.01,1.0367,66295.95,181976.147
300162.SZ,20250718,7.68,7.72,7.5,7.52,7.68,-2.0833,108390.0,81949.129
300163.SZ,20250718,3.81,3.83,3.74,3.77,3.8,-0.7895,223068.0,84009.054
300164.SZ,20250718,5.48,5.59,5.44,5.55,5.47,1.4625,777024.01,427697.34
300165.SZ,20250718,3.99,4.04,3.94,4.02,3.99,0.7519,103611.22,41309.016
300166.SZ,20250718,10.26,10.43,10.18,10.2,10.24,-0.3906,277272.82,284795.687
300167.SZ,20250718,5.21,5.29,5.05,5.13,5.2,-1.3462,146239.0,75357.217
300168.SZ,20250718,7.86,7.91,7.78,7.8,7.79,0.1284,230316.64,180610.233
300169.SZ,20250718,8.42,8.49,8.31,8.4,8.45,-0.5917,178417.0,149556.973
300170.SZ,20250718,19.09,19.53,18.55,18.6,18.29,1.6949,1372699.14,2599766.603
300171.SZ,20250718,13.66,13.66,13.43,13.55,13.64,-0.6598,71819.78,96987.634
300172.SZ,20250718,5.52,5.56,5.51,5.56,5.52,0.7246,171732.5,95168.717
300173.SZ,20250718,6.01,6.14,6.0,6.06,6.01,0.8319,230817.01,140455.345
300175.SZ,20250718,4.79,5.47,4.73,5.27,4.79,10.0209,218544.0,111563.875
300176.SZ,20250718,7.18,7.2,7.12,7.17,7.17,0.0,54181.66,38754.515
300177.SZ,20250718,10.69,10.74,10.54,10.59,10.7,-1.028,179693.5,190415.944
300179.SZ,20250718,10.09,10.12,9.97,10.04,10.08,-0.3968,100516.0,100799.708
300180.SZ,20250718,9.4,9.46,9.05,9.17,9.4,-2.4468,1595950.69,1471045.896
300181.SZ,20250718,18.69,18.69,18.3,18.5,18.67,-0.9106,161087.2,297028.558
300182.SZ,20250718,5.7,5.85,5.63,5.64,5.62,0.3559,1322722.32,754807.103
300183.SZ,20250718,17.58,17.71,17.15,17.23,17.2,0.1744,124715.0,216418.737
300184.SZ,20250718,9.83,10.07,9.73,9.87,9.85,0.203,588758.0,580908.751
300185.SZ,20250718,2.77,2.81,2.77,2.79,2.77,0.722,582844.02,162483.565
300187.SZ,20250718,5.37,5.57,5.31,5.48,5.35,2.4299,145403.9,79041.573
300188.SZ,20250718,14.22,14.43,14.22,14.3,14.24,0.4213,108463.08,154959.406
300189.SZ,20250718,4.59,4.68,4.56,4.64,4.59,1.0893,780493.0,360058.838
300190.SZ,20250718,3.66,3.71,3.63,3.7,3.65,1.3699,76778.0,28248.157
300191.SZ,20250718,18.73,18.88,18.52,18.71,18.65,0.3217,49851.0,93169.721
300192.SZ,20250718,14.8,15.58,14.73,15.3,14.8,3.3784,260784.21,396412.149
300193.SZ,20250718,9.32,9.32,9.22,9.27,9.3,-0.3226,54900.44,50808.121
300194.SZ,20250718,4.61,4.63,4.52,4.59,4.64,-1.0776,429714.25,195901.946
300195.SZ,20250718,8.31,8.37,8.09,8.16,8.43,-3.2028,551041.4,450808.449
300196.SZ,20250718,14.34,14.59,14.17,14.19,14.34,-1.046,159102.0,228576.12
300197.SZ,20250718,2.09,2.11,2.08,2.09,2.08,0.4808,336944.24,70583.061
300198.SZ,20250718,2.39,2.41,2.36,2.41,2.39,0.8368,204827.8,48889.907
300199.SZ,20250718,19.6,19.6,19.19,19.28,19.62,-1.7329,800318.54,1549399.456
300200.SZ,20250718,10.03,10.04,9.89,10.04,10.03,0.0997,98616.62,98275.287
300201.SZ,20250718,5.57,5.59,5.51,5.56,5.58,-0.3584,202401.67,112192.23
300203.SZ,20250718,18.8,18.87,18.36,18.5,18.93,-2.2715,167981.01,311296.381
300204.SZ,20250718,44.0,48.78,43.34,46.22,44.6,3.6323,244155.79,1122747.216
300205.SZ,20250718,4.46,4.61,4.45,4.5,4.45,1.1236,63205.32,28646.065
300206.SZ,20250718,12.6,12.64,12.44,12.59,12.61,-0.1586,73586.36,92170.318
300207.SZ,20250718,21.11,21.6,21.02,21.2,21.08,0.5693,628278.34,1338057.176
300208.SZ,20250718,0.32,0.32,0.27,0.28,0.32,-12.5,393202.06,11483.398
300209.SZ,20250718,5.46,5.46,5.38,5.39,5.46,-1.2821,84889.1,45893.694
300210.SZ,20250718,10.84,10.84,10.68,10.78,10.8,-0.1852,73637.0,79027.98
300211.SZ,20250718,7.65,7.73,7.23,7.32,7.57,-3.3025,160769.04,118476.277
300212.SZ,20250718,22.44,23.09,22.42,22.65,22.45,0.8909,175191.11,397376.755
300213.SZ,20250718,8.84,8.89,8.73,8.75,8.84,-1.0181,164139.24,143997.454
300214.SZ,20250718,7.0,7.24,6.97,7.16,6.97,2.726,191144.0,136067.585
300215.SZ,20250718,5.69,5.75,5.67,5.72,5.69,0.5272,76478.0,43658.267
300217.SZ,20250718,5.3,5.37,5.24,5.29,5.28,0.1894,368809.41,195452.628
300218.SZ,20250718,15.31,15.38,15.11,15.22,15.33,-0.7175,51533.0,78337.42
300219.SZ,20250718,6.72,6.79,6.66,6.79,6.72,1.0417,125575.82,84425.713
300220.SZ,20250718,17.7,17.92,17.57,17.64,17.84,-1.1211,52351.67,92630.56
300221.SZ,20250718,8.82,8.9,8.68,8.72,8.85,-1.4689,149754.0,131170.134
300222.SZ,20250718,10.42,10.59,10.37,10.55,10.4,1.4423,242781.55,254390.233
300223.SZ,20250718,67.88,68.18,66.73,67.12,67.88,-1.1196,100146.68,674163.051
300224.SZ,20250718,14.84,15.67,14.76,15.17,14.84,2.2237,640375.18,976401.255
300225.SZ,20250718,3.87,3.89,3.79,3.85,3.88,-0.7732,177649.03,67922.017
300226.SZ,20250718,29.62,30.3,28.7,28.99,30.37,-4.544,584638.59,1716432.991
300227.SZ,20250718,9.1,9.19,9.03,9.09,9.12,-0.3289,140265.6,127364.854
300228.SZ,20250718,7.93,7.97,7.78,7.8,7.94,-1.7632,258349.0,202835.966
300229.SZ,20250718,21.15,23.0,21.01,22.56,21.11,6.8688,1273266.78,2809966.789
300230.SZ,20250718,5.0,5.02,4.95,4.98,5.0,-0.4,138146.4,68738.858
300231.SZ,20250718,12.3,12.36,12.14,12.15,12.3,-1.2195,121812.0,148890.146
300232.SZ,20250718,7.27,7.32,7.17,7.19,7.27,-1.1004,156982.24,113312.572
300233.SZ,20250718,17.37,19.7,17.23,19.0,17.37,9.384,705335.86,1300179.091
300234.SZ,20250718,5.3,5.3,5.23,5.28,5.29,-0.189,49635.81,26095.236
300235.SZ,20250718,11.63,12.24,11.63,12.08,11.73,2.9838,314096.53,377551.139
300236.SZ,20250718,39.5,39.77,38.99,39.74,39.41,0.8374,63613.84,250281.735
300237.SZ,20250718,2.09,2.13,2.06,2.08,2.09,-0.4785,618488.0,129032.367
300238.SZ,20250718,16.96,17.0,16.46,16.89,16.91,-0.1183,144623.0,241663.57
300239.SZ,20250718,5.94,5.97,5.85,5.92,5.94,-0.3367,64718.0,38081.686
300240.SZ,20250718,8.87,8.87,8.68,8.71,8.84,-1.4706,163750.0,143136.991
300241.SZ,20250718,5.81,5.83,5.73,5.76,5.78,-0.346,128312.08,73889.579
300242.SZ,20250718,4.71,4.75,4.63,4.64,4.7,-1.2766,160758.0,75134.186
300243.SZ,20250718,11.15,11.3,11.07,11.26,11.1,1.4414,85576.53,95777.713
300244.SZ,20250718,15.94,16.62,15.8,15.87,15.67,1.2763,478522.66,773478.599
300245.SZ,20250718,18.58,18.78,18.28,18.36,18.65,-1.555,136413.15,251962.268
300246.SZ,20250718,9.11,9.15,8.95,9.07,9.11,-0.4391,128038.04,115442.209
300247.SZ,20250718,3.98,4.02,3.96,4.02,3.98,1.005,197420.0,78747.838
300248.SZ,20250718,15.77,16.26,15.63,15.89,15.51,2.45,403664.56,642105.243
300249.SZ,20250718,14.56,15.35,14.52,15.35,14.66,4.7067,688287.61,1033745.048
300250.SZ,20250718,16.27,16.52,16.17,16.47,16.27,1.2293,82886.88,135625.512
300251.SZ,20250718,19.72,19.84,19.55,19.6,19.69,-0.4571,443348.2,871219.991
300252.SZ,20250718,11.67,11.83,11.53,11.56,11.68,-1.0274,379016.1,440022.405
300253.SZ,20250718,10.78,10.9,10.54,10.56,10.6,-0.3774,768274.11,820485.007
300254.SZ,20250718,11.5,11.5,11.15,11.35,11.52,-1.4757,249593.0,281118.76
300255.SZ,20250718,43.54,44.83,43.3,44.03,43.79,0.5481,324903.96,1427504.697
300256.SZ,20250718,4.12,4.15,4.07,4.08,4.13,-1.2107,345687.0,141576.159
300257.SZ,20250718,12.8,12.87,12.26,12.42,12.48,-0.4808,269798.07,338568.053
300258.SZ,20250718,14.0,14.01,13.7,13.76,14.0,-1.7143,264832.79,365678.423
300259.SZ,20250718,3.69,3.71,3.66,3.7,3.69,0.271,91762.0,33812.817
300260.SZ,20250718,32.16,33.25,31.67,33.05,32.14,2.8314,237109.66,767359.256
300261.SZ,20250718,7.28,7.3,7.21,7.28,7.27,0.1376,136757.47,99019.179
300263.SZ,20250718,7.67,7.98,7.65,7.92,7.7,2.8571,571975.1,449241.3
300264.SZ,20250718,6.48,6.48,6.31,6.35,6.42,-1.0903,119450.0,76115.243
300265.SZ,20250718,10.36,10.4,10.13,10.14,10.38,-2.3121,187383.0,191249.297
300266.SZ,20250718,2.78,2.79,2.71,2.74,2.78,-1.4388,204192.0,56170.73
300267.SZ,20250718,3.48,3.49,3.38,3.47,3.49,-0.5731,537397.85,184045.171
300268.SZ,20250718,10.88,11.03,10.76,10.85,10.89,-0.3673,10032.09,10902.143
300269.SZ,20250718,5.29,5.38,5.22,5.23,5.3,-1.3208,330585.0,174180.679
300270.SZ,20250718,8.34,8.36,8.26,8.28,8.32,-0.4808,50180.0,41601.716
300271.SZ,20250718,8.2,9.68,8.2,8.79,8.18,7.4572,1259369.86,1131387.337
300272.SZ,20250718,6.85,6.98,6.75,6.95,6.83,1.757,195347.02,134527.841
300274.SZ,20250718,74.0,74.35,72.2,72.26,74.1,-2.4831,468181.72,3406047.591
300275.SZ,20250718,13.22,13.32,13.11,13.21,13.19,0.1516,77450.57,102214.016
300276.SZ,20250718,11.1,11.23,11.0,11.07,11.12,-0.4496,357851.59,396678.711
300277.SZ,20250718,12.71,12.85,12.71,12.81,12.72,0.7075,56904.22,72683.383
300278.SZ,20250718,5.52,5.57,5.47,5.51,5.53,-0.3617,233912.0,128759.119
300279.SZ,20250718,7.14,7.19,7.1,7.16,7.14,0.2801,141636.2,101174.038
300280.SZ,20250718,3.01,3.15,2.72,2.74,3.17,-13.5647,411842.0,121142.697
300281.SZ,20250718,7.45,7.49,7.39,7.49,7.45,0.5369,88785.24,66091.256
300283.SZ,20250718,7.5,8.63,7.45,8.63,7.19,20.0278,893703.46,739723.322
300284.SZ,20250718,9.2,9.26,9.14,9.17,9.21,-0.4343,98300.0,90298.93
300285.SZ,20250718,18.08,18.43,18.07,18.19,17.98,1.168,240779.0,437942.994
300286.SZ,20250718,22.95,22.97,22.65,22.79,22.84,-0.2189,18403.0,41850.159
300287.SZ,20250718,5.62,5.68,5.57,5.59,5.6,-0.1786,451170.45,253146.179
300288.SZ,20250718,15.5,15.68,15.37,15.42,15.48,-0.3876,68975.2,106697.717
300289.SZ,20250718,5.5,5.57,5.45,5.56,5.5,1.0909,95260.0,52421.014
300290.SZ,20250718,17.43,17.8,17.43,17.73,17.47,1.4883,237765.5,418717.947
300291.SZ,20250718,6.15,6.39,5.92,6.24,6.01,3.827,911536.04,562256.059
300292.SZ,20250718,4.93,4.94,4.86,4.88,4.91,-0.611,253893.0,124104.158
300293.SZ,20250718,24.8,25.88,24.2,25.73,24.89,3.3748,430513.16,1073301.336
300294.SZ,20250718,26.69,26.76,26.5,26.76,26.62,0.5259,49931.0,132971.472
300295.SZ,20250718,15.73,15.74,15.34,15.41,15.67,-1.6592,64520.0,99686.194
300296.SZ,20250718,6.3,6.33,6.18,6.22,6.28,-0.9554,930061.0,581153.212
300298.SZ,20250718,22.4,22.47,22.11,22.32,22.36,-0.1789,46281.0,102896.71
300299.SZ,20250718,7.33,7.4,7.15,7.23,7.31,-1.0944,399014.35,289146.273
300300.SZ,20250718,4.87,4.89,4.72,4.74,4.89,-3.0675,192972.87,92256.966
300301.SZ,20250718,2.36,2.36,2.29,2.3,2.36,-2.5424,129943.72,30170.425
300302.SZ,20250718,15.29,15.4,15.12,15.2,15.31,-0.7185,79255.0,120661.14
300303.SZ,20250718,6.28,6.3,6.21,6.26,6.28,-0.3185,209464.98,131014.077
300304.SZ,20250718,9.03,9.07,8.82,8.92,9.07,-1.6538,328150.96,292357.729
300305.SZ,20250718,6.56,7.23,6.52,6.68,6.51,2.6114,246377.17,167276.57
300306.SZ,20250718,13.08,13.29,12.98,13.23,13.07,1.2242,70813.0,92964.606
300307.SZ,20250718,8.05,8.09,7.97,8.02,8.05,-0.3727,139624.0,111882.781
300308.SZ,20250718,181.18,192.01,179.0,180.62,176.85,2.1318,611562.21,11298766.458
300310.SZ,20250718,6.43,6.48,6.37,6.4,6.43,-0.4666,167786.44,107653.213
300311.SZ,20250718,4.96,5.02,4.94,4.95,4.96,-0.2016,245147.54,122131.411
300313.SZ,20250718,7.4,7.78,7.36,7.69,7.42,3.6388,64791.0,49473.763
300314.SZ,20250718,13.12,13.2,12.91,13.07,13.15,-0.6084,45765.0,59561.655
300315.SZ,20250718,5.72,5.74,5.61,5.63,5.72,-1.5734,881374.09,498502.147
300316.SZ,20250718,27.55,28.05,27.49,27.7,27.6,0.3623,90728.5,250901.125
300317.SZ,20250718,4.26,4.3,4.19,4.23,4.25,-0.4706,264265.95,111732.677
300318.SZ,20250718,6.26,6.3,6.16,6.25,6.24,0.1603,79478.87,49316.356
300319.SZ,20250718,11.09,11.14,10.92,10.98,11.08,-0.9025,173914.31,191352.366
300320.SZ,20250718,9.99,10.07,9.87,9.92,9.94,-0.2012,73782.91,73505.762
300321.SZ,20250718,28.66,28.75,28.3,28.57,28.66,-0.314,9443.0,26871.944
300322.SZ,20250718,16.5,16.55,15.92,15.95,16.3,-2.1472,395306.59,634580.695
300323.SZ,20250718,7.43,7.51,7.29,7.41,7.43,-0.2692,185951.0,137451.125
300324.SZ,20250718,4.62,4.77,4.61,4.7,4.59,2.3965,1435367.65,674041.365
300326.SZ,20250718,6.11,6.28,6.04,6.13,6.11,0.3273,213582.35,131450.175
300327.SZ,20250718,24.16,24.42,23.85,23.96,24.09,-0.5396,55067.39,132490.625
300328.SZ,20250718,11.41,11.58,11.35,11.4,11.47,-0.6103,309824.07,355071.662
300331.SZ,20250718,21.51,21.57,21.09,21.4,21.49,-0.4188,73631.0,156972.387
300332.SZ,20250718,5.0,5.02,4.98,5.01,5.0,0.2,126427.0,63232.352
300333.SZ,20250718,14.65,14.75,14.41,14.5,14.62,-0.8208,167055.0,242927.496
300334.SZ,20250718,7.13,7.16,7.06,7.14,7.09,0.7052,37967.0,27003.466
300335.SZ,20250718,5.96,5.99,5.89,5.99,5.94,0.8418,312368.84,185267.38
300337.SZ,20250718,10.8,10.85,10.71,10.75,10.81,-0.555,110917.04,119432.51
300338.SZ,20250718,4.18,4.24,4.16,4.2,4.21,-0.2375,36015.0,15112.839
300339.SZ,20250718,53.63,55.0,53.5,54.03,55.29,-2.2789,753897.27,4086732.175
300340.SZ,20250718,17.22,17.91,17.22,17.42,17.22,1.1614,361018.0,635357.979
300341.SZ,20250718,16.14,16.65,15.95,16.57,16.09,2.9832,193372.66,316230.398
300342.SZ,20250718,16.93,17.0,16.75,16.89,16.97,-0.4714,113650.0,191389.448
300343.SZ,20250718,4.92,5.03,4.92,4.98,4.95,0.6061,126039.06,62847.701
300344.SZ,20250718,5.5,5.8,5.25,5.29,5.75,-8.0,1073383.13,592137.26
300345.SZ,20250718,7.38,7.94,7.22,7.79,7.34,6.1308,493259.09,379760.406
300346.SZ,20250718,31.44,32.08,31.23,31.94,31.48,1.4612,214438.5,678310.095
300347.SZ,20250718,59.01,59.2,57.81,58.52,58.23,0.498,101084.38,590476.55
300348.SZ,20250718,18.77,19.8,18.77,18.96,18.97,-0.0527,1031421.68,1989742.757
300349.SZ,20250718,12.2,12.25,12.13,12.2,12.18,0.1642,42333.0,51545.111
300350.SZ,20250718,6.18,6.2,6.12,6.18,6.2,-0.3226,135033.83,83129.717
300351.SZ,20250718,16.44,16.52,16.31,16.39,16.47,-0.4857,52481.0,85961.455
300352.SZ,20250718,5.53,5.59,5.51,5.54,5.53,0.1808,336168.87,186291.412
300353.SZ,20250718,21.71,21.94,21.41,21.57,21.95,-1.7312,288853.0,624342.546
300354.SZ,20250718,39.27,39.61,38.5,39.31,39.05,0.6658,32126.0,125615.0
300355.SZ,20250718,4.26,4.3,4.22,4.25,4.26,-0.2347,335811.8,142892.118
300357.SZ,20250718,25.25,25.26,24.38,24.85,25.24,-1.5452,199974.37,496967.769
300358.SZ,20250718,8.2,8.22,8.1,8.17,8.22,-0.6083,91331.95,74464.504
300359.SZ,20250718,6.15,6.35,6.13,6.26,6.16,1.6234,218410.72,136763.72
300360.SZ,20250718,16.07,16.09,15.94,16.01,16.05,-0.2492,65181.0,104260.026
300363.SZ,20250718,20.02,20.25,19.75,20.01,20.07,-0.299,267496.07,533856.608
300364.SZ,20250718,28.5,28.61,26.77,26.92,28.0,-3.8571,695988.65,1925653.004
300365.SZ,20250718,6.78,6.86,6.74,6.8,6.75,0.7407,146081.25,99196.935
300366.SZ,20250718,8.09,8.17,8.04,8.1,8.09,0.1236,254012.0,205345.416
300368.SZ,20250718,10.27,10.7,10.15,10.47,10.27,1.9474,472401.58,491252.613
300369.SZ,20250718,7.88,7.98,7.87,7.91,7.88,0.3807,100529.0,79580.951
300370.SZ,20250718,3.01,3.01,2.95,2.97,3.0,-1.0,274984.2,81864.284
300371.SZ,20250718,12.66,12.71,12.55,12.69,12.68,0.0789,57364.72,72470.404
300373.SZ,20250718,51.29,51.66,50.93,51.3,51.13,0.3325,81870.98,419792.593
300374.SZ,20250718,16.84,17.1,16.75,16.97,16.82,0.8918,79620.0,134758.53
300375.SZ,20250718,5.01,5.03,4.96,4.98,5.01,-0.5988,143954.0,71743.533
300376.SZ,20250718,4.06,4.1,4.04,4.07,4.05,0.4938,107256.0,43621.295
300377.SZ,20250718,25.14,25.43,24.91,25.0,25.35,-1.3807,285131.46,715428.24
300378.SZ,20250718,48.66,50.33,46.36,46.93,45.82,2.4225,403663.94,1934857.184
300379.SZ,20250718,5.6,5.67,5.46,5.5,5.63,-2.3091,346866.89,192375.52
300380.SZ,20250718,48.56,49.16,48.2,48.31,48.91,-1.2267,67735.4,328888.864
300381.SZ,20250718,7.5,7.64,7.38,7.58,7.46,1.6086,159275.01,119768.065
300382.SZ,20250718,16.83,16.92,16.19,16.22,16.93,-4.1937,246391.6,406984.81
300383.SZ,20250718,16.02,16.18,15.6,15.63,15.99,-2.2514,607104.0,960076.255
300384.SZ,20250718,17.91,18.15,17.83,17.98,17.9,0.4469,50060.66,89875.772
300385.SZ,20250718,5.4,5.49,5.36,5.48,5.39,1.6698,64670.1,35134.446
300386.SZ,20250718,20.19,20.54,19.93,20.08,20.18,-0.4955,169411.4,342154.675
300387.SZ,20250718,9.27,9.38,9.22,9.33,9.23,1.0834,92793.85,86304.735
300388.SZ,20250718,7.23,7.25,7.19,7.25,7.2,0.6944,29667.2,21429.146
300389.SZ,20250718,11.85,11.93,11.75,11.86,11.83,0.2536,32969.0,38981.683
300390.SZ,20250718,20.2,20.87,20.03,20.5,19.97,2.654,339934.55,697714.604
300391.SZ,20250718,4.36,4.39,4.33,4.38,4.38,0.0,69320.74,30234.282
300393.SZ,20250718,6.24,6.46,6.17,6.23,6.24,-0.1603,344806.0,215787.991
300394.SZ,20250718,93.5,97.3,90.55,91.0,92.78,-1.9185,372320.59,3475125.264
300395.SZ,20250718,63.0,66.6,62.0,63.0,63.4,-0.6309,236527.55,1513037.865
300396.SZ,20250718,14.61,14.72,14.5,14.71,14.62,0.6156,34194.0,49930.302
300397.SZ,20250718,13.41,13.65,13.33,13.58,13.47,0.8166,236889.3,320093.009
300398.SZ,20250718,19.19,19.79,19.0,19.72,19.26,2.3884,296581.74,573244.224
300399.SZ,20250718,32.43,32.54,31.8,32.0,32.43,-1.3259,110384.0,354479.723
300400.SZ,20250718,17.14,17.25,17.09,17.17,17.14,0.175,42883.0,73549.924
300401.SZ,20250718,16.06,16.16,15.73,15.97,16.11,-0.869,238176.5,378435.372
300402.SZ,20250718,19.33,19.9,19.22,19.65,19.3,1.8135,98276.0,192215.513
300403.SZ,20250718,15.35,15.41,15.14,15.24,15.35,-0.7166,224638.4,342277.296
300404.SZ,20250718,11.01,11.09,10.41,10.72,11.18,-4.1145,528889.52,562334.479
300405.SZ,20250718,5.8,5.87,5.77,5.8,5.78,0.346,70408.76,40817.093
300406.SZ,20250718,14.38,14.4,14.17,14.39,14.33,0.4187,57611.51,82272.863
300407.SZ,20250718,10.66,10.73,10.53,10.58,10.68,-0.9363,37802.0,39989.854
300408.SZ,20250718,33.09,33.18,32.34,32.45,33.11,-1.9934,188510.08,614004.917
300409.SZ,20250718,16.2,16.57,16.09,16.23,16.09,0.8701,551335.86,899976.036
300410.SZ,20250718,7.85,7.98,7.47,7.5,7.88,-4.8223,385577.08,296579.26
300411.SZ,20250718,12.13,12.26,12.01,12.07,12.2,-1.0656,76545.0,92546.473
300412.SZ,20250718,5.41,5.44,5.36,5.41,5.41,0.0,96951.1,52333.987
300413.SZ,20250718,21.85,22.03,21.65,21.75,21.83,-0.3665,180320.08,393415.747
300414.SZ,20250718,13.02,13.57,12.84,13.33,13.19,1.0614,404995.2,534102.975
300415.SZ,20250718,21.18,21.26,20.99,21.06,21.14,-0.3784,59590.79,125710.421
300416.SZ,20250718,14.25,14.35,14.13,14.23,14.27,-0.2803,82985.0,117981.726
300417.SZ,20250718,12.79,12.91,12.64,12.82,12.76,0.4702,16175.8,20618.878
300418.SZ,20250718,35.31,35.81,34.85,34.94,35.54,-1.6882,582356.86,2052187.616
300419.SZ,20250718,5.72,5.79,5.67,5.72,5.72,0.0,69228.0,39561.465
300420.SZ,20250718,3.4,3.45,3.37,3.44,3.39,1.4749,404614.5,137760.208
300421.SZ,20250718,16.19,16.54,15.92,16.27,16.19,0.4941,220172.86,356024.423
300422.SZ,20250718,5.03,5.05,4.98,5.03,5.01,0.3992,60130.56,30164.066
300423.SZ,20250718,6.87,6.9,6.78,6.86,6.85,0.146,68230.0,46513.821
300424.SZ,20250718,16.69,16.88,16.58,16.86,16.71,0.8977,92667.97,155351.85
300425.SZ,20250718,5.41,5.45,5.39,5.41,5.4,0.1852,70504.11,38169.067
300426.SZ,20250718,9.75,9.87,9.69,9.73,9.74,-0.1027,46942.0,45870.716
300427.SZ,20250718,6.9,7.02,6.77,6.98,6.85,1.8978,296525.98,204891.401
300428.SZ,20250718,18.31,18.56,18.27,18.45,18.31,0.7646,83062.71,153055.282
300429.SZ,20250718,13.73,13.77,13.35,13.74,13.66,0.5857,303909.56,412173.654
300430.SZ,20250718,20.5,20.66,19.88,19.99,20.24,-1.2352,125847.62,253427.118
300432.SZ,20250718,13.26,13.38,13.03,13.14,13.2,-0.4545,444759.28,585956.899
300433.SZ,20250718,24.09,24.15,23.57,23.64,24.12,-1.99,601324.98,1431120.256
300434.SZ,20250718,10.81,10.84,10.41,10.7,10.79,-0.8341,280664.0,296430.259
300435.SZ,20250718,15.4,15.45,15.31,15.36,15.4,-0.2597,55078.0,84586.791
300436.SZ,20250718,70.0,71.2,66.82,70.2,71.57,-1.9142,188686.91,1306230.123
300437.SZ,20250718,9.04,9.17,9.03,9.09,9.05,0.442,43849.0,39828.271
300438.SZ,20250718,26.23,26.78,26.23,26.32,26.23,0.3431,99677.38,263882.11
300439.SZ,20250718,11.08,11.17,10.97,11.16,11.12,0.3597,49922.0,55212.047
300440.SZ,20250718,10.88,11.29,10.8,10.9,10.77,1.2071,169252.2,186079.05
300441.SZ,20250718,8.12,8.14,8.05,8.09,8.12,-0.3695,61125.0,49369.252
300442.SZ,20250718,52.45,53.98,52.4,52.71,52.42,0.5532,306253.91,1628127.148
300443.SZ,20250718,21.9,22.1,21.62,21.91,21.97,-0.2731,67426.73,147216.706
300444.SZ,20250718,7.27,7.29,7.19,7.25,7.26,-0.1377,191496.2,138420.753
300445.SZ,20250718,18.4,18.58,18.23,18.44,18.4,0.2174,28008.0,51527.415
300446.SZ,20250718,17.27,17.31,17.12,17.25,17.28,-0.1736,98529.79,169526.142
300447.SZ,20250718,15.7,16.18,15.56,16.09,15.76,2.0939,131893.3,209495.258
300448.SZ,20250718,6.88,6.92,6.73,6.79,6.81,-0.2937,235913.24,160219.711
300449.SZ,20250718,7.84,8.08,7.84,7.96,7.84,1.5306,104621.6,83243.068
300450.SZ,20250718,24.85,25.64,24.82,25.23,24.79,1.7749,476391.03,1204303.961
300451.SZ,20250718,5.68,5.77,5.63,5.66,5.67,-0.1764,421767.12,239995.179
300452.SZ,20250718,13.91,13.98,13.65,13.98,13.92,0.431,98332.91,135852.441
300453.SZ,20250718,8.45,8.45,8.3,8.42,8.44,-0.237,68508.61,57260.191
300454.SZ,20250718,97.88,104.69,97.8,103.0,95.1,8.307,166118.86,1691951.037
300455.SZ,20250718,13.93,14.35,13.83,14.26,13.94,2.2956,156034.13,219376.698
300456.SZ,20250718,17.17,17.26,17.01,17.15,17.13,0.1168,103266.5,176664.401
300457.SZ,20250718,20.81,21.28,20.72,20.89,20.79,0.481,214076.0,449358.064
300458.SZ,20250718,39.48,40.18,38.9,39.35,39.22,0.3315,321347.68,1269541.706
300459.SZ,20250718,5.45,5.49,5.39,5.41,5.46,-0.9158,1100083.28,598012.45
300460.SZ,20250718,11.27,11.36,10.97,11.06,11.24,-1.6014,226496.72,251014.685
300461.SZ,20250718,20.25,20.5,20.07,20.3,20.25,0.2469,26751.6,54245.502
300462.SZ,20250718,10.5,10.75,10.4,10.51,10.47,0.382,57195.0,60315.035
300463.SZ,20250718,12.44,12.49,12.32,12.47,12.42,0.4026,62003.0,76897.749
300464.SZ,20250718,5.48,5.51,5.39,5.41,5.48,-1.2774,110795.0,60141.027
300465.SZ,20250718,16.3,16.37,15.92,15.97,16.22,-1.5413,215178.0,346129.325
300466.SZ,20250718,11.08,11.22,10.94,10.96,11.2,-2.1429,191464.4,210881.817
300467.SZ,20250718,21.19,21.3,20.86,21.02,21.25,-1.0824,66813.0,140597.438
300468.SZ,20250718,43.35,45.37,42.69,44.6,43.32,2.9548,1001739.25,4414337.097
300469.SZ,20250718,45.94,47.39,44.65,45.84,46.21,-0.8007,189710.4,877591.819
300470.SZ,20250718,37.5,37.58,37.16,37.47,37.47,0.0,19732.0,73613.847
300471.SZ,20250718,11.43,11.54,11.33,11.34,11.43,-0.7874,170275.0,194365.132
300472.SZ,20250718,4.68,4.73,4.46,4.55,4.63,-1.7279,246958.91,113406.291
300473.SZ,20250718,31.53,32.11,31.28,31.44,31.11,1.0608,94765.0,299900.376
300474.SZ,20250718,74.72,75.3,74.01,74.3,74.66,-0.4822,94100.38,700946.563
300475.SZ,20250718,34.99,35.06,33.6,33.68,35.15,-4.1821,198592.03,678655.624
300476.SZ,20250718,170.26,174.48,161.52,162.07,169.87,-4.5917,542239.68,9048593.993
300477.SZ,20250718,2.28,2.32,2.26,2.29,2.28,0.4386,349021.74,79964.702
300478.SZ,20250718,14.51,14.55,14.26,14.4,14.47,-0.4838,59656.32,85794.635
300479.SZ,20250718,21.57,22.1,21.47,21.91,21.55,1.6705,114678.0,249789.875
300480.SZ,20250718,15.8,15.85,15.17,15.25,15.8,-3.481,156710.63,241253.574
300481.SZ,20250718,14.57,14.89,14.52,14.88,14.57,2.1277,71127.0,104764.947
300482.SZ,20250718,22.05,22.17,21.85,22.09,22.06,0.136,45179.4,99331.935
300483.SZ,20250718,11.14,11.19,11.1,11.16,11.14,0.1795,83628.0,93158.378
300484.SZ,20250718,22.06,22.36,22.0,22.1,22.29,-0.8524,91134.0,201387.852
300485.SZ,20250718,13.61,14.86,13.11,14.78,13.72,7.7259,496404.66,689328.399
300486.SZ,20250718,8.92,9.22,8.82,9.15,8.82,3.7415,368858.78,333032.632
300487.SZ,20250718,53.22,53.4,52.56,53.2,53.05,0.2828,26893.86,142404.988
300488.SZ,20250718,34.04,34.26,33.61,33.64,34.15,-1.4934,25699.13,86773.985
300489.SZ,20250718,40.0,40.2,39.61,39.8,39.98,-0.4502,28840.0,115001.091
300490.SZ,20250718,8.88,9.08,8.76,8.8,8.81,-0.1135,245405.32,218390.132
300491.SZ,20250718,19.33,19.65,19.07,19.33,19.3,0.1554,64634.72,124705.238
300492.SZ,20250718,69.56,71.47,69.46,69.98,69.59,0.5604,11050.0,77278.061
300493.SZ,20250718,20.5,20.77,20.3,20.46,20.55,-0.438,180728.5,369975.852
300494.SZ,20250718,14.68,14.83,14.36,14.41,14.7,-1.9728,414651.02,602157.462
300496.SZ,20250718,58.3,59.88,57.95,58.32,57.68,1.1096,212448.46,1246059.678
300497.SZ,20250718,10.3,10.39,10.03,10.28,10.3,-0.1942,219998.6,223474.037
300498.SZ,20250718,17.07,17.25,17.03,17.16,17.07,0.5272,231548.21,396935.753
300499.SZ,20250718,18.95,19.43,18.9,19.05,18.93,0.6339,238724.61,456955.569
300500.SZ,20250718,12.98,13.03,12.72,12.98,12.87,0.8547,31187.9,40309.628
300501.SZ,20250718,16.17,16.46,16.08,16.17,16.15,0.1238,76269.97,123859.253
300502.SZ,20250718,186.5,191.0,180.0,182.32,183.5,-0.6431,643489.91,11974587.488
300503.SZ,20250718,23.45,23.55,23.02,23.19,23.4,-0.8974,113591.01,263723.915
300504.SZ,20250718,15.78,15.88,15.54,15.63,15.73,-0.6357,30521.0,47772.428
300505.SZ,20250718,19.58,20.1,19.47,19.93,19.54,1.9959,288326.2,571861.661
300506.SZ,20250718,4.08,4.17,4.08,4.17,4.05,2.963,116623.55,48132.184
300507.SZ,20250718,7.77,7.8,7.66,7.7,7.77,-0.9009,171776.6,132356.72
300508.SZ,20250718,30.32,30.32,29.84,30.11,30.02,0.2998,13666.0,41080.075
300509.SZ,20250718,8.83,8.91,8.75,8.81,8.85,-0.452,59776.97,52625.244
300510.SZ,20250718,4.69,4.92,4.69,4.87,4.69,3.838,607718.4,292609.347
300511.SZ,20250718,6.44,6.46,6.23,6.31,6.44,-2.0186,203749.18,128184.703
300512.SZ,20250718,9.08,9.1,8.89,9.0,9.11,-1.2075,86052.0,77147.049
300513.SZ,20250718,8.95,9.07,8.88,8.9,8.94,-0.4474,61129.0,54738.168
300514.SZ,20250718,13.84,14.01,13.77,13.93,13.84,0.6503,38087.0,52918.893
300515.SZ,20250718,24.18,24.72,23.87,24.58,24.07,2.1188,80947.0,196863.094
300516.SZ,20250718,37.5,38.2,37.26,37.94,37.5,1.1733,43170.0,163020.295
300517.SZ,20250718,12.07,12.12,11.73,11.97,12.07,-0.8285,51562.65,61631.597
300518.SZ,20250718,14.79,15.07,14.49,14.66,14.83,-1.1463,110259.6,162654.946
300519.SZ,20250718,16.26,16.32,15.77,16.03,16.24,-1.2931,60826.0,97237.959
300520.SZ,20250718,24.6,24.91,24.5,24.61,24.82,-0.8461,103541.31,255402.253
300521.SZ,20250718,25.5,26.1,25.38,25.8,25.54,1.018,43788.8,112852.468
300522.SZ,20250718,17.22,17.57,16.28,16.75,16.9,-0.8876,370267.11,618719.08
300523.SZ,20250718,23.21,23.78,23.21,23.33,23.26,0.3009,37562.7,88070.331
300525.SZ,20250718,15.19,15.83,15.19,15.39,15.15,1.5842,330088.85,512801.442
300527.SZ,20250718,11.21,11.37,11.0,11.14,11.25,-0.9778,602925.67,674105.359
300528.SZ,20250718,10.75,10.84,10.56,10.58,10.69,-1.029,101527.2,107978.283
300529.SZ,20250718,22.61,22.81,22.52,22.8,22.62,0.7958,63283.58,143461.705
300530.SZ,20250718,34.63,38.8,34.63,37.15,34.45,7.8374,194738.53,717699.763
300531.SZ,20250718,20.66,20.9,20.35,20.47,20.66,-0.9197,154651.5,318019.866
300532.SZ,20250718,12.38,12.5,12.35,12.36,12.34,0.1621,56887.75,70585.079
300533.SZ,20250718,38.01,38.01,36.17,36.36,38.04,-4.4164,246265.0,903549.937
300534.SZ,20250718,10.25,10.27,10.08,10.24,10.3,-0.5825,119050.5,121001.538
300535.SZ,20250718,17.18,17.26,17.0,17.13,17.12,0.0584,12036.0,20594.103
300536.SZ,20250718,9.68,9.76,9.36,9.43,9.57,-1.4629,94540.05,89722.828
300537.SZ,20250718,25.74,25.89,24.9,25.39,25.69,-1.1678,159773.8,404173.614
300538.SZ,20250718,16.26,16.38,16.09,16.25,16.2,0.3086,42736.05,69251.394
300539.SZ,20250718,14.49,14.65,14.28,14.42,14.37,0.3479,60196.13,86662.701
300540.SZ,20250718,16.76,16.94,16.69,16.88,16.77,0.6559,22295.6,37489.189
300541.SZ,20250718,16.51,16.68,16.1,16.13,16.69,-3.3553,460318.98,751672.903
300542.SZ,20250718,23.1,23.37,22.6,22.6,23.05,-1.9523,138255.97,317155.606
300543.SZ,20250718,11.12,11.2,11.02,11.08,11.11,-0.27,74783.78,82920.554
300545.SZ,20250718,31.45,31.74,31.03,31.17,31.58,-1.2983,36363.68,113870.345
300546.SZ,20250718,28.25,28.85,28.05,28.31,28.48,-0.5969,137983.9,391365.767
300547.SZ,20250718,30.26,33.0,30.25,31.91,30.2,5.6623,302065.95,954478.843
300548.SZ,20250718,86.8,90.69,85.0,86.22,86.0,0.2558,288477.61,2532264.993
300549.SZ,20250718,18.99,19.0,18.74,18.94,18.97,-0.1581,23895.0,45027.153
300550.SZ,20250718,13.52,13.87,13.41,13.51,13.49,0.1483,46044.0,62697.445
300551.SZ,20250718,11.91,12.0,11.7,11.74,11.94,-1.675,309504.0,364802.39
300552.SZ,20250718,27.78,27.96,27.44,27.64,27.79,-0.5398,29835.99,82461.369
300553.SZ,20250718,38.61,38.72,37.75,38.12,38.59,-1.2179,21952.59,83856.166
300554.SZ,20250718,23.77,24.06,23.55,23.74,23.86,-0.5029,37316.0,88548.573
300555.SZ,20250718,10.42,10.49,10.33,10.45,10.42,0.2879,14324.0,14918.881
300556.SZ,20250718,21.22,22.0,20.84,21.46,20.78,3.2724,251267.9,540481.368
300557.SZ,20250718,26.73,26.98,26.48,26.65,26.6,0.188,17505.21,46746.319
300558.SZ,20250718,61.45,63.57,60.34,62.96,61.12,3.0105,139536.01,862737.634
300559.SZ,20250718,11.79,12.34,11.76,11.97,11.72,2.1331,136564.03,164909.822
300560.SZ,20250718,13.62,14.1,13.43,13.94,13.62,2.3495,186611.3,257534.122
300561.SZ,20250718,11.96,11.96,11.45,11.47,11.88,-3.4512,178576.69,208188.965
300562.SZ,20250718,15.68,15.7,15.4,15.64,15.67,-0.1914,63324.0,98344.277
300563.SZ,20250718,39.88,40.06,38.68,38.84,39.87,-2.5834,92960.03,364411.693
300564.SZ,20250718,14.89,14.93,14.43,14.48,14.91,-2.884,41003.0,60120.489
300565.SZ,20250718,12.49,12.54,12.25,12.29,12.46,-1.3644,83570.22,103012.798
300566.SZ,20250718,19.37,19.4,19.09,19.23,19.33,-0.5173,58330.1,111924.929
300567.SZ,20250718,59.9,60.12,59.14,59.66,59.73,-0.1172,34560.0,205946.821
300568.SZ,20250718,12.19,12.6,12.1,12.24,11.96,2.3411,963431.45,1187142.115
300569.SZ,20250718,5.55,5.57,5.46,5.53,5.55,-0.3604,200146.5,110191.508
300570.SZ,20250718,106.21,108.7,102.3,102.46,105.0,-2.419,188398.56,1983817.371
300571.SZ,20250718,32.83,32.9,32.18,32.39,32.5,-0.3385,41480.0,134608.868
300572.SZ,20250718,23.31,24.1,23.14,23.87,23.3,2.4464,111925.04,264719.739
300573.SZ,20250718,55.43,55.65,54.71,55.3,55.35,-0.0903,74680.02,411257.598
300575.SZ,20250718,6.53,6.69,6.51,6.69,6.51,2.765,240879.25,159416.637
300576.SZ,20250718,36.88,37.8,36.27,37.28,36.64,1.7467,118952.77,440062.475
300577.SZ,20250718,20.43,20.63,20.34,20.51,20.51,0.0,19958.64,40791.453
300578.SZ,20250718,22.16,22.48,21.81,21.85,22.2,-1.5766,92690.07,204728.474
300579.SZ,20250718,32.66,32.66,31.7,32.08,32.4,-0.9877,77154.81,247573.229
300580.SZ,20250718,25.33,25.52,25.06,25.22,25.39,-0.6696,108804.12,274511.457
300581.SZ,20250718,20.5,21.39,20.13,20.75,20.58,0.826,887655.28,1834587.866
300582.SZ,20250718,12.39,12.49,12.16,12.19,12.39,-1.6142,66232.75,81053.485
300583.SZ,20250718,18.09,18.09,17.76,17.96,18.09,-0.7186,34143.28,61025.341
300584.SZ,20250718,35.56,36.5,34.72,35.28,35.52,-0.6757,96712.21,341813.85
300585.SZ,20250718,15.18,15.36,14.95,15.25,15.18,0.4611,47127.0,71287.347
300586.SZ,20250718,12.12,12.38,11.85,11.86,11.92,-0.5034,265583.3,320114.88
300587.SZ,20250718,7.19,7.24,7.04,7.18,7.19,-0.1391,193063.78,137323.02
300588.SZ,20250718,15.86,18.77,15.86,18.77,15.64,20.0128,378994.51,665688.523
300589.SZ,20250718,14.53,14.85,14.33,14.36,14.25,0.7719,298182.3,434328.524
300590.SZ,20250718,13.15,13.17,12.87,12.97,13.08,-0.841,106708.05,138206.877
300591.SZ,20250718,12.32,12.85,12.15,12.17,12.48,-2.484,897333.15,1113121.18
300592.SZ,20250718,11.25,11.34,11.14,11.26,11.26,0.0,53034.6,59531.94
300593.SZ,20250718,13.08,13.2,12.97,13.16,13.15,0.076,83962.72,109993.698
300594.SZ,20250718,18.61,18.73,18.44,18.58,18.55,0.1617,17149.0,31853.163
300595.SZ,20250718,15.81,15.96,15.71,15.96,15.79,1.0766,73332.69,116133.521
300596.SZ,20250718,28.64,28.85,28.56,28.74,28.58,0.5598,19455.63,55802.457
300597.SZ,20250718,9.76,9.78,9.67,9.74,9.71,0.309,66224.0,64374.254
300598.SZ,20250718,43.03,43.78,43.01,43.38,43.57,-0.4361,74362.11,322786.867
300599.SZ,20250718,8.78,8.79,8.58,8.65,8.71,-0.6889,42046.0,36377.87
300600.SZ,20250718,16.2,16.71,15.81,15.89,16.58,-4.1616,368447.72,591679.415
300601.SZ,20250718,16.49,16.54,16.28,16.34,16.49,-0.9096,100967.86,165046.132
300602.SZ,20250718,23.47,24.58,23.13,23.2,23.55,-1.4862,254429.6,604375.96
300603.SZ,20250718,11.56,11.87,11.45,11.85,11.57,2.4201,335355.15,392933.478
300604.SZ,20250718,44.66,45.0,44.17,44.58,44.79,-0.4689,147739.42,657149.463
300605.SZ,20250718,15.8,16.78,15.64,16.77,15.97,5.0094,270107.86,437501.594
300606.SZ,20250718,20.15,20.28,19.82,19.93,20.14,-1.0427,32614.5,65067.48
300607.SZ,20250718,34.13,34.38,33.62,33.74,34.26,-1.5178,202160.67,685557.848
300608.SZ,20250718,12.11,12.4,12.09,12.17,12.11,0.4955,96361.26,117518.451
300609.SZ,20250718,38.87,38.97,36.9,37.3,38.26,-2.5091,59137.26,222521.849
300610.SZ,20250718,12.2,12.27,12.03,12.08,12.18,-0.821,87749.15,106436.531
300611.SZ,20250718,25.18,25.33,24.77,24.92,25.52,-2.3511,141272.16,352906.079
300612.SZ,20250718,15.4,15.58,15.22,15.28,15.39,-0.7147,44566.25,68354.108
300613.SZ,20250718,46.77,47.1,46.12,46.47,46.56,-0.1933,33906.75,157688.229
300614.SZ,20250718,15.4,15.65,15.13,15.4,15.43,-0.1944,66243.71,101839.402
300615.SZ,20250718,14.3,14.45,14.09,14.13,14.58,-3.0864,175210.63,248699.901
300616.SZ,20250718,13.76,13.8,13.6,13.66,13.7,-0.292,20825.0,28471.439
300617.SZ,20250718,30.71,30.88,30.3,30.61,30.71,-0.3256,21121.0,64486.789
300618.SZ,20250718,35.61,36.29,35.54,35.8,35.53,0.7599,88546.0,317933.251
300619.SZ,20250718,25.75,26.94,25.53,26.29,25.53,2.9769,131280.19,347740.944
300620.SZ,20250718,50.68,51.99,49.92,50.65,51.03,-0.7447,146366.19,746554.374
300621.SZ,20250718,8.99,9.08,8.94,9.03,8.99,0.4449,27008.5,24306.394
300622.SZ,20250718,33.9,33.93,33.5,33.64,33.81,-0.5028,68088.88,229169.62
300623.SZ,20250718,29.9,30.15,29.47,29.68,29.72,-0.1346,106692.45,316889.342
300624.SZ,20250718,75.77,76.01,68.95,69.54,72.22,-3.7109,242654.31,1754175.075
300625.SZ,20250718,12.06,12.15,11.99,12.03,12.0,0.25,10644.0,12822.639
300626.SZ,20250718,11.08,11.14,10.92,11.06,11.04,0.1812,30438.0,33585.927
300627.SZ,20250718,34.41,34.6,34.0,34.48,34.27,0.6128,75718.3,259791.202
300628.SZ,20250718,33.97,34.21,33.88,34.0,34.0,0.0,55502.92,188998.782
300629.SZ,20250718,21.11,21.28,20.85,21.04,21.04,0.0,75071.86,157754.017
300631.SZ,20250718,28.28,33.65,27.95,33.65,28.04,20.0071,291035.15,913408.051
300632.SZ,20250718,13.37,13.47,13.15,13.23,13.33,-0.7502,65293.11,86600.056
300633.SZ,20250718,29.11,29.26,28.63,29.17,28.92,0.8645,50557.0,146420.51
300634.SZ,20250718,28.86,29.2,27.89,28.03,28.4,-1.3028,259654.85,738615.623
300635.SZ,20250718,12.18,12.38,11.95,12.04,12.11,-0.578,37456.0,45370.408
300636.SZ,20250718,8.21,8.25,8.09,8.23,8.2,0.3659,56093.0,45717.744
300637.SZ,20250718,11.42,11.48,11.16,11.35,11.37,-0.1759,77187.9,86878.329
300638.SZ,20250718,26.7,27.0,26.35,26.55,26.8,-0.9328,216201.74,575014.71
300639.SZ,20250718,6.3,6.3,6.2,6.3,6.26,0.639,111215.12,69494.686
300640.SZ,20250718,6.57,6.63,6.5,6.54,6.57,-0.4566,133992.0,87805.729
300641.SZ,20250718,23.2,23.35,23.06,23.29,23.19,0.4312,97737.0,226955.362
300642.SZ,20250718,16.61,16.68,16.2,16.39,16.85,-2.73,99605.52,162869.071
300643.SZ,20250718,23.17,23.36,22.8,23.2,23.25,-0.2151,52572.24,121087.446
300644.SZ,20250718,34.5,36.34,33.2,33.6,33.34,0.7798,360600.63,1241955.807
300645.SZ,20250718,19.6,20.4,19.55,20.35,19.3,5.4404,222980.72,447494.223
300647.SZ,20250718,6.54,6.55,6.42,6.46,6.51,-0.768,104619.0,67721.926
300648.SZ,20250718,36.39,36.67,35.21,35.6,36.42,-2.2515,53592.0,191631.137
300649.SZ,20250718,18.57,19.09,17.44,17.75,18.49,-4.0022,162058.0,291649.057
300650.SZ,20250718,14.41,14.57,14.3,14.53,14.5,0.2069,112274.4,161728.365
300651.SZ,20250718,24.41,24.69,24.26,24.44,24.48,-0.1634,69656.11,169918.488
300652.SZ,20250718,69.66,69.66,66.01,67.7,69.19,-2.1535,69072.7,466614.218
300653.SZ,20250718,21.23,21.42,21.06,21.39,21.22,0.8011,21874.5,46387.979
300654.SZ,20250718,11.22,13.09,11.11,12.41,10.91,13.7489,1104110.37,1391908.082
300655.SZ,20250718,10.0,10.24,9.8,10.24,10.0,2.4,585995.84,586395.18
300656.SZ,20250718,26.46,26.81,26.23,26.54,26.39,0.5684,34212.85,90529.927
300657.SZ,20250718,28.8,29.56,28.77,28.88,29.06,-0.6194,369834.29,1076173.847
300658.SZ,20250718,6.87,6.87,6.76,6.82,6.83,-0.1464,44264.66,30070.378
300659.SZ,20250718,14.33,14.92,14.29,14.55,14.33,1.5352,148894.34,218085.494
300660.SZ,20250718,47.08,48.07,46.53,47.33,46.92,0.8738,201140.2,949093.553
300661.SZ,20250718,69.38,69.91,68.51,68.89,69.38,-0.7063,80533.99,556011.976
300662.SZ,20250718,32.29,32.86,31.21,31.62,32.29,-2.0749,118704.55,378702.5
300663.SZ,20250718,20.74,20.94,20.35,20.45,20.74,-1.3983,357617.12,736392.812
300664.SZ,20250718,5.52,5.55,5.48,5.55,5.51,0.726,85954.5,47399.36
300665.SZ,20250718,9.17,9.24,8.96,9.16,9.15,0.1093,143600.68,130286.073
300666.SZ,20250718,69.21,69.63,68.75,69.49,69.2,0.4191,62297.22,430743.274
300667.SZ,20250718,15.72,15.73,15.5,15.6,15.66,-0.3831,35638.6,55507.075
300668.SZ,20250718,17.87,18.06,17.8,17.99,17.78,1.1811,15205.0,27252.077
300669.SZ,20250718,27.6,27.6,26.85,27.41,27.33,0.2927,8209.83,22291.594
300670.SZ,20250718,7.23,7.28,7.08,7.16,7.25,-1.2414,149142.0,106602.27
300671.SZ,20250718,31.54,31.82,31.2,31.5,31.58,-0.2533,38043.41,119621.131
300672.SZ,20250718,82.99,84.0,82.12,82.61,82.74,-0.1571,41899.77,347528.47
300673.SZ,20250718,15.77,15.88,15.58,15.64,15.78,-0.8872,42964.56,67281.731
300674.SZ,20250718,29.8,29.88,28.83,29.03,29.51,-1.6266,488334.04,1427169.831
300675.SZ,20250718,15.21,15.25,15.07,15.13,15.16,-0.1979,34413.0,52114.478
300676.SZ,20250718,51.3,51.51,50.7,51.1,51.23,-0.2538,63504.63,324028.739
300677.SZ,20250718,30.16,30.3,29.23,29.78,29.71,0.2356,236666.68,703259.779
300678.SZ,20250718,34.11,34.34,33.75,33.94,33.96,-0.0589,71665.15,243577.058
300679.SZ,20250718,44.99,45.5,44.47,44.63,44.65,-0.0448,92938.5,417835.78
300680.SZ,20250718,40.1,40.1,39.12,39.31,40.13,-2.0434,93285.45,368539.528
300681.SZ,20250718,28.7,29.0,28.34,28.52,29.12,-2.0604,103526.48,295659.925
300682.SZ,20250718,20.68,21.55,20.6,20.9,20.6,1.4563,381652.05,805576.515
300683.SZ,20250718,32.5,32.77,31.0,31.6,32.85,-3.8052,74124.3,233506.026
300684.SZ,20250718,26.04,26.11,25.5,25.65,26.15,-1.912,101771.0,262195.696
300685.SZ,20250718,23.42,23.75,23.11,23.4,23.45,-0.2132,74291.07,173359.219
300686.SZ,20250718,10.12,10.13,9.84,9.94,10.03,-0.8973,48586.6,48477.658
300687.SZ,20250718,30.22,30.53,29.11,29.51,29.6,-0.3041,223753.96,667933.969
300688.SZ,20250718,32.97,33.66,32.67,32.79,32.7,0.2752,81849.0,270228.993
300689.SZ,20250718,39.8,40.66,39.54,40.25,39.84,1.0291,24561.0,98476.51
300690.SZ,20250718,25.44,26.05,24.68,24.96,25.03,-0.2797,115739.0,290907.131
300691.SZ,20250718,18.88,19.01,18.72,18.86,18.88,-0.1059,39747.0,74868.032
300692.SZ,20250718,6.36,6.4,6.31,6.36,6.35,0.1575,43509.6,27636.087
300693.SZ,20250718,31.31,33.1,31.3,32.24,31.26,3.135,231646.44,745386.666
300694.SZ,20250718,13.25,13.41,13.1,13.17,13.27,-0.7536,105576.0,139678.408
300695.SZ,20250718,90.14,90.59,87.03,87.2,91.53,-4.7307,23320.98,205951.912
300696.SZ,20250718,22.1,22.59,21.8,22.36,22.1,1.1765,180576.92,401060.814
300697.SZ,20250718,14.34,14.59,14.2,14.27,14.26,0.0701,232158.09,333859.239
300698.SZ,20250718,44.09,44.26,42.98,43.17,43.87,-1.5956,67296.21,291690.15
300699.SZ,20250718,31.34,31.6,31.16,31.57,31.33,0.766,162153.7,509586.058
300700.SZ,20250718,11.64,11.83,11.35,11.49,11.63,-1.2038,154641.71,178689.405
300701.SZ,20250718,10.77,10.79,10.55,10.67,10.75,-0.7442,89256.75,95080.201
300702.SZ,20250718,25.58,25.65,24.9,25.18,25.58,-1.5637,51921.65,130401.616
300703.SZ,20250718,25.8,26.1,24.97,25.4,25.89,-1.8926,145383.85,369069.869
300705.SZ,20250718,16.55,16.66,16.33,16.64,16.54,0.6046,178789.2,294541.793
300706.SZ,20250718,25.98,27.65,25.61,27.55,26.2,5.1527,204674.0,548359.206
300707.SZ,20250718,14.4,14.45,14.09,14.18,14.33,-1.0468,49485.0,70235.292
300708.SZ,20250718,12.93,13.01,12.66,12.9,13.0,-0.7692,329810.4,421812.537
300709.SZ,20250718,42.24,42.75,41.59,41.78,42.66,-2.0628,63611.84,267295.285
300710.SZ,20250718,19.95,20.05,19.7,19.95,19.9,0.2513,20701.8,41081.385
300711.SZ,20250718,22.12,22.14,21.75,21.97,22.03,-0.2724,35430.83,77687.633
300712.SZ,20250718,25.04,25.07,24.71,24.82,24.89,-0.2812,13082.5,32506.487
300713.SZ,20250718,18.19,18.37,18.03,18.12,18.12,0.0,31269.1,56793.52
300715.SZ,20250718,9.95,10.09,9.89,10.03,9.89,1.4156,34740.44,34670.355
300716.SZ,20250718,7.81,7.82,7.66,7.68,7.82,-1.7903,22782.0,17591.713
300717.SZ,20250718,18.55,18.61,18.13,18.5,18.47,0.1624,17159.0,31737.762
300718.SZ,20250718,78.93,81.0,78.82,79.4,80.21,-1.0098,207536.69,1654939.577
300719.SZ,20250718,18.73,18.88,18.46,18.77,18.83,-0.3186,93212.0,173850.348
300720.SZ,20250718,21.56,21.67,21.05,21.18,21.56,-1.7625,27909.0,59248.029
300721.SZ,20250718,14.78,15.07,14.66,15.03,14.82,1.417,66025.1,98104.183
300722.SZ,20250718,34.0,34.43,33.63,34.21,34.09,0.352,80805.14,275231.266
300723.SZ,20250718,66.01,68.08,63.97,67.11,66.01,1.6664,105272.37,698356.55
300724.SZ,20250718,55.66,56.65,55.45,55.72,55.89,-0.3042,61841.39,345286.198
300725.SZ,20250718,41.6,41.7,40.76,41.36,42.03,-1.5941,125287.58,514892.012
300726.SZ,20250718,35.59,35.71,35.05,35.25,35.38,-0.3674,51876.0,183349.268
300727.SZ,20250718,28.16,28.44,28.05,28.2,28.16,0.142,27498.21,77531.945
300729.SZ,20250718,14.35,14.38,14.28,14.35,14.35,0.0,31929.3,45760.005
300730.SZ,20250718,15.11,15.14,14.84,15.0,15.11,-0.728,138200.55,207014.194
300731.SZ,20250718,29.3,29.56,28.93,29.0,29.3,-1.0239,29749.0,86667.135
300732.SZ,20250718,7.38,7.42,7.33,7.39,7.37,0.2714,40018.91,29473.752
300733.SZ,20250718,17.9,18.05,17.75,17.88,17.96,-0.4454,42798.2,76368.294
300735.SZ,20250718,25.46,25.55,25.02,25.13,25.47,-1.3349,142187.0,358249.001
300736.SZ,20250718,10.78,10.8,10.61,10.73,10.73,0.0,35537.0,38067.948
300737.SZ,20250718,5.06,5.07,5.02,5.04,5.06,-0.3953,120516.5,60759.001
300738.SZ,20250718,22.7,23.18,22.36,22.4,22.61,-0.9288,608721.08,1378998.791
300739.SZ,20250718,16.4,16.56,15.81,15.88,16.45,-3.465,297725.14,479151.711
300740.SZ,20250718,16.35,16.44,16.14,16.36,16.42,-0.3654,95660.51,155855.494
300741.SZ,20250718,19.04,19.17,18.73,18.88,18.93,-0.2641,24237.69,45645.402
300743.SZ,20250718,20.37,20.58,20.05,20.24,20.19,0.2476,39968.15,80970.069
300745.SZ,20250718,20.1,20.16,19.75,19.91,19.99,-0.4002,54544.0,108638.311
300746.SZ,20250718,15.03,15.12,14.82,14.95,15.04,-0.5984,50298.93,75085.264
300747.SZ,20250718,24.3,24.39,24.02,24.15,24.35,-0.8214,122470.15,295904.421
300748.SZ,20250718,25.7,27.66,25.61,26.73,25.71,3.9673,1051755.36,2802170.519
300749.SZ,20250718,8.59,8.64,8.5,8.62,8.53,1.0551,29095.0,24924.58
300750.SZ,20250718,268.7,272.45,265.8,271.2,265.5,2.1469,221865.58,5981601.235
300751.SZ,20250718,72.0,72.88,71.7,72.0,72.26,-0.3598,28428.16,205051.111
300752.SZ,20250718,20.21,20.27,19.09,19.34,20.07,-3.6373,156330.53,306801.571
300753.SZ,20250718,31.8,32.02,30.6,30.66,30.72,-0.1953,104160.61,326098.715
300755.SZ,20250718,18.25,18.38,18.13,18.29,18.28,0.0547,22692.63,41441.185
300756.SZ,20250718,26.88,27.11,26.58,26.61,26.71,-0.3744,15874.6,42536.394
300757.SZ,20250718,167.0,175.0,165.6,166.0,166.0,0.0,77117.4,1311636.881
300758.SZ,20250718,15.22,15.22,15.0,15.08,15.14,-0.3963,108685.7,163810.56
300759.SZ,20250718,26.45,26.5,26.1,26.29,26.41,-0.4544,307327.91,807745.883
300760.SZ,20250718,217.28,225.52,217.27,225.32,217.18,3.748,113354.13,2508390.427
300761.SZ,20250718,18.68,18.8,18.67,18.75,18.72,0.1603,52856.2,99043.175
300762.SZ,20250718,22.49,22.75,22.33,22.61,22.58,0.1329,149417.88,336284.848
300763.SZ,20250718,59.0,59.88,58.74,59.31,59.46,-0.2523,103208.68,611652.713
300765.SZ,20250718,54.0,56.19,53.8,55.78,53.98,3.3346,130272.26,718414.87
300766.SZ,20250718,36.42,37.7,36.25,36.84,36.37,1.2923,426603.27,1575891.275
300767.SZ,20250718,12.88,13.12,12.87,13.01,12.88,1.0093,116393.16,151319.849
300768.SZ,20250718,17.37,17.54,17.28,17.39,17.32,0.4042,57323.19,99709.132
300769.SZ,20250718,32.49,33.29,32.46,32.63,32.49,0.4309,101993.66,335923.245
300770.SZ,20250718,40.75,40.93,40.57,40.79,40.64,0.3691,21172.57,86222.298
300771.SZ,20250718,12.43,12.44,12.26,12.31,12.36,-0.4045,42650.0,52549.031
300772.SZ,20250718,12.52,12.92,12.38,12.72,12.56,1.2739,218582.7,276146.486
300773.SZ,20250718,28.5,29.13,28.1,28.45,28.62,-0.594,610949.29,1745534.995
300774.SZ,20250718,8.88,9.41,8.83,9.28,8.87,4.6223,170556.85,157256.765
300775.SZ,20250718,26.95,27.38,26.8,27.29,26.95,1.2616,229842.14,623466.207
300776.SZ,20250718,57.39,58.11,57.2,57.52,57.58,-0.1042,25712.41,148003.718
300777.SZ,20250718,37.18,37.65,37.02,37.41,37.18,0.6186,84762.0,315946.221
300778.SZ,20250718,16.7,16.7,16.14,16.18,16.69,-3.0557,215107.26,351572.934
300779.SZ,20250718,208.77,212.99,202.66,205.52,206.77,-0.6045,48972.52,1009956.999
300780.SZ,20250718,16.23,16.35,16.03,16.25,16.15,0.6192,32012.0,51802.372
300781.SZ,20250718,39.45,39.96,38.4,39.22,38.9,0.8226,107265.13,420207.576
300782.SZ,20250718,73.09,73.85,72.4,72.7,73.08,-0.52,61434.07,447927.971
300783.SZ,20250718,26.6,26.6,26.26,26.34,26.41,-0.2651,63444.0,166994.063
300784.SZ,20250718,54.19,54.55,53.77,54.11,54.19,-0.1476,6647.0,35928.915
300785.SZ,20250718,36.36,36.36,34.22,34.73,34.75,-0.0576,132905.5,464870.222
300786.SZ,20250718,14.81,15.11,14.64,15.09,14.84,1.6846,112380.4,166956.15
300787.SZ,20250718,13.73,13.93,13.43,13.49,13.72,-1.6764,100832.23,136925.0
300788.SZ,20250718,31.8,32.26,31.63,31.75,31.76,-0.0315,27013.01,86130.179
300789.SZ,20250718,26.02,26.52,25.7,26.5,26.02,1.8447,23292.57,61048.961
300790.SZ,20250718,21.06,21.17,20.76,20.99,21.16,-0.8034,114653.49,240103.127
300791.SZ,20250718,23.58,23.65,23.06,23.2,23.52,-1.3605,30632.9,71266.972
300792.SZ,20250718,25.1,25.27,24.89,24.95,25.16,-0.8347,37623.29,94131.078
300793.SZ,20250718,17.35,17.38,17.07,17.16,17.28,-0.6944,97532.6,167446.54
300795.SZ,20250718,15.83,16.09,15.56,15.67,15.92,-1.5704,71293.15,112248.676
300796.SZ,20250718,10.48,10.53,10.36,10.45,10.49,-0.3813,92882.4,96815.363
300797.SZ,20250718,14.64,15.34,14.5,15.08,14.55,3.6426,182298.94,272825.401
300798.SZ,20250718,8.86,8.96,8.71,8.76,8.87,-1.2401,172777.0,151994.189
300800.SZ,20250718,11.46,11.53,11.37,11.44,11.41,0.2629,21917.5,25069.824
300801.SZ,20250718,23.08,23.33,22.84,22.97,23.05,-0.3471,77770.0,179319.828
300802.SZ,20250718,19.39,19.48,19.15,19.42,19.35,0.3618,26934.72,51995.919
300803.SZ,20250718,87.87,88.5,85.08,86.48,87.47,-1.1318,372061.89,3217019.167
300804.SZ,20250718,45.59,45.71,44.73,45.11,45.32,-0.4634,18221.0,82201.423
300805.SZ,20250718,11.19,11.25,11.02,11.04,11.16,-1.0753,58239.0,64572.69
300806.SZ,20250718,17.16,17.27,16.84,16.98,17.19,-1.2216,97407.72,165481.077
300807.SZ,20250718,42.57,43.21,42.09,42.95,42.58,0.869,27007.99,115088.913
300808.SZ,20250718,30.04,30.04,29.31,29.95,29.73,0.74,26305.0,78102.817
300809.SZ,20250718,36.85,36.87,36.21,36.62,36.54,0.2189,61133.46,223038.505
300810.SZ,20250718,45.07,46.16,44.53,44.75,44.88,-0.2897,63283.0,285338.347
300811.SZ,20250718,47.42,49.71,47.42,48.53,47.61,1.9324,77191.55,377488.047
300812.SZ,20250718,22.7,22.72,22.15,22.29,22.58,-1.2843,35937.8,80363.993
300813.SZ,20250718,21.54,22.98,21.45,22.77,21.65,5.1732,44732.64,99920.909
300814.SZ,20250718,34.0,34.14,32.86,32.96,33.86,-2.658,77303.68,257866.097
300815.SZ,20250718,19.29,19.39,19.06,19.34,19.24,0.5198,81743.88,157039.257
300816.SZ,20250718,33.8,33.81,33.09,33.39,33.8,-1.213,17201.0,57306.8
300817.SZ,20250718,23.11,23.18,22.81,22.94,23.4,-1.9658,70154.94,160995.213
300818.SZ,20250718,21.6,23.18,21.48,22.68,21.59,5.0486,93056.61,209316.991
300819.SZ,20250718,28.78,30.33,27.99,29.03,29.45,-1.4261,181339.03,525099.788
300820.SZ,20250718,51.6,51.68,49.96,50.15,51.51,-2.6403,52194.81,263059.483
300821.SZ,20250718,10.02,10.45,9.74,9.76,10.06,-2.9821,452778.99,453856.035
300822.SZ,20250718,19.4,19.52,19.15,19.21,19.38,-0.8772,33632.01,64745.63
300823.SZ,20250718,15.16,15.17,14.96,15.11,15.1,0.0662,16106.8,24247.182
300824.SZ,20250718,12.8,12.87,12.51,12.69,12.84,-1.1682,74714.5,94467.151
300825.SZ,20250718,11.37,12.1,11.33,11.54,11.65,-0.9442,549125.16,639426.976
300826.SZ,20250718,17.49,17.62,17.37,17.55,17.55,0.0,15743.38,27553.155
300827.SZ,20250718,23.63,24.0,23.46,23.62,23.67,-0.2112,163481.7,386799.007
300828.SZ,20250718,18.27,18.35,18.0,18.02,18.35,-1.7984,43985.5,79702.927
300829.SZ,20250718,17.32,17.42,17.21,17.32,17.35,-0.1729,43014.03,74544.022
300830.SZ,20250718,11.96,12.19,10.97,11.15,11.52,-3.2118,1054281.15,1196860.04
300831.SZ,20250718,15.03,15.09,14.85,14.99,14.96,0.2005,61828.0,92530.082
300832.SZ,20250718,54.44,54.56,53.8,54.54,54.36,0.3311,30001.11,162581.729
300833.SZ,20250718,35.1,35.26,34.78,34.98,35.03,-0.1427,10147.88,35431.99
300834.SZ,20250718,22.59,23.07,22.59,22.99,22.56,1.906,41206.99,94210.878
300835.SZ,20250718,47.61,50.0,46.86,47.19,47.7,-1.0692,120480.5,583838.943
300836.SZ,20250718,42.92,43.76,42.0,42.61,42.68,-0.164,20462.24,87721.667
300837.SZ,20250718,24.15,25.2,24.15,24.71,24.11,2.4886,16271.0,40059.65
300838.SZ,20250718,15.02,15.08,14.86,14.96,14.95,0.0669,19046.0,28548.577
300839.SZ,20250718,14.68,14.8,13.91,14.25,14.68,-2.9292,237836.64,340310.037
300840.SZ,20250718,24.1,24.88,22.28,22.32,22.17,0.6766,374218.99,868613.129
300842.SZ,20250718,45.14,45.51,44.49,44.94,45.19,-0.5532,33627.2,150894.589
300843.SZ,20250718,32.05,32.22,31.38,31.61,32.05,-1.3729,47195.66,149343.457
300844.SZ,20250718,43.36,44.24,43.09,43.96,43.36,1.3838,11174.81,48761.397
300845.SZ,20250718,10.98,11.04,10.86,10.96,10.95,0.0913,47906.42,52423.41
300846.SZ,20250718,20.8,21.25,20.38,20.89,20.68,1.0155,626520.0,1304195.395
300847.SZ,20250718,19.55,19.84,19.38,19.69,19.66,0.1526,145043.31,284612.109
300848.SZ,20250718,17.58,18.3,17.4,18.09,17.85,1.3445,100631.77,180866.517
300849.SZ,20250718,12.72,12.72,12.57,12.59,12.67,-0.6314,27201.5,34307.143
300850.SZ,20250718,36.0,36.24,34.82,35.5,36.0,-1.3889,113582.45,400763.242
300851.SZ,20250718,28.5,28.55,28.07,28.42,28.28,0.495,7938.01,22489.619
300852.SZ,20250718,33.08,33.17,32.46,32.61,33.09,-1.4506,26230.0,86041.137
300853.SZ,20250718,24.55,25.26,24.13,24.25,24.52,-1.1011,97099.5,238928.201
300854.SZ,20250718,17.41,17.66,17.35,17.49,17.41,0.4595,18903.0,33051.501
300855.SZ,20250718,23.56,25.08,23.39,24.49,23.46,4.3905,168303.43,407706.099
300856.SZ,20250718,14.92,14.99,14.84,14.92,14.92,0.0,33469.57,49840.582
300857.SZ,20250718,82.9,83.7,81.76,81.95,83.34,-1.6679,74803.46,615343.508
300858.SZ,20250718,17.13,17.23,16.91,17.06,17.13,-0.4086,58057.5,98900.685
300859.SZ,20250718,36.52,36.59,36.2,36.46,36.4,0.1648,36172.0,131534.14
300860.SZ,20250718,29.61,29.75,29.23,29.39,29.49,-0.3391,49639.44,145791.878
300861.SZ,20250718,14.33,14.5,14.18,14.29,14.39,-0.6949,43812.64,62570.576
300862.SZ,20250718,25.18,25.24,24.75,25.02,25.04,-0.0799,29546.6,73781.958
300863.SZ,20250718,35.49,35.73,35.16,35.39,35.48,-0.2537,20238.63,71607.631
300864.SZ,20250718,20.7,21.27,20.62,21.01,20.7,1.4976,20250.7,42437.704
300865.SZ,20250718,29.4,31.88,29.16,30.45,29.4,3.5714,74235.63,227303.92
300866.SZ,20250718,123.78,124.0,119.13,120.61,122.92,-1.8793,30420.03,368436.672
300867.SZ,20250718,18.22,18.27,18.02,18.1,18.22,-0.6586,42537.0,77070.538
300868.SZ,20250718,32.68,32.96,31.71,31.83,32.48,-2.0012,43417.2,139899.885
300869.SZ,20250718,15.3,15.3,15.0,15.17,15.31,-0.9144,38891.0,58769.973
300870.SZ,20250718,140.85,147.77,139.12,139.57,140.49,-0.6549,45241.9,646241.011
300871.SZ,20250718,21.57,21.6,21.05,21.18,21.57,-1.8081,100464.32,212843.22
300872.SZ,20250718,24.58,24.86,24.0,24.13,24.65,-2.1095,484428.21,1179647.169
300873.SZ,20250718,20.72,21.06,20.64,20.97,20.77,0.9629,50335.54,105019.051
300875.SZ,20250718,41.74,42.83,41.5,41.9,42.4,-1.1792,70727.4,296987.954
300876.SZ,20250718,27.22,27.22,26.77,26.97,27.2,-0.8456,16049.0,43186.897
300877.SZ,20250718,17.25,17.39,17.01,17.14,17.25,-0.6377,19301.0,33152.168
300878.SZ,20250718,21.08,22.58,20.08,21.78,20.71,5.1666,207085.48,443491.974
300879.SZ,20250718,34.67,34.79,33.99,34.18,34.66,-1.3849,114854.86,393192.046
300880.SZ,20250718,20.72,20.78,20.46,20.63,20.74,-0.5304,23290.8,47925.038
300881.SZ,20250718,35.78,36.16,35.02,35.55,35.78,-0.6428,40678.3,144536.595
300882.SZ,20250718,16.68,16.69,16.42,16.58,16.62,-0.2407,42807.02,70772.94
300883.SZ,20250718,6.31,6.34,6.2,6.25,6.3,-0.7937,103526.0,64634.984
300884.SZ,20250718,13.91,14.65,13.53,13.65,13.42,1.7139,304647.36,423304.515
300885.SZ,20250718,14.51,14.57,14.24,14.42,14.55,-0.8935,84860.79,121839.622
300886.SZ,20250718,28.89,28.89,28.22,28.42,28.63,-0.7335,20392.51,57915.697
300887.SZ,20250718,8.44,8.48,8.33,8.4,8.44,-0.4739,87131.5,73139.44
300888.SZ,20250718,39.36,39.41,38.88,39.16,39.35,-0.4828,43532.4,169879.089
300889.SZ,20250718,13.45,13.56,13.31,13.54,13.44,0.744,35858.2,48120.926
300890.SZ,20250718,30.45,30.97,30.2,30.37,30.25,0.3967,72114.0,220369.445
300891.SZ,20250718,9.69,10.21,9.65,10.05,9.64,4.2531,324848.23,325184.451
300892.SZ,20250718,33.97,34.24,33.61,34.14,34.25,-0.3212,47035.64,159187.512
300893.SZ,20250718,24.95,24.96,24.4,24.59,24.88,-1.1656,14013.8,34416.881
300894.SZ,20250718,13.18,13.29,13.06,13.17,13.18,-0.0759,50215.37,65994.609
300895.SZ,20250718,45.82,47.06,45.6,46.47,45.88,1.286,98941.54,458861.607
300896.SZ,20250718,176.3,177.75,174.79,177.63,176.3,0.7544,27488.42,484760.408
300897.SZ,20250718,25.02,27.4,24.16,27.03,25.81,4.7269,149967.73,385043.696
300898.SZ,20250718,26.8,27.17,26.68,26.81,27.18,-1.3613,39930.06,107011.523
300899.SZ,20250718,22.98,23.4,22.85,23.2,22.99,0.9134,11936.28,27670.054
300900.SZ,20250718,24.16,24.38,23.82,24.2,24.2,0.0,206702.0,497485.351
300901.SZ,20250718,16.69,16.7,16.21,16.51,16.49,0.1213,43650.0,71733.264
300902.SZ,20250718,20.12,20.5,20.0,20.25,20.12,0.6461,63258.4,127918.659
300903.SZ,20250718,11.05,12.48,10.98,11.33,10.89,4.0404,802723.26,934551.026
300904.SZ,20250718,52.97,53.28,51.88,52.16,53.16,-1.8811,13832.24,72218.242
300905.SZ,20250718,30.55,30.68,29.85,30.19,30.41,-0.7234,40068.0,121062.28
300906.SZ,20250718,28.63,29.18,28.46,28.92,28.5,1.4737,21792.0,62984.72
300907.SZ,20250718,26.94,26.94,26.52,26.79,26.83,-0.1491,19204.8,51329.841
300908.SZ,20250718,29.38,29.38,29.19,29.34,29.37,-0.1021,5829.4,17066.21
300909.SZ,20250718,26.46,26.7,26.24,26.6,26.46,0.5291,19898.0,52620.333
300910.SZ,20250718,58.4,58.4,56.0,56.57,58.19,-2.784,28808.7,163301.909
300911.SZ,20250718,50.39,54.5,49.6,52.56,50.18,4.7429,107974.64,565050.696
300912.SZ,20250718,15.31,15.37,15.0,15.18,15.16,0.1319,21351.0,32366.652
300913.SZ,20250718,49.08,50.98,48.68,49.24,49.52,-0.5654,153452.41,757561.545
300915.SZ,20250718,26.45,26.54,26.25,26.32,26.54,-0.8289,17486.8,46059.46
300916.SZ,20250718,31.81,32.81,31.15,31.46,31.2,0.8333,92005.11,293709.267
300917.SZ,20250718,44.62,44.77,43.93,44.47,44.61,-0.3138,57565.38,255306.089
300918.SZ,20250718,20.48,20.98,19.91,20.32,20.15,0.8437,333812.49,680012.039
300919.SZ,20250718,33.75,34.08,33.53,33.73,33.63,0.2974,64989.99,219502.693
300920.SZ,20250718,49.35,50.57,48.74,49.78,48.8,2.0082,24318.0,120668.115
300921.SZ,20250718,24.72,25.2,24.3,24.86,24.64,0.8929,162203.0,401380.877
300922.SZ,20250718,27.35,31.6,27.19,30.55,27.53,10.9699,251107.43,743260.699
300923.SZ,20250718,25.58,25.78,25.31,25.74,25.58,0.6255,15885.0,40632.938
300925.SZ,20250718,25.02,25.58,24.79,24.91,25.24,-1.3074,203318.35,510070.883
300926.SZ,20250718,28.21,28.92,27.65,27.84,28.3,-1.6254,107961.98,304025.83
300927.SZ,20250718,28.89,29.05,28.5,28.6,28.92,-1.1065,41636.8,119431.597
300928.SZ,20250718,34.56,35.68,34.48,34.96,34.62,0.9821,27031.46,94829.469
300929.SZ,20250718,10.7,10.81,10.65,10.81,10.7,1.028,25015.4,26838.563
300930.SZ,20250718,30.7,31.3,30.42,30.77,30.85,-0.2593,36128.0,111295.564
300931.SZ,20250718,8.03,8.06,7.9,8.01,8.02,-0.1247,76052.0,60681.968
300932.SZ,20250718,11.86,12.19,11.82,11.87,11.86,0.0843,76079.44,90928.472
300933.SZ,20250718,7.78,7.81,7.71,7.75,7.77,-0.2574,75063.0,58130.176
300935.SZ,20250718,25.68,25.8,25.38,25.64,25.6,0.1563,10503.4,26847.156
300936.SZ,20250718,41.87,42.25,40.9,40.96,42.06,-2.6153,26022.35,107792.766
300937.SZ,20250718,30.0,30.38,29.32,29.45,29.71,-0.8751,25384.0,75139.627
300938.SZ,20250718,23.8,24.27,23.58,24.27,23.81,1.932,91536.51,219276.107
300939.SZ,20250718,32.93,33.0,32.05,32.26,32.88,-1.8856,48472.81,156702.642
300940.SZ,20250718,27.32,27.9,26.86,27.03,27.6,-2.0652,131943.74,359624.947
300941.SZ,20250718,28.48,28.57,27.81,27.95,28.36,-1.4457,67372.0,189369.484
300942.SZ,20250718,11.0,11.12,10.72,10.88,11.04,-1.4493,126946.88,137367.882
300943.SZ,20250718,15.64,16.0,15.48,15.57,15.36,1.3672,120698.5,189550.099
300945.SZ,20250718,19.47,19.52,19.25,19.44,19.52,-0.4098,79819.0,154575.197
300946.SZ,20250718,53.03,53.6,51.4,52.24,53.5,-2.3551,60887.13,318731.005
300947.SZ,20250718,24.7,24.76,23.21,23.33,24.62,-5.2396,137540.98,324869.3
300948.SZ,20250718,11.0,11.07,10.93,11.03,10.97,0.5469,17059.0,18770.316
300949.SZ,20250718,42.0,42.25,41.59,41.81,41.99,-0.4287,10420.37,43571.835
300950.SZ,20250718,34.01,34.96,32.29,33.75,33.9,-0.4425,269182.76,904783.277
300951.SZ,20250718,33.52,33.55,32.85,33.04,33.41,-1.1075,18671.17,61905.09
300952.SZ,20250718,27.39,28.19,27.1,27.56,26.73,3.1051,100716.17,279349.063
300953.SZ,20250718,103.3,103.6,101.0,101.88,103.68,-1.7361,46162.46,471284.573
300955.SZ,20250718,18.73,18.94,18.49,18.94,18.65,1.555,18292.5,34237.621
300956.SZ,20250718,16.49,16.57,16.33,16.44,16.49,-0.3032,49825.0,81789.591
300957.SZ,20250718,44.22,44.39,44.0,44.22,44.08,0.3176,25095.55,110824.887
300958.SZ,20250718,13.23,13.81,13.17,13.61,13.22,2.9501,80307.0,108398.397
300959.SZ,20250718,43.88,44.28,43.36,43.53,43.88,-0.7976,17727.0,77713.002
300960.SZ,20250718,24.74,24.74,23.75,24.21,24.31,-0.4114,30951.6,74655.246
300961.SZ,20250718,18.85,18.88,18.45,18.45,18.84,-2.0701,116876.9,216976.091
300962.SZ,20250718,17.42,17.75,17.35,17.52,17.36,0.9217,67087.11,117706.435
300963.SZ,20250718,23.29,23.29,22.54,22.61,23.29,-2.9197,224671.21,510922.786
300964.SZ,20250718,46.61,48.25,46.11,46.81,48.48,-3.4447,92828.45,433636.521
300965.SZ,20250718,56.65,61.5,55.8,59.65,56.96,4.7226,45727.01,269769.059
300966.SZ,20250718,19.65,19.65,19.1,19.45,19.5,-0.2564,19645.0,37871.59
300967.SZ,20250718,19.25,19.46,19.0,19.03,19.23,-1.04,77328.0,148273.758
300968.SZ,20250718,14.35,14.44,14.11,14.19,14.34,-1.046,74144.12,105326.518
300969.SZ,20250718,80.58,82.06,79.64,80.78,80.57,0.2606,27038.04,217667.321
300970.SZ,20250718,15.09,15.09,14.79,14.96,15.03,-0.4657,20576.0,30669.857
300971.SZ,20250718,22.07,22.15,21.5,21.61,21.81,-0.917,72539.8,157582.955
300972.SZ,20250718,152.0,156.8,152.0,153.58,152.15,0.9399,15916.76,245192.344
300973.SZ,20250718,46.56,46.6,45.9,46.27,46.31,-0.0864,15066.05,69753.868
300975.SZ,20250718,11.99,12.04,11.79,11.86,12.02,-1.3311,181918.5,216192.97
300976.SZ,20250718,51.0,51.49,50.4,50.7,51.0,-0.5882,23028.88,117205.893
300977.SZ,20250718,18.82,18.92,18.58,18.9,18.82,0.4251,11775.24,22057.701
300978.SZ,20250718,11.43,11.46,11.27,11.42,11.39,0.2634,47525.0,53973.522
300979.SZ,20250718,54.09,54.37,53.58,53.98,54.09,-0.2034,11392.0,61354.392
300980.SZ,20250718,23.21,23.27,22.7,22.91,23.2,-1.25,39215.0,89811.702
300981.SZ,20250718,12.65,12.74,12.49,12.73,12.64,0.712,45428.42,57275.524
300982.SZ,20250718,20.68,20.88,20.17,20.5,20.57,-0.3403,103496.2,211720.195
300983.SZ,20250718,22.6,22.67,22.0,22.2,22.8,-2.6316,28093.43,62286.538
300984.SZ,20250718,58.88,59.28,56.93,59.05,59.41,-0.606,41467.31,240584.816
300985.SZ,20250718,18.43,18.52,18.31,18.41,18.43,-0.1085,18702.2,34418.783
300986.SZ,20250718,13.68,13.75,13.38,13.42,13.59,-1.2509,126459.63,170834.865
300987.SZ,20250718,19.15,19.87,19.0,19.0,18.93,0.3698,123707.9,238858.833
300988.SZ,20250718,21.06,21.18,20.9,21.01,21.05,-0.19,31446.0,66059.114
300989.SZ,20250718,17.1,17.27,16.85,17.02,17.15,-0.758,46227.26,78784.377
300990.SZ,20250718,52.0,52.93,51.82,52.4,52.23,0.3255,34638.13,180935.185
300991.SZ,20250718,29.8,30.09,29.3,29.69,29.89,-0.6691,66965.0,198737.8
300992.SZ,20250718,26.01,26.06,25.68,25.95,25.95,0.0,23712.0,61186.205
300993.SZ,20250718,14.7,14.77,14.38,14.5,14.68,-1.2262,102762.08,149214.277
300994.SZ,20250718,16.1,16.36,15.87,16.14,15.99,0.9381,56491.6,91021.197
300995.SZ,20250718,45.99,48.6,44.51,46.01,45.85,0.349,53559.0,251170.69
300996.SZ,20250718,20.44,22.18,19.99,20.28,20.85,-2.7338,522313.85,1102820.832
300997.SZ,20250718,16.3,16.4,16.15,16.25,16.4,-0.9146,45933.23,74607.397
300998.SZ,20250718,28.25,29.29,25.92,26.83,28.04,-4.3153,162786.0,454024.573
300999.SZ,20250718,30.09,30.26,30.03,30.16,30.09,0.2326,62596.03,188786.613
301000.SZ,20250718,47.0,47.33,46.33,46.65,47.1,-0.9554,64020.93,299247.914
301001.SZ,20250718,31.72,32.2,31.5,31.74,31.72,0.0631,20950.0,66651.628
301002.SZ,20250718,21.96,22.17,21.63,22.11,22.07,0.1812,24249.8,53071.047
301003.SZ,20250718,34.5,34.69,33.01,33.12,34.51,-4.0278,62767.84,212216.036
301004.SZ,20250718,71.29,72.5,71.0,71.6,71.3,0.4208,7330.4,52518.542
301005.SZ,20250718,37.49,37.96,36.68,37.49,37.24,0.6713,114931.42,428384.941
301006.SZ,20250718,16.24,16.4,16.13,16.28,16.18,0.618,29550.25,48022.028
301007.SZ,20250718,30.98,31.18,29.85,29.99,31.16,-3.7548,74908.0,226579.745
301008.SZ,20250718,23.3,23.35,22.78,23.0,23.13,-0.562,35439.49,81454.13
301009.SZ,20250718,13.89,13.89,13.66,13.75,13.87,-0.8652,47427.0,65105.997
301010.SZ,20250718,18.28,18.28,17.88,18.04,18.17,-0.7155,28564.0,51427.3
301011.SZ,20250718,28.39,28.45,27.98,28.09,28.4,-1.0915,27712.18,77966.717
301012.SZ,20250718,25.02,25.02,23.4,23.43,25.4,-7.7559,404528.4,969456.449
301013.SZ,20250718,17.87,17.89,17.44,17.56,17.87,-1.7348,72950.0,128362.345
301015.SZ,20250718,21.59,21.65,21.06,21.4,21.7,-1.3825,97918.0,208452.737
301016.SZ,20250718,16.72,17.28,16.66,16.9,16.75,0.8955,51095.62,86603.597
301017.SZ,20250718,12.78,12.87,12.56,12.72,12.75,-0.2353,37631.0,47731.925
301018.SZ,20250718,40.75,41.5,40.26,40.38,40.71,-0.8106,73449.0,300299.008
301019.SZ,20250718,17.57,17.84,17.18,17.26,17.56,-1.7084,78072.53,135823.04
301020.SZ,20250718,23.09,23.21,22.8,23.0,23.14,-0.605,27049.0,62138.532
301021.SZ,20250718,28.92,29.13,28.48,29.05,28.92,0.4495,33044.0,95128.277
301022.SZ,20250718,32.41,32.49,32.01,32.16,32.35,-0.5873,24028.97,77350.918
301023.SZ,20250718,44.13,44.76,43.75,44.31,44.13,0.4079,17967.1,79394.422
301024.SZ,20250718,49.91,50.48,48.7,49.06,50.2,-2.2709,38172.5,188808.974
301025.SZ,20250718,10.89,11.45,10.89,11.01,10.86,1.3812,182345.03,202691.24
301026.SZ,20250718,27.35,29.83,26.95,28.82,26.3,9.5817,180121.33,509530.741
301027.SZ,20250718,19.19,19.38,18.37,18.6,19.24,-3.3264,69008.0,129796.535
301028.SZ,20250718,12.88,13.03,12.7,12.96,12.81,1.171,72554.65,93445.996
301029.SZ,20250718,23.2,23.22,22.95,23.21,23.14,0.3025,85104.08,196707.03
301030.SZ,20250718,19.19,19.62,18.8,19.02,19.3,-1.4508,170535.3,325040.133
301031.SZ,20250718,82.22,84.0,80.97,81.2,81.92,-0.8789,23405.71,192542.745
301032.SZ,20250718,13.61,14.06,13.52,13.52,13.74,-1.6012,121968.0,167210.217
301033.SZ,20250718,61.18,61.3,59.9,60.78,60.92,-0.2298,7760.0,46878.296
301035.SZ,20250718,61.0,61.7,60.6,61.64,60.93,1.1653,12750.5,78134.347
301036.SZ,20250718,36.57,36.98,36.23,36.94,36.67,0.7363,21440.0,78557.747
301037.SZ,20250718,13.53,13.69,13.43,13.65,13.48,1.2611,18850.82,25529.225
301038.SZ,20250718,15.8,16.5,15.55,16.1,15.72,2.4173,104752.15,167817.589
301039.SZ,20250718,8.42,8.45,8.36,8.39,8.41,-0.2378,68252.18,57251.81
301040.SZ,20250718,27.12,27.3,26.46,26.67,26.59,0.3009,33892.67,90517.322
301041.SZ,20250718,26.88,27.08,26.22,26.43,26.75,-1.1963,34298.0,91027.553
301042.SZ,20250718,40.8,41.34,40.51,41.0,40.79,0.5148,15326.0,62801.534
301043.SZ,20250718,32.6,32.85,31.92,32.64,32.44,0.6165,9292.0,30062.174
301045.SZ,20250718,22.95,26.66,22.7,24.85,22.85,8.7527,115679.14,283411.898
301046.SZ,20250718,20.35,20.62,20.31,20.57,20.39,0.8828,16561.0,33892.693
301047.SZ,20250718,72.24,72.24,71.08,71.74,72.3,-0.7746,17569.7,125576.221
301048.SZ,20250718,10.5,10.69,10.36,10.69,10.5,1.8095,78826.0,83033.079
301049.SZ,20250718,23.77,23.88,23.58,23.82,23.67,0.6337,9140.0,21700.178
301050.SZ,20250718,51.7,52.34,51.4,52.0,51.77,0.4443,78438.94,407481.168
301051.SZ,20250718,20.5,20.74,20.22,20.32,20.47,-0.7328,22842.04,46519.711
301052.SZ,20250718,47.3,47.65,46.65,46.92,47.3,-0.8034,36892.51,173266.478
301053.SZ,20250718,29.12,29.7,28.73,29.33,29.13,0.6866,15093.0,43939.797
301055.SZ,20250718,20.37,20.57,19.85,20.02,20.37,-1.7182,17812.0,35744.598
301056.SZ,20250718,10.39,10.57,10.19,10.26,10.37,-1.0608,52621.57,54312.515
301057.SZ,20250718,17.15,17.65,17.0,17.58,16.95,3.7168,50135.0,86683.918
301058.SZ,20250718,11.24,11.32,11.23,11.29,11.28,0.0887,61321.0,69115.859
301059.SZ,20250718,11.9,11.93,11.76,11.88,11.86,0.1686,20107.3,23793.477
301060.SZ,20250718,10.3,10.35,10.15,10.26,10.31,-0.485,37934.0,38784.257
301061.SZ,20250718,90.45,91.97,89.0,89.29,90.44,-1.2716,9153.52,82268.907
301062.SZ,20250718,8.53,8.54,8.43,8.48,8.51,-0.3525,57409.0,48598.833
301063.SZ,20250718,28.0,28.0,27.5,27.71,27.76,-0.1801,17570.0,48674.303
301065.SZ,20250718,23.52,24.45,23.15,24.39,23.39,4.2753,60499.01,145400.284
301066.SZ,20250718,16.34,16.51,16.1,16.15,16.35,-1.2232,42578.0,69042.494
301067.SZ,20250718,30.97,31.2,30.41,30.62,31.06,-1.4166,20826.8,63841.672
301068.SZ,20250718,30.9,31.08,30.29,30.4,30.9,-1.6181,8991.91,27535.834
301069.SZ,20250718,16.51,16.67,16.35,16.43,16.51,-0.4846,71620.0,117969.611
301070.SZ,20250718,45.64,45.64,43.96,44.8,45.11,-0.6872,28052.6,125089.274
301071.SZ,20250718,29.25,29.89,29.25,29.58,29.26,1.0936,35878.0,106020.805
301072.SZ,20250718,24.19,24.99,23.93,24.9,24.27,2.5958,69779.18,170653.287
301073.SZ,20250718,22.42,22.93,22.34,22.6,22.5,0.4444,54698.33,123725.356
301075.SZ,20250718,32.39,33.91,32.15,33.49,32.39,3.3961,37419.0,124105.069
301076.SZ,20250718,30.51,30.97,29.9,30.23,30.68,-1.4668,111343.75,337105.751
301077.SZ,20250718,21.25,24.33,21.21,22.52,20.89,7.8028,122385.92,278808.726
301078.SZ,20250718,12.69,12.74,12.62,12.64,12.73,-0.707,237723.31,300688.867
301079.SZ,20250718,31.86,32.69,31.72,31.75,31.87,-0.3765,71690.6,230283.445
301080.SZ,20250718,52.17,52.5,51.2,51.65,52.18,-1.0157,32094.51,165794.962
301081.SZ,20250718,10.42,10.42,10.28,10.35,10.34,0.0967,22853.22,23637.191
301082.SZ,20250718,20.25,20.25,19.8,19.82,20.3,-2.3645,86997.0,173342.333
301083.SZ,20250718,16.19,16.22,15.95,16.11,16.17,-0.3711,29436.0,47262.001
301085.SZ,20250718,60.9,62.97,60.1,62.18,60.43,2.8959,57101.67,352022.835
301086.SZ,20250718,47.21,47.51,46.69,47.2,47.2,0.0,6674.0,31419.45
301087.SZ,20250718,36.3,36.42,35.88,36.39,36.35,0.11,17723.22,64040.258
301088.SZ,20250718,14.14,14.18,14.04,14.14,14.07,0.4975,11164.71,15742.109
301089.SZ,20250718,34.75,34.92,33.82,34.73,34.8,-0.2011,86914.0,298497.489
301090.SZ,20250718,7.84,7.97,7.83,7.89,7.82,0.8951,39547.0,31195.63
301091.SZ,20250718,28.79,29.0,28.49,28.93,28.84,0.3121,88218.17,253381.413
301092.SZ,20250718,31.34,32.37,31.25,32.11,31.28,2.6535,30786.0,98068.544
301093.SZ,20250718,26.69,27.59,26.5,27.43,26.4,3.9015,71101.86,193445.446
301095.SZ,20250718,56.23,56.86,55.61,56.05,56.2,-0.2669,47316.04,265652.283
301096.SZ,20250718,49.56,49.56,48.23,48.64,49.59,-1.9157,28505.04,139025.052
301097.SZ,20250718,42.5,43.05,41.98,42.92,42.45,1.1072,11036.7,47088.126
301098.SZ,20250718,9.36,9.4,9.29,9.34,9.34,0.0,41156.0,38433.192
301099.SZ,20250718,48.14,48.2,47.0,47.5,47.99,-1.021,32192.44,152740.472
301100.SZ,20250718,17.76,17.9,17.7,17.86,17.76,0.5631,8655.0,15416.766
301101.SZ,20250718,46.44,46.78,45.73,45.87,46.53,-1.4184,33649.21,155058.093
301102.SZ,20250718,11.5,11.59,11.35,11.38,11.41,-0.2629,33294.66,38010.314
301103.SZ,20250718,22.96,22.97,22.6,22.95,22.86,0.3937,15626.0,35575.594
301105.SZ,20250718,37.52,37.72,36.11,37.38,37.75,-0.9801,13493.41,49797.022
301106.SZ,20250718,31.35,31.48,30.8,30.98,31.31,-1.054,18017.2,55848.472
301107.SZ,20250718,29.39,29.44,28.77,28.85,29.3,-1.5358,20992.6,60899.193
301108.SZ,20250718,23.9,24.21,23.64,24.18,23.9,1.1715,19018.8,45549.76
301109.SZ,20250718,15.18,15.22,15.09,15.17,15.12,0.3307,38804.68,58735.387
301110.SZ,20250718,53.6,54.25,53.19,53.53,53.88,-0.6496,28457.0,152784.599
301111.SZ,20250718,16.85,16.9,16.61,16.87,16.88,-0.0592,20575.12,34485.094
301112.SZ,20250718,36.22,36.29,35.6,36.14,36.15,-0.0277,14925.0,53580.329
301113.SZ,20250718,21.4,21.62,21.25,21.54,21.39,0.7013,8099.9,17372.815
301115.SZ,20250718,15.65,15.7,15.51,15.65,15.62,0.1921,19717.49,30720.096
301116.SZ,20250718,11.28,11.32,11.21,11.24,11.28,-0.3546,25129.0,28266.61
301117.SZ,20250718,22.24,22.71,22.14,22.35,22.1,1.1312,48202.73,108021.037
301118.SZ,20250718,22.66,23.45,22.66,23.2,22.71,2.1576,66117.45,152943.272
301119.SZ,20250718,38.39,45.0,38.05,41.21,38.4,7.3177,119033.27,482594.726
301120.SZ,20250718,12.51,12.6,12.33,12.48,12.62,-1.1094,212456.5,264437.213
301121.SZ,20250718,40.02,40.84,40.02,40.54,40.19,0.8709,25808.43,104404.199
301122.SZ,20250718,22.33,22.43,21.99,22.32,22.3,0.0897,11820.0,26170.175
301123.SZ,20250718,24.39,24.5,24.02,24.08,24.39,-1.271,53632.25,129602.729
301125.SZ,20250718,16.57,16.6,15.69,15.8,16.49,-4.1844,91555.56,146096.95
301126.SZ,20250718,11.77,11.94,11.64,11.75,11.78,-0.2547,56367.0,66248.206
301127.SZ,20250718,15.49,15.68,15.35,15.65,15.39,1.6894,56207.47,86957.153
301128.SZ,20250718,52.43,52.98,51.83,52.05,52.46,-0.7815,24420.2,127550.889
301129.SZ,20250718,25.26,25.5,24.91,25.38,25.22,0.6344,34385.0,86604.28
301130.SZ,20250718,31.35,31.83,30.96,31.79,31.35,1.4035,16726.93,52499.268
301131.SZ,20250718,47.21,47.48,46.45,46.68,47.2,-1.1017,23730.0,110925.382
301132.SZ,20250718,44.07,44.41,38.88,39.22,39.88,-1.655,296187.31,1205437.567
301133.SZ,20250718,23.46,23.76,23.24,23.55,23.35,0.8565,15159.98,35545.006
301135.SZ,20250718,27.76,27.77,27.31,27.66,27.64,0.0724,28937.0,79633.877
301136.SZ,20250718,12.77,12.85,12.72,12.82,12.78,0.313,31556.0,40349.643
301137.SZ,20250718,35.47,35.58,34.49,34.66,35.66,-2.8043,70461.66,245006.889
301138.SZ,20250718,35.8,36.58,35.5,36.3,35.89,1.1424,39837.37,143293.298
301139.SZ,20250718,18.07,18.27,17.91,17.97,18.3,-1.8033,147310.76,265683.856
301141.SZ,20250718,70.11,77.7,69.5,72.38,71.01,1.9293,185487.24,1367778.467
301148.SZ,20250718,24.67,26.33,24.67,25.89,24.73,4.6907,43821.98,112089.869
301149.SZ,20250718,11.86,11.91,11.74,11.86,11.89,-0.2523,61357.0,72516.368
301150.SZ,20250718,22.83,24.24,22.69,23.37,22.83,2.3653,159712.46,376522.214
301151.SZ,20250718,17.85,17.9,17.58,17.75,17.85,-0.5602,43214.0,76676.112
301152.SZ,20250718,29.58,30.19,29.45,29.79,29.75,0.1345,62108.0,185211.908
301153.SZ,20250718,26.41,26.54,26.15,26.23,26.36,-0.4932,48488.54,127578.359
301155.SZ,20250718,65.92,66.33,64.16,66.3,65.81,0.7446,48872.18,319470.915
301156.SZ,20250718,19.38,19.38,19.1,19.25,19.24,0.052,21985.1,42190.203
301157.SZ,20250718,48.31,49.18,48.03,48.76,48.26,1.0361,14836.47,72032.269
301158.SZ,20250718,17.43,17.48,17.29,17.4,17.34,0.346,40062.89,69623.956
301159.SZ,20250718,36.9,37.42,36.55,36.94,36.7,0.654,67637.27,250171.093
301160.SZ,20250718,59.01,59.55,58.08,58.49,59.21,-1.216,29255.25,171583.06
301161.SZ,20250718,23.55,24.99,23.3,24.66,23.37,5.5199,109637.7,266456.214
301162.SZ,20250718,54.88,54.88,53.39,54.02,54.24,-0.4056,14878.07,80214.312
301163.SZ,20250718,25.61,26.09,25.56,26.03,25.55,1.8787,18277.0,47270.903
301165.SZ,20250718,64.09,65.5,62.86,63.25,64.09,-1.3107,122623.04,783268.037
301166.SZ,20250718,32.14,32.3,31.7,32.21,32.15,0.1866,16709.0,53450.499
301167.SZ,20250718,16.44,16.67,16.44,16.58,16.47,0.6679,18569.2,30724.235
301168.SZ,20250718,38.33,39.44,38.33,38.73,38.71,0.0517,24471.29,95147.548
301169.SZ,20250718,42.52,42.84,42.02,42.24,42.76,-1.2161,12561.0,53247.809
301170.SZ,20250718,27.96,29.49,27.78,29.15,27.93,4.3681,53410.58,154078.49
301171.SZ,20250718,27.97,28.49,27.37,27.72,27.39,1.2048,371418.25,1036893.997
301172.SZ,20250718,21.52,21.77,21.45,21.58,21.57,0.0464,27565.2,59523.564
301173.SZ,20250718,45.16,45.27,44.7,45.0,45.2,-0.4425,7139.36,32081.591
301175.SZ,20250718,5.33,5.35,5.32,5.35,5.33,0.3752,127398.0,68005.753
301176.SZ,20250718,34.69,35.8,33.44,33.49,35.16,-4.7497,183005.53,629866.989
301177.SZ,20250718,28.34,28.68,28.22,28.46,28.34,0.4234,8596.0,24419.881
301178.SZ,20250718,54.3,55.18,54.03,54.69,54.3,0.7182,35080.6,191466.684
301179.SZ,20250718,15.05,15.15,14.8,14.86,15.07,-1.3935,39289.88,58676.465
301180.SZ,20250718,14.87,14.98,14.72,14.81,14.91,-0.6707,28728.0,42524.49
301181.SZ,20250718,26.56,26.61,26.01,26.3,26.62,-1.2021,28557.47,74852.608
301182.SZ,20250718,36.93,38.07,36.3,38.07,36.82,3.3949,83089.22,309404.674
301183.SZ,20250718,77.01,77.57,74.0,75.59,77.59,-2.5777,113430.99,856605.341
301185.SZ,20250718,19.62,20.05,19.56,19.71,19.55,0.8184,46094.0,90958.758
301186.SZ,20250718,43.8,45.43,43.58,45.09,43.88,2.7575,21122.51,94507.713
301187.SZ,20250718,28.49,28.6,27.72,27.84,28.43,-2.0753,41648.8,116423.224
301188.SZ,20250718,20.16,20.8,20.07,20.5,20.23,1.3347,72944.0,148824.55
301189.SZ,20250718,27.55,27.88,27.29,27.76,27.56,0.7257,18393.27,50753.312
301190.SZ,20250718,22.83,23.12,22.61,22.86,22.74,0.5277,21951.04,50216.024
301191.SZ,20250718,88.5,88.7,86.28,86.88,88.71,-2.0629,31206.12,271768.892
301192.SZ,20250718,25.52,25.77,25.1,25.68,25.5,0.7059,17106.5,43643.38
301193.SZ,20250718,19.42,20.0,19.04,19.62,19.41,1.0819,73147.58,143277.338
301195.SZ,20250718,37.09,37.12,36.49,36.65,36.8,-0.4076,15497.0,56888.824
301196.SZ,20250718,83.66,84.0,80.7,83.24,83.66,-0.502,64464.42,530274.615
301197.SZ,20250718,21.02,21.13,20.4,20.54,21.02,-2.2835,69655.0,144099.888
301198.SZ,20250718,11.55,11.58,11.35,11.5,11.47,0.2616,21247.1,24344.791
301199.SZ,20250718,25.75,25.9,25.54,25.82,25.75,0.2718,29684.4,76325.59
301200.SZ,20250718,47.0,49.5,46.61,46.96,46.94,0.0426,53154.52,254274.061
301201.SZ,20250718,25.28,26.56,24.76,26.4,25.28,4.4304,106597.63,275951.715
301202.SZ,20250718,43.78,44.65,43.58,43.7,43.9,-0.4556,30494.0,133934.405
301203.SZ,20250718,33.0,34.0,32.94,33.5,33.06,1.3309,11733.25,39261.474
301205.SZ,20250718,95.46,96.49,93.1,93.51,95.85,-2.4413,85787.24,813336.578
301206.SZ,20250718,30.1,30.18,29.8,29.91,30.06,-0.499,18576.0,55593.369
301207.SZ,20250718,17.57,17.61,17.36,17.58,17.57,0.0569,19967.64,34888.57
301208.SZ,20250718,46.8,47.31,46.56,46.72,46.98,-0.5534,69491.52,325736.134
301209.SZ,20250718,98.44,99.96,97.57,99.51,98.48,1.0459,11632.4,114670.566
301210.SZ,20250718,42.23,42.23,40.8,41.5,42.09,-1.4018,45076.13,186100.253
301211.SZ,20250718,18.44,18.55,18.1,18.44,18.48,-0.2165,40767.2,74511.791
301212.SZ,20250718,26.72,26.96,26.53,26.79,26.72,0.262,9659.0,25829.097
301213.SZ,20250718,55.76,61.23,55.75,59.24,56.16,5.4843,73483.33,433812.49
301215.SZ,20250718,6.23,6.27,6.19,6.27,6.23,0.6421,60296.0,37580.31
301216.SZ,20250718,13.13,13.22,12.97,13.06,13.16,-0.7599,64258.18,83905.342
301217.SZ,20250718,21.51,23.25,21.3,21.52,20.86,3.164,888789.56,1968140.05
301218.SZ,20250718,21.88,22.72,21.83,22.34,21.73,2.8072,64387.1,143744.263
301219.SZ,20250718,51.57,52.5,51.57,51.75,51.53,0.4269,49356.15,256854.745
301220.SZ,20250718,44.33,44.55,42.86,43.35,44.12,-1.7452,31805.6,137675.556
301221.SZ,20250718,52.86,53.19,52.3,52.65,52.63,0.038,24337.0,128216.628
301222.SZ,20250718,29.1,29.31,28.89,29.18,29.01,0.586,11582.0,33647.479
301223.SZ,20250718,17.23,17.24,17.06,17.14,17.13,0.0584,11904.98,20398.889
301225.SZ,20250718,88.9,88.91,84.34,84.5,89.8,-5.902,30165.0,259248.985
301226.SZ,20250718,28.12,28.2,27.75,28.12,28.11,0.0356,23228.64,65024.902
301227.SZ,20250718,26.82,28.59,26.52,28.1,26.8,4.8507,38443.57,107389.943
301228.SZ,20250718,29.82,30.39,27.8,29.2,30.13,-3.0866,100448.35,292823.453
301229.SZ,20250718,19.52,19.52,19.02,19.1,19.29,-0.985,25590.76,48970.339
301230.SZ,20250718,38.25,38.45,37.07,37.48,38.63,-2.977,108712.9,408021.565
301231.SZ,20250718,22.85,24.12,22.71,23.9,22.57,5.8928,101734.9,239646.04
301232.SZ,20250718,32.53,32.77,31.56,32.06,32.16,-0.3109,40181.68,128402.382
301233.SZ,20250718,54.48,54.48,53.61,54.01,54.13,-0.2217,9952.0,53719.56
301234.SZ,20250718,35.71,35.71,34.4,35.06,35.34,-0.7923,23664.99,82497.982
301235.SZ,20250718,25.74,25.74,25.21,25.52,25.63,-0.4292,19410.69,49371.786
301236.SZ,20250718,56.0,56.65,55.67,56.0,57.42,-2.473,376934.0,2117880.381
301237.SZ,20250718,32.48,37.6,32.48,36.86,32.5,13.4154,60513.38,218056.155
301238.SZ,20250718,18.6,19.05,18.53,18.73,18.5,1.2432,116318.13,218473.446
301239.SZ,20250718,39.92,39.95,39.41,39.9,39.92,-0.0501,14445.0,57276.876
301246.SZ,20250718,15.51,15.52,15.24,15.45,15.51,-0.3868,46056.0,70757.357
301248.SZ,20250718,25.62,25.75,25.11,25.17,25.49,-1.2554,56855.71,143889.973
301251.SZ,20250718,41.6,43.13,40.75,40.93,41.15,-0.5346,111639.28,467131.728
301252.SZ,20250718,27.16,27.19,26.53,26.76,27.08,-1.1817,36272.06,97136.73
301255.SZ,20250718,31.2,31.38,30.88,31.1,31.29,-0.6072,23842.33,74172.851
301256.SZ,20250718,10.45,10.6,10.38,10.55,10.41,1.3449,106431.0,111761.1
301257.SZ,20250718,37.17,37.8,36.3,37.26,37.34,-0.2142,42263.0,156095.872
301258.SZ,20250718,34.0,36.0,33.31,35.65,34.11,4.5148,82251.99,285098.809
301259.SZ,20250718,46.5,47.2,45.59,46.0,46.0,0.0,30750.0,142439.878
301260.SZ,20250718,21.58,21.63,21.11,21.46,21.68,-1.0148,116069.36,247766.797
301261.SZ,20250718,88.53,90.88,87.77,88.4,91.07,-2.9318,70054.03,621523.703
301262.SZ,20250718,26.4,26.76,26.3,26.37,26.35,0.0759,26849.0,71112.704
301263.SZ,20250718,41.0,41.42,39.25,40.1,41.4,-3.1401,87838.2,351668.78
301265.SZ,20250718,11.78,13.8,11.64,13.53,11.76,15.051,455232.97,586552.745
301266.SZ,20250718,35.88,36.47,35.18,35.3,35.97,-1.8627,40169.33,142853.297
301267.SZ,20250718,19.65,19.76,19.55,19.71,19.68,0.1524,39571.2,77739.095
301268.SZ,20250718,19.17,19.76,19.09,19.2,19.17,0.1565,32986.06,63716.277
301269.SZ,20250718,110.99,111.59,110.42,110.82,111.06,-0.2161,22964.1,254669.919
301270.SZ,20250718,47.08,47.99,44.49,46.87,47.7,-1.74,55339.0,258038.905
301272.SZ,20250718,38.0,38.85,38.0,38.37,37.98,1.0269,10643.54,40770.119
301273.SZ,20250718,25.91,27.77,25.76,27.28,25.84,5.5728,49201.0,132513.3
301275.SZ,20250718,57.14,57.87,56.8,56.88,57.02,-0.2455,17994.52,102786.596
301276.SZ,20250718,21.0,21.47,21.0,21.19,21.13,0.284,25471.43,53914.437
301277.SZ,20250718,14.88,15.33,14.57,15.22,14.82,2.6991,196819.9,295090.551
301278.SZ,20250718,34.77,35.15,34.38,34.52,34.63,-0.3176,8873.1,30689.194
301279.SZ,20250718,24.94,25.8,24.57,25.37,25.05,1.2774,110955.25,279184.609
301280.SZ,20250718,41.11,41.24,40.6,40.77,41.1,-0.8029,21484.0,87781.239
301281.SZ,20250718,33.13,33.65,32.85,33.62,33.2,1.2651,23077.7,76667.453
301282.SZ,20250718,25.42,25.94,25.12,25.24,25.48,-0.9419,74252.06,188918.368
301283.SZ,20250718,37.01,37.23,36.41,37.15,37.08,0.1888,13089.5,48157.133
301285.SZ,20250718,35.23,35.86,34.72,34.87,35.23,-1.0219,37810.0,132885.863
301286.SZ,20250718,27.6,27.65,27.19,27.4,27.35,0.1828,19270.0,52830.059
301287.SZ,20250718,41.1,41.15,40.37,40.66,40.75,-0.2209,11807.0,47911.085
301288.SZ,20250718,13.55,13.95,13.27,13.37,13.6,-1.6912,27192.35,37078.997
301289.SZ,20250718,49.4,49.75,49.2,49.55,49.61,-0.1209,8156.5,40269.148
301290.SZ,20250718,26.17,26.52,25.94,26.32,26.22,0.3814,18421.0,48232.482
301291.SZ,20250718,43.38,43.38,41.66,41.93,42.98,-2.443,35137.72,148001.786
301292.SZ,20250718,20.0,20.41,19.9,19.97,20.06,-0.4487,67549.98,135991.927
301293.SZ,20250718,50.08,50.3,49.3,49.49,49.3,0.3854,92509.82,459533.581
301295.SZ,20250718,24.84,24.84,24.4,24.71,24.69,0.081,27376.0,67454.813
301296.SZ,20250718,9.69,9.71,9.6,9.67,9.66,0.1035,26700.0,25756.724
301297.SZ,20250718,41.08,41.78,40.72,41.74,41.09,1.5819,60126.28,247930.943
301298.SZ,20250718,17.03,17.45,16.87,17.4,17.07,1.9332,65181.0,111992.367
301299.SZ,20250718,66.12,66.45,65.15,65.25,66.11,-1.3009,18417.25,120556.613
301300.SZ,20250718,37.33,38.98,37.33,38.71,37.33,3.6968,36257.02,138662.542
301301.SZ,20250718,12.66,12.79,12.35,12.47,12.27,1.63,423695.79,529599.694
301302.SZ,20250718,24.13,24.86,23.99,24.05,24.03,0.0832,66829.1,162104.627
301303.SZ,20250718,15.44,15.44,15.26,15.3,15.4,-0.6494,15136.4,23180.096
301305.SZ,20250718,18.36,18.52,18.2,18.52,18.33,1.0366,20796.14,38177.194
301306.SZ,20250718,53.3,53.89,52.35,53.54,53.52,0.0374,54100.0,286416.518
301307.SZ,20250718,24.52,24.79,24.1,24.38,24.57,-0.7733,69383.41,169143.984
301308.SZ,20250718,83.12,83.73,81.01,81.35,83.22,-2.2471,51352.42,421568.811
301309.SZ,20250718,27.65,28.26,27.39,27.77,27.5,0.9818,16529.0,45923.362
301310.SZ,20250718,39.82,40.07,39.16,39.53,39.8,-0.6784,29168.27,115372.182
301311.SZ,20250718,21.7,22.22,21.44,22.11,21.85,1.1899,113890.84,249262.238
301312.SZ,20250718,43.1,43.68,42.26,43.06,43.54,-1.1024,68752.42,294093.521
301313.SZ,20250718,26.31,26.78,25.71,25.71,25.93,-0.8484,95481.21,249366.43
301314.SZ,20250718,41.52,41.52,40.84,41.15,41.26,-0.2666,5944.1,24434.851
301315.SZ,20250718,53.9,54.3,53.01,53.03,53.95,-1.7053,24864.53,133476.869
301316.SZ,20250718,41.08,42.2,40.78,41.8,41.36,1.0638,243905.41,1013326.752
301317.SZ,20250718,33.73,34.0,33.52,33.86,33.94,-0.2357,28612.5,96545.826
301318.SZ,20250718,33.76,33.76,33.13,33.56,33.61,-0.1488,24585.5,82185.202
301319.SZ,20250718,28.9,29.05,28.4,28.55,28.89,-1.1769,33318.98,95222.516
301320.SZ,20250718,19.88,20.14,19.77,19.9,19.85,0.2519,49623.0,98797.474
301321.SZ,20250718,15.97,16.85,15.97,16.13,15.9,1.4465,127619.22,208133.819
301322.SZ,20250718,28.15,28.52,27.98,28.17,28.1,0.2491,14016.8,39535.248
301323.SZ,20250718,44.38,45.81,44.15,44.8,44.28,1.1743,30316.08,136484.005
301325.SZ,20250718,60.65,61.99,60.4,60.7,60.62,0.132,41138.48,251295.402
301326.SZ,20250718,74.39,76.64,73.21,74.1,76.45,-3.0739,24093.3,179231.185
301327.SZ,20250718,57.5,59.48,56.64,59.41,56.49,5.1691,62041.32,363011.023
301328.SZ,20250718,43.39,43.41,42.5,42.95,43.05,-0.2323,16513.18,70729.117
301329.SZ,20250718,20.31,20.39,20.08,20.2,20.21,-0.0495,15178.1,30669.665
301330.SZ,20250718,28.03,28.59,27.42,27.92,27.65,0.9765,114844.55,321835.781
301331.SZ,20250718,35.98,36.4,35.0,36.03,35.7,0.9244,25661.0,91457.398
301332.SZ,20250718,10.94,11.02,10.89,10.95,10.94,0.0914,31043.0,33954.2
301333.SZ,20250718,54.06,54.27,52.87,53.41,54.25,-1.5484,29603.14,157708.861
301335.SZ,20250718,34.01,34.06,33.06,33.24,34.08,-2.4648,48157.2,160733.887
301336.SZ,20250718,55.95,58.66,55.7,57.37,55.67,3.0537,36916.0,211594.855
301337.SZ,20250718,30.19,30.5,29.8,30.11,30.19,-0.265,29669.0,89241.96
301338.SZ,20250718,43.92,44.72,43.58,44.17,43.8,0.8447,34772.6,152992.139
301339.SZ,20250718,17.51,17.59,17.33,17.39,17.51,-0.6853,73526.6,128024.172
301345.SZ,20250718,140.14,141.5,137.3,138.8,141.69,-2.0397,29209.0,406504.385
301348.SZ,20250718,20.43,20.47,20.2,20.39,20.36,0.1473,55422.98,112550.138
301349.SZ,20250718,37.25,37.93,37.06,37.34,37.25,0.2416,31376.5,117486.267
301353.SZ,20250718,25.6,25.6,25.1,25.48,25.43,0.1966,7954.77,20198.706
301355.SZ,20250718,12.4,12.45,12.28,12.33,12.35,-0.1619,43337.0,53519.17
301356.SZ,20250718,17.79,17.8,17.61,17.8,17.7,0.565,10433.48,18470.386
301357.SZ,20250718,83.5,87.8,80.6,83.61,85.47,-2.1762,103067.86,863721.44
301358.SZ,20250718,30.92,31.97,30.92,31.49,30.9,1.9094,205423.78,648944.069
301359.SZ,20250718,21.2,21.23,20.87,21.03,21.12,-0.4261,22825.2,47939.011
301360.SZ,20250718,50.0,50.02,49.03,49.56,49.61,-0.1008,5678.0,28109.8
301361.SZ,20250718,32.58,32.9,32.15,32.33,32.58,-0.7673,16784.17,54389.786
301362.SZ,20250718,41.68,41.85,41.12,41.48,41.6,-0.2885,6728.0,27842.271
301363.SZ,20250718,18.64,18.87,18.46,18.58,18.65,-0.3753,59155.44,109979.584
301365.SZ,20250718,18.04,18.15,17.81,18.0,17.98,0.1112,16918.0,30376.867
301366.SZ,20250718,40.01,40.3,39.02,39.08,39.66,-1.4624,67127.48,265796.29
301367.SZ,20250718,83.41,83.59,81.6,82.85,83.62,-0.9208,6944.2,57344.735
301368.SZ,20250718,63.3,63.62,62.42,63.47,63.3,0.2686,52503.0,331355.162
301369.SZ,20250718,53.82,53.92,53.16,53.35,53.51,-0.299,7307.5,39067.647
301370.SZ,20250718,11.04,11.07,10.91,11.06,11.01,0.4541,41015.0,45144.794
301371.SZ,20250718,25.61,25.7,25.45,25.64,25.58,0.2346,11563.9,29539.668
301372.SZ,20250718,23.5,23.59,23.22,23.58,23.33,1.0716,13380.0,31350.541
301373.SZ,20250718,32.2,33.59,32.02,33.53,32.13,4.3573,46554.33,154078.357
301376.SZ,20250718,18.14,18.19,18.0,18.14,18.13,0.0552,14444.41,26123.009
301377.SZ,20250718,44.32,47.47,43.44,44.98,43.88,2.5068,150580.48,686148.802
301378.SZ,20250718,32.2,33.63,31.7,31.78,31.26,1.6635,110630.2,361185.897
301379.SZ,20250718,27.51,28.3,26.67,26.86,27.22,-1.3226,87716.78,237749.266
301380.SZ,20250718,37.43,37.57,36.82,36.86,37.24,-1.0204,29702.04,110092.056
301381.SZ,20250718,20.36,20.51,20.2,20.46,20.36,0.4912,27978.46,56952.218
301382.SZ,20250718,31.09,32.54,31.09,32.4,31.42,3.119,277048.26,882284.497
301383.SZ,20250718,38.84,39.08,38.42,38.78,38.72,0.155,16896.6,65421.957
301386.SZ,20250718,22.64,22.82,22.5,22.79,22.62,0.7515,23059.96,52304.53
301387.SZ,20250718,39.3,39.5,38.76,39.05,39.5,-1.1392,22817.54,89033.971
301388.SZ,20250718,36.73,40.43,36.58,40.21,38.3,4.9869,145486.82,569869.168
301389.SZ,20250718,33.51,35.0,33.12,33.12,33.03,0.2725,244391.45,831105.142
301390.SZ,20250718,36.77,36.96,36.51,36.92,36.79,0.3534,8643.0,31752.315
301391.SZ,20250718,44.66,44.82,43.64,43.9,44.52,-1.3926,9003.83,39597.439
301392.SZ,20250718,126.0,138.86,124.0,136.0,127.0,7.0866,36315.53,468172.601
301393.SZ,20250718,55.33,55.54,54.05,54.74,55.57,-1.4936,29227.0,159324.468
301395.SZ,20250718,11.65,11.68,11.51,11.62,11.6,0.1724,19739.56,22863.943
301396.SZ,20250718,60.5,61.0,59.53,59.67,60.5,-1.3719,78068.65,468326.349
301397.SZ,20250718,27.94,28.37,27.55,28.02,27.95,0.2504,19080.48,53191.394
301398.SZ,20250718,40.05,40.25,39.27,39.46,40.05,-1.4732,28972.0,114923.364
301399.SZ,20250718,19.32,19.46,19.06,19.21,19.38,-0.8772,31268.48,60132.814
301408.SZ,20250718,14.23,14.3,14.0,14.22,14.23,-0.0703,88063.47,124441.719
301413.SZ,20250718,77.73,78.47,76.75,77.06,78.2,-1.4578,25490.13,197265.105
301418.SZ,20250718,36.9,37.09,36.68,37.04,36.9,0.3794,8314.0,30656.484
301419.SZ,20250718,29.67,30.23,29.19,29.4,29.58,-0.6085,34290.36,101216.958
301421.SZ,20250718,72.8,76.88,71.9,76.02,73.44,3.5131,85484.28,632097.497
301428.SZ,20250718,41.6,42.22,41.31,41.35,41.8,-1.0766,39219.5,163500.204
301429.SZ,20250718,18.78,18.88,18.6,18.88,18.71,0.9086,10321.0,19365.509
301439.SZ,20250718,16.68,16.68,16.32,16.47,16.62,-0.9025,61496.0,101202.566
301446.SZ,20250718,23.89,24.12,23.63,24.11,23.81,1.26,10980.32,26239.395
301448.SZ,20250718,28.01,29.5,27.97,29.09,28.11,3.4863,38049.7,110200.106
301456.SZ,20250718,24.8,26.3,24.54,25.6,24.8,3.2258,59796.08,152540.803
301458.SZ,20250718,36.89,36.9,35.42,35.5,36.38,-2.4189,90560.76,325463.131
301459.SZ,20250718,45.65,45.65,44.25,44.64,45.47,-1.8254,23463.45,104924.374
301468.SZ,20250718,23.78,23.86,23.6,23.85,23.76,0.3788,11027.62,26170.134
301469.SZ,20250718,27.73,28.56,27.61,27.92,27.72,0.7215,18448.0,51685.618
301479.SZ,20250718,86.0,87.9,85.61,87.17,85.78,1.6204,18728.76,162845.765
301486.SZ,20250718,71.17,71.93,69.52,69.76,71.29,-2.1462,61958.0,435208.703
301487.SZ,20250718,21.05,21.9,21.0,21.24,20.97,1.2876,221613.24,475745.821
301488.SZ,20250718,74.1,74.84,73.1,73.66,74.51,-1.1408,22891.51,168826.243
301489.SZ,20250718,70.74,72.74,69.05,70.5,69.08,2.0556,72708.8,516978.986
301498.SZ,20250718,90.78,92.2,90.2,91.18,91.46,-0.3061,23043.35,209751.855
301499.SZ,20250718,27.69,27.8,27.34,27.74,27.7,0.1444,18169.09,50046.267
301500.SZ,20250718,15.99,16.65,15.98,16.64,15.94,4.3915,89579.4,146880.824
301501.SZ,20250718,56.61,59.57,55.9,59.57,56.53,5.3777,77270.04,450211.646
301502.SZ,20250718,42.49,42.7,41.77,42.67,42.44,0.5419,7382.0,31199.819
301503.SZ,20250718,39.64,39.88,39.42,39.65,39.62,0.0757,7894.0,31265.201
301505.SZ,20250718,20.55,21.42,20.25,21.05,20.61,2.1349,86612.84,180593.962
301507.SZ,20250718,15.25,15.26,14.98,15.13,15.23,-0.6566,53790.12,81081.041
301508.SZ,20250718,33.93,34.17,33.79,34.14,33.99,0.4413,22532.0,76639.492
301509.SZ,20250718,39.51,39.8,38.42,38.96,39.86,-2.2579,56486.47,219450.954
301510.SZ,20250718,31.48,31.58,30.98,31.32,31.51,-0.603,66921.0,208803.959
301511.SZ,20250718,26.34,27.5,25.33,25.45,26.37,-3.4888,459650.4,1201458.677
301512.SZ,20250718,42.9,43.18,42.4,42.69,42.81,-0.2803,6933.0,29621.386
301515.SZ,20250718,21.31,21.41,21.06,21.37,21.26,0.5174,10997.0,23342.741
301516.SZ,20250718,17.65,17.79,17.47,17.58,17.75,-0.9577,58147.53,102298.336
301517.SZ,20250718,42.5,42.75,41.8,42.18,42.53,-0.8229,36066.2,151959.925
301518.SZ,20250718,23.4,23.47,22.78,23.1,23.52,-1.7857,64768.12,149242.955
301519.SZ,20250718,13.86,13.96,13.78,13.96,13.77,1.3798,17645.0,24499.625
301520.SZ,20250718,46.37,46.47,45.37,46.22,46.56,-0.7302,21700.0,99392.698
301522.SZ,20250718,34.66,35.75,34.66,35.43,34.75,1.9568,40111.89,141370.605
301525.SZ,20250718,78.0,78.34,76.8,77.16,78.35,-1.5188,10788.26,83338.546
301526.SZ,20250718,4.91,5.15,4.89,4.93,4.98,-1.004,1529764.19,766242.328
301528.SZ,20250718,59.25,59.25,57.0,58.16,58.21,-0.0859,11674.0,67684.771
301529.SZ,20250718,43.11,47.27,42.8,47.27,43.07,9.7516,78459.89,358073.192
301533.SZ,20250718,39.45,39.77,39.05,39.26,39.57,-0.7834,18012.2,70850.831
301535.SZ,20250718,20.33,20.69,20.31,20.37,20.54,-0.8277,39823.45,81334.741
301536.SZ,20250718,58.39,59.24,58.03,58.69,58.31,0.6517,45166.17,264939.951
301538.SZ,20250718,56.36,57.6,55.9,56.6,57.5,-1.5652,23536.92,133219.367
301539.SZ,20250718,19.75,19.89,19.53,19.77,19.74,0.152,13629.61,26836.612
301548.SZ,20250718,50.01,50.19,49.52,50.1,50.0,0.2,13336.29,66527.738
301550.SZ,20250718,96.26,98.88,95.5,97.89,97.45,0.4515,50576.8,490800.668
301551.SZ,20250718,48.89,49.42,48.8,49.06,48.95,0.2247,12489.3,61367.221
301552.SZ,20250718,39.79,39.79,38.88,39.18,39.86,-1.706,24245.15,94924.154
301555.SZ,20250718,31.23,31.35,30.12,30.27,31.36,-3.4758,55470.56,168725.278
301556.SZ,20250718,102.9,112.0,102.9,110.0,102.75,7.056,41133.22,447792.42
301557.SZ,20250718,71.77,72.88,71.44,72.38,71.78,0.8359,5420.0,39041.871
301558.SZ,20250718,9.3,9.48,9.21,9.31,9.29,0.2153,308147.74,287147.59
301559.SZ,20250718,16.54,17.49,16.42,17.02,16.47,3.3394,123851.14,210131.911
301560.SZ,20250718,36.8,37.38,36.09,36.16,36.68,-1.4177,39852.58,145583.522
301565.SZ,20250718,22.87,23.07,22.74,22.89,22.95,-0.2614,46885.0,107318.481
301566.SZ,20250718,17.1,17.24,16.76,16.86,17.1,-1.4035,78815.61,133290.806
301567.SZ,20250718,42.1,42.33,41.67,41.8,42.07,-0.6418,6988.0,29286.768
301568.SZ,20250718,38.4,38.5,37.88,38.09,38.4,-0.8073,22780.0,86707.426
301571.SZ,20250718,47.01,47.96,47.01,47.4,47.2,0.4237,17045.5,80984.927
301577.SZ,20250718,60.2,60.6,59.79,60.01,60.09,-0.1331,6911.0,41482.491
301578.SZ,20250718,36.22,36.45,35.71,35.98,35.96,0.0556,9154.0,32895.239
301580.SZ,20250718,43.53,45.78,42.84,45.2,43.35,4.2676,45450.45,202623.695
301581.SZ,20250718,52.8,53.19,52.33,52.59,52.66,-0.1329,7215.0,38028.181
301585.SZ,20250718,34.66,34.93,34.35,34.62,34.6,0.0578,19979.74,69143.805
301586.SZ,20250718,60.65,61.41,59.58,59.97,61.41,-2.3449,27254.54,164219.82
301587.SZ,20250718,22.49,22.8,22.42,22.73,22.52,0.9325,17512.0,39589.059
301588.SZ,20250718,18.67,18.74,18.5,18.74,18.62,0.6445,11559.27,21533.367
301589.SZ,20250718,151.59,151.59,149.68,150.85,150.81,0.0265,2745.75,41285.126
301590.SZ,20250718,153.55,155.51,152.78,154.12,153.05,0.6991,7090.76,109232.041
301591.SZ,20250718,41.79,41.94,41.03,41.56,41.9,-0.8115,24474.1,101332.275
301592.SZ,20250718,142.01,148.88,141.67,144.79,142.38,1.6927,15246.0,221955.812
301595.SZ,20250718,38.69,38.69,38.3,38.56,38.49,0.1819,12277.24,47222.384
301596.SZ,20250718,86.58,86.58,85.2,85.75,85.93,-0.2095,8716.72,74702.539
301598.SZ,20250718,62.29,62.33,61.85,62.33,62.17,0.2574,5231.0,32468.543
301600.SZ,20250718,100.0,107.07,99.59,105.96,100.0,5.96,40637.4,424878.886
301601.SZ,20250718,34.38,35.8,34.14,34.89,34.48,1.1891,45850.94,159869.846
301602.SZ,20250718,26.22,26.27,25.88,26.02,26.2,-0.687,26288.0,68328.797
301603.SZ,20250718,52.63,54.65,52.0,54.04,52.39,3.1495,31757.71,169179.006
301606.SZ,20250718,47.27,47.48,46.7,47.16,47.27,-0.2327,8448.39,39799.428
301607.SZ,20250718,35.65,36.09,35.37,35.55,35.52,0.0845,18863.61,67294.535
301608.SZ,20250718,79.35,80.6,78.8,79.08,79.34,-0.3277,10459.59,83045.013
301611.SZ,20250718,52.08,52.3,51.43,52.18,51.93,0.4814,21687.08,112516.448
301613.SZ,20250718,55.27,60.0,55.27,57.61,56.44,2.073,86027.08,498880.347
301616.SZ,20250718,42.25,42.45,41.96,42.19,42.24,-0.1184,10420.0,43971.92
301617.SZ,20250718,39.49,39.75,39.31,39.6,39.62,-0.0505,9788.39,38757.421
301618.SZ,20250718,59.52,60.3,59.38,59.75,59.52,0.3864,6656.8,39784.447
301622.SZ,20250718,84.56,89.0,84.2,85.72,84.84,1.0372,58560.9,507680.575
301626.SZ,20250718,107.0,110.68,105.98,108.51,105.99,2.3776,22656.25,244682.919
301628.SZ,20250718,88.75,91.98,88.18,89.58,88.98,0.6743,26906.12,242016.873
301629.SZ,20250718,152.0,152.4,150.0,150.48,151.74,-0.8304,7106.7,107235.262
301630.SZ,20250718,166.01,177.0,166.01,172.19,163.65,5.2185,45419.74,780931.773
301631.SZ,20250718,81.32,82.29,80.59,80.8,81.27,-0.5783,8947.73,72690.744
301633.SZ,20250718,72.71,77.3,72.5,74.73,72.7,2.7923,14526.26,109287.927
301636.SZ,20250718,56.85,57.22,56.68,57.04,57.25,-0.3668,12921.11,73507.795
301658.SZ,20250718,34.15,34.5,33.93,34.39,34.39,0.0,66961.32,229025.992
301662.SZ,20250718,99.08,106.98,98.02,104.95,98.45,6.6023,41136.15,428987.251
301665.SZ,20250718,31.27,31.77,30.95,31.13,31.17,-0.1283,34261.01,107198.613
301678.SZ,20250718,54.02,54.27,52.58,53.15,53.56,-0.7655,93909.67,499042.263
302132.SZ,20250718,85.32,87.5,84.9,86.59,85.98,0.7095,238895.8,2060871.528
920017.BJ,20250718,21.8,22.18,21.62,22.08,21.7,1.7512,41397.96,90853.192
920047.BJ,20250718,22.66,22.99,22.23,22.59,22.89,-1.3106,58184.97,131260.214
920090.BJ,20250718,10.01,10.14,9.5,9.56,9.99,-4.3043,239960.32,233284.093
920139.BJ,20250718,25.91,26.13,25.4,25.61,25.9,-1.1197,44031.11,113147.793
920198.BJ,20250718,13.54,13.7,13.26,13.27,13.43,-1.1914,28747.37,38551.456
920300.BJ,20250718,18.63,18.69,18.05,18.2,18.51,-1.6748,30403.77,55406.138
920418.BJ,20250718,29.9,30.0,29.44,29.47,29.9,-1.4381,25738.07,76234.513
920425.BJ,20250718,24.87,25.13,24.32,24.47,24.87,-1.6084,19135.58,47124.576
920476.BJ,20250718,17.62,17.62,17.0,17.17,17.55,-2.1652,20417.7,35079.921
920478.BJ,20250718,20.76,20.86,20.4,20.62,20.66,-0.1936,14404.09,29676.945
920510.BJ,20250718,22.98,23.06,22.53,22.68,22.98,-1.3055,26387.41,60031.425
920556.BJ,20250718,11.61,11.77,11.38,11.42,11.68,-2.226,38918.11,44735.771
920564.BJ,20250718,22.47,22.71,21.69,21.69,22.14,-2.0325,36650.62,81059.306
920685.BJ,20250718,15.62,15.62,15.2,15.3,15.46,-1.0349,11714.26,17937.538
920718.BJ,20250718,18.51,19.3,18.5,18.72,18.51,1.1345,24022.29,45382.763
600000.SH,20250718,13.47,13.65,13.39,13.46,13.44,0.1488,561747.33,758987.555
600004.SH,20250718,9.29,9.35,9.26,9.33,9.29,0.4306,91606.83,85285.079
600006.SH,20250718,7.34,7.37,7.27,7.33,7.32,0.1366,315440.51,230484.606
600007.SH,20250718,20.92,21.0,20.76,20.79,20.85,-0.2878,18998.0,39697.357
600008.SH,20250718,3.09,3.1,3.08,3.09,3.08,0.3247,607442.95,187678.845
600009.SH,20250718,31.82,32.15,31.82,32.14,31.83,0.9739,88990.11,284890.322
600010.SH,20250718,2.02,2.2,2.01,2.14,2.01,6.4677,21647308.62,4591689.417
600011.SH,20250718,6.97,7.04,6.94,7.03,6.94,1.2968,495245.95,346192.012
600012.SH,20250718,17.01,17.19,17.0,17.15,17.02,0.7638,27524.69,47130.527
600015.SH,20250718,8.31,8.4,8.28,8.33,8.3,0.3614,341473.99,285267.545
600016.SH,20250718,5.4,5.52,5.4,5.44,5.41,0.5545,2954445.84,1616192.075
600017.SH,20250718,3.21,3.22,3.19,3.21,3.2,0.3125,218021.95,69917.815
600018.SH,20250718,5.6,5.64,5.59,5.63,5.59,0.7156,386464.81,217200.147
600019.SH,20250718,7.05,7.14,7.04,7.1,7.04,0.8523,538014.52,381750.229
600020.SH,20250718,4.79,4.84,4.78,4.81,4.77,0.8386,93264.79,44834.773
600021.SH,20250718,9.07,9.1,9.04,9.1,9.07,0.3308,351091.34,318444.706
600022.SH,20250718,1.44,1.46,1.44,1.44,1.44,0.0,606026.65,87742.467
600023.SH,20250718,5.11,5.15,5.1,5.14,5.11,0.5871,523500.83,268814.466
600025.SH,20250718,9.36,9.43,9.32,9.41,9.35,0.6417,230123.76,215826.623
600026.SH,20250718,10.04,10.08,10.04,10.06,10.06,0.0,185828.62,186754.967
600027.SH,20250718,5.38,5.39,5.35,5.38,5.38,0.0,611784.84,328334.876
600028.SH,20250718,5.75,5.83,5.74,5.82,5.73,1.5707,1472295.51,853299.657
600029.SH,20250718,5.69,5.71,5.68,5.7,5.69,0.1757,284617.79,162074.114
600030.SH,20250718,28.3,28.46,28.16,28.34,28.25,0.3186,666698.3,1886801.282
600031.SH,20250718,18.88,19.07,18.71,19.01,18.84,0.9023,416451.09,787752.266
600032.SH,20250718,7.73,7.73,7.65,7.72,7.72,0.0,71281.7,54852.261
600033.SH,20250718,3.49,3.5,3.48,3.5,3.49,0.2865,180671.59,63090.301
600035.SH,20250718,4.35,4.36,4.34,4.36,4.34,0.4608,81671.6,35546.876
600036.SH,20250718,45.05,45.16,44.74,45.05,45.0,0.1111,543430.57,2445283.609
600037.SH,20250718,7.8,7.88,7.76,7.84,7.82,0.2558,146222.21,114241.242
600038.SH,20250718,39.1,39.5,38.98,39.44,39.19,0.6379,91161.94,357831.779
600039.SH,20250718,8.61,8.65,8.51,8.53,8.61,-0.9292,187229.0,160112.853
600048.SH,20250718,8.0,8.02,7.98,8.02,7.99,0.3755,747758.72,598139.851
600050.SH,20250718,5.39,5.53,5.38,5.45,5.38,1.3011,4369105.38,2384552.613
600051.SH,20250718,7.69,7.72,7.57,7.62,7.67,-0.6519,67349.0,51336.032
600052.SH,20250718,4.54,4.56,4.4,4.44,4.54,-2.2026,193502.8,85962.873
600053.SH,20250718,15.54,15.8,15.38,15.48,15.67,-1.2125,80367.0,124886.639
600054.SH,20250718,11.63,11.69,11.61,11.67,11.63,0.3439,50381.16,58742.867
600055.SH,20250718,17.56,17.76,17.43,17.73,17.56,0.9681,55290.74,97111.456
600056.SH,20250718,10.69,10.72,10.6,10.68,10.69,-0.0935,73852.0,78592.993
600057.SH,20250718,7.57,7.57,7.45,7.52,7.53,-0.1328,125258.84,94111.824
600058.SH,20250718,8.0,8.3,7.99,8.16,8.0,2.0,184076.07,149787.404
600059.SH,20250718,10.67,10.67,10.49,10.51,10.63,-1.1289,86053.82,90669.24
600060.SH,20250718,23.63,23.67,22.92,23.19,23.63,-1.862,131127.32,302466.559
600061.SH,20250718,7.65,7.73,7.64,7.68,7.64,0.5236,311154.26,239199.814
600062.SH,20250718,19.2,19.42,19.1,19.41,19.2,1.0938,102520.19,197157.351
600063.SH,20250718,4.74,4.78,4.74,4.78,4.74,0.8439,220673.11,105178.075
600064.SH,20250718,8.04,8.06,8.0,8.05,8.01,0.4994,139102.1,111666.663
600066.SH,20250718,25.81,25.99,25.7,25.72,25.8,-0.3101,93774.3,241697.827
600067.SH,20250718,3.02,3.03,2.99,3.02,3.0,0.6667,137345.01,41384.275
600071.SH,20250718,21.49,21.78,21.35,21.71,21.49,1.0237,40983.5,88413.704
600072.SH,20250718,12.58,12.68,12.55,12.65,12.58,0.5564,142679.01,180080.523
600073.SH,20250718,7.48,7.52,7.37,7.43,7.43,0.0,212988.97,157828.209
600075.SH,20250718,4.31,4.38,4.3,4.36,4.31,1.1601,134392.81,58320.484
600076.SH,20250718,2.4,2.41,2.37,2.39,2.39,0.0,109940.0,26293.408
600078.SH,20250718,5.96,6.29,5.95,6.15,5.97,3.0151,228337.67,140212.785
600079.SH,20250718,22.1,22.19,21.91,22.15,22.11,0.1809,151255.01,333276.142
600080.SH,20250718,7.53,7.6,7.33,7.41,7.51,-1.3316,109325.28,80818.567
600081.SH,20250718,13.33,13.34,13.13,13.24,13.32,-0.6006,69694.5,92015.522
600082.SH,20250718,4.07,4.09,4.0,4.02,4.08,-1.4706,155987.0,62788.882
600084.SH,20250718,5.65,5.7,5.63,5.68,5.66,0.3534,40517.0,22936.909
600085.SH,20250718,35.8,36.02,35.71,36.0,35.8,0.5587,86217.98,309193.81
600088.SH,20250718,16.1,16.21,16.1,16.18,16.14,0.2478,27519.92,44470.137
600089.SH,20250718,12.35,12.52,12.27,12.3,12.26,0.3263,357892.49,441493.676
600094.SH,20250718,3.22,3.24,3.2,3.22,3.22,0.0,99569.0,31974.911
600095.SH,20250718,10.91,10.97,10.81,10.93,10.94,-0.0914,600155.11,654010.691
600096.SH,20250718,22.52,23.15,22.52,23.08,22.53,2.4412,327888.21,751905.792
600097.SH,20250718,10.91,11.1,10.81,11.01,10.88,1.1949,119262.0,131168.157
600098.SH,20250718,6.55,6.56,6.51,6.55,6.53,0.3063,96123.01,62831.573
600099.SH,20250718,11.23,11.42,11.11,11.42,11.23,1.6919,45342.0,51194.107
600100.SH,20250718,7.26,7.35,7.23,7.27,7.25,0.2759,416509.02,303315.026
600101.SH,20250718,10.7,10.96,10.66,10.9,10.83,0.6464,422211.01,456509.642
600103.SH,20250718,2.27,2.28,2.25,2.27,2.27,0.0,261234.1,59236.794
600104.SH,20250718,18.01,18.1,17.72,17.86,17.92,-0.3348,395311.27,707795.59
600105.SH,20250718,9.04,9.08,8.86,8.95,9.03,-0.8859,990665.55,885837.895
600106.SH,20250718,6.12,6.15,6.09,6.11,6.14,-0.4886,133063.38,81303.725
600107.SH,20250718,4.36,4.48,4.36,4.48,4.41,1.5873,40916.01,18109.711
600108.SH,20250718,2.98,2.98,2.96,2.98,2.96,0.6757,165607.06,49194.917
600109.SH,20250718,9.33,9.37,9.29,9.34,9.35,-0.107,487947.7,455017.391
600110.SH,20250718,5.62,5.98,5.62,5.77,5.66,1.9435,2459722.28,1435764.518
600111.SH,20250718,30.0,33.0,29.83,32.96,30.0,9.8667,4587973.95,14703656.587
600113.SH,20250718,28.52,29.5,28.22,28.71,28.53,0.6309,64229.46,185232.888
600114.SH,20250718,20.94,20.94,20.47,20.55,20.96,-1.9561,144914.28,298549.338
600115.SH,20250718,3.82,3.83,3.81,3.82,3.82,0.0,371298.51,141826.89
600116.SH,20250718,6.83,6.85,6.81,6.84,6.81,0.4405,85865.06,58621.012
600117.SH,20250718,2.32,2.41,2.32,2.35,2.31,1.7316,204962.0,48377.448
600118.SH,20250718,27.87,28.16,27.77,28.04,27.82,0.7908,153826.38,430431.549
600119.SH,20250718,8.69,8.8,8.6,8.73,8.66,0.8083,99175.01,86361.723
600120.SH,20250718,6.29,6.36,6.25,6.28,6.28,0.0,870217.07,547565.223
600121.SH,20250718,4.16,4.22,4.12,4.13,4.15,-0.4819,545298.71,227201.978
600123.SH,20250718,6.52,6.59,6.49,6.55,6.49,0.9245,179959.06,117983.625
600125.SH,20250718,5.68,5.71,5.66,5.71,5.67,0.7055,130831.61,74327.272
600126.SH,20250718,9.23,9.27,9.12,9.15,9.22,-0.7592,891430.1,818066.429
600127.SH,20250718,6.92,6.99,6.89,6.95,6.92,0.4335,171619.0,119198.758
600128.SH,20250718,11.09,11.09,10.86,11.0,11.1,-0.9009,135632.01,148406.411
600129.SH,20250718,21.82,22.0,21.64,21.93,21.99,-0.2729,101193.36,220365.215
600130.SH,20250718,3.38,3.46,3.38,3.39,3.39,0.0,186040.0,63666.64
600131.SH,20250718,18.05,18.38,18.02,18.18,17.92,1.4509,137299.0,249925.256
600132.SH,20250718,55.14,55.35,55.02,55.35,55.13,0.3991,36503.81,201434.655
600133.SH,20250718,9.25,9.3,9.2,9.24,9.25,-0.1081,136438.0,126053.198
600135.SH,20250718,7.81,7.82,7.74,7.8,7.8,0.0,51326.02,39908.495
600136.SH,20250718,1.98,1.98,1.96,1.97,1.98,-0.5051,97724.0,19264.479
600137.SH,20250718,18.45,18.53,18.25,18.53,18.32,1.1463,17031.56,31318.804
600138.SH,20250718,9.81,9.86,9.81,9.86,9.81,0.5097,104211.17,102501.1
600141.SH,20250718,23.14,24.1,22.9,23.77,22.95,3.573,314607.0,742106.964
600143.SH,20250718,10.95,11.05,10.87,10.92,10.99,-0.6369,383417.54,418958.885
600148.SH,20250718,21.28,21.93,21.26,21.68,21.44,1.1194,96077.43,207045.606
600149.SH,20250718,5.62,5.69,5.58,5.69,5.64,0.8865,190087.27,106944.283
600150.SH,20250718,33.88,34.19,33.78,34.08,33.87,0.62,408671.87,1390224.171
600151.SH,20250718,7.2,7.39,7.17,7.32,7.22,1.385,250325.0,182068.675
600152.SH,20250718,6.72,6.84,6.67,6.74,6.66,1.2012,473591.71,319965.437
600153.SH,20250718,10.41,10.46,10.28,10.33,10.38,-0.4817,203617.68,210266.705
600155.SH,20250718,7.33,7.38,7.23,7.27,7.37,-1.3569,408186.0,297456.236
600156.SH,20250718,6.85,6.86,6.67,6.71,6.82,-1.6129,105496.0,70869.094
600157.SH,20250718,1.4,1.41,1.39,1.4,1.39,0.7194,3539849.0,495299.829
600158.SH,20250718,8.27,8.48,8.27,8.37,8.28,1.087,168512.3,140934.078
600159.SH,20250718,2.85,2.86,2.81,2.84,2.84,0.0,110924.0,31438.51
600160.SH,20250718,26.95,26.95,26.23,26.92,26.95,-0.1113,345307.03,916294.434
600161.SH,20250718,19.76,19.9,19.67,19.89,19.73,0.8109,137309.71,271672.288
600162.SH,20250718,1.69,1.7,1.67,1.67,1.69,-1.1834,144952.0,24336.665
600163.SH,20250718,5.26,5.31,5.23,5.31,5.26,0.9506,114488.0,60296.301
600165.SH,20250718,4.54,4.56,4.44,4.48,4.59,-2.3965,87494.03,39166.396
600166.SH,20250718,2.84,2.84,2.78,2.79,2.83,-1.4134,837109.0,233962.41
600167.SH,20250718,6.05,6.05,5.99,6.04,6.03,0.1658,44883.0,27018.303
600168.SH,20250718,4.78,4.78,4.73,4.75,4.76,-0.2101,45439.3,21572.16
600169.SH,20250718,2.49,2.51,2.48,2.49,2.48,0.4032,262414.47,65419.251
600170.SH,20250718,2.42,2.43,2.41,2.43,2.42,0.4132,717290.3,173731.429
600171.SH,20250718,34.23,34.38,33.8,34.05,34.23,-0.5259,190634.32,648799.986
600172.SH,20250718,4.24,4.25,4.2,4.22,4.24,-0.4717,153641.4,64782.203
600173.SH,20250718,6.4,6.74,6.34,6.6,6.45,2.3256,372624.38,243631.227
600176.SH,20250718,12.76,12.78,12.54,12.57,12.76,-1.489,338129.72,427252.174
600177.SH,20250718,7.45,7.46,7.42,7.45,7.43,0.2692,119062.58,88615.911
600178.SH,20250718,14.29,14.36,13.97,14.07,14.08,-0.071,298955.01,422467.65
600179.SH,20250718,3.04,3.07,3.03,3.05,3.03,0.6601,403313.26,122901.693
600180.SH,20250718,4.53,4.54,4.5,4.53,4.53,0.0,120028.0,54240.625
600182.SH,20250718,16.74,16.86,16.6,16.7,16.76,-0.358,21963.36,36683.887
600183.SH,20250718,37.6,37.8,36.01,36.5,37.46,-2.5627,404206.69,1489641.17
600184.SH,20250718,16.89,17.25,16.8,17.07,17.03,0.2349,248765.38,422971.898
600185.SH,20250718,5.81,5.85,5.77,5.8,5.81,-0.1721,148492.69,86167.013
600186.SH,20250718,6.24,6.3,6.18,6.27,6.24,0.4808,676174.94,422636.557
600187.SH,20250718,3.12,3.14,3.11,3.13,3.13,0.0,208634.0,65161.958
600188.SH,20250718,12.28,12.41,12.27,12.35,12.25,0.8163,248582.7,307364.361
600189.SH,20250718,7.5,7.55,7.46,7.51,7.5,0.1333,84052.0,63051.612
600190.SH,20250718,0.65,0.65,0.59,0.63,0.64,-1.5625,432807.79,27008.984
600191.SH,20250718,7.8,7.85,7.76,7.78,7.78,0.0,82632.44,64385.663
600192.SH,20250718,9.5,9.55,9.29,9.36,9.49,-1.3699,258766.01,242342.926
600193.SH,20250718,4.71,4.71,4.44,4.45,4.58,-2.8384,262385.0,119417.337
600195.SH,20250718,8.25,8.26,7.85,7.89,8.21,-3.8977,375127.92,298079.523
600196.SH,20250718,26.48,26.53,26.18,26.36,26.4,-0.1515,194050.84,510859.19
600197.SH,20250718,14.6,14.75,14.6,14.73,14.63,0.6835,47488.83,69773.569
600198.SH,20250718,8.5,8.5,8.36,8.4,8.47,-0.8264,136057.0,114251.847
600199.SH,20250718,10.56,10.68,10.52,10.56,10.57,-0.0946,116397.0,123241.053
600200.SH,20250718,1.88,1.88,1.88,1.88,1.98,-5.0505,15304.0,2877.152
600201.SH,20250718,9.53,9.55,8.82,9.0,9.53,-5.5614,1261717.32,1135696.787
600202.SH,20250718,5.68,5.7,5.56,5.65,5.66,-0.1767,80101.0,44990.856
600203.SH,20250718,9.52,9.57,9.41,9.46,9.51,-0.5258,194691.0,184240.772
600206.SH,20250718,19.2,19.75,19.11,19.55,19.17,1.9823,756922.03,1474644.399
600207.SH,20250718,4.8,4.89,4.75,4.81,4.84,-0.6198,167042.0,80009.954
600208.SH,20250718,3.6,3.76,3.52,3.72,3.59,3.6212,2316439.22,846865.608
600210.SH,20250718,6.53,6.54,6.44,6.47,6.52,-0.7669,284455.42,184479.103
600211.SH,20250718,37.8,38.35,37.63,38.35,37.89,1.214,39637.12,150404.21
600212.SH,20250718,9.07,9.6,9.0,9.3,9.13,1.862,532782.32,496810.488
600215.SH,20250718,7.47,7.62,7.39,7.42,7.47,-0.6693,89746.0,67023.824
600216.SH,20250718,15.53,15.58,15.3,15.45,15.51,-0.3868,247048.16,379865.556
600217.SH,20250718,4.39,4.4,4.37,4.39,4.38,0.2283,108486.39,47601.734
600218.SH,20250718,9.23,9.28,9.16,9.24,9.23,0.1083,77866.5,71719.801
600219.SH,20250718,3.89,3.91,3.86,3.88,3.88,0.0,1153455.69,448062.145
600221.SH,20250718,1.41,1.43,1.4,1.41,1.41,0.0,2209771.86,311919.048
600222.SH,20250718,6.29,6.33,6.21,6.3,6.27,0.4785,161818.0,101588.12
600223.SH,20250718,8.28,8.3,8.19,8.28,8.27,0.1209,111320.69,91552.41
600226.SH,20250718,2.92,2.93,2.83,2.86,2.92,-2.0548,601308.43,172052.028
600227.SH,20250718,2.36,2.4,2.36,2.37,2.36,0.4237,167214.0,39679.749
600228.SH,20250718,4.41,4.45,4.31,4.38,4.41,-0.6803,72653.19,31860.49
600229.SH,20250718,6.78,6.9,6.77,6.8,6.76,0.5917,65110.99,44340.537
600230.SH,20250718,13.13,13.75,13.13,13.75,12.5,10.0,585165.78,793694.852
600231.SH,20250718,1.97,2.02,1.96,1.99,1.98,0.5051,270006.81,53601.997
600232.SH,20250718,6.39,6.4,6.3,6.34,6.38,-0.627,84937.0,53749.921
600233.SH,20250718,13.38,14.19,13.34,14.09,13.39,5.2278,583256.62,807993.209
600234.SH,20250718,7.94,8.03,7.83,7.97,7.86,1.3995,43395.0,34439.864
600235.SH,20250718,6.47,6.5,6.38,6.47,6.47,0.0,54180.45,34810.921
600236.SH,20250718,6.53,6.57,6.48,6.55,6.53,0.3063,187120.11,121969.071
600237.SH,20250718,7.48,7.7,7.42,7.47,7.49,-0.267,216674.18,163151.222
600238.SH,20250718,6.45,6.48,6.27,6.3,6.42,-1.8692,107900.58,68287.113
600239.SH,20250718,2.41,2.43,2.38,2.4,2.41,-0.4149,177228.25,42451.373
600241.SH,20250718,8.42,8.46,8.35,8.39,8.38,0.1193,66617.02,55975.056
600243.SH,20250718,3.1,3.15,3.07,3.12,3.12,0.0,79399.01,24758.193
600246.SH,20250718,6.44,6.85,6.4,6.76,6.39,5.7903,944416.85,633143.346
600248.SH,20250718,3.84,3.85,3.82,3.83,3.83,0.0,150931.38,57841.66
600249.SH,20250718,5.85,5.86,5.75,5.78,5.85,-1.1966,92822.02,53675.396
600250.SH,20250718,13.57,13.57,12.92,13.09,13.69,-4.3828,321927.32,423636.196
600251.SH,20250718,7.94,8.0,7.91,7.99,7.92,0.8838,69518.0,55289.112
600252.SH,20250718,2.73,2.76,2.67,2.69,2.7,-0.3704,403974.0,109324.686
600255.SH,20250718,3.38,3.4,3.35,3.37,3.39,-0.59,397210.0,133858.785
600256.SH,20250718,5.48,5.5,5.43,5.45,5.47,-0.3656,1357736.59,740097.912
600257.SH,20250718,5.31,5.33,5.28,5.32,5.3,0.3774,111068.34,58966.742
600258.SH,20250718,13.77,13.85,13.74,13.82,13.76,0.436,80681.4,111299.359
600259.SH,20250718,54.55,58.2,54.33,55.85,54.8,1.9161,226903.68,1279415.429
600261.SH,20250718,3.37,3.38,3.35,3.36,3.37,-0.2967,106982.7,35950.688
600262.SH,20250718,22.66,23.45,22.47,23.17,22.7,2.0705,68774.0,157724.281
600265.SH,20250718,18.87,18.99,18.58,18.88,18.92,-0.2114,4312.01,8135.257
600266.SH,20250718,4.8,4.81,4.67,4.71,4.76,-1.0504,590562.69,278039.895
600267.SH,20250718,12.48,12.6,12.1,12.49,12.66,-1.3428,525338.94,646126.074
600268.SH,20250718,9.2,9.45,8.94,8.97,9.23,-2.8169,728232.34,664402.631
600269.SH,20250718,5.17,5.19,5.15,5.17,5.16,0.1938,73493.1,37962.854
600271.SH,20250718,9.12,9.78,9.11,9.45,9.11,3.7322,543263.25,516359.696
600272.SH,20250718,14.65,14.73,14.29,14.52,14.54,-0.1376,63528.0,91756.479
600273.SH,20250718,8.8,8.84,8.75,8.77,8.77,0.0,65577.52,57589.707
600276.SH,20250718,58.21,59.86,57.9,58.76,57.73,1.7842,660985.65,3881474.081
600278.SH,20250718,7.7,7.7,7.56,7.62,7.75,-1.6774,184214.96,140243.426
600279.SH,20250718,5.64,5.67,5.6,5.62,5.65,-0.531,50674.86,28497.205
600280.SH,20250718,3.55,3.55,3.5,3.53,3.55,-0.5634,198217.0,69852.529
600281.SH,20250718,7.36,8.0,7.3,7.71,7.43,3.7685,999213.08,773063.349
600282.SH,20250718,4.6,4.64,4.57,4.59,4.59,0.0,257309.6,118179.168
600283.SH,20250718,10.03,10.07,9.98,10.06,10.03,0.2991,47942.79,48004.121
600284.SH,20250718,6.59,6.61,6.56,6.57,6.59,-0.3035,66277.52,43563.264
600285.SH,20250718,22.87,22.87,22.46,22.83,22.86,-0.1312,117191.55,265309.848
600287.SH,20250718,5.88,5.92,5.75,5.81,5.87,-1.0221,108373.1,62912.594
600288.SH,20250718,11.14,11.43,10.98,11.04,11.13,-0.8086,180402.0,201069.06
600289.SH,20250718,6.9,7.17,6.62,7.04,6.89,2.1771,114229.14,77915.756
600292.SH,20250718,12.06,12.11,12.01,12.08,12.07,0.0829,74608.9,89885.599
600293.SH,20250718,3.05,3.06,3.02,3.04,3.05,-0.3279,204596.0,62135.976
600295.SH,20250718,9.14,9.23,9.11,9.2,9.11,0.9879,78923.55,72414.42
600298.SH,20250718,34.95,35.59,34.75,35.55,34.93,1.775,106436.98,374742.079
600299.SH,20250718,9.94,10.06,9.86,10.05,9.93,1.2085,92420.0,92124.322
600300.SH,20250718,3.44,3.45,3.42,3.44,3.44,0.0,241202.37,82703.9
600301.SH,20250718,20.93,21.6,20.93,21.4,20.9,2.3923,95623.48,204005.274
600302.SH,20250718,6.31,6.55,6.26,6.53,6.31,3.4865,167915.22,107909.18
600303.SH,20250718,3.65,3.75,3.56,3.58,3.59,-0.2786,223394.0,80764.005
600305.SH,20250718,7.72,7.73,7.67,7.7,7.7,0.0,62751.0,48326.827
600307.SH,20250718,1.51,1.55,1.5,1.53,1.51,1.3245,479956.0,73472.634
600308.SH,20250718,3.48,3.49,3.46,3.49,3.47,0.5764,85268.4,29651.771
600309.SH,20250718,55.52,59.96,55.31,59.72,55.15,8.2865,1178913.41,6890873.361
600310.SH,20250718,4.18,4.2,4.14,4.2,4.17,0.7194,249760.0,104102.491
600312.SH,20250718,15.24,15.3,15.18,15.29,15.24,0.3281,154642.84,235556.42
600313.SH,20250718,6.35,6.37,6.33,6.37,6.34,0.4732,113852.26,72358.838
600315.SH,20250718,21.47,21.78,21.47,21.56,21.78,-1.0101,54885.0,118372.434
600316.SH,20250718,36.51,40.56,36.43,39.92,36.87,8.2723,491916.34,1927237.496
600318.SH,20250718,10.49,10.59,10.24,10.26,10.57,-2.9328,1007684.02,1045175.884
600319.SH,20250718,6.75,6.78,6.64,6.68,6.75,-1.037,90978.01,60817.573
600320.SH,20250718,4.55,4.57,4.53,4.55,4.56,-0.2193,308484.41,140309.962
600322.SH,20250718,2.75,2.76,2.7,2.73,2.75,-0.7273,213787.7,58093.112
600323.SH,20250718,25.51,25.83,25.49,25.79,25.49,1.1769,34186.56,87800.475
600325.SH,20250718,4.81,4.82,4.78,4.81,4.8,0.2083,213249.03,102422.904
600326.SH,20250718,9.66,9.83,9.37,9.58,9.65,-0.7254,1042940.42,1002341.159
600327.SH,20250718,5.05,5.08,4.99,5.02,5.05,-0.5941,209139.0,104857.307
600328.SH,20250718,7.65,8.19,7.65,8.04,7.64,5.2356,533149.26,422869.894
600329.SH,20250718,35.76,36.64,35.42,36.45,35.76,1.9295,65205.87,234762.786
600330.SH,20250718,7.42,7.56,7.41,7.53,7.48,0.6684,329965.86,247519.789
600331.SH,20250718,8.67,8.78,8.65,8.7,8.68,0.2304,212384.0,184945.873
600332.SH,20250718,26.73,26.79,26.63,26.79,26.7,0.3371,47797.55,127701.301
600333.SH,20250718,4.95,4.95,4.9,4.92,4.93,-0.2028,54827.0,26970.676
600335.SH,20250718,6.48,6.49,6.43,6.49,6.45,0.6202,105128.62,67984.755
600336.SH,20250718,7.0,7.04,6.92,6.96,7.02,-0.8547,118899.0,82705.765
600337.SH,20250718,2.15,2.16,2.09,2.11,2.15,-1.8605,281917.5,59766.977
600338.SH,20250718,10.75,11.07,10.72,11.02,10.7,2.9907,383255.12,419953.847
600339.SH,20250718,3.32,3.37,3.31,3.37,3.3,2.1212,505627.34,169202.953
600340.SH,20250718,2.23,2.25,2.21,2.22,2.23,-0.4484,721231.6,160543.628
600343.SH,20250718,12.53,13.81,12.45,13.81,12.55,10.0398,537022.08,718961.73
600345.SH,20250718,24.55,24.79,24.14,24.28,24.58,-1.2205,37348.0,90887.792
600346.SH,20250718,13.88,14.05,13.85,14.01,13.88,0.9366,320085.82,446907.563
600348.SH,20250718,6.61,6.7,6.61,6.69,6.59,1.5175,271570.28,180974.777
600350.SH,20250718,10.55,10.74,10.55,10.71,10.59,1.1331,120422.98,128669.143
600351.SH,20250718,6.47,6.51,6.33,6.46,6.45,0.155,187275.56,119766.673
600352.SH,20250718,10.15,10.3,10.12,10.28,10.12,1.581,194652.12,199175.368
600353.SH,20250718,14.57,14.67,13.71,13.92,14.49,-3.9337,773171.3,1088796.188
600354.SH,20250718,6.44,6.47,6.41,6.46,6.41,0.78,165643.0,106592.794
600355.SH,20250718,2.85,2.92,2.83,2.86,2.86,0.0,118166.4,33832.54
600356.SH,20250718,8.69,8.78,8.53,8.59,8.55,0.4678,75637.06,64947.759
600358.SH,20250718,6.17,6.3,6.14,6.22,6.18,0.6472,160125.0,99555.585
600359.SH,20250718,7.18,7.2,7.1,7.13,7.17,-0.5579,79665.0,56823.673
600360.SH,20250718,8.4,8.49,8.04,8.15,8.45,-3.5503,376149.56,310307.151
600361.SH,20250718,4.06,4.08,4.04,4.06,4.06,0.0,266637.16,108214.645
600362.SH,20250718,23.24,23.63,23.24,23.57,23.17,1.7264,272417.42,639340.471
600363.SH,20250718,57.2,58.81,57.08,57.65,57.39,0.453,79097.9,456949.867
600365.SH,20250718,3.28,3.32,3.24,3.26,3.3,-1.2121,34725.0,11393.601
600366.SH,20250718,11.42,12.23,11.4,11.76,11.48,2.439,1574602.28,1867147.605
600367.SH,20250718,15.07,15.42,15.05,15.21,15.07,0.929,183784.01,280359.189
600368.SH,20250718,4.34,4.37,4.33,4.35,4.34,0.2304,158818.23,69048.167
600369.SH,20250718,4.5,4.53,4.47,4.49,4.5,-0.2222,407461.93,183207.057
600370.SH,20250718,1.91,1.93,1.89,1.9,1.9,0.0,133822.0,25517.852
600371.SH,20250718,9.31,9.38,9.26,9.32,9.26,0.6479,55500.43,51645.843
600372.SH,20250718,12.16,12.25,12.08,12.21,12.13,0.6595,410753.08,500221.739
600373.SH,20250718,10.01,10.03,9.97,10.0,10.01,-0.0999,77445.54,77421.168
600375.SH,20250718,7.1,7.11,6.94,6.97,7.07,-1.4144,228849.83,160289.464
600376.SH,20250718,2.55,2.57,2.52,2.56,2.54,0.7874,156493.95,39750.534
600377.SH,20250718,14.99,15.09,14.99,15.05,14.99,0.4003,57503.65,86490.687
600378.SH,20250718,25.79,25.91,25.36,25.57,25.73,-0.6218,78202.44,199648.924
600379.SH,20250718,12.51,12.84,12.42,12.8,12.52,2.2364,117456.0,149093.31
600380.SH,20250718,12.2,12.22,11.92,12.19,12.11,0.6606,267513.66,322901.627
600381.SH,20250718,4.19,4.21,4.11,4.14,4.19,-1.1933,53544.0,22209.06
600382.SH,20250718,5.58,5.61,5.43,5.47,5.57,-1.7953,92130.45,50638.94
600383.SH,20250718,3.83,3.85,3.8,3.82,3.82,0.0,897882.32,343168.801
600386.SH,20250718,4.74,4.79,4.68,4.76,4.71,1.0616,153396.32,72681.159
600388.SH,20250718,11.9,12.02,11.82,11.97,11.89,0.6728,71200.59,84807.717
600389.SH,20250718,21.81,22.6,21.67,22.39,21.6,3.6574,150905.92,335790.785
600390.SH,20250718,6.3,6.54,6.26,6.4,6.3,1.5873,1904948.77,1227225.563
600391.SH,20250718,29.0,29.13,28.35,28.9,28.96,-0.2072,224882.0,647191.196
600392.SH,20250718,16.0,17.46,15.91,17.03,16.1,5.7764,2208349.57,3726456.99
600395.SH,20250718,4.86,4.92,4.86,4.89,4.85,0.8247,112075.1,54818.216
600396.SH,20250718,3.68,3.7,3.62,3.68,3.7,-0.5405,777116.61,284037.642
600397.SH,20250718,6.19,6.23,6.09,6.12,6.15,-0.4878,153447.0,94213.298
600398.SH,20250718,7.04,7.06,6.95,6.99,7.05,-0.8511,304693.46,213094.619
600399.SH,20250718,5.56,5.7,5.55,5.58,5.57,0.1795,542279.71,304061.476
600400.SH,20250718,2.21,2.23,2.2,2.21,2.21,0.0,154134.04,34038.323
600403.SH,20250718,3.8,3.94,3.79,3.82,3.77,1.3263,291892.0,112321.479
600405.SH,20250718,5.76,5.86,5.71,5.73,5.76,-0.5208,192757.4,111415.314
600406.SH,20250718,21.9,21.92,21.67,21.79,21.9,-0.5023,341693.8,744964.548
600408.SH,20250718,2.16,2.28,2.16,2.18,2.14,1.8692,351734.2,77553.322
600409.SH,20250718,4.99,5.06,4.98,5.05,4.98,1.4056,212602.09,107100.167
600410.SH,20250718,10.27,10.27,9.95,10.0,10.21,-2.0568,1102682.98,1105634.405
600415.SH,20250718,20.4,21.14,20.4,21.05,20.68,1.7892,643794.83,1345757.895
600416.SH,20250718,13.16,13.32,13.06,13.29,13.16,0.9878,254843.22,336343.032
600418.SH,20250718,45.0,46.4,44.8,45.75,45.49,0.5716,1074740.54,4909738.562
600419.SH,20250718,10.6,10.62,10.42,10.47,10.6,-1.2264,51957.0,54585.72
600420.SH,20250718,10.94,10.96,10.79,10.93,10.94,-0.0914,140037.4,152211.973
600421.SH,20250718,7.13,7.14,6.94,7.07,7.13,-0.8415,28897.0,20292.966
600422.SH,20250718,14.36,14.46,14.28,14.45,14.36,0.6267,101804.97,146355.389
600423.SH,20250718,3.58,3.59,3.53,3.57,3.58,-0.2793,175634.0,62405.637
600425.SH,20250718,3.78,3.78,3.75,3.77,3.77,0.0,139411.2,52456.633
600426.SH,20250718,21.13,22.25,21.13,22.2,21.13,5.0639,403719.53,882433.041
600428.SH,20250718,6.63,6.79,6.63,6.76,6.6,2.4242,410611.21,276316.319
600429.SH,20250718,4.66,4.67,4.6,4.62,4.65,-0.6452,81544.0,37665.614
600433.SH,20250718,3.1,3.12,3.09,3.11,3.1,0.3226,105404.63,32753.563
600435.SH,20250718,14.85,15.28,14.71,15.18,14.82,2.4291,981982.72,1469924.713
600436.SH,20250718,198.33,198.97,198.0,198.96,198.15,0.4088,21863.02,434079.335
600438.SH,20250718,21.0,21.49,20.31,20.36,20.79,-2.0683,962595.74,1988256.192
600439.SH,20250718,3.6,3.64,3.56,3.6,3.6,0.0,224425.19,80589.648
600444.SH,20250718,17.25,19.06,17.18,19.06,17.33,9.9827,149801.49,280197.23
600446.SH,20250718,19.35,19.35,18.85,18.89,19.23,-1.7681,413699.0,788743.803
600448.SH,20250718,3.38,3.39,3.33,3.36,3.38,-0.5917,278657.01,93342.504
600449.SH,20250718,13.68,13.78,13.66,13.77,13.68,0.6579,64375.06,88304.109
600452.SH,20250718,9.21,9.23,9.18,9.23,9.21,0.2172,102353.93,94183.917
600455.SH,20250718,28.0,29.1,27.88,28.51,27.87,2.2964,25458.0,72851.513
600456.SH,20250718,31.1,31.67,31.09,31.65,31.14,1.6378,122798.28,385864.546
600458.SH,20250718,13.01,13.04,12.75,12.92,13.01,-0.6918,91790.84,117881.613
600459.SH,20250718,15.75,16.58,15.67,16.22,15.48,4.7804,372203.96,599280.379
600460.SH,20250718,25.53,25.69,25.32,25.44,25.5,-0.2353,221298.42,563709.677
600461.SH,20250718,9.43,9.45,9.36,9.42,9.42,0.0,61200.66,57506.688
600463.SH,20250718,10.84,11.1,10.68,11.09,10.85,2.212,75726.31,82485.522
600467.SH,20250718,2.38,2.4,2.36,2.39,2.37,0.8439,272431.67,64860.825
600468.SH,20250718,6.93,6.94,6.76,6.82,6.9,-1.1594,325746.33,222062.068
600469.SH,20250718,5.69,5.72,5.64,5.7,5.69,0.1757,68377.5,38786.61
600470.SH,20250718,5.82,5.89,5.81,5.89,5.82,1.2027,121655.62,71245.874
600475.SH,20250718,15.11,15.7,15.0,15.17,15.31,-0.9144,306143.32,468321.906
600476.SH,20250718,19.28,19.66,18.92,19.04,19.46,-2.1583,144077.0,275895.644
600477.SH,20250718,2.67,2.69,2.66,2.67,2.66,0.3759,218546.39,58441.721
600478.SH,20250718,5.69,5.82,5.68,5.77,5.7,1.2281,425620.0,245447.459
600479.SH,20250718,10.94,10.97,10.84,10.93,10.91,0.1833,76735.4,83580.394
600480.SH,20250718,12.3,12.35,12.02,12.08,12.26,-1.4682,191636.6,232038.641
600481.SH,20250718,5.65,5.87,5.61,5.64,5.79,-2.5907,1306859.88,745260.566
600482.SH,20250718,22.93,23.05,22.82,23.04,22.97,0.3047,124094.01,284736.326
600483.SH,20250718,9.42,9.49,9.37,9.49,9.4,0.9574,138688.31,130767.148
600486.SH,20250718,59.86,61.23,59.71,61.13,59.66,2.464,23728.03,144335.217
600487.SH,20250718,15.88,15.95,15.64,15.71,15.81,-0.6325,443854.25,699970.974
600488.SH,20250718,4.54,4.54,4.44,4.5,4.52,-0.4425,57790.0,25849.642
600489.SH,20250718,14.96,15.18,14.89,15.15,14.99,1.0674,484621.06,728562.566
600490.SH,20250718,4.48,4.55,4.44,4.51,4.46,1.1211,657154.92,295167.102
600491.SH,20250718,3.46,3.51,3.45,3.48,3.47,0.2882,235432.2,81890.107
600493.SH,20250718,6.6,6.63,6.43,6.51,6.59,-1.214,72701.2,47064.491
600495.SH,20250718,4.92,5.01,4.87,5.0,4.91,1.833,346526.4,170872.76
600496.SH,20250718,3.35,3.36,3.31,3.32,3.34,-0.5988,211193.41,70244.983
600497.SH,20250718,5.39,5.53,5.38,5.49,5.37,2.2346,1018445.29,558113.411
600498.SH,20250718,22.1,22.15,21.74,21.79,22.03,-1.0894,196481.19,429908.909
600499.SH,20250718,10.66,10.8,10.57,10.66,10.66,0.0,118017.83,125850.896
600501.SH,20250718,20.44,21.0,20.35,20.79,20.45,1.6626,135886.86,281108.284
600502.SH,20250718,4.79,4.81,4.77,4.8,4.79,0.2088,132826.9,63656.392
600503.SH,20250718,2.68,2.74,2.65,2.66,2.68,-0.7463,231642.01,62044.341
600505.SH,20250718,15.36,16.16,15.12,15.9,15.31,3.8537,368167.86,575160.001
600506.SH,20250718,19.83,19.83,19.56,19.73,19.67,0.305,51450.0,101297.649
600507.SH,20250718,5.23,5.32,5.18,5.31,5.24,1.3359,377685.75,198732.667
600508.SH,20250718,11.83,11.96,11.81,11.87,11.76,0.9354,44569.05,52966.2
600509.SH,20250718,6.48,6.54,6.45,6.53,6.48,0.7716,187182.0,121554.735
600510.SH,20250718,5.18,5.19,5.12,5.14,5.15,-0.1942,67805.0,34874.695
600511.SH,20250718,29.77,29.89,29.66,29.88,29.73,0.5045,32783.0,97644.328
600512.SH,20250718,2.34,2.35,2.32,2.33,2.34,-0.4274,156609.4,36540.657
600513.SH,20250718,17.0,17.3,15.34,16.75,16.64,0.6611,676237.42,1100672.107
600515.SH,20250718,3.71,3.74,3.67,3.73,3.7,0.8108,472264.84,174896.061
600516.SH,20250718,4.7,4.76,4.7,4.76,4.69,1.4925,284484.66,134988.773
600517.SH,20250718,5.37,5.39,5.33,5.35,5.36,-0.1866,237598.51,127329.817
600518.SH,20250718,2.1,2.11,2.07,2.08,2.1,-0.9524,1861743.65,388598.175
600519.SH,20250718,1420.0,1437.81,1416.38,1437.0,1416.35,1.458,41823.41,5984949.774
600520.SH,20250718,29.6,29.65,29.21,29.45,29.4,0.1701,33284.0,97827.239
600521.SH,20250718,22.43,22.45,21.89,22.23,22.6,-1.6372,345122.82,766740.749
600522.SH,20250718,14.3,14.32,14.01,14.07,14.27,-1.4015,626293.5,882725.348
600523.SH,20250718,14.99,15.14,14.84,15.07,14.99,0.5337,140059.8,210165.757
600525.SH,20250718,3.32,3.33,3.27,3.28,3.32,-1.2048,103245.0,33948.043
600526.SH,20250718,4.95,5.0,4.91,4.93,4.94,-0.2024,129903.0,64236.22
600527.SH,20250718,2.11,2.12,2.1,2.11,2.11,0.0,194085.95,40958.985
600528.SH,20250718,7.49,7.53,7.46,7.52,7.47,0.6693,129942.24,97330.909
600529.SH,20250718,22.0,22.96,21.96,22.56,22.02,2.4523,250416.61,564113.851
600530.SH,20250718,8.35,8.49,8.17,8.28,8.35,-0.8383,139633.77,115511.315
600531.SH,20250718,8.07,8.17,8.01,8.07,8.01,0.7491,363750.0,293882.631
600533.SH,20250718,2.73,2.73,2.67,2.69,2.72,-1.1029,130580.0,35178.925
600535.SH,20250718,16.18,16.21,15.95,16.2,16.17,0.1855,117935.61,189726.794
600536.SH,20250718,46.56,48.24,46.56,47.95,46.74,2.5888,402945.0,1919822.509
600537.SH,20250718,3.68,3.83,3.57,3.57,3.84,-7.0313,2342811.16,856762.789
600538.SH,20250718,6.0,6.11,5.89,5.95,5.98,-0.5017,275066.29,164199.543
600539.SH,20250718,11.19,11.19,10.94,11.04,11.11,-0.6301,36828.01,40575.769
600540.SH,20250718,5.19,5.22,5.06,5.1,5.16,-1.1628,182652.01,93262.204
600543.SH,20250718,6.45,6.5,6.36,6.38,6.48,-1.5432,76995.0,49263.821
600545.SH,20250718,2.41,2.41,2.37,2.39,2.4,-0.4167,248219.0,59329.867
600546.SH,20250718,8.92,9.02,8.91,8.96,8.88,0.9009,218468.0,196143.525
600547.SH,20250718,30.57,30.98,30.5,30.95,30.61,1.1107,274433.82,844760.912
600548.SH,20250718,10.21,10.36,10.2,10.33,10.23,0.9775,44977.16,46341.573
600549.SH,20250718,21.51,22.35,21.48,22.24,21.58,3.0584,644991.91,1420291.753
600550.SH,20250718,8.77,8.78,8.66,8.74,8.77,-0.3421,355433.72,309274.56
600551.SH,20250718,8.75,9.04,8.67,8.93,8.75,2.0571,247759.18,219420.857
600552.SH,20250718,11.66,11.7,11.45,11.56,11.63,-0.6019,139711.0,161356.717
600556.SH,20250718,5.14,5.16,5.06,5.09,5.12,-0.5859,277137.67,141054.148
600557.SH,20250718,16.44,16.45,16.01,16.26,16.44,-1.0949,183941.78,297526.002
600558.SH,20250718,5.35,5.39,5.28,5.3,5.37,-1.3035,218051.11,115910.705
600559.SH,20250718,16.74,16.88,16.71,16.8,16.73,0.4184,122924.56,206293.533
600560.SH,20250718,17.01,17.06,16.87,17.01,17.06,-0.2931,37229.0,63099.198
600561.SH,20250718,6.63,6.65,6.56,6.64,6.6,0.6061,33879.99,22388.256
600562.SH,20250718,30.9,32.2,30.86,31.35,31.15,0.6421,236298.24,744456.91
600563.SH,20250718,117.0,119.33,116.5,118.2,118.6,-0.3373,27356.49,322660.979
600567.SH,20250718,1.88,1.89,1.86,1.87,1.88,-0.5319,743312.75,139129.244
600568.SH,20250718,1.59,1.6,1.57,1.58,1.6,-1.25,130755.0,20690.373
600569.SH,20250718,2.21,2.28,2.2,2.24,2.22,0.9009,394488.81,88298.32
600570.SH,20250718,33.42,34.1,33.35,33.68,33.42,0.778,495385.84,1669007.402
600571.SH,20250718,19.11,19.4,18.91,19.03,19.2,-0.8854,376795.75,718805.822
600572.SH,20250718,4.57,4.59,4.51,4.57,4.56,0.2193,252832.73,114744.105
600573.SH,20250718,12.38,12.38,12.21,12.31,12.34,-0.2431,24032.0,29488.94
600575.SH,20250718,3.55,3.57,3.53,3.55,3.55,0.0,301453.0,106964.301
600576.SH,20250718,7.76,7.79,7.72,7.77,7.76,0.1289,89055.96,69037.487
600577.SH,20250718,7.61,7.66,7.45,7.5,7.6,-1.3158,667183.0,501812.307
600578.SH,20250718,4.5,4.51,4.44,4.49,4.5,-0.2222,322890.8,144303.609
600580.SH,20250718,21.16,21.23,20.81,21.01,21.15,-0.6619,702067.16,1470591.533
600581.SH,20250718,3.27,3.33,3.25,3.29,3.27,0.6116,272415.0,89382.777
600582.SH,20250718,6.21,6.22,6.15,6.2,6.18,0.3236,290208.42,179412.449
600583.SH,20250718,5.47,5.53,5.46,5.51,5.46,0.9158,253041.33,139294.428
600584.SH,20250718,34.09,34.19,33.8,33.93,33.96,-0.0883,282191.69,958470.367
600585.SH,20250718,22.45,22.57,22.31,22.45,22.35,0.4474,163934.44,367903.488
600586.SH,20250718,5.08,5.12,4.97,5.01,5.09,-1.5717,261067.4,130951.258
600587.SH,20250718,15.24,15.95,15.19,15.65,15.23,2.7577,214182.66,333027.795
600588.SH,20250718,14.54,14.84,14.28,14.33,14.29,0.2799,995933.93,1448982.394
600589.SH,20250718,9.08,9.22,8.88,8.99,9.1,-1.2088,2074818.0,1865478.514
600590.SH,20250718,9.54,9.66,9.5,9.51,9.59,-0.8342,357842.01,341640.701
600592.SH,20250718,23.01,23.03,22.49,22.82,22.96,-0.6098,303053.23,688575.835
600593.SH,20250718,31.66,32.99,31.31,32.65,31.47,3.7496,99350.46,320037.142
600594.SH,20250718,4.25,4.26,4.15,4.23,4.23,0.0,167736.0,70291.997
600595.SH,20250718,4.46,4.54,4.45,4.49,4.47,0.4474,583848.48,261979.295
600596.SH,20250718,8.82,9.0,8.79,8.94,8.84,1.1312,223478.2,198999.306
600597.SH,20250718,8.58,8.6,8.53,8.58,8.58,0.0,73244.0,62687.901
600598.SH,20250718,14.53,14.59,14.49,14.55,14.5,0.3448,156364.0,227342.649
600599.SH,20250718,7.87,7.9,7.75,7.78,7.9,-1.519,28566.0,22283.418
600600.SH,20250718,68.31,68.74,68.31,68.72,68.3,0.6149,59765.47,409892.412
600601.SH,20250718,5.47,5.65,5.45,5.5,5.48,0.365,2020531.6,1118547.431
600602.SH,20250718,22.45,23.46,22.3,23.14,22.32,3.6738,860948.5,1982303.185
600603.SH,20250718,7.75,7.82,7.72,7.76,7.78,-0.2571,47771.12,37094.53
600604.SH,20250718,6.75,7.2,6.34,6.42,7.0,-8.2857,1458698.19,982735.674
600605.SH,20250718,38.36,38.39,37.7,38.15,38.37,-0.5734,23200.0,88261.912
600606.SH,20250718,2.01,2.01,1.94,1.96,1.99,-1.5075,2605248.72,510324.702
600608.SH,20250718,4.07,4.09,3.97,4.05,4.02,0.7463,15611.0,6268.592
600609.SH,20250718,5.26,5.27,5.15,5.19,5.25,-1.1429,325215.0,168489.242
600610.SH,20250718,14.1,14.3,14.05,14.18,14.24,-0.4213,344257.24,486882.073
600611.SH,20250718,6.38,6.47,6.32,6.41,6.4,0.1563,567899.89,362552.969
600612.SH,20250718,48.18,48.2,47.93,48.12,48.16,-0.0831,15971.55,76785.658
600613.SH,20250718,6.96,6.96,6.8,6.93,6.94,-0.1441,75792.0,52035.162
600615.SH,20250718,11.87,11.89,11.72,11.77,11.82,-0.423,41322.0,48711.241
600616.SH,20250718,5.67,5.68,5.63,5.66,5.68,-0.3521,102366.5,57804.658
600617.SH,20250718,2.78,2.81,2.77,2.8,2.78,0.7194,142073.8,39654.486
600618.SH,20250718,10.02,10.9,10.02,10.53,10.01,5.1948,234938.05,244249.592
600619.SH,20250718,12.45,13.73,12.21,13.73,12.48,10.016,1058284.08,1386095.589
600620.SH,20250718,7.1,7.74,6.64,7.74,7.04,9.9432,774361.82,547399.425
600621.SH,20250718,15.37,15.4,15.19,15.25,15.38,-0.8453,227611.0,347501.915
600622.SH,20250718,3.07,3.08,3.03,3.07,3.06,0.3268,639112.0,195412.757
600623.SH,20250718,8.0,8.67,8.0,8.55,7.96,7.4121,484193.73,407287.352
600624.SH,20250718,7.05,7.08,6.96,7.0,7.05,-0.7092,127743.48,89392.601
600626.SH,20250718,3.84,3.85,3.76,3.83,3.84,-0.2604,114375.0,43478.006
600628.SH,20250718,7.53,7.59,7.47,7.58,7.52,0.7979,89424.94,67371.167
600629.SH,20250718,8.66,9.57,8.6,9.57,8.7,10.0,530100.26,485740.931
600630.SH,20250718,8.56,8.63,8.45,8.58,8.57,0.1167,126120.07,107426.717
600633.SH,20250718,14.18,14.2,13.98,14.01,14.17,-1.1291,349158.88,490432.758
600635.SH,20250718,4.15,4.16,4.1,4.12,4.14,-0.4831,275245.03,113441.269
600636.SH,20250718,8.4,8.45,8.39,8.45,8.4,0.5952,27865.41,23453.208
600637.SH,20250718,7.58,7.63,7.54,7.62,7.59,0.3953,312369.28,236965.398
600638.SH,20250718,6.15,6.16,6.05,6.1,6.14,-0.6515,160971.25,97981.684
600639.SH,20250718,10.85,10.89,10.8,10.86,10.88,-0.1838,33573.8,36386.68
600640.SH,20250718,12.52,12.52,12.34,12.44,12.4,0.3226,58175.97,72208.683
600641.SH,20250718,13.95,14.36,13.83,14.09,13.93,1.1486,162076.54,228034.865
600642.SH,20250718,8.29,8.3,8.27,8.28,8.28,0.0,143672.2,119022.407
600643.SH,20250718,6.33,6.42,6.28,6.3,6.36,-0.9434,458349.17,290560.916
600644.SH,20250718,14.88,15.85,14.55,15.47,14.87,4.035,671625.0,1019240.724
600645.SH,20250718,26.42,26.76,26.31,26.71,26.6,0.4135,98982.47,262597.225
600648.SH,20250718,11.47,11.47,11.21,11.27,11.3,-0.2655,39705.0,44698.9
600649.SH,20250718,4.44,4.45,4.4,4.42,4.42,0.0,199599.71,88133.944
600650.SH,20250718,17.21,17.98,16.9,17.92,17.35,3.2853,353054.4,615461.261
600651.SH,20250718,4.44,4.49,4.38,4.46,4.44,0.4505,166735.2,73971.502
600653.SH,20250718,1.95,1.96,1.92,1.92,1.94,-1.0309,235906.4,45551.127
600654.SH,20250718,3.0,3.04,2.97,3.0,2.99,0.3344,299665.59,89803.612
600655.SH,20250718,5.6,5.64,5.58,5.64,5.59,0.8945,62737.24,35197.903
600657.SH,20250718,3.82,3.84,3.79,3.81,3.81,0.0,133970.0,50991.584
600658.SH,20250718,4.45,4.58,4.45,4.55,4.46,2.0179,218954.19,98706.753
600660.SH,20250718,57.77,58.06,57.36,58.0,57.58,0.7294,115403.14,665767.969
600661.SH,20250718,10.88,11.78,10.84,11.44,10.88,5.1471,207055.3,235556.977
600662.SH,20250718,5.71,5.75,5.66,5.75,5.69,1.0545,107690.69,61495.361
600663.SH,20250718,9.3,9.35,9.27,9.32,9.29,0.3229,40730.32,37944.563
600664.SH,20250718,3.94,3.96,3.89,3.95,3.94,0.2538,463548.65,181565.323
600665.SH,20250718,3.41,3.41,3.35,3.37,3.39,-0.59,63690.6,21463.354
600666.SH,20250718,3.38,3.44,3.32,3.34,3.37,-0.8902,1502767.31,505739.684
600667.SH,20250718,6.66,6.67,6.6,6.62,6.66,-0.6006,179726.2,118987.058
600668.SH,20250718,12.3,12.36,12.06,12.09,12.23,-1.1447,125862.29,152662.029
600671.SH,20250718,14.05,14.14,13.8,14.11,14.06,0.3556,30991.01,43234.085
600673.SH,20250718,14.45,14.53,14.16,14.36,14.41,-0.347,394598.67,565979.381
600674.SH,20250718,15.83,15.89,15.65,15.85,15.76,0.5711,182627.9,288451.64
600675.SH,20250718,3.0,3.01,2.95,2.97,2.99,-0.6689,237993.64,70669.734
600676.SH,20250718,5.44,5.55,5.33,5.48,5.44,0.7353,826463.46,449018.72
600678.SH,20250718,9.72,9.86,9.55,9.62,9.88,-2.6316,366889.7,355609.513
600679.SH,20250718,13.34,13.34,13.03,13.19,13.27,-0.6029,68440.0,89794.946
600681.SH,20250718,3.64,3.65,3.62,3.64,3.64,0.0,96886.02,35190.108
600682.SH,20250718,6.47,6.51,6.43,6.5,6.49,0.1541,125948.03,81520.811
600683.SH,20250718,4.06,4.07,4.0,4.04,4.03,0.2481,78638.1,31697.916
600684.SH,20250718,4.22,4.22,4.13,4.16,4.18,-0.4785,138174.8,57402.5
600685.SH,20250718,27.7,27.84,27.4,27.77,27.8,-0.1079,129280.35,357306.962
600686.SH,20250718,12.99,13.03,12.75,12.85,12.93,-0.6187,194124.0,249156.17
600688.SH,20250718,2.87,2.92,2.87,2.91,2.87,1.3937,388237.41,112485.322
600689.SH,20250718,12.52,12.55,12.19,12.35,12.54,-1.5152,47367.75,58232.085
600690.SH,20250718,25.88,25.99,25.63,25.79,25.81,-0.0775,327267.34,843681.567
600691.SH,20250718,2.38,2.49,2.37,2.48,2.38,4.2017,396370.08,97192.319
600692.SH,20250718,7.7,7.71,7.51,7.62,7.69,-0.9103,81307.0,61613.604
600693.SH,20250718,5.93,5.95,5.88,5.9,5.98,-1.3378,219770.0,129700.997
600694.SH,20250718,18.91,18.95,18.8,18.95,18.9,0.2646,42279.35,79815.808
600696.SH,20250718,6.18,6.19,6.07,6.07,6.15,-1.3008,37012.0,22544.238
600697.SH,20250718,12.37,12.4,12.3,12.31,12.37,-0.485,25463.0,31406.106
600698.SH,20250718,10.27,10.57,10.15,10.36,10.27,0.8763,982931.09,1019083.055
600699.SH,20250718,17.9,17.94,17.7,17.78,17.93,-0.8366,290515.03,516084.376
600702.SH,20250718,52.2,53.43,52.2,52.52,52.2,0.613,89494.96,472760.399
600703.SH,20250718,12.55,12.59,12.39,12.49,12.53,-0.3192,367027.93,457686.268
600704.SH,20250718,5.61,5.66,5.58,5.6,5.6,0.0,545305.47,305354.299
600706.SH,20250718,11.1,11.3,10.9,11.04,11.05,-0.0905,200323.0,221306.914
600707.SH,20250718,6.22,6.23,6.08,6.11,6.21,-1.6103,466636.02,285647.493
600708.SH,20250718,3.41,3.44,3.4,3.44,3.42,0.5848,105042.87,35888.236
600710.SH,20250718,10.33,10.84,10.33,10.5,10.03,4.6859,438362.13,461231.285
600711.SH,20250718,7.2,7.22,7.06,7.08,7.18,-1.3928,668588.59,475713.712
600712.SH,20250718,6.01,6.02,5.89,5.91,5.98,-1.1706,119448.0,70765.135
600713.SH,20250718,5.3,5.32,5.24,5.29,5.29,0.0,88560.2,46597.564
600714.SH,20250718,12.1,12.45,12.1,12.29,12.1,1.5702,149051.01,183496.842
600715.SH,20250718,2.29,2.3,2.26,2.27,2.29,-0.8734,218152.0,49475.736
600716.SH,20250718,3.85,3.86,3.79,3.83,3.83,0.0,77409.0,29569.049
600717.SH,20250718,4.65,4.67,4.64,4.65,4.65,0.0,122792.91,57094.32
600718.SH,20250718,9.8,9.92,9.77,9.83,9.8,0.3061,197671.3,194534.999
600719.SH,20250718,6.57,6.6,6.5,6.55,6.58,-0.4559,115238.99,75213.76
600720.SH,20250718,7.91,7.95,7.89,7.95,7.88,0.8883,84124.33,66662.243
600721.SH,20250718,7.9,7.9,7.75,7.87,7.9,-0.3797,172597.0,134666.386
600722.SH,20250718,6.04,6.08,6.02,6.06,6.04,0.3311,172373.0,104346.269
600724.SH,20250718,4.69,4.72,4.65,4.7,4.67,0.6424,66368.0,31086.895
600725.SH,20250718,3.3,3.37,3.28,3.31,3.29,0.6079,175478.5,58111.497
600726.SH,20250718,2.6,2.61,2.57,2.6,2.61,-0.3831,433452.0,112300.234
600727.SH,20250718,7.71,7.83,7.7,7.79,7.72,0.9067,151204.0,117449.983
600728.SH,20250718,5.67,5.79,5.65,5.75,5.65,1.7699,542036.6,310196.882
600729.SH,20250718,28.06,28.06,27.8,27.95,28.02,-0.2498,19608.0,54733.222
600730.SH,20250718,6.71,7.1,6.66,6.85,6.71,2.0864,351237.6,240932.475
600731.SH,20250718,6.98,7.03,6.92,6.96,6.98,-0.2865,66046.1,45996.051
600732.SH,20250718,15.01,15.35,14.53,14.66,15.18,-3.4256,544589.49,808009.912
600733.SH,20250718,7.91,8.02,7.82,8.0,7.85,1.9108,1653741.79,1313376.497
600734.SH,20250718,4.23,4.23,4.14,4.21,4.21,0.0,553109.19,231404.264
600735.SH,20250718,8.9,8.94,8.67,8.9,8.73,1.9473,298689.09,263668.381
600736.SH,20250718,5.54,5.54,5.47,5.49,5.52,-0.5435,111790.2,61366.181
600737.SH,20250718,9.93,9.94,9.86,9.93,9.9,0.303,106132.25,105030.461
600738.SH,20250718,5.39,5.4,5.31,5.36,5.42,-1.107,168220.12,89776.085
600739.SH,20250718,11.57,11.69,11.53,11.62,11.56,0.519,138637.66,160900.171
600740.SH,20250718,3.86,3.96,3.86,3.91,3.85,1.5584,269137.91,105566.625
600741.SH,20250718,18.56,18.65,18.25,18.33,18.57,-1.2924,126695.35,232888.563
600742.SH,20250718,10.24,10.24,10.07,10.09,10.17,-0.7866,59336.2,60025.236
600743.SH,20250718,2.19,2.23,2.17,2.19,2.18,0.4587,201899.6,44304.708
600744.SH,20250718,8.02,8.29,7.75,8.02,8.12,-1.2315,3046073.95,2413494.88
600745.SH,20250718,35.1,37.28,35.09,36.99,35.05,5.535,536684.02,1969712.825
600746.SH,20250718,7.96,8.09,7.96,8.09,7.97,1.5056,64131.65,51532.054
600748.SH,20250718,3.31,3.32,3.26,3.28,3.3,-0.6061,85673.23,28115.313
600749.SH,20250718,11.9,11.99,11.87,11.95,11.87,0.674,37781.0,45095.289
600750.SH,20250718,21.97,22.05,21.87,22.04,21.96,0.3643,39534.19,86741.52
600751.SH,20250718,3.83,4.1,3.79,4.1,3.73,9.9196,3134326.07,1271675.652
600753.SH,20250718,7.15,7.52,7.15,7.48,7.21,3.7448,27881.0,20576.2
600754.SH,20250718,22.51,22.6,22.42,22.6,22.48,0.5338,86546.0,195065.041
600755.SH,20250718,6.29,6.3,6.26,6.28,6.28,0.0,100079.0,62828.616
600756.SH,20250718,15.21,15.32,15.12,15.17,15.19,-0.1317,80447.99,122254.816
600757.SH,20250718,9.65,9.75,9.64,9.73,9.61,1.2487,65960.09,63999.334
600758.SH,20250718,3.93,4.0,3.92,3.93,3.9,0.7692,195221.0,77211.374
600759.SH,20250718,2.34,2.36,2.32,2.34,2.34,0.0,928476.05,217105.351
600760.SH,20250718,63.87,66.23,63.5,65.64,63.78,2.9163,659937.94,4296114.145
600761.SH,20250718,19.25,19.27,18.96,19.16,19.21,-0.2603,101582.91,194296.255
600763.SH,20250718,42.03,42.97,41.89,42.73,42.02,1.6897,111501.55,473883.381
600764.SH,20250718,33.79,34.68,33.6,34.36,33.79,1.6869,130097.33,446312.451
600765.SH,20250718,16.6,17.25,16.51,17.1,16.6,3.012,558767.69,948855.489
600768.SH,20250718,11.96,11.99,11.84,11.97,11.9,0.5882,25008.0,29782.94
600769.SH,20250718,10.74,11.24,10.71,11.18,10.74,4.0968,117680.13,129991.243
600770.SH,20250718,5.6,5.68,5.54,5.64,5.61,0.5348,441025.37,246972.972
600771.SH,20250718,20.63,21.14,20.45,20.82,20.58,1.1662,121397.86,252140.367
600773.SH,20250718,10.0,10.29,10.0,10.14,9.98,1.6032,122284.0,124305.902
600774.SH,20250718,10.92,10.92,10.92,10.92,9.93,9.9698,30058.43,32823.806
600775.SH,20250718,10.55,10.63,10.4,10.47,10.44,0.2874,201319.0,211193.434
600776.SH,20250718,11.06,11.12,10.99,11.02,11.06,-0.3617,74231.1,81986.404
600777.SH,20250718,4.64,4.64,4.59,4.64,4.42,4.9774,385918.88,179052.31
600778.SH,20250718,6.66,6.66,6.51,6.55,6.62,-1.0574,87076.4,57033.211
600779.SH,20250718,41.81,42.39,41.81,41.98,41.81,0.4066,40008.04,168512.669
600780.SH,20250718,6.13,6.17,6.1,6.16,6.13,0.4894,93867.0,57680.093
600782.SH,20250718,4.15,4.26,4.07,4.11,4.12,-0.2427,628339.0,259234.423
600783.SH,20250718,12.8,12.85,12.67,12.73,12.78,-0.3912,41357.0,52677.362
600784.SH,20250718,6.47,6.48,6.4,6.43,6.45,-0.3101,52582.0,33762.526
600785.SH,20250718,12.1,12.15,11.9,11.98,12.01,-0.2498,47180.01,56501.36
600787.SH,20250718,5.81,5.84,5.8,5.83,5.83,0.0,243817.54,141875.152
600789.SH,20250718,10.36,10.37,10.2,10.3,10.32,-0.1938,334662.2,343761.697
600790.SH,20250718,3.89,3.96,3.86,3.87,3.9,-0.7692,198620.6,77456.733
600791.SH,20250718,4.94,4.96,4.87,4.91,4.92,-0.2033,49386.91,24165.503
600792.SH,20250718,3.74,4.05,3.73,4.05,3.68,10.0543,290263.16,116281.415
600793.SH,20250718,28.2,29.45,28.14,28.61,28.38,0.8104,144181.04,416012.382
600794.SH,20250718,4.8,4.82,4.73,4.77,4.81,-0.8316,396830.0,188886.076
600795.SH,20250718,4.67,4.7,4.65,4.7,4.67,0.6424,1018430.37,476876.677
600796.SH,20250718,5.97,5.97,5.91,5.95,5.95,0.0,54009.0,32067.821
600797.SH,20250718,9.7,9.78,9.61,9.67,9.7,-0.3093,440285.0,426384.95
600798.SH,20250718,4.31,4.35,4.28,4.3,4.31,-0.232,343777.58,147971.968
600800.SH,20250718,4.28,4.42,4.22,4.27,4.26,0.2347,279391.01,119813.076
600801.SH,20250718,13.2,13.28,13.02,13.1,13.18,-0.607,108309.4,142236.289
600802.SH,20250718,5.14,5.15,5.05,5.08,5.11,-0.5871,98772.81,50304.995
600803.SH,20250718,19.65,19.78,19.42,19.62,19.61,0.051,67918.0,133277.481
600805.SH,20250718,5.39,5.44,5.35,5.43,5.4,0.5556,128197.37,69284.962
600807.SH,20250718,3.2,3.2,3.14,3.16,3.18,-0.6289,156945.79,49599.678
600808.SH,20250718,3.35,3.38,3.29,3.32,3.34,-0.5988,765493.14,254320.228
600809.SH,20250718,175.85,181.88,175.85,181.1,176.07,2.8568,170145.74,3061579.716
600810.SH,20250718,9.02,9.08,8.96,9.06,8.99,0.7786,69516.2,62708.145
600812.SH,20250718,6.93,6.93,6.76,6.89,6.93,-0.5772,197195.57,134582.545
600814.SH,20250718,7.81,7.83,7.74,7.81,7.79,0.2567,55118.12,42895.415
600815.SH,20250718,2.77,2.79,2.74,2.76,2.77,-0.361,113341.0,31329.378
600816.SH,20250718,2.98,3.05,2.96,3.0,2.98,0.6711,933462.14,279648.204
600817.SH,20250718,12.24,12.33,12.15,12.3,12.24,0.4902,41045.0,50208.716
600818.SH,20250718,11.49,11.61,11.41,11.61,11.49,1.0444,52878.21,60869.408
600819.SH,20250718,6.6,6.64,6.46,6.51,6.59,-1.214,206564.0,134519.288
600820.SH,20250718,6.35,6.37,6.33,6.37,6.34,0.4732,138197.1,87828.32
600821.SH,20250718,5.65,5.69,5.62,5.67,5.65,0.354,332679.37,187913.556
600822.SH,20250718,14.82,16.38,14.48,15.4,16.09,-4.2884,915717.38,1394196.544
600824.SH,20250718,4.28,4.28,4.24,4.27,4.27,0.0,134965.0,57417.776
600825.SH,20250718,6.96,7.02,6.94,6.98,6.97,0.1435,90177.0,62845.377
600826.SH,20250718,13.68,14.49,13.6,14.49,13.17,10.0228,1316587.33,1872365.068
600827.SH,20250718,9.47,9.65,9.4,9.58,9.38,2.1322,180218.09,172014.061
600828.SH,20250718,3.91,3.91,3.85,3.88,3.89,-0.2571,80383.0,31100.455
600829.SH,20250718,9.24,9.24,9.24,9.24,8.4,10.0,83733.0,77369.292
600830.SH,20250718,11.2,11.55,11.07,11.12,11.39,-2.3705,360411.19,404558.046
600831.SH,20250718,3.86,3.88,3.76,3.76,3.85,-2.3377,60302.0,22993.162
600833.SH,20250718,13.19,13.25,13.06,13.09,13.14,-0.3805,42895.0,56232.476
600834.SH,20250718,9.03,9.04,8.92,9.03,9.02,0.1109,53981.01,48412.904
600835.SH,20250718,22.62,22.99,22.48,22.86,22.75,0.4835,125709.0,285364.58
600838.SH,20250718,8.38,8.39,8.25,8.36,8.36,0.0,76070.05,63160.47
600839.SH,20250718,10.1,10.1,9.95,10.0,10.11,-1.088,1443780.07,1443455.557
600841.SH,20250718,6.7,6.82,6.55,6.6,6.7,-1.4925,428816.82,285455.832
600843.SH,20250718,11.45,11.59,11.39,11.49,11.76,-2.2959,640072.11,735361.001
600844.SH,20250718,3.42,3.44,3.39,3.42,3.41,0.2933,119500.0,40733.581
600845.SH,20250718,24.45,24.68,24.37,24.49,24.42,0.2867,179115.61,438917.107
600846.SH,20250718,11.02,11.02,10.88,10.96,10.96,0.0,43652.0,47667.868
600847.SH,20250718,11.11,11.15,11.0,11.03,11.09,-0.541,31596.0,34952.779
600848.SH,20250718,9.29,9.33,9.24,9.33,9.26,0.7559,60850.4,56444.288
600850.SH,20250718,26.56,27.03,26.31,26.76,26.7,0.2247,176536.53,469928.114
600851.SH,20250718,7.17,7.23,7.08,7.23,7.2,0.4167,89897.0,64230.369
600853.SH,20250718,3.62,3.63,3.59,3.61,3.61,0.0,101782.32,36716.754
600854.SH,20250718,5.31,5.32,5.23,5.3,5.29,0.189,82254.87,43304.128
600855.SH,20250718,13.49,13.99,13.49,13.93,13.58,2.5773,293952.46,404761.579
600857.SH,20250718,11.07,11.43,11.01,11.39,11.1,2.6126,72559.0,81659.888
600858.SH,20250718,5.68,5.73,5.62,5.65,5.69,-0.703,144372.0,81619.221
600859.SH,20250718,13.64,13.94,13.6,13.85,13.63,1.6141,232523.84,319848.939
600860.SH,20250718,12.14,12.19,11.91,11.99,12.09,-0.8271,96340.0,115730.895
600861.SH,20250718,19.74,19.91,19.67,19.87,19.84,0.1512,33326.0,65894.399
600862.SH,20250718,26.52,27.0,26.51,26.74,26.71,0.1123,149378.33,398999.697
600863.SH,20250718,4.3,4.31,4.28,4.3,4.29,0.2331,481739.86,206841.746
600864.SH,20250718,6.53,6.57,6.49,6.54,6.55,-0.1527,423524.61,276398.271
600865.SH,20250718,9.21,9.28,9.17,9.21,9.27,-0.6472,43716.25,40254.553
600866.SH,20250718,7.5,7.57,7.45,7.56,7.49,0.9346,275533.99,206485.511
600867.SH,20250718,8.2,8.24,8.14,8.24,8.19,0.6105,200397.27,164183.657
600868.SH,20250718,2.81,2.83,2.8,2.81,2.82,-0.3546,247733.0,69696.338
600869.SH,20250718,5.57,5.66,5.55,5.65,5.57,1.4363,360260.54,201930.178
600871.SH,20250718,1.98,2.0,1.98,1.98,1.98,0.0,707238.0,140581.325
600872.SH,20250718,18.99,19.08,18.93,19.03,18.96,0.3692,108155.05,205640.219
600873.SH,20250718,10.81,10.84,10.73,10.8,10.81,-0.0925,176892.01,190762.235
600874.SH,20250718,5.95,6.0,5.92,6.0,5.94,1.0101,73446.01,43792.82
600875.SH,20250718,17.37,17.99,17.37,17.84,17.31,3.0618,377069.98,668650.417
600876.SH,20250718,11.33,11.41,11.19,11.23,11.34,-0.97,59193.0,66651.648
600877.SH,20250718,12.42,12.48,12.38,12.43,12.43,0.0,52326.68,64958.512
600879.SH,20250718,10.08,10.2,9.98,10.17,10.09,0.7929,555918.06,561820.478
600880.SH,20250718,5.3,5.35,5.26,5.28,5.33,-0.9381,303525.91,160621.803
600881.SH,20250718,1.82,1.83,1.79,1.82,1.82,0.0,372174.9,67286.368
600882.SH,20250718,28.36,29.07,28.2,28.84,28.4,1.5493,60457.72,173030.427
600883.SH,20250718,8.17,8.17,8.02,8.15,8.13,0.246,20865.0,16901.358
600884.SH,20250718,9.55,9.58,9.44,9.53,9.55,-0.2094,672680.06,638906.741
600885.SH,20250718,23.33,23.54,23.24,23.48,23.32,0.6861,76556.61,179331.527
600886.SH,20250718,14.72,14.84,14.7,14.83,14.73,0.6789,187404.69,277081.712
600887.SH,20250718,28.12,28.23,27.88,28.07,28.1,-0.1068,335659.27,940587.764
600888.SH,20250718,6.91,7.01,6.9,6.98,6.9,1.1594,141432.44,98606.221
600889.SH,20250718,15.53,15.85,15.45,15.68,15.51,1.0961,98454.0,154228.256
600892.SH,20250718,3.09,3.11,3.06,3.1,3.1,0.0,56007.0,17252.859
600893.SH,20250718,37.9,39.39,37.7,39.13,37.95,3.1094,476901.05,1848141.214
600894.SH,20250718,10.01,10.04,9.94,10.0,10.01,-0.0999,48258.07,48184.73
600895.SH,20250718,25.93,27.27,25.65,27.21,25.87,5.1797,688835.39,1827426.367
600897.SH,20250718,14.7,14.8,14.65,14.77,14.62,1.026,15677.64,23108.71
600900.SH,20250718,29.54,29.6,29.35,29.5,29.43,0.2379,601701.9,1774601.208
600901.SH,20250718,6.09,6.12,6.01,6.04,6.1,-0.9836,352879.24,213243.251
600903.SH,20250718,6.93,6.97,6.92,6.94,6.93,0.1443,62548.6,43439.986
600905.SH,20250718,4.3,4.31,4.28,4.3,4.29,0.2331,947346.7,407091.675
600906.SH,20250718,7.19,7.22,7.13,7.15,7.18,-0.4178,180154.1,129042.013
600908.SH,20250718,6.28,6.33,6.25,6.3,6.27,0.4785,172643.71,108690.899
600909.SH,20250718,6.08,6.1,6.03,6.06,6.07,-0.1647,342014.9,207361.929
600916.SH,20250718,8.18,8.2,8.16,8.19,8.18,0.1222,130475.12,106759.933
600917.SH,20250718,5.71,5.76,5.69,5.73,5.71,0.3503,44260.1,25295.181
600918.SH,20250718,6.69,6.72,6.66,6.71,6.68,0.4491,208596.98,139668.949
600919.SH,20250718,11.71,11.83,11.68,11.78,11.72,0.5119,1014254.4,1193893.259
600925.SH,20250718,5.17,5.18,5.15,5.17,5.15,0.3883,66171.37,34206.486
600926.SH,20250718,17.0,17.27,17.0,17.25,16.85,2.3739,582497.63,1001410.775
600927.SH,20250718,16.23,16.4,15.97,16.09,16.31,-1.3489,204053.62,328769.212
600928.SH,20250718,4.02,4.11,4.0,4.09,4.01,1.995,318082.56,128967.959
600929.SH,20250718,5.11,5.14,5.09,5.14,5.1,0.7843,112562.87,57565.078
600930.SH,20250718,6.49,6.83,6.2,6.65,6.52,1.9939,8038961.23,5302733.781
600933.SH,20250718,16.35,16.38,16.01,16.11,16.28,-1.0442,91275.79,146984.4
600935.SH,20250718,2.42,2.44,2.41,2.44,2.42,0.8264,216413.0,52495.405
600936.SH,20250718,3.59,3.67,3.59,3.64,3.59,1.3928,113629.68,41271.053
600938.SH,20250718,25.77,25.86,25.7,25.85,25.7,0.5837,210764.45,543417.903
600939.SH,20250718,3.59,3.59,3.51,3.55,3.57,-0.5602,225980.0,80124.516
600941.SH,20250718,111.77,111.95,111.36,111.69,111.76,-0.0626,105440.97,1176094.764
600955.SH,20250718,14.02,14.36,13.93,14.33,13.96,2.6504,52202.98,74349.71
600956.SH,20250718,7.77,7.79,7.72,7.76,7.74,0.2584,40655.0,31546.721
600958.SH,20250718,10.27,10.45,10.21,10.34,10.26,0.7797,655642.61,678414.371
600959.SH,20250718,3.5,3.51,3.48,3.51,3.49,0.5731,273563.7,95712.975
600960.SH,20250718,4.89,4.96,4.85,4.9,4.89,0.2045,299969.03,147071.19
600961.SH,20250718,11.18,11.63,11.18,11.37,11.17,1.7905,345236.52,392894.664
600962.SH,20250718,21.44,21.79,20.69,21.1,21.23,-0.6123,221226.21,465679.148
600963.SH,20250718,4.56,4.59,4.54,4.57,4.57,0.0,133092.33,60696.05
600965.SH,20250718,5.04,5.04,4.99,5.02,5.03,-0.1988,48322.0,24223.719
600966.SH,20250718,4.59,4.61,4.56,4.6,4.57,0.6565,53433.0,24510.146
600967.SH,20250718,18.22,19.58,18.05,19.19,18.16,5.6718,1676339.04,3136029.76
600968.SH,20250718,4.15,4.2,4.12,4.19,4.14,1.2077,287843.42,120268.799
600969.SH,20250718,7.71,7.72,7.56,7.68,7.72,-0.5181,107390.4,81886.801
600970.SH,20250718,9.05,9.11,8.98,9.07,9.0,0.7778,111123.11,100593.636
600971.SH,20250718,6.71,6.77,6.71,6.73,6.69,0.5979,123550.4,83261.705
600973.SH,20250718,5.23,5.27,5.19,5.22,5.22,0.0,226566.99,118336.972
600975.SH,20250718,6.19,6.26,6.18,6.25,6.18,1.1327,239215.08,148846.275
600976.SH,20250718,39.71,40.05,39.54,40.04,39.65,0.9836,22762.14,90546.475
600977.SH,20250718,11.6,11.8,11.59,11.73,11.58,1.2953,235499.08,275665.342
600979.SH,20250718,5.14,5.16,5.09,5.13,5.15,-0.3883,244714.61,125051.514
600980.SH,20250718,22.81,23.88,22.72,23.28,22.89,1.7038,195763.55,456497.524
600981.SH,20250718,2.94,3.03,2.91,2.99,2.93,2.0478,542277.75,161087.535
600982.SH,20250718,4.72,4.74,4.66,4.71,4.71,0.0,218782.59,102659.437
600983.SH,20250718,10.83,10.95,10.8,10.94,10.87,0.644,68762.01,74718.996
600984.SH,20250718,3.21,3.24,3.21,3.24,3.21,0.9346,94199.23,30418.532
600985.SH,20250718,11.39,11.7,11.39,11.52,11.31,1.8568,299921.36,347569.04
600986.SH,20250718,8.66,8.66,8.48,8.52,8.6,-0.9302,488439.0,417220.143
600987.SH,20250718,7.25,7.28,7.18,7.23,7.24,-0.1381,48067.7,34656.707
600988.SH,20250718,23.65,23.79,23.57,23.75,23.66,0.3804,370323.45,877479.708
600989.SH,20250718,15.62,15.82,15.61,15.75,15.61,0.8969,357965.64,562966.068
600990.SH,20250718,27.68,28.29,27.5,27.97,27.44,1.9315,176157.39,490495.603
600992.SH,20250718,14.5,14.87,14.44,14.7,14.51,1.3094,61236.01,89372.036
600993.SH,20250718,28.38,28.47,27.72,28.1,28.38,-0.9866,65296.42,182710.589
600995.SH,20250718,9.87,10.05,9.86,10.05,9.86,1.927,155843.51,155104.838
600996.SH,20250718,8.23,8.27,8.18,8.21,8.2,0.122,91055.54,74771.182
600997.SH,20250718,5.96,6.04,5.95,6.01,5.92,1.5203,89568.01,53833.031
600998.SH,20250718,5.39,5.4,5.3,5.35,5.4,-0.9259,304336.21,162212.171
600999.SH,20250718,17.4,17.89,17.4,17.8,17.39,2.3577,448704.5,795718.464
601000.SH,20250718,4.07,4.08,4.04,4.06,4.07,-0.2457,413681.72,167671.333
601001.SH,20250718,12.49,12.75,12.48,12.69,12.49,1.6013,199412.5,252576.516
601002.SH,20250718,5.17,5.21,5.12,5.14,5.17,-0.5803,119298.0,61358.128
601003.SH,20250718,5.69,6.13,5.58,6.13,5.57,10.0539,2407193.12,1400706.636
601005.SH,20250718,1.43,1.45,1.42,1.43,1.43,0.0,1598555.0,229394.724
601006.SH,20250718,6.42,6.44,6.41,6.42,6.41,0.156,488365.81,313635.381
601007.SH,20250718,7.52,7.54,7.47,7.54,7.52,0.266,67020.2,50303.009
601008.SH,20250718,6.3,6.33,6.24,6.27,6.31,-0.6339,286616.0,179635.711
601009.SH,20250718,11.7,11.85,11.68,11.82,11.64,1.5464,507856.41,599043.753
601010.SH,20250718,2.6,2.61,2.59,2.61,2.61,0.0,187178.82,48683.567
601011.SH,20250718,2.75,2.85,2.75,2.79,2.75,1.4545,519757.0,145214.671
601012.SH,20250718,16.1,16.4,16.0,16.07,16.21,-0.8637,805956.06,1301639.696
601015.SH,20250718,3.47,3.7,3.46,3.52,3.4,3.5294,590334.44,210796.532
601016.SH,20250718,3.01,3.02,3.0,3.01,3.01,0.0,373410.8,112354.91
601018.SH,20250718,3.7,3.73,3.69,3.72,3.7,0.5405,367213.0,136268.448
601019.SH,20250718,9.05,9.1,8.96,9.0,9.04,-0.4425,97642.0,87932.725
601020.SH,20250718,19.51,20.15,19.51,19.69,19.59,0.5105,330872.71,654920.394
601021.SH,20250718,53.52,54.27,53.5,54.26,53.64,1.1559,26939.38,145635.309
601022.SH,20250718,10.45,10.6,10.24,10.31,10.41,-0.9606,351298.07,363035.443
601033.SH,20250718,15.82,15.84,15.64,15.68,15.82,-0.885,43543.46,68363.516
601038.SH,20250718,13.25,13.26,13.2,13.26,13.22,0.3026,41666.89,55154.965
601058.SH,20250718,13.41,13.43,13.11,13.25,13.4,-1.1194,275100.82,363323.143
601059.SH,20250718,16.84,16.87,16.71,16.76,16.83,-0.4159,203603.14,341565.709
601061.SH,20250718,8.18,8.24,8.14,8.14,8.16,-0.2451,126405.0,103367.495
601065.SH,20250718,8.35,8.37,8.33,8.36,8.33,0.3601,38407.16,32082.611
601066.SH,20250718,25.65,25.83,25.41,25.64,25.75,-0.4272,220320.92,565204.077
601068.SH,20250718,4.84,4.97,4.82,4.88,4.81,1.4553,474204.0,232347.401
601069.SH,20250718,19.68,19.68,19.28,19.39,19.77,-1.9221,205511.01,399308.908
601077.SH,20250718,7.24,7.27,7.15,7.21,7.2,0.1389,601397.43,432862.834
601083.SH,20250718,11.96,12.3,11.87,12.18,11.95,1.9247,271670.29,328934.733
601086.SH,20250718,11.65,12.18,11.56,11.69,12.21,-4.2588,592311.0,698586.216
601088.SH,20250718,37.24,37.58,37.23,37.4,37.13,0.7272,207788.01,777848.796
601089.SH,20250718,19.5,20.16,18.9,20.0,19.6,2.0408,159962.86,310103.949
601096.SH,20250718,4.36,4.37,4.31,4.35,4.32,0.6944,158126.0,68555.254
601098.SH,20250718,13.12,13.31,13.1,13.19,13.12,0.5335,88775.87,116832.212
601099.SH,20250718,4.03,4.04,3.99,4.0,4.02,-0.4975,1241940.45,497923.716
601100.SH,20250718,76.64,76.8,75.06,76.4,76.3,0.1311,78604.37,596790.023
601101.SH,20250718,6.99,7.08,6.98,7.02,6.96,0.8621,99987.18,70382.458
601106.SH,20250718,2.82,2.85,2.8,2.82,2.81,0.3559,322167.98,90803.191
601107.SH,20250718,6.04,6.05,5.96,5.97,6.04,-1.1589,106460.34,63826.973
601108.SH,20250718,8.12,8.14,8.07,8.1,8.11,-0.1233,279568.2,226565.49
601111.SH,20250718,7.38,7.41,7.36,7.4,7.38,0.271,448308.63,331047.745
601113.SH,20250718,4.06,4.07,4.04,4.06,4.05,0.2469,76078.0,30821.918
601116.SH,20250718,11.27,11.73,11.18,11.48,11.33,1.3239,160161.0,182833.661
601117.SH,20250718,7.81,7.9,7.79,7.85,7.81,0.5122,400157.05,313860.13
601118.SH,20250718,4.92,4.97,4.89,4.95,4.92,0.6098,260372.0,128192.617
601121.SH,20250718,6.35,6.38,6.28,6.32,6.31,0.1585,105899.32,66945.523
601126.SH,20250718,16.97,17.04,16.76,16.85,16.97,-0.7071,86805.0,146100.877
601127.SH,20250718,130.45,130.8,129.82,130.2,130.4,-0.1534,128466.72,1672200.663
601128.SH,20250718,7.4,7.45,7.38,7.42,7.41,0.135,369805.35,274026.091
601133.SH,20250718,12.72,12.87,12.58,12.79,12.7,0.7087,117331.27,149123.825
601136.SH,20250718,19.89,19.94,19.77,19.83,19.89,-0.3017,123802.0,245684.498
601137.SH,20250718,18.31,18.4,18.11,18.22,18.23,-0.0549,92619.0,169069.405
601138.SH,20250718,27.49,27.99,27.06,27.11,27.5,-1.4182,1289586.66,3527149.095
601139.SH,20250718,6.43,6.46,6.41,6.44,6.43,0.1555,70975.33,45634.938
601155.SH,20250718,14.25,14.4,14.22,14.38,14.24,0.9831,80749.65,115600.019
601156.SH,20250718,13.47,13.62,13.44,13.6,13.47,0.9651,109036.54,147613.84
601158.SH,20250718,4.73,4.76,4.72,4.75,4.73,0.4228,64729.69,30674.95
601162.SH,20250718,4.85,4.87,4.79,4.82,4.84,-0.4132,2933826.6,1414556.389
601163.SH,20250718,14.29,14.47,14.25,14.42,14.21,1.4778,53736.76,77168.478
601166.SH,20250718,24.39,24.65,24.29,24.42,24.29,0.5352,525199.64,1283650.867
601168.SH,20250718,16.28,16.55,16.25,16.39,16.18,1.2979,412894.71,677155.608
601169.SH,20250718,6.84,6.92,6.82,6.86,6.84,0.2924,784900.81,539475.804
601177.SH,20250718,18.58,18.78,18.36,18.49,18.66,-0.911,183039.0,339020.864
601179.SH,20250718,6.31,6.36,6.3,6.34,6.31,0.4754,477245.92,301978.177
601186.SH,20250718,8.28,8.33,8.27,8.33,8.27,0.7255,343156.7,284937.878
601187.SH,20250718,7.65,7.99,7.58,7.92,7.65,3.5294,397986.06,311888.124
601188.SH,20250718,3.59,3.6,3.56,3.58,3.58,0.0,119592.31,42818.323
601198.SH,20250718,11.3,11.33,11.21,11.25,11.3,-0.4425,290892.34,327552.285
601199.SH,20250718,5.52,5.53,5.49,5.53,5.51,0.363,48365.0,26648.526
601200.SH,20250718,8.11,8.13,8.08,8.12,8.1,0.2469,45230.84,36658.591
601208.SH,20250718,15.03,15.63,14.66,15.26,14.21,7.3892,1440972.93,2168755.333
601211.SH,20250718,19.35,19.76,19.32,19.65,19.3,1.8135,949921.41,1854851.809
601212.SH,20250718,3.23,3.29,3.21,3.25,3.21,1.2461,1377901.29,448093.408
601216.SH,20250718,5.41,5.49,5.4,5.46,5.41,0.9242,544535.02,297010.73
601218.SH,20250718,4.26,4.26,4.17,4.23,4.26,-0.7042,576900.6,242729.85
601222.SH,20250718,5.88,5.89,5.83,5.85,5.86,-0.1706,134133.0,78477.577
601225.SH,20250718,19.08,19.32,19.06,19.14,18.97,0.8962,500160.34,961014.899
601226.SH,20250718,6.4,6.45,6.38,6.45,6.4,0.7813,87675.0,56258.787
601228.SH,20250718,3.3,3.3,3.28,3.29,3.29,0.0,143177.0,47131.715
601229.SH,20250718,10.87,11.04,10.83,11.03,10.85,1.659,589753.87,646908.97
601231.SH,20250718,14.72,14.76,14.36,14.42,14.74,-2.171,252925.0,366183.842
601233.SH,20250718,10.98,11.3,10.98,11.25,10.98,2.459,251916.2,281848.723
601236.SH,20250718,8.86,8.93,8.71,8.76,8.73,0.3436,457886.25,403072.133
601238.SH,20250718,7.67,7.69,7.58,7.65,7.62,0.3937,189105.31,144085.593
601279.SH,20250718,4.8,5.19,4.48,4.5,4.72,-4.661,1595987.37,785459.917
601288.SH,20250718,6.15,6.24,6.13,6.22,6.13,1.4682,4035515.49,2504186.14
601298.SH,20250718,8.84,8.85,8.81,8.82,8.81,0.1135,75612.0,66757.288
601311.SH,20250718,9.11,9.21,9.09,9.15,9.11,0.4391,222165.4,203401.379
601318.SH,20250718,56.95,57.45,56.86,57.07,56.81,0.4577,436239.95,2492884.493
601319.SH,20250718,8.38,8.48,8.35,8.39,8.36,0.3589,726953.26,611733.201
601326.SH,20250718,3.25,3.27,3.24,3.27,3.24,0.9259,141928.35,46203.653
601328.SH,20250718,8.01,8.11,7.98,8.05,7.99,0.7509,1139257.35,917647.27
601330.SH,20250718,7.56,7.58,7.41,7.44,7.56,-1.5873,97629.0,72782.554
601333.SH,20250718,2.97,2.98,2.96,2.98,2.97,0.3367,228719.0,67895.554
601336.SH,20250718,61.02,62.48,60.8,61.8,61.14,1.0795,129336.3,797681.284
601339.SH,20250718,5.22,5.24,5.12,5.17,5.2,-0.5769,156659.0,80816.087
601360.SH,20250718,11.2,11.47,10.94,10.96,10.87,0.828,3190443.0,3556805.602
601366.SH,20250718,4.63,4.67,4.62,4.67,4.62,1.0823,63608.0,29608.914
601368.SH,20250718,4.98,4.98,4.94,4.97,4.96,0.2016,32073.26,15917.772
601369.SH,20250718,8.89,8.93,8.83,8.88,8.86,0.2257,82191.2,72913.225
601375.SH,20250718,4.37,4.41,4.36,4.39,4.39,0.0,763215.36,334783.342
601377.SH,20250718,6.33,6.36,6.32,6.36,6.33,0.4739,591716.11,375118.874
601388.SH,20250718,2.6,2.71,2.59,2.65,2.59,2.3166,573007.4,151821.716
601390.SH,20250718,5.61,5.64,5.6,5.63,5.58,0.8961,683797.73,384336.566
601398.SH,20250718,7.74,7.82,7.7,7.77,7.75,0.2581,2727850.06,2118707.043
601399.SH,20250718,3.04,3.07,3.03,3.07,3.04,0.9868,365670.2,111468.991
601456.SH,20250718,11.37,11.41,11.22,11.26,11.34,-0.7055,412701.0,465770.231
601500.SH,20250718,4.6,4.62,4.57,4.59,4.6,-0.2174,178231.8,81776.003
601512.SH,20250718,8.22,8.3,7.96,8.08,8.5,-4.9412,366281.58,296162.859
601515.SH,20250718,3.85,3.86,3.79,3.86,3.84,0.5208,234643.92,89820.314
601518.SH,20250718,2.76,2.76,2.74,2.75,2.75,0.0,95724.43,26306.636
601519.SH,20250718,13.16,13.38,12.97,13.05,13.3,-1.8797,1390659.89,1827587.924
601528.SH,20250718,5.87,5.92,5.85,5.9,5.88,0.3401,117486.58,69247.855
601555.SH,20250718,9.08,9.1,8.99,9.0,9.06,-0.6623,718217.26,649446.492
601566.SH,20250718,8.87,8.95,8.77,8.86,8.8,0.6818,60534.0,53492.292
601567.SH,20250718,22.17,22.2,21.4,21.5,22.15,-2.9345,314081.13,679426.027
601568.SH,20250718,4.23,4.25,4.21,4.23,4.21,0.4751,105933.77,44788.583
601577.SH,20250718,10.03,10.21,10.01,10.2,10.03,1.6949,286988.35,290852.052
601579.SH,20250718,19.49,19.54,19.18,19.36,19.49,-0.667,53755.99,103755.661
601588.SH,20250718,1.79,1.79,1.76,1.77,1.79,-1.1173,213990.26,38012.134
601595.SH,20250718,29.34,30.79,29.34,29.94,29.34,2.045,142940.37,430470.366
601598.SH,20250718,5.29,5.38,5.27,5.36,5.29,1.3233,236493.23,126203.39
601599.SH,20250718,3.87,3.93,3.87,3.91,3.87,1.0336,245208.0,95651.321
601600.SH,20250718,7.17,7.28,7.15,7.24,7.14,1.4006,1208379.55,874080.816
601601.SH,20250718,36.97,37.85,36.6,37.09,36.67,1.1454,458790.78,1709336.934
601606.SH,20250718,30.42,30.59,29.1,29.22,30.38,-3.8183,1067678.06,3166358.935
601607.SH,20250718,19.05,19.07,18.89,18.98,18.89,0.4764,127450.03,241528.724
601608.SH,20250718,4.45,4.46,4.41,4.45,4.44,0.2252,336114.0,149042.889
601609.SH,20250718,7.94,8.65,7.94,8.34,7.94,5.0378,1548600.78,1286537.569
601611.SH,20250718,9.34,9.34,9.28,9.29,9.33,-0.4287,188687.28,175453.245
601615.SH,20250718,11.2,11.3,11.04,11.23,11.18,0.4472,196301.85,219158.566
601616.SH,20250718,3.91,3.91,3.85,3.88,3.9,-0.5128,124261.0,48084.649
601618.SH,20250718,3.02,3.07,3.02,3.07,3.02,1.6556,746872.16,227341.574
601619.SH,20250718,3.84,3.86,3.74,3.77,3.77,0.0,351543.05,132555.585
601628.SH,20250718,39.85,40.56,39.83,40.23,39.85,0.9536,156745.23,630746.623
601633.SH,20250718,21.93,21.98,21.76,21.93,21.87,0.2743,129317.56,282515.16
601636.SH,20250718,6.05,6.08,5.98,6.04,6.08,-0.6579,275286.95,165917.39
601658.SH,20250718,5.65,5.71,5.64,5.69,5.65,0.708,1860625.18,1057819.529
601665.SH,20250718,6.08,6.29,6.04,6.27,6.06,3.4653,1830578.83,1133576.273
601666.SH,20250718,7.6,7.74,7.53,7.55,7.49,0.8011,234338.48,178063.316
601668.SH,20250718,5.85,5.86,5.82,5.85,5.82,0.5155,1194144.05,697362.588
601669.SH,20250718,4.96,5.1,4.95,5.08,4.93,3.0426,1769285.59,890245.246
601677.SH,20250718,12.45,12.65,12.44,12.52,12.42,0.8052,408259.27,511443.085
601678.SH,20250718,4.31,4.39,4.31,4.38,4.3,1.8605,292708.81,127344.711
601686.SH,20250718,6.02,6.05,5.97,5.99,6.01,-0.3328,40377.68,24217.745
601688.SH,20250718,18.27,18.57,18.26,18.49,18.27,1.2042,628467.52,1158337.263
601689.SH,20250718,49.28,49.3,48.59,48.95,49.12,-0.3461,276715.91,1353517.379
601696.SH,20250718,12.67,13.9,12.67,13.35,12.82,4.1342,2301943.06,3093353.818
601698.SH,20250718,19.71,19.84,19.62,19.79,19.71,0.4059,208782.4,412079.966
601699.SH,20250718,10.78,10.99,10.78,10.89,10.71,1.6807,404564.61,441550.946
601700.SH,20250718,4.7,4.71,4.64,4.66,4.68,-0.4274,90760.0,42351.451
601702.SH,20250718,16.05,16.14,15.9,16.02,16.05,-0.1869,36216.6,58051.916
601717.SH,20250718,17.2,17.21,17.05,17.14,17.16,-0.1166,159430.52,272945.724
601718.SH,20250718,3.91,4.03,3.89,3.96,3.89,1.7995,1912590.1,755686.975
601727.SH,20250718,7.42,7.58,7.38,7.55,7.41,1.8893,2359362.1,1764961.756
601728.SH,20250718,7.57,7.65,7.53,7.62,7.58,0.5277,1282131.43,974857.711
601766.SH,20250718,7.48,7.54,7.46,7.54,7.47,0.9371,585951.53,439786.711
601777.SH,20250718,8.44,8.65,8.41,8.6,8.45,1.7751,321003.03,273956.836
601778.SH,20250718,3.29,3.35,3.28,3.33,3.28,1.5244,749526.55,248508.479
601788.SH,20250718,18.06,18.14,17.93,17.99,18.07,-0.4427,315167.81,568229.647
601789.SH,20250718,5.53,5.59,5.51,5.56,5.53,0.5425,446283.11,247765.21
601798.SH,20250718,8.22,8.37,8.18,8.32,8.19,1.5873,133849.55,110877.9
601799.SH,20250718,121.76,121.99,118.8,120.09,121.76,-1.3716,34948.84,418293.853
601800.SH,20250718,8.94,8.99,8.91,8.99,8.95,0.4469,286883.33,256961.194
601801.SH,20250718,6.85,6.92,6.84,6.91,6.85,0.8759,136977.2,94194.881
601808.SH,20250718,13.79,14.03,13.79,13.9,13.78,0.8708,155470.88,216685.351
601811.SH,20250718,14.69,14.78,14.62,14.76,14.69,0.4765,31556.0,46325.384
601816.SH,20250718,5.53,5.56,5.52,5.55,5.52,0.5435,988356.63,547223.475
601818.SH,20250718,4.28,4.33,4.27,4.3,4.27,0.7026,1416364.36,609149.424
601825.SH,20250718,9.89,9.95,9.82,9.9,9.86,0.4057,131096.0,129803.871
601827.SH,20250718,8.54,8.56,8.51,8.56,8.53,0.3517,34967.0,29836.488
601828.SH,20250718,3.01,3.03,2.97,3.0,3.01,-0.3322,164560.0,49253.23
601838.SH,20250718,20.02,20.38,19.88,20.3,20.03,1.348,206448.73,417047.309
601857.SH,20250718,8.93,8.97,8.87,8.91,8.91,0.0,727547.38,648388.687
601858.SH,20250718,19.91,20.07,19.85,19.87,19.91,-0.2009,49472.0,98590.439
601860.SH,20250718,3.15,3.17,3.12,3.13,3.14,-0.3185,751054.98,235474.708
601865.SH,20250718,16.32,16.54,15.98,16.06,16.34,-1.7136,206885.8,334107.677
601866.SH,20250718,2.48,2.5,2.47,2.48,2.48,0.0,1103315.69,274151.03
601868.SH,20250718,2.3,2.33,2.29,2.32,2.29,1.31,3143629.87,727097.356
601869.SH,20250718,43.4,44.77,42.38,42.47,43.34,-2.0074,174933.66,759286.859
601872.SH,20250718,6.09,6.1,6.07,6.09,6.08,0.1645,272046.83,165596.255
601877.SH,20250718,22.77,22.87,22.58,22.68,22.78,-0.439,81815.77,185657.492
601878.SH,20250718,11.21,11.25,11.15,11.18,11.2,-0.1786,379320.47,424723.012
601880.SH,20250718,1.53,1.54,1.52,1.54,1.52,1.3158,626742.17,96028.017
601881.SH,20250718,17.16,17.29,17.07,17.19,17.13,0.3503,466621.02,800972.697
601882.SH,20250718,19.19,19.68,19.19,19.52,19.19,1.7196,58515.09,114197.115
601886.SH,20250718,7.0,7.1,6.95,7.07,7.03,0.569,91490.0,64369.414
601888.SH,20250718,61.72,63.2,61.71,62.77,61.65,1.8167,222483.95,1391731.819
601890.SH,20250718,10.11,10.15,10.0,10.14,10.14,0.0,412554.7,415999.121
601898.SH,20250718,11.24,11.35,11.21,11.24,11.19,0.4468,179843.34,202862.979
601899.SH,20250718,19.19,19.7,19.02,19.47,19.07,2.0975,2229551.91,4335117.13
601900.SH,20250718,14.62,14.68,14.58,14.62,14.61,0.0684,111431.98,162902.427
601901.SH,20250718,8.1,8.13,8.0,8.04,8.09,-0.618,736798.0,593260.308
601908.SH,20250718,3.77,4.09,3.77,4.01,3.88,3.3505,3014381.85,1195894.283
601916.SH,20250718,3.6,3.62,3.58,3.6,3.6,0.0,2000732.05,719792.373
601918.SH,20250718,6.52,6.55,6.51,6.53,6.5,0.4615,314807.18,205503.575
601919.SH,20250718,15.19,15.31,15.18,15.29,15.17,0.791,535206.75,816516.448
601921.SH,20250718,8.11,8.13,8.04,8.09,8.07,0.2478,65857.01,53203.415
601928.SH,20250718,11.32,11.36,11.2,11.23,11.3,-0.6195,86861.33,97718.725
601929.SH,20250718,1.81,1.82,1.79,1.8,1.8,0.0,510234.0,91941.004
601933.SH,20250718,4.75,4.78,4.73,4.75,4.77,-0.4193,865129.45,410890.261
601939.SH,20250718,9.66,9.7,9.61,9.66,9.66,0.0,526755.18,509154.09
601949.SH,20250718,6.67,6.77,6.66,6.71,6.68,0.4491,77817.94,52204.967
601952.SH,20250718,9.78,9.83,9.78,9.81,9.8,0.102,48854.9,47875.651
601956.SH,20250718,6.79,6.8,6.68,6.75,6.8,-0.7353,139438.0,93788.731
601958.SH,20250718,10.99,11.21,10.91,11.1,11.1,0.0,308713.26,341618.69
601963.SH,20250718,10.76,10.8,10.66,10.78,10.76,0.1859,100968.71,108464.179
601965.SH,20250718,19.17,19.28,18.72,18.93,19.2,-1.4063,75101.0,142112.008
601966.SH,20250718,15.08,15.1,15.01,15.09,15.07,0.1327,130480.96,196369.586
601968.SH,20250718,5.13,5.14,5.06,5.09,5.12,-0.5859,110011.0,55871.778
601969.SH,20250718,7.72,7.77,7.63,7.71,7.72,-0.1295,161764.0,124652.015
601975.SH,20250718,2.84,2.86,2.84,2.85,2.84,0.3521,549181.62,156531.979
601985.SH,20250718,9.24,9.25,9.16,9.23,9.19,0.4353,773151.9,712501.678
601988.SH,20250718,5.67,5.72,5.64,5.69,5.67,0.3527,1827813.0,1040368.068
601989.SH,20250718,4.65,4.69,4.63,4.69,4.65,0.8602,1534945.7,716235.996
601990.SH,20250718,8.3,8.33,8.26,8.28,8.29,-0.1206,174687.48,144762.658
601991.SH,20250718,3.3,3.33,3.27,3.32,3.29,0.9119,950154.27,313882.732
601992.SH,20250718,1.57,1.58,1.56,1.57,1.57,0.0,324358.0,50949.421
601995.SH,20250718,36.2,36.46,36.08,36.22,36.14,0.2214,166293.55,602915.496
601996.SH,20250718,2.25,2.26,2.22,2.25,2.24,0.4464,144480.0,32311.507
601997.SH,20250718,6.71,6.76,6.69,6.71,6.7,0.1493,581003.32,390557.544
601998.SH,20250718,8.48,8.54,8.45,8.46,8.47,-0.1181,431003.37,365752.686
601999.SH,20250718,7.12,7.15,7.05,7.1,7.09,0.141,32150.0,22800.384
603000.SH,20250718,20.36,20.59,20.26,20.46,20.24,1.087,151610.55,309486.681
603001.SH,20250718,8.47,8.93,8.46,8.87,8.59,3.2596,184663.59,160913.07
603002.SH,20250718,6.95,7.03,6.82,6.85,6.92,-1.0116,508437.52,350911.424
603004.SH,20250718,22.2,22.27,22.01,22.11,22.12,-0.0452,25955.0,57408.012
603005.SH,20250718,28.57,28.58,28.18,28.4,28.48,-0.2809,209865.51,595297.259
603006.SH,20250718,12.83,12.89,12.57,12.77,12.83,-0.4677,74668.48,95026.299
603007.SH,20250718,5.2,5.2,5.01,5.13,4.95,3.6364,298480.38,153182.448
603008.SH,20250718,16.17,16.28,16.14,16.22,16.15,0.4334,55388.0,89712.409
603009.SH,20250718,41.53,41.6,40.33,41.17,41.53,-0.8668,87836.59,359442.386
603010.SH,20250718,9.85,9.89,9.79,9.87,9.8,0.7143,24490.64,24109.097
603011.SH,20250718,16.4,16.5,16.0,16.04,16.36,-1.956,331176.25,533724.164
603012.SH,20250718,5.69,5.73,5.66,5.7,5.69,0.1757,77911.0,44329.367
603013.SH,20250718,22.73,22.97,22.02,22.38,22.81,-1.8851,135816.33,303844.751
603014.SH,20250718,37.42,37.48,37.11,37.39,37.42,-0.0802,19893.76,74119.667
603015.SH,20250718,12.81,12.84,12.61,12.68,12.77,-0.7048,83376.0,105673.282
603016.SH,20250718,30.23,30.23,29.68,29.79,30.21,-1.3903,14172.0,42256.246
603017.SH,20250718,9.47,9.49,9.38,9.43,9.46,-0.3171,44203.96,41638.807
603018.SH,20250718,7.96,8.49,7.93,8.29,7.94,4.4081,271576.92,223574.004
603019.SH,20250718,69.92,70.11,69.43,69.51,69.82,-0.444,198598.39,1384314.602
603020.SH,20250718,9.44,9.49,9.28,9.32,9.4,-0.8511,40833.0,38048.269
603021.SH,20250718,3.58,3.59,3.54,3.58,3.58,0.0,34344.8,12237.048
603022.SH,20250718,10.36,10.36,10.25,10.3,10.32,-0.1938,49100.0,50549.28
603023.SH,20250718,3.83,3.88,3.78,3.79,3.82,-0.7853,93701.7,35680.289
603025.SH,20250718,13.97,14.03,13.86,13.95,13.95,0.0,28113.62,39158.565
603026.SH,20250718,36.2,36.85,36.18,36.49,36.12,1.0244,28505.0,104152.726
603027.SH,20250718,11.83,11.83,11.76,11.79,11.77,0.1699,63737.87,75130.25
603028.SH,20250718,7.55,7.56,7.45,7.51,7.51,0.0,63967.2,47957.611
603029.SH,20250718,18.18,18.27,18.03,18.17,18.15,0.1102,16301.86,29559.072
603030.SH,20250718,2.62,2.62,2.56,2.57,2.61,-1.5326,227049.62,58497.035
603031.SH,20250718,28.48,28.66,28.0,28.23,28.43,-0.7035,25202.03,71156.13
603032.SH,20250718,16.76,17.07,16.75,16.79,16.77,0.1193,84794.6,143131.933
603033.SH,20250718,10.73,10.83,10.52,10.67,10.68,-0.0936,41318.71,43905.62
603035.SH,20250718,13.52,13.58,13.45,13.49,13.49,0.0,39250.03,52980.414
603036.SH,20250718,16.87,17.09,16.64,16.88,16.87,0.0593,33323.0,55931.258
603037.SH,20250718,12.34,12.36,12.25,12.28,12.34,-0.4862,60715.75,74563.507
603038.SH,20250718,14.57,14.6,14.42,14.5,14.57,-0.4804,35493.2,51399.469
603039.SH,20250718,64.5,68.68,63.33,63.7,62.71,1.5787,106141.54,694777.249
603040.SH,20250718,44.4,45.22,43.66,44.56,44.65,-0.2016,36084.0,159789.129
603041.SH,20250718,12.2,13.4,12.15,12.8,12.18,5.0903,167639.23,217032.642
603042.SH,20250718,16.29,16.46,16.23,16.32,16.3,0.1227,125871.8,206008.14
603043.SH,20250718,15.7,15.77,15.66,15.77,15.69,0.5099,14441.2,22700.315
603045.SH,20250718,18.35,18.48,17.9,18.0,18.37,-2.0142,92043.19,166619.883
603048.SH,20250718,21.0,21.05,19.6,20.08,21.45,-6.3869,197532.89,399669.407
603049.SH,20250718,45.03,45.12,44.86,45.07,45.0,0.1556,27053.98,121747.906
603050.SH,20250718,17.01,17.04,16.66,16.84,16.99,-0.8829,18778.56,31493.114
603051.SH,20250718,27.74,28.28,27.74,27.91,27.79,0.4318,25420.48,71227.636
603052.SH,20250718,28.01,28.25,27.43,27.9,27.91,-0.0358,22493.69,62416.518
603053.SH,20250718,9.46,9.51,9.44,9.5,9.47,0.3168,17119.69,16222.332
603055.SH,20250718,9.18,9.19,9.09,9.17,9.16,0.1092,78507.4,71666.629
603056.SH,20250718,15.81,16.06,15.71,15.99,15.81,1.1385,179059.5,285254.548
603057.SH,20250718,20.91,20.99,20.6,20.72,20.9,-0.8612,11592.81,24014.393
603058.SH,20250718,9.05,9.07,8.92,8.97,9.05,-0.884,36061.0,32337.205
603059.SH,20250718,27.24,27.25,26.42,26.87,27.24,-1.3583,13895.54,37231.284
603060.SH,20250718,6.7,6.73,6.68,6.72,6.7,0.2985,36288.72,24300.89
603061.SH,20250718,85.98,89.29,85.78,89.22,85.66,4.156,16350.0,143552.534
603062.SH,20250718,47.1,48.99,47.02,47.68,47.12,1.1885,23879.28,114808.151
603063.SH,20250718,31.0,32.85,31.0,31.38,31.47,-0.286,315484.0,998610.772
603065.SH,20250718,9.3,9.48,9.25,9.32,9.29,0.3229,56650.0,52872.126
603066.SH,20250718,12.24,12.28,12.11,12.18,12.28,-0.8143,41951.0,51031.116
603067.SH,20250718,14.39,14.44,13.98,14.1,14.3,-1.3986,134733.48,190822.094
603068.SH,20250718,34.0,34.28,33.58,33.82,33.88,-0.1771,31642.13,107135.857
603069.SH,20250718,22.59,22.85,22.05,22.8,22.16,2.8881,160924.0,362851.661
603070.SH,20250718,13.65,13.75,13.54,13.61,13.63,-0.1467,19802.0,26963.38
603071.SH,20250718,13.32,13.88,13.32,13.51,13.52,-0.074,85442.86,115785.942
603072.SH,20250718,53.98,55.69,53.44,54.39,53.45,1.7587,114958.96,627883.843
603073.SH,20250718,17.48,17.62,17.26,17.57,17.39,1.0351,13048.81,22783.005
603075.SH,20250718,21.0,21.85,20.94,21.53,20.92,2.9159,41031.73,88002.252
603076.SH,20250718,29.85,29.92,29.27,29.67,29.85,-0.603,28256.0,83419.666
603077.SH,20250718,1.77,1.8,1.77,1.79,1.78,0.5618,728572.13,130230.153
603078.SH,20250718,18.26,18.43,18.1,18.41,18.26,0.8215,104165.91,190383.578
603079.SH,20250718,18.28,18.31,17.9,18.3,18.3,0.0,54877.5,99388.104
603080.SH,20250718,17.53,17.53,17.35,17.43,17.46,-0.1718,17978.0,31289.507
603081.SH,20250718,12.8,13.04,12.51,12.69,13.05,-2.7586,372490.23,473158.383
603082.SH,20250718,39.41,39.41,38.9,39.19,39.01,0.4614,20255.97,79241.385
603083.SH,20250718,52.58,52.88,50.95,51.1,52.58,-2.8148,405377.72,2101954.862
603085.SH,20250718,11.76,11.76,11.53,11.58,11.77,-1.6143,67240.0,77981.86
603086.SH,20250718,10.2,10.4,10.13,10.35,10.16,1.8701,364085.9,374520.461
603087.SH,20250718,58.5,59.08,57.78,58.77,58.64,0.2217,136059.79,793713.786
603088.SH,20250718,9.04,9.06,8.88,8.9,9.03,-1.4396,107026.0,95610.645
603089.SH,20250718,14.91,14.99,14.68,14.77,14.96,-1.2701,88899.06,131491.219
603090.SH,20250718,27.99,28.97,27.17,28.2,28.3,-0.3534,100064.7,278372.543
603091.SH,20250718,63.79,65.65,63.63,64.9,64.17,1.1376,6744.06,43754.832
603093.SH,20250718,27.05,27.29,25.41,25.61,27.04,-5.2885,523289.0,1365587.16
603095.SH,20250718,15.72,15.9,15.62,15.83,15.72,0.6997,24065.48,37894.257
603096.SH,20250718,18.43,18.58,18.4,18.48,18.42,0.3257,15886.0,29365.527
603097.SH,20250718,21.77,21.83,21.58,21.67,21.78,-0.5051,16981.3,36780.772
603098.SH,20250718,10.59,10.85,10.5,10.55,10.49,0.572,67365.4,71607.136
603099.SH,20250718,37.2,37.73,36.94,37.51,37.14,0.9962,50872.0,189973.029
603100.SH,20250718,20.07,20.22,20.03,20.22,20.08,0.6972,45089.73,90919.786
603101.SH,20250718,8.04,8.04,7.88,7.94,7.95,-0.1258,49625.85,39359.222
603102.SH,20250718,44.49,45.58,44.49,44.86,44.83,0.0669,11567.0,52113.015
603103.SH,20250718,17.91,18.1,17.42,17.48,17.91,-2.4009,147540.89,259383.6
603105.SH,20250718,8.42,8.43,8.32,8.36,8.4,-0.4762,57248.73,47817.096
603106.SH,20250718,11.9,11.91,11.16,11.21,11.55,-2.9437,896290.58,1022097.771
603107.SH,20250718,16.02,16.02,15.81,15.87,16.03,-0.9981,32085.58,50921.052
603108.SH,20250718,18.35,18.8,18.22,18.45,18.19,1.4294,287377.46,532215.193
603109.SH,20250718,29.33,29.66,28.91,28.99,29.66,-2.2589,123654.68,360808.322
603110.SH,20250718,15.9,16.18,15.64,15.78,15.83,-0.3159,62208.4,98394.191
603111.SH,20250718,6.78,6.79,6.69,6.74,6.71,0.4471,75961.0,51074.513
603112.SH,20250718,18.25,18.31,17.44,18.23,18.17,0.3302,238332.16,424741.414
603113.SH,20250718,6.95,7.09,6.9,6.96,6.95,0.1439,145157.0,101436.321
603115.SH,20250718,19.43,19.64,18.97,19.64,17.85,10.028,256034.41,501066.34
603116.SH,20250718,6.55,6.62,6.31,6.52,6.52,0.0,192285.4,124589.02
603117.SH,20250718,5.96,6.02,5.9,5.96,5.96,0.0,58537.8,34863.02
603118.SH,20250718,11.59,11.62,11.18,11.2,11.6,-3.4483,340219.49,386224.411
603119.SH,20250718,53.09,53.49,51.91,53.26,53.51,-0.4672,178553.32,943152.956
603120.SH,20250718,40.11,41.12,39.72,40.62,40.15,1.1706,23191.36,93072.901
603121.SH,20250718,23.18,23.9,23.18,23.79,23.28,2.1907,123131.82,290740.57
603122.SH,20250718,7.14,7.15,7.03,7.13,7.13,0.0,45902.0,32497.682
603123.SH,20250718,14.12,14.4,13.88,13.89,14.34,-3.1381,506969.02,712992.177
603124.SH,20250718,50.5,52.05,50.5,51.15,51.3,-0.2924,31115.91,159394.022
603125.SH,20250718,16.84,16.9,16.66,16.86,16.79,0.4169,51937.91,87134.368
603126.SH,20250718,6.53,6.54,6.43,6.54,6.47,1.0819,203287.58,131917.33
603127.SH,20250718,26.92,26.99,26.3,26.62,26.9,-1.0409,234104.11,622308.379
603128.SH,20250718,6.19,6.24,6.17,6.23,6.2,0.4839,214499.2,133075.694
603129.SH,20250718,231.34,231.34,213.98,214.13,231.4,-7.4633,44699.46,981681.689
603130.SH,20250718,33.97,34.5,33.11,34.11,33.54,1.6995,57318.0,194178.007
603131.SH,20250718,17.53,17.53,17.31,17.42,17.49,-0.4002,44027.8,76586.539
603132.SH,20250718,12.64,13.0,12.64,12.87,12.64,1.8196,56675.0,72949.195
603135.SH,20250718,9.78,9.9,9.76,9.87,9.78,0.9202,39709.2,39052.411
603136.SH,20250718,12.81,12.87,12.71,12.84,12.84,0.0,66780.95,85389.952
603137.SH,20250718,15.33,15.44,15.09,15.44,15.28,1.0471,34946.87,53452.276
603138.SH,20250718,15.1,15.73,15.09,15.52,15.13,2.5777,114525.56,176874.668
603139.SH,20250718,22.32,22.57,22.02,22.16,22.32,-0.7168,19568.0,43368.448
603150.SH,20250718,33.31,33.76,33.15,33.38,33.36,0.06,23645.0,78994.396
603151.SH,20250718,21.8,22.49,21.62,22.35,21.84,2.3352,33927.0,75313.167
603153.SH,20250718,17.85,17.95,17.72,17.95,17.82,0.7295,34047.96,60622.389
603155.SH,20250718,15.99,16.23,15.89,16.05,15.99,0.3752,52901.78,84654.899
603156.SH,20250718,21.64,21.75,21.52,21.74,21.69,0.2305,21336.49,46156.891
603158.SH,20250718,8.29,8.3,8.14,8.24,8.28,-0.4831,84769.72,69635.086
603159.SH,20250718,16.64,16.73,16.2,16.57,16.64,-0.4207,24506.0,40480.695
603160.SH,20250718,71.83,72.29,71.65,72.04,71.82,0.3063,33594.83,241798.076
603161.SH,20250718,12.43,12.48,12.22,12.28,12.42,-1.1272,37872.77,46580.841
603162.SH,20250718,8.57,8.58,8.5,8.52,8.55,-0.3509,61651.3,52550.318
603163.SH,20250718,29.26,29.35,29.09,29.29,29.19,0.3426,8669.0,25330.438
603165.SH,20250718,11.64,11.71,11.57,11.64,11.63,0.086,16676.96,19381.939
603166.SH,20250718,17.87,18.11,17.67,18.1,17.96,0.7795,391499.01,700883.432
603167.SH,20250718,10.93,11.16,10.92,11.16,10.92,2.1978,52776.0,58370.617
603168.SH,20250718,8.15,8.15,7.96,8.11,8.13,-0.246,73676.84,59292.217
603169.SH,20250718,7.76,7.8,7.7,7.73,7.78,-0.6427,217856.31,168378.104
603170.SH,20250718,12.18,12.2,12.1,12.19,12.14,0.4119,19917.0,24203.381
603171.SH,20250718,44.23,47.11,44.23,45.56,44.08,3.3575,88928.42,408852.467
603172.SH,20250718,16.43,16.5,16.28,16.4,16.35,0.3058,12392.0,20300.834
603173.SH,20250718,42.76,43.0,41.33,41.9,42.76,-2.0112,35557.0,148973.827
603176.SH,20250718,5.61,6.3,5.51,6.3,5.73,9.9476,797872.72,474034.109
603177.SH,20250718,9.37,9.4,9.26,9.33,9.35,-0.2139,20156.0,18757.035
603178.SH,20250718,18.62,18.64,18.44,18.53,18.63,-0.5368,23231.0,42981.237
603179.SH,20250718,45.86,46.06,45.33,45.92,45.74,0.3935,34363.63,157364.576
603180.SH,20250718,19.59,19.84,19.53,19.6,19.53,0.3584,12099.0,23718.685
603181.SH,20250718,13.23,13.45,13.01,13.23,13.23,0.0,180192.55,238146.736
603182.SH,20250718,14.25,14.25,13.99,14.15,14.16,-0.0706,17325.0,24417.482
603183.SH,20250718,4.36,4.39,4.31,4.34,4.36,-0.4587,89947.0,38958.158
603185.SH,20250718,18.6,19.33,18.05,18.28,18.84,-2.9724,363178.27,671889.272
603186.SH,20250718,32.31,32.57,31.35,31.43,32.34,-2.8139,101346.0,323468.715
603187.SH,20250718,12.27,12.34,12.11,12.2,12.3,-0.813,64247.83,78243.91
603188.SH,20250718,4.33,4.34,4.25,4.3,4.29,0.2331,94252.0,40359.83
603189.SH,20250718,18.0,18.32,17.91,18.2,18.27,-0.3831,101001.54,183157.671
603190.SH,20250718,23.67,23.67,23.22,23.51,23.61,-0.4235,22111.0,51797.755
603191.SH,20250718,13.7,13.7,13.48,13.51,13.61,-0.7348,37103.0,50286.191
603192.SH,20250718,20.88,22.2,20.68,22.09,20.79,6.253,131232.06,284272.634
603193.SH,20250718,28.54,28.54,27.97,28.17,28.54,-1.2964,60224.47,169451.618
603194.SH,20250718,40.69,41.07,40.53,40.91,40.8,0.2696,25592.19,104497.015
603195.SH,20250718,47.26,47.44,47.16,47.4,47.26,0.2962,29243.61,138464.452
603196.SH,20250718,17.5,19.24,17.5,19.24,17.49,10.0057,89391.2,167177.305
603197.SH,20250718,40.2,40.35,39.7,39.91,40.07,-0.3993,48504.62,193856.313
603198.SH,20250718,39.33,40.15,39.33,39.94,39.36,1.4736,107157.01,426867.795
603199.SH,20250718,35.36,35.69,35.3,35.66,35.35,0.8769,14046.0,49879.038
603200.SH,20250718,56.72,59.88,55.19,59.21,56.17,5.4121,144449.35,834056.226
603201.SH,20250718,15.98,16.02,15.75,15.84,15.91,-0.44,22698.86,35923.604
603202.SH,20250718,102.05,102.17,101.12,101.15,102.21,-1.0371,19907.33,202100.681
603203.SH,20250718,25.31,25.4,25.12,25.3,25.3,0.0,17331.96,43715.159
603205.SH,20250718,29.43,29.49,29.24,29.49,29.42,0.2379,12780.4,37530.245
603206.SH,20250718,17.45,17.59,17.36,17.42,17.49,-0.4002,30552.0,53292.274
603207.SH,20250718,32.88,33.11,32.03,33.05,32.88,0.517,44602.85,145673.334
603208.SH,20250718,16.25,16.43,16.08,16.2,16.3,-0.6135,16906.0,27332.831
603209.SH,20250718,15.23,15.29,15.16,15.26,15.2,0.3947,36309.2,55289.69
603210.SH,20250718,20.72,20.77,20.62,20.71,20.72,-0.0483,22910.17,47383.587
603211.SH,20250718,18.97,18.97,18.6,18.77,18.97,-1.0543,76018.0,142578.464
603212.SH,20250718,11.64,11.84,11.56,11.65,11.69,-0.3422,158029.0,184460.183
603213.SH,20250718,12.67,13.3,12.5,13.24,12.63,4.8298,128499.99,167937.337
603214.SH,20250718,18.8,18.8,18.53,18.6,18.75,-0.8,38491.0,71584.436
603215.SH,20250718,18.76,18.85,18.4,18.55,18.5,0.2703,61020.39,113082.363
603216.SH,20250718,12.51,12.58,12.38,12.57,12.49,0.6405,15859.0,19798.278
603217.SH,20250718,18.35,18.69,18.31,18.49,18.32,0.9279,28151.0,52089.421
603218.SH,20250718,12.27,12.38,12.13,12.23,12.26,-0.2447,110767.62,135546.382
603219.SH,20250718,15.2,15.23,14.92,14.98,15.15,-1.1221,32862.0,49272.055
603220.SH,20250718,23.26,23.44,22.85,22.86,22.81,0.2192,247851.46,574122.731
603221.SH,20250718,11.22,11.4,11.1,11.36,11.21,1.3381,52168.0,58729.61
603222.SH,20250718,6.87,7.03,6.73,7.0,6.87,1.8923,180343.4,123376.415
603223.SH,20250718,10.9,10.94,10.75,10.76,10.89,-1.1938,54526.6,59098.809
603225.SH,20250718,11.17,11.8,11.17,11.6,11.15,4.0359,177176.86,204529.94
603226.SH,20250718,12.62,13.18,12.38,13.15,12.47,5.4531,95892.67,123404.92
603227.SH,20250718,8.17,8.24,8.15,8.22,8.18,0.489,118786.09,97313.285
603228.SH,20250718,54.3,58.18,52.54,53.43,53.2,0.4323,464752.18,2536337.393
603229.SH,20250718,9.4,9.44,9.21,9.41,9.44,-0.3178,117516.34,109265.935
603230.SH,20250718,12.94,13.05,12.91,13.01,12.91,0.7746,29158.0,37876.598
603231.SH,20250718,17.11,17.15,17.0,17.15,17.05,0.5865,17640.24,30119.626
603232.SH,20250718,17.28,17.33,16.84,16.9,17.26,-2.0857,142625.7,243079.952
603233.SH,20250718,17.2,17.29,16.8,16.99,17.2,-1.2209,61350.58,104168.922
603235.SH,20250718,28.55,28.67,28.25,28.5,28.54,-0.1402,7972.0,22614.435
603236.SH,20250718,84.18,85.32,82.83,83.1,83.88,-0.9299,73704.65,617588.236
603237.SH,20250718,17.02,17.04,16.94,17.02,17.0,0.1176,15201.71,25806.017
603238.SH,20250718,17.53,17.54,17.11,17.32,17.46,-0.8018,18166.45,31407.302
603239.SH,20250718,16.5,16.74,16.21,16.46,16.55,-0.5438,64231.0,105317.319
603255.SH,20250718,30.3,30.49,29.47,30.08,30.47,-1.2799,15772.0,47164.474
603256.SH,20250718,21.0,22.65,20.87,21.89,20.86,4.9377,402346.0,877548.504
603257.SH,20250718,51.55,53.87,51.43,53.33,51.53,3.4931,57457.19,304852.522
603258.SH,20250718,22.83,22.98,22.57,22.71,22.87,-0.6996,46898.0,106530.902
603259.SH,20250718,81.21,83.14,81.21,82.6,81.02,1.9501,415795.52,3423582.419
603260.SH,20250718,49.49,50.28,48.66,48.78,49.12,-0.6922,89239.0,440175.306
603261.SH,20250718,20.63,20.79,20.38,20.6,20.63,-0.1454,6032.0,12385.864
603266.SH,20250718,20.85,20.93,19.99,20.17,20.95,-3.7232,202982.0,412104.504
603267.SH,20250718,52.48,52.99,51.91,52.23,52.7,-0.8918,40563.21,212098.235
603268.SH,20250718,45.68,46.95,45.68,45.7,46.51,-1.7416,14436.0,66769.761
603269.SH,20250718,9.48,10.36,9.43,9.78,9.42,3.8217,325765.59,322265.038
603270.SH,20250718,26.44,26.52,25.97,26.51,26.45,0.2268,61761.7,162286.171
603271.SH,20250718,36.57,36.82,36.51,36.63,36.57,0.1641,14384.29,52723.035
603272.SH,20250718,17.5,17.6,17.2,17.56,17.43,0.7458,13544.0,23535.274
603273.SH,20250718,17.97,18.3,17.8,18.21,17.95,1.4485,39936.0,72292.775
603275.SH,20250718,58.0,58.86,55.65,56.06,58.2,-3.677,38879.94,220373.165
603276.SH,20250718,16.59,16.68,16.3,16.53,16.59,-0.3617,14135.5,23231.035
603277.SH,20250718,16.3,16.59,16.1,16.47,16.34,0.7956,32135.75,52575.471
603278.SH,20250718,10.13,10.13,9.83,9.91,10.13,-2.1718,200699.4,198948.462
603279.SH,20250718,15.18,15.23,15.06,15.16,15.19,-0.1975,34712.8,52539.2
603280.SH,20250718,25.8,26.17,25.65,26.11,25.76,1.3587,35824.66,93052.943
603281.SH,20250718,23.98,24.1,23.95,24.03,23.96,0.2922,19906.73,47788.207
603282.SH,20250718,17.25,17.47,17.13,17.44,17.19,1.4543,10233.3,17713.129
603283.SH,20250718,34.02,34.16,33.3,33.51,33.85,-1.0044,68663.7,230931.644
603285.SH,20250718,23.78,23.79,23.55,23.72,23.73,-0.0421,16558.0,39136.105
603286.SH,20250718,29.78,30.03,28.76,29.1,29.63,-1.7887,83321.0,243287.754
603288.SH,20250718,38.65,38.87,38.55,38.8,38.52,0.7269,175766.59,680867.137
603289.SH,20250718,9.8,9.8,9.67,9.76,9.78,-0.2045,34517.0,33568.157
603290.SH,20250718,81.38,82.35,80.92,81.72,82.26,-0.6565,28665.65,233976.483
603291.SH,20250718,11.81,11.9,11.71,11.74,11.85,-0.9283,36868.0,43348.521
603296.SH,20250718,90.76,90.99,86.68,87.18,90.6,-3.7748,124345.88,1091951.204
603297.SH,20250718,87.27,87.47,85.91,87.16,87.14,0.023,11629.0,100665.929
603298.SH,20250718,22.71,22.79,21.8,21.98,22.72,-3.257,138480.5,305320.506
603299.SH,20250718,9.66,9.76,9.64,9.76,9.65,1.1399,40454.0,39247.45
603300.SH,20250718,11.6,11.97,11.45,11.78,11.67,0.9426,3116043.43,3648748.629
603301.SH,20250718,21.15,21.16,20.85,21.0,21.07,-0.3322,15812.92,33160.84
603303.SH,20250718,12.39,12.49,12.34,12.41,12.42,-0.0805,8903.0,11032.246
603305.SH,20250718,14.05,14.15,13.74,13.78,14.01,-1.6417,225822.87,312547.306
603306.SH,20250718,44.39,44.56,43.27,43.8,44.39,-1.3291,75412.0,330024.406
603307.SH,20250718,38.75,38.75,38.21,38.6,38.43,0.4424,4581.6,17622.873
603308.SH,20250718,28.14,29.5,27.51,28.54,27.59,3.4433,327609.79,932662.3
603309.SH,20250718,13.69,13.77,13.5,13.75,13.69,0.4383,42760.0,58340.605
603310.SH,20250718,18.2,18.28,18.05,18.12,18.18,-0.33,22167.91,40197.28
603311.SH,20250718,11.28,12.0,11.28,11.46,11.28,1.5957,91719.3,105215.599
603312.SH,20250718,37.8,38.27,37.75,38.18,37.8,1.0053,10825.0,41111.782
603313.SH,20250718,8.73,8.78,8.57,8.63,8.68,-0.576,72132.29,62431.019
603315.SH,20250718,12.87,12.87,12.69,12.76,12.81,-0.3903,49789.0,63396.009
603316.SH,20250718,8.9,8.91,8.68,8.74,8.87,-1.4656,146242.06,128055.153
603317.SH,20250718,11.41,11.5,11.39,11.49,11.41,0.7011,37934.9,43499.611
603318.SH,20250718,6.65,6.71,6.63,6.68,6.65,0.4511,64220.79,42818.578
603319.SH,20250718,26.5,26.55,25.92,26.11,26.54,-1.6202,153371.68,400732.262
603320.SH,20250718,18.78,18.83,18.48,18.67,18.75,-0.4267,31327.06,58402.341
603321.SH,20250718,8.46,8.66,8.28,8.39,8.65,-3.0058,201556.0,169714.645
603322.SH,20250718,39.01,39.04,38.33,38.38,38.62,-0.6214,48078.0,185921.847
603323.SH,20250718,5.59,5.65,5.57,5.64,5.59,0.8945,256027.86,143757.755
603324.SH,20250718,26.28,26.45,25.91,26.15,26.26,-0.4189,19608.79,51060.454
603325.SH,20250718,104.65,108.4,104.64,106.6,104.42,2.0877,18348.77,195419.26
603326.SH,20250718,8.88,8.91,8.8,8.89,8.88,0.1126,28199.4,24951.945
603327.SH,20250718,9.69,9.7,9.53,9.59,9.68,-0.9298,87662.2,84043.927
603328.SH,20250718,10.27,10.33,10.03,10.08,10.27,-1.85,240449.86,243850.051
603329.SH,20250718,11.81,11.81,11.59,11.63,11.81,-1.5241,44929.3,52340.441
603330.SH,20250718,6.85,6.92,6.82,6.87,6.87,0.0,77196.8,53018.059
603331.SH,20250718,10.57,10.58,10.39,10.55,10.54,0.0949,47389.0,49658.866
603332.SH,20250718,15.03,15.03,14.82,14.95,14.92,0.2011,55027.0,81987.279
603333.SH,20250718,8.06,8.15,7.96,8.07,8.16,-1.1029,148242.46,119196.481
603335.SH,20250718,5.15,5.16,5.04,5.09,5.16,-1.3566,117266.07,59578.308
603336.SH,20250718,7.1,7.14,6.93,7.02,7.14,-1.6807,268422.68,188212.352
603337.SH,20250718,38.58,38.7,37.35,37.87,38.57,-1.8149,56724.04,214903.382
603338.SH,20250718,48.0,48.73,47.9,48.65,48.11,1.1224,48387.9,234383.57
603339.SH,20250718,12.61,12.64,12.41,12.54,12.6,-0.4762,31817.92,39773.891
603341.SH,20250718,39.49,39.78,38.95,39.19,39.46,-0.6842,47128.75,185056.686
603344.SH,20250718,25.98,26.08,25.56,25.7,25.86,-0.6187,30612.18,78781.725
603345.SH,20250718,74.4,74.61,73.89,73.89,74.22,-0.4446,51247.49,379977.238
603348.SH,20250718,21.27,21.27,21.08,21.17,21.17,0.0,25342.76,53610.723
603350.SH,20250718,39.3,39.3,38.35,38.8,39.23,-1.0961,31572.19,122225.452
603351.SH,20250718,30.78,30.79,30.04,30.52,30.87,-1.1338,21684.2,65731.317
603353.SH,20250718,16.38,16.51,16.33,16.42,16.36,0.3667,23347.6,38296.977
603355.SH,20250718,23.12,23.2,22.86,23.04,23.14,-0.4322,18624.81,42762.145
603356.SH,20250718,14.58,14.58,14.32,14.5,14.46,0.2766,17604.0,25357.56
603357.SH,20250718,8.61,8.62,8.56,8.6,8.59,0.1164,39987.96,34361.624
603358.SH,20250718,37.8,37.85,37.0,37.6,38.09,-1.2864,35510.31,132955.384
603359.SH,20250718,6.89,7.15,6.82,6.97,6.83,2.0498,310389.08,216875.534
603360.SH,20250718,20.26,20.31,20.06,20.21,20.24,-0.1482,69229.46,139709.987
603363.SH,20250718,3.7,3.72,3.67,3.72,3.7,0.5405,165396.5,61106.534
603365.SH,20250718,17.71,17.86,17.52,17.76,17.67,0.5093,10669.0,18840.218
603366.SH,20250718,9.85,9.88,9.75,9.8,9.85,-0.5076,103185.0,101080.078
603367.SH,20250718,15.8,16.6,15.48,16.39,15.77,3.9315,143255.97,227376.201
603368.SH,20250718,17.43,17.49,17.29,17.44,17.44,0.0,50139.95,87047.318
603369.SH,20250718,39.07,39.53,38.92,39.5,39.0,1.2821,163895.99,644791.541
603373.SH,20250718,46.74,47.56,44.88,45.24,47.11,-3.9694,21785.0,99942.85
603375.SH,20250718,37.97,38.15,37.65,37.84,37.97,-0.3424,13110.76,49568.345
603378.SH,20250718,6.01,6.63,5.89,6.17,6.03,2.3217,206747.1,127432.23
603379.SH,20250718,46.5,46.53,45.73,46.18,46.52,-0.7309,52217.11,240212.059
603380.SH,20250718,28.55,28.98,28.13,28.84,28.73,0.3829,40385.94,115173.075
603381.SH,20250718,21.47,21.53,21.27,21.47,21.45,0.0932,19786.75,42348.454
603382.SH,20250718,31.36,31.57,31.21,31.38,31.28,0.3197,22657.23,70972.157
603383.SH,20250718,41.87,42.44,41.53,42.0,41.86,0.3344,60281.84,252894.035
603385.SH,20250718,7.0,7.03,6.86,6.97,6.91,0.8683,32183.0,22319.897
603386.SH,20250718,13.51,13.65,13.3,13.38,13.52,-1.0355,60129.6,80844.97
603387.SH,20250718,8.41,8.43,8.3,8.41,8.4,0.119,53144.29,44405.785
603388.SH,20250718,2.25,2.31,2.18,2.25,2.29,-1.7467,188714.4,42035.4
603390.SH,20250718,14.24,14.24,13.9,13.96,14.14,-1.273,125437.0,175497.045
603391.SH,20250718,39.84,39.93,39.5,39.73,39.79,-0.1508,8463.91,33579.328
603392.SH,20250718,59.99,60.16,59.54,60.02,59.91,0.1836,35520.75,212644.057
603393.SH,20250718,28.69,28.74,28.51,28.66,28.69,-0.1046,26041.4,74541.447
603395.SH,20250718,33.8,34.55,33.78,34.01,33.76,0.7405,39101.77,133572.971
603396.SH,20250718,27.15,27.5,26.87,27.13,27.2,-0.2574,22997.0,62218.117
603398.SH,20250718,5.08,5.09,4.86,4.91,5.11,-3.9139,247022.0,122113.902
603399.SH,20250718,9.91,10.28,9.85,10.17,9.97,2.006,483773.17,489952.418
603400.SH,20250718,51.9,52.27,51.65,51.9,51.9,0.0,14846.16,76968.509
603408.SH,20250718,11.28,11.33,11.22,11.3,11.27,0.2662,19349.0,21830.134
603409.SH,20250718,34.33,34.39,34.2,34.33,34.29,0.1167,6894.0,23640.284
603416.SH,20250718,58.34,58.98,58.08,58.6,58.37,0.394,21104.4,123315.631
603421.SH,20250718,6.87,6.92,6.77,6.81,6.86,-0.7289,68479.2,46650.765
603429.SH,20250718,9.88,10.15,9.8,9.91,9.9,0.101,80126.8,79765.315
603439.SH,20250718,12.95,13.01,12.74,12.92,13.03,-0.8442,143323.23,184433.034
603444.SH,20250718,311.5,312.65,304.5,307.2,311.5,-1.3804,14189.0,436733.955
603456.SH,20250718,16.62,16.68,16.28,16.45,16.69,-1.438,223904.93,367296.857
603458.SH,20250718,8.46,8.75,8.46,8.75,8.5,2.9412,106816.51,92079.047
603466.SH,20250718,10.19,10.23,10.05,10.1,10.14,-0.3945,94257.16,95256.601
603477.SH,20250718,20.18,20.42,20.11,20.31,20.2,0.5446,104988.49,212917.047
603486.SH,20250718,70.87,71.14,69.4,70.35,70.4,-0.071,90616.0,636036.854
603488.SH,20250718,8.46,8.5,8.3,8.41,8.54,-1.5222,125109.0,104769.066
603489.SH,20250718,27.73,27.82,27.35,27.4,27.62,-0.7965,23288.52,64060.509
603496.SH,20250718,25.84,28.34,25.55,28.34,25.76,10.0155,515872.5,1416030.415
603499.SH,20250718,16.24,16.3,16.14,16.17,16.25,-0.4923,39177.8,63415.25
603500.SH,20250718,9.37,9.38,9.15,9.31,9.27,0.4315,52343.54,48333.708
603501.SH,20250718,122.8,128.49,122.72,125.71,122.49,2.6288,259935.87,3279302.813
603505.SH,20250718,15.71,16.07,15.6,15.87,15.68,1.2117,95087.66,151088.706
603506.SH,20250718,13.2,13.32,13.06,13.1,13.2,-0.7576,26203.0,34494.5
603507.SH,20250718,25.0,25.6,24.25,24.39,25.02,-2.518,179471.4,441375.355
603508.SH,20250718,28.98,29.1,28.6,28.8,28.99,-0.6554,31006.47,89266.228
603511.SH,20250718,17.06,17.28,16.86,17.02,17.2,-1.0465,24793.0,42311.116
603515.SH,20250718,18.05,18.57,18.05,18.5,18.08,2.323,20280.59,37374.114
603516.SH,20250718,42.4,45.99,42.07,45.3,42.37,6.9153,169280.84,746564.305
603517.SH,20250718,15.35,15.39,15.24,15.37,15.32,0.3264,56538.9,86538.404
603518.SH,20250718,9.71,9.77,9.58,9.61,9.7,-0.9278,101731.0,97929.758
603519.SH,20250718,12.53,12.58,12.45,12.51,12.51,0.0,21993.6,27505.928
603520.SH,20250718,10.3,10.35,10.14,10.34,10.29,0.4859,74418.98,76184.442
603527.SH,20250718,11.15,11.21,10.99,11.01,11.13,-1.0782,89189.76,98833.974
603528.SH,20250718,8.13,8.18,8.06,8.08,8.13,-0.615,65375.0,52918.726
603529.SH,20250718,35.82,36.16,35.56,36.12,35.81,0.8657,56482.86,202724.997
603530.SH,20250718,26.98,26.98,26.56,26.7,26.84,-0.5216,14041.56,37494.62
603533.SH,20250718,22.67,22.99,21.61,21.98,21.17,3.8262,481747.6,1069156.517
603535.SH,20250718,11.78,12.33,11.36,11.53,11.78,-2.1222,166006.29,193385.056
603536.SH,20250718,9.31,9.42,9.26,9.36,9.31,0.5371,48983.39,45682.402
603538.SH,20250718,24.14,24.66,23.46,24.23,24.33,-0.411,254960.1,611804.275
603551.SH,20250718,11.57,11.67,11.5,11.51,11.64,-1.1168,19731.5,22848.873
603556.SH,20250718,26.0,28.35,25.85,27.58,25.97,6.1995,171832.03,465432.397
603557.SH,20250718,2.83,2.94,2.81,2.89,2.83,2.1201,234416.97,67556.815
603558.SH,20250718,9.37,9.41,9.26,9.33,9.37,-0.4269,27463.0,25558.222
603559.SH,20250718,9.5,9.64,9.5,9.54,9.58,-0.4175,2963.98,2833.457
603565.SH,20250718,9.99,10.07,9.92,10.07,9.96,1.1044,88790.83,88636.979
603566.SH,20250718,14.93,14.99,14.38,14.6,14.93,-2.2103,72920.45,106225.029
603567.SH,20250718,11.29,11.34,11.15,11.28,11.3,-0.177,49167.0,55225.558
603568.SH,20250718,19.01,19.09,18.97,19.04,19.0,0.2105,38222.91,72719.153
603569.SH,20250718,7.74,7.79,7.69,7.77,7.74,0.3876,54551.0,42224.223
603577.SH,20250718,9.38,9.55,9.3,9.46,9.38,0.8529,165038.0,155658.532
603578.SH,20250718,13.61,13.66,13.53,13.62,13.58,0.2946,18038.3,24489.531
603579.SH,20250718,29.13,29.35,28.55,28.64,29.04,-1.3774,42779.6,123376.774
603580.SH,20250718,14.91,15.01,14.85,14.97,14.97,0.0,20127.6,30031.797
603583.SH,20250718,36.6,36.77,36.1,36.35,36.65,-0.8186,81854.24,297514.918
603585.SH,20250718,19.86,20.18,19.47,19.85,19.86,-0.0504,64260.48,126819.01
603586.SH,20250718,18.44,18.65,17.96,18.23,18.46,-1.2459,51974.0,94481.312
603587.SH,20250718,12.38,12.43,12.35,12.42,12.37,0.4042,31507.4,39063.461
603588.SH,20250718,5.97,6.21,5.97,6.2,5.98,3.6789,438796.27,267641.749
603589.SH,20250718,33.5,33.88,33.49,33.73,33.48,0.7467,56020.0,188826.664
603590.SH,20250718,49.02,55.02,47.4,54.75,50.02,9.4562,135791.07,700607.215
603595.SH,20250718,19.75,20.1,19.72,19.79,19.72,0.355,44871.0,89195.039
603596.SH,20250718,50.92,51.1,50.14,50.84,50.91,-0.1375,76574.4,387965.746
603598.SH,20250718,18.3,18.45,18.0,18.15,18.13,0.1103,128425.0,233525.498
603599.SH,20250718,10.9,11.35,10.9,11.23,10.89,3.1221,229982.22,257083.203
603600.SH,20250718,10.84,10.86,10.7,10.76,10.82,-0.5545,37238.0,40038.917
603601.SH,20250718,4.68,4.68,4.61,4.65,4.68,-0.641,409605.33,189944.522
603602.SH,20250718,15.6,15.68,15.37,15.42,15.49,-0.4519,40321.46,62282.72
603605.SH,20250718,81.69,81.97,81.21,81.64,81.43,0.2579,45751.18,373347.84
603606.SH,20250718,48.94,49.13,48.71,48.97,48.93,0.0817,44597.45,218220.416
603607.SH,20250718,24.35,24.37,23.9,24.35,24.26,0.371,85688.56,206605.422
603608.SH,20250718,5.78,5.99,5.78,5.85,5.82,0.5155,95643.68,56351.192
603609.SH,20250718,8.5,8.55,8.49,8.52,8.52,0.0,24542.0,20913.091
603610.SH,20250718,12.6,12.66,12.43,12.52,12.52,0.0,60722.81,76057.42
603611.SH,20250718,23.5,23.9,23.16,23.53,23.53,0.0,77135.2,180510.568
603612.SH,20250718,18.96,19.62,18.96,19.26,18.98,1.4752,215806.7,416265.779
603613.SH,20250718,23.25,23.54,22.99,23.11,23.22,-0.4737,94002.57,218004.939
603615.SH,20250718,23.77,23.84,23.37,23.6,23.69,-0.3799,16863.0,39720.818
603616.SH,20250718,4.56,4.56,4.47,4.51,4.54,-0.6608,126258.0,56859.315
603617.SH,20250718,8.5,9.54,8.32,8.49,8.84,-3.9593,1138793.07,1006023.28
603618.SH,20250718,6.88,6.93,6.73,6.75,6.91,-2.3155,272618.13,185455.209
603619.SH,20250718,19.29,19.41,19.18,19.37,19.21,0.8329,108809.0,209928.983
603626.SH,20250718,8.47,8.5,8.27,8.32,8.43,-1.3049,168062.0,140316.444
603628.SH,20250718,13.87,14.1,13.56,13.62,13.86,-1.7316,211323.5,291504.939
603629.SH,20250718,25.35,25.35,24.5,24.6,25.15,-2.1869,145621.76,359716.616
603630.SH,20250718,19.71,20.08,19.7,19.94,19.93,0.0502,36126.95,71690.378
603633.SH,20250718,8.82,8.85,8.67,8.7,8.8,-1.1364,68282.9,59533.089
603636.SH,20250718,13.6,13.65,13.36,13.4,13.53,-0.9608,199277.24,268056.624
603637.SH,20250718,11.2,11.24,11.06,11.22,11.19,0.2681,48112.0,53679.551
603638.SH,20250718,17.98,18.02,17.74,17.84,17.91,-0.3908,28931.93,51550.328
603639.SH,20250718,13.71,13.82,13.66,13.8,13.66,1.0249,33720.16,46333.157
603648.SH,20250718,11.05,11.07,10.86,10.99,11.0,-0.0909,49326.0,53973.461
603650.SH,20250718,32.21,32.35,31.92,32.35,32.15,0.6221,49392.0,158646.073
603655.SH,20250718,29.8,30.2,29.16,30.18,29.8,1.2752,21593.0,64239.505
603656.SH,20250718,19.03,19.13,18.86,18.93,19.02,-0.4732,20572.2,38973.112
603657.SH,20250718,31.35,34.61,31.35,32.72,31.46,4.0051,136194.79,453435.217
603658.SH,20250718,38.15,38.31,37.91,38.29,38.05,0.6307,28461.3,108485.175
603659.SH,20250718,18.08,18.36,18.0,18.09,18.05,0.2216,231219.2,420593.3
603660.SH,20250718,7.18,7.22,7.13,7.2,7.15,0.6993,98302.12,70535.832
603661.SH,20250718,29.12,29.31,28.8,29.14,29.12,0.0687,9162.99,26596.9
603662.SH,20250718,65.8,65.96,64.8,65.6,65.52,0.1221,66733.14,435238.26
603663.SH,20250718,25.17,26.43,25.13,26.01,25.0,4.04,220658.64,572905.263
603665.SH,20250718,25.06,25.56,24.38,24.82,25.07,-0.9972,22365.0,55317.479
603666.SH,20250718,34.38,34.38,33.65,33.72,34.09,-1.0854,40692.8,137690.512
603667.SH,20250718,36.3,36.32,35.57,35.96,36.31,-0.9639,176695.0,633110.778
603668.SH,20250718,13.08,13.6,13.05,13.29,13.08,1.6055,140178.21,187223.577
603669.SH,20250718,5.98,6.13,5.87,5.97,5.94,0.5051,166205.77,98895.635
603676.SH,20250718,12.56,12.56,12.21,12.44,12.65,-1.6601,124329.0,153446.722
603677.SH,20250718,20.17,20.3,19.95,20.02,20.21,-0.9401,27787.0,55732.383
603678.SH,20250718,36.91,37.37,36.61,36.88,36.99,-0.2974,80892.24,299058.842
603679.SH,20250718,14.4,14.59,14.39,14.54,14.53,0.0688,37690.4,54603.925
603680.SH,20250718,12.57,12.59,12.25,12.38,12.61,-1.8239,114629.86,141939.714
603681.SH,20250718,14.74,14.79,14.59,14.73,14.72,0.0679,29666.0,43534.647
603682.SH,20250718,6.04,6.14,6.04,6.1,6.06,0.6601,72907.0,44281.532
603683.SH,20250718,19.28,19.28,18.41,18.71,19.28,-2.9564,100398.0,188286.273
603685.SH,20250718,14.55,14.65,14.36,14.42,14.55,-0.8935,26350.58,38194.428
603686.SH,20250718,16.58,17.14,16.54,17.08,16.57,3.0779,509597.0,861475.782
603687.SH,20250718,7.71,7.71,7.61,7.64,7.7,-0.7792,72784.0,55638.497
603688.SH,20250718,33.8,35.5,33.51,34.46,33.65,2.4071,190065.92,661491.26
603689.SH,20250718,8.59,8.62,8.57,8.61,8.56,0.5841,17794.0,15291.439
603690.SH,20250718,24.7,25.15,24.56,25.12,24.67,1.8241,120073.0,298017.956
603693.SH,20250718,13.95,14.28,13.86,14.24,13.93,2.2254,157500.9,221841.244
603696.SH,20250718,11.13,11.15,10.85,10.92,11.04,-1.087,70206.32,76724.58
603697.SH,20250718,12.44,12.45,12.16,12.26,12.44,-1.4469,94578.6,115701.667
603698.SH,20250718,16.61,17.13,16.58,16.96,16.58,2.2919,80438.2,135274.757
603699.SH,20250718,30.45,30.97,29.69,29.97,30.45,-1.5764,51249.12,154115.375
603700.SH,20250718,12.31,12.41,12.22,12.32,12.3,0.1626,31629.0,38899.316
603701.SH,20250718,18.2,18.2,17.87,18.01,18.0,0.0556,20584.8,37004.448
603703.SH,20250718,10.61,10.66,10.52,10.55,10.6,-0.4717,45969.4,48576.5
603706.SH,20250718,20.29,20.34,20.11,20.18,20.3,-0.5911,19181.06,38707.713
603707.SH,20250718,11.25,11.35,11.11,11.34,11.25,0.8,126160.88,141642.301
603708.SH,20250718,10.27,10.38,10.18,10.34,10.25,0.878,35583.0,36530.923
603709.SH,20250718,13.35,13.45,13.24,13.37,13.36,0.0749,13883.94,18498.796
603711.SH,20250718,13.57,13.63,13.55,13.6,13.6,0.0,20256.0,27519.718
603712.SH,20250718,20.52,20.85,20.39,20.65,20.56,0.4377,111153.34,228887.659
603713.SH,20250718,52.88,53.92,52.76,53.12,52.96,0.3021,17416.74,92815.363
603716.SH,20250718,24.0,24.7,22.81,23.7,23.84,-0.5872,584377.76,1378885.49
603717.SH,20250718,7.54,7.56,7.44,7.49,7.53,-0.5312,62586.38,46879.048
603718.SH,20250718,7.65,7.65,7.51,7.6,7.61,-0.1314,66244.54,50020.604
603719.SH,20250718,14.89,14.89,13.62,13.69,13.71,-0.1459,589685.47,834445.555
603721.SH,20250718,19.51,20.54,19.3,20.54,19.56,5.0102,72922.0,147473.111
603722.SH,20250718,39.77,40.15,39.6,40.15,39.77,0.9555,9123.0,36426.027
603725.SH,20250718,8.66,8.87,8.58,8.67,8.63,0.4635,66796.36,58071.552
603726.SH,20250718,17.8,17.9,17.68,17.89,17.79,0.5621,59770.04,106304.761
603727.SH,20250718,14.3,14.34,14.18,14.24,14.29,-0.3499,16532.0,23525.686
603728.SH,20250718,58.85,59.3,58.4,59.03,58.86,0.2888,73099.0,430719.996
603729.SH,20250718,17.12,17.24,16.91,17.06,17.03,0.1762,24611.0,41975.995
603730.SH,20250718,5.8,5.82,5.73,5.77,5.8,-0.5172,78167.01,45036.111
603733.SH,20250718,20.34,20.55,20.27,20.53,20.33,0.9838,16766.0,34218.979
603737.SH,20250718,37.61,38.23,37.53,37.8,38.17,-0.9693,37119.45,140427.106
603738.SH,20250718,16.64,16.98,15.67,15.7,15.55,0.9646,795988.0,1293144.936
603739.SH,20250718,13.87,14.03,13.6,13.95,13.76,1.3808,103355.8,143313.54
603755.SH,20250718,26.24,26.49,26.14,26.31,26.31,0.0,4596.0,12100.394
603757.SH,20250718,23.5,23.62,23.11,23.18,23.41,-0.9825,14010.0,32557.156
603758.SH,20250718,14.15,14.19,13.73,13.94,14.09,-1.0646,105739.2,146911.251
603759.SH,20250718,8.9,8.96,8.75,8.83,8.81,0.227,102939.15,90873.074
603766.SH,20250718,13.01,13.08,12.55,12.84,13.0,-1.2308,330545.2,422459.212
603767.SH,20250718,18.48,18.88,18.41,18.59,18.64,-0.2682,144863.0,269472.955
603768.SH,20250718,12.9,12.91,12.55,12.67,12.88,-1.6304,44408.58,56223.713
603773.SH,20250718,24.6,24.64,23.93,24.13,24.57,-1.7908,39692.54,95935.594
603776.SH,20250718,20.34,20.97,20.2,20.75,20.36,1.9155,74838.87,154941.801
603777.SH,20250718,13.11,13.17,13.0,13.04,13.11,-0.5339,52411.99,68451.894
603778.SH,20250718,4.17,4.24,4.04,4.07,4.28,-4.9065,966049.68,396820.104
603779.SH,20250718,7.58,7.58,7.47,7.51,7.55,-0.5298,44942.65,33718.114
603786.SH,20250718,55.8,55.95,55.2,55.32,55.75,-0.7713,6029.0,33429.525
603787.SH,20250718,12.56,12.61,12.37,12.46,12.57,-0.8751,49890.0,62072.322
603788.SH,20250718,16.17,16.29,16.01,16.13,16.17,-0.2474,29942.0,48190.305
603789.SH,20250718,5.38,5.42,5.36,5.37,5.41,-0.7394,22327.0,12010.594
603790.SH,20250718,18.39,18.48,18.1,18.17,18.42,-1.3572,19975.6,36440.427
603797.SH,20250718,4.63,4.68,4.6,4.66,4.61,1.0846,52995.37,24590.517
603798.SH,20250718,12.36,12.44,11.97,12.06,12.28,-1.7915,164239.9,198707.617
603799.SH,20250718,37.44,38.67,37.44,38.2,37.42,2.0844,416366.42,1588021.62
603800.SH,20250718,26.81,27.47,26.51,26.7,26.97,-1.0011,31889.0,85400.496
603801.SH,20250718,10.15,10.3,10.12,10.28,10.15,1.2808,124697.29,127651.363
603803.SH,20250718,8.76,8.86,8.6,8.64,8.69,-0.5754,129515.0,112883.309
603806.SH,20250718,13.4,13.61,13.3,13.38,13.48,-0.7418,184239.09,246931.45
603808.SH,20250718,8.28,8.37,8.2,8.34,8.27,0.8464,42924.41,35544.681
603809.SH,20250718,16.21,16.25,15.84,16.01,16.4,-2.378,350158.8,560561.868
603810.SH,20250718,16.44,16.63,16.13,16.27,16.38,-0.6716,20374.6,33224.472
603811.SH,20250718,12.02,12.22,11.58,11.85,12.26,-3.3442,365225.28,429966.769
603813.SH,20250718,16.38,16.77,15.53,15.58,15.97,-2.4421,26201.0,42037.992
603815.SH,20250718,8.1,8.21,8.05,8.13,8.09,0.4944,95653.0,77776.27
603816.SH,20250718,24.8,24.98,24.61,24.79,24.75,0.1616,26848.25,66434.242
603817.SH,20250718,6.0,6.01,5.94,6.01,5.98,0.5017,34647.21,20681.07
603818.SH,20250718,4.94,4.94,4.6,4.65,4.84,-3.9256,347171.0,163683.396
603819.SH,20250718,14.97,14.97,14.5,14.66,14.72,-0.4076,24337.66,35604.11
603822.SH,20250718,58.98,59.78,57.51,59.22,58.97,0.4239,21918.43,127872.8
603823.SH,20250718,13.87,14.06,13.6,13.64,13.98,-2.432,109594.58,151083.92
603825.SH,20250718,12.2,12.25,12.07,12.09,12.2,-0.9016,45231.05,54825.849
603826.SH,20250718,19.64,19.96,19.6,19.86,19.61,1.2749,32714.4,64761.136
603828.SH,20250718,5.11,5.12,5.06,5.08,5.09,-0.1965,17993.67,9162.139
603829.SH,20250718,17.85,17.9,17.3,17.46,17.78,-1.7998,36970.0,64652.938
603833.SH,20250718,57.55,58.72,57.26,57.92,57.25,1.1703,22531.74,130468.839
603836.SH,20250718,13.66,13.7,13.59,13.67,13.64,0.2199,20182.0,27518.716
603838.SH,20250718,6.19,6.23,6.12,6.18,6.16,0.3247,8529.0,5269.88
603839.SH,20250718,7.12,7.19,7.06,7.1,7.1,0.0,52134.0,37051.082
603843.SH,20250718,2.75,2.75,2.67,2.7,2.75,-1.8182,304872.4,82156.69
603848.SH,20250718,16.92,16.92,16.47,16.51,16.78,-1.6091,40085.4,66606.068
603855.SH,20250718,20.9,20.95,19.58,20.21,20.95,-3.5322,223733.29,447726.368
603856.SH,20250718,12.66,12.7,12.18,12.28,12.8,-4.0625,152648.87,187728.496
603858.SH,20250718,18.0,18.04,17.76,17.91,17.99,-0.4447,72330.39,129110.997
603859.SH,20250718,35.51,38.0,35.51,36.39,35.7,1.9328,141416.64,521966.737
603860.SH,20250718,31.78,32.17,31.76,32.0,31.92,0.2506,14689.0,46987.017
603861.SH,20250718,10.16,10.17,9.99,10.05,10.18,-1.277,98225.37,98614.8
603863.SH,20250718,15.66,15.74,15.38,15.6,15.55,0.3215,77757.0,120953.183
603866.SH,20250718,5.54,5.56,5.51,5.54,5.54,0.0,96805.03,53530.296
603867.SH,20250718,25.6,25.83,25.43,25.63,25.55,0.3131,29527.3,75671.914
603868.SH,20250718,36.96,37.17,36.89,37.07,36.96,0.2976,9547.0,35361.867
603869.SH,20250718,6.94,6.95,6.79,6.84,6.93,-1.2987,19594.8,13440.421
603871.SH,20250718,10.63,10.82,10.57,10.73,10.57,1.5137,121405.31,130064.782
603876.SH,20250718,9.33,9.42,9.3,9.35,9.32,0.3219,120174.19,112458.965
603877.SH,20250718,14.77,14.8,14.6,14.69,14.73,-0.2716,12000.67,17615.317
603878.SH,20250718,5.47,5.52,5.46,5.48,5.46,0.3663,70324.72,38514.302
603879.SH,20250718,6.65,7.07,6.58,7.02,6.65,5.5639,251470.28,172926.779
603880.SH,20250718,6.31,6.36,6.25,6.34,6.31,0.4754,42442.57,26767.221
603881.SH,20250718,27.77,27.99,27.02,27.04,27.83,-2.8387,453556.9,1240793.683
603882.SH,20250718,29.29,29.82,29.22,29.57,29.29,0.956,89026.13,262934.983
603883.SH,20250718,18.85,19.12,18.67,19.05,18.85,1.061,248084.21,469019.413
603885.SH,20250718,12.57,12.64,12.51,12.59,12.6,-0.0794,139935.58,176123.934
603886.SH,20250718,12.74,12.76,12.66,12.7,12.7,0.0,17071.0,21657.72
603887.SH,20250718,17.76,17.9,17.52,17.7,17.66,0.2265,176385.89,311772.795
603888.SH,20250718,24.49,24.68,24.38,24.49,24.31,0.7404,58065.0,142250.826
603889.SH,20250718,5.89,5.91,5.85,5.88,5.87,0.1704,45590.31,26773.168
603890.SH,20250718,12.34,12.35,12.16,12.2,12.32,-0.974,131828.0,161121.971
603893.SH,20250718,151.85,161.97,151.72,153.78,150.99,1.8478,172131.0,2694118.385
603895.SH,20250718,26.81,26.81,26.3,26.58,26.8,-0.8209,13410.0,35604.748
603896.SH,20250718,21.99,22.05,21.75,21.89,21.97,-0.3641,20609.22,45022.274
603897.SH,20250718,24.18,24.19,23.95,24.07,24.15,-0.3313,29509.0,70931.711
603898.SH,20250718,10.95,10.96,10.82,10.87,10.93,-0.5489,13700.0,14897.888
603899.SH,20250718,29.36,29.58,29.27,29.45,29.35,0.3407,37565.49,110459.8
603900.SH,20250718,9.85,9.89,9.69,9.75,9.89,-1.4156,132424.0,129118.773
603901.SH,20250718,10.6,10.65,10.37,10.46,10.56,-0.947,82489.0,86465.647
603903.SH,20250718,7.96,7.97,7.87,7.93,7.93,0.0,25524.74,20195.36
603906.SH,20250718,14.37,14.63,14.25,14.32,14.24,0.5618,237193.4,341897.708
603908.SH,20250718,25.55,25.55,25.12,25.4,25.5,-0.3922,11094.2,28034.763
603909.SH,20250718,10.12,10.21,10.02,10.19,10.07,1.1917,13638.74,13784.302
603912.SH,20250718,9.12,9.23,9.04,9.15,9.08,0.7709,197400.64,180086.951
603915.SH,20250718,15.67,15.85,15.6,15.74,15.72,0.1272,103862.6,163196.855
603916.SH,20250718,9.56,9.64,9.46,9.55,9.55,0.0,40659.93,38677.388
603917.SH,20250718,13.87,13.92,13.68,13.78,13.88,-0.7205,47496.0,65389.065
603918.SH,20250718,22.4,23.36,22.3,22.36,22.33,0.1343,410729.46,934147.711
603919.SH,20250718,18.44,18.75,18.38,18.7,18.4,1.6304,40853.75,75974.269
603920.SH,20250718,31.6,31.97,31.06,31.14,31.5,-1.1429,390440.06,1225285.989
603922.SH,20250718,19.4,19.86,19.15,19.24,19.48,-1.232,74530.2,144676.929
603926.SH,20250718,11.94,11.94,11.55,11.77,11.81,-0.3387,50224.0,58792.589
603927.SH,20250718,20.04,20.13,19.96,20.12,20.04,0.3992,117078.44,234912.4
603928.SH,20250718,15.8,15.88,15.59,15.7,15.8,-0.6329,88709.34,139260.464
603929.SH,20250718,37.0,38.98,36.81,38.54,37.24,3.4909,44869.06,170893.979
603931.SH,20250718,25.97,26.44,25.71,26.3,25.98,1.2317,37405.0,97355.164
603933.SH,20250718,16.4,16.41,16.06,16.14,16.3,-0.9816,35840.0,57870.329
603936.SH,20250718,10.27,10.53,9.97,10.04,10.28,-2.3346,713468.76,725798.792
603937.SH,20250718,10.16,10.3,10.1,10.22,10.11,1.088,46961.0,47942.103
603938.SH,20250718,14.78,14.93,14.6,14.84,14.78,0.406,45540.1,67331.723
603939.SH,20250718,23.61,23.85,23.51,23.68,23.6,0.339,74350.29,176162.154
603948.SH,20250718,21.66,21.98,21.63,21.8,21.71,0.4146,27688.0,60259.855
603949.SH,20250718,18.72,18.77,18.4,18.58,18.68,-0.5353,26117.0,48506.404
603950.SH,20250718,25.75,25.98,25.16,25.25,26.02,-2.9593,89213.8,227114.135
603955.SH,20250718,33.68,33.68,33.1,33.19,33.5,-0.9254,33108.0,110351.126
603956.SH,20250718,7.06,7.19,7.01,7.09,7.05,0.5674,220662.51,156500.881
603958.SH,20250718,16.68,16.71,16.21,16.48,16.71,-1.3764,47353.0,77770.561
603959.SH,20250718,5.51,5.92,5.45,5.58,5.48,1.8248,286161.96,161279.5
603960.SH,20250718,19.42,19.46,19.24,19.35,19.4,-0.2577,55904.84,108015.281
603966.SH,20250718,9.76,9.83,9.58,9.66,9.81,-1.5291,96919.23,93446.85
603967.SH,20250718,11.28,11.32,11.2,11.32,11.28,0.3546,45037.9,50736.14
603968.SH,20250718,11.95,11.96,11.8,11.95,11.84,0.9291,22709.0,27028.458
603969.SH,20250718,7.63,7.75,7.55,7.73,7.59,1.8445,258536.17,197608.842
603970.SH,20250718,13.96,14.07,13.96,14.04,13.97,0.5011,27554.0,38640.731
603976.SH,20250718,19.57,20.25,19.35,19.85,19.63,1.1207,26276.72,51681.759
603977.SH,20250718,12.21,12.45,12.13,12.3,12.13,1.4015,156723.79,192263.912
603978.SH,20250718,17.58,17.58,17.02,17.34,17.28,0.3472,64752.0,111898.034
603979.SH,20250718,46.23,47.1,46.18,46.71,46.19,1.1258,47469.51,221488.033
603980.SH,20250718,5.53,5.55,5.4,5.47,5.58,-1.9713,400228.84,218658.595
603982.SH,20250718,9.69,9.7,9.46,9.51,9.69,-1.8576,129395.17,123233.919
603983.SH,20250718,40.32,40.6,39.55,39.65,40.3,-1.6129,30255.35,120811.436
603985.SH,20250718,16.61,16.97,16.43,16.61,16.6,0.0602,194491.33,322907.862
603986.SH,20250718,117.86,120.3,116.23,117.16,117.99,-0.7034,203233.08,2391314.587
603987.SH,20250718,8.1,8.13,7.98,8.13,8.09,0.4944,55199.37,44423.243
603988.SH,20250718,24.27,24.33,23.85,23.97,24.3,-1.358,42197.35,101203.819
603989.SH,20250718,16.02,16.36,15.92,16.31,16.03,1.7467,66025.88,106619.293
603990.SH,20250718,16.75,17.02,16.52,16.92,16.8,0.7143,202523.52,339120.847
603991.SH,20250718,71.0,73.2,70.0,71.74,70.75,1.3993,26255.0,188471.793
603992.SH,20250718,20.92,22.8,20.9,21.42,20.78,3.0799,64055.54,141248.518
603993.SH,20250718,8.12,8.3,8.08,8.21,8.09,1.4833,2172654.16,1781749.252
603995.SH,20250718,17.62,17.62,17.45,17.52,17.55,-0.1709,37104.0,64983.864
603997.SH,20250718,12.67,12.82,12.37,12.51,12.64,-1.0285,106983.53,133747.576
603998.SH,20250718,10.61,10.83,10.39,10.74,10.63,1.0348,235637.2,249822.479
603999.SH,20250718,6.65,6.69,6.59,6.68,6.64,0.6024,91719.8,60969.354
605001.SH,20250718,7.53,7.54,7.36,7.37,7.46,-1.2064,57575.1,42586.21
605003.SH,20250718,20.59,20.72,20.42,20.68,20.51,0.8289,9307.6,19140.702
605005.SH,20250718,18.17,18.23,18.07,18.21,18.23,-0.1097,15802.55,28658.855
605006.SH,20250718,7.79,8.08,7.74,7.87,7.84,0.3827,286303.2,226072.486
605007.SH,20250718,11.7,11.79,11.63,11.69,11.66,0.2573,18257.14,21340.984
605009.SH,20250718,40.25,40.3,39.08,39.52,39.91,-0.9772,29806.73,117712.546
605011.SH,20250718,23.27,23.67,23.13,23.49,23.27,0.9454,55465.0,129517.991
605016.SH,20250718,22.5,22.9,22.15,22.35,22.32,0.1344,53205.51,119728.798
605018.SH,20250718,13.53,13.56,13.08,13.15,13.5,-2.5926,139006.0,184719.032
605020.SH,20250718,24.4,24.77,24.24,24.38,24.45,-0.2863,33669.4,82289.744
605028.SH,20250718,19.58,19.72,19.35,19.49,19.58,-0.4597,27122.93,52946.758
605033.SH,20250718,23.36,23.36,23.36,23.36,21.24,9.9812,19924.0,46542.464
605050.SH,20250718,15.65,16.41,15.6,16.38,15.7,4.3312,92447.19,148179.45
605055.SH,20250718,7.07,7.08,6.96,7.0,7.02,-0.2849,47779.0,33392.707
605056.SH,20250718,15.06,15.1,14.81,14.89,15.06,-1.1288,35205.97,52413.29
605058.SH,20250718,29.07,29.21,28.23,28.53,29.36,-2.827,68560.0,196008.289
605060.SH,20250718,21.08,21.13,20.44,20.7,21.13,-2.035,40021.76,82749.514
605066.SH,20250718,7.64,7.65,7.53,7.58,7.59,-0.1318,113167.92,85578.986
605068.SH,20250718,18.5,18.5,18.02,18.1,18.49,-2.1092,25790.0,46830.852
605069.SH,20250718,10.84,11.55,10.82,11.02,10.7,2.9907,128343.49,142341.641
605077.SH,20250718,17.3,17.34,17.03,17.18,17.22,-0.2323,25584.78,43875.638
605080.SH,20250718,26.35,26.5,26.11,26.19,26.43,-0.9081,27954.0,73273.526
605081.SH,20250718,12.95,13.19,12.73,12.94,13.02,-0.6144,22950.0,29572.023
605086.SH,20250718,25.9,28.49,25.9,27.9,25.9,7.722,117144.2,324421.575
605088.SH,20250718,37.2,37.2,36.5,36.66,36.98,-0.8653,50968.37,187424.977
605089.SH,20250718,24.55,24.72,24.4,24.6,24.52,0.3263,6067.04,14881.996
605090.SH,20250718,27.9,28.03,27.7,27.93,27.91,0.0717,51843.7,144669.606
605098.SH,20250718,35.85,36.25,35.64,36.1,35.71,1.0921,10687.13,38484.932
605099.SH,20250718,33.36,33.96,33.16,33.76,33.36,1.199,38783.0,130245.149
605100.SH,20250718,19.98,20.29,19.85,19.94,20.04,-0.499,44084.68,88243.109
605108.SH,20250718,19.13,19.2,19.08,19.19,19.11,0.4186,17926.87,34318.809
605111.SH,20250718,31.55,31.7,31.36,31.6,31.38,0.7011,70424.68,222024.185
605116.SH,20250718,22.35,23.08,22.01,22.9,22.29,2.7367,63882.0,144066.31
605117.SH,20250718,53.85,53.88,53.3,53.62,53.71,-0.1676,84819.01,453947.68
605118.SH,20250718,29.0,31.13,28.5,31.13,28.3,10.0,45880.0,140123.771
605122.SH,20250718,14.32,14.34,14.03,14.06,14.31,-1.747,98198.23,138731.206
605123.SH,20250718,81.8,81.8,77.5,77.77,80.53,-3.4273,45834.37,364956.737
605128.SH,20250718,33.23,33.5,32.77,33.35,33.24,0.3309,49222.6,163142.351
605133.SH,20250718,33.6,33.9,32.88,33.23,34.01,-2.2934,98049.56,326007.773
605136.SH,20250718,9.91,9.97,9.8,9.92,9.99,-0.7007,250113.34,246729.755
605138.SH,20250718,6.89,6.89,6.79,6.88,6.87,0.1456,33265.05,22744.971
605151.SH,20250718,20.29,20.48,19.85,19.85,20.29,-2.1686,56303.0,112703.415
605155.SH,20250718,12.39,12.47,12.23,12.27,12.39,-0.9685,22840.0,28051.258
605158.SH,20250718,8.58,8.58,8.47,8.48,8.62,-1.6241,50346.4,42769.498
605162.SH,20250718,10.18,10.3,9.7,9.98,10.64,-6.203,473411.09,470429.809
605166.SH,20250718,11.3,11.37,11.21,11.29,11.28,0.0887,59243.0,66939.266
605167.SH,20250718,11.18,11.27,11.15,11.22,11.17,0.4476,54650.5,61304.994
605168.SH,20250718,36.16,36.22,32.23,32.4,34.79,-6.8698,188210.5,626398.531
605169.SH,20250718,11.05,11.05,10.9,10.99,11.05,-0.543,29309.17,32124.896
605177.SH,20250718,19.7,19.74,19.4,19.7,19.7,0.0,18415.39,36090.818
605178.SH,20250718,23.0,25.0,22.84,23.26,22.88,1.6608,141802.75,335961.541
605179.SH,20250718,20.27,20.44,20.16,20.25,20.46,-1.0264,41485.0,83993.857
605180.SH,20250718,14.86,14.9,14.48,14.62,14.86,-1.6151,31958.0,46705.513
605183.SH,20250718,17.51,17.71,17.45,17.61,17.48,0.7437,21361.73,37512.639
605186.SH,20250718,22.9,23.19,22.54,22.75,22.98,-1.0009,24086.0,54655.815
605188.SH,20250718,11.95,12.73,11.56,12.07,11.68,3.339,461034.82,554525.437
605189.SH,20250718,13.8,13.86,13.39,13.5,13.78,-2.0319,51864.22,70161.505
605196.SH,20250718,17.8,18.1,17.61,17.74,17.88,-0.783,76392.0,136043.428
605198.SH,20250718,42.23,42.57,41.62,41.73,42.13,-0.9494,17895.0,74890.331
605199.SH,20250718,9.22,9.22,9.09,9.13,9.19,-0.6529,36526.0,33310.841
605208.SH,20250718,13.57,13.74,13.15,13.18,13.54,-2.6588,128440.77,171307.224
605218.SH,20250718,22.41,23.18,22.28,22.51,22.41,0.4462,49943.0,113133.206
605222.SH,20250718,15.35,15.4,15.29,15.37,15.28,0.589,22693.09,34849.534
605228.SH,20250718,12.98,13.0,12.37,12.47,12.98,-3.9291,97284.55,121838.572
605255.SH,20250718,20.35,20.5,19.82,19.93,20.3,-1.8227,44177.0,88561.996
605258.SH,20250718,31.64,32.47,31.01,31.21,31.7,-1.5457,27005.0,84874.565
605259.SH,20250718,24.1,24.93,23.7,24.12,24.24,-0.495,170872.25,413345.085
605266.SH,20250718,21.3,21.33,21.02,21.3,21.23,0.3297,18682.0,39545.397
605268.SH,20250718,9.16,9.3,9.16,9.22,9.22,0.0,26342.0,24315.309
605277.SH,20250718,25.28,26.38,23.91,24.16,25.45,-5.0688,506058.46,1267603.507
605286.SH,20250718,39.76,40.93,39.6,39.94,39.61,0.8331,24329.99,97836.225
605287.SH,20250718,15.58,15.65,15.19,15.28,15.59,-1.9885,29640.0,45438.282
605288.SH,20250718,55.01,58.39,54.25,56.2,55.61,1.061,19582.79,109501.444
605289.SH,20250718,35.1,35.5,34.7,35.17,35.3,-0.3683,17368.0,60943.862
605296.SH,20250718,30.18,30.67,30.01,30.41,30.22,0.6287,25582.1,77694.345
605298.SH,20250718,14.72,15.15,14.63,15.15,14.72,2.9212,48166.54,72064.438
605299.SH,20250718,8.93,8.99,8.87,8.97,8.94,0.3356,32441.0,28961.312
605300.SH,20250718,13.98,14.04,13.85,13.98,13.98,0.0,29763.95,41476.603
605303.SH,20250718,13.9,14.0,13.72,13.81,13.94,-0.9326,21067.0,29135.797
605305.SH,20250718,37.71,38.13,37.02,37.43,37.71,-0.7425,151963.72,570522.08
605318.SH,20250718,25.81,27.03,25.44,26.5,25.67,3.2333,26378.0,69365.716
605319.SH,20250718,32.01,32.18,31.07,31.41,32.13,-2.2409,43069.0,135304.343
605333.SH,20250718,30.22,30.34,29.69,29.98,30.12,-0.4648,37095.82,110971.714
605336.SH,20250718,17.09,17.3,16.96,17.16,17.21,-0.2905,73339.15,125341.588
605337.SH,20250718,12.68,12.73,12.57,12.65,12.72,-0.5503,46333.64,58480.596
605338.SH,20250718,18.8,18.95,18.6,18.78,18.8,-0.1064,29371.0,55034.166
605339.SH,20250718,17.05,17.29,17.03,17.14,17.13,0.0584,9668.0,16581.974
605358.SH,20250718,23.22,23.39,23.06,23.29,23.14,0.6482,62626.72,145378.156
605365.SH,20250718,16.0,16.55,14.6,14.87,15.83,-6.0644,160753.95,249104.994
605366.SH,20250718,6.67,6.74,6.53,6.58,6.7,-1.791,354762.25,234604.393
605368.SH,20250718,10.03,10.05,9.99,10.05,10.03,0.1994,29925.99,29991.468
605369.SH,20250718,19.68,19.94,19.56,19.87,19.68,0.9654,18486.48,36532.365
605376.SH,20250718,40.37,40.6,39.6,39.87,40.46,-1.4582,55476.43,221798.993
605377.SH,20250718,9.04,9.04,8.98,9.02,9.01,0.111,19581.24,17641.8
605378.SH,20250718,20.67,20.99,20.55,20.68,20.7,-0.0966,62896.87,130409.818
605388.SH,20250718,8.09,8.1,7.95,8.02,8.08,-0.7426,125601.77,100556.664
605389.SH,20250718,39.0,39.05,38.6,38.63,38.94,-0.7961,19797.2,76696.035
605398.SH,20250718,31.3,31.35,30.81,30.99,31.13,-0.4497,39670.32,123194.341
605399.SH,20250718,14.24,14.48,13.97,13.99,14.24,-1.7556,176120.66,249043.667
605488.SH,20250718,32.4,32.5,31.8,32.12,32.12,0.0,65299.92,209399.681
605499.SH,20250718,299.0,302.0,296.07,299.03,299.01,0.0067,13701.98,409167.296
605500.SH,20250718,14.48,15.3,13.4,13.52,14.44,-6.3712,623135.22,893477.88
605507.SH,20250718,20.87,20.93,20.52,20.86,20.85,0.048,29825.0,61753.126
605555.SH,20250718,16.3,16.35,16.0,16.2,16.33,-0.7961,52706.72,85135.61
605566.SH,20250718,20.54,20.65,20.3,20.43,20.35,0.3931,7282.0,14899.901
605567.SH,20250718,10.58,10.64,10.44,10.54,10.55,-0.0948,27631.0,29015.759
605577.SH,20250718,13.05,13.1,12.9,12.95,12.95,0.0,29221.0,37944.989
605580.SH,20250718,14.48,14.63,14.28,14.55,14.48,0.4834,37853.2,54829.201
605588.SH,20250718,45.78,46.4,45.33,46.38,45.69,1.5102,16713.02,76452.363
605589.SH,20250718,31.3,32.1,31.17,31.53,30.89,2.0719,238162.01,753559.958
605598.SH,20250718,21.81,21.96,21.55,21.78,21.8,-0.0917,15261.8,33138.823
605599.SH,20250718,15.86,15.97,15.52,15.76,15.9,-0.8805,58908.83,92147.105
688001.SH,20250718,25.86,26.35,25.77,26.12,25.94,0.6939,22192.28,57700.005
688002.SH,20250718,66.86,68.0,65.16,65.2,66.7,-2.2489,65469.44,433167.59
688003.SH,20250718,48.47,49.04,46.86,46.99,47.53,-1.1361,65551.62,313884.365
688004.SH,20250718,19.4,19.67,19.36,19.59,19.41,0.9274,19569.35,38172.428
688005.SH,20250718,22.29,22.79,22.27,22.42,22.3,0.5381,174686.73,393316.897
688006.SH,20250718,19.66,19.98,19.56,19.71,19.55,0.8184,48601.76,96157.717
688007.SH,20250718,14.68,14.77,14.6,14.67,14.7,-0.2041,51011.11,74840.405
688008.SH,20250718,85.95,86.7,85.01,85.66,86.27,-0.7071,158471.4,1358709.722
688009.SH,20250718,5.34,5.35,5.3,5.34,5.32,0.3759,241825.72,128830.788
688010.SH,20250718,30.5,30.97,29.83,30.65,30.48,0.5577,49808.0,151263.893
688011.SH,20250718,25.03,25.55,24.75,25.25,25.03,0.8789,23371.18,58834.212
688012.SH,20250718,180.99,184.48,180.99,182.25,178.18,2.2842,77574.58,1416631.672
688013.SH,20250718,34.27,34.75,34.11,34.55,34.59,-0.1156,13659.91,47030.601
688015.SH,20250718,21.42,21.62,21.25,21.52,21.42,0.4669,13773.82,29513.188
688016.SH,20250718,102.0,103.33,101.0,102.96,101.99,0.9511,31460.84,322582.435
688017.SH,20250718,130.3,130.97,127.6,128.89,129.01,-0.093,39427.96,507695.449
688018.SH,20250718,155.55,158.3,152.29,153.59,155.5,-1.2283,30422.93,469982.095
688019.SH,20250718,146.73,149.28,146.29,147.9,146.7,0.818,17563.16,259107.939
688020.SH,20250718,39.37,39.94,38.74,39.13,39.37,-0.6096,12968.25,51000.267
688021.SH,20250718,15.7,15.88,15.41,15.66,15.59,0.449,11372.49,17723.005
688022.SH,20250718,14.85,14.93,14.26,14.51,14.89,-2.552,83579.04,121213.892
688023.SH,20250718,55.22,57.27,54.7,54.7,55.22,-0.9417,59036.53,331060.325
688025.SH,20250718,82.91,83.5,77.6,82.97,82.91,0.0724,50315.39,402923.264
688026.SH,20250718,17.87,17.95,17.55,17.9,17.78,0.6749,43151.11,76537.187
688027.SH,20250718,271.18,271.66,269.59,270.83,271.08,-0.0922,6587.09,178324.503
688028.SH,20250718,22.75,22.75,22.38,22.58,22.61,-0.1327,19809.82,44578.682
688029.SH,20250718,76.2,77.46,75.4,77.08,76.25,1.0885,22509.24,171951.694
688030.SH,20250718,17.55,17.73,17.35,17.45,17.58,-0.7395,28236.49,49368.477
688031.SH,20250718,50.7,51.42,49.4,49.52,50.44,-1.8239,41002.77,205776.564
688032.SH,20250718,101.6,102.5,100.35,100.58,101.18,-0.593,6913.96,69799.275
688033.SH,20250718,6.96,7.18,6.9,7.03,6.86,2.4781,308223.76,216215.737
688035.SH,20250718,41.44,41.45,40.63,41.16,41.32,-0.3872,20017.39,82118.839
688036.SH,20250718,74.96,75.3,74.0,74.69,75.08,-0.5194,49107.27,366444.514
688037.SH,20250718,105.0,105.89,103.43,104.6,103.93,0.6447,25270.25,264267.606
688038.SH,20250718,15.88,16.0,15.7,15.79,15.89,-0.6293,23094.57,36518.016
688039.SH,20250718,34.6,34.98,34.12,34.4,34.22,0.526,25575.58,88360.725
688041.SH,20250718,137.5,138.16,136.31,136.97,138.0,-0.7464,120687.45,1654756.451
688045.SH,20250718,34.91,35.93,34.67,35.03,34.85,0.5165,16906.4,59623.566
688046.SH,20250718,15.14,15.23,14.83,15.07,15.14,-0.4624,38704.82,58043.693
688047.SH,20250718,131.03,131.99,130.5,130.8,131.29,-0.3732,22939.49,300527.049
688048.SH,20250718,62.02,64.33,61.4,62.07,61.84,0.3719,63106.0,396443.813
688049.SH,20250718,55.89,56.85,54.91,55.38,55.75,-0.6637,57287.27,319458.511
688050.SH,20250718,69.4,70.11,69.0,70.08,69.42,0.9507,32535.69,226378.725
688051.SH,20250718,28.19,28.8,27.92,28.77,28.4,1.3028,14856.97,42111.543
688052.SH,20250718,158.08,160.28,156.78,158.21,158.3,-0.0569,11107.71,175680.104
688053.SH,20250718,31.0,31.65,30.95,31.14,31.05,0.2899,11368.8,35500.181
688055.SH,20250718,3.74,3.78,3.72,3.75,3.75,0.0,58359.75,21806.399
688056.SH,20250718,33.98,34.25,33.74,34.18,33.88,0.8855,7326.12,24912.997
688057.SH,20250718,12.34,12.38,12.28,12.37,12.25,0.9796,14111.14,17411.36
688058.SH,20250718,30.9,30.98,30.0,30.09,30.55,-1.5057,30966.95,94022.677
688059.SH,20250718,56.65,58.2,55.62,57.24,57.48,-0.4175,36744.81,208321.022
688060.SH,20250718,37.73,38.12,37.41,38.1,37.55,1.4647,3533.5,13372.233
688061.SH,20250718,32.47,32.54,32.13,32.4,32.32,0.2475,6501.15,21023.622
688062.SH,20250718,37.34,37.5,35.11,36.3,37.33,-2.7592,281629.32,1018157.524
688063.SH,20250718,43.59,44.6,43.53,43.68,43.48,0.46,39552.97,173850.039
688065.SH,20250718,47.87,47.98,47.48,47.87,47.78,0.1884,16441.02,78451.168
688066.SH,20250718,19.62,19.87,19.45,19.7,19.68,0.1016,59947.32,117843.171
688067.SH,20250718,22.97,23.52,22.7,23.49,22.97,2.2638,12573.92,29040.949
688068.SH,20250718,199.7,205.05,191.5,199.0,200.0,-0.5,22660.4,444731.065
688069.SH,20250718,22.85,22.99,22.6,22.95,22.75,0.8791,7526.58,17185.674
688070.SH,20250718,52.3,52.84,50.53,51.5,53.76,-4.2039,38954.51,200380.716
688071.SH,20250718,39.02,40.33,38.21,39.72,39.02,1.794,50424.62,199180.487
688072.SH,20250718,170.51,174.0,160.36,164.16,156.55,4.8611,61094.66,1007608.739
688073.SH,20250718,61.0,61.0,59.72,60.05,60.45,-0.6617,10152.67,61116.934
688075.SH,20250718,40.3,40.65,39.81,40.44,40.17,0.6721,9364.55,37693.175
688076.SH,20250718,40.6,41.39,39.78,40.98,40.87,0.2691,162678.68,659605.084
688077.SH,20250718,31.86,34.16,31.6,32.9,31.9,3.1348,115235.34,380560.144
688078.SH,20250718,32.98,33.1,32.52,32.89,32.8,0.2744,10413.31,34158.382
688079.SH,20250718,10.17,10.34,10.14,10.24,10.17,0.6883,43643.88,44598.921
688080.SH,20250718,48.9,49.08,47.79,48.01,48.77,-1.5583,12737.64,61400.56
688081.SH,20250718,19.74,20.79,19.64,20.38,19.64,3.7678,44786.99,91218.881
688082.SH,20250718,111.53,112.5,111.0,112.08,110.85,1.1096,11013.2,122993.856
688083.SH,20250718,64.84,65.88,64.08,64.3,64.36,-0.0932,16124.49,104560.662
688084.SH,20250718,100.0,104.5,97.08,101.27,103.49,-2.1451,30923.66,310303.116
688085.SH,20250718,17.26,17.7,17.14,17.61,17.32,1.6744,36925.27,64234.322
688087.SH,20250718,26.33,26.62,26.06,26.35,26.33,0.076,13685.28,35967.662
688088.SH,20250718,46.77,47.14,45.89,45.91,46.66,-1.6074,60435.64,280280.298
688089.SH,20250718,25.57,25.59,25.07,25.34,25.6,-1.0156,32904.68,83030.157
688090.SH,20250718,35.0,35.44,34.2,34.29,34.73,-1.2669,23519.74,81371.983
688091.SH,20250718,67.77,67.89,65.4,66.71,67.9,-1.7526,42312.42,281869.603
688092.SH,20250718,22.99,23.15,22.75,23.13,22.99,0.609,7968.39,18309.696
688093.SH,20250718,30.39,30.68,29.83,30.16,30.41,-0.8221,24979.46,75255.681
688095.SH,20250718,73.85,77.93,71.65,75.17,71.6,4.986,68193.72,510585.04
688096.SH,20250718,11.78,11.79,11.29,11.45,11.75,-2.5532,100025.54,114121.912
688097.SH,20250718,29.71,29.82,29.19,29.57,29.71,-0.4712,45466.15,134218.856
688098.SH,20250718,6.43,6.48,6.28,6.36,6.42,-0.9346,60009.45,38016.814
688099.SH,20250718,72.1,73.12,71.73,72.25,72.08,0.2358,47471.86,342956.145
688100.SH,20250718,36.69,36.83,36.0,36.54,36.62,-0.2185,13808.68,50260.861
688101.SH,20250718,14.03,14.58,13.98,14.45,14.01,3.1406,67349.25,96603.079
688102.SH,20250718,13.8,13.88,13.46,13.66,13.68,-0.1462,111514.66,152015.921
688103.SH,20250718,60.81,60.81,58.96,59.97,60.21,-0.3986,18407.63,109434.011
688105.SH,20250718,24.0,24.2,23.58,24.11,23.86,1.0478,25237.81,60248.682
688106.SH,20250718,17.59,17.88,17.49,17.78,17.59,1.0802,69799.68,123076.249
688107.SH,20250718,27.43,27.8,27.31,27.46,27.51,-0.1818,22658.82,62288.985
688108.SH,20250718,11.29,12.15,11.05,12.12,11.25,7.7333,252602.16,293734.026
688109.SH,20250718,34.33,35.07,33.8,34.45,34.66,-0.6059,31424.87,107687.387
688110.SH,20250718,34.33,34.62,33.94,34.47,34.42,0.1453,68712.66,235492.492
688111.SH,20250718,287.04,299.8,285.83,292.58,282.99,3.3888,99352.88,2919171.974
688112.SH,20250718,35.0,35.19,34.56,34.83,34.88,-0.1433,8810.12,30656.513
688113.SH,20250718,35.41,35.52,35.0,35.43,35.41,0.0565,6292.76,22238.72
688114.SH,20250718,66.9,66.9,64.11,65.45,66.51,-1.5937,49931.85,324745.156
688115.SH,20250718,53.02,54.5,52.39,54.32,53.33,1.8564,9561.18,51179.662
688116.SH,20250718,44.77,45.88,43.2,43.21,44.25,-2.3503,140370.02,622380.207
688117.SH,20250718,39.39,43.19,38.8,42.47,39.41,7.7645,138652.91,566202.525
688118.SH,20250718,27.18,27.18,26.16,26.4,26.69,-1.0865,92496.21,246630.72
688119.SH,20250718,4.12,4.13,4.09,4.12,4.11,0.2433,80641.65,33157.601
688120.SH,20250718,111.77,112.86,110.0,111.35,111.04,0.2792,30802.24,342653.158
688121.SH,20250718,12.73,12.86,12.63,12.78,12.74,0.314,37162.0,47434.166
688122.SH,20250718,51.47,51.73,50.91,50.98,51.47,-0.952,71895.34,367958.761
688123.SH,20250718,81.01,81.71,77.21,77.6,81.11,-4.3275,57681.66,455837.638
688125.SH,20250718,37.71,38.37,37.67,38.35,37.62,1.9405,8525.46,32407.456
688126.SH,20250718,19.1,19.1,18.81,18.99,18.98,0.0527,127886.01,242330.248
688127.SH,20250718,26.67,26.98,26.03,26.1,26.61,-1.9166,60049.35,158339.915
688128.SH,20250718,24.94,25.37,24.81,25.3,24.91,1.5656,26668.44,66846.633
688129.SH,20250718,26.63,26.76,26.15,26.4,26.65,-0.9381,9838.9,25950.171
688130.SH,20250718,21.65,21.83,21.51,21.69,21.59,0.4632,11015.3,23847.79
688131.SH,20250718,57.55,58.27,55.79,57.05,57.28,-0.4015,79861.28,454417.503
688132.SH,20250718,19.15,20.22,19.15,19.71,19.13,3.0319,42425.29,83863.986
688133.SH,20250718,24.36,25.3,23.83,25.2,24.25,3.9175,63809.13,157358.032
688135.SH,20250718,20.76,20.99,20.65,20.89,20.8,0.4327,46166.94,96037.547
688136.SH,20250718,52.67,54.66,52.54,54.18,54.3,-0.221,75028.86,401484.825
688137.SH,20250718,45.99,46.1,43.8,45.36,46.0,-1.3913,25504.31,114804.45
688138.SH,20250718,27.2,27.22,26.87,27.1,27.12,-0.0737,16703.16,45122.738
688139.SH,20250718,31.46,31.74,31.32,31.69,31.37,1.0201,25947.14,81748.247
688141.SH,20250718,30.05,30.23,28.68,28.91,29.91,-3.3434,112619.87,327476.879
688143.SH,20250718,40.8,41.16,39.7,40.51,40.31,0.4962,24289.76,98102.426
688146.SH,20250718,30.0,30.1,29.72,29.89,29.88,0.0335,30418.71,90782.103
688147.SH,20250718,31.05,31.84,31.05,31.2,31.08,0.3861,37273.15,116982.1
688148.SH,20250718,5.31,5.59,5.29,5.45,5.3,2.8302,157650.0,85968.817
688150.SH,20250718,26.2,26.6,25.82,26.22,26.2,0.0763,24153.07,63052.141
688151.SH,20250718,24.96,26.18,24.82,25.38,24.98,1.6013,113369.69,289993.026
688152.SH,20250718,44.96,45.38,44.36,44.67,44.83,-0.3569,18497.6,82762.385
688153.SH,20250718,31.87,32.25,31.68,31.93,31.87,0.1883,24955.1,79677.44
688155.SH,20250718,49.2,50.13,48.83,49.25,49.26,-0.0203,29786.88,147307.73
688156.SH,20250718,19.35,19.61,18.92,19.6,19.01,3.1036,28557.07,55061.254
688157.SH,20250718,29.89,30.42,29.53,30.07,29.55,1.7597,12636.2,37870.391
688158.SH,20250718,23.98,25.3,23.69,24.62,23.69,3.9257,473061.53,1159655.092
688159.SH,20250718,53.8,56.6,51.0,55.6,54.5,2.0183,122987.78,647829.235
688160.SH,20250718,96.11,97.39,94.8,96.55,96.06,0.5101,14437.96,138708.117
688161.SH,20250718,27.26,27.29,26.81,27.21,27.15,0.221,17141.25,46302.721
688162.SH,20250718,27.95,28.28,27.67,28.2,27.92,1.0029,18976.09,53191.561
688163.SH,20250718,21.2,22.13,20.86,22.0,21.17,3.9206,32075.69,69191.594
688165.SH,20250718,24.05,24.55,23.9,24.18,24.21,-0.1239,88795.78,214519.985
688166.SH,20250718,74.5,88.0,74.5,86.29,75.21,14.7321,184890.19,1499184.611
688167.SH,20250718,80.0,82.26,79.21,82.2,80.22,2.4682,31136.81,251898.106
688168.SH,20250718,71.99,74.0,71.16,73.3,71.64,2.3171,21960.96,160289.717
688169.SH,20250718,167.49,168.88,163.0,163.08,166.8,-2.2302,28163.36,462829.835
688170.SH,20250718,29.46,30.09,28.68,29.82,29.56,0.8796,79390.39,234104.178
688171.SH,20250718,30.15,31.18,29.96,31.14,30.03,3.6963,19514.26,59633.185
688172.SH,20250718,18.72,18.89,18.65,18.84,18.75,0.48,22370.6,41986.769
688173.SH,20250718,13.83,14.26,13.78,13.92,13.73,1.3838,99866.66,139532.773
688175.SH,20250718,20.0,20.85,19.75,19.96,20.0,-0.2,29180.5,58691.245
688176.SH,20250718,11.86,11.86,11.3,11.65,11.9,-2.1008,268413.25,308931.061
688177.SH,20250718,29.5,30.0,28.63,29.88,29.58,1.0142,66870.38,196565.59
688178.SH,20250718,23.09,23.3,22.8,22.9,23.09,-0.8229,7514.53,17306.395
688179.SH,20250718,13.92,14.07,13.66,13.94,13.91,0.2157,79431.37,109988.216
688180.SH,20250718,39.66,39.72,38.49,39.16,39.66,-1.2607,128498.2,501550.384
688181.SH,20250718,32.3,32.98,31.89,31.97,32.16,-0.5908,40992.24,132380.929
688182.SH,20250718,25.97,26.3,25.68,25.8,26.05,-0.9597,21487.73,55504.968
688183.SH,20250718,53.6,53.62,50.45,50.6,53.9,-6.1224,267380.88,1385640.818
688184.SH,20250718,10.18,10.24,10.15,10.23,10.18,0.4912,7823.95,7977.472
688185.SH,20250718,65.93,69.39,64.89,68.0,66.2,2.719,45304.04,303662.17
688186.SH,20250718,24.75,24.78,24.32,24.38,24.75,-1.4949,78524.63,191906.003
688187.SH,20250718,43.08,43.95,42.82,43.8,43.01,1.8368,63656.79,276271.438
688188.SH,20250718,131.3,131.79,130.0,130.32,130.76,-0.3365,5636.12,73498.222
688189.SH,20250718,10.69,11.1,10.35,10.85,10.53,3.0389,291006.38,310858.464
688190.SH,20250718,91.15,93.5,89.8,91.54,91.15,0.4279,8063.73,73663.782
688191.SH,20250718,24.2,26.13,24.2,26.04,24.88,4.6624,47730.55,122264.58
688192.SH,20250718,67.01,68.18,65.47,67.95,66.85,1.6455,38692.67,259111.117
688193.SH,20250718,43.68,44.58,43.09,44.35,43.69,1.5106,4053.05,17885.178
688195.SH,20250718,42.44,42.96,41.55,42.0,42.57,-1.339,37748.42,158287.242
688196.SH,20250718,45.13,45.72,44.14,44.26,45.33,-2.3605,8641.49,38503.102
688197.SH,20250718,46.6,50.17,44.88,50.0,47.0,6.383,44996.31,212017.29
688198.SH,20250718,103.3,103.79,101.5,102.83,102.98,-0.1457,3934.25,40295.385
688199.SH,20250718,23.01,24.36,21.9,22.19,24.33,-8.7957,197487.53,445453.254
688200.SH,20250718,135.92,137.47,133.03,133.79,135.99,-1.6178,12242.79,164322.681
688201.SH,20250718,12.69,12.79,12.35,12.47,12.62,-1.1886,98719.94,123496.742
688202.SH,20250718,58.5,62.79,57.96,59.8,58.74,1.8046,140485.41,839972.095
688203.SH,20250718,12.28,12.74,12.28,12.54,12.44,0.8039,40032.55,50183.231
688205.SH,20250718,64.77,65.3,61.03,61.17,65.16,-6.1234,109548.89,689343.726
688206.SH,20250718,29.72,30.76,29.46,29.7,29.81,-0.369,72212.77,216794.969
688207.SH,20250718,15.47,15.75,15.33,15.43,15.32,0.718,81235.97,125942.209
688208.SH,20250718,32.71,33.18,32.49,32.66,32.81,-0.4572,77190.1,253083.581
688209.SH,20250718,18.18,18.24,17.95,18.09,18.05,0.2216,34470.97,62314.993
688210.SH,20250718,25.41,25.5,24.72,24.92,25.41,-1.9284,51811.97,129188.825
688211.SH,20250718,32.93,32.97,32.39,32.67,32.9,-0.6991,8699.44,28374.432
688212.SH,20250718,45.44,45.61,44.8,45.13,45.28,-0.3313,11666.64,52609.91
688213.SH,20250718,96.7,98.48,96.22,98.01,96.88,1.1664,48960.57,477757.024
688215.SH,20250718,39.99,41.69,39.4,39.87,39.88,-0.0251,12146.28,48847.169
688216.SH,20250718,22.86,23.19,22.32,22.64,22.8,-0.7018,16197.6,36724.009
688217.SH,20250718,27.32,27.33,26.72,27.11,27.18,-0.2575,8873.24,23914.022
688218.SH,20250718,22.12,22.35,21.88,22.16,22.11,0.2261,21857.12,48321.331
688219.SH,20250718,11.77,11.77,11.42,11.42,11.64,-1.89,163322.1,188261.173
688220.SH,20250718,76.88,78.17,73.55,73.87,76.86,-3.8902,82241.51,618825.843
688221.SH,20250718,20.09,21.79,19.67,21.39,20.5,4.3415,302505.26,627528.113
688222.SH,20250718,22.5,23.45,21.44,22.24,21.46,3.6347,699803.03,1555623.461
688223.SH,20250718,5.4,5.53,5.32,5.34,5.44,-1.8382,679619.48,366510.252
688225.SH,20250718,20.25,20.39,19.82,19.94,20.12,-0.8946,35012.02,70213.618
688226.SH,20250718,34.8,35.87,34.2,34.46,34.82,-1.0339,51281.65,179045.279
688227.SH,20250718,30.7,31.2,30.32,30.61,31.05,-1.4171,22484.07,68811.522
688228.SH,20250718,62.08,63.66,61.52,63.15,61.93,1.97,23967.22,150477.846
688229.SH,20250718,68.0,68.0,63.4,63.51,69.92,-9.1676,41953.72,274408.659
688230.SH,20250718,52.27,52.79,51.2,51.37,51.79,-0.811,10810.49,56058.589
688231.SH,20250718,18.78,19.2,18.42,19.06,18.72,1.8162,60572.41,114264.481
688232.SH,20250718,31.38,31.8,30.84,30.98,31.29,-0.9907,24547.83,76647.181
688233.SH,20250718,31.43,33.15,31.43,32.46,31.38,3.4417,64375.81,209493.949
688234.SH,20250718,57.23,58.14,56.91,57.72,57.25,0.821,25886.79,148834.394
688235.SH,20250718,247.84,251.62,246.34,249.76,250.85,-0.4345,20191.58,502348.665
688236.SH,20250718,19.94,19.94,18.92,19.35,20.0,-3.25,37173.42,71778.751
688237.SH,20250718,30.67,30.81,30.0,30.46,30.6,-0.4575,13947.47,42212.732
688238.SH,20250718,7.35,7.35,7.1,7.3,7.28,0.2747,167837.94,120961.615
688239.SH,20250718,35.8,36.15,35.36,35.52,35.87,-0.9757,33939.05,120923.251
688244.SH,20250718,25.77,25.81,24.94,25.19,25.64,-1.7551,36134.02,91307.608
688246.SH,20250718,33.17,35.16,32.82,33.68,32.58,3.3763,82581.78,278643.165
688247.SH,20250718,11.44,11.99,11.16,11.72,11.35,3.2599,128087.29,147616.581
688248.SH,20250718,34.18,34.27,33.66,33.86,34.03,-0.4996,27036.42,91735.086
688249.SH,20250718,20.42,20.46,20.25,20.35,20.36,-0.0491,76998.4,156625.999
688251.SH,20250718,19.01,19.55,18.7,19.14,19.0,0.7368,20267.96,38631.902
688252.SH,20250718,24.3,24.48,23.87,24.14,24.26,-0.4946,60686.27,146534.03
688253.SH,20250718,30.7,31.88,30.45,31.55,30.68,2.8357,51367.59,160156.299
688255.SH,20250718,34.96,34.96,33.93,34.19,34.78,-1.6964,16969.9,58118.079
688256.SH,20250718,580.55,589.98,578.03,582.62,582.4,0.0378,51156.45,2984533.701
688257.SH,20250718,14.6,14.61,14.41,14.61,14.54,0.4814,31748.28,46091.668
688258.SH,20250718,51.7,56.5,51.7,53.2,50.94,4.4366,106271.55,572671.962
688259.SH,20250718,40.61,41.08,40.38,40.79,40.53,0.6415,18564.7,75503.806
688260.SH,20250718,19.89,20.21,19.4,19.8,19.89,-0.4525,34657.82,68344.276
688261.SH,20250718,44.3,44.59,43.66,43.75,44.06,-0.7036,29646.35,130402.748
688262.SH,20250718,26.79,26.9,26.36,26.53,26.62,-0.3381,47129.13,125199.972
688265.SH,20250718,34.42,34.42,33.78,34.33,34.42,-0.2615,8594.05,29278.452
688266.SH,20250718,133.0,134.17,129.0,133.48,133.01,0.3534,20033.37,263275.776
688267.SH,20250718,30.38,30.58,28.8,29.13,30.3,-3.8614,38867.31,114574.851
688268.SH,20250718,50.28,50.54,49.7,50.49,50.11,0.7583,15695.04,78542.655
688269.SH,20250718,33.01,35.18,32.93,34.83,32.91,5.8341,43277.79,149014.187
688270.SH,20250718,47.06,48.2,46.57,47.3,47.29,0.0211,40154.64,189552.823
688271.SH,20250718,126.99,128.63,125.9,127.9,126.64,0.9949,44984.46,572968.653
688272.SH,20250718,25.25,26.08,25.17,25.72,25.17,2.1851,18000.33,46109.685
688273.SH,20250718,31.1,31.13,30.46,30.78,30.8,-0.0649,14338.39,44014.95
688275.SH,20250718,40.47,42.23,40.47,41.23,40.48,1.8528,34742.89,143347.043
688276.SH,20250718,22.2,22.33,21.95,22.32,22.24,0.3597,33131.84,73308.386
688277.SH,20250718,14.65,14.79,14.45,14.73,14.7,0.2041,55358.07,80882.464
688278.SH,20250718,77.04,77.04,74.97,75.45,76.66,-1.5784,21871.99,165561.949
688279.SH,20250718,204.75,205.7,199.6,203.26,204.75,-0.7277,8724.56,176250.845
688280.SH,20250718,7.58,7.82,7.49,7.58,7.57,0.1321,181296.05,137803.08
688281.SH,20250718,62.69,64.82,62.5,62.59,62.76,-0.2709,33096.73,210126.226
688282.SH,20250718,49.2,50.8,49.11,50.49,49.34,2.3308,6506.53,32589.625
688283.SH,20250718,27.31,28.29,27.04,27.17,27.3,-0.4762,21283.79,58441.845
688285.SH,20250718,8.41,8.55,8.37,8.55,8.41,1.6647,28905.88,24465.855
688286.SH,20250718,68.9,69.86,67.87,68.37,68.8,-0.625,10854.1,74394.658
688287.SH,20250718,5.32,5.41,5.31,5.38,5.32,1.1278,17372.18,9306.615
688288.SH,20250718,28.68,29.61,28.65,28.99,28.82,0.5899,28722.64,83493.358
688289.SH,20250718,21.44,21.48,21.18,21.29,21.42,-0.6069,56546.14,120390.137
688290.SH,20250718,51.3,51.3,50.06,50.49,51.31,-1.5981,18680.68,94413.217
688291.SH,20250718,34.03,34.43,33.69,33.97,34.35,-1.1063,27608.11,93648.855
688292.SH,20250718,20.26,22.77,20.15,21.61,20.13,7.3522,74057.77,158046.155
688293.SH,20250718,54.05,54.8,52.6,54.67,54.03,1.1845,14283.59,76833.003
688295.SH,20250718,20.8,21.38,20.76,21.18,20.84,1.6315,35604.97,75088.414
688296.SH,20250718,13.35,13.5,13.32,13.49,13.35,1.0487,14539.06,19501.085
688297.SH,20250718,54.03,57.57,53.1,55.6,53.68,3.5768,209550.17,1161916.109
688298.SH,20250718,28.67,28.85,28.28,28.76,28.67,0.3139,25551.66,72870.05
688299.SH,20250718,18.66,19.07,18.57,18.87,18.5,2.0,132442.15,249065.291
688300.SH,20250718,49.8,51.09,49.54,49.89,49.8,0.1807,30595.48,153742.905
688301.SH,20250718,87.7,88.0,87.01,87.83,87.7,0.1482,9947.41,87014.258
688302.SH,20250718,54.31,57.57,52.7,57.1,54.31,5.1372,59374.37,328638.113
688303.SH,20250718,25.38,26.89,25.3,25.86,25.58,1.0946,251450.35,653313.778
688305.SH,20250718,57.14,57.98,57.14,57.69,57.2,0.8566,15689.63,90424.606
688306.SH,20250718,10.05,10.05,9.83,9.89,9.98,-0.9018,161211.79,159600.934
688307.SH,20250718,35.0,38.6,35.0,37.08,33.81,9.6717,107785.68,396253.273
688308.SH,20250718,19.78,19.78,19.24,19.46,19.45,0.0514,22830.65,44370.559
688309.SH,20250718,19.36,19.71,19.07,19.7,19.27,2.2314,9234.36,17906.765
688310.SH,20250718,17.96,18.37,17.51,17.79,18.05,-1.4404,26344.58,46749.602
688311.SH,20250718,38.48,38.76,38.15,38.48,38.5,-0.0519,17421.91,67085.383
688312.SH,20250718,25.19,25.19,24.62,24.68,25.04,-1.4377,10058.57,24925.815
688313.SH,20250718,52.59,55.55,51.6,53.5,52.23,2.4316,386061.39,2070141.755
688314.SH,20250718,36.9,36.9,35.52,36.3,36.95,-1.7591,28033.09,100817.095
688315.SH,20250718,15.83,15.98,15.54,15.89,15.83,0.379,87384.69,137799.72
688316.SH,20250718,67.8,77.6,66.2,72.4,67.1,7.8987,86705.31,615807.465
688317.SH,20250718,24.34,24.35,22.68,22.75,24.48,-7.067,151205.34,348064.308
688318.SH,20250718,109.95,111.2,109.0,109.29,110.0,-0.6455,30791.53,338343.121
688319.SH,20250718,18.32,21.8,18.23,21.61,18.17,18.9323,224150.67,451135.501
688320.SH,20250718,50.02,51.5,49.83,50.42,50.22,0.3982,49821.54,252136.852
688321.SH,20250718,36.99,36.99,33.53,35.95,35.0,2.7143,321198.03,1132282.561
688322.SH,20250718,67.57,68.4,66.65,68.11,66.9,1.8087,92700.55,625211.267
688323.SH,20250718,14.98,15.52,14.85,15.3,14.97,2.2044,30924.67,46947.028
688325.SH,20250718,47.59,47.78,47.12,47.54,47.42,0.2531,4764.12,22575.445
688326.SH,20250718,88.89,89.43,87.23,88.18,88.34,-0.1811,8950.18,78865.696
688327.SH,20250718,14.05,14.46,13.92,14.24,14.04,1.4245,443343.11,629021.817
688328.SH,20250718,22.7,23.23,22.38,22.67,22.68,-0.0441,33578.83,76059.35
688329.SH,20250718,19.31,19.7,19.14,19.55,19.3,1.2953,10833.51,21058.71
688330.SH,20250718,26.38,26.59,26.38,26.54,26.33,0.7976,8258.53,21872.372
688331.SH,20250718,70.5,75.6,70.1,73.81,69.99,5.4579,149858.26,1089835.18
688332.SH,20250718,100.0,101.49,98.77,99.4,99.6,-0.2008,13951.69,139398.695
688333.SH,20250718,63.55,63.78,62.18,62.53,63.56,-1.6205,43602.56,273084.503
688334.SH,20250718,17.88,18.08,17.78,18.06,17.9,0.8939,23585.82,42307.926
688335.SH,20250718,12.12,12.23,11.9,12.17,12.17,0.0,21092.46,25364.258
688336.SH,20250718,59.9,60.0,57.57,58.5,60.96,-4.0354,80641.94,470577.703
688337.SH,20250718,34.2,34.2,33.37,33.7,34.02,-0.9406,18813.24,63318.318
688338.SH,20250718,26.87,26.93,26.34,26.6,26.7,-0.3745,13456.66,35656.372
688339.SH,20250718,22.78,23.06,22.51,22.69,22.55,0.6208,26459.41,60059.017
688343.SH,20250718,51.9,52.23,51.1,51.55,51.66,-0.2129,62242.31,321127.263
688345.SH,20250718,27.27,27.27,26.71,27.1,26.87,0.856,11084.3,29892.559
688347.SH,20250718,53.28,53.71,52.53,52.93,53.25,-0.6009,53861.55,285527.581
688348.SH,20250718,43.71,44.15,43.42,43.63,43.67,-0.0916,12058.62,52700.957
688349.SH,20250718,24.29,24.42,23.9,24.07,24.21,-0.5783,29092.02,69961.329
688350.SH,20250718,17.1,19.78,16.67,19.78,16.48,20.0243,67768.26,129392.09
688351.SH,20250718,20.4,20.49,20.15,20.47,20.4,0.3431,25708.75,52234.161
688352.SH,20250718,11.46,11.55,11.43,11.47,11.43,0.35,47363.37,54356.276
688353.SH,20250718,31.0,34.38,30.92,34.15,31.85,7.2214,89061.27,294393.511
688355.SH,20250718,18.58,18.93,18.27,18.54,18.58,-0.2153,13233.43,24444.34
688356.SH,20250718,82.44,95.0,80.56,91.8,82.0,11.9512,37784.9,332742.402
688357.SH,20250718,28.86,29.77,28.84,29.47,28.84,2.1845,22709.61,66570.047
688358.SH,20250718,30.84,31.21,30.5,31.15,30.85,0.9724,15791.33,48662.543
688359.SH,20250718,57.8,60.66,57.8,60.45,57.8,4.5848,37609.05,225090.022
688360.SH,20250718,21.32,24.98,20.94,24.44,21.3,14.7418,293915.79,677065.359
688361.SH,20250718,81.88,82.44,80.11,81.33,81.22,0.1354,23076.44,187169.338
688362.SH,20250718,28.32,28.46,27.73,28.16,28.25,-0.3186,69258.77,194235.046
688363.SH,20250718,51.79,51.79,50.99,51.32,51.53,-0.4075,30404.55,155823.731
688365.SH,20250718,16.21,17.67,16.21,16.99,16.05,5.8567,224426.38,384605.289
688366.SH,20250718,52.45,52.76,52.1,52.7,52.46,0.4575,10013.9,52459.638
688367.SH,20250718,18.03,18.42,17.94,18.39,18.03,1.9967,17116.65,31144.535
688368.SH,20250718,84.59,85.23,83.31,83.73,84.59,-1.0167,7736.21,64927.58
688369.SH,20250718,29.15,30.47,28.93,29.75,28.91,2.9056,94576.17,281538.822
688370.SH,20250718,20.76,20.99,20.71,20.99,20.76,1.1079,6561.22,13687.159
688371.SH,20250718,16.1,16.58,15.88,16.07,15.99,0.5003,28991.47,46554.959
688372.SH,20250718,57.13,58.5,56.75,57.46,57.13,0.5776,39061.53,224928.372
688373.SH,20250718,7.8,8.09,7.65,8.08,7.83,3.1928,243299.11,191450.703
688375.SH,20250718,61.3,61.97,60.5,60.62,61.35,-1.1899,22030.54,134905.606
688376.SH,20250718,37.41,37.75,36.84,37.6,37.52,0.2132,8487.22,31619.392
688377.SH,20250718,25.51,26.69,25.44,26.64,25.51,4.4296,34095.39,88760.793
688378.SH,20250718,17.25,17.46,17.13,17.4,17.25,0.8696,52820.57,91158.608
688379.SH,20250718,41.84,41.84,40.44,40.91,41.4,-1.1836,35177.23,144533.135
688380.SH,20250718,26.95,27.27,26.76,27.01,26.96,0.1855,32178.38,86800.891
688381.SH,20250718,22.29,22.45,21.95,22.07,22.21,-0.6303,31166.25,68962.984
688382.SH,20250718,41.17,45.88,41.05,45.5,42.77,6.383,134109.06,576244.935
688383.SH,20250718,51.95,51.95,50.56,51.6,51.47,0.2526,12283.67,62705.414
688385.SH,20250718,46.7,46.87,46.05,46.29,46.72,-0.9204,71917.73,333692.311
688386.SH,20250718,55.4,55.66,53.5,53.99,55.4,-2.5451,14601.72,79540.971
688387.SH,20250718,5.71,5.73,5.68,5.69,5.69,0.0,101819.52,58053.738
688388.SH,20250718,22.19,22.54,19.87,20.42,22.2,-8.018,446179.21,929255.187
688389.SH,20250718,13.26,13.44,13.16,13.28,13.15,0.9886,60571.43,80178.599
688390.SH,20250718,42.92,43.26,42.2,42.56,42.82,-0.6072,42190.43,179647.364
688391.SH,20250718,30.12,30.33,29.81,30.04,30.12,-0.2656,7190.61,21589.5
688392.SH,20250718,72.55,76.6,72.55,73.5,72.55,1.3094,34878.91,260676.425
688393.SH,20250718,31.0,31.81,30.3,31.4,30.7,2.2801,51877.27,161832.882
688395.SH,20250718,23.94,24.16,23.4,23.9,23.87,0.1257,12673.47,29975.709
688396.SH,20250718,47.25,47.5,47.18,47.31,47.3,0.0211,25987.02,122995.914
688398.SH,20250718,19.06,19.38,18.72,19.31,19.04,1.4181,43668.12,83664.602
688399.SH,20250718,54.96,55.99,54.2,55.39,54.74,1.1874,15040.98,82887.699
688400.SH,20250718,30.8,31.48,29.5,29.5,29.81,-1.0399,210278.99,638119.052
688401.SH,20250718,33.5,33.66,32.7,33.07,33.48,-1.2246,26212.25,86720.666
688403.SH,20250718,9.78,9.89,9.74,9.8,9.78,0.2045,196876.93,193218.415
688408.SH,20250718,50.8,51.5,50.0,50.03,51.06,-2.0172,38020.81,192044.81
688409.SH,20250718,52.05,52.76,51.75,52.6,51.98,1.1928,30207.02,157904.393
688410.SH,20250718,14.33,14.4,14.15,14.27,14.35,-0.5575,33191.81,47264.803
688411.SH,20250718,89.99,92.86,89.5,89.61,90.06,-0.4997,16791.73,152779.862
688416.SH,20250718,38.2,38.3,37.6,37.86,38.1,-0.6299,14766.57,55876.026
688418.SH,20250718,27.2,27.39,26.67,26.98,26.97,0.0371,38766.47,104476.807
688419.SH,20250718,26.79,27.1,26.59,26.98,26.77,0.7845,15160.21,40677.221
688420.SH,20250718,25.47,26.0,25.28,25.8,25.37,1.6949,13702.79,35145.294
688425.SH,20250718,4.12,4.14,4.11,4.12,4.11,0.2433,191010.47,78705.111
688426.SH,20250718,22.7,22.8,22.4,22.8,22.6,0.885,8319.78,18799.546
688428.SH,20250718,30.5,31.27,29.73,30.6,30.7,-0.3257,77228.64,235199.709
688429.SH,20250718,14.51,14.99,14.36,14.46,14.55,-0.6186,18675.78,27242.83
688432.SH,20250718,11.38,11.44,11.31,11.38,11.36,0.1761,40070.41,45558.578
688433.SH,20250718,37.84,37.84,36.11,36.56,37.85,-3.4082,51664.65,188792.495
688435.SH,20250718,35.25,35.42,34.66,34.9,35.25,-0.9929,21878.34,76555.57
688439.SH,20250718,54.68,55.34,54.5,55.27,54.75,0.9498,19524.83,107490.868
688443.SH,20250718,30.95,33.5,30.52,33.26,30.93,7.5331,136372.34,438205.747
688448.SH,20250718,30.34,30.43,30.03,30.29,30.34,-0.1648,11249.11,33987.192
688449.SH,20250718,41.8,42.44,41.42,42.01,41.6,0.9856,37466.97,157028.866
688450.SH,20250718,28.51,29.12,28.31,28.82,28.52,1.0519,11463.13,32842.745
688455.SH,20250718,14.38,14.38,14.01,14.28,14.34,-0.4184,28120.34,39913.853
688456.SH,20250718,42.18,43.0,41.63,42.51,41.99,1.2384,23509.82,99159.612
688458.SH,20250718,41.78,41.78,40.4,40.97,41.27,-0.7269,20335.15,83280.831
688459.SH,20250718,9.7,9.8,9.67,9.76,9.69,0.7224,22297.89,21694.771
688466.SH,20250718,20.64,20.65,19.6,20.52,20.35,0.8354,20623.36,41393.287
688468.SH,20250718,7.59,7.74,7.49,7.73,7.57,2.1136,94805.0,72280.639
688469.SH,20250718,4.82,4.84,4.79,4.81,4.82,-0.2075,344494.42,165687.501
688472.SH,20250718,9.36,9.51,9.29,9.3,9.42,-1.2739,225205.92,210745.589
688475.SH,20250718,33.57,33.76,33.21,33.4,33.39,0.0299,42564.87,142132.429
688478.SH,20250718,31.12,31.2,30.47,30.58,30.93,-1.1316,18064.67,55462.712
688479.SH,20250718,19.55,19.59,19.4,19.56,19.46,0.5139,6715.49,13069.09
688480.SH,20250718,40.51,40.52,38.01,38.41,39.83,-3.5652,15052.57,57988.549
688484.SH,20250718,37.47,37.76,36.46,36.62,37.43,-2.164,67193.49,248101.04
688485.SH,20250718,11.13,11.35,11.09,11.26,11.13,1.168,19106.63,21408.027
688486.SH,20250718,62.9,64.5,62.09,62.26,62.85,-0.9387,18705.64,118322.981
688488.SH,20250718,15.72,15.78,15.19,15.69,15.79,-0.6333,122396.13,189147.659
688489.SH,20250718,44.1,44.3,41.8,41.8,44.31,-5.6646,39481.94,168424.802
688496.SH,20250718,8.91,9.05,8.82,8.96,8.94,0.2237,39103.28,34873.36
688498.SH,20250718,224.26,226.8,208.0,208.0,223.01,-6.7306,31968.16,690715.337
688499.SH,20250718,43.98,51.0,43.41,48.64,43.55,11.6877,239719.83,1119395.696
688500.SH,20250718,62.0,65.9,60.7,61.45,61.68,-0.3729,46020.42,292428.589
688501.SH,20250718,26.98,27.19,26.66,26.9,26.88,0.0744,21093.38,56745.59
688502.SH,20250718,282.3,295.66,277.0,294.6,283.18,4.0328,13104.6,374786.892
688503.SH,20250718,46.0,48.8,45.7,47.27,45.7,3.4354,94743.54,451045.209
688505.SH,20250718,10.01,10.01,9.61,9.83,10.18,-3.4381,379366.17,370213.093
688506.SH,20250718,297.78,324.49,292.5,321.04,300.88,6.7003,15257.23,474604.432
688507.SH,20250718,81.0,87.5,79.31,81.88,77.99,4.9878,96792.92,806387.34
688508.SH,20250718,57.82,58.2,56.88,57.4,57.82,-0.7264,32027.68,183950.313
688509.SH,20250718,4.51,4.6,4.47,4.57,4.49,1.7817,115627.12,52383.352
688510.SH,20250718,23.85,24.45,23.82,24.26,24.11,0.6221,59968.13,144895.879
688511.SH,20250718,19.0,19.08,18.73,18.93,18.9,0.1587,6276.36,11883.052
688512.SH,20250718,10.99,11.15,10.83,10.95,11.0,-0.4545,88858.3,97353.203
688513.SH,20250718,44.3,45.23,42.9,44.73,43.9,1.8907,36759.91,162356.811
688515.SH,20250718,88.51,90.75,86.59,90.32,90.19,0.1441,13053.83,116012.083
688516.SH,20250718,33.6,34.08,33.3,33.36,33.58,-0.6552,27323.83,91563.403
688517.SH,20250718,14.79,14.86,14.65,14.78,14.76,0.1355,15331.08,22569.109
688518.SH,20250718,20.45,21.05,20.42,20.88,20.42,2.2527,125723.63,260249.331
688519.SH,20250718,42.94,43.46,40.7,41.06,42.94,-4.3782,37752.2,157389.208
688520.SH,20250718,84.0,86.3,81.66,84.95,85.63,-0.7941,111826.58,938148.439
688521.SH,20250718,89.49,90.19,86.6,87.54,88.42,-0.9952,73205.93,643036.83
688522.SH,20250718,49.35,49.65,47.79,48.08,49.31,-2.4944,49408.99,238959.216
688523.SH,20250718,21.78,21.86,21.48,21.71,21.85,-0.6407,26828.0,58073.714
688525.SH,20250718,64.75,65.23,62.6,63.09,64.77,-2.5938,112563.37,714607.001
688526.SH,20250718,16.48,16.55,16.2,16.48,16.55,-0.423,29256.84,47889.29
688528.SH,20250718,10.99,11.18,10.96,11.1,10.91,1.7415,36046.24,39849.815
688529.SH,20250718,20.44,20.58,19.88,20.02,20.37,-1.7182,72684.95,146553.332
688530.SH,20250718,16.91,17.11,16.88,17.1,16.91,1.1236,13978.57,23727.606
688531.SH,20250718,47.3,47.52,46.51,47.34,47.3,0.0846,19181.85,90095.941
688533.SH,20250718,26.77,27.07,26.63,26.86,26.64,0.8258,16654.39,44638.794
688535.SH,20250718,78.6,80.21,78.58,79.1,78.57,0.6746,13831.66,109759.283
688536.SH,20250718,129.1,132.85,127.66,128.88,129.12,-0.1859,26478.63,342971.444
688538.SH,20250718,2.4,2.41,2.38,2.39,2.4,-0.4167,323853.08,77404.066
688539.SH,20250718,26.88,27.03,26.64,26.84,26.94,-0.3712,17601.08,47077.105
688543.SH,20250718,57.51,57.98,53.88,54.23,57.74,-6.079,154478.26,856110.407
688545.SH,20250718,27.51,27.66,27.23,27.37,27.56,-0.6894,25938.56,71096.83
688548.SH,20250718,9.87,9.89,9.78,9.83,9.85,-0.203,67085.08,65928.862
688549.SH,20250718,7.71,7.71,7.59,7.63,7.68,-0.651,88741.42,67723.994
688550.SH,20250718,40.01,40.24,39.45,39.66,40.08,-1.0479,24822.71,98505.702
688551.SH,20250718,30.37,30.45,30.0,30.29,30.35,-0.1977,8306.82,25060.961
688552.SH,20250718,37.0,40.39,37.0,39.26,37.39,5.0013,174171.77,673975.994
688553.SH,20250718,20.31,22.58,19.6,22.35,20.51,8.9712,331368.55,692474.766
688556.SH,20250718,8.17,8.57,8.13,8.19,8.08,1.3614,386512.86,321960.16
688557.SH,20250718,32.41,33.95,32.36,32.8,32.36,1.3597,29846.57,98797.543
688558.SH,20250718,26.68,27.39,26.51,27.21,26.6,2.2932,26129.83,70442.266
688559.SH,20250718,31.03,31.68,30.9,31.13,30.98,0.4842,58073.32,181191.699
688560.SH,20250718,14.51,14.93,14.51,14.73,14.66,0.4775,26256.96,38644.855
688561.SH,20250718,34.22,34.65,34.09,34.17,34.12,0.1465,51317.96,176072.534
688562.SH,20250718,17.71,17.81,17.47,17.74,17.65,0.5099,35388.28,62469.725
688563.SH,20250718,56.77,57.27,56.28,56.99,56.61,0.6713,17009.44,96767.126
688565.SH,20250718,9.77,9.86,9.6,9.68,9.68,0.0,22218.01,21481.661
688566.SH,20250718,32.2,36.6,31.9,35.03,32.3,8.452,106354.61,364134.655
688567.SH,20250718,14.91,15.97,14.7,14.85,14.17,4.7989,485085.95,741222.842
688568.SH,20250718,36.28,36.4,35.9,36.1,36.26,-0.4413,90329.47,326241.654
688569.SH,20250718,21.06,21.22,20.95,21.17,20.96,1.0019,8111.01,17110.629
688570.SH,20250718,20.4,20.67,20.35,20.67,20.44,1.1252,16575.09,34011.421
688571.SH,20250718,8.1,8.35,8.06,8.21,8.08,1.6089,74450.85,61160.116
688573.SH,20250718,29.66,31.5,29.5,30.7,29.66,3.5064,120839.98,367647.63
688575.SH,20250718,14.91,15.08,14.84,15.07,14.86,1.4132,44929.86,67222.882
688576.SH,20250718,65.6,65.82,65.38,65.82,65.62,0.3048,2128.03,13954.35
688577.SH,20250718,46.77,48.02,46.51,46.84,46.78,0.1283,10736.97,50618.271
688578.SH,20250718,99.01,100.5,97.51,99.11,99.01,0.101,40440.66,400958.219
688579.SH,20250718,11.87,12.21,11.75,12.16,11.86,2.5295,119569.57,143358.44
688580.SH,20250718,47.56,47.58,46.1,46.66,46.99,-0.7023,16371.01,76405.734
688581.SH,20250718,70.98,71.82,69.88,71.59,71.04,0.7742,12416.7,88050.321
688582.SH,20250718,65.5,65.88,64.66,64.69,65.46,-1.1763,53132.17,345547.607
688583.SH,20250718,97.53,97.53,94.11,95.5,97.79,-2.3418,15338.29,145877.829
688584.SH,20250718,17.96,18.07,17.88,17.98,18.0,-0.1111,22553.84,40524.718
688585.SH,20250718,33.47,33.47,33.47,33.47,27.89,20.0072,72615.95,243045.585
688586.SH,20250718,11.16,11.25,11.05,11.25,11.14,0.9874,92662.54,103496.912
688588.SH,20250718,14.94,14.98,14.65,14.73,14.88,-1.0081,88136.23,130228.93
688589.SH,20250718,21.79,21.9,21.6,21.8,21.81,-0.0459,21939.29,47679.366
688590.SH,20250718,22.45,22.77,22.05,22.11,22.2,-0.4054,108313.01,241935.333
688591.SH,20250718,45.22,46.6,45.22,45.94,45.41,1.1671,73916.34,340511.593
688592.SH,20250718,38.0,39.39,37.5,37.67,38.05,-0.9987,27188.44,104464.216
688593.SH,20250718,16.31,16.48,16.13,16.33,16.31,0.1226,51839.95,84589.723
688595.SH,20250718,37.17,37.47,36.56,37.03,37.17,-0.3766,30186.15,111400.131
688596.SH,20250718,35.1,35.6,34.89,35.08,35.06,0.057,37762.87,132876.435
688597.SH,20250718,8.11,8.15,8.03,8.08,8.08,0.0,43031.04,34738.115
688598.SH,20250718,25.68,26.86,25.64,26.13,25.71,1.6336,74624.44,196249.553
688599.SH,20250718,15.5,15.83,15.19,15.26,15.62,-2.3047,283565.72,436187.383
688600.SH,20250718,22.59,22.81,22.18,22.62,22.51,0.4887,17498.97,39321.456
688601.SH,20250718,39.36,39.66,38.9,39.27,39.34,-0.1779,18604.89,73016.202
688602.SH,20250718,8.57,8.63,8.42,8.5,8.57,-0.8168,52934.64,45028.754
688603.SH,20250718,46.67,46.67,45.04,45.64,46.43,-1.7015,21169.14,96454.327
688605.SH,20250718,58.4,59.53,58.4,58.76,58.31,0.7717,14548.54,85754.979
688606.SH,20250718,67.97,68.47,67.65,68.25,67.97,0.4119,5348.15,36375.881
688607.SH,20250718,21.58,23.97,21.2,23.59,21.44,10.028,56810.99,127888.95
688608.SH,20250718,229.87,237.64,229.7,232.8,230.36,1.0592,31804.26,741132.619
688609.SH,20250718,10.48,10.63,10.37,10.47,10.63,-1.5052,245478.99,256769.707
688610.SH,20250718,40.79,42.6,40.28,41.01,40.34,1.6609,9187.81,37994.311
688611.SH,20250718,33.12,33.12,32.45,32.86,32.96,-0.3034,8947.91,29296.789
688612.SH,20250718,32.72,32.79,31.06,31.72,32.5,-2.4,45522.58,145408.379
688613.SH,20250718,18.85,18.86,18.33,18.76,18.69,0.3745,26950.65,49913.999
688615.SH,20250718,166.6,178.0,166.01,171.5,164.52,4.2426,36044.06,624873.617
688616.SH,20250718,12.96,13.24,12.8,13.24,12.96,2.1605,31608.75,41160.978
688617.SH,20250718,291.56,294.98,286.5,289.98,291.11,-0.3882,9821.23,284975.531
688618.SH,20250718,26.25,26.38,25.4,25.55,26.25,-2.6667,19098.31,49083.536
688619.SH,20250718,13.09,14.12,13.09,13.98,13.02,7.3733,78466.14,107976.069
688620.SH,20250718,12.05,12.2,11.91,12.02,12.07,-0.4143,69338.39,83379.763
688621.SH,20250718,53.81,55.14,52.62,55.1,53.94,2.1505,63375.28,341608.527
688622.SH,20250718,83.09,84.5,82.1,83.45,82.68,0.9313,5869.33,48852.075
688623.SH,20250718,65.03,66.95,64.65,65.58,65.02,0.8613,7185.31,47013.766
688625.SH,20250718,30.04,32.1,30.04,31.95,29.92,6.7848,36722.61,114826.624
688626.SH,20250718,46.43,47.1,44.83,45.73,45.48,0.5497,33272.34,153075.083
688627.SH,20250718,84.18,85.5,83.5,84.01,84.18,-0.2019,17718.21,149064.499
688628.SH,20250718,34.62,34.76,34.36,34.61,34.65,-0.1154,8029.14,27666.27
688629.SH,20250718,54.3,55.2,53.73,54.29,55.09,-1.4522,85538.07,463213.497
688630.SH,20250718,87.7,89.27,84.11,84.64,87.78,-3.5771,39101.19,335981.449
688631.SH,20250718,87.0,87.5,85.76,86.5,87.95,-1.6487,18007.41,155689.693
688633.SH,20250718,27.75,27.94,27.66,27.92,27.89,0.1076,5579.16,15513.184
688636.SH,20250718,34.22,34.86,33.84,34.39,34.22,0.4968,33160.93,114209.865
688638.SH,20250718,36.8,37.19,36.08,36.51,36.6,-0.2459,6266.26,22908.692
688639.SH,20250718,34.46,36.25,34.11,35.75,34.5,3.6232,82310.23,290445.664
688646.SH,20250718,29.16,29.94,29.14,29.28,29.16,0.4115,16302.04,48235.94
688648.SH,20250718,49.0,50.13,46.6,49.4,49.75,-0.7035,79482.42,383515.678
688651.SH,20250718,36.55,37.46,36.55,36.81,36.76,0.136,9451.85,34969.886
688652.SH,20250718,54.94,55.44,53.72,53.9,54.75,-1.5525,28087.69,152534.733
688653.SH,20250718,12.32,12.49,12.2,12.41,12.32,0.7305,73820.15,91143.358
688655.SH,20250718,23.12,23.5,22.78,23.32,23.17,0.6474,29704.37,68747.733
688656.SH,20250718,129.1,130.6,126.11,130.25,130.9,-0.4966,18704.6,241089.883
688657.SH,20250718,44.26,45.36,44.08,44.21,44.26,-0.113,7991.38,35492.43
688658.SH,20250718,27.36,30.32,26.47,29.35,27.67,6.0716,180344.58,505910.357
688659.SH,20250718,8.95,9.11,8.9,9.1,8.94,1.7897,26099.82,23494.27
688660.SH,20250718,8.48,10.12,8.43,10.12,8.43,20.0474,605528.7,568371.605
688661.SH,20250718,40.66,41.76,40.28,40.66,40.65,0.0246,48982.84,199764.358
688662.SH,20250718,39.28,39.39,38.18,38.46,38.85,-1.0039,10622.96,40929.936
688663.SH,20250718,30.51,31.27,30.3,30.5,30.67,-0.5543,39102.39,120266.643
688665.SH,20250718,46.99,46.99,45.88,46.11,46.8,-1.4744,10150.6,46853.156
688667.SH,20250718,54.08,54.47,53.61,54.2,54.08,0.2219,5961.56,32235.869
688668.SH,20250718,70.93,73.73,70.58,70.83,71.38,-0.7705,83738.45,603506.933
688669.SH,20250718,20.22,20.29,19.8,20.08,20.11,-0.1492,18274.72,36583.28
688670.SH,20250718,14.97,15.0,14.64,14.96,14.9,0.4027,11212.08,16611.107
688671.SH,20250718,21.19,21.48,21.02,21.48,21.19,1.3686,6196.02,13180.265
688676.SH,20250718,36.46,36.97,36.05,36.68,36.0,1.8889,138699.56,507871.371
688677.SH,20250718,37.9,38.35,37.5,38.3,37.8,1.3228,14974.71,56695.244
688678.SH,20250718,20.2,20.42,19.66,19.79,20.3,-2.5123,91299.13,180951.321
688679.SH,20250718,14.87,15.16,14.75,15.06,14.82,1.6194,15874.53,23826.526
688680.SH,20250718,47.02,47.97,44.76,45.4,46.98,-3.3631,36940.41,169392.187
688681.SH,20250718,14.44,14.65,14.33,14.57,14.5,0.4828,13630.98,19727.714
688682.SH,20250718,30.51,31.59,30.16,31.46,30.5,3.1475,24389.1,75541.017
688683.SH,20250718,26.31,26.65,26.02,26.23,26.3,-0.2662,9193.79,24075.299
688685.SH,20250718,56.98,56.98,54.72,55.11,56.25,-2.0267,27279.22,151046.78
688686.SH,20250718,103.97,104.98,102.5,103.35,103.97,-0.5963,4855.96,50181.34
688687.SH,20250718,29.48,32.25,29.14,32.14,29.65,8.398,225732.87,693058.062
688689.SH,20250718,24.88,25.02,24.4,24.41,24.86,-1.8101,24529.25,60533.335
688690.SH,20250718,26.09,26.09,25.23,25.63,26.07,-1.6878,78272.83,199790.221
688691.SH,20250718,58.2,58.88,57.28,57.63,58.41,-1.3354,27223.28,157821.267
688692.SH,20250718,222.98,231.49,222.0,228.3,222.06,2.8101,19247.43,438094.311
688693.SH,20250718,35.56,35.97,35.44,35.55,35.83,-0.7815,13833.43,49299.932
688695.SH,20250718,31.08,31.27,30.58,30.77,30.73,0.1302,15577.88,48008.022
688696.SH,20250718,112.79,112.98,104.63,108.05,113.0,-4.3805,21024.17,225736.188
688697.SH,20250718,14.16,14.19,13.8,13.92,13.91,0.0719,40610.14,56626.044
688698.SH,20250718,54.3,54.95,53.15,54.87,54.21,1.2175,84281.88,455600.516
688699.SH,20250718,33.6,33.68,32.9,33.21,33.42,-0.6284,8571.99,28424.963
688700.SH,20250718,36.78,37.89,36.5,36.81,36.7,0.2997,58627.23,217355.493
688701.SH,20250718,8.49,8.66,8.36,8.63,8.45,2.1302,23015.98,19641.344
688702.SH,20250718,63.72,66.28,63.72,63.98,63.77,0.3293,22750.36,147703.303
688707.SH,20250718,13.57,13.8,13.4,13.48,13.47,0.0742,93333.68,126747.003
688708.SH,20250718,61.89,64.98,60.57,64.05,61.59,3.9942,49329.16,311431.007
688709.SH,20250718,31.38,31.7,31.33,31.47,31.46,0.0318,16594.29,52240.258
688710.SH,20250718,38.99,39.4,38.15,39.25,38.99,0.6668,19760.72,76349.196
688711.SH,20250718,21.14,21.5,20.36,20.72,20.86,-0.6711,136228.91,284292.301
688716.SH,20250718,38.5,38.55,37.59,37.91,38.1,-0.4987,58870.67,223366.286
688717.SH,20250718,62.0,62.37,59.73,61.47,62.4,-1.4904,46034.91,280340.484
688718.SH,20250718,12.87,14.77,12.84,14.15,12.87,9.9456,84063.19,116713.976
688719.SH,20250718,39.3,40.1,37.66,39.81,39.02,2.0246,20642.54,80212.397
688720.SH,20250718,42.01,42.21,41.62,41.91,42.01,-0.238,9090.89,38036.213
688721.SH,20250718,43.3,43.82,42.98,43.12,43.33,-0.4847,9296.74,40228.508
688722.SH,20250718,22.2,22.35,21.87,22.0,22.18,-0.8115,50878.41,111993.617
688726.SH,20250718,47.16,47.67,46.05,46.42,47.19,-1.6317,19419.47,90554.686
688728.SH,20250718,15.73,15.82,15.45,15.72,15.74,-0.1271,78051.55,121956.854
688729.SH,20250718,20.38,20.95,20.36,20.58,20.36,1.0806,278229.39,573120.763
688733.SH,20250718,19.07,19.28,18.77,19.0,19.0,0.0,31804.27,60332.158
688737.SH,20250718,21.73,21.73,21.22,21.49,21.55,-0.2784,17476.3,37392.966
688739.SH,20250718,27.83,27.87,27.59,27.82,27.8,0.0719,20592.83,57076.321
688750.SH,20250718,21.25,21.68,21.1,21.46,21.26,0.9407,41210.55,87872.825
688755.SH,20250718,46.54,48.15,46.26,46.95,46.19,1.6454,19434.0,91379.834
688757.SH,20250718,26.44,26.96,26.28,26.45,26.52,-0.264,26439.7,70207.445
688758.SH,20250718,17.55,17.55,17.27,17.43,17.43,0.0,20858.23,36265.301
688766.SH,20250718,63.1,63.75,62.1,62.77,63.1,-0.523,25937.49,162699.15
688767.SH,20250718,34.83,34.97,34.13,34.26,34.69,-1.2396,12597.48,43279.998
688768.SH,20250718,44.5,44.96,44.09,44.9,44.25,1.4689,6818.06,30323.49
688772.SH,20250718,13.6,13.8,13.58,13.63,13.6,0.2206,138097.17,188832.666
688775.SH,20250718,168.48,168.7,167.13,168.0,167.58,0.2506,12008.28,201625.633
688776.SH,20250718,103.09,104.42,101.5,101.96,103.16,-1.1632,27396.7,280881.768
688777.SH,20250718,47.23,47.25,46.67,46.85,47.03,-0.3827,99781.46,467648.572
688778.SH,20250718,46.56,48.88,46.4,48.25,46.1,4.6638,101114.49,486463.281
688779.SH,20250718,5.39,5.52,5.39,5.51,5.35,2.9907,278412.17,152309.948
688786.SH,20250718,22.83,23.43,22.79,23.22,22.91,1.3531,12626.55,29264.087
688787.SH,20250718,117.5,121.18,116.54,117.3,117.15,0.128,27020.07,319838.025
688788.SH,20250718,42.41,44.16,42.3,43.89,42.33,3.6853,33203.66,143496.51
688789.SH,20250718,67.84,68.0,66.52,67.0,67.84,-1.2382,20737.6,139272.405
688793.SH,20250718,32.45,32.74,31.9,32.16,32.5,-1.0462,12125.24,38926.076
688798.SH,20250718,66.5,67.15,66.22,66.57,66.57,0.0,12749.76,84960.769
688799.SH,20250718,54.2,55.68,51.82,54.66,55.51,-1.5313,69625.57,372368.95
688800.SH,20250718,52.44,52.44,50.62,50.77,52.0,-2.3654,136903.98,700062.69
688819.SH,20250718,27.39,27.57,27.22,27.31,27.27,0.1467,21209.92,58025.586
688981.SH,20250718,88.75,89.13,87.93,88.51,88.79,-0.3154,219959.93,1948101.635
689009.SH,20250718,58.53,58.69,58.01,58.57,58.42,0.2568,55802.27,325496.923
920779.BJ,20250718,45.8,46.4,45.4,45.7,45.44,0.5722,15053.34,69150.177
920809.BJ,20250718,5.67,5.72,5.64,5.66,5.67,-0.1764,142990.05,81126.843
920832.BJ,20250718,8.4,8.65,8.32,8.55,8.4,1.7857,58470.92,49716.663
920839.BJ,20250718,30.0,30.0,29.29,29.76,29.8,-0.1342,9594.89,28405.026
920879.BJ,20250718,21.11,22.18,20.71,20.91,21.43,-2.4265,64233.74,137971.872
920896.BJ,20250718,20.88,20.95,20.38,20.54,20.88,-1.6284,12781.78,26299.642
920946.BJ,20250718,11.55,11.57,11.2,11.35,11.54,-1.6464,50274.37,57148.253
920964.BJ,20250718,8.7,8.72,8.55,8.57,8.69,-1.3809,63419.56,54585.967
920974.BJ,20250718,8.98,9.97,8.93,9.96,9.0,10.6667,173523.0,165380.022
920010.BJ,20250718,13.38,13.38,13.17,13.22,13.31,-0.6762,40963.15,54183.941
920039.BJ,20250718,18.8,18.89,17.57,17.96,19.18,-6.3608,191350.72,346091.854
920087.BJ,20250718,18.68,18.83,18.58,18.76,18.68,0.4283,35325.86,66137.02
920152.BJ,20250718,20.67,20.98,20.65,20.86,20.76,0.4817,11372.16,23644.953
920267.BJ,20250718,28.11,28.11,27.38,27.51,27.9,-1.3978,7322.21,20234.619
920375.BJ,20250718,16.93,16.98,16.61,16.8,16.93,-0.7679,20293.7,34063.073
920195.BJ,20250718,17.94,17.94,17.45,17.56,17.78,-1.2373,13994.84,24615.463
920378.BJ,20250718,12.09,12.17,12.01,12.05,12.09,-0.3309,10260.39,12383.928
920304.BJ,20250718,14.43,14.43,14.04,14.22,14.32,-0.6983,37818.95,53553.393
920405.BJ,20250718,21.4,21.68,21.29,21.51,21.33,0.8439,15486.46,33286.685
920370.BJ,20250718,4.88,4.9,4.83,4.9,4.88,0.4098,77902.9,37885.206
920496.BJ,20250718,11.72,11.72,11.51,11.57,11.64,-0.6014,25012.53,28921.887
920526.BJ,20250718,29.13,29.3,28.72,28.8,29.13,-1.1329,8340.91,24093.76
920627.BJ,20250718,28.49,29.11,28.44,28.6,28.46,0.4919,20299.59,58344.107
920641.BJ,20250718,17.65,17.65,17.25,17.42,17.54,-0.6842,12598.48,21976.999
920689.BJ,20250718,43.52,43.89,42.78,42.78,43.6,-1.8807,20468.85,88119.625
920726.BJ,20250718,21.42,21.55,20.8,20.87,21.2,-1.5566,19149.44,40104.393
920768.BJ,20250718,11.52,11.53,11.35,11.43,11.51,-0.695,24482.01,28038.8
920932.BJ,20250718,23.18,23.8,23.0,23.4,23.52,-0.5102,57385.96,133890.295
920834.BJ,20250718,12.34,12.88,12.05,12.87,12.19,5.5783,44191.66,55211.185
920855.BJ,20250718,20.79,20.86,20.42,20.5,20.74,-1.1572,8100.27,16628.566
920856.BJ,20250718,21.28,21.44,21.07,21.13,21.24,-0.5179,12101.38,25611.634
920906.BJ,20250718,24.75,24.8,24.31,24.35,24.65,-1.217,10539.69,25795.519
920961.BJ,20250718,22.24,22.45,21.95,21.97,22.37,-1.7881,41773.74,92438.634
920000.BJ,20250718,21.26,21.29,20.9,21.05,21.16,-0.5198,8153.5,17124.672
920023.BJ,20250718,4.54,4.6,4.47,4.54,4.58,-0.8734,169586.45,76496.406
920089.BJ,20250718,16.48,16.61,16.34,16.4,16.4,0.0,18847.12,30956.985
920110.BJ,20250718,37.99,38.8,37.5,38.2,37.58,1.6498,6228.74,23840.251
920145.BJ,20250718,24.69,25.0,23.65,24.35,24.7,-1.417,29003.97,70022.042
920249.BJ,20250718,15.1,15.25,14.84,14.88,14.98,-0.6676,55757.01,83660.905
920171.BJ,20250718,31.97,32.05,31.38,31.43,31.75,-1.0079,31152.57,98573.318
920175.BJ,20250718,13.1,13.47,13.01,13.38,13.06,2.4502,51977.92,69202.024
920225.BJ,20250718,19.28,19.48,19.0,19.14,19.28,-0.7261,24020.01,45983.759
920278.BJ,20250718,11.08,11.2,10.9,10.96,11.1,-1.2613,24828.25,27188.939
920419.BJ,20250718,22.9,22.9,22.02,22.02,22.46,-1.959,14292.18,31752.272
920469.BJ,20250718,14.85,15.55,14.78,15.28,14.76,3.523,119633.87,181981.942
920471.BJ,20250718,15.87,15.88,15.5,15.68,15.78,-0.6337,9556.54,14951.521
920491.BJ,20250718,29.28,29.39,28.81,28.89,29.19,-1.0277,26900.85,77952.818
920522.BJ,20250718,46.99,48.48,46.69,47.99,46.78,2.5866,51472.76,246340.249
920566.BJ,20250718,13.29,13.68,13.06,13.66,13.34,2.3988,87900.79,117688.973
920651.BJ,20250718,29.8,29.86,29.5,29.65,29.86,-0.7033,5487.26,16252.282
920662.BJ,20250718,26.99,27.58,26.7,26.93,27.23,-1.1017,48832.96,132321.105
920735.BJ,20250718,35.2,35.6,34.7,35.14,35.3,-0.4533,24761.06,86557.391
920786.BJ,20250718,9.96,10.08,9.8,9.87,10.17,-2.9499,121106.57,119721.114
920802.BJ,20250718,18.05,18.12,17.82,18.04,18.05,-0.0554,10017.71,17975.569
920876.BJ,20250718,33.98,35.3,33.69,34.5,35.21,-2.0165,64447.02,221232.74
920885.BJ,20250718,21.5,21.6,20.91,21.01,21.32,-1.454,56499.3,119550.974
920978.BJ,20250718,24.49,24.49,23.84,23.89,24.29,-1.6468,18448.55,44283.73
920982.BJ,20250718,364.0,366.0,356.38,356.75,365.14,-2.2977,5302.16,190401.482
920130.BJ,20250718,32.38,33.38,30.99,31.07,30.49,1.9023,63727.99,206352.007
920075.BJ,20250718,34.95,34.96,33.88,34.82,34.05,2.2614,25599.56,88466.35
920571.BJ,20250718,12.37,12.4,12.13,12.16,12.2,-0.3279,167164.5,204526.568
920230.BJ,20250718,16.14,16.19,15.95,16.11,16.14,-0.1859,7450.92,11944.656
920266.BJ,20250718,10.88,10.93,10.68,10.91,10.91,0.0,25256.56,27299.057
920284.BJ,20250718,29.9,30.9,29.69,29.93,29.57,1.2175,76700.41,232403.68
920346.BJ,20250718,30.1,30.3,29.72,30.25,30.33,-0.2638,25098.15,75305.12
920394.BJ,20250718,42.57,42.57,41.92,42.09,42.44,-0.8247,19139.17,80636.776
920427.BJ,20250718,16.5,16.59,16.24,16.29,16.49,-1.2129,28677.92,46938.928
920429.BJ,20250718,23.43,23.43,22.9,23.21,23.35,-0.5996,15160.18,34984.25
920454.BJ,20250718,21.44,21.76,20.66,20.82,21.49,-3.1177,49530.62,104609.839
920455.BJ,20250718,10.47,10.63,10.43,10.46,10.47,-0.0955,7102.57,7459.162
920509.BJ,20250718,25.4,25.59,25.1,25.57,25.4,0.6693,21521.53,54550.116
920523.BJ,20250718,25.43,25.96,25.4,25.54,25.45,0.3536,17765.92,45632.346
920533.BJ,20250718,36.17,36.39,35.38,35.55,36.25,-1.931,30845.14,110170.695
920575.BJ,20250718,15.68,15.69,15.5,15.57,15.68,-0.7015,18212.61,28348.352
920580.BJ,20250718,14.34,14.34,14.03,14.17,14.31,-0.9783,17076.9,24115.038
920751.BJ,20250718,18.19,18.85,18.19,18.8,18.31,2.6761,34759.41,64820.416
920781.BJ,20250718,12.51,12.58,12.19,12.2,12.51,-2.478,56756.19,69652.048
920873.BJ,20250718,7.92,7.92,7.6,7.7,7.8,-1.2821,104293.0,80469.333
920914.BJ,20250718,28.26,29.59,28.01,28.3,28.17,0.4615,70978.1,205562.805
920943.BJ,20250718,26.93,27.58,26.74,27.36,27.06,1.1086,36543.58,99409.793
920014.BJ,20250718,13.81,13.87,13.72,13.81,13.74,0.5095,7350.27,10121.778
920021.BJ,20250718,7.61,7.7,7.54,7.56,7.6,-0.5263,87412.1,66449.112
920033.BJ,20250718,20.38,20.68,20.24,20.54,20.28,1.2821,10635.05,21811.976
920058.BJ,20250718,36.72,36.76,35.75,36.0,36.69,-1.8806,9673.65,34902.691
920062.BJ,20250718,11.61,11.7,11.2,11.27,11.61,-2.9285,126851.84,143840.673
920261.BJ,20250718,15.42,16.22,15.26,16.03,15.7,2.1019,66906.23,105965.99
920407.BJ,20250718,18.66,18.88,18.44,18.72,18.88,-0.8475,10204.53,19009.645
920415.BJ,20250718,16.74,17.02,16.55,16.55,16.86,-1.8387,29716.0,49687.137
920475.BJ,20250718,23.58,23.59,22.8,23.12,23.4,-1.1966,23217.84,53506.729
920599.BJ,20250718,21.21,21.32,20.96,21.13,21.24,-0.5179,22616.4,47713.813
920639.BJ,20250718,8.95,8.95,8.75,8.8,8.92,-1.3453,34484.7,30451.999
920765.BJ,20250718,17.12,17.22,16.88,16.91,17.03,-0.7046,7461.51,12662.631
920770.BJ,20250718,20.85,21.47,20.5,20.51,20.99,-2.2868,75744.39,156912.661
920950.BJ,20250718,19.24,19.24,18.83,18.97,19.13,-0.8364,4746.24,9004.786
920174.BJ,20250718,46.89,49.7,46.24,48.69,47.79,1.8832,69328.24,332742.063
920179.BJ,20250718,33.35,33.62,32.85,33.0,33.23,-0.6921,19555.92,64891.878
920184.BJ,20250718,19.41,19.62,18.51,18.63,19.39,-3.9195,106057.87,201174.065
920185.BJ,20250718,22.78,23.38,22.75,22.82,22.85,-0.1313,74603.97,171394.564
920207.BJ,20250718,28.83,30.91,28.8,30.36,29.48,2.9851,83892.11,252115.671
920237.BJ,20250718,24.36,24.8,24.24,24.58,24.44,0.5728,15764.13,38648.804
920305.BJ,20250718,18.5,21.0,17.81,18.01,17.91,0.5583,152724.93,302493.176
920368.BJ,20250718,28.29,28.55,28.02,28.14,28.33,-0.6707,24810.63,69967.059
920438.BJ,20250718,19.1,19.1,18.69,18.79,19.09,-1.5715,18525.5,34916.231
920508.BJ,20250718,30.08,30.46,29.82,30.0,29.81,0.6374,8549.36,25737.027
920579.BJ,20250718,29.63,30.08,29.27,29.31,29.58,-0.9128,19108.32,56521.151
920640.BJ,20250718,28.28,28.3,27.72,27.75,28.08,-1.1752,23832.58,66387.254
920670.BJ,20250718,15.0,15.49,14.82,14.96,14.89,0.4701,41939.45,63555.826
920057.BJ,20250718,7.25,7.36,7.12,7.33,7.21,1.6644,64888.56,46915.225
920992.BJ,20250718,21.95,22.47,21.53,21.84,21.69,0.6916,28160.84,61908.278
920985.BJ,20250718,10.13,10.28,10.03,10.1,10.22,-1.1742,42149.48,42607.508
920077.BJ,20250718,14.98,15.09,14.69,14.71,14.98,-1.8024,70685.68,104702.905
920149.BJ,20250718,15.8,15.88,15.47,15.86,15.78,0.507,32943.51,51569.266
920208.BJ,20250718,25.85,26.17,25.56,25.6,26.05,-1.7274,11662.64,30031.834
920221.BJ,20250718,21.7,21.89,21.15,21.25,21.67,-1.9382,30747.58,65872.102
920239.BJ,20250718,35.29,35.65,34.9,35.13,35.21,-0.2272,37121.57,131089.648
920247.BJ,20250718,21.35,21.58,20.9,20.9,21.39,-2.2908,51245.76,108409.953
920260.BJ,20250718,14.11,14.14,13.92,14.0,14.1,-0.7092,9342.92,13081.419
920263.BJ,20250718,14.78,15.03,14.67,15.03,14.7,2.2449,53062.99,79071.245
920270.BJ,20250718,17.56,17.87,17.02,17.05,17.06,-0.0586,20910.44,36373.631
920395.BJ,20250718,14.8,14.85,14.61,14.72,14.71,0.068,17166.31,25282.511
920414.BJ,20250718,14.59,14.87,14.36,14.48,14.48,0.0,15630.64,22702.745
920519.BJ,20250718,14.68,14.74,14.45,14.62,14.69,-0.4765,12428.1,18078.587
920422.BJ,20250718,14.23,14.28,14.07,14.15,14.25,-0.7018,18971.99,26844.965
920433.BJ,20250718,7.5,7.54,7.42,7.47,7.52,-0.6649,28463.16,21285.326
920504.BJ,20250718,26.11,26.11,25.5,25.82,26.03,-0.8068,7150.59,18389.41
920547.BJ,20250718,25.07,25.07,24.42,24.63,25.06,-1.7159,14501.84,35747.787
920675.BJ,20250718,12.67,12.87,12.58,12.86,12.67,1.4996,22652.1,28894.693
920699.BJ,20250718,44.94,48.16,44.58,48.16,45.1,6.7849,16136.01,75900.414
920717.BJ,20250718,12.87,13.1,12.81,12.9,12.9,0.0,12695.92,16394.141
920720.BJ,20250718,14.85,14.85,14.6,14.63,14.75,-0.8136,22677.46,33244.921
920807.BJ,20250718,18.45,22.38,18.18,20.25,18.56,9.1056,388720.31,784210.293
920826.BJ,20250718,12.6,12.75,12.46,12.51,12.66,-1.1848,30659.47,38471.283
920871.BJ,20250718,17.98,18.05,17.44,17.5,17.85,-1.9608,23990.62,42434.945
920892.BJ,20250718,20.29,20.35,19.55,19.7,20.18,-2.3786,54776.99,108578.538
920942.BJ,20250718,19.86,19.95,19.53,19.69,19.85,-0.806,7576.57,14894.999
920957.BJ,20250718,15.49,15.5,15.05,15.17,15.48,-2.0026,8157.06,12416.8
920061.BJ,20250718,42.35,46.65,42.33,43.86,42.8,2.4766,62899.02,279601.669
920006.BJ,20250718,35.94,36.39,35.36,35.8,36.09,-0.8035,32494.65,116633.446
920123.BJ,20250718,19.15,19.25,18.93,18.98,19.21,-1.1973,18056.91,34422.33
920046.BJ,20250718,16.32,16.42,16.01,16.26,16.26,0.0,24300.58,39403.522
920092.BJ,20250718,43.16,44.38,43.07,43.4,43.23,0.3932,16395.39,71716.342
920274.BJ,20250718,18.58,20.43,18.36,19.7,19.34,1.8614,82732.72,159513.02
920212.BJ,20250718,18.17,18.23,17.9,18.11,18.1,0.0552,17196.64,31012.607
920242.BJ,20250718,33.01,33.33,32.43,32.61,33.12,-1.5399,4801.18,15725.435
920344.BJ,20250718,24.39,25.42,24.0,25.22,24.43,3.2337,24148.59,60026.687
920403.BJ,20250718,24.37,24.5,24.06,24.26,24.37,-0.4514,14164.59,34277.988
920592.BJ,20250718,54.24,54.49,53.0,53.2,54.03,-1.5362,21565.25,115348.144
920663.BJ,20250718,20.57,20.57,20.01,20.01,20.4,-1.9118,18160.64,36598.388
920748.BJ,20250718,61.75,62.49,61.6,61.78,62.55,-1.231,13298.0,82344.851
920821.BJ,20250718,31.0,31.65,30.9,31.09,31.12,-0.0964,32957.79,102760.584
920030.BJ,20250718,7.52,7.57,7.47,7.55,7.56,-0.1323,18775.35,14116.237
920163.BJ,20250718,18.31,19.66,18.2,19.56,18.4,6.3043,64514.04,122970.218
920271.BJ,20250718,17.25,17.29,17.04,17.14,17.25,-0.6377,10595.72,18145.12
920227.BJ,20250718,70.24,70.75,69.02,69.22,70.75,-2.1625,7055.28,49193.65
920262.BJ,20250718,25.77,26.15,25.67,25.75,26.0,-0.9615,7665.19,19777.168
920275.BJ,20250718,10.23,10.28,10.05,10.07,10.26,-1.8519,15570.03,15768.042
920402.BJ,20250718,10.68,10.71,10.49,10.6,10.67,-0.656,60740.83,64363.453
920870.BJ,20250718,18.06,18.14,17.71,17.8,17.97,-0.946,11214.01,19994.221
920701.BJ,20250718,19.88,20.15,19.73,19.86,19.98,-0.6006,7067.52,14025.997
920810.BJ,20250718,17.5,17.84,16.5,16.92,17.77,-4.7833,84057.38,142646.68
920837.BJ,20250718,17.28,17.49,17.02,17.03,17.29,-1.5038,25585.93,44078.43
920924.BJ,20250718,29.69,30.49,29.58,30.0,29.58,1.4199,38670.55,116460.032
920971.BJ,20250718,37.4,37.88,37.03,37.04,37.1,-0.1617,37099.09,138669.431
920273.BJ,20250718,40.33,40.33,39.01,39.25,40.25,-2.4845,22920.12,90223.072
920371.BJ,20250718,10.88,10.88,10.66,10.69,10.85,-1.4747,17324.64,18581.338
920493.BJ,20250718,150.35,156.23,148.57,153.04,149.11,2.6356,36075.42,550083.367
920719.BJ,20250718,17.6,18.96,17.58,18.42,17.71,4.009,120696.66,222930.876
920725.BJ,20250718,29.55,29.79,29.39,29.43,29.55,-0.4061,9987.87,29449.803
920729.BJ,20250718,9.53,9.59,9.35,9.42,9.57,-1.5674,25729.26,24258.123
920790.BJ,20250718,48.67,49.55,48.0,48.04,49.1,-2.1589,27218.62,132541.198
920792.BJ,20250718,13.05,14.12,13.05,13.88,13.57,2.2845,81783.4,110993.656
920146.BJ,20250718,10.18,10.19,9.89,9.98,10.12,-1.3834,42609.2,42479.864
920199.BJ,20250718,37.13,37.58,35.46,35.46,36.15,-1.9087,35413.32,129306.447
920204.BJ,20250718,22.48,22.93,22.26,22.5,22.24,1.1691,33582.99,75892.343
920299.BJ,20250718,21.91,22.38,21.55,22.24,21.8,2.0183,52838.94,116378.205
920357.BJ,20250718,25.61,26.3,25.4,25.91,25.76,0.5823,27479.61,71210.344
920436.BJ,20250718,21.17,21.28,20.73,20.78,21.17,-1.8422,14573.1,30416.186
920608.BJ,20250718,20.44,20.55,20.03,20.2,20.45,-1.2225,6309.16,12744.442
920656.BJ,20250718,18.1,18.1,17.68,17.87,18.05,-0.9972,12869.54,22940.523
920926.BJ,20250718,17.33,17.49,17.11,17.22,17.35,-0.7493,8179.44,14085.024
920866.BJ,20250718,10.16,10.16,9.99,10.06,10.1,-0.396,20308.95,20405.14
920976.BJ,20250718,27.15,28.73,27.15,27.73,27.09,2.3625,30611.71,85838.133
920245.BJ,20250718,30.8,30.8,30.32,30.38,30.58,-0.654,3290.33,10016.305
920363.BJ,20250718,22.33,22.34,21.85,21.94,22.28,-1.526,18025.65,39690.261
920396.BJ,20250718,37.99,38.15,37.11,37.23,38.29,-2.7683,37580.39,140728.586
920578.BJ,20250718,28.9,29.2,28.56,28.72,28.89,-0.5884,8073.28,23237.976
920553.BJ,20250718,9.98,10.08,9.79,9.9,9.98,-0.8016,19518.64,19285.6
920634.BJ,20250718,28.88,30.58,28.63,29.85,28.81,3.6099,38813.8,115621.156
920642.BJ,20250718,19.59,19.59,19.08,19.24,19.53,-1.4849,46602.17,90021.031
920694.BJ,20250718,18.86,18.86,18.61,18.64,18.75,-0.5867,6703.25,12545.165
920753.BJ,20250718,28.0,28.3,27.75,27.77,28.19,-1.4899,9530.65,26589.66
920857.BJ,20250718,19.23,19.55,19.0,19.07,19.2,-0.6771,6977.08,13425.657
920970.BJ,20250718,9.26,9.35,9.1,9.26,9.25,0.1081,24586.07,22672.887
920981.BJ,20250718,36.3,36.77,35.87,36.32,36.48,-0.4386,20045.49,72672.003
920190.BJ,20250718,32.09,32.37,31.86,31.88,32.08,-0.6234,19161.43,61323.494
920351.BJ,20250718,30.57,30.8,30.22,30.24,30.57,-1.0795,18222.15,55278.771
920374.BJ,20250718,33.27,34.21,32.98,33.83,33.42,1.2268,23590.13,79217.088
920392.BJ,20250718,26.49,33.76,26.12,33.76,25.97,29.9961,110462.63,336850.235
920541.BJ,20250718,16.55,16.56,16.11,16.24,16.5,-1.5758,22928.75,37310.163
920808.BJ,20250718,59.0,59.38,58.5,58.9,58.91,-0.017,13942.06,82208.69
920895.BJ,20250718,34.1,34.1,32.7,32.75,34.17,-4.1557,18262.4,60375.125
920925.BJ,20250718,20.5,21.08,19.9,20.99,20.85,0.6715,36392.76,74648.109
920931.BJ,20250718,17.25,17.32,17.08,17.14,17.24,-0.58,9042.76,15527.908
920953.BJ,20250718,37.44,38.39,37.29,37.53,37.99,-1.2108,29106.89,109774.305
920001.BJ,20250718,24.31,24.39,23.92,24.05,24.3,-1.0288,15233.08,36689.604
920122.BJ,20250718,45.13,45.66,44.3,44.34,45.2,-1.9027,13146.06,58778.491
920132.BJ,20250718,24.75,25.0,24.18,24.83,24.84,-0.0403,17799.54,43711.173
920252.BJ,20250718,19.77,21.45,19.75,20.49,19.94,2.7583,91602.93,189851.541
920367.BJ,20250718,24.6,24.91,24.18,24.26,24.63,-1.5022,11953.95,29133.604
920169.BJ,20250718,40.87,41.78,40.1,40.88,41.24,-0.8729,61654.05,252699.934
920223.BJ,20250718,10.95,11.1,10.92,10.94,10.95,-0.0913,8528.9,9365.917
920505.BJ,20250718,72.45,80.0,72.45,75.17,73.08,2.8599,58883.6,449728.776
920339.BJ,20250718,10.88,10.97,10.68,10.85,10.87,-0.184,7649.68,8268.272
920527.BJ,20250718,21.6,21.72,21.01,21.2,21.49,-1.3495,20704.71,44096.571
920570.BJ,20250718,42.0,42.0,41.08,41.13,42.0,-2.0714,14884.7,61651.764
920576.BJ,20250718,34.05,34.05,33.11,33.16,33.77,-1.8063,14034.73,46756.993
920593.BJ,20250718,37.13,37.2,36.25,36.43,37.14,-1.9117,48091.49,175809.177
920665.BJ,20250718,14.72,14.87,14.54,14.72,14.72,0.0,9432.37,13808.249
920679.BJ,20250718,20.76,21.29,20.06,21.06,20.83,1.1042,10559.39,21965.736
920690.BJ,20250718,25.18,25.2,24.63,24.7,25.18,-1.9063,10237.41,25402.199
920693.BJ,20250718,42.13,43.47,41.91,43.47,42.4,2.5236,19596.54,83585.897
920703.BJ,20250718,16.31,16.44,16.17,16.34,16.35,-0.0612,12347.41,20101.752
920706.BJ,20250718,18.5,18.88,18.4,18.47,18.61,-0.7523,11432.8,21168.138
920026.BJ,20250718,29.42,29.72,28.88,29.02,29.45,-1.4601,14903.11,43428.03
920806.BJ,20250718,16.0,16.08,15.71,15.81,15.95,-0.8777,33594.5,53214.533
920833.BJ,20250718,20.7,20.8,20.14,20.14,20.7,-2.7053,20656.29,42345.725
920002.BJ,20250718,127.18,129.9,125.53,125.76,128.8,-2.3602,20030.46,254337.875
920008.BJ,20250718,38.81,38.97,38.29,38.51,38.82,-0.7986,13095.14,50466.945
920016.BJ,20250718,25.75,25.9,25.41,25.56,25.76,-0.7764,10298.81,26362.367
920019.BJ,20250718,24.14,25.1,24.14,24.52,24.18,1.4061,40332.09,99479.312
920027.BJ,20250718,28.95,29.0,28.84,28.91,28.9,0.0346,7935.3,22925.673
920029.BJ,20250718,94.4,94.83,93.58,93.95,94.17,-0.2336,5601.94,52679.267
920037.BJ,20250718,80.0,81.31,75.28,76.06,79.15,-3.904,65972.35,510688.851
920060.BJ,20250718,36.0,40.66,36.0,37.74,34.0,11.0,307823.66,1182603.179
920066.BJ,20250718,33.39,33.86,33.01,33.42,33.25,0.5113,8867.1,29527.151
920068.BJ,20250718,20.1,20.96,19.99,20.5,20.07,2.1425,82487.36,169316.335
920082.BJ,20250718,20.26,20.65,20.0,20.55,20.25,1.4815,27731.83,56623.222
920088.BJ,20250718,37.91,39.16,37.55,38.93,37.55,3.6751,53453.06,205630.908
920098.BJ,20250718,33.99,35.47,33.8,35.22,33.97,3.6797,36314.5,126580.032
920099.BJ,20250718,33.18,33.35,32.83,32.94,33.1,-0.4834,7415.04,24436.785
920106.BJ,20250718,101.8,101.99,99.13,99.13,101.8,-2.6228,6466.88,64696.711
920108.BJ,20250718,18.41,18.48,18.04,18.3,18.52,-1.1879,32038.1,58307.379
920111.BJ,20250718,28.1,28.98,28.0,28.92,28.15,2.7353,33532.5,96265.752
920116.BJ,20250718,68.68,68.87,67.8,67.91,68.69,-1.1355,14064.24,95751.225
920118.BJ,20250718,27.51,27.51,26.96,27.11,27.32,-0.7687,4906.23,13327.158
920128.BJ,20250718,37.59,37.59,35.92,36.2,37.39,-3.1827,27680.86,100786.062
920167.BJ,20250718,21.18,21.68,20.9,21.14,21.53,-1.8114,43891.68,93206.271
920445.BJ,20250718,10.09,10.12,9.95,9.98,10.06,-0.7952,18674.05,18688.302
920489.BJ,20250718,23.1,23.59,22.63,23.49,23.05,1.9089,59089.83,136170.341
920682.BJ,20250718,9.7,9.7,9.55,9.6,9.69,-0.9288,26520.6,25476.747
920799.BJ,20250718,60.1,60.43,59.8,59.89,60.65,-1.2531,35792.96,214922.209
920819.BJ,20250718,4.2,4.2,4.15,4.17,4.18,-0.2392,58493.31,24384.613
