ts_code,trade_date,turnover_rate_f,volume_ratio,pe_ttm,pb,total_mv,circ_mv
300899.SZ,20250801,3.2464,0.8,132.0772,2.4379,159139.7477,102135.4847
600497.SH,20250801,1.9532,0.59,21.255,1.7475,2762128.5047,2762128.5047
002917.SZ,20250801,4.186,0.36,35.207,3.2304,511688.098,383456.7816
002641.SZ,20250801,2.2687,0.9,37.4892,0.959,514990.3319,475143.7596
600127.SH,20250801,3.8572,0.54,471.7731,6.5924,446039.3365,446039.3365
601011.SH,20250801,1.5918,0.52,,0.9119,521060.7546,521060.7546
300129.SZ,20250801,1.4371,0.67,39.0961,1.5069,674062.3463,479116.9567
600185.SH,20250801,1.0877,0.44,,10.1455,1085763.3379,1085763.3379
600738.SH,20250801,3.4194,0.37,60.0477,2.0503,405791.6808,405435.0825
603999.SH,20250801,7.3506,0.74,63.3361,2.0177,398592.0,398592.0
600751.SH,20250801,5.4911,0.57,99.5296,1.4775,1113345.7087,988104.596
920270.BJ,20250801,3.7472,0.87,30.0089,4.5967,175754.88,136345.9726
002622.SZ,20250801,3.2235,0.97,,6.6618,254520.0,254512.5008
002916.SZ,20250801,5.1339,1.06,45.4081,6.3001,9033671.0315,9010364.5294
600576.SH,20250801,3.8568,0.81,48.3086,2.8131,800402.266,501236.073
600775.SH,20250801,15.5682,2.53,,3.241,997911.6737,733647.6737
300092.SZ,20250801,3.6781,0.59,21.3705,2.2473,363222.2573,278282.6555
000338.SZ,20250801,0.601,0.58,11.4602,1.5283,13195526.3421,7547540.9788
688512.SH,20250801,3.6053,0.75,,2.9273,535936.3931,372606.6998
002735.SZ,20250801,14.7579,1.33,,3.3999,586762.0654,430995.1642
603096.SH,20250801,4.8775,0.93,28.6913,1.6202,294279.6626,294279.6626
688596.SH,20250801,2.2934,0.87,19.6235,2.9962,1054310.8011,1054310.8011
300547.SZ,20250801,23.3186,2.0,36.8799,6.3662,755918.0164,615566.113
603391.SH,20250801,2.1227,0.36,14.3176,1.7604,362180.0,90545.0
003043.SZ,20250801,4.2918,0.64,77.1171,3.408,572931.5164,341409.8738
300062.SZ,20250801,2.1101,0.83,,2.5579,305010.546,211205.9974
600761.SH,20250801,3.0988,1.25,12.789,1.5809,1600574.8915,1600574.8915
300070.SZ,20250801,1.3437,0.52,614.4787,0.613,1674384.7257,1586776.4202
300981.SZ,20250801,17.8606,3.17,,1.1422,616278.9461,564791.1211
300407.SZ,20250801,4.4395,1.43,46.8838,1.9464,349065.9408,267953.3012
301307.SZ,20250801,2.9991,0.52,,1.6926,510705.0,264304.727
601727.SH,20250801,2.5181,0.44,120.9132,2.2864,12245729.9463,9947087.0943
600897.SH,20250801,2.305,1.25,14.2224,1.3858,617062.32,617062.32
002131.SZ,20250801,14.429,1.66,304.4472,2.0637,2640993.6942,2281392.3432
002008.SZ,20250801,3.9793,0.68,31.4908,1.7814,2734626.6516,2541058.9998
002717.SZ,20250801,2.5655,0.53,,3.1,309439.7049,272128.7036
601211.SH,20250801,0.7794,0.54,15.4649,1.1481,35224157.9746,26960998.6034
300258.SZ,20250801,4.8485,0.8,50.9119,1.7096,778654.7484,758030.0115
001255.SZ,20250801,5.7388,0.69,154.4132,3.5276,261328.06,59657.54
300978.SZ,20250801,2.8891,0.85,30.2402,3.0394,481881.1225,215414.4958
688786.SH,20250801,2.7328,0.69,50.7166,5.111,356767.8074,356767.8074
600711.SH,20250801,3.3993,0.89,12.5986,1.5012,2444673.7368,2444673.7368
603719.SH,20250801,2.8306,0.52,,2.455,517290.0,517290.0
300730.SZ,20250801,6.0241,0.68,,12.3533,350616.0289,285970.033
000100.SZ,20250801,1.6415,1.11,37.4716,1.5381,8756060.1827,8016858.4319
300272.SZ,20250801,7.3377,1.74,47.6684,3.5916,410401.9347,306526.6428
600239.SH,20250801,1.5178,0.52,,3.0956,396604.6665,396604.6665
000759.SZ,20250801,3.2271,0.49,,2.9409,497118.9969,486533.8706
000539.SZ,20250801,1.4413,0.52,53.9949,1.0882,2457132.9054,1195223.6317
002818.SZ,20250801,1.4168,0.26,13.7314,1.8083,893659.9744,356238.4861
000548.SZ,20250801,2.1475,0.97,42.1025,1.3541,275067.9119,275050.5554
600710.SH,20250801,4.6582,1.69,11.4895,1.8097,1406062.391,1406062.391
688519.SH,20250801,10.0786,1.23,196.7749,4.9639,1206965.7527,1175638.1627
300818.SZ,20250801,2.5458,0.68,46.5253,2.2014,385645.4001,250167.3114
600798.SH,20250801,5.5171,0.89,18487.8239,1.2408,482613.6804,482613.6804
300464.SZ,20250801,6.2102,1.38,,22.3867,252716.454,196149.1566
601528.SH,20250801,0.8043,0.78,5.67,0.5981,1104696.8654,976499.0309
601588.SH,20250801,1.1896,0.54,,0.6301,592595.52,468160.0
301201.SZ,20250801,7.6679,0.62,,1.9792,417882.0386,293178.1651
603967.SH,20250801,8.2424,1.33,15.713,1.8332,406986.7175,406986.7175
000159.SZ,20250801,3.1031,0.72,,1.3333,272548.958,272541.5162
688030.SH,20250801,4.8436,1.92,,4.0813,339017.6297,339017.6297
002418.SZ,20250801,6.2089,0.76,,2.7745,397740.0,397738.8713
603660.SH,20250801,5.2677,0.82,,4.0584,396640.313,393467.5273
301189.SZ,20250801,3.6557,1.07,,1.5098,324629.7409,311692.7078
600778.SH,20250801,3.3774,0.71,201.1325,8.6913,206207.275,206024.2519
688665.SH,20250801,4.922,0.66,44.8619,5.4051,563702.0296,563702.0296
300881.SZ,20250801,11.5762,0.52,17.9964,4.0967,405680.0,211714.25
002120.SZ,20250801,17.8541,1.73,12.8371,1.1738,2339650.6579,2271805.0277
688680.SH,20250801,14.3209,3.02,,3.1566,434385.0803,434385.0803
600817.SH,20250801,1.6937,0.71,26.4602,2.6336,653297.8239,645880.4489
920810.BJ,20250801,6.7753,0.35,,6.7858,156604.7,101911.521
002542.SZ,20250801,9.1362,0.37,,9.2474,709803.878,691147.9896
300608.SZ,20250801,9.0222,1.02,,2.879,415693.6011,360896.4683
300889.SZ,20250801,4.0273,1.06,,2.0284,299403.0802,202112.1616
603108.SH,20250801,9.4609,1.29,,2.7001,1139718.1304,1139718.1304
002850.SZ,20250801,1.7835,0.85,19.351,2.5954,3000095.3543,2159112.6545
002777.SZ,20250801,10.7687,2.2,107.3431,4.9361,802173.9897,794865.0798
600211.SH,20250801,11.056,1.45,13.4314,3.5005,1353418.304,1353418.304
688345.SH,20250801,4.409,0.79,,2.5688,277655.3775,274500.0
002388.SZ,20250801,1.1782,0.56,,2.2383,221642.7584,219833.392
688788.SH,20250801,13.7707,1.19,,4.497,952027.9869,952027.9869
002256.SZ,20250801,1.0736,0.57,,3.8508,450850.4628,442898.2352
002896.SZ,20250801,13.8176,0.55,209.4257,13.3732,1540737.7328,1540737.7328
000767.SZ,20250801,1.9993,0.52,15.3611,1.5401,923082.6657,873673.9308
301211.SZ,20250801,8.4195,0.65,133.4819,2.4603,555264.0,555264.0
920368.BJ,20250801,2.639,1.06,32.4237,1.5258,645646.21,614266.4935
002339.SZ,20250801,2.7879,0.76,77.8475,2.3031,400249.2656,380162.1216
300522.SZ,20250801,12.7761,0.65,421.9669,5.9522,470456.7487,355772.5775
301096.SZ,20250801,15.6292,1.39,,2.5532,651874.3989,650554.8443
920961.BJ,20250801,5.2027,0.63,143.7959,4.1771,316677.4062,233757.8373
688353.SH,20250801,11.7415,1.21,,1.6292,553465.0,413176.2104
002989.SZ,20250801,4.379,0.73,,4.0745,626520.8295,580916.8035
301153.SZ,20250801,3.8927,0.64,124.0353,5.3048,896946.1744,836902.6803
002880.SZ,20250801,4.4392,0.91,26.7231,3.0287,669286.8,666964.363
603031.SH,20250801,4.0277,1.07,31.5667,3.0301,573190.8,573190.8
002792.SZ,20250801,5.4636,0.77,175.0272,3.0038,834326.1478,501147.6678
603040.SH,20250801,6.0163,0.81,28.7569,4.9043,661006.0373,654112.0268
300617.SZ,20250801,4.8155,0.43,34.589,1.9857,572706.4538,481104.5784
600863.SH,20250801,1.322,0.57,12.4694,1.6682,2636862.6756,2636862.6756
301159.SZ,20250801,10.477,0.86,,4.6306,291222.75,199601.3809
688659.SH,20250801,4.2043,1.17,,2.7334,150400.0,150400.0
301021.SZ,20250801,6.0704,0.55,159.7079,4.8177,468171.4948,468087.9542
300102.SZ,20250801,3.8777,1.02,83.0541,2.6123,1075870.2858,1066438.2082
300088.SZ,20250801,1.5944,0.8,39.1743,1.7792,1516124.2825,1508700.7137
002261.SZ,20250801,8.5688,0.64,,15.6542,4001678.7151,3641091.1785
000719.SZ,20250801,2.7682,1.41,12.0528,1.2144,1334257.6887,869960.3961
300568.SZ,20250801,2.2438,0.53,51.6494,1.5945,1567166.725,1416592.4984
603068.SH,20250801,3.3478,0.69,,3.0649,517913.1579,517913.1579
000882.SZ,20250801,3.7108,0.75,331.9613,0.759,522834.2219,522452.1873
001238.SZ,20250801,5.0593,2.1,844.3527,4.0664,449350.0,130626.5556
600493.SH,20250801,3.3259,0.9,33.0871,1.6159,179520.0,179520.0
920489.BJ,20250801,4.3613,0.51,479.085,6.4301,307579.0368,193153.7102
301371.SZ,20250801,2.8843,0.98,22.8979,2.5696,1375675.08,205065.263
001278.SZ,20250801,3.7544,0.79,487.9339,1.7096,220616.6522,90103.0153
300797.SZ,20250801,3.4244,0.59,37.3184,4.8099,556184.8614,550047.5202
600537.SH,20250801,13.7922,0.77,,11.5548,446260.5618,446260.5618
301631.SZ,20250801,5.2535,0.77,32.5905,3.2592,759472.3306,159789.0185
301333.SZ,20250801,8.9585,0.62,37.7571,2.9266,540855.0336,320008.1584
600123.SH,20250801,1.1545,0.35,16.044,0.6244,988544.0541,988544.0541
000631.SZ,20250801,1.193,0.72,83.7791,1.258,725769.5625,725769.5625
300602.SZ,20250801,7.8999,1.36,62.121,3.7119,1385416.8292,941456.6216
002097.SZ,20250801,46.9688,0.95,179.7768,3.2434,1524881.8976,1522128.1507
603669.SH,20250801,19.9949,1.24,,5.9733,412551.9999,412551.9999
300826.SZ,20250801,4.9038,0.97,290.998,2.2826,304205.4334,294019.9614
688598.SH,20250801,2.6237,0.84,,1.0795,549797.2678,549797.2678
688266.SH,20250801,2.9229,0.93,,24.5489,3009732.0748,3009732.0748
603195.SH,20250801,0.6391,0.37,19.8122,6.2154,8554619.7642,8517444.4522
603200.SH,20250801,11.041,0.63,336.7613,11.4803,1096575.1636,1096575.1636
920237.BJ,20250801,3.2664,0.85,29.0436,4.0526,199221.7968,194944.2959
601366.SH,20250801,1.1918,0.9,211.6762,1.0571,425892.7514,425892.7514
600588.SH,20250801,11.1693,2.03,,7.1871,5388604.914,5388604.914
002855.SZ,20250801,1.7754,0.38,,8.5969,437394.9356,437053.3368
002865.SZ,20250801,5.317,0.81,,2.5477,1269229.6176,975467.8014
002012.SZ,20250801,8.85,0.99,589.9932,1.8215,278704.7801,278056.434
000785.SZ,20250801,10.7138,0.9,29.7625,0.9205,1880568.7418,1781179.1321
001328.SZ,20250801,10.4116,2.18,44.1424,5.3873,737248.2116,184312.267
603823.SH,20250801,4.7949,0.69,29.2481,2.2649,530036.0872,523243.1046
002371.SZ,20250801,1.5085,0.75,39.1722,7.4138,23798482.2097,23777945.9925
601669.SH,20250801,7.7496,0.49,9.6772,0.8093,11231455.8858,8522634.8542
920212.BJ,20250801,2.7701,0.52,75.1407,4.47,187266.5,90601.2042
301310.SZ,20250801,4.6156,0.74,44.7352,2.4091,546199.0447,199404.3397
002225.SZ,20250801,7.7577,0.58,56.7338,2.0967,707305.4177,577761.8063
002644.SZ,20250801,33.4738,1.11,87.2221,2.9538,532615.251,532615.251
301296.SZ,20250801,1.7608,0.6,27.5933,1.53,398580.0,257823.8009
002998.SZ,20250801,5.2971,1.46,38.8934,1.6302,248072.8388,185017.9378
603227.SH,20250801,1.8569,0.55,14.8684,1.8998,904508.6295,822119.6866
603368.SH,20250801,7.7317,1.78,8.9235,0.9984,742308.5956,742308.5956
002292.SZ,20250801,6.5959,0.86,,4.5936,1400328.6131,963921.7271
000736.SZ,20250801,2.5468,0.57,,,358607.2325,346207.7016
002480.SZ,20250801,3.7591,0.89,,5.5871,559954.7918,558897.6091
603088.SH,20250801,2.1327,0.62,29.6011,4.1773,437077.5304,378965.9866
002995.SZ,20250801,13.9708,1.63,,3.8841,355441.3234,225171.6676
688368.SH,20250801,6.8506,1.24,,6.997,843770.7496,843770.7496
301200.SZ,20250801,19.1804,0.86,88.5356,6.0285,3137278.9777,459235.6217
002372.SZ,20250801,1.1952,0.52,18.5917,3.8384,1697112.4952,1567934.7442
300002.SZ,20250801,6.2974,1.35,18.0751,3.5093,2478719.5369,2296022.318
002063.SZ,20250801,3.4734,1.02,40.7457,3.2937,1194495.192,1073028.4621
300311.SZ,20250801,2.7936,0.54,,5.7327,353655.8288,282139.7738
003009.SZ,20250801,4.345,0.75,,4.5932,712480.6601,712477.038
002689.SZ,20250801,3.1162,0.85,159.8484,3.642,417324.29,417164.6096
600578.SH,20250801,2.1937,0.88,12.2193,1.3045,2831824.6893,2831824.6893
300685.SZ,20250801,3.8237,0.82,30.9659,4.9273,929115.2697,924514.5424
600621.SH,20250801,3.4362,0.51,37.0098,1.9357,1640150.3054,1640150.3054
688090.SH,20250801,2.0839,0.59,324.1977,4.4692,398559.2984,398559.2984
301636.SZ,20250801,8.9546,1.29,26.3115,3.285,356637.9236,84547.975
300404.SZ,20250801,15.0472,0.99,262.849,4.2528,424876.8472,309220.0561
601155.SH,20250801,1.4532,0.47,39.2867,0.5328,3259375.0269,3259375.0269
603366.SH,20250801,2.826,0.79,35.6231,1.9075,776460.9365,776460.9365
300480.SZ,20250801,3.9356,0.53,,4.3965,562410.3856,394900.2124
603616.SH,20250801,44.1158,0.8,,11.8077,280183.688,273059.488
688789.SH,20250801,1.8003,0.66,29.1805,4.027,1272848.2979,1272848.2979
301259.SZ,20250801,8.7879,0.87,,7.7077,649584.0,411699.0022
300452.SZ,20250801,16.0353,1.08,28.7274,3.9592,335497.2159,267313.901
000571.SZ,20250801,1.797,0.43,,19.2845,379286.308,367925.9434
600581.SH,20250801,16.2991,0.8,,,623170.0454,620823.6374
000721.SZ,20250801,2.257,0.56,,17.8789,488401.0761,436018.6221
002165.SZ,20250801,4.7469,0.63,127.7836,3.2611,660272.3136,653411.2874
300842.SZ,20250801,3.9557,1.13,28.254,3.655,618367.6673,550432.5576
002263.SZ,20250801,5.8528,0.76,203.1494,2.3482,648034.2345,648029.0595
603885.SH,20250801,1.8817,0.65,30.2145,3.1543,2684142.4744,2684142.4744
603511.SH,20250801,12.1973,0.41,43.1953,1.4231,611732.6266,608457.3904
300676.SZ,20250801,4.067,0.88,,2.3959,2197001.2779,2185076.3493
000607.SZ,20250801,5.9545,0.77,,3.0804,483406.7448,420390.8859
002870.SZ,20250801,2.1529,0.48,32.9782,2.7036,440076.0192,426241.3053
600501.SH,20250801,18.7721,2.95,,5.6701,999540.144,991413.6996
300579.SZ,20250801,28.7798,3.11,624.8054,11.1186,971730.0,943940.6526
300776.SZ,20250801,8.4093,2.18,31.8776,5.2087,1771304.4059,1085215.7951
600293.SH,20250801,3.0792,0.71,,2.043,358484.8192,358484.8192
301049.SZ,20250801,5.7129,1.3,,3.3807,221589.5882,100684.77
300228.SZ,20250801,2.9107,0.86,18.3523,2.0712,458143.7313,430093.1958
002791.SZ,20250801,2.7036,0.62,82.0758,1.4218,781731.9937,422529.3114
688388.SH,20250801,5.2281,0.74,,1.3556,915135.4808,915135.4808
605133.SH,20250801,3.942,0.64,52.8235,2.527,893951.6373,759885.6584
300091.SZ,20250801,1.747,0.46,,6.8734,418455.1441,397134.841
601033.SH,20250801,0.7633,0.56,16.9016,1.3547,1375200.0,366720.0
301038.SZ,20250801,39.0516,0.81,193.0877,8.2956,703817.4,703817.4
301239.SZ,20250801,3.1272,0.57,,2.9087,620919.0492,620919.0492
300606.SZ,20250801,3.6418,0.82,,4.2894,276003.9129,234760.5996
301031.SZ,20250801,2.906,0.93,37.0955,6.7484,819026.2584,571072.1464
300907.SZ,20250801,22.832,0.87,38.0943,4.2387,327168.0,327168.0
000868.SZ,20250801,2.2546,0.75,692.5156,6.341,547737.0905,427530.4677
300702.SZ,20250801,4.7815,1.22,87.7467,2.4981,891517.4814,541003.4054
001319.SZ,20250801,3.1394,0.71,32.4321,2.9879,377820.8,318338.2724
000715.SZ,20250801,2.7813,0.81,30.9222,1.706,325882.0771,325013.0196
603535.SH,20250801,2.9856,0.45,28.4915,2.2845,574777.0395,537400.4603
300001.SZ,20250801,2.4985,1.32,26.0057,3.2266,2391848.4577,2337506.1362
000887.SZ,20250801,8.0667,1.43,18.2212,1.7838,2356516.6471,2352723.3883
605577.SH,20250801,4.9582,1.36,34.0732,1.5642,588444.4452,588444.4452
603106.SH,20250801,5.8368,0.56,79.8034,4.1063,531971.44,531971.44
688568.SH,20250801,2.8412,0.93,80.0521,7.9726,2966211.8503,2966211.8503
601101.SH,20250801,2.0896,0.51,12.2554,0.9032,1055518.4798,1055518.4798
000795.SZ,20250801,5.1082,0.45,50.0057,4.7488,1243651.461,1243651.461
603567.SH,20250801,14.3767,1.27,56.2087,1.5712,1237410.4172,1235495.7891
301188.SZ,20250801,7.3833,1.09,65.6182,3.4903,536659.0445,536659.0445
603939.SH,20250801,1.4587,0.8,18.6803,2.8012,2935261.2035,2934722.8845
300441.SZ,20250801,5.0671,1.01,6.5759,2.2816,537442.8339,522884.0028
301349.SZ,20250801,4.0104,0.55,,1.3979,376686.0,155620.2613
603331.SH,20250801,13.9716,4.04,88.8136,1.7136,220775.7945,220775.7945
301248.SZ,20250801,24.1273,4.28,,2.6873,402092.28,267213.609
688584.SH,20250801,2.2672,0.83,98.4048,2.9712,1197825.0354,611619.1074
300080.SZ,20250801,2.3447,0.97,,1.6117,818667.2505,817242.7581
002990.SZ,20250801,4.8589,0.65,55.3001,3.4874,830957.4938,426423.3338
688593.SH,20250801,2.263,0.79,351.2673,5.0041,775685.6475,544686.7484
300326.SZ,20250801,1.2627,0.56,,1.5942,438103.0895,435069.3266
002656.SZ,20250801,1.7788,1.38,,2.907,163167.0443,154939.0649
002589.SZ,20250801,3.6971,1.22,243.8367,0.8695,478497.9298,434258.1123
002945.SZ,20250801,4.0845,0.47,101.3112,5.9276,4066200.0,4066200.0
600328.SH,20250801,1.5802,0.38,88.4957,0.964,1156918.2215,1156191.9029
600970.SH,20250801,1.2629,0.53,7.9555,1.1629,2394441.9332,2042434.153
002892.SZ,20250801,2.8605,0.4,204.4131,8.3859,1051663.8574,683737.0742
000400.SZ,20250801,2.2184,0.56,21.1742,2.026,2302373.4383,2278807.8533
603359.SH,20250801,24.4872,3.49,,1.1673,312267.2,312267.2
301028.SZ,20250801,3.8363,0.84,21.7748,3.2041,483902.6069,313058.8919
002148.SZ,20250801,3.1234,0.64,241.0851,3.2789,395763.0296,318116.8686
300220.SZ,20250801,4.0697,0.75,1459.8981,39.6742,256586.4,256279.8336
300655.SZ,20250801,7.1052,0.77,,4.5051,1082884.8304,1019504.0767
300013.SZ,20250801,10.1144,1.5,,11.1307,230043.8643,183777.0764
688059.SH,20250801,8.3787,1.39,40.1621,3.926,477898.1923,477898.1923
688385.SH,20250801,2.891,0.49,74.4276,6.8253,4075100.8353,2664539.7053
002481.SZ,20250801,1.0871,0.49,106.5871,2.5353,660027.6275,598211.641
603049.SH,20250801,2.0548,0.49,11.1742,1.8311,3927314.8206,380941.9388
603866.SH,20250801,1.6231,0.69,17.9235,1.7567,879845.5353,879845.5353
920837.BJ,20250801,2.1835,0.61,36.4282,4.8428,248050.4067,223648.0317
002678.SZ,20250801,8.1801,1.77,,1.981,672368.5599,671999.3518
603233.SH,20250801,0.9459,0.65,20.3203,2.9108,1983873.0331,1983873.0331
300827.SZ,20250801,5.9297,1.1,25.6503,5.2886,1167955.2963,891274.5629
688455.SH,20250801,4.1076,1.04,,2.8769,266209.9738,191137.9738
301558.SZ,20250801,20.7247,2.72,,5.5869,747042.1082,207659.9138
300912.SZ,20250801,4.4983,0.84,,3.4578,180291.776,134590.8088
301511.SZ,20250801,23.4086,1.04,,5.6177,2253401.15,1339000.3448
688355.SH,20250801,3.6967,0.83,37.5682,2.2777,237004.0097,237004.0097
600019.SH,20250801,0.8349,0.61,20.1773,0.7922,15879139.782,15879139.782
603507.SH,20250801,7.1782,0.99,36.8102,1.8452,449326.5865,443160.8845
002565.SZ,20250801,3.86,0.54,194.6645,4.0811,761072.046,761047.8135
603345.SH,20250801,1.3441,0.64,17.1739,1.6322,2474670.3201,2177709.6726
600375.SH,20250801,4.8282,1.39,46.7189,3.3131,1096500.815,743977.0598
601699.SH,20250801,4.387,0.4,22.4303,0.887,4080282.1488,4080282.1488
300667.SZ,20250801,2.6785,0.81,,2.8933,324962.0299,274165.5989
688787.SH,20250801,11.0676,0.95,670.9066,11.4374,828023.4207,828023.4207
300755.SZ,20250801,2.7688,0.49,104258.2704,2.3636,757322.6928,756648.1043
600163.SH,20250801,1.237,0.72,14.4866,1.4549,999072.9751,999072.9751
301063.SZ,20250801,3.3145,0.78,62.6971,1.9104,293775.4381,282757.2578
688757.SH,20250801,11.9741,0.81,132.0026,12.983,1110316.521,89678.2372
688531.SH,20250801,5.5012,1.48,60.6756,2.7429,878641.4403,567550.1032
300318.SZ,20250801,2.8917,0.81,,3.8382,527717.7198,515856.5067
300610.SZ,20250801,4.1375,1.23,29.3197,2.2871,260804.6797,195581.1748
603915.SH,20250801,3.432,0.79,35.8126,2.6996,973785.9678,973785.9678
300510.SZ,20250801,5.5341,1.22,,1.8434,420592.257,420592.257
301226.SZ,20250801,2.8336,0.86,98.5036,3.2972,296153.6,296153.6
600337.SH,20250801,3.5466,1.02,,1.0086,287399.6274,287399.6274
920179.BJ,20250801,13.9256,1.78,82.7675,3.5353,259396.2,206426.9562
688580.SH,20250801,7.5334,1.27,38.4145,2.7483,435759.3604,435759.3604
300849.SZ,20250801,5.4568,0.64,,3.3131,197100.0,159608.9822
002633.SZ,20250801,5.1225,0.62,356.7785,5.9233,249000.0,248035.125
301607.SZ,20250801,3.4916,0.5,56.5358,5.2303,533091.9686,113282.0441
300543.SZ,20250801,3.6198,0.6,66.8879,2.4586,354165.2621,289229.822
920992.BJ,20250801,12.2625,0.78,116.2436,3.5401,215806.7138,62240.8329
002309.SZ,20250801,1.293,0.6,,5.5209,953429.927,385352.1033
688309.SH,20250801,5.8581,1.93,80.2294,2.4262,179624.0956,179624.0956
002800.SZ,20250801,6.7276,0.67,300.2929,4.084,210870.4978,196190.9285
000755.SZ,20250801,1.903,0.8,14.9196,1.4132,729253.1674,729253.1674
002996.SZ,20250801,3.4598,0.79,38.178,1.5831,496052.5065,308599.6936
688486.SH,20250801,3.1142,0.46,61.9332,6.5407,878897.9651,490326.5132
600012.SH,20250801,1.7787,0.67,15.3442,2.3394,2701283.7765,1842813.6
002405.SZ,20250801,1.7587,1.06,,2.3423,2020788.3515,2007185.2386
600105.SH,20250801,7.2794,0.58,41.1694,4.0402,1333339.2594,1333339.2594
601999.SH,20250801,3.0469,1.12,34.3025,1.533,400514.9869,400514.9869
600886.SH,20250801,0.9669,0.47,18.6652,1.9088,12479006.5545,11621066.3035
688171.SH,20250801,4.704,0.67,447.3834,3.6929,301332.9198,301332.9198
002666.SZ,20250801,2.8694,0.95,52.5488,1.1114,392423.6519,249332.7641
000409.SZ,20250801,11.6347,1.03,108.8973,5.4299,839352.2452,524098.9373
600395.SH,20250801,1.0439,0.56,,1.0378,1077605.6968,1077605.6968
300906.SZ,20250801,3.7584,0.69,30.5194,2.6011,228320.0,204144.8363
601890.SH,20250801,8.9219,0.95,36.6541,2.7263,976669.2,976669.2
301498.SZ,20250801,1.7389,0.5,53.2535,8.5431,3624403.17,1621938.5861
300535.SZ,20250801,4.7405,0.51,,1.9751,182564.1485,133167.2701
000533.SZ,20250801,11.0562,1.86,48.4439,5.4294,482189.568,478061.8752
003031.SZ,20250801,1.7889,0.63,41.3721,4.0149,2397345.9456,1807932.8392
002009.SZ,20250801,3.539,0.54,,3.2169,637137.3999,560078.621
600106.SH,20250801,10.7093,3.38,43.0593,1.752,899749.967,899749.967
000586.SZ,20250801,4.3378,1.27,,7.0396,229806.72,229806.72
688013.SH,20250801,3.8936,0.74,58.4694,5.9085,314153.3276,314153.3276
601800.SH,20250801,1.3385,0.48,6.6089,0.5249,15008879.7339,10859719.1215
603568.SH,20250801,0.6491,0.73,12.0504,2.49,3262524.2398,3256621.4638
688425.SH,20250801,8.8703,0.45,21.93,1.8037,3226765.685,3226765.685
688428.SH,20250801,2.5413,0.97,,7.6603,5180994.6431,787904.1291
002273.SZ,20250801,3.775,0.9,27.0053,3.2234,2895296.2841,2827175.7613
600487.SH,20250801,3.9866,1.02,13.8399,1.3534,3892507.2887,3858495.8153
002881.SZ,20250801,10.6663,1.66,68.1636,7.5469,1195649.0215,833204.0006
301092.SZ,20250801,7.3672,0.94,43.4139,2.33,438719.5611,197905.4724
920720.BJ,20250801,2.6685,0.6,61.7218,8.1372,382150.7746,102729.3296
600673.SH,20250801,2.8936,0.88,78.1889,4.7706,4333759.285,4322243.4149
688733.SH,20250801,1.9677,0.6,299.0047,1.8118,392358.4732,392358.4732
300143.SZ,20250801,2.6987,0.97,64.5761,3.125,769686.7973,658693.8504
002298.SZ,20250801,10.4228,0.47,,2.5984,535840.2923,473253.7612
300292.SZ,20250801,3.0789,0.91,68.6781,4.591,649414.2474,540117.2895
688258.SH,20250801,14.4804,1.4,234.8431,9.5978,815287.255,815287.255
688073.SH,20250801,4.0683,0.83,44.159,2.756,538935.8816,256378.64
300855.SZ,20250801,4.2174,1.63,45.3835,5.128,988828.75,732390.345
301215.SZ,20250801,1.8004,0.7,47.3463,2.893,815522.4,814598.4
002839.SZ,20250801,2.1717,0.98,5.7756,0.6223,1095066.5484,1094461.1807
603969.SH,20250801,6.0426,0.7,25.3734,2.7655,677301.76,665893.37
002216.SZ,20250801,1.1092,0.63,18.7794,2.246,978531.8454,701475.1829
600547.SH,20250801,1.2901,0.72,40.2461,5.3111,13192143.6692,10658993.4303
001382.SZ,20250801,4.0741,0.45,64.585,5.684,877560.0,128097.1201
002522.SZ,20250801,2.1016,0.58,61.9501,1.9618,446549.2378,446174.8003
300861.SZ,20250801,1.3697,0.71,,1.5629,973496.7976,611282.2242
600561.SH,20250801,2.7269,0.79,244.6866,2.1646,192306.3168,192306.3168
300368.SZ,20250801,13.9554,0.71,,41.1326,565440.5748,565440.5748
000553.SZ,20250801,2.556,0.97,,0.8474,1621548.9891,1515242.0849
601600.SH,20250801,1.2325,0.63,9.2489,1.7553,12678012.1056,9729394.9676
300631.SZ,20250801,13.8143,0.83,68.3776,3.1009,387384.5276,373631.0557
603199.SH,20250801,2.7621,0.75,19.4223,2.6094,393467.4,393467.4
301522.SZ,20250801,3.2125,0.64,88.5359,7.2635,1303392.6678,260678.5357
688189.SH,20250801,42.0804,2.12,,5.1921,482120.8,482120.8
002429.SZ,20250801,1.5207,0.89,13.4399,1.3004,2046177.1544,2044998.5241
000869.SZ,20250801,1.0391,0.61,47.3842,1.3768,1447780.5045,980728.2057
001367.SZ,20250801,36.4683,1.56,32.4335,2.8644,390450.9508,99481.9064
603166.SH,20250801,4.9325,0.8,48.3197,4.4111,1057197.353,1045418.153
600156.SH,20250801,2.8289,0.48,,6.771,269414.1703,269414.1703
002549.SZ,20250801,6.6475,0.44,128.4594,3.9646,812166.3484,808675.9264
002373.SZ,20250801,4.8112,1.22,,1.512,1728725.9072,1507087.9738
603860.SH,20250801,4.2995,0.72,44.3974,2.719,215909.84,215909.84
002003.SZ,20250801,0.9698,0.8,17.5476,3.0798,1268245.2735,1104817.5651
603230.SH,20250801,3.991,1.16,12.9346,1.7234,471599.682,471599.682
301289.SZ,20250801,5.6885,0.68,49.5695,4.1151,397410.0,395127.9495
000920.SZ,20250801,2.1834,0.6,24.8314,2.8241,516574.882,461221.4075
300019.SZ,20250801,8.8993,0.77,31.0468,3.3138,833014.2873,731675.4665
300024.SZ,20250801,1.9827,0.69,,6.0896,2666250.7749,2611206.4157
920061.BJ,20250801,5.6009,0.47,228.7851,10.2415,281885.78,149282.7908
300772.SZ,20250801,3.2609,0.67,22.1854,1.5719,1004908.7225,891118.565
600392.SH,20250801,17.6546,0.77,60.7897,3.7852,3593294.4685,3593294.4685
600475.SH,20250801,5.6368,1.22,21.3377,1.6007,1380414.5127,1361526.9927
688543.SH,20250801,6.8658,0.95,56.062,5.2258,1090155.3862,605321.7862
000898.SZ,20250801,3.1283,0.99,,0.5344,2520320.5184,2140486.174
600546.SH,20250801,2.0424,0.33,9.83,1.2331,1907122.8067,1907122.8067
601916.SH,20250801,1.2219,0.87,6.0984,0.5381,9283046.9555,7282019.3555
000949.SZ,20250801,1.428,0.46,31.5128,1.0189,664828.9995,664640.0968
002380.SZ,20250801,17.9048,1.92,23.925,2.8335,645817.5275,381454.336
603013.SH,20250801,3.7323,0.6,20.4834,2.4287,1026736.3258,1026736.3258
603268.SH,20250801,1.9233,0.64,,5.4522,4074966.5837,587194.2552
603739.SH,20250801,20.2414,1.92,62.8623,2.1718,373976.6639,373976.6639
301178.SZ,20250801,6.9301,1.19,,4.5004,340949.28,252329.3442
002446.SZ,20250801,3.4983,0.78,,2.6701,665438.8933,616265.7562
600515.SH,20250801,1.5004,0.3,131.3138,1.8889,4467296.0544,3587820.8906
300148.SZ,20250801,8.6356,1.06,75.2768,4.4979,433541.119,416045.6249
603878.SH,20250801,2.0373,0.48,36.3385,1.2506,319809.4241,319809.4241
002443.SZ,20250801,2.4189,0.73,19.9462,1.0451,356046.2957,355287.7752
301141.SZ,20250801,10.3342,0.56,293.2273,6.0443,761064.0643,273129.3443
300886.SZ,20250801,6.2634,0.48,76.6799,3.7069,212052.33,123737.2605
600050.SH,20250801,2.0991,0.91,18.1006,1.005,16632674.274,16367951.4996
300149.SZ,20250801,28.6299,0.88,,5.4276,662292.1094,661122.2666
002197.SZ,20250801,1.6663,0.61,,1.921,411623.1618,357780.008
688270.SH,20250801,4.8227,0.87,238.2808,5.0728,1095944.192,1095944.192
300093.SZ,20250801,4.311,0.85,,,295704.0,295234.1592
600026.SH,20250801,1.5748,0.63,13.6927,1.352,4804171.8298,3499099.8298
002145.SZ,20250801,1.0319,0.54,28.1726,1.3747,1598802.3169,1574271.5234
300310.SZ,20250801,2.8317,0.82,,2.9452,558089.8501,437871.7023
600338.SH,20250801,2.3833,0.41,28.0081,2.8266,1065054.8457,1065054.8457
300255.SZ,20250801,4.8203,0.94,,24.679,3864650.992,3857241.0251
002116.SZ,20250801,1.7434,0.63,14.0629,1.9081,488426.9584,479091.9382
000959.SZ,20250801,3.4226,0.92,38.9985,0.6449,3210654.1613,2687499.8862
000027.SZ,20250801,1.6021,0.98,13.7968,0.9727,3106575.6151,3106575.6151
688685.SH,20250801,2.5772,0.98,100.2286,10.1117,782395.4685,782395.4685
688191.SH,20250801,0.8181,0.42,144.8677,7.6103,618969.7886,618969.7886
603976.SH,20250801,24.9964,1.29,81.7113,3.004,352300.8977,352300.8977
688063.SH,20250801,2.4795,0.73,,1.1776,1063632.3444,1063632.3444
002217.SZ,20250801,1.7014,0.73,9.5187,9.7715,1817493.9395,1380328.5196
920689.BJ,20250801,5.4534,0.65,55.8238,6.5664,294334.0,152101.7742
000532.SZ,20250801,4.693,1.19,62.2695,3.5187,528437.8852,526661.7606
301231.SZ,20250801,9.2466,0.86,,2.4759,214629.2,137067.7
301551.SZ,20250801,4.6387,0.89,70.1163,8.1931,1980849.52,187593.3526
600961.SH,20250801,3.6507,0.63,13.3224,3.8733,1204836.0455,844285.323
603596.SH,20250801,2.191,0.71,22.6254,4.3441,2871828.7327,2870817.8102
301137.SZ,20250801,13.4224,1.03,151.0879,4.5208,609074.89,340701.03
605122.SH,20250801,6.9978,0.4,,1.194,244053.264,244053.264
301012.SZ,20250801,5.1555,0.81,58.2403,3.7958,423858.2686,337496.3566
600828.SH,20250801,52.0761,2.7,,1.2663,886775.0636,886456.4127
600165.SH,20250801,1.714,1.65,,370.9792,286281.418,286281.418
000682.SZ,20250801,1.3282,0.65,19.7658,2.687,1390333.9063,1390196.6593
920110.BJ,20250801,2.2957,0.59,31.5039,4.4859,150150.0,62520.15
688565.SH,20250801,4.1085,1.14,310.737,3.1912,152425.14,152425.14
002721.SZ,20250801,5.3737,0.83,,4.7955,991948.2234,991948.2234
603583.SH,20250801,12.5551,1.57,44.2403,3.3299,1438395.2917,1438395.2917
600108.SH,20250801,2.0907,0.69,59.5245,1.344,576286.8758,576286.8758
600583.SH,20250801,1.1921,0.7,10.8987,0.9365,2427323.7852,2427323.7852
603308.SH,20250801,2.4235,0.92,60.9041,3.7436,1753272.0907,1753272.0907
688135.SH,20250801,2.9675,0.61,,4.0613,438903.8906,438903.8906
300626.SZ,20250801,5.0367,1.26,,3.8964,201600.0,201489.708
688583.SH,20250801,3.8933,0.66,64.1835,7.2387,803909.6,160781.9291
600523.SH,20250801,5.4339,0.63,34.0374,2.0002,610510.0932,610107.3762
603895.SH,20250801,13.5775,0.73,,16.6055,312567.36,312567.36
002602.SZ,20250801,1.9786,0.89,50.2528,3.5719,9606345.9318,8866654.9639
002631.SZ,20250801,3.0024,0.91,,1.7124,381101.2171,379327.5843
301091.SZ,20250801,8.7362,1.31,143.6116,6.8994,1580258.16,1580258.16
600058.SH,20250801,1.3999,0.58,28.4018,1.7148,853240.926,853240.926
002015.SZ,20250801,7.3885,0.88,34.1626,1.6018,1896043.1492,1896043.1492
688200.SH,20250801,1.6227,0.72,51.6792,5.436,1924571.795,1924571.795
301261.SZ,20250801,10.7897,0.77,120.6873,4.6662,705406.7131,300841.1343
002643.SZ,20250801,3.3032,0.7,51.0213,1.6595,1162461.2563,1136656.9625
001211.SZ,20250801,3.4218,0.92,63.7027,1.9872,172008.0,160054.8177
002466.SZ,20250801,3.8512,0.45,,1.5021,6277672.555,5645109.5501
603005.SH,20250801,4.2943,0.84,68.0369,4.265,1829341.6353,1829341.6353
002956.SZ,20250801,6.8323,1.04,31.5367,3.0493,450065.7202,450020.1908
002326.SZ,20250801,8.734,2.74,,4.6047,1249291.0733,1085458.8182
002808.SZ,20250801,2.0604,0.37,,4.7229,132787.2,92309.3617
603903.SH,20250801,3.6447,1.26,,1.3748,208851.3346,208851.3346
300086.SZ,20250801,32.1287,0.72,,3.1369,354541.9162,343291.6846
600298.SH,20250801,1.0054,0.45,21.6078,2.7714,2972506.1247,2934883.2127
600509.SH,20250801,3.8192,1.58,32.1295,1.1967,905727.8912,905727.8912
002224.SZ,20250801,2.2208,0.75,87.8833,1.2894,414973.509,370934.9697
002613.SZ,20250801,3.5106,0.38,111.5965,1.9767,433624.0646,304269.076
300711.SZ,20250801,4.9478,1.24,66.5908,7.6618,546680.3096,545048.408
003007.SZ,20250801,23.73,0.71,209.0811,4.4122,378248.0,269383.9921
603337.SH,20250801,1.9567,0.67,22.4398,4.3194,1952399.0385,1930319.0145
300243.SZ,20250801,2.3191,0.72,154.1097,2.5677,270961.4741,210463.3733
688106.SH,20250801,1.8047,0.77,50.4126,2.9303,850690.2804,850690.2804
920300.BJ,20250801,5.1864,0.86,,6.9538,152636.19,118293.2844
001379.SZ,20250801,2.4658,0.72,53.778,2.8249,412000.0,138638.0
000426.SZ,20250801,3.8552,1.09,18.9876,3.8422,3180163.6085,3179392.986
688235.SH,20250801,2.3005,1.08,,14.5428,36656734.6616,2736934.5249
002085.SZ,20250801,2.9221,0.87,49.1789,4.8709,3450358.47,3450358.47
600600.SH,20250801,1.0642,0.45,20.8236,3.343,9283359.1423,4825602.0421
000568.SZ,20250801,0.9648,0.63,13.4258,3.6108,18113835.1959,18081958.2258
605388.SH,20250801,7.5758,0.57,,2.6327,455166.872,455166.872
605255.SH,20250801,15.9433,0.53,107.4742,4.2764,344585.6,344585.6
603618.SH,20250801,5.4661,0.95,34.2707,1.5154,458382.0334,458382.0334
600790.SH,20250801,0.7685,0.67,48.5214,0.9173,557000.5526,557000.5526
603817.SH,20250801,2.1352,1.12,18.4414,1.1216,339200.0032,339200.0032
002620.SZ,20250801,2.3942,0.51,,85.208,145712.684,121735.6583
603228.SH,20250801,7.6913,0.94,49.8268,5.3654,5859417.2336,5800969.5837
600100.SH,20250801,1.649,0.61,2065.9534,1.5332,2495971.7962,2495971.7962
600162.SH,20250801,1.9457,0.76,385.3172,0.936,545829.1664,545829.1664
920195.BJ,20250801,3.1412,0.55,21.6728,2.4141,178806.72,129064.3886
002889.SZ,20250801,6.5048,0.42,32.6495,2.4957,601246.6154,400045.01
000012.SZ,20250801,1.115,0.56,,1.1005,1467790.8271,936529.7823
301121.SZ,20250801,5.5394,0.66,55.6522,2.4111,398763.14,204137.2714
301056.SZ,20250801,10.3651,1.32,36.5517,3.977,310006.1071,204507.1545
600975.SH,20250801,2.1553,0.59,25.125,2.5795,787046.2286,634580.6151
000710.SZ,20250801,19.1397,1.51,,3.1125,518969.5106,479858.8285
300147.SZ,20250801,1.6501,0.86,,5.4837,530345.7941,527282.1517
603380.SH,20250801,4.8395,0.73,24.1333,3.391,470092.716,470092.716
002753.SZ,20250801,5.4184,1.52,25.0943,1.2014,274635.4463,177492.4002
002655.SZ,20250801,2.9516,0.71,55.7437,6.7643,465840.0,465711.9911
600585.SH,20250801,1.4554,0.42,15.4923,0.665,12400368.0349,9359304.0349
300451.SZ,20250801,8.5075,1.45,,2.0917,921729.1917,908382.7932
301358.SZ,20250801,3.0242,0.75,44.3797,2.0124,2348597.9997,1191946.8957
605369.SH,20250801,3.6253,0.81,28.7762,2.6509,442970.3345,442970.3345
002364.SZ,20250801,17.0147,0.98,79.4312,3.9446,944534.873,935381.9018
300747.SZ,20250801,11.5467,0.85,191.6266,5.1468,1679157.8057,1514070.5377
601065.SH,20250801,1.5635,0.66,13.7796,1.2645,545074.115,352985.155
002501.SZ,20250801,0.9838,0.53,,22.0388,720650.0,720649.7982
300540.SZ,20250801,2.3231,0.72,57.8035,3.6421,391627.8417,347059.907
603856.SH,20250801,4.1875,0.58,20.9982,1.3002,335928.7675,335928.7675
301090.SZ,20250801,1.3334,0.73,,1.8264,1178682.5704,1173171.379
002152.SZ,20250801,2.0732,0.66,35.9734,2.6816,3285515.5741,3283862.9023
002369.SZ,20250801,2.5193,0.55,,11.4319,496086.745,495226.6804
688109.SH,20250801,13.1481,1.61,73.12,4.0737,308746.4468,308746.4468
600679.SH,20250801,2.5095,0.6,,3.1937,654423.7064,436491.7064
603260.SH,20250801,2.8238,0.52,42.6214,1.895,6275154.4428,6275154.4428
300970.SZ,20250801,3.069,0.72,,1.2178,182226.8384,140577.8144
601339.SH,20250801,5.5517,1.61,16.1184,0.8707,811266.829,811266.829
002019.SZ,20250801,7.1414,1.4,46.4236,2.1276,1824585.1275,1262211.12
301633.SZ,20250801,4.4631,0.44,48.0499,4.9837,431074.56,107768.64
600439.SH,20250801,3.74,0.36,,1.3553,356575.4136,356575.4136
002304.SZ,20250801,0.867,0.92,24.1441,2.1303,10273955.4047,10273708.8617
300771.SZ,20250801,6.7785,0.75,82.2473,1.6107,308160.0,232659.6932
688639.SH,20250801,6.8491,2.49,57.1054,3.4372,879656.8923,879656.8923
920478.BJ,20250801,23.0602,1.03,33.3023,3.9001,187956.3756,112728.0975
002559.SZ,20250801,2.232,0.57,76.5892,3.1182,530523.2482,482893.2607
600421.SH,20250801,2.2572,0.95,,166.0174,119511.6,119511.6
002897.SZ,20250801,5.8501,0.72,74.397,3.0692,759704.5598,714329.7764
600278.SH,20250801,1.8085,0.68,30.9272,0.8778,654349.2278,650449.0055
601098.SH,20250801,1.0866,0.57,16.0173,1.5396,2331208.0,2331208.0
000897.SZ,20250801,1.3551,0.5,10.6564,1.1967,367120.7971,367113.8509
600567.SH,20250801,10.4181,3.49,,0.7142,1066909.4598,1066909.4598
920475.BJ,20250801,4.0129,0.52,343.3302,6.2756,218794.9,91037.9469
301280.SZ,20250801,8.4514,0.88,31.2743,3.4235,599507.3536,166214.9311
920023.BJ,20250801,5.58,0.55,276.8846,1.2662,151869.056,111677.0651
301139.SZ,20250801,11.9623,0.75,68.2926,1.1465,223100.768,124520.3016
301218.SZ,20250801,5.4132,1.07,288.4901,2.7656,258642.72,158916.12
920866.BJ,20250801,2.6276,0.36,37.5052,2.441,180926.7236,93984.1759
002484.SZ,20250801,5.2842,0.77,30.2227,3.491,2024246.9796,1952723.9907
688051.SH,20250801,7.8176,0.79,,3.5899,253655.52,253655.52
601138.SH,20250801,6.5799,1.16,27.0115,4.5366,65536242.9678,65532000.8013
300813.SZ,20250801,5.9086,0.76,272.3821,3.5936,291605.3209,182978.8816
600238.SH,20250801,7.6139,1.51,,32.6959,333012.6,330636.1739
601975.SH,20250801,1.8631,0.68,8.9184,1.2318,1368529.0022,1368529.0022
300618.SZ,20250801,3.7545,0.54,53.1084,2.08,1135560.9419,999274.3517
002671.SZ,20250801,3.5847,0.46,46.3738,1.6732,274519.1465,268135.6489
000923.SZ,20250801,1.3312,0.44,20.0047,0.9385,904029.611,869635.5847
002427.SZ,20250801,5.569,0.67,1546.9892,7.7978,728234.8222,727735.3203
601799.SH,20250801,0.9898,0.7,22.8141,3.325,3393871.4977,3393871.4977
300357.SZ,20250801,4.7507,0.66,41.4934,5.5254,1306865.664,1208224.2557
002639.SZ,20250801,19.8436,1.13,237.0597,3.5534,881539.0851,742313.8406
688630.SH,20250801,13.236,0.85,89.6941,7.5024,1549929.5237,1549929.5237
301591.SZ,20250801,10.72,0.44,48.9427,4.3104,374838.72,151275.5186
300391.SZ,20250801,2.917,1.61,,,150994.8643,150994.8643
002947.SZ,20250801,3.8583,0.92,17.6105,2.7934,871111.7424,654179.0706
603015.SH,20250801,2.5358,0.54,70.6715,3.6594,495976.713,495976.713
301176.SZ,20250801,18.2633,0.64,,3.4255,525797.3344,175265.7792
301059.SZ,20250801,4.9915,1.2,50.7442,4.8804,277384.8,248084.4312
600768.SH,20250801,3.855,0.7,205.1223,4.3421,166247.7696,166247.7696
300051.SZ,20250801,11.3558,1.62,,13.0755,288033.7981,283042.0786
002028.SZ,20250801,1.1816,0.98,25.0047,4.9118,6137725.6486,4784519.13
002965.SZ,20250801,12.8152,0.72,32.8755,2.5521,1065502.1414,800677.7601
300150.SZ,20250801,4.0877,0.98,62.448,1.9693,302499.8294,266117.4454
603101.SH,20250801,2.944,1.03,42.6897,2.5571,359385.6,359385.6
002095.SZ,20250801,5.3659,0.5,,5.8455,520097.76,518015.9181
301237.SZ,20250801,6.578,1.12,,2.4742,327200.0,160532.5
600879.SH,20250801,2.9562,1.1,74.4504,1.575,3236612.6467,3236612.6467
300461.SZ,20250801,3.5089,0.6,,6.066,320238.595,232463.8718
603836.SH,20250801,3.5854,0.86,67.2574,1.5978,281377.5099,281377.5099
300316.SZ,20250801,3.4666,1.66,18.5213,2.2361,3728242.7201,3506238.3178
600808.SH,20250801,4.6597,0.76,,1.1456,2648681.873,2046938.6568
605288.SH,20250801,4.1157,0.79,42.7808,1.6325,361173.4022,361173.4022
688391.SH,20250801,1.7724,0.82,42.2386,1.8647,351980.5955,175188.1838
002051.SZ,20250801,1.8495,0.54,28.0074,0.9228,1051797.5965,1051694.9335
301369.SZ,20250801,9.5012,1.11,195.7807,2.7908,410820.7387,145871.1214
688363.SH,20250801,1.7812,0.58,763.0541,3.6391,2502318.4672,2502318.4672
600877.SH,20250801,0.8804,0.62,236.607,5.9117,1462313.4726,1462313.4726
300841.SZ,20250801,13.0128,1.19,38.2387,3.0915,1032038.2719,944536.3021
002801.SZ,20250801,3.4993,0.73,32.039,4.3501,762837.504,384696.5694
920806.BJ,20250801,3.4872,0.51,40.8457,3.1545,469750.6739,469750.6739
300839.SZ,20250801,12.7754,1.38,,6.863,334993.5507,328310.7364
002731.SZ,20250801,2.1146,0.38,13.6718,1.8431,331465.864,297175.3816
300883.SZ,20250801,6.6242,1.55,,1.5991,227322.0,217253.1958
002102.SZ,20250801,2.0131,0.47,,3.1318,1060929.9375,938924.5867
603131.SH,20250801,7.2435,0.97,2480.3684,4.7068,569521.9831,569521.9831
920570.BJ,20250801,3.3501,0.56,360.8041,5.8792,200227.7556,98293.03
000975.SZ,20250801,0.7892,0.46,21.1556,3.9475,5000876.7993,4551905.8262
002037.SZ,20250801,31.4305,0.66,132.2425,3.1708,599047.8547,599047.8547
600289.SH,20250801,0.8706,0.62,,3.3046,405135.4283,363322.3631
300395.SZ,20250801,4.8138,0.79,124.7796,10.2164,4265882.3531,4190535.0933
601607.SH,20250801,2.229,1.16,16.4785,0.9949,7157138.2914,5383170.4847
002458.SZ,20250801,1.6413,0.67,29.705,2.2615,971430.5394,657506.7274
600882.SH,20250801,1.6765,0.47,87.8686,3.0267,1359502.4328,1359502.4328
001283.SZ,20250801,9.6618,1.09,53.604,3.1314,642703.6177,461283.6635
000718.SZ,20250801,1.4306,0.6,54.2897,0.7052,658516.0953,495214.2075
002141.SZ,20250801,2.3953,0.49,,4.5016,375988.6305,375499.8065
300635.SZ,20250801,12.7468,1.14,,5.3821,200391.62,171256.8458
300643.SZ,20250801,4.6256,0.46,39.3306,4.5291,524945.5494,523603.4482
300207.SZ,20250801,2.3092,0.52,25.6579,1.6518,3940796.5487,3654447.8935
601995.SH,20250801,1.9708,0.74,26.6635,1.8381,17325024.8993,10492593.8172
603019.SH,20250801,2.2427,0.73,50.9571,5.0289,9962355.3733,9959571.037
601288.SH,20250801,1.8763,1.27,7.8109,0.8543,221539260.4416,202081585.4218
600612.SH,20250801,1.1331,0.5,13.9591,2.0122,2458130.373,1490098.1514
002248.SZ,20250801,3.3116,0.61,255.3597,35.61,282588.4564,282588.4564
300376.SZ,20250801,0.882,0.69,49.3233,1.354,924311.469,923991.6557
600686.SH,20250801,2.4893,0.5,47.7021,2.8742,891289.9393,891289.9393
000623.SZ,20250801,2.2709,0.81,11.8312,0.7832,2276984.8168,2267815.0691
300045.SZ,20250801,6.8952,0.8,,8.5643,1353182.8319,1054311.5054
000518.SZ,20250801,1.5785,1.14,,6.4528,229591.0375,229586.4595
600167.SH,20250801,1.0008,1.02,19.1072,1.2428,1362229.9587,1362229.9587
603299.SH,20250801,3.3656,0.76,11.8522,1.4175,834029.3015,829323.0772
002108.SZ,20250801,1.6428,0.53,42.688,1.2308,611199.8358,604949.4801
300079.SZ,20250801,2.962,0.99,328.0376,1.9646,828522.304,744539.6801
600025.SH,20250801,0.7472,0.48,18.989,2.9158,16596000.0,16596000.0
688132.SH,20250801,6.4778,2.57,,2.1741,311452.7674,221982.239
688259.SH,20250801,2.8393,0.64,81.047,3.0534,462996.5,462996.5
301316.SZ,20250801,15.9126,1.45,336.8343,18.8369,1846280.0,1109717.1187
601116.SH,20250801,2.9993,0.68,38.7464,1.967,623805.6976,623805.6976
605016.SH,20250801,3.3699,0.74,27.8379,4.5758,825744.2211,825744.2211
600148.SH,20250801,5.3216,0.47,,6.5895,306524.6307,306524.6307
002352.SZ,20250801,1.0256,1.09,22.2763,2.4659,23374449.0425,22139809.062
688312.SH,20250801,1.6552,0.45,42.9678,2.8434,388899.7795,388899.7795
300577.SZ,20250801,1.4604,0.61,12.3263,2.3247,487258.6993,284910.4955
000912.SZ,20250801,1.2395,0.53,89.1385,1.1073,710304.0,710304.0
600094.SH,20250801,1.244,0.77,,0.7406,735468.986,673667.0365
002778.SZ,20250801,6.5895,0.8,,7.5462,231167.8649,228718.1804
300894.SZ,20250801,4.7803,0.48,,4.5947,580597.4594,418759.9662
000011.SZ,20250801,1.817,0.64,,1.5013,505390.27,446451.2605
600941.SH,20250801,1.3176,0.96,16.7565,1.742,233577680.5929,9757115.1065
002918.SZ,20250801,3.6256,0.89,65.635,1.1726,367854.205,194448.5452
002592.SZ,20250801,3.4893,0.55,20.4461,2.1365,198898.4722,184426.8917
920174.BJ,20250801,13.128,0.5,58.5366,7.4166,591177.2598,569785.586
600500.SH,20250801,2.5086,0.5,,1.1759,1435409.4372,1434689.1012
300542.SZ,20250801,4.0855,0.59,,11.5197,642500.9026,530221.1548
000423.SZ,20250801,2.1142,0.95,20.4434,3.3571,3329360.1801,3324403.4995
300015.SZ,20250801,1.9463,0.72,32.3567,5.898,11992460.1176,10199213.4965
300699.SZ,20250801,3.2929,0.98,34.2357,4.8087,2528972.784,2498829.7551
600460.SH,20250801,5.19,1.51,113.1901,3.5321,4343227.5155,4343227.5155
002389.SZ,20250801,5.0233,0.71,447.492,3.0941,2449576.7401,2449283.4991
688625.SH,20250801,2.7526,0.91,22.9577,4.4131,596977.4147,596977.4147
000650.SZ,20250801,4.3706,1.18,17.7335,1.3561,831563.311,790843.1854
605058.SH,20250801,7.5019,0.53,28.1398,2.4738,413336.0634,413336.0634
300809.SZ,20250801,9.0189,0.52,178.8359,6.4808,1044835.0432,581526.2774
002279.SZ,20250801,7.3236,0.77,,4.7622,615615.7059,563865.3272
002957.SZ,20250801,2.4346,0.71,47.1047,2.3673,706830.4903,690072.691
301067.SZ,20250801,17.1109,0.61,278.9766,4.1438,345771.216,226975.5684
000917.SZ,20250801,2.6722,0.82,153.5309,1.065,1094353.4929,1094278.6282
600604.SH,20250801,3.6514,0.49,195.6048,1.6644,1062163.8239,798026.8739
688267.SH,20250801,3.9081,1.5,33.8129,1.8833,511156.2,269233.5683
301150.SZ,20250801,19.1719,0.85,,1.8601,653286.9411,330411.4135
600685.SH,20250801,3.5348,0.73,70.6038,2.2661,3857458.9056,2241696.6089
600099.SH,20250801,3.0844,0.85,122.8858,4.668,244757.04,244757.04
920819.BJ,20250801,1.3981,0.42,,1.0175,514836.0,507184.65
688466.SH,20250801,10.1601,2.72,38.2241,2.3639,266306.4511,266306.4511
603815.SH,20250801,1.5804,0.58,36.9158,2.0846,482141.9791,482141.9791
300443.SZ,20250801,2.912,0.9,34.7113,1.1434,692451.1355,525120.2593
603938.SH,20250801,2.5769,0.48,69.8888,2.2936,561310.1371,561310.1371
688208.SH,20250801,3.2627,0.78,32.888,7.0282,2353683.7777,2353683.7777
300422.SZ,20250801,4.212,1.41,,2.0874,272278.9984,263435.5795
300127.SZ,20250801,10.0031,0.52,62.7279,6.6797,919351.3942,656671.9183
002653.SZ,20250801,2.1139,0.92,172.3166,15.2166,6032998.1044,2884519.6962
600169.SH,20250801,2.0907,0.37,41.3129,1.5007,789916.3481,786621.394
002692.SZ,20250801,1.7096,0.55,46.7941,2.9839,352609.686,352471.7027
000688.SZ,20250801,4.47,0.65,30.8984,4.3942,1531665.3456,1531659.4661
688066.SH,20250801,4.5993,0.98,,6.4588,526996.5299,526996.5299
002396.SZ,20250801,4.0428,1.3,36.3561,2.4041,1582182.1156,1567857.3873
300304.SZ,20250801,2.9237,0.5,21.1605,2.738,834236.5321,812804.2148
300935.SZ,20250801,5.097,1.04,,2.6207,215257.1428,163341.6051
920932.BJ,20250801,5.9253,0.53,114.936,3.6678,252416.619,201597.7743
301107.SZ,20250801,5.3587,0.65,41.9175,3.2989,297831.893,173248.8982
300877.SZ,20250801,19.0782,0.69,93.6587,2.3323,366480.0,366476.7933
600822.SH,20250801,7.0407,0.5,113.8196,4.8944,593183.6051,473792.898
000637.SZ,20250801,3.7981,0.63,,3.5295,216268.1481,153093.9301
688513.SH,20250801,5.391,0.73,47.719,3.973,1068020.1488,1068020.1488
688556.SH,20250801,10.3766,1.1,,2.4091,815998.3957,815998.3957
603277.SH,20250801,1.0039,0.36,17.5326,3.6626,1010149.056,1003641.9572
001965.SZ,20250801,0.7301,0.56,14.1559,1.1796,7584215.1821,7584215.1821
600120.SH,20250801,2.4512,0.61,19.6914,1.341,2076551.9471,2076551.9471
688175.SH,20250801,2.0889,0.59,,1.561,274798.625,155798.625
603098.SH,20250801,2.9164,1.16,65.4065,2.0393,563986.477,563045.977
600603.SH,20250801,1.241,0.82,17.8697,1.2692,911703.4714,911703.4714
000925.SZ,20250801,1.6799,0.89,4556.9129,1.5841,526892.1194,524457.3159
688326.SH,20250801,1.9501,0.88,,2.8525,1108421.5296,831971.2724
605222.SH,20250801,2.0299,0.79,53.7932,1.4363,647841.7067,647841.7067
688536.SH,20250801,6.3629,1.37,,3.7478,1982126.3849,1982126.3849
000505.SZ,20250801,3.6848,0.36,297.7263,1.5381,483421.9169,413972.7171
688203.SH,20250801,11.2417,2.62,90.4085,1.7638,260643.9954,151398.0884
300722.SZ,20250801,14.4309,0.73,136.6414,17.3473,1026766.5408,1026766.5408
688981.SH,20250801,1.6235,0.74,155.0983,4.7161,70508945.3092,17555222.7499
300584.SZ,20250801,24.0704,1.33,98.4986,4.0224,412680.0,282393.9011
003040.SZ,20250801,16.9916,0.88,487.3809,6.9497,1016804.8183,1007354.8189
688032.SH,20250801,2.2475,1.17,48.2688,2.1677,1286642.6617,1286642.6617
605128.SH,20250801,5.0177,1.61,46.8215,3.527,717027.0456,717027.0456
000983.SZ,20250801,2.5044,0.41,14.1384,1.1158,4013710.4487,3280630.965
688338.SH,20250801,2.5005,0.91,27.1224,1.766,286690.6224,286690.6224
002638.SZ,20250801,2.6989,1.02,,1.4806,330416.7003,309823.1696
301195.SZ,20250801,7.493,1.82,23.8989,2.1115,493677.0619,327868.6783
002081.SZ,20250801,1.2127,0.86,17.4712,0.7149,969193.1465,964984.0534
300423.SZ,20250801,1.9478,0.81,,2.536,336815.1433,225658.1985
688628.SH,20250801,2.5156,0.81,21.2729,3.3001,391211.8509,390900.1218
603696.SH,20250801,3.4806,0.56,65.9786,4.4303,249782.4,249782.4
300429.SZ,20250801,6.1886,0.64,,4.1331,719717.798,534983.5319
301556.SZ,20250801,11.0372,0.85,81.5742,11.2341,1011164.96,229486.1049
000425.SZ,20250801,0.8507,0.7,15.2843,1.6579,9779091.5564,6736569.8641
600325.SH,20250801,1.1388,0.57,16.5931,0.6595,1315528.7114,1315528.7114
605376.SH,20250801,2.7573,0.63,88.5082,6.8673,1060003.2,1060003.2
600996.SH,20250801,2.5576,0.86,,3.5406,1022375.8803,1022375.8803
600132.SH,20250801,1.3262,0.54,23.552,21.8861,2673940.869,2673940.869
002096.SZ,20250801,2.9995,0.31,23.1766,2.3439,1722972.2295,973610.8868
600845.SH,20250801,2.631,0.65,33.6601,6.0507,7137414.5486,5281007.7895
000153.SZ,20250801,11.0829,0.66,22.283,1.6771,338355.2696,329743.0296
002086.SZ,20250801,2.7957,0.39,,3.9612,558299.7525,450666.5205
300020.SZ,20250801,1.8304,0.85,,0.9788,308335.0539,297456.1586
605567.SH,20250801,3.9957,0.69,84.1629,1.9924,213000.0,213000.0
000506.SZ,20250801,3.4627,0.74,,17.9188,947598.1162,947244.3802
603527.SH,20250801,3.9927,0.86,19.1615,1.7035,346132.5504,346132.5504
688655.SH,20250801,7.0602,1.63,,4.7472,321469.9,321469.9
600988.SH,20250801,2.0961,0.62,21.2111,4.1001,4342439.5417,3802037.4987
002548.SZ,20250801,2.9665,0.61,57.0635,2.1629,322037.4632,321788.5968
301131.SZ,20250801,4.5768,0.47,55.322,2.6444,220322.8119,141985.7411
000605.SZ,20250801,4.1644,1.06,157.3617,1.2023,256735.4608,256735.4608
000913.SZ,20250801,2.3933,0.67,13.5435,1.8084,844684.044,743041.772
601233.SH,20250801,1.3922,0.43,23.9507,0.7999,2953069.5612,2942162.8582
920357.BJ,20250801,4.6881,0.56,36.0882,5.6498,197477.28,109773.0036
000967.SZ,20250801,4.8467,0.9,41.4011,1.283,2159855.3429,2158827.0915
600062.SH,20250801,11.1448,0.98,12.5743,2.0512,2160615.6187,2147872.1118
601111.SH,20250801,2.0619,0.88,,2.9243,12580311.541,8391076.9308
601216.SH,20250801,4.0289,1.99,14.6773,1.6835,4548091.3732,4548091.3732
002175.SZ,20250801,2.9993,0.67,373.5374,9.5765,571997.7657,571997.7657
688576.SH,20250801,3.1027,0.76,37.81,1.8908,318591.4201,152589.2575
301040.SZ,20250801,10.9588,1.64,,3.4679,269102.4407,253579.0709
605186.SH,20250801,2.7932,1.07,98.7739,2.821,303280.0,303280.0
688603.SH,20250801,17.0786,0.84,110.3553,7.48,835529.5863,317677.3453
688321.SH,20250801,7.1585,0.78,,10.6196,1527197.8064,1527197.8064
603102.SH,20250801,2.0354,0.49,19.6356,1.6743,274240.0,153679.1897
300359.SZ,20250801,6.6365,1.35,,6.9882,402166.723,402146.5776
002452.SZ,20250801,2.6757,0.77,17.9191,1.9087,458425.4108,381253.6398
688088.SH,20250801,4.6686,1.23,104.2042,7.5106,2002642.6368,2002642.6368
002853.SZ,20250801,2.9069,0.68,,2.6529,234864.0772,165256.9825
002044.SZ,20250801,7.5191,1.91,69.6122,2.698,2043240.5478,2021418.2318
000151.SZ,20250801,1.5245,0.67,,12.662,430147.6782,392616.7361
605368.SH,20250801,1.1244,0.85,16.4819,2.108,713205.6931,713205.6931
688359.SH,20250801,2.7906,0.54,,9.5828,639246.428,639246.428
603058.SH,20250801,3.896,1.11,25.9783,3.4788,407717.2313,406697.0599
002922.SZ,20250801,8.5911,2.33,23.669,2.0712,653668.5963,622255.0816
603786.SH,20250801,0.9388,0.64,27.5237,4.0181,2089164.1589,2089150.7091
301585.SZ,20250801,5.4433,0.58,40.0935,3.821,355784.0,88946.0
920271.BJ,20250801,3.2692,0.65,24.2103,4.067,229201.896,101414.3991
003003.SZ,20250801,4.7162,0.6,35.7413,1.737,218345.9005,143387.862
300424.SZ,20250801,4.6327,1.11,,5.5873,410602.3439,409815.087
002533.SZ,20250801,21.2093,5.47,13.7758,1.9786,811738.8146,705235.8489
000761.SZ,20250801,4.0018,1.1,,1.4884,1515937.6836,1368337.6836
300712.SZ,20250801,1.7161,0.65,129.8218,3.7919,482555.9481,480170.5841
688692.SH,20250801,2.5439,0.89,66.494,8.0609,2688883.8,1736629.7543
000935.SZ,20250801,4.0991,0.68,35.4082,1.9458,1477257.0444,1477257.0444
002150.SZ,20250801,17.3625,3.53,20.9349,2.4443,460944.6478,454995.5758
301191.SZ,20250801,12.3502,0.81,65.6459,3.7163,617213.142,403199.6698
688439.SH,20250801,2.6882,0.82,56.0391,2.3084,1134000.0,645913.0301
000915.SZ,20250801,4.9305,1.09,14.9328,3.0107,790400.0989,789952.6705
600243.SH,20250801,2.351,0.51,,2.1766,139115.45,139115.45
300759.SZ,20250801,6.6768,0.7,28.6473,3.9103,5352368.5303,4272347.6851
601059.SH,20250801,2.9723,0.54,38.0527,2.759,5269875.0,1123850.0
600054.SH,20250801,2.7825,0.67,25.8766,1.8501,844621.3915,594401.4
603579.SH,20250801,14.6552,1.17,34.3745,3.0204,595169.8237,595169.8237
002528.SZ,20250801,2.5535,0.98,,18.9627,344019.7485,301275.5545
002271.SZ,20250801,2.3659,0.94,,1.2501,2847330.2403,2282658.0946
301152.SZ,20250801,5.286,0.56,,2.5213,351707.9007,207551.0632
688520.SH,20250801,9.4187,1.34,304.9574,,3095973.8837,3095973.8837
002823.SZ,20250801,2.3218,0.51,25.1068,2.4798,480075.4034,319735.7406
301070.SZ,20250801,5.849,0.53,,5.2115,398635.4331,262229.5064
000545.SZ,20250801,5.1368,0.93,,2.3773,268418.6021,268029.6421
920062.BJ,20250801,4.0416,0.56,41.9856,2.9466,214559.0369,151800.8757
600643.SH,20250801,3.1194,0.75,,0.8095,960681.9791,958982.0847
600875.SH,20250801,4.7663,0.4,21.218,1.5256,6726474.8868,4014780.855
002299.SZ,20250801,1.7588,0.85,21.0663,1.902,1967059.2667,1966950.7826
603613.SH,20250801,2.4667,0.66,12.0557,2.1154,1701910.3143,1701910.3143
600688.SH,20250801,2.0246,1.0,210.7045,1.2158,3004645.9875,2088711.8475
688153.SH,20250801,2.0976,0.95,,3.555,1401529.4671,523325.09
002806.SZ,20250801,2.8326,0.67,32.5054,2.3293,259224.6106,212409.1187
000020.SZ,20250801,7.209,1.21,101.7133,9.2571,379152.883,242580.4585
300927.SZ,20250801,4.4356,0.52,13.4315,4.0389,384286.32,375045.7327
600257.SH,20250801,4.9687,0.74,,3.2626,259386.8443,259386.8443
002061.SZ,20250801,4.086,1.91,8.1204,0.7164,1092255.5349,1063047.4011
603816.SH,20250801,0.7485,0.57,13.8226,2.2628,2094695.6019,2070211.7228
002878.SZ,20250801,18.2495,0.84,,3.6087,496713.6648,444059.2421
605136.SH,20250801,10.3391,1.22,,1.5883,391648.413,391648.413
300291.SZ,20250801,5.9315,0.59,,1.8734,587739.1422,579682.6739
002232.SZ,20250801,5.1626,1.55,1037.0863,5.4308,741923.9943,741923.9943
688279.SH,20250801,2.1339,0.75,93.0471,4.1979,2067636.747,1013826.929
000546.SZ,20250801,3.8568,0.44,122.2896,0.9606,401266.5032,359499.8863
002169.SZ,20250801,1.705,0.86,,1.8773,491538.171,476447.2513
002977.SZ,20250801,6.9357,1.03,167.1627,3.9434,429429.0,238167.1078
688065.SH,20250801,0.7827,0.98,66.1784,1.9944,3445601.3459,2786796.8923
002563.SZ,20250801,2.8221,0.6,14.337,1.2971,1441338.2356,1177906.5629
300044.SZ,20250801,5.753,1.25,,30.7821,320061.2065,320014.3959
603219.SH,20250801,2.1542,0.79,44.9589,5.41,832556.2,832556.2
002264.SZ,20250801,14.3394,1.73,19.3001,2.5576,500988.6648,455728.8358
688687.SH,20250801,8.696,0.9,42.1228,3.3677,614545.1971,614545.1971
300615.SZ,20250801,6.3224,0.82,,5.4559,279795.8816,181365.5114
688459.SH,20250801,1.9789,0.88,39.2169,1.4067,472320.0,172775.6085
603688.SH,20250801,10.7526,2.33,85.5763,3.4112,1950041.8404,1950041.8404
688582.SH,20250801,3.8392,1.31,96.6882,11.8337,2592630.3202,1612295.9202
300489.SZ,20250801,4.3874,0.45,78.9917,8.6642,566110.6975,564018.0843
600000.SH,20250801,0.7599,1.1,8.6072,0.589,39105842.0161,39105842.0161
301156.SZ,20250801,17.0373,1.98,57.9475,4.1012,283258.7661,150145.0312
601901.SH,20250801,1.7112,0.77,25.374,1.3777,6643305.8258,6643305.8258
002026.SZ,20250801,3.2992,0.42,18.024,1.5023,541854.285,520282.3113
688249.SH,20250801,1.6082,0.76,73.4607,2.0772,4327233.5336,2559844.9783
002412.SZ,20250801,7.3553,1.29,20.5652,1.6243,356265.6,352474.26
601777.SH,20250801,2.1748,1.08,842.9902,3.5509,3761555.2591,3761555.2591
920699.BJ,20250801,4.194,0.64,25.128,7.1453,212431.3968,97195.3968
301360.SZ,20250801,3.0496,0.64,64.3703,2.3934,273367.5,142475.0
000333.SZ,20250801,0.6024,0.67,12.9477,2.6567,54327744.0312,49016231.9297
605228.SH,20250801,5.3811,0.74,3038.9958,3.6355,561613.8803,557685.9563
300511.SZ,20250801,1.9391,0.37,,2.8582,379495.9828,328205.7158
301148.SZ,20250801,3.843,0.77,58.273,1.7056,293106.6533,95852.2533
000610.SZ,20250801,6.6592,0.9,,14.6662,299722.8427,298148.4362
300497.SZ,20250801,4.3398,1.22,,2.575,562104.9403,463108.6998
002570.SZ,20250801,47.4307,1.2,68.2143,5.2274,843513.8431,787739.3966
600793.SH,20250801,10.5808,1.39,,18.7283,445444.277,445444.277
920580.BJ,20250801,11.5242,1.72,176.7508,3.9822,129946.0,84470.2807
002229.SZ,20250801,11.6857,0.72,,6.7905,908030.423,902490.6708
000619.SZ,20250801,2.5461,0.88,,1.0771,276171.6882,225360.0
002790.SZ,20250801,4.9569,2.18,22.0863,1.5382,318000.8203,198390.7975
300097.SZ,20250801,0.7197,0.56,,3.1182,144563.3842,135274.9839
601918.SH,20250801,2.5893,0.69,7.18,1.0358,1670899.461,1670899.461
002985.SZ,20250801,3.5909,0.68,,3.901,991910.4104,592070.6071
002538.SZ,20250801,1.349,0.67,17.0107,0.8912,467748.5581,467745.5167
603053.SH,20250801,1.8873,0.98,17.1174,1.8324,840889.94,840889.94
603679.SH,20250801,4.2507,0.92,,3.0235,243883.2593,243883.2593
600619.SH,20250801,18.8396,0.67,301.7644,2.7495,1678710.651,1234269.3841
300679.SZ,20250801,6.1163,1.12,36.0421,4.3167,2104133.46,1778846.4678
603757.SH,20250801,29.2418,4.64,17.1449,2.7192,434933.4766,434933.4766
603516.SH,20250801,15.7338,1.57,207.119,9.6099,1352330.5542,1352330.5542
600771.SH,20250801,2.345,0.83,108.6423,6.4341,1050937.4797,1050937.4797
000962.SZ,20250801,3.1878,0.6,38.791,3.2664,853396.3628,847804.7037
002920.SZ,20250801,2.133,0.86,25.9338,5.9746,5711538.2059,5692873.7771
605500.SH,20250801,6.9574,0.46,21.2975,1.5921,407355.2,407355.2
688039.SH,20250801,20.912,1.27,,4.6036,505227.3048,505227.3048
300852.SZ,20250801,4.2283,0.55,37.4253,3.0467,458980.4825,441050.5197
002652.SZ,20250801,13.5834,0.68,319.1329,8.2177,215066.88,215066.88
920662.BJ,20250801,42.1112,1.56,86.5663,5.5283,246453.2556,69194.6339
600575.SH,20250801,1.2813,0.41,16.8052,1.1625,1367963.8949,1367963.8949
000509.SZ,20250801,1.8691,1.13,,27.1156,365936.6657,365935.5595
603081.SH,20250801,7.9671,0.78,84.541,1.7209,536540.3706,536540.3706
600200.SH,20250801,2.8704,0.51,,0.5042,88149.0555,88149.0555
601698.SH,20250801,4.5341,0.67,201.2232,5.3545,8385405.0428,8385405.0428
002847.SZ,20250801,2.2133,0.64,28.1261,11.2071,1852174.0204,1668447.3758
920504.BJ,20250801,8.826,0.62,77.4614,6.3854,123066.004,48557.4765
301536.SZ,20250801,3.1694,0.9,94.4864,8.2262,2423621.36,1074002.6577
300977.SZ,20250801,5.9749,1.36,,2.1915,298516.6116,185768.8323
300185.SZ,20250801,9.3792,2.8,165.3817,1.7345,1153510.5102,1079470.2113
002746.SZ,20250801,2.2261,0.83,21.4832,1.1808,530952.3946,437870.2321
301003.SZ,20250801,3.4358,0.63,21.9566,2.9315,307912.6339,236514.0265
600066.SH,20250801,1.2807,1.38,13.4177,4.7299,5654400.7755,5654400.7755
301068.SZ,20250801,0.7564,0.6,56.5743,5.2875,448960.1123,320171.1564
300870.SZ,20250801,10.5633,1.06,48.1196,5.8963,1378122.0465,1378122.0465
920082.BJ,20250801,7.3346,0.45,45.0985,6.3792,325013.78,87410.6399
600782.SH,20250801,4.4799,0.8,66.8532,0.5141,1346215.329,1330610.859
301018.SZ,20250801,12.7859,1.0,99.4941,4.656,1186594.4354,887430.3464
300259.SZ,20250801,2.0005,1.1,21.0321,1.4822,429317.1564,429218.6958
603676.SH,20250801,11.2219,0.7,24.213,4.1013,570931.888,570931.888
605303.SH,20250801,4.0502,0.79,,1.9805,200418.0981,200418.0981
301413.SZ,20250801,6.9606,0.44,86.3134,6.5058,778851.7113,416845.5566
688539.SH,20250801,3.9935,0.97,127.6199,3.0708,518902.72,292273.52
688479.SH,20250801,2.5719,1.07,52.9741,1.5564,287624.5782,124198.5782
000552.SZ,20250801,1.6746,0.6,18.2827,0.8085,1332600.0926,927718.2096
688719.SH,20250801,1.3546,0.53,97.5588,2.7247,455887.7865,349930.5007
002709.SZ,20250801,1.9012,0.62,69.8027,2.8398,3623853.4684,2621624.3132
920857.BJ,20250801,11.1379,1.53,117.7901,3.8148,146164.1252,146164.1252
000068.SZ,20250801,2.7973,1.11,173.2892,4.8522,335221.5975,335221.5975
301135.SZ,20250801,5.7877,0.38,69.571,2.3585,291684.672,159040.129
603026.SH,20250801,2.1006,0.74,,1.9606,760252.68,760252.68
002079.SZ,20250801,1.8939,0.81,78.515,2.6529,809329.1767,808569.0995
688335.SH,20250801,5.0452,1.4,,1.8357,209320.9131,209320.9131
002558.SZ,20250801,3.5449,1.07,32.8552,3.6611,4666618.4737,4666618.4737
603205.SH,20250801,7.7389,1.38,37.8345,3.3333,469404.0,117351.0
600458.SH,20250801,1.2689,0.72,24.9597,1.6058,1189117.4985,1034049.8203
002584.SZ,20250801,5.1093,0.77,82.1043,2.2525,520257.3992,384487.2069
002318.SZ,20250801,1.005,0.55,14.1469,3.0403,2194725.4371,2144395.2768
000823.SZ,20250801,7.2289,0.79,28.3582,1.5413,681442.2237,681413.3615
920429.BJ,20250801,1.9341,0.58,30.6241,3.351,276763.5,251841.2047
000551.SZ,20250801,2.2046,0.53,20.0344,2.023,536114.7489,534178.4846
600792.SH,20250801,4.5375,0.45,,1.4417,422880.8916,403809.7511
603382.SH,20250801,4.5694,0.67,32.0468,3.2583,556622.9511,109084.5611
300176.SZ,20250801,3.0354,1.06,105.3049,2.992,279616.7376,279616.7376
000016.SZ,20250801,2.6703,0.63,,4.9321,1167853.5229,774347.993
300339.SZ,20250801,3.676,0.6,251.5648,12.0115,4193103.0779,4094520.3018
600287.SH,20250801,2.4509,0.64,53.9773,1.1554,246632.5614,245479.3936
688387.SH,20250801,1.488,1.0,,3.1941,1955525.0,788645.0
600151.SH,20250801,1.6076,0.78,,2.1221,1031227.3944,1031227.3944
000536.SZ,20250801,6.5165,2.04,,11.5771,1230884.5973,1229571.7196
688269.SH,20250801,8.0465,3.08,46.1946,4.91,475893.264,475893.264
002885.SZ,20250801,4.6684,1.19,81.1108,2.7239,385563.7219,329675.4569
001388.SZ,20250801,6.2983,0.77,49.5876,5.0164,714636.0,140053.4883
002289.SZ,20250801,3.6221,2.0,,24.6158,570596.6004,569985.8004
600901.SH,20250801,1.2511,0.87,11.1504,1.4346,3347995.503,3346590.1931
002353.SZ,20250801,0.891,0.89,14.5743,1.885,3960274.362,2681467.3665
300435.SZ,20250801,6.0742,1.73,,2.045,614055.096,587152.891
300084.SZ,20250801,3.8329,0.5,,3.328,429628.731,290151.1657
002365.SZ,20250801,7.454,0.69,201.1152,2.9692,577577.7,481297.798
300653.SZ,20250801,3.587,0.84,33.786,4.8989,408420.0,408418.8088
002206.SZ,20250801,2.8089,0.82,13.7109,1.7666,651998.2504,513973.9708
603045.SH,20250801,2.5477,0.61,70.7013,2.4848,237706.247,237706.247
002363.SZ,20250801,3.0891,0.57,63.0211,1.5318,322981.2767,321381.0631
688535.SH,20250801,5.7524,1.21,184.3614,6.1872,636049.4425,413454.6293
600640.SH,20250801,3.2075,1.11,647.4535,2.5608,1016899.4113,1016899.4113
002695.SZ,20250801,13.0236,1.27,149.9322,2.8398,781540.3636,714301.752
301315.SZ,20250801,4.9173,0.92,93.4235,4.6494,465608.0,195767.0
000628.SZ,20250801,4.8099,1.0,526.1654,7.447,1560600.4,850925.8516
003029.SZ,20250801,6.5248,0.79,,4.5081,505542.4127,452347.2146
300571.SZ,20250801,5.5053,0.96,,3.0605,445653.371,369237.4832
603109.SH,20250801,12.6075,0.57,29.6168,3.7638,726165.7477,726165.7477
002873.SZ,20250801,9.9078,1.02,105.2084,2.4609,291948.152,285447.9099
688190.SH,20250801,1.3127,0.53,31.9287,4.6357,1163040.0,1163040.0
920139.BJ,20250801,3.127,0.51,,6.2632,682662.2239,660180.7167
002310.SZ,20250801,1.0059,0.43,,8.2151,1259857.6446,881809.6249
300415.SZ,20250801,1.7764,0.96,15.6897,3.4112,979763.3176,947415.6626
002569.SZ,20250801,0.6872,0.44,,43.652,132345.19,128619.9546
600279.SH,20250801,1.2377,0.44,12.7399,0.9913,662271.3859,662271.3859
002682.SZ,20250801,3.1476,0.71,,2.3592,266562.7136,266557.4048
600802.SH,20250801,3.0077,0.58,,2.1392,241955.1552,241955.1552
300805.SZ,20250801,10.8672,1.66,372.779,3.2284,493831.1811,335421.4899
300520.SZ,20250801,9.5823,1.46,,4.0446,745817.842,710091.1347
002330.SZ,20250801,1.8597,0.7,,1.3148,301774.7628,301709.8896
688577.SH,20250801,1.836,0.34,225.3725,5.8522,566525.1003,566525.1003
301151.SZ,20250801,23.1615,0.72,47.368,1.8226,370287.9831,122119.6443
603599.SH,20250801,1.4105,0.46,15.172,1.1265,1084130.7899,1084130.7899
000547.SZ,20250801,3.5108,1.05,,2.5855,1294759.2979,1286564.0638
002453.SZ,20250801,8.9185,1.29,,4.7711,486607.9085,367045.1185
002493.SZ,20250801,0.7728,0.62,120.3153,2.21,9150329.1047,8575773.8297
002810.SZ,20250801,2.4246,0.61,21.8156,2.1358,465110.9158,427533.4842
605080.SH,20250801,4.8106,0.7,15.2797,1.761,370496.6457,367299.0904
300590.SZ,20250801,3.3177,0.86,65.0877,3.3018,591875.4853,456026.0523
300697.SZ,20250801,4.973,0.6,44.0301,5.3335,602234.88,461086.08
300400.SZ,20250801,23.332,5.44,47.7296,6.4524,465356.2844,460277.2286
600365.SH,20250801,1.2674,0.74,,4.5412,130747.68,130747.68
603606.SH,20250801,1.9459,0.91,32.2702,4.7378,3309974.0662,3309974.0662
002140.SZ,20250801,7.0613,1.65,16.6839,1.6373,735626.413,564635.6593
002472.SZ,20250801,2.627,1.12,26.4864,3.2064,2856793.9625,2538925.621
300751.SZ,20250801,7.8083,2.72,25.0055,2.7611,2070111.6895,1423071.8428
002200.SZ,20250801,2.154,0.87,,,136258.3386,136258.3386
002068.SZ,20250801,10.8738,2.01,,2.9494,843440.9398,842369.2117
920496.BJ,20250801,2.2478,0.46,43.7326,3.2926,187596.475,164419.1835
002128.SZ,20250801,0.7919,0.94,9.086,1.3044,4503321.1474,4503321.1474
002236.SZ,20250801,2.5656,1.23,18.0235,1.5351,5403426.1637,3478641.6102
002858.SZ,20250801,6.3541,0.77,,4.2818,228504.2542,204891.4276
600900.SH,20250801,0.8459,0.8,20.0735,3.461,68486541.3871,67196310.9519
301017.SZ,20250801,8.5337,1.43,,2.7974,538713.826,323415.826
600073.SH,20250801,3.1501,0.64,25.0018,1.4135,706110.2924,706110.2924
603916.SH,20250801,7.6062,0.32,49.7559,1.1903,493180.0957,479158.0957
688328.SH,20250801,9.237,1.43,,2.8236,233118.1361,233118.1361
002579.SZ,20250801,11.3947,0.82,,3.0723,740655.9116,703065.773
605088.SH,20250801,5.4342,0.52,26.0487,3.0587,822429.8001,809845.3509
002568.SZ,20250801,1.6883,0.95,34.8087,5.8093,2544719.7159,1752688.8169
001300.SZ,20250801,3.3639,0.62,190.5014,3.0118,315689.8086,85753.7177
300462.SZ,20250801,2.565,0.72,521.7656,1.243,177053.8334,133589.5215
603536.SH,20250801,3.2792,0.61,,5.2182,225804.8429,222011.276
600235.SH,20250801,3.8968,1.19,51.0422,1.5203,227993.7,227993.7
300820.SZ,20250801,6.4741,2.0,37.516,4.6504,1100338.2754,551416.2563
003000.SZ,20250801,1.9735,0.43,20.0408,4.2135,571733.7936,380899.2217
920402.BJ,20250801,3.6061,0.65,243.8987,2.6719,438942.4697,438942.4697
001236.SZ,20250801,5.2294,0.58,271.1899,6.3895,1201271.1114,389111.302
688653.SH,20250801,2.8003,0.92,,3.7772,548428.16,401184.5945
002179.SZ,20250801,1.8563,0.96,24.636,3.5345,7990118.4006,7848433.7822
688222.SH,20250801,17.5317,1.15,145.3271,6.8159,954820.44,954820.44
601702.SH,20250801,1.5603,0.56,12.7718,2.8578,1571687.1644,1571687.1644
603373.SH,20250801,3.9739,0.74,39.7205,2.8602,504301.0766,213067.2065
300421.SZ,20250801,4.1205,0.54,80.772,3.7235,460157.7075,360488.4727
600755.SH,20250801,1.1919,0.75,21.4363,0.6887,1365502.0352,1343259.8468
600415.SH,20250801,2.1922,0.89,35.5295,5.7635,11241474.1483,11239864.0783
600486.SH,20250801,2.2964,0.76,22.8058,2.5848,2754685.4168,2745102.9039
002513.SZ,20250801,4.4068,1.05,,166.1881,208280.5543,146440.1744
300682.SZ,20250801,6.0315,0.92,,3.1584,2123766.2626,2032980.6409
002714.SZ,20250801,1.2244,0.74,10.1106,3.4638,25024941.9167,17456324.2791
688419.SH,20250801,4.1388,0.54,46.6892,3.2291,318453.6398,85548.9372
300225.SZ,20250801,1.6737,0.71,51.1755,2.0157,173531.8004,173049.0879
300988.SZ,20250801,5.4626,0.83,34.4237,2.4309,292940.8814,222562.2105
002494.SZ,20250801,3.5386,0.99,183.5097,1.5811,194692.3305,147973.546
601512.SH,20250801,0.8018,0.38,27.3408,0.7996,1160140.86,1160140.86
300670.SZ,20250801,5.184,0.84,,3.6313,226281.222,160431.6774
000926.SZ,20250801,5.3311,1.17,,0.4709,439658.2776,434160.7377
688651.SH,20250801,5.3871,1.72,,2.9355,284254.23,122353.186
603900.SH,20250801,4.666,0.63,,1.6969,328959.8626,327506.9776
688697.SH,20250801,1.7259,0.51,20.2433,4.003,641638.7321,641638.7321
920026.BJ,20250801,4.2848,0.63,,3.9865,231211.602,121605.5265
603797.SH,20250801,5.9675,0.87,15.4447,0.8376,274710.5754,274710.5754
603137.SH,20250801,4.0255,1.0,29.9965,2.1909,272387.7343,109788.9343
688623.SH,20250801,2.6875,0.64,45.5769,1.9172,400514.3644,129634.3644
688067.SH,20250801,4.5965,0.93,71.3578,3.4703,171904.0,171904.0
301260.SZ,20250801,3.872,0.66,72.3001,2.1224,982282.6027,416231.2277
603738.SH,20250801,3.5659,0.6,89.9836,3.4047,591770.6134,591770.6134
002497.SZ,20250801,7.9751,0.34,48.815,1.5032,1584773.465,1455508.0925
000711.SZ,20250801,0.887,0.63,,7.2615,479972.0055,383918.5303
002073.SZ,20250801,2.0761,0.83,17.0845,1.4805,877719.8718,853294.6363
300252.SZ,20250801,8.2788,0.72,205.4628,3.5771,775382.1396,620369.6715
603928.SH,20250801,4.2237,0.53,105.8372,2.6507,399672.0,399672.0
301257.SZ,20250801,8.1176,0.58,35.3565,2.7623,322181.4521,307150.5109
600843.SH,20250801,2.9312,0.62,,2.6806,793041.1258,521775.6758
600135.SH,20250801,7.0268,2.94,,1.8196,444305.6005,444305.6005
002239.SZ,20250801,1.4906,0.69,84.127,1.7135,953171.6671,934028.1055
603668.SH,20250801,3.3922,2.05,184.0127,2.9989,676143.9074,676143.9074
300227.SZ,20250801,3.5937,0.72,,2.815,488612.0291,388894.8206
002149.SZ,20250801,3.4533,0.64,66.6871,3.5019,1021832.4755,1021675.5005
600543.SH,20250801,4.1272,1.05,,2.5903,207122.4,207122.4
000908.SZ,20250801,2.2581,0.77,37.3599,75.6378,528744.385,528744.385
301326.SZ,20250801,21.666,1.53,,4.5796,579676.224,216452.544
600339.SH,20250801,2.2642,0.69,32.3142,0.7115,1898270.1401,1898270.1401
002307.SZ,20250801,3.5527,0.47,,1.7365,514926.3823,514926.3823
301065.SZ,20250801,4.9752,0.71,41.3297,2.0139,261339.3,212698.6875
300265.SZ,20250801,7.0824,0.83,118.2137,2.2171,489464.8795,489144.88
603172.SH,20250801,3.9315,0.86,52.4263,2.1203,224745.3,84384.8
600605.SH,20250801,3.9671,1.12,83.5471,5.7187,779747.5816,779747.5816
688521.SH,20250801,3.3422,0.78,,13.418,4967464.7166,4732558.4096
600735.SH,20250801,4.536,0.74,,2.7956,338734.793,336106.9433
300446.SZ,20250801,4.6213,0.75,17.9909,2.8047,1458332.4415,537400.3193
601989.SH,20250801,0.9956,0.69,62.2984,1.2539,10557342.355,10557342.355
688272.SH,20250801,3.8316,0.52,,4.086,201552.0,201552.0
605001.SH,20250801,3.5787,0.8,35.5791,1.1209,300164.904,300164.904
600796.SH,20250801,3.8309,1.03,31.9349,1.5745,516485.1165,184448.8218
002979.SZ,20250801,5.0876,0.71,67.9855,8.5087,1371224.7972,952500.4216
600760.SH,20250801,4.097,0.87,56.7308,8.4947,17634289.1211,17093716.864
002907.SZ,20250801,36.8306,1.45,112.8695,5.1565,866094.7552,640633.9298
002951.SZ,20250801,11.443,0.66,,3.6084,624915.0,624912.6855
688101.SH,20250801,1.835,0.52,14.8451,1.1673,481417.4957,481417.4957
605589.SH,20250801,2.3394,0.66,28.7378,2.8132,2693251.1576,2484802.4806
920149.BJ,20250801,4.6965,0.64,,7.0846,119499.8508,98643.6146
301486.SZ,20250801,8.1888,0.86,116.925,3.6388,894847.6392,503843.4123
000589.SZ,20250801,1.1686,0.61,14.8856,0.8174,705828.5354,697873.3658
603396.SH,20250801,8.6686,1.16,70.1005,1.5192,388846.6307,388846.6307
301348.SZ,20250801,4.5547,0.53,310.123,3.318,500160.0,323310.0303
301372.SZ,20250801,23.1962,0.92,,2.4042,188571.4325,113218.7238
688392.SH,20250801,6.6119,1.78,86.9915,5.5002,943458.3507,576771.2904
000676.SZ,20250801,2.9283,1.1,55.7151,2.6771,1124842.1121,1124165.7316
300989.SZ,20250801,4.0639,1.13,,3.6445,358420.2483,255891.7588
300819.SZ,20250801,9.3798,0.78,55.2762,4.4322,375250.575,338927.0588
001378.SZ,20250801,2.3315,1.27,34.7598,1.6674,309467.2856,157565.6086
688505.SH,20250801,5.2873,0.82,280.2902,4.9322,1122607.5843,769549.5843
605158.SH,20250801,6.3699,0.61,24.5695,1.9562,484826.16,484826.16
688193.SH,20250801,4.6637,0.54,,2.3383,213291.918,168410.4899
300612.SZ,20250801,23.2652,3.18,,6.233,303163.5533,302197.5533
300235.SZ,20250801,21.5473,1.27,234.8576,4.7525,332305.5582,268134.2572
600360.SH,20250801,3.2016,0.91,49.1941,2.4421,822012.7802,822012.7802
300161.SZ,20250801,2.2282,0.54,,3.5509,546217.7946,536040.9883
001282.SZ,20250801,4.0308,0.57,29.6014,2.7978,435261.5904,153124.8432
300779.SZ,20250801,4.4021,1.15,2612.0117,25.6036,3307327.5163,2640928.5739
300434.SZ,20250801,17.4688,0.89,69.3165,1.8088,449149.6489,382491.3741
000695.SZ,20250801,2.7819,0.75,,17.8981,263022.6862,262516.911
920640.BJ,20250801,2.7897,1.0,98.6435,5.7027,495601.92,476789.9004
688615.SH,20250801,8.5278,0.97,63.8937,10.386,2673160.0,534632.0
301678.SZ,20250801,50.7659,1.44,99.3692,9.3991,1836192.6546,348855.405
002536.SZ,20250801,8.1461,0.91,27.2985,2.879,972537.7225,921153.9024
688273.SH,20250801,7.5645,0.72,32.0765,2.5716,337300.0,124216.7627
301001.SZ,20250801,13.4573,1.98,199.6112,3.2876,260560.0,163827.1
601226.SH,20250801,1.6822,0.79,57.7835,1.8043,750725.1612,748472.0628
688265.SH,20250801,3.7281,1.09,154.1859,1.6879,284099.0414,284099.0414
300112.SZ,20250801,2.7561,1.09,,2.7312,272520.9839,223146.1253
002104.SZ,20250801,31.7614,1.1,147.1266,6.4319,1364224.6166,1154983.6877
002415.SZ,20250801,3.6021,2.81,22.2129,3.5635,26877840.327,26506604.8286
300016.SZ,20250801,19.8229,1.32,306.8329,2.6982,511307.5672,510593.3368
002516.SZ,20250801,1.529,0.88,42.1665,2.066,745715.2118,740698.4468
002335.SZ,20250801,8.793,1.12,68.2077,3.5115,2118351.7085,1868704.5668
301539.SZ,20250801,3.934,0.96,63.1174,3.8712,298960.0,151624.834
603811.SH,20250801,12.5123,1.19,18.722,3.2849,400293.1834,400293.1834
301268.SZ,20250801,1.6965,0.91,,4.4894,777170.2936,350141.4621
002586.SZ,20250801,0.5746,0.66,,1.1648,344411.3379,269973.1605
301165.SZ,20250801,11.6409,1.05,72.933,11.3834,4952499.9972,594299.9972
000850.SZ,20250801,2.861,1.0,16.2064,0.9796,431254.9091,431132.3737
300241.SZ,20250801,4.4911,0.51,77.5289,1.857,399486.1694,333372.2906
688378.SH,20250801,3.3074,0.95,213.009,2.6348,444215.636,429391.7375
603193.SH,20250801,12.2357,0.61,43.2248,6.572,1335157.9362,341009.8362
920000.BJ,20250801,3.8594,0.99,28.9848,3.0773,188310.72,99221.1402
301383.SZ,20250801,3.9178,0.8,35.6175,3.1006,622887.258,269392.9632
300221.SZ,20250801,2.702,0.53,62.1165,3.0527,416718.6828,393221.9716
002426.SZ,20250801,2.5155,0.5,,4.2563,1044606.1562,1044598.1665
603919.SH,20250801,0.7508,0.61,23.1297,2.8019,927271.2745,927271.2745
300778.SZ,20250801,9.1261,0.65,,2.419,309155.3366,309094.3797
600027.SH,20250801,1.6382,0.47,10.0354,1.2512,5791311.3511,4518983.92
300353.SZ,20250801,6.4557,1.26,167.879,6.1864,1307262.265,1110202.6149
603755.SH,20250801,4.3963,1.83,38.4021,3.6533,263495.7556,263495.7556
301023.SZ,20250801,3.2678,0.72,33.2852,4.0679,326979.5813,173974.7212
600959.SH,20250801,1.7564,0.92,45.0188,0.7994,1800258.367,1800258.367
300046.SZ,20250801,10.2023,0.53,162.038,9.0471,998635.4484,998635.4484
600053.SH,20250801,8.0669,1.11,,2.7257,707105.0448,707105.0448
300224.SZ,20250801,6.1495,0.48,155.1358,3.6152,1300132.8311,1291402.3204
002514.SZ,20250801,2.2817,0.71,,26.2389,403939.2221,310813.2221
600880.SH,20250801,5.0859,0.84,393.1156,1.9056,578372.6767,578212.9626
300140.SZ,20250801,1.3012,0.98,27.9886,1.4158,1930718.751,635535.5388
301503.SZ,20250801,8.063,1.69,26.3169,3.1104,323920.0,131511.52
300100.SZ,20250801,5.1,0.81,43.2408,9.0279,2502997.3454,2417223.9908
688196.SH,20250801,1.8184,0.63,28.6923,1.8614,520200.0,520200.0
300483.SZ,20250801,6.8117,0.65,,1.5897,301610.9072,301477.7072
600367.SH,20250801,3.1502,0.39,45.8782,2.1371,514084.2693,485213.5853
301487.SZ,20250801,4.0801,0.59,,5.1731,961057.9719,570412.2624
600251.SH,20250801,1.5261,0.7,41.3341,1.647,611493.9498,611493.9498
002943.SZ,20250801,2.9505,0.42,,6.6287,549728.7051,354409.2339
688343.SH,20250801,7.4771,1.16,,5.43,2161930.6265,1589577.0755
688314.SH,20250801,5.262,0.85,31.3235,4.495,289780.1265,289780.1265
002991.SZ,20250801,2.2254,0.69,15.4984,3.2623,523313.6752,278934.571
300428.SZ,20250801,2.4543,0.65,19.3971,1.6121,1153652.2092,1005089.2571
600935.SH,20250801,1.8483,0.69,,1.4793,895089.7759,873343.0512
002591.SZ,20250801,4.1191,0.7,,2.8708,190326.4729,141706.9009
600820.SH,20250801,1.7546,0.35,7.6434,0.6757,2084535.7103,2084535.7103
301169.SZ,20250801,9.3616,1.92,,6.6236,310782.8723,310685.8073
000690.SZ,20250801,1.9345,1.05,12.7387,0.8336,1013963.7437,1013303.6608
000733.SZ,20250801,4.5299,0.93,28.4931,1.7953,2640617.3387,2638705.6207
600551.SH,20250801,11.0068,0.56,15.8608,1.1177,630591.3723,630591.3723
002020.SZ,20250801,5.0832,0.83,20.1301,2.6223,1417253.9644,1191651.8794
300757.SZ,20250801,5.5482,0.71,938.9884,17.3343,2987607.6381,2639816.4958
603011.SH,20250801,9.2703,0.83,,3.5842,772769.765,772769.765
300484.SZ,20250801,3.0324,0.52,90.1305,6.6472,434215.5344,348675.102
605198.SH,20250801,13.0812,1.29,56.2708,6.0438,1651066.8,1212343.704
605050.SH,20250801,3.6956,1.09,26.2029,2.0496,866886.5294,866886.5294
300166.SZ,20250801,6.3766,1.44,,1.9568,1177463.1034,936573.9991
600571.SH,20250801,13.4699,1.58,120.6939,7.6397,861289.9167,845467.3954
002091.SZ,20250801,1.6276,1.06,10.5391,0.7964,1196309.6303,1173979.7974
300338.SZ,20250801,0.8269,0.5,,187.6473,159036.7533,138007.5656
002222.SZ,20250801,4.2861,0.6,82.0536,11.4458,1808581.5,1800511.4959
002240.SZ,20250801,4.7624,0.48,,1.2577,1447994.9055,1370451.4875
603055.SH,20250801,2.6007,0.36,11.6605,1.7651,861803.2687,857118.1487
600285.SH,20250801,2.9264,2.01,17.7633,4.7497,1330452.9302,1327520.4302
002062.SZ,20250801,6.0583,1.09,25.5735,1.3304,654516.3003,594964.13
600854.SH,20250801,2.3517,1.22,20.6117,1.1765,279468.6934,279468.6934
688308.SH,20250801,1.8571,0.58,87.9448,1.2192,308830.4221,308830.4221
000626.SZ,20250801,3.4911,0.64,,1.5192,358803.0271,356751.2353
603042.SH,20250801,7.7486,0.99,277.4363,2.8244,251323.0996,251323.0996
688377.SH,20250801,1.1812,1.07,67.5812,2.9601,530078.241,530078.241
002017.SZ,20250801,30.3331,0.71,74.3867,8.4424,1435988.5429,1435132.4721
000525.SZ,20250801,4.6556,0.51,23.3634,3.21,928089.5488,707905.4676
300351.SZ,20250801,3.7516,0.91,56.8885,2.5378,619822.9668,418488.2222
001331.SZ,20250801,6.965,0.65,,2.6273,394853.76,98713.44
688327.SH,20250801,8.0938,0.84,,16.1794,1686602.7965,1353508.249
300139.SZ,20250801,4.8851,0.56,109.9121,5.1093,520052.0,443470.9741
600171.SH,20250801,4.2028,0.71,61.3536,5.6292,2435860.4691,2435860.4691
601579.SH,20250801,2.8831,0.83,44.5391,2.4361,880774.2823,880774.2823
600476.SH,20250801,4.9219,0.73,176.5976,20.0716,294919.17,294919.17
300492.SZ,20250801,2.9923,2.02,123.59,33.7034,1259152.1333,1259152.1333
600352.SH,20250801,0.824,0.73,15.4296,1.0159,3438771.776,3438771.776
688230.SH,20250801,6.4407,0.52,65.4379,3.3167,727944.0,727944.0
600706.SH,20250801,6.1878,0.79,,4.3527,268067.834,266985.7244
300260.SZ,20250801,5.4117,0.5,62.2552,6.5891,1300087.9254,916986.5807
301517.SZ,20250801,14.5262,1.05,365.4202,4.9541,661209.8254,259991.3854
301193.SZ,20250801,5.6596,0.94,,2.3546,354838.4957,248978.0333
300101.SZ,20250801,2.3981,0.71,373.5245,6.9196,1221565.1607,1217559.3857
000669.SZ,20250801,5.5537,1.1,,123.6205,220452.4502,220452.4502
605389.SH,20250801,17.8728,1.81,74.71,3.3034,688736.1946,651355.1128
600477.SH,20250801,1.2983,0.64,40.5444,1.2413,625407.0636,625407.0636
000928.SZ,20250801,3.0516,0.84,10.5922,1.1073,902391.4666,902380.4277
002969.SZ,20250801,2.2158,0.67,22.9395,1.4638,339185.208,337170.4175
688337.SH,20250801,2.5778,0.79,74.3739,2.1566,667717.8632,233579.8253
600667.SH,20250801,0.9904,0.65,22.1357,1.6472,1387979.3273,1387979.3273
920278.BJ,20250801,7.1038,0.5,66.9026,5.1625,200640.0,86124.72
688416.SH,20250801,3.8291,0.73,,2.4625,329644.4167,191172.8987
002218.SZ,20250801,6.0253,0.85,,1.2627,521404.5826,513794.9539
603178.SH,20250801,1.8532,0.75,,3.4131,429323.9759,429323.9759
920493.BJ,20250801,8.0843,0.94,700.3812,21.6348,903821.2635,625111.9019
600731.SH,20250801,11.4781,0.72,14.026,1.4108,438054.0541,437458.4094
603600.SH,20250801,2.7315,0.9,11.3556,1.5957,353233.0587,320740.6583
301273.SZ,20250801,7.6143,0.61,,2.0898,197014.928,95226.703
002771.SZ,20250801,6.5581,0.61,,5.5199,359955.1956,299467.148
920427.BJ,20250801,8.6819,0.64,122.1544,5.1951,169591.275,83270.1698
600594.SH,20250801,9.3694,2.42,,1.4527,360326.967,360326.967
603993.SH,20250801,2.072,0.72,12.4702,2.837,19212090.538,15679836.274
301037.SZ,20250801,4.9044,0.95,,3.2164,200185.0514,97553.4511
600060.SH,20250801,1.1558,0.62,12.7809,1.4743,2981861.6004,2959290.6766
603156.SH,20250801,0.4359,0.7,18.1093,3.0195,2689432.3258,2689432.3258
601598.SH,20250801,2.0522,1.0,10.2896,0.9919,3868809.2695,2796147.7775
300275.SZ,20250801,8.8867,2.14,75.3876,4.6376,422735.3758,354519.4415
920608.BJ,20250801,2.6839,0.44,40.6712,2.9898,136679.04,89815.4074
301630.SZ,20250801,17.367,0.7,48.5555,4.3121,688360.0,172090.0
301500.SZ,20250801,1.9478,0.58,42.2645,1.9666,881002.8043,225439.2939
300598.SZ,20250801,4.1328,1.21,,6.2779,942785.6646,942521.6364
600577.SH,20250801,3.6329,0.73,28.7493,2.8977,1661314.257,1661314.257
688798.SH,20250801,2.2453,0.72,58.6671,4.2188,1661041.5315,967170.585
920260.BJ,20250801,2.719,0.74,29.2472,3.5254,147972.95,141414.8532
601003.SH,20250801,17.5774,0.48,,1.846,1594057.3704,1594057.3704
601001.SH,20250801,3.1485,0.55,8.7507,1.2438,2222673.6,2222673.6
300832.SZ,20250801,1.8743,0.87,23.1691,5.3399,4262524.4086,3690125.8286
600400.SH,20250801,3.41,1.01,,1.985,497227.6919,497227.6919
688213.SH,20250801,1.5544,0.76,67.6871,8.7816,3859286.4575,3102517.1979
301393.SZ,20250801,14.0291,1.18,45.873,2.8006,637740.0,248628.6964
600111.SH,20250801,11.5603,0.8,94.1116,5.7221,13014237.0312,13014237.0312
688410.SH,20250801,5.1285,0.83,67.962,2.9511,500609.7765,365434.4652
000627.SZ,20250801,10.1634,1.02,,0.33,716004.3181,659338.0681
300254.SZ,20250801,33.4519,1.2,95.1391,12.5496,326290.5918,298490.3358
603486.SH,20250801,5.7782,0.96,46.0065,6.1303,4522575.693,4478481.0606
301288.SZ,20250801,2.6649,0.85,,1.8154,146677.58,63952.1908
301118.SZ,20250801,7.147,0.7,,1.9389,257528.9868,245507.606
300597.SZ,20250801,7.5386,2.13,,2.7055,276658.5805,275442.8216
002161.SZ,20250801,10.0342,0.63,,3.9044,585148.1034,564346.3095
688217.SH,20250801,8.2119,1.83,,1.8569,169466.7885,169466.7885
601088.SH,20250801,0.9125,0.88,13.6338,1.9223,74626160.951,61940338.559
603638.SH,20250801,1.5372,0.67,42.5385,4.6058,1522553.9818,1522553.9818
600860.SH,20250801,12.451,1.56,3438.7171,6.6835,718537.7763,580252.9763
603317.SH,20250801,0.9453,0.6,23.0342,2.9648,1205575.8048,1205575.8048
600765.SH,20250801,1.7748,0.71,51.9571,1.9162,2681487.6444,2662673.7364
603282.SH,20250801,16.4503,1.88,29.6432,2.0332,253990.36,121822.1032
600729.SH,20250801,1.816,0.87,9.3192,1.7461,1283105.3558,557001.5581
300467.SZ,20250801,8.0045,0.64,297.8019,7.6824,483018.0402,400660.6403
002529.SZ,20250801,1.2821,0.76,,5.9942,160680.0,160680.0
300928.SZ,20250801,3.3948,1.11,,2.4423,276480.0,183213.284
300773.SZ,20250801,9.191,0.77,84.1093,6.1424,2047438.335,1907802.3638
001301.SZ,20250801,2.5866,0.82,14.1953,2.103,1318532.8043,815858.6756
301050.SZ,20250801,3.5716,0.84,40.1928,4.1805,1257740.104,1069176.249
000829.SZ,20250801,1.8112,0.76,,3.5293,1040476.9446,1039491.614
688498.SH,20250801,6.8065,1.11,,9.1871,1916634.2898,1341328.7433
920510.BJ,20250801,2.1711,0.67,303.7617,9.6943,393665.1663,200662.3297
603261.SH,20250801,3.0915,0.84,,2.1848,156282.6897,155475.0741
688211.SH,20250801,1.2756,1.03,,1.246,439046.6165,439046.6165
002726.SZ,20250801,4.2775,0.74,,4.3215,577350.9686,576255.5561
600143.SH,20250801,4.4249,0.57,33.7574,1.8119,3266763.1316,3217962.4763
600569.SH,20250801,4.9082,0.65,,2.5338,677891.4471,677891.4471
002585.SZ,20250801,2.3999,0.54,,0.7454,656329.2233,510717.541
600809.SH,20250801,1.3388,0.59,17.2841,6.4193,21826379.8958,21826379.8958
301228.SZ,20250801,5.9461,0.81,,4.9613,353760.0,353034.792
002700.SZ,20250801,1.9023,0.83,32.9358,2.2879,301948.5751,244357.042
688192.SH,20250801,2.7638,1.0,,19.6004,3512211.5746,3132371.2175
300945.SZ,20250801,5.9277,0.69,45.9076,3.0269,490860.1611,446397.7034
688571.SH,20250801,2.8197,0.62,24.5943,2.3229,347446.2695,347446.2695
002575.SZ,20250801,1.6688,0.5,,7.1522,519709.5,487505.6355
600650.SH,20250801,8.6393,0.41,52.9106,2.1508,899124.4744,636612.9223
300157.SZ,20250801,11.2896,0.9,,,356897.4612,337632.3495
600651.SH,20250801,12.5893,0.83,475.9352,5.6695,1393907.5763,1393907.5763
605033.SH,20250801,9.9549,0.46,128.7137,2.5237,287976.0,287976.0
000816.SZ,20250801,2.6733,0.74,,2.2524,452915.1685,449695.0884
300538.SZ,20250801,3.0693,0.69,,3.0547,293252.7397,182384.0674
300766.SZ,20250801,21.4223,1.9,,9.2491,1483864.3366,1346661.8928
688021.SH,20250801,4.0579,1.03,,1.5569,133036.2813,133036.2813
001210.SZ,20250801,5.7267,0.93,41.5634,1.6844,230514.6337,140094.7706
688468.SH,20250801,10.3933,3.05,32.9901,2.465,340540.692,340540.692
600663.SH,20250801,1.5184,0.89,24.8325,1.7623,4390654.0081,2751756.1533
002552.SZ,20250801,34.9828,3.25,37.0774,3.9111,678974.3293,560409.143
300344.SZ,20250801,12.3644,0.59,,14.7965,365772.6571,364471.3471
688401.SH,20250801,3.3239,0.85,34.2181,4.9155,680728.0281,407423.0787
300226.SZ,20250801,7.6317,0.73,51.712,4.1585,848436.4254,815518.7776
300627.SZ,20250801,1.4735,0.84,44.8598,7.6607,2795142.4765,2300745.9401
600082.SH,20250801,4.8368,1.51,241.8981,1.4738,259738.5621,255002.8356
603958.SH,20250801,8.8909,2.51,,5.2333,372912.0,372912.0
301429.SZ,20250801,7.451,1.7,39.8985,1.8044,237503.98,88478.6362
605180.SH,20250801,5.2518,0.92,62.1637,2.2135,249444.0,249444.0
002103.SZ,20250801,4.6826,1.14,33.939,5.009,540684.2284,381600.0903
300609.SZ,20250801,5.7558,0.65,,4.9239,505080.9973,504151.3812
002479.SZ,20250801,1.7434,0.97,14.2061,1.1101,451530.0,450524.0246
688627.SH,20250801,4.6067,1.14,112.7848,5.3584,884086.5346,680395.274
601921.SH,20250801,2.0168,0.69,16.0751,1.3814,1822222.2229,1822222.2229
002925.SZ,20250801,2.8821,0.59,51.4866,3.1168,1403282.4201,1328776.9063
002123.SZ,20250801,5.0174,1.33,351.6936,6.5535,1162995.7084,1039748.7604
603799.SH,20250801,4.5864,0.71,14.9758,2.024,7314955.2948,7249639.0402
001360.SZ,20250801,8.7782,0.46,50.4225,2.3357,321708.0,128968.8672
002049.SZ,20250801,6.0881,1.54,61.7753,5.0381,6127485.3888,6126044.4312
301300.SZ,20250801,10.29,1.01,44.158,3.2431,257994.688,122959.955
000565.SZ,20250801,4.4575,0.69,,2.947,365084.6492,365084.6492
688187.SH,20250801,1.436,0.92,15.8138,1.4432,5955961.735,1225105.4718
300200.SZ,20250801,5.2377,0.68,36.6978,2.8435,445195.3218,437230.743
002866.SZ,20250801,3.3804,0.6,,2.5243,516797.227,323560.7132
002647.SZ,20250801,1.9319,1.11,,7.1867,630702.7446,378176.6813
002890.SZ,20250801,1.9727,0.74,138.478,3.9011,232049.4686,220587.4336
600129.SH,20250801,11.6341,1.28,,3.9322,1402250.8934,1402250.8934
603029.SH,20250801,2.9757,0.82,31.7692,2.5078,221449.15,221449.15
688166.SH,20250801,4.9056,0.74,303.9311,17.5136,4195974.8217,4195974.8217
000957.SZ,20250801,1.8899,0.54,22.9363,2.1748,650415.6178,650415.6178
002905.SZ,20250801,48.5209,1.68,,21.0417,383093.76,355729.92
300878.SZ,20250801,31.5844,1.23,,3.2888,370952.805,369245.583
688228.SH,20250801,12.5372,1.7,205.7598,3.3483,432791.9184,432791.9184
001287.SZ,20250801,5.9882,0.81,56.0188,2.8992,1514480.8933,871727.2345
600987.SH,20250801,0.9995,0.58,10.045,1.1787,730906.3131,730906.3131
603158.SH,20250801,7.5561,2.56,16.8386,1.8117,401473.8323,401473.8323
603310.SH,20250801,2.6708,0.83,31.5304,1.5885,618503.94,123707.952
301177.SZ,20250801,2.3838,0.68,249.1735,1.7958,1103627.59,1103627.59
688469.SH,20250801,1.1105,0.78,,2.9153,3576957.1112,2241478.8
603221.SH,20250801,18.4011,1.69,21.9123,1.7345,272706.7,270131.05
600116.SH,20250801,1.0715,0.73,44.04,1.1796,1292608.6031,1292608.6031
605555.SH,20250801,2.6671,0.49,19.4659,2.6759,791452.8804,791452.8804
002100.SZ,20250801,1.8606,0.69,12.5564,1.2868,877856.7241,877856.7241
920807.BJ,20250801,10.1106,0.47,161.5734,3.6704,338114.92,229833.2953
600172.SH,20250801,4.6879,0.61,,4.7475,637445.5384,564105.0415
920163.BJ,20250801,7.6008,0.81,55.7659,5.1758,239410.1976,115293.4671
605300.SH,20250801,2.53,0.62,147.6724,2.1888,622071.6793,547613.69
920207.BJ,20250801,20.9647,1.11,,9.7889,278428.9,170069.6934
002074.SZ,20250801,3.7136,0.62,41.9621,2.0175,5196106.6418,4971929.3676
301419.SZ,20250801,6.7285,0.55,69.3327,3.9476,358440.0,126708.54
002693.SZ,20250801,11.6637,1.23,,9.6441,361609.462,358375.9517
600215.SH,20250801,1.3708,0.6,,1.7107,338912.6182,334438.2682
301287.SZ,20250801,21.4228,0.94,33.5338,2.4464,277013.85,70765.2593
603718.SH,20250801,4.2812,1.99,26.9956,3.2877,501581.583,496469.4705
600273.SH,20250801,1.5417,1.01,11.3946,1.2119,1222548.4493,1222548.4493
000905.SZ,20250801,3.3761,0.49,33.1674,1.2347,614960.1559,614958.9124
301332.SZ,20250801,3.9626,1.49,35.658,1.7933,508641.875,291917.045
301278.SZ,20250801,8.2498,2.21,45.3911,2.2301,315218.0821,123086.3945
920725.BJ,20250801,4.7682,0.73,,4.3173,265610.25,122446.2874
920068.BJ,20250801,3.6899,0.5,75.8188,10.333,1307266.4299,125032.2964
000573.SZ,20250801,2.5327,0.68,31.3881,1.5702,261695.0476,259515.5758
300521.SZ,20250801,2.8283,0.82,,6.6963,358342.37,358339.3435
600639.SH,20250801,1.6654,0.73,13.7868,0.8386,1208838.6858,915704.9291
301149.SZ,20250801,3.5696,0.78,28.4825,2.6512,514710.0215,310883.7471
600835.SH,20250801,8.5658,0.59,28.2402,1.9147,2622303.5857,2067877.0252
000973.SZ,20250801,1.7719,0.57,52.7335,2.2515,640434.1392,640434.1392
000501.SZ,20250801,3.0208,0.38,32.481,0.6511,714394.2471,713745.0247
000822.SZ,20250801,2.6405,0.41,,1.0392,533474.7879,533474.7879
688588.SH,20250801,5.7384,1.07,30.4741,4.9056,608415.2146,608415.2146
300812.SZ,20250801,5.3357,0.71,,4.0686,320916.4734,212394.1586
301205.SZ,20250801,14.7742,0.8,107.5474,8.2872,1251121.392,655321.694
600386.SH,20250801,3.5719,0.97,196.7147,2.1381,376588.8,376588.8
605116.SH,20250801,4.5134,0.88,24.826,4.2238,973243.7807,952436.9167
002651.SZ,20250801,11.5947,0.95,110.4337,4.3958,1215348.96,664985.2418
300971.SZ,20250801,7.4183,0.94,79.4198,2.5473,251076.0,196553.4332
300808.SZ,20250801,8.9946,0.89,,5.8653,585600.0,385029.9431
603809.SH,20250801,3.0703,0.75,37.0908,4.1448,1283749.3718,1283749.3718
603010.SH,20250801,0.7142,0.4,87.7548,1.6442,591936.9074,591936.9074
600107.SH,20250801,1.3598,1.05,,3.0724,148680.0,148680.0
603279.SH,20250801,1.3341,0.61,11.4185,2.0395,898120.006,897989.134
002737.SZ,20250801,5.5628,0.94,33.2552,2.359,977616.0,977615.3723
002193.SZ,20250801,3.0296,0.96,,2.5585,164619.081,164618.1375
603393.SH,20250801,1.4041,0.92,10.0509,1.4502,1237002.4322,1234959.8439
301009.SZ,20250801,9.5762,0.65,116.3367,2.741,365651.7,175600.1159
002313.SZ,20250801,9.7853,1.68,,101.1664,375523.2,375519.3635
002385.SZ,20250801,1.9402,0.59,25.7543,2.0452,1775932.4473,1455444.1673
300652.SZ,20250801,8.4865,1.08,64.8229,5.6174,792206.6071,711004.7685
603609.SH,20250801,0.8653,0.71,13.8761,1.2009,781083.5032,781083.5032
002238.SZ,20250801,3.1482,0.67,,3.1947,707857.1791,707857.1791
002163.SZ,20250801,5.1908,0.38,,8.1139,856787.2771,814798.5593
002065.SZ,20250801,3.3439,0.93,61.966,2.5203,3000331.503,2721814.6635
688041.SH,20250801,2.5434,0.86,149.0344,15.7036,32017757.2035,12212325.1683
603016.SH,20250801,1.9864,0.45,57.8113,5.0594,400476.48,400476.48
920856.BJ,20250801,2.6235,0.56,56.8375,4.2365,195580.3472,108061.5034
002926.SZ,20250801,3.549,0.7,29.2558,1.1178,2640750.0,2640750.0
000776.SZ,20250801,3.3969,1.19,13.5502,1.2221,14709705.2183,11418431.3675
600265.SH,20250801,0.7508,0.7,,30.0899,239221.4,239221.4
600702.SH,20250801,1.1967,0.45,122.3702,2.49,1732902.9381,1730283.4086
002201.SZ,20250801,2.4476,0.65,132.8117,4.4587,492636.9982,453734.3276
603722.SH,20250801,1.9748,1.05,,4.2084,385767.1878,385767.1878
301398.SZ,20250801,3.7395,0.5,53.6718,3.9062,427280.0,127649.9
600824.SH,20250801,1.9796,0.66,270.5506,1.8426,446907.479,446907.479
600011.SH,20250801,1.9871,0.55,9.5817,1.982,11443910.0587,8017330.531
301208.SZ,20250801,7.2258,0.67,68.2944,3.5418,536520.2683,224124.7918
600305.SH,20250801,1.1944,0.89,67.2595,2.6585,865260.7349,862536.7943
600292.SH,20250801,1.5481,0.41,211.4764,1.8105,940103.5356,940103.5356
920781.BJ,20250801,2.4836,0.52,107.815,4.6042,186717.0012,123315.3338
600406.SH,20250801,1.1796,0.81,22.756,3.7574,17509952.4046,17431987.9724
000055.SZ,20250801,1.5128,0.72,35.4354,0.7333,447805.5527,281831.2969
000997.SZ,20250801,2.9329,0.9,28.4953,4.4289,3054906.2935,3038157.0329
000049.SZ,20250801,1.8737,0.72,21.0907,1.356,881206.8814,880969.3688
301213.SZ,20250801,39.012,3.17,,6.929,543919.9932,351583.4222
002440.SZ,20250801,0.962,0.37,32.8594,0.9236,854239.9278,719233.1653
920892.BJ,20250801,5.1726,0.51,31.9638,9.3433,316172.1112,271377.0241
605196.SH,20250801,2.141,0.71,32.4706,2.7756,879260.0111,878218.5511
002534.SZ,20250801,8.2333,0.58,40.0431,2.3753,944099.7805,929805.7474
600881.SH,20250801,1.6639,0.67,,2.6203,575322.8759,575322.8759
688231.SH,20250801,4.7953,0.99,72.2168,1.779,483840.0003,247839.5735
003037.SZ,20250801,8.4092,0.4,74.4783,1.908,526586.642,520433.642
688386.SH,20250801,2.3491,0.51,50.0217,7.167,532350.0,532350.0
603111.SH,20250801,0.8876,0.71,15.6495,1.4873,559035.9356,544633.8377
002984.SZ,20250801,1.8265,0.59,9.7489,1.506,1992227.1295,1372039.1955
600372.SH,20250801,2.1361,0.82,86.8571,1.6106,5971198.4414,5971198.4414
920914.BJ,20250801,4.9787,0.65,37.3212,2.9158,268100.0,268100.0
300321.SZ,20250801,2.8709,0.66,255.2282,4.0481,253257.6,252861.7424
002861.SZ,20250801,3.7811,0.7,669.9405,2.4048,270484.3128,218044.4442
300668.SZ,20250801,4.3813,1.8,,3.0202,222223.83,171305.2225
920058.BJ,20250801,3.7332,0.58,30.8541,6.038,195182.934,95901.572
920634.BJ,20250801,5.6366,0.56,69.2425,6.6194,177228.1036,110912.7015
688710.SH,20250801,9.8242,0.77,62.886,2.5737,605225.4872,121045.1017
301305.SZ,20250801,4.2431,1.51,17.8823,1.2593,452302.8825,231962.7263
001260.SZ,20250801,4.8019,1.08,48.7511,2.8776,226550.0,62547.5
603273.SH,20250801,44.5451,2.32,123.2364,4.919,427769.5464,111892.5664
688158.SH,20250801,12.7481,1.18,,4.9435,1180917.5496,1049366.4739
600241.SH,20250801,3.2417,0.74,126.8799,2.0917,244859.3597,244859.3597
601766.SH,20250801,0.9809,1.19,14.5361,1.2236,20978869.6483,17783620.3731
688420.SH,20250801,4.606,2.08,65.7667,1.637,234781.65,90559.395
300960.SZ,20250801,5.2556,0.55,77.7944,6.7388,387110.6302,350753.7502
688048.SH,20250801,11.3076,0.97,,4.1223,1226908.4033,739221.2033
601169.SH,20250801,0.6432,0.83,5.3437,0.5086,13700653.8083,13700653.8083
001358.SZ,20250801,2.2802,0.85,37.5984,2.0537,287179.2,118825.7716
001896.SZ,20250801,3.1507,0.49,,2.622,831550.8249,831550.8249
603787.SH,20250801,4.6874,0.62,94.5733,1.8782,287679.7375,287679.7375
300323.SZ,20250801,1.9173,0.6,,1.774,1215626.099,658483.2586
688499.SH,20250801,11.4578,0.8,,3.8107,852416.4325,852416.4325
601963.SH,20250801,1.8822,0.9,6.6893,0.6593,3478057.8102,1881278.6513
301459.SZ,20250801,10.0451,0.53,30.9861,4.0119,477398.5447,119768.5447
002454.SZ,20250801,2.9913,0.8,29.8566,1.2805,505379.6064,504091.2993
603949.SH,20250801,5.1016,0.64,67.5049,3.9457,400104.0086,398338.9942
300513.SZ,20250801,4.5264,1.15,,2.1206,291419.083,261454.7909
600258.SH,20250801,2.4218,0.72,18.6672,1.352,1546495.3295,1546495.3295
300848.SZ,20250801,2.243,0.73,86.4525,4.7949,720990.6515,403428.9143
300972.SZ,20250801,2.1481,0.72,54.0462,20.2636,2713851.8718,2364209.4609
600446.SH,20250801,4.4608,0.45,,5.0501,1794137.4095,1794137.4095
300197.SZ,20250801,1.7509,0.63,,3.8962,631608.491,631592.516
300401.SZ,20250801,4.9571,0.69,27.4638,2.8555,863026.8124,849077.822
002532.SZ,20250801,1.0062,0.66,8.8017,1.5653,4219260.0714,3745914.945
002807.SZ,20250801,0.9236,0.67,5.622,0.6255,1149470.4325,1147862.5515
688091.SH,20250801,11.2632,1.38,,11.279,1604640.3573,1604640.3573
002662.SZ,20250801,1.1873,0.62,18.4128,1.2446,528000.0,527993.3472
600482.SH,20250801,1.2609,0.77,30.2443,1.3117,5136525.0066,5136525.0066
603713.SH,20250801,2.0543,0.87,14.4519,1.971,847403.429,847403.429
301210.SZ,20250801,9.1385,0.73,87.2655,2.6283,477139.4724,180940.2906
300798.SZ,20250801,4.0507,0.58,,2.3859,402739.3591,320234.3728
688538.SH,20250801,1.6094,0.72,,3.7417,3549025.4696,1478324.5813
002888.SZ,20250801,4.3494,1.17,202.2188,8.0651,274173.8161,139132.0481
301173.SZ,20250801,3.6423,0.85,28.005,2.8553,391918.7527,75237.9004
000791.SZ,20250801,1.5469,0.55,10.3311,1.5886,2140934.2297,1277510.3788
002625.SZ,20250801,1.5708,0.65,130.2461,9.5577,8682989.0839,8682960.3701
600373.SH,20250801,1.4992,0.64,20.8737,0.7836,1368872.6241,1348706.0777
300507.SZ,20250801,5.0014,1.47,45.526,3.058,628507.822,608898.3972
605338.SH,20250801,6.3796,2.02,16.8207,2.3271,461165.8244,461165.8244
603489.SH,20250801,2.7262,0.63,91.805,2.4612,634876.2512,634876.2512
301303.SZ,20250801,4.5954,0.7,19.29,1.9575,631596.0,156940.7184
002158.SZ,20250801,2.6625,0.7,13.6791,2.1335,915447.726,913526.8791
688356.SH,20250801,6.8514,0.87,214.9876,4.6176,586189.0155,586189.0155
002637.SZ,20250801,4.1184,0.54,30.8072,1.3784,514148.293,483896.403
601005.SH,20250801,2.2058,0.42,,0.8262,1363171.6201,1280300.0313
920171.BJ,20250801,5.9336,0.61,,14.1574,296389.6759,199228.1944
688443.SH,20250801,4.8527,0.84,,6.2169,1243778.56,395778.56
301390.SZ,20250801,4.3254,1.07,63.2546,2.3634,225360.0,109114.5419
300029.SZ,20250801,0.7868,0.49,,,105065.406,104988.771
002910.SZ,20250801,11.0887,0.51,,1.8346,195539.347,171061.95
603357.SH,20250801,2.2701,0.93,10.0142,1.3162,487142.2029,482818.9714
688233.SH,20250801,3.9413,0.62,79.7592,3.0071,543956.5208,543956.5208
600563.SH,20250801,1.0449,0.73,22.7661,4.8551,2476800.0,2476800.0
688016.SH,20250801,2.806,0.56,30.2204,3.5553,1352185.4235,1352185.4235
603630.SH,20250801,4.058,0.31,189.0053,2.6174,500404.5768,500404.5768
300709.SZ,20250801,7.5642,1.11,62.8954,3.8329,813155.096,652119.5253
600981.SH,20250801,4.5893,0.86,42.7085,1.3394,670487.5244,670487.5244
300888.SZ,20250801,2.6333,0.45,30.6719,2.0732,2335724.8599,703953.2865
600176.SH,20250801,1.1659,0.76,17.5008,1.6585,4943873.8591,4943873.8591
300621.SZ,20250801,5.2074,1.36,2834.0965,2.3146,195365.2413,184131.1242
300919.SZ,20250801,1.4998,0.71,22.5878,1.5879,3151775.6189,3066260.5478
301125.SZ,20250801,12.2926,0.53,167.9049,4.5715,274868.6069,227553.1289
600776.SH,20250801,2.1582,0.79,,4.045,1389136.0708,1057336.0708
600231.SH,20250801,2.2901,0.66,,1.0937,581841.6875,575113.7675
301102.SZ,20250801,5.4217,1.48,82.1699,1.5618,477050.0,119262.5
600155.SH,20250801,1.3398,0.59,4452.5745,0.8178,1613672.4657,1613672.4657
600110.SH,20250801,26.1051,1.45,,1.8291,1049784.4639,1049784.4639
300266.SZ,20250801,2.1493,0.79,,66.092,431958.4333,431710.2766
000705.SZ,20250801,9.0909,0.89,62.2507,1.6119,319755.9847,269836.4148
603439.SH,20250801,15.929,1.59,21.5995,3.9119,561429.0359,553261.0959
300204.SZ,20250801,10.2552,1.27,,26.0928,2487761.6939,2457596.2203
300328.SZ,20250801,5.3241,0.6,,7.2134,783630.786,779027.6516
688151.SH,20250801,7.7978,0.89,806.5006,1.9772,827833.5,827833.5
603768.SH,20250801,6.9047,1.56,70.812,1.2339,299110.5122,299110.5122
002155.SZ,20250801,2.0488,0.41,27.2569,4.0199,2770580.7833,2770331.8381
300027.SZ,20250801,3.9063,0.62,,20.09,774087.1514,693281.1919
688215.SH,20250801,11.4537,1.16,206.8276,7.3883,340269.2393,340269.2393
600800.SH,20250801,2.7219,0.66,,2.7532,439577.9055,439453.1655
600716.SH,20250801,2.5099,1.2,,0.7219,359447.2666,359447.2666
002701.SZ,20250801,0.9632,0.72,11.7564,1.4728,1382270.6533,1380999.1109
300979.SZ,20250801,1.5277,0.82,15.9016,3.9345,6066066.0,6066026.2353
600489.SH,20250801,1.7797,0.52,19.2343,2.6356,7004366.655,7004366.655
920014.BJ,20250801,1.7018,0.71,31.0916,2.2297,176343.0824,98678.0988
003027.SZ,20250801,4.0973,0.89,55.0599,1.4687,243537.3216,195355.9834
600377.SH,20250801,1.3502,0.67,14.5468,1.9222,7143525.955,5391495.4954
603163.SH,20250801,9.3281,1.8,25.6717,3.0388,322300.0,112813.8633
000739.SZ,20250801,3.7689,0.79,17.8807,2.883,1852351.278,1851655.4396
002314.SZ,20250801,3.7409,0.64,,0.8426,766302.4512,378745.703
301353.SZ,20250801,7.1718,0.55,40.6999,2.0859,259689.4036,84325.9036
600744.SH,20250801,8.7446,0.59,,12.144,1387257.8791,1387257.8791
002276.SZ,20250801,7.9604,1.6,41.3976,2.5703,1475791.7114,1462396.2539
688352.SH,20250801,2.5158,0.84,50.1916,2.2297,1335288.8744,410884.5011
605077.SH,20250801,1.6889,0.72,20.2615,1.8493,546092.9177,539568.7767
600230.SH,20250801,14.283,0.67,383.8856,1.4999,597759.7057,597759.7057
301552.SZ,20250801,4.9292,0.78,24.6937,3.3501,373088.8,93272.2
688528.SH,20250801,4.8333,1.18,,3.6753,189504.0,189504.0
605028.SH,20250801,5.5929,0.55,18.7919,2.5024,320480.0,320480.0
600237.SH,20250801,2.6117,0.61,48.4058,2.5637,478077.5395,471230.5255
002465.SZ,20250801,4.9657,1.15,582.2993,2.6182,3273538.9774,3268333.0968
300732.SZ,20250801,47.8412,1.3,,1.3778,350260.5974,349817.2758
002428.SZ,20250801,10.0141,0.62,190.4599,9.8372,1424454.72,1424270.6981
600007.SH,20250801,0.9465,0.62,16.6723,2.3292,2062914.6296,2062914.6296
688701.SH,20250801,4.9429,1.43,,6.2415,124877.956,124877.956
000756.SZ,20250801,10.1109,1.01,26.5263,2.3435,1167791.6738,834012.3033
688118.SH,20250801,19.0976,2.05,147.7881,3.3079,270311.0527,270311.0527
300068.SZ,20250801,2.3825,0.6,,3.4954,1321016.6311,1253866.3358
920491.BJ,20250801,2.0826,0.85,43.6951,3.9874,394495.1881,323032.3234
603829.SH,20250801,4.5067,0.74,20.7001,2.6662,280974.5204,280974.5204
002646.SZ,20250801,2.0918,0.54,3694.1202,1.6664,479592.9591,473549.9759
003025.SZ,20250801,2.8322,0.83,21.0483,3.3751,393275.6778,330320.8809
300552.SZ,20250801,3.7626,1.02,,3.1578,587607.9898,367773.3951
300801.SZ,20250801,5.5502,0.73,45.4994,2.0024,487535.76,305514.8766
601369.SH,20250801,1.4289,0.87,14.3478,1.7507,1513210.604,1497688.8766
002518.SZ,20250801,5.624,1.14,35.5516,3.1349,1355420.0188,1315780.7438
600597.SH,20250801,2.057,0.46,17.0425,1.2439,1177216.5936,1177200.88
603515.SH,20250801,1.7184,1.08,15.0093,2.2386,1385732.2503,1371828.9458
603105.SH,20250801,2.7591,1.26,22.2423,2.1408,422505.5086,422505.5086
603132.SH,20250801,2.311,0.53,25.4295,4.0223,1245972.0,1245972.0
002913.SZ,20250801,10.2052,0.79,35.3793,2.9126,1252304.5488,1046750.9768
600956.SH,20250801,2.1711,1.02,17.9264,1.4191,3217355.2008,1796287.8379
601818.SH,20250801,0.9851,0.97,5.7338,0.5022,23929648.1797,18794760.3022
600926.SH,20250801,1.2355,0.99,6.3207,0.9543,11786878.143,11786878.143
002166.SZ,20250801,6.7472,1.7,37.4778,2.0611,625930.2551,377745.991
920047.BJ,20250801,6.5539,0.91,,20.1211,650847.3943,427392.5513
000529.SZ,20250801,1.8329,0.78,29.6658,1.1615,361950.0046,353328.3137
300559.SZ,20250801,11.5407,3.01,256.5582,4.4414,508582.0438,396077.1884
002110.SZ,20250801,4.1699,0.62,,0.602,1158669.3603,1158669.3603
002831.SZ,20250801,0.4437,0.57,15.3981,1.9726,2203456.0935,1233712.0681
300739.SZ,20250801,9.6955,0.78,364.8497,2.2715,533143.7955,528017.5192
600894.SH,20250801,0.934,0.63,10.5786,1.0598,852530.0404,843987.5894
002623.SZ,20250801,15.535,0.91,,1.4933,432960.9375,432033.5719
688036.SH,20250801,3.3212,2.18,20.442,4.7327,9020173.0483,9020173.0483
920346.BJ,20250801,3.6621,0.78,50.2452,5.3483,232432.1742,128560.9316
300939.SZ,20250801,3.2819,0.74,43.6419,2.7972,375360.0,375360.0
603236.SH,20250801,5.7145,1.3,28.9372,5.2143,2156844.0419,2156844.0419
920033.BJ,20250801,1.8745,0.54,35.0955,3.2493,237674.8238,165108.1112
000576.SZ,20250801,10.4875,1.09,359.192,3.1006,502317.3643,499364.0997
301076.SZ,20250801,6.2834,0.47,85.0045,4.5177,520271.57,326689.3672
920957.BJ,20250801,4.0839,0.86,122.0711,4.3778,169750.7104,67558.8892
000786.SZ,20250801,1.1487,0.55,12.0245,1.7607,4409615.4676,4260689.1104
301665.SZ,20250801,4.794,0.6,45.4399,4.0109,1328850.0,106031.2714
301468.SZ,20250801,12.1685,1.78,63.3917,1.5154,348480.0,202986.2446
600467.SH,20250801,2.8131,0.49,81.0286,1.014,344794.6557,344794.6557
603336.SH,20250801,11.4715,1.16,288.9229,3.747,424947.5888,424947.5888
301595.SZ,20250801,6.3916,0.59,47.9165,4.727,416769.72,88908.459
300962.SZ,20250801,4.4933,0.61,43.4137,4.864,455139.2704,455139.2704
001979.SZ,20250801,1.5653,0.54,18.9002,0.8037,7846684.1293,7324472.5045
688472.SH,20250801,1.8761,1.02,19.5819,1.4892,3359965.9822,1268778.4903
603626.SH,20250801,8.0501,1.63,,2.245,484964.8491,484964.8491
688347.SH,20250801,2.6239,0.51,557.9842,2.3175,10132776.0015,2296578.48
688283.SH,20250801,1.423,0.99,102.6384,3.6378,341527.2,239718.3651
002635.SZ,20250801,1.9133,0.74,47.5422,1.561,892556.2079,534972.1978
002463.SZ,20250801,5.1151,1.02,36.5418,8.8477,10359204.6557,10352490.4169
603959.SH,20250801,7.3228,1.28,,23.5582,254955.4758,254955.4758
688361.SH,20250801,1.1132,0.58,,11.0863,2778553.2298,2145234.7238
300624.SZ,20250801,30.8242,1.79,,15.7939,1732293.463,1534249.6154
000839.SZ,20250801,1.008,0.75,,7.4415,1042673.8096,1042673.8096
300274.SZ,20250801,4.01,1.56,12.2287,4.0481,15611282.0227,11970512.151
301356.SZ,20250801,2.9362,1.07,18527.6083,1.3124,389880.0,98932.05
600152.SH,20250801,3.1759,0.57,,1.9641,342843.435,342843.435
605138.SH,20250801,21.3352,2.43,67.3293,1.6698,405561.5266,405561.5266
605365.SH,20250801,2.119,0.58,17.8429,2.049,745489.1209,745489.1209
002434.SZ,20250801,2.0399,0.88,38.9228,1.752,1001513.8,1000553.2212
000523.SZ,20250801,1.4366,0.55,11.8955,3.1591,598362.7183,432002.2102
002530.SZ,20250801,6.1635,0.82,3811.2307,6.1886,792444.544,706940.4307
688219.SH,20250801,4.0263,0.78,32.2741,2.317,646764.1248,646764.1248
688575.SH,20250801,2.646,0.91,36.922,3.4198,906978.612,906978.612
688186.SH,20250801,4.5226,1.0,35.3524,1.4948,651248.6868,651248.6868
603226.SH,20250801,9.16,0.65,,6.8055,632419.8588,632419.8588
300986.SZ,20250801,7.5128,0.91,47.7402,2.9572,555425.1419,555207.6291
603312.SH,20250801,6.8575,2.64,26.2905,4.0186,657388.8,213651.36
000430.SZ,20250801,1.2861,0.64,,11.2402,290659.0985,238188.4584
601238.SH,20250801,1.1017,0.7,,0.6793,7688587.6886,5567307.9866
301613.SZ,20250801,9.0842,1.07,40.0293,5.5555,808243.9669,202061.4876
600929.SH,20250801,1.3928,0.55,58.88,1.1286,848247.9231,847686.3825
300008.SZ,20250801,8.4802,0.84,78.5419,5.4451,1166419.6648,1111920.7979
600028.SH,20250801,2.8863,2.74,15.2424,0.8435,68988540.2502,53964998.3402
002348.SZ,20250801,2.5003,0.48,,8.0454,356147.2,339728.1256
300331.SZ,20250801,3.8045,0.64,,3.548,548666.4103,435651.6101
603389.SH,20250801,0.8839,0.1,,26.6573,622196.736,622196.736
002825.SZ,20250801,3.2916,0.56,19.7368,2.1927,349390.4349,262444.5202
605018.SH,20250801,3.9527,0.75,79.6309,2.2572,601755.3377,600274.0177
002132.SZ,20250801,2.6115,0.69,247.5735,1.5209,525579.2618,524805.8085
688020.SH,20250801,22.7915,0.98,,3.1892,434955.636,434955.636
300659.SZ,20250801,9.0683,1.18,,2.8543,360903.8359,263801.1624
600118.SH,20250801,2.7801,0.61,1349.9009,5.3804,3393743.8175,3393743.8175
300036.SZ,20250801,3.1003,0.58,,3.108,809615.5517,720418.9876
000837.SZ,20250801,3.4398,0.91,217.9982,2.4852,1215846.9577,1200822.3937
688699.SH,20250801,3.7699,0.53,,3.4438,414943.6928,414943.6928
300413.SZ,20250801,2.7031,0.86,32.3847,1.8296,4115585.793,2247739.9076
920855.BJ,20250801,3.5557,0.67,34.1778,2.8073,155669.5326,139715.9981
002324.SZ,20250801,2.1154,0.64,76.8956,3.027,1320343.1264,921439.5669
300004.SZ,20250801,3.6704,0.75,51.5163,2.3229,409434.5391,409434.5391
300756.SZ,20250801,2.3431,0.93,,3.0287,415743.9883,346185.6712
920230.BJ,20250801,21.023,1.16,115.6511,4.4642,178796.5411,83142.0449
300481.SZ,20250801,2.5671,0.62,25.3812,1.8743,438366.8679,435736.7322
920765.BJ,20250801,5.0537,1.09,152.0897,4.756,148765.0567,93519.572
920030.BJ,20250801,3.0132,0.83,283.8114,2.9909,138421.9131,87828.9077
603206.SH,20250801,4.2383,0.94,81.7501,2.3436,523417.9794,523417.9794
601077.SH,20250801,1.0116,0.82,6.4949,0.6041,7620547.0,5930096.8704
300738.SZ,20250801,6.5758,1.0,160.8213,5.92,2015622.0784,2015051.3181
603977.SH,20250801,3.5327,0.61,44.6049,2.4615,788977.1216,788977.1216
600801.SH,20250801,5.1641,0.33,12.8806,1.0787,3185021.3343,2059430.2943
603335.SH,20250801,6.2151,0.49,,9.5239,224775.915,224775.915
603759.SH,20250801,3.005,1.11,12.1386,1.415,395266.56,395266.56
002004.SZ,20250801,1.4732,0.95,,0.9163,873144.3632,830062.9908
301355.SZ,20250801,2.6876,0.72,91.9102,1.5851,238799.8639,122712.6439
300244.SZ,20250801,5.8057,0.94,,1.5842,1012466.6863,812363.6788
920786.BJ,20250801,23.8389,0.69,,3.2292,233303.148,158691.2438
300896.SZ,20250801,1.754,0.63,29.7974,7.8707,5583731.3016,3849140.2597
300687.SZ,20250801,12.6073,1.72,92.0893,4.8171,1321609.7839,1066024.0829
603203.SH,20250801,4.8228,1.21,30.8683,4.9328,675245.8961,663246.1325
600850.SH,20250801,2.7916,1.16,31.4062,3.7288,1738638.3782,1554878.3237
603703.SH,20250801,3.3152,1.06,,5.2644,425771.6551,425771.6551
605151.SH,20250801,5.148,0.57,880.8023,2.0155,269781.2151,269781.2151
300281.SZ,20250801,7.4952,0.82,664.2895,2.5776,323827.9273,307132.93
300677.SZ,20250801,10.999,1.59,15.447,1.376,2440631.2184,1732743.4427
300058.SZ,20250801,13.2912,1.77,,3.2995,2539943.113,2460826.0152
002032.SZ,20250801,0.6669,0.48,18.5182,8.1177,4155050.2156,4150059.7205
002614.SZ,20250801,2.0928,0.9,68.0096,0.9667,416482.6113,294597.4322
002816.SZ,20250801,1.6773,0.5,,7.6218,173500.0,173500.0
000713.SZ,20250801,2.4156,0.43,60.1534,2.2089,439020.7107,439020.7107
600420.SH,20250801,4.0835,1.05,14.7279,1.1488,1527595.6962,1527595.6962
301286.SZ,20250801,2.5379,0.61,58.8956,5.8751,1044661.1,421100.5056
600423.SH,20250801,4.4914,0.68,98.0317,5.2786,292322.3795,292322.3795
600491.SH,20250801,2.0757,0.88,,0.5159,530826.0104,530826.0104
300746.SZ,20250801,17.6237,2.21,,4.7386,359375.4182,353239.6766
688282.SH,20250801,3.0389,1.06,1648.7125,3.5156,447832.0,185850.28
605183.SH,20250801,10.4515,1.96,15.7326,2.6133,875018.1371,867751.5523
001400.SZ,20250801,4.3542,0.68,22.1157,2.7911,346680.0,86670.0
688038.SH,20250801,7.6576,1.41,,3.2315,195507.312,195507.312
603128.SH,20250801,4.4297,0.65,16.8895,1.4085,827317.3842,827317.3842
688163.SH,20250801,8.1257,0.78,56.8369,2.4572,264706.12,108533.912
300920.SZ,20250801,5.0569,0.88,316.2081,4.6094,537800.0,353185.3605
600536.SH,20250801,4.3145,1.18,,11.3222,4408406.4631,3982899.4803
600268.SH,20250801,6.4515,0.5,23.7651,2.8625,924442.408,919775.9435
300588.SZ,20250801,20.0419,0.71,,12.334,371070.8561,342681.0941
600009.SH,20250801,0.6375,0.6,38.6905,1.896,7997979.0268,6166688.7769
920419.BJ,20250801,2.1693,0.52,27.3216,3.954,220765.7768,200024.3732
603028.SH,20250801,5.0809,0.36,,4.3165,221020.8,221020.8
688691.SH,20250801,4.4895,0.76,,5.3946,712800.0,424502.1594
603112.SH,20250801,6.4633,1.1,17.1008,2.1779,851350.319,797215.0319
002421.SZ,20250801,2.4829,1.09,,2.131,712515.4307,674248.4297
600736.SH,20250801,1.3668,0.61,37.948,0.8487,629757.2201,629757.2201
688311.SH,20250801,2.6767,0.88,,3.8952,623634.9804,623634.9804
601007.SH,20250801,6.4696,0.99,91.9174,1.9199,297570.0,297570.0
600059.SH,20250801,1.3436,0.61,44.0064,1.5158,891488.4799,891488.4799
000932.SZ,20250801,2.3357,0.56,17.7243,0.7275,3903377.3619,3903328.8194
002841.SZ,20250801,2.6469,2.17,26.3242,2.026,2512619.7275,1882087.5176
688475.SH,20250801,2.8975,0.88,53.7821,5.1878,2779087.5,1445125.5
300987.SZ,20250801,18.0184,0.67,155.0061,4.8097,378288.976,378288.976
688138.SH,20250801,5.2508,0.61,52.4896,3.4255,914179.2,774787.2
688018.SH,20250801,3.0275,0.63,66.3288,11.5286,2514608.5799,2514608.5799
603920.SH,20250801,11.9937,0.96,32.4441,3.8862,2420316.9263,2420316.9263
601377.SH,20250801,1.0334,0.57,23.7179,1.0183,5578847.7919,5578847.7919
300916.SZ,20250801,7.0424,0.84,34.5665,3.8062,498443.2481,318196.3724
300039.SZ,20250801,9.176,1.05,19.3197,1.7484,717556.0,629011.391
003026.SZ,20250801,3.6846,0.6,155.2894,7.1506,444333.932,328043.5295
688351.SH,20250801,3.19,0.61,155.8371,5.8161,1024966.8,271944.8208
301099.SZ,20250801,5.6985,1.3,46.2899,3.7253,532548.4275,328417.3575
300132.SZ,20250801,2.1312,0.47,49.3533,2.3761,308915.3698,303832.6078
605166.SH,20250801,2.3146,0.61,11.3391,1.8653,352493.6778,352493.6778
301098.SZ,20250801,4.3164,1.05,74.461,1.3536,177129.3655,144150.2268
603120.SH,20250801,8.7447,1.04,37.4036,3.1542,360786.4,88375.9936
301469.SZ,20250801,4.5145,0.89,38.1005,1.8466,247680.64,127490.4401
688012.SH,20250801,1.4956,0.74,71.7657,5.9692,12053923.3051,12053923.3051
600971.SH,20250801,1.6373,0.42,12.289,0.6793,820803.3407,820803.3407
300992.SZ,20250801,4.6465,0.6,101.5113,2.8883,246891.221,200602.588
002192.SZ,20250801,4.6372,0.59,43.8305,2.7227,908014.2449,906143.4373
688373.SH,20250801,5.9418,0.92,,13.8347,531696.0532,296864.2305
300736.SZ,20250801,6.1754,0.65,,15.9944,144477.9227,141245.344
688212.SH,20250801,1.3201,0.75,,5.1733,675076.8983,675076.8983
002022.SZ,20250801,7.8891,0.9,,1.0775,351793.826,351743.8085
300236.SZ,20250801,2.2466,0.41,62.3272,2.8899,1296458.8601,1153093.4625
300909.SZ,20250801,4.1636,0.64,54.8157,2.6025,510789.207,366003.992
600622.SH,20250801,5.0504,0.48,,1.3056,440907.5082,440907.5082
603588.SH,20250801,2.6171,0.63,16.9878,1.0217,965730.6457,965730.6457
002432.SZ,20250801,2.3487,0.9,11.0084,0.8707,1857759.3507,1750425.5326
688050.SH,20250801,2.5448,0.64,38.7361,5.4911,1464448.8411,1437237.9883
300592.SZ,20250801,4.6975,1.07,63.2094,1.984,462185.1591,401227.4889
600684.SH,20250801,20.842,1.88,176.4563,8.9413,416488.8328,416488.8328
920378.BJ,20250801,2.3801,0.76,76.2396,4.9546,181965.42,130317.2489
002815.SZ,20250801,9.1581,0.83,55.8008,2.0235,1418602.2501,840530.445
688068.SH,20250801,6.9788,1.83,,6.7181,2007126.901,2007126.901
002862.SZ,20250801,8.2023,1.47,418.1793,6.8652,316512.0,237851.0737
300408.SZ,20250801,1.4566,1.01,28.1434,3.2736,6445180.6587,6288164.3612
600819.SH,20250801,4.709,0.53,40.2737,1.6941,590866.9556,472366.9543
300580.SZ,20250801,4.5868,1.0,43.019,4.0159,1242850.4168,1169030.1067
603086.SH,20250801,5.067,0.67,427.571,2.0579,409593.9807,409593.9807
300103.SZ,20250801,6.0085,0.76,,4.2773,216921.483,216743.6366
603982.SH,20250801,3.0523,0.54,,1.4267,309333.2822,309333.2822
603022.SH,20250801,9.749,1.5,41.4091,2.6158,207800.0,207800.0
300009.SZ,20250801,25.0579,2.42,28.5061,5.1902,1990300.297,1453823.2475
603079.SH,20250801,6.1042,1.21,72.6224,2.2258,343655.8564,311221.5256
300681.SZ,20250801,6.1184,1.0,103.8447,3.5028,760432.2,531836.4372
002560.SZ,20250801,4.5939,0.65,83.1394,1.6124,420590.856,362348.8016
601688.SH,20250801,1.5846,0.72,10.7231,1.0727,17910167.7255,14496608.0823
300251.SZ,20250801,6.6483,0.78,31.3576,5.7939,5905353.7736,5598763.5067
300454.SZ,20250801,5.9154,1.95,107.8194,5.2984,4701023.2702,3101016.4253
688229.SH,20250801,14.5393,1.45,,7.4797,307336.8,307336.8
000056.SZ,20250801,7.1661,1.56,,30.6867,347663.2967,265696.2622
920145.BJ,20250801,2.2491,0.79,,5.8082,153164.05,105868.2723
600309.SH,20250801,2.3912,0.81,15.9485,1.9966,19070833.1456,19070833.1456
300106.SZ,20250801,22.4264,0.69,,6.0685,250428.7874,250428.7874
600271.SH,20250801,1.7168,1.16,,1.2571,1719476.9441,1719476.9441
600095.SH,20250801,5.5936,0.68,451.8887,2.5788,3059330.885,3059330.885
301083.SZ,20250801,16.6369,1.79,111.3009,3.6501,294902.9339,141941.2424
603075.SH,20250801,4.1867,1.04,27.4469,4.5152,854874.1278,87604.5202
002033.SZ,20250801,3.1283,0.65,25.3689,2.0289,480804.3721,480795.1584
688195.SH,20250801,7.0446,0.7,85.0121,6.5829,604840.6,604840.6
002856.SZ,20250801,4.9137,1.23,,18.5983,160210.3647,142200.3595
002600.SZ,20250801,6.5144,1.9,34.632,3.1813,6433511.0631,6333913.6795
600754.SH,20250801,1.5739,0.7,31.3815,1.543,2376074.2577,2021229.866
002789.SZ,20250801,1.3997,0.69,,,130891.2815,107813.4245
688072.SH,20250801,0.9322,0.7,89.6166,9.3155,4756234.1934,4756234.1934
300240.SZ,20250801,12.7771,1.52,,2.1938,316571.6334,309598.8049
301329.SZ,20250801,2.9314,0.95,52.7499,2.2764,349250.4,123005.088
300405.SZ,20250801,6.5336,0.5,,4.1909,181145.3914,139371.0448
002393.SZ,20250801,9.6834,0.69,33.9378,1.3022,613080.1926,595522.2401
920826.BJ,20250801,5.2487,0.6,40.9732,5.1018,173818.0619,74445.891
300724.SZ,20250801,18.9231,5.86,7.9547,2.0222,2301516.2257,1900553.376
001288.SZ,20250801,10.7804,1.19,30.3614,2.5213,502958.5666,324383.8906
603214.SH,20250801,17.7227,0.67,25.6862,2.438,274309.2713,274309.2713
688677.SH,20250801,3.1261,0.73,35.4886,4.0886,509597.127,509597.127
300780.SZ,20250801,4.4435,1.06,,2.3232,242005.5,173041.1909
300365.SZ,20250801,5.7058,0.9,,2.2085,413300.4181,326791.0581
300948.SZ,20250801,5.1046,1.22,,2.1111,162015.3209,151342.6473
920454.BJ,20250801,5.2438,0.96,78.2015,6.6682,205050.1,123262.4729
605299.SH,20250801,20.2101,0.92,47.7287,3.3832,404725.0312,404725.0312
300663.SZ,20250801,3.8931,0.71,,12.0793,913838.9996,854902.4772
600637.SH,20250801,1.2624,0.58,38.8847,0.8791,2608834.258,2608834.258
300857.SZ,20250801,3.0146,0.85,37.6957,7.8278,2633979.0521,2626428.0296
600032.SH,20250801,0.8162,0.47,37.9201,1.4497,1810720.519,1810720.519
300138.SZ,20250801,4.4191,2.15,39.3362,2.0562,648803.4249,534934.7512
300868.SZ,20250801,1.9152,0.37,,2.5749,392246.44,245778.6873
688078.SH,20250801,5.2326,1.68,83.0403,3.3329,247836.2,247836.2
920017.BJ,20250801,17.2824,1.16,35.5097,1.9081,294592.2738,292495.7211
920627.BJ,20250801,4.8977,0.48,80.9156,5.8623,259737.5,128748.125
301395.SZ,20250801,5.6468,1.49,42.8595,1.8682,288506.3203,163267.3603
002230.SZ,20250801,2.2974,0.81,168.4118,6.3725,11239449.3288,10643616.9806
300984.SZ,20250801,5.0275,1.08,213.778,6.9053,692523.006,450561.1056
002387.SZ,20250801,1.4613,0.84,,2.6266,1318464.655,1316765.7382
603918.SH,20250801,10.4227,0.99,,7.8737,807450.006,806801.6631
001229.SZ,20250801,3.0028,0.6,46.1529,3.5158,330000.0,97039.4997
002540.SZ,20250801,1.3396,0.78,17.0108,1.3879,739061.0389,514607.9537
600186.SH,20250801,8.2321,2.22,44.0813,6.3317,1121251.3381,1116694.0256
300737.SZ,20250801,3.6308,0.75,186.4846,1.301,593833.0721,474500.2055
600708.SH,20250801,2.1652,0.42,,0.8213,791166.0438,789973.6087
003012.SZ,20250801,2.0173,0.94,22.2778,0.9443,689560.7702,682351.4469
002941.SZ,20250801,2.9576,0.59,23.7857,2.3088,774052.077,774052.077
000063.SZ,20250801,2.5615,0.85,19.929,2.3389,16216183.2669,13652796.8769
600918.SH,20250801,0.8073,0.66,47.6349,1.232,4648073.3793,2649864.1493
600520.SH,20250801,1.8669,0.71,283.0911,12.1705,458021.13,458021.13
600483.SH,20250801,1.5277,0.71,8.9314,1.043,2627230.221,2627230.221
688480.SH,20250801,2.4929,0.53,34.4755,3.968,410474.5268,274921.6468
920701.BJ,20250801,1.9108,0.67,51.2666,3.375,264658.8,193299.766
301533.SZ,20250801,16.1891,1.78,55.0451,3.6264,399813.3489,115652.0589
600528.SH,20250801,6.6989,0.3,12.4234,0.8235,2012725.7387,2012725.7387
600903.SH,20250801,1.842,0.69,245.0163,2.613,790055.79,790055.79
301298.SZ,20250801,3.6761,0.9,36.6501,2.775,248385.6,183486.0213
605056.SH,20250801,1.5073,0.55,25.6831,3.8337,605291.679,599843.029
001337.SZ,20250801,2.2621,0.48,36.4396,6.7036,973980.0,668929.464
300284.SZ,20250801,3.4135,0.62,73.9856,1.4158,1198423.5575,1136287.3887
603677.SH,20250801,3.1412,0.43,60.7256,3.3486,376727.2919,376727.2919
002517.SZ,20250801,2.4584,0.83,22.5886,5.5278,3886190.2426,3439426.5421
301220.SZ,20250801,6.2104,0.85,44.16,3.1242,530248.4897,308327.3211
301212.SZ,20250801,6.7637,0.73,146.6773,2.2383,299700.0,260156.25
300042.SZ,20250801,6.2269,0.72,,4.6811,476952.0,476908.089
688450.SH,20250801,2.7997,0.96,,1.9861,199056.0,147574.9068
601136.SH,20250801,3.1134,0.5,59.3425,4.0783,5433867.5944,957189.7944
002773.SZ,20250801,2.9655,0.79,31.2556,4.4767,3806080.6657,2837360.4336
600329.SH,20250801,5.0917,1.92,13.4681,4.1273,2984885.7239,2198038.3439
920541.BJ,20250801,2.3834,0.81,37.247,5.4996,226922.0,149497.4154
600336.SH,20250801,1.7634,0.48,,2.2317,553822.2497,553822.2497
603150.SH,20250801,27.667,4.99,21.001,1.8474,298421.153,298421.153
920547.BJ,20250801,19.6684,1.7,45.6177,3.2382,215817.264,98907.912
601199.SH,20250801,2.2394,0.86,12.5435,1.185,518106.5018,518106.5018
600936.SH,20250801,3.3229,0.83,,13.8131,626634.8396,626634.8396
301629.SZ,20250801,11.459,1.05,71.8879,5.5765,642433.1105,160608.2853
003004.SZ,20250801,1.6608,0.71,,2.3469,148333.2428,119228.3552
600161.SH,20250801,1.6014,0.8,26.8758,3.5481,3968584.4921,3968584.4921
002185.SZ,20250801,1.9674,0.73,58.7334,1.9256,3175644.2862,3174906.1349
002142.SZ,20250801,1.2186,0.82,6.6574,0.9209,18807026.5756,18796500.5784
002098.SZ,20250801,3.2629,0.52,15.5334,2.5183,337236.0,337221.87
002337.SZ,20250801,1.5578,0.66,83.61,2.6682,337865.4405,337510.0094
002295.SZ,20250801,15.4805,2.15,92.9892,1.9295,262144.336,261807.524
600080.SH,20250801,4.9965,1.88,56.6409,1.8939,293763.7143,293763.7143
601908.SH,20250801,5.3803,0.74,,1.0056,898232.2643,898232.2643
300074.SZ,20250801,6.6052,1.79,,2.8083,282770.904,281908.7898
600179.SH,20250801,1.983,1.05,16.7004,1.2141,1337162.5254,1183178.7324
920123.BJ,20250801,5.5553,0.63,46.2734,5.5613,213264.48,121666.0972
300937.SZ,20250801,11.0234,1.41,263.6732,3.5347,298384.3812,195397.0753
603960.SH,20250801,2.536,0.75,94.3364,4.5443,500535.7911,500535.7911
603689.SH,20250801,2.4736,0.78,12.6898,1.3031,414703.3398,410563.8533
603002.SH,20250801,5.9196,0.63,174.4362,2.3003,788184.5638,788184.5638
600584.SH,20250801,2.5877,0.66,36.8397,2.24,6180637.9248,6180637.9248
688606.SH,20250801,3.1105,1.1,18.1533,1.5111,578908.8032,578908.8032
688621.SH,20250801,9.7608,1.36,48.343,6.4098,648928.0,648928.0
600535.SH,20250801,2.665,1.07,25.5357,2.088,2488920.7083,2488920.7083
603189.SH,20250801,10.4504,1.44,518.0543,3.4762,521576.0553,521576.0553
688426.SH,20250801,2.7569,0.75,,1.856,267397.5629,90310.1502
001389.SZ,20250801,9.187,0.89,35.2972,8.7128,2722779.705,962003.2397
600841.SH,20250801,5.5406,0.7,,2.7767,918738.021,690482.2084
300968.SZ,20250801,3.3542,0.79,178.2987,3.1969,598160.86,598160.86
300634.SZ,20250801,11.3234,1.46,59.3861,4.7128,1305804.3446,1257966.5246
300295.SZ,20250801,2.0612,0.47,,2.524,285179.0259,251993.1305
688370.SH,20250801,5.3185,0.53,44.7476,1.2388,325356.9969,103816.6523
301106.SZ,20250801,5.13,0.45,31.843,2.591,314518.0318,314518.0318
300126.SZ,20250801,7.8375,2.25,,2.2226,235567.14,163255.8456
920578.BJ,20250801,3.4772,0.66,285.5388,7.8777,211158.7868,63503.0
301093.SZ,20250801,3.7601,1.07,76.6061,1.9597,438746.7393,419327.624
600827.SH,20250801,2.2704,1.2,11.2222,0.8853,1759189.7634,1581987.6211
300718.SZ,20250801,11.3774,0.62,111.9865,16.1956,2574578.9015,1670528.0958
600330.SH,20250801,5.1567,0.57,105.5132,1.2177,974413.1886,974413.1886
300378.SZ,20250801,26.8346,1.76,105.425,7.5985,1655224.8702,1642952.1574
000708.SZ,20250801,1.9068,0.72,12.5551,1.6417,6465408.7831,6465408.7831
603501.SH,20250801,1.6205,0.78,39.9951,5.8689,14523914.2026,14523914.2026
603399.SH,20250801,6.6181,0.46,,3.0444,519975.0087,519975.0087
301616.SZ,20250801,4.731,0.57,35.0468,2.6196,339440.0,84860.0
603288.SH,20250801,1.1701,0.86,33.6315,5.8691,22289601.2117,21180327.4721
300158.SZ,20250801,26.4909,0.81,,2.2379,819335.6011,817067.7878
688017.SH,20250801,3.5514,0.96,414.9403,6.8164,2336145.584,2336145.584
002626.SZ,20250801,2.5124,0.76,30.7811,2.92,1209500.6509,1209322.1809
600816.SH,20250801,1.3555,0.67,491.7624,2.088,2894267.7867,1607926.5482
688670.SH,20250801,4.1403,0.96,,1.5879,200076.8,200076.8
301179.SZ,20250801,1.7913,0.62,28.6366,2.5681,594948.3523,347746.4523
002909.SZ,20250801,3.4741,0.92,100.6541,2.6566,239460.0,233936.3074
688638.SH,20250801,1.6843,0.48,,2.3735,218400.0,103197.9858
002043.SZ,20250801,1.1986,0.4,13.9036,2.8768,831226.8641,735547.4712
688563.SH,20250801,2.4993,0.98,45.782,2.5082,2598750.0,675611.4346
000833.SZ,20250801,2.9517,0.65,29.0786,2.7105,968915.323,548072.0474
600833.SH,20250801,8.5195,1.19,22.8765,2.644,301389.6548,301389.6548
603680.SH,20250801,3.3838,0.71,24.1219,1.8385,984350.7714,984350.7714
300049.SZ,20250801,4.896,1.13,116.7514,6.592,1158209.6589,1020634.3659
600540.SH,20250801,5.1356,0.8,,5.5651,280223.6947,280223.6947
300741.SZ,20250801,2.0113,0.49,,1.7317,1179410.2,1179404.7423
002686.SZ,20250801,1.7976,0.6,146.7968,2.2503,367489.1973,339253.4626
300810.SZ,20250801,11.2252,1.09,,6.4065,506434.5,489002.943
920876.BJ,20250801,9.9715,0.7,2196.4127,8.0994,203837.773,122735.6117
600927.SH,20250801,3.0341,0.41,43.7442,1.743,2215355.5562,2215355.5562
688157.SH,20250801,5.6579,0.81,74.1174,4.4387,578951.4271,578951.4271
002587.SZ,20250801,3.1323,0.78,,3.1857,420245.9806,332318.8247
920199.BJ,20250801,18.7014,1.12,108.3964,4.571,237907.5314,129944.822
603327.SH,20250801,2.3307,0.65,80.9371,4.8912,947617.8389,947617.8389
601311.SH,20250801,2.1393,0.83,15.3643,1.1284,1067562.9674,1067562.9674
002512.SZ,20250801,10.2843,0.98,,9.9376,463426.1909,417381.5639
600966.SH,20250801,2.7209,0.78,51.9502,0.9804,668422.144,668422.144
600358.SH,20250801,2.7763,0.78,,39.6231,302457.0593,302457.0593
002893.SZ,20250801,2.9277,1.01,37.0573,2.1138,284203.92,218595.3502
300648.SZ,20250801,11.3055,0.97,,5.4338,756904.1202,461180.7336
002382.SZ,20250801,2.7501,1.19,,0.8052,649598.5056,644803.4143
002243.SZ,20250801,1.1556,0.49,37.8238,1.3755,986642.4385,981375.9664
688147.SH,20250801,7.1574,0.98,49.7575,5.6444,1528736.3931,335336.3931
002898.SZ,20250801,4.2836,0.82,,5.2674,262592.0,151083.741
002760.SZ,20250801,24.5294,5.98,,2.6794,217813.22,217813.22
002963.SZ,20250801,5.3305,1.3,,1.569,203286.6254,166287.9529
688728.SH,20250801,1.0807,0.74,380.9971,5.2101,3997101.7072,2226939.5849
300059.SZ,20250801,2.2118,0.63,35.3068,4.4341,36617955.293,30993087.2494
600616.SH,20250801,1.7164,0.69,635.2839,1.9469,376649.7869,376649.7869
300831.SZ,20250801,2.3921,0.58,74.7724,5.2051,483520.0,278755.6866
688126.SH,20250801,0.91,0.73,,4.3651,5074036.2625,5045373.5395
301011.SZ,20250801,3.1837,0.84,52.2157,5.4241,397388.628,374674.985
000661.SZ,20250801,2.6755,0.84,19.6241,1.9224,4311491.744,4223655.7126
301157.SZ,20250801,8.7212,0.64,82.5867,2.7711,300060.0,103320.9351
301279.SZ,20250801,5.8419,0.66,63.1742,2.3503,306702.9322,87737.4322
000889.SZ,20250801,13.3203,3.84,,36.592,346427.7129,321844.3801
688679.SH,20250801,4.1975,1.16,90.1102,1.7506,198588.0299,198588.0299
300915.SZ,20250801,2.8047,0.52,39.9492,2.1507,327811.2931,150070.3717
001318.SZ,20250801,221.2043,1.93,40.2679,3.3674,463562.4,463562.4
300373.SZ,20250801,3.8819,0.74,26.9066,3.3398,2946031.7011,2939525.6969
002303.SZ,20250801,3.689,1.01,19.5799,1.3108,572715.0582,356240.3314
603119.SH,20250801,6.0383,0.85,81.7524,10.9282,1986032.139,1113181.9772
605117.SH,20250801,3.905,1.27,14.5333,5.46,4698600.6273,4698600.6273
688162.SH,20250801,4.1263,0.57,183.6031,1.7253,406931.5667,406640.8987
301276.SZ,20250801,17.6155,1.25,20.2774,1.6003,329832.0,117281.7084
920204.BJ,20250801,14.5889,0.94,114.7986,4.8398,230722.2393,122318.0373
600595.SH,20250801,4.2564,1.48,21.2933,1.2062,1895739.1189,1895739.1189
603398.SH,20250801,13.6201,1.17,,2.5798,228095.4416,228095.4416
002588.SZ,20250801,2.2727,0.87,11.7849,1.5122,1032095.2141,769303.4227
002649.SZ,20250801,4.0941,1.15,48.4009,2.0788,855188.3613,801569.4246
000672.SZ,20250801,3.7154,0.68,12.3275,1.0133,854037.3915,854037.3915
688083.SH,20250801,5.169,2.01,267.6303,4.3349,1113492.1356,1113492.1356
000892.SZ,20250801,9.428,0.46,,5.2544,460079.8418,333382.2969
600839.SH,20250801,2.6462,0.77,51.4298,3.0377,4491605.628,4490354.748
603063.SH,20250801,16.0125,1.42,35.3029,3.8477,1731919.5257,1731919.5257
688548.SH,20250801,0.9777,0.71,55.1128,2.2461,1307523.9343,675181.6924
000659.SZ,20250801,8.7537,2.74,,18.9323,385710.756,385710.756
300076.SZ,20250801,3.9268,1.0,,2.9499,271784.0,271784.0
600658.SH,20250801,12.5186,1.84,,1.0051,577189.8832,577189.8832
002697.SZ,20250801,14.5939,0.98,16.1808,1.8648,832320.0,657557.0046
002376.SZ,20250801,2.6031,0.56,85.3624,1.638,611164.1559,593748.2745
300661.SZ,20250801,7.3951,1.98,91.5673,10.1682,4629927.9894,4440382.9709
002515.SZ,20250801,4.3306,1.06,129.4062,3.1134,813532.7182,780173.6497
002906.SZ,20250801,2.0118,0.66,23.5061,2.4549,1562123.354,1561559.527
600939.SH,20250801,4.2513,0.5,,0.9236,716980.255,716980.255
603103.SH,20250801,11.3236,0.52,386.5261,7.104,1073066.4,1073066.4
301048.SZ,20250801,4.3869,0.59,32.1241,2.1994,582933.4062,582933.4062
603686.SH,20250801,18.1015,2.01,48.6438,2.0948,700000.2307,700000.2307
603879.SH,20250801,17.9757,2.86,,10.3383,267352.2634,267352.2634
300196.SZ,20250801,5.428,0.67,18.5562,1.2549,568116.0031,342099.8889
002768.SZ,20250801,7.3428,1.57,14.5972,1.953,969718.75,631874.5469
601133.SH,20250801,4.1047,1.01,32.2674,2.2749,647878.6062,180982.5
301033.SZ,20250801,4.1764,0.62,56.1278,7.1633,494327.1251,416076.3906
002278.SZ,20250801,14.3435,0.56,64.6627,3.1118,350081.0814,321506.6732
301128.SZ,20250801,11.7335,0.73,54.9322,6.8897,578443.5818,578443.5818
300869.SZ,20250801,16.6357,0.65,,4.5619,795569.8945,501654.7681
601633.SH,20250801,1.2078,0.72,15.5413,2.3682,18572912.6746,13474054.3436
603922.SH,20250801,12.1985,0.71,452.8021,3.9075,399974.4,399974.4
600789.SH,20250801,7.9866,0.7,23.3133,2.4296,946299.1225,946299.1225
600916.SH,20250801,1.364,0.53,23.2474,1.9596,1370880.0,1370880.0
003016.SZ,20250801,16.3325,1.0,,1.259,335103.9006,327566.3824
605189.SH,20250801,14.3327,0.94,28.3977,1.6223,288008.9398,288008.9398
301421.SZ,20250801,9.3582,0.55,262.0562,7.2814,856891.79,342914.3314
300213.SZ,20250801,4.2708,0.62,99.7087,2.5221,546815.4872,502245.8186
002491.SZ,20250801,4.1267,0.84,25.2008,2.2235,595317.338,569410.9336
688234.SH,20250801,5.243,1.67,182.2219,4.837,2577406.8419,2577406.8419
301255.SZ,20250801,3.7436,0.52,96.7495,4.4597,458635.52,114658.88
002766.SZ,20250801,1.6533,0.79,88.0792,5.5668,453306.7074,449029.4648
002115.SZ,20250801,4.9865,0.94,,3.2445,674744.7882,625826.6826
300904.SZ,20250801,7.901,0.79,,5.1642,380591.0339,115587.8339
688700.SH,20250801,7.3143,1.07,249.1463,8.0058,1377719.0791,1377719.0791
002408.SZ,20250801,2.7377,0.44,2917.8153,1.2577,1452693.0944,1452608.5878
301488.SZ,20250801,5.1588,0.58,65.511,5.1595,663228.0,168771.7013
603208.SH,20250801,3.1236,0.64,31.4316,2.103,262569.9029,262569.9029
688122.SH,20250801,2.3106,0.6,40.7038,5.1072,3501691.6388,3501691.6388
920227.BJ,20250801,19.686,1.37,67.0955,7.4425,285441.195,129181.7503
688681.SH,20250801,2.7974,1.08,49.1235,3.0199,170612.1,170612.1
002935.SZ,20250801,3.1698,1.06,101.0193,4.3924,675595.2952,661239.7766
600496.SH,20250801,1.319,0.84,12.0886,0.7548,650770.6595,650770.6595
300966.SZ,20250801,51.723,3.89,,3.7239,307565.4819,204542.1453
920685.BJ,20250801,7.0989,0.87,33.9184,2.8938,153289.2012,91775.059
300504.SZ,20250801,3.0212,0.88,,1.9912,427947.8118,344636.6943
002223.SZ,20250801,1.2552,0.48,19.8396,2.7654,3513681.6361,3295254.3648
002036.SZ,20250801,2.91,0.82,,5.2907,1130365.8042,1123957.1023
688207.SH,20250801,4.2177,0.82,,2.091,416428.8204,303391.5
600326.SH,20250801,32.845,0.65,,6.5035,2418260.572,2416711.9395
001373.SZ,20250801,3.8892,0.81,338.3923,2.4537,218561.6776,105425.1712
920029.BJ,20250801,1.9368,0.64,18.9978,3.9212,1264007.5564,289351.1327
301337.SZ,20250801,5.2992,1.31,,2.8406,311453.8,116044.114
300390.SZ,20250801,2.242,0.53,47.288,1.5196,1649871.065,1334607.5941
301100.SZ,20250801,3.0782,1.33,,1.7971,365600.0,159950.0
300706.SZ,20250801,34.6966,0.7,,7.1217,516506.3021,382860.4789
300069.SZ,20250801,24.6923,1.99,67.7857,8.76,240318.0,240318.0
600730.SH,20250801,10.6116,0.82,113.8232,2.7676,499830.9137,499830.9137
301520.SZ,20250801,16.325,1.18,47.686,2.1554,322800.0016,108572.1273
300604.SZ,20250801,3.3187,0.86,41.0674,7.279,2753874.8503,2120929.0284
920675.BJ,20250801,3.2211,1.02,44.8248,3.6847,217787.46,99900.6806
301127.SZ,20250801,1.004,0.49,28.6391,3.0779,1021970.3528,1009026.6766
601298.SH,20250801,1.4397,0.64,10.6018,1.2848,5640765.9,4685713.175
601117.SH,20250801,1.072,0.62,8.2705,0.7667,4893089.015,4861734.1904
688209.SH,20250801,2.4452,0.76,56.824,4.0275,795121.7621,553691.2788
000722.SZ,20250801,2.7908,0.54,123.9415,1.8589,573699.6366,573699.6366
300710.SZ,20250801,3.1274,0.93,,4.223,198682.1291,160743.8939
600734.SH,20250801,2.2113,0.57,,22.8609,864786.3331,860865.9644
301618.SZ,20250801,4.8819,1.28,79.3393,5.7349,531281.1995,132820.506
603607.SH,20250801,3.8652,0.59,37.7028,4.2522,409339.0224,409339.0224
300144.SZ,20250801,1.5425,0.78,21.4177,2.8505,2234466.2249,2006909.1778
000402.SZ,20250801,1.5342,0.76,,0.3587,878745.3927,878565.3385
605162.SH,20250801,7.0118,0.74,25.924,2.8959,354071.0367,354071.0367
301322.SZ,20250801,11.2698,3.09,33.0626,1.5696,436776.2525,285155.8135
603392.SH,20250801,1.0162,0.69,,6.0158,7345302.8258,7345302.8258
600362.SH,20250801,2.4228,0.71,10.8502,1.0069,7811917.5377,4681758.1457
603041.SH,20250801,5.8228,1.52,50.5968,1.5535,229484.0581,229484.0581
002835.SZ,20250801,5.3344,1.17,19.4429,3.486,406941.7481,235990.9304
920770.BJ,20250801,12.871,1.27,74.1463,4.3482,250764.7012,157809.3526
688080.SH,20250801,3.6962,0.75,25.1664,3.2513,341934.0285,341934.0285
688077.SH,20250801,5.5703,0.45,115.6306,3.3624,352593.7923,352593.7923
688178.SH,20250801,3.224,1.16,,1.9412,199234.9463,199234.9463
688396.SH,20250801,1.3828,1.05,76.7126,2.7764,6232750.5236,6232750.5236
002531.SZ,20250801,1.4696,0.72,127.7538,1.3126,1171564.885,1165036.7128
300299.SZ,20250801,6.0336,0.78,,11.0402,494945.1609,493995.4944
002879.SZ,20250801,2.0804,0.75,50.0156,1.8043,304530.7483,217443.0759
920267.BJ,20250801,4.9257,0.42,78.1287,5.3894,142551.3477,82667.8895
920057.BJ,20250801,9.7353,0.44,,2.0721,146279.4807,93116.1623
300399.SZ,20250801,11.8911,0.64,339.2905,11.9805,622242.4,622181.703
688201.SH,20250801,4.9931,0.88,,2.9198,372021.4262,354868.5733
603387.SH,20250801,3.1035,1.18,22.001,1.6836,444266.4809,444266.4809
300767.SZ,20250801,9.6783,0.77,,2.3488,383215.6558,332460.4242
300758.SZ,20250801,2.795,0.56,43.7454,3.3607,586725.7712,511019.9497
000528.SZ,20250801,3.1313,0.5,14.645,1.2545,2176744.7776,2175948.9042
300133.SZ,20250801,7.5714,1.17,48.5561,2.0586,1481676.7532,1266597.9308
300956.SZ,20250801,3.1515,0.64,355.0496,2.5391,347915.6709,339880.6179
600348.SH,20250801,1.332,0.54,12.6442,0.9151,2471137.5,2471137.5
002471.SZ,20250801,4.624,0.75,,3.4961,604991.92,576808.5692
300193.SZ,20250801,2.3128,1.07,17.4347,2.1607,440531.0696,388181.4966
300783.SZ,20250801,4.0215,0.98,30.3775,3.3855,1028249.088,717454.848
300700.SZ,20250801,5.3886,1.09,,4.6021,428125.7509,292454.1929
600873.SH,20250801,1.3505,0.88,10.5862,2.234,3183712.245,3183712.245
002932.SZ,20250801,3.0858,0.72,133.2045,0.9324,516894.0874,346977.3129
002597.SZ,20250801,1.7864,0.88,19.1335,1.7383,1280993.005,1277609.6158
920751.BJ,20250801,9.6146,0.75,46.5995,5.3445,195602.12,187233.2998
601869.SH,20250801,18.4536,1.06,49.9555,3.2671,3844852.6129,2061354.2669
600777.SH,20250801,1.0637,1.13,13.5793,1.1911,2733799.3217,2559193.2612
600759.SH,20250801,2.823,0.45,22.8856,1.145,991613.2179,990340.9014
603059.SH,20250801,7.1593,0.7,,3.37,339315.7086,339315.7086
600096.SH,20250801,1.6624,0.7,8.5518,2.1114,4415283.5505,4415283.5505
601811.SH,20250801,2.0535,0.57,11.7253,1.31,1874204.479,1202902.0241
600355.SH,20250801,2.4415,0.79,,10.827,132864.084,132864.084
300534.SZ,20250801,26.1037,2.43,122.759,4.9322,342173.16,340701.8115
300525.SZ,20250801,12.4191,3.09,41.9249,4.9395,1237399.1965,1014879.1789
300763.SZ,20250801,4.6326,1.14,26.6122,2.7537,2303486.7072,1860251.6815
000088.SZ,20250801,0.8857,0.44,16.8016,1.3484,2360565.4391,1435954.0885
300548.SZ,20250801,8.4318,0.69,152.6761,14.9328,2469447.7699,2280340.4924
001336.SZ,20250801,5.8007,1.03,79.9647,2.3822,184939.4235,107187.8512
688597.SH,20250801,1.9693,0.68,21.4416,3.4718,267167.2707,267167.2707
301489.SZ,20250801,27.5154,2.15,145.9787,8.4878,880378.658,518942.3081
600035.SH,20250801,1.396,0.66,9.0463,0.8,690739.7215,690739.7215
300293.SZ,20250801,9.1202,0.38,,9.69,857602.1606,710371.2137
002970.SZ,20250801,2.5361,0.68,24.2382,4.8382,818342.547,555061.6961
600183.SH,20250801,4.0647,1.3,52.1402,7.0411,9959978.013,9817456.3304
688216.SH,20250801,4.391,0.6,,4.2298,262603.6809,261144.2229
600470.SH,20250801,2.0642,0.57,,1.675,295747.2,295747.2
301368.SZ,20250801,4.9653,0.85,490.7479,7.6473,743178.8,396783.4707
600847.SH,20250801,3.5411,1.52,,3.2334,174134.4864,174134.4864
300414.SZ,20250801,34.0822,0.96,641.2312,5.1655,506634.2502,487240.8958
000415.SZ,20250801,1.4638,0.53,18.0111,0.6739,2133659.8423,1860569.7279
000429.SZ,20250801,1.0723,0.59,14.3192,2.575,2575873.1472,1605701.3354
601952.SH,20250801,1.5463,0.47,20.6394,1.9711,1338038.0,1338038.0
300192.SZ,20250801,11.0577,1.2,37.0109,5.7937,526629.3264,517017.3264
300693.SZ,20250801,11.2321,1.63,24.1605,5.9695,1052245.1486,899849.7925
301292.SZ,20250801,3.9551,0.78,,1.5297,434674.5629,166069.0342
688110.SH,20250801,36.934,2.09,,8.0493,2538513.6109,2538513.6109
002005.SZ,20250801,1.0025,0.72,,21.8453,425839.2405,425734.3374
002151.SZ,20250801,5.226,0.68,,3.1739,1610959.623,1313986.5077
300393.SZ,20250801,2.622,1.12,,2.0762,671210.4525,587706.188
300675.SZ,20250801,16.004,1.25,,4.1921,238186.7208,238186.7208
002859.SZ,20250801,7.0254,0.87,60.3965,3.9049,1102768.3434,1037957.1569
000557.SZ,20250801,1.4599,0.88,32.4542,1.2991,793355.8558,793106.4117
688500.SH,20250801,11.1226,1.36,,7.843,579766.6341,565265.6661
002255.SZ,20250801,3.3047,0.8,17.4953,1.6815,709572.421,544828.2955
002059.SZ,20250801,2.872,0.83,,3.7747,518366.6243,518366.6243
301006.SZ,20250801,4.1031,0.83,28.5335,1.8512,227304.96,140492.5152
002793.SZ,20250801,24.7471,1.8,,4.9509,690618.6886,689571.2294
688025.SH,20250801,4.5835,1.02,67.2629,4.7186,958098.1838,958098.1838
920252.BJ,20250801,5.241,0.42,247.0059,7.6494,199142.2901,132368.6037
002830.SZ,20250801,6.3353,1.14,53.4161,3.3298,213210.66,106897.1475
601515.SH,20250801,7.2417,1.54,,1.5336,794758.8631,794758.8631
002696.SZ,20250801,5.2731,0.95,,1.6396,219247.3118,212355.6421
002567.SZ,20250801,2.1153,0.63,14.5751,1.1976,693596.8742,692852.9565
601618.SH,20250801,1.5272,0.81,10.9562,0.6045,6217085.751,5355785.751
002203.SZ,20250801,11.7933,5.71,32.4823,1.7968,2381344.625,2297890.2785
300398.SZ,20250801,5.0113,0.79,35.5793,2.4113,1090238.0234,1084284.0134
301020.SZ,20250801,3.4682,0.81,37.9982,3.4982,328521.6,328521.6
002331.SZ,20250801,3.4554,0.69,114.5545,2.0218,342047.1262,318259.6172
688318.SH,20250801,7.5098,0.73,102.5781,8.6337,3079836.6508,3079836.6508
603869.SH,20250801,1.1274,1.54,191.7308,0.9581,355672.8581,355672.8581
000807.SZ,20250801,1.3722,0.67,12.8783,1.8954,5437757.211,5437697.6208
603135.SH,20250801,2.4765,0.95,114.8138,2.1236,629538.08,252657.156
600438.SH,20250801,4.2662,0.96,,2.0888,9265087.3773,9265087.3773
603012.SH,20250801,1.5147,0.53,19.8011,1.0117,378574.704,376263.0
002488.SZ,20250801,0.6534,0.58,615.3724,3.7355,1293075.3454,1195189.1147
002345.SZ,20250801,3.1776,0.69,50.1944,3.6111,1263465.0694,1232880.207
300087.SZ,20250801,3.1831,0.68,87.2035,4.4809,862071.8934,813264.5348
688620.SH,20250801,12.3303,2.49,,3.4854,494312.0,292953.6537
688683.SH,20250801,1.425,0.49,104.3023,4.124,413859.5366,413859.5366
600283.SH,20250801,4.0796,0.52,23.5376,1.8884,561946.5478,545255.5234
600063.SH,20250801,1.9226,0.61,24.5723,1.2999,1081773.7697,989909.8717
002961.SZ,20250801,5.8065,0.6,24.1681,3.4105,945700.9943,945696.213
002670.SZ,20250801,8.0405,0.57,135.6738,2.6171,2914237.4874,2444766.0548
920146.BJ,20250801,3.9059,0.66,,5.9604,134855.4526,108454.4989
688076.SH,20250801,6.8538,0.95,31.4326,5.5158,1542333.2574,1542333.2574
300519.SZ,20250801,43.2181,3.33,60.8045,3.9256,316800.0,225918.0
300468.SZ,20250801,16.209,0.86,315.4266,12.6025,2013283.3494,2010038.6826
300123.SZ,20250801,5.4357,0.98,,4.1884,645799.1657,632236.253
920924.BJ,20250801,3.1959,0.71,109.9031,9.8044,300769.914,172830.9934
300188.SZ,20250801,16.5598,0.95,,4.5329,1533307.521,1526560.7542
603118.SH,20250801,7.1197,0.91,,1.7166,855769.4533,855769.4533
300781.SZ,20250801,30.9173,0.79,,11.8209,764055.8184,563501.3355
002999.SZ,20250801,3.6092,1.16,83.3154,2.0879,246790.32,243953.6925
603021.SH,20250801,4.2899,1.8,,42.2461,117100.9936,117100.9936
000936.SZ,20250801,1.996,0.74,47.7506,1.2217,637929.2786,637838.8826
605287.SH,20250801,3.4786,1.14,,1.3827,217280.0,217280.0
920305.BJ,20250801,33.3958,1.32,,3.8174,238277.025,145981.575
301275.SZ,20250801,5.5219,0.91,34.027,6.1437,2351500.8,176812.1175
002779.SZ,20250801,11.071,1.44,207.6882,20.4506,1575789.6,1413847.6725
002962.SZ,20250801,2.3004,0.78,80.1154,2.4721,439248.0201,315031.1115
603065.SH,20250801,2.3877,0.67,103.7506,1.8604,375813.9121,176416.0891
300770.SZ,20250801,2.5772,0.58,14.0337,2.6342,941269.7742,941269.7742
600925.SH,20250801,1.2843,0.93,30.1139,2.2417,3437555.5556,801418.2444
688381.SH,20250801,2.5861,0.83,,2.1759,573705.0,425460.5552
002564.SZ,20250801,14.2559,0.99,260.0544,45.6395,717185.2383,717185.2383
688159.SH,20250801,6.1629,0.54,91.9888,6.2165,543795.3235,542741.7835
600889.SH,20250801,1.9455,0.54,,14.7947,548419.977,548419.977
000593.SZ,20250801,3.8557,1.04,274.576,2.6853,228806.5837,228712.2618
688183.SH,20250801,11.7601,1.13,86.5693,10.1394,4377874.844,4377874.844
300533.SZ,20250801,14.0034,1.0,21.1262,5.6115,817803.3514,575448.7262
603256.SH,20250801,17.8698,0.61,368.8827,15.3772,2277614.4975,2277614.4975
600316.SH,20250801,4.968,0.94,751.3354,5.6439,3003992.6908,3003992.6908
300502.SZ,20250801,5.8863,0.83,44.537,18.8927,18196907.1023,16208895.0005
601888.SH,20250801,1.3392,0.31,37.2848,2.4209,13362760.5652,12611039.5387
002402.SZ,20250801,12.184,1.44,53.1892,4.8836,2324963.0005,2025861.203
920089.BJ,20250801,1.9705,0.57,19.7087,2.157,245739.508,152499.8358
000790.SZ,20250801,13.3151,2.36,,2.6826,271317.9233,270877.8121
603229.SH,20250801,27.8451,2.05,47.8712,4.4654,1022095.7855,1022095.7855
600818.SH,20250801,1.6633,0.7,,6.1219,356807.1801,264133.2801
002317.SZ,20250801,25.1532,1.59,,4.797,1830750.2475,1640523.8925
920895.BJ,20250801,2.7175,0.58,,9.129,178502.792,90751.1302
601137.SH,20250801,2.301,0.75,10.4109,1.7741,1465586.5922,1463852.8322
603898.SH,20250801,3.5906,0.67,43.18,1.0052,302570.339,302570.339
600666.SH,20250801,15.2305,1.26,,13.4414,1116459.1886,977580.1857
603909.SH,20250801,1.5707,1.17,28.6156,2.5075,267450.6416,267450.6416
601066.SH,20250801,1.2749,0.68,25.0969,2.5123,19670978.0052,16473021.7448
603061.SH,20250801,3.8976,0.85,61.3262,4.0913,547320.0,381539.8187
605086.SH,20250801,5.8002,0.73,39.2232,4.073,504806.4,504806.4
688223.SH,20250801,2.1517,0.88,,1.7824,5322767.6279,5322767.6279
601399.SH,20250801,3.0884,0.39,55.0096,1.6458,2387686.9996,2387686.9996
002188.SZ,20250801,4.7163,1.06,189.6948,6.0397,188084.7218,147983.729
000778.SZ,20250801,1.446,0.61,111.5993,0.5859,1490156.5392,1464002.9068
920027.BJ,20250801,4.2023,0.74,41.3643,5.3855,226918.0275,75286.47
300593.SZ,20250801,8.9534,0.63,,3.736,903259.9509,749688.7292
603530.SH,20250801,7.9102,1.53,39.5114,7.5706,1245409.9989,1233235.873
688357.SH,20250801,2.6157,0.57,44.6641,1.824,306078.8934,306078.8934
301389.SZ,20250801,36.2696,1.35,128.4848,5.6103,1221885.0,353752.0726
002107.SZ,20250801,20.625,2.23,60.1137,5.6706,420785.7984,415250.5379
603833.SH,20250801,1.8266,0.53,11.6841,1.8031,3142008.7394,3142008.7394
600545.SH,20250801,2.4504,1.09,,1.3466,418371.4599,418371.4599
002676.SZ,20250801,3.5996,0.9,85.4998,4.128,517680.0,517657.4327
600758.SH,20250801,2.1439,0.53,24.2208,0.9135,518230.8184,517731.4104
000524.SZ,20250801,10.1142,0.89,52.7849,3.5968,805590.7336,805340.1611
000566.SZ,20250801,6.9142,0.57,,18.3196,836800.5063,752011.7778
920753.BJ,20250801,2.7653,0.76,74.0254,5.9464,222885.1596,86279.9245
920088.BJ,20250801,16.924,0.86,55.4147,5.0332,330444.268,90610.8
002320.SZ,20250801,10.5472,0.47,84.8996,4.0438,1747483.6186,1747483.6186
600499.SH,20250801,1.7531,1.46,19.9932,1.8237,2082792.0406,2082792.0406
002852.SZ,20250801,17.9739,2.46,11.913,1.746,393843.7092,326631.8577
301586.SZ,20250801,8.8956,0.92,54.0499,3.7519,467152.0819,116788.0219
600871.SH,20250801,2.5008,0.7,55.8147,4.1738,3753495.0749,2682308.4455
002067.SZ,20250801,6.9691,0.43,208.9146,0.9557,548151.6033,488310.6033
601225.SH,20250801,0.8804,0.66,8.6172,2.2699,19399695.0,19399695.0
688800.SH,20250801,26.064,2.64,63.0233,6.2162,1318372.4874,1318372.4874
002398.SZ,20250801,7.0439,0.58,87.4028,1.0995,388101.0082,322128.5824
003010.SZ,20250801,9.1149,1.13,89.8237,15.6855,1080012.4932,781961.0803
000958.SZ,20250801,1.3401,0.51,36.9589,1.8187,3612273.8269,3612258.7294
000050.SZ,20250801,1.5542,1.15,,0.8295,2270958.8388,2270932.0197
300837.SZ,20250801,3.8903,0.75,70.6996,1.8189,244103.7787,172292.6099
601990.SH,20250801,0.938,0.52,29.8361,1.694,3030188.7699,3008346.4322
000048.SZ,20250801,2.7743,0.77,10.6922,1.9525,825119.181,819638.171
002075.SZ,20250801,8.603,3.13,74.2611,2.1842,1401854.4594,1401852.2069
300669.SZ,20250801,1.2915,0.43,220.9854,6.3173,545163.9331,515126.4371
301265.SZ,20250801,6.1855,0.76,59.1232,1.668,344783.4811,193229.1601
600332.SH,20250801,2.4935,1.13,16.3742,1.1921,4418899.7994,3821211.5994
603177.SH,20250801,5.5863,0.69,103.7658,5.1553,195846.3,193982.4
002967.SZ,20250801,1.9735,0.78,28.4133,3.1013,1010765.0511,918006.7339
688709.SH,20250801,2.7792,1.02,239.9049,7.2577,2049373.7297,701273.8037
688367.SH,20250801,2.3604,0.88,62.5817,2.8933,169816.4748,169816.4748
600017.SH,20250801,1.2943,0.62,15.8216,0.7203,984209.2442,984209.2442
688570.SH,20250801,4.3455,2.56,31.6394,2.1772,926620.0,402748.0
300570.SZ,20250801,10.2652,0.7,81.6732,17.371,2522698.1118,2134687.9065
601038.SH,20250801,1.4522,0.49,17.4192,1.992,1484335.4083,966582.6683
600313.SH,20250801,2.2565,0.63,129.5412,3.5027,687196.151,687196.151
301081.SZ,20250801,3.9959,1.3,59.0447,2.0988,235707.3942,226045.7096
688608.SH,20250801,2.8539,0.64,63.9541,6.076,3986833.1875,3986833.1875
601519.SH,20250801,6.8443,0.58,,19.6685,2605799.6,2605799.6
002094.SZ,20250801,7.8029,0.83,171.7614,3.9948,594862.7897,594480.5057
301535.SZ,20250801,5.1187,0.83,68.5046,7.5574,839530.5889,118244.6194
603067.SH,20250801,5.6883,1.68,20.6577,3.2823,1042685.3264,1042685.3264
601677.SH,20250801,1.5735,0.53,8.4302,0.8771,1539482.2502,1507892.2042
300379.SZ,20250801,4.2151,0.67,,1.0077,312994.7065,295443.6734
001289.SZ,20250801,3.2485,0.86,23.3783,1.8185,13685019.0605,8253646.2265
000685.SZ,20250801,3.8718,1.61,10.9656,0.8423,1442658.9013,1226374.9935
002986.SZ,20250801,8.0438,0.95,18.5184,1.2497,498166.6974,392221.6084
301325.SZ,20250801,4.5352,0.6,,3.0047,864507.1013,347831.3576
300268.SZ,20250801,1.6574,1.35,,,178729.2,137183.895
600202.SH,20250801,15.6554,2.16,,2.7474,225404.3151,225404.3151
600675.SH,20250801,1.1781,0.63,49.0362,1.1852,1753379.246,1753379.246
603018.SH,20250801,2.3161,0.68,16.5818,1.1214,576437.9753,576437.9753
301187.SZ,20250801,6.5188,0.58,27.5346,5.5382,749504.5635,196497.4931
002795.SZ,20250801,6.6642,1.07,,5.1854,258537.3652,252168.0773
300575.SZ,20250801,5.7162,0.52,,1.5664,329601.7484,236811.3773
300247.SZ,20250801,6.1855,1.62,60.2194,3.1316,343325.2137,342998.5587
603038.SH,20250801,2.4927,0.77,141.6257,2.8755,389313.1266,389313.1266
002030.SZ,20250801,11.923,0.94,,1.2703,1007674.251,1007674.251
600157.SH,20250801,1.4296,0.38,27.0578,0.6626,3098122.5086,3098122.5086
001208.SZ,20250801,5.2123,0.55,52.272,3.8804,630085.896,318415.7687
002772.SZ,20250801,2.8635,1.06,22.7913,0.9967,322457.9144,319910.8353
301566.SZ,20250801,3.3194,0.57,50.5108,4.9913,686817.17,362435.991
688306.SH,20250801,2.9467,0.68,738.0424,6.8212,1203717.144,1203717.144
002135.SZ,20250801,1.2766,0.69,32.6621,0.7741,487480.9858,456169.7531
003013.SZ,20250801,1.4065,0.74,13.7059,2.3204,607182.0973,594647.694
000526.SZ,20250801,7.9413,3.69,32.5404,7.7529,661462.0997,648809.1603
600353.SH,20250801,7.8397,0.67,97.9486,5.8681,1051579.8948,1050103.7385
600750.SH,20250801,2.1237,1.01,17.3962,3.7038,1402706.2126,1385688.9469
002921.SZ,20250801,10.3271,1.25,,1.9151,224530.1124,192835.717
002328.SZ,20250801,2.9751,1.09,31.516,1.4171,459203.15,339621.1781
002024.SZ,20250801,0.2833,0.73,24.1376,1.3879,1751041.0798,1749089.4091
603806.SH,20250801,6.6503,0.98,31.9505,2.4295,3793103.2374,3793103.2374
000563.SZ,20250801,1.5707,0.54,13.0362,0.9945,1825687.4178,1825687.4178
600078.SH,20250801,3.0682,0.93,,2.4628,413445.4653,413445.4653
603210.SH,20250801,2.3928,0.59,38.3451,4.0703,702245.2,151811.1487
301080.SZ,20250801,3.3001,0.78,68.7764,3.5745,919808.125,694145.287
603663.SH,20250801,5.3395,0.41,161.4777,8.8181,1130210.3325,1128928.7325
600815.SH,20250801,2.8689,0.33,720.2636,3.2841,500294.6434,500294.6434
002050.SZ,20250801,2.4422,0.8,33.0081,3.8,11073684.135,9693455.2153
300788.SZ,20250801,10.2538,1.5,45.8979,2.8728,619893.9389,619893.9389
603788.SH,20250801,2.1329,0.5,18.1296,1.8168,355565.7184,355565.7184
605259.SH,20250801,6.2153,0.53,21.9464,2.7485,453794.88,453794.88
002117.SZ,20250801,2.8849,0.68,39.5104,4.6716,621656.7736,621459.4052
920925.BJ,20250801,6.7723,0.6,291.4167,6.9798,246817.8226,140394.1396
002634.SZ,20250801,6.6196,1.51,,7.9099,199358.9906,193787.3095
000859.SZ,20250801,1.8546,0.51,,2.1693,600304.1016,600222.1941
688360.SH,20250801,7.1657,0.95,56.4697,4.1871,581295.4501,556038.4211
688737.SH,20250801,3.0073,0.86,,1.4032,257302.8234,257302.8234
300286.SZ,20250801,2.5854,0.88,31.8647,2.6292,563262.3351,394758.9792
603883.SH,20250801,4.4682,0.78,32.5604,2.1565,1460143.6726,1457828.1434
300517.SZ,20250801,10.4572,1.87,237.6663,2.4036,245100.8479,151678.6602
600638.SH,20250801,1.7082,0.61,25.3705,0.8641,395283.9134,395283.9134
300417.SZ,20250801,12.0102,1.51,119.091,4.0624,185024.4,119624.6398
002756.SZ,20250801,2.5833,0.5,24.992,1.5583,1915966.8732,1381418.7532
920245.BJ,20250801,5.7151,0.51,82.6069,4.8074,161956.005,123828.8402
002401.SZ,20250801,21.2431,0.7,104.8089,4.8187,806520.5148,805859.7498
688137.SH,20250801,7.2946,0.82,,1.5504,324421.0545,151058.5545
600644.SH,20250801,5.1038,0.52,368.6318,3.8203,782468.0668,728456.0916
301160.SZ,20250801,4.4755,0.6,34.3218,4.3677,715716.821,471235.5189
600160.SH,20250801,2.6783,1.45,29.5785,4.0401,7270416.1961,7270416.1961
002843.SZ,20250801,13.5259,0.7,173.094,4.292,577737.7048,575568.9298
603803.SH,20250801,4.5832,0.93,,2.3154,366249.6261,366249.6261
600617.SH,20250801,2.5169,0.9,,1.5299,534386.122,491825.3249
001395.SZ,20250801,2.9044,0.55,22.9628,3.5512,393714.12,88849.0512
600382.SH,20250801,1.4851,0.84,148.205,1.3919,373591.5519,373591.5519
603725.SH,20250801,12.6391,0.81,29.0741,4.0552,302113.9609,284077.7609
300689.SZ,20250801,7.0024,0.84,309.5,7.8852,537886.8,470758.7786
002046.SZ,20250801,6.3128,0.59,36.5651,2.4769,1033922.4579,1016600.0835
000598.SZ,20250801,1.733,0.83,10.3503,1.1634,2118948.6519,2115333.6869
920374.BJ,20250801,4.3579,0.79,143.0893,10.2915,256374.11,107287.1179
002706.SZ,20250801,10.5005,2.9,31.5539,2.6687,1027659.3933,837215.4749
000488.SZ,20250801,1.5089,0.3,,0.7596,585349.7838,333489.0815
603608.SH,20250801,2.6336,0.69,,2.5514,262741.9199,262741.9199
002064.SZ,20250801,1.1311,0.48,18.067,1.406,3687170.1155,3679328.995
002045.SZ,20250801,5.2323,1.04,33.738,1.9316,864536.5739,863537.1396
603223.SH,20250801,1.8302,0.38,41.4474,1.849,702760.0533,544339.3536
920976.BJ,20250801,4.9887,1.05,36.4676,7.7737,193135.1548,116031.2384
600267.SH,20250801,4.9691,0.82,24.8591,1.6397,1359493.8543,1358746.2648
001914.SZ,20250801,1.5137,0.58,15.1633,1.239,1318010.1526,1318006.0507
920247.BJ,20250801,5.8503,0.51,85.5689,7.2013,320917.4661,232697.027
603171.SH,20250801,5.6297,0.85,200.368,8.5958,2094830.7375,2090333.5
000735.SZ,20250801,2.281,0.36,51.6047,1.7102,724302.0406,723914.5382
603303.SH,20250801,1.9572,1.08,17.893,1.8255,598565.4416,598565.4416
002099.SZ,20250801,1.6884,0.86,,1.9557,1006840.8874,1004964.0708
920726.BJ,20250801,2.9199,0.56,140.7122,4.6213,204865.05,112673.1681
300997.SZ,20250801,2.9001,0.57,69.8306,6.6768,695145.3518,613365.5298
600548.SH,20250801,0.991,0.69,22.733,1.1673,2619067.5231,1479134.9764
600381.SH,20250801,2.6157,1.39,,2.4633,256545.5438,256545.5438
600602.SH,20250801,8.8601,1.02,169.3837,6.604,3125133.8447,2454782.3322
603533.SH,20250801,6.281,1.03,188.0746,3.6739,905883.0674,905883.0674
300298.SZ,20250801,3.8468,0.65,37.2195,3.8255,1181601.1796,951790.6033
603388.SH,20250801,5.9147,0.71,,0.9553,78501.7909,78501.7909
600452.SH,20250801,2.6036,1.53,28.5373,2.6663,1418227.9466,1418227.9466
688516.SH,20250801,8.3648,3.33,10.1874,3.07,1101576.1174,1018898.0768
920821.BJ,20250801,9.791,0.82,155.1836,8.0955,417161.1255,219653.0673
600206.SH,20250801,4.1366,0.51,74.2739,4.0941,1594059.9242,1594059.9242
000559.SZ,20250801,1.8487,0.5,25.9316,2.8273,2504273.8388,2504264.3221
002981.SZ,20250801,4.4354,0.41,28.7344,3.5382,360449.5515,318271.1295
301053.SZ,20250801,12.1122,1.87,51.7831,3.9023,247674.8754,227485.3641
603093.SH,20250801,15.1301,0.8,29.1391,3.2535,1334824.1739,1334824.1739
600269.SH,20250801,1.1346,0.82,8.9947,0.6333,1184051.3561,1184051.3561
300875.SZ,20250801,23.0707,1.14,,4.547,436976.7051,374844.2666
300557.SZ,20250801,5.4842,1.49,93.9482,3.4473,336473.8474,333385.7856
300691.SZ,20250801,3.2628,0.54,322.0238,3.2538,516573.6307,404383.9603
300563.SZ,20250801,4.9473,0.76,163.2831,6.4774,676273.6525,470271.6042
301357.SZ,20250801,60.4663,1.37,,8.1211,910588.0,227647.0
002725.SZ,20250801,6.1649,0.61,65.3244,3.3293,339200.0,280802.5396
000010.SZ,20250801,17.2995,2.44,119.2078,14.6813,434568.5664,276527.454
603218.SH,20250801,2.1835,0.94,19.127,1.2722,1258138.2413,1255232.2613
301312.SZ,20250801,29.1185,1.72,61.6525,4.7838,559806.4425,279632.6595
600036.SH,20250801,0.5616,0.83,7.5899,1.1034,112026554.1596,91633771.1536
603790.SH,20250801,2.8336,0.93,57.8894,2.8303,344448.0,344448.0
600853.SH,20250801,3.1001,0.5,9.1953,1.2029,381275.9365,380302.1341
002596.SZ,20250801,4.975,0.31,,6.109,447556.402,447121.3083
603658.SH,20250801,1.6365,0.62,20.0629,2.8043,2287413.3463,2287413.3463
002912.SZ,20250801,6.8615,0.86,79.7753,2.9032,466665.216,443352.7561
002227.SZ,20250801,4.6461,0.82,,3.3641,331812.4616,329309.3297
300822.SZ,20250801,3.0721,0.74,116.8167,4.616,573849.6804,532304.914
601188.SH,20250801,2.8491,0.76,27.6888,0.9982,455293.9856,455293.9856
300983.SZ,20250801,6.4305,2.7,,1.3572,387072.0,264952.7216
301122.SZ,20250801,16.9882,2.11,80.6109,1.6108,288010.7702,158649.5837
002010.SZ,20250801,4.4284,0.75,94.7811,0.9602,1692298.0984,1688054.6208
601611.SH,20250801,1.581,0.53,13.6009,1.3149,2799851.9829,2799851.9829
600693.SH,20250801,3.4497,0.63,110.7267,1.4248,502771.1302,502254.708
002072.SZ,20250801,4.4903,0.73,,52.5824,257008.32,219738.2342
000155.SZ,20250801,1.0807,0.49,33.9587,1.7699,1860937.6887,1860937.6887
600327.SH,20250801,2.5381,0.49,77.7949,1.3027,438850.6409,438850.6409
600859.SH,20250801,1.8932,0.47,127.4742,0.8022,1560016.8165,1559873.3528
601718.SH,20250801,20.4734,2.47,,1.4695,1853267.6085,1853267.6085
002311.SZ,20250801,0.9556,0.52,18.8045,3.8664,9435126.0799,9428158.3093
688001.SH,20250801,3.7375,1.16,,3.6245,1198066.3977,1198066.3977
600266.SH,20250801,2.1524,0.52,,0.5074,961069.2437,961069.2437
688750.SH,20250801,2.9027,0.51,77.0081,3.9828,961075.0,172993.5
603655.SH,20250801,2.9545,0.44,97.3071,5.9402,322028.0,322028.0
603267.SH,20250801,4.0348,0.95,87.0208,2.8935,1231430.0735,1231430.0735
603008.SH,20250801,1.5168,0.63,18.3638,1.6702,586506.0969,586506.0969
920118.BJ,20250801,2.1918,0.72,24.1603,2.6133,142305.216,61411.344
301359.SZ,20250801,5.7475,0.92,54.8696,3.1114,256695.936,78073.9036
603153.SH,20250801,2.8579,0.7,21.8571,2.0474,721355.5466,237600.0
002555.SZ,20250801,3.5068,0.98,13.9981,2.9983,3647979.936,2636697.0662
300830.SZ,20250801,25.7046,1.38,271.5079,4.1126,486904.9854,357227.6217
002811.SZ,20250801,10.9807,1.41,45.498,2.9185,359093.0258,330114.1305
301499.SZ,20250801,4.0462,0.57,81.2098,3.0504,385731.0761,96432.7704
002667.SZ,20250801,2.3834,0.57,,8.5402,290845.2,282799.2
002523.SZ,20250801,2.8667,0.47,78.3134,2.2274,552489.912,550501.6464
600272.SH,20250801,6.8902,1.56,190.3541,4.8641,375329.6294,228640.0
600969.SH,20250801,2.3561,0.73,,0.7849,279758.1659,279758.1659
300439.SZ,20250801,4.9703,1.44,21.4288,1.5355,448500.0571,341647.4785
600022.SH,20250801,1.4875,0.56,,0.8754,1636923.9818,1636923.9818
688146.SH,20250801,1.9519,0.64,52.3812,2.8543,1572882.3538,430708.3716
688698.SH,20250801,2.854,0.77,45.3566,5.2441,1124988.1008,1124988.1008
603363.SH,20250801,1.6038,0.65,9.0056,3.3548,981316.6084,602431.6084
300007.SZ,20250801,12.0507,1.16,179.3848,4.996,1419476.7584,1226694.2451
000595.SZ,20250801,1.6651,0.84,,18.7104,547693.712,547693.712
300856.SZ,20250801,2.4239,0.88,18.2381,2.7053,712579.2039,683917.4651
603283.SH,20250801,24.3577,3.3,19.985,3.4093,1055580.6283,1029535.0423
603381.SH,20250801,2.4829,1.07,22.2659,1.3927,507016.7687,303748.235
002340.SZ,20250801,1.2361,0.63,30.6813,1.653,3300048.5927,3274344.3824
002900.SZ,20250801,23.2366,0.83,454.7386,2.4267,502059.4319,274678.0314
002741.SZ,20250801,8.3321,0.71,,4.8014,891912.7906,817755.44
603656.SH,20250801,3.4304,1.27,151.243,2.7381,352447.4381,352447.4381
600844.SH,20250801,1.9543,0.59,,17.1998,331386.9022,268210.1867
600033.SH,20250801,1.5221,0.71,12.1258,0.8017,949562.4,949562.4
688398.SH,20250801,8.3713,2.74,55.7142,3.2007,324552.2702,324552.2702
300498.SZ,20250801,0.628,0.76,9.2381,2.8135,11517946.6555,10322232.0441
601168.SH,20250801,2.3842,0.98,12.7608,2.4448,4058249.0,4058249.0
301388.SZ,20250801,14.029,0.64,215.6039,3.3877,325988.2632,87048.663
688133.SH,20250801,4.3814,0.7,288.593,1.6303,453517.1826,453517.1826
002648.SZ,20250801,3.8533,0.88,9.7837,2.1481,6474537.0162,6470379.3362
920576.BJ,20250801,3.5539,0.62,66.4488,7.9893,347659.45,341851.629
603151.SH,20250801,4.1834,0.72,72.4675,3.301,418837.0874,203532.1274
002785.SZ,20250801,2.9838,0.62,,7.6858,684844.7183,584741.9595
300209.SZ,20250801,2.3933,0.85,82.6136,5.3633,494963.0552,261179.8818
600037.SH,20250801,3.1729,0.9,,0.9529,1210846.7591,1210846.7591
920262.BJ,20250801,16.1715,0.66,53.4879,5.7374,191791.8634,86539.5044
002247.SZ,20250801,4.013,1.09,10.0504,3.6729,230585.7833,174399.5221
688232.SH,20250801,6.6263,1.87,46.7214,1.885,1011450.0,1011450.0
601689.SH,20250801,2.9465,0.72,27.1921,3.6456,7941908.6006,7941908.6006
300705.SZ,20250801,16.9112,1.17,18.3303,3.7996,939396.4683,694885.0976
002624.SZ,20250801,4.588,1.11,,4.2781,2842053.7119,2677628.9051
000987.SZ,20250801,2.3913,0.58,14.9304,1.245,3707660.8894,3705781.07
002265.SZ,20250801,26.8613,0.62,139.4245,10.3407,3782993.9704,1476141.3056
603901.SH,20250801,2.5465,0.68,275.7297,2.0721,490599.6768,483088.9311
001366.SZ,20250801,3.2926,0.59,,2.5861,208884.0,72384.0
601608.SH,20250801,3.2258,0.65,56.4376,2.3493,2120333.2413,2106912.9516
000886.SZ,20250801,3.1605,0.36,485.2038,2.1723,655593.1629,648305.8634
601968.SH,20250801,1.3652,0.52,36.6126,1.4197,636613.9505,636613.9505
000801.SZ,20250801,11.3945,1.34,94.2661,5.7008,1694790.6124,1694790.6124
601021.SH,20250801,1.0885,0.98,23.7935,2.9973,5092225.4667,5092225.4667
000665.SZ,20250801,19.6979,1.65,,1.5213,652723.8101,652701.3294
688545.SH,20250801,12.7889,1.73,61.3018,3.6896,1035720.0,209686.0136
688295.SH,20250801,1.6629,0.79,,4.2399,1942200.0,1298254.3494
002593.SZ,20250801,2.6966,0.67,82.4207,1.6368,388263.428,275523.3937
688589.SH,20250801,3.514,0.76,45.2735,3.5101,333092.4865,333092.4865
000032.SZ,20250801,15.6507,1.8,101.1691,4.459,2818725.0226,2728446.7895
600518.SH,20250801,3.1039,1.19,3036.9021,4.2553,2917897.2016,2916516.3117
603036.SH,20250801,1.8763,0.73,32.6691,2.5805,337849.881,337849.881
600178.SH,20250801,9.2015,0.4,390.6112,2.5188,642337.6737,642337.6737
002474.SZ,20250801,4.1319,1.31,,3.1407,436162.2,371913.1456
300238.SZ,20250801,24.1827,2.48,180.6271,9.0414,503795.8319,503754.7558
002162.SZ,20250801,10.5057,1.1,,5.087,412026.0323,411485.3662
920693.BJ,20250801,5.1597,0.42,202.3327,9.0772,316681.2,159473.16
002554.SZ,20250801,2.0837,0.59,,1.6028,376109.0603,376038.7938
300726.SZ,20250801,5.0292,0.75,57.2291,3.0891,1463678.8091,762114.1553
603124.SH,20250801,40.546,2.27,44.1646,4.762,794457.0797,156103.0452
301382.SZ,20250801,15.0876,1.09,71.9849,5.5485,985360.8091,609818.3458
301515.SZ,20250801,7.0888,1.24,429.778,1.8405,227500.0,144857.895
300279.SZ,20250801,5.2359,0.7,43.2391,3.528,356064.4287,334032.4275
301529.SZ,20250801,11.347,0.65,51.2735,4.2229,522003.3531,278352.552
300619.SZ,20250801,3.3393,0.39,,2.9895,447701.12,385551.6095
300562.SZ,20250801,8.4479,0.67,50.6719,3.62,357949.3454,265205.6252
300958.SZ,20250801,9.2808,0.91,,1.7042,223192.8885,129654.384
603888.SH,20250801,8.5998,1.98,53.9788,3.8185,1323836.2856,1323836.2856
300802.SZ,20250801,2.1485,0.73,82.83,3.4803,552554.5101,379304.3368
000401.SZ,20250801,1.3478,0.56,,0.492,1289234.8754,1276206.5144
600191.SH,20250801,2.2377,0.84,108.4431,2.2799,375337.368,375337.368
300355.SZ,20250801,2.0046,0.66,142.7614,1.6147,681802.8844,580577.9625
920299.BJ,20250801,5.7754,0.67,72.4528,6.8482,184273.4694,92189.5898
300476.SZ,20250801,6.3964,0.79,88.49,17.0673,16507547.1455,16364418.7233
300416.SZ,20250801,6.5948,0.7,33.8089,3.1445,824864.5413,819342.6662
600250.SH,20250801,12.218,0.67,112.1919,5.8307,354077.0221,354077.0221
605358.SH,20250801,2.0962,0.63,,2.3577,1658273.8422,1658273.8422
603682.SH,20250801,3.5154,1.0,50.806,2.9085,282082.5,282082.5
605289.SH,20250801,5.184,0.89,,3.171,402128.6675,399657.0375
301518.SZ,20250801,4.3048,0.61,56.0916,2.1758,307550.9796,117280.7702
688298.SH,20250801,3.7915,1.0,,0.8853,577382.4,577382.4
002820.SZ,20250801,2.9694,0.64,147.5164,2.4683,221557.7294,220970.1425
920167.BJ,20250801,9.8686,1.75,351.3133,3.6357,220509.3113,131201.6184
002198.SZ,20250801,4.7372,2.65,114.3979,4.8708,352719.3444,352719.3444
601866.SH,20250801,2.4582,0.8,18.9554,1.0834,3259820.9875,2408740.0035
688599.SH,20250801,1.9686,0.78,,1.385,3404168.7735,3404168.7735
600714.SH,20250801,2.8808,0.51,70.5383,4.522,339759.8259,339759.8259
603665.SH,20250801,2.167,0.62,,5.816,410188.7511,407786.982
603121.SH,20250801,5.3993,1.23,181.193,6.4758,763054.9936,763054.9936
002937.SZ,20250801,3.0071,0.93,25.4917,3.3861,499968.8909,498583.6824
300358.SZ,20250801,4.2053,0.86,,1.2154,508252.3777,496165.416
600369.SH,20250801,1.013,0.67,41.8913,1.1542,2996944.2149,2996944.2149
301015.SZ,20250801,8.741,1.05,18.9119,5.8911,1154785.9888,1154637.6913
300450.SZ,20250801,2.2612,0.6,460.5508,3.3615,3999980.3888,3982761.5226
600359.SH,20250801,2.4378,0.62,251.3504,3.8269,269348.0509,269348.0509
601949.SH,20250801,1.9252,0.86,20.9302,1.3849,1298506.2128,1298506.2128
603899.SH,20250801,1.3767,0.75,21.5162,3.5321,2870664.6651,2870664.6651
000862.SZ,20250801,3.1134,1.33,45.2882,1.1921,514972.5845,352289.5364
300048.SZ,20250801,2.0087,1.07,248.7636,3.9224,682278.2028,681782.959
002976.SZ,20250801,5.5987,0.8,,3.917,307290.924,165388.41
300030.SZ,20250801,17.4522,1.26,,4.3167,265282.7163,223015.3703
300387.SZ,20250801,3.3482,0.36,29.5722,1.9501,267666.7987,267573.8533
603687.SH,20250801,3.2864,1.29,35.2067,1.2793,416374.121,416374.121
002722.SZ,20250801,4.1734,0.37,22.5744,1.3628,349987.7909,297328.3932
301297.SZ,20250801,2.5515,0.59,257.8655,3.7622,2926094.6217,573426.2408
002111.SZ,20250801,2.3618,0.99,84.7263,1.8878,568714.3819,511186.3693
600229.SH,20250801,2.9126,1.28,77.0209,1.4612,467120.4033,467120.4033
920351.BJ,20250801,14.3946,2.07,108.4692,5.9332,267187.5574,107015.4324
688099.SH,20250801,1.69,0.86,34.4023,4.5146,3036140.1062,3036140.1062
300352.SZ,20250801,3.5843,1.4,,5.8834,791603.9515,667181.0866
600248.SH,20250801,1.1148,0.48,5.1505,0.5869,1454757.0263,1441532.5823
605066.SH,20250801,2.5997,0.65,29.9334,2.2098,378950.1705,375819.9775
301502.SZ,20250801,5.5228,0.78,72.542,3.0055,244659.881,104176.5875
003018.SZ,20250801,2.2201,0.76,21.2677,2.0453,312000.0,159300.33
301601.SZ,20250801,6.4495,0.55,46.7078,3.8276,480020.16,108004.536
688485.SH,20250801,1.5962,0.63,151.1685,1.4131,178546.9697,104731.6779
600234.SH,20250801,2.9784,0.68,48.1037,5.0095,235743.8338,235743.8338
603881.SH,20250801,5.6316,0.78,132.5875,5.7443,1862751.5584,1862751.5584
002025.SZ,20250801,1.4673,0.57,139.1876,3.6918,2340434.1523,2332404.953
002915.SZ,20250801,9.4607,0.56,,4.8299,628804.9005,557007.9165
000725.SZ,20250801,1.0516,1.03,25.3262,1.1643,15077793.827,14792538.231
600113.SH,20250801,2.6538,0.42,86.3682,5.0829,1211725.2508,1183687.4473
000543.SZ,20250801,2.3808,0.75,7.8334,1.0441,1609472.965,1609472.965
603089.SH,20250801,16.0645,2.43,41.4682,2.616,357409.5361,357409.5361
601860.SH,20250801,2.2865,0.85,6.6526,0.5599,1090973.4653,1058367.4032
600131.SH,20250801,1.946,1.2,29.6531,3.2219,2124711.946,2117948.0189
920263.BJ,20250801,6.4141,0.53,31.7175,3.8333,220056.432,159841.0422
002799.SZ,20250801,20.8078,2.9,,2.5271,325160.64,325156.3728
603390.SH,20250801,4.935,0.84,140.3402,2.871,457173.5792,454681.8445
688612.SH,20250801,0.6449,0.65,33.5393,4.0626,1297389.9116,783819.4024
002628.SZ,20250801,3.6046,0.49,,1.2977,376278.9063,374765.0129
301132.SZ,20250801,16.4449,0.54,43.7514,3.2204,559469.8487,173814.9258
301314.SZ,20250801,5.2404,1.15,188.4311,2.2871,237133.0,69745.0
688662.SH,20250801,6.8849,0.66,90.1774,5.7234,387020.64,387020.64
002576.SZ,20250801,3.4615,0.56,38.1534,2.1803,275386.8,270053.822
600665.SH,20250801,2.4225,0.91,,0.9981,280839.8193,280839.8193
300629.SZ,20250801,7.5917,1.14,91.1258,3.2841,548605.9112,461753.9607
920690.BJ,20250801,3.7134,0.62,27.7309,3.0722,166479.3,108221.7899
600568.SH,20250801,1.1224,0.5,,1.899,328823.4974,275396.101
002601.SZ,20250801,0.8784,0.63,21.5613,1.8225,4104424.4003,3419043.1089
300382.SZ,20250801,2.5892,0.59,,4.4485,1021878.3905,1021569.6963
600774.SH,20250801,25.24,1.1,,2.2102,367610.3729,367373.2952
301362.SZ,20250801,3.7443,0.63,18.3973,1.8304,441498.06,125148.06
600318.SH,20250801,6.1508,0.57,143.4612,4.6697,504523.9899,504523.9899
603318.SH,20250801,2.4189,0.86,31.5615,2.0725,306659.3772,256207.7868
300110.SZ,20250801,4.6211,0.85,,3.2859,432689.9514,432311.0042
301129.SZ,20250801,7.5578,1.14,54.4723,2.0627,350276.0976,96500.547
002171.SZ,20250801,2.2897,0.44,52.7293,1.7544,1365866.4709,1357681.6731
002775.SZ,20250801,20.0593,1.26,,26.6737,294143.9684,214523.0644
603212.SH,20250801,4.4228,0.88,,1.8852,497864.3438,497864.3438
920099.BJ,20250801,1.7103,0.48,21.4637,3.0781,255897.5935,128550.7893
002394.SZ,20250801,4.5846,0.46,12.3185,0.7552,313017.9,312617.181
002723.SZ,20250801,3.3364,0.51,,2.4726,246773.3358,246079.9852
300050.SZ,20250801,5.5614,1.5,,7.9003,313286.8629,313095.8657
603819.SH,20250801,11.8734,1.32,,3.3545,263671.2565,263671.2565
920656.BJ,20250801,13.5392,1.02,41.5281,3.0361,196200.0,49050.2453
000612.SZ,20250801,1.7064,0.49,16.3385,1.5941,995486.494,994835.8202
301101.SZ,20250801,4.0383,0.55,48.7909,5.4857,886653.24,840034.14
605337.SH,20250801,3.6835,0.54,21.5128,3.2507,501280.8695,501280.8695
300239.SZ,20250801,11.5315,3.9,46.0225,2.1675,363881.6629,361523.973
601333.SH,20250801,1.4752,0.75,21.5089,0.7638,2110894.026,1684366.626
688678.SH,20250801,6.6179,0.49,139.2641,3.2158,577910.6835,577910.6835
301391.SZ,20250801,3.0961,0.78,1177.3598,2.0593,425286.294,220741.5223
300583.SZ,20250801,9.0872,1.71,,2.0074,363279.5713,356475.1933
300636.SZ,20250801,6.011,1.4,43.0461,1.5687,360738.3342,315560.2506
002952.SZ,20250801,3.7113,0.84,251.2341,3.9385,339362.1,272672.9911
601969.SH,20250801,3.2587,0.26,25.5907,2.2763,1585042.2447,1568630.1581
000411.SZ,20250801,4.333,1.16,11.3034,1.3148,587129.0726,363124.1756
603238.SH,20250801,10.789,0.63,29.5529,2.2565,310818.259,310818.259
603386.SH,20250801,10.9548,0.5,,3.3585,455872.6163,455872.6163
300456.SZ,20250801,6.6619,0.74,,2.7128,1368506.3474,1109245.1043
000657.SZ,20250801,13.9023,0.46,32.9195,3.9197,3609863.7379,1975215.3031
603395.SH,20250801,3.0048,0.64,93.6704,6.3207,869440.0,179226.6692
688027.SH,20250801,2.2408,0.87,,8.5946,2766960.9269,2162070.553
603429.SH,20250801,4.8603,1.3,,3.947,489869.4243,489869.4243
300917.SZ,20250801,7.4647,0.36,61.2894,6.6545,734812.0,734812.0
301266.SZ,20250801,6.3065,1.2,100.7975,2.1276,379300.903,359836.801
688399.SH,20250801,4.0629,1.17,,1.5086,492327.0023,492327.0023
603737.SH,20250801,2.2786,1.15,73.8373,11.0371,2879701.5971,2879701.5971
601158.SH,20250801,2.3763,1.19,26.913,1.3498,2256000.0,2256000.0
603897.SH,20250801,3.7744,0.7,21.2947,2.1701,499987.2194,499987.2194
600539.SH,20250801,7.8158,0.59,,9.8525,317630.0,317630.0
001299.SZ,20250801,10.2313,1.67,32.0232,2.5431,299901.317,80871.5678
688022.SH,20250801,3.7447,0.83,,4.0096,266455.6609,266455.6609
002404.SZ,20250801,1.9867,0.83,22.3703,1.9301,361793.2955,294438.464
600057.SH,20250801,1.0468,0.85,13.1436,1.2209,1998135.1986,1561067.2631
000921.SZ,20250801,5.0655,0.97,10.3602,2.206,3531395.9861,2341212.2807
002496.SZ,20250801,1.2598,0.78,,1.8625,250259.8864,196110.1688
601018.SH,20250801,0.8643,0.45,14.3088,0.9162,7081397.3772,5753899.9227
600749.SH,20250801,54.9533,3.81,233.9038,6.1971,640042.7579,640042.7579
002657.SZ,20250801,14.4086,0.81,,5.5454,971868.6017,961306.2025
001259.SZ,20250801,5.952,0.95,3819.5334,2.7671,197071.0421,58725.5621
000981.SZ,20250801,1.9299,0.44,,17.1397,2029486.5903,1931211.2869
301032.SZ,20250801,5.8495,0.51,38.014,2.6682,310097.5524,205596.3887
000408.SZ,20250801,1.2625,0.78,25.849,4.9993,7232459.7815,7232383.7825
600117.SH,20250801,27.4043,1.08,,3.3805,1497352.8342,1497352.8342
000601.SZ,20250801,3.3144,0.89,81.0703,1.4171,573772.9362,573724.2876
600919.SH,20250801,0.9783,0.97,6.4436,0.8875,20993915.1857,20993915.1857
300980.SZ,20250801,6.3945,0.9,116.6678,2.3112,318161.821,226382.0133
605266.SH,20250801,2.8698,0.87,31.0379,1.3407,339530.8128,339530.8128
603326.SH,20250801,5.1983,1.0,19.8276,2.6089,282790.76,282790.76
688236.SH,20250801,1.8197,0.78,63.7783,2.852,815466.631,613197.928
002241.SZ,20250801,3.1918,1.07,29.0033,2.4089,7988545.4998,7056922.5744
300775.SZ,20250801,4.4971,0.85,42.3212,2.6035,1446598.9627,1404422.3019
300043.SZ,20250801,6.4645,0.66,,4.0271,566110.2725,565810.473
603685.SH,20250801,3.5331,0.52,617.1886,2.3867,266020.3628,266020.3628
688526.SH,20250801,2.1174,0.65,19.449,2.0303,784493.5182,784493.5182
000301.SZ,20250801,0.3825,0.58,,1.7536,5903826.5808,5901438.188
920002.BJ,20250801,5.9316,0.81,91.9208,8.2279,568468.5792,398001.5817
002164.SZ,20250801,3.2857,0.6,87.1852,3.4171,474698.9306,427959.4945
301077.SZ,20250801,3.9125,0.57,24.102,3.2467,364309.0916,204352.4313
300248.SZ,20250801,3.8889,0.97,71.7368,3.3786,706901.0152,607185.0688
605298.SH,20250801,5.0272,0.52,59.485,2.8725,286846.95,281963.604
603948.SH,20250801,6.2096,0.51,17.9456,1.8175,358613.5916,358613.5916
002796.SZ,20250801,11.7564,0.75,39.5192,3.6724,323611.3473,290432.5912
600655.SH,20250801,0.5988,0.9,,0.6481,2252433.4083,2248331.1458
600307.SH,20250801,3.7834,0.5,,1.5094,1077297.4769,1077297.4769
002707.SZ,20250801,3.1771,0.63,76.621,8.4444,741949.8499,623031.4549
000603.SZ,20250801,2.5627,0.65,25.7956,3.5408,1050133.3446,1014742.2984
301002.SZ,20250801,6.5121,1.55,,3.6297,273154.5618,162998.7474
000042.SZ,20250801,1.6869,0.59,,1.5708,545161.534,544587.5856
601069.SH,20250801,3.9925,0.64,59.485,3.6923,1737275.3276,1304374.1933
002205.SZ,20250801,14.383,0.56,,6.9071,241410.3532,241410.3532
301066.SZ,20250801,8.4716,1.08,113.1422,3.0083,377991.2856,303757.7086
301238.SZ,20250801,2.2747,0.55,196.989,1.8904,1341999.939,1341999.939
600980.SH,20250801,5.7192,0.42,39.1689,3.0057,418840.183,388773.6569
600252.SH,20250801,2.6748,1.29,,1.526,914483.3765,911429.3537
002136.SZ,20250801,3.4402,0.82,,1.9658,225986.02,225393.0038
300199.SZ,20250801,22.0267,1.3,,27.6117,1790330.1881,1431635.8964
603080.SH,20250801,7.4981,1.37,16.0517,1.7795,266303.0,266303.0
002827.SZ,20250801,25.6738,0.59,81.9619,14.2208,1284504.0,1284498.7643
688433.SH,20250801,3.7179,0.81,316.6574,6.9226,1340664.4056,654211.6838
603868.SH,20250801,4.6751,1.38,35.6075,5.4529,1633500.0,1633500.0
603506.SH,20250801,7.9741,1.09,80.792,2.2014,246927.7794,246927.7794
688358.SH,20250801,10.3058,1.71,27.1978,2.7509,371468.5911,371468.5911
605277.SH,20250801,26.8032,0.78,57.2833,6.2362,919707.0322,890453.9985
605167.SH,20250801,2.0634,0.55,20.3397,2.6459,482750.25,482750.25
603650.SH,20250801,1.8858,0.54,36.4525,6.3068,1941236.2374,1930879.4825
920469.BJ,20250801,3.5881,0.41,86.732,4.239,197465.346,137226.6205
300804.SZ,20250801,10.2596,0.56,91.1321,2.3187,310948.0,115555.0
601696.SH,20250801,14.4828,0.66,41.8178,2.2548,4116996.0,4116996.0
001356.SZ,20250801,3.6358,0.53,43.337,4.3376,872782.92,185466.3705
002582.SZ,20250801,2.1183,0.69,,1.3531,428000.7874,325833.3591
001298.SZ,20250801,5.332,0.52,195.4735,5.3204,841233.2127,436676.4706
688510.SH,20250801,3.9253,0.77,50.029,5.5691,628128.12,628128.12
301528.SZ,20250801,3.7779,0.79,60.5455,2.474,370719.1,190749.3865
301167.SZ,20250801,4.2801,1.06,71.6853,2.0438,191968.0,119175.0268
001286.SZ,20250801,5.3269,1.56,12.9242,1.4543,3521250.0,985950.0
600203.SH,20250801,13.4968,0.57,,3.9396,632125.2954,632125.2954
000852.SZ,20250801,2.3778,0.57,85.0803,2.1229,658661.7377,651614.0236
002390.SZ,20250801,3.2582,1.56,87.913,1.1005,736719.858,702023.6238
300708.SZ,20250801,4.0648,0.95,43.2007,3.1281,861753.0224,661741.003
002940.SZ,20250801,10.7131,0.55,186.5977,8.3319,1269273.7463,1165753.2384
000039.SZ,20250801,1.8171,0.65,12.8352,0.9325,4405689.1545,1880249.6342
002508.SZ,20250801,1.0507,0.57,11.9688,1.6447,1818062.4744,1796153.6382
603020.SH,20250801,1.42,0.96,22.4536,1.0938,352961.9899,352961.9899
300515.SZ,20250801,13.2941,2.44,35.1006,6.8833,533521.4185,467433.0181
688562.SH,20250801,2.6847,0.98,,4.3488,736000.0,318356.8
301338.SZ,20250801,34.9649,1.71,59.5324,3.7447,553386.4,178394.3
000911.SZ,20250801,3.1059,0.49,101.9983,22.7347,297837.9446,297837.9446
601555.SH,20250801,2.3471,0.52,16.2995,1.1447,4710330.2895,4710330.2895
002980.SZ,20250801,10.6021,1.52,29.2875,3.9796,410436.3172,217814.9652
600425.SH,20250801,2.6089,0.48,20.7173,1.0491,646695.5939,555652.4047
002606.SZ,20250801,1.8179,0.51,18.6194,2.3769,410533.4607,393767.8214
920703.BJ,20250801,2.0379,0.71,18.8824,2.3351,245830.844,124388.4548
002543.SZ,20250801,1.5888,0.95,13.0005,1.8329,872242.8,776069.7065
002642.SZ,20250801,4.3132,1.1,221.4921,4.5,526617.9291,526617.9291
688123.SH,20250801,4.4023,0.91,34.0921,5.0927,1154561.7103,1154561.7103
688777.SH,20250801,1.7052,0.77,34.7016,3.8379,3788215.4553,3747201.2845
301339.SZ,20250801,5.2245,0.82,47.9335,3.8541,1017324.31,294610.7034
603808.SH,20250801,2.8788,1.13,,1.2127,305239.8101,305239.8101
688280.SH,20250801,3.5913,0.69,,7.0909,446207.5803,393531.3736
600048.SH,20250801,1.5706,0.58,301.309,0.4877,9516502.5173,9516502.5173
000881.SZ,20250801,1.5664,0.55,,1.4292,738377.5615,651146.91
300335.SZ,20250801,3.9319,0.65,47.4451,1.4781,279529.2594,225118.4421
300811.SZ,20250801,5.5471,0.68,44.9351,6.3974,1698385.4185,1352561.3949
603262.SH,20250801,12.9567,0.32,67.9149,8.285,1209230.23,117300.3958
601020.SH,20250801,4.5088,0.67,62.2479,4.8116,1623530.102,1623530.102
603578.SH,20250801,3.6274,0.38,,2.4115,247089.1338,247089.1338
000838.SZ,20250801,3.9617,1.38,,7.5029,319134.0293,305592.098
603052.SH,20250801,30.3795,7.53,101.382,5.3028,569140.8672,171016.3768
300748.SZ,20250801,4.6009,0.47,104.7113,5.2285,3663592.2344,3028687.5731
001326.SZ,20250801,5.203,1.19,34.91,2.0947,254736.0,83879.5814
001279.SZ,20250801,2.0478,0.52,74.4078,6.4672,632960.0,148840.4135
002126.SZ,20250801,4.1711,0.72,29.8578,3.8089,2401711.4984,2256123.6551
301479.SZ,20250801,6.7865,0.53,45.4628,6.8349,767770.8238,171605.9189
688330.SH,20250801,1.5532,1.03,18.3063,0.9991,379260.0,379260.0
002927.SZ,20250801,4.9783,0.63,101.6769,3.5769,363133.6769,358985.5102
301392.SZ,20250801,9.1885,0.86,228.8603,20.903,1517200.0,618955.5617
002014.SZ,20250801,2.4296,1.77,14.9656,3.0619,703753.154,694382.4271
300902.SZ,20250801,3.7826,0.49,,4.594,377423.794,252406.8145
001213.SZ,20250801,2.5738,0.38,33.0482,0.9993,1893333.3331,1893333.3331
002851.SZ,20250801,9.8971,1.43,80.3418,5.3294,3252749.6416,2705007.312
300447.SZ,20250801,4.9635,0.72,,2.5688,509065.9113,328170.1657
002761.SZ,20250801,2.7519,0.36,47.4673,1.526,1030940.5294,1030940.5294
600072.SH,20250801,2.2183,0.83,,1.7697,1884658.6817,1355254.9823
002343.SZ,20250801,12.2851,0.91,106.4247,3.8982,389458.7425,389458.7425
002334.SZ,20250801,5.053,1.76,24.5095,2.3129,671976.5399,595329.6822
600745.SH,20250801,2.1379,0.75,,1.377,4546447.3829,4546447.3829
000777.SZ,20250801,3.4985,0.6,34.3915,3.7052,800192.5166,800178.3959
920651.BJ,20250801,3.6934,0.4,24.804,4.0772,191906.0,48054.7442
600740.SH,20250801,1.5163,0.44,79.2634,0.6616,1006913.6135,1006913.6135
000811.SZ,20250801,14.1973,2.37,20.3718,2.1091,1220944.9184,1192580.2315
603500.SH,20250801,4.1783,1.03,33.6542,3.5505,311168.043,310264.2935
600354.SH,20250801,6.2852,0.68,46.6791,4.8456,346765.9666,346765.9666
605006.SH,20250801,3.9651,0.56,,1.7769,450277.153,442206.8556
300512.SZ,20250801,3.5849,1.28,157.0,2.2573,361169.8153,291086.1308
300191.SZ,20250801,7.989,0.95,,5.939,644160.0,445265.535
300807.SZ,20250801,18.3473,1.6,,6.6612,322643.7216,232609.9994
300582.SZ,20250801,13.1246,1.4,420.8445,2.8692,421832.0575,313075.779
600895.SH,20250801,17.5791,0.95,43.698,3.7798,5059568.7599,5059568.7599
603933.SH,20250801,3.0187,0.66,105.2615,2.5987,336637.3007,336637.3007
605566.SH,20250801,5.367,0.56,152.9132,1.6007,315615.78,315615.78
300219.SZ,20250801,2.6015,0.93,76.2316,1.8725,482817.4711,481925.5924
002338.SZ,20250801,3.5174,0.43,178.3428,8.4913,1125600.0,1125600.0
301396.SZ,20250801,7.2052,0.89,,6.7868,821779.4291,407261.9945
000783.SZ,20250801,1.8916,0.64,16.8699,1.2212,4070133.6897,4070133.6897
600193.SH,20250801,7.1273,2.76,,18.0482,177380.541,177380.541
600690.SH,20250801,0.674,0.62,12.0091,2.1484,23363454.2017,15573707.7266
002029.SZ,20250801,1.2344,0.59,14.5631,0.7202,477300.9345,450479.8342
301197.SZ,20250801,4.0441,0.79,43.106,1.7935,242044.32,165244.344
688626.SH,20250801,5.3467,0.79,82.8742,3.6043,719520.0,719520.0
688775.SH,20250801,13.4188,1.19,66.7335,12.9445,6608079.0,502635.3556
300900.SZ,20250801,6.6013,0.76,,4.6999,604402.9291,448066.2822
603798.SH,20250801,3.5641,0.48,44.3639,2.5498,296199.3458,296199.3458
600862.SH,20250801,2.0277,0.9,31.3941,5.1305,3640037.3166,3640037.3166
300159.SZ,20250801,2.4861,0.63,,,459163.2984,451854.6353
000034.SZ,20250801,11.8267,1.46,39.0444,2.7354,2869936.8236,2398275.0535
600721.SH,20250801,8.0035,0.72,76.9764,4.096,319732.504,319732.504
002608.SZ,20250801,1.6059,0.62,8.4571,0.8633,2810891.2998,2810891.2998
920509.BJ,20250801,2.1383,0.44,70.8441,13.0367,396435.9862,207660.926
600641.SH,20250801,1.525,0.55,129.6149,1.65,1343829.6045,1343829.6045
600993.SH,20250801,3.1058,1.36,23.4981,2.939,1254797.8767,1252623.7236
601139.SH,20250801,1.2964,0.81,13.6985,1.2298,1858374.6485,1858374.6485
300410.SZ,20250801,33.0218,1.23,,14.2974,324896.5953,324896.5953
300301.SZ,20250801,0.9429,0.48,,156.1651,195019.1607,185621.029
300285.SZ,20250801,2.2457,0.56,30.1967,2.7354,1833571.8219,1478463.7686
300458.SZ,20250801,3.8752,0.81,154.6764,10.9208,3235991.5446,2648949.2467
605090.SH,20250801,2.6599,2.06,10.9215,1.9485,1867136.1199,1860148.7033
688686.SH,20250801,3.2849,0.84,86.1353,4.0372,1178472.0217,1178472.0217
002057.SZ,20250801,4.3722,0.35,38.9328,2.3535,728251.66,727808.4689
002233.SZ,20250801,2.5239,1.03,13.0702,0.8216,976473.2381,975826.1872
688332.SH,20250801,4.3306,0.75,41.4796,3.0637,1203328.8396,442168.5943
301376.SZ,20250801,1.4868,0.61,20.9776,2.2014,721482.5357,347057.3366
300488.SZ,20250801,3.5895,0.58,44.1871,3.7575,580699.8411,483492.0062
301185.SZ,20250801,10.6709,2.73,44.7596,3.0582,316653.9264,288507.2884
600029.SH,20250801,1.0596,0.76,,3.0235,10274560.0382,7185788.5649
000519.SZ,20250801,8.9412,0.92,,2.8775,2911840.8314,2911840.8314
002379.SZ,20250801,1.9496,0.83,,8.672,1651151.0631,1651151.0631
300649.SZ,20250801,4.1022,0.59,,4.4626,215971.4893,173076.5236
920132.BJ,20250801,2.9532,0.39,143.6504,8.0368,206148.936,69998.707
688418.SH,20250801,13.5092,3.26,255.8567,6.299,574968.1371,574968.1371
605008.SH,20250801,1.6604,0.46,694.4563,4.6516,921788.3648,916676.8508
603777.SH,20250801,2.7101,0.62,,2.487,431072.75,431072.75
000596.SZ,20250801,1.526,0.6,12.5346,3.0424,7246577.4,5601497.4
603505.SH,20250801,1.1642,0.56,50.4634,8.6337,1328995.0557,1328995.0557
600573.SH,20250801,2.0863,0.96,45.3125,2.3308,299250.0,299250.0
300249.SZ,20250801,21.0588,1.54,,21.3918,690244.6866,585426.3815
000059.SZ,20250801,2.0334,0.59,,0.7568,841306.7745,841306.7745
600830.SH,20250801,17.4658,2.23,94.2655,2.387,521108.1908,521108.1908
688061.SH,20250801,2.5585,0.85,,1.5948,387751.6946,146129.9738
600868.SH,20250801,0.7401,0.5,,2.6794,527685.3328,527685.3328
605168.SH,20250801,9.141,0.81,46.9295,2.6642,695063.6028,695063.6028
920971.BJ,20250801,8.0536,1.34,112.6956,8.6231,370645.3831,297512.3327
002202.SZ,20250801,1.9837,1.0,19.633,1.1086,4115215.8882,3267599.7243
600052.SH,20250801,4.2236,2.2,,1.4727,374822.465,374822.465
601577.SH,20250801,1.1139,0.89,5.061,0.6006,4001445.9852,4000580.2069
301035.SZ,20250801,0.9699,0.46,32.1884,2.6104,1783176.4559,1780297.7445
600125.SH,20250801,1.149,0.72,20.4877,1.0167,748064.0338,748064.0338
002535.SZ,20250801,2.1083,0.44,35.543,4.9159,324681.645,302267.0864
002242.SZ,20250801,2.224,0.79,82.7413,2.2895,776751.306,775416.4026
603217.SH,20250801,3.7824,1.3,19.4411,1.1831,385378.2352,385378.2352
600308.SH,20250801,0.8006,0.53,,0.5818,533938.302,533938.302
605188.SH,20250801,9.1716,0.6,,4.6191,541459.62,541459.62
920005.BJ,20250801,51.6105,,65.527,6.7368,441760.0,104918.0
000656.SZ,20250801,0.7958,0.65,,,758239.6459,755195.8228
002931.SZ,20250801,15.6739,1.41,221.6988,3.9088,366215.8147,336224.9947
600391.SH,20250801,10.6167,0.67,136.4497,6.106,1016798.4504,1016798.4504
300065.SZ,20250801,7.3501,0.85,306.9054,7.1375,1245014.5012,1133302.9421
600698.SH,20250801,15.3454,0.68,2500.7519,14.3313,1093216.3998,849443.2122
002836.SZ,20250801,4.3352,1.33,33.1103,6.7684,224870.4,224870.4
300673.SZ,20250801,2.7353,0.61,23.6103,2.1858,384193.7362,250116.1251
603009.SH,20250801,2.9831,0.92,168.6548,7.9913,1316528.2674,1316072.4843
600662.SH,20250801,2.2017,1.14,11.8146,2.4706,1303876.4929,1296216.0517
002562.SZ,20250801,5.2889,0.54,68.4036,1.9023,594608.6024,392154.5897
300459.SZ,20250801,6.812,0.75,,9.4715,2004012.2352,1870093.6474
002180.SZ,20250801,1.1245,0.91,59.7957,3.2701,3322680.1066,3187498.6953
300833.SZ,20250801,2.707,0.46,17.8157,1.9539,453215.4615,291154.8451
600218.SH,20250801,2.4267,1.06,44.2411,1.2088,388555.1277,388555.1277
603556.SH,20250801,1.551,0.48,14.1138,1.8944,1311454.4665,1311454.4665
002727.SZ,20250801,4.4062,0.52,274.3993,1.2089,886019.0411,601133.7111
002959.SZ,20250801,2.1007,0.5,28.4484,2.7878,758810.8728,733034.216
688435.SH,20250801,6.0267,1.42,,2.7419,302019.5,166917.0086
001270.SZ,20250801,2.5335,0.85,613.7189,5.9257,834739.1752,818068.2352
002159.SZ,20250801,4.9052,0.48,19.5433,2.0023,270384.5206,211154.1123
688127.SH,20250801,3.4209,1.04,46.7059,6.1563,1105956.7532,1105956.7532
603192.SH,20250801,8.4909,0.62,23.6266,2.0041,305174.2281,299797.3341
603893.SH,20250801,2.7993,0.56,91.3197,19.2923,6727449.5145,6725490.7395
688257.SH,20250801,1.8319,0.36,22.2167,1.867,408649.368,408649.368
300340.SZ,20250801,13.8122,1.11,,82.4384,459362.4527,455318.4957
000880.SZ,20250801,7.9522,0.51,74.3415,6.8524,1433955.5568,701837.136
605286.SH,20250801,3.292,0.98,23.3833,3.1998,649320.0,649320.0
603291.SH,20250801,5.3947,0.56,38.5709,2.8799,496860.9891,152553.1724
000779.SZ,20250801,1.8767,0.52,18.9727,1.1447,440658.3205,440619.8772
301024.SZ,20250801,9.008,0.53,,6.7738,286196.085,271005.21
300063.SZ,20250801,15.5534,2.43,102.6395,4.145,681157.3807,561470.8182
002864.SZ,20250801,15.5478,1.52,27.7857,2.0456,334466.1811,232829.4544
300055.SZ,20250801,2.63,1.03,169.7692,1.0078,520458.2549,393540.1116
603983.SH,20250801,3.6351,0.91,42.3847,4.6803,1551469.0,1551469.0
688517.SH,20250801,2.9675,1.22,23.4223,2.7628,209974.4638,209974.4638
300494.SZ,20250801,8.5549,0.94,,4.8894,716144.711,581588.1793
300010.SZ,20250801,11.4632,1.72,124.3237,11.2645,1893017.1956,1523612.6451
688286.SH,20250801,3.4332,0.8,,3.9146,404972.0307,404972.0307
603179.SH,20250801,1.4691,0.66,20.121,3.6009,1983326.4497,1983326.4497
002414.SZ,20250801,5.6921,0.88,,7.5685,4855826.9548,3864222.334
002021.SZ,20250801,2.4543,0.82,146.6237,4.4941,279741.6936,279732.4665
002755.SZ,20250801,7.7401,1.06,143.6656,8.6892,2635975.3968,2635950.4758
300278.SZ,20250801,1.6285,0.63,150.3892,4.2476,764770.5013,762381.0668
688069.SH,20250801,1.3529,0.94,,2.141,259448.0,259448.0
688695.SH,20250801,7.4766,1.6,78.7637,3.4269,273355.1289,164779.1895
688601.SH,20250801,6.9331,1.06,68.4261,4.6109,563514.7305,563514.7305
603315.SH,20250801,3.8376,0.36,42.4721,2.539,424885.2261,416001.0261
688299.SH,20250801,3.6214,0.6,,2.4935,511559.3513,511559.3513
001227.SZ,20250801,1.5399,0.69,7.4018,0.4722,1406837.2005,1040553.058
301508.SZ,20250801,3.2731,0.74,56.9163,4.0315,774115.7248,201455.8336
000750.SZ,20250801,2.0093,0.67,50.0121,1.2123,2675807.1059,2428609.4664
300190.SZ,20250801,1.8585,0.96,,1.1158,303259.92,301155.3681
301458.SZ,20250801,7.5701,0.92,76.0877,5.7316,898933.4457,217602.4862
600678.SH,20250801,6.6126,0.41,548.1388,12.8926,326305.65,326305.65
300973.SZ,20250801,2.3352,0.92,26.7184,3.2594,746960.9499,513997.2932
603908.SH,20250801,5.9264,0.55,29.7126,4.607,246299.508,246299.508
300287.SZ,20250801,3.2216,0.88,,6.8628,787965.3206,719602.2337
603169.SH,20250801,2.6608,0.64,73.7587,3.0606,1014988.727,1014988.727
920523.BJ,20250801,1.2462,0.5,16.5363,4.3112,258115.8882,206488.6791
002199.SZ,20250801,5.0612,1.31,,11.0739,219828.4538,219828.4538
002758.SZ,20250801,1.3046,0.68,12.533,1.0353,478123.1572,475332.9554
688307.SH,20250801,4.8926,0.73,64.8322,4.0501,341264.0,225503.0707
603341.SH,20250801,2.5993,1.27,35.6949,3.3417,1881750.6099,1067247.2395
300784.SZ,20250801,3.1591,0.65,48.3458,3.8457,302164.6248,90958.7111
688553.SH,20250801,5.4056,0.78,37.4392,2.5241,948440.4,769185.4443
300109.SZ,20250801,3.7572,1.39,26.8127,2.3011,827743.1585,765819.5513
000070.SZ,20250801,14.0584,1.91,,4.4827,666255.1224,657560.0602
300566.SZ,20250801,2.5417,0.82,25.1503,2.5106,502427.6528,431647.4844
600227.SH,20250801,6.451,3.06,,1.6755,418804.4659,316844.7511
688177.SH,20250801,7.122,1.16,,21.1711,1301453.44,1301453.44
601186.SH,20250801,0.6143,0.39,5.1287,0.4135,10945110.449,9271615.873
600506.SH,20250801,5.1791,1.15,111.855,7.6754,372324.713,286403.6267
600892.SH,20250801,2.3142,1.03,,25.0758,166160.8638,166117.9022
002290.SZ,20250801,2.3225,0.73,63.9064,9.036,773118.0203,770430.4703
600787.SH,20250801,3.2052,0.85,66.6606,0.9454,1289746.8799,1286857.1921
600985.SH,20250801,1.6269,0.5,8.4258,0.8126,3334254.2817,3334254.2817
002581.SZ,20250801,2.9447,0.88,,2.5184,476329.0931,289371.2182
002803.SZ,20250801,6.5097,0.53,37.6917,2.734,747373.5045,476759.5804
603077.SH,20250801,1.15,0.4,1163.8703,0.9122,1651466.1391,1651466.1391
000919.SZ,20250801,6.4943,1.55,232.2363,1.2286,460920.6761,436275.6424
603629.SH,20250801,6.0206,1.04,284.9329,3.5557,597579.07,589491.188
300581.SZ,20250801,22.7865,0.78,,11.9238,1173383.6616,1173383.6616
002406.SZ,20250801,11.515,0.65,48.2771,1.4845,585640.5158,482974.0521
300121.SZ,20250801,5.2473,0.65,37.2023,1.8578,645394.6729,622629.1931
003011.SZ,20250801,10.9869,1.3,34.4744,1.5658,219931.992,167266.1368
688334.SH,20250801,2.8554,0.64,24.0161,2.1043,588521.2273,291685.8336
000021.SZ,20250801,2.7835,0.78,28.9998,2.415,2863678.224,2863339.6665
688371.SH,20250801,1.7657,0.74,126.8182,3.0685,585399.2612,221508.5934
603360.SH,20250801,2.291,0.73,47.6354,9.1996,1415272.2026,1415272.2026
002928.SZ,20250801,2.147,0.85,33.1662,3.1328,1078835.8682,1078835.8682
688515.SH,20250801,2.9576,0.88,,4.6929,729600.0,454352.928
000875.SZ,20250801,1.0934,0.67,16.9889,1.0805,1875298.9136,1728020.9897
600521.SH,20250801,6.7577,1.15,27.8135,3.5534,3186150.3004,3098578.2847
300215.SZ,20250801,6.8721,0.6,4003.8226,2.411,473427.5262,355295.0702
001306.SZ,20250801,39.2235,5.05,94.277,3.8677,524488.257,129347.5
300884.SZ,20250801,6.0886,1.01,,2.6899,339922.316,256297.8374
688488.SH,20250801,8.3108,1.02,,6.7529,672831.71,672831.71
002663.SZ,20250801,2.2104,0.91,,1.2763,311926.1513,252757.1124
600221.SH,20250801,0.9301,0.27,,25.5487,6395913.6152,4865156.1451
002572.SZ,20250801,1.3075,0.64,10.7728,2.0172,1311670.2374,887291.4074
002112.SZ,20250801,6.3795,1.86,34.3538,4.6054,391194.6051,348566.4
600187.SH,20250801,1.5268,0.65,121.2657,1.5362,492203.2364,492203.2364
002759.SZ,20250801,2.5688,0.42,,1.4596,461271.9966,460986.3256
000716.SZ,20250801,19.2021,3.84,64.172,1.9179,492782.1657,464901.2216
603519.SH,20250801,1.9455,0.95,20.0744,2.9431,325452.6193,325452.6193
300925.SZ,20250801,4.2081,0.86,78.9882,4.7174,1002321.5134,772892.7972
300153.SZ,20250801,12.0418,1.05,249.2995,11.2557,996480.0,991279.9875
688035.SH,20250801,4.5184,0.81,53.3202,2.5779,590722.72,368859.5842
301025.SZ,20250801,22.8877,1.77,414.3602,7.6401,468361.998,324266.3658
002083.SZ,20250801,1.953,0.55,12.0021,1.0491,461959.8379,461776.3499
301311.SZ,20250801,9.5232,0.81,,2.8031,508560.0,184866.5757
600335.SH,20250801,2.2297,0.84,23.6825,0.8377,955808.9742,955808.9742
301293.SZ,20250801,10.3401,1.57,93.8098,4.4694,1030964.8699,805533.1885
300537.SZ,20250801,7.0583,0.51,,5.8759,530357.7157,366433.022
300658.SZ,20250801,15.2913,0.8,79.3515,1.7491,231603.8171,156880.5124
002733.SZ,20250801,2.9938,0.65,62.0526,2.3147,620507.0845,595713.3558
601006.SH,20250801,0.5649,0.58,15.3153,0.8072,13115812.6931,13115812.6931
603828.SH,20250801,0.4873,0.43,1600.4363,3.7605,284272.9954,284263.2011
603955.SH,20250801,4.3221,0.86,203.1532,2.96,461312.28,461312.28
002763.SZ,20250801,3.5148,1.13,49.0817,1.5221,295965.128,219168.8399
603711.SH,20250801,2.2928,0.45,26.7218,1.6529,559031.5314,559031.5314
600982.SH,20250801,2.0626,0.36,17.5117,1.2413,523049.663,523049.663
300921.SZ,20250801,16.4515,0.87,220.5227,5.5624,450303.8432,281017.6142
920275.BJ,20250801,3.5383,1.2,137.7714,7.1117,163521.4176,135432.7079
300953.SZ,20250801,7.0327,1.0,63.9271,4.5391,1753859.8604,1261258.8353
600246.SH,20250801,4.509,0.99,,2.7712,1361096.9827,1361096.9827
600739.SH,20250801,1.6189,0.76,38.5831,0.6121,1809646.7123,1809646.7123
300790.SZ,20250801,15.1554,1.94,46.3394,3.6677,890403.1748,707041.5345
300054.SZ,20250801,1.5828,0.85,45.7688,5.6913,2655112.0793,2064498.1483
688049.SH,20250801,5.1002,0.84,60.4563,4.3888,843353.1875,843353.1875
301069.SZ,20250801,2.7707,0.49,115.5124,4.7344,704153.265,656142.945
688130.SH,20250801,3.2357,0.64,,2.1738,274422.7834,136847.1634
688319.SH,20250801,3.3015,0.85,222.7077,9.6107,883717.4472,882576.0461
688395.SH,20250801,3.8518,1.06,54.0171,2.7754,210172.6664,210172.6664
600963.SH,20250801,1.597,0.77,62.9926,1.0572,836602.2985,836602.2985
600599.SH,20250801,3.1663,0.74,,11.4728,126492.0,126492.0
688720.SH,20250801,4.646,0.66,114.7298,3.9182,384702.0029,241308.7934
600284.SH,20250801,2.5847,0.68,11.5818,0.8443,655893.056,655893.056
000651.SZ,20250801,0.5584,0.53,7.6929,1.8681,25704850.9454,25308104.6964
300931.SZ,20250801,4.4908,0.96,,3.2268,204844.538,170978.3166
002809.SZ,20250801,7.3839,0.62,68.3236,1.6719,261326.3643,171796.4435
688103.SH,20250801,1.5948,0.56,148.3692,5.0708,561885.0847,561885.0847
600826.SH,20250801,12.1082,0.45,28.1179,2.04,808351.3704,808351.3704
002182.SZ,20250801,2.8992,0.9,93.8779,2.2441,1193125.2383,1041211.4894
001209.SZ,20250801,6.8869,0.88,65.1875,1.8326,236083.2824,172489.8716
601200.SH,20250801,1.355,0.83,18.1155,0.9749,1094485.1941,1094485.1941
300866.SZ,20250801,2.4892,1.63,28.7438,7.5983,6609622.1048,3718994.3891
000729.SZ,20250801,1.5774,0.92,31.3265,2.4588,3503444.4009,3119441.0871
000538.SZ,20250801,1.828,0.83,20.1593,2.5984,10043614.1923,9978501.5341
002134.SZ,20250801,2.369,0.46,211.869,10.7066,517022.0621,517022.0621
301171.SZ,20250801,48.406,2.78,70.0863,4.603,1665757.2447,1089975.8383
301662.SZ,20250801,13.7585,0.68,45.4255,5.6875,810400.0,159814.1723
001309.SZ,20250801,15.2788,1.27,232.0527,8.3534,1995044.0162,1404901.9795
603416.SH,20250801,2.5322,0.84,36.845,3.2765,847762.925,752629.475
000550.SZ,20250801,1.3277,0.45,13.3465,1.6319,1834329.75,1101734.215
300173.SZ,20250801,2.9347,0.89,97.1526,4.332,429814.5333,429814.5333
002455.SZ,20250801,2.0172,0.72,35.5271,2.3055,408848.1879,357233.5837
600512.SH,20250801,1.3148,0.53,,0.594,368170.3361,366690.5927
601877.SH,20250801,0.6608,0.66,12.3877,1.1705,4901798.2343,4901798.2343
600126.SH,20250801,6.3247,0.93,,1.5254,2955040.4476,2955040.4476
300151.SZ,20250801,2.3111,0.74,76.5538,4.7325,725276.8957,502165.3426
000726.SZ,20250801,1.3604,0.69,11.3478,0.5897,556585.6734,400905.255
002813.SZ,20250801,5.4563,0.84,,9.6988,283440.0,283100.0492
002274.SZ,20250801,1.266,0.6,21.0977,1.186,648560.3239,638675.2575
601228.SH,20250801,1.7118,0.93,27.3172,1.1756,2482150.8145,2482150.8145
601326.SH,20250801,1.1897,0.73,11.6678,0.9411,1810321.488,1541449.116
300587.SZ,20250801,14.71,2.89,1555.2394,3.7802,1026930.6184,808416.2143
688070.SH,20250801,8.8324,1.0,,9.3752,507964.0,507964.0
002997.SZ,20250801,6.1671,1.31,19.998,3.5621,831005.6603,831005.6603
002170.SZ,20250801,2.3281,0.62,18.7708,3.1505,989335.737,801541.139
300075.SZ,20250801,7.7691,1.87,,3.1832,1124245.586,931047.2141
000820.SZ,20250801,1.0221,0.4,,11.4275,179095.7846,82259.8249
000901.SZ,20250801,5.9977,0.94,8952.103,2.4398,1028083.4109,1028073.0747
300264.SZ,20250801,15.3808,1.52,,101.7378,295568.2573,254102.8186
688456.SH,20250801,2.2623,0.69,69.746,3.484,418060.78,418060.78
300796.SZ,20250801,3.2586,0.61,,2.2246,385700.5873,385700.5873
688506.SH,20250801,1.1452,0.8,,36.2983,12237718.0,3140031.2002
605007.SH,20250801,2.4473,0.8,19.6336,1.7303,574665.3206,483867.5427
601678.SH,20250801,2.3401,0.73,31.5962,0.7906,902951.1252,891098.1252
002235.SZ,20250801,7.5685,0.74,176.8099,6.1792,462498.6826,441755.485
002688.SZ,20250801,15.9501,1.41,37.5592,2.3813,552490.229,536921.1448
300506.SZ,20250801,1.42,0.62,,36.0002,287281.383,237774.6109
688129.SH,20250801,2.4157,0.87,35.742,3.5456,307461.8976,307461.8976
300018.SZ,20250801,3.1709,0.43,42.5951,3.1008,401372.4883,318870.9708
920735.BJ,20250801,9.2439,0.96,24.1282,4.0625,453543.6173,401125.455
600366.SH,20250801,6.1313,0.43,96.549,2.1796,1281481.8655,1239507.014
600350.SH,20250801,1.1753,0.57,15.0714,1.6223,4873247.3916,4873247.3916
688320.SH,20250801,3.533,0.78,,5.44,703119.6382,516240.4579
688819.SH,20250801,1.2461,0.68,18.2154,1.6876,2682023.9,2682023.9
688170.SH,20250801,7.5662,0.68,,3.2595,396282.24,396282.24
600601.SH,20250801,9.1119,0.67,97.108,5.9999,2514686.8521,2514686.8521
603778.SH,20250801,6.2681,0.91,,3.0186,249524.0056,244285.714
603927.SH,20250801,3.0782,1.36,53.1028,5.55,1662080.0,1662080.0
920111.BJ,20250801,2.4069,0.65,35.1124,5.1678,432881.055,102918.915
603107.SH,20250801,1.6374,0.62,28.4101,2.6534,536362.65,346896.6568
000006.SZ,20250801,2.0674,0.66,,1.5438,830246.9533,830242.2485
600635.SH,20250801,1.4105,0.62,30.2199,1.4047,1207545.7821,989285.7951
000797.SZ,20250801,2.8009,0.85,,0.8125,419391.3759,419343.2657
002251.SZ,20250801,8.4084,0.51,10.0736,1.6456,1320151.5473,743070.0126
605005.SH,20250801,3.6692,0.77,27.8146,3.7874,730622.0,730622.0
002842.SZ,20250801,4.1428,0.34,,2.8276,293146.4901,240542.4081
301408.SZ,20250801,14.4937,0.89,39.7497,2.9648,600815.02,224055.2971
600390.SH,20250801,1.5456,0.43,103.9496,0.6356,2689843.1445,2689843.1445
688617.SH,20250801,1.0025,0.63,55.052,15.4513,3942604.7224,3942604.7224
603369.SH,20250801,0.8342,0.51,13.9139,3.1422,4902417.7455,4902417.7455
300657.SZ,20250801,9.0096,0.95,397.7044,10.8918,1412440.6978,1371630.4003
603409.SH,20250801,17.2117,1.48,29.5681,3.2859,461269.8,113005.783
600992.SH,20250801,4.4268,0.67,,2.6266,376213.15,376213.15
300012.SZ,20250801,1.7796,0.76,22.3292,3.0008,2064830.2186,1756781.4072
601601.SH,20250801,0.8111,0.54,8.3337,1.4095,35691466.7981,25395103.7981
002539.SZ,20250801,2.1243,0.89,15.2793,1.4597,1291056.7016,944076.7241
300261.SZ,20250801,16.8129,1.38,,4.1843,833262.6924,810573.6611
920982.BJ,20250801,2.424,1.5,46.4759,24.337,3715574.8939,1926429.5236
001332.SZ,20250801,3.9617,0.99,15.78,1.736,414040.0,101628.0
002886.SZ,20250801,3.3366,0.68,133.7073,2.8113,498244.3485,395784.9645
300437.SZ,20250801,3.7893,0.81,,1.6294,231976.6552,161569.9386
603356.SH,20250801,5.7889,1.62,,4.3012,186409.32,186409.32
002869.SZ,20250801,10.5023,1.92,64.716,2.1779,469719.3881,416624.8245
300821.SZ,20250801,17.5895,1.64,262.7928,2.5432,1254000.0,1253772.19
920425.BJ,20250801,4.5356,0.54,77.8165,6.6866,162870.3142,135953.7322
300457.SZ,20250801,4.2673,0.51,36.9165,2.0837,1328248.8023,1304580.4595
920339.BJ,20250801,1.1879,0.55,33.359,4.0299,235618.066,161459.9345
920809.BJ,20250801,1.5732,0.61,,1.9167,334450.8789,256502.7104
000960.SZ,20250801,2.3002,0.55,18.1733,1.5796,2939402.2863,2939402.2863
300651.SZ,20250801,46.8091,1.35,139.3953,3.0602,309955.2652,191915.4921
601872.SH,20250801,1.1246,0.62,10.6252,1.2547,4885095.7937,4885095.7937
002526.SZ,20250801,2.5467,0.64,50.6398,2.2013,695289.596,690722.9308
300442.SZ,20250801,4.9891,1.19,45.0918,7.7449,7874267.3347,2670388.2848
688278.SH,20250801,3.4205,0.97,41.898,14.7809,3690896.4,3690896.4
920414.BJ,20250801,13.1359,1.75,,4.2545,122253.9461,84737.8566
000686.SZ,20250801,1.7387,0.71,18.1713,1.0068,1916830.9374,1916830.9374
000893.SZ,20250801,1.8297,0.84,23.2467,2.4131,2914457.4438,2560165.1134
920680.BJ,20250801,56.4043,1.17,,12.3907,81069.879,56740.9462
000036.SZ,20250801,1.5994,0.95,197.4073,1.0537,509586.1972,508617.8068
600872.SH,20250801,1.2622,0.59,17.5364,2.7023,1464503.4673,1449457.346
601008.SH,20250801,3.9816,0.67,43.3089,1.8185,734457.6996,734457.6996
603383.SH,20250801,5.1116,0.56,42.6853,6.1818,849891.3191,846212.8026
300565.SZ,20250801,3.8444,0.7,,5.1246,314378.1065,287310.2776
920375.BJ,20250801,2.4001,0.67,75.95,2.2189,176300.5783,105813.3864
688277.SH,20250801,3.6476,0.5,,6.0605,792170.0308,792170.0308
600615.SH,20250801,5.111,1.15,210.1208,3.8043,279323.2672,278734.9696
002482.SZ,20250801,2.236,0.86,,12.3547,660169.3759,658892.925
300541.SZ,20250801,4.9932,0.72,92.5622,3.9513,657968.0728,591465.0821
688663.SH,20250801,3.3841,0.7,26.6802,3.303,434797.7512,434797.7512
600141.SH,20250801,2.0805,0.68,17.8568,1.3189,2732764.946,2732764.946
600280.SH,20250801,2.2905,0.47,,5.8148,390403.8366,390403.8366
688400.SH,20250801,3.7351,0.77,109.474,3.658,1409205.8728,1408879.4524
920037.BJ,20250801,13.9164,1.32,51.169,9.5273,720270.4005,232818.9255
301559.SZ,20250801,4.8076,0.75,37.6567,2.3107,1032600.0,154890.0
300271.SZ,20250801,6.8337,1.17,,1.918,719308.5563,706356.8585
600195.SH,20250801,2.2727,0.9,132.9587,1.3994,776072.6776,776072.6776
600456.SH,20250801,2.6816,0.69,29.4545,2.1426,1468210.3773,1468210.3773
300680.SZ,20250801,5.4854,1.28,36.3563,4.6619,837539.7349,646732.6789
603213.SH,20250801,4.0422,0.38,31.5971,3.0737,565514.9082,565514.9082
301567.SZ,20250801,3.8541,0.64,81.4087,4.1474,306144.0,90311.8422
000895.SZ,20250801,0.8624,0.85,17.6639,4.3624,8575036.5022,8573706.2664
603882.SH,20250801,5.673,1.17,,2.1146,1456484.0166,1446663.1101
000590.SZ,20250801,5.8186,0.6,,4.8965,284970.8077,284851.9981
301380.SZ,20250801,7.4441,0.84,53.2085,5.2561,377484.0281,162797.4862
600219.SH,20250801,1.4923,0.72,8.0318,0.8981,4564172.6433,4564172.6433
000731.SZ,20250801,1.7836,0.81,21.3151,0.9592,391739.2208,391739.2208
688046.SH,20250801,2.7363,0.72,59.2029,3.0853,653130.0,653130.0
000818.SZ,20250801,5.2272,1.06,,7.5608,1442760.0853,1438850.2057
603155.SH,20250801,5.6556,0.9,44.175,2.2799,494522.1288,494522.1288
301327.SZ,20250801,3.7256,0.87,32.2677,1.5511,953866.0173,263376.0584
002080.SZ,20250801,10.0715,1.4,43.8886,2.4618,4554427.407,4554427.407
300715.SZ,20250801,2.1659,1.0,,2.198,393555.7026,347859.3899
603968.SH,20250801,2.9506,0.94,,1.4142,253555.2,253555.2
688081.SH,20250801,7.5577,0.97,,5.4632,227203.2,227203.2
600876.SH,20250801,4.5475,1.34,,1.8215,708951.1094,434451.1094
300990.SZ,20250801,12.5961,1.29,46.0479,5.1364,967910.7367,443213.4379
603633.SH,20250801,4.6071,0.65,60.9062,2.0895,408884.7636,408884.7636
001323.SZ,20250801,1.1782,0.96,16.9918,3.0579,1264402.1535,261213.369
000404.SZ,20250801,2.9861,1.46,10.7804,1.266,507381.0687,504998.8921
002052.SZ,20250801,3.5317,0.65,25.1492,25.5781,776517.7642,711447.544
002034.SZ,20250801,1.1675,0.84,12.7695,1.1235,740810.9219,737134.4057
300814.SZ,20250801,14.0103,0.51,182.0094,4.1369,667516.8703,667516.8703
000065.SZ,20250801,2.4442,0.62,12.2779,1.2109,1181738.619,1075383.4037
920249.BJ,20250801,3.0989,0.57,,8.7426,611363.5,167345.5527
300824.SZ,20250801,5.1031,1.25,43.1071,5.583,402705.6356,389999.9088
000766.SZ,20250801,2.3491,0.84,376.6835,9.7759,2216172.3632,2215055.6125
000591.SZ,20250801,1.1815,0.83,15.3229,0.7575,1782948.5369,1639815.0587
002993.SZ,20250801,2.783,0.76,23.0549,2.2539,1076556.0,929943.0387
603259.SH,20250801,4.3001,1.12,19.3965,4.4585,26711620.0065,23111811.8115
601106.SH,20250801,1.0323,0.55,,3.7316,1975041.483,1975041.483
002598.SZ,20250801,6.4078,0.95,53.4704,2.8303,335129.4253,302958.7229
688197.SH,20250801,4.8848,0.74,,9.0887,689165.4355,296598.6232
688478.SH,20250801,3.676,0.83,122.8696,2.9059,447199.2223,334219.3941
600785.SH,20250801,4.6486,1.23,20.721,1.2134,275721.4242,275721.4242
603123.SH,20250801,8.257,0.87,,4.8152,990433.4646,808822.1768
600633.SH,20250801,6.3163,1.21,31.7219,1.7735,1763891.5906,1763891.5906
003038.SZ,20250801,2.2533,0.73,25.954,1.4035,420862.5862,285814.894
301301.SZ,20250801,8.5255,1.5,21.1168,3.7119,2821057.525,782803.9566
688292.SH,20250801,6.0526,1.26,137.9179,3.4753,352796.3741,200565.5158
603912.SH,20250801,15.9909,1.83,249.0144,2.8911,515269.0626,515269.0626
688276.SH,20250801,3.4825,0.87,56.0354,2.3331,967131.4641,967131.4641
002901.SZ,20250801,6.4032,0.83,46.4578,6.1856,1849839.1528,1289075.0698
002544.SZ,20250801,3.4019,1.05,,4.1927,1552297.8031,1548125.3181
603330.SH,20250801,2.3789,0.96,,1.9765,303304.2279,303304.2279
601375.SH,20250801,1.9764,0.58,93.2749,1.4365,2033583.4986,1510013.6286
688082.SH,20250801,2.3447,0.72,41.4921,7.0261,5474217.1871,5409913.9717
002462.SZ,20250801,7.3223,1.32,32.4407,0.9851,425892.3952,425546.8117
603659.SH,20250801,1.5754,0.61,30.4937,2.0311,3761411.0547,3760062.3738
300499.SZ,20250801,14.0616,0.88,,4.4426,606223.6481,539017.0943
688026.SH,20250801,6.2276,0.72,32.9483,2.4868,265146.1226,265061.4538
301181.SZ,20250801,8.1261,1.78,25.1943,2.216,302832.8902,98394.8902
920679.BJ,20250801,5.1816,1.04,157.5785,2.5906,125048.15,58615.3408
300943.SZ,20250801,2.9325,0.69,56.4908,3.2319,310417.86,204600.2571
688179.SH,20250801,3.9632,0.56,46.479,4.9594,491918.6523,491918.6523
300858.SZ,20250801,22.4574,4.95,55.8942,3.035,537530.0407,386689.0462
002605.SZ,20250801,3.0252,0.63,20.7985,3.2523,1100036.5066,888158.3226
300887.SZ,20250801,7.5847,1.0,,1.6257,480794.4847,319095.7508
600076.SH,20250801,1.9154,0.92,,0.7939,314623.1479,314623.1479
300277.SZ,20250801,2.7258,0.63,521.8735,8.9665,434300.7,433811.0422
002204.SZ,20250801,3.0051,0.59,22.3934,1.6135,1197449.4198,1197449.4198
300366.SZ,20250801,8.9279,1.19,,2.8157,501250.3238,437664.5543
601390.SH,20250801,0.7763,0.55,5.3075,0.4582,14028152.0571,11609244.4525
603225.SH,20250801,2.1306,0.75,16.5571,1.1055,1873800.3866,1857967.1796
300975.SZ,20250801,4.1756,0.99,93.82,3.6582,800361.5287,546569.4358
300941.SZ,20250801,7.2455,1.11,121.9746,4.2176,533373.75,309746.4257
920896.BJ,20250801,3.184,0.67,48.2147,5.0396,200322.771,87871.182
600426.SH,20250801,0.8678,0.42,14.2822,1.6276,5061756.4752,5052116.9024
002942.SZ,20250801,10.4412,0.44,40.9586,2.452,285375.8698,251229.3
002040.SZ,20250801,5.4256,0.62,28.9578,1.4169,463061.6888,461157.1976
688185.SH,20250801,9.2946,0.8,,4.0314,1974897.6439,916051.191
300006.SZ,20250801,17.8148,0.96,,3.0347,564912.4947,564864.1804
300694.SZ,20250801,2.988,0.59,70.7361,2.0095,276036.3645,276036.3645
002822.SZ,20250801,0.7883,0.45,,2.9894,251259.6315,201746.5011
688165.SH,20250801,3.6614,0.85,,7.6983,1213138.5,1213138.5
600791.SH,20250801,2.6915,0.94,,3.9425,226440.0,226156.848
301446.SZ,20250801,28.5333,1.98,36.7591,2.5215,288912.0,88262.616
000544.SZ,20250801,1.7777,0.89,8.3913,0.9693,816785.6009,816785.6009
000681.SZ,20250801,16.8366,1.75,125.6605,4.2422,1521654.191,1468475.7184
600210.SH,20250801,0.9488,0.46,11.6204,1.6248,954027.0434,954027.0434
920363.BJ,20250801,8.5745,0.88,,6.0173,209130.95,113689.6097
600137.SH,20250801,7.8587,0.41,68.7447,3.6119,192296.3891,192296.3891
300250.SZ,20250801,7.4129,1.2,,6.9075,358563.0273,264105.285
600909.SH,20250801,1.7817,0.8,15.6424,1.281,2825752.7151,2825752.7151
688610.SH,20250801,12.1874,1.45,221.8877,2.3047,336804.0,202739.0093
603017.SH,20250801,16.1817,4.06,63.5646,1.8193,271771.2483,271771.2483
300194.SZ,20250801,5.6502,1.01,24.6996,1.2749,559164.8195,454908.6751
300350.SZ,20250801,26.6608,3.66,,4.1262,377110.2392,316420.3948
000639.SZ,20250801,2.3916,0.65,,1.1865,346496.4185,346495.8253
300152.SZ,20250801,4.4012,0.44,,8.4665,199584.0,199499.5747
600302.SH,20250801,23.5902,1.84,,3.8744,249473.0687,249473.0687
300448.SZ,20250801,4.7319,1.63,,3.6124,453266.4429,330828.5143
002383.SZ,20250801,6.4412,1.13,,4.2451,710745.8928,710745.8928
603681.SH,20250801,4.104,0.43,23.5717,1.1768,294915.1407,294915.1407
300426.SZ,20250801,3.5756,0.74,,9.4059,446779.7475,396800.0
688045.SH,20250801,4.6348,0.6,,1.9031,259587.1732,140112.5715
920946.BJ,20250801,9.8943,1.09,45.07,4.5739,531513.3333,531349.9271
300787.SZ,20250801,3.8047,0.58,50.6556,3.0892,446328.33,271925.1261
688071.SH,20250801,4.7284,0.78,,3.3942,367902.6124,367902.6124
601665.SH,20250801,2.7884,0.82,5.7092,0.7566,3067711.441,3067711.441
300523.SZ,20250801,2.9236,0.59,,4.6388,539486.6825,538839.2687
603197.SH,20250801,3.8077,1.05,25.4212,2.6002,838254.7724,838254.7724
000977.SZ,20250801,6.5465,1.09,32.5341,3.9608,7964251.01,7954977.0095
300795.SZ,20250801,2.5818,0.82,41.1379,9.2116,467171.1188,270813.517
600196.SH,20250801,3.9541,0.73,25.1621,1.5363,7359703.2197,5838555.2017
002329.SZ,20250801,5.542,0.48,,3.5732,316313.5143,247147.7911
600757.SH,20250801,2.0748,1.37,10.6107,1.2197,1150540.4588,1150395.2536
301598.SZ,20250801,3.9085,0.76,33.9689,3.9569,365162.7826,91290.6972
002949.SZ,20250801,4.8675,1.16,22.0772,2.001,275244.0112,213241.1599
601816.SH,20250801,0.3531,0.55,20.6521,1.3334,26370941.1804,26370941.1804
688329.SH,20250801,3.6102,1.37,,2.1947,162120.0,162120.0
603050.SH,20250801,0.9468,0.64,36.0706,3.9254,661443.4765,661443.4765
603311.SH,20250801,3.3133,0.85,30.3302,2.0482,272681.7965,272681.7965
603355.SH,20250801,1.3999,0.51,11.19,2.6185,1327610.5013,1322187.6601
000615.SZ,20250801,2.2724,1.6,,,238049.6723,237900.0895
002420.SZ,20250801,22.9126,2.95,43.68,4.6778,273647.5,266162.6883
300154.SZ,20250801,2.2677,0.68,25.1278,2.3808,411343.0089,288503.5727
300719.SZ,20250801,4.6956,0.89,17010.8796,4.5449,465489.9117,328884.4617
301308.SZ,20250801,5.5073,0.75,,5.6174,3682610.3159,1046002.4959
688549.SH,20250801,2.116,0.68,9195.0181,3.7983,1147843.452,448900.8635
600228.SH,20250801,2.1199,1.01,,4.0162,170975.0746,170575.2426
605598.SH,20250801,2.7367,0.37,56.0158,3.0775,549582.0658,546058.7698
001201.SZ,20250801,2.0788,0.7,372.7141,1.3057,441326.2097,400952.617
600376.SH,20250801,1.9942,0.41,,0.7818,678425.6586,678425.6586
600463.SH,20250801,10.8712,0.75,,3.572,352500.0,352500.0
002249.SZ,20250801,1.7616,0.79,16.6949,1.7341,1608788.9152,1206189.9103
300898.SZ,20250801,11.6262,0.53,38.4413,3.7324,344224.0,318503.4967
688726.SH,20250801,13.4291,2.9,23.5671,5.2097,1901385.1526,170337.012
300690.SZ,20250801,5.666,0.75,36.1647,2.7901,409403.9234,271074.7901
300851.SZ,20250801,2.8666,1.22,56.9064,1.9868,249759.6582,154728.9689
601061.SH,20250801,2.8808,0.78,14.5282,1.7797,3856300.0,394408.0776
301206.SZ,20250801,1.5884,0.58,56.1283,1.3813,592814.301,315300.816
300727.SZ,20250801,6.9993,1.12,50.2072,4.1472,504527.9252,453830.0522
000993.SZ,20250801,3.464,0.53,23.747,1.8992,478559.2705,459536.2127
600315.SH,20250801,3.2311,0.51,,2.2098,1513852.907,1513852.907
301026.SZ,20250801,2.2542,0.62,35.5015,2.85,422274.9973,297697.2169
000810.SZ,20250801,2.3751,0.92,87.7908,2.1308,1316259.7026,1280364.0408
301078.SZ,20250801,9.861,0.6,83.3396,4.2069,1671849.3125,1662464.8807
000066.SZ,20250801,4.8385,1.1,,4.421,4835472.8329,4709548.2032
300930.SZ,20250801,18.5973,0.61,65.3245,4.0248,356200.0,167859.2536
605060.SH,20250801,5.6426,1.33,29.7759,2.3716,541332.0,541332.0
300903.SZ,20250801,14.339,0.71,,2.6484,482289.6128,381755.7211
002042.SZ,20250801,2.2811,0.54,,1.3773,787415.4674,787415.4674
002650.SZ,20250801,0.9519,0.7,,3.7179,702720.122,702697.247
300289.SZ,20250801,20.2083,3.88,,2.7678,459689.7065,458967.2315
600566.SH,20250801,2.211,0.96,11.7325,1.8873,2495053.1611,2478930.2691
601886.SH,20250801,3.4486,0.66,14.2479,1.2125,855416.5553,855416.5553
001234.SZ,20250801,70.2528,1.26,39.8699,2.7556,246180.825,205921.125
600529.SH,20250801,1.8232,0.51,16.025,1.8904,1515694.6341,1515694.6341
300729.SZ,20250801,2.3078,0.69,15.9259,1.373,490213.6706,459641.957
601388.SH,20250801,2.3274,0.67,502.8888,1.3364,570116.6575,570116.6575
600449.SH,20250801,2.4393,0.66,26.2102,0.9084,651282.5792,651282.5792
920526.BJ,20250801,2.9931,0.65,108.6495,10.8483,236439.3,149718.6425
301365.SZ,20250801,34.974,5.87,103.0502,2.0547,351000.0,90382.5
600608.SH,20250801,0.771,1.14,,33.6534,128913.6849,124801.6049
688102.SH,20250801,3.2103,0.61,86.2665,9.3287,1052518.9662,1052518.9662
300081.SZ,20250801,4.3108,1.01,,3.6613,430009.5415,429944.4317
603051.SH,20250801,4.3988,1.11,473.9821,1.9178,293915.2997,293915.2997
000966.SZ,20250801,1.9544,0.89,40.1039,1.1788,1569946.7922,1470946.7918
600101.SH,20250801,2.902,0.59,28.235,1.863,558819.7204,558819.7204
605296.SH,20250801,3.7446,0.44,18.1213,3.3555,1665314.1851,1664442.8983
002144.SZ,20250801,2.2298,0.75,77.4576,1.0397,214059.4214,166687.2182
300485.SZ,20250801,15.7026,0.83,43.9572,2.0928,710939.6064,404154.1606
688181.SH,20250801,2.9291,0.89,51.7775,2.0457,421734.1283,421734.1283
301609.SZ,20250801,14.5294,0.47,60.8911,6.7638,785570.24,167600.4268
301345.SZ,20250801,9.7968,0.86,36.6242,5.6021,1708885.9177,451223.9297
001221.SZ,20250801,51.701,,42.2412,10.0517,2384859.62,208220.7395
601858.SH,20250801,3.7296,1.01,36.2522,3.0422,1581790.5,1581790.5
001313.SZ,20250801,2.798,0.82,,2.1575,550900.0,550217.4357
000702.SZ,20250801,3.9566,0.65,,7.4345,262048.4607,201575.7395
001387.SZ,20250801,6.4375,1.02,25.1383,2.1499,260280.6048,161980.4935
301007.SZ,20250801,13.0176,0.85,111.6687,8.7922,579011.84,577703.456
300622.SZ,20250801,5.0373,0.62,69.4689,9.5644,755618.9023,513183.0774
002829.SZ,20250801,7.2049,0.71,,2.6692,445543.3407,313157.7084
300229.SZ,20250801,15.4917,0.94,,5.356,2197156.644,2195671.036
920455.BJ,20250801,1.3173,0.47,64.1731,5.7529,186322.5,97574.8799
300360.SZ,20250801,2.0706,0.94,11.189,2.0777,813958.2205,791808.5061
601789.SH,20250801,3.4235,0.89,19.487,1.3117,583610.8428,583610.8428
300115.SZ,20250801,9.9283,1.24,47.5992,3.7984,3033005.1399,3024247.3764
300859.SZ,20250801,8.4631,0.97,83.5995,8.4497,575825.0,575825.0
688551.SH,20250801,2.5091,0.81,50.8248,2.0285,259778.4908,259778.4908
688380.SH,20250801,3.8729,0.7,78.9054,3.8379,1123824.555,414818.46
688722.SH,20250801,6.4273,1.56,30.1904,3.4401,471126.0699,469948.6044
601336.SH,20250801,3.1046,0.9,7.4748,2.5433,20308248.366,13576210.1034
601615.SH,20250801,1.2221,0.9,74.3537,0.9873,2557705.291,2557705.291
000727.SZ,20250801,2.0116,0.68,,3.826,1087096.0752,1087096.0752
600114.SH,20250801,4.4798,0.51,33.9959,5.3204,1453432.2388,1453432.2388
002285.SZ,20250801,2.9965,0.69,,1.6603,470307.653,466286.8119
002882.SZ,20250801,12.4206,0.6,95.4128,6.5819,1347184.8,768063.8508
600611.SH,20250801,2.6986,0.33,93.734,1.5271,1472848.5443,973946.0948
002506.SZ,20250801,2.2793,0.78,,7.0653,1509381.6382,1507864.8497
002109.SZ,20250801,1.7806,0.47,,1.002,441589.3684,441589.3684
300035.SZ,20250801,3.4314,0.58,26.7059,2.383,1104907.7937,940362.4246
688128.SH,20250801,2.368,0.68,19.6355,3.2584,1027430.0,1027430.0
300137.SZ,20250801,1.2788,0.69,,1.9811,324632.2371,318700.4752
603890.SH,20250801,5.0897,1.1,22.8279,1.9496,541368.4212,541368.4212
601827.SH,20250801,0.6194,0.76,12.011,1.2292,1426159.1049,1426159.1049
301267.SZ,20250801,3.2899,0.72,40.3697,2.9828,1705200.0,667522.6163
300514.SZ,20250801,2.8138,0.78,15.4571,2.7628,273600.0,216709.6338
600825.SH,20250801,4.7241,0.44,190.7808,3.1179,760678.3548,760678.3548
601518.SH,20250801,1.9979,0.71,9.639,0.9633,514230.462,514230.462
300308.SZ,20250801,5.7165,1.01,40.7365,11.5227,23403485.469,23288651.0041
300425.SZ,20250801,1.7097,0.83,45.0112,1.5847,372494.7697,370594.633
603182.SH,20250801,2.0846,1.09,20.725,2.1508,235471.05,133195.5796
300003.SZ,20250801,5.1366,1.0,205.3389,1.9461,2948798.4416,2534042.5876
002252.SZ,20250801,1.0696,0.97,22.9049,1.4208,4586847.5224,4584432.3219
300946.SZ,20250801,5.944,0.71,99.5185,6.6347,784095.2028,380992.4118
000812.SZ,20250801,3.0535,0.44,115.7862,2.0517,369741.1473,369485.4266
002612.SZ,20250801,2.6315,0.43,29.0086,2.8976,784013.2045,451397.9102
301548.SZ,20250801,3.5485,0.48,37.7869,2.9365,432477.0,130414.0955
920953.BJ,20250801,11.7684,1.47,72.8284,8.981,483509.7463,141971.3283
300047.SZ,20250801,7.4883,0.75,368.3161,3.0758,1006361.0924,867456.6041
002802.SZ,20250801,6.3683,1.84,37.9406,4.0887,253582.0681,253082.5391
300942.SZ,20250801,6.3497,0.45,216.0185,5.7072,451081.0555,451081.0555
000157.SZ,20250801,1.5288,0.86,15.6825,1.1322,6296133.6518,5147263.8403
300305.SZ,20250801,3.1451,0.83,,1.1818,254145.9977,217638.028
601096.SH,20250801,2.0653,0.9,42.363,2.6412,1174393.0836,721266.7015
688501.SH,20250801,6.7705,3.09,21.6149,3.364,335860.759,335860.759
688141.SH,20250801,5.9651,1.61,,7.0553,1388009.28,819816.9469
300203.SZ,20250801,2.8482,0.63,41.2678,2.9268,873243.3696,872525.1497
603825.SH,20250801,4.3264,1.39,,8.2267,305523.8817,305523.8817
600668.SH,20250801,3.802,0.74,7.4256,0.8992,510758.0348,510758.0348
603848.SH,20250801,8.8943,0.55,31.2095,2.9649,706625.8333,706625.8333
300290.SZ,20250801,5.518,0.85,,15.2948,1216771.3462,1215800.185
603877.SH,20250801,1.2489,0.88,30.2571,1.5562,676464.2758,673948.1525
920639.BJ,20250801,3.5388,0.48,233.4399,2.1882,183052.8,106432.0218
000909.SZ,20250801,0.9005,0.45,,2.6091,277510.8313,277508.5014
688060.SH,20250801,3.4898,0.97,,2.6885,243471.4948,243471.4948
600331.SH,20250801,1.9199,0.68,4413.4117,7.8219,2496312.0,1920240.0
688281.SH,20250801,4.4246,1.66,56.0682,4.5011,2030651.5288,1269157.2288
002675.SZ,20250801,6.0078,1.73,96.5642,3.1153,1392742.1457,1255575.5659
920001.BJ,20250801,2.6125,0.52,111.0842,4.6751,352640.9882,203545.8909
603818.SH,20250801,4.0582,0.7,,1.367,297960.0331,297960.0331
002485.SZ,20250801,4.2,0.9,,1.7541,214336.0,214336.0
603728.SH,20250801,4.083,0.86,309.2777,8.3446,2431194.03,2431194.03
600613.SH,20250801,13.7505,3.27,61.3297,1.6696,382929.3573,343672.4242
300518.SZ,20250801,3.1185,0.62,,3.6168,278179.1485,278145.9475
600018.SH,20250801,1.1333,0.69,8.643,0.9772,13107408.6425,13069807.2755
301557.SZ,20250801,3.7032,0.89,29.7981,3.3173,319016.6712,79776.0
600199.SH,20250801,1.3375,0.47,,3.2182,686082.0874,686082.0874
000597.SZ,20250801,3.4295,0.4,22.8092,1.701,886221.8126,875011.3479
002857.SZ,20250801,11.7276,1.15,504.8574,6.9021,353409.9408,350208.0
002275.SZ,20250801,5.136,1.43,17.2141,3.0953,906030.7812,862041.7093
600869.SH,20250801,8.6191,2.12,,2.9511,1273908.4762,1273908.4762
002234.SZ,20250801,2.0886,0.63,,1.5379,302548.5038,261321.29
600570.SH,20250801,5.943,0.74,60.5132,7.8958,6721449.8458,6721449.8458
600628.SH,20250801,2.3729,1.1,79.8339,1.1571,489037.7903,489037.7903
300021.SZ,20250801,25.0264,0.73,66.4816,2.4889,535297.9053,449560.9135
603167.SH,20250801,1.7166,0.8,17.597,1.3617,474305.0925,474305.0925
600159.SH,20250801,3.7495,1.18,,1.3655,235720.9179,235720.9179
688618.SH,20250801,2.9364,0.83,113.265,3.3675,286948.6906,286124.4048
301117.SZ,20250801,20.1605,1.35,253.4756,2.5043,325504.9224,200213.7152
002805.SZ,20250801,2.7252,0.68,,2.239,362680.9479,361065.8368
688168.SH,20250801,3.206,1.1,,5.4624,590247.3523,590247.3523
300550.SZ,20250801,4.4605,1.62,100.5896,3.2883,361807.8743,361471.9455
920792.BJ,20250801,3.381,0.98,40.5107,2.2404,221161.44,134079.4076
002186.SZ,20250801,3.3988,1.02,146.6781,4.0084,337920.6684,337468.9831
605020.SH,20250801,3.8561,1.62,38.167,2.7141,1188929.1802,958041.1803
300490.SZ,20250801,4.923,0.42,,1.6259,376345.1163,371238.0177
688176.SH,20250801,9.1364,1.62,,3.7271,707680.2322,539814.8908
300306.SZ,20250801,4.8473,1.24,39.3767,2.4407,356370.3809,208773.5442
600794.SH,20250801,4.5629,1.05,32.5737,2.1194,542468.775,542468.775
300844.SZ,20250801,3.7579,0.81,220.7897,5.0356,384879.488,371393.225
300665.SZ,20250801,8.4035,0.59,,4.2689,186071.8739,140142.1592
002196.SZ,20250801,2.6815,0.65,,3.0804,426945.7317,420521.3604
000090.SZ,20250801,2.2706,1.23,11.6712,0.5856,657727.9928,657697.8968
600429.SH,20250801,3.7991,0.57,100.3061,1.3792,695730.1558,690373.9734
300077.SZ,20250801,5.0763,0.87,,14.7744,1430409.7951,1390924.3447
000541.SZ,20250801,2.0986,0.61,23.1143,1.5251,987505.4019,791232.8515
688152.SH,20250801,9.4774,1.73,3104.1494,3.8343,474470.3778,186368.7458
600222.SH,20250801,7.3463,1.88,127.0862,2.4796,391390.445,391390.445
601318.SH,20250801,0.4988,0.6,9.0651,1.1641,105983565.4127,62638667.7849
300531.SZ,20250801,5.2863,0.68,,4.8706,617110.7129,591272.9833
300696.SZ,20250801,22.5017,1.71,,4.0026,735813.9873,423450.4913
600479.SH,20250801,8.3702,1.48,19.8238,2.0065,471239.0137,471239.0137
688218.SH,20250801,2.8725,1.06,118.5084,2.872,259856.3795,259856.3795
920122.BJ,20250801,3.6789,0.63,137.7545,12.4745,407617.8753,157864.9658
603309.SH,20250801,5.1403,0.98,17.6908,2.2259,414701.1135,413289.9279
002381.SZ,20250801,2.3664,1.16,22.0938,1.3698,286869.4171,224452.0774
600983.SH,20250801,3.5647,1.36,27.4481,3.2839,843849.339,843849.339
600064.SH,20250801,1.3328,0.75,6.9067,0.6961,1306406.4312,1306406.4312
002355.SZ,20250801,3.244,0.44,12.7697,2.835,391579.9224,390063.1562
920950.BJ,20250801,34.3704,1.61,32.0374,6.6851,192538.32,97293.3
002609.SZ,20250801,5.63,0.99,155.2495,3.1529,735706.7075,523716.2177
000950.SZ,20250801,2.6053,0.97,30.1176,0.8071,919394.2583,919394.2583
688333.SH,20250801,4.115,1.26,186.2187,3.4783,1648545.8769,1648545.8769
688062.SH,20250801,12.2111,1.42,,11.4703,1464933.6,748487.22
688003.SH,20250801,5.108,0.73,71.1542,5.0922,927778.3335,927778.3335
605199.SH,20250801,6.2258,0.69,,5.0781,368100.0518,368100.0518
302132.SZ,20250801,4.6847,0.88,886.0538,12.307,22029918.9545,4861958.9068
002023.SZ,20250801,3.5507,0.94,127.5267,1.8977,815687.1187,815687.1187
603998.SH,20250801,12.6649,1.31,18.5895,3.2186,508017.1335,508017.1335
001206.SZ,20250801,3.6678,0.4,19.969,2.4895,453174.7234,260579.1949
000792.SZ,20250801,1.5248,0.74,19.5332,2.5247,9519539.0013,9519489.8976
601865.SH,20250801,3.1329,0.85,110.0239,1.8282,3882218.6703,3148639.9153
603558.SH,20250801,2.6393,1.04,10.9165,1.3741,330579.4275,330579.4275
301377.SZ,20250801,10.7119,0.7,81.7487,8.6786,2115600.0,366483.84
688316.SH,20250801,15.7509,0.97,,60.145,385647.8828,385647.8828
603126.SH,20250801,2.292,0.55,,1.99,404151.0,404151.0
920090.BJ,20250801,8.2364,0.75,,17.6884,175612.854,119241.0594
601878.SH,20250801,1.869,0.57,22.5808,1.4429,5186685.3886,5186685.3886
688375.SH,20250801,2.1667,0.78,88.864,6.2348,3744761.6167,3744761.6167
300551.SZ,20250801,6.3375,0.85,,7.5997,376789.6256,375692.7267
000890.SZ,20250801,5.3149,0.78,,100.0912,164865.0594,164859.9811
920433.BJ,20250801,36.9021,4.04,208.0176,4.7454,220346.8453,145815.0183
003015.SZ,20250801,3.6598,0.76,51.3361,4.8518,458138.6672,403264.758
301082.SZ,20250801,6.6972,0.94,,4.3442,432476.8315,399841.4175
603307.SH,20250801,3.0035,0.75,20.1967,1.9521,267435.38,66980.0
920729.BJ,20250801,13.2869,2.82,70.6709,4.4151,280457.1,78822.4921
688028.SH,20250801,3.207,0.74,36.9462,1.8448,356738.9023,353855.8569
002319.SZ,20250801,2.2626,0.28,,15.3918,277551.0758,265000.0
603032.SH,20250801,7.0376,0.73,,3.8694,417991.2772,414676.8416
600549.SH,20250801,3.3728,0.5,21.4307,2.2167,3606994.9967,3530533.4586
600917.SH,20250801,0.5348,0.77,23.535,1.6164,894475.7825,894475.7825
000683.SZ,20250801,3.051,0.44,13.4987,1.5573,2134556.2204,1904594.8662
600874.SH,20250801,2.0755,0.97,11.4723,0.9627,929687.5063,728407.5063
688372.SH,20250801,3.9903,0.69,57.1655,3.3463,882937.2399,612113.6196
300825.SZ,20250801,3.9139,0.8,,2.6071,583205.4033,567244.3442
600067.SH,20250801,1.4058,0.66,,0.717,421675.6279,421675.6279
002039.SZ,20250801,1.3913,0.64,31.7206,1.6745,672976.4903,672976.4903
920273.BJ,20250801,5.0439,0.79,41.4349,6.3396,384686.3813,252606.1746
301186.SZ,20250801,3.4448,0.67,37.0443,2.4518,362645.1804,339011.2868
688721.SH,20250801,4.9803,0.91,69.8785,5.0448,589803.0,117960.6
920579.BJ,20250801,2.2027,0.56,447.0116,7.074,369535.92,127215.3947
300409.SZ,20250801,7.4501,0.63,70.5263,1.6948,1314178.241,1154982.5986
000930.SZ,20250801,1.3127,0.74,266.9718,1.0307,1089797.4987,1087819.9749
002346.SZ,20250801,1.8111,0.88,17.3774,2.3796,633219.1465,564135.534
600351.SH,20250801,22.0241,1.54,23.4125,2.0367,556500.0366,556500.0366
300723.SZ,20250801,7.2885,0.87,,17.6751,3420217.6242,3162444.9671
002178.SZ,20250801,13.2516,0.54,,12.0145,509189.3957,508924.958
003035.SZ,20250801,1.0629,0.68,,2.6133,1753787.8784,1753787.8784
600803.SH,20250801,0.6829,0.94,13.0826,2.6681,5742000.4234,5229315.6481
605055.SH,20250801,7.4225,1.11,80.1031,2.7664,311960.0,311960.0
603338.SH,20250801,2.2967,0.48,13.4213,2.3546,2490218.8689,2490218.8689
605111.SH,20250801,2.3819,0.81,30.204,3.315,1337370.8657,1337370.8657
301029.SZ,20250801,2.3085,0.7,34.7426,3.6942,1493547.3868,1087734.505
688611.SH,20250801,5.2026,1.08,81.2512,6.8133,595151.648,595151.648
002296.SZ,20250801,4.7854,0.68,14.874,1.8576,441005.0354,393274.2826
300406.SZ,20250801,2.4174,0.77,17.4385,2.2785,863632.609,625165.4382
300625.SZ,20250801,3.386,1.7,186.4395,1.747,346370.44,202274.9454
688448.SH,20250801,41.5723,2.49,61.7512,2.866,286609.2,191889.2
688595.SH,20250801,4.7639,0.92,,7.9608,535520.2259,535520.2259
600618.SH,20250801,2.7347,0.39,14.5808,1.3557,1177215.1756,763337.0956
688778.SH,20250801,3.1383,0.7,44.7404,2.8908,2513866.2844,2513866.2844
605169.SH,20250801,4.6259,1.28,16.6062,1.7138,321351.68,321351.68
688366.SH,20250801,1.3457,0.82,30.3547,2.2732,1254309.8453,1046521.654
000670.SZ,20250801,4.4981,0.41,,142.8933,625419.5732,537969.5004
301608.SZ,20250801,17.6644,2.21,39.7322,3.5547,717971.32,322212.9262
000800.SZ,20250801,1.2515,1.03,71.1369,1.3142,3430132.8396,3429815.6683
002672.SZ,20250801,2.1679,1.59,,1.5004,518364.9711,424500.4836
300628.SZ,20250801,1.8477,0.7,16.1011,5.3688,4252798.906,2436368.0917
603324.SH,20250801,7.1335,1.4,33.0052,2.4014,401009.2214,401009.2214
002975.SZ,20250801,16.4513,1.08,,2.9241,629255.6912,420260.1506
301456.SZ,20250801,3.0004,0.43,62.6726,1.8239,391164.293,157300.1768
605378.SH,20250801,8.9363,1.06,37.009,4.3136,520602.0288,520602.0288
920304.BJ,20250801,2.1575,0.43,30.4219,4.8697,236291.328,114774.8114
603090.SH,20250801,8.0135,0.64,53.2277,5.2994,303100.0,303100.0
600217.SH,20250801,1.2126,0.68,441.1717,2.1558,742628.8455,742628.8455
002490.SZ,20250801,35.9839,1.41,,9.7464,485091.8272,329301.084
300383.SZ,20250801,5.5174,1.12,89.7487,2.0306,2572355.3641,2566845.8967
688047.SH,20250801,1.7708,0.68,,18.7204,5225030.0,5225030.0
605003.SH,20250801,11.6848,2.76,29.7422,1.6833,237600.0,237600.0
002550.SZ,20250801,11.6118,0.96,35.2114,5.7498,1453852.8,1087992.1629
600834.SH,20250801,1.821,0.55,86.8599,2.4446,415322.2574,415322.2574
920665.BJ,20250801,2.5739,0.48,36.6151,2.7374,191605.26,94441.6386
688676.SH,20250801,13.2397,2.2,31.6949,4.2737,1860567.8777,1860567.8777
300613.SZ,20250801,3.0984,0.72,46.6179,4.116,1101028.4542,1038436.6309
601022.SH,20250801,5.0537,0.6,22.2606,2.1617,1251053.4673,237693.4673
600883.SH,20250801,4.4967,1.84,36.3512,2.0241,195716.952,195716.952
001390.SZ,20250801,8.8335,0.6,27.7913,3.2181,478400.0,117205.242
600368.SH,20250801,1.632,0.57,10.1667,1.0097,692151.1589,692151.1589
003023.SZ,20250801,29.9999,0.58,26.3258,1.7738,272202.6944,271506.9369
688085.SH,20250801,3.1094,0.59,246.1678,3.2023,649584.9461,580784.9834
603726.SH,20250801,3.1948,0.78,19.021,2.5909,325446.5536,324000.3286
920799.BJ,20250801,2.4243,0.64,153.3613,30.7424,1221968.7913,703104.1261
603066.SH,20250801,3.5885,0.97,65.6783,2.4919,350074.2881,350074.2881
301302.SZ,20250801,13.6188,2.25,,2.4226,406807.65,406807.65
300397.SZ,20250801,17.9802,2.41,,4.9499,738149.9984,578250.7118
603297.SH,20250801,2.1706,0.59,44.2071,5.1122,966702.4038,964893.3774
600133.SH,20250801,2.0384,1.06,19.9712,1.1288,979874.4451,979874.4451
300011.SZ,20250801,2.6319,1.16,,3.3025,432395.3995,388260.7136
300872.SZ,20250801,13.195,0.71,963.5485,3.2874,1163680.6619,1006147.3961
301110.SZ,20250801,11.6496,1.57,65.8403,3.6127,502929.5349,263816.7099
301036.SZ,20250801,3.0506,0.48,29.9013,2.2722,370700.0,261099.3384
001219.SZ,20250801,3.0778,0.8,27.935,2.756,275317.055,268226.7648
603950.SH,20250801,3.029,0.64,28.6536,2.7806,748418.0172,747208.1012
301088.SZ,20250801,3.3905,0.75,32.57,1.3217,328631.8,270879.7
688097.SH,20250801,4.191,1.14,33.6917,3.0033,1309571.247,1304765.699
000951.SZ,20250801,2.1453,1.14,13.9497,1.3949,2114764.848,2114764.848
300529.SZ,20250801,1.9196,0.44,26.0353,6.7497,1885507.0543,1207854.5011
920098.BJ,20250801,4.9389,0.88,32.8362,3.1731,284377.3304,152251.4383
003005.SZ,20250801,16.879,0.65,118.1961,3.0726,556027.0245,305128.629
688525.SH,20250801,2.5616,0.72,,7.0351,2929036.7251,2014882.5717
603716.SH,20250801,33.0747,0.9,,7.1846,608965.6231,608965.6231
300549.SZ,20250801,27.0052,1.12,178.4706,5.4365,296948.18,225048.7612
002259.SZ,20250801,1.4913,0.45,155.8123,11.2964,300178.9785,300178.9785
688108.SH,20250801,9.4752,1.28,992.6936,6.9393,609510.32,609510.32
301113.SZ,20250801,5.1757,0.74,177.795,2.9295,201201.0,121864.7151
001333.SZ,20250801,4.1675,1.24,18.579,1.6275,270208.0,92884.0
300999.SZ,20250801,1.1721,0.91,63.1129,1.7431,16416579.171,1643135.4097
300329.SZ,20250801,21.2046,0.97,,3.9291,278177.658,277354.4741
600249.SH,20250801,2.5174,0.74,46.8522,1.4724,319550.0,319550.0
300707.SZ,20250801,4.0513,0.81,,2.3457,257571.7433,209051.0861
603826.SH,20250801,1.2795,0.52,328.0066,6.673,1269122.4,1269122.4
600397.SH,20250801,1.6395,0.25,,51.6208,605855.4478,605855.4478
000428.SZ,20250801,3.8388,0.85,,2.3167,344396.988,344396.988
600866.SH,20250801,3.6723,0.74,11.4295,1.7152,1332501.038,1007126.9978
600461.SH,20250801,0.8158,0.72,10.0506,1.331,1204537.557,1204537.557
603117.SH,20250801,1.6611,0.89,303.7101,3.4387,349931.4813,349931.4813
600405.SH,20250801,5.1224,0.5,,12.6539,396500.7434,394747.2499
920906.BJ,20250801,2.976,0.43,95.8717,2.8774,156512.73,79938.3842
601956.SH,20250801,2.3564,0.59,32.5972,1.6339,405401.8901,405294.0167
300389.SZ,20250801,3.1522,1.06,53.21,2.9413,438122.0763,276786.228
301123.SZ,20250801,15.059,1.01,,2.2074,628384.0,628384.0
000663.SZ,20250801,2.9025,1.0,,2.3556,234668.6985,213491.9336
605588.SH,20250801,5.4964,0.41,,3.3983,350737.1916,348977.3042
688248.SH,20250801,1.4063,0.79,49.499,6.3354,1881015.7,760800.4
601113.SH,20250801,1.2779,0.75,8.897,1.1526,447181.6515,447181.6515
688429.SH,20250801,2.033,1.06,,3.8614,592001.184,177344.3552
000793.SZ,20250801,1.2167,0.87,,28.4173,527272.8006,517706.2744
300444.SZ,20250801,2.3975,0.63,4113.4323,3.561,581399.0655,431195.0501
000709.SZ,20250801,1.9121,0.56,31.6491,0.4834,2470571.941,2470163.5631
002391.SZ,20250801,2.8431,0.26,,0.9668,408593.714,291931.9901
003028.SZ,20250801,2.0742,0.73,23.1817,2.5998,448314.678,218527.3374
001376.SZ,20250801,3.0597,1.16,28.8269,5.0635,554462.7,254214.0081
600356.SH,20250801,2.1613,0.64,21.7972,1.034,265273.4637,265273.4637
002349.SZ,20250801,7.0894,1.67,32.4475,2.5058,661250.9017,648902.1837
300206.SZ,20250801,3.2076,0.69,40.4916,3.9112,763996.29,445984.2667
688150.SH,20250801,1.4437,0.68,58.5957,6.0293,1082154.6661,482254.1445
688717.SH,20250801,5.552,1.49,43.0008,2.0855,927040.0,562826.4774
002470.SZ,20250801,1.8452,0.78,135.8602,2.7342,565196.7716,565148.8997
600498.SH,20250801,6.1995,1.38,36.5547,2.0034,2618872.1555,2579329.128
300656.SZ,20250801,7.4022,1.09,,4.623,473674.1993,367861.3651
300477.SZ,20250801,1.9696,0.57,,2.0958,228339.9803,199256.8372
301161.SZ,20250801,15.4556,0.51,56.0946,3.4192,333120.0,148038.528
300893.SZ,20250801,2.9651,1.25,28.2567,5.8178,771052.0588,385357.0235
300853.SZ,20250801,5.3713,0.54,,5.1495,360605.1404,270569.4093
301516.SZ,20250801,4.4565,0.75,,3.6713,482807.0186,120701.7551
688301.SH,20250801,1.5348,0.65,36.2613,3.8765,1700654.8348,1700654.8348
603886.SH,20250801,1.4284,0.76,13.089,2.1871,303840.0,303840.0
001324.SZ,20250801,7.3968,0.34,50.7355,2.6848,299184.0,177025.0048
688202.SH,20250801,9.3254,0.69,,3.8936,827609.4534,827609.4534
000633.SZ,20250801,4.4067,0.85,194.662,12.2961,234529.7812,234528.0455
002757.SZ,20250801,55.0406,2.57,,3.1543,626957.4474,598518.4204
920719.BJ,20250801,4.6752,0.61,,2.3145,151649.1486,119232.4754
002007.SZ,20250801,1.6372,0.84,26.6929,2.5786,3040887.8922,2618641.5907
301367.SZ,20250801,2.2083,0.56,43.3353,2.6853,768768.0,484982.6639
002084.SZ,20250801,5.4966,1.16,,1.5539,227411.7261,225974.276
920438.BJ,20250801,10.7589,2.83,69.505,3.3078,321512.49,309872.9732
300072.SZ,20250801,1.2039,0.68,,1.3537,803604.3433,797325.1374
000825.SZ,20250801,2.2948,0.77,,0.7248,2374076.0559,2369639.0831
300332.SZ,20250801,7.1415,2.8,38.8104,1.0841,457646.62,438876.9859
301045.SZ,20250801,6.6237,0.77,98.9229,2.7276,271383.1607,165408.0728
688116.SH,20250801,1.8129,0.62,60.572,4.2659,1541877.8379,1450672.2068
300181.SZ,20250801,5.0714,1.47,24.3076,4.9131,1328427.6125,1141913.2806
603637.SH,20250801,4.5208,1.22,28.5924,2.7488,270908.4704,270908.4704
000968.SZ,20250801,2.5084,0.61,14.8219,1.1174,681121.8726,681121.8726
605179.SH,20250801,2.8131,0.45,251.6512,7.2725,802401.0,802401.0
600089.SH,20250801,1.2718,0.43,18.0979,1.0549,6770742.0451,6770742.0451
600756.SH,20250801,4.5556,1.31,,2.2038,493278.3021,493278.3021
300327.SZ,20250801,3.5247,0.42,72.731,5.0974,862007.8032,859295.774
002679.SZ,20250801,3.8413,0.9,227.0889,3.1482,231748.148,231748.148
603313.SH,20250801,2.6295,0.81,,1.3121,484998.8523,484998.8523
688605.SH,20250801,3.5816,0.77,57.1883,8.0431,1196064.949,239213.16
301047.SZ,20250801,3.983,0.52,87.943,1.5637,886488.5757,871503.5658
002176.SZ,20250801,2.4298,0.33,,3.7397,1295101.116,1294868.509
300829.SZ,20250801,3.7081,0.78,67.2495,1.7389,396822.3368,276294.7765
000970.SZ,20250801,3.6612,0.36,123.999,2.4634,1591385.0369,1591385.0369
600692.SH,20250801,4.5427,0.76,,2.9368,272265.3855,197378.1402
603113.SH,20250801,1.8213,0.55,143.2664,0.7232,607133.9026,607133.9026
688237.SH,20250801,4.1441,1.04,,2.411,288612.2615,288612.2615
000821.SZ,20250801,4.0937,1.53,18.6981,1.7993,736860.8624,715301.8538
002782.SZ,20250801,2.9287,0.78,27.4927,3.4165,683006.5179,668939.15
920116.BJ,20250801,2.3915,0.38,124.271,21.4721,1071610.925,272175.2915
000567.SZ,20250801,3.7536,0.31,65.9339,2.4035,1278303.2694,1275254.5836
600480.SH,20250801,8.6081,2.58,22.6212,1.9558,1468054.9329,1446198.544
002577.SZ,20250801,4.3548,1.04,155.4725,5.0445,592816.3072,592784.7472
002281.SZ,20250801,10.0067,0.7,55.1333,4.2864,4047168.388,3910665.3817
603276.SH,20250801,10.1001,2.42,118.4324,2.1339,366501.3622,137051.3622
002556.SZ,20250801,1.7589,0.48,39.4708,1.5675,553713.0768,547027.2481
300245.SZ,20250801,4.2126,0.93,,4.3516,557013.9651,553138.2428
002630.SZ,20250801,2.4402,0.71,,18.2293,296380.8,266971.0898
002703.SZ,20250801,5.3409,0.88,57.5583,5.2175,1013483.0971,722011.2272
688350.SH,20250801,5.5777,0.93,,1.7928,240391.6074,240391.6074
300876.SZ,20250801,4.8628,1.14,,3.8128,277446.7164,197639.3664
603048.SH,20250801,4.6694,0.48,55.7565,2.1879,274665.6,274665.6
601015.SH,20250801,3.3158,0.35,,1.2088,741426.643,741426.643
603270.SH,20250801,4.7385,0.96,53.1281,2.6679,581728.2009,187752.7509
301071.SZ,20250801,2.2106,0.73,70.4204,1.4621,769885.5019,575609.546
601666.SH,20250801,2.7217,0.58,11.3171,0.8841,1992770.2557,1992770.2557
300789.SZ,20250801,3.2054,0.43,60.1732,4.3104,440465.8125,302987.0771
301192.SZ,20250801,4.6684,0.84,65.0182,4.5933,263935.8,126469.2375
003001.SZ,20250801,8.4306,0.44,75.453,4.4006,518278.2773,315765.7691
603730.SH,20250801,4.4592,1.39,14.7181,2.7559,1201058.1877,1201058.1877
688707.SH,20250801,1.7892,0.48,,1.6138,697482.8211,697482.8211
300752.SZ,20250801,4.2138,0.62,38.49,3.6553,449685.9454,309496.6344
920873.BJ,20250801,9.8015,0.53,,4.5394,138048.3018,99183.1653
300445.SZ,20250801,3.5922,0.99,32.3461,3.2998,395544.6842,264524.5515
000025.SZ,20250801,2.7003,0.66,53.9735,4.2604,731937.0274,666937.5874
300017.SZ,20250801,6.5801,1.38,37.263,2.8528,2712317.4168,2537344.2232
300867.SZ,20250801,2.6479,0.8,23.4131,1.2675,471470.727,332474.2712
300803.SZ,20250801,8.32,0.69,236.8061,23.8237,5353548.4025,5287381.8679
002077.SZ,20250801,2.7024,0.55,337.8835,2.4541,811907.5697,811907.5697
300256.SZ,20250801,2.8032,0.8,,9.9197,914162.5346,662287.5346
002187.SZ,20250801,2.8845,0.53,99.7003,1.1076,451376.1437,333019.4621
002895.SZ,20250801,2.597,0.89,14.7193,2.2585,1507013.3738,1479634.4218
603129.SH,20250801,1.0201,0.46,20.7714,5.4336,3342976.5963,3342976.5963
300469.SZ,20250801,8.446,0.95,,25.4335,1118315.9021,1118287.6558
300532.SZ,20250801,3.4988,1.38,22.6746,3.2837,563028.5148,535201.5421
301509.SZ,20250801,12.8524,1.2,69.0492,2.2266,478414.1693,225374.966
300105.SZ,20250801,3.4227,0.96,41.8003,2.0271,388924.0727,388666.544
603239.SH,20250801,3.0006,0.83,22.6773,3.6143,422864.64,422864.64
603906.SH,20250801,3.0953,0.54,,3.2005,949519.3596,783199.3596
002765.SZ,20250801,4.3192,0.87,57.4271,3.208,807986.7035,738333.4378
603929.SH,20250801,2.2262,0.64,13.9191,4.2892,778764.0,778764.0
300374.SZ,20250801,3.1849,0.45,,5.0765,423706.9567,350500.2291
002718.SZ,20250801,4.7555,0.97,,2.4674,223724.205,110983.9411
603350.SH,20250801,3.611,0.49,40.0438,3.3578,430386.255,162668.0
300835.SZ,20250801,9.9797,0.51,61.9412,6.2855,673615.6543,464854.9515
920575.BJ,20250801,4.3876,1.06,,9.7899,472260.14,315924.9211
300124.SZ,20250801,1.1127,0.89,35.6269,6.0033,17090878.0424,15138912.572
603700.SH,20250801,2.6919,1.22,36.3255,1.5831,250510.3865,250510.3865
002960.SZ,20250801,1.4102,0.64,26.3599,1.5194,904963.6274,772110.9627
920802.BJ,20250801,9.983,1.42,67.1298,3.6605,153929.5603,41479.0591
300594.SZ,20250801,6.3261,0.61,,2.1026,173916.4409,172259.4506
002734.SZ,20250801,14.109,1.11,45.1578,2.8134,893981.4132,810027.6866
002729.SZ,20250801,4.405,0.73,56.4449,5.0857,270795.4816,259686.2923
000045.SZ,20250801,1.6662,0.61,59.6787,1.8179,533874.0288,481678.8948
688622.SH,20250801,4.9049,0.79,,18.7476,729681.9432,729681.9432
000899.SZ,20250801,2.6773,0.61,12.6347,1.5782,888842.4394,888842.4394
600719.SH,20250801,1.6619,0.61,,5.5955,259752.9432,259752.9432
688656.SH,20250801,9.1984,1.34,222.5148,9.6022,770644.0436,770644.0436
603693.SH,20250801,2.336,0.54,36.3232,1.781,1199035.0586,1199035.0586
600857.SH,20250801,3.3455,0.47,,3.3612,279502.6191,279502.6191
301448.SZ,20250801,6.4289,1.24,54.1683,4.2845,294632.0,135530.72
301000.SZ,20250801,4.7282,0.8,72.6117,8.9268,1036967.1875,978752.1635
301061.SZ,20250801,1.5601,0.91,26.7937,5.4931,2025686.5208,1345150.1178
300601.SZ,20250801,4.1561,0.8,115.5554,2.1419,1964677.2966,1583795.6177
600418.SH,20250801,4.3558,0.86,,9.9235,11105689.7872,11105689.7872
000030.SZ,20250801,2.1219,1.19,15.1744,1.3298,1026727.0745,997336.0313
600557.SH,20250801,14.4865,1.41,30.7968,2.2033,1007762.6747,1007762.6747
920075.BJ,20250801,5.3716,0.68,68.1822,5.551,210713.565,113391.1869
000520.SZ,20250801,1.6188,0.6,,10.5338,480739.6411,480739.6411
002884.SZ,20250801,1.2545,0.53,12.8394,2.8108,580518.7121,443127.8734
688255.SH,20250801,3.1768,1.16,148.9771,3.4778,356821.6098,356821.6098
300717.SZ,20250801,6.8131,0.86,35.2089,2.8077,196505.8,194743.7008
603196.SH,20250801,2.6469,0.56,,6.7961,437480.3686,437480.3686
600490.SH,20250801,3.342,0.98,,1.5698,973670.3148,876753.4098
300302.SZ,20250801,4.146,1.19,,6.8404,710268.9486,546693.3424
002694.SZ,20250801,1.2288,0.74,,8.8465,361702.1952,340710.0269
603130.SH,20250801,12.7211,1.4,53.1397,3.4695,460122.5132,170858.3037
688057.SH,20250801,1.5828,1.04,24.3593,1.1423,357696.0,357696.0
600310.SH,20250801,1.3721,0.52,,2.1707,596544.2639,596544.2639
603587.SH,20250801,2.9377,0.65,21.6257,1.7175,596882.8188,596882.8188
300187.SZ,20250801,2.7464,1.06,35.0388,3.3013,349927.2134,348072.9648
300774.SZ,20250801,4.3894,0.59,30.1642,2.632,373201.2216,177925.8518
000933.SZ,20250801,1.39,0.61,10.2595,1.8863,4026337.5185,4023303.2537
600396.SH,20250801,3.8628,0.67,47.0246,3.3646,499247.611,499247.611
920008.BJ,20250801,9.212,1.52,88.9345,8.0514,244800.0,127389.3466
300411.SZ,20250801,8.1759,0.53,384.9529,5.7522,553680.2495,417317.1746
000419.SZ,20250801,2.5842,1.04,26.5285,0.9144,319626.6011,319626.6011
300470.SZ,20250801,1.5501,0.49,19.3431,2.921,781312.2459,741292.4865
002654.SZ,20250801,2.1933,0.68,198.5108,6.3697,978015.0434,977945.6234
688573.SH,20250801,10.2649,0.52,,3.8595,295804.7781,157334.7397
603706.SH,20250801,7.0136,0.97,19.3732,2.4956,399029.3784,399029.3784
600513.SH,20250801,39.1087,1.25,72.3635,3.8787,540368.7191,540368.7191
300672.SZ,20250801,5.1353,1.11,171.0954,4.4924,1838530.0698,1780928.9757
603979.SH,20250801,1.6522,1.03,17.1183,3.2787,2964816.3017,2964816.3017
300603.SZ,20250801,4.5858,1.02,199.2948,3.7771,544278.7285,433820.3946
600885.SH,20250801,1.2316,1.02,20.3772,3.7141,3567621.5214,3567621.5214
600071.SH,20250801,2.2722,0.74,149.5324,12.3881,592431.4625,592431.4625
601599.SH,20250801,3.8153,1.09,36.7347,2.9277,454932.6416,454932.6416
603043.SH,20250801,1.0269,0.58,18.9916,2.4627,900364.1843,900364.1843
301227.SZ,20250801,4.8711,0.63,,1.6525,273597.2265,97495.0395
603188.SH,20250801,2.8311,0.96,,3.3529,251444.97,251444.97
300032.SZ,20250801,3.0392,0.81,,6.2695,424876.7226,424875.6646
688755.SH,20250801,6.2405,0.71,49.2397,3.5166,417120.0,78403.1408
603978.SH,20250801,3.148,0.39,,2.0548,356327.1767,356327.1767
003022.SZ,20250801,1.4673,0.78,84.571,2.9752,2151600.048,2151600.048
603257.SH,20250801,6.0606,0.49,40.5612,2.6964,638280.0,129784.467
000558.SZ,20250801,41.2076,1.18,,8.7089,950158.0504,949760.5561
300334.SZ,20250801,4.333,1.56,195.5376,3.8231,221413.9059,221387.8148
688518.SH,20250801,3.0093,0.64,40.1904,2.3539,739651.4809,739651.4809
301016.SZ,20250801,4.9116,0.61,56.1282,3.905,373464.0,354226.7685
600661.SH,20250801,6.8352,0.95,,46.9441,325806.0197,325806.0197
603466.SH,20250801,6.2696,0.68,,3.0305,634636.503,634636.503
300294.SZ,20250801,2.0371,0.9,35.5577,1.8117,1367018.3287,1367018.3287
002595.SZ,20250801,0.5757,0.85,20.852,4.4044,4444000.0,4412256.4136
688285.SH,20250801,5.8158,1.73,67.1328,2.0431,336403.1822,336403.1822
600973.SH,20250801,2.8792,0.87,,2.0374,710367.7165,710367.7165
600645.SH,20250801,4.5976,1.11,138.4228,3.3727,1221346.6029,1220880.1307
600180.SH,20250801,3.4853,0.9,,0.6267,494415.4961,494415.4961
689009.SH,20250801,3.5251,1.74,30.0353,7.1695,4218823.4862,3254955.4196
002469.SZ,20250801,1.2753,0.49,21.19,2.1044,543746.8839,527013.9354
600999.SH,20250801,0.5454,0.51,14.6754,1.3647,15462424.6611,13196325.3736
002936.SZ,20250801,2.4797,0.76,9.7825,0.4231,1882062.9111,1387048.1586
300430.SZ,20250801,6.4907,0.79,69.4474,2.4377,544182.2644,517889.4385
301062.SZ,20250801,1.9965,0.66,142.6822,2.4365,366138.7774,263933.0602
300463.SZ,20250801,2.8797,0.9,,1.239,783348.6056,627380.9135
601177.SH,20250801,4.2248,0.66,29.5904,2.7017,716404.1,702505.36
600671.SH,20250801,17.4532,1.41,62.2203,32.5432,187052.3674,186962.7387
603985.SH,20250801,3.4686,0.62,,2.2854,738878.013,738878.013
000403.SZ,20250801,2.0103,0.84,24.4782,2.248,1743979.2033,1726203.0922
601880.SH,20250801,0.9466,0.56,37.4637,0.9281,3657537.6244,2868254.0765
920670.BJ,20250801,17.047,2.42,,6.8806,164264.1728,103105.1073
300836.SZ,20250801,3.8841,0.79,188.3008,7.3804,385757.5088,263079.3416
300348.SZ,20250801,6.458,0.66,688.3689,6.4653,1362062.5637,1189786.3169
002210.SZ,20250801,8.7256,1.35,367.025,15.7352,787724.9011,786251.9755
300381.SZ,20250801,6.2349,1.46,237.5303,1.5101,387938.5542,386579.2115
002748.SZ,20250801,3.5497,0.95,38.4007,1.7061,231600.0,231600.0
300918.SZ,20250801,4.484,0.7,49.6704,2.5518,949508.1851,815508.1859
920476.BJ,20250801,1.8572,0.79,60.1171,3.332,153664.3592,145456.4893
300165.SZ,20250801,1.8322,0.62,,1.5982,204646.3424,173679.7614
002868.SZ,20250801,4.9184,1.4,,,412318.2156,408662.4638
002527.SZ,20250801,4.5378,0.85,,8.8589,1097366.4366,875615.537
002133.SZ,20250801,3.0451,0.7,,0.8755,251596.8569,250207.8153
920395.BJ,20250801,1.3433,0.45,33.8405,10.8984,216824.2854,147411.7321
001338.SZ,20250801,1.7848,0.6,20.3614,1.6578,587025.0758,276066.7428
002457.SZ,20250801,7.951,0.47,15.3778,1.6725,405186.462,404985.8035
000510.SZ,20250801,2.0586,0.75,,2.3942,305464.0304,285739.1288
601231.SH,20250801,4.9667,0.45,22.9087,1.982,3450346.3425,3450346.3425
600207.SH,20250801,4.6346,0.68,,2.0359,530495.2138,530495.2138
600226.SH,20250801,2.5712,0.86,42.2585,2.524,829852.3615,829852.3615
688161.SH,20250801,5.2722,0.9,49.1865,3.0058,1183600.0,1183600.0
301381.SZ,20250801,4.9379,0.5,47.2405,3.2167,827089.31,401097.26
000069.SZ,20250801,1.9115,0.88,,0.374,1816533.32,1559008.3739
601360.SH,20250801,11.2866,1.58,,2.658,7790507.9193,7790507.9193
600109.SH,20250801,1.4664,0.6,18.2079,1.0148,3434117.5468,3434117.5468
001203.SZ,20250801,3.2302,0.5,23.5516,2.7808,1729700.7614,1482432.5637
000955.SZ,20250801,3.4632,0.34,,4.0183,260044.785,259875.6505
600527.SH,20250801,2.1775,0.53,94.8246,1.7639,365401.5503,365401.5503
002719.SZ,20250801,8.1971,0.82,,7.2982,164910.0658,153293.0634
688772.SH,20250801,2.2872,0.63,38.7005,2.2874,1535085.362,1535085.362
301209.SZ,20250801,2.4664,0.53,178.3782,14.3955,1051568.0,322042.7
000008.SZ,20250801,2.36,0.82,,2.5077,749720.2405,749680.5644
300134.SZ,20250801,3.3298,0.82,,2.383,930975.0813,841892.3613
301138.SZ,20250801,9.1406,0.76,43.2389,3.9289,439080.0,250861.5523
603323.SH,20250801,1.2965,0.78,5.48,0.5989,1079919.6688,1079919.6688
300528.SZ,20250801,50.3419,1.23,,13.1923,795518.1953,795518.1953
000691.SZ,20250801,7.9668,1.29,,,215621.09,215621.09
002551.SZ,20250801,7.3449,1.73,147.4525,1.2484,329742.8854,238296.6729
301361.SZ,20250801,3.08,0.59,42.6854,3.1672,366574.736,91643.684
000096.SZ,20250801,2.8007,0.72,61.0378,2.2974,638352.0,617615.232
300698.SZ,20250801,7.9534,0.59,128.9947,11.8719,578344.0,511644.29
688602.SH,20250801,4.5269,0.59,,1.6991,476786.25,238309.2758
600712.SH,20250801,8.9633,1.12,,4.6326,366008.4019,361971.7053
002146.SZ,20250801,3.9161,0.78,,0.4321,604394.7753,541616.4678
300976.SZ,20250801,12.6321,1.4,27.5516,2.1944,738122.5419,472489.6274
600648.SH,20250801,1.0937,0.77,15.9661,1.0116,1521741.7719,1046031.8273
300911.SZ,20250801,3.8697,0.52,,7.4947,899555.4754,840040.0981
920879.BJ,20250801,13.1936,0.52,63.8482,9.1221,530452.0336,428393.0276
688114.SH,20250801,3.0404,1.06,,3.712,2873961.4695,1469234.1741
600967.SH,20250801,14.1184,0.78,66.0336,2.9353,3420607.2807,3420607.2807
920403.BJ,20250801,5.8634,0.85,34.3649,5.2036,245819.3119,143552.1924
600039.SH,20250801,0.8881,0.51,9.9666,1.5521,7203202.6541,5553773.5823
000031.SZ,20250801,4.6818,1.36,,1.2668,1311611.8817,1224883.4737
000738.SZ,20250801,2.246,0.74,43.1688,2.2401,2748734.5621,2748668.8838
600888.SH,20250801,1.2913,0.55,9.1789,0.9112,998038.7066,998038.7066
600340.SH,20250801,1.9309,0.44,,4.2031,853191.0346,848751.4035
688489.SH,20250801,7.9419,1.39,252.7196,2.5288,456778.5345,201121.2286
603209.SH,20250801,1.8308,0.47,14.1815,1.5346,491725.0,423640.0
603159.SH,20250801,4.1451,0.69,109.8988,5.1983,263060.0,263060.0
600812.SH,20250801,4.2532,0.82,71.4838,2.2035,1189001.1464,1189001.1464
688561.SH,20250801,4.3231,1.5,,3.0203,2520749.175,2520749.175
600955.SH,20250801,0.662,0.46,,0.9273,781000.0,781000.0
002712.SZ,20250801,7.9043,0.87,,2.4516,336362.6904,334279.9377
603566.SH,20250801,1.9182,0.82,43.4598,2.0242,514594.6,514594.6
920208.BJ,20250801,4.6425,0.51,21.285,4.2834,383617.6563,251202.1277
000061.SZ,20250801,1.4024,0.62,29.4196,1.7646,1106420.6134,1106400.3199
605507.SH,20250801,7.3494,1.69,15.7733,1.6299,1313235.225,709047.1371
002082.SZ,20250801,8.6489,0.83,111.4974,1.7768,466107.0599,421581.0126
601108.SH,20250801,1.1164,0.53,17.2232,1.0504,3742871.3072,3742871.3072
920519.BJ,20250801,3.0639,0.78,52.7173,2.6824,135493.8019,95625.4294
301229.SZ,20250801,11.4764,0.56,85.6041,3.6503,341795.9684,230434.5959
301378.SZ,20250801,30.8636,3.03,,2.4328,322547.4,146455.582
920981.BJ,20250801,3.6827,0.56,361.7797,5.4302,271461.4,132449.1439
601100.SH,20250801,1.4565,0.71,38.8579,6.3408,9809446.3775,9809446.3775
688075.SH,20250801,2.8371,0.79,33.8596,1.0297,528664.4688,528664.4688
600478.SH,20250801,2.1649,0.63,114.4506,3.32,931037.372,931037.372
688600.SH,20250801,4.6455,1.33,74.2004,4.3462,315891.4091,315891.4091
605099.SH,20250801,11.2634,0.41,26.111,5.3665,1425829.1,1420319.5
000019.SZ,20250801,2.066,0.62,22.2837,1.6247,786029.0432,283859.5896
605177.SH,20250801,6.7707,1.4,,1.3629,239576.6523,235074.7092
002315.SZ,20250801,11.2324,1.92,36.9649,7.976,1798092.9055,1145123.7015
603097.SH,20250801,3.4275,0.96,40.6267,3.5754,362250.305,352480.0
600763.SH,20250801,4.0571,0.62,40.2802,5.1465,2062897.4076,2062897.4076
603000.SH,20250801,4.3477,1.59,105.865,6.3724,2288780.4859,2288780.4859
603801.SH,20250801,2.7789,0.54,11.3536,1.3659,431743.7429,431743.7429
300095.SZ,20250801,10.7505,0.68,,2.6734,446135.7542,359728.1579
603060.SH,20250801,11.7518,2.57,29.7646,3.1504,596524.1515,596524.1515
600422.SH,20250801,3.9427,1.13,18.1346,2.1962,1124108.9991,1124108.9991
603320.SH,20250801,4.9414,0.92,38.2792,2.526,283228.6395,283228.6395
002451.SZ,20250801,3.246,0.74,187.4444,4.1178,315345.6,315308.982
300471.SZ,20250801,3.1926,0.7,,3.9134,450644.9294,408705.4644
000677.SZ,20250801,2.9146,0.47,99.468,8.9215,462228.2022,462228.2022
002483.SZ,20250801,3.0958,1.02,12.0021,1.4077,591274.4315,590462.2829
300516.SZ,20250801,6.8521,0.95,334.6784,5.4799,695880.0,695880.0
002267.SZ,20250801,2.933,1.11,12.6747,1.3473,879651.677,879651.677
000698.SZ,20250801,3.589,0.64,,2.3538,332722.8444,318998.452
300184.SZ,20250801,4.9964,1.56,109.4901,3.0076,1133239.7074,1029845.7071
301330.SZ,20250801,18.4589,1.44,36.6476,2.0788,682284.1435,265829.3798
601002.SH,20250801,1.6847,0.76,23.7342,1.1947,494400.293,494400.293
688121.SH,20250801,6.3128,1.58,24.8294,1.2406,314444.448,272789.3338
002047.SZ,20250801,0.6989,0.8,,,295668.4951,295653.4838
300210.SZ,20250801,2.4195,1.01,,12.9261,533126.1683,532579.0362
002611.SZ,20250801,10.8427,0.85,22.6611,3.226,1657943.9951,1364993.2769
603528.SH,20250801,18.0882,0.89,1521.975,3.2847,631807.4672,631807.4672
688609.SH,20250801,3.1634,0.75,,6.0599,528500.0,528500.0
301041.SZ,20250801,5.3064,0.75,91.1809,4.2701,280888.44,207798.0425
300067.SZ,20250801,3.3635,0.89,,2.4293,612972.8988,497803.8346
920527.BJ,20250801,6.5518,1.05,53.169,3.4357,130112.5309,78766.0878
603329.SH,20250801,3.2435,0.76,52.1838,2.2261,250342.6433,250342.6433
000700.SZ,20250801,5.4758,0.82,11.2298,1.9446,707789.8649,707789.8649
603069.SH,20250801,4.6797,0.35,,8.3685,661704.0,661704.0
300402.SZ,20250801,4.2059,0.62,68.0759,3.2089,468901.9443,462875.1443
002849.SZ,20250801,2.9211,0.7,98.5543,2.5081,332054.1941,285807.6947
002358.SZ,20250801,1.3763,0.59,52.2036,1.4853,483473.628,483472.965
300141.SZ,20250801,3.6077,0.93,,3.728,239159.2932,238014.9431
600010.SH,20250801,10.7881,0.74,465.835,2.2089,11458020.695,7939341.9666
600861.SH,20250801,2.2552,1.0,10.0706,1.7536,1179778.9043,763941.9832
300560.SZ,20250801,5.8881,0.65,,3.3937,325776.456,265116.0651
601958.SH,20250801,5.0462,0.55,14.1143,2.1844,4030028.8956,4030028.8956
000701.SZ,20250801,9.4517,0.44,,,413593.9489,408636.1063
601208.SH,20250801,12.516,0.91,67.2439,3.4566,1494048.0883,1494048.0883
002425.SZ,20250801,1.2296,0.72,,0.9725,290826.1801,290642.513
688271.SH,20250801,0.5975,0.66,86.6024,5.434,10986850.138,7909268.6491
600592.SH,20250801,3.8963,0.57,70.8184,3.4337,849051.3384,849051.3384
600997.SH,20250801,1.3788,0.6,14.3318,0.6925,965382.3094,965382.3094
603176.SH,20250801,22.5367,0.46,44.6865,2.8398,301193.9664,293234.2414
600216.SH,20250801,7.9029,0.98,10.4994,1.4305,1532850.5735,1532843.7592
600419.SH,20250801,1.8531,0.36,,1.4709,340056.7383,340056.7383
603758.SH,20250801,3.6623,0.39,36.4399,2.3554,571752.5548,571752.5548
688648.SH,20250801,6.2398,0.72,,3.8012,583984.0,283957.5997
300403.SZ,20250801,3.8695,0.73,37.6968,4.3262,877968.0,615799.9324
301105.SZ,20250801,6.0484,1.37,,2.2974,194550.0,63958.3008
301611.SZ,20250801,4.0316,0.61,67.7763,15.06,2356144.0,324240.0
000885.SZ,20250801,2.2064,1.04,7.5124,1.05,895057.0875,895057.0875
605098.SH,20250801,5.2909,1.24,15.9487,4.8338,435147.2639,435147.2639
301568.SZ,20250801,29.408,2.84,54.6642,4.6122,443288.3112,204535.7779
301095.SZ,20250801,7.11,0.82,140.9437,4.0914,1260769.449,677431.112
002400.SZ,20250801,9.8955,1.79,136.4249,2.8473,1403386.388,1389562.5175
600984.SH,20250801,2.372,0.6,,1.0245,413567.4513,413567.4513
603605.SH,20250801,1.6148,0.55,19.87,6.1731,3257551.8978,3250625.5408
600986.SH,20250801,5.7903,1.11,53.7076,2.4988,1301452.3043,1301452.3043
600848.SH,20250801,0.8493,0.5,21.75,1.214,2315643.0697,2197611.4666
603456.SH,20250801,12.6841,0.9,26.3012,1.933,1629465.1233,1629465.1233
000988.SZ,20250801,4.7556,0.88,37.5567,4.8485,5035557.5567,5032968.1703
603025.SH,20250801,1.7842,0.82,25.5591,6.9483,1544333.5511,1533988.7111
002154.SZ,20250801,1.4724,0.72,13.3586,1.2413,554546.817,540168.1695
600198.SH,20250801,2.4416,0.85,385.3244,44.4987,1102848.5957,1101449.5342
600556.SH,20250801,8.7624,2.1,188.6889,2.4713,947259.7644,947259.7644
603995.SH,20250801,1.8026,0.56,8.2854,1.1839,651530.565,651530.565
301617.SZ,20250801,5.2866,1.3,24.7454,3.2008,522265.12,130566.28
300475.SZ,20250801,3.2276,0.88,58.1842,5.1031,1551787.0244,1493817.5744
920926.BJ,20250801,2.3991,0.52,42.6144,5.9164,151982.1876,137913.6919
300253.SZ,20250801,10.1651,1.65,324.5524,4.2119,2484844.296,2147994.2571
000985.SZ,20250801,2.9134,0.94,132.5684,3.9878,241907.307,241907.307
002137.SZ,20250801,3.1126,0.58,,3.4075,509359.2812,349676.7992
603183.SH,20250801,3.786,1.1,46.4809,1.4225,225210.4227,225210.4227
000498.SZ,20250801,1.5397,0.69,3.9224,0.6159,912834.1961,852214.78
603115.SH,20250801,5.6252,0.39,21.8993,1.9233,368607.2,368607.2
000555.SZ,20250801,2.6246,0.58,,2.273,1261676.347,1257038.1621
603986.SH,20250801,4.0967,0.83,68.7934,4.7012,7790078.3579,7786052.6189
301058.SZ,20250801,2.2126,0.64,24.3691,2.737,575796.2514,575796.2514
600587.SH,20250801,3.0678,0.8,15.7199,1.3072,1007692.0235,1003845.3418
688058.SH,20250801,5.7828,0.96,,3.527,245785.2228,245785.2228
000737.SZ,20250801,3.8145,0.47,27.212,3.1705,2036141.869,2035951.293
605208.SH,20250801,4.6145,0.94,100.2139,1.9733,419023.8,419023.8
300345.SZ,20250801,3.6933,0.85,,7.3829,416698.7863,319655.7913
301168.SZ,20250801,4.6186,0.56,78.6921,2.0821,444600.0,353135.9062
688293.SH,20250801,2.8863,0.68,429.1039,3.3142,692647.3994,472196.7788
300342.SZ,20250801,7.8903,0.88,79.7151,4.8982,760387.8172,747352.0397
300964.SZ,20250801,8.8498,0.62,131.8834,3.5415,354567.2287,252563.6465
688184.SH,20250801,0.511,0.48,,0.8101,159206.5615,100588.0015
301043.SZ,20250801,4.5204,1.11,24.6158,2.9221,243576.0,243576.0
300828.SZ,20250801,3.5566,0.66,53.4608,3.7731,287244.372,215298.1159
603316.SH,20250801,6.1073,0.81,,3.421,223038.816,223038.816
301571.SZ,20250801,4.4848,0.74,48.2568,4.6242,845096.0267,169019.2072
600468.SH,20250801,6.6093,0.87,,3.6277,710291.1646,710291.1646
300217.SZ,20250801,1.5427,0.58,27.0094,1.8165,747856.3316,620837.4651
600864.SH,20250801,3.0184,0.52,43.131,1.0828,1379418.2548,1379418.2548
688056.SH,20250801,2.0132,0.69,60.1119,3.0687,242491.5937,242491.5937
600626.SH,20250801,2.5595,0.92,324.3695,1.5976,505845.2075,424355.8459
601012.SH,20250801,1.3146,0.8,,2.0491,12064255.9057,12064243.8924
300472.SZ,20250801,7.7559,0.61,,151.0715,128821.0346,115053.8585
605069.SH,20250801,19.5061,1.76,,2.6248,240065.2803,95438.8893
603678.SH,20250801,2.4242,0.59,77.0663,2.9536,1748658.5022,1748658.5022
300136.SZ,20250801,2.0277,0.49,39.1351,3.1333,2298943.0839,1959173.3922
300449.SZ,20250801,3.6757,1.09,,8.9648,303424.2874,303424.2874
600383.SH,20250801,2.2913,0.45,,0.2894,1688454.2559,1688454.2559
002636.SZ,20250801,9.3371,0.58,106.0966,2.5837,861952.0,857589.4537
300303.SZ,20250801,2.0208,0.81,26.2741,2.4451,886169.0599,831326.7392
000863.SZ,20250801,2.8546,0.71,70.3361,0.9225,415606.2451,409592.6007
301589.SZ,20250801,1.3558,0.89,24.5858,3.86,1408352.832,525039.2006
600683.SH,20250801,3.0377,0.92,,16.4489,302237.2596,302237.2596
603859.SH,20250801,10.26,2.11,51.2386,3.2207,947958.8937,947958.8937
000728.SZ,20250801,1.7186,0.73,14.0194,0.9785,3713574.9852,3713574.9852
603375.SH,20250801,4.7774,0.51,134.1119,2.4969,393808.0013,249510.9942
920642.BJ,20250801,10.7979,0.95,465.0041,8.0671,196040.4957,190436.7063
688244.SH,20250801,18.0014,1.97,958.3025,4.2959,428730.714,207015.2226
002738.SZ,20250801,3.8507,0.65,40.9554,2.1794,2603142.6922,2566110.7178
688009.SH,20250801,1.6808,1.05,16.3208,1.2711,5633783.708,4586381.576
000420.SZ,20250801,2.5683,0.55,660.6626,2.2528,990923.9422,990585.3416
920553.BJ,20250801,2.7656,1.01,111.1839,4.3798,144696.2932,92508.2745
688690.SH,20250801,5.0976,1.09,112.1031,6.0378,1066878.6091,1066878.6091
300995.SZ,20250801,9.6358,0.99,382.0159,5.747,354566.08,252378.8424
688533.SH,20250801,7.5714,1.65,21.7104,2.9081,442944.2534,442944.2534
301158.SZ,20250801,10.4596,1.15,26.4459,2.1028,275929.8859,268864.9909
601118.SH,20250801,2.0493,0.33,134.5217,2.1622,2101199.0483,2101199.0483
603285.SH,20250801,2.3143,0.57,28.8103,2.3009,377280.0,146895.8072
000989.SZ,20250801,9.577,1.14,52.9081,2.753,995460.56,807300.3495
601179.SH,20250801,2.1327,0.53,29.0792,1.4981,3331823.5288,3331823.5288
300453.SZ,20250801,5.2607,1.03,20.6193,3.6689,469112.9775,320155.4512
300991.SZ,20250801,7.5519,0.8,185.3975,6.88,442368.0,276148.224
301008.SZ,20250801,9.2339,0.92,63.3393,2.1046,305668.1882,270378.1082
002194.SZ,20250801,5.1498,0.74,153.8558,3.5986,897154.2633,670805.1022
002322.SZ,20250801,2.372,1.57,17.6446,1.6904,474693.2584,457004.6381
002272.SZ,20250801,49.8319,2.63,,3.9906,593004.9379,472938.1946
601668.SH,20250801,0.7571,0.6,5.0357,0.5099,23304700.2104,23304700.2104
002297.SZ,20250801,13.4389,0.4,,2.4627,505478.4504,505478.4504
601163.SH,20250801,0.8318,0.61,11.4504,0.8463,1116000.0,1116000.0
688031.SH,20250801,10.3182,1.39,,6.2903,646710.4859,501685.2428
000417.SZ,20250801,4.8166,1.63,27.0917,0.9274,435175.3836,434697.3177
688143.SH,20250801,4.1626,1.68,269.2466,4.5501,534409.1183,412780.0894
003032.SZ,20250801,1.957,0.82,,2.0795,260785.98,177786.1775
600020.SH,20250801,2.0583,0.81,10.6209,0.8891,1011317.3244,1011317.3244
300782.SZ,20250801,2.3433,0.89,252.9768,3.9343,3982652.1091,3337202.7864
000636.SZ,20250801,1.3473,0.81,48.9491,1.3208,1610562.3897,1610562.2853
000826.SZ,20250801,3.5321,0.96,,3.9682,273667.8236,273633.2081
920392.BJ,20250801,12.6476,0.84,80.4124,8.6358,285768.75,136462.125
688290.SH,20250801,4.6456,1.22,129.081,3.9565,501751.4957,501751.4957
688288.SH,20250801,10.1082,1.69,112.6143,4.113,308183.956,308183.956
605599.SH,20250801,1.0182,0.63,15.3178,3.0941,1173666.7002,1173666.7002
603082.SH,20250801,3.0238,0.71,36.5994,4.1288,626198.316,156549.634
688758.SH,20250801,6.4379,0.47,90.4871,6.0924,768376.235,78374.3749
920943.BJ,20250801,6.6372,0.75,31.451,4.4873,269437.7372,137497.9888
688331.SH,20250801,6.2235,1.09,,14.0131,3533260.0754,1016981.4536
920019.BJ,20250801,3.5383,0.52,67.5152,5.7055,510527.5476,135639.9772
300569.SZ,20250801,1.6768,0.75,,1.0693,553286.4454,551605.8327
603385.SH,20250801,3.1377,1.27,22.08,0.7148,267988.1375,267988.1375
002812.SZ,20250801,1.9176,0.54,,1.1659,2865878.2228,2410987.6626
000017.SZ,20250801,2.2802,0.6,219.0925,12.2465,427983.8434,188153.6633
600965.SH,20250801,2.1668,0.51,81.4243,1.9917,427361.8985,427361.8985
301577.SZ,20250801,3.8683,0.74,81.1829,3.5011,265073.14,112839.6773
301565.SZ,20250801,3.3253,0.63,101.9714,3.7903,900022.5,288022.5
688559.SH,20250801,4.8521,1.49,,2.5254,773751.4944,773751.4944
600780.SH,20250801,2.7175,1.18,12.5611,0.8732,687901.5138,687901.5138
603344.SH,20250801,8.3121,1.89,24.7823,2.474,496248.53,137833.03
601166.SH,20250801,0.3977,0.84,6.2192,0.6183,47679869.7716,47679869.7716
600629.SH,20250801,23.6724,1.08,35.747,2.5628,1329363.9628,1305770.3585
600343.SH,20250801,18.954,1.37,,6.9982,1006451.4108,1006451.4108
920436.BJ,20250801,4.129,0.77,,4.9511,189613.332,178358.3791
002395.SZ,20250801,11.9845,1.08,9.4593,3.5529,493236.351,493236.351
300843.SZ,20250801,5.6553,0.94,45.7834,3.3318,508958.4191,488393.4909
300684.SZ,20250801,17.7879,1.19,38.7386,4.7519,903020.3073,612783.5815
603667.SH,20250801,4.4305,0.86,135.8384,4.2661,1241427.3903,1241427.3903
688779.SH,20250801,1.6084,0.65,,1.6309,1086150.2379,1086150.2379
300267.SZ,20250801,24.9364,0.88,,1.959,874544.4649,603094.1618
300553.SZ,20250801,4.9052,1.47,167.6866,4.9921,413967.0332,317252.2971
601933.SH,20250801,2.6257,0.6,,9.4334,4301567.5347,4301567.5347
920942.BJ,20250801,36.2708,0.75,80.5731,7.4439,365080.2263,245576.2158
601658.SH,20250801,2.9217,1.27,7.9224,0.7059,67973800.2765,37991275.6832
002819.SZ,20250801,2.8161,0.67,,2.1329,861978.2577,676462.6259
688718.SH,20250801,4.5482,0.83,61.6455,3.2372,251596.3553,251596.3553
603306.SH,20250801,2.6563,0.57,46.8167,5.0614,1451155.5878,1451155.5878
002424.SZ,20250801,11.856,2.28,1496.9626,2.8472,912631.7552,792229.0763
603328.SH,20250801,5.7881,0.71,23.0187,2.6142,1033388.1024,1033388.1024
603989.SH,20250801,4.1626,1.43,27.4961,1.7461,645018.0096,645018.0096
603194.SH,20250801,3.5695,0.67,18.3762,3.2972,1573925.0,201961.346
600884.SH,20250801,10.2032,1.51,,1.1096,2395624.6991,1871456.864
688325.SH,20250801,3.936,0.38,55.2971,2.9155,481258.6768,300820.3717
002237.SZ,20250801,1.642,0.5,24.2688,1.4262,1338662.3667,1061603.9763
300113.SZ,20250801,4.0615,1.12,49.3484,6.1813,1341840.219,1017120.492
601808.SH,20250801,1.5384,0.84,19.4318,1.51,6584796.96,4085445.84
603488.SH,20250801,20.8247,4.13,,2.7509,263375.3769,263375.3769
603006.SH,20250801,6.0207,0.52,55.8373,2.4679,333835.8303,333835.8303
600797.SH,20250801,4.8914,0.77,,2.9199,967929.8405,967929.8405
300041.SZ,20250801,3.5464,0.53,54.4263,2.1117,566147.3011,550967.5045
300678.SZ,20250801,12.5544,3.08,2028.47,12.4357,1050689.4087,1032581.9103
688180.SH,20250801,3.0464,0.86,,5.9512,3909635.0288,2918429.0032
920242.BJ,20250801,1.9955,0.54,20.0669,3.6959,226170.405,126101.9731
688251.SH,20250801,6.1041,1.56,39.7338,2.5265,208032.8495,123825.5361
603127.SH,20250801,8.6279,0.69,62.4085,2.9817,2417813.8795,2033935.3449
000929.SZ,20250801,4.4546,2.89,,3.0821,152142.354,152132.7086
920130.BJ,20250801,42.4832,3.34,,6.0645,313442.5159,192541.7439
002191.SZ,20250801,1.6692,0.59,322.6407,0.8798,580711.5336,576329.8144
300167.SZ,20250801,8.5602,2.32,,59.7788,206234.6,202536.62
600773.SH,20250801,2.6671,0.39,369.6146,2.1206,1018197.9456,1018197.9456
920790.BJ,20250801,8.1901,0.56,209.1215,11.5252,375409.2131,258374.9463
605398.SH,20250801,15.4531,1.74,285.6885,4.8747,501166.4473,501166.4473
603855.SH,20250801,3.0174,0.62,14.62,3.7948,721299.473,712804.898
002824.SZ,20250801,3.7891,0.69,61.5771,2.7844,464445.8308,314755.5557
603278.SH,20250801,4.1812,0.65,,1.7075,341417.6326,341417.6326
300246.SZ,20250801,8.16,0.77,,2.1423,252669.9845,201752.3593
300314.SZ,20250801,17.1065,0.63,97.1878,3.4753,405504.0,202387.9588
688569.SH,20250801,1.0812,0.66,24.7789,1.6046,448720.071,448720.071
603325.SH,20250801,3.9276,0.87,19.2419,2.8969,718035.9,306794.22
600805.SH,20250801,2.1676,0.85,168.9129,1.0732,465439.2882,465100.6263
688246.SH,20250801,5.8992,0.72,,3.2206,495308.1528,495308.1528
603766.SH,20250801,1.6626,0.86,18.2193,2.817,2497106.8896,2497106.8896
603408.SH,20250801,2.145,1.19,10.8254,1.6407,522317.691,522317.691
000004.SZ,20250801,3.0777,0.89,,22.4302,117421.3101,112017.5385
601628.SH,20250801,0.7132,0.61,10.005,2.2153,115150408.17,84835061.22
301042.SZ,20250801,13.0654,3.56,42.1632,2.7138,282798.8283,267627.5631
002350.SZ,20250801,3.1237,0.4,54.0654,2.2842,377462.6203,369263.8238
600505.SH,20250801,4.3477,0.62,241.1054,4.3681,527529.1725,527529.1725
688172.SH,20250801,1.3282,0.64,,1.6089,2334817.4695,1135973.7652
688449.SH,20250801,4.6444,0.77,239.5174,11.7113,1989040.0,302680.0
300750.SZ,20250801,1.0193,0.86,20.5504,4.0669,119941776.3515,111860696.9391
300315.SZ,20250801,3.7142,0.84,179.7844,3.0612,1491893.6627,1423248.239
000938.SZ,20250801,3.6247,1.09,46.4884,5.2028,7007195.6913,7007195.6913
001231.SZ,20250801,5.4289,0.95,33.4578,2.1894,211100.0,75239.2065
600887.SH,20250801,0.6035,0.52,23.5018,3.5074,17401067.1949,17314600.6625
002354.SZ,20250801,4.8703,1.04,,8.8778,1088717.4696,1069862.7816
300307.SZ,20250801,3.0104,0.84,48.784,2.0211,648901.25,639066.5782
300637.SZ,20250801,6.9086,0.6,,3.8851,274657.6521,274175.15
001311.SZ,20250801,5.6843,0.6,17.714,1.5979,717897.5802,182293.4987
300762.SZ,20250801,8.2431,1.31,,6.4189,1519677.1682,1519677.1682
000625.SZ,20250801,1.9412,0.47,16.9104,1.6895,12709858.3289,10590253.014
301136.SZ,20250801,6.0077,0.9,,2.4081,348134.0973,348134.0973
002681.SZ,20250801,3.1109,0.79,102.4945,4.9895,1184470.4731,1011569.3148
301336.SZ,20250801,4.2041,0.86,71.3966,2.7028,220120.0,141683.6719
301285.SZ,20250801,15.311,0.81,,8.6128,867393.99,330345.0642
603266.SH,20250801,16.2061,0.69,40.4471,2.753,415872.1943,415872.1943
603076.SH,20250801,3.9424,0.8,126.877,2.661,337601.6592,337601.6592
300880.SZ,20250801,2.0185,0.75,21.9035,3.9325,392030.7955,391975.0458
300175.SZ,20250801,1.1238,0.72,,4.5421,235400.0,235400.0
301281.SZ,20250801,16.038,0.56,64.5363,2.9404,400131.55,254408.14
300508.SZ,20250801,4.3173,1.34,38.8502,4.11,324638.4602,243865.0212
002058.SZ,20250801,4.3123,1.24,,16.3206,196093.8698,195528.9776
688303.SH,20250801,4.7219,1.13,,1.4387,5697666.4029,5697666.4029
600262.SH,20250801,4.956,0.85,20.3269,2.3593,387090.0,387090.0
002375.SZ,20250801,1.5391,0.94,17.5566,0.6687,534658.6027,529390.6855
000799.SZ,20250801,2.257,0.54,,3.992,1518393.1235,1518259.943
300333.SZ,20250801,3.4505,0.66,,7.9923,467712.0,466013.8533
301230.SZ,20250801,11.5784,0.64,208.423,5.2872,529172.8196,291377.4163
002386.SZ,20250801,1.3125,0.59,,0.9039,676856.478,676735.9908
300720.SZ,20250801,2.3914,0.56,86.2993,7.5682,427950.4542,380571.304
600006.SH,20250801,3.1428,0.87,359.1728,1.7178,1446000.0,1446000.0
603520.SH,20250801,7.2366,0.85,,1.8757,487511.7877,487511.7877
300703.SZ,20250801,5.04,0.41,32.2498,4.4681,393434.603,370031.9125
002983.SZ,20250801,4.4211,0.62,36.1714,3.5389,468320.2211,268557.271
002668.SZ,20250801,4.3198,1.17,10.2198,4.1122,1119887.1051,1119887.1051
920694.BJ,20250801,2.8669,0.34,22.2892,3.304,271045.5528,128230.3849
600960.SH,20250801,5.7501,1.76,,1.2622,444841.2624,444841.2624
601099.SH,20250801,2.4359,0.62,107.9679,2.7984,2733342.8644,2733342.8644
600526.SH,20250801,1.5481,0.86,17.7593,1.0038,433285.4292,346561.8976
300938.SZ,20250801,14.9615,2.06,32.8422,4.0291,565601.2072,378233.4119
002968.SZ,20250801,8.5043,1.24,22.7336,2.0515,245963.9501,231639.1924
300793.SZ,20250801,10.5914,1.64,160.3047,2.2839,680379.4009,665255.6029
002378.SZ,20250801,5.2678,0.38,58.0225,5.2069,1087282.9877,1081556.0735
600488.SH,20250801,4.4685,1.93,38.117,1.6901,508819.1929,508819.1929
001268.SZ,20250801,6.4764,0.97,40.7073,3.0815,303940.2685,177220.2685
601198.SH,20250801,1.3535,0.56,23.0288,1.2598,3600944.3093,3600944.3093
600276.SH,20250801,1.8895,0.66,59.4778,7.0566,40692672.4275,39109662.9419
600976.SH,20250801,4.71,1.59,17.5521,2.7183,654398.4276,653971.8276
300947.SZ,20250801,5.1581,0.63,123.6314,2.6595,337792.7506,337658.7288
300846.SZ,20250801,12.7392,0.79,,11.3602,1029915.6592,803776.2366
000007.SZ,20250801,2.5209,0.86,42.7994,13.6071,246324.5593,246324.5593
003816.SZ,20250801,1.8707,0.8,18.107,1.5747,18532990.2737,14435939.8987
000788.SZ,20250801,7.6197,1.08,30.1012,2.7239,420171.1346,420171.1346
920931.BJ,20250801,5.791,0.62,46.3478,4.4046,171891.9,52659.714
002632.SZ,20250801,2.2968,0.51,32.4777,2.7273,571508.1674,531432.0101
301277.SZ,20250801,23.7884,1.1,35.5448,4.1644,619483.872,159609.072
300142.SZ,20250801,3.1751,0.58,153.9634,2.1367,2011980.4646,1961738.0958
920508.BJ,20250801,4.4787,0.65,596.6788,9.3035,177000.0,92172.75
002332.SZ,20250801,6.224,0.72,27.289,1.8553,1064384.4358,1059401.313
002762.SZ,20250801,3.0449,0.82,44.0664,2.5726,218079.4,130209.1153
603232.SH,20250801,3.2206,0.64,98.8598,2.7963,376747.342,372161.692
300025.SZ,20250801,5.969,0.65,,6.3482,359207.8029,357512.8374
300605.SZ,20250801,15.6432,0.81,,5.7208,266953.1134,192906.4032
300033.SZ,20250801,7.5057,1.46,85.0029,24.1343,15638784.0,8014457.3513
301223.SZ,20250801,2.5839,1.07,23.5007,1.1496,332951.9134,193113.9634
000655.SZ,20250801,4.589,0.65,21.0304,1.4533,485797.6277,485797.6277
605009.SH,20250801,5.0138,0.67,20.834,2.5052,817472.0996,815769.2516
688458.SH,20250801,1.6766,0.68,,2.4508,457077.1056,348610.881
603271.SH,20250801,2.8583,0.56,21.4806,2.6944,705831.36,138390.4911
600674.SH,20250801,0.9504,0.43,16.0712,1.8195,7575139.0107,7575139.0107
603198.SH,20250801,2.5719,0.56,13.1554,3.4787,3295200.0,3295200.0
002603.SZ,20250801,3.4983,0.65,,2.5893,2731603.2898,2251148.097
002351.SZ,20250801,2.6281,0.55,26.486,4.3817,1170953.919,686215.1785
300816.SZ,20250801,5.1019,0.96,46.6565,3.0228,255200.0,145452.9849
001266.SZ,20250801,6.8191,0.48,126.0544,3.099,299295.4738,102322.9116
002190.SZ,20250801,7.8177,0.88,,3.57,1212505.1793,1212505.1793
002728.SZ,20250801,17.4414,1.95,113.2673,2.7395,486003.449,356897.0828
300963.SZ,20250801,12.7795,1.0,96.3064,8.4407,896641.2,565801.7894
002444.SZ,20250801,1.3213,0.66,15.7763,2.193,3708854.7551,3549537.8882
603648.SH,20250801,10.1745,1.9,34.7348,2.2558,424022.976,424022.976
601825.SH,20250801,0.4243,0.82,7.1116,0.7111,8747511.1116,8450141.3334
600023.SH,20250801,1.0943,0.65,9.9427,0.9836,6972541.0295,6972541.0295
002683.SZ,20250801,2.8318,0.99,29.3675,4.2921,2689647.9521,2304523.7692
600212.SH,20250801,5.2996,0.7,437.6563,12.8064,638770.3622,466939.2122
000720.SZ,20250801,1.5327,0.8,,1.903,452351.3656,452351.3656
000969.SZ,20250801,3.0601,0.64,37.1098,2.5774,1396404.3509,1373643.8398
603585.SH,20250801,9.6912,1.2,136.1083,1.4791,359383.5164,351393.4514
600728.SH,20250801,2.6794,1.03,65.4541,1.5974,1232642.3729,1232642.3729
688362.SH,20250801,2.6973,0.65,96.6531,4.8043,1221504.5233,830717.8068
300791.SZ,20250801,2.0722,0.68,21.5615,3.1965,712979.9872,595381.361
002821.SZ,20250801,6.1104,0.92,40.4112,2.3922,4015211.0722,3529983.3263
601127.SH,20250801,1.9784,0.91,32.4065,9.7396,20980587.3747,19393152.2691
000516.SZ,20250801,1.6942,0.8,,3.5503,1226915.4206,1208261.2354
000902.SZ,20250801,1.7985,0.8,11.9932,1.6736,1781721.3215,1622751.1599
600746.SH,20250801,1.7352,0.57,38.7285,1.7564,945952.736,944526.7011
603773.SH,20250801,6.4056,0.63,,4.9524,609010.8849,556159.0985
301072.SZ,20250801,6.6864,0.77,,3.4906,267131.9399,170736.8242
600004.SH,20250801,1.0541,0.64,21.4219,1.2126,2215248.3129,2215248.3129
300901.SZ,20250801,6.1765,1.3,,4.3223,423840.0,423840.0
600590.SH,20250801,6.3638,0.78,,2.4548,782081.5608,773553.2526
601083.SH,20250801,4.5361,0.78,12.3516,1.8013,1547767.52,232167.52
920370.BJ,20250801,3.3745,0.52,,2.3516,145937.7047,127119.3322
688766.SH,20250801,5.0402,0.63,38.4024,4.5366,1002144.3714,1002144.3714
000099.SZ,20250801,3.9113,1.06,54.9703,3.215,1709021.6118,1709021.6118
300014.SZ,20250801,2.5292,1.01,21.8456,2.4053,8980717.3718,8171698.0959
301335.SZ,20250801,4.8021,0.39,81.7378,2.1131,397332.6668,158985.3043
920108.BJ,20250801,3.0829,0.64,66.1359,6.5063,303760.8,57511.4274
688652.SH,20250801,5.063,1.62,57.8785,4.409,930384.0,659409.66
688671.SH,20250801,3.9078,1.5,,1.6778,183106.0748,106958.6305
603186.SH,20250801,9.878,0.75,,3.3269,473468.098,473468.098
688767.SH,20250801,3.7787,0.68,34.614,2.0719,479808.0021,479808.0021
688522.SH,20250801,4.3314,0.79,144.1401,6.0645,1355602.3412,541398.0286
300660.SZ,20250801,8.5931,1.01,63.4687,5.935,1999594.6427,1997993.7427
301269.SZ,20250801,2.1396,0.82,530.9302,11.8763,5921322.9218,5921322.9218
301256.SZ,20250801,3.4463,0.62,51.3982,2.8844,487200.0,487200.0
002930.SZ,20250801,3.6612,0.56,43.0107,2.1417,512845.8853,485372.4935
688052.SH,20250801,4.1395,1.24,,4.3373,2565654.3224,2565654.3224
000407.SZ,20250801,1.6087,0.74,24.2713,1.0261,302749.1217,301262.041
000668.SZ,20250801,1.5808,1.01,,1.6355,117620.3539,117620.3539
603551.SH,20250801,1.9613,1.49,14.813,3.524,438538.3226,438223.6026
603617.SH,20250801,4.7469,0.57,35.6651,2.0162,299881.9868,294636.5468
603601.SH,20250801,10.6659,0.73,56.6676,2.4711,521042.9102,521042.9102
600724.SH,20250801,2.186,0.74,33.5828,2.4514,672037.098,671898.3388
300993.SZ,20250801,20.8066,2.41,25.0567,3.1112,448947.1584,351524.1249
600232.SH,20250801,3.74,0.7,241.255,2.4865,230502.1198,230502.1198
603083.SH,20250801,23.7295,1.55,79.1947,5.9617,1363416.9312,1363416.9312
002749.SZ,20250801,0.851,0.39,18.6975,3.7338,706533.2033,640554.4185
001330.SZ,20250801,1.9785,0.64,,1.5346,663892.6693,509651.0151
603035.SH,20250801,1.4853,0.79,12.5057,1.0031,511141.6049,511141.6049
600649.SH,20250801,2.4524,0.93,40.719,0.5308,1105424.5521,1105424.5521
002571.SZ,20250801,3.2722,0.71,,2.2394,233210.6665,177492.1819
600184.SH,20250801,19.1488,0.86,,3.49,1173613.1206,1024644.3036
300212.SZ,20250801,6.2039,1.27,,27.6292,1681668.6978,1631758.1867
000078.SZ,20250801,6.0713,1.78,,4.0502,736714.512,735403.5186
603970.SH,20250801,2.6076,0.45,19.1465,2.6414,383846.5914,383846.5914
300882.SZ,20250801,3.8192,0.82,41.4655,3.9237,464218.3269,431982.4394
300128.SZ,20250801,2.2147,0.67,,9.1196,671642.668,670919.7081
300491.SZ,20250801,15.058,1.94,373.1521,3.214,362931.0316,322044.4683
002677.SZ,20250801,1.5163,0.62,109.4514,3.0683,449651.9463,368409.742
688702.SH,20250801,2.162,0.49,,11.8189,2751920.0,1352412.8475
603717.SH,20250801,7.3732,1.71,,4.1846,222832.3123,222832.3123
001202.SZ,20250801,5.9149,1.32,29.9265,2.9385,223366.0874,156544.0997
603351.SH,20250801,6.0543,2.19,28.2732,2.4904,419590.4309,419590.4309
600051.SH,20250801,2.7192,1.06,26.6912,0.7019,234714.4,234714.4
002988.SZ,20250801,2.0458,0.57,58.4938,4.0692,1123417.0262,1123076.7154
600636.SH,20250801,1.0633,0.98,,1.8017,364068.5457,364068.5457
605089.SH,20250801,2.4501,0.67,39.2265,2.9016,345690.0,345690.0
000530.SZ,20250801,4.7029,0.59,48.2335,1.7184,536283.1545,381624.61
300950.SZ,20250801,43.3809,2.08,71.5423,6.65,499067.04,295796.6386
300056.SZ,20250801,3.2774,1.02,,29.9726,548552.9004,548131.7635
300567.SZ,20250801,3.5592,0.97,,4.6271,1644891.192,1188839.9855
002231.SZ,20250801,3.0189,0.8,,3.9405,103708.1551,88150.8113
688502.SH,20250801,7.6391,0.62,360.1518,14.6218,1724448.0,548688.0
600795.SH,20250801,1.2849,0.76,8.233,1.4506,8115206.6823,8115206.6823
300965.SZ,20250801,31.8765,1.38,151.4278,3.1176,380460.0,130683.2543
300922.SZ,20250801,8.2139,0.73,112.4259,5.1003,460047.4264,361660.7598
300614.SZ,20250801,4.2507,1.17,,2.1705,240171.9929,240171.9929
001696.SZ,20250801,4.772,0.96,46.4684,5.2919,2636996.9968,2052755.3867
000712.SZ,20250801,6.8883,0.41,,5.6692,1283072.0,1282691.267
000679.SZ,20250801,7.8635,0.78,,14.9483,361033.2,361033.2
603290.SH,20250801,2.5379,0.6,45.3043,3.0645,2033129.7263,2033129.7263
603207.SH,20250801,30.1523,2.03,27.3594,5.5302,582511.5603,145120.0
603039.SH,20250801,4.8887,1.2,90.0017,8.338,1809627.7389,1809627.7389
601929.SH,20250801,8.3243,0.58,,1.2819,673529.1164,673529.1164
002101.SZ,20250801,1.6111,0.6,20.7956,1.0727,819175.9027,816489.1464
688633.SH,20250801,1.3139,0.69,29.2727,2.617,399391.5654,399391.5654
300269.SZ,20250801,5.1253,0.91,677.4683,32.4681,280597.1646,268619.9776
301588.SZ,20250801,2.2547,0.85,39.8624,2.4503,226443.0714,139749.2436
601828.SH,20250801,1.8754,0.92,,0.2769,1271581.9405,1055126.5354
001228.SZ,20250801,5.2012,2.02,29.2081,1.6033,264854.753,264854.753
600507.SH,20250801,4.9241,1.06,33.9458,1.4501,1374033.6067,1374033.6067
601187.SH,20250801,2.2633,0.76,7.2776,0.7152,1810441.7312,880855.5718
301172.SZ,20250801,5.0574,1.44,96.3989,2.5837,373764.16,214026.0954
600469.SH,20250801,2.0467,0.9,18.4906,1.3099,434023.2682,434023.2682
603708.SH,20250801,2.0852,0.86,53.2166,2.8436,674085.6408,674085.6408
600552.SH,20250801,4.2516,1.14,74.7022,2.7065,1122192.9901,1122192.9901
603139.SH,20250801,10.731,1.56,,2.7559,231521.84,231521.84
301222.SZ,20250801,3.5635,0.72,25.9325,2.1361,298629.5298,86401.3248
600930.SH,20250801,4.8106,0.39,29.8373,2.5417,26834658.4602,1640889.7901
300891.SZ,20250801,2.1983,0.45,1022.4851,2.8813,371207.3498,308487.3098
601616.SH,20250801,1.4978,0.68,52.9957,1.3768,330372.3485,330372.3485
301022.SZ,20250801,29.1814,2.05,104.8335,3.0968,308600.4477,192699.9789
003039.SZ,20250801,2.0559,0.7,31.9104,3.2466,862673.6658,862673.6658
001296.SZ,20250801,6.0274,0.94,23.7778,1.7711,300378.9007,154317.4887
301052.SZ,20250801,16.7571,2.19,130.4972,8.859,626808.4532,507960.9573
002294.SZ,20250801,2.9016,1.39,95.2434,6.8535,5730156.9899,5728867.883
000014.SZ,20250801,5.1222,0.9,,1.8326,295780.4857,295780.4857
002055.SZ,20250801,6.423,0.7,,3.1446,434628.3222,427709.9273
603586.SH,20250801,5.9423,1.3,23.0466,1.533,345444.9984,345444.9984
002054.SZ,20250801,2.1335,1.01,45.9057,1.4032,344230.4327,274444.2277
600136.SH,20250801,0.6307,0.73,,15.9534,397961.0565,378902.4513
002987.SZ,20250801,9.3402,0.73,56.606,6.4821,1753796.7659,1705445.0297
603602.SH,20250801,3.2235,1.05,148.7956,3.379,349740.8968,349740.8968
001359.SZ,20250801,13.1187,0.69,41.1795,5.1216,935492.4611,233894.34
688148.SH,20250801,1.7978,0.65,,8.1444,284166.3905,284166.3905
001207.SZ,20250801,11.1586,2.5,16.9526,2.6733,508722.8935,494123.1075
002106.SZ,20250801,1.7569,0.72,22.2127,1.3614,737577.8872,735820.7176
300895.SZ,20250801,17.5747,1.15,,8.1586,668662.3201,656180.0342
600998.SH,20250801,1.568,1.14,9.4003,1.0853,2763273.6882,2763273.6882
600158.SH,20250801,7.3378,1.13,552.3687,3.2471,841492.9598,841492.9598
300155.SZ,20250801,6.7627,0.71,,2.2946,286787.3772,168992.4814
002226.SZ,20250801,3.7033,0.4,18.2248,1.7159,1626438.633,1626413.3343
301005.SZ,20250801,21.3935,0.8,399.1943,7.4576,560162.9712,552255.0912
002566.SZ,20250801,4.5201,1.55,65.9109,1.2778,282963.618,198180.8501
301111.SZ,20250801,20.7436,2.78,,3.8571,290400.0,290400.0
000906.SZ,20250801,3.3494,1.28,14.5012,0.9614,459861.74,454403.3671
600979.SH,20250801,1.2515,0.52,27.3926,1.3916,629566.84,614897.6352
002787.SZ,20250801,6.3836,2.48,38.4202,1.5975,296296.1135,221761.2248
000768.SZ,20250801,2.2858,0.93,74.3628,3.6702,7731594.4174,7708177.8825
688586.SH,20250801,4.9969,0.74,113.7149,3.9318,961477.0745,961477.0745
600436.SH,20250801,0.9211,0.84,40.3353,8.5492,12109783.0391,12109783.0391
601788.SH,20250801,2.28,0.72,25.9884,1.3976,8304028.5378,7035964.609
300509.SZ,20250801,4.6071,0.64,47.0798,4.759,267056.4,222640.2742
600707.SH,20250801,1.6319,0.61,17.2361,1.0138,2214036.4646,2213592.2246
920087.BJ,20250801,6.5482,0.57,69.5944,5.8076,308758.8,300207.611
600153.SH,20250801,0.8009,0.7,10.0981,0.5375,2954629.7835,2954629.7835
603839.SH,20250801,61.7256,7.03,,2.029,361024.016,361024.016
600582.SH,20250801,2.1615,1.09,7.6846,1.0528,2586618.0575,2586618.0575
300845.SZ,20250801,12.1065,2.75,44.198,2.979,233965.1387,164327.7727
603565.SH,20250801,2.7666,1.11,10.3862,2.0837,2070662.2196,2070662.2196
002076.SZ,20250801,9.1218,3.82,,7.4267,215170.1513,199614.4287
688409.SH,20250801,3.9239,0.68,145.3223,3.8567,1744788.9732,1009762.6768
688503.SH,20250801,4.3557,0.92,27.7544,2.578,1198550.6001,894652.2431
002270.SZ,20250801,1.1061,1.16,23.8777,4.9898,1572875.6314,1572850.4261
301112.SZ,20250801,5.1134,0.68,174.1892,3.4031,415484.5488,415484.5488
301109.SZ,20250801,2.7829,0.68,18.6373,1.5009,1090537.3636,283774.0908
002908.SZ,20250801,7.8126,0.87,225.1822,4.0773,450846.532,376052.2704
300195.SZ,20250801,6.6194,0.69,231.7711,1.2499,333881.7117,247363.035
603165.SH,20250801,2.1406,0.44,12.404,1.5208,329600.9991,329600.9991
300085.SZ,20250801,6.1635,0.73,,56.8915,2953757.4363,2653741.3848
688112.SH,20250801,4.915,1.22,50.4157,4.1323,617218.4737,617218.4737
300806.SZ,20250801,3.6919,0.67,178.0223,3.6707,816847.5064,570190.0455
605399.SH,20250801,3.6276,0.7,383.5085,1.9465,421213.5515,420290.8355
600388.SH,20250801,0.712,0.66,18.6484,1.5197,1522785.5053,1522785.5053
300364.SZ,20250801,10.6057,0.98,,21.7029,1953837.3165,1771261.1186
301626.SZ,20250801,7.4597,0.76,91.484,11.2632,1677360.0,377406.0
000592.SZ,20250801,2.1829,0.64,,3.0441,575670.7058,570697.5498
600061.SH,20250801,1.1397,0.67,15.9822,0.9368,4833850.1826,4833850.1826
688252.SH,20250801,4.4464,0.66,30.9018,4.3694,1008237.6056,449466.8305
002467.SZ,20250801,4.8879,1.28,141.9146,4.2827,812844.7769,805885.6284
300164.SZ,20250801,17.1755,0.87,58.9128,2.2191,308940.7802,306185.6585
601236.SH,20250801,7.7295,1.86,44.3545,1.7174,4169640.3639,4169640.3639
300487.SZ,20250801,1.4317,1.03,31.5589,7.037,2560157.3233,1546319.2802
605011.SH,20250801,2.7514,0.62,43.8049,3.8738,892623.1,892623.1
301291.SZ,20250801,1.1854,0.72,18.1948,2.7295,1246302.4,697686.6104
600345.SH,20250801,9.2773,1.29,46.4873,2.447,856332.3189,549631.0536
000931.SZ,20250801,4.1784,1.13,74.5069,2.6808,430035.5067,428837.8628
605580.SH,20250801,6.3817,0.77,27.8148,4.7442,433720.0,433720.0
688084.SH,20250801,8.8195,1.07,,4.8057,749100.4125,349758.8745
603235.SH,20250801,4.4105,1.23,17.5902,2.7977,1270437.56,426783.2104
603987.SH,20250801,7.805,2.02,17.6138,1.4972,379571.2747,379571.2747
301234.SZ,20250801,19.7529,0.86,77.4812,3.7013,276760.0,276760.0
000922.SZ,20250801,2.8545,0.45,36.8626,1.8203,805756.102,680702.4347
688226.SH,20250801,3.1966,0.73,94.7065,4.1567,690167.5786,690167.5786
600256.SH,20250801,1.1145,0.51,12.1672,1.5464,3464465.6065,3464465.6065
600030.SH,20250801,1.0741,0.75,18.2948,1.5859,42609072.1334,35007584.0503
603057.SH,20250801,1.9123,0.65,27.9229,4.7613,859281.5725,141432.6802
000828.SZ,20250801,1.5116,0.81,15.0063,1.1931,1158021.9291,1158020.4252
002183.SZ,20250801,1.4873,0.68,109.1367,1.2708,1171251.1,1171244.335
002617.SZ,20250801,3.061,0.96,52.5275,2.3244,1448023.445,1424264.6828
301089.SZ,20250801,22.4145,1.34,,3.1077,481375.278,346073.8947
300688.SZ,20250801,9.6354,1.21,,13.3852,572605.1463,507314.0579
688682.SH,20250801,5.5956,1.0,202.3891,5.3223,341160.2983,341160.2983
688167.SH,20250801,4.1121,0.71,,3.622,749518.2897,749518.2897
688689.SH,20250801,4.7297,0.66,53.977,2.8093,327414.0442,327414.0442
300644.SZ,20250801,10.73,0.49,38.1028,3.8818,350582.6417,280243.6617
300222.SZ,20250801,2.3849,0.74,101.0325,4.8719,812525.6083,661690.8634
920184.BJ,20250801,14.8135,0.55,229.6752,4.5546,275836.5147,182465.3688
600533.SH,20250801,1.9691,0.43,,0.875,284550.0,284550.0
002736.SZ,20250801,1.9109,0.83,13.7321,1.4729,12794143.5008,12163798.4451
688220.SH,20250801,3.856,0.63,,6.4909,3639217.7343,3135550.9746
920418.BJ,20250801,1.6586,0.55,30.8153,5.8477,470894.8608,452077.3035
300337.SZ,20250801,2.6916,0.79,198.0751,5.118,858906.4,743396.211
300871.SZ,20250801,29.4413,1.56,122.4016,2.5719,498749.753,498749.753
920407.BJ,20250801,5.8513,0.3,110.5493,6.4753,166498.8,65722.7903
300500.SZ,20250801,25.9336,1.25,,2.5589,279751.5894,269497.5116
603125.SH,20250801,3.4449,0.43,34.7233,2.8822,670813.8734,167712.178
688300.SH,20250801,6.1603,0.95,50.9339,9.0555,1338222.251,1338222.251
603072.SH,20250801,6.3073,0.56,96.9198,6.6164,1360513.44,340128.36
000851.SZ,20250801,4.3192,0.91,,4.1379,245466.3242,240013.0071
300664.SZ,20250801,1.7574,0.92,21.0454,0.9594,412159.7009,409973.7059
003006.SZ,20250801,3.5378,0.62,35.3212,8.2605,1114936.0151,1112146.8442
300066.SZ,20250801,7.5455,0.45,76.1696,2.4376,606339.3917,586445.7329
002691.SZ,20250801,4.0518,0.84,,3.1981,280840.0,277519.7319
605333.SH,20250801,5.7116,0.96,22.239,6.6512,1473682.4973,1473682.4973
002035.SZ,20250801,1.0934,0.63,11.655,1.4965,544193.6228,501095.793
605081.SH,20250801,1.1909,0.63,,1.44,139520.3927,139520.3927
301317.SZ,20250801,28.9734,1.71,13.4455,4.1727,582703.33,166073.6
301306.SZ,20250801,20.9855,0.77,,5.3366,532901.6,248013.92
688348.SH,20250801,4.9974,1.61,54.9787,1.9827,709187.0,709187.0
002114.SZ,20250801,3.2143,0.62,,2.5937,232844.5922,232841.3926
688590.SH,20250801,11.7966,1.43,689.8952,4.2672,600448.2835,600448.2835
002301.SZ,20250801,1.4103,0.61,81.099,1.6422,504915.5531,502593.1561
603639.SH,20250801,6.0428,0.51,25.4439,1.4799,497581.8839,497581.8839
600130.SH,20250801,1.4468,0.71,641.1945,2.5818,249000.0,249000.0
605377.SH,20250801,1.1422,0.53,12.4963,1.3106,503229.9223,503229.9223
300094.SZ,20250801,6.4533,0.55,,2.4448,450138.7339,441101.4422
300862.SZ,20250801,2.7882,0.55,,2.2247,445298.3796,365348.0689
000692.SZ,20250801,2.4189,1.05,,12.9991,196082.5352,196082.5352
600299.SH,20250801,1.7831,0.81,19.2443,1.692,2679219.3717,2679219.3717
688408.SH,20250801,5.1311,1.66,18.1159,2.4638,1064660.206,1064660.206
300596.SZ,20250801,5.2713,1.12,17.1616,1.634,732945.9771,717205.7239
920092.BJ,20250801,12.0338,1.13,147.6947,6.8891,264769.9205,136180.1918
920185.BJ,20250801,1.2399,0.64,28.1746,2.0923,2502691.8008,2462364.0533
688529.SH,20250801,3.9272,0.67,,1.6719,333324.7388,333324.7388
688616.SH,20250801,8.4751,2.03,22.7893,3.0635,245030.71,245030.71
603289.SH,20250801,4.0087,1.04,37.8472,2.0356,284862.5438,284862.5438
000029.SZ,20250801,1.3208,0.8,,5.3023,1901920.8,1676320.8
002016.SZ,20250801,1.5408,0.56,142.029,0.9391,449048.0758,449048.0758
300760.SZ,20250801,1.2354,0.84,24.7373,7.2671,27550305.7959,27549801.3453
301603.SZ,20250801,18.515,1.88,30.0821,3.2305,687003.64,214660.1925
301216.SZ,20250801,7.6966,0.66,,1.4299,754801.9719,417271.4612
601899.SH,20250801,0.8411,0.8,14.2362,3.7391,51188407.4084,39652369.2428
002887.SZ,20250801,16.2432,0.57,30.5685,1.2148,272940.1364,173583.5211
002392.SZ,20250801,0.954,0.43,22.9443,1.528,832153.0965,799573.0867
300573.SZ,20250801,10.8718,0.8,33.7267,9.6621,1515029.7354,1163683.406
002713.SZ,20250801,2.4,1.27,,,188791.641,184659.2973
000963.SZ,20250801,1.5748,0.78,21.52,3.3289,7670578.9309,7661238.99
301232.SZ,20250801,6.5748,1.24,,1.779,243676.329,144811.2731
000753.SZ,20250801,3.411,0.71,106.4328,1.9977,542340.1458,542340.1458
603569.SH,20250801,5.363,1.2,69.8996,1.6272,479788.2645,479788.2645
002291.SZ,20250801,12.0461,1.34,,1.904,638220.2825,593304.2447
300721.SZ,20250801,5.1381,0.42,,2.0987,247434.9552,205244.4795
002167.SZ,20250801,9.0695,0.63,41.9268,5.5567,961369.5653,940409.7579
920641.BJ,20250801,6.136,0.45,550.4819,3.9879,133633.5,79490.0741
001368.SZ,20250801,11.426,0.5,28.5962,2.0799,284820.0339,80279.4197
300169.SZ,20250801,5.7025,0.58,,80.3574,262417.3937,242897.3045
603721.SH,20250801,2.209,0.66,,5.3028,260130.0,260130.0
300171.SZ,20250801,6.288,0.91,79.1626,1.5239,1183970.1498,869868.2708
301203.SZ,20250801,3.103,1.23,21.0886,1.9537,264480.0,144943.305
301087.SZ,20250801,5.8773,1.77,26.5836,1.7264,802704.188,745714.3098
300959.SZ,20250801,7.491,1.7,80.0554,3.1617,358118.9168,233294.8559
688661.SH,20250801,6.2144,0.81,273.0511,5.1786,635043.0005,634045.2676
600166.SH,20250801,1.6763,0.87,81.5907,1.4416,2121863.2984,1739006.1557
002955.SZ,20250801,2.706,0.55,29.2809,1.8418,593492.8993,469943.3218
301097.SZ,20250801,5.1304,0.51,,2.2879,266618.9455,82985.1455
601838.SH,20250801,1.3348,1.09,6.0943,1.006,7934350.9864,7920540.9467
002456.SZ,20250801,1.9577,0.87,,10.133,3783721.2931,3733240.2819
000802.SZ,20250801,9.9539,0.83,,4.7074,408063.1454,407815.1954
301225.SZ,20250801,7.0612,0.95,60.6884,5.6029,816391.86,238331.46
301170.SZ,20250801,3.6728,0.69,25.7356,1.621,277000.0,93003.9273
002207.SZ,20250801,14.6657,0.92,,36.2118,187369.5953,186477.434
600784.SH,20250801,1.5893,0.77,14.5262,1.3726,436471.3709,436471.3709
601996.SH,20250801,3.2082,1.2,,0.9971,256689.4013,256689.4013
001212.SZ,20250801,5.8292,0.67,641.3394,4.3274,760098.6554,648851.2352
688296.SH,20250801,3.2914,0.89,,2.2389,151489.7186,150779.9966
002673.SZ,20250801,2.75,0.3,24.8826,1.2971,3727631.142,3427068.3031
603926.SH,20250801,1.9006,0.7,26.6265,1.6547,273894.4486,268926.9818
002448.SZ,20250801,2.4503,0.73,22.5735,1.4512,510151.1631,422122.0625
300347.SZ,20250801,3.5507,0.71,171.9536,2.8744,5769735.5611,3794201.3944
600370.SH,20250801,1.144,0.41,,1.435,752049.8571,752049.8571
603690.SH,20250801,2.8623,0.58,,2.005,959111.625,957410.625
920566.BJ,20250801,11.5029,0.77,26.0387,2.8002,214558.4855,164716.8313
301085.SZ,20250801,10.1451,1.05,239.2668,4.8269,524645.7311,356180.3921
688261.SH,20250801,11.6035,0.72,150.5497,2.2689,658606.5223,658606.5223
920779.BJ,20250801,4.4307,0.72,48.3251,7.2391,337675.0942,84480.0086
688508.SH,20250801,3.7439,0.71,59.7132,3.0927,767902.9034,767902.9034
002903.SZ,20250801,7.5068,1.54,689.8015,4.0835,325632.45,217540.6324
300952.SZ,20250801,2.9106,0.6,37.0629,2.7288,449744.9708,272328.4658
000948.SZ,20250801,4.9608,0.96,81.8064,2.9075,774639.8796,765623.4325
603889.SH,20250801,1.5158,1.01,10.061,1.3216,436103.093,430233.2696
002438.SZ,20250801,3.2915,0.65,23.0062,1.9607,691773.5593,639084.3491
301155.SZ,20250801,3.8796,1.06,262.3637,2.7079,1478044.6589,828118.2816
300786.SZ,20250801,4.0618,0.56,,2.4474,277679.9614,221372.479
301166.SZ,20250801,5.236,1.16,,1.4414,293366.6712,190245.6927
920128.BJ,20250801,6.635,1.13,59.5043,5.5655,279374.79,75564.36
920970.BJ,20250801,6.0912,0.75,,3.9535,114701.212,71112.127
601997.SH,20250801,1.334,0.79,4.6046,0.3816,2328998.1744,2328998.1744
600201.SH,20250801,2.5643,0.48,118.5798,1.8157,947209.1478,947209.1478
002399.SZ,20250801,3.1455,0.65,29.9891,1.631,1944167.4703,1652542.2578
000630.SZ,20250801,2.5783,0.71,15.8082,1.3453,4490740.6212,3695213.1402
002899.SZ,20250801,4.9358,0.8,30.2555,1.9418,331065.2262,331065.2262
002780.SZ,20250801,5.1026,0.6,,3.1868,216682.7933,179647.5093
000999.SZ,20250801,2.7439,1.1,16.0476,2.53,5254194.3486,5230483.7649
688160.SH,20250801,4.3311,0.92,173.7682,6.9736,850189.4482,786240.0
600713.SH,20250801,3.8557,1.91,11.7577,1.0203,692416.783,680765.6691
002213.SZ,20250801,8.3308,0.72,,7.123,399914.2436,347602.1784
603071.SH,20250801,1.2518,0.68,11.4022,1.3968,745427.1345,745427.1345
000531.SZ,20250801,2.2304,1.23,28.554,1.0017,664414.0498,580417.6213
920169.BJ,20250801,12.1396,0.93,212.0798,9.976,308016.6295,191459.5783
301578.SZ,20250801,4.9504,1.03,71.2123,3.2009,294080.7761,83620.1691
300111.SZ,20250801,5.5325,1.35,648.5327,6.7539,463395.857,463395.857
300607.SZ,20250801,5.1157,0.73,,5.5685,1559699.7872,1104246.2575
002011.SZ,20250801,1.6264,0.71,11.6456,2.1443,1227382.4817,1055591.0554
601998.SH,20250801,1.1112,0.99,6.615,0.6568,45573387.8942,33384896.4161
002413.SZ,20250801,9.29,1.33,,2.2956,780974.8494,734431.4927
300145.SZ,20250801,5.4121,1.14,36.8066,2.6691,720337.5885,713997.4879
002674.SZ,20250801,3.2365,0.72,24.3333,1.2821,306486.3289,303388.5071
300777.SZ,20250801,2.5227,0.83,37.527,3.5198,1539416.087,1483077.0288
301519.SZ,20250801,4.2502,0.67,,1.6249,235733.76,112025.95
301060.SZ,20250801,5.2976,0.62,,2.7571,432958.877,384164.566
688432.SH,20250801,1.9024,0.84,63.7639,3.3277,1438507.0799,585223.2037
000990.SZ,20250801,1.4728,0.59,58.992,0.5303,946670.0398,946669.3387
301198.SZ,20250801,4.702,0.62,,2.1895,200434.0,184487.471
920718.BJ,20250801,2.4595,0.55,22.7272,2.942,167642.7283,79034.2458
600676.SH,20250801,5.6956,0.57,,1.0517,536873.3168,536873.3168
300686.SZ,20250801,3.5078,0.62,,2.7288,270006.6919,200643.0182
688055.SH,20250801,2.3147,0.98,,3.0333,1283333.359,1283333.359
002119.SZ,20250801,3.9112,0.69,68.1925,4.4566,615841.044,615841.044
000652.SZ,20250801,1.6595,0.72,55.8416,1.121,637447.9041,636967.7391
300231.SZ,20250801,6.15,0.64,,3.48,549126.3782,549098.1788
688247.SH,20250801,8.7053,0.76,44.902,4.406,562594.94,176621.1056
605488.SH,20250801,3.2639,1.17,59.1682,5.7101,855193.2198,846459.6166
300412.SZ,20250801,4.6924,0.9,74.1621,2.7209,276752.6902,260131.0752
301622.SZ,20250801,7.4539,0.51,47.9764,6.4387,953075.9855,238268.9964
603056.SH,20250801,26.1481,2.41,23.6205,2.0063,1652100.9286,1652100.9286
301196.SZ,20250801,10.3243,0.95,33.9978,2.8197,883684.5863,878892.654
300026.SZ,20250801,9.8297,1.54,548.1434,1.5066,1297794.8896,1193798.8146
002973.SZ,20250801,2.885,0.41,21.2159,2.2712,552924.5067,301572.8625
688210.SH,20250801,10.2286,0.73,92.5105,4.6388,580073.5386,580073.5386
300932.SZ,20250801,2.2895,0.57,55.2296,2.1631,368439.7017,262420.8615
300586.SZ,20250801,6.0084,0.83,474.2638,4.6132,886887.1563,666641.7956
688107.SH,20250801,3.6296,0.78,,10.1328,1170480.1516,1170480.1516
002767.SZ,20250801,8.0191,0.6,112.5465,3.3937,282150.0,244872.9458
603863.SH,20250801,15.6918,1.72,,8.2478,371030.45,371030.45
002139.SZ,20250801,3.7662,1.49,25.5058,2.5921,1766765.178,1517734.3132
688297.SH,20250801,6.8674,1.03,,6.6702,3806325.0,3806325.0
300503.SZ,20250801,4.0223,0.56,77.2176,5.6512,705497.887,551096.2311
920060.BJ,20250801,9.3147,0.52,43.1992,5.3711,526074.534,242550.408
300817.SZ,20250801,3.0856,0.44,72.1753,4.8389,485495.2858,276240.0154
300955.SZ,20250801,13.5129,0.61,,2.3655,209865.6,122518.082
002553.SZ,20250801,8.0812,0.67,63.7451,6.9922,831720.0,599412.0
920284.BJ,20250801,4.7944,0.49,,9.0412,281035.0999,181738.5288
603286.SH,20250801,28.8292,3.22,,4.1037,361313.4357,355131.435
600764.SH,20250801,3.6045,0.74,95.7777,2.9911,2445986.3466,2445986.3466
300632.SZ,20250801,3.77,0.49,83.9206,2.3095,406501.9178,294651.3977
002093.SZ,20250801,5.5547,1.02,61.0452,3.3506,1229150.0,1228376.825
300198.SZ,20250801,1.269,0.43,,29.6175,248603.1981,246896.4051
300183.SZ,20250801,3.0221,0.87,125.7732,2.5647,797538.1522,700869.9811
003019.SZ,20250801,2.4929,0.67,31.0289,3.5283,535185.8038,516301.763
601928.SH,20250801,1.6056,0.67,15.9991,1.4788,2796845.1,2796845.1
002269.SZ,20250801,3.3229,0.48,,16.5033,474862.5,474862.5
603887.SH,20250801,2.7029,1.03,,2.8804,1029116.0715,1006022.2215
300591.SZ,20250801,27.61,1.2,,15.1085,454760.304,393095.0749
300057.SZ,20250801,2.779,0.55,,0.9591,502245.1347,405073.8823
002769.SZ,20250801,4.4363,1.26,,2.7204,320306.8903,279706.133
600609.SH,20250801,1.7254,0.62,17.0997,4.469,657497.5132,657497.5132
920717.BJ,20250801,6.7485,1.28,94.4619,2.6492,148739.96,57431.16
600075.SH,20250801,1.1339,0.54,33.5909,0.8441,752946.9344,752946.9344
002377.SZ,20250801,2.5697,0.59,,5.9693,281311.8367,267609.1514
002911.SZ,20250801,1.511,0.82,15.2221,2.9019,1329938.7925,1287781.1483
300349.SZ,20250801,2.1194,0.85,16.8103,1.2001,512463.0859,453526.6185
300482.SZ,20250801,5.3397,0.74,21.9088,2.143,1166492.1959,1042644.481
002557.SZ,20250801,2.1226,0.57,17.0498,2.3156,1170042.8394,1167540.8094
300053.SZ,20250801,4.238,0.6,,5.2718,935902.2158,874049.8203
001258.SZ,20250801,2.1518,0.69,246.0913,2.2796,658000.0005,657998.4142
603628.SH,20250801,6.5376,1.18,32.3281,2.806,359461.9258,358173.6144
600459.SH,20250801,1.9329,0.52,19.5006,1.6141,1147285.2244,1137543.893
600962.SH,20250801,4.5615,0.69,104.2064,5.3647,497674.58,497674.58
601985.SH,20250801,0.7331,0.59,21.2754,1.7228,18840289.8998,17297088.9382
600642.SH,20250801,1.0566,0.59,10.5598,1.1649,4008263.5396,3995934.1744
600295.SH,20250801,2.9857,0.44,14.2698,1.3177,2795977.4777,1973600.6777
600444.SH,20250801,5.2523,0.43,59.8756,3.5856,252724.2546,252724.2546
605100.SH,20250801,6.4898,1.02,62.4177,1.894,344488.716,342073.116
301399.SZ,20250801,15.6664,2.4,65.1181,2.8186,365414.5,108000.0824
002698.SZ,20250801,1.4224,0.56,29.3639,4.5543,1669841.9056,1374068.3373
300671.SZ,20250801,3.256,0.78,,4.36,702161.4254,700265.5608
000678.SZ,20250801,10.2729,0.92,,9.2467,722509.7449,722509.7449
002321.SZ,20250801,2.029,1.04,279.235,5.6837,539621.188,537425.6573
002872.SZ,20250801,1.8503,1.97,,0.7481,149142.0,100796.6048
688696.SH,20250801,4.917,1.37,46.3556,2.6085,780920.0,780920.0
301190.SZ,20250801,3.0496,0.65,100.9205,2.7324,516200.7825,383246.37
002156.SZ,20250801,5.5967,0.86,60.5045,2.798,4117240.4223,4116847.8783
920190.BJ,20250801,3.508,0.78,123.0817,3.6021,306500.0031,302439.0313
000062.SZ,20250801,4.5076,0.83,101.5731,3.8651,2652426.0406,2649940.7707
300556.SZ,20250801,7.3353,1.02,,4.7729,257716.2482,226860.4983
600189.SH,20250801,1.7409,0.6,309.9623,4.31,524239.9962,524239.9962
688136.SH,20250801,19.5313,1.4,249.7762,6.6878,1115367.6795,1115367.6795
601121.SH,20250801,1.9287,0.51,43.0435,1.671,508000.0,241300.0
600995.SH,20250801,1.0861,0.64,24.8129,1.4713,3231161.8689,1121301.7611
300233.SZ,20250801,10.566,1.07,48.3504,1.9505,719764.8506,696945.5869
688579.SH,20250801,3.0636,0.99,86.2705,3.4829,471211.78,471211.78
300701.SZ,20250801,2.6215,0.87,87.7147,3.2878,301961.1071,266062.107
300847.SZ,20250801,13.3148,0.92,45.1099,4.0181,563307.03,563307.03
002153.SZ,20250801,5.2881,0.77,,3.9688,2794694.4932,1638158.1353
002410.SZ,20250801,3.0847,1.24,79.8308,3.804,2188826.2532,2104207.4297
002929.SZ,20250801,6.3081,0.88,66.8837,2.0324,1260192.5606,934047.4559
002489.SZ,20250801,3.7166,0.79,13.9576,1.8391,804705.0521,709733.7323
002283.SZ,20250801,1.4703,0.67,20.907,1.1952,707602.9075,623189.9124
600255.SH,20250801,7.5756,0.86,101.5012,4.4288,637569.8751,637569.8751
002583.SZ,20250801,2.9632,0.77,,8.7827,2131421.9145,1503349.0694
300040.SZ,20250801,3.1387,0.51,,1.9051,449740.9184,357105.641
920445.BJ,20250801,10.2817,2.21,82.3715,4.9731,162504.6077,116420.6468
688310.SH,20250801,5.7752,1.02,,3.7021,290552.0181,290552.0181
000796.SZ,20250801,16.5054,0.59,,9.6484,832366.4474,690667.9744
002948.SZ,20250801,4.8787,2.02,5.972,0.7055,2799590.6222,1496996.5367
300611.SZ,20250801,5.8891,0.73,40.5509,4.5781,505101.7092,354889.0311
300951.SZ,20250801,3.4689,0.68,27.9692,2.5171,570111.451,508313.9636
688011.SH,20250801,23.3266,1.17,,3.9987,432100.0,432100.0
688708.SH,20250801,7.916,0.71,68.0126,10.3107,3170079.25,304396.08
603379.SH,20250801,5.3743,1.57,29.1012,4.523,2982190.0957,2982190.0957
000762.SZ,20250801,2.8099,0.34,150.6305,3.8286,1124172.62,1123366.933
002724.SZ,20250801,4.6088,0.71,,2.2267,584795.4795,433398.3369
300163.SZ,20250801,5.2815,0.43,74.9463,3.0914,157368.0,141252.4049
300205.SZ,20250801,5.0034,0.93,,2.1606,230510.016,230268.8353
002828.SZ,20250801,8.2076,0.64,,3.007,202595.5008,195457.254
002362.SZ,20250801,14.9108,0.73,,5.5443,625559.4391,531232.872
001216.SZ,20250801,34.2668,1.94,18.1265,2.2688,380066.8503,380066.8503
600703.SH,20250801,2.0524,1.67,182.8267,1.7105,6326075.7458,6326075.7458
002441.SZ,20250801,2.6287,1.1,38.1788,1.1234,505336.4692,370345.9885
002607.SZ,20250801,3.6253,0.7,131.3326,24.2051,1850219.8167,1508623.2945
600598.SH,20250801,4.8242,0.72,24.596,3.5712,2634521.6251,2634521.6251
600281.SH,20250801,6.7378,0.52,,21.4357,343106.1507,343106.1507
600008.SH,20250801,1.6496,0.75,6.3615,1.1405,2268242.5192,2268242.5192
000819.SZ,20250801,1.5428,0.4,107.0184,2.7625,590037.2196,583389.5604
002661.SZ,20250801,2.1444,0.96,18.8318,1.5029,344464.4252,325467.6707
300107.SZ,20250801,2.1117,0.71,346.8151,2.972,445567.2155,274971.1504
000001.SZ,20250801,1.2404,0.75,5.4567,0.5553,23830467.5471,23830042.2318
002130.SZ,20250801,7.8238,1.09,31.234,5.1013,2853670.2429,2829322.6073
603789.SH,20250801,1.9516,0.64,,6.7209,143609.6934,138060.0
002078.SZ,20250801,1.14,0.97,13.0082,1.3763,3943089.0529,3901247.0741
002361.SZ,20250801,8.2675,0.66,166.1379,2.9028,637193.4292,542112.3993
600696.SH,20250801,6.4348,1.37,,5.053,191985.4534,191985.4534
688403.SH,20250801,5.1793,0.51,52.0473,2.878,905755.225,626541.1266
601939.SH,20250801,2.0447,1.22,7.42,0.7507,246427559.3344,9037225.4649
603727.SH,20250801,1.4033,0.56,78.4148,1.2307,389617.7601,389617.7601
002066.SZ,20250801,3.3183,1.1,54.9468,3.896,280713.865,276045.0
688313.SH,20250801,16.9603,1.12,94.3726,18.2919,2544517.7111,2544517.7111
688336.SH,20250801,6.7006,0.66,45.6983,5.8298,3273898.9892,3273898.9892
301658.SZ,20250801,13.1272,1.17,51.7675,4.4163,1357938.1476,127531.3336
002939.SZ,20250801,1.7738,0.6,19.3995,1.1743,3554330.1482,3072595.8251
603272.SH,20250801,3.9478,0.44,129.5626,3.3971,188808.394,188808.394
000815.SZ,20250801,6.7789,0.88,,6.8632,912185.1019,912185.1019
601128.SH,20250801,0.8567,0.46,6.0795,0.876,2460841.3988,2460841.3988
600968.SH,20250801,1.4169,0.66,10.9278,1.5517,4096536.9922,4096536.9922
001277.SZ,20250801,12.8442,0.83,31.1596,2.5226,373920.0,93480.0
000831.SZ,20250801,6.7878,0.49,584.8229,9.2323,4355250.1919,4355250.1919
603917.SH,20250801,2.0528,0.58,,1.6251,269272.64,269272.64
002788.SZ,20250801,3.4568,1.63,10.1213,1.0887,337232.5268,331216.852
000848.SZ,20250801,1.2565,0.42,14.4623,2.7693,918879.7066,910547.7946
600168.SH,20250801,1.4433,0.81,67.5469,0.8915,473850.6404,473850.6404
601568.SH,20250801,1.0213,0.85,55.4172,1.4791,1676277.7785,1676277.7785
601086.SH,20250801,7.7659,0.58,123.5054,4.5071,693306.0,693306.0
002189.SZ,20250801,10.0112,1.0,,10.3358,668931.3382,668830.5577
688613.SH,20250801,4.9315,0.74,,1.8552,263741.5242,263741.5242
300933.SZ,20250801,3.461,0.57,97.6946,2.3221,367273.9284,367273.9284
600510.SH,20250801,1.9872,0.43,54.4775,0.5342,552133.6195,552133.6195
002157.SZ,20250801,0.9112,0.74,59.8539,2.2277,2608545.8501,2017575.3264
301319.SZ,20250801,9.8217,0.73,40.6706,3.3089,364039.1904,164138.9904
301283.SZ,20250801,2.7753,0.37,38.309,2.0797,315720.3692,180107.5114
300957.SZ,20250801,1.935,0.73,53.7402,3.2711,1905352.8,1905352.8
600623.SH,20250801,1.3451,0.49,19.535,0.7861,1759827.1311,1551756.9981
301115.SZ,20250801,3.7639,1.42,172.4777,1.2031,302550.3616,172798.6275
002277.SZ,20250801,3.7252,0.72,1093.5661,1.2808,860204.6176,860204.6176
002219.SZ,20250801,3.9076,1.07,64.8205,3.7271,751998.7492,726393.7058
600681.SH,20250801,1.6088,0.86,14.7008,1.3658,489412.0057,489030.2018
000089.SZ,20250801,1.2822,0.79,28.4358,1.2904,1453995.5819,1453976.3637
300479.SZ,20250801,10.0699,1.3,154.175,8.4006,433292.8621,433045.4746
600319.SH,20250801,2.3831,0.47,,5.2644,263642.3811,214603.92
002891.SZ,20250801,5.1703,1.08,39.0109,6.0442,1672523.4531,1672522.6289
301133.SZ,20250801,4.0264,1.17,36.571,2.5456,254082.833,229580.6959
300982.SZ,20250801,3.8752,0.73,106.1919,1.3782,406479.5467,380787.4807
600081.SH,20250801,2.273,0.44,63.1412,1.5365,710085.6023,710085.6023
603662.SH,20250801,3.7421,0.82,60.9168,6.6898,1785720.7608,1780461.3631
300716.SZ,20250801,3.0386,0.85,,102.1755,115854.48,115854.48
601016.SH,20250801,1.3951,0.76,15.0613,1.13,1942017.015,1790053.1193
600769.SH,20250801,1.1939,0.74,297.4108,36.939,397100.8548,397100.8548
688015.SH,20250801,1.9383,1.05,46.396,1.6319,412267.4213,412267.4213
600715.SH,20250801,2.0065,0.61,,8.2187,929706.4515,609683.2432
300650.SZ,20250801,26.1303,4.82,65.1865,2.6268,327225.8929,229000.2258
301370.SZ,20250801,4.1616,1.48,56.4588,2.1876,531307.4,365512.1254
688173.SH,20250801,3.7201,0.52,,4.0101,587987.6085,581593.2917
002511.SZ,20250801,1.8795,0.41,202.8262,1.7936,983635.1259,962867.3704
300061.SZ,20250801,3.1916,0.8,,15.053,834944.9888,786223.8455
603367.SH,20250801,28.3019,1.48,27.9187,2.279,1366864.7155,1366864.7155
002966.SZ,20250801,0.9116,0.92,7.4408,0.8039,3844769.3295,3774504.2962
000758.SZ,20250801,3.8255,0.45,33.6549,2.0128,1177078.1934,1167915.4748
920106.BJ,20250801,2.7676,1.07,48.9827,11.3845,536400.228,281275.1608
920225.BJ,20250801,1.8975,0.31,20.3655,3.6835,251934.0046,164322.5757
688379.SH,20250801,13.4907,2.06,21.8898,3.4467,368539.8623,368539.8623
000507.SZ,20250801,1.4407,0.53,16.034,0.9828,502175.2527,492673.3736
000757.SZ,20250801,3.6765,1.0,913.7787,1.6725,260498.1705,260497.4096
000876.SZ,20250801,1.1118,0.68,15.168,1.9718,4326970.5897,4323539.0183
688087.SH,20250801,1.5983,0.68,17.3299,1.9832,532610.9216,509753.9061
002747.SZ,20250801,3.1099,0.71,,9.955,1823339.8067,1645398.0368
600300.SH,20250801,1.8769,0.4,15.6547,1.6603,556296.9099,556296.9099
000609.SZ,20250801,2.7827,1.11,,8.6358,97560.5602,94884.9967
002705.SZ,20250801,2.3595,0.66,10.7257,1.5056,1208883.0364,1203352.3291
601368.SH,20250801,1.1769,0.71,63.3183,0.9284,437954.6462,437954.6462
603348.SH,20250801,1.9815,0.7,115.1369,1.5523,654741.5137,654741.5137
920046.BJ,20250801,3.0955,0.51,115.2069,6.7645,164368.75,83587.9476
601919.SH,20250801,1.344,0.66,4.4428,1.0622,24009119.8455,19545399.6205
300052.SZ,20250801,2.2888,0.73,,6.8858,271023.7649,271013.4149
301560.SZ,20250801,5.0468,0.77,41.7741,4.6813,426572.8,81033.3968
688004.SH,20250801,12.2692,0.93,,3.2292,196215.6,196215.6
600624.SH,20250801,3.2008,0.85,,7.716,487091.7574,487091.7574
300923.SZ,20250801,6.2692,1.18,47.1196,1.8116,202709.4,196922.124
600720.SH,20250801,1.3991,0.43,10.6671,1.2363,1870095.3855,822375.5634
300555.SZ,20250801,1.0384,0.59,,3.7676,191200.0,189118.5136
600989.SH,20250801,1.5806,0.73,15.5474,2.6306,11432708.24,11432708.24
600562.SH,20250801,4.1172,1.24,62.4769,6.2522,3683350.3534,3683350.3534
001380.SZ,20250801,2.7458,0.67,21.7588,3.1981,543333.5412,176535.7291
600783.SH,20250801,1.5619,0.55,33.7809,2.118,930449.1175,930449.1175
920706.BJ,20250801,27.9834,0.61,51.3094,4.4701,245890.3569,112685.0211
600511.SH,20250801,1.8549,1.0,11.2514,1.3248,2249927.94,1650079.0364
920066.BJ,20250801,2.9468,0.65,41.5682,5.2962,202639.123,54982.9052
002660.SZ,20250801,2.6571,0.56,59.028,2.6273,331305.5717,318634.6536
600288.SH,20250801,9.3765,0.41,,3.0804,562598.4,562598.4
603122.SH,20250801,4.0462,1.38,199.6946,2.5883,288190.1063,288190.1063
600079.SH,20250801,2.2191,1.25,25.7509,1.9648,3563149.2816,3368759.2549
920556.BJ,20250801,5.0005,1.13,65.8392,3.4536,174704.3616,127973.7119
300996.SZ,20250801,11.2463,0.77,52.2175,4.3878,543212.7882,455055.7949
301202.SZ,20250801,21.016,1.29,60.7468,5.1749,619119.6,168760.02
300384.SZ,20250801,7.0848,1.8,19.1834,2.3539,613131.9633,422840.4132
603776.SH,20250801,6.1493,0.6,,1.7221,503085.2259,503085.2259
603538.SH,20250801,16.7981,0.92,78.2035,2.6927,578589.1173,566915.1972
002302.SZ,20250801,3.7484,0.36,,0.9503,805382.046,805382.046
688739.SH,20250801,1.5417,0.97,35.4433,1.2706,1182301.55,1182301.55
688523.SH,20250801,3.4394,0.83,84.0214,5.4999,902866.72,214168.8642
301219.SZ,20250801,4.1182,0.43,24.582,1.8604,1633912.057,953176.1833
920871.BJ,20250801,19.2072,1.79,59.2508,6.4005,160452.7694,83426.4399
002356.SZ,20250801,1.5214,0.62,,7.5692,419601.4467,419601.4467
300160.SZ,20250801,3.7914,0.7,20.0675,1.8226,461448.9363,455128.6316
600223.SH,20250801,4.5862,1.14,36.7814,2.1128,865100.0275,865100.0275
002685.SZ,20250801,11.6757,1.34,57.0498,4.9772,778944.8655,778807.0009
688315.SH,20250801,3.3973,0.66,33.3412,2.699,677989.8,677989.8
603027.SH,20250801,1.6199,0.51,23.4556,3.716,1219297.0113,1142917.4395
603990.SH,20250801,11.3175,1.73,,5.8269,479638.7567,479638.7567
603666.SH,20250801,3.8779,1.15,,3.0113,652510.9786,652510.9786
001339.SZ,20250801,9.1144,0.73,76.0433,5.857,1293903.1667,384685.0158
002006.SZ,20250801,1.6163,0.54,64.1624,3.6956,848302.8941,848302.8941
603353.SH,20250801,4.1399,0.63,86.218,1.7347,281410.122,278974.266
002958.SZ,20250801,1.1536,0.7,6.5866,0.5528,1938911.1151,1723935.2786
002982.SZ,20250801,4.4561,0.52,21.1542,2.0123,321655.9611,205593.4294
002300.SZ,20250801,2.3557,0.54,55.8923,2.5601,468794.5713,468756.5133
600657.SH,20250801,1.6425,0.47,,0.4635,1095121.3805,1095121.3805
002690.SZ,20250801,1.1974,0.63,22.7837,6.4591,1496270.6448,735430.6542
002244.SZ,20250801,2.5192,0.57,10.6442,1.0694,3046103.5683,2626024.3115
300753.SZ,20250801,20.3333,1.43,,5.7614,387723.648,253565.5967
605155.SH,20250801,4.4342,0.96,19.3508,1.8843,236061.8554,233346.241
300037.SZ,20250801,1.1628,0.61,24.9975,2.73,2517024.5011,1818501.7196
002403.SZ,20250801,3.0744,0.61,10484.2972,2.8616,472465.7091,412162.9367
001217.SZ,20250801,2.5206,0.52,54.2085,1.7266,387292.29,383455.949
000680.SZ,20250801,2.9953,0.39,12.7089,2.7365,1483641.0433,1300240.0842
605318.SH,20250801,7.0181,0.45,,5.4024,345377.6399,345377.6399
603231.SH,20250801,2.3063,1.01,25.6042,1.766,328735.2833,182458.6911
300967.SZ,20250801,10.3065,1.09,23.8549,4.9853,366698.1008,243966.6826
301328.SZ,20250801,7.4045,0.63,53.1127,2.5919,492543.0883,152987.8754
301027.SZ,20250801,9.3172,0.91,,3.2608,302232.0,243106.1606
300969.SZ,20250801,6.1738,0.68,46.5687,6.8706,888160.0,240757.0838
301039.SZ,20250801,1.584,0.76,16.1516,1.1486,1613621.1256,1251618.48
600371.SH,20250801,4.9042,0.66,66.6637,4.9131,271512.384,271512.384
300674.SZ,20250801,4.8275,0.72,45.6369,4.4542,1852374.1249,1849624.0326
600704.SH,20250801,1.639,0.75,8.6796,0.7015,2807950.6803,2807950.6803
300539.SZ,20250801,34.6598,0.73,128.8731,9.6032,529150.475,409773.0594
000581.SZ,20250801,3.7003,1.48,12.7908,0.9972,1873630.673,1538514.341
003002.SZ,20250801,5.9979,0.31,35.004,3.874,524000.0,479131.19
603709.SH,20250801,4.7913,0.47,,3.2405,173233.4695,171775.0277
002092.SZ,20250801,1.6127,0.5,,0.5573,1209539.1144,1202813.0068
603661.SH,20250801,2.1351,0.84,19.2575,1.1199,408718.0041,408718.0041
601992.SH,20250801,1.4938,0.47,,0.4146,1708443.3814,1333465.3222
688550.SH,20250801,3.0019,0.69,27.4004,2.4169,720684.6664,720684.6664
920396.BJ,20250801,8.1914,0.9,72.3886,8.1594,261418.0524,184549.9939
001215.SZ,20250801,3.3525,0.75,39.3393,1.5653,277587.3942,276533.3012
300211.SZ,20250801,5.1072,0.92,,4.5985,215790.1033,211922.095
300071.SZ,20250801,9.3771,0.96,,37.7676,510858.6981,501035.959
000608.SZ,20250801,1.4289,0.79,,0.582,133484.569,132567.2104
002687.SZ,20250801,2.5792,0.96,29.8401,1.6331,242294.1557,198503.5133
300785.SZ,20250801,17.1301,1.17,81.004,3.8786,723833.0845,444951.6162
600831.SH,20250801,2.1651,2.28,,1.4919,287222.5848,287222.5848
002060.SZ,20250801,1.1202,0.44,12.0879,1.0311,1381616.7131,575115.7949
002877.SZ,20250801,3.9935,1.41,221.7255,2.6745,308872.3273,208766.7179
301600.SZ,20250801,12.4011,1.3,66.7813,10.6394,1239648.71,310133.07
002250.SZ,20250801,25.5811,1.82,67.062,1.5716,1007023.0943,1001720.2424
000503.SZ,20250801,3.4788,1.43,,7.8576,1068649.3473,1066387.429
002492.SZ,20250801,5.0323,0.89,45.9249,1.6621,281880.0,276892.9686
301086.SZ,20250801,2.5928,0.69,42.0397,2.2394,423000.0,222490.0711
688411.SH,20250801,2.2377,0.55,26.6883,4.0583,1557619.9633,328087.3085
688095.SH,20250801,9.548,1.35,238.4378,2.9955,756662.0611,756662.0611
300860.SZ,20250801,4.7166,0.56,120.1102,1.7729,556373.9335,326069.3995
301510.SZ,20250801,2.286,0.85,226.3892,8.8147,1206830.17,842223.4874
000537.SZ,20250801,1.5998,0.74,16.3896,0.9236,1795877.4439,1795877.4439
600312.SH,20250801,2.4641,0.71,18.3085,1.9623,2108655.7142,2108655.7142
002786.SZ,20250801,2.763,0.46,,21.7788,475291.908,473853.408
000421.SZ,20250801,2.3193,0.54,51.8881,1.4099,382560.8788,382481.3338
605108.SH,20250801,2.6905,0.87,57.6185,2.1972,495560.0,495560.0
605178.SH,20250801,25.0809,1.35,,1.7671,229767.454,229767.454
600433.SH,20250801,1.3341,0.57,38.7486,1.2101,549587.6792,549587.6792
002368.SZ,20250801,3.4199,1.07,81.6007,2.9981,1558701.4463,1551161.4265
603458.SH,20250801,3.8077,0.68,,0.9618,286226.4206,286226.4206
600990.SH,20250801,9.6711,1.14,,3.8814,715638.1637,710193.5174
603517.SH,20250801,1.7088,0.64,50.7222,1.4925,923546.9505,923546.9505
600115.SH,20250801,0.6812,0.79,,6.0303,8448401.4,6486402.6225
600589.SH,20250801,7.8377,0.76,481.2157,16.0061,1187735.912,1182775.912
603222.SH,20250801,2.7975,0.85,,2.5013,365463.068,365463.068
000937.SZ,20250801,1.4948,0.73,25.8858,1.1008,2120128.11,2060036.4912
002838.SZ,20250801,9.6403,1.71,73.2977,3.2269,1098881.1294,966191.07
688262.SH,20250801,4.5902,1.2,,4.3635,940799.7564,940799.7564
300733.SZ,20250801,33.5233,4.54,106.7647,4.0192,656592.6494,484412.1979
002507.SZ,20250801,1.0089,0.52,18.9245,1.7842,1513941.7647,1507375.8437
002333.SZ,20250801,4.7423,0.64,82.5916,1.9965,375933.1136,363477.6467
000534.SZ,20250801,8.7661,3.69,39.7417,5.3179,793488.5254,783629.2648
003042.SZ,20250801,3.5924,0.39,,1.821,247630.24,220230.9481
002475.SZ,20250801,1.664,0.81,19.0637,3.7666,26571385.7703,26523224.5788
600361.SH,20250801,1.5078,0.61,17.6496,1.5434,1651189.2258,590643.2613
600606.SH,20250801,3.6039,0.62,,0.4154,2642193.043,2642193.043
300320.SZ,20250801,1.6048,0.72,34.04,2.504,592215.6781,478500.9338
003036.SZ,20250801,12.8725,1.24,50.7598,3.263,442669.7363,442669.7363
301233.SZ,20250801,4.2574,0.56,30.0194,3.0177,278504.17,107760.7414
300313.SZ,20250801,7.8793,0.56,,,302649.1419,190840.147
605118.SH,20250801,10.6532,0.51,66.3867,9.1595,1313778.116,1302364.084
300890.SZ,20250801,7.5627,1.11,436.1367,1.7988,364952.7988,332947.1774
301309.SZ,20250801,5.7373,1.14,20.0655,1.8353,286800.0,71700.0
002436.SZ,20250801,11.7416,0.81,,6.1063,3100204.5789,2755146.9949
301290.SZ,20250801,3.6376,0.8,30.3992,1.2384,272371.2951,185337.3042
002173.SZ,20250801,24.5977,2.0,,3.7361,658396.2532,621126.229
300936.SZ,20250801,6.0068,0.75,130.7749,3.0913,311328.0,196485.5385
002268.SZ,20250801,4.8898,1.24,71.2429,2.8311,1545897.5615,1545445.8718
688507.SH,20250801,16.7494,1.51,189.4543,3.16,892068.0366,492898.893
001316.SZ,20250801,4.5977,0.55,37.5365,3.2241,383973.891,369384.3165
603838.SH,20250801,1.1166,0.71,,1.9557,186889.344,186889.344
002519.SZ,20250801,3.8877,0.92,,2.3921,555330.4327,551117.5643
603529.SH,20250801,1.8445,0.66,14.3628,3.4124,3029589.0218,2954068.5828
000900.SZ,20250801,1.0419,0.62,19.9857,0.5993,654184.012,654154.9195
600958.SH,20250801,1.5455,0.63,24.3158,1.2345,9482256.1459,8335942.8762
601156.SH,20250801,3.3018,0.77,8.4663,1.2719,2238453.334,1331879.734
600770.SH,20250801,1.8079,0.3,106.6938,2.143,704600.0,704600.0
600097.SH,20250801,5.0585,0.64,39.3682,1.1644,261898.0396,261898.0396
688089.SH,20250801,7.924,0.94,31.688,2.9375,459147.2794,459147.2794
603813.SH,20250801,0.9538,0.46,,2.9045,166133.73,142288.244
300174.SZ,20250801,1.9548,0.36,21.7814,1.6709,552507.1161,550583.2613
688007.SH,20250801,1.8204,0.79,,2.5758,697663.2493,697663.2493
002416.SZ,20250801,2.9024,0.7,28.52,2.7372,1539188.0031,1520089.1456
301428.SZ,20250801,4.8457,0.8,70.7622,3.2568,403842.668,250477.958
600810.SH,20250801,4.4629,1.57,,1.3467,917657.7097,908775.0057
300073.SZ,20250801,2.1559,0.58,47.711,1.5896,2252287.1982,2093709.2891
603477.SH,20250801,3.7175,0.69,13.3641,3.4044,1050744.886,1050744.886
301119.SZ,20250801,11.502,0.54,35.8798,4.076,394160.0,318776.9
688668.SH,20250801,17.0947,1.23,71.0247,6.7156,1253093.9375,1253093.9375
000723.SZ,20250801,1.2994,0.5,,1.4755,2012388.5064,2009083.7703
688037.SH,20250801,2.2564,0.71,117.4272,8.3499,2248273.5398,2248273.5398
603590.SH,20250801,10.7202,0.77,224.3591,3.3051,1010957.4901,997514.5541
002258.SZ,20250801,3.7442,0.74,31.0897,1.2898,996544.3489,994942.1795
688369.SH,20250801,11.5604,2.11,,3.6381,357752.1105,357752.1105
601107.SH,20250801,2.3305,0.75,11.2173,1.0716,1709455.54,1208971.66
000980.SZ,20250801,4.1909,1.52,,76.1372,1003467.0001,1001246.3459
920198.BJ,20250801,6.1274,0.59,249.1772,4.4826,180243.445,78462.9702
300994.SZ,20250801,5.6649,0.45,27.6697,3.2626,393219.456,196812.168
000521.SZ,20250801,1.5058,0.57,10.3645,1.2673,751844.312,639173.1722
688509.SH,20250801,7.0031,2.64,,2.8319,361900.0,180852.334
300863.SZ,20250801,2.8387,0.76,39.0151,4.3392,665675.4608,638828.7217
300427.SZ,20250801,6.5273,0.81,,2.6314,323927.4298,315192.0144
300743.SZ,20250801,5.4917,1.64,30.5616,5.2731,310496.7444,261350.271
002449.SZ,20250801,2.48,0.78,140.7905,1.4884,567143.564,567143.564
002846.SZ,20250801,6.3974,0.48,,4.7995,666529.9003,407887.7184
003033.SZ,20250801,13.6111,0.83,22.924,2.8516,361989.0,357288.1289
002798.SZ,20250801,3.2152,0.63,,1.8653,261704.6327,217221.2719
002627.SZ,20250801,3.6504,0.76,31.6516,1.3035,394907.751,390854.3484
002384.SZ,20250801,6.4669,0.81,80.6275,4.8987,10095820.7164,7641405.3372
003020.SZ,20250801,14.7742,0.7,30.3659,2.9913,511590.0696,370478.9669
603992.SH,20250801,10.498,0.87,33.5474,4.0257,1276608.1896,1252591.5336
001314.SZ,20250801,5.1467,0.73,160.3531,3.2268,653214.346,240686.9292
300662.SZ,20250801,8.2918,1.24,29.6514,3.287,659694.9154,657942.6004
001308.SZ,20250801,3.0725,0.96,18.9451,2.0924,1634523.4333,559552.5152
300749.SZ,20250801,3.3366,0.74,,3.3155,177471.531,136147.194
002228.SZ,20250801,2.9066,1.13,37.6925,1.4099,413657.1178,412251.0015
000635.SZ,20250801,3.4417,0.71,,2.6736,273138.0633,272778.8418
603070.SH,20250801,1.6381,0.71,55.9796,2.6219,551375.0,543698.2485
002923.SZ,20250801,26.4692,1.88,370.8865,4.266,470859.9601,362867.2752
603810.SH,20250801,2.5318,1.01,,1.7883,269350.9735,269350.9735
300840.SZ,20250801,14.2092,1.15,,4.3048,539280.0,397910.2983
003008.SZ,20250801,3.3826,1.29,26.374,2.245,233896.0,175080.8829
001239.SZ,20250801,6.7221,0.34,51.0038,3.1347,415440.0,197334.0
000002.SZ,20250801,1.4266,0.63,,0.3875,7623723.352,6209043.3728
300929.SZ,20250801,4.2351,1.07,,1.8536,149442.3732,143351.2596
600182.SH,20250801,1.0643,0.78,35.4709,5.2256,537880.0,268940.0
603187.SH,20250801,1.2953,1.01,13.5029,1.1469,463312.9123,463312.9123
301108.SZ,20250801,5.315,0.52,186.7076,1.5943,291745.8052,167587.5692
688511.SH,20250801,11.6821,1.52,,2.8301,233936.2981,233936.2981
002211.SZ,20250801,1.4447,0.35,,58.6483,122823.1212,122823.1212
301366.SZ,20250801,5.5269,0.43,122.0216,3.7792,797704.3172,289833.1839
688799.SH,20250801,6.0956,0.87,49.3766,3.9983,718320.4,718320.4
002702.SZ,20250801,4.1921,0.77,,2.248,241755.6,199553.5313
300800.SZ,20250801,3.1552,1.28,74.2029,1.4003,279612.379,276804.5515
920266.BJ,20250801,48.6088,6.47,,1.9099,173476.0098,112991.1975
688393.SH,20250801,10.0981,1.67,1354.9012,2.4531,303159.3448,303159.3448
603168.SH,20250801,5.5846,1.41,,1.9463,311265.9041,267106.5892
920010.BJ,20250801,4.5551,0.84,72.2009,4.5399,303677.5,224900.1934
002407.SZ,20250801,1.5545,0.56,,1.7899,1482088.5484,1345285.7784
002468.SZ,20250801,17.0118,1.23,22.8415,2.5476,2479899.5089,2417113.9643
300168.SZ,20250801,3.4483,0.94,,7.8647,1166909.1466,1165737.8615
688238.SH,20250801,3.7083,0.76,,3.1437,510142.8462,503940.5202
688607.SH,20250801,7.4982,0.56,199.9197,3.0896,263946.4359,263946.4359
002716.SZ,20250801,3.3718,0.51,65.515,3.8125,1264743.7134,990294.6314
002287.SZ,20250801,19.3804,1.42,29.982,4.9748,1842862.5371,1838948.0898
688239.SH,20250801,1.9137,0.54,40.5069,3.8222,711587.2033,706459.017
688383.SH,20250801,5.2921,0.54,270.329,4.5825,627610.972,627610.972
688093.SH,20250801,4.2418,0.79,26.3553,4.4764,858016.4963,858016.4963
600508.SH,20250801,0.9328,0.44,16.7607,0.6786,867261.6,867261.6
603078.SH,20250801,3.8322,0.65,70.57,3.7225,706101.8011,706101.8011
300455.SZ,20250801,3.5172,0.87,151.878,5.4729,1012052.7898,999157.6348
603598.SH,20250801,20.8907,1.4,,26.1121,502025.623,500903.623
002797.SZ,20250801,2.079,0.49,35.1622,1.8824,3088764.0,3088764.0
301120.SZ,20250801,13.7883,1.84,,2.9667,448329.3534,263874.0527
920371.BJ,20250801,2.943,0.55,50.8737,4.0293,220853.9512,208177.6963
688256.SH,20250801,3.5474,0.68,2220.9313,48.8993,28828513.9358,28828513.9358
003041.SZ,20250801,2.2754,0.74,15.8262,2.7175,407232.0,386936.5752
002174.SZ,20250801,6.5972,0.67,,3.142,1347633.9684,1346837.5406
002214.SZ,20250801,0.7549,1.22,,4.1625,612421.1696,489557.3168
000697.SZ,20250801,1.4257,1.28,,74.8809,684511.0868,463262.8003
000026.SZ,20250801,6.9846,0.73,35.1015,2.0296,667481.7915,600045.5363
603636.SH,20250801,4.9531,0.77,,3.3738,784647.4271,784647.4271
920571.BJ,20250801,8.413,0.96,,4.4437,597618.4194,308745.7711
002640.SZ,20250801,9.3102,0.54,,9.6389,824203.8636,739105.5755
600021.SH,20250801,8.4921,1.72,12.1792,1.4037,2729424.592,2729424.592
001226.SZ,20250801,39.0927,0.98,119.7972,3.8063,274325.4558,274325.4558
300910.SZ,20250801,1.5129,1.08,21.573,5.0248,1649543.2396,1157322.6525
000978.SZ,20250801,3.2969,0.95,,2.8559,302411.98,302404.7125
603683.SH,20250801,5.5288,1.17,98.7316,4.0928,634299.9076,566752.9229
000037.SZ,20250801,2.984,0.6,141.5153,3.7124,547308.4372,307728.6002
920175.BJ,20250801,6.4991,1.47,,2.0713,158151.0,105357.6179
601606.SH,20250801,56.358,1.74,,11.771,2556526.252,2556526.252
600084.SH,20250801,0.853,0.93,488.7841,4.8566,629287.0248,629287.0248
300170.SZ,20250801,17.9619,1.73,115.4047,3.8583,1998871.6672,1924551.3177
002323.SZ,20250801,2.1772,0.64,,8.7967,343578.533,343506.1153
920405.BJ,20250801,2.3473,0.41,58.7578,3.6976,295808.34,232180.3499
600409.SH,20250801,2.5654,0.54,28.3413,0.8311,1139520.8953,1139520.8953
688260.SH,20250801,3.5001,0.63,,14.4114,248040.0,248040.0
300761.SZ,20250801,4.1496,1.39,9.9944,1.8324,1646072.1142,1201003.4291
300385.SZ,20250801,5.9201,1.85,,9.8071,189560.0353,164721.5927
601609.SH,20250801,6.3302,0.68,22.9604,1.438,1157204.7727,1157204.7727
002177.SZ,20250801,5.1627,0.59,410.0494,2.8439,484117.663,425617.6325
605268.SH,20250801,26.1569,1.67,31.6778,2.9765,464154.6,455204.1
002486.SZ,20250801,2.0197,0.76,63.2254,2.1411,222556.437,221526.0563
300589.SZ,20250801,12.4729,0.69,,6.5794,539309.8983,330734.816
301331.SZ,20250801,10.1767,1.03,85.2997,3.6575,387079.2789,124528.6067
600550.SH,20250801,3.1996,0.65,129.243,25.1246,1583714.4928,1583714.4928
300270.SZ,20250801,4.0337,0.96,,4.3092,255568.2876,216661.4659
000798.SZ,20250801,14.9924,1.43,,8.7753,300370.0026,300345.3726
301282.SZ,20250801,7.3096,0.55,47.46,2.3437,392812.7768,187482.0306
300388.SZ,20250801,1.6396,0.93,13.6716,1.1014,491031.4486,490362.0123
601058.SH,20250801,0.7877,0.54,10.4847,2.1589,4264666.0359,4264666.0359
601798.SH,20250801,9.1901,2.14,,2.4329,302412.5529,302412.5529
301055.SZ,20250801,2.2038,0.77,97.6549,4.7114,296556.0,296556.0
000009.SZ,20250801,1.4391,0.7,87.0769,2.3303,2354822.35,2351906.6845
002848.SZ,20250801,2.1523,0.96,,9.2933,125195.35,123029.2278
002221.SZ,20250801,2.8109,0.82,36.7983,1.4582,1621835.4722,1503255.668
603322.SH,20250801,8.3366,1.27,,20.9108,581968.0376,581968.0376
603091.SH,20250801,2.3945,0.73,19.3718,3.2637,645024.545,129004.9178
688113.SH,20250801,2.3765,0.55,26.4945,2.6413,245225.9047,245225.9047
300765.SZ,20250801,2.089,0.8,,20.6418,7591824.8623,6740426.5058
301010.SZ,20250801,11.2037,1.56,69.4553,2.4306,199584.0,199584.0
688205.SH,20250801,17.5206,1.34,113.6606,4.6554,1045474.598,590063.5336
300375.SZ,20250801,2.7452,0.62,54.6227,1.6832,379200.1666,253569.6
002316.SZ,20250801,2.2101,0.64,176.3696,28.1194,207567.36,179914.68
603305.SH,20250801,2.9075,0.81,35.7172,1.9771,1266957.4012,1266957.4012
001230.SZ,20250801,9.331,1.25,20.3039,1.624,299431.7456,121296.3125
600737.SH,20250801,0.939,0.59,14.3677,1.7858,2083238.1741,2083238.1741
688390.SH,20250801,9.164,2.73,,3.9178,1069320.8688,1069320.8688
300394.SZ,20250801,12.2323,1.16,59.8084,20.4814,8386762.6321,8369895.5294
920682.BJ,20250801,3.9437,0.52,26.2512,3.113,335512.32,194727.4523
688302.SH,20250801,4.3312,0.65,,5.1895,603896.1322,497160.7169
300564.SZ,20250801,19.9604,0.55,50.8122,2.44,288592.8928,202506.4812
601009.SH,20250801,0.7813,1.02,7.017,0.8508,14440646.5422,14440646.5422
603300.SH,20250801,8.9923,0.61,33.7214,3.3767,2153883.9449,2153883.9449
002195.SZ,20250801,4.2677,0.57,,3.3001,3232216.1767,3192719.1758
301295.SZ,20250801,7.872,1.23,95.1196,2.7023,254520.0,74235.0
002573.SZ,20250801,1.5975,0.91,,0.9703,575452.9859,570849.8503
002374.SZ,20250801,1.6931,0.68,,3.4331,303858.5992,303858.5992
300792.SZ,20250801,10.4829,1.47,84.3657,2.1498,613444.728,550249.6794
688155.SH,20250801,4.8443,0.44,28.7515,3.3537,669683.2002,669683.2002
603332.SH,20250801,6.408,0.61,51.8063,2.4402,300722.5858,300722.5858
301397.SZ,20250801,10.6558,1.85,39.3545,2.5755,486135.2305,220914.1432
002645.SZ,20250801,14.2399,0.46,,2.5236,821127.3339,724161.3276
002867.SZ,20250801,1.3547,0.71,15.216,2.4445,1401346.7959,1393113.974
300369.SZ,20250801,5.5682,1.9,,2.6383,650637.141,649756.8334
600858.SH,20250801,4.1386,0.82,60.2894,1.0872,294357.6894,292932.1844
920394.BJ,20250801,3.2736,0.86,52.1211,8.2831,621562.5,203803.4375
301581.SZ,20250801,27.2197,4.05,42.2432,4.6744,456560.0,114140.0
603095.SH,20250801,3.5357,1.01,32.9187,1.6816,394893.6068,394893.6068
600150.SH,20250801,1.8642,0.82,34.9139,2.976,15152588.6321,15152588.6321
300536.SZ,20250801,4.9947,1.38,,5.4607,282729.7602,282696.1234
605319.SH,20250801,2.1699,0.71,19.3192,3.134,763187.9513,652156.1913
300595.SZ,20250801,3.1208,0.56,29.9462,3.472,1615762.752,1205296.0523
603255.SH,20250801,9.3526,1.53,,2.7953,441391.6561,198954.1382
000561.SZ,20250801,16.0987,1.77,,2.7257,867474.311,604197.2283
600428.SH,20250801,2.0302,0.6,11.34,1.14,1843914.5054,1442549.3181
300546.SZ,20250801,13.7929,0.76,238.9445,4.6057,500362.2446,359664.823
600531.SH,20250801,10.779,1.88,10.7016,1.7013,927809.8559,927809.8559
002498.SZ,20250801,1.3428,0.62,19.337,1.4028,1154398.212,1154398.212
000599.SZ,20250801,1.992,0.66,,2.7153,404295.6986,404288.8304
688560.SH,20250801,3.4431,1.26,,1.1044,300141.1597,300141.1597
002863.SZ,20250801,2.5918,0.99,46.5033,1.1226,311131.9645,311131.9645
002743.SZ,20250801,4.9679,1.4,50.4252,0.8114,262466.8922,262046.2997
601700.SH,20250801,1.3772,0.59,,2.0387,532286.9622,532286.9622
603378.SH,20250801,4.8994,1.02,,2.1062,256300.7919,256300.7919
002919.SZ,20250801,2.7647,0.79,294.38,5.2382,430972.6487,426885.0409
601319.SH,20250801,2.5151,0.63,7.7183,1.2918,36086776.3157,28966169.3717
600610.SH,20250801,7.8581,0.87,1312.8543,163.1887,1321952.8626,874568.754
002215.SZ,20250801,5.058,0.57,15.3062,2.818,1158985.5804,904568.584
600694.SH,20250801,1.5184,0.56,11.4729,0.7804,674669.5863,668054.1863
600121.SH,20250801,4.5943,0.28,26.5466,2.7402,500767.3476,500767.3476
920367.BJ,20250801,34.242,1.21,140.9677,4.2242,199474.4188,117615.9556
000752.SZ,20250801,2.2308,0.53,74.6023,7.3862,241339.0193,241339.0193
301272.SZ,20250801,6.4226,1.61,35.2559,2.2796,225818.878,120928.01
603014.SH,20250801,9.249,0.64,35.4213,2.4235,1620892.62,150163.5928
301606.SZ,20250801,7.5687,1.35,40.6657,7.3913,2075793.7594,1095738.5939
601162.SH,20250801,16.0259,1.14,136.2923,1.8453,5050602.5676,4315547.2171
603800.SH,20250801,9.7102,1.05,105.2864,8.5253,659360.0,659360.0
300740.SZ,20250801,5.2851,0.78,58.6631,3.1759,655986.9635,603864.6933
603822.SH,20250801,2.7699,0.34,,8.1225,460648.0125,460648.0125
301418.SZ,20250801,4.2047,1.26,118.9669,1.7056,274340.0025,110121.3255
300834.SZ,20250801,2.2488,0.86,47.5201,1.516,444569.8501,441619.4555
002876.SZ,20250801,6.9077,1.56,70.9792,2.0102,475401.4041,407227.6869
301313.SZ,20250801,8.4924,1.57,,3.5628,273013.5226,175928.6869
301163.SZ,20250801,8.2695,1.01,161.0463,1.9889,219748.8,147376.1458
300172.SZ,20250801,3.2995,0.53,52.2418,1.9956,374897.34,290025.8624
300666.SZ,20250801,2.7762,0.77,36.7144,3.9706,1828855.4679,1523712.2149
000514.SZ,20250801,6.1971,0.5,51.1791,1.2355,470824.1985,470824.1985
600282.SH,20250801,1.3796,0.73,12.1669,1.0659,2780456.046,2780456.046
000166.SZ,20250801,0.9334,0.8,22.7503,1.2378,13196050.7831,11876212.3555
688566.SH,20250801,5.1807,0.68,31.6645,3.0496,685045.0213,685045.0213
600741.SH,20250801,0.652,0.86,8.284,0.9115,5548794.2118,5548794.2118
688631.SH,20250801,6.6199,0.87,121.7789,8.5637,1581245.31,627487.51
001317.SZ,20250801,29.8816,1.11,6074.8666,4.7225,376960.192,138398.8709
605305.SH,20250801,11.0983,2.05,22.7513,3.1158,807576.0,807576.0
300558.SZ,20250801,6.1022,1.24,68.6978,5.0052,2778947.033,2769968.6055
000707.SZ,20250801,1.9151,0.33,29.0083,1.3604,305407.9134,305407.9134
603138.SH,20250801,5.6695,1.44,,5.5847,449037.5009,432602.7607
600732.SH,20250801,6.0089,1.71,,8.268,2673718.7257,2320904.4438
002599.SZ,20250801,9.4696,0.56,,4.0351,492196.1232,367758.2241
920006.BJ,20250801,9.93,1.0,,9.6977,302462.12,114877.7846
002423.SZ,20250801,1.8409,0.44,29.0703,1.3274,2829441.6461,2829441.6461
600855.SH,20250801,11.9929,1.44,,4.2314,662987.9601,661710.2151
600379.SH,20250801,4.1574,0.6,48.023,5.9132,446432.5145,446432.5145
301175.SZ,20250801,3.2262,1.02,22.7138,2.2323,802174.6,338924.6
920985.BJ,20250801,3.6352,1.12,22.7097,2.3787,314737.2954,223046.2626
600838.SH,20250801,1.9811,0.34,77.793,2.2592,344357.6217,344357.6217
300300.SZ,20250801,2.6942,0.74,142.8288,21.2851,335424.0722,335399.3749
002305.SZ,20250801,4.9341,0.95,,,509859.4364,509826.3631
300769.SZ,20250801,3.7942,0.63,,1.7015,917055.4222,823988.0861
688768.SH,20250801,3.0501,0.85,35.7411,4.2286,430440.784,426893.2817
603100.SH,20250801,1.3285,0.65,13.9755,2.4218,1038719.8036,1032241.1314
300865.SZ,20250801,11.8762,0.43,4024.3563,3.8282,329426.24,233256.543
300096.SZ,20250801,1.282,0.88,,6.0232,171570.0,171570.0
600038.SH,20250801,2.6459,0.97,51.2985,1.8957,3219720.6475,2626908.6129
600128.SH,20250801,2.3144,0.55,77.1389,1.2378,260339.7125,260339.7125
603698.SH,20250801,3.3984,1.25,43.8246,2.7283,921366.81,921366.81
002730.SZ,20250801,5.6448,0.54,67.2377,3.9425,623501.5534,595863.4534
002284.SZ,20250801,2.4684,0.65,31.9021,2.7093,805619.3793,797023.4486
002537.SZ,20250801,8.4957,0.93,247.281,2.7214,1105923.7738,1101386.1598
600593.SH,20250801,13.4345,0.63,,28.3915,398636.0,398636.0
000809.SZ,20250801,3.1537,1.66,,0.9082,245787.8053,245787.8053
601882.SH,20250801,1.1995,0.7,20.4145,3.8371,1003284.0,1003284.0
000564.SZ,20250801,1.7103,0.55,,2.686,4135296.5081,3369742.0376
000617.SZ,20250801,11.8665,0.81,26.443,1.0903,11087103.3523,11087103.3523
002578.SZ,20250801,3.5841,0.72,227.3945,2.0944,320072.8924,293656.4333
300396.SZ,20250801,5.9538,1.31,113.1152,2.0259,404959.7391,404591.1264
002286.SZ,20250801,3.4388,0.52,28.8768,1.8973,399503.3664,388399.2886
002574.SZ,20250801,2.852,0.68,,0.981,300432.0,300432.0
300131.SZ,20250801,3.7812,0.79,161.3171,5.3907,954551.3869,876546.981
600829.SH,20250801,12.9312,0.48,26.6241,1.6444,481307.5355,481307.5355
001225.SZ,20250801,13.3267,0.52,56.0481,1.9716,267785.2188,87121.559
301379.SZ,20250801,3.7765,0.78,30.1773,3.6434,486029.1864,311589.7254
300343.SZ,20250801,0.9871,0.6,124.7001,2.6967,529139.7139,527778.5976
300683.SZ,20250801,25.2687,0.95,,3.2786,779606.9928,727017.0018
301182.SZ,20250801,7.9065,0.65,,4.4561,345149.7634,345149.7634
600530.SH,20250801,2.8586,0.63,219.1349,20.2716,646283.28,646283.28
603577.SH,20250801,3.2655,0.54,20.715,1.7144,321164.7277,321164.7277
920016.BJ,20250801,2.9673,0.44,72.5783,5.3518,195842.0274,67057.6038
300022.SZ,20250801,6.9949,1.35,,7.7255,418621.6019,418612.3272
603073.SH,20250801,3.4826,1.04,22.1873,1.5739,211236.0,92675.8762
301013.SZ,20250801,5.6376,0.89,,4.914,406479.1744,329091.2085
920964.BJ,20250801,5.375,0.66,529.5627,2.4988,222810.424,112900.8434
300354.SZ,20250801,3.2851,0.53,43.908,7.1511,541938.5475,318141.6
600455.SH,20250801,5.7413,1.55,53.6403,6.0229,181378.032,181378.032
600525.SH,20250801,0.835,0.6,,1.0403,416734.528,416734.528
000858.SZ,20250801,0.7062,0.57,14.3771,3.4574,46967456.8605,46965659.4418
603162.SH,20250801,2.4142,0.4,20.1196,1.9011,791980.5544,235850.5094
300322.SZ,20250801,33.5557,0.94,,9.4786,883836.3515,846229.3775
300371.SZ,20250801,5.2841,0.77,42.4756,2.351,257558.1389,172045.2877
603180.SH,20250801,5.4849,1.62,16.0362,1.1552,317152.5729,317152.5729
603001.SH,20250801,8.4576,0.74,,1.338,340432.02,340432.02
603161.SH,20250801,3.2783,0.58,27.9769,1.6823,244564.8929,239961.9275
688323.SH,20250801,2.3245,0.44,,3.5938,288000.3584,288000.3584
301602.SZ,20250801,17.94,1.44,74.4752,9.4309,1178763.1638,160589.9988
002742.SZ,20250801,1.173,0.95,,,222912.0,222838.7703
920599.BJ,20250801,2.2618,0.76,12.1403,3.5774,1046738.7,788298.6167
688365.SH,20250801,10.8447,1.23,,8.0987,764781.1325,764781.1325
603173.SH,20250801,13.7791,2.18,22.516,4.213,700800.0,216985.2
000570.SZ,20250801,2.3236,0.86,139.1145,1.2251,414947.1941,326747.1941
003021.SZ,20250801,7.0154,1.02,117.1911,8.1565,2630151.675,2257857.588
688206.SH,20250801,2.9013,0.51,,6.6279,1305533.559,1305533.559
600259.SH,20250801,5.866,0.44,386.0754,5.9708,2035437.2555,2035437.2555
300647.SZ,20250801,3.0659,0.68,,5.2527,302289.1969,301840.4565
300276.SZ,20250801,3.8449,0.5,577.7487,7.2455,1413652.3769,1029956.8513
300122.SZ,20250801,4.7758,0.51,223.3697,1.8703,5709188.5466,3373120.4015
301387.SZ,20250801,4.931,0.66,156.7567,2.5769,420543.1912,168169.2868
002419.SZ,20250801,2.6765,0.83,84.8265,1.5942,666243.2175,666166.0754
300031.SZ,20250801,4.3186,0.76,56.9696,2.6305,1017554.4689,855121.5976
600893.SH,20250801,2.0694,0.62,154.2643,2.7742,10998241.826,10996304.7515
688029.SH,20250801,3.5165,0.6,27.6522,4.1447,1578106.1922,1578106.1922
301116.SZ,20250801,2.5847,0.79,,3.0423,508693.8789,508691.3296
300885.SZ,20250801,35.7186,0.83,73.7381,6.3655,543700.5938,365935.945
688199.SH,20250801,8.1297,0.86,,1.5361,391459.7654,391459.7654
603087.SH,20250801,8.4023,1.67,44.1367,3.4214,3665897.2037,3423970.0675
600579.SH,20250801,34.4934,2.53,,2.9772,495701.7837,495701.7837
603559.SH,20250801,0.2744,0.8,,3.404,343091.817,343091.817
002658.SZ,20250801,5.6584,1.42,27.5257,2.0893,509244.5001,287284.8569
603867.SH,20250801,5.6148,2.34,22.6702,2.1613,504103.9812,504103.9812
688658.SH,20250801,7.1266,1.51,2957.9979,4.3095,1520550.0,1520550.0
688198.SH,20250801,2.2065,1.28,88.3047,12.7329,1505724.8418,1505724.8418
601126.SH,20250801,1.4772,0.73,18.2002,3.3401,1412389.26,1387957.0215
688125.SH,20250801,5.4345,0.86,,1.824,345103.8337,94781.6136
002306.SZ,20250801,1.5656,0.51,,,157427.0125,147326.83
920832.BJ,20250801,1.9361,0.63,165.0593,1.6402,121834.6735,107572.6329
600718.SH,20250801,3.6953,1.6,259.4134,1.2863,1185635.9413,1185635.9413
300530.SZ,20250801,5.8544,0.45,,42.9042,589793.1442,542881.24
688115.SH,20250801,5.0926,1.58,,3.4161,425487.94,268934.289
600814.SH,20250801,1.9691,0.75,26.8974,1.5645,567501.5217,563167.9383
601212.SH,20250801,1.8893,0.6,192.4794,1.5559,2332503.971,2332503.971
603211.SH,20250801,3.7376,0.61,102.3681,4.145,493331.52,493331.52
300317.SZ,20250801,2.951,0.82,,2.1183,339547.0576,339025.5826
300118.SZ,20250801,5.1442,1.17,,1.0466,1174214.2789,954630.8624
603518.SH,20250801,9.4203,1.38,12.1788,0.945,339968.5807,337859.9812
600691.SH,20250801,1.0509,0.54,,1.5106,579739.5963,579642.9723
001269.SZ,20250801,11.6344,1.41,,5.39,515854.7891,224953.2702
000789.SZ,20250801,2.3329,0.46,84.1852,0.7514,487215.9306,487215.9306
600435.SH,20250801,12.8527,0.89,272.7471,9.0902,2510287.9877,2510287.9877
002184.SZ,20250801,2.8482,0.71,,4.1394,470501.4907,321376.7008
601988.SH,20250801,1.3962,1.02,7.5705,0.697,178827888.5568,116974860.7395
920834.BJ,20250801,2.9143,0.47,41.8165,5.6144,154200.0064,80693.4241
600236.SH,20250801,0.6707,0.54,20.8832,3.134,5005309.9043,5005309.9043
688667.SH,20250801,2.7209,0.86,90.1948,1.7967,298040.5429,298040.5429
920978.BJ,20250801,1.8832,0.76,27.7934,6.3252,415886.6058,232648.3194
002745.SZ,20250801,2.4365,0.9,36.8894,0.952,1236310.6104,886875.1322
603871.SH,20250801,1.8954,0.58,12.3905,2.7926,1525329.6537,1525329.6537
300363.SZ,20250801,8.1596,0.48,,2.4608,1282932.551,1177059.616
600620.SH,20250801,3.1773,0.67,77.4027,2.919,427799.8414,427799.8414
600056.SH,20250801,4.3631,0.95,29.7967,1.3975,1657434.7608,1656849.4376
002431.SZ,20250801,4.652,1.27,,2.7851,416947.741,416947.741
301246.SZ,20250801,5.3255,1.21,215.9747,1.449,629610.7032,253329.9484
603699.SH,20250801,2.0607,1.36,18.4731,6.0584,2256532.2687,2215769.5258
002293.SZ,20250801,0.968,0.58,15.4613,1.7776,705642.2389,699310.4264
600098.SH,20250801,1.5447,0.78,12.9012,0.8687,2240530.0887,2235701.227
002476.SZ,20250801,1.7839,0.6,45.8221,3.1018,290088.0,290054.7963
300578.SZ,20250801,5.9902,1.19,211.555,3.6128,428262.6384,419243.1566
002495.SZ,20250801,2.7534,0.69,98.1511,2.213,246069.5328,184303.4323
688776.SH,20250801,10.4419,1.49,477.3253,5.2516,972416.0353,972416.0353
603023.SH,20250801,8.4207,1.48,1476.9702,2.827,217665.7887,217665.7887
002327.SZ,20250801,1.642,0.9,12.7492,1.7661,606889.7702,353127.9389
688305.SH,20250801,1.3386,0.69,56.3179,4.1889,765542.4653,761551.3613
001872.SZ,20250801,1.0852,0.84,11.0398,0.8304,5045542.4045,3519470.186
000877.SZ,20250801,1.8014,0.49,,0.4567,3718787.156,3718786.3715
600664.SH,20250801,4.6475,0.97,15.2996,1.8291,1017477.9899,1017477.9899
603085.SH,20250801,3.5927,0.92,,5.0274,437604.2,437604.2
002978.SZ,20250801,2.7171,0.63,16.4207,1.7177,1398506.2456,1096280.2456
688098.SH,20250801,13.5236,3.11,,2.4757,348226.112,348226.112
300432.SZ,20250801,2.6124,0.67,44.4106,4.8714,2135490.5423,2111681.1026
301221.SZ,20250801,15.72,1.15,83.7543,2.4318,478486.8018,324027.9427
002246.SZ,20250801,7.0567,0.47,747.5724,3.2457,921280.3843,921280.3843
000952.SZ,20250801,3.4862,1.16,,2.3922,243418.738,241485.2166
603215.SH,20250801,4.1679,0.39,23.4768,2.9973,339058.1036,337759.9975
301130.SZ,20250801,10.6303,1.28,74.8101,2.8888,258246.0566,197920.1404
920344.BJ,20250801,19.7188,0.78,475.7256,6.2489,380290.82,354536.8051
002832.SZ,20250801,2.1216,0.78,12.4027,1.7186,930252.5469,634751.8029
605499.SH,20250801,1.1759,0.76,37.3293,16.9685,14822970.565,14822970.565
600630.SH,20250801,2.5385,0.53,92.2596,4.7027,363681.527,363681.527
688646.SH,20250801,2.3865,1.31,153.8279,1.7505,270166.6441,167458.3809
600807.SH,20250801,2.0959,0.59,,40.7287,276890.6708,246336.7792
601328.SH,20250801,0.6006,0.83,7.156,0.6133,67244839.7937,29869907.5154
600559.SH,20250801,1.0123,0.53,19.096,3.0926,1534031.4636,1525247.3376
300420.SZ,20250801,8.7446,1.94,,1.7604,406363.6162,406332.0574
300639.SZ,20250801,8.6635,1.67,,1.0805,434448.4529,426830.4573
688382.SH,20250801,3.7172,1.58,,14.7176,2605366.9372,1881344.9792
301258.SZ,20250801,9.4354,0.7,93.3248,1.6955,322495.06,119161.696
688100.SH,20250801,1.7379,0.56,25.3712,5.0777,1684513.4096,1684513.4096
600596.SH,20250801,2.8484,0.45,,1.0935,1349597.049,1349597.049
300961.SZ,20250801,12.3785,0.7,,4.175,320522.24,274619.2589
603712.SH,20250801,3.4188,0.82,,3.7238,1610392.0,1610392.0
688079.SH,20250801,3.8811,0.64,,3.4424,465714.6642,455617.2527
601686.SH,20250801,3.6564,1.3,16.1415,1.4264,897562.7057,897562.7057
002860.SZ,20250801,3.4983,0.69,29.0231,2.0429,450360.07,437752.544
000751.SZ,20250801,2.0982,0.41,110.8075,1.4976,536389.3575,468076.4346
002580.SZ,20250801,2.692,0.5,28.1623,2.7084,603191.8917,601158.2652
605258.SH,20250801,4.6351,0.56,39.2364,2.3625,274296.0,274296.0
000028.SZ,20250801,3.3093,1.03,24.6556,0.806,1434268.2034,1231944.4158
301004.SZ,20250801,2.751,1.18,12.9021,5.7389,1002856.079,927411.0097
688268.SH,20250801,8.0011,1.37,34.2586,3.585,630638.0185,630213.4165
600742.SH,20250801,1.5836,0.7,14.7834,0.9059,759405.1534,759405.1534
300642.SZ,20250801,9.3413,0.94,70.9171,1.8967,280084.0586,237269.1024
688591.SH,20250801,5.2045,0.82,80.698,4.7168,1109827.701,765432.2112
600399.SH,20250801,2.7478,0.54,,1.7827,1104376.0,1104376.0
600015.SH,20250801,0.7539,0.86,4.7006,0.4205,12620538.2751,12202068.6185
920274.BJ,20250801,4.4509,0.58,264.0636,3.0203,144773.3345,144773.3345
688289.SH,20250801,2.5593,0.71,45.1479,1.7994,1292614.6414,1292614.6414
300823.SZ,20250801,6.2584,0.44,69.4788,2.3192,212977.9141,137867.6067
600586.SH,20250801,1.975,0.6,,1.2509,727243.93,727243.93
301592.SZ,20250801,21.48,1.77,142.3848,13.3331,1176000.0,294000.0
300545.SZ,20250801,3.2199,0.59,23.1327,2.8762,555346.5483,353077.6178
920593.BJ,20250801,6.2982,1.29,146.3094,9.752,672801.6189,571777.16
603980.SH,20250801,15.0084,1.32,95.4641,1.0659,410161.0162,410161.0162
002342.SZ,20250801,7.8802,0.67,,2.7345,665280.0,661600.17
000830.SZ,20250801,2.2828,0.54,11.7851,1.1977,2208159.3534,2201178.8624
003030.SZ,20250801,3.3829,0.92,,2.4371,238579.36,154842.7942
000156.SZ,20250801,1.4325,0.88,28.1045,1.0087,1532375.1295,1405797.3503
688657.SH,20250801,7.9241,2.74,49.2102,2.294,314141.011,193667.1682
300098.SZ,20250801,2.8481,1.03,,3.3076,875842.2666,777038.788
002181.SZ,20250801,16.783,0.77,103.1162,1.9359,824351.3035,805509.3285
000927.SZ,20250801,1.9231,0.62,33.9861,1.7312,1615444.4221,1615443.6051
603657.SH,20250801,5.8476,0.96,184.5666,4.2366,392591.9052,392591.9052
603612.SH,20250801,13.7498,1.18,21.3739,2.2536,1195450.7016,1195450.7016
603779.SH,20250801,3.1856,1.18,4900.2509,4.4544,249726.231,249726.231
300576.SZ,20250801,4.3776,0.47,110.1905,8.2107,1330280.6539,844767.0698
300527.SZ,20250801,3.376,0.18,,3.7517,996625.9884,996625.9884
688716.SH,20250801,8.1541,1.02,102.9713,4.0044,461897.28,260324.1872
000717.SZ,20250801,3.5608,0.62,,0.935,727153.677,727060.8645
688793.SH,20250801,3.8077,0.66,,7.687,286112.2999,286112.2999
300908.SZ,20250801,3.5358,1.73,25.1474,2.6282,434934.0,368149.4345
601089.SH,20250801,7.7162,0.57,26.173,3.7025,1273920.0,1273920.0
002168.SZ,20250801,2.0321,1.29,,,286219.6293,286219.6293
300230.SZ,20250801,2.6034,0.66,18.3884,1.3075,407419.9339,315541.072
000782.SZ,20250801,1.5658,0.65,,1.8383,326812.7983,251394.4605
300600.SZ,20250801,43.6171,1.02,,4.8043,479602.2024,401431.2427
002774.SZ,20250801,20.0689,1.07,31.5479,3.1217,361266.1167,302341.2863
000972.SZ,20250801,2.2837,0.48,,,248353.3124,248353.3124
000856.SZ,20250801,5.164,0.52,146.2655,6.2294,261277.0,261277.0
603896.SH,20250801,6.343,2.16,28.359,1.9834,442282.1654,442282.1654
002430.SZ,20250801,1.4314,0.51,22.9765,2.4012,2169983.0126,2168528.9473
920152.BJ,20250801,1.4556,0.69,,5.6262,226580.3595,167198.0929
688376.SH,20250801,4.9298,0.51,29.3826,3.2159,583296.0,221277.4563
002971.SZ,20250801,3.0064,0.97,80.5877,3.5337,549633.47,416706.652
301299.SZ,20250801,6.3536,0.5,61.5874,6.8487,395915.3319,233437.3831
301386.SZ,20250801,5.9008,0.93,35.7494,2.2566,322980.0,99018.7562
301587.SZ,20250801,2.5279,0.65,63.2938,1.7215,340917.0846,169970.3346
688221.SH,20250801,14.5777,0.82,,7.3502,806467.8399,806467.8399
603931.SH,20250801,3.6194,0.61,36.8823,3.4195,531024.8492,531024.8492
688567.SH,20250801,2.3345,0.59,,2.0009,1954144.1121,1954144.1121
688530.SH,20250801,3.7658,0.87,173.9761,3.3634,284239.6074,120374.0903
301363.SZ,20250801,3.2551,0.85,29.6516,3.0459,1060375.8795,291256.3525
920533.BJ,20250801,2.8941,0.73,128.054,12.9637,444182.6432,241823.5265
600301.SH,20250801,2.9836,0.48,20.1699,3.334,1383425.0766,602159.1343
600170.SH,20250801,1.6139,0.6,10.5264,0.7022,2159283.3578,2159283.3578
603589.SH,20250801,0.7841,0.53,11.9057,1.9415,1995924.6781,1995924.6781
002442.SZ,20250801,3.4952,1.48,23.2922,1.8582,334179.416,324348.4644
688169.SH,20250801,1.2993,0.57,24.2055,3.4451,4466634.882,4466634.882
600149.SH,20250801,2.9808,0.61,23.4158,8.6305,206426.88,206426.88
300478.SZ,20250801,24.3954,3.78,,29.8815,197609.88,197609.88
603216.SH,20250801,2.9282,0.39,44.8215,1.6441,286824.72,286824.72
920808.BJ,20250801,5.7194,1.09,313.9716,17.4266,1172800.0059,1141153.5284
601881.SH,20250801,2.4124,0.78,16.2648,1.6841,18566615.0307,12299323.1239
002837.SZ,20250801,23.8425,4.03,90.597,14.0566,3974488.4025,3456029.6339
600503.SH,20250801,1.3055,0.64,,1.1586,414993.11,414993.11
688008.SH,20250801,2.9403,0.99,54.9048,8.1625,9409023.0348,9409023.0348
603181.SH,20250801,4.1675,1.92,19.0494,2.5339,784148.4,784148.4
688669.SH,20250801,2.3903,0.76,,1.9026,249704.0014,249704.0014
300242.SZ,20250801,5.3778,1.18,,10.362,294433.6239,294433.4634
002366.SZ,20250801,23.5643,2.34,,3.7178,1725097.3036,1041608.9793
600031.SH,20250801,0.7655,0.51,24.4131,2.3334,16763506.5572,16762343.4932
603033.SH,20250801,0.78,0.45,,3.5978,1101282.6757,1081383.1272
603499.SH,20250801,2.1881,0.66,46.2809,5.756,472047.2484,472047.2484
603201.SH,20250801,7.1476,0.94,12.6056,1.9426,315273.908,311183.8094
002541.SZ,20250801,0.867,0.42,17.6591,1.353,1246164.0361,896090.7641
002478.SZ,20250801,1.4997,0.78,8.5988,0.8976,498245.3841,397933.2357
300638.SZ,20250801,12.0247,1.59,34.7214,5.9973,2075910.0059,1445296.8036
600660.SH,20250801,0.8205,0.71,17.6048,4.3382,14330101.7342,10998397.949
600016.SH,20250801,1.1038,0.78,6.7875,0.3869,21453385.066,17376440.3744
601619.SH,20250801,1.7286,0.62,13.5356,1.3685,910451.7392,910451.7392
300162.SZ,20250801,2.9068,0.49,,3.5726,317988.6027,259358.6292
301079.SZ,20250801,13.7948,0.66,666.6644,7.8506,373528.6304,238401.9074
601595.SH,20250801,22.6042,1.04,162.1141,10.3885,1770390.0,1770390.0
600398.SH,20250801,1.0953,0.53,14.8848,1.9232,3285094.8825,3285094.8825
920885.BJ,20250801,19.4267,1.08,235.0342,10.7029,401370.8808,207911.703
000883.SZ,20250801,0.5911,0.5,21.3131,0.8899,2963873.8959,2954768.943
600408.SH,20250801,8.7616,1.11,,1.5502,225523.2,225523.2
688096.SH,20250801,6.427,1.43,,2.5276,226359.9241,226359.9241
603269.SH,20250801,4.7479,1.0,30.7019,3.1049,313074.2928,313074.2928
301251.SZ,20250801,16.1958,0.76,101.7617,3.879,583046.8426,233554.5454
600055.SH,20250801,1.5524,0.93,78.1053,2.6384,1243011.9505,1243011.9505
001322.SZ,20250801,1.9555,0.85,98.9298,1.7917,830792.9826,142261.3952
002669.SZ,20250801,6.1946,0.78,,1.4231,387745.2,385826.0913
002510.SZ,20250801,2.2112,0.53,71.461,2.6571,655779.6054,649131.1271
688349.SH,20250801,2.3854,1.62,23.1079,2.4361,3131009.9609,598799.8058
920564.BJ,20250801,25.2932,0.56,377.4781,7.2643,226234.0937,102868.9764
002833.SZ,20250801,1.4959,0.63,13.5277,2.5796,687254.7011,467464.3585
600320.SH,20250801,1.6633,0.65,38.5548,1.5533,2386564.136,1504864.9404
688552.SH,20250801,10.9871,1.04,,4.7678,1246131.36,320827.8009
603116.SH,20250801,4.1451,0.38,,1.4777,394121.3472,394121.3472
000060.SZ,20250801,1.5351,0.72,15.8477,1.2988,1767885.633,1767859.0267
688120.SH,20250801,1.6096,0.83,36.4604,5.8282,3845401.0019,3835211.9791
300873.SZ,20250801,13.9885,1.43,17.7583,1.6935,522082.4277,377725.0468
300641.SZ,20250801,10.7626,1.62,8.2924,3.8859,1272045.3849,1272045.3849
300232.SZ,20250801,2.0538,0.93,57.8535,1.7094,781232.713,634567.4605
002367.SZ,20250801,1.3797,0.73,15.6959,1.7408,584747.4192,582429.5083
300913.SZ,20250801,21.9391,1.3,91.3537,12.5374,1534783.934,1255721.1399
603858.SH,20250801,1.616,0.89,,1.9407,2032906.3815,2032906.3815
002124.SZ,20250801,1.3594,0.59,6.903,1.7822,677689.8188,601569.5401
000582.SZ,20250801,1.3244,0.5,18.9065,1.0611,1935999.2771,1514204.5931
002422.SZ,20250801,1.1551,0.59,23.8175,2.6643,5939964.3837,4853936.3714
300505.SZ,20250801,22.1581,1.84,26.0745,2.3438,593713.8497,469500.2395
002053.SZ,20250801,1.2954,0.54,18.1968,1.3366,981497.6086,981466.5187
603237.SH,20250801,1.6715,0.45,20.5209,2.1849,342013.381,211454.2389
688729.SH,20250801,11.0548,0.7,93.1794,7.209,6115053.64,413360.7347
300440.SZ,20250801,2.9612,0.78,90.9917,3.258,512725.983,510768.2176
301199.SZ,20250801,4.0923,0.84,48.1682,2.5384,474157.04,162118.04
000632.SZ,20250801,3.4292,0.79,,1.8706,184811.2693,184796.1976
000504.SZ,20250801,2.2607,0.67,,15.4139,362035.3385,361042.3341
002001.SZ,20250801,2.0467,0.94,9.9412,2.3509,6838363.238,6757351.5398
688131.SH,20250801,5.0256,0.56,46.7529,4.0837,1155811.7502,1155161.6532
300905.SZ,20250801,6.581,0.56,47.8329,2.986,550593.5548,427729.5138
605366.SH,20250801,4.0874,0.73,,2.0637,405325.2428,405325.2428
688558.SH,20250801,2.5781,0.81,25.8646,2.2111,351912.0,351912.0
603007.SH,20250801,2.1962,0.63,,8.576,433186.6739,246916.4043
300189.SZ,20250801,10.5487,0.41,,6.9231,483328.0,418308.8549
002266.SZ,20250801,4.4442,0.31,20.1161,1.6627,1873718.4333,1757951.5762
300623.SZ,20250801,3.2719,0.86,50.5477,4.2974,2491247.2775,2173795.7269
600380.SH,20250801,3.9538,1.12,16.6331,1.6105,2299622.9062,2299622.9062
603191.SH,20250801,4.4528,0.32,87.0592,2.0211,486897.7413,483504.8013
300633.SZ,20250801,1.1509,0.53,273.6662,4.4654,1376025.4479,1376025.4479
002500.SZ,20250801,1.524,0.71,27.4991,1.2248,2207709.5014,2207709.5014
002312.SZ,20250801,2.3386,0.66,39.7617,2.2805,2117948.5919,1971528.3451
688592.SH,20250801,4.5972,0.69,,3.919,363038.2904,169252.6686
920415.BJ,20250801,4.7163,0.85,188.0483,4.4766,235356.7407,178253.4849
301320.SZ,20250801,8.5687,1.05,72.5789,3.5319,366748.8,136995.199
601330.SH,20250801,1.7568,0.82,15.7405,1.2826,993532.0952,705223.5635
603365.SH,20250801,0.935,0.71,12.7515,1.6295,463022.8605,458031.4549
603281.SH,20250801,1.0551,0.39,17.4728,2.0339,951253.335,641316.098
300005.SZ,20250801,4.3158,0.67,89.4456,3.6032,758216.4756,757883.6574
002938.SZ,20250801,6.2546,0.86,33.0578,3.9302,11937962.7324,11879926.028
002659.SZ,20250801,6.9976,1.68,,1.4925,323071.4074,323069.3824
002883.SZ,20250801,23.9517,0.46,2640.8462,2.9299,197851.1293,166514.9112
300713.SZ,20250801,12.0803,1.62,,5.402,294744.5442,161639.2094
603610.SH,20250801,11.296,1.76,27.838,1.4514,433120.719,433120.719
301512.SZ,20250801,11.889,0.94,69.2481,2.3172,236960.2962,110245.9362
920748.BJ,20250801,10.668,0.75,191.2682,14.4103,442099.14,359184.3796
688139.SH,20250801,2.0679,0.92,31.1602,2.4535,1057192.0891,1057192.0891
002521.SZ,20250801,1.0788,0.87,64.0635,1.3095,506295.1892,364158.1229
603358.SH,20250801,1.6891,0.98,156.5621,4.9709,1732412.4643,1619179.52
300731.SZ,20250801,24.9125,3.4,157.1497,6.8612,413052.7037,392556.3134
000910.SZ,20250801,1.1084,0.88,40.6107,0.6498,427517.4475,427298.377
002933.SZ,20250801,9.2266,1.06,120.0236,2.7921,422107.95,410318.9516
600867.SH,20250801,2.2198,1.15,,2.7346,1643217.4335,1643217.4335
600389.SH,20250801,2.1616,1.01,31.5245,2.451,938386.35,938386.35
002172.SZ,20250801,9.9008,1.18,111.1218,20.5668,314716.0,314526.7838
300985.SZ,20250801,2.8297,0.75,,3.4324,339079.6886,339079.6886
600495.SH,20250801,2.6246,0.42,109.9362,1.8414,599262.6795,599262.6795
301263.SZ,20250801,5.9653,1.4,176.6548,9.7206,1665822.7125,1188539.4053
301103.SZ,20250801,3.916,1.02,,1.9498,368201.6774,193600.0052
300201.SZ,20250801,1.981,0.57,23.7239,3.5474,544883.5478,542939.2821
605218.SH,20250801,2.43,0.64,81.1171,3.6296,474405.7823,474405.7823
601279.SH,20250801,4.7905,0.72,,1.5023,634314.394,634314.394
600908.SH,20250801,0.9131,0.67,5.8374,0.6261,1325587.7438,1207584.8497
001335.SZ,20250801,4.032,0.66,30.3868,3.8484,353585.6203,86618.7784
301252.SZ,20250801,11.6204,1.12,37.651,3.7666,464232.0,130565.25
300180.SZ,20250801,8.3569,0.92,133.5499,3.1363,1468724.1693,1238983.0541
605339.SH,20250801,4.0714,2.3,49.4604,2.2303,760328.7839,760328.7839
601000.SH,20250801,1.4342,0.82,13.1291,1.1962,2388149.2314,2388149.2314
002262.SZ,20250801,3.1324,0.74,18.6069,2.947,2260993.3622,1961657.9556
600138.SH,20250801,3.0688,1.12,45.6863,1.1437,711534.72,711534.72
300324.SZ,20250801,5.7168,0.78,,2.8386,815422.7608,807057.2349
920592.BJ,20250801,5.0553,0.66,304.8076,11.0125,406883.62,249964.7859
603843.SH,20250801,5.0881,0.58,,5.1231,195894.5064,195894.5064
300850.SZ,20250801,2.8954,0.63,43.9268,2.2708,1263452.9523,887639.7016
300082.SZ,20250801,2.2926,0.61,,1.8511,508713.4536,507299.388
002708.SZ,20250801,2.8356,0.62,114.1257,3.6398,600320.6288,548946.7903
600733.SH,20250801,12.6969,2.97,,10.7706,4904682.7887,4298885.2905
600119.SH,20250801,4.8838,1.68,,22.638,310845.0849,310845.0849
301321.SZ,20250801,2.9414,0.72,,2.9089,293075.82,231973.9108
688002.SH,20250801,1.3305,0.88,50.8011,5.5124,2978024.7103,2978024.7103
000860.SZ,20250801,1.7073,0.57,186.5499,1.6343,1174217.1436,1174217.1436
300257.SZ,20250801,3.1864,0.68,40.8196,2.0626,1334451.8292,1281969.6696
301628.SZ,20250801,10.3476,0.8,60.3846,6.3396,682226.3658,170557.044
600517.SH,20250801,1.1711,0.54,17.2633,1.3961,3042207.8158,3042207.8158
000572.SZ,20250801,4.5029,0.64,,4.2298,730218.5731,729160.3617
001256.SZ,20250801,5.4161,0.59,33.7541,2.7526,315744.2034,85182.0559
300493.SZ,20250801,5.082,0.84,277.0677,9.2157,1022587.2188,999481.1288
002127.SZ,20250801,1.8563,0.68,,2.1985,905847.1787,731084.9559
603333.SH,20250801,5.1318,0.97,274.1216,2.4251,503437.3447,503437.3447
600821.SH,20250801,1.0202,0.58,15.6934,1.1995,1106483.953,1106483.953
600653.SH,20250801,1.8662,0.92,68.2818,4.5475,367865.8799,367865.8799
002344.SZ,20250801,1.672,0.7,64.088,0.6786,573329.7811,572808.1911
301162.SZ,20250801,1.3949,0.68,68.8152,4.4956,673392.7342,432860.5583
920077.BJ,20250801,1.4302,0.59,83.9184,3.3046,816877.7256,440569.9756
300283.SZ,20250801,12.8798,0.68,,3.7654,319945.985,228205.863
688693.SH,20250801,5.6363,0.61,,2.9872,264305.2649,136246.3195
300654.SZ,20250801,30.7875,1.42,105.7736,5.2206,434956.3242,418946.1614
300288.SZ,20250801,8.8244,1.21,,5.0725,548478.8954,416412.1216
002437.SZ,20250801,24.6581,1.45,37.6897,4.6953,907299.0493,848954.3256
002783.SZ,20250801,4.5468,0.42,31.9223,1.9975,502353.7929,443782.1309
002732.SZ,20250801,6.8656,0.4,28.5399,1.8636,272058.15,270702.9097
002752.SZ,20250801,1.9998,0.8,13.9652,1.6155,550982.016,550897.416
603997.SH,20250801,1.2766,0.89,,3.015,1460750.3286,1460750.3286
301526.SZ,20250801,9.0124,0.82,,2.2555,1806250.585,672704.2101
000998.SZ,20250801,1.1732,0.54,420.319,2.3873,1466509.1649,1312420.4449
300135.SZ,20250801,5.7029,0.48,189.7462,4.1819,400896.0,400896.0
600410.SH,20250801,13.2297,0.7,34.6402,2.5974,1179828.2789,1179828.2789
600654.SH,20250801,1.9967,0.93,978.4173,5.1673,862982.268,694653.5238
601566.SH,20250801,2.0861,0.86,19.6654,1.2881,510852.4264,510852.4264
688023.SH,20250801,7.8582,1.15,,2.6462,641992.2781,641992.2781
603496.SH,20250801,7.2961,0.42,,6.6241,891782.7418,891782.7418
300177.SZ,20250801,3.5918,0.78,3265.0127,5.228,799237.5769,651169.6916
603966.SH,20250801,8.3178,0.42,24.4204,2.3695,430995.4956,429937.629
002739.SZ,20250801,2.7739,0.71,,3.2067,2470781.0884,2439900.9531
002125.SZ,20250801,4.493,0.43,26.4613,2.8204,830286.3794,830286.3794
003017.SZ,20250801,19.284,1.14,36.4909,2.6353,277956.0,229273.9523
600748.SH,20250801,1.7931,0.73,,0.5717,627151.3833,627151.3833
000965.SZ,20250801,6.0324,0.52,43.565,0.8289,458360.1596,458360.1596
603275.SH,20250801,5.1423,0.8,38.0802,2.8467,804111.8547,226699.0125
300838.SZ,20250801,3.8589,1.04,117.43,2.1536,211244.318,155786.7136
600323.SH,20250801,1.4051,1.18,13.1663,1.702,2242204.6515,2242204.6515
002088.SZ,20250801,1.4976,0.98,12.2087,2.1958,558790.4962,550806.8106
600103.SH,20250801,1.1955,0.42,54.7869,1.3055,513742.1507,504411.0227
920663.BJ,20250801,15.6008,0.69,36.855,9.0927,303050.4142,143227.063
600192.SH,20250801,11.666,0.81,,3.8311,436005.276,436005.276
300815.SZ,20250801,4.3181,0.49,13.5832,1.9306,799974.144,776384.733
600363.SH,20250801,3.2297,1.05,101.4379,6.0355,2559182.0414,2559182.0414
600743.SH,20250801,1.5758,0.81,,7.625,499719.4862,499719.4862
603296.SH,20250801,4.0961,0.76,25.8189,3.6322,8165651.0686,4593733.2382
600519.SH,20250801,0.5397,0.78,19.998,7.9577,178003228.26,178003228.26
300296.SZ,20250801,2.1709,0.78,,2.0972,1646170.1738,1380637.9363
601567.SH,20250801,4.5228,1.36,13.3597,2.8079,3185704.4704,3185609.7098
605336.SH,20250801,4.6035,0.75,79.4912,1.5681,292359.4453,292359.4453
002445.SZ,20250801,2.2598,0.81,47.1246,2.6892,591775.2752,589228.8623
002397.SZ,20250801,5.4655,1.07,103.4264,2.2619,269949.1009,221162.1328
688496.SH,20250801,3.8615,0.59,,4.1921,423450.0,223906.8096
300083.SZ,20250801,2.8247,0.79,50.2706,2.7009,1390160.2618,1246684.4037
300854.SZ,20250801,11.6837,1.44,268.4551,1.6921,166514.4,135351.216
600560.SH,20250801,2.8141,1.17,77.6391,3.9385,374606.2125,374606.2125
301180.SZ,20250801,6.0752,0.65,,4.778,625215.63,256547.6971
000903.SZ,20250801,3.9702,0.51,,3.6976,588228.2686,583759.541
301235.SZ,20250801,34.9668,1.36,36.3113,2.0241,349541.2828,233586.2167
002547.SZ,20250801,1.6791,0.35,,2366.8127,495217.0968,485010.3459
601965.SH,20250801,1.0993,0.61,21.053,2.7726,1940911.2063,1923383.3571
603729.SH,20250801,6.4796,1.36,82.532,4.4792,164741.57,164741.57
000995.SZ,20250801,6.3973,0.54,85.0494,16.5285,257419.008,257419.008
002357.SZ,20250801,5.0548,0.5,24.5772,2.0741,338254.6698,338242.5311
603701.SH,20250801,1.2671,0.64,107.5908,5.9086,470451.4218,470451.4218
300864.SZ,20250801,4.9002,1.42,20.3179,2.6508,325496.4315,325496.4315
600403.SH,20250801,5.0661,0.71,,1.711,920462.7748,920462.7748
601966.SH,20250801,1.966,0.58,13.5288,1.0101,2234768.5969,2234768.5969
603444.SH,20250801,4.3124,1.4,25.7167,5.0832,2507030.3148,2507030.3148
000035.SZ,20250801,1.1286,0.93,58.7318,0.9906,1080338.3346,1047943.0452
600197.SH,20250801,1.1473,0.56,25.5412,1.8098,692254.611,692254.611
603580.SH,20250801,1.7165,0.65,,4.5165,191828.2576,191828.2576
600516.SH,20250801,0.6235,0.53,887.7348,1.1956,1924413.8359,1924413.8359
300436.SZ,20250801,22.6383,1.02,,49.1212,1629301.41,1398643.7484
603557.SH,20250801,2.4002,0.78,,10.9969,173938.8918,173938.8918
603861.SH,20250801,2.8567,0.65,24.1509,1.4084,483201.307,471486.7181
920471.BJ,20250801,4.2573,0.99,,2.5196,133369.6,85008.063
601222.SH,20250801,0.7668,0.62,18.1425,0.7818,1194898.1105,1194898.1105
600697.SH,20250801,2.8163,0.79,,0.866,197428.3011,192821.6346
300179.SZ,20250801,3.3265,0.66,40.5541,4.3234,503887.4567,389538.457
301207.SZ,20250801,4.4259,0.44,56.7612,1.9119,1133537.865,267149.0484
002629.SZ,20250801,3.736,0.43,172.6385,61.9741,333634.734,278709.189
688557.SH,20250801,9.7914,2.2,28.0573,3.0745,349449.0836,349449.0836
002545.SZ,20250801,2.278,0.81,19.9928,1.3726,1204252.0963,1093998.4693
688629.SH,20250801,8.6655,0.82,7012.3981,17.3997,2597694.6027,1024347.4698
002992.SZ,20250801,5.694,1.64,,15.445,1086297.0218,949185.249
000422.SZ,20250801,3.9861,0.6,26.5528,2.0208,1459708.2863,1418514.0697
300466.SZ,20250801,6.2311,1.12,,7.8492,564448.523,442665.5149
600173.SH,20250801,2.2896,0.5,163.4487,1.1448,433613.365,433557.655
688484.SH,20250801,4.3219,2.29,63.3404,4.3547,1709197.1877,1177260.0117
300892.SZ,20250801,6.8538,0.55,192.0472,3.1982,333900.0,215574.1875
603321.SH,20250801,10.8624,1.02,41.3426,2.3036,270467.0,266515.715
600303.SH,20250801,2.2156,0.6,,1.9109,242679.4949,239839.4949
301525.SZ,20250801,6.4569,2.15,44.2482,2.4696,787503.2628,412499.995
000410.SZ,20250801,0.7171,0.6,970.1468,5.6053,1540407.8149,1097638.1114
300234.SZ,20250801,4.4109,0.41,105.8988,2.3703,271712.3886,185753.0038
603400.SH,20250801,25.4597,1.43,34.4067,4.5042,551000.0,107982.9082
300599.SZ,20250801,2.0999,0.6,,1.5193,304411.832,180361.982
000554.SZ,20250801,4.4988,0.62,24.2628,3.085,324535.4897,244790.908
002038.SZ,20250801,7.6997,0.94,,1.5306,856809.9,710183.0831
000158.SZ,20250801,5.0732,0.56,,6.9181,3648043.3573,3623367.2607
002122.SZ,20250801,1.9337,0.3,,3.7437,790592.7271,785438.8809
300223.SZ,20250801,2.9457,0.71,90.8335,2.6507,3205035.4822,2793368.8919
301183.SZ,20250801,20.4686,0.99,77.403,6.0665,526720.0,386000.01
600177.SH,20250801,1.0264,0.98,12.9055,0.842,3412100.1237,3412100.1237
002160.SZ,20250801,2.2996,0.84,41.7556,1.2036,445128.683,342011.5584
301439.SZ,20250801,2.6997,0.68,30.8292,2.1966,626064.8107,294844.3007
002817.SZ,20250801,3.7569,1.31,45.6329,2.6061,240774.0269,233481.6325
603876.SH,20250801,2.76,0.63,24.3789,1.2379,867652.3089,866077.0425
603611.SH,20250801,3.6707,0.61,12.3424,2.031,579086.5782,579086.5782
688053.SH,20250801,2.7782,0.67,,1.9854,318200.0,318200.0
601229.SH,20250801,0.5411,0.8,6.1568,0.6202,14592614.4925,14592614.4925
603733.SH,20250801,1.1966,0.61,15.6357,1.9711,1518554.6212,1518554.6212
688660.SH,20250801,15.1371,0.75,,3.9914,1968000.0984,1968000.0984
920021.BJ,20250801,6.1866,0.57,,3.6988,236075.987,192437.8258
300616.SZ,20250801,3.4161,1.38,,0.9689,308709.4725,214453.5828
300561.SZ,20250801,7.2335,0.48,,6.4554,387167.4105,284447.9373
688227.SH,20250801,9.1389,1.89,,2.672,350584.4078,198764.1179
002826.SZ,20250801,11.7282,0.47,113.1424,5.6142,416630.8838,380903.16
002027.SZ,20250801,0.5454,0.52,20.6572,5.9644,10846091.9942,10846091.9942
688092.SH,20250801,3.0407,0.99,32.5718,3.1768,198788.3394,198788.3394
002121.SZ,20250801,13.2261,2.5,,18.7386,1069565.9471,901550.0282
002282.SZ,20250801,2.0564,1.33,21.2519,1.1626,408299.7197,389061.732
001223.SZ,20250801,16.2881,2.72,100.6093,2.2606,428112.272,107092.272
300460.SZ,20250801,3.412,0.59,,4.8868,303268.5911,303268.5911
000638.SZ,20250801,6.6542,0.54,107.781,8.4855,125177.3935,124678.5316
002069.SZ,20250801,2.8675,0.78,,60.5439,300800.4581,300421.4501
300099.SZ,20250801,4.8238,0.95,54.5046,2.3347,532305.5141,419779.6373
301051.SZ,20250801,2.5493,0.64,,2.0149,444665.1686,352607.4455
002209.SZ,20250801,6.9497,0.54,34.4522,4.2321,312674.6376,245710.3447
601019.SH,20250801,1.3882,0.58,13.6597,1.2906,1888644.5,1888644.5
300237.SZ,20250801,3.3622,0.61,,54.2297,291266.8159,291264.0889
002212.SZ,20250801,4.8192,1.86,93.3913,1.0436,970690.5424,960751.2159
002347.SZ,20250801,3.2099,0.6,946.8611,2.998,356319.8069,348328.3281
688322.SH,20250801,3.8694,0.81,,9.9728,2903160.6419,2114913.7794
688225.SH,20250801,7.3242,1.77,,4.3735,844821.12,441635.5955
300692.SZ,20250801,2.1197,0.89,56.3381,1.2577,269986.8641,238712.1524
300768.SZ,20250801,6.907,1.94,73.4887,3.4575,1139577.399,744581.8449
600865.SH,20250801,1.8556,0.54,30.0947,1.4884,340873.7263,340873.7263
601898.SH,20250801,1.4999,0.8,8.4552,0.9941,15499377.5146,10698688.4676
301075.SZ,20250801,16.0112,0.67,,4.453,294400.0,294400.0
603170.SH,20250801,1.5875,0.72,21.9347,3.7935,506012.65,506012.65
688010.SH,20250801,2.6978,0.38,533.8978,3.0863,516205.4733,516205.4733
688119.SH,20250801,3.1049,0.86,,1.5989,475875.0,475875.0
301505.SZ,20250801,8.3885,1.34,84.1781,2.4887,242985.5809,160163.8287
301323.SZ,20250801,4.4435,0.63,33.3459,2.239,464913.3256,296908.7393
600502.SH,20250801,1.5997,0.74,6.1732,0.7725,830802.426,830802.426
301580.SZ,20250801,8.6118,0.45,32.5484,2.6212,515772.3591,348562.2413
601010.SH,20250801,2.1872,0.76,34.9039,1.1021,474936.0,474936.0
301126.SZ,20250801,39.8196,2.86,272.2779,1.6061,279964.5616,187934.8956
688581.SH,20250801,4.3975,0.63,21.7218,2.7523,644834.1366,329798.9206
688019.SH,20250801,1.8049,0.87,41.6012,8.8137,2485212.8533,2477121.1065
300125.SZ,20250801,2.8299,0.87,,,190263.5964,188719.5981
002524.SZ,20250801,3.5808,1.04,,21.5426,245753.3931,240933.927
603099.SH,20250801,4.6409,0.82,70.4632,8.4993,972012.15,972012.15
600333.SH,20250801,2.908,0.85,,1.5609,301470.1886,301470.1886
002594.SZ,20250801,1.4746,1.01,21.5118,4.7894,96459950.2377,36895018.4873
002950.SZ,20250801,2.45,1.02,16.4055,1.7045,592736.421,423067.5156
300418.SZ,20250801,10.5364,1.5,,3.258,4529327.8864,4526202.4564
002048.SZ,20250801,4.9449,0.67,16.5652,1.4199,1632549.2427,1423861.5743
300438.SZ,20250801,1.703,0.55,,2.5717,1297115.8387,1041535.63
601636.SH,20250801,1.5376,0.35,40.3085,1.2311,1655765.6991,1655765.6991
002715.SZ,20250801,7.6775,0.84,4130.0162,5.0787,240948.0,240948.0
002041.SZ,20250801,2.5002,0.6,171.7289,2.4414,877360.0,877360.0
002370.SZ,20250801,48.5855,1.22,187.4621,5.7499,551793.9722,551793.9722
603339.SH,20250801,3.873,1.07,16.8816,1.5522,395465.8217,395465.8217
603508.SH,20250801,2.181,0.71,19.3267,2.5391,1111033.5346,1111033.5346
000878.SZ,20250801,2.0782,0.58,18.9287,1.7925,2598705.9181,2598654.8889
920768.BJ,20250801,4.971,1.01,107.259,1.9639,130389.75,89971.8521
000888.SZ,20250801,5.3213,0.48,34.2656,2.9484,750851.1704,750851.1704
600725.SH,20250801,1.6405,0.71,,13.4873,396855.34,396855.34
002616.SZ,20250801,1.9588,0.58,19.093,1.6596,461538.997,292519.1428
002875.SZ,20250801,2.4582,0.52,,4.879,339974.9277,291168.753
300034.SZ,20250801,3.3733,0.6,65.6784,3.665,1372367.8115,1319872.9205
688636.SH,20250801,5.9144,0.71,106.8253,5.3094,598748.5155,598429.8359
000620.SZ,20250801,2.8681,0.75,,1.965,951234.0365,756819.7319
300130.SZ,20250801,5.6236,0.77,98.3596,3.9343,1670695.9172,1278852.8002
600851.SH,20250801,3.5157,1.2,58.1377,2.0881,882358.4419,539628.6664
920239.BJ,20250801,2.5441,0.63,28.6148,6.7858,610312.7318,233279.4835
301236.SZ,20250801,2.7417,0.75,199.3292,5.0573,5185905.8852,3702276.3469
600726.SH,20250801,2.5676,0.64,91.2166,4.7501,2008463.3973,697825.5878
600933.SH,20250801,6.2706,1.48,17.8977,2.1324,1726917.4128,1713328.1568
603767.SH,20250801,31.0314,1.74,252.8577,4.4818,614485.3165,614485.3165
300940.SZ,20250801,9.7867,1.17,104.4969,5.7931,642551.6576,425533.638
601778.SH,20250801,2.032,0.61,29.164,0.7378,1131998.7171,1131998.7171
688317.SH,20250801,4.2421,0.63,,1.3003,459257.6176,459257.6176
600378.SH,20250801,2.1234,0.74,29.7688,1.9349,3279179.034,2726461.1527
603697.SH,20250801,7.5301,1.3,31.6941,3.0027,520928.9754,520928.9754
301270.SZ,20250801,12.2719,1.85,292.3691,4.694,462800.0,342757.2005
601900.SH,20250801,3.5751,0.9,12.9898,1.5666,1270036.9354,1270036.9354
600906.SH,20250801,1.7077,0.7,33.3117,1.9154,2310440.0,1512455.2844
000058.SZ,20250801,2.051,0.54,281.3545,4.973,1000966.1463,800570.5341
600522.SH,20250801,2.6276,0.98,16.9111,1.3815,4784955.4121,4784955.4121
603185.SH,20250801,6.166,1.05,,1.1482,1355328.3152,1355328.3152
300725.SZ,20250801,14.7663,0.81,45.8464,3.3204,943726.0361,796809.5368
600753.SH,20250801,0.9075,0.59,,,153614.8857,153614.8857
002972.SZ,20250801,3.3465,0.76,32.7422,2.5258,306526.9648,165888.9686
603062.SH,20250801,3.1778,0.93,21.8528,2.5472,508572.0,178407.0576
300585.SZ,20250801,4.4197,0.88,,3.623,255811.1109,255811.1109
601717.SH,20250801,4.3005,1.74,7.513,1.4623,2990544.8828,2583127.5978
603030.SH,20250801,5.3637,0.51,,3.751,347670.4493,347670.4493
300735.SZ,20250801,7.6323,1.02,82.0216,4.3228,2064469.2534,2036624.6249
603202.SH,20250801,3.5528,0.47,13.9147,2.5451,1594880.0,324395.1231
600699.SH,20250801,4.1278,0.88,25.4455,1.9325,2530350.7307,2456712.2566
600538.SH,20250801,4.0124,0.99,,4.3766,340728.9262,340728.9262
301318.SZ,20250801,12.3578,0.78,33.3612,2.6414,482687.4891,209010.7471
300474.SZ,20250801,5.1842,0.77,,5.96,4165797.8265,3239904.2897
301501.SZ,20250801,4.5899,0.49,30.2011,3.9147,773812.8,183472.3961
300473.SZ,20250801,3.2544,0.54,93.0089,2.86,456844.6036,454051.2637
600727.SH,20250801,11.7048,0.97,17.2876,1.3454,426038.0068,425989.6468
002871.SZ,20250801,3.9188,0.87,19.7144,2.5601,264871.4344,160890.3
301373.SZ,20250801,5.1855,0.87,26.5273,2.3004,362839.1444,128691.5929
600846.SH,20250801,1.5359,0.44,15.366,1.5454,643504.3615,643504.3615
600928.SH,20250801,2.2705,1.02,6.5947,0.5132,1706666.6669,1698567.9613
920974.BJ,20250801,2.2838,0.47,92.0255,2.379,149385.6,117440.9012
002902.SZ,20250801,19.8689,2.05,,5.8951,533470.5707,403225.1984
301019.SZ,20250801,3.8703,1.37,27.1806,2.8036,287615.9914,190829.554
300640.SZ,20250801,7.4982,1.07,178.3497,2.5316,203078.7078,144149.1819
002460.SZ,20250801,2.4955,0.55,,1.7757,7298113.0244,4373155.4579
002520.SZ,20250801,4.0776,0.48,,10.3704,483908.1353,462748.9103
688111.SH,20250801,2.8577,0.95,84.7041,12.4657,14237668.2875,14237668.2875
600905.SH,20250801,0.7247,0.68,20.0779,1.382,12321277.2112,12321277.2112
600346.SH,20250801,0.8481,0.61,15.596,1.7457,10847252.7702,10847252.7702
920870.BJ,20250801,3.2844,0.55,112.0592,5.5045,242272.0,119333.2432
600104.SH,20250801,1.107,0.71,100.9434,0.6853,19944240.9437,19944240.9437
300319.SZ,20250801,14.6484,3.42,31.5597,2.3182,1053156.8427,993992.5656
603220.SH,20250801,2.8325,0.71,81.0741,4.9174,949709.5439,949709.5439
301507.SZ,20250801,17.2143,1.59,60.9371,3.7027,582966.3296,180719.5878
300695.SZ,20250801,5.4956,0.98,60.2988,3.3921,874296.7002,874296.7002
300214.SZ,20250801,2.4014,0.95,,1.3294,323753.1793,280267.4279
920522.BJ,20250801,4.9575,0.58,63.5653,8.7695,915424.2048,751000.7568
002245.SZ,20250801,4.3958,0.72,29.9913,2.3953,1676227.7113,1576391.1694
000703.SZ,20250801,0.5902,0.51,,0.9509,2157968.1053,2146606.5728
688005.SH,20250801,2.86,0.73,49.7595,1.9359,1580972.7396,1028757.8581
920039.BJ,20250801,22.1248,1.59,47.1033,4.765,245650.54,245650.3803
601398.SH,20250801,1.4863,1.46,7.4947,0.7434,271581567.9018,205444505.9547
002031.SZ,20250801,2.0349,0.62,,7.9532,1739721.975,1567958.1783
920261.BJ,20250801,1.2108,0.65,23.3837,2.9131,439610.4495,258050.9759
300341.SZ,20250801,3.4726,0.82,51.3493,4.6499,844931.0787,841530.0704
605123.SH,20250801,3.3875,0.87,33.1941,1.9947,889394.3473,889394.3473
600717.SH,20250801,1.2279,0.75,13.9403,0.6933,1342816.4816,1342816.4816
301262.SZ,20250801,7.0025,0.82,26.4054,2.9464,1078362.0,315686.9637
605068.SH,20250801,8.758,1.9,,2.0919,321361.7496,321361.7496
688033.SH,20250801,4.8576,1.44,,1.0682,382295.0453,382295.0453
603280.SH,20250801,44.8866,1.0,67.1406,4.8224,623013.1152,160580.7602
600481.SH,20250801,22.669,3.6,,2.5925,1148620.1714,1148620.1714
002845.SZ,20250801,2.2357,0.86,,1.8261,481828.5581,368096.2013
002615.SZ,20250801,3.18,0.58,12.8949,2.3184,382339.5402,250959.5297
301030.SZ,20250801,3.7494,0.86,,3.3211,370361.4939,295447.8453
920223.BJ,20250801,1.8539,0.52,,6.6248,171283.365,88844.7038
002056.SZ,20250801,3.0283,0.6,12.9103,2.5464,2493749.6094,2491213.9278
600188.SH,20250801,1.6214,0.58,9.521,2.2383,12737562.8103,7517443.1656
002459.SZ,20250801,3.0441,0.81,,1.4401,3700221.7302,3695460.0128
688188.SH,20250801,1.0641,0.96,40.3667,7.1731,3813108.9621,3813108.9621
600416.SH,20250801,3.6015,0.62,68.4741,2.416,1852918.2101,1852918.2101
300897.SZ,20250801,8.8541,1.14,51.5329,3.9706,382800.0649,239305.3326
300119.SZ,20250801,3.2293,0.8,30.0907,2.2406,990392.2785,713804.0668
603937.SH,20250801,7.1748,0.71,,1.3831,213685.1863,213685.1863
600580.SH,20250801,6.1762,0.56,41.8884,3.4598,3511640.1647,3511640.1647
600682.SH,20250801,9.4794,0.69,44.4155,0.5759,1016329.8269,879620.5076
603298.SH,20250801,1.5539,1.02,13.2083,2.7654,2746675.8668,2746675.8668
300745.SZ,20250801,3.9742,1.05,,1.4526,329865.1215,278049.3031
603936.SH,20250801,6.9828,0.61,,1.5008,644897.1581,644897.1581
002090.SZ,20250801,3.2734,0.56,57.552,2.6223,394167.8379,389681.2318
920422.BJ,20250801,3.5944,0.52,97.7983,3.0166,124495.173,93175.353
688156.SH,20250801,8.3052,1.9,,2.5925,216636.1517,216636.1517
002105.SZ,20250801,5.2174,0.89,,3.153,275308.88,272625.0373
601728.SH,20250801,0.8085,0.66,20.4851,1.5055,68172818.3308,57834147.8808
002461.SZ,20250801,2.8891,0.89,26.8053,2.2046,2268661.692,2268661.692
300501.SZ,20250801,4.0117,0.62,45.2097,2.0059,311208.9721,201323.6711
002253.SZ,20250801,1.6362,0.55,,2.005,223821.0862,206098.1482
002360.SZ,20250801,4.0091,0.55,,1.0695,215752.7712,175744.4797
300949.SZ,20250801,7.3015,1.22,,3.647,249035.2224,141594.7881
301046.SZ,20250801,3.8017,1.42,65.9619,4.0701,318755.1701,236851.3708
603988.SH,20250801,2.0546,0.6,447.0386,8.6324,549662.4,549662.4
688578.SH,20250801,1.7555,0.94,28.8837,8.1207,4431600.0,4431600.0
001391.SZ,20250801,2.1773,0.62,36.1866,3.3128,8228785.9457,578807.7852
300998.SZ,20250801,4.4677,0.56,1220.6439,2.7553,354719.6288,278461.9799
001218.SZ,20250801,3.7035,0.81,23.6574,1.1354,246687.8027,176059.0872
603619.SH,20250801,2.9499,0.61,11.3413,2.1601,888614.522,888614.522
002439.SZ,20250801,11.2311,2.88,,1.7793,2016981.3413,1207695.9884
603037.SH,20250801,2.5416,0.64,36.5161,3.6356,331876.3152,330068.5876
300078.SZ,20250801,14.7776,2.04,,8.3988,466152.7199,464274.1007
002946.SZ,20250801,2.3625,0.44,24.0203,4.7206,1396017.8734,1379849.4319
001267.SZ,20250801,20.7332,1.76,126.6795,6.65,1039802.363,763592.1143
300465.SZ,20250801,3.7929,0.79,361.3692,10.6144,678936.5162,678936.5162
600689.SH,20250801,6.6893,1.34,143.9709,5.3206,246013.4038,186297.871
301550.SZ,20250801,7.2731,1.17,75.5277,8.2326,1431034.0,874381.2881
603615.SH,20250801,1.8378,0.72,,4.7194,536598.58,536598.58
300346.SZ,20250801,2.7952,0.62,75.7914,6.4165,2155718.3805,2047782.8185
601857.SH,20250801,2.0618,1.38,9.3938,1.0254,155750852.1231,137795688.2231
603707.SH,20250801,2.9587,0.9,25.7209,2.9643,1887061.6438,1887061.6438
601500.SH,20250801,1.4841,0.42,22.8759,1.2332,740621.1325,737678.3425
001205.SZ,20250801,1.734,0.78,23.7481,1.482,303437.0615,257301.9513
300486.SZ,20250801,27.6829,2.15,,5.4065,577238.3769,561269.4114
688389.SH,20250801,2.4588,0.97,20.2309,2.974,590453.3359,590453.3359
600977.SH,20250801,11.8369,0.67,,2.3574,2557790.0,2557790.0
601218.SH,20250801,3.9491,0.88,66.8847,1.394,402148.9075,402148.9075
300926.SZ,20250801,3.5687,0.69,17.3254,4.1035,1146141.9075,747606.7725
688339.SH,20250801,1.5114,0.78,,2.1519,531178.2217,448939.8639
002561.SZ,20250801,1.8082,0.59,,1.6414,359634.995,358490.2255
002590.SZ,20250801,2.7495,0.49,32.2546,2.4555,711101.8935,678090.9051
688275.SH,20250801,3.1481,0.61,,0.9576,522887.1476,350738.2292
000513.SZ,20250801,4.4586,1.04,18.2336,2.8906,3810783.3125,2462963.8184
603136.SH,20250801,4.4766,0.84,31.2677,2.6077,336307.754,336307.754
688117.SH,20250801,7.5246,0.78,76.1068,6.4593,613962.7002,613962.7002
600938.SH,20250801,1.437,0.88,9.1477,1.6329,123292700.6345,7756060.0
300496.SZ,20250801,4.5843,1.05,66.652,2.7674,2727871.2727,2181509.8095
600085.SH,20250801,2.593,1.53,32.913,3.854,5044267.6236,5044267.6236
002953.SZ,20250801,2.293,0.58,28.0307,2.6375,487500.4019,289837.2456
920839.BJ,20250801,2.6186,0.47,29.9462,6.5148,363844.18,201611.6865
002138.SZ,20250801,2.7617,0.99,24.2161,3.7084,2300426.264,2158319.0986
002840.SZ,20250801,1.7274,0.45,31.8629,2.1015,842900.849,659572.0578
300370.SZ,20250801,1.7364,0.69,,8.7152,468047.4913,396129.32
600088.SH,20250801,3.2891,0.81,275.3626,5.3169,672123.816,672123.816
300380.SZ,20250801,5.5926,0.66,462.6899,17.4516,655232.0237,602858.979
002409.SZ,20250801,3.0111,0.85,29.6637,3.6008,2628072.6379,1758882.6089
301538.SZ,20250801,8.6143,0.76,27.0828,3.7473,480592.0,191376.5832
600558.SH,20250801,3.3507,0.7,29.3775,2.0221,487399.4232,487399.4232
002208.SZ,20250801,2.9772,0.5,461.8125,0.852,551861.5312,551718.9711
002254.SZ,20250801,1.6569,0.59,119.9253,1.2979,910360.4003,869184.0446
601068.SH,20250801,3.9239,0.55,78.8537,5.0496,1443124.917,1236282.2922
301057.SZ,20250801,4.9531,1.04,60.6945,2.8471,210778.9273,148821.7073
300120.SZ,20250801,2.7354,0.83,1779.6351,1.653,495127.5668,454659.3157
603880.SH,20250801,4.56,0.72,,7.1461,193947.182,193947.182
603595.SH,20250801,3.9815,0.95,462.8398,2.8091,441407.9771,441407.9771
300218.SZ,20250801,2.9953,0.51,17.0467,2.39,339801.642,338688.833
000560.SZ,20250801,5.2192,0.48,128.3929,0.7429,697228.2519,667560.6286
301555.SZ,20250801,17.5626,1.06,142.5436,2.877,308724.3782,161769.8985
688619.SH,20250801,6.9639,1.45,,3.2123,278713.3771,278713.3771
300182.SZ,20250801,16.0925,3.37,64.5448,1.9554,1627597.4612,1380590.1409
603956.SH,20250801,1.9858,0.64,,1.947,386966.3682,386966.3682
688287.SH,20250801,1.3206,0.78,,2.2755,187110.378,187110.378
001222.SZ,20250801,7.8558,1.05,24.3986,2.8214,373571.73,153713.0053
301596.SZ,20250801,6.6777,1.45,67.2969,8.1507,671183.7794,301368.304
600261.SH,20250801,1.8528,0.63,21.1951,1.3167,447242.7436,447242.7436
688182.SH,20250801,6.1377,0.95,156.2838,4.7402,1029600.0,1029600.0
000629.SZ,20250801,1.4179,0.51,209.2404,2.0105,2491051.9721,2489792.554
300433.SZ,20250801,2.3408,0.88,31.356,2.2812,11738374.8371,11113228.4089
000813.SZ,20250801,31.0174,2.3,,1.9972,985639.6038,985477.4538
603004.SH,20250801,4.8888,0.57,33.5288,2.6575,526622.72,131655.68
600722.SH,20250801,4.129,0.49,76.3982,3.3668,408191.8056,408191.8056
000600.SZ,20250801,3.058,0.62,18.0577,1.2228,1306314.1495,787016.7325
600322.SH,20250801,1.6179,0.74,,,318441.6,318441.6
600448.SH,20250801,5.9288,0.96,,1.749,210989.5868,210989.5868
688253.SH,20250801,4.1758,0.82,22.543,2.2241,441988.0968,222877.7925
002487.SZ,20250801,4.4873,1.96,32.1396,2.8115,2095006.6115,2072573.0738
300263.SZ,20250801,6.9733,0.67,65.1343,2.5522,788690.4097,736826.3297
603421.SH,20250801,2.456,0.92,,1.4813,444141.738,444141.738
688006.SH,20250801,2.1561,0.63,45.2184,2.3385,1217003.0584,1217003.0584
603258.SH,20250801,4.4273,1.01,,2.5269,553915.639,547635.1165
300146.SZ,20250801,1.2788,0.76,52.9267,1.8487,2015501.8357,1339034.6649
920505.BJ,20250801,7.0017,0.5,161.5549,12.5187,407434.2121,227857.0367
601801.SH,20250801,1.9866,0.65,16.691,1.1431,1331393.2412,1331393.2412
920221.BJ,20250801,5.2706,0.83,41.9338,6.0897,228830.88,121800.3986
300879.SZ,20250801,7.1517,0.97,38.8394,4.5884,640187.5088,635852.981
603190.SH,20250801,4.5869,0.89,39.6891,1.3351,282480.0,95382.8559
688711.SH,20250801,6.7115,0.74,,5.513,570529.6158,570529.6158
920833.BJ,20250801,8.1496,1.49,54.6685,2.7569,168179.12,127557.1035
601991.SH,20250801,2.8733,0.38,11.5557,1.9357,6255268.1504,4189878.1178
002129.SZ,20250801,2.0681,0.87,,1.1461,3331527.397,3328971.3679
300645.SZ,20250801,4.5227,0.59,247.4138,2.5793,261609.8004,256480.6437
600572.SH,20250801,2.4059,0.94,19.851,1.8646,1182625.2166,1179463.2876
300386.SZ,20250801,4.7599,0.56,,5.2756,785086.632,466148.0573
600233.SH,20250801,6.6201,2.05,13.7036,1.7395,5380015.7151,5380015.7151
603319.SH,20250801,3.4797,0.49,50.3559,3.6802,881110.8634,881110.8634
603110.SH,20250801,2.6919,0.68,215.6741,4.4336,308480.5802,308480.5802
603160.SH,20250801,1.5521,0.75,53.8544,3.897,3428627.9163,3428627.9163
301217.SZ,20250801,27.4609,0.79,,3.8649,2081658.031,2081658.031
300419.SZ,20250801,4.0996,1.52,,4.8522,214400.4479,214400.4479
301073.SZ,20250801,7.0776,0.87,184.7581,4.5614,432264.6753,396093.0285
603991.SH,20250801,8.7696,1.53,,26.0031,555062.1301,555062.1301
000803.SZ,20250801,13.3818,2.63,98.7349,2.2045,321214.0267,313575.266
688105.SH,20250801,2.9198,0.73,,2.5915,995529.5636,995529.5636
601868.SH,20250801,3.3054,0.36,12.5656,0.9867,10714629.0545,8334183.0025
600779.SH,20250801,1.0289,0.48,15.0235,3.7643,2020700.7557,2020700.7557
601456.SH,20250801,2.5702,0.72,63.6572,1.2511,6316819.2003,2656716.0828
002664.SZ,20250801,6.6872,0.71,,2.533,863751.2,851851.0022
603301.SH,20250801,2.8374,1.05,16.2874,1.0682,591255.2172,591255.2172
300377.SZ,20250801,3.8324,0.64,,7.3331,1830194.506,1629718.8414
301590.SZ,20250801,5.472,0.57,26.1091,3.4092,640962.0,124599.3807
000517.SZ,20250801,3.6695,0.91,,1.0199,595393.5047,466001.4598
002546.SZ,20250801,2.7085,0.66,12.297,1.4462,480412.2793,461509.6873
