ts_code,trade_date,turnover_rate_f,volume_ratio,pe_ttm,pb,total_mv,circ_mv
688519.SH,20251013,9.0298,1.41,233.289,7.4269,1918079.0863,1918079.0863
300818.SZ,20251013,7.8832,0.53,96.6268,2.6796,474757.3351,307974.025
600798.SH,20251013,16.2744,1.66,3847.6523,1.2567,489852.8856,489852.8856
300464.SZ,20251013,18.8436,0.71,,29.8094,374954.304,291025.6508
601528.SH,20251013,1.2367,1.69,5.332,0.5483,1049756.3463,927934.2478
601588.SH,20251013,3.1241,1.11,,0.7968,646467.84,510720.0
301201.SZ,20251013,3.4603,0.69,,2.3095,490906.9636,344411.0766
603967.SH,20251013,5.8493,2.28,15.5832,1.7792,408026.7177,408026.7177
000159.SZ,20251013,5.3885,1.38,,1.3756,281201.3059,281193.6278
688030.SH,20251013,3.1466,1.29,,4.3608,361366.5996,361366.5996
002418.SZ,20251013,10.4164,0.72,,3.7219,534108.0,534106.7489
603660.SH,20251013,5.0801,0.92,,4.8719,462003.6163,458431.5491
301189.SZ,20251013,5.0209,1.49,,1.8381,389811.7613,374277.1167
600778.SH,20251013,4.9847,0.83,276.5729,8.8697,204026.8356,203845.7477
688665.SH,20251013,6.5321,1.14,38.5544,5.4506,599599.5724,599599.5724
300881.SZ,20251013,5.0174,0.99,20.8934,3.8105,391050.0,204079.2188
002120.SZ,20251013,3.25,1.27,15.1986,1.0584,2130912.161,2069119.6724
688680.SH,20251013,5.6806,0.81,,2.9685,388862.5675,388862.5675
600817.SH,20251013,2.5032,0.9,23.6884,2.7288,621832.8674,617098.9074
920810.BJ,20251013,4.1888,0.9,,6.1186,143082.8,93112.0571
002542.SZ,20251013,2.9973,1.01,,9.7952,653814.2592,636675.2048
300608.SZ,20251013,3.4648,1.01,,2.8655,408086.5305,354293.648
300889.SZ,20251013,5.4603,1.33,,2.9147,436049.6184,289806.6184
603108.SH,20251013,2.7108,1.1,,2.2095,921209.3074,921209.3074
002850.SZ,20251013,5.1251,1.18,29.9068,3.9536,4763916.5428,3429798.5777
002777.SZ,20251013,5.3156,1.62,86.0159,4.8236,791151.7516,783943.2696
600211.SH,20251013,4.7594,0.99,15.3798,3.9488,1531016.181,1531016.181
688345.SH,20251013,10.2137,0.9,,3.4904,377186.4855,372900.0
002388.SZ,20251013,2.4282,1.08,,2.6951,265052.0544,262729.9939
688788.SH,20251013,10.5371,1.38,,4.8922,1011055.5596,1011055.5596
002256.SZ,20251013,5.6826,0.77,,5.2545,628092.6051,614594.4673
002896.SZ,20251013,8.8224,0.92,234.2996,14.9215,1766149.2353,1766149.2353
000767.SZ,20251013,3.8661,1.23,16.1836,1.4586,892313.2435,844551.4664
600123.SH,20251013,3.0895,1.51,43.6967,0.6154,976758.1339,976758.1339
600099.SH,20251013,3.5828,1.42,105.4922,4.2675,227008.32,227008.32
920819.BJ,20251013,1.8346,1.18,,1.0174,518513.4,510775.6725
688466.SH,20251013,3.1975,1.23,38.7734,2.227,255102.6198,255102.6198
603815.SH,20251013,8.671,1.23,52.7868,3.6866,881967.0349,881967.0349
300443.SZ,20251013,7.4894,0.95,33.1594,1.5283,949519.2177,720067.8175
603938.SH,20251013,4.1788,1.36,91.2133,2.2815,560927.5126,560927.5126
688208.SH,20251013,3.1875,1.06,34.6115,8.1364,2543346.1586,2543346.1586
300422.SZ,20251013,3.5997,1.13,,2.1776,276016.1611,264420.6271
300127.SZ,20251013,36.4943,1.97,81.881,8.8088,1251868.9986,894181.7264
002653.SZ,20251013,1.6961,1.02,157.9145,13.9692,5677984.1079,2441191.8586
600169.SH,20251013,3.7445,0.48,44.4207,1.6966,897023.6496,893281.922
002692.SZ,20251013,2.9847,1.11,56.4176,3.2621,392107.716,391869.1004
000688.SZ,20251013,5.4992,1.09,46.9947,5.0549,1716230.457,1716223.869
688066.SH,20251013,6.8767,0.7,,16.5078,890957.1991,890957.1991
688628.SH,20251013,2.9336,0.83,21.8018,3.1722,388280.6007,388280.6007
603696.SH,20251013,8.5222,0.96,64.9884,4.9441,282240.0,282240.0
300429.SZ,20251013,26.8325,3.07,,4.86,840925.2192,625057.9536
301556.SZ,20251013,10.6586,2.15,65.5143,8.8871,842310.56,191164.2286
000425.SZ,20251013,1.338,0.86,20.1591,2.2892,13363129.712,10561762.4175
600325.SH,20251013,2.3764,0.66,,0.7527,1450384.1651,1450384.1651
605376.SH,20251013,8.6025,1.06,116.3233,10.0557,1610148.0,1610148.0
600996.SH,20251013,4.2375,0.6,,4.5442,1178225.862,1178225.862
600132.SH,20251013,1.5062,1.21,23.9634,15.966,2583922.2261,2583922.2261
002096.SZ,20251013,1.9971,1.2,22.1785,2.2519,1709327.3811,965900.5054
600845.SH,20251013,5.3817,1.65,41.6718,6.595,6864032.1156,5101773.5857
000153.SZ,20251013,2.1128,1.37,21.8975,1.4314,299779.0507,291742.3507
002086.SZ,20251013,2.4244,1.1,,3.7437,509326.09,411134.3696
300020.SZ,20251013,2.1656,1.03,,0.9949,288468.1046,278290.169
605567.SH,20251013,4.0685,1.1,74.7958,1.8692,200400.0,200400.0
000506.SZ,20251013,15.3561,1.17,,21.2568,1308057.0075,1307446.7803
603527.SH,20251013,6.3887,0.84,23.4432,1.795,368954.4768,368954.4768
688655.SH,20251013,5.5782,1.34,,3.8932,265579.49,265579.49
600988.SH,20251013,7.5244,1.38,28.2325,5.256,6100319.8814,5341155.5234
002548.SZ,20251013,9.0962,1.37,83.6195,2.6358,404976.9188,393386.5596
605222.SH,20251013,5.9156,1.61,72.0386,1.7524,806809.275,806809.275
688536.SH,20251013,6.6143,1.17,,3.9999,2287448.7329,2236058.1502
000505.SZ,20251013,3.5305,1.01,229.8249,1.4617,460159.5089,400296.7527
688203.SH,20251013,2.7884,0.91,206.6186,1.9001,280709.1242,171903.4397
300722.SZ,20251013,9.0868,1.72,144.1824,14.5687,891709.3786,891709.3786
688981.SH,20251013,7.796,1.13,250.7944,7.2284,109176972.4716,27288030.1062
300584.SZ,20251013,14.1821,0.87,162.2068,6.9624,724080.0,495456.2414
003040.SZ,20251013,4.9944,0.8,,6.6629,936106.0232,927406.0237
688032.SH,20251013,3.3143,0.72,79.0241,2.3196,1366049.7305,1366049.7305
605128.SH,20251013,4.5856,1.32,61.8772,4.6611,947590.5125,947590.5125
000983.SZ,20251013,3.3833,1.08,18.9629,1.1586,4087512.7625,3340953.7409
688326.SH,20251013,3.6819,0.93,,3.8048,1493490.048,1121000.2535
688338.SH,20251013,1.7675,1.13,28.3727,1.6917,278836.0848,278836.0848
002638.SZ,20251013,4.8393,0.65,,1.7738,392190.2573,367746.6317
301195.SZ,20251013,2.8865,1.0,24.0987,1.9126,453527.8306,301204.1309
002081.SZ,20251013,2.4496,1.16,17.0057,0.6915,947950.557,944123.9454
300423.SZ,20251013,12.5103,1.16,,2.924,393033.9191,263354.7816
603102.SH,20251013,2.2855,0.96,21.3136,1.6787,273280.0,273280.0
300359.SZ,20251013,2.1944,1.15,,6.1615,346433.3818,346416.0283
002452.SZ,20251013,3.9763,1.03,20.6191,1.9626,486960.6867,404985.2602
688088.SH,20251013,3.66,0.74,109.5643,8.5189,2232513.276,2232513.276
002853.SZ,20251013,5.2933,1.6,,2.3743,220047.8854,154831.8924
002044.SZ,20251013,7.7972,3.0,74.8464,2.7087,2070640.3253,2049466.4147
000151.SZ,20251013,1.8975,1.14,,13.3485,406194.3565,370753.3728
002865.SZ,20251013,3.8012,0.89,,2.4897,1198131.6929,920825.4182
002012.SZ,20251013,3.2744,1.08,916.089,1.6832,258596.8849,258135.6293
000785.SZ,20251013,3.0101,0.98,36.3543,0.8759,1799617.1072,1704404.5111
001328.SZ,20251013,4.8679,0.97,38.3712,4.7313,667345.6488,166836.606
603823.SH,20251013,11.8406,0.97,39.9536,2.9271,700746.8458,691766.0212
000631.SZ,20251013,2.4442,1.03,74.6725,1.3107,761698.7487,761698.7487
300602.SZ,20251013,19.1115,1.44,71.8292,5.5956,2143584.8798,1456667.8681
002097.SZ,20251013,8.6064,0.84,156.3356,2.977,1387330.8878,1384854.5884
603669.SH,20251013,3.5961,1.36,,5.7712,388751.5848,388751.5848
300826.SZ,20251013,3.446,0.55,321.9286,2.2073,294720.4096,284852.711
688598.SH,20251013,3.7962,1.03,,1.4318,717410.9168,717410.9168
688266.SH,20251013,2.2577,1.2,,22.7899,2681493.9242,2681493.9242
603195.SH,20251013,1.6517,0.97,19.9943,5.5668,8183859.2882,8148295.1684
603200.SH,20251013,11.4499,0.76,140.0786,14.152,1519833.1721,1519833.1721
920237.BJ,20251013,6.4901,0.65,37.9419,4.6293,232483.0248,227491.3705
601366.SH,20251013,1.4899,1.58,321.3813,1.0323,414925.5561,414925.5561
600588.SH,20251013,9.0411,1.3,,7.1343,5385187.9166,5385187.9166
002855.SZ,20251013,4.0174,1.26,,10.6859,424581.1121,424249.5207
301131.SZ,20251013,4.6718,1.3,50.8199,2.7864,231562.2546,149231.8625
000605.SZ,20251013,2.7563,1.22,176.2042,1.145,244039.7512,244039.7512
000913.SZ,20251013,3.146,0.98,15.221,1.9765,908373.7875,799094.175
601233.SH,20251013,3.308,1.12,27.4575,0.9049,3385929.9204,3373424.5149
920357.BJ,20251013,18.9535,2.19,43.3638,6.2844,230470.24,128113.0188
000967.SZ,20251013,3.185,1.03,43.1573,1.3058,2223194.6199,2222136.2145
600062.SH,20251013,2.0563,1.04,12.7253,1.7942,1980910.5697,1969226.9795
601111.SH,20251013,1.2567,0.85,182.3855,3.163,13487629.433,8996258.6234
601216.SH,20251013,2.7134,1.01,13.7751,1.5778,4421521.1124,4421521.1124
002175.SZ,20251013,4.1376,0.97,395.0639,9.1018,592426.2573,592426.2573
688576.SH,20251013,1.0932,0.9,40.3801,1.7529,299435.8949,143414.7249
301040.SZ,20251013,8.4428,1.2,,3.0172,227602.2054,214472.8149
605186.SH,20251013,3.4385,1.14,332.7963,2.4733,266288.0,266288.0
688603.SH,20251013,4.9555,1.05,121.7862,7.9833,910489.0252,346177.7311
688321.SH,20251013,3.0979,0.74,,8.4117,1254416.0515,1254416.0515
605368.SH,20251013,2.3258,0.95,18.9322,2.1946,693911.4735,693911.4735
688359.SH,20251013,3.2335,1.46,,10.1444,634260.7164,634260.7164
603058.SH,20251013,4.9876,0.71,28.3135,3.2434,391761.9426,390781.6955
002922.SZ,20251013,14.1541,1.53,43.4833,2.6082,960020.9884,850940.3018
603786.SH,20251013,12.6341,1.34,44.0963,6.8684,3755059.5966,3755059.5966
301585.SZ,20251013,3.7941,1.23,46.6719,3.5912,339872.0,84968.0
920271.BJ,20251013,4.0515,1.03,24.5716,3.7317,217035.357,96044.7873
003003.SZ,20251013,5.04,1.27,35.0637,1.7011,216754.7158,144422.892
300424.SZ,20251013,4.797,1.61,,5.1427,391706.4907,391475.259
002533.SZ,20251013,8.8013,1.34,15.9182,2.2863,937976.6772,814910.8634
000761.SZ,20251013,2.9321,1.07,,1.5736,1503614.0982,1357214.0982
300712.SZ,20251013,3.8915,0.85,130.8719,3.7902,487432.145,485337.286
688692.SH,20251013,8.7752,2.41,66.6131,8.9668,3086582.68,1993485.6691
000935.SZ,20251013,5.1116,1.14,51.0382,2.1787,1656665.5226,1656665.5226
002150.SZ,20251013,16.8785,0.61,28.4849,3.4162,676342.7377,667559.544
301191.SZ,20251013,10.5615,0.52,109.5305,4.2183,690785.004,451261.1067
688439.SH,20251013,5.1362,1.04,77.2711,2.3954,1187000.0,1187000.0
000915.SZ,20251013,2.0472,1.06,14.5043,2.7188,755953.3706,755463.8251
300759.SZ,20251013,3.3221,0.84,40.8845,3.9588,5647548.9874,4507965.5309
601059.SH,20251013,5.5633,1.02,35.6456,3.1371,6327093.0,1349311.6
600054.SH,20251013,3.1773,0.75,26.5942,1.7699,824198.7672,580029.0
603579.SH,20251013,7.18,1.19,38.3437,2.4393,636299.5598,636299.5598
002528.SZ,20251013,1.7506,0.65,,20.4807,335629.023,294061.4816
002271.SZ,20251013,4.0389,1.5,,1.5075,3100532.4261,2485646.1467
301152.SZ,20251013,12.0553,0.8,,2.6587,365956.7016,218820.0953
688520.SH,20251013,2.5668,0.79,,,2400359.4985,2400359.4985
002823.SZ,20251013,6.0676,0.94,26.7896,2.8206,551659.8343,367782.739
301070.SZ,20251013,8.0201,0.9,,7.1593,554913.516,365032.02
000545.SZ,20251013,6.3083,0.74,,2.8122,269405.4352,269015.0452
920062.BJ,20251013,6.3215,1.74,46.8886,2.8325,213426.7993,150999.8157
600643.SH,20251013,2.551,1.35,,0.7354,876243.9279,874693.4438
600875.SH,20251013,9.5122,1.38,23.2251,1.6812,7293681.9275,4267728.2375
002299.SZ,20251013,2.915,1.17,14.1316,1.9505,2165620.0739,2135396.2084
603613.SH,20251013,2.8638,0.79,15.1307,2.5445,2151525.9096,2151525.9096
600688.SH,20251013,2.5069,1.07,,1.1885,2888677.195,2008094.899
688153.SH,20251013,6.9929,1.61,,3.9539,1562036.219,1483288.4873
002806.SZ,20251013,3.4187,1.15,32.7904,2.228,248388.1719,203529.7211
000020.SZ,20251013,14.5722,0.47,99.6704,9.782,408884.8118,261602.8246
300927.SZ,20251013,7.4761,1.15,14.0186,4.0175,382554.0,373355.6645
600257.SH,20251013,5.0197,1.59,,3.2324,256980.6584,256980.6584
002061.SZ,20251013,3.9754,1.08,8.5507,0.7376,1148337.1149,1117629.297
603816.SH,20251013,1.2313,0.91,15.9708,2.5148,2461068.7509,2433250.0281
002878.SZ,20251013,6.3398,0.92,,3.6222,461105.4395,415241.7949
605136.SH,20251013,7.1402,0.61,,1.6076,394051.164,394051.164
300291.SZ,20251013,3.9859,0.59,,1.8476,577378.3561,569463.9088
002232.SZ,20251013,6.8367,0.95,477.0955,6.0636,846103.8503,846103.8503
688279.SH,20251013,4.74,1.01,111.8111,4.8444,2424660.0839,1188886.6312
000546.SZ,20251013,4.614,1.45,,0.9759,401266.5032,359499.8863
002977.SZ,20251013,8.4178,1.65,,4.0394,430510.08,238766.6893
688065.SH,20251013,1.3706,1.03,67.3329,2.1226,3704544.382,2996229.6083
002563.SZ,20251013,5.2757,0.83,16.6095,1.3448,1511384.5798,1238936.1527
300044.SZ,20251013,3.6593,1.11,,31.9487,318533.4681,298312.7107
603219.SH,20251013,6.0642,1.04,67.3324,6.5681,1006028.8,1006028.8
002264.SZ,20251013,4.8231,0.96,19.2953,2.5976,505307.5326,459657.5326
688687.SH,20251013,3.6725,1.08,32.2051,2.5677,474541.7155,474541.7155
300615.SZ,20251013,6.0802,1.48,161.0017,4.9081,259700.0448,168339.2592
688459.SH,20251013,2.8435,1.37,35.6952,1.4535,491040.0,179623.4223
603688.SH,20251013,10.9791,1.5,128.32,4.0814,2355217.2006,2355217.2006
688582.SH,20251013,3.2784,0.94,97.4857,13.3761,3119972.1288,1940237.4088
300489.SZ,20251013,4.5182,1.22,88.808,9.7409,636461.5162,634108.853
600000.SH,20251013,1.8171,2.41,8.1708,0.5751,39224713.422,39224713.422
301156.SZ,20251013,26.1118,4.58,50.358,3.7924,267490.8825,141787.0573
601901.SH,20251013,3.7103,1.03,20.5039,1.3307,6643305.8258,6643305.8258
002026.SZ,20251013,11.3097,0.94,22.218,1.9113,696480.9956,668753.1172
688249.SH,20251013,11.6987,0.78,114.0416,3.6774,7731644.8951,4573779.5764
002412.SZ,20251013,2.228,0.8,17.0772,1.4255,321544.8,318122.955
601777.SH,20251013,4.3649,0.88,1137.4543,4.8493,5117885.2804,5117885.2804
920699.BJ,20251013,4.5191,0.65,32.2363,8.5579,266269.2508,121828.2508
301360.SZ,20251013,16.3593,0.87,161.3869,3.6397,416585.4,198842.6
000333.SZ,20251013,1.0115,0.96,12.6116,2.5423,55171621.8367,49767180.3902
605228.SH,20251013,5.1453,0.92,4053.6509,4.8054,749124.6327,743920.4337
300511.SZ,20251013,9.3155,1.46,,3.0487,421386.2735,367093.3782
301148.SZ,20251013,14.3341,0.91,74.7047,2.3053,401565.4348,131320.6348
000610.SZ,20251013,6.0319,0.64,,15.9323,287885.4476,286373.2215
300497.SZ,20251013,2.4883,0.93,,2.6261,525182.7107,429821.6198
002570.SZ,20251013,7.1026,1.61,55.6185,4.1776,697707.9931,697676.9851
600793.SH,20251013,13.7102,2.49,,17.6473,432353.3809,432353.3809
920580.BJ,20251013,11.3244,1.26,143.053,4.4157,146200.0,95036.0537
002229.SZ,20251013,4.787,1.08,,6.6318,855930.3168,850708.4192
000619.SZ,20251013,3.3113,0.58,,1.0221,261613.1168,213480.0
002790.SZ,20251013,3.9411,1.69,22.0506,1.4901,312568.4804,195001.73
300097.SZ,20251013,1.9484,1.21,,4.2394,163607.6623,153095.6405
601918.SH,20251013,4.6053,1.4,7.8896,1.0531,1686442.7118,1686442.7118
002985.SZ,20251013,11.78,1.66,345.749,4.1012,1053967.0336,557930.4386
002538.SZ,20251013,2.671,1.01,18.823,0.8606,456652.3332,456649.5448
603053.SH,20251013,6.233,1.71,19.524,2.0472,959112.31,959112.31
603679.SH,20251013,5.1093,0.89,,3.4367,269270.4728,269270.4728
600619.SH,20251013,9.3672,0.62,392.8717,4.0476,2475132.2002,1819837.0842
300679.SZ,20251013,3.579,1.04,43.1294,4.8088,2404056.38,2032403.0207
603757.SH,20251013,9.312,0.71,38.8458,3.9786,839462.6655,839462.6655
603516.SH,20251013,10.4253,1.01,5501.3684,26.0258,3599677.9528,3599677.9528
600771.SH,20251013,1.4196,1.01,101.3601,5.645,929543.6768,929543.6768
000962.SZ,20251013,8.3817,1.45,56.7233,5.1451,1394435.1082,1385489.6973
002920.SZ,20251013,4.8737,1.22,31.536,7.818,7533991.7104,7509371.7837
605500.SH,20251013,5.4474,1.63,26.4809,1.5002,383320.0,383320.0
688039.SH,20251013,14.049,0.72,,5.6278,606095.8035,606095.8035
300852.SZ,20251013,15.0779,1.17,46.5504,3.3868,586749.5499,564684.9038
002652.SZ,20251013,4.7914,0.73,,7.4844,190487.808,190487.808
920662.BJ,20251013,5.7322,0.84,115.1354,6.1775,280072.4564,78633.6177
600575.SH,20251013,1.9471,1.15,18.0906,1.1034,1321328.7621,1321328.7621
000509.SZ,20251013,3.4382,1.08,,26.2939,345547.2327,345546.1882
603081.SH,20251013,4.789,0.68,61.2711,1.8373,562768.8665,562768.8665
600200.SH,20251013,5.2327,0.71,441.2591,0.4028,71087.948,71087.948
601698.SH,20251013,5.9513,1.1,397.5983,5.7682,9086653.0212,9086653.0212
002847.SZ,20251013,6.5124,2.01,26.9525,9.8087,1868540.8012,1683190.6516
920504.BJ,20251013,4.2112,1.08,74.4907,5.9405,115916.0425,45736.3555
301536.SZ,20251013,3.2826,0.63,106.3101,8.6273,2621381.8821,1163906.23
300977.SZ,20251013,4.9946,1.24,,2.0373,280553.8579,174720.3772
300185.SZ,20251013,5.7562,0.63,203.2726,1.8747,1250938.569,1190026.2761
002746.SZ,20251013,2.9618,1.21,16.9559,1.1763,529231.3171,436450.8796
301003.SZ,20251013,4.2363,0.99,26.613,3.2489,339675.2305,262765.8179
600066.SH,20251013,2.3868,1.09,15.0244,5.4517,6577613.4315,6577613.4315
301068.SZ,20251013,1.1637,0.8,,4.7557,378443.5571,269883.0154
300870.SZ,20251013,10.0777,0.77,69.7231,8.6418,2198736.8368,2198736.8368
920082.BJ,20251013,4.2993,1.18,38.1675,5.553,285622.575,76816.5955
600782.SH,20251013,2.9839,1.18,61.3724,0.5138,1346215.329,1330610.859
301018.SZ,20251013,9.7087,0.97,115.3007,6.7632,1791065.8608,1339664.055
300259.SZ,20251013,3.7051,1.61,21.6403,1.5674,462071.5988,461965.6262
603676.SH,20251013,2.3771,1.07,19.0621,3.3963,506092.8245,506092.8245
605303.SH,20251013,13.017,0.82,,2.8771,274264.831,274264.831
301413.SZ,20251013,9.4378,1.19,170.4486,12.5091,1526214.7874,892133.1217
688539.SH,20251013,2.3366,0.67,112.7861,3.6773,631198.4,355524.4
688479.SH,20251013,2.7095,1.52,58.9948,1.5107,278965.5342,120459.5342
000552.SZ,20251013,2.528,1.09,101.9534,0.8382,1375414.9916,957524.8553
688719.SH,20251013,10.3969,2.55,238.2689,3.2475,556157.7148,432461.4764
002709.SZ,20251013,12.2462,0.79,138.8018,5.536,7138636.5035,5164356.25
920857.BJ,20251013,12.1544,0.88,274.7731,5.0464,193528.7025,193528.7025
000068.SZ,20251013,3.8709,1.4,,6.0615,375488.4561,375488.4561
301135.SZ,20251013,5.6315,1.29,70.7062,2.2569,282508.992,211872.7383
603026.SH,20251013,9.5133,0.82,,2.6002,1257516.2797,1095282.72
002079.SZ,20251013,4.3436,0.89,80.3767,2.7921,854738.8619,853936.1778
688335.SH,20251013,16.3753,0.71,,3.6239,415977.2035,415977.2035
002558.SZ,20251013,3.5855,0.92,53.7576,5.7987,7978911.5198,7978911.5198
603205.SH,20251013,2.1355,0.95,40.9955,3.082,440388.0,110097.0
600458.SH,20251013,15.0394,2.39,29.5878,2.0298,1556933.796,1353900.7828
002584.SZ,20251013,17.2461,1.3,,2.47,548933.0038,439384.0823
002318.SZ,20251013,2.7901,0.83,15.3073,3.3069,2562141.6278,2503899.1628
000823.SZ,20251013,9.2175,1.42,27.6636,1.5179,707754.9143,707724.9377
920429.BJ,20251013,2.3358,0.95,38.848,2.6786,222108.0,202107.3815
000551.SZ,20251013,2.7726,0.85,20.8939,1.9773,557443.0029,555429.7083
600792.SH,20251013,6.2486,1.29,,1.5487,442859.5164,422887.3771
603382.SH,20251013,6.2288,0.84,38.8152,3.7718,648517.3947,127093.6371
300176.SZ,20251013,3.3888,1.01,97.1893,2.8966,273807.5256,273807.5256
000016.SZ,20251013,3.2433,0.81,,6.725,1252131.6122,830228.776
300339.SZ,20251013,8.0647,1.3,352.9729,13.4246,4806339.4254,4693339.0353
600287.SH,20251013,3.7996,1.83,52.1125,1.0758,237855.6019,236743.4721
688387.SH,20251013,3.657,0.71,,3.8594,2393125.0,1411744.04
600151.SH,20251013,2.9748,1.29,,2.4718,1156007.3433,1156007.3433
000536.SZ,20251013,3.7359,1.08,,15.8489,1297269.3846,1295885.7
688269.SH,20251013,3.0235,0.95,48.149,5.1151,515365.872,515365.872
002885.SZ,20251013,31.9258,2.02,134.6843,4.0064,571905.7194,487446.0555
001388.SZ,20251013,4.119,0.97,50.2955,5.3289,732108.0,143477.6295
002289.SZ,20251013,3.1273,1.34,,43.3035,979486.7968,978438.2968
600901.SH,20251013,1.7403,1.04,10.633,1.3538,3266902.1863,3265815.1711
002353.SZ,20251013,1.5828,0.96,19.5536,2.5056,5435650.6174,3680431.812
300435.SZ,20251013,10.0854,1.28,,2.6552,826582.959,790369.7521
300084.SZ,20251013,7.1046,1.14,,3.7131,483204.7604,326330.5691
002365.SZ,20251013,14.7821,1.6,252.1033,2.7978,548993.4975,457478.4682
300653.SZ,20251013,1.6347,0.97,37.536,4.1818,356940.0,356940.0
002206.SZ,20251013,4.0317,1.16,13.9807,1.8966,722892.8908,538051.2637
603045.SH,20251013,5.5092,0.64,79.3183,2.7292,269400.4133,269400.4133
002363.SZ,20251013,4.2403,0.74,62.961,1.4799,313505.2664,312650.1416
688535.SH,20251013,14.1621,1.03,345.3895,9.8338,999667.6598,649819.3286
600640.SH,20251013,7.6047,0.51,636.8063,2.7886,1107608.7485,1107608.7485
002695.SZ,20251013,3.9183,0.9,121.9999,2.4916,690941.6227,631500.1872
301315.SZ,20251013,2.9187,0.88,91.6747,4.257,430760.0,181115.0
000628.SZ,20251013,7.0898,0.99,269.966,8.6459,1879413.8,1025592.851
003029.SZ,20251013,4.0192,1.04,,4.307,477661.1,427375.6321
300571.SZ,20251013,6.5568,0.71,,3.2761,477884.407,396057.3244
000338.SZ,20251013,1.4976,0.88,11.1664,1.39,12442994.0907,7118817.2579
688512.SH,20251013,4.2537,0.88,,3.2545,578885.9995,402467.167
002735.SZ,20251013,30.5795,2.57,,3.7279,644063.0484,472861.4779
603096.SH,20251013,2.2252,1.05,32.9573,1.4779,271761.4075,271761.4075
688596.SH,20251013,12.4034,1.75,27.6129,3.9751,1427711.2543,1427711.2543
301491.SZ,20251013,5.8323,0.61,36.9033,4.297,870879.0,182726.0698
300547.SZ,20251013,6.5759,0.77,42.6767,6.9888,866323.259,705472.3258
603391.SH,20251013,5.2778,0.5,17.7115,2.2589,470470.0,117617.5
003043.SZ,20251013,3.0455,0.81,121.3253,4.0082,683350.6626,407149.0344
300062.SZ,20251013,5.5408,1.4,,2.7054,322296.3356,223175.6243
600761.SH,20251013,3.6789,1.87,13.9123,1.7194,1825920.1601,1825920.1601
300070.SZ,20251013,1.6818,1.31,655.78,0.5856,1591027.9104,1480236.9685
300981.SZ,20251013,3.7988,1.39,,1.0582,569532.6656,521950.3193
300407.SZ,20251013,3.2808,1.42,48.7966,1.8375,342701.931,260677.0897
301307.SZ,20251013,26.9655,1.95,,2.593,770374.8,398691.4191
601727.SH,20251013,17.0803,1.2,172.2791,3.1157,16736711.002,13587043.888
600897.SH,20251013,1.488,0.94,13.8476,1.3493,600801.894,600801.894
002131.SZ,20251013,6.779,0.63,39.5974,2.8979,3812511.4098,3293394.5878
002008.SZ,20251013,5.6339,1.13,40.1452,2.4443,3842479.9187,3570494.0464
002717.SZ,20251013,2.8054,0.72,,2.955,276675.5008,245510.4106
601211.SH,20251013,1.1373,0.55,13.8758,1.0581,32948462.3744,25220273.4684
300258.SZ,20251013,5.9611,1.0,67.219,1.8256,851828.7858,829764.4089
001255.SZ,20251013,4.9224,0.96,126.9061,3.6372,265879.964,256956.676
300978.SZ,20251013,5.2714,1.17,31.9944,2.8898,462014.0937,209002.7834
688786.SH,20251013,8.1949,1.71,64.1154,6.3709,459009.6096,459009.6096
600711.SH,20251013,11.2958,0.84,17.6794,2.1066,3430578.8216,3430578.8216
603719.SH,20251013,2.4682,1.12,,2.5081,514082.0,514082.0
300730.SZ,20251013,5.5595,1.0,,15.8606,409936.2099,328642.4343
000100.SZ,20251013,3.4711,1.11,36.3871,1.4565,8923569.9898,7763503.9894
300272.SZ,20251013,3.2836,1.21,41.043,2.9896,396843.6873,301442.3377
600239.SH,20251013,3.9707,0.66,,3.2739,419084.2832,419084.2832
000759.SZ,20251013,7.7709,1.63,,3.2145,486329.7491,481288.2224
000539.SZ,20251013,4.1482,1.21,264.8151,1.0833,2483384.3254,1208000.7066
002818.SZ,20251013,1.8426,0.96,13.1071,1.6376,876445.4187,349376.2707
000548.SZ,20251013,2.2222,1.48,49.7746,1.3068,267579.6747,267557.2635
301211.SZ,20251013,2.4546,1.42,117.5548,2.1667,489009.6,489009.6
920368.BJ,20251013,2.6896,0.79,55.7479,1.6362,692132.7371,658493.681
002339.SZ,20251013,3.9127,1.45,75.1113,2.3102,401761.5424,381598.5024
300522.SZ,20251013,3.8558,0.66,423.248,5.4041,432729.9224,353087.7434
301096.SZ,20251013,3.859,0.66,,2.4764,639531.6028,484718.933
920961.BJ,20251013,6.9129,0.51,224.3363,5.1483,389954.5868,283622.9897
688353.SH,20251013,13.7087,0.9,,2.2846,759220.0,566777.741
002989.SZ,20251013,5.3142,0.57,,4.0221,616069.2562,571285.8682
301153.SZ,20251013,2.465,0.9,345.5932,4.6917,793913.805,740767.518
002880.SZ,20251013,1.714,1.58,24.3225,2.6882,611226.0,611226.0
603031.SH,20251013,4.732,0.94,56.5825,3.3785,1027431.8001,841313.2
002792.SZ,20251013,11.1635,1.32,244.4372,3.418,959578.2643,609462.5211
603040.SH,20251013,5.7153,0.74,42.531,7.5185,1029793.6303,1024423.4766
300617.SZ,20251013,8.8811,0.93,44.992,2.2071,641491.4779,538784.0773
600863.SH,20251013,1.9989,1.08,12.9632,1.6502,2741292.8806,2741292.8806
301159.SZ,20251013,9.6633,2.98,,4.5481,271962.6,186400.6521
688659.SH,20251013,4.7892,1.27,,3.1975,172640.0,172640.0
301021.SZ,20251013,18.2466,1.86,177.2658,6.6065,652883.9402,652396.8345
300102.SZ,20251013,4.6877,1.19,87.1638,2.6607,1120046.3113,1115185.6437
300568.SZ,20251013,5.9357,0.67,83.9819,1.8983,1865229.3782,1687281.4573
603068.SH,20251013,6.5456,0.86,186.7536,3.694,625467.0086,625467.0086
000882.SZ,20251013,4.7538,1.1,,0.8004,550207.7413,549838.3675
001238.SZ,20251013,3.0292,2.28,479.3023,4.7124,543510.0,512219.1115
600493.SH,20251013,4.2566,1.42,32.5374,1.6061,179248.0,179248.0
920489.BJ,20251013,6.9418,1.18,,6.4862,307851.9552,193234.8577
301371.SZ,20251013,1.7489,1.01,23.2093,2.3259,1277375.424,190412.2064
001278.SZ,20251013,3.6773,0.93,,1.7547,222843.8534,91012.6363
300797.SZ,20251013,29.1456,3.54,50.148,6.4706,777816.6816,769316.7545
600537.SH,20251013,5.7717,0.8,,15.4404,441525.7017,441525.7017
301631.SZ,20251013,9.1243,0.55,33.6892,3.5544,857194.5167,180349.2569
301333.SZ,20251013,4.5299,0.73,34.6289,2.62,494592.612,292768.7683
688368.SH,20251013,7.0775,0.81,761.4362,8.6813,1006490.7309,1006490.7309
301200.SZ,20251013,5.8713,0.84,93.5503,7.3202,3940640.2567,3902456.9314
002372.SZ,20251013,1.229,0.8,18.0842,3.498,1598406.14,1476741.5414
300002.SZ,20251013,4.0051,0.84,19.4734,3.4563,2543555.8087,2388237.5378
002063.SZ,20251013,5.4643,1.81,39.581,3.3437,1234502.208,1139672.0956
920100.BJ,20251013,8.4333,0.59,86.6554,11.064,517993.6674,120008.7685
300311.SZ,20251013,2.1985,1.22,,5.2254,312564.3896,249357.8192
003009.SZ,20251013,6.702,1.07,2604.3745,5.0141,788942.5676,788938.5568
002689.SZ,20251013,4.966,1.17,87.7786,3.448,414194.3578,414035.875
600578.SH,20251013,4.1123,1.28,10.6788,1.305,2945633.2466,2945633.2466
300685.SZ,20251013,2.322,1.0,29.4653,4.6885,884088.6132,879710.8457
600621.SH,20251013,3.913,0.78,40.0401,2.0322,1756849.2276,1756849.2276
688090.SH,20251013,4.554,1.01,651.143,5.1764,460356.1808,460356.1808
301636.SZ,20251013,4.7672,0.56,31.6077,3.2978,356510.188,84517.6928
300404.SZ,20251013,5.431,1.89,264.7871,3.7172,376302.7321,273869.8573
601155.SH,20251013,2.0887,0.67,103.136,0.5493,3394712.3983,3394712.3983
603366.SH,20251013,4.1209,1.34,38.3383,1.8161,755321.6858,755321.6858
300480.SZ,20251013,8.5525,0.84,,4.9868,633329.1356,444317.6316
603616.SH,20251013,5.8447,0.99,,8.6185,205441.95,201753.825
300088.SZ,20251013,3.7592,0.6,41.3376,1.8588,1611038.1585,1603149.8523
002261.SZ,20251013,6.1848,0.82,,17.3005,4448828.839,4047949.0218
000719.SZ,20251013,4.6681,2.03,10.3246,1.0923,1247285.37,813252.8549
601669.SH,20251013,5.4669,1.8,9.0917,0.7123,10094529.3697,7659914.1481
920212.BJ,20251013,7.1082,1.09,153.7061,3.8303,157982.9,76433.5371
301310.SZ,20251013,9.2012,0.95,59.3234,2.8153,637026.4626,234389.0064
002225.SZ,20251013,3.9636,0.87,98.5854,1.7362,697861.9665,586454.4607
002644.SZ,20251013,2.2299,1.33,81.9632,2.4436,443250.276,443250.276
301296.SZ,20251013,2.6693,0.88,24.5741,1.414,385560.0,265132.5859
002998.SZ,20251013,12.4074,0.96,57.4927,2.076,313030.3489,232164.0856
603227.SH,20251013,6.2915,1.57,20.3088,2.0996,1034183.4449,939982.817
603368.SH,20251013,3.2688,1.16,9.1402,0.9878,749457.7237,749457.7237
002292.SZ,20251013,3.4365,1.06,,4.2662,1287947.4361,886563.7004
000736.SZ,20251013,1.6567,1.08,,,361595.6261,349092.7658
002480.SZ,20251013,2.5823,1.17,,5.6017,532264.7196,531260.8186
603088.SH,20251013,7.9416,0.98,39.9741,5.2767,567698.4016,494795.1792
002995.SZ,20251013,3.0856,0.83,,3.394,305221.7056,193357.5978
300776.SZ,20251013,3.1389,0.9,30.2637,5.2458,1870892.2278,1146234.3113
600293.SH,20251013,2.2632,1.0,,2.0467,351523.9489,351523.9489
301049.SZ,20251013,7.7951,1.35,,3.2393,202738.9214,92119.4982
300228.SZ,20251013,1.919,0.81,19.7733,1.9325,436466.854,409743.5178
002791.SZ,20251013,3.5118,1.09,138.0147,1.3691,754482.8477,407801.0375
688388.SH,20251013,5.5753,0.68,,2.163,1469721.8749,1469721.8749
300554.SZ,20251013,15.3892,1.11,,4.598,297064.3118,205839.8133
605133.SH,20251013,12.523,1.14,62.2185,2.9425,1087956.9594,1082556.2715
300091.SZ,20251013,3.2283,0.77,,9.082,436325.1147,432477.7499
601033.SH,20251013,2.0808,1.3,16.4427,1.3569,1413900.0,377040.0
301038.SZ,20251013,10.0362,1.11,4145.5007,6.5257,568854.0,568854.0
301239.SZ,20251013,1.7818,1.05,,2.5636,544014.8585,544014.8585
300606.SZ,20251013,17.4571,1.06,,5.2164,338398.7824,287831.7928
301031.SZ,20251013,11.0831,1.19,40.8105,8.1769,1057163.305,737114.9722
300907.SZ,20251013,9.1508,1.18,40.1296,4.2352,337344.0,337344.0
000868.SZ,20251013,4.2254,1.34,267.952,5.9571,523309.7074,408463.9288
002371.SZ,20251013,2.696,0.75,52.1707,9.338,31555784.2386,31530536.0784
300702.SZ,20251013,2.402,1.35,57.1688,2.395,870290.8747,528122.372
001319.SZ,20251013,6.7825,0.89,29.1349,2.7794,360711.4,209182.1913
000715.SZ,20251013,4.4759,1.25,27.6131,1.5669,304264.6922,303453.2848
688789.SH,20251013,2.5422,1.08,31.4851,4.4102,1463246.1611,1463246.1611
301259.SZ,20251013,4.8726,0.88,,7.0751,584376.0,370370.9083
300452.SZ,20251013,2.5089,1.2,25.8658,3.385,302440.322,240975.2792
000571.SZ,20251013,6.823,1.19,,27.6237,473268.756,459091.6572
600581.SH,20251013,8.3084,0.96,,,721994.8968,721994.8968
000721.SZ,20251013,4.7613,0.7,,19.9292,494714.1335,441654.5855
002165.SZ,20251013,6.6802,1.5,145.3666,3.2277,655125.4248,648317.8809
300842.SZ,20251013,8.1224,0.83,51.6351,5.6109,1016436.5371,904317.0746
002263.SZ,20251013,5.5418,0.96,163.4983,2.461,679966.3562,679960.9262
603885.SH,20251013,1.385,0.76,31.0321,3.154,2887254.9643,2887254.9643
603511.SH,20251013,5.6935,0.79,54.7433,1.4469,628702.7523,625336.6575
300676.SZ,20251013,2.2866,0.96,,2.2013,2037204.1553,2026146.5768
000607.SZ,20251013,3.9064,1.15,,2.7609,429468.729,373484.1134
002870.SZ,20251013,8.1029,1.21,35.8759,2.7824,462132.6504,451236.5684
600501.SH,20251013,14.4236,1.85,,6.2398,1093518.6552,1093206.8232
300579.SZ,20251013,3.7641,0.96,,11.3773,916920.0,890698.0984
688584.SH,20251013,5.8012,0.72,124.6052,4.0491,1648340.3404,841655.8495
300080.SZ,20251013,11.5746,0.62,,1.9596,970411.0658,969105.7644
002990.SZ,20251013,3.4484,0.92,64.9213,3.0412,727658.2218,373455.6556
688593.SH,20251013,5.066,0.93,559.5151,6.2483,965011.7652,677631.6183
300326.SZ,20251013,1.112,0.54,,1.5342,424471.5077,421532.0845
002656.SZ,20251013,1.1642,1.04,,3.7218,163167.0443,154939.0649
002589.SZ,20251013,1.7342,1.3,554.3781,0.8045,430347.1947,390559.1827
002945.SZ,20251013,21.6677,3.47,84.036,6.723,4757400.0,4757400.0
600328.SH,20251013,2.5144,1.25,89.8416,0.9786,1174513.9359,1174513.9359
600970.SH,20251013,3.7447,2.01,8.0708,1.1305,2425183.0597,2082967.5761
002892.SZ,20251013,5.7212,0.98,160.2375,8.2133,1050920.1065,683253.5261
000400.SZ,20251013,9.5671,0.94,25.153,2.3916,2824639.4965,2805447.5912
603359.SH,20251013,8.0881,0.71,,1.4943,398363.728,398363.728
301028.SZ,20251013,4.5936,1.42,22.2354,3.1275,494655.9981,320015.7561
002148.SZ,20251013,4.8805,0.84,422.9271,4.3237,526566.0649,423257.1896
300220.SZ,20251013,4.4234,1.23,1119.4494,36.6627,231940.8,231663.6798
300655.SZ,20251013,16.4776,1.45,,7.3609,1769329.9755,1760578.8825
300013.SZ,20251013,9.5673,1.16,,12.0031,240094.3244,191763.4678
603535.SH,20251013,6.7996,1.62,27.4155,2.1595,562009.9529,562009.9529
300001.SZ,20251013,6.174,1.12,27.2716,3.8561,2864729.3531,2799643.2717
000887.SZ,20251013,8.3497,1.17,22.51,2.2326,3045040.7848,3040139.2163
605577.SH,20251013,5.478,0.67,27.2283,1.568,596000.0007,596000.0007
603106.SH,20251013,4.2506,1.07,57.3134,4.0022,522081.56,522081.56
688568.SH,20251013,5.0569,1.34,98.5913,9.6319,3610496.5788,3610496.5788
601101.SH,20251013,3.4503,1.34,17.303,0.9089,1082878.4404,1082878.4404
000795.SZ,20251013,18.3256,3.9,54.1115,5.2351,1330945.1369,1330945.1369
603567.SH,20251013,5.9061,0.99,,1.4722,1116021.8668,1114295.0615
301188.SZ,20251013,3.1757,1.14,72.5994,2.6856,404741.9378,404741.9378
603939.SH,20251013,1.1206,0.95,18.4545,2.8129,2972847.4967,2972302.2847
300441.SZ,20251013,2.3739,0.94,6.8692,2.1616,525198.9324,510637.5662
301349.SZ,20251013,7.0874,0.67,,1.4826,400248.0,191912.4375
603331.SH,20251013,4.9675,0.81,102.9457,1.707,223808.4291,223808.4291
301248.SZ,20251013,6.3529,0.73,,2.7048,412083.105,272315.0682
002565.SZ,20251013,4.6945,1.21,147.7313,4.2618,762132.0349,762099.6799
603345.SH,20251013,1.7809,0.98,17.1611,1.5576,2330689.5015,2051006.5644
600375.SH,20251013,8.8138,0.68,38.76,3.9326,1308106.2355,887551.5802
601699.SH,20251013,3.1593,0.97,27.7373,0.9383,4358483.2044,4358483.2044
300667.SZ,20251013,3.4593,1.05,,2.7906,314934.864,265678.2995
688787.SH,20251013,4.5238,0.5,471.645,9.5282,694463.4722,694463.4722
300755.SZ,20251013,10.9916,1.86,,2.5593,812756.88,812069.466
600163.SH,20251013,3.0487,1.72,15.6261,1.4056,974334.0252,974334.0252
301063.SZ,20251013,3.867,0.82,54.2758,1.79,277703.8866,267288.4771
688757.SH,20251013,6.8853,0.69,146.6108,14.107,1240586.1309,107797.7094
688531.SH,20251013,5.0037,1.15,76.5107,3.4869,1142266.9912,737836.5269
300318.SZ,20251013,1.6267,1.3,,3.3147,450929.0732,440793.7952
300610.SZ,20251013,2.915,1.33,26.5195,2.2226,257364.5521,192989.9747
603915.SH,20251013,8.4352,1.27,43.8079,3.0316,1112992.0536,1112992.0536
300510.SZ,20251013,4.2438,1.06,,1.6277,365337.9801,365337.9801
301226.SZ,20251013,6.8316,1.37,98.2534,3.9102,355993.6,355993.6
600337.SH,20251013,10.4407,1.06,,1.2412,329072.5734,329072.5734
920179.BJ,20251013,9.4696,1.03,95.7641,3.9475,291783.24,232200.4952
688580.SH,20251013,4.2954,1.1,39.5843,2.97,481633.8074,481633.8074
688059.SH,20251013,3.2923,0.79,53.6498,5.0754,646378.5526,646378.5526
688385.SH,20251013,5.8742,0.81,124.4565,8.624,5203741.9455,3402511.3955
002481.SZ,20251013,3.2871,1.24,74.2067,2.7075,705674.398,639583.2872
603049.SH,20251013,6.3871,1.32,12.1581,1.893,4340072.0229,420978.5888
603866.SH,20251013,2.3078,1.0,19.9613,1.6969,870247.2203,870247.2203
920837.BJ,20251013,4.9067,1.43,34.1997,4.6943,250326.0986,225699.8486
002678.SZ,20251013,4.8896,0.73,,1.8213,605810.8641,605478.2038
603233.SH,20251013,1.1753,0.88,17.9354,2.6503,1892765.2015,1892765.2015
300827.SZ,20251013,11.4742,0.54,35.1072,7.0932,1610020.0966,1228617.1931
688455.SH,20251013,2.383,1.21,,3.0343,269826.9572,193734.9572
301558.SZ,20251013,3.8178,0.85,,5.0647,681567.4567,189459.4553
300912.SZ,20251013,11.942,1.17,,3.676,196218.456,146584.1468
301511.SZ,20251013,9.6252,1.02,,5.0435,2034049.094,1208658.4931
688355.SH,20251013,6.0181,1.34,35.8532,2.2655,241218.5161,241218.5161
600019.SH,20251013,1.8743,1.09,20.604,0.7904,15857357.6973,15857357.6973
603507.SH,20251013,8.9178,0.84,68.9818,2.0073,485818.2453,479151.8013
600886.SH,20251013,2.5627,1.93,16.5857,1.746,11102233.5414,10338947.3784
688171.SH,20251013,4.1498,0.7,376.4287,5.4766,449109.1974,449109.1974
002666.SZ,20251013,4.3444,1.31,53.9575,1.1753,419215.6281,266355.4829
000409.SZ,20251013,3.0957,1.3,123.865,4.9045,767485.2517,479224.5533
600395.SH,20251013,2.7915,1.32,192.4647,1.1384,1189230.1913,1189230.1913
300906.SZ,20251013,3.3404,1.23,34.0064,2.6283,232880.0,210165.467
601890.SH,20251013,3.2945,0.59,36.9242,2.6392,951724.8,951724.8
301498.SZ,20251013,1.9374,0.91,54.4517,8.7034,3780420.525,1691757.1346
300535.SZ,20251013,4.999,1.44,,2.1367,199541.9856,145551.3676
000533.SZ,20251013,9.9729,1.57,48.1667,5.4861,498769.152,494499.5328
003031.SZ,20251013,2.8029,1.04,45.1274,4.4541,2729320.8498,2058288.1675
002009.SZ,20251013,6.1103,0.95,,3.3182,661271.3923,582177.5034
600106.SH,20251013,2.2018,0.72,43.5351,1.5644,838614.8141,838614.8141
000586.SZ,20251013,10.1633,1.42,519.5247,8.0588,267914.4,267914.4
688013.SH,20251013,3.0953,0.87,66.0815,8.1977,470864.7912,470864.7912
601800.SH,20251013,1.8563,1.15,6.7218,0.4975,14487964.1683,10482809.1303
603568.SH,20251013,1.7318,0.99,13.3241,2.6095,3605140.4217,3598617.7617
688425.SH,20251013,3.1256,1.24,19.2233,1.681,2922756.356,2922756.356
300849.SZ,20251013,4.5912,0.74,,3.407,201000.0,162767.1508
002633.SZ,20251013,3.884,1.15,678.9374,5.6481,238950.0,238024.0688
301607.SZ,20251013,6.2607,1.14,55.7725,5.3972,576765.1007,401920.7939
300543.SZ,20251013,6.1254,0.99,82.5502,2.5421,371628.4281,303491.1541
920992.BJ,20251013,3.5206,0.7,109.4205,3.322,204682.6563,59032.5425
002309.SZ,20251013,1.6716,1.19,,4.8843,884253.6232,357392.8318
688309.SH,20251013,3.2759,1.41,73.2701,2.6292,195066.1671,195066.1671
002800.SZ,20251013,8.3756,1.04,,4.4472,225943.5514,207880.5008
000755.SZ,20251013,1.7215,1.29,15.3352,1.3609,720449.3062,720449.3062
002996.SZ,20251013,7.4525,0.91,33.4355,1.6774,527516.0258,328173.4933
688486.SH,20251013,3.8857,0.49,63.5838,6.6943,978093.9732,545666.7628
600012.SH,20251013,7.0204,1.64,13.0427,1.9884,2373234.1338,1619018.4
002405.SZ,20251013,3.1616,0.83,,2.6579,2252116.3733,2238058.6581
600105.SH,20251013,29.7641,1.47,68.3108,7.1304,2381589.5325,2381589.5325
601999.SH,20251013,3.1302,0.88,28.6567,1.4468,378478.3989,378478.3989
603969.SH,20251013,4.5905,1.1,30.4041,3.6649,936219.648,920450.076
002216.SZ,20251013,1.5113,1.0,18.1276,2.129,946881.2197,678785.9586
600547.SH,20251013,5.8568,1.61,45.9282,6.6459,20099292.729,15758972.9929
001382.SZ,20251013,8.5483,0.92,66.6137,5.7172,896924.0,134974.0
002522.SZ,20251013,3.0046,1.04,55.4247,1.8651,428433.6501,428074.4028
300861.SZ,20251013,2.684,0.73,,1.7862,1121973.5348,704514.3646
600561.SH,20251013,6.1575,0.73,151.2752,2.0777,191452.8864,191452.8864
300368.SZ,20251013,27.3819,0.69,,49.1336,994942.6765,994942.6765
000553.SZ,20251013,2.0985,1.17,,0.8023,1516707.4597,1417273.8466
601600.SH,20251013,4.8188,0.96,11.8049,2.0522,14702376.6908,11282938.4131
300631.SZ,20251013,19.977,2.48,55.9618,3.4497,446905.1974,431022.4557
603199.SH,20251013,3.4285,0.82,18.3136,2.4715,390811.08,390811.08
301522.SZ,20251013,3.5306,1.29,96.0626,6.6516,1247240.8011,249448.1622
688189.SH,20251013,13.8538,1.66,,2.4446,218696.8,218696.8
002429.SZ,20251013,4.9683,1.1,21.3105,1.7948,2883661.1667,2882000.1325
000869.SZ,20251013,0.9767,0.83,53.969,1.3803,1455170.5674,985755.903
001367.SZ,20251013,5.5316,1.16,29.2671,2.6227,366750.4262,93443.316
603166.SH,20251013,8.9008,0.76,46.0244,4.7864,1187085.2919,1176994.6509
600156.SH,20251013,3.789,0.8,,8.5724,340185.6539,340185.6539
002549.SZ,20251013,26.5371,0.7,300.4719,9.2733,1899690.4655,1891526.225
688428.SH,20251013,3.3877,0.68,,6.3676,4277496.9396,650503.954
002273.SZ,20251013,5.7761,0.89,32.515,3.9339,3589221.7624,3515868.7952
600487.SH,20251013,5.1474,0.7,19.7058,1.8263,5463817.2653,5416076.1919
002881.SZ,20251013,4.531,0.76,65.9753,7.5536,1228828.9256,855155.8909
301092.SZ,20251013,14.438,3.87,42.2505,2.2913,438450.4906,197784.0953
920720.BJ,20251013,5.0103,0.98,65.6187,8.4023,411710.8694,110675.6401
600673.SH,20251013,3.3258,0.85,87.97,7.0905,6696260.0063,6678466.3876
688733.SH,20251013,3.5292,0.74,,2.3935,518216.8429,518216.8429
300143.SZ,20251013,2.389,1.07,67.6313,3.3163,828144.0224,708706.3139
002298.SZ,20251013,30.9385,0.78,,4.8249,984347.4983,878669.171
300292.SZ,20251013,3.602,1.09,58.4237,4.361,627946.0078,522262.1725
688258.SH,20251013,8.6017,1.08,210.9154,9.9728,858050.4647,858050.4647
688073.SH,20251013,2.8416,1.17,45.921,3.2753,638270.9438,303633.59
300855.SZ,20251013,6.398,1.2,63.885,5.5526,1077427.806,798012.5199
301215.SZ,20251013,7.5214,0.82,48.5472,3.008,863182.8,862204.8
002839.SZ,20251013,1.6353,1.33,5.5181,0.59,1063290.0637,1062306.5509
601916.SH,20251013,1.4404,1.32,5.5839,0.4733,8294320.0608,6506419.6608
301632.SZ,20251013,6.5916,1.01,112.8692,4.5477,1219265.28,200599.2502
000949.SZ,20251013,7.1217,0.7,47.2766,1.1307,741343.846,741144.9227
002380.SZ,20251013,9.1481,1.24,25.3915,2.991,704135.4982,415900.0453
603013.SH,20251013,5.3907,1.16,22.9607,2.7505,1217935.8513,1217935.8513
603268.SH,20251013,1.6211,1.13,73.9492,5.9945,4475287.9768,572418.168
603739.SH,20251013,2.4748,1.0,57.5202,1.9847,345131.3732,345131.3732
301178.SZ,20251013,7.6648,1.08,,5.7784,442565.536,327533.384
002446.SZ,20251013,7.7124,1.56,,3.1889,802737.1519,743418.2506
600515.SH,20251013,1.8604,0.87,157.1422,1.9826,4661526.3176,3743813.1033
300148.SZ,20251013,4.3251,1.11,58.3703,3.8424,381750.0798,368682.8745
603878.SH,20251013,20.448,1.09,104.9208,2.4715,642988.4409,642988.4409
002443.SZ,20251013,4.7663,0.82,27.4527,1.2704,436208.7658,435279.4673
301141.SZ,20251013,34.3078,3.1,276.9882,6.9674,881995.8542,316529.1342
300886.SZ,20251013,6.6878,1.14,73.8,3.7377,216540.21,126356.0385
600050.SH,20251013,3.4101,1.41,18.5123,1.0199,17289227.2058,17014054.8482
300149.SZ,20251013,3.2054,0.82,,4.5448,562699.311,536244.855
002197.SZ,20251013,2.6221,1.14,,2.6674,560913.3533,487542.011
002373.SZ,20251013,3.5927,0.73,,1.5869,1806155.1297,1574590.086
603860.SH,20251013,4.0061,1.3,41.117,2.5559,202973.92,202973.92
002003.SZ,20251013,1.359,1.07,18.8263,2.8019,1230840.8046,1070494.581
603230.SH,20251013,2.8918,1.06,12.5717,1.5807,429883.968,429883.968
301289.SZ,20251013,11.7041,1.42,52.4604,4.3693,421278.0,418858.8921
000920.SZ,20251013,6.7943,1.27,27.9255,3.2604,627640.8447,560386.12
300019.SZ,20251013,4.7672,0.95,29.2027,3.2591,846773.3718,727056.628
300024.SZ,20251013,5.328,1.13,,7.0686,3087402.5414,3036735.8547
920061.BJ,20251013,28.3919,4.82,352.8908,10.4441,288752.41,152919.2626
300772.SZ,20251013,10.6443,1.32,36.0856,2.5586,1663396.0484,1475195.4945
600392.SH,20251013,16.6042,1.51,70.0196,4.3708,4569618.868,4569618.868
600475.SH,20251013,10.2214,1.6,25.7865,1.7746,1527633.2349,1506731.3949
688543.SH,20251013,4.4442,0.92,55.1395,4.8724,1081801.705,600683.305
000898.SZ,20251013,3.3315,1.27,,0.5608,2614012.731,2220099.5823
600546.SH,20251013,3.2119,0.97,12.3365,1.2634,2014175.4382,2014175.4382
301231.SZ,20251013,4.4759,1.15,,2.2834,198340.0,126665.0
301551.SZ,20251013,4.9888,0.61,50.998,5.7884,1440036.0,556393.392
600961.SH,20251013,9.0707,1.04,18.4879,5.4293,1850705.4127,1296876.3866
603596.SH,20251013,3.4949,0.95,23.1226,4.2366,2945216.5419,2945216.5419
301137.SZ,20251013,57.3625,1.29,264.5743,7.5067,1018155.04,1008836.64
605122.SH,20251013,5.0139,1.69,,1.1338,228713.758,228713.758
301012.SZ,20251013,9.167,0.98,90.2393,4.0371,465613.823,339120.911
600828.SH,20251013,6.3662,0.83,,0.9791,687597.0708,687349.9919
600165.SH,20251013,1.4303,0.85,,,249982.5779,249982.5779
000682.SZ,20251013,4.3496,1.26,22.7363,3.143,1667864.3967,1667652.8321
920110.BJ,20251013,3.623,1.05,31.3813,4.268,147420.0,61383.42
688565.SH,20251013,3.367,1.3,106.4555,3.1102,152425.14,152425.14
002721.SZ,20251013,3.4434,1.25,,4.5581,941420.0297,941420.0297
603583.SH,20251013,5.8239,0.93,42.0306,3.3693,1529370.067,1529370.067
600108.SH,20251013,4.0324,1.42,63.468,1.4019,601596.7724,601596.7724
600583.SH,20251013,2.6431,1.21,11.4439,0.8915,2361003.4632,2361003.4632
603308.SH,20251013,4.1444,1.41,72.9936,4.8978,2355577.4138,2355577.4138
688135.SH,20251013,8.0439,0.71,,6.1027,661340.1146,661340.1146
300626.SZ,20251013,5.3686,1.07,,3.8101,198180.0,198071.579
688583.SH,20251013,6.8844,1.36,66.0001,7.0351,802672.0,160534.4091
688270.SH,20251013,6.1923,0.89,194.468,6.5901,1449557.4352,1449557.4352
300093.SZ,20251013,2.0683,0.76,,,271512.0,271080.5976
600026.SH,20251013,7.5299,1.96,18.4649,1.6602,6092281.4564,4437289.4564
002145.SZ,20251013,5.6551,0.92,43.8538,1.891,2280196.6376,2233594.8605
300310.SZ,20251013,3.5466,1.11,,2.6839,509598.6309,399912.6778
600338.SH,20251013,7.4218,0.88,30.9834,3.0093,1246982.6692,1246982.6692
300255.SZ,20251013,2.8003,0.82,,29.0547,4453769.0148,4447154.2248
002116.SZ,20251013,2.3209,1.1,13.7677,1.8681,478173.7207,469034.6647
000959.SZ,20251013,4.743,0.87,45.996,0.6738,3373410.806,2830659.6864
000027.SZ,20251013,3.5845,1.13,16.8305,1.0141,3292113.8219,3292113.8219
688685.SH,20251013,4.0895,1.05,156.7953,11.359,907026.1221,907026.1221
688191.SH,20251013,5.177,1.24,161.7316,8.6274,729003.7144,729003.7144
603976.SH,20251013,3.4707,1.58,127.4448,2.4879,292579.0666,292579.0666
688063.SH,20251013,7.1895,0.72,473.1611,1.8283,1662799.6305,1662799.6305
002217.SZ,20251013,3.598,0.76,10.258,12.9381,2415845.8537,1834748.9773
920689.BJ,20251013,4.3656,0.69,48.7421,5.5599,259615.8,134160.5923
000532.SZ,20251013,3.3924,1.12,30.6533,3.3255,499137.6763,497460.0322
002326.SZ,20251013,10.7503,1.31,,6.0134,1651840.4191,1443169.6619
002808.SZ,20251013,3.1075,1.42,,4.9991,132787.2,81512.9284
603903.SH,20251013,10.413,1.16,,2.2289,340085.5474,340085.5474
300086.SZ,20251013,10.17,0.7,,2.9634,321772.9586,311562.5431
600298.SH,20251013,1.9735,0.9,24.8822,3.1709,3565116.1404,3520316.9844
600509.SH,20251013,12.8857,1.06,53.1245,1.6493,1269943.2041,1269943.2041
002224.SZ,20251013,2.2208,1.06,98.5663,1.2393,400539.6479,358032.8838
002613.SZ,20251013,3.2007,1.16,118.8317,2.0126,446830.889,313536.1544
300711.SZ,20251013,4.9211,1.31,62.0745,7.1431,520766.5665,519212.0204
003007.SZ,20251013,9.7012,2.24,278.066,4.3363,365976.0,260644.0111
603337.SH,20251013,2.7996,1.31,24.2694,4.5416,2118672.1631,2095812.3596
300243.SZ,20251013,4.5321,1.43,272.7231,2.597,275469.1511,213904.1344
688106.SH,20251013,9.6688,1.5,84.9049,3.5582,1047337.2118,1047337.2118
920300.BJ,20251013,6.5887,1.1,,6.7466,143879.7832,111507.0555
001379.SZ,20251013,4.1308,0.84,54.8938,2.817,417200.0,140385.714
000426.SZ,20251013,10.5229,1.7,46.5419,7.9382,6711903.0934,6710276.6539
688235.SH,20251013,3.2014,0.9,,16.3044,43786830.1417,3269295.2129
603895.SH,20251013,3.6609,0.71,,16.3207,311270.4,311270.4
002602.SZ,20251013,2.222,0.82,54.4654,5.1907,14767029.2386,13626218.0329
002631.SZ,20251013,21.1155,1.65,,2.0177,444086.5647,442019.8001
301091.SZ,20251013,9.211,1.55,178.129,8.1716,1887662.4,1887662.4
600058.SH,20251013,3.2519,0.92,54.5223,1.9872,995805.0505,995805.0505
002015.SZ,20251013,4.0124,1.0,30.7514,1.5187,1837603.463,1837603.463
688200.SH,20251013,4.0841,1.05,65.8227,7.467,2746174.205,2746174.205
301261.SZ,20251013,11.6813,0.93,112.0087,4.8763,759634.964,323968.3434
002643.SZ,20251013,5.4009,1.2,50.2995,1.7668,1253378.6276,1234823.3841
001211.SZ,20251013,8.4671,0.83,73.5137,2.1573,186912.0,173923.1087
002466.SZ,20251013,8.0705,0.88,,1.949,8168359.8186,7345283.7204
603005.SH,20251013,9.9737,1.08,68.4928,4.7809,2106514.6104,2106514.6104
002956.SZ,20251013,2.8321,0.65,28.7854,2.8279,426401.5504,426358.4149
600975.SH,20251013,3.3079,1.02,24.3112,2.6195,805965.6091,649834.9568
000710.SZ,20251013,3.1641,0.97,,2.7762,456396.2113,425423.1306
300147.SZ,20251013,3.1956,0.9,,8.8593,727406.9495,723138.1883
603380.SH,20251013,5.4686,0.73,33.6011,4.841,709952.31,709952.31
002753.SZ,20251013,2.9716,1.71,26.6188,1.1556,265243.1325,171422.352
002655.SZ,20251013,5.9125,1.08,53.6304,6.5773,465480.0,465352.09
600585.SH,20251013,1.5475,0.99,14.4455,0.6721,12622938.7432,9527291.5432
300451.SZ,20251013,2.3244,0.93,,1.6689,724990.3559,714492.6844
301358.SZ,20251013,9.1127,0.94,89.515,3.8328,4561012.3124,2314778.633
605369.SH,20251013,2.0225,1.08,33.2249,2.4829,420921.0396,420921.0396
002364.SZ,20251013,17.0926,0.97,177.4244,6.5983,1580799.7128,1565481.0468
300747.SZ,20251013,5.0406,1.05,132.702,4.4666,1479217.7239,1333787.6684
601065.SH,20251013,1.5526,1.36,15.9185,1.2291,538646.3542,348822.5942
002501.SZ,20251013,4.1728,1.14,,29.9244,880400.0,879524.3631
300540.SZ,20251013,5.6824,1.27,55.6677,4.1934,458429.5427,412834.2264
603856.SH,20251013,2.3479,0.98,27.2889,1.251,329159.422,329159.422
301090.SZ,20251013,2.0591,1.21,,1.7697,1134091.8048,1128789.1074
600523.SH,20251013,3.2654,1.06,31.1304,1.9194,595146.263,594753.6806
002152.SZ,20251013,3.6687,1.15,37.2161,2.6278,3302899.2543,3301237.8383
002369.SZ,20251013,5.2166,1.18,,13.1755,510827.6083,510160.0817
688109.SH,20251013,14.7172,0.76,172.3169,12.3113,935227.3626,935227.3626
002085.SZ,20251013,5.7905,0.96,51.5257,5.2044,3894127.6517,3894127.6517
600600.SH,20251013,1.6206,0.91,19.896,3.0596,9167402.4154,4765326.337
000568.SZ,20251013,1.0815,0.66,14.2947,4.7102,18737942.6332,18706050.928
605388.SH,20251013,4.0791,0.94,,2.5544,440755.256,440755.256
603618.SH,20251013,37.02,1.12,64.2695,2.3085,676856.7281,676856.7281
600790.SH,20251013,1.5629,1.21,45.0183,0.8964,581918.9984,581918.9984
603817.SH,20251013,3.9707,1.33,18.5792,1.1682,365993.953,365993.953
002620.SZ,20251013,2.7082,0.72,,173.4385,220079.002,183855.0566
603228.SH,20251013,7.4143,0.89,49.5593,5.1077,5759017.6332,5706025.1625
600100.SH,20251013,3.1083,1.08,,1.6114,2733842.9338,2733842.9338
600162.SH,20251013,9.29,0.64,,1.1804,686372.0056,686372.0056
920195.BJ,20251013,2.1124,0.6,21.4269,2.3427,177728.39,128286.0398
002889.SZ,20251013,2.9181,1.05,40.9176,2.3746,580852.5719,386475.6425
000012.SZ,20251013,1.298,1.33,,1.0828,1430942.5219,913041.5347
301121.SZ,20251013,8.1322,0.44,68.0607,2.8667,477922.8117,244661.1807
301056.SZ,20251013,8.5368,1.13,45.576,4.1696,333216.5471,219818.7917
600278.SH,20251013,2.6355,1.09,32.1631,0.8619,651717.7966,647833.2589
601098.SH,20251013,1.8043,0.91,13.5342,1.3839,2183936.0,2183936.0
000897.SZ,20251013,2.6884,0.87,20.7146,1.2117,370355.3416,370348.3342
600567.SH,20251013,3.117,1.11,,0.6845,1064232.2337,1064232.2337
920475.BJ,20251013,3.7316,1.03,5636.4647,5.4467,193024.6,80315.2326
301280.SZ,20251013,5.7083,1.32,39.6323,3.8822,695116.6715,192722.8565
920023.BJ,20251013,3.0623,1.15,,1.1727,142049.936,116662.902
301139.SZ,20251013,9.2098,0.74,91.0426,1.3189,256778.6496,160865.0166
301218.SZ,20251013,5.707,1.62,257.6908,2.5207,233325.84,143360.8385
920866.BJ,20251013,7.1214,2.89,35.6729,2.2102,166510.2516,86495.397
002484.SZ,20251013,5.3865,0.78,38.1229,4.237,2537963.4399,2448289.2388
688051.SH,20251013,5.3045,0.95,,5.1584,350245.686,350245.686
601138.SH,20251013,5.1245,0.93,47.4074,8.3119,126059750.6418,126059750.6418
300813.SZ,20251013,5.2626,0.72,200.6504,5.0311,401533.0125,251957.2048
600238.SH,20251013,1.0654,0.69,,28.561,264438.0,262710.2322
601975.SH,20251013,8.5391,2.55,12.1281,1.3532,1541395.8235,1541395.8235
300618.SZ,20251013,12.6753,0.79,63.6977,3.089,1695479.1255,1491992.8482
600679.SH,20251013,3.2654,1.04,,3.0549,636903.7017,424806.1017
603260.SH,20251013,1.6985,0.8,158.2358,1.81,5780991.9415,5780991.9415
300970.SZ,20251013,6.8229,0.96,,1.2545,182903.0976,141528.8033
601339.SH,20251013,4.2198,1.58,14.8796,0.9202,844257.347,844257.347
002019.SZ,20251013,1.8885,1.13,38.6052,1.9207,1684700.2677,1165441.6008
301633.SZ,20251013,2.8362,0.77,46.1005,4.714,418880.64,104720.16
600439.SH,20251013,2.3794,1.0,,1.2132,319219.8941,319219.8941
002304.SZ,20251013,0.7232,0.93,32.8692,2.062,10090169.1057,10089930.9918
300771.SZ,20251013,3.786,1.46,56.9883,1.5414,297600.0,224686.9311
688639.SH,20251013,2.778,0.66,56.6507,3.3328,876405.3883,876405.3883
920478.BJ,20251013,3.3348,0.96,28.1452,3.4035,171584.966,102909.2348
002559.SZ,20251013,5.8494,0.73,76.0215,3.4805,604741.5264,550448.2764
600421.SH,20251013,2.8102,0.96,,306.7187,144548.4,144548.4
002897.SZ,20251013,7.5619,0.75,81.6753,3.4798,917249.5728,863053.6827
300150.SZ,20251013,4.4904,1.17,56.4695,2.1027,331170.026,260486.3493
603101.SH,20251013,11.0063,1.11,59.5644,3.5679,501446.4,501446.4
002095.SZ,20251013,2.6564,1.15,,5.5279,487244.16,485293.8241
301237.SZ,20251013,4.8247,0.72,,2.7471,361760.0,297830.225
600879.SH,20251013,2.9842,0.92,81.6687,1.861,3856880.9214,3856880.9214
300461.SZ,20251013,4.567,1.4,,5.7719,292282.5038,212170.3117
603836.SH,20251013,5.4425,2.77,98.8011,1.6061,287945.0375,287945.0375
300316.SZ,20251013,5.8095,0.54,53.9165,3.3089,5674209.9424,5336329.6912
600808.SH,20251013,5.1721,0.79,,1.3108,3126476.5615,2422906.9815
605288.SH,20251013,7.0333,0.95,99.4409,2.7826,621993.1786,617820.6245
688391.SH,20251013,4.9177,1.28,50.3545,2.0376,376874.0643,376874.0643
002051.SZ,20251013,2.2104,1.38,38.8062,0.8994,1034473.8713,1034414.3314
301369.SZ,20251013,10.2677,0.81,208.5692,4.1321,618028.7603,318434.2763
688363.SH,20251013,1.9506,0.99,493.3815,3.7429,2632371.5925,2632371.5925
600877.SH,20251013,3.295,1.0,439.6401,6.8899,1701493.49,1701493.49
300841.SZ,20251013,3.3725,0.64,47.2951,2.8473,977200.6805,894348.148
002801.SZ,20251013,5.4362,1.28,32.9932,4.5687,785571.072,396161.0367
920806.BJ,20251013,3.2834,0.92,38.5276,2.8444,425241.6471,425241.6471
300839.SZ,20251013,3.327,0.9,,5.4727,394661.2634,387603.9583
002731.SZ,20251013,5.1524,1.39,13.4538,1.8251,329672.772,295567.7868
002671.SZ,20251013,4.3497,1.07,32.6782,1.667,282410.8673,275682.025
000923.SZ,20251013,11.8105,1.15,34.5543,1.2326,1212117.6806,1166012.8144
002427.SZ,20251013,6.8343,1.32,288.1209,7.4075,696700.9733,696186.7786
601799.SH,20251013,3.9588,0.88,25.906,3.7032,3938947.8292,3938947.8292
300357.SZ,20251013,3.1374,0.87,43.6774,6.1166,1509492.672,1395557.103
002639.SZ,20251013,11.7058,1.36,216.4349,3.485,869950.0524,732597.3386
688630.SH,20251013,6.5704,0.73,87.8079,8.2254,1774020.4817,1774020.4817
301591.SZ,20251013,4.3287,1.18,45.8928,3.945,346658.52,139902.6957
300391.SZ,20251013,1.4639,0.5,,,133828.3948,133828.3948
002947.SZ,20251013,7.0568,1.56,22.3497,3.8191,1178562.9456,885065.8014
603015.SH,20251013,9.4433,1.89,92.2358,3.6631,517400.32,517400.32
301176.SZ,20251013,6.701,1.09,,2.9227,444645.3342,148215.1123
301059.SZ,20251013,5.8683,1.75,42.1595,4.3837,256118.632,229064.6248
600768.SH,20251013,5.0869,1.1,132.5367,4.387,167050.2528,167050.2528
300051.SZ,20251013,2.2652,1.01,,13.0502,253797.2226,250792.5693
002028.SZ,20251013,1.3483,0.92,34.5278,6.3361,8475276.7104,6606701.8754
002965.SZ,20251013,7.7027,1.02,38.0364,2.6629,1122824.2989,843752.8277
300635.SZ,20251013,5.4592,1.07,,5.3705,202773.898,174242.0895
300643.SZ,20251013,4.732,1.38,32.0199,4.1264,505520.2516,504639.9843
300207.SZ,20251013,6.2296,0.69,39.0491,2.4076,5858303.4163,5434577.7771
601995.SH,20251013,2.8825,0.96,23.3731,1.9005,18222894.6767,11036372.711
603019.SH,20251013,4.7498,0.78,80.7983,8.0614,16779011.8109,16774322.3164
601288.SH,20251013,2.0013,1.42,8.4647,0.903,241838276.4062,220597749.6469
600612.SH,20251013,2.8169,0.98,14.6604,2.0477,2589432.9318,1569692.6685
002248.SZ,20251013,5.3423,1.0,195.0721,37.5818,320717.9108,320717.9108
300376.SZ,20251013,1.6017,0.92,79.3877,1.785,1192059.1237,1191646.6693
600686.SH,20251013,22.1249,2.33,46.5982,3.0645,967296.9655,967296.9655
000623.SZ,20251013,3.0573,0.92,10.6957,0.8195,2455173.2295,2445171.0258
300045.SZ,20251013,4.7725,0.83,,9.3469,1494995.3324,1164802.5251
000518.SZ,20251013,2.7065,1.32,,6.89,249152.6057,249147.6377
600167.SH,20251013,10.4835,0.81,28.5832,1.8574,2018453.693,2018453.693
603299.SH,20251013,2.6882,1.39,13.1768,1.3692,832465.9851,827768.5822
002108.SZ,20251013,4.2086,0.88,44.3907,1.3151,662827.0699,656048.755
300079.SZ,20251013,2.9251,1.14,205.5666,1.9737,832800.3882,748384.1191
300883.SZ,20251013,4.5476,1.43,,1.6473,234242.0,223866.6873
002102.SZ,20251013,2.0729,0.71,,3.2939,935786.9266,821350.146
603131.SH,20251013,6.0614,0.85,,5.6596,683047.5334,683047.5334
920570.BJ,20251013,5.8384,0.92,,5.7021,194458.2262,95460.7327
000975.SZ,20251013,3.1789,1.15,25.4401,5.0489,6852950.55,6237703.2644
002037.SZ,20251013,4.0451,1.32,168.0602,2.7491,525981.4362,525981.4362
600289.SH,20251013,1.9296,1.33,,3.429,397562.8035,356531.2909
300395.SZ,20251013,4.7139,0.76,102.591,8.6964,3731080.2559,3665184.7572
601607.SH,20251013,1.7904,0.93,11.1199,0.8987,6749218.4924,5076357.6591
002458.SZ,20251013,1.4469,1.28,28.7577,2.2756,940450.9778,636538.4035
600882.SH,20251013,3.3913,1.37,74.8204,2.7857,1270543.6347,1270543.6347
001283.SZ,20251013,6.5058,0.72,46.3581,2.4048,744176.0769,593764.2708
000718.SZ,20251013,4.5595,0.73,157.4957,0.8433,795074.7326,597908.398
002141.SZ,20251013,6.3827,1.78,,4.9178,409042.576,403512.4665
920174.BJ,20251013,5.9833,0.49,59.0751,6.2138,507649.1695,490684.2808
600500.SH,20251013,1.671,1.11,,1.2891,1528711.0506,1527943.8928
300542.SZ,20251013,3.3954,0.88,,10.4845,577713.4046,479229.0737
000423.SZ,20251013,1.6833,1.1,18.4185,3.1748,3013811.5363,3009324.6378
300015.SZ,20251013,1.767,0.97,32.8225,5.3869,11675396.6308,9929560.8846
300699.SZ,20251013,2.2354,0.84,39.4784,4.7167,2535623.6,2505401.2995
600460.SH,20251013,12.3593,1.97,108.9376,4.5129,5551343.6749,5551343.6749
002389.SZ,20251013,3.8035,0.74,1029.2166,2.832,2230834.7876,2230476.9289
688625.SH,20251013,3.57,0.62,26.7017,5.2044,720515.9585,720515.9585
000650.SZ,20251013,2.4209,0.85,19.6562,1.3654,855362.261,813476.7446
605058.SH,20251013,8.9968,1.11,28.5403,2.3934,410906.3563,410906.3563
300809.SZ,20251013,5.3681,0.79,218.9343,6.5066,1060554.4736,629832.2352
002279.SZ,20251013,7.2582,2.57,,4.4247,595784.9479,545701.5982
002957.SZ,20251013,30.829,3.15,50.4919,2.8452,872303.5819,869595.9964
301067.SZ,20251013,8.8598,0.64,200.4585,3.8445,320489.856,210380.0544
000917.SZ,20251013,3.9045,0.87,177.155,1.1429,1180824.4296,1180743.6494
600604.SH,20251013,7.6814,0.58,469.8997,1.8277,1144589.2352,859954.8852
688267.SH,20251013,2.1703,1.31,27.3929,1.7209,481907.0,481907.0
301150.SZ,20251013,10.6598,0.82,,2.8209,996839.838,504164.3053
600685.SH,20251013,3.6255,0.86,50.765,2.1713,3841910.3354,2232660.822
600025.SH,20251013,2.3046,0.98,20.0878,2.9241,17550000.0,17550000.0
688132.SH,20251013,2.7117,1.03,,2.0893,291967.9413,208094.7871
688259.SH,20251013,7.7806,1.2,91.8759,3.4305,527447.4,527447.4
301316.SZ,20251013,4.2563,1.07,468.2044,20.9521,2112920.0,1269982.6107
601116.SH,20251013,26.2857,1.29,52.3931,2.563,818231.5296,818231.5296
605016.SH,20251013,3.2854,1.31,30.6968,5.0935,908066.6358,908066.6358
600148.SH,20251013,3.3011,1.32,23195.2468,5.9569,280202.571,280202.571
002352.SZ,20251013,1.6413,0.92,18.6117,2.229,20661664.6769,19565276.5634
688312.SH,20251013,6.3601,0.81,43.6198,3.1359,439937.5299,439937.5299
300577.SZ,20251013,2.7742,1.39,17.7024,2.571,565670.9817,329594.7195
000912.SZ,20251013,1.6773,1.75,,1.0594,680512.0,680512.0
600094.SH,20251013,6.5046,1.8,,1.2081,1227358.2114,1124222.4821
002778.SZ,20251013,7.0392,0.72,,8.8624,265724.529,262903.2162
300894.SZ,20251013,2.8454,1.14,,4.2402,506391.9225,365238.7157
000011.SZ,20251013,16.7794,2.21,,1.7389,587039.4056,518578.4099
600941.SH,20251013,1.6037,1.18,16.242,1.7257,231296921.1207,9655102.3376
002918.SZ,20251013,5.8227,0.76,188.4063,2.244,691291.5869,360333.3806
002592.SZ,20251013,2.1,0.99,19.7421,2.0097,189265.2129,175494.5352
002396.SZ,20251013,4.3446,1.08,35.1497,2.5652,1727214.844,1720093.5398
300304.SZ,20251013,3.9793,0.7,27.2744,3.4748,1124023.959,1095085.4195
300935.SZ,20251013,12.2102,1.31,,3.3212,268157.9757,203483.8593
920932.BJ,20251013,4.6847,1.05,105.655,3.8119,259477.9121,212264.4064
301107.SZ,20251013,7.7901,1.39,39.0043,3.3003,306537.4332,178312.9135
300877.SZ,20251013,21.5531,2.18,95.7005,2.7001,427080.0,427076.2631
600822.SH,20251013,5.2517,0.85,142.2024,4.4584,544082.2867,434574.2551
000637.SZ,20251013,4.5755,1.16,,3.9067,220947.0263,154948.6484
688513.SH,20251013,1.5204,0.51,41.1652,3.3807,939857.7309,939857.7309
688556.SH,20251013,11.949,1.4,,2.5985,1001913.3644,1001913.3644
603277.SH,20251013,3.7139,1.16,20.8719,3.8336,1129206.7212,1121932.686
001965.SZ,20251013,2.1197,1.68,13.4744,1.0574,6895361.1053,6895361.1053
600120.SH,20251013,3.5966,0.9,17.446,1.3325,2120951.9065,2120951.9065
688175.SH,20251013,4.5631,0.71,,1.8406,320318.209,320318.209
603098.SH,20251013,4.5028,1.09,85.6642,2.6952,755579.9692,754319.9692
600603.SH,20251013,2.0519,0.95,20.4236,1.4252,1032229.7156,1032229.7156
000925.SZ,20251013,2.9455,1.12,115.7949,1.6243,536361.2974,533882.7362
603991.SH,20251013,5.1794,0.88,,24.4423,501173.3266,501173.3266
000803.SZ,20251013,4.049,0.99,35.7855,2.2004,317081.384,312655.6904
688105.SH,20251013,1.49,0.72,,2.3221,893709.5204,893709.5204
920101.BJ,20251013,2.6167,0.96,33.7715,3.764,395193.8553,90466.7268
601868.SH,20251013,6.129,2.08,12.5329,0.9678,10547864.3999,8204468.0919
600779.SH,20251013,1.3863,0.88,17.0259,4.2591,2049950.9476,2049950.9476
601456.SH,20251013,2.721,0.78,44.4741,1.2588,6390666.9068,2922394.2086
002664.SZ,20251013,9.8643,1.68,,3.6753,1270726.6,1253219.3619
603301.SH,20251013,15.2995,1.42,45.7735,2.8594,1610431.0649,1610431.0649
300377.SZ,20251013,3.729,0.7,,6.3208,1571098.4434,1384249.6621
301590.SZ,20251013,8.8569,0.45,41.6549,4.7955,922908.0,179408.0854
000517.SZ,20251013,4.1685,0.77,,1.1149,652704.1094,510857.2153
002546.SZ,20251013,5.7318,1.54,10.2919,1.5001,510438.0468,490354.0428
300899.SZ,20251013,1.3028,1.26,59.4088,2.5669,170939.6889,109708.6569
600497.SH,20251013,9.924,1.45,27.143,2.2237,3588750.9039,3588750.9039
002917.SZ,20251013,3.0117,0.91,35.7169,3.0373,496740.6875,372223.1063
002641.SZ,20251013,4.907,0.9,48.3793,0.9793,533426.74,492153.6794
600127.SH,20251013,4.1738,2.52,569.0701,6.4735,439621.5043,439621.5043
601011.SH,20251013,3.4131,0.82,,1.188,689639.234,689639.234
300129.SZ,20251013,5.4104,0.59,44.9752,1.7158,771291.8664,548226.7535
600185.SH,20251013,3.4831,0.8,,13.2048,1136658.4944,1136658.4944
600738.SH,20251013,2.2425,1.08,47.6282,1.8918,378383.6123,378051.0994
603999.SH,20251013,2.6744,1.26,55.0078,1.8274,366336.0,366336.0
600751.SH,20251013,9.2145,1.64,135.276,1.8256,1380084.7847,1224837.9888
920270.BJ,20251013,3.8555,0.55,35.723,5.0387,199188.864,154525.4356
002622.SZ,20251013,7.1403,0.68,,7.1205,265440.0,265432.179
002916.SZ,20251013,3.7267,0.97,63.5072,9.391,14290922.2,14254052.2263
600576.SH,20251013,2.4182,0.87,44.4285,2.7328,794074.9753,497273.7325
600775.SH,20251013,3.7567,1.07,,3.3775,1036292.8919,761864.8919
300092.SZ,20251013,11.0013,0.69,37.5763,2.8872,467860.9469,358451.5652
600710.SH,20251013,3.761,0.77,10.9877,1.7307,1344645.1676,1344645.1676
600774.SH,20251013,4.3211,1.08,,1.6614,276150.3283,275972.2346
301362.SZ,20251013,3.7428,0.91,21.267,1.8204,447254.91,126779.91
600318.SH,20251013,4.6429,0.98,133.8325,4.5739,491705.7991,491705.7991
603318.SH,20251013,2.1684,1.06,,2.1678,304364.0226,254290.0638
300110.SZ,20251013,2.3964,1.27,,2.8448,380672.5802,380232.9295
301129.SZ,20251013,9.9005,1.41,43.4633,2.2087,377986.2894,103913.4555
002171.SZ,20251013,8.1695,1.79,53.4941,1.9777,1670003.0703,1660539.9726
002775.SZ,20251013,11.9603,2.97,,11.538,284394.8104,210721.1644
001227.SZ,20251013,1.2605,1.24,7.1498,0.4465,1355575.926,1002725.9127
301508.SZ,20251013,2.9908,1.2,52.6673,3.6854,723472.64,188276.48
000750.SZ,20251013,2.7324,0.76,44.4232,1.3097,2912095.5615,2643069.0135
300190.SZ,20251013,5.6025,0.72,,1.234,351079.8934,348308.296
301458.SZ,20251013,6.33,0.83,80.1681,5.9299,952800.1191,230641.8521
600678.SH,20251013,3.9593,0.94,179.0812,11.9799,327352.62,327352.62
300973.SZ,20251013,3.5965,1.44,24.4976,3.1293,743404.8433,511550.2858
603908.SH,20251013,4.9034,0.74,44.0462,4.1649,228279.87,228279.87
300287.SZ,20251013,3.4942,0.91,,7.1734,795141.6896,730294.9703
603169.SH,20251013,10.6306,1.0,81.1113,3.4005,1140392.7397,1140392.7397
920523.BJ,20251013,4.2552,0.68,18.0536,4.5701,291747.9427,233393.7974
002199.SZ,20251013,4.4393,0.81,,13.0238,258535.7895,258535.7895
002758.SZ,20251013,2.6438,1.28,11.6652,1.0035,471866.3656,469071.9518
688307.SH,20251013,7.7374,0.88,60.1877,3.7318,322782.264,214245.1988
603341.SH,20251013,5.8176,0.81,42.1268,3.9194,2182624.1796,1237889.6642
300784.SZ,20251013,4.1227,1.18,45.1428,3.7825,298677.8936,89909.1224
688553.SH,20251013,2.4005,0.93,49.5697,2.4038,889560.0,721433.4225
300109.SZ,20251013,2.5295,1.16,30.2165,2.277,833089.7086,770996.8431
000070.SZ,20251013,5.9569,1.07,,5.8544,883238.2096,871793.9538
300566.SZ,20251013,3.8127,0.99,26.6546,2.3557,485284.452,419919.2947
600227.SH,20251013,2.2352,1.17,,1.6136,403605.9167,305346.3529
688177.SH,20251013,2.0785,0.94,,19.3008,1125469.44,1125469.44
601186.SH,20251013,1.4896,1.14,5.2213,0.4076,10972269.532,9294622.364
600506.SH,20251013,5.3567,0.95,88.8146,8.0889,375397.016,288766.9367
600892.SH,20251013,7.0624,0.97,,55.7134,237772.2799,237710.8028
002290.SZ,20251013,7.6265,1.3,77.5674,11.4969,1036613.3147,1033597.321
600787.SH,20251013,2.5928,1.0,29.3151,0.9312,1291197.3513,1291197.3513
600985.SH,20251013,2.0172,0.83,11.7337,0.8367,3463530.6998,3463530.6998
002581.SZ,20251013,1.2073,0.8,,2.6355,491503.0116,298589.4149
002803.SZ,20251013,7.4934,0.51,36.7698,3.1956,837303.4304,536823.7795
603077.SH,20251013,5.9169,0.84,,1.0913,1978231.6351,1978231.6351
000919.SZ,20251013,2.3179,1.37,115.5375,1.1499,426616.7016,403779.0079
603629.SH,20251013,6.9669,0.8,185.9149,3.6864,627471.02,618978.568
300581.SZ,20251013,20.7956,1.87,,10.4486,1006150.3596,1006150.3596
603733.SH,20251013,1.7927,0.72,17.5431,2.0413,1627765.2828,1627765.2828
688660.SH,20251013,6.4266,0.69,,5.646,2733333.47,2733333.47
920021.BJ,20251013,2.6279,1.11,,3.2415,206720.9886,168509.0386
300616.SZ,20251013,3.5516,1.8,,0.8704,273684.9796,188955.047
300561.SZ,20251013,5.6365,0.65,,8.4417,508239.2533,373398.1821
688227.SH,20251013,4.0943,1.23,,2.857,374778.2366,212480.829
002826.SZ,20251013,5.0463,1.2,81.3342,4.6668,356567.3925,325990.3474
002027.SZ,20251013,1.4179,1.08,20.8496,6.7934,11106051.5893,11106051.5893
688092.SH,20251013,4.1501,1.71,40.335,3.2296,205817.0453,205817.0453
002121.SZ,20251013,7.8918,0.49,,21.8926,1526290.5363,1286528.6893
002282.SZ,20251013,2.0544,1.4,20.9022,1.0515,374582.0654,359060.4306
001223.SZ,20251013,7.4876,1.92,81.3776,2.4688,475348.384,118908.384
300460.SZ,20251013,3.5504,1.07,,4.689,266202.4299,266202.4299
000638.SZ,20251013,1.8613,0.28,267.1659,8.5045,122374.9145,121887.2212
002069.SZ,20251013,2.9043,1.19,279.1181,44.4957,282311.541,281955.829
300099.SZ,20251013,2.0326,1.13,50.9556,2.2246,504289.4344,397685.9722
301051.SZ,20251013,3.7924,1.62,,2.0735,435731.2566,345523.095
603109.SH,20251013,6.6035,1.01,24.0558,3.145,607539.8792,607539.8792
002873.SZ,20251013,4.1793,1.25,93.157,2.179,258505.9306,252750.2814
688190.SH,20251013,2.8923,1.22,37.4353,5.2359,1360800.0,1360800.0
920139.BJ,20251013,3.1536,0.91,,5.9774,649243.3073,627468.5683
002310.SZ,20251013,4.777,0.74,,10.5387,1619816.9716,1133743.4236
300415.SZ,20251013,3.998,1.05,18.0325,3.8555,1177965.0792,1139073.6374
002569.SZ,20251013,1.3819,1.06,,55.263,132777.22,129039.8239
600279.SH,20251013,2.4438,1.82,12.8746,0.9344,625478.5311,625478.5311
001380.SZ,20251013,4.9353,0.66,26.977,4.1384,734014.9037,238490.4416
002221.SZ,20251013,2.1881,0.9,32.506,1.1697,1300305.4078,1205221.9674
603322.SH,20251013,16.3529,0.68,,28.9698,870036.7007,870036.7007
603091.SH,20251013,3.9141,1.31,24.7481,3.7009,751557.3673,226533.9513
688113.SH,20251013,2.8127,1.32,28.8259,2.6564,255529.5141,255529.5141
300765.SZ,20251013,2.2319,0.92,,16.3728,6069246.111,5388599.9873
301010.SZ,20251013,7.8784,1.64,83.9232,2.434,201420.0,201420.0
300388.SZ,20251013,9.318,1.59,20.0408,1.5538,711008.0892,709715.6412
688205.SH,20251013,9.989,0.89,222.7801,7.3216,1656297.6827,1656297.6827
300375.SZ,20251013,3.4558,0.99,91.216,1.6471,373791.4985,250692.3147
002316.SZ,20251013,5.4197,0.98,179.2516,27.0992,208353.6,180596.175
603305.SH,20251013,11.6824,0.86,45.5769,2.3579,1604886.0781,1604886.0781
001230.SZ,20251013,3.489,0.84,20.2444,1.6068,304022.0191,120220.9316
601058.SH,20251013,1.7383,1.57,12.477,2.3284,4669102.3678,4669102.3678
601798.SH,20251013,5.9344,1.21,,2.78,349210.275,349210.275
301055.SZ,20251013,2.7193,1.04,79.3869,4.9662,319800.0,319800.0
000009.SZ,20251013,4.3376,0.61,139.0029,3.0536,3066685.4044,3062888.3329
002848.SZ,20251013,6.4856,0.8,,11.586,146590.55,144640.2879
600737.SH,20251013,4.9653,0.97,26.7087,3.1955,3460656.4329,3460656.4329
688390.SH,20251013,3.9686,0.56,,5.2944,1436244.6835,1436244.6835
300394.SZ,20251013,5.4466,0.85,76.7742,28.3735,12196100.498,12171572.2316
920682.BJ,20251013,4.0592,1.13,25.0407,2.859,318639.36,184934.5824
688302.SH,20251013,1.8304,0.92,,4.3961,500028.7699,500028.7699
300564.SZ,20251013,5.0297,0.87,66.0925,2.1958,263750.352,185068.5113
601009.SH,20251013,1.2552,1.19,6.5428,0.7791,13871922.4489,13871922.4489
603300.SH,20251013,29.847,9.6,26.6389,2.4789,1627378.9241,1627378.9241
002195.SZ,20251013,4.6581,0.64,683.0237,4.3332,4275598.2408,4223351.3308
301295.SZ,20251013,4.7093,1.22,116.0771,2.9961,284961.6,83113.8
002573.SZ,20251013,1.5638,1.2,,0.9511,559030.4962,558035.2542
002374.SZ,20251013,2.2579,0.99,,3.4724,298432.5528,298432.5528
300792.SZ,20251013,10.7853,0.59,96.5081,2.6609,771011.6434,691584.5719
688155.SH,20251013,6.4583,0.82,34.4629,4.0993,846483.5804,846483.5804
603332.SH,20251013,4.4894,0.77,47.4527,2.2884,286876.366,286876.366
301397.SZ,20251013,8.988,0.85,51.7749,3.2102,618137.368,280899.7959
603170.SH,20251013,1.9205,1.01,23.795,4.2985,574414.36,574414.36
688010.SH,20251013,6.131,0.93,310.857,2.8871,488267.7587,488267.7587
688119.SH,20251013,3.897,1.46,,1.697,507375.0,507375.0
301505.SZ,20251013,4.2726,0.54,135.5996,2.7523,263234.3793,172395.1262
301323.SZ,20251013,17.3481,2.98,47.9952,3.1411,665420.9684,424959.4277
600502.SH,20251013,1.8074,1.1,6.2126,0.7296,798188.2812,798188.2812
688169.SH,20251013,2.9727,1.62,31.6847,3.6271,4858244.4,4858244.4
600149.SH,20251013,3.4987,1.38,22.8546,8.5253,201484.8,201484.8
301580.SZ,20251013,2.0751,1.16,28.2058,2.2976,467498.6238,315938.5439
300478.SZ,20251013,7.7614,0.91,,50.9546,311235.561,311235.561
002209.SZ,20251013,5.7544,1.52,22.6042,3.7232,298543.575,234605.676
601019.SH,20251013,3.1506,1.27,13.5017,1.0793,1600652.3,1600652.3
601010.SH,20251013,1.9564,0.95,39.5831,1.1429,491568.0,491568.0
300237.SZ,20251013,10.7676,0.85,,310.0122,321547.0294,321544.0189
002212.SZ,20251013,4.8059,1.04,51.7394,1.2456,1159403.1631,1147013.4841
002347.SZ,20251013,7.4205,0.68,757.0234,3.2881,387611.348,378918.068
688322.SH,20251013,7.2414,1.57,653.3195,11.2871,3309474.7798,2410908.2059
688225.SH,20251013,5.7518,1.51,,4.7803,860021.5,860021.5
300692.SZ,20251013,23.0754,3.07,66.5545,1.9245,420373.6094,371937.1456
300768.SZ,20251013,16.4107,1.92,81.3732,3.9188,1312123.5815,857320.7909
600865.SH,20251013,3.4647,0.84,25.0245,1.4848,346141.0907,346141.0907
601898.SH,20251013,2.2331,1.2,9.1673,1.015,15804326.7728,10909184.4768
301126.SZ,20251013,3.5956,1.23,,1.3203,229846.1808,154291.378
688581.SH,20251013,4.7774,1.94,18.9329,2.3009,558444.3918,285110.6077
688019.SH,20251013,4.4525,0.83,54.2643,11.9653,3664369.5689,3664369.5689
300125.SZ,20251013,7.3562,1.3,,,279641.9948,277372.6864
002524.SZ,20251013,3.1854,1.27,,19.0396,221385.4406,217844.7779
603099.SH,20251013,7.8775,1.02,100.0271,10.6433,1212015.15,1212015.15
600333.SH,20251013,10.3851,1.35,,1.9859,373944.84,373944.84
002594.SZ,20251013,3.0296,1.05,22.87,4.5787,96359661.0645,36856658.8273
002950.SZ,20251013,2.5411,1.11,15.752,1.6777,600968.8712,428943.4533
300418.SZ,20251013,9.4116,0.65,,4.049,5617722.3647,5613845.8959
002048.SZ,20251013,8.6885,0.94,623.5098,2.6836,2923288.5742,2549606.5677
300627.SZ,20251013,5.2428,2.59,39.7356,6.8054,2617111.2227,2156310.4207
600082.SH,20251013,6.1462,1.69,275.0798,1.6024,279768.1527,274667.2334
300988.SZ,20251013,6.1141,1.16,30.2662,2.5701,319597.3792,242993.9115
603958.SH,20251013,9.3536,2.67,,4.9951,352292.16,352292.16
002494.SZ,20251013,3.5833,1.21,307.0338,1.5344,187146.1161,142238.1372
601512.SH,20251013,3.1066,0.84,22.3157,1.0028,1488397.77,1488397.77
301429.SZ,20251013,4.1649,1.56,40.3652,1.6639,224026.9,83457.947
688571.SH,20251013,4.1728,2.06,27.8531,2.2172,349940.8275,349940.8275
002575.SZ,20251013,4.9075,0.99,,5.5217,456826.5,438019.179
600650.SH,20251013,4.2884,1.23,51.8711,2.0672,883679.3914,625677.2402
300157.SZ,20251013,4.7059,0.38,,,349073.1583,327722.8046
600651.SH,20251013,9.9014,1.31,461.9412,8.9754,2226240.8773,2226240.8773
605033.SH,20251013,6.2285,0.8,115.0075,2.5631,294060.0,294060.0
000816.SZ,20251013,3.7709,1.41,,2.2598,463044.2618,459657.751
605180.SH,20251013,7.0006,1.45,67.6298,2.2607,258063.0,258063.0
300538.SZ,20251013,7.0941,1.41,,3.0695,295253.844,196359.0575
002103.SZ,20251013,2.779,1.35,32.2407,4.3398,500613.757,356278.0287
300609.SZ,20251013,5.9751,1.31,,4.5651,461839.818,461137.4134
002479.SZ,20251013,3.3991,1.51,13.8629,1.0964,455855.0,454839.3888
300766.SZ,20251013,6.1774,0.46,,9.3538,1488206.5839,1350602.6433
688627.SH,20251013,6.3093,0.7,216.2722,9.328,1568868.1508,1207404.9693
601921.SH,20251013,2.9622,0.99,14.2851,1.3268,1788888.8895,1788888.8895
688021.SH,20251013,4.153,1.2,,1.6456,140754.0667,140754.0667
002925.SZ,20251013,9.6227,0.5,60.5954,3.3424,1537779.8488,1456153.5388
001210.SZ,20251013,7.0956,1.51,32.6006,1.9769,262347.6069,159435.2973
688468.SH,20251013,1.486,0.86,41.5735,2.2343,310858.7,310858.7
600663.SH,20251013,1.6276,1.07,24.6047,1.7461,4350372.7787,2726510.684
002552.SZ,20251013,7.9583,1.13,39.479,3.8127,664618.872,548560.4925
002123.SZ,20251013,2.9246,1.08,268.7748,5.7212,1026105.8317,917367.6104
300344.SZ,20251013,4.4829,0.8,,11.3632,268874.9883,268157.5556
603799.SH,20251013,9.9969,1.1,25.7671,3.015,13386071.0083,13278988.207
688401.SH,20251013,19.3222,3.36,52.4749,7.8106,1127522.255,1127522.255
300226.SZ,20251013,5.2911,1.17,41.7772,3.883,818157.8903,786414.9895
001360.SZ,20251013,9.472,1.2,69.1169,2.3944,335580.0,134529.9852
000563.SZ,20251013,2.3908,1.01,13.1458,1.0029,1841029.3289,1841029.3289
600078.SH,20251013,8.584,2.38,,3.5401,610485.2006,597640.7206
301048.SZ,20251013,5.2958,1.33,31.4745,2.351,637333.413,637333.413
603686.SH,20251013,23.4192,1.13,71.612,3.0697,1035252.5668,1035252.5668
603210.SH,20251013,6.8092,1.4,35.602,4.1085,729477.2,161562.2658
603879.SH,20251013,2.7247,1.0,,8.4658,219200.1084,219200.1084
300196.SZ,20251013,3.6156,0.95,18.3439,1.3078,598770.2351,360559.0068
002768.SZ,20251013,2.714,0.73,17.8035,2.5421,1331023.75,867303.0494
301080.SZ,20251013,3.8104,1.49,64.1075,3.7005,967644.8615,730245.903
603663.SH,20251013,5.7654,0.77,204.6045,8.9111,1184816.0003,1183472.4803
301566.SZ,20251013,5.3747,1.15,47.6513,4.9258,690417.26,358146.3946
600815.SH,20251013,2.551,1.26,1164.1742,3.1613,482553.6986,482553.6986
688306.SH,20251013,9.7618,1.37,1554.3221,9.1207,1682747.436,1682747.436
002050.SZ,20251013,10.5873,0.85,49.1684,5.9872,18165724.3355,15901540.3684
300788.SZ,20251013,3.5054,1.19,37.2594,2.4616,547636.3632,547636.3632
603788.SH,20251013,5.1136,0.86,19.1027,1.9124,385233.3724,385233.3724
605259.SH,20251013,2.488,1.04,18.0857,2.5141,436029.44,436029.44
002135.SZ,20251013,4.7411,1.03,48.8589,0.8172,514253.7579,481222.9152
002117.SZ,20251013,2.5594,1.11,35.6601,4.3201,590233.5163,590046.1244
920925.BJ,20251013,3.4884,0.61,180.42,8.8682,329449.3115,185017.2473
003013.SZ,20251013,3.9426,1.48,12.3173,2.2292,622698.5195,609919.3092
000526.SZ,20251013,3.7094,1.4,21.272,5.4379,527171.1575,517087.0352
600353.SH,20251013,19.8996,1.93,157.358,9.4563,1732160.4108,1729728.8888
002634.SZ,20251013,5.0459,0.98,,15.159,227379.4939,221024.6963
600750.SH,20251013,1.454,1.12,16.5592,3.7503,1360796.4751,1344287.6475
002921.SZ,20251013,5.0836,0.91,,1.8845,227030.4735,195836.4841
000859.SZ,20251013,6.8508,1.99,,2.133,586864.4575,586831.0525
002328.SZ,20251013,4.506,1.11,33.9827,1.4739,481584.48,356174.1431
688360.SH,20251013,8.8095,1.29,66.0623,4.1164,592636.5137,566886.7206
688737.SH,20251013,5.8302,1.35,,1.4869,269737.5323,269737.5323
300286.SZ,20251013,5.4914,1.25,31.7853,2.8881,619187.3132,433953.6596
002024.SZ,20251013,0.6114,1.07,24.7233,1.2762,1593540.0303,1591763.9067
603806.SH,20251013,2.3581,1.04,45.9509,2.5577,4020066.9901,4020066.9901
603883.SH,20251013,2.6199,1.14,30.1122,1.8694,1247316.9009,1245338.8773
605298.SH,20251013,7.1788,0.72,147.7763,7.6025,771875.65,758735.068
603948.SH,20251013,8.2478,1.05,21.2386,2.0573,420034.4967,420034.4967
002796.SZ,20251013,15.7269,0.87,160.8822,5.5638,478096.6395,427431.2588
600655.SH,20251013,0.756,1.06,,0.6349,2226486.1322,2224992.0682
600307.SH,20251013,2.5912,0.99,,1.5823,1089824.1918,1089824.1918
600826.SH,20251013,2.9469,0.84,26.6714,1.7825,750979.7535,750979.7535
601006.SH,20251013,0.8559,0.66,16.1386,0.7302,11765951.7861,11765951.7861
603828.SH,20251013,2.8671,1.17,663.4419,4.0826,307515.4415,307504.8465
603955.SH,20251013,2.1941,0.96,11135.8069,2.9001,446654.52,446654.52
002763.SZ,20251013,3.9957,1.12,45.3689,1.5674,292685.736,216769.8288
603711.SH,20251013,2.212,1.12,28.7873,1.6192,533433.3372,533433.3372
600982.SH,20251013,3.5817,1.39,17.1067,1.1963,515226.2706,515226.2706
300921.SZ,20251013,4.043,1.35,185.3949,5.0823,414830.9282,258880.3082
920275.BJ,20251013,2.9146,0.91,147.2119,6.3744,146946.1472,121704.6362
002182.SZ,20251013,6.0342,1.07,148.0546,2.8758,1539260.4903,1343275.3395
001209.SZ,20251013,12.9268,0.45,81.6036,1.8498,236609.3733,172874.2502
300953.SZ,20251013,10.4988,1.39,88.0965,7.29,2938712.7631,2113325.8824
600246.SH,20251013,11.3226,0.97,,4.6203,2434851.2691,2434851.2691
600739.SH,20251013,2.6779,1.0,41.114,0.6399,1922845.2387,1922845.2387
300790.SZ,20251013,5.0935,0.93,54.9531,4.533,1135076.9884,984907.7384
300054.SZ,20251013,6.9985,1.77,59.4176,7.6752,3647633.8278,2836927.5848
688049.SH,20251013,5.0978,0.7,65.4627,5.3613,1027883.7702,1027883.7702
301069.SZ,20251013,6.3113,1.26,105.972,6.2025,958655.4907,891561.7307
688130.SH,20251013,4.4975,0.78,,2.2999,288446.1503,143840.2343
688319.SH,20251013,1.4336,0.62,168.9929,11.3022,1046090.8872,1044739.7661
688395.SH,20251013,3.8805,1.39,59.5871,2.8056,216234.5068,216234.5068
600963.SH,20251013,2.0883,1.13,22.0395,0.9812,785632.8307,785632.8307
600599.SH,20251013,2.4714,0.75,,11.6512,127820.0,127820.0
688720.SH,20251013,8.1088,1.06,125.5634,4.6216,458557.7368,287635.6592
600284.SH,20251013,6.2239,1.19,16.0599,1.142,899427.312,899427.312
000651.SZ,20251013,1.3635,1.13,6.98,1.8239,22657686.2223,22308804.2281
300931.SZ,20251013,4.6569,0.98,,3.8349,235823.372,181645.8801
002809.SZ,20251013,5.9255,1.32,87.7971,1.5719,246950.3369,162349.9988
688103.SH,20251013,5.0751,1.39,143.5306,6.5624,735549.9913,735549.9913
600230.SH,20251013,3.1619,0.94,232.378,1.2772,510827.8925,510827.8925
301552.SZ,20251013,6.0213,1.31,24.084,3.3383,371089.6,92772.4
688528.SH,20251013,7.9998,1.35,,4.122,199752.0,199752.0
605028.SH,20251013,15.309,0.98,24.6934,3.1513,412960.0,412960.0
600237.SH,20251013,4.1644,1.21,42.9548,2.4336,462309.8106,455688.6216
002465.SZ,20251013,2.9998,1.05,,2.5357,3159374.6158,3154350.2898
300732.SZ,20251013,6.1977,1.35,,1.0774,312382.1407,312036.1035
002428.SZ,20251013,17.1771,2.12,236.7751,13.701,2000506.56,2000248.1194
600007.SH,20251013,1.5279,1.13,16.746,2.2028,2021616.0457,2021616.0457
688701.SH,20251013,5.7645,1.15,,6.8418,123132.3501,123132.3501
000756.SZ,20251013,4.7848,1.07,25.1837,2.1775,1078810.5007,770463.8171
688118.SH,20251013,6.1599,1.27,70.0704,3.134,262406.597,262406.597
920879.BJ,20251013,3.0481,1.1,49.8399,7.0644,404058.521,326317.6352
688114.SH,20251013,4.0819,2.66,,3.8934,3013494.3814,2988850.85
600967.SH,20251013,18.8514,2.63,69.3857,3.1016,3648647.766,3648647.766
920403.BJ,20251013,21.3358,4.25,30.7672,5.3332,257047.114,150108.9417
600039.SH,20251013,2.6147,1.35,10.6352,1.5183,7226035.826,5580635.8488
000031.SZ,20251013,1.9032,1.0,,1.2842,1384479.2085,1384476.4184
000738.SZ,20251013,1.9634,0.84,44.5649,2.1109,2625107.266,2625107.266
600888.SH,20251013,6.6822,0.8,12.4604,1.0697,1188944.0733,1188944.0733
600340.SH,20251013,2.8345,0.84,,,833622.4328,829284.6282
688489.SH,20251013,3.6775,0.78,,3.1552,579389.4606,256349.111
603209.SH,20251013,1.2286,1.14,15.6285,1.4624,477750.0,411600.0
603159.SH,20251013,4.996,0.94,197.5873,6.9197,348600.0,348600.0
600812.SH,20251013,2.3133,1.21,56.9009,1.8579,1015712.379,1015712.379
688561.SH,20251013,3.4822,1.08,,3.08,2416539.152,2416539.152
600955.SH,20251013,0.8573,1.04,,0.9417,793100.0,793100.0
002712.SZ,20251013,3.8767,1.36,,2.1079,287922.1087,286136.2444
603566.SH,20251013,2.0608,1.2,36.2868,1.8807,490024.1786,490024.1786
920208.BJ,20251013,1.106,0.85,19.3963,4.1656,357793.3774,234291.7647
000061.SZ,20251013,4.6047,1.38,45.5343,1.9784,1647517.7943,1408454.395
605507.SH,20251013,2.9225,1.61,15.7398,1.6265,1310441.1075,707538.5262
002082.SZ,20251013,17.1903,2.38,282.3152,3.2812,880832.2392,796684.2077
601108.SH,20251013,1.2906,0.78,15.7958,1.1063,3942554.2827,3942554.2827
920519.BJ,20251013,2.6313,1.5,76.1969,2.3596,119248.8269,84160.4569
301229.SZ,20251013,12.5348,1.09,91.1757,3.9076,376746.4312,254786.672
301378.SZ,20251013,8.4817,1.26,,2.1805,286032.6,135952.9263
920981.BJ,20251013,6.7631,1.21,957.9946,5.6437,283084.536,138120.2058
601100.SH,20251013,3.0075,1.01,48.0668,7.7762,12737799.424,12737799.424
688075.SH,20251013,2.0749,0.91,35.7333,0.9439,486981.3088,486981.3088
600478.SH,20251013,4.163,0.99,97.2187,3.8314,1084267.1363,1084267.1363
688600.SH,20251013,1.8499,0.7,66.9005,4.0386,296493.3865,296493.3865
301336.SZ,20251013,3.8825,1.27,63.6385,2.4526,201720.0,153459.9878
301285.SZ,20251013,4.4898,0.89,,9.782,1007516.25,382686.564
603266.SH,20251013,8.8586,0.99,43.5971,3.071,474146.012,474146.012
603076.SH,20251013,2.7936,1.03,121.059,2.3043,296804.6049,296804.6049
300880.SZ,20251013,3.0469,1.02,26.9671,3.621,378566.3232,378525.9479
300175.SZ,20251013,2.8903,1.69,,5.4475,280596.8,280596.8
301281.SZ,20251013,3.9795,1.32,52.9007,2.5674,354649.75,225490.3
300508.SZ,20251013,4.001,1.23,37.4579,3.923,313004.1644,235748.4517
002058.SZ,20251013,13.6639,1.29,26.2565,14.4952,439956.0342,438942.2343
688303.SH,20251013,2.9617,0.85,,1.4775,5764167.7804,5764167.7804
600262.SH,20251013,5.9877,1.16,19.2183,2.3345,391680.0,391680.0
002375.SZ,20251013,2.1998,1.21,16.6947,0.6417,518578.6447,513469.1611
000799.SZ,20251013,4.6935,0.77,,5.1195,1935601.9339,1935432.1594
300333.SZ,20251013,3.3223,1.04,,7.1379,417984.0,416466.4033
301230.SZ,20251013,3.5912,1.0,176.4522,4.498,456448.1984,251333.1974
002386.SZ,20251013,3.2801,1.12,,0.9309,697682.8311,697552.8318
300720.SZ,20251013,4.9216,1.28,103.6543,7.9145,454064.0065,406939.139
600006.SH,20251013,6.8363,0.82,251.2298,1.8317,1532000.0,1532000.0
603520.SH,20251013,2.4169,0.8,,1.8535,482689.279,482689.279
300703.SZ,20251013,10.5505,1.34,44.9938,5.9748,541175.52,508984.749
002983.SZ,20251013,4.4282,1.21,34.8013,3.4105,457371.8953,262278.976
002668.SZ,20251013,3.4352,1.09,9.4258,3.3771,1035326.4137,1035326.4137
920694.BJ,20251013,4.6747,1.58,21.0734,2.9813,253609.8739,119981.6467
600960.SH,20251013,18.9078,1.67,,1.4067,508525.8021,508525.8021
601099.SH,20251013,3.5558,0.73,113.8417,3.1577,3101423.9484,3101423.9484
600526.SH,20251013,3.6639,1.28,18.5273,1.0877,476344.7222,386289.8791
300938.SZ,20251013,7.6703,1.44,32.4417,3.3292,578547.3228,403338.7068
002968.SZ,20251013,12.3674,0.55,26.5815,2.2186,274248.673,258345.2635
300793.SZ,20251013,4.9139,1.17,250.0056,2.1624,646154.0538,631791.5208
002378.SZ,20251013,12.2365,0.98,88.8298,7.1805,1553433.0421,1545291.9301
600488.SH,20251013,1.1884,1.04,109.6319,1.4866,446581.6521,446581.6521
001268.SZ,20251013,5.1794,1.0,37.0326,3.2437,330383.9354,192638.9354
601198.SH,20251013,1.6262,0.83,21.0547,1.2924,3762566.5853,3762566.5853
600276.SH,20251013,1.369,0.83,60.4441,7.6039,44455964.7561,42726557.2313
605333.SH,20251013,5.1747,0.86,22.8819,6.5945,1582876.5175,1582876.5175
002035.SZ,20251013,1.5763,1.33,11.6445,1.4001,532326.4721,489851.3147
600929.SH,20251013,6.2732,2.78,220.183,1.3283,1005756.2415,1005090.4303
002049.SZ,20251013,5.3861,0.62,66.1126,5.901,7495383.2103,7494044.6924
301300.SZ,20251013,4.768,1.24,37.258,3.2255,256307.6,122155.8909
000565.SZ,20251013,5.1241,1.62,1030.6136,2.8868,361182.3193,361182.3193
605138.SH,20251013,4.0908,1.25,78.9177,1.6956,411677.4945,411677.4945
605365.SH,20251013,3.1572,0.75,22.9555,2.1165,775609.8934,775609.8934
002434.SZ,20251013,7.4515,1.14,40.5071,2.2883,1346727.6,1345435.9173
300008.SZ,20251013,4.8071,1.2,54.6429,4.9924,1111122.7325,1059207.5157
000523.SZ,20251013,1.783,1.21,11.3447,3.0264,576337.0968,416100.2884
600028.SH,20251013,1.4174,1.66,17.9955,0.7952,64951200.9421,50835218.1201
002530.SZ,20251013,7.1498,0.76,388.7106,6.6189,860234.7852,767416.1607
002348.SZ,20251013,3.346,0.81,,8.7203,374144.0,356895.5346
300331.SZ,20251013,14.0777,1.09,,5.8422,911154.9616,737647.8387
688219.SH,20251013,5.5083,1.44,34.5755,2.4717,704560.0678,704560.0678
603389.SH,20251013,7.0698,0.54,,43.1066,976911.936,976911.936
002825.SZ,20251013,23.2073,5.35,21.2417,2.3599,376030.1748,282454.9528
605018.SH,20251013,4.2637,1.34,62.5839,1.985,532584.5435,532584.5435
688575.SH,20251013,0.987,1.01,53.514,3.104,828259.7136,828259.7136
002132.SZ,20251013,4.0708,0.86,223.2875,1.5978,555011.7004,554194.9338
688020.SH,20251013,7.766,0.69,,3.5625,483860.878,483860.878
688186.SH,20251013,13.5452,1.31,32.6601,1.8015,839224.1532,839224.1532
603226.SH,20251013,11.7987,1.3,,18.24,1670811.319,1670811.319
300659.SZ,20251013,13.7354,4.62,,3.2784,408034.8563,298251.3863
300986.SZ,20251013,5.542,1.13,33.9258,2.3472,482833.4987,482648.7306
600118.SH,20251013,9.8024,1.46,,7.0915,4469808.9303,4469808.9303
603312.SH,20251013,4.576,0.58,28.0666,4.8573,772317.5865,245788.4265
300036.SZ,20251013,4.1442,1.36,,3.1949,850022.4143,756374.1653
000837.SZ,20251013,5.6384,0.96,250.8553,2.8334,1375987.8741,1358984.4036
688699.SH,20251013,3.6638,0.79,,3.4286,412302.1414,412302.1414
300413.SZ,20251013,3.9033,0.94,55.8974,2.5969,5941409.3084,3244919.0666
000430.SZ,20251013,2.2087,0.62,,12.1466,311709.6182,255438.876
601238.SH,20251013,1.8864,1.19,,0.69,7678390.6227,5559924.289
301613.SZ,20251013,5.1114,1.18,32.4243,4.8553,748981.3731,187245.8028
920855.BJ,20251013,5.1851,1.3,32.7205,2.6407,149242.466,133947.5988
600117.SH,20251013,3.1299,1.18,,2.494,1083953.2474,1083953.2474
300517.SZ,20251013,8.646,0.69,218.1807,2.2845,233280.2641,144364.9522
000601.SZ,20251013,2.4252,0.82,926.2207,1.3591,556484.1095,548853.6548
600919.SH,20251013,1.9374,1.78,5.6731,0.7705,18920215.5214,18920215.5214
300980.SZ,20251013,9.4787,0.93,107.9818,2.7011,375795.8259,267390.3971
605266.SH,20251013,2.3786,1.22,23.0424,1.2208,317122.0883,317122.0883
603326.SH,20251013,11.4829,1.43,17.1967,2.6292,289493.4755,289493.4755
688236.SH,20251013,3.4148,0.73,54.8223,3.0249,879522.5705,661365.404
002241.SZ,20251013,8.3084,1.09,40.9627,3.5116,11702353.6768,10341158.1175
300775.SZ,20251013,3.8312,1.37,42.9769,2.4636,1387464.7129,1347012.1548
300043.SZ,20251013,8.013,0.66,,4.856,807484.7622,807057.1361
603685.SH,20251013,6.9773,1.78,243.8219,2.5585,317521.4358,317521.4358
688526.SH,20251013,2.2456,0.94,18.3491,2.0353,825046.6591,825046.6591
000301.SZ,20251013,0.6995,0.93,,1.8908,6360003.4207,6357430.4824
920002.BJ,20251013,4.021,0.73,78.0985,6.8662,481057.3777,336802.4271
600638.SH,20251013,3.6362,0.51,24.9955,0.8834,404038.0716,404038.0716
300417.SZ,20251013,6.2052,1.47,,3.8122,174663.0336,113655.7849
002756.SZ,20251013,4.4617,0.67,31.726,1.7089,2144006.8246,1545981.7593
920245.BJ,20251013,3.2778,0.79,84.1037,4.3371,148289.88,113379.9506
688022.SH,20251013,4.7482,1.03,,4.0002,270324.984,270324.984
002404.SZ,20251013,2.7763,0.87,21.5329,1.7916,347231.9554,282587.9995
600057.SH,20251013,2.2442,1.12,12.2393,1.2496,2046263.9075,1620265.0385
000921.SZ,20251013,3.6222,0.81,10.3398,2.4636,3524471.6802,2336621.6683
002496.SZ,20251013,1.2526,1.23,,1.7557,235183.9896,173542.5543
601018.SH,20251013,4.3486,1.51,13.8666,0.9235,7295395.6496,7295395.6496
600749.SH,20251013,7.6282,0.73,193.6251,3.9579,413531.172,413531.172
002657.SZ,20251013,5.4799,0.64,,6.1372,1075584.4602,1063675.8284
001259.SZ,20251013,5.2123,1.42,,2.6276,187872.4311,121381.1059
000981.SZ,20251013,29.9076,1.05,,34.7491,4308909.9527,4100256.4761
301032.SZ,20251013,5.9067,1.57,37.3922,2.5773,305757.1512,202718.6787
000408.SZ,20251013,2.0787,0.92,30.7812,6.7049,9490444.4028,9490344.6768
002164.SZ,20251013,13.0556,1.15,131.294,5.1611,724820.5644,653453.8469
301077.SZ,20251013,12.2989,1.31,30.8494,4.4659,499011.6129,279911.3135
300248.SZ,20251013,2.5078,1.19,60.4869,2.8393,594959.1429,510982.2731
001285.SZ,20251013,24.9593,,36.1314,2.9182,1049718.1,236671.2934
002491.SZ,20251013,4.471,0.85,242.2396,2.6287,645747.1125,617646.1573
688234.SH,20251013,5.2457,0.6,435.7976,5.1957,3835755.7758,3401162.9133
301255.SZ,20251013,7.8859,0.99,115.7193,4.6972,487424.0,121856.0
002766.SZ,20251013,6.0276,0.74,112.0175,4.2895,487778.7004,483235.6221
002115.SZ,20251013,13.0634,0.79,,4.3795,909121.2832,843211.1914
300904.SZ,20251013,16.0305,0.65,,9.7333,650290.9563,197497.3563
688700.SH,20251013,3.1395,0.92,198.2021,6.3561,1111843.4674,1111843.4674
002408.SZ,20251013,1.8307,1.41,,1.2303,1421422.0935,1375544.102
301488.SZ,20251013,14.748,0.74,141.2968,10.7976,1424160.0,362420.6702
603208.SH,20251013,10.6564,1.46,204.3425,2.2825,286488.2139,286488.2139
688122.SH,20251013,10.3187,1.15,49.6788,7.2817,4960188.4346,4960188.4346
301286.SZ,20251013,10.1863,3.09,57.0675,5.9451,1096674.1,442066.8299
920227.BJ,20251013,2.564,0.88,56.0602,5.8625,229715.9085,103962.2299
688681.SH,20251013,4.682,1.46,45.8224,3.2089,186312.6,186312.6
002935.SZ,20251013,3.3653,1.5,117.6826,4.3203,671354.2702,657088.8678
600496.SH,20251013,2.7481,1.29,12.5164,0.8206,736346.0831,736346.0831
600423.SH,20251013,3.1289,1.42,165.3865,5.3506,297114.5497,297114.5497
600491.SH,20251013,3.2073,1.22,,0.5176,524706.9786,524706.9786
300746.SZ,20251013,3.0313,1.03,,4.0458,307004.1261,304021.812
688282.SH,20251013,21.9129,3.41,595.7067,4.349,551584.0,551584.0
601133.SH,20251013,7.1415,0.94,35.1952,2.4126,690648.0986,195397.8612
301033.SZ,20251013,3.1889,1.31,50.533,6.5977,473810.651,398807.6225
002278.SZ,20251013,4.5833,0.84,62.1186,2.9094,341347.2498,313288.868
301128.SZ,20251013,22.5451,2.1,89.8438,11.3758,942867.1761,804228.8099
300869.SZ,20251013,4.2647,1.92,,3.7199,648912.1583,409178.3558
601633.SH,20251013,2.0404,1.23,17.0719,2.5423,20401966.755,14802835.4574
603922.SH,20251013,4.3513,0.83,436.6519,3.8045,392806.4,392806.4
600789.SH,20251013,2.3257,0.97,43.8879,2.242,884290.9179,884290.9179
600916.SH,20251013,5.786,1.06,26.5761,2.0095,1443120.0,1443120.0
003016.SZ,20251013,16.7707,1.84,,1.2791,343145.6354,335280.3991
605189.SH,20251013,10.9373,1.03,59.2131,1.8684,331483.4084,331483.4084
301421.SZ,20251013,41.0377,1.11,683.5075,12.9708,1530949.14,612661.2566
300213.SZ,20251013,3.7325,0.88,155.652,2.5387,558108.4157,518536.3341
603416.SH,20251013,5.0904,1.56,41.4448,3.5519,949274.482,842749.705
001356.SZ,20251013,4.203,0.79,48.7473,4.2144,862175.16,183212.2215
000550.SZ,20251013,5.4923,1.33,13.2586,1.715,1822244.754,1094475.7308
002582.SZ,20251013,2.5424,0.94,,1.3225,410995.8439,316014.3424
001298.SZ,20251013,6.1126,0.63,220.7549,6.1134,973622.0669,505398.3146
300173.SZ,20251013,4.4085,0.95,77.2929,4.3386,423936.7277,423936.7277
002455.SZ,20251013,5.9212,1.12,71.8998,2.4468,436778.5738,381632.4595
600512.SH,20251013,2.82,1.28,156.5148,0.6315,395265.1228,393676.4804
601877.SH,20251013,3.0353,0.75,14.4055,1.5138,6492035.2765,6492035.2765
600126.SH,20251013,6.657,0.55,,1.6213,3127277.0909,3127277.0909
688510.SH,20251013,3.6692,1.1,57.0671,5.905,687814.5025,687814.5025
300151.SZ,20251013,7.1789,1.2,85.568,4.9519,763617.6579,528530.7982
000726.SZ,20251013,3.7363,1.78,9.2069,0.5741,553316.5432,398548.0085
002813.SZ,20251013,7.8475,0.81,,11.3097,308280.0,307910.2567
301528.SZ,20251013,4.1341,1.0,67.857,2.4092,364157.7,187373.297
301167.SZ,20251013,5.2554,1.06,90.3811,1.9261,180768.0,114784.2841
001286.SZ,20251013,2.4317,1.56,12.2615,1.3753,3435000.0,961800.0
600203.SH,20251013,6.3776,1.03,,4.7986,799940.9226,799940.9226
002274.SZ,20251013,1.4954,1.02,74.0312,1.1025,600942.0916,591782.801
000852.SZ,20251013,2.595,1.16,103.9692,1.9515,615643.1917,609055.7782
002390.SZ,20251013,4.4486,0.8,77.3813,1.0816,725056.7468,719076.2013
601228.SH,20251013,2.2993,1.42,27.8168,1.2054,2534962.5339,2534962.5339
601326.SH,20251013,2.7481,1.38,12.5337,0.9713,1933244.552,1646115.414
300587.SZ,20251013,4.5042,0.79,,4.5477,1069773.4887,866796.5091
300708.SZ,20251013,5.4605,0.85,43.021,3.4941,858168.4416,648953.0282
688070.SH,20251013,4.5104,1.0,,8.2591,478975.02,478975.02
002997.SZ,20251013,5.7056,1.1,18.8243,3.353,782233.7915,782233.7915
301171.SZ,20251013,16.2689,1.02,60.4564,4.0783,1471812.1377,1164595.4597
301662.SZ,20251013,9.9913,0.75,50.2123,6.7725,993200.0,195863.0749
002170.SZ,20251013,4.651,0.94,14.9853,3.1199,1071606.7506,868966.3679
300075.SZ,20251013,2.2998,0.9,,2.8185,988218.0814,820062.6153
001309.SZ,20251013,17.1648,1.22,,18.3966,4333527.7952,3063294.3473
000820.SZ,20251013,1.4428,0.99,,10.8246,164225.0155,75429.5868
000901.SZ,20251013,7.8886,0.85,141.8243,3.1911,1380090.231,1380076.3557
002506.SZ,20251013,2.8413,1.19,,7.2849,1462579.1068,1461107.8193
002109.SZ,20251013,2.3596,0.96,,1.1165,481153.7338,481153.7338
002007.SZ,20251013,1.7081,1.15,25.5699,2.4765,2975099.4522,2561988.287
301367.SZ,20251013,2.042,0.82,38.8225,2.5784,754521.6,475995.2145
300035.SZ,20251013,10.3763,1.04,30.0557,3.1856,1520961.7829,1294449.5005
002084.SZ,20251013,40.8282,4.58,,1.8459,265529.0324,264944.7557
920438.BJ,20251013,5.8735,0.84,174.7717,6.2131,607446.0,585455.01
688128.SH,20251013,13.9568,1.48,25.5517,4.1171,1350625.5,1350625.5
300137.SZ,20251013,2.0107,1.2,,2.2358,369168.5605,364663.4649
300072.SZ,20251013,2.0701,0.94,,1.4477,859997.6305,853278.2248
000825.SZ,20251013,3.0217,1.21,,0.7212,2375335.3309,2375335.3309
300332.SZ,20251013,4.7988,0.99,55.2572,1.2052,509553.8447,488655.3295
301045.SZ,20251013,4.2887,0.65,108.1968,2.9028,294550.0159,170767.8173
688116.SH,20251013,4.7997,0.73,88.27,6.0382,2219380.7187,2088099.2292
300181.SZ,20251013,2.6352,1.46,22.1124,4.2593,1294059.6331,1112370.6456
603637.SH,20251013,2.9891,0.59,33.2929,2.8436,285945.6806,285945.6806
000968.SZ,20251013,3.6087,1.49,15.3252,1.1114,683056.878,683056.878
603890.SH,20251013,6.9258,0.91,21.5267,2.0805,598119.5782,598119.5782
601827.SH,20251013,1.3479,0.98,11.6768,1.2015,1377673.0392,1377673.0392
605179.SH,20251013,5.5781,1.21,238.0917,7.4267,826060.0,826060.0
600089.SH,20251013,7.9009,1.22,23.246,1.5025,9959054.1574,9959054.1574
301267.SZ,20251013,3.9094,1.41,36.8001,2.8014,1638000.0,641216.3063
300514.SZ,20251013,5.3245,0.99,18.0889,2.8822,298400.0,239105.4209
600756.SH,20251013,7.3612,1.89,,2.3336,507538.6472,507538.6472
300327.SZ,20251013,5.0581,0.92,86.8569,5.2201,904630.9558,901835.1687
002679.SZ,20251013,7.3957,0.89,88.1447,3.426,252730.432,252730.432
600825.SH,20251013,2.6916,1.19,159.8466,2.795,690670.8689,690670.8689
603313.SH,20251013,3.2969,0.37,,1.2964,485569.4391,485569.4391
688202.SH,20251013,4.4179,0.77,,3.9693,827340.7491,827340.7491
000633.SZ,20251013,6.5123,1.55,201.9948,13.636,264182.9719,264181.0168
002757.SZ,20251013,3.9132,0.78,,2.6149,512911.465,489645.6069
920719.BJ,20251013,10.7539,1.09,,2.6726,150438.9344,118280.9578
688605.SH,20251013,22.0893,1.31,78.7722,10.5342,1637657.7948,327531.792
301047.SZ,20251013,2.403,1.05,73.6851,1.6674,874446.5382,859665.0844
920491.BJ,20251013,4.882,0.78,49.7255,4.433,454057.6101,371805.0034
603829.SH,20251013,11.2882,1.02,27.5997,3.1628,342672.9185,342672.9185
002646.SZ,20251013,1.3769,1.08,328.3614,1.6,458985.4391,455940.5798
003025.SZ,20251013,4.0702,1.42,29.2635,3.2543,389584.2816,310642.6532
300552.SZ,20251013,4.4084,1.0,,3.0645,555211.7568,358871.1197
300801.SZ,20251013,7.294,0.81,46.3935,2.2978,569228.58,355695.8718
601369.SH,20251013,1.9906,1.14,14.661,1.7064,1461506.3692,1446514.997
002518.SZ,20251013,6.6093,0.64,54.9138,5.2966,2363251.6565,2293904.9404
600597.SH,20251013,1.9359,1.03,17.7623,1.1981,1170324.2248,1170308.6032
603515.SH,20251013,0.9988,1.11,14.4265,2.2236,1280110.1464,1264788.3278
603105.SH,20251013,4.8035,0.81,24.1048,2.2888,469506.7805,469506.7805
603132.SH,20251013,7.8161,1.06,27.3903,4.6139,1412232.0,1412232.0
002913.SZ,20251013,10.7867,1.1,39.2088,2.9251,1280866.9941,1217601.3623
600956.SH,20251013,5.0478,1.33,20.5102,1.5872,3393994.3099,1894907.5623
601818.SH,20251013,3.1733,1.18,4.7318,0.4084,19793659.6054,15546283.2129
600926.SH,20251013,1.7409,1.56,6.1223,0.8878,11417179.0131,11417179.0131
002166.SZ,20251013,2.0255,1.05,42.2453,1.8887,575488.9138,571517.3458
920047.BJ,20251013,2.6983,1.04,,21.4184,668126.5287,438739.2562
000529.SZ,20251013,2.477,0.97,27.8386,1.0919,346771.456,338511.3199
300559.SZ,20251013,5.7253,0.73,174.6768,5.0111,601269.4233,468260.9337
603189.SH,20251013,13.4019,0.82,639.7385,3.9607,594623.6579,594623.6579
688426.SH,20251013,3.3103,0.88,,2.2447,316332.3294,106837.2496
001389.SZ,20251013,3.7746,0.92,37.2652,9.3157,3161196.99,1116899.6227
600841.SH,20251013,3.9067,0.66,,2.6703,857673.8625,644589.1311
300968.SZ,20251013,6.4156,0.85,212.5174,3.2374,608908.74,608908.74
300634.SZ,20251013,5.6087,0.88,48.4875,4.2552,1200220.994,1155965.51
300295.SZ,20251013,4.1419,1.57,,2.0587,231328.7311,204381.5834
688370.SH,20251013,10.9018,1.92,93.4785,1.5271,401451.8697,128097.4116
300068.SZ,20251013,6.5448,0.53,,4.3996,1683209.3324,1598527.8356
301106.SZ,20251013,5.5692,1.38,31.357,2.4106,300494.2876,300494.2876
300126.SZ,20251013,11.8959,1.01,,2.872,301221.9816,208756.8297
920578.BJ,20251013,4.1323,0.87,254.0646,7.7577,209093.8512,62882.0
605081.SH,20251013,2.7284,3.43,,1.4738,135217.004,135217.004
301317.SZ,20251013,4.9027,1.12,12.7104,3.7946,511967.83,145913.6
301306.SZ,20251013,9.7021,1.28,,4.9643,476353.6,329045.2
688348.SH,20251013,4.8476,0.59,65.5958,2.3762,861713.7766,861713.7766
002114.SZ,20251013,7.5125,0.86,,3.0833,261950.1663,261946.5666
688590.SH,20251013,3.6513,0.78,338.3168,4.072,581792.0746,581792.0746
002301.SZ,20251013,2.0316,1.14,82.3046,1.4746,457309.2295,455205.8014
603639.SH,20251013,2.2648,0.85,22.4203,1.4331,494862.8572,494862.8572
600130.SH,20251013,2.5037,1.11,907.8718,2.9182,282000.0,282000.0
605377.SH,20251013,5.4006,1.43,16.4199,1.3974,529393.4249,529393.4249
300094.SZ,20251013,3.9073,0.92,,3.2364,418550.0509,410146.955
300862.SZ,20251013,2.0067,1.13,,2.173,427944.2968,351109.7942
000692.SZ,20251013,3.3885,1.21,,43.4284,190221.3724,190221.3724
600299.SH,20251013,2.9264,1.47,19.2179,1.5261,2569261.4195,2569261.4195
688408.SH,20251013,3.7648,0.79,18.2716,2.3546,1019532.6334,1019532.6334
300596.SZ,20251013,4.6789,1.09,20.311,1.9688,908834.642,882811.2828
920092.BJ,20251013,4.8387,1.23,,6.1027,228391.2163,117469.3847
920185.BJ,20251013,4.6495,0.87,37.6595,2.8332,3449656.2659,3394069.3708
688529.SH,20251013,3.0526,0.87,,1.8027,339547.2491,339547.2491
688616.SH,20251013,3.2056,1.19,21.7921,2.8428,233191.7445,233191.7445
603289.SH,20251013,10.1722,1.01,32.8165,2.1421,309227.4011,309227.4011
000029.SZ,20251013,2.7871,0.65,,8.2882,3001595.22,2645555.22
002016.SZ,20251013,4.8011,1.09,193.0557,1.0166,487075.5705,487075.5705
300760.SZ,20251013,1.846,1.2,31.0757,7.6141,28516621.5869,28515780.1589
301603.SZ,20251013,6.7487,0.85,33.2014,4.0154,895797.68,279899.685
301216.SZ,20251013,5.6997,0.65,,1.9378,1151083.6908,1087095.9937
601899.SH,20251013,2.8789,1.02,20.6637,6.1794,83187806.4322,64440247.0042
002887.SZ,20251013,5.0259,1.19,24.618,1.2702,289463.5809,184092.1033
002392.SZ,20251013,3.4081,0.94,36.7067,2.1485,1186919.3665,1140449.7389
300573.SZ,20251013,5.2711,1.19,33.2431,10.5522,1674015.8517,1285799.5014
002713.SZ,20251013,0.9358,0.75,,,276894.4068,271590.5485
000963.SZ,20251013,1.716,1.13,19.3667,3.0393,7031870.3814,7023512.3381
300650.SZ,20251013,15.1617,0.68,82.425,3.0947,389003.6965,303555.3977
301370.SZ,20251013,2.7309,1.15,42.0572,2.0233,504012.6,346734.7088
688173.SH,20251013,4.5515,0.83,,4.5432,668298.2714,662297.7135
002511.SZ,20251013,2.8563,1.76,77.595,2.0137,1084416.4964,1066682.4015
300061.SZ,20251013,3.4287,1.26,,13.6906,743344.8677,701807.4272
603367.SH,20251013,6.8595,1.29,19.6883,1.5349,920901.8984,920901.8984
002966.SZ,20251013,1.7311,1.25,7.1362,0.7555,3746414.7652,3684033.2181
000758.SZ,20251013,19.1824,2.39,28.7171,2.5505,1516801.0279,1505779.3189
920106.BJ,20251013,2.6184,1.45,37.996,9.5849,486880.3485,255308.1471
920225.BJ,20251013,30.7693,11.53,30.3803,4.9256,345219.3917,225167.4589
688379.SH,20251013,10.2737,0.81,29.7648,4.2979,472858.8945,472858.8945
000507.SZ,20251013,1.9715,1.7,18.3118,0.961,500335.7829,490880.8235
000757.SZ,20251013,11.5833,1.48,105.0124,1.9157,302582.742,302577.0194
000876.SZ,20251013,1.9158,0.99,18.1322,1.9888,4435038.0515,4431807.0013
688087.SH,20251013,1.4474,0.78,17.8041,1.9861,530545.7549,509195.1697
002747.SZ,20251013,6.7692,1.01,,10.9102,2160996.7819,1941147.1846
600300.SH,20251013,2.0343,1.02,14.2696,1.5981,543359.7725,543359.7725
000609.SZ,20251013,3.801,0.75,,22.3584,128684.1745,125155.057
002705.SZ,20251013,3.6445,1.39,10.8523,1.5009,1251912.4528,1246095.4428
601368.SH,20251013,2.1426,1.94,92.9824,0.9217,437071.6731,437071.6731
603348.SH,20251013,8.7562,1.56,156.5667,1.6868,725813.3591,725813.3591
920046.BJ,20251013,6.0505,1.5,102.4642,5.8551,144442.2,73454.5164
601919.SH,20251013,1.7573,1.22,4.4944,0.9638,22367205.8431,18208746.4851
300052.SZ,20251013,2.7606,1.05,,7.8898,300351.9404,300343.3379
301560.SZ,20251013,3.9845,0.81,46.4164,4.4882,429612.8,81610.8868
688004.SH,20251013,9.8775,1.8,,3.8709,228010.536,228010.536
600624.SH,20251013,7.2236,1.22,,5.3846,342390.8588,342390.8588
300923.SZ,20251013,6.6948,1.66,44.0653,1.7749,199722.6,194306.4585
600720.SH,20251013,1.1784,1.28,10.469,1.1696,1762249.3939,774950.2241
600715.SH,20251013,4.1132,1.28,,9.5892,1075861.1775,705528.6439
300555.SZ,20251013,2.6415,1.12,,4.289,210000.0,207884.1062
600989.SH,20251013,3.1168,1.39,14.7495,3.0248,12906713.6,12906713.6
600562.SH,20251013,5.643,0.94,66.1365,6.7955,4191270.21,4191270.21
600282.SH,20251013,2.377,0.96,13.3424,1.2682,3322984.0549,3322984.0549
000166.SZ,20251013,1.6582,0.98,18.2189,1.2373,13421410.2842,12079031.9214
688566.SH,20251013,7.7016,2.03,26.8455,2.8775,662110.4718,662110.4718
600741.SH,20251013,2.1664,0.94,9.428,1.0091,6327517.0359,6327517.0359
300232.SZ,20251013,4.1831,0.99,68.2256,1.7736,822694.7843,668818.2095
688631.SH,20251013,8.2765,1.23,146.6387,8.2712,1513732.2,600696.2
001317.SZ,20251013,11.5279,1.25,,4.5544,390733.4852,149183.1818
605305.SH,20251013,11.4473,1.45,19.3802,3.1595,845829.6,845829.6
300558.SZ,20251013,2.8274,1.01,86.2288,4.9095,2746550.5271,2737795.2845
000707.SZ,20251013,1.8409,1.19,,1.2767,375973.1551,298445.7269
603138.SH,20251013,8.3143,1.76,,6.3437,498701.9889,480449.532
600732.SH,20251013,4.0904,0.99,,4.971,3330434.1289,2493704.0232
002599.SZ,20251013,4.5519,1.24,,3.5231,430937.9477,321987.4494
920006.BJ,20251013,7.5817,1.46,,8.109,260930.008,99103.5216
002423.SZ,20251013,5.1425,0.89,34.7793,1.4057,3071372.7315,3071372.7315
600855.SH,20251013,4.1019,0.92,,4.3408,674232.9856,672933.5686
600379.SH,20251013,5.791,1.32,54.2774,5.7245,443130.4989,443130.4989
301175.SZ,20251013,4.0804,1.51,22.7554,2.2364,803646.48,339546.48
920985.BJ,20251013,2.3491,1.09,,2.2605,276052.7704,195631.5302
600838.SH,20251013,1.7676,0.95,79.6251,2.1923,335137.3361,335137.3361
300300.SZ,20251013,4.6312,0.89,82.1008,19.7106,322753.978,322733.4322
002305.SZ,20251013,7.0619,1.01,,,352045.8013,352022.965
300769.SZ,20251013,10.3506,0.76,,2.3183,1198644.3923,1077018.4909
688768.SH,20251013,2.4795,0.95,34.1492,3.9755,413546.9511,410138.6803
688349.SH,20251013,2.7216,0.82,24.9447,2.9739,3962512.0187,798851.8745
920564.BJ,20251013,4.4809,0.98,248.6602,6.4197,199681.2147,90795.3431
002833.SZ,20251013,2.0065,1.13,15.4286,2.5478,707194.6306,481017.0358
600320.SH,20251013,2.9918,1.05,42.5933,1.5742,2433979.3175,1534762.9194
688552.SH,20251013,6.3871,0.68,1001.2477,5.4354,1418127.84,365109.852
603116.SH,20251013,2.1297,1.17,,1.2527,330739.2592,330739.2592
000060.SZ,20251013,9.2244,1.43,20.7843,1.5704,2283676.6403,2283642.2716
688120.SH,20251013,5.2348,0.88,53.7531,8.5399,5892323.399,5892323.399
300873.SZ,20251013,5.7203,1.09,21.3427,1.9045,583653.1026,422271.2427
300641.SZ,20251013,3.028,0.96,7.6813,3.7816,1178293.2963,1178293.2963
301501.SZ,20251013,5.1485,1.06,29.19,3.5039,702081.3,175520.325
300473.SZ,20251013,5.2669,0.93,70.5336,2.7312,458505.3077,455701.8136
600727.SH,20251013,1.8378,1.26,20.5735,1.2247,396437.3513,396392.3513
002871.SZ,20251013,5.4792,0.97,28.7293,3.7023,398180.9289,242357.0678
301373.SZ,20251013,3.1439,1.1,25.17,2.17,349605.5493,123997.5862
600846.SH,20251013,3.692,0.81,29.0672,2.2635,927770.8513,927770.8513
600928.SH,20251013,3.2728,1.46,6.5835,0.511,1760000.0002,1751648.2101
920974.BJ,20251013,2.5085,1.01,63.6799,2.2557,142669.8,112161.2116
002902.SZ,20251013,8.0631,0.99,,6.1388,540755.8517,408731.798
301019.SZ,20251013,8.0986,0.63,31.2117,3.1261,329111.9902,212412.9145
300640.SZ,20251013,5.0931,1.36,144.0644,2.4838,199968.7736,141941.6906
002460.SZ,20251013,12.7445,1.13,,3.4752,14348923.8185,8424654.7538
002520.SZ,20251013,5.0573,0.88,,16.5128,452397.8381,432616.4231
688111.SH,20251013,13.3134,2.83,89.1792,12.8051,14900477.8558,14900477.8558
600905.SH,20251013,1.6464,1.31,21.0716,1.4006,12407040.1616,12407040.1616
600346.SH,20251013,1.3777,0.79,19.9033,1.9312,12093173.4323,12093173.4323
920870.BJ,20251013,9.6915,1.0,114.2219,5.9528,263980.0,130025.713
600104.SH,20251013,1.6253,0.8,182.7451,0.6569,19300570.9292,19300570.9292
300319.SZ,20251013,5.4376,0.99,32.3124,2.3641,1092716.1565,1030436.7999
603220.SH,20251013,5.5001,0.83,117.4721,5.3947,1057839.9621,1057839.9621
301507.SZ,20251013,2.1579,1.02,50.3744,3.0955,488479.4321,149609.2855
300695.SZ,20251013,5.2389,0.91,73.3068,4.046,1058870.448,1058870.448
300214.SZ,20251013,3.9113,1.14,,1.4777,357510.1102,310338.8596
920522.BJ,20251013,3.9151,0.83,83.8411,9.0232,960098.16,796479.4425
600735.SH,20251013,0.1045,0.01,,1.6054,195522.8679,194006.0331
300446.SZ,20251013,3.6752,1.41,18.1642,2.6746,1446496.6999,639161.4526
688272.SH,20251013,3.7075,0.91,,3.9484,190304.0,190304.0
605001.SH,20251013,3.7045,1.09,43.2968,1.1201,298593.36,298593.36
600796.SH,20251013,5.0764,0.74,27.6561,1.5124,511285.6019,183771.9545
002979.SZ,20251013,5.4811,1.17,69.1564,8.9003,1404209.5861,987785.7629
600760.SH,20251013,4.1464,0.76,68.8808,9.2993,20058295.1016,19443415.8863
002907.SZ,20251013,3.0996,1.09,81.302,4.0631,678594.0103,487361.0788
002951.SZ,20251013,10.4374,0.51,380.8516,3.385,597375.0,597370.0219
688101.SH,20251013,3.2159,1.13,15.9631,1.3137,557448.2588,557448.2588
688505.SH,20251013,1.8436,1.11,,4.1375,943280.611,646620.611
605589.SH,20251013,3.9095,1.13,26.3841,2.7504,2737264.0615,2526878.7852
605158.SH,20251013,3.3831,1.35,30.8521,1.7474,438286.94,438286.94
688193.SH,20251013,2.4372,1.09,,2.063,188408.5287,188408.5287
920149.BJ,20251013,3.2777,0.94,,6.6002,102846.3876,84896.6702
301486.SZ,20251013,5.1146,0.76,52.0136,4.1523,1087097.0458,612089.3222
000589.SZ,20251013,4.7374,1.24,16.886,0.8649,738476.9919,730153.8519
300612.SZ,20251013,4.0678,1.3,,5.0121,246500.8415,245715.3915
603396.SH,20251013,4.4111,0.79,78.2871,1.5274,393418.0375,393418.0375
301348.SZ,20251013,9.4921,0.82,463.9424,3.6869,554400.0,358371.4827
300235.SZ,20251013,4.5079,0.71,292.3934,4.4384,308893.1211,249245.7751
301372.SZ,20251013,4.8319,1.16,,2.3051,181165.7181,108772.3157
600360.SH,20251013,2.9221,1.29,46.771,2.2869,781680.3775,781680.3775
300161.SZ,20251013,3.8068,1.01,,3.9045,591520.6892,580499.8262
001282.SZ,20251013,25.4105,1.49,32.5007,3.0273,484142.4224,170321.0992
300779.SZ,20251013,11.108,1.49,2660.4353,25.9788,3368641.4446,2689594.0236
300434.SZ,20251013,3.3559,1.26,32.2944,1.5368,382058.4223,325357.1528
000695.SZ,20251013,4.8061,1.1,,20.6154,247694.506,247319.6709
920112.BJ,20251013,2.5204,0.71,24.2428,3.8284,333545.35,91132.373
000905.SZ,20251013,4.5139,1.32,29.4816,1.2343,624603.6807,624602.4177
301332.SZ,20251013,3.2932,1.41,31.4467,1.5563,450023.4375,258275.0625
688392.SH,20251013,11.3244,1.64,86.3067,6.8108,1196682.9424,1196682.9424
000676.SZ,20251013,4.3251,1.12,62.1643,2.8306,1203290.0435,1202566.6339
301278.SZ,20251013,3.0221,0.79,71.53,2.1387,302495.8582,151682.2073
920725.BJ,20251013,16.3287,1.7,,4.1478,252192.825,116260.8564
300989.SZ,20251013,3.5206,0.94,,3.6052,356310.6529,254385.6272
920068.BJ,20251013,4.569,1.37,95.956,10.0285,1267930.429,121270.0408
000573.SZ,20251013,5.274,1.74,45.4571,1.6506,273822.3791,271541.9074
300819.SZ,20251013,17.3189,1.76,59.5924,4.3687,374952.165,338657.5343
300521.SZ,20251013,4.8918,0.93,,8.1063,429056.06,429056.06
600639.SH,20251013,3.218,0.93,14.6652,0.8795,1245878.3112,943762.7403
001378.SZ,20251013,1.8288,1.59,38.0832,1.5953,298533.9304,147234.8846
301149.SZ,20251013,2.2116,1.23,29.6161,2.3712,464830.0195,282388.2398
600835.SH,20251013,4.1938,0.76,29.7784,1.9499,2686736.1621,2118686.7961
603028.SH,20251013,4.6554,1.26,,4.4867,230493.12,230493.12
688691.SH,20251013,25.8877,1.36,,13.4168,1728000.0,1029096.144
002841.SZ,20251013,2.176,1.3,29.8841,2.0638,2610758.0603,1955566.7679
603112.SH,20251013,6.9575,0.95,17.0953,2.149,905806.5458,848733.8446
002421.SZ,20251013,2.4866,1.11,,2.1487,708274.2674,670235.2967
600736.SH,20251013,4.2892,0.77,42.2118,0.9427,690775.7442,690775.7442
688311.SH,20251013,3.348,0.98,,3.7974,600966.5037,600966.5037
601007.SH,20251013,3.2074,0.94,84.1621,1.7898,280410.0,280410.0
600059.SH,20251013,2.6584,2.16,43.2894,1.4849,870523.0044,870523.0044
000932.SZ,20251013,3.2486,1.21,18.1979,0.8148,4456067.9619,4456012.546
688475.SH,20251013,6.0018,1.26,51.7781,4.9187,2716875.0,1412775.0
300987.SZ,20251013,3.7658,1.2,142.1283,3.7643,296112.544,296112.544
688138.SH,20251013,14.1001,1.97,63.5379,4.1078,1112818.0,943138.0
688018.SH,20251013,5.6341,0.76,68.4203,12.6345,3071686.7566,3071686.7566
603920.SH,20251013,7.9372,1.0,39.5774,4.6432,2992619.8925,2992619.8925
601377.SH,20251013,1.429,0.76,22.2629,1.0299,5682479.6395,5682479.6395
300916.SZ,20251013,3.6465,0.98,42.4896,4.0813,546754.3465,353147.1275
300039.SZ,20251013,2.6698,1.4,17.7476,1.4794,630738.0,552906.5143
003026.SZ,20251013,8.5828,1.1,127.9697,7.4734,485812.012,358666.0294
688351.SH,20251013,2.8637,1.2,148.0053,5.6385,1002378.0,265951.5465
301099.SZ,20251013,10.3576,0.57,48.4104,4.5928,603089.675,369176.9102
300132.SZ,20251013,2.67,1.25,42.8426,2.4318,322346.4729,317042.7212
605166.SH,20251013,2.47,0.81,14.0583,1.8904,362882.891,362882.891
600326.SH,20251013,9.9521,1.37,,4.5662,1725916.3615,1725916.3615
001373.SZ,20251013,6.632,1.61,,2.3596,206747.5329,99726.5133
920029.BJ,20251013,3.199,1.07,18.7277,3.7523,1283729.4631,293865.7862
301337.SZ,20251013,4.2741,1.42,,2.6175,287279.4,101969.7817
300390.SZ,20251013,8.2182,1.06,,2.016,2156629.0456,1745904.9357
301100.SZ,20251013,6.2739,1.14,,2.0876,416200.0,182087.5
300706.SZ,20251013,11.8663,0.99,,8.7604,619930.139,459526.469
300069.SZ,20251013,12.2193,1.68,74.4852,8.6496,243360.0,243360.0
600730.SH,20251013,5.7037,0.89,219.1361,2.7429,493964.3537,493964.3537
301520.SZ,20251013,2.5408,1.19,47.776,1.8192,273800.0014,92091.2281
300604.SZ,20251013,14.1336,0.64,86.7417,15.3745,5816677.969,4479782.7876
920675.BJ,20251013,3.2134,1.16,38.9134,3.1557,192479.352,88341.9787
600269.SH,20251013,2.2213,1.51,8.0327,0.5983,1137343.2158,1137343.2158
300875.SZ,20251013,36.9372,2.54,,5.5815,534515.2569,470036.5958
300557.SZ,20251013,3.7773,1.28,82.3722,3.2611,319904.1432,315513.2316
300691.SZ,20251013,5.7318,1.3,,3.1546,502583.0949,412338.8082
300563.SZ,20251013,8.7122,0.47,132.39,6.9284,738356.6145,510770.5686
301357.SZ,20251013,55.096,1.7,,13.3826,1505873.6,376468.4
002725.SZ,20251013,9.7787,0.44,75.8131,3.9667,404992.0,335405.8458
000010.SZ,20251013,4.5349,0.79,68.9137,15.3004,467908.4828,318092.5232
603218.SH,20251013,9.933,0.68,31.8583,1.537,1547685.2075,1544110.4475
301312.SZ,20251013,6.0661,0.84,74.5216,5.0207,604295.1745,301855.5236
600036.SH,20251013,0.8717,1.29,6.8083,1.0002,101156800.7056,82742696.1047
603790.SH,20251013,7.4341,0.95,70.2953,3.341,412572.16,412572.16
600853.SH,20251013,3.9412,1.12,10.1467,1.2944,419809.1428,418736.9242
002596.SZ,20251013,5.0633,0.6,,6.5006,442966.0799,442558.7534
603658.SH,20251013,1.6459,1.09,19.1482,2.5943,2194271.1091,2194271.1091
002912.SZ,20251013,3.9802,1.09,56.4172,3.1125,491936.512,467361.6137
002227.SZ,20251013,3.9078,0.82,,3.3364,325369.5012,322914.9738
300822.SZ,20251013,3.9227,1.06,153.0973,4.2736,531792.2934,493292.3372
601188.SH,20251013,2.382,1.1,26.5182,0.9857,452662.2284,452662.2284
300983.SZ,20251013,2.8757,1.39,,1.3846,393292.8,269210.8903
301122.SZ,20251013,6.357,0.8,101.1741,1.6544,296078.9837,183201.6737
002010.SZ,20251013,3.7403,0.97,47.7876,0.9824,1775937.2136,1771484.009
601611.SH,20251013,25.9602,4.24,16.9439,1.4967,3230830.2753,3230830.2753
600693.SH,20251013,9.5208,1.72,114.7841,1.474,518428.3626,517895.8581
002940.SZ,20251013,7.3291,1.2,99.2619,4.9251,775846.6034,712569.4461
000039.SZ,20251013,3.206,0.94,13.1757,0.944,4459614.3584,1903263.7056
002508.SZ,20251013,1.9251,1.1,11.5825,1.6168,1771760.4675,1750409.6006
603020.SH,20251013,7.3063,2.16,22.4714,1.2345,404699.0893,404699.0893
300515.SZ,20251013,2.8337,1.12,25.4264,5.1099,413155.036,405136.6402
688562.SH,20251013,4.1083,1.55,,4.4413,744000.0,321817.2
301338.SZ,20251013,7.2264,0.77,61.1385,4.4546,673512.0,374419.5
000911.SZ,20251013,2.8558,1.31,129.5441,21.6674,291432.8275,291432.8275
601555.SH,20251013,2.409,0.8,15.7509,1.1551,4933921.9171,4933921.9171
002980.SZ,20251013,6.5129,0.89,39.6013,4.3989,466116.2548,247024.2532
600425.SH,20251013,7.4805,0.99,30.961,1.2141,768653.0757,660440.4512
301093.SZ,20251013,3.9175,0.66,116.1058,2.8885,654015.0684,625068.0862
600827.SH,20251013,1.6344,1.1,9.9428,0.7963,1596830.4647,1435982.6784
300718.SZ,20251013,6.3023,1.01,106.9162,15.8917,2563225.2984,1662970.8011
600330.SH,20251013,6.4414,0.74,212.6501,1.6559,1328408.866,1328408.866
300378.SZ,20251013,11.1096,0.71,93.1516,6.4234,1473934.4597,1463005.93
000708.SZ,20251013,2.7388,0.9,13.5439,1.7212,7040785.1715,7040785.1715
603501.SH,20251013,4.0618,0.91,41.8831,6.6853,16686681.5228,16686681.5228
603399.SH,20251013,6.0748,0.98,,3.1903,520487.2994,520487.2994
301616.SZ,20251013,5.4778,1.09,43.2711,3.2064,415040.0,103760.0
603288.SH,20251013,1.0301,0.99,33.4509,5.98,22763599.0322,21630736.1162
300158.SZ,20251013,6.3777,1.12,,1.8725,684622.7538,684202.8397
688017.SH,20251013,5.929,1.13,414.2928,8.7212,3022930.4311,3022930.4311
002626.SZ,20251013,3.5694,1.0,26.6837,2.83,1225358.9549,1225173.1224
600816.SH,20251013,2.3249,0.77,516.7799,2.1215,2992712.2692,1662617.9274
688670.SH,20251013,2.4633,1.08,,1.5316,189604.8,189604.8
301179.SZ,20251013,11.0997,1.59,48.321,3.0498,722271.9182,424184.7319
002909.SZ,20251013,3.8779,1.37,476.8489,2.8095,252330.0,246136.5168
688638.SH,20251013,3.814,0.88,,2.6595,240128.0,113464.8623
002043.SZ,20251013,4.3143,1.78,15.574,3.3251,948409.3706,841387.166
688563.SH,20251013,2.1297,0.9,45.4599,2.3802,2501100.0,650224.8231
000833.SZ,20251013,6.4097,0.92,28.7288,2.9363,1084415.1628,613405.1392
600833.SH,20251013,3.5476,0.65,62.3086,2.6656,294697.0644,294697.0644
603680.SH,20251013,5.2756,1.56,18.8072,1.7583,981999.6151,981999.6151
002188.SZ,20251013,6.9584,1.38,173.2147,5.889,188738.9295,148498.455
000778.SZ,20251013,3.8445,1.56,110.6791,0.6125,1589236.0963,1561335.8039
920027.BJ,20251013,4.8214,1.91,39.0865,4.8836,212265.38,102873.14
300593.SZ,20251013,7.4292,0.72,,4.6151,1099101.8982,912233.853
603530.SH,20251013,20.8362,3.54,50.8989,9.6051,1679252.9968,1662837.9709
688357.SH,20251013,4.6646,0.7,51.4504,2.3168,396337.1649,396337.1649
301389.SZ,20251013,8.3363,0.7,147.5155,7.2866,1575126.0,456020.0731
002107.SZ,20251013,2.631,1.3,52.3624,5.448,366528.096,361706.5728
603833.SH,20251013,1.3687,0.57,12.3214,1.7849,3237646.7068,3237646.7068
600545.SH,20251013,13.7421,2.11,,1.6798,548889.0522,548889.0522
002676.SZ,20251013,4.4949,0.93,96.717,5.2016,676080.0,676057.895
600758.SH,20251013,3.8687,1.17,25.8146,0.9416,528806.9576,528297.3576
300527.SZ,20251013,4.2004,1.49,562.2636,2.9871,847986.4902,847986.4902
688716.SH,20251013,6.2266,0.88,183.9259,4.4908,529551.36,304323.0438
000717.SZ,20251013,4.0725,1.33,,0.8698,688372.1476,688291.3141
688793.SH,20251013,2.6783,1.45,,8.3713,252679.5319,252679.5319
300908.SZ,20251013,1.5057,0.78,24.0982,2.4804,423400.0,357142.7546
601089.SH,20251013,3.2739,0.92,22.9944,2.9944,1071360.0,1071360.0
002168.SZ,20251013,1.3401,1.1,,,311312.8571,311312.8571
300230.SZ,20251013,3.7364,1.13,17.892,1.3264,425310.6296,329397.167
000782.SZ,20251013,7.1089,1.5,,2.431,422934.2095,325334.0078
300600.SZ,20251013,17.3288,2.04,,4.0554,500198.616,500198.616
002774.SZ,20251013,6.9074,1.7,29.8814,2.7002,318843.4413,266838.0224
000972.SZ,20251013,3.9477,1.54,,,295401.6108,295401.6108
000856.SZ,20251013,3.6756,1.12,161.5612,5.8101,245614.0,245614.0
603896.SH,20251013,1.3817,1.09,28.9687,1.8012,403822.8467,403822.8467
002430.SZ,20251013,5.3328,1.33,27.7057,2.8508,2671877.8018,2670025.9789
920152.BJ,20251013,2.6618,0.98,,6.3588,235042.3287,173442.346
688376.SH,20251013,6.3282,1.44,34.6903,3.6349,683827.2,259414.6768
002971.SZ,20251013,5.0944,0.92,99.0183,4.9031,778365.0,591691.7066
301299.SZ,20251013,3.4282,1.04,50.8719,5.8371,337225.4276,198804.4866
301386.SZ,20251013,8.0655,1.92,35.7107,2.2966,335300.0,102795.8046
301587.SZ,20251013,3.7203,0.37,75.7874,1.7763,353734.624,176360.749
688221.SH,20251013,3.9484,0.89,,4.9837,520289.749,520289.749
603931.SH,20251013,10.5791,0.97,46.274,3.801,601468.9573,601468.9573
688567.SH,20251013,4.7548,0.94,,2.3147,2276779.5378,2276779.5378
688530.SH,20251013,5.7433,1.61,526.8577,3.5308,296403.014,125525.2338
301363.SZ,20251013,3.5354,0.76,42.8721,3.6839,1324332.107,363757.9338
920533.BJ,20251013,7.9318,1.32,151.9927,12.4457,431760.6971,238437.0898
600301.SH,20251013,8.1097,0.67,30.0057,4.731,2072923.6287,902275.0266
600170.SH,20251013,9.4338,0.69,12.8217,0.8426,2630238.1642,2630238.1642
002645.SZ,20251013,23.456,1.39,,2.8398,1083865.8217,965267.8806
603589.SH,20251013,1.1021,1.06,13.8209,1.8933,1964822.4655,1964822.4655
002442.SZ,20251013,2.4118,1.45,24.9856,1.7571,319588.4325,310405.2688
300438.SZ,20251013,8.438,0.51,,3.7076,1855323.625,1489749.3813
603373.SH,20251013,2.9864,0.89,38.894,2.8307,502473.1196,212294.8947
300421.SZ,20251013,21.6701,0.98,100.8161,4.6029,578063.9315,452856.4456
600755.SH,20251013,2.4274,1.0,42.8679,0.6777,1329600.3223,1326202.5789
600415.SH,20251013,2.3765,0.97,30.3726,4.9397,10073457.5661,10072014.7863
601636.SH,20251013,2.0572,0.74,41.3688,1.403,1910707.6713,1910707.6713
002715.SZ,20251013,5.8931,0.8,125215.621,6.9117,330648.0,330648.0
002858.SZ,20251013,5.1585,1.02,,4.459,239978.6428,215176.4332
600486.SH,20251013,1.3448,1.0,23.0375,2.6016,2867791.7054,2857815.7384
002513.SZ,20251013,51.9722,1.49,,,329252.2436,245571.4182
300682.SZ,20251013,2.3527,0.84,,3.0606,2037346.4757,1950255.0808
002714.SZ,20251013,2.1252,1.07,10.5167,3.7465,29007314.164,20234260.3208
600900.SH,20251013,1.0095,1.4,19.8879,3.2925,67997177.0328,66716165.8218
301017.SZ,20251013,3.897,1.32,,2.2862,443050.6454,265984.6454
688419.SH,20251013,7.3275,0.71,47.9832,3.4803,348122.5221,93519.144
300225.SZ,20251013,2.7267,0.98,91.9625,2.8663,244846.2389,244654.4014
600073.SH,20251013,7.6865,1.83,47.784,1.2955,662974.7367,662974.7367
603916.SH,20251013,3.0892,1.08,43.017,1.0984,455283.4124,448907.4524
688328.SH,20251013,7.2494,0.81,,3.1979,267122.4023,267122.4023
002579.SZ,20251013,4.9226,0.92,1868.6078,2.9925,721664.7344,687217.8044
605088.SH,20251013,9.8662,1.43,26.6993,2.877,807015.5794,794666.9917
002568.SZ,20251013,1.4933,0.79,37.469,5.7859,2644439.4557,1822796.3696
001300.SZ,20251013,9.7697,0.85,307.5604,3.5303,370539.3893,100653.0122
300462.SZ,20251013,2.739,0.85,167.5829,1.3386,190101.813,144797.7101
603536.SH,20251013,10.6974,1.08,,6.0669,255895.8458,251596.744
600235.SH,20251013,7.768,0.89,66.5442,1.7034,257151.6,257151.6
300820.SZ,20251013,13.5475,1.08,48.5653,5.2709,1285390.1304,644151.9208
003000.SZ,20251013,1.98,1.4,21.0022,3.9877,546032.8265,363658.7079
920402.BJ,20251013,6.0278,0.47,,2.9218,473973.4552,473973.4552
001236.SZ,20251013,4.8858,1.1,824.5535,5.9379,1106540.0002,832369.4002
688653.SH,20251013,6.3635,0.97,,4.2634,613798.08,449003.8108
002179.SZ,20251013,1.525,0.82,27.7217,3.6977,8657373.7814,8503857.07
688222.SH,20251013,4.4763,0.88,102.1015,6.5208,931180.32,931180.32
601702.SH,20251013,3.273,1.09,13.8749,2.9393,1706488.7954,1706488.7954
002696.SZ,20251013,4.2894,1.2,101.5908,1.6007,215437.327,208050.8817
002900.SZ,20251013,5.6969,1.49,,2.0719,415693.8207,229889.0304
002785.SZ,20251013,12.3722,1.18,,9.7117,866593.7137,739924.968
300209.SZ,20251013,16.7349,0.91,72.828,6.8097,651902.5605,343993.0151
600037.SH,20251013,1.9952,1.26,,0.8617,1091153.8611,1091153.8611
920262.BJ,20251013,5.5695,1.1,49.5751,5.3177,177761.6838,80208.8668
002247.SZ,20251013,4.2703,1.03,120.262,3.6827,238243.6137,180191.3882
688232.SH,20251013,3.2596,1.81,55.8635,1.7327,925980.0,925980.0
601689.SH,20251013,8.1411,1.01,42.3428,5.325,12022346.5424,12022346.5424
002741.SZ,20251013,6.149,0.78,,5.2199,985847.2972,903879.8398
603656.SH,20251013,4.8931,0.71,162.676,3.1925,414611.6844,414611.6844
600844.SH,20251013,2.015,0.92,,19.4244,303940.7478,245996.4596
300705.SZ,20251013,4.5714,0.96,16.3924,3.3518,851861.8671,629754.5839
002624.SZ,20251013,2.911,0.86,,4.9554,3425984.2015,3227776.5504
000987.SZ,20251013,7.7938,1.33,14.4508,1.3352,4098997.2215,4096785.3672
600033.SH,20251013,2.5363,1.69,11.6979,0.7578,930351.6,930351.6
688398.SH,20251013,2.2756,0.88,91.6963,3.1669,321867.4457,321867.4457
002265.SZ,20251013,22.0142,2.41,154.8678,9.2879,3409033.3431,1330220.1825
603901.SH,20251013,6.068,0.56,191.358,2.299,549120.8609,540714.2012
300498.SZ,20251013,1.1355,1.17,11.0298,3.0373,12549306.5879,11245665.8377
601168.SH,20251013,5.0885,1.01,17.5638,3.365,5585752.0,5585752.0
301388.SZ,20251013,21.8474,2.28,182.6634,3.3999,328856.796,87814.6475
001366.SZ,20251013,5.2288,1.34,,2.517,200850.0,69600.0
688133.SH,20251013,3.9322,0.83,234.4814,1.4767,411750.1904,411750.1904
002648.SZ,20251013,4.0319,1.36,9.3891,2.0397,6346528.48,6342453.0017
920576.BJ,20251013,13.8729,1.14,97.702,8.0761,356157.55,350200.3009
601608.SH,20251013,4.9135,1.13,68.0865,2.8705,2633243.2263,2616576.5598
603151.SH,20251013,6.1118,1.91,48.5148,3.3447,442204.8686,216526.9166
000886.SZ,20251013,2.7095,0.82,,2.1995,660537.3044,653195.0479
601968.SH,20251013,23.9029,9.36,39.1428,1.5734,710609.1592,710609.1592
000801.SZ,20251013,5.1931,1.37,84.4913,5.6183,1687630.9659,1687630.9659
601021.SH,20251013,1.7095,1.15,24.4512,2.9029,5088312.133,5088312.133
000665.SZ,20251013,5.7155,0.89,,1.6419,682289.697,682271.868
688545.SH,20251013,14.0634,0.69,79.2758,4.9522,1415520.0,286578.1736
603777.SH,20251013,2.9701,0.72,,2.5868,429400.6291,429400.6291
000596.SZ,20251013,1.3788,0.67,14.2219,3.1685,7972873.8,6162913.8
000404.SZ,20251013,3.0681,1.19,10.368,1.1948,498333.121,495987.2136
002052.SZ,20251013,14.4642,1.2,39.6489,40.3251,1224219.3821,1121632.9012
600195.SH,20251013,1.6981,1.11,82.1765,1.3245,738290.192,738290.192
002034.SZ,20251013,2.9193,1.62,12.5135,1.0707,725622.8899,722021.7564
300814.SZ,20251013,25.4107,1.02,330.4716,5.9569,971507.9199,971507.9199
600456.SH,20251013,4.2727,0.95,41.5489,2.2568,1574754.7685,1574754.7685
000065.SZ,20251013,2.8913,1.11,14.4522,1.1788,1183881.3908,1077333.3282
920249.BJ,20251013,4.4681,0.96,,8.6619,619374.47,183139.6071
300824.SZ,20251013,3.0914,1.08,41.6049,5.6026,388672.9433,376945.9106
300680.SZ,20251013,9.6112,1.08,57.0829,7.1637,1288873.0015,995243.8724
603213.SH,20251013,4.4509,1.34,45.6265,3.309,615223.6557,615223.6557
000766.SZ,20251013,2.7638,0.99,397.5841,10.6339,2416236.7675,2415019.2025
000591.SZ,20251013,2.2592,0.96,16.7502,0.7612,1822134.219,1821877.5739
301567.SZ,20251013,5.7373,1.02,93.3379,3.8833,287640.0,84853.2008
000895.SZ,20251013,0.8252,0.95,17.0613,4.6032,8557713.1961,8556604.0525
603882.SH,20251013,1.7594,1.15,,1.9706,1344838.7723,1335770.677
000590.SZ,20251013,4.095,1.45,,4.6116,267968.3478,267856.6268
301380.SZ,20251013,4.0332,0.94,51.3492,4.9784,364404.4042,157516.6064
600219.SH,20251013,4.6632,1.14,9.0633,0.9314,4773218.7185,4773218.7185
000731.SZ,20251013,1.1882,1.2,33.805,0.9347,383356.7839,383356.7839
688046.SH,20251013,1.8916,1.33,64.6495,3.1129,674860.0,674860.0
000818.SZ,20251013,3.6316,0.78,,6.4076,1479060.0874,1475051.8348
603155.SH,20251013,4.7649,1.15,54.8579,2.339,503048.3724,503048.3724
301327.SZ,20251013,5.8135,1.02,43.9191,2.0541,1270542.5598,555800.5318
002080.SZ,20251013,4.7041,1.21,38.0498,2.835,5425373.5471,5425373.5471
300715.SZ,20251013,4.0008,1.08,,2.4217,449885.9617,397649.0624
603968.SH,20251013,2.683,1.08,,1.3216,242513.28,242513.28
688081.SH,20251013,12.1566,0.85,,7.9424,322103.04,322103.04
600876.SH,20251013,2.0692,0.92,,1.9307,688935.1855,422185.1855
300990.SZ,20251013,8.5011,0.66,49.6894,6.5139,1273459.5487,583100.2645
603633.SH,20251013,6.026,0.86,87.9427,2.4142,472906.3863,472906.3863
001323.SZ,20251013,1.7783,0.99,16.0112,2.8791,1203868.474,248185.9377
002993.SZ,20251013,4.4946,0.99,25.7678,2.485,1205466.68,1041297.7564
603259.SH,20251013,3.3936,1.21,21.6079,4.59,29757010.1068,24666023.8934
000541.SZ,20251013,2.4333,1.31,26.3491,1.4471,972147.6196,778927.5194
920090.BJ,20251013,6.6215,0.75,,15.6405,142124.8183,96502.6962
688152.SH,20251013,20.4966,2.19,482.3361,4.6673,583492.4009,229191.8569
600222.SH,20251013,3.774,0.95,87.8331,2.3739,379912.7193,379912.7193
601318.SH,20251013,0.6287,0.8,8.312,1.0626,99773107.3925,58736958.6073
300531.SZ,20251013,4.3312,1.08,,4.3284,586290.1901,563793.4556
300696.SZ,20251013,9.0523,2.07,2644.4897,4.2236,782425.3116,709651.4448
600479.SH,20251013,1.7824,1.13,18.0782,1.7958,435247.4017,435247.4017
688218.SH,20251013,4.9452,0.79,846.1945,3.5824,322596.692,322596.692
920122.BJ,20251013,3.3701,1.19,113.9615,10.6516,357899.379,138609.6554
603309.SH,20251013,3.0498,1.34,16.6663,2.097,390685.936,389356.4716
002381.SZ,20251013,2.4289,1.39,31.5289,1.309,276580.1727,216401.6185
600983.SH,20251013,3.057,1.69,20.3932,2.9506,787899.292,787899.292
600064.SH,20251013,3.4783,1.44,6.9345,0.7666,1444833.6027,1444833.6027
002355.SZ,20251013,2.3009,0.78,,3.2222,391061.385,361627.4903
920950.BJ,20251013,4.1757,1.05,27.3421,5.0521,152212.32,76915.8
002609.SZ,20251013,4.093,1.55,114.1739,2.6973,637647.8914,455265.5893
000950.SZ,20251013,3.04,1.84,27.4146,0.778,896927.8572,896927.8572
688333.SH,20251013,3.087,1.09,175.4643,4.0268,1953996.8454,1953996.8454
688062.SH,20251013,3.9769,0.74,,21.6342,1769828.4,904268.93
688003.SH,20251013,3.8567,0.91,77.5304,5.6937,1060179.4265,1060179.4265
605199.SH,20251013,2.2284,0.98,,4.9861,350495.2668,350495.2668
302132.SZ,20251013,7.4014,0.82,257.2392,13.0101,24209147.8666,5309789.6609
002023.SZ,20251013,3.7173,0.8,104.8126,2.1102,917184.9709,917184.9709
603998.SH,20251013,4.6487,0.67,18.1519,3.319,522067.737,522067.737
001206.SZ,20251013,14.2788,2.3,29.008,3.5407,644354.9209,370509.3816
000792.SZ,20251013,3.0101,1.04,23.5386,2.9913,11689083.7431,11689015.7169
601865.SH,20251013,2.8566,0.98,,1.8498,3952506.3133,3207029.4483
603558.SH,20251013,3.0029,0.91,11.4532,1.541,344693.8773,344693.8773
301377.SZ,20251013,7.3256,0.67,92.6674,10.9012,2759300.0,477991.52
688316.SH,20251013,3.8237,0.63,,64.4689,301518.7221,301518.7221
603126.SH,20251013,3.8544,1.29,,2.0737,418803.0,418803.0
601878.SH,20251013,1.8879,0.8,22.9835,1.4684,5278161.3214,5278161.3214
688375.SH,20251013,1.6608,0.92,104.579,7.5044,4616731.4154,4616731.4154
688255.SH,20251013,4.2274,1.05,408.0687,3.9428,411970.7625,411970.7625
300717.SZ,20251013,4.5583,1.17,39.183,2.8578,203597.275,201771.5854
603196.SH,20251013,2.9831,0.64,,7.5664,510472.7594,510472.7594
600490.SH,20251013,17.5446,1.86,201.1202,2.9705,1858825.1464,1673801.9642
300302.SZ,20251013,18.7589,0.73,,9.3005,972905.5099,748692.2069
002694.SZ,20251013,1.6241,1.11,,28.1939,321258.7008,302606.6747
603130.SH,20251013,21.8197,1.14,74.692,4.6802,632565.32,234891.87
688057.SH,20251013,1.1288,1.03,25.5042,1.0795,339480.0,339480.0
600310.SH,20251013,2.1895,1.43,,1.9938,576024.3137,576024.3137
603587.SH,20251013,1.6827,1.12,23.1444,1.6433,581237.7569,581237.7569
300187.SZ,20251013,2.8184,1.25,32.3194,2.9753,328621.682,326844.8404
300774.SZ,20251013,25.4826,1.09,128.3707,4.2051,610284.1444,290956.5133
000933.SZ,20251013,4.3504,1.17,12.1886,2.1418,4786618.0108,4783010.7955
600396.SH,20251013,3.3203,1.17,94.5072,3.3319,477157.0087,477157.0087
920008.BJ,20251013,4.8832,1.12,107.2836,6.7364,204573.75,106456.3576
300411.SZ,20251013,3.7791,0.91,396.1178,5.5665,538639.0093,409578.0375
000419.SZ,20251013,2.3859,1.25,26.4343,0.8889,316365.1052,316365.1052
300470.SZ,20251013,2.9484,1.07,18.9338,2.7637,769666.3886,730243.1442
002654.SZ,20251013,11.5649,0.53,252.8121,8.0513,1250202.4626,1250113.7226
688573.SH,20251013,5.3717,0.71,,3.6908,265696.4266,144641.6996
603706.SH,20251013,5.1945,1.25,20.2037,2.5334,416452.5881,416452.5881
600513.SH,20251013,9.4115,1.88,,4.1249,548646.9509,548646.9509
300672.SZ,20251013,3.9143,0.7,219.8295,4.8818,1988139.9928,1925851.6241
603979.SH,20251013,2.6301,0.81,20.4425,4.3558,4256051.5336,4256051.5336
300603.SZ,20251013,5.4537,0.97,,3.7144,521503.6152,414712.0187
600885.SH,20251013,2.9,1.35,21.9863,4.0074,3849353.493,3849353.493
600071.SH,20251013,3.8272,0.51,139.1724,13.1784,653814.5703,653814.5703
601599.SH,20251013,2.1219,1.16,35.6365,2.5115,409671.4859,409671.4859
603043.SH,20251013,1.6398,0.75,18.9149,2.4936,897520.3303,897520.3303
301227.SZ,20251013,4.8637,0.91,,2.556,420347.427,149788.759
603188.SH,20251013,3.1524,1.37,,3.1,232059.19,232059.19
300032.SZ,20251013,5.8167,1.17,,5.9814,401584.804,401584.804
600629.SH,20251013,14.6167,0.94,83.4031,5.3879,2846003.2868,2795492.3077
600343.SH,20251013,4.9743,1.27,,6.9912,973264.6807,973264.6807
920436.BJ,20251013,4.4773,0.66,,4.4114,168167.28,158185.3088
001296.SZ,20251013,6.3105,1.11,27.5324,1.9761,343461.1335,176450.6743
301052.SZ,20251013,22.445,1.08,109.5569,6.6396,475004.8272,384940.4112
002294.SZ,20251013,1.5556,0.76,98.865,7.208,6154902.0897,6153517.4285
600780.SH,20251013,3.2111,1.55,11.7591,0.8422,676436.4886,676436.4886
000014.SZ,20251013,13.0973,0.94,,3.1089,498857.2677,498857.2677
002055.SZ,20251013,7.0676,0.99,,3.155,444300.1625,436582.6625
603586.SH,20251013,6.6254,1.28,22.3731,1.6283,373284.4931,373284.4931
603344.SH,20251013,8.3294,0.86,28.4316,2.6771,550522.6734,152907.6734
002054.SZ,20251013,3.7984,0.91,48.821,1.3443,331695.431,264450.4603
600136.SH,20251013,0.8886,1.32,,14.7276,361226.1898,343926.8404
002987.SZ,20251013,4.3619,0.62,57.9845,6.4693,1800634.0683,1750991.0394
603602.SH,20251013,4.4043,0.97,153.2639,3.3108,345612.8091,345612.8091
001359.SZ,20251013,6.5728,1.23,36.6929,4.7791,912119.0623,228050.46
688148.SH,20251013,7.9578,0.51,,12.9744,324980.2348,324980.2348
001207.SZ,20251013,3.1475,1.12,16.6615,2.2427,509920.9908,464547.6744
002106.SZ,20251013,3.7183,1.04,24.3183,1.5205,839921.2304,837880.0805
300895.SZ,20251013,4.7333,0.79,,7.7673,625436.5184,613761.1523
600998.SH,20251013,1.3434,1.08,9.0185,0.9523,2475852.8849,2475852.8849
601166.SH,20251013,0.7431,0.97,5.3936,0.5685,41690818.3356,41690818.3356
600158.SH,20251013,2.9818,1.03,556.941,3.365,873156.891,873156.891
300155.SZ,20251013,4.6188,1.57,,2.1755,268266.8616,158087.3989
002226.SZ,20251013,6.9118,1.16,20.6299,1.9033,1856894.9214,1856857.427
301005.SZ,20251013,9.9295,0.96,459.4257,8.7449,666771.1685,657358.2893
002566.SZ,20251013,2.2458,1.1,68.8122,1.1621,258142.248,180796.565
301111.SZ,20251013,4.6973,1.15,,3.3917,254080.0,254080.0
000906.SZ,20251013,2.7239,1.12,17.7022,0.9166,437862.1814,432664.9344
600979.SH,20251013,2.4185,0.97,31.8276,1.3439,613165.2991,598878.2579
002787.SZ,20251013,9.6334,3.42,36.9859,1.5379,285235.2857,213482.808
000768.SZ,20251013,2.3651,0.65,70.322,3.4553,7420105.7214,7397632.5865
000524.SZ,20251013,6.3043,0.74,54.7962,3.8745,875962.6363,875623.2554
000566.SZ,20251013,2.0478,0.85,,19.0864,699279.8029,628417.2611
920753.BJ,20251013,3.9842,1.15,64.0878,5.1653,198382.4448,76794.8049
920088.BJ,20251013,8.5608,0.89,53.1654,4.5227,301821.0305,82762.05
002320.SZ,20251013,14.9686,1.37,173.9919,6.3339,2507082.9662,2507082.9662
600499.SH,20251013,2.0438,1.18,17.5383,1.8926,2274577.6797,2274577.6797
002852.SZ,20251013,5.5578,1.12,11.9858,1.8051,396251.4874,328628.7337
301586.SZ,20251013,5.1555,0.63,57.0726,3.4364,437114.9498,278735.5115
600871.SH,20251013,4.3898,1.21,59.518,4.2994,3999936.6708,2858419.6061
002067.SZ,20251013,14.9695,0.72,112.8436,1.3945,886887.4704,801243.4704
601225.SH,20251013,1.5652,1.07,10.2523,2.2502,19932920.0,19932920.0
688800.SH,20251013,5.6846,0.72,57.1729,6.9071,1528160.3091,1528160.3091
002398.SZ,20251013,2.3076,1.33,82.5605,0.9893,352502.2801,287503.8013
003010.SZ,20251013,5.6911,1.19,94.9754,25.9882,1319825.3567,959521.2782
000958.SZ,20251013,2.3084,0.73,36.1335,1.7484,3515372.2936,3515361.2742
000050.SZ,20251013,2.9982,1.33,895.2473,0.8693,2391388.4742,2391358.3355
300837.SZ,20251013,4.6652,1.5,77.0052,1.8578,253204.4462,174490.8962
601990.SH,20251013,1.3116,0.86,29.2182,1.7365,3144465.962,3121799.8865
000048.SZ,20251013,12.0264,1.64,12.6992,2.1567,894586.1558,887968.6452
002075.SZ,20251013,2.2332,1.05,58.3005,1.9187,1248286.6782,1248284.6725
300669.SZ,20251013,1.647,1.1,292.1061,7.1899,624558.6098,591482.2958
301265.SZ,20251013,10.7187,1.71,59.3406,1.7918,375383.7725,208707.3384
600332.SH,20251013,1.5393,1.12,14.8302,1.1198,4155521.6656,3593457.2656
688485.SH,20251013,2.57,1.21,81.3073,1.5712,199136.9822,116809.3209
600234.SH,20251013,5.8892,1.74,42.9894,6.1118,300586.5141,300586.5141
603881.SH,20251013,8.2027,0.52,166.8407,7.4469,2445355.3046,2445355.3046
002025.SZ,20251013,2.7311,1.31,454.4683,3.4301,2212004.0237,2204415.4226
002915.SZ,20251013,7.629,0.76,,6.496,847194.1801,749878.4221
000725.SZ,20251013,3.3312,1.27,24.4621,1.1562,15377104.8707,15086186.6326
600113.SH,20251013,3.8197,0.55,168.4129,9.7777,2393968.1354,2338574.7134
000543.SZ,20251013,7.8442,1.26,8.4457,1.0869,1752285.3549,1752285.3549
603089.SH,20251013,9.0484,1.24,22.1362,2.4971,370131.2993,370131.2993
601860.SH,20251013,1.5612,1.14,6.4449,0.5222,1047042.3509,1015749.2846
600131.SH,20251013,2.4817,0.99,30.7823,3.7136,2203893.7577,2196877.7587
920263.BJ,20251013,11.8154,3.75,64.1753,3.9108,223163.7757,162098.1045
300004.SZ,20251013,9.078,0.74,76.2098,3.3088,585592.1896,585592.1896
300756.SZ,20251013,5.8916,1.17,314.8667,6.1431,865686.7808,720848.329
300915.SZ,20251013,2.9887,0.98,70.545,2.0168,314975.6878,144178.5269
001318.SZ,20251013,5.4727,1.19,32.7423,2.7579,390070.8,390070.8
300373.SZ,20251013,16.1911,2.14,35.7407,4.7418,4213662.0882,4204356.6543
002303.SZ,20251013,3.5143,0.81,22.2559,1.5389,684501.6872,432220.8421
603119.SH,20251013,9.2924,1.25,139.9867,18.8017,3537392.4088,1982727.9722
605117.SH,20251013,6.1247,0.85,20.913,7.2374,6790093.3676,6790093.3676
688162.SH,20251013,4.4648,0.63,124.7251,1.9685,469357.0093,469021.7513
301276.SZ,20251013,3.2951,0.85,18.9721,1.3032,271123.2,96366.1098
920204.BJ,20251013,3.3075,0.91,104.7164,3.9254,189141.3208,100273.7976
600595.SH,20251013,3.363,1.16,22.0328,1.3164,2132205.5206,2132205.5206
603398.SH,20251013,16.7411,2.36,,4.6798,367728.0124,367728.0124
002588.SZ,20251013,3.4501,1.47,11.475,1.4908,1058588.7296,789051.1668
002649.SZ,20251013,2.9887,1.15,46.7174,1.9332,807775.4542,756989.8506
000672.SZ,20251013,12.1159,0.83,15.5707,1.2745,1095416.8585,1095416.8585
688083.SH,20251013,13.8823,2.37,2647.6059,5.7626,1477929.3271,1477929.3271
000892.SZ,20251013,7.8774,0.6,,6.7849,592512.2057,429345.2182
600839.SH,20251013,3.533,0.92,51.1601,3.1618,4727034.0833,4725717.6381
603063.SH,20251013,8.1852,0.75,29.2577,3.1872,1546219.4392,1546219.4392
688548.SH,20251013,3.6536,1.08,73.5196,2.8709,1688830.1069,884747.5226
000659.SZ,20251013,2.3908,0.73,,19.5427,363853.8132,363853.8132
300076.SZ,20251013,4.4075,0.99,,2.9038,263728.0,263728.0
600658.SH,20251013,4.4484,0.66,,1.0919,617458.9448,617458.9448
002697.SZ,20251013,4.3036,1.45,14.3271,1.672,767040.0,645725.01
002376.SZ,20251013,2.6183,1.24,90.6129,1.6468,620080.3439,597701.9228
300661.SZ,20251013,9.8993,1.29,101.1176,11.1855,5282759.3017,5066526.7173
002515.SZ,20251013,12.2518,0.76,163.0846,3.4025,888590.7964,888580.1607
002906.SZ,20251013,7.7824,1.29,23.5158,2.5325,1659787.6836,1659188.6174
600939.SH,20251013,2.2744,1.08,,0.7989,629498.0654,629498.0654
002324.SZ,20251013,3.2036,1.0,75.8511,3.4647,1550596.7297,1082128.691
603103.SH,20251013,12.1663,0.67,550.6882,6.977,955739.4,955739.4
000909.SZ,20251013,0.8774,1.36,,2.312,237241.1208,237239.1289
688060.SH,20251013,4.3425,1.35,,2.844,256773.6456,256773.6456
600331.SH,20251013,3.7854,0.95,,8.7233,2749905.6,2115312.0
688281.SH,20251013,1.9298,0.66,60.0845,4.5321,2066630.8579,2066630.8579
002675.SZ,20251013,1.4937,1.01,76.7181,2.747,1232770.579,1111359.071
920001.BJ,20251013,4.0073,1.0,121.4137,4.2692,324060.9342,187049.3612
603818.SH,20251013,3.1092,0.86,,1.1988,265005.928,265005.928
002485.SZ,20251013,1.2557,1.01,,1.5709,188768.0,188768.0
600480.SH,20251013,5.556,1.44,23.34,2.1059,1608626.3877,1584677.1723
002577.SZ,20251013,3.3181,1.07,180.9955,4.6437,554497.3824,554467.8624
002281.SZ,20251013,5.7561,0.65,60.8231,5.3782,5017811.0457,4848570.1772
603276.SH,20251013,2.0945,1.08,109.005,2.0239,350304.7014,127608.6073
002556.SZ,20251013,1.5272,0.95,50.1732,1.4665,522477.9802,521982.8781
300245.SZ,20251013,3.451,0.99,,3.6455,455140.2798,454165.3838
002630.SZ,20251013,3.9773,0.66,,13.7603,342432.0,298779.1372
002703.SZ,20251013,11.0921,0.63,62.0012,5.4697,1086697.3793,774169.5058
688350.SH,20251013,3.4371,1.17,,1.9827,268852.9622,268852.9622
300876.SZ,20251013,5.5304,1.0,,3.4513,278140.6765,201564.2815
603048.SH,20251013,8.295,0.91,50.3446,2.2627,287737.92,287737.92
601015.SH,20251013,5.5993,1.57,,1.2899,763894.117,763894.117
603270.SH,20251013,5.0005,0.99,46.0356,2.4483,544699.1742,175801.6342
301071.SZ,20251013,16.4985,1.67,118.5038,1.7648,930473.519,695674.147
601666.SH,20251013,2.9081,0.62,16.5668,0.8842,2012525.9656,2012525.9656
300789.SZ,20251013,3.0531,1.16,66.5012,3.8005,399468.8313,274634.0615
301192.SZ,20251013,8.727,0.98,73.8697,5.6256,335064.6,160551.7875
003001.SZ,20251013,3.4266,0.89,64.4013,3.3908,405448.33,247459.5386
603730.SH,20251013,21.8208,2.48,23.5414,3.3605,1467483.0066,1467483.0066
688707.SH,20251013,2.6998,0.66,,1.82,764636.5281,764636.5281
300752.SZ,20251013,7.4517,1.45,48.138,3.9466,484189.2878,333243.5815
920873.BJ,20251013,3.9257,0.64,,4.076,120408.7966,86509.7608
300445.SZ,20251013,4.1876,0.84,32.1725,3.159,388959.3538,260120.5444
000025.SZ,20251013,4.7331,1.08,53.7697,4.3794,774180.7427,705429.8627
300017.SZ,20251013,9.119,1.85,40.2793,3.0811,3020204.3262,2831941.9204
301617.SZ,20251013,16.4203,1.26,54.5795,6.2563,1035710.0,258927.5
300475.SZ,20251013,15.7045,1.0,161.5921,13.432,4291298.6661,4110809.6481
920926.BJ,20251013,8.1114,0.94,47.5991,6.5248,173012.281,156997.0981
300253.SZ,20251013,1.9969,0.86,,3.4632,1999799.7687,1728771.307
000985.SZ,20251013,14.009,0.61,145.6257,3.7905,230628.6705,230628.6705
002137.SZ,20251013,4.4845,1.13,,3.1323,468933.9414,321924.4896
603183.SH,20251013,4.4071,1.55,49.2891,1.3778,219741.7369,219741.7369
000498.SZ,20251013,3.5478,1.33,4.1877,0.629,976485.267,911638.9869
603115.SH,20251013,5.2118,0.88,24.9153,2.2172,439514.8568,439514.8568
000555.SZ,20251013,3.5373,0.96,,2.3594,1311440.8433,1306238.3873
603986.SH,20251013,6.9932,0.85,119.4587,7.955,13869372.648,13848569.4196
301058.SZ,20251013,3.9976,1.78,24.2963,2.661,572210.3317,572210.3317
600587.SH,20251013,4.7427,2.39,17.3698,1.2991,1030139.1065,1026206.7371
688058.SH,20251013,10.2434,1.72,,3.9088,258144.4418,258144.4418
000737.SZ,20251013,20.6597,0.92,51.7987,5.0779,3314206.5969,3313896.3984
605208.SH,20251013,5.171,0.98,219.0897,2.2367,477753.12,477753.12
300345.SZ,20251013,4.8663,1.12,,7.1012,376539.379,290298.4743
301168.SZ,20251013,5.4435,1.18,121.4599,2.2222,477120.0,378965.8239
688293.SH,20251013,2.5859,0.6,199.1492,3.2869,686288.6692,686288.6692
300342.SZ,20251013,4.2755,1.06,101.0022,4.8426,756137.466,745043.1773
300964.SZ,20251013,5.6908,1.01,109.4928,3.2165,323802.5117,230649.4692
688184.SH,20251013,1.0767,0.8,,0.9655,159047.514,100487.514
301043.SZ,20251013,24.642,1.15,35.6292,4.1388,339116.0,283001.0293
300828.SZ,20251013,4.6271,1.26,54.4609,3.4644,267107.31,200204.795
603316.SH,20251013,18.1779,0.69,,5.1978,331915.584,331915.584
301571.SZ,20251013,2.7271,1.02,44.6215,4.2811,814952.4741,541256.4686
600468.SH,20251013,31.8029,0.98,,4.3864,870188.2568,870188.2568
300217.SZ,20251013,4.1184,0.87,41.6916,1.9743,817321.2478,678492.5731
600864.SH,20251013,4.3815,0.88,25.6467,1.1926,1560427.89,1560427.89
688056.SH,20251013,2.6925,1.02,67.4149,3.0775,245392.0495,245392.0495
600626.SH,20251013,12.52,2.04,,1.9168,608863.2915,510778.1853
002930.SZ,20251013,2.8648,0.91,360.8823,2.0565,484939.0735,458960.6656
688052.SH,20251013,3.7029,1.24,,4.8767,2883635.2565,2883635.2565
000407.SZ,20251013,2.9298,1.21,25.7003,1.0538,317710.5608,316157.3785
000668.SZ,20251013,2.3145,0.79,,1.9227,136269.2739,136269.2739
688432.SH,20251013,8.5582,1.19,83.1925,3.9528,1734193.2706,705516.2646
000990.SZ,20251013,2.1782,1.21,143.6869,0.5056,899275.7759,899275.1099
301198.SZ,20251013,6.6102,1.44,,2.0907,190632.0,175465.3181
920718.BJ,20251013,5.9658,1.08,23.7159,2.8445,165648.0609,78093.8708
600676.SH,20251013,4.99,0.81,,1.2789,652064.5265,652064.5265
300686.SZ,20251013,13.8881,1.1,,4.218,409180.0254,304063.2612
688055.SH,20251013,2.9611,0.91,,3.1038,1293333.3592,1293333.3592
002119.SZ,20251013,12.4289,0.96,71.0888,4.7989,679264.04,679264.04
000652.SZ,20251013,1.7814,1.19,76.938,1.0767,619741.0178,619274.1908
300231.SZ,20251013,3.6098,1.11,,3.0961,498494.787,498469.1886
688247.SH,20251013,3.4371,1.23,39.8038,3.644,474193.64,474193.64
605488.SH,20251013,8.3225,0.97,72.6673,6.0854,921334.2053,907955.9909
300412.SZ,20251013,4.7284,1.18,82.034,2.524,259828.9645,244223.7792
301622.SZ,20251013,19.7055,2.69,50.6101,6.6343,1005129.3996,251282.3499
002250.SZ,20251013,11.9724,2.1,34.8026,1.6565,1089043.0748,1083190.6089
603056.SH,20251013,4.7948,1.34,26.9799,1.8704,1564396.8052,1564396.8052
301196.SZ,20251013,4.4405,1.21,43.0626,3.4011,1098875.2482,1092916.4073
300026.SZ,20251013,1.7728,1.11,,1.2871,1111537.2897,1013255.5369
002973.SZ,20251013,4.8822,0.81,25.7064,2.491,621171.823,338783.794
688210.SH,20251013,8.6044,1.46,232.3415,7.0801,884460.5742,884460.5742
300932.SZ,20251013,4.5374,1.05,54.4006,2.0563,356915.9578,254213.0848
300586.SZ,20251013,3.534,1.07,,3.9406,747488.6939,561860.8879
688107.SH,20251013,12.1387,1.76,,11.8829,1275502.6858,1275502.6858
002767.SZ,20251013,5.8522,1.21,96.9123,3.3989,286350.0,248548.9766
603863.SH,20251013,7.0444,0.65,,11.5099,466397.35,466397.35
002139.SZ,20251013,4.8977,1.11,30.2199,2.6541,1851549.9572,1590449.7668
688297.SH,20251013,4.4933,0.88,2119.6027,6.0194,3444525.0,3444525.0
300503.SZ,20251013,6.2453,1.04,98.3671,7.1205,898729.8187,702668.5142
920060.BJ,20251013,3.7609,0.95,40.5364,5.1026,518320.2562,238975.2431
300817.SZ,20251013,3.4827,1.08,68.7358,4.4492,446856.4973,256409.7849
300955.SZ,20251013,25.2792,2.31,,3.6669,320846.4,320846.4
002060.SZ,20251013,4.3456,0.79,13.6602,1.0673,1449195.7914,603246.4588
002877.SZ,20251013,3.0418,1.12,357.1125,2.5961,304602.2029,205880.5421
301600.SZ,20251013,9.8346,1.5,71.5497,11.4783,1395388.725,430650.975
000503.SZ,20251013,1.7112,1.0,,7.5187,982293.8445,980214.7075
002492.SZ,20251013,18.3565,1.63,47.3302,1.9441,334125.0,328213.6481
301086.SZ,20251013,9.0647,0.5,79.6949,3.5653,674910.0,354990.0092
688411.SH,20251013,9.7253,0.91,79.2418,13.236,5402774.76,1138006.62
688095.SH,20251013,10.4028,2.27,,2.8536,723560.9534,723560.9534
300860.SZ,20251013,2.4747,0.94,148.3258,1.6453,518760.4589,304025.5863
301510.SZ,20251013,4.0905,0.87,247.4308,9.7105,1352033.8,943558.2988
000537.SZ,20251013,4.1508,1.09,16.5547,0.971,1924006.7897,1924006.7897
600312.SH,20251013,4.944,0.85,20.8522,2.1771,2407178.4022,2407178.4022
002786.SZ,20251013,3.7024,1.09,,21.7019,456954.264,455571.264
000421.SZ,20251013,5.8311,1.11,38.9257,1.3577,369349.317,369272.519
605108.SH,20251013,2.5773,0.69,54.7187,2.1914,498680.0,498680.0
600433.SH,20251013,2.9356,1.16,137.7229,1.2611,565340.1923,565340.1923
002368.SZ,20251013,8.1179,2.5,49.6219,3.4364,1784311.1718,1776290.2884
603458.SH,20251013,3.5131,0.98,,0.9191,266328.3272,266328.3272
600990.SH,20251013,6.746,0.86,,4.4929,818375.6122,812149.3292
603517.SH,20251013,6.7415,0.83,80.9537,1.3821,863552.7588,863552.7588
600115.SH,20251013,1.0432,0.63,,6.9528,9139431.5937,7016952.7051
600589.SH,20251013,4.0466,0.9,127.2897,14.4051,1061538.9714,1057105.9714
603222.SH,20251013,9.0333,0.66,,3.8056,541893.5147,541893.5147
000937.SZ,20251013,2.0236,1.35,38.2724,1.1196,2123661.6569,2063471.7334
002838.SZ,20251013,2.3541,0.64,81.8129,3.6454,1294067.6774,1137808.8134
688262.SH,20251013,6.0724,1.03,,4.9021,1030847.7331,1030847.7331
300733.SZ,20251013,3.1385,0.99,69.32,3.4095,569780.5859,420302.1424
002507.SZ,20251013,1.7747,1.42,18.7539,1.7161,1485093.789,1478652.9808
002333.SZ,20251013,3.864,1.14,72.4549,1.9395,368508.9408,356299.4526
000534.SZ,20251013,3.4867,1.52,37.8067,5.3457,809619.2758,794291.2646
003042.SZ,20251013,4.3328,1.32,,1.7044,231814.96,207224.0671
002475.SZ,20251013,5.8955,0.99,28.7759,5.5426,42052443.9258,41957284.6019
600361.SH,20251013,3.3381,1.18,20.6291,1.4977,1622623.1744,634721.1166
603100.SH,20251013,5.2261,1.95,16.6194,2.7243,1230076.1029,1222471.3399
300865.SZ,20251013,5.7514,1.02,,3.3291,289144.96,169991.8456
300096.SZ,20251013,6.6775,0.64,71.8739,9.575,334970.0,334970.0
600038.SH,20251013,2.3589,1.12,55.14,1.7382,2981131.7225,2432248.4636
600128.SH,20251013,3.9407,1.34,64.5943,1.2216,259599.41,259599.41
603698.SH,20251013,6.6326,0.74,58.2137,3.3309,1136834.79,1136834.79
002730.SZ,20251013,3.9466,1.18,62.1911,3.6031,579327.808,553647.808
002284.SZ,20251013,5.7536,0.83,29.7916,2.9996,920919.0336,911092.8596
002537.SZ,20251013,3.3799,0.75,85.2576,2.4715,1024916.6184,1020711.3774
600593.SH,20251013,8.5222,1.37,,33.4812,442943.2,442943.2
000809.SZ,20251013,3.3886,0.72,,0.9644,258984.466,258984.466
601882.SH,20251013,3.6681,1.09,23.2555,3.9385,1084716.0,1084716.0
000564.SZ,20251013,5.5054,1.51,,3.0508,4695096.472,3825904.4418
000617.SZ,20251013,7.5629,0.96,33.1756,1.3502,13944213.2241,13944213.2241
002578.SZ,20251013,7.103,1.41,404.0163,2.1558,329459.1942,302268.0589
300396.SZ,20251013,2.0678,1.07,,1.9208,375780.8219,375215.8529
002286.SZ,20251013,2.1487,0.71,27.6681,1.7529,372134.915,361791.5353
002574.SZ,20251013,4.9924,1.28,,1.0104,304128.0,304128.0
300131.SZ,20251013,5.7933,0.93,214.7863,6.6373,1186095.3618,1089169.5542
600829.SH,20251013,2.8742,1.21,30.4841,1.5549,459271.7688,459271.7688
001225.SZ,20251013,10.3806,1.12,66.1834,2.2519,312537.966,99828.9779
301379.SZ,20251013,14.518,0.7,38.7049,4.511,620900.0326,398808.8164
300343.SZ,20251013,1.199,0.94,114.7866,2.767,531277.6521,529911.0363
300683.SZ,20251013,7.3514,1.05,,1.8814,442423.0416,412578.4866
301182.SZ,20251013,12.3564,0.71,,5.1241,398043.3418,398043.3418
600530.SH,20251013,4.0131,0.73,223.8644,20.7091,660231.84,660231.84
603577.SH,20251013,4.1137,1.31,19.9631,1.6766,321843.0059,321843.0059
920016.BJ,20251013,2.9964,1.02,83.4901,4.5596,169668.1715,74359.5835
300022.SZ,20251013,6.3836,1.52,,7.9914,432954.5729,432944.9807
603073.SH,20251013,4.5675,1.6,23.4633,1.4674,200216.0,87841.0556
301013.SZ,20251013,49.9952,1.29,,11.1471,885886.1822,717225.808
920964.BJ,20251013,4.5994,1.77,626.5955,2.2932,204525.864,103635.827
300354.SZ,20251013,9.0831,1.19,52.9789,8.2291,656744.3143,386053.2043
600455.SH,20251013,3.3751,1.23,43.7904,5.1176,161266.556,161266.556
600525.SH,20251013,2.7733,0.96,,1.1432,427284.7692,427284.7692
600380.SH,20251013,1.9325,1.13,16.0772,1.5315,2242909.8512,2242909.8512
603191.SH,20251013,8.5155,1.28,64.5506,2.2172,548715.475,544891.759
002799.SZ,20251013,4.3271,1.12,,2.0471,263392.92,263389.4634
603390.SH,20251013,4.8308,1.31,101.0938,2.7433,435696.8082,434286.7878
688612.SH,20251013,1.5791,1.01,35.6446,4.8557,1627707.3496,980661.8312
002628.SZ,20251013,3.4548,0.94,,1.3111,376278.9063,374631.0466
301584.SZ,20251013,20.4045,0.41,41.7575,5.6626,1123576.4535,134480.416
301132.SZ,20251013,5.4816,1.13,39.3841,2.9015,515043.974,514873.4372
301314.SZ,20251013,6.0302,1.26,179.0632,2.1677,225751.5,66397.5
688662.SH,20251013,6.3084,0.86,94.2177,5.8037,401050.8,401050.8
002576.SZ,20251013,5.2444,1.18,37.8671,2.2652,291401.5,285978.6628
600665.SH,20251013,3.1831,0.59,,1.0397,286024.5545,286024.5545
300629.SZ,20251013,2.7334,0.88,100.9342,2.928,497064.1092,428680.8911
920690.BJ,20251013,5.8646,0.46,32.2408,3.7722,211894.8,137744.6597
600568.SH,20251013,2.8407,1.67,,2.113,364695.1516,305439.3121
002601.SZ,20251013,2.026,1.17,25.9546,2.0481,4755882.4592,3961716.8117
300382.SZ,20251013,4.2448,0.82,,4.465,1011503.9906,1011407.6263
688615.SH,20251013,4.498,0.56,54.5135,8.4088,2263240.0,1562771.1645
603418.SH,20251013,13.4458,0.58,25.0234,2.8071,1198761.9688,250982.7437
301678.SZ,20251013,6.3496,0.78,107.276,9.9715,1865657.977,354453.4761
002536.SZ,20251013,7.0797,0.9,38.7212,4.0837,1379486.1312,1306601.28
688273.SH,20251013,4.0874,0.99,43.0595,2.9945,400000.0,147307.16
301001.SZ,20251013,5.9296,0.82,194.1805,3.1753,248800.0,156433.0
601226.SH,20251013,4.5896,1.12,64.1412,1.9777,849811.5567,847261.0773
688265.SH,20251013,8.6176,1.94,107.7213,2.1526,364167.5692,364167.5692
300112.SZ,20251013,4.1497,1.46,,2.5706,255689.0126,209363.9323
002104.SZ,20251013,7.1878,0.61,218.6167,6.8153,1459847.8374,1235940.4882
002415.SZ,20251013,4.3248,1.13,24.3219,4.1964,30574011.4908,30178902.4963
300016.SZ,20251013,2.5717,0.77,198.9439,2.317,479005.0617,478359.5995
002516.SZ,20251013,3.1135,1.09,53.4152,2.4686,900153.2734,894097.5334
002335.SZ,20251013,7.439,0.85,102.7761,5.5052,3423380.0603,3019935.7014
301539.SZ,20251013,6.3379,1.39,45.6796,3.4559,276020.0,139990.2551
603811.SH,20251013,2.7084,0.93,17.4537,3.2171,413058.0518,413058.0518
301268.SZ,20251013,3.7728,1.09,,5.4777,932924.6698,420314.0683
002586.SZ,20251013,2.1027,0.85,,1.4325,422218.5505,330963.7748
301165.SZ,20251013,7.3202,0.76,78.3123,14.4887,6832159.087,819859.087
000850.SZ,20251013,3.4764,0.79,11.8469,0.9533,430311.2441,430188.9768
300241.SZ,20251013,3.4011,1.01,101.8969,1.8038,398988.0072,334074.1386
688378.SH,20251013,4.7355,1.24,235.4217,3.6312,603255.8019,583124.5818
603193.SH,20251013,3.9646,1.21,35.8356,5.2651,1102516.7807,281591.4557
920000.BJ,20251013,8.8589,0.52,27.8527,3.0342,190144.32,100187.2662
301383.SZ,20251013,5.9698,0.8,48.5947,2.9364,592844.9892,256399.9605
300221.SZ,20251013,3.5146,1.21,53.8453,2.8822,393216.3886,378889.0589
002426.SZ,20251013,5.8867,0.92,,4.6944,1146684.9337,1146676.1633
603919.SH,20251013,2.1156,0.87,25.2947,2.9348,990171.5141,990171.5141
300778.SZ,20251013,8.4316,1.51,,2.1258,267812.4292,267759.6241
600027.SH,20251013,2.4428,1.18,9.5138,1.2631,6072957.8982,4450901.2998
300353.SZ,20251013,9.7491,1.32,386.3967,7.9826,1660210.7787,1450599.3594
603755.SH,20251013,6.6755,1.0,43.111,4.2165,303335.6828,303335.6828
301023.SZ,20251013,4.4092,1.0,35.2475,3.7875,313374.979,166736.1747
002560.SZ,20251013,4.7016,1.32,78.4628,1.5217,396932.6204,341966.6815
300299.SZ,20251013,3.27,1.02,,10.1414,435579.3536,434899.7666
002879.SZ,20251013,4.3592,1.28,56.6897,2.0111,346241.9985,247226.021
920267.BJ,20251013,5.4801,1.53,87.5045,5.1193,135953.5995,78841.7459
920057.BJ,20251013,3.245,0.9,,1.8243,130328.3105,82962.2313
300399.SZ,20251013,6.1524,0.89,202.3706,10.8294,558220.0,558165.5481
688201.SH,20251013,7.4132,0.95,,3.5754,463361.7252,441997.4301
603387.SH,20251013,2.4294,1.39,21.7192,1.5282,403187.046,403187.046
300767.SZ,20251013,9.361,0.78,,4.1599,674702.6904,585816.2567
300758.SZ,20251013,4.5931,1.51,51.066,3.1814,562769.4941,507701.0765
000528.SZ,20251013,5.1495,1.2,14.0651,1.2253,2213066.1496,2211409.4441
300133.SZ,20251013,7.0039,0.63,50.8108,2.0315,1470279.2397,1256622.6698
300956.SZ,20251013,7.7674,1.19,334.3237,2.792,382599.5242,373763.4553
600348.SH,20251013,3.324,1.06,16.0263,1.0037,2738092.5,2738092.5
002471.SZ,20251013,15.1454,0.75,1365.0903,4.1514,732286.6,698173.2682
300193.SZ,20251013,2.4501,1.08,18.8058,1.9109,430053.5739,378949.0718
300783.SZ,20251013,2.7375,1.04,37.4785,3.2652,961176.9267,670657.1547
300700.SZ,20251013,3.8129,0.99,,5.4115,484364.2861,329754.4924
600873.SH,20251013,1.2287,1.11,10.0173,2.0981,3039797.9486,3039797.9486
002932.SZ,20251013,1.6959,1.38,201.726,0.7921,440859.7345,295937.4653
002597.SZ,20251013,1.9365,1.0,18.4464,1.5814,1187788.545,1184651.3296
920751.BJ,20251013,3.3143,0.93,44.5819,5.2632,199507.22,190971.3204
601869.SH,20251013,9.0446,0.73,113.0719,5.8367,6715039.2569,3600157.462
600777.SH,20251013,4.2108,2.06,15.3016,1.1923,2788203.2883,2610122.4803
600759.SH,20251013,4.003,1.07,22.4748,1.1058,962570.153,961335.101
603059.SH,20251013,11.5703,1.37,,3.5138,362318.4609,362318.4609
600096.SH,20251013,4.4671,1.17,9.9842,2.3579,5244744.3331,5244744.3331
601811.SH,20251013,3.0506,1.18,10.7748,1.2002,1816213.952,1165682.5408
600355.SH,20251013,2.8173,0.73,,14.9311,167310.328,167310.328
300534.SZ,20251013,4.0679,1.27,92.2022,4.3082,297884.79,296614.5612
300525.SZ,20251013,3.0664,1.32,35.368,4.225,1055428.7265,865600.9209
300763.SZ,20251013,9.2624,0.62,36.673,3.9034,3451248.9223,2787162.4312
000088.SZ,20251013,2.0003,1.51,16.8664,1.3091,2318969.5723,1410650.9327
300548.SZ,20251013,6.2869,0.77,128.8878,16.5376,2919521.9114,2695950.4289
002029.SZ,20251013,23.2169,1.38,25.5739,1.0069,661312.0777,624150.7895
301197.SZ,20251013,3.1813,0.91,53.7191,1.8305,240718.38,164339.121
300821.SZ,20251013,2.5013,1.13,328.6464,2.2424,1108800.0,1108606.653
920425.BJ,20251013,5.7404,1.53,61.2064,6.5556,165778.7127,138381.4774
300457.SZ,20251013,8.858,0.56,46.3656,3.0918,2021933.146,1986162.4952
920339.BJ,20251013,1.9325,1.31,35.701,3.7198,218001.762,149388.1637
688291.SH,20251013,5.1727,0.95,84.3122,3.6764,348758.7799,114365.7799
920809.BJ,20251013,3.6747,0.71,,2.1584,354038.55,271332.3245
000960.SZ,20251013,7.4559,1.16,24.0079,2.1123,4096401.0585,4096401.0585
300651.SZ,20251013,10.6038,0.95,104.0492,3.0942,319698.7336,197948.3709
601872.SH,20251013,6.5196,1.61,15.5178,1.816,7347830.0368,7347830.0368
002526.SZ,20251013,3.2992,1.02,55.7476,2.1273,682810.0392,678325.3398
300442.SZ,20251013,3.6255,0.67,47.8348,8.1409,8160277.46,8130471.4369
688278.SH,20251013,4.4139,2.94,35.879,12.3854,3412645.2,3412645.2
920414.BJ,20251013,5.5239,0.68,,3.9005,112444.9211,77938.9288
000686.SZ,20251013,2.0188,0.88,17.4116,1.0562,2040874.9419,2040874.9419
000893.SZ,20251013,2.0831,1.05,24.4411,2.9905,3752571.8704,3296760.7105
600208.SH,20251013,2.4235,0.98,,0.8904,3701389.248,3700969.7066
000036.SZ,20251013,3.4418,0.71,618.0783,1.2338,586796.2271,585681.1109
600872.SH,20251013,1.3734,1.08,17.9328,2.581,1434901.8015,1420159.8039
601008.SH,20251013,23.8348,5.34,50.3669,1.8679,760511.0977,760511.0977
603383.SH,20251013,4.0447,0.83,43.9318,6.1861,870224.63,867242.121
300565.SZ,20251013,6.4616,0.94,,5.01,297148.4883,271564.1226
920375.BJ,20251013,4.7591,1.09,58.8163,2.159,173596.5817,104190.4817
688277.SH,20251013,2.8696,0.91,,6.4599,807108.0942,807108.0942
920037.BJ,20251013,3.3836,0.91,49.9362,10.8226,810361.3649,261939.7689
600615.SH,20251013,2.4971,0.97,181.5061,3.931,290378.8731,289767.2907
002482.SZ,20251013,3.7583,1.02,,13.3911,675173.2253,673840.7642
300541.SZ,20251013,18.4215,1.95,81.9588,4.4944,763759.0178,686563.3858
688663.SH,20251013,11.7167,1.64,39.591,4.655,628303.9633,628303.9633
600141.SH,20251013,3.0423,0.87,21.8245,1.571,3324110.5479,3324110.5479
600280.SH,20251013,6.7723,2.46,,5.8058,383633.8279,383633.8279
688400.SH,20251013,6.303,0.74,168.952,4.8926,1957768.1851,1957768.1851
300124.SZ,20251013,3.4731,1.03,42.8466,7.2233,22005227.5327,19277475.0623
603700.SH,20251013,2.9071,1.33,31.565,1.4871,239013.533,239013.533
600429.SH,20251013,3.5599,1.19,64.9124,1.3696,710821.9163,705349.5476
002960.SZ,20251013,3.2951,0.92,33.9408,1.7725,1095247.4441,935466.9086
920802.BJ,20251013,5.6387,1.08,62.982,3.3514,143186.4743,38584.1434
300077.SZ,20251013,3.6982,0.75,,14.0379,1403002.8402,1362583.7244
301509.SZ,20251013,2.9909,0.85,55.7163,2.0062,436137.3884,205458.9003
300594.SZ,20251013,5.7016,1.29,,1.9464,163718.4879,162158.6588
300105.SZ,20251013,5.297,2.27,47.1141,2.0041,384281.7429,384281.7429
603239.SH,20251013,10.021,0.59,28.2775,4.3806,529799.04,529799.04
603906.SH,20251013,12.7497,0.79,,3.7762,1170799.8452,965719.8452
002765.SZ,20251013,28.4014,1.13,56.1316,3.6277,931238.9125,850923.9799
603929.SH,20251013,2.8585,0.51,16.1347,5.634,902726.16,902726.16
300374.SZ,20251013,4.4855,1.05,,4.855,402558.4957,319107.9402
002718.SZ,20251013,8.3328,0.77,,3.4495,316394.9244,136009.6772
603350.SH,20251013,5.4241,1.07,40.9899,3.4985,452621.52,171072.0
300835.SZ,20251013,23.2989,2.71,65.3133,7.467,859774.7634,593265.6645
920575.BJ,20251013,1.9313,0.6,,8.5631,347241.84,232292.2085
002734.SZ,20251013,21.3951,2.75,29.0038,2.678,923678.2838,837384.0155
002729.SZ,20251013,3.3081,1.05,53.6092,4.7463,259817.2864,249158.4696
000045.SZ,20251013,9.8446,0.86,93.1939,2.5488,752184.9458,678677.4458
688622.SH,20251013,5.8965,1.13,,21.5775,831493.1478,831493.1478
000899.SZ,20251013,6.57,1.08,11.944,1.653,971775.049,971775.049
600719.SH,20251013,2.2255,1.08,,6.8318,249637.9532,249637.9532
688656.SH,20251013,4.757,0.83,328.4342,11.6931,952196.1,952196.1
603693.SH,20251013,3.8816,0.99,28.6114,1.6971,1162484.5475,1162484.5475
600857.SH,20251013,13.5485,1.75,184.7474,4.3444,375287.2245,375287.2245
301448.SZ,20251013,7.0472,1.22,281.2004,8.2852,556192.0,255848.32
301000.SZ,20251013,5.5603,0.69,82.5522,9.2661,1115778.4173,1053263.2653
301061.SZ,20251013,2.72,1.06,23.9162,5.2111,1983910.8159,1317409.1148
300601.SZ,20251013,1.9013,0.91,248.4965,2.0193,1835114.5294,1479350.6871
600418.SH,20251013,3.4088,0.87,,10.3925,11005225.3368,11005225.3368
000030.SZ,20251013,3.5651,1.43,14.2604,1.1807,945895.9648,918998.5448
600557.SH,20251013,3.0455,1.0,31.7823,1.8345,854333.6383,854333.6383
603678.SH,20251013,3.2633,0.9,63.9531,3.0803,1864221.1935,1864221.1935
300136.SZ,20251013,12.9409,1.65,44.9258,3.777,2788532.8147,2376404.7627
300449.SZ,20251013,3.1583,1.18,,8.1404,273313.4802,273313.4802
600383.SH,20251013,4.3049,0.8,,0.351,1941270.936,1941270.936
002636.SZ,20251013,7.2875,1.38,237.6355,2.6409,893256.0,888735.0167
300303.SZ,20251013,4.7827,0.43,30.6327,2.6348,968274.1805,908350.6224
000863.SZ,20251013,3.7646,1.05,319.0839,0.9429,423871.142,417737.9351
301589.SZ,20251013,2.5278,1.06,28.0448,4.3144,1578457.152,588454.727
920075.BJ,20251013,3.1775,1.15,54.4805,4.8082,191269.065,102927.5277
600683.SH,20251013,5.9002,1.42,,84.6262,311126.5907,311126.5907
603859.SH,20251013,11.7859,0.93,55.7711,3.8949,1166718.6384,1166718.6384
000728.SZ,20251013,2.3236,1.07,15.1726,1.059,4019039.4376,4019039.4376
603375.SH,20251013,5.828,0.91,147.5958,2.6419,415753.3347,263415.2368
000520.SZ,20251013,3.7761,2.17,,9.9901,459485.8886,459485.8886
920642.BJ,20251013,7.8255,1.42,,6.8181,161932.9742,157121.3894
688244.SH,20251013,5.4181,1.76,,3.539,347060.5322,167580.2805
002738.SZ,20251013,4.7056,0.8,103.8791,3.2529,3875854.3632,3819715.9748
002884.SZ,20251013,2.3716,1.31,13.1448,2.7504,603768.0752,460946.3597
688009.SH,20251013,2.2013,1.18,16.4441,1.2752,5782041.174,4707075.828
000420.SZ,20251013,4.3188,0.89,1085.9759,2.3627,1042560.1774,1042205.2046
920553.BJ,20251013,3.9167,0.88,59.8395,4.5487,159209.0297,101786.6615
601012.SH,20251013,2.816,0.93,,2.3766,13739023.0157,13739009.3348
688690.SH,20251013,2.3014,0.84,112.4404,6.2613,1136738.5635,1136738.5635
300995.SZ,20251013,10.0931,1.18,314.1675,6.7195,419200.96,299077.2015
300472.SZ,20251013,16.6883,1.69,,,177817.0692,171087.5257
605069.SH,20251013,4.0156,1.16,,2.4127,216355.1291,86012.8261
688533.SH,20251013,6.4602,1.32,22.007,2.8819,458740.7173,458740.7173
301158.SZ,20251013,4.0357,1.42,24.8479,2.0268,271869.8821,264908.9392
601118.SH,20251013,2.5739,1.13,102.4812,2.3538,2293773.2992,2293773.2992
603285.SH,20251013,7.6205,0.49,33.1844,2.6503,434560.0,169198.0545
000989.SZ,20251013,2.3365,0.69,53.6925,2.2907,834543.4617,676799.9092
601179.SH,20251013,5.7886,1.09,30.2862,1.6295,3634250.5876,3634250.5876
300453.SZ,20251013,2.0017,1.03,20.0757,3.6652,474336.9527,327845.4855
300991.SZ,20251013,12.507,1.9,292.4326,9.7941,622800.0,398514.15
301008.SZ,20251013,10.7213,0.64,141.748,3.6259,536687.3329,474725.5729
002194.SZ,20251013,3.7419,0.82,363.2579,3.6759,912186.551,682043.1896
002322.SZ,20251013,2.2669,1.32,19.945,1.7836,488342.5854,470145.3466
300056.SZ,20251013,5.8785,1.05,,26.0946,430207.3344,429827.6712
300567.SZ,20251013,4.504,1.06,,6.4138,2279642.7955,1850214.0787
002231.SZ,20251013,1.0432,0.24,,5.478,98852.2548,87730.3293
688502.SH,20251013,9.6334,1.17,429.6826,18.9837,2264644.8,720568.8
600795.SH,20251013,1.7266,1.25,13.5312,1.5868,9203179.4463,9203179.4463
300965.SZ,20251013,21.1226,2.58,109.7516,3.153,389160.0,361359.3825
300922.SZ,20251013,8.8616,0.93,108.0086,4.9719,454972.7908,357671.396
300614.SZ,20251013,3.6324,1.0,,2.1804,238247.1303,238247.1303
001696.SZ,20251013,7.0175,1.33,41.8671,5.4748,2868292.4346,2232952.5536
000712.SZ,20251013,10.3881,1.81,152.0081,5.2651,1318016.0,1317624.8979
000679.SZ,20251013,2.7841,0.81,,12.6231,277635.6,277635.6
603290.SH,20251013,11.5124,1.26,54.7367,4.0868,2782681.6749,2782681.6749
603207.SH,20251013,2.8439,1.19,25.7173,4.7762,533059.0904,180608.0
603039.SH,20251013,4.8146,1.78,67.9573,6.7898,1503158.5251,1503158.5251
601929.SH,20251013,12.4028,0.76,,2.5088,1284242.0458,1284242.0458
002101.SZ,20251013,3.7636,1.06,24.6389,1.1375,877641.0117,874782.3149
688633.SH,20251013,4.3807,1.89,29.3324,2.4793,389759.5943,389759.5943
300269.SZ,20251013,4.3409,0.92,183.7184,30.6605,265221.9775,253903.2482
301588.SZ,20251013,3.8266,1.25,49.4763,2.5217,234288.3431,144590.9497
601828.SH,20251013,2.1769,1.17,,0.2746,1219325.1484,1011765.1709
001228.SZ,20251013,1.8432,1.11,30.9564,1.484,247613.2279,190397.2279
600507.SH,20251013,1.8895,0.99,26.0537,1.3251,1276879.7153,1276879.7153
601187.SH,20251013,1.9154,1.62,6.6837,0.655,1696959.232,825641.5928
301172.SZ,20251013,4.4032,0.96,83.4097,2.6641,390839.68,223803.9373
600469.SH,20251013,5.2517,2.59,29.0026,1.3066,444235.5804,444235.5804
603708.SH,20251013,2.2278,1.07,45.7151,2.8303,663872.222,663872.222
600552.SH,20251013,5.5452,1.06,75.9323,2.7293,1139195.9142,1139195.9142
603139.SH,20251013,3.9004,1.74,,2.6316,215041.64,215041.64
301222.SZ,20251013,7.8002,0.59,29.3704,2.1839,305035.1888,242897.281
603406.SH,20251013,12.048,0.66,40.6311,4.0498,1846846.17,164087.7091
300053.SZ,20251013,3.6702,0.94,,5.5489,949839.7022,887066.1989
001258.SZ,20251013,10.8106,1.27,,2.4153,702800.0005,702798.3063
603628.SH,20251013,5.5736,1.14,29.3227,2.7338,362193.3994,360895.2984
600459.SH,20251013,7.8503,0.94,22.9454,1.8624,1346378.2273,1335803.6968
600962.SH,20251013,3.0358,1.28,104.0587,5.8938,553787.52,553787.52
601985.SH,20251013,2.2676,1.13,21.7888,1.647,18655177.8811,17127139.3744
600642.SH,20251013,1.5835,1.5,10.3,1.1115,3944627.9771,3944413.4037
600295.SH,20251013,3.5978,1.4,16.1622,1.4563,2955507.7242,2086208.5242
600444.SH,20251013,16.6329,1.89,56.7703,3.9125,283472.8604,283472.8604
605100.SH,20251013,7.5185,0.61,123.6824,2.7361,493031.292,489574.092
301399.SZ,20251013,6.0095,1.3,75.1963,2.742,358013.7,105812.7389
600606.SH,20251013,2.835,0.85,,0.4262,2585976.1698,2585976.1698
300320.SZ,20251013,3.2755,1.31,31.4684,2.5191,606645.2987,490159.8398
003036.SZ,20251013,5.0597,0.66,58.4131,2.6469,364626.366,364624.5957
301233.SZ,20251013,4.4704,1.04,32.9512,3.0993,291937.84,112958.589
300313.SZ,20251013,5.7097,1.07,,,270725.4475,170710.1625
605118.SH,20251013,4.8269,0.95,52.0235,8.4543,1175788.292,1165573.108
300890.SZ,20251013,8.567,0.79,468.143,1.9308,391735.1677,357837.4234
301309.SZ,20251013,3.3124,1.19,21.4469,1.8603,295700.0,73925.0
002436.SZ,20251013,6.5355,0.96,,6.6733,3436739.9444,3054225.4516
301290.SZ,20251013,4.4504,0.56,34.2932,1.2373,274474.9352,186767.716
002173.SZ,20251013,11.0709,1.09,,5.3834,950085.2099,896303.4658
300936.SZ,20251013,4.442,0.7,536.8264,2.9011,289820.8,182911.8999
002268.SZ,20251013,2.049,1.18,73.7462,2.7189,1473943.6927,1473354.2536
688507.SH,20251013,9.5818,1.55,155.7289,3.4655,968345.1557,535044.6779
001316.SZ,20251013,11.047,3.23,31.5586,3.2014,383398.218,371426.3186
603838.SH,20251013,1.1145,0.41,,2.6222,250572.528,250572.528
002519.SZ,20251013,3.1272,1.4,,2.3076,532801.8148,529185.5231
603529.SH,20251013,3.0458,1.39,12.9551,3.3347,2914786.8444,2842717.6889
000900.SZ,20251013,2.3665,1.75,16.6115,0.5768,634452.2436,634424.0286
600958.SH,20251013,2.5983,0.67,20.5824,1.2123,9677678.9876,8507740.9821
601156.SH,20251013,3.1619,1.64,9.0169,1.3273,2433722.6673,1448064.9873
600770.SH,20251013,4.0997,0.93,106.7536,2.2015,741000.0,741000.0
600097.SH,20251013,3.0726,1.04,23.4116,1.1699,268644.2633,268644.2633
688089.SH,20251013,3.5632,1.2,26.7717,2.7047,439791.7306,439791.7306
603813.SH,20251013,3.7529,1.42,,4.5203,252561.075,252561.075
300174.SZ,20251013,4.307,1.4,23.4276,1.7532,597304.9904,595225.1473
688007.SH,20251013,4.3045,0.97,,3.5989,928294.6831,928294.6831
002416.SZ,20251013,5.2144,0.85,37.979,2.712,1547862.9757,1528656.4757
000953.SZ,20251013,4.6704,1.16,33.4021,17.964,268733.6911,268733.6911
301428.SZ,20251013,4.034,0.47,62.0273,2.798,353029.3345,218961.6745
600810.SH,20251013,16.7472,0.91,,1.6837,1163997.1585,1152893.7785
300073.SZ,20251013,9.8182,0.86,74.5147,2.5711,3696842.5931,3436557.1511
603477.SH,20251013,5.21,1.02,13.7002,3.293,1020140.666,1020140.666
301119.SZ,20251013,5.0339,0.59,33.6733,3.9772,394784.0,319281.56
000858.SZ,20251013,1.1233,0.93,14.408,3.3117,46521071.9399,46519112.4763
603162.SH,20251013,14.2882,4.5,22.7724,2.1495,896407.3279,268806.278
300322.SZ,20251013,6.8153,0.96,,11.0309,1083849.8885,1037654.8776
300371.SZ,20251013,5.5489,1.12,33.4587,2.3099,263594.6578,176077.5991
603180.SH,20251013,3.1076,1.18,15.9142,1.1079,307897.1476,307897.1476
603001.SH,20251013,4.312,1.15,,1.3461,336021.24,336021.24
603161.SH,20251013,4.8425,1.24,28.1155,1.7345,253896.4627,249117.8675
688323.SH,20251013,3.1687,1.0,,3.547,278820.347,278820.347
301602.SZ,20251013,3.6388,1.0,67.404,8.2258,1053262.5798,143492.2991
002742.SZ,20251013,1.1859,1.12,,,197424.0,197359.1435
920599.BJ,20251013,1.9364,0.76,11.0038,2.9194,899611.125,677977.103
688365.SH,20251013,6.7774,1.14,,6.8247,646401.8703,646401.8703
603173.SH,20251013,6.9196,1.15,20.5661,4.6617,838880.0,259738.22
000570.SZ,20251013,2.2794,0.94,96.0274,1.1478,401539.0365,316189.0365
003021.SZ,20251013,10.0483,1.28,124.1754,9.2345,3036564.153,2614680.2594
688206.SH,20251013,11.5401,1.67,,9.7913,1978318.5197,1978318.5197
600259.SH,20251013,16.8909,2.27,288.6604,6.3467,2181786.8764,2181786.8764
300647.SZ,20251013,4.747,1.21,,5.2632,306405.0861,305950.2358
300276.SZ,20251013,3.7464,0.78,326.2782,6.9515,1367417.9582,1031753.0835
300257.SZ,20251013,3.8983,1.27,45.6137,2.3165,1520261.5775,1460676.006
301252.SZ,20251013,6.9196,0.93,39.364,3.6976,469446.2,132031.7438
301628.SZ,20251013,5.2632,0.97,54.2235,5.6411,625619.14,156405.2
600517.SH,20251013,3.0328,1.12,18.7558,1.5298,3385313.9604,3385313.9604
300180.SZ,20251013,3.0671,0.9,165.9646,2.7785,1304945.5749,1268904.9184
605339.SH,20251013,2.64,1.52,68.523,2.1855,746327.1935,746327.1935
601000.SH,20251013,1.4159,1.43,13.0985,1.1262,2305186.2308,2305186.2308
002262.SZ,20251013,2.2786,1.05,22.1525,3.5105,2691834.445,2342357.4614
600138.SH,20251013,2.5476,0.97,45.1896,1.1062,699229.44,699229.44
300324.SZ,20251013,7.1139,0.76,,3.7604,1050375.0818,1039674.4356
920592.BJ,20251013,4.0371,0.52,256.878,9.6733,342005.235,210107.4144
300850.SZ,20251013,11.1146,0.86,33.1121,2.8605,1873324.3175,1360759.0037
300082.SZ,20251013,5.6067,0.98,,2.015,554280.033,552739.4898
002708.SZ,20251013,8.0574,0.73,129.2168,4.6566,781878.2721,714967.2147
600733.SH,20251013,3.3709,0.8,,13.5168,4330611.9623,3795720.3076
600119.SH,20251013,4.0488,0.68,,24.238,301348.0553,301348.0553
301321.SZ,20251013,4.5977,0.84,,3.2708,311532.885,246582.9548
688002.SH,20251013,2.2683,1.17,55.7935,7.0043,3881184.6675,3881184.6675
000860.SZ,20251013,1.7786,1.15,,1.627,1151222.3669,1151222.3669
000572.SZ,20251013,8.2913,0.59,,5.4474,916062.4893,914734.9583
001256.SZ,20251013,4.4792,1.19,37.6181,2.6606,312749.3397,89787.7358
300493.SZ,20251013,6.6872,0.62,271.0081,9.872,1110750.1268,1097672.2818
002127.SZ,20251013,2.2241,1.25,,2.0466,846930.289,688182.884
603333.SH,20251013,3.3265,1.1,,2.4349,500951.2343,500951.2343
600821.SH,20251013,2.7979,0.91,15.5824,1.2326,1176388.1738,1176388.1738
600653.SH,20251013,2.871,0.92,222.2918,5.3218,404847.1059,404847.1059
002344.SZ,20251013,3.2099,1.08,74.7402,0.6727,566916.6963,566400.9407
301162.SZ,20251013,2.702,0.94,72.4748,5.0742,759969.906,488512.8411
920077.BJ,20251013,2.1298,1.03,80.6568,3.2828,829219.0438,447226.0688
300283.SZ,20251013,6.2482,1.21,,3.1935,340430.0821,251544.6739
688156.SH,20251013,4.4432,1.47,,2.3532,193270.4673,193270.4673
002105.SZ,20251013,3.4378,0.7,,2.8544,244391.84,242009.3914
601728.SH,20251013,1.3342,1.61,18.2654,1.388,62499375.7314,53021104.7014
002461.SZ,20251013,2.5482,1.59,24.4171,2.0967,2253168.3926,2253168.3926
600689.SH,20251013,5.1534,1.33,144.3201,5.8072,272745.2525,206541.0221
300501.SZ,20251013,6.1528,0.92,75.0784,2.1055,329208.0955,212967.4878
002253.SZ,20251013,2.2599,0.7,,2.1077,231041.1213,213303.3411
002360.SZ,20251013,2.4959,1.16,,1.0169,205306.6407,167363.8595
300949.SZ,20251013,6.2724,1.15,,3.579,241313.2,137204.252
301046.SZ,20251013,5.266,0.59,81.1732,4.9523,402061.213,298752.073
603988.SH,20251013,16.1195,1.35,146.5132,10.865,724651.2,724651.2
301550.SZ,20251013,7.5029,1.27,96.4216,10.4695,1877474.5,1147162.5214
603615.SH,20251013,4.6484,1.09,,5.1462,583995.3,583995.3
300346.SZ,20251013,19.7535,1.52,105.3199,9.444,3160660.5174,3002408.0843
688578.SH,20251013,1.8085,0.81,25.329,7.7675,4622400.0,4622400.0
001391.SZ,20251013,1.9132,1.07,31.6429,3.2368,7996817.2024,562491.2453
601857.SH,20251013,1.8419,1.3,9.4105,0.9938,150626264.7442,133261870.0442
603707.SH,20251013,2.5382,1.15,23.5472,2.5406,1665719.653,1665719.653
300998.SZ,20251013,3.3879,0.67,,2.5603,323170.7059,253695.4465
601500.SH,20251013,1.3812,1.18,46.4301,1.1598,704066.8706,701269.3256
001205.SZ,20251013,2.3664,1.26,31.7944,1.4527,299677.3782,254246.4558
300486.SZ,20251013,6.9468,0.63,,5.8832,958592.2124,958304.1037
688389.SH,20251013,1.9439,0.82,21.0693,3.0258,621732.7942,621732.7942
600977.SH,20251013,8.1183,0.8,,2.3374,2542854.0,2542854.0
001218.SZ,20251013,2.4823,1.07,23.9944,1.2184,268948.2852,191946.2132
603619.SH,20251013,4.319,1.03,14.8909,2.1272,890926.2143,890926.2143
601218.SH,20251013,29.0586,0.78,75.6955,2.0381,594017.5429,594017.5429
002439.SZ,20251013,2.7256,1.23,,1.6875,1910378.1233,1143865.8101
603037.SH,20251013,6.2541,0.59,44.5298,3.9358,372355.575,370327.3572
300078.SZ,20251013,2.3602,1.06,,7.2102,383430.1749,381884.9318
300926.SZ,20251013,7.6536,1.19,17.4587,4.2742,1280793.3013,835442.7468
300046.SZ,20251013,7.3771,0.51,145.3211,8.5271,960553.8976,960553.8976
002946.SZ,20251013,5.348,1.2,23.7517,4.767,1514791.3774,1497247.3226
600053.SH,20251013,4.9106,1.21,,2.8223,727915.0032,727915.0032
001267.SZ,20251013,7.6894,0.92,136.2249,7.8157,1224081.0624,898919.5252
300465.SZ,20251013,6.1165,0.65,280.2492,15.4308,1024617.2653,1024617.2653
300224.SZ,20251013,28.4424,2.93,324.5966,3.7647,1813004.4123,1802750.9195
605198.SH,20251013,6.719,1.01,46.2534,5.6563,1516975.2,1202803.056
002514.SZ,20251013,10.9977,1.51,,39.0025,519144.7043,399458.7043
605050.SH,20251013,7.2243,0.81,21.526,1.775,758956.9387,758956.9387
600880.SH,20251013,2.3246,1.22,272.2165,1.7331,526986.0683,526840.5444
300166.SZ,20251013,8.2721,1.96,,2.2049,1315251.3389,1046173.0841
300140.SZ,20251013,2.2793,1.47,26.468,1.3573,1887331.8127,621253.8413
301503.SZ,20251013,4.795,1.4,24.7668,2.9441,306400.0,124398.4
300100.SZ,20251013,5.7994,0.89,44.5585,8.1479,2388600.7574,2304258.4738
688196.SH,20251013,5.2887,1.11,34.312,1.9832,566880.0,566880.0
300483.SZ,20251013,16.38,1.55,,1.9696,377171.6542,377005.0942
603370.SH,20251013,9.0817,0.92,55.5453,4.903,915688.3,179439.415
600367.SH,20251013,9.2442,0.96,42.5781,2.5072,613012.2309,578585.8081
301487.SZ,20251013,7.7921,0.65,,6.4805,1220741.2593,724540.8746
600251.SH,20251013,5.231,1.69,34.4932,1.8597,696963.244,696963.244
002943.SZ,20251013,4.4007,1.0,,8.4317,743964.001,479669.6045
688343.SH,20251013,4.7396,0.64,,7.3925,2924437.279,2150216.293
688314.SH,20251013,2.7458,1.11,30.6733,4.3673,290186.3224,290186.3224
002991.SZ,20251013,2.165,1.05,17.7304,3.2045,504017.9982,269991.5483
300428.SZ,20251013,9.1261,1.06,21.2602,2.0529,1543746.1225,1344948.4693
600935.SH,20251013,2.7934,1.16,,1.4728,880710.8237,859313.4439
002591.SZ,20251013,5.8219,0.91,,2.773,181920.8873,135448.552
600820.SH,20251013,2.111,1.4,7.3569,0.6675,2046806.5572,2046806.5572
301169.SZ,20251013,4.6152,1.41,,6.6376,301057.3999,300963.3724
000690.SZ,20251013,2.9422,1.05,11.4592,0.8365,1029194.9587,1028524.9604
000733.SZ,20251013,3.0225,0.77,32.143,1.8496,2770847.155,2770473.655
600551.SH,20251013,2.0892,1.15,13.3484,1.0067,583127.5055,583127.5055
002020.SZ,20251013,2.168,0.7,23.7558,3.0337,1657481.0945,1393639.0449
300757.SZ,20251013,6.6774,0.96,,22.8838,3903257.689,3450586.1039
603011.SH,20251013,22.2425,1.25,,5.9931,1293388.1672,1293388.1672
300484.SZ,20251013,5.5325,1.06,82.255,6.5371,435665.6817,349839.5704
600571.SH,20251013,3.2861,1.01,98.7565,6.8378,768958.8915,754832.5582
002091.SZ,20251013,3.2729,0.81,12.3441,0.9338,1430695.0546,1403990.3973
920914.BJ,20251013,8.3237,1.34,48.2718,3.5149,330600.0,330339.6525
300321.SZ,20251013,11.2498,1.62,485.4024,5.8913,371805.6,371369.7333
002807.SZ,20251013,1.5811,1.29,5.1112,0.5818,1102703.9695,1101191.3503
601688.SH,20251013,3.6587,0.84,11.5313,1.2158,20283362.9271,16418285.4642
002861.SZ,20251013,9.5563,0.98,499.0162,3.0206,336615.1193,271354.2085
300668.SZ,20251013,2.7757,1.04,,2.772,212232.1843,175760.2787
920058.BJ,20251013,5.5563,0.94,33.523,6.1498,204998.1678,100724.2086
920634.BJ,20251013,12.026,0.69,85.2967,6.9268,190457.8971,119192.1566
688710.SH,20251013,2.3275,1.08,165.4871,2.6188,611428.5903,393339.7219
301305.SZ,20251013,2.8136,0.88,19.8966,1.3136,482215.1798,247303.1945
001260.SZ,20251013,4.5986,1.05,48.1923,2.8012,227010.0,62674.5
603273.SH,20251013,4.2345,1.23,121.559,4.5624,400766.058,104829.208
688158.SH,20251013,5.1093,0.75,,4.7945,1133461.8212,1007197.1875
600241.SH,20251013,4.0748,1.01,171.0807,2.0584,241033.4322,241033.4322
601766.SH,20251013,1.2987,0.92,14.2264,1.3394,21954631.0273,18610765.5067
688420.SH,20251013,3.024,1.78,131.0645,1.5597,224170.05,86466.315
300960.SZ,20251013,4.2292,1.12,71.1091,6.4337,382632.858,346696.524
688048.SH,20251013,6.151,0.81,,4.0425,1210338.0886,1210338.0886
601169.SH,20251013,2.363,1.22,4.4609,0.4261,11734356.271,11734356.271
001358.SZ,20251013,3.6303,0.78,52.6999,2.674,378470.4,156599.2182
001896.SZ,20251013,8.6969,1.06,365.4406,2.7812,901736.766,901736.766
603787.SH,20251013,4.1561,1.2,76.2137,1.8087,278013.6983,278013.6983
300323.SZ,20251013,6.4658,1.41,,2.1368,1463944.9149,793092.3991
688499.SH,20251013,6.8576,0.82,,4.7619,1079187.55,1079187.55
601963.SH,20251013,3.4738,2.07,6.1063,0.5901,3224415.6243,1744084.8955
301459.SZ,20251013,4.9138,0.84,31.0522,3.5615,435125.0858,109067.6834
002454.SZ,20251013,4.3888,1.53,28.3491,1.3283,530522.8704,529170.4684
603949.SH,20251013,7.6795,0.78,61.6315,4.0924,424807.0002,422933.0113
300513.SZ,20251013,4.6768,1.4,,2.3001,298947.6707,274728.7739
600258.SH,20251013,1.751,0.63,18.9286,1.3694,1601208.8827,1601208.8827
300848.SZ,20251013,2.0439,1.39,79.5951,4.4618,680341.3269,402464.7941
300972.SZ,20251013,2.9196,0.98,43.9456,20.7018,3358121.9947,2985673.2665
600446.SH,20251013,3.3219,0.97,,4.5615,1682044.985,1682044.985
300197.SZ,20251013,3.2268,1.04,,5.3633,646434.9814,646418.6314
300401.SZ,20251013,2.471,0.87,23.1678,2.4662,761401.2332,748998.8121
002532.SZ,20251013,2.0164,1.01,12.1764,1.9509,5438054.0501,4827976.3734
688295.SH,20251013,4.6348,0.82,,5.5443,2572200.0,2572200.0
688626.SH,20251013,3.7394,0.97,102.068,4.1514,833920.0,833920.0
688775.SH,20251013,5.5004,0.7,111.6777,20.4181,11123740.0,846113.5241
300900.SZ,20251013,2.8545,0.9,,4.1479,549729.6627,418238.6002
603798.SH,20251013,4.7264,0.79,66.1122,3.5526,412627.4869,412627.4869
600862.SH,20251013,1.7219,0.84,28.7395,4.5155,3316849.9238,3316849.9238
300159.SZ,20251013,1.6929,0.76,,,405320.0451,398868.424
000034.SZ,20251013,8.4471,1.47,43.7125,2.7046,2927597.366,2445473.2808
600721.SH,20251013,5.0656,0.91,77.5146,4.3655,343401.0381,343401.0381
002608.SZ,20251013,4.2099,1.06,9.4697,0.934,3139584.234,3139584.234
920509.BJ,20251013,25.3937,2.46,116.2938,21.4492,708070.2592,370901.0554
600641.SH,20251013,13.4679,1.27,98.7295,2.6461,2163714.564,2163714.564
600993.SH,20251013,3.4493,1.4,21.3599,2.885,1194881.3859,1192811.0484
601139.SH,20251013,2.6562,1.17,14.2711,1.2477,1936047.1991,1936047.1991
300410.SZ,20251013,6.6065,0.55,,14.78,345822.1388,345822.1388
300301.SZ,20251013,1.2279,1.25,,9.4039,180081.5229,171403.248
300285.SZ,20251013,3.7362,0.98,39.9753,3.5369,2422827.3666,2044467.9782
300458.SZ,20251013,12.2015,1.31,204.6602,14.1082,4274215.8146,3498647.1251
605090.SH,20251013,3.8754,0.85,16.4006,2.4626,2359254.6485,2353804.5071
688686.SH,20251013,4.5775,0.99,99.4005,5.5759,1678903.9744,1678903.9744
002057.SZ,20251013,14.0378,2.45,40.8511,2.7956,884305.5871,883767.4265
002233.SZ,20251013,1.5966,1.0,14.4746,0.9098,1081393.4395,1080676.8642
688332.SH,20251013,9.1563,0.52,62.791,4.6383,1862277.4044,684302.2081
301376.SZ,20251013,2.1895,0.98,21.781,2.2894,767757.2103,369317.0096
300488.SZ,20251013,4.2174,1.26,43.1884,3.8205,608611.3254,506737.2825
301185.SZ,20251013,3.7863,1.37,40.5209,2.7249,289345.5936,263795.5046
600029.SH,20251013,1.254,0.66,,3.2699,10854430.0671,7591336.3942
000519.SZ,20251013,9.52,1.73,,2.6073,2668143.0095,2668143.0095
002379.SZ,20251013,3.9354,1.74,,10.7229,1975017.5827,1975017.5827
300649.SZ,20251013,3.7968,1.09,,4.4953,217692.9052,174456.0422
920132.BJ,20251013,4.4853,1.11,149.7196,7.0253,181881.504,61758.6021
688418.SH,20251013,7.5145,1.64,,6.8835,600963.0127,600963.0127
605008.SH,20251013,7.6066,1.22,,5.4246,1086508.7803,1086508.7803
301095.SZ,20251013,12.3122,1.73,189.6331,5.6819,1771486.2234,1543490.8431
688271.SH,20251013,1.8358,1.01,96.2993,6.0653,12612089.6904,12612089.6904
002400.SZ,20251013,6.7661,0.44,139.318,2.8836,1431279.7821,1417181.1514
600984.SH,20251013,3.0334,1.18,,1.2665,485218.9551,485218.9551
603605.SH,20251013,2.9899,1.25,18.9688,5.5226,3127649.7962,3127418.0373
600592.SH,20251013,7.1142,1.06,80.765,4.0774,1015265.6239,1015265.6239
600997.SH,20251013,3.0368,1.29,16.0937,0.7829,1117811.0951,1117811.0951
600986.SH,20251013,2.5388,0.75,56.045,2.2296,1161639.1424,1161639.1424
603176.SH,20251013,4.2406,1.17,51.7324,2.525,287041.8391,278935.5551
600848.SH,20251013,6.0615,1.0,27.3498,1.6263,3057254.2488,2901421.6749
603456.SH,20251013,6.2152,0.87,26.1307,2.0115,1716630.834,1716630.834
000988.SZ,20251013,7.4702,0.63,55.0581,7.906,8297408.3382,8293141.6416
603025.SH,20251013,4.1122,0.91,27.7997,7.6619,1839130.4111,1826810.8511
600023.SH,20251013,2.5321,0.95,9.4649,0.9419,6945723.564,6945723.564
600216.SH,20251013,1.6781,0.96,9.1383,1.2775,1387643.2733,1387637.1044
600419.SH,20251013,3.2615,1.19,65.3098,1.4098,324660.5998,324660.5998
002683.SZ,20251013,2.2508,0.78,33.7955,5.1119,3341729.8801,2903713.6892
603758.SH,20251013,9.4515,1.18,36.9103,2.8395,706463.2489,706463.2489
688648.SH,20251013,8.7949,0.96,15.5101,3.9938,899776.0,437508.9612
600212.SH,20251013,3.5973,0.78,432.946,11.4841,592992.9933,433476.0933
300403.SZ,20251013,5.3321,0.84,37.7031,4.2488,884601.0,626502.2909
301105.SZ,20251013,8.1639,1.5,,2.581,216950.0,71322.2995
301611.SZ,20251013,11.5637,1.47,81.8216,17.0345,2812200.0,945458.3376
000720.SZ,20251013,2.0569,1.27,,1.7627,417168.4816,417168.4816
000969.SZ,20251013,3.9089,0.59,67.9279,3.4094,1896546.1651,1864914.1845
000885.SZ,20251013,6.8276,0.77,8.0089,1.1239,993295.0605,993295.0605
603585.SH,20251013,3.2004,1.08,54.8261,1.38,342376.9144,334764.9544
600728.SH,20251013,3.8677,0.69,69.0834,1.8869,1467228.2916,1467228.2916
605098.SH,20251013,2.8214,1.22,17.1192,5.1231,451603.9157,451603.9157
688362.SH,20251013,5.7732,0.78,175.5729,5.9004,1484306.6365,1014823.2765
300791.SZ,20251013,1.9114,0.78,21.6889,3.0586,719433.6854,600524.7839
301568.SZ,20251013,5.5846,0.8,53.2211,4.8722,475298.4152,219305.4241
002821.SZ,20251013,2.9143,0.84,35.6171,2.2252,3801378.9962,3341992.2968
601127.SH,20251013,7.0091,0.69,36.3231,9.8572,26378862.2889,24382982.417
000999.SZ,20251013,1.852,0.91,17.2773,2.2583,4811359.3634,4806848.3627
300786.SZ,20251013,35.7247,1.59,,3.5534,397290.2828,316605.3546
688160.SH,20251013,8.4717,1.2,156.2968,6.549,812948.2437,751800.0
600713.SH,20251013,3.1116,1.17,11.863,0.9624,653155.7152,642165.345
301166.SZ,20251013,2.5432,1.52,,1.3027,264246.6707,173545.0187
920128.BJ,20251013,5.126,1.11,60.8535,4.9429,253799.94,68646.96
920970.BJ,20251013,4.1274,1.11,,3.6658,104233.3344,66110.5224
601997.SH,20251013,1.3766,1.38,4.3021,0.3431,2138875.8745,2138875.8745
600201.SH,20251013,7.2807,1.08,252.7646,2.2101,1175117.4521,1175117.4521
002213.SZ,20251013,27.0438,1.0,,8.7837,484406.511,421646.6264
603071.SH,20251013,2.0417,1.13,11.6961,1.452,796758.9432,796758.9432
002399.SZ,20251013,1.4692,1.14,42.5431,1.4167,1722605.7435,1464214.8005
000531.SZ,20251013,2.5607,1.6,22.3629,0.9659,651917.2338,569500.6755
920169.BJ,20251013,15.323,1.41,80.7163,8.0464,266081.2445,165473.5887
301578.SZ,20251013,7.0797,0.71,61.9216,3.1513,292695.5245,83226.2808
300111.SZ,20251013,16.3268,0.51,1220.2945,12.7515,876590.4962,876590.4962
000630.SZ,20251013,8.5754,1.05,37.5406,2.1795,7764084.0043,6451803.6296
300607.SZ,20251013,5.7624,0.97,,5.6729,1602627.3043,1115685.9974
002011.SZ,20251013,4.3906,0.77,13.4359,2.4426,1486283.4739,1282542.6916
002899.SZ,20251013,5.1943,0.79,38.6857,2.013,346731.7057,346731.7057
002780.SZ,20251013,4.5572,1.19,,3.0845,211009.6438,174944.0108
601998.SH,20251013,1.9928,1.28,5.8474,0.5813,40676613.615,29797752.4788
002413.SZ,20251013,3.5381,1.23,,2.1632,734880.2124,721538.3052
300145.SZ,20251013,5.2797,1.22,40.2276,3.1987,897060.4102,889164.8716
002690.SZ,20251013,2.6402,0.87,26.4795,7.1765,1800641.7371,885031.8192
002244.SZ,20251013,4.0586,1.28,11.2915,1.2512,3649723.683,3150559.9551
300753.SZ,20251013,6.385,1.04,,5.3864,362009.856,252465.3456
605155.SH,20251013,8.8965,0.62,25.6504,2.4454,315641.865,313391.925
300037.SZ,20251013,4.3559,0.68,36.4752,3.8065,3684324.4908,2661858.1377
002403.SZ,20251013,5.5576,1.1,227.3787,2.9479,487113.168,424940.8792
001217.SZ,20251013,8.4592,1.64,88.9317,1.8126,408863.84,404814.2831
000680.SZ,20251013,6.6061,1.61,12.76,2.8406,1597651.8818,1400157.4213
605318.SH,20251013,17.5644,2.11,,9.2026,589166.2252,589166.2252
603231.SH,20251013,4.1308,1.0,24.3898,1.8831,360517.4947,200098.8441
300967.SZ,20251013,15.5871,1.48,16.5239,5.2049,427473.9877,284402.4266
688550.SH,20251013,4.5263,0.98,27.3008,2.827,880373.947,880373.947
920396.BJ,20251013,36.328,1.53,81.0306,8.9293,295102.9776,208330.1143
001215.SZ,20251013,9.0439,1.4,68.5319,2.2192,412251.7724,410649.8999
300211.SZ,20251013,5.4583,0.97,,6.3532,298155.0583,291440.9991
300071.SZ,20251013,2.8313,1.03,,44.5718,410614.7271,402719.4689
301328.SZ,20251013,5.9174,0.94,53.2644,2.5963,496719.0449,228335.8998
000608.SZ,20251013,1.5705,0.89,,0.6379,144733.2686,143867.5189
002687.SZ,20251013,3.1541,1.39,39.5797,1.5274,226645.9915,185638.8857
300785.SZ,20251013,11.6339,0.69,87.8899,3.7379,705538.4022,434042.0432
301027.SZ,20251013,16.9968,1.2,,3.0699,283857.0,228325.8736
600831.SH,20251013,2.1293,0.74,,1.9674,336988.8742,336988.8742
603800.SH,20251013,7.0231,1.02,487.7248,13.709,1046448.0,1046448.0
300740.SZ,20251013,11.15,1.21,72.0624,4.4485,918462.9666,845393.548
603822.SH,20251013,5.6599,1.19,,16.4984,652635.9016,652635.9016
301418.SZ,20251013,3.2154,1.01,154.1738,1.686,271260.0025,108884.9995
300834.SZ,20251013,1.4602,1.21,60.7443,1.5094,443988.7131,441042.1752
002876.SZ,20251013,2.4013,1.27,82.6352,1.7643,418714.9163,358670.1793
301313.SZ,20251013,3.3775,1.19,,3.392,252426.296,184190.1734
300969.SZ,20251013,15.1992,1.51,64.9715,8.8768,1187200.0,321819.0634
301163.SZ,20251013,5.4052,1.05,83.0736,2.0538,231499.2,155256.6378
300172.SZ,20251013,4.151,1.41,48.9236,1.9447,370160.37,286361.2757
300666.SZ,20251013,22.6346,1.39,61.7472,6.446,3038452.4617,2532691.2581
000514.SZ,20251013,6.5089,0.78,40.8301,1.2002,459011.405,459011.405
301039.SZ,20251013,2.2855,0.7,19.0426,1.2229,1761676.9548,1365281.85
600371.SH,20251013,24.3251,8.9,75.715,4.9835,276486.21,276486.21
300674.SZ,20251013,2.7101,0.95,39.5241,3.9714,1728460.0823,1725893.9567
600704.SH,20251013,3.2532,1.0,8.8533,0.7989,3138906.1932,3138906.1932
300539.SZ,20251013,25.1229,1.25,300.2263,13.0232,1498950.8012,964648.9158
000581.SZ,20251013,4.4475,0.77,15.0474,1.0797,2117260.6677,1738568.8373
003002.SZ,20251013,7.0497,0.73,29.8137,3.5892,516400.0,472181.959
603709.SH,20251013,10.0324,1.23,,3.6048,188500.221,186913.2494
002092.SZ,20251013,2.146,1.16,,0.564,1217309.173,1210536.943
603661.SH,20251013,4.5497,1.82,20.3899,1.2362,457669.599,457669.599
601992.SH,20251013,9.4062,2.64,,0.4767,1943354.3464,1516816.804
002367.SZ,20251013,2.1405,1.06,14.7093,1.5863,531298.4737,529192.4318
300913.SZ,20251013,6.1527,0.59,92.4071,13.1722,1691139.2655,1383279.1311
603858.SH,20251013,1.2758,1.07,,1.9802,1885568.3743,1885568.3743
002124.SZ,20251013,2.6895,1.25,6.5775,1.5833,637695.0098,566065.784
000582.SZ,20251013,4.9729,2.53,18.5724,1.1192,2080557.6668,1627257.0109
002422.SZ,20251013,1.2517,0.85,25.9859,2.3445,5551637.4143,4536652.237
300505.SZ,20251013,16.7225,1.7,20.9586,2.2778,601410.1403,475586.3537
002053.SZ,20251013,4.3891,0.97,27.0967,1.5223,1132497.2407,1132489.215
603237.SH,20251013,2.1092,0.71,32.7957,1.8715,338267.9895,336356.1218
688729.SH,20251013,6.6972,0.67,132.1865,9.7949,8467679.4,572391.7376
300440.SZ,20251013,5.7679,1.14,117.2186,3.7098,595294.8426,593021.8007
301199.SZ,20251013,5.0165,0.91,43.1727,2.5872,490397.852,188358.527
000632.SZ,20251013,4.697,1.19,,1.9801,180621.5932,180606.8631
000504.SZ,20251013,1.1978,0.87,,12.9263,301971.1347,301146.9942
002001.SZ,20251013,1.9857,1.05,10.2891,2.4529,7477634.9474,7388685.0708
688131.SH,20251013,5.2531,1.35,56.5961,5.4263,1601352.7199,1601352.7199
300905.SZ,20251013,13.9346,0.91,55.2396,3.5753,676349.3144,525986.0729
605366.SH,20251013,1.9598,1.08,,1.9464,397888.0637,397888.0637
688558.SH,20251013,5.3412,1.13,27.6282,2.4907,408540.0,408540.0
603007.SH,20251013,5.3284,0.94,,11.3246,542798.6865,309395.2516
300189.SZ,20251013,25.6925,4.54,,6.7502,479232.0,414760.3546
002266.SZ,20251013,15.4433,1.9,23.5451,2.1441,2479153.916,2325980.4978
300623.SZ,20251013,5.446,1.08,52.3861,4.5706,2650174.542,2312471.4062
603062.SH,20251013,3.3668,0.61,23.8145,2.962,588168.0,206329.3344
300585.SZ,20251013,10.589,0.9,,4.0574,288322.222,288322.222
601717.SH,20251013,3.4108,0.9,10.0357,2.1505,4302813.8313,3716619.4093
603030.SH,20251013,14.7744,1.28,,5.2416,464877.5326,464877.5326
300735.SZ,20251013,4.0976,0.81,80.7127,4.6015,2228705.8409,2199539.784
603202.SH,20251013,4.729,1.56,13.904,2.3643,1545760.0,314404.222
600699.SH,20251013,7.1727,0.79,42.398,3.1801,4372635.8739,4245383.0667
600538.SH,20251013,2.6693,1.06,,3.978,306131.8352,306131.8352
301318.SZ,20251013,3.4494,0.99,29.8157,2.2102,409581.6852,230549.1384
300474.SZ,20251013,4.2862,0.75,,5.9086,4110400.1889,3196919.0639
300633.SZ,20251013,1.187,0.88,782.8363,4.7375,1475982.0135,1475982.0135
002500.SZ,20251013,1.8269,0.99,25.3987,1.286,2329761.734,2329761.734
002312.SZ,20251013,3.3703,1.14,43.594,2.2114,2083940.4968,2077852.5754
688592.SH,20251013,4.0693,0.7,,3.8739,364727.9633,174619.197
920415.BJ,20251013,4.5748,0.58,192.5445,4.3902,233951.6259,177189.285
301320.SZ,20251013,4.3235,1.21,78.8195,3.0801,324887.85,121748.5579
601330.SH,20251013,2.5362,1.32,14.9218,1.2387,983778.5388,698300.5257
603365.SH,20251013,0.7116,0.85,12.2053,1.5161,441486.9135,436727.6663
603281.SH,20251013,1.2112,2.17,18.9515,2.004,948266.6684,639302.5466
300005.SZ,20251013,3.0966,0.76,188.6824,3.7096,777657.9237,777316.5717
002938.SZ,20251013,5.5307,1.06,29.2354,3.8088,11896237.8141,11838403.9564
002659.SZ,20251013,6.4152,0.4,,1.5313,331447.3327,331445.7749
002883.SZ,20251013,4.5331,1.21,,2.6856,179268.4266,176017.1563
300713.SZ,20251013,12.3005,0.72,,5.663,299664.8893,168237.3729
603610.SH,20251013,26.3834,1.96,38.5346,2.182,680567.8453,680567.8453
301512.SZ,20251013,8.2477,0.61,63.9535,2.3766,239520.2994,111436.9794
920748.BJ,20251013,14.3816,1.09,,12.639,324610.2,263730.2423
688139.SH,20251013,1.5698,1.2,38.2659,2.443,1052422.8015,1052422.8015
002521.SZ,20251013,2.2751,1.41,79.8395,1.3742,529817.7533,395813.8119
603358.SH,20251013,2.2153,0.8,75.4407,5.3852,1959298.37,1831235.84
300731.SZ,20251013,8.8469,0.81,170.4307,8.9586,546185.3933,519174.0965
000910.SZ,20251013,1.9117,1.02,39.9967,0.6654,444486.77,444313.814
002933.SZ,20251013,3.0426,0.97,161.6196,2.5879,392535.75,381627.8622
600867.SH,20251013,2.0439,1.24,41.2452,2.7326,1672595.576,1672595.576
600389.SH,20251013,2.5454,0.85,29.2385,2.8581,1146390.3,1146390.3
002172.SZ,20251013,4.4002,0.89,90.0219,18.8576,313184.5352,312996.2398
300985.SZ,20251013,7.0902,0.65,,3.388,337214.5638,337214.5638
600495.SH,20251013,2.019,1.0,108.4586,1.8919,616177.3519,616177.3519
301263.SZ,20251013,2.0491,1.0,230.7676,7.9015,1374356.925,980582.9577
301103.SZ,20251013,2.1465,1.08,,1.717,326166.6361,326166.6361
300201.SZ,20251013,4.7198,0.53,22.0237,3.5363,564055.3763,562042.7013
605218.SH,20251013,4.3492,1.14,79.2928,3.3846,445247.5983,445247.5983
002245.SZ,20251013,8.7883,0.74,32.7915,2.9649,2143364.7147,2015820.1123
000703.SZ,20251013,1.7445,0.75,797.6347,1.0581,2417356.6901,2404574.5427
688005.SH,20251013,7.2279,0.72,97.0566,2.5395,2108440.1365,2108125.3184
920039.BJ,20251013,5.5589,1.55,42.0189,3.7434,195812.86,195812.7327
601398.SH,20251013,1.2687,1.3,7.1281,0.6909,259107348.9037,196008078.5159
002031.SZ,20251013,4.6945,0.86,,8.1117,1752918.349,1545186.612
920261.BJ,20251013,2.1679,1.41,19.9588,2.7519,431749.8653,253436.8193
300341.SZ,20251013,11.4691,1.01,55.8738,5.2501,982044.8177,978169.4813
605123.SH,20251013,6.5403,0.89,33.452,2.0121,917021.3107,917021.3107
600717.SH,20251013,2.6806,1.64,15.6088,0.6997,1374650.4931,1374650.4931
301262.SZ,20251013,3.7996,1.15,24.1778,2.6565,991626.0,290295.2822
605068.SH,20251013,14.0768,1.1,,2.793,421229.4915,421229.4915
688033.SH,20251013,8.6206,1.14,,1.1669,403658.5919,403658.5919
920640.BJ,20251013,4.8969,0.95,96.1303,5.8568,525450.672,505505.6558
603280.SH,20251013,18.1795,1.76,50.0595,2.9955,400996.2612,103356.2262
600481.SH,20251013,4.556,0.9,,2.8269,1128010.3696,1128010.3696
002845.SZ,20251013,3.9606,1.11,,1.945,460537.6972,351830.9035
002615.SZ,20251013,3.6506,1.26,14.798,2.1245,368817.776,241935.8192
301030.SZ,20251013,3.9096,0.81,,3.2341,305396.445,304977.5164
920223.BJ,20251013,11.1085,1.26,,11.6168,298684.215,154927.5413
002056.SZ,20251013,12.1022,1.52,15.8252,3.5579,3494177.535,3490567.8961
600188.SH,20251013,3.7548,1.27,12.1841,2.4232,14022360.32,8275703.7843
002459.SZ,20251013,2.9777,0.98,,1.7649,4286038.4373,4280950.7929
688188.SH,20251013,3.1158,1.26,43.3046,7.7889,4467518.1605,4467518.1605
600416.SH,20251013,6.202,0.68,88.1865,2.4732,2386340.1149,2143182.2216
300897.SZ,20251013,5.655,0.89,67.2791,4.2321,413087.5426,257538.9311
300119.SZ,20251013,4.3338,1.59,25.8583,2.2566,1029431.6738,741940.8765
603937.SH,20251013,11.0285,0.62,,1.6604,254635.6617,254635.6617
600580.SH,20251013,10.5065,0.7,77.3365,6.9293,7248225.251,7248225.251
600682.SH,20251013,2.5464,1.08,42.5367,0.5575,984022.6536,851659.061
603298.SH,20251013,2.689,1.36,16.4298,3.2361,3510296.2913,3510296.2913
300745.SZ,20251013,5.2273,1.16,,1.6621,372774.4056,314383.31
603936.SH,20251013,6.7928,0.77,,1.7946,783584.719,783584.719
002090.SZ,20251013,7.9525,1.03,62.4244,3.1193,471078.6355,465716.5941
920422.BJ,20251013,11.1262,1.15,93.3375,3.1093,129715.6529,97082.4929
601200.SH,20251013,1.8612,1.11,18.3708,0.9607,1097177.6546,1097177.6546
300866.SZ,20251013,2.9108,1.36,26.298,7.1045,6335774.4183,3568422.752
000729.SZ,20251013,1.515,0.76,24.4559,2.255,3424525.2993,3049172.1004
000538.SZ,20251013,1.301,1.05,19.4969,2.624,10125690.272,10060606.597
002134.SZ,20251013,3.4122,0.74,248.0845,9.9128,493666.3341,493360.09
300727.SZ,20251013,6.254,0.91,60.0984,5.3583,675042.1758,607138.6477
000993.SZ,20251013,4.4457,1.49,24.9337,1.8057,466194.5812,447663.0283
600315.SH,20251013,1.808,0.98,,2.4401,1700731.7294,1700731.7294
301026.SZ,20251013,5.1575,0.89,39.4297,3.1696,488433.5239,344337.9353
000810.SZ,20251013,5.5952,0.92,127.1388,2.4503,1558277.9653,1515986.9839
301078.SZ,20251013,3.0027,0.96,55.3321,3.1444,1353439.1791,1345761.9983
000066.SZ,20251013,12.4032,1.95,,5.0617,5677406.3949,5677038.1149
300930.SZ,20251013,14.1467,2.21,65.8284,3.6711,329900.0,155465.3783
605060.SH,20251013,3.7966,0.84,32.6644,2.7633,649598.4,645139.08
300903.SZ,20251013,15.5896,1.76,,3.1783,566057.886,448163.8884
002042.SZ,20251013,4.838,0.96,,1.5184,870748.8538,870748.8538
002650.SZ,20251013,1.7096,1.5,,4.1374,784512.1362,784486.5987
300289.SZ,20251013,4.2687,1.2,,2.4709,409640.6497,408996.8347
600566.SH,20251013,0.8536,0.56,11.9163,1.7307,2285079.7581,2276934.5787
601886.SH,20251013,2.5916,1.15,13.1593,1.1996,846352.5388,846352.5388
001234.SZ,20251013,18.22,0.58,63.5774,3.3219,300887.675,251681.375
600529.SH,20251013,1.5836,1.61,16.7769,1.7641,1407525.5337,1407525.5337
300729.SZ,20251013,3.1452,0.87,16.3014,1.3707,496704.8324,462280.9171
601388.SH,20251013,6.4247,0.86,,1.4793,669171.6753,669171.6753
600449.SH,20251013,2.2155,0.99,21.5091,0.8692,633589.8807,633589.8807
920526.BJ,20251013,3.5788,0.88,138.0848,10.3879,229823.3,145529.2436
301365.SZ,20251013,6.7325,1.28,67.1764,1.9482,341820.0,88018.65
600608.SH,20251013,0.7513,1.18,,32.9203,124638.4861,120662.7761
688102.SH,20251013,4.6284,0.92,96.2701,10.8336,1280810.5222,1280810.5222
300081.SZ,20251013,3.8719,1.23,,2.6355,293930.5727,293886.0672
603051.SH,20251013,8.582,1.07,1731.3736,2.1504,344018.9335,344018.9335
000966.SZ,20251013,2.0199,1.49,42.3927,1.1355,1535136.4421,1438331.5636
600101.SH,20251013,4.0277,1.21,26.7262,1.7667,529783.0095,529783.0095
605296.SH,20251013,3.9827,0.78,16.9071,3.1368,1606828.6479,1586068.2879
002144.SZ,20251013,4.079,0.83,84.6599,1.0658,224665.1731,174945.8748
300485.SZ,20251013,4.2345,1.29,64.8458,1.6014,545246.3648,309961.05
688181.SH,20251013,10.4284,2.39,93.1991,2.6173,538329.6286,538329.6286
301609.SZ,20251013,11.581,0.59,62.3525,7.0559,842089.6,179658.7615
301345.SZ,20251013,7.4107,1.31,41.4322,7.7704,2450659.7726,653019.2205
600461.SH,20251013,1.6039,1.04,9.6573,1.3211,1153171.3498,1153171.3498
603117.SH,20251013,2.2555,1.47,428.6423,3.0615,313979.6168,313979.6168
600405.SH,20251013,4.2009,1.09,,13.007,352989.8427,351428.7727
920906.BJ,20251013,10.6881,0.91,46.2584,3.2861,189712.4,96895.0112
601956.SH,20251013,7.9415,0.68,48.0862,1.8304,459996.2766,459996.2766
300389.SZ,20251013,7.8663,1.13,42.5479,3.9345,613813.8272,387780.5368
301123.SZ,20251013,10.3577,0.89,,3.9138,1118243.2,1118243.2
000663.SZ,20251013,4.2729,2.03,,2.2452,225914.9164,205528.1025
605588.SH,20251013,43.6429,2.1,,4.6831,482245.2714,479825.5184
688248.SH,20251013,5.1763,1.07,87.2181,10.0345,3097379.5,1252774.0
601113.SH,20251013,10.3245,1.39,10.1715,1.2364,486931.1317,486931.1317
688429.SH,20251013,2.4416,0.91,,4.1129,620801.2416,185971.9184
000793.SZ,20251013,3.2681,0.68,,43.387,605165.3735,594185.6103
300444.SZ,20251013,8.5903,1.49,69.393,3.8896,681227.2018,530094.0342
000709.SZ,20251013,4.12,1.15,30.8146,0.5344,2749674.2105,2749219.6979
002391.SZ,20251013,2.1165,1.14,,0.9363,398200.2332,284506.0571
003028.SZ,20251013,4.7614,1.5,27.493,2.5945,455984.361,222265.8587
001376.SZ,20251013,3.2957,1.03,31.9882,5.1722,586725.7,272107.3309
600356.SH,20251013,2.1003,0.61,18.3374,1.077,283496.0777,283496.0777
002349.SZ,20251013,1.7238,1.22,28.6189,2.2407,594876.909,583767.711
300206.SZ,20251013,2.8171,1.17,35.3,3.3094,675887.4614,394550.5728
688150.SH,20251013,2.8115,0.74,51.8791,5.6755,1044325.5331,1044325.5331
688717.SH,20251013,7.5729,0.72,48.4798,2.5867,1175040.0,713392.7597
002470.SZ,20251013,2.7184,1.01,,2.8778,575054.8549,575006.148
600498.SH,20251013,6.1699,0.76,44.8261,2.3358,3461535.9491,3181139.5035
300656.SZ,20251013,3.8317,1.19,,4.2107,421652.1774,327460.4059
300477.SZ,20251013,3.9374,1.15,,2.0342,212259.7,196188.4107
301161.SZ,20251013,7.0835,0.79,69.9651,4.8304,434040.0,434040.0
300893.SZ,20251013,6.6723,0.53,40.7369,6.6482,1215719.2512,644532.5412
600266.SH,20251013,4.5634,0.91,,0.5919,1143734.6724,1143734.6724
688750.SH,20251013,4.6846,1.06,91.4211,4.175,1020737.5,183732.75
603655.SH,20251013,12.6211,1.5,113.3925,7.3621,398772.0,398772.0
603267.SH,20251013,4.7478,1.08,61.822,3.0698,1344197.5488,1344197.5488
001336.SZ,20251013,5.4665,1.4,81.2775,2.3691,186145.026,107886.5986
603008.SH,20251013,3.1119,1.41,17.925,1.6875,636650.6967,636650.6967
920118.BJ,20251013,3.8178,1.68,29.2191,2.4273,134772.608,81826.1128
301359.SZ,20251013,6.2712,1.38,53.4945,2.8837,240952.88,71907.0533
002072.SZ,20251013,2.4685,1.19,,87.4663,271347.84,218918.2536
603153.SH,20251013,4.8728,0.79,26.1425,2.1407,756193.7406,249075.0
002555.SZ,20251013,4.0027,0.79,16.0209,3.5889,4499691.4432,3252299.474
000155.SZ,20251013,2.8477,0.98,49.5566,1.8692,1979092.4626,1979092.4626
600327.SH,20251013,2.051,1.14,,1.2293,416731.153,416731.153
300830.SZ,20251013,4.4891,0.53,338.5045,3.5978,493191.6957,368096.571
600859.SH,20251013,2.4234,1.01,276.7478,0.8001,1565636.4736,1565492.4932
601718.SH,20251013,2.7896,1.05,,1.2513,1563420.0678,1563420.0678
002811.SZ,20251013,14.8692,1.74,33.5958,3.0815,420071.0868,386165.8251
301499.SZ,20251013,5.937,1.21,75.7415,2.8209,357665.3383,89416.3359
002667.SZ,20251013,6.0975,1.17,,7.6958,282119.844,274977.249
002523.SZ,20251013,6.393,1.38,81.3058,2.3653,577989.4464,575909.4147
600272.SH,20251013,2.6375,1.14,210.7399,4.2914,332780.0143,202720.0
600969.SH,20251013,2.2388,1.3,,0.7484,270136.8533,270136.8533
300439.SZ,20251013,2.0997,1.36,28.9153,1.3357,394311.1042,299932.6843
600022.SH,20251013,5.2036,1.67,,0.9535,1786707.8755,1786707.8755
002311.SZ,20251013,1.0052,1.03,20.4591,4.2647,10265337.3149,10257756.4395
688146.SH,20251013,4.9387,1.25,76.2996,4.1369,2318823.5307,634972.288
688698.SH,20251013,10.8799,1.42,71.3944,8.2006,1796089.8964,1796089.8964
603363.SH,20251013,14.4927,2.12,9.6898,4.511,1434231.9661,880476.9661
300007.SZ,20251013,9.9084,0.94,221.9266,6.4435,1867422.3652,1615631.6074
000595.SZ,20251013,1.7149,1.01,,14.1009,539723.1175,539723.1175
688001.SH,20251013,6.6126,1.14,,3.929,1337469.6625,1337469.6625
300856.SZ,20251013,2.4124,1.24,30.3703,2.3521,626479.9449,601281.3401
603283.SH,20251013,14.5548,1.03,26.0638,4.3046,1362309.1245,1328695.2645
603381.SH,20251013,4.9799,1.01,38.645,1.5205,553281.7522,331465.0838
603886.SH,20251013,1.3978,0.52,13.284,2.019,288240.0,288240.0
001324.SZ,20251013,5.217,1.26,44.4367,2.4204,274482.0,162409.0104
605099.SH,20251013,6.0242,1.12,21.184,4.26,1213162.9759,1209792.7211
300853.SZ,20251013,3.9736,1.26,,5.1211,341796.2053,256456.7144
301516.SZ,20251013,4.6807,1.08,,3.6377,477473.6853,119368.4217
688301.SH,20251013,3.203,1.46,45.7946,4.9026,2254481.1454,2254481.1454
000019.SZ,20251013,3.9117,1.41,20.8345,1.5757,775656.2259,280113.6419
605177.SH,20251013,3.6743,1.6,,1.2528,217864.7139,213796.8603
002315.SZ,20251013,4.0448,0.65,28.829,5.9842,1476732.9702,941777.54
603097.SH,20251013,10.3856,1.3,38.5391,3.6447,381324.765,371040.0
600763.SH,20251013,1.7809,0.78,38.1629,4.7149,1956889.8869,1956889.8869
603000.SH,20251013,1.7258,1.02,114.4282,5.9323,2152780.486,2152780.486
603801.SH,20251013,2.359,1.22,10.8386,1.2449,406118.1532,406118.1532
300095.SZ,20251013,6.9838,2.5,,2.4968,410848.1804,331275.0833
603060.SH,20251013,2.2965,1.73,28.1868,2.6771,516130.061,516130.061
600422.SH,20251013,1.4296,1.05,17.1897,2.0289,1060523.0356,1060523.0356
603320.SH,20251013,7.0069,0.63,42.598,2.6668,304556.5465,304556.5465
002451.SZ,20251013,3.5453,1.37,211.3157,3.8577,298774.26,297743.022
300471.SZ,20251013,3.8731,1.22,,4.044,455090.7539,412733.5885
000677.SZ,20251013,5.8167,1.4,92.5277,8.3392,446676.5991,446676.5991
002483.SZ,20251013,2.7956,1.03,13.6421,1.4961,647121.9415,646233.0833
300516.SZ,20251013,4.6397,1.6,284.3563,5.2279,672300.0,672300.0
002267.SZ,20251013,4.3408,1.26,12.9732,1.4046,926358.8457,926358.8457
000698.SZ,20251013,0.0849,0.04,16.4827,2.0394,295025.1822,282857.1822
300184.SZ,20251013,6.2234,0.56,94.1312,3.3659,1285569.2811,1168794.5631
301330.SZ,20251013,5.3998,0.91,37.4026,2.2005,739239.2186,357806.6098
601002.SH,20251013,2.0983,1.23,18.3899,1.2022,504899.1409,504899.1409
688121.SH,20251013,2.4001,1.12,50.9906,1.1843,301128.4499,261237.3338
002047.SZ,20251013,1.0916,1.3,,,339639.7072,339622.4635
300210.SZ,20251013,2.418,1.28,,11.5955,478409.3136,477950.8766
002611.SZ,20251013,10.0255,1.15,30.642,4.2039,2249545.1563,1852061.3625
603528.SH,20251013,3.5127,1.42,,3.2325,619100.7249,619100.7249
688609.SH,20251013,3.1444,1.0,,5.8482,494500.0,494500.0
301041.SZ,20251013,4.0955,0.95,108.1415,4.2855,284408.88,210402.4236
300169.SZ,20251013,3.325,0.9,,263.266,231448.8814,214232.4052
603721.SH,20251013,2.492,1.0,,5.7633,263120.0,263120.0
002728.SZ,20251013,2.4803,1.14,80.5551,2.535,449604.4565,330167.4489
300171.SZ,20251013,2.514,0.91,88.1025,1.4301,1110450.658,815853.1648
300963.SZ,20251013,46.8893,1.73,149.7933,11.1864,1209892.32,763470.6498
301203.SZ,20251013,3.4281,0.84,21.6252,1.9012,275520.0,150993.57
301087.SZ,20251013,3.867,1.86,28.7466,1.8342,845615.056,786311.937
300959.SZ,20251013,25.9545,0.72,181.3505,6.2715,708040.318,461249.4794
688661.SH,20251013,6.4861,0.68,263.2419,6.2256,766425.97,766425.97
600166.SH,20251013,4.7977,1.81,48.4087,1.4226,2145615.4995,2145615.4995
002955.SZ,20251013,4.7758,1.14,54.5238,1.9649,638927.7624,529955.4276
301097.SZ,20251013,3.2304,1.18,,2.1772,254298.9456,79150.5456
601838.SH,20251013,1.7875,1.58,5.6914,0.9617,7574083.9812,7560900.9998
002456.SZ,20251013,4.8529,0.69,,10.9827,4193316.677,4137370.9957
000802.SZ,20251013,4.5375,1.95,,3.7975,323586.9153,323390.2953
301225.SZ,20251013,6.7826,0.92,64.373,6.0254,897751.92,259495.288
301170.SZ,20251013,4.4145,1.27,24.4694,1.5491,269300.0,90418.6195
002207.SZ,20251013,13.831,0.59,,44.375,214623.3546,213604.9871
600784.SH,20251013,1.647,1.07,17.0826,1.335,431741.805,431741.805
601996.SH,20251013,4.2788,0.96,,1.0148,260052.1445,260052.1445
001212.SZ,20251013,7.8716,0.95,1158.8434,6.3252,1082404.0144,926136.7868
688296.SH,20251013,4.5652,1.52,,2.3653,158826.8275,158082.7315
002673.SZ,20251013,1.9016,0.8,25.0774,1.314,3848309.848,3538002.9967
002444.SZ,20251013,2.3693,0.85,14.563,1.9154,3469959.1187,3332130.2201
603648.SH,20251013,1.7036,1.15,32.8673,2.1677,391768.2368,391768.2368
601825.SH,20251013,0.7424,1.61,6.4766,0.6415,7985600.0005,7762037.4817
301232.SZ,20251013,10.6365,1.26,,2.1787,305008.8041,181259.7614
000753.SZ,20251013,12.63,1.92,138.1958,2.7945,763440.4247,763440.4247
603569.SH,20251013,3.7766,1.33,141.9123,1.7758,527465.3374,527465.3374
002291.SZ,20251013,20.1033,1.11,,2.1405,648332.9296,602287.3464
300721.SZ,20251013,5.1438,1.41,,2.0275,233917.5226,196321.0183
002167.SZ,20251013,10.1357,1.27,42.8157,6.5332,1137995.0777,1112623.4836
920641.BJ,20251013,22.5695,2.46,,5.0052,168168.0,100032.4528
001368.SZ,20251013,3.485,1.08,28.6865,1.9488,274688.5459,77423.7569
603538.SH,20251013,4.9446,1.16,49.6918,2.1929,481609.7795,471927.3449
002302.SZ,20251013,6.1391,1.05,,1.0249,883648.0128,883648.0128
688739.SH,20251013,1.34,1.05,46.1167,1.2072,1129412.4,1129412.4
688523.SH,20251013,3.5252,0.99,84.6126,5.7599,959829.92,227681.0954
301219.SZ,20251013,18.4431,1.25,31.341,2.5069,2280521.5543,2235952.2529
920871.BJ,20251013,4.4653,0.65,66.5483,5.6806,146345.1636,76216.476
002356.SZ,20251013,2.1688,0.79,,8.0399,449760.3007,449757.7282
300160.SZ,20251013,1.891,1.02,19.5986,1.7497,451400.6345,445217.9579
600223.SH,20251013,1.438,1.06,34.8165,1.8804,780724.8192,780724.8192
002685.SZ,20251013,4.4293,1.17,64.5733,5.0582,788014.0813,787909.0391
688315.SH,20251013,4.8879,1.04,31.5955,2.429,624300.0,624300.0
301656.SZ,20251013,17.5795,0.51,57.6993,7.7158,6925797.8208,480619.2672
603027.SH,20251013,1.4824,0.81,26.9641,3.5754,1178277.7678,1104467.7359
603990.SH,20251013,3.3383,0.67,,5.5643,460649.2274,460649.2274
603666.SH,20251013,5.6949,1.03,,3.1452,657080.7527,657080.7527
001339.SZ,20251013,6.6892,0.78,82.6901,6.3497,1407000.8513,665529.9359
603926.SH,20251013,5.0013,1.24,41.7887,2.3447,396201.6394,389655.5754
002448.SZ,20251013,5.1971,0.74,24.6355,1.7629,641954.9238,496991.3132
300347.SZ,20251013,2.2409,1.0,158.2941,2.2801,4679676.5818,3077374.2096
600370.SH,20251013,4.9428,0.47,,1.5918,810507.5923,810507.5923
603690.SH,20251013,3.9806,0.22,,2.823,1409894.0888,1407393.6188
600783.SH,20251013,7.4792,0.69,71.3165,2.2415,1020516.5921,1020516.5921
920706.BJ,20251013,7.1894,1.11,38.0731,3.409,196823.1719,90198.8331
600511.SH,20251013,1.4159,1.06,11.1113,1.2388,2164669.1013,1587550.8905
920066.BJ,20251013,4.6838,1.48,44.1745,4.5999,177874.9126,48263.5303
002660.SZ,20251013,6.1554,0.53,306.797,2.9515,365185.0435,351218.391
600288.SH,20251013,3.3104,0.88,,3.3787,618945.6,618945.6
603122.SH,20251013,2.9903,0.83,,2.2771,253161.4746,253161.4746
600079.SH,20251013,1.6917,0.96,25.0661,1.8775,3442364.5602,3254564.0259
920556.BJ,20251013,3.5564,0.75,59.8915,3.376,174381.7312,127737.3801
300996.SZ,20251013,3.642,0.9,44.9058,3.9031,489768.1151,407197.8903
301202.SZ,20251013,6.0057,0.83,60.3578,4.8204,588566.0,160431.7
300384.SZ,20251013,2.111,0.82,18.7321,1.994,540717.3142,373294.374
603776.SH,20251013,2.7955,0.72,,1.6496,568540.1583,568540.1583
002006.SZ,20251013,7.9176,1.18,68.1558,4.6678,1105600.6469,1105600.6469
603353.SH,20251013,6.7995,1.42,179.3289,1.7572,285192.054,282723.462
002958.SZ,20251013,1.3355,1.39,5.9262,0.4936,1755576.1542,1718927.5457
002982.SZ,20251013,4.026,1.76,33.7499,1.9209,301539.847,192735.8059
002300.SZ,20251013,4.1583,1.32,52.422,2.4626,461571.2343,461530.6629
600657.SH,20251013,3.3122,0.77,,0.5563,1120788.2878,1120788.2878
002867.SZ,20251013,2.4214,1.02,14.6287,2.3485,1466475.2294,1457859.7822
300369.SZ,20251013,4.4642,2.23,,2.5762,621862.034,621021.0479
600858.SH,20251013,3.6311,1.04,49.6061,1.0537,288636.9569,287239.1561
920394.BJ,20251013,4.6262,1.16,52.8692,8.402,630483.75,624292.0763
301581.SZ,20251013,6.3196,1.22,47.9831,4.3103,427680.0,106920.0
603095.SH,20251013,8.357,1.15,34.851,1.7963,413230.72,413230.72
600150.SH,20251013,1.5341,0.96,50.7139,1.5584,26106380.2481,26106380.2481
300536.SZ,20251013,2.8704,0.92,,5.1636,264252.6078,264233.4508
605319.SH,20251013,5.9553,1.25,19.5051,3.3168,820952.1765,701516.6365
300595.SZ,20251013,2.1525,0.85,29.7733,3.1239,1482236.0464,1105690.333
603255.SH,20251013,4.042,0.78,,3.1312,495370.9346,223284.9126
000561.SZ,20251013,13.9806,3.17,,3.1714,999669.1014,696206.953
600428.SH,20251013,4.6134,1.57,11.7788,1.1841,1915256.4357,1706809.3369
300546.SZ,20251013,4.5806,0.82,143.7902,4.2906,478899.4851,343623.2855
600531.SH,20251013,15.964,1.07,18.2549,2.7815,1589677.5306,1589677.5306
002498.SZ,20251013,3.7383,1.12,22.1183,1.4841,1240894.908,1240894.908
000599.SZ,20251013,5.2495,1.23,,3.2225,451667.7198,451660.0469
688560.SH,20251013,3.2082,0.94,,1.0772,288868.2523,288868.2523
002863.SZ,20251013,4.7734,1.1,45.6969,1.1178,313529.8987,313529.8987
002743.SZ,20251013,7.3567,0.72,53.4009,0.7263,235915.5151,235537.4701
601700.SH,20251013,2.0661,1.23,283.0891,2.0711,533429.2089,533429.2089
603378.SH,20251013,6.9308,1.37,,2.2813,255015.002,255015.002
002919.SZ,20251013,10.9465,3.07,160.5807,5.2978,440301.061,436769.2568
601319.SH,20251013,2.7046,0.9,7.413,1.237,34627384.6265,27794743.4045
600610.SH,20251013,5.8865,1.05,302.7996,116.2295,1246963.6402,824957.8846
002215.SZ,20251013,3.535,1.0,18.496,2.9743,1258499.5201,983623.8115
600694.SH,20251013,2.7598,1.65,11.5512,0.6924,607550.3955,601593.1255
600121.SH,20251013,6.5533,1.1,107.1568,3.0846,517825.1162,517825.1162
920367.BJ,20251013,4.0156,1.04,113.6028,3.21,151997.3813,89622.1047
000007.SZ,20251013,4.2573,1.03,44.227,13.7333,250828.3839,250828.3839
003816.SZ,20251013,3.8549,1.31,20.0292,1.6688,19340968.0513,15065299.6763
000788.SZ,20251013,2.1028,1.04,24.0817,2.3095,364744.3041,364744.3041
920931.BJ,20251013,2.3118,0.78,48.815,4.0603,156111.66,47825.3796
002632.SZ,20251013,8.6576,0.74,35.6243,3.2669,678314.6117,631928.2079
301277.SZ,20251013,3.1891,1.12,36.5608,3.3995,512446.4688,132031.0488
300142.SZ,20251013,1.5178,1.15,1233.0526,1.9165,1820058.6397,1770664.8854
920508.BJ,20251013,3.8509,0.71,278.6107,8.388,159900.0,83267.925
002332.SZ,20251013,2.0163,1.2,26.2093,1.5965,958539.5152,954051.926
002762.SZ,20251013,3.9945,0.7,84.5305,3.7537,312604.075,186647.1572
603232.SH,20251013,2.9239,0.93,243.8819,2.6737,354737.2424,350419.4924
300025.SZ,20251013,3.1724,1.02,,5.5404,306293.339,304848.0568
300067.SZ,20251013,3.173,1.05,,2.1205,533321.0532,433117.4606
300605.SZ,20251013,4.7354,1.3,,5.2281,245393.8062,177325.9495
300033.SZ,20251013,3.9508,0.64,98.6305,28.4495,19353600.0,9918200.916
301223.SZ,20251013,2.2654,0.97,22.4771,1.1648,340290.7607,197370.5357
000655.SZ,20251013,17.7793,2.11,21.164,1.6555,581052.0645,581052.0645
605009.SH,20251013,3.8216,1.3,21.0682,2.164,720476.594,718975.794
688458.SH,20251013,3.6843,0.81,,2.8223,522995.2534,398886.3887
603271.SH,20251013,7.9561,0.96,23.1483,2.9358,791011.12,158266.56
600674.SH,20251013,2.1405,1.53,15.4806,1.6948,7224167.3191,7224167.3191
603198.SH,20251013,2.5882,0.94,13.5679,3.2494,3176000.0,3176000.0
002603.SZ,20251013,1.6727,1.02,,2.4631,2678140.7177,2207085.3226
002351.SZ,20251013,5.8969,0.71,28.0441,4.3372,1203850.878,705510.8734
920527.BJ,20251013,3.7855,1.4,48.4563,2.9449,112640.1052,68188.8236
300816.SZ,20251013,4.477,1.05,51.0063,3.3982,297840.0,210977.0898
001266.SZ,20251013,4.8676,1.25,93.2198,3.0294,286708.763,160309.2884
002190.SZ,20251013,28.9961,1.1,,5.3386,1658047.0233,1658047.0233
603329.SH,20251013,2.9482,1.41,47.4127,2.0746,230117.1041,230117.1041
000700.SZ,20251013,5.7425,0.87,16.4496,2.3611,923523.4813,923523.4813
603069.SH,20251013,6.882,0.91,,8.3142,690144.0,690144.0
600976.SH,20251013,1.104,0.88,17.7631,2.4229,610066.2322,609668.5322
300947.SZ,20251013,2.9705,1.12,103.7935,2.3406,296532.1596,296414.5082
300846.SZ,20251013,7.2548,0.65,,12.9916,1143728.0284,892370.2671
000752.SZ,20251013,1.3848,0.73,68.3421,8.3218,287760.5137,287760.5137
301272.SZ,20251013,5.4344,0.77,54.9095,2.9058,290990.4402,155827.959
603014.SH,20251013,4.2078,1.13,34.1165,2.3141,1602086.8431,146161.7711
301606.SZ,20251013,2.1269,0.96,48.8867,8.8046,2591111.7385,1367756.8497
601162.SH,20251013,3.1412,0.66,164.1173,1.9516,5344713.962,4566854.1835
603216.SH,20251013,8.8957,0.48,55.5224,2.2464,397724.34,397724.34
920808.BJ,20251013,3.2514,0.71,674.3891,25.8895,1776000.0089,1728076.9666
601881.SH,20251013,2.5362,0.74,15.9904,1.697,19397629.6021,12849822.8632
002837.SZ,20251013,10.5396,0.92,157.0932,25.2912,7616487.8387,6623291.1883
600503.SH,20251013,4.0013,0.92,,1.4855,530357.99,530357.99
688008.SH,20251013,4.9037,0.88,85.7259,13.9874,16953965.4407,16953965.4407
603181.SH,20251013,7.4608,0.82,27.7796,3.6775,1182698.3,1182698.3
688669.SH,20251013,4.8014,1.74,,2.1763,284284.0016,284284.0016
300242.SZ,20251013,4.0895,1.18,,9.7411,260802.1971,260802.0549
002366.SZ,20251013,29.1431,2.03,,4.0652,1872843.876,1130817.951
600031.SH,20251013,1.2564,0.83,25.4376,2.6376,19380930.0146,19380930.0146
603033.SH,20251013,1.6204,1.24,,4.0154,1206461.3582,1184661.2911
603499.SH,20251013,4.2425,1.0,40.1963,6.0644,519857.162,519857.162
603201.SH,20251013,4.9502,1.0,13.3088,2.1082,354041.7665,349448.7263
002541.SZ,20251013,1.8284,0.87,20.7518,1.4016,1312412.6041,943632.4375
002478.SZ,20251013,4.1087,1.18,9.7742,0.9551,550392.6053,441585.5481
300638.SZ,20251013,10.3421,1.05,44.3303,6.8559,2448685.8809,1704832.0335
600660.SH,20251013,0.8391,0.87,20.6163,5.4504,18150766.2651,13930769.9391
600016.SH,20251013,2.0994,1.0,5.5566,0.3125,17337837.7268,14043000.7923
601619.SH,20251013,17.1915,0.62,23.3312,2.0018,1581572.2748,1321970.6814
300162.SZ,20251013,6.315,0.77,,3.4814,310856.9322,253541.879
301079.SZ,20251013,8.7754,1.3,958.93,6.221,297058.2021,189595.2177
601595.SH,20251013,3.469,0.92,168.1266,7.4221,1256304.6,1256304.6
600398.SH,20251013,1.6714,0.93,14.847,1.7604,3121800.6924,3121800.6924
920885.BJ,20251013,6.668,1.2,111.9108,8.6747,349326.6955,178318.2638
000883.SZ,20251013,2.0187,1.42,22.3613,0.8855,3007392.5615,3006606.9947
600408.SH,20251013,7.1746,1.32,,1.714,243645.6,243645.6
688096.SH,20251013,3.2697,1.08,,2.1584,194022.9105,194022.9105
603269.SH,20251013,8.124,0.46,39.884,3.9538,410639.8514,410639.8514
600522.SH,20251013,5.5002,0.79,21.9193,1.815,6457300.7416,6457300.7416
603185.SH,20251013,2.5624,0.67,,1.2565,1453786.5345,1453786.5345
300725.SZ,20251013,2.9932,0.9,48.6609,2.0253,940840.7402,815720.7416
600753.SH,20251013,1.4552,0.99,,399.5546,160984.7153,160984.7153
002972.SZ,20251013,3.1312,0.97,36.8152,2.5702,307757.0088,168443.0092
300670.SZ,20251013,15.5269,1.08,,4.7387,283326.9082,200876.638
000926.SZ,20251013,3.9303,1.13,,0.4645,407798.9821,402741.5411
688651.SH,20251013,7.3776,1.39,,3.0526,288627.372,124235.5427
603900.SH,20251013,7.2983,0.87,,1.792,353314.5552,351754.1052
688697.SH,20251013,2.569,0.97,22.0975,4.1038,686000.07,686000.07
920026.BJ,20251013,5.7482,1.0,164.1535,5.0227,296463.0126,155924.445
603797.SH,20251013,2.6948,1.22,17.2412,0.8198,267112.1978,267112.1978
603137.SH,20251013,2.4864,1.25,36.0289,2.09,259399.4676,104553.8676
688623.SH,20251013,1.771,1.02,55.7017,1.9171,402643.5016,130323.5016
688067.SH,20251013,4.1277,1.33,69.3273,3.4853,175372.0,175372.0
301260.SZ,20251013,4.9901,1.28,96.3418,2.0218,957677.2919,405805.0035
603738.SH,20251013,4.0328,1.21,114.1125,3.4157,596053.1639,596053.1639
002497.SZ,20251013,5.706,0.94,61.4132,1.677,1785319.3435,1639696.0257
000711.SZ,20251013,1.516,1.25,,8.1206,499970.839,400003.4
002073.SZ,20251013,3.9834,0.76,19.4462,1.5017,895319.1848,870411.6857
300252.SZ,20251013,7.7063,0.7,628.7785,4.1724,909137.2141,767221.3597
603928.SH,20251013,18.7671,2.26,75.7663,2.8689,436101.12,436101.12
301257.SZ,20251013,5.8194,1.0,32.817,2.8583,346751.9355,330574.6916
600843.SH,20251013,10.1343,1.02,,2.9947,890031.767,585589.967
600135.SH,20251013,3.35,1.88,,1.6702,403914.1823,403914.1823
002239.SZ,20251013,4.8269,0.83,96.8927,1.9028,1068753.3316,1047537.0928
603668.SH,20251013,7.0453,0.81,266.0731,3.4794,803017.4457,803017.4457
300227.SZ,20251013,4.6526,0.88,,3.1902,495141.3658,394091.6334
002149.SZ,20251013,10.6206,1.8,73.9069,3.0895,911496.0496,911356.0246
600543.SH,20251013,3.7063,1.0,,2.4154,187855.2,187855.2
000908.SZ,20251013,1.7655,0.88,33.685,104.4953,514667.9953,514667.9953
301326.SZ,20251013,14.9783,1.02,,7.7838,974310.3552,365910.6912
600339.SH,20251013,4.5595,0.78,35.0559,0.7588,2026682.532,2026682.532
002307.SZ,20251013,13.0273,1.22,,2.1246,632877.4994,632877.4994
301065.SZ,20251013,3.3176,1.19,36.2149,1.8472,245330.28,199669.275
300265.SZ,20251013,3.1025,0.86,206.2929,1.931,430933.6818,430652.0343
603172.SH,20251013,6.9092,0.98,47.73,2.237,240350.76,90244.16
600605.SH,20251013,2.6808,0.94,196.4608,4.6663,660722.6201,660722.6201
688521.SH,20251013,4.9938,0.77,,27.216,9804552.5415,9340905.3168
688187.SH,20251013,3.7668,0.74,19.5726,1.8619,7569204.4485,4843290.4719
300200.SZ,20251013,11.9483,2.82,37.1752,2.9511,473208.5802,464742.8421
002866.SZ,20251013,5.6861,0.98,,2.5868,530404.773,332080.239
002647.SZ,20251013,2.2278,0.59,,12.1482,778770.9517,466960.0957
002890.SZ,20251013,2.6223,1.13,158.372,4.2384,253453.7387,240934.4413
600129.SH,20251013,2.6795,1.07,,3.4708,1218634.1889,1218634.1889
603029.SH,20251013,4.4316,1.26,30.3392,2.4553,219629.02,219629.02
688166.SH,20251013,3.1672,0.54,235.6414,9.7224,2355834.5697,2355834.5697
000957.SZ,20251013,4.6764,1.18,20.4792,2.2206,673538.8713,673538.8713
002905.SZ,20251013,10.5723,0.62,335.9917,35.0325,379706.88,352584.96
300878.SZ,20251013,6.9655,0.57,,2.9698,318828.289,317360.9577
688228.SH,20251013,10.7216,0.91,384.0761,12.0553,1565072.8032,1565072.8032
001287.SZ,20251013,13.0802,1.08,56.323,3.2699,1736371.7216,999446.4279
600987.SH,20251013,2.5447,1.38,10.0676,1.1806,741114.5018,741114.5018
603158.SH,20251013,8.1658,0.82,22.6149,2.2423,510431.2782,510431.2782
603310.SH,20251013,1.3698,0.9,38.3391,1.5574,614014.52,328147.68
301177.SZ,20251013,4.6452,0.97,136.3697,2.1127,1312099.9749,1311230.5674
688469.SH,20251013,7.8342,0.94,,3.3519,5943325.2049,3140728.2
603221.SH,20251013,7.9064,0.68,32.0071,1.866,300050.58,297265.29
600116.SH,20251013,1.1441,1.25,98.423,1.1489,1265838.6024,1265838.6024
605555.SH,20251013,4.4329,1.45,25.6638,2.7087,806943.0897,806943.0897
002100.SZ,20251013,5.5514,1.21,15.4821,1.4685,1032130.1453,1032130.1453
920807.BJ,20251013,30.8645,2.83,147.4624,4.1216,385767.48,262225.0776
600172.SH,20251013,22.1952,1.62,,6.5746,796085.8308,704493.174
920163.BJ,20251013,2.1,0.67,55.2941,4.4109,209934.426,101098.7338
605300.SH,20251013,2.8513,1.1,199.6399,1.8853,537553.5403,537553.5403
920207.BJ,20251013,3.8428,0.89,,7.8267,220807.025,134873.1509
002074.SZ,20251013,8.3221,0.71,59.747,2.9629,7780709.9327,7446426.998
301419.SZ,20251013,7.4548,0.98,63.726,4.2634,396960.0,140325.36
600801.SH,20251013,9.1038,1.95,15.0416,1.3761,4195413.2197,2712748.2597
603335.SH,20251013,8.1973,0.42,,11.6161,232910.6624,232910.6624
603759.SH,20251013,5.6361,2.52,14.3695,1.3464,377719.68,377719.68
002004.SZ,20251013,1.6568,1.37,,0.9631,900863.2319,856136.8402
301355.SZ,20251013,2.8874,1.08,129.3017,1.5122,227289.0861,116739.3236
300244.SZ,20251013,3.0193,1.16,,1.5276,981217.7145,787290.7258
920786.BJ,20251013,9.7241,1.54,,2.9613,215951.749,146888.938
300896.SZ,20251013,2.1672,1.05,32.6865,7.4923,5315332.1435,3664119.5186
300687.SZ,20251013,6.6445,0.89,88.8841,4.2065,1136609.5106,915847.5597
603203.SH,20251013,4.1459,1.18,34.7871,5.4848,787110.4492,773122.7458
600850.SH,20251013,4.2068,0.92,38.3671,4.2625,2013388.2734,2013388.2734
603703.SH,20251013,8.3286,1.18,,5.7999,478889.3665,478889.3665
605151.SH,20251013,6.1418,0.54,,1.9555,261842.516,261842.516
300281.SZ,20251013,3.6226,1.2,394.1089,2.4673,311260.2199,295213.1526
300677.SZ,20251013,5.3293,1.17,15.9156,1.4029,2528813.4355,1796272.2415
300058.SZ,20251013,3.3775,0.79,,2.9404,2308512.249,2237659.1344
002032.SZ,20251013,1.7925,1.46,17.0753,7.4852,3831300.8835,3826557.596
002614.SZ,20251013,2.4728,1.19,60.8148,0.9469,410872.0903,290622.1573
002816.SZ,20251013,6.2442,3.3,,9.9312,220500.0,220500.0
000713.SZ,20251013,5.2419,3.47,66.9919,2.1833,429810.486,429810.486
600420.SH,20251013,2.146,1.17,13.771,1.0573,1428348.917,1428348.917
002693.SZ,20251013,2.979,0.56,,8.4054,315164.21,312346.013
600215.SH,20251013,14.8082,3.99,,1.7964,369933.3086,365049.4211
301287.SZ,20251013,4.2084,1.21,31.9531,2.2727,257012.85,65655.8543
603718.SH,20251013,1.2189,0.99,25.8819,2.9479,451095.5936,446498.0336
600273.SH,20251013,2.2232,1.26,10.8546,1.1472,1149276.9551,1149276.9551
920230.BJ,20251013,4.714,1.23,124.0581,3.586,144845.2878,67354.3982
300481.SZ,20251013,5.0379,1.63,29.9706,1.8962,448581.8082,445846.2341
920765.BJ,20251013,4.2507,0.56,364.2556,6.4825,201491.9122,126665.7494
920030.BJ,20251013,7.6779,0.62,1081.8263,2.8505,130910.6465,82330.998
603206.SH,20251013,3.6111,1.15,96.4666,2.2727,513346.3798,513346.3798
601077.SH,20251013,2.5451,1.68,6.477,0.5868,7677332.0,5974285.3717
300738.SZ,20251013,5.4114,0.73,147.7006,5.8483,2012703.6155,2012133.692
603977.SH,20251013,6.8067,1.6,51.1534,2.5846,846752.6116,846752.6116
301251.SZ,20251013,6.8777,1.01,115.8463,4.7254,728169.0998,291687.0322
600055.SH,20251013,2.2495,1.27,98.3882,2.5786,1219107.8746,1219107.8746
001322.SZ,20251013,2.7114,1.11,139.4716,1.6937,797909.442,136630.56
002669.SZ,20251013,4.5186,1.03,,1.5691,420512.4,418431.1131
002510.SZ,20251013,6.777,0.53,499.9253,2.8779,710597.0956,703392.8622
002041.SZ,20251013,6.1223,3.65,214.7958,2.3244,837760.0,837760.0
603339.SH,20251013,2.6207,0.75,24.3467,1.6447,422696.6451,422696.6451
603508.SH,20251013,3.4429,1.04,18.939,3.3403,1253630.1516,1253630.1516
000878.SZ,20251013,15.7169,1.27,25.0725,2.4831,3816911.9306,3816845.0022
920768.BJ,20251013,5.0007,1.04,55.1996,2.1079,143817.12,99237.0385
000888.SZ,20251013,2.9594,0.79,29.1762,2.4982,651791.5072,651791.5072
600725.SH,20251013,2.5292,1.39,,15.6768,443689.2,443689.2
002616.SZ,20251013,6.3714,1.39,20.1417,1.8573,513236.5364,327912.5162
002875.SZ,20251013,5.3937,0.52,,5.5745,377039.8634,322912.7147
300034.SZ,20251013,3.6674,1.36,99.803,3.5269,1323753.1561,1273399.1023
688636.SH,20251013,5.8687,1.74,103.5982,5.1533,580661.3309,580661.3309
000620.SZ,20251013,3.318,0.8,,2.0076,962977.6666,766166.8057
300130.SZ,20251013,3.6112,0.86,254.7369,3.7031,1552697.6997,1188274.867
600851.SH,20251013,1.2602,0.9,50.4668,1.7914,790622.1333,483525.0021
920239.BJ,20251013,4.3395,0.87,28.7009,6.6737,637259.714,628021.478
301236.SZ,20251013,4.6539,1.14,267.8141,5.0745,5144929.4146,4228159.978
600726.SH,20251013,3.0815,1.26,,4.687,1992648.7249,692330.8982
600933.SH,20251013,6.0991,1.35,19.1726,2.3982,2037700.2162,2021213.0862
603767.SH,20251013,10.1125,0.87,1524.1423,6.219,856143.781,856143.781
300940.SZ,20251013,5.4527,0.73,58.2763,5.1472,593124.607,419525.1802
601778.SH,20251013,2.9954,1.05,37.2718,0.8648,1339122.7406,1339122.7406
688317.SH,20251013,1.7319,1.12,,1.2581,433508.4457,433508.4457
600378.SH,20251013,2.9276,1.36,29.7742,2.2708,3953848.8353,3287412.8376
603697.SH,20251013,5.0233,1.04,26.9471,3.016,511092.0571,511092.0571
301270.SZ,20251013,3.692,1.27,273.6432,3.6603,374800.0,354159.1793
601900.SH,20251013,2.1259,0.57,11.8594,1.4709,1140387.3315,1140387.3315
600906.SH,20251013,1.9376,0.81,28.8736,1.9753,2368850.0,1550691.5135
000058.SZ,20251013,29.0622,3.83,409.1056,6.8273,1390025.5587,1111770.7307
300966.SZ,20251013,3.1094,0.83,,3.0562,248430.7209,164573.5292
920685.BJ,20251013,3.2247,1.2,34.7436,2.6254,140476.9694,84104.3078
300504.SZ,20251013,3.9338,1.44,,1.7598,375369.0433,302278.3704
002223.SZ,20251013,1.6141,1.06,20.042,2.8888,3784350.407,3549097.0691
002036.SZ,20251013,5.577,0.88,,5.3353,1128192.3313,1126064.7209
688207.SH,20251013,4.2105,0.74,,2.1563,421349.3102,421349.3102
002401.SZ,20251013,3.4781,1.11,251.6101,3.9611,645959.7487,645430.5277
688137.SH,20251013,1.3936,0.43,,1.4122,294035.0894,136910.0894
600644.SH,20251013,8.9266,1.16,310.8711,3.2217,659864.0533,659864.0533
301160.SZ,20251013,3.3045,0.75,32.3867,4.1259,696717.5399,458726.1914
600160.SH,20251013,4.3239,1.09,32.8953,5.4311,10448017.3335,10448017.3335
002843.SZ,20251013,6.461,0.75,150.3877,3.9394,550801.7857,548734.1257
603803.SH,20251013,4.6047,1.27,,2.2837,359876.3728,359876.3728
600617.SH,20251013,4.1552,1.11,,1.7013,588403.4917,541540.5201
001395.SZ,20251013,5.8591,0.7,25.5878,3.9545,438381.0,98928.979
600382.SH,20251013,14.732,6.58,57.6872,1.9229,524278.1072,524278.1072
603725.SH,20251013,4.0951,1.38,27.4463,3.8068,301504.2455,283504.4455
300689.SZ,20251013,4.5509,0.91,293.9116,8.8787,611524.0,535253.7005
002046.SZ,20251013,9.3661,0.72,51.9987,3.3509,1439340.1851,1419263.8034
000598.SZ,20251013,2.0785,0.97,9.9928,1.0929,2041353.3492,2037870.7632
920374.BJ,20251013,3.0213,1.02,159.1296,8.5815,218631.276,91492.5438
002706.SZ,20251013,4.7473,1.23,39.1881,3.1508,1261269.3975,1027533.3096
000488.SZ,20251013,1.3028,1.13,,1.1337,602998.521,344684.4113
603608.SH,20251013,2.3842,0.48,,2.8493,303874.3941,303874.3941
002064.SZ,20251013,2.4098,1.06,27.0047,1.7029,4550652.7535,4537843.7995
002045.SZ,20251013,12.0008,0.71,45.953,2.1782,976470.7172,975341.8832
603223.SH,20251013,2.4608,0.96,38.389,1.8197,702045.8662,702045.8662
920976.BJ,20251013,2.3375,0.69,35.6486,6.9686,181285.937,112725.578
600267.SH,20251013,1.8126,0.96,26.8123,1.4938,1246802.1238,1246116.5038
001914.SZ,20251013,2.8038,0.92,13.7721,1.1667,1210915.2005,1210910.1757
920247.BJ,20251013,6.3222,0.85,127.999,9.8533,446322.6223,323628.2168
603171.SH,20251013,3.5512,0.89,207.954,8.0136,1982963.6,1980743.2
300264.SZ,20251013,6.269,1.06,,117.9672,232232.2022,199661.2057
688456.SH,20251013,4.4521,1.13,78.0356,4.1698,513117.0,513117.0
300796.SZ,20251013,2.7551,1.27,,2.0617,355725.7289,355725.7289
688506.SH,20251013,1.4535,0.95,,22.8442,14917131.0082,3717456.1656
605007.SH,20251013,1.9577,1.21,22.0109,1.637,552728.7388,465397.1002
601678.SH,20251013,2.3208,1.04,40.0294,0.7919,902951.1252,891098.1252
002235.SZ,20251013,3.9412,0.97,231.7149,5.6493,424826.4842,405772.8954
002688.SZ,20251013,11.036,3.38,37.2969,2.3646,548632.057,531446.6317
300506.SZ,20251013,2.1586,0.91,,169.8752,264326.6962,248348.8058
688129.SH,20251013,5.5128,1.42,30.445,3.1695,282522.786,282522.786
300018.SZ,20251013,15.6104,1.91,49.2512,3.8068,505719.6285,468183.3655
001221.SZ,20251013,15.2465,0.9,44.7263,10.6347,2682467.06,234204.6761
601858.SH,20251013,3.5307,1.24,31.737,2.8558,1532779.5,1532779.5
001313.SZ,20251013,2.2595,1.14,,1.9983,500500.0,499874.9835
000702.SZ,20251013,3.7852,1.01,,6.9848,247143.5879,190110.4527
001387.SZ,20251013,3.0522,1.52,24.971,1.9857,244905.3792,152412.0256
301007.SZ,20251013,4.3664,0.98,130.1305,10.0725,676536.08,675007.322
300622.SZ,20251013,7.3193,0.9,64.4414,8.47,691309.5214,472614.0775
002829.SZ,20251013,12.6395,1.15,,3.0685,511003.2998,359134.3533
300229.SZ,20251013,4.3585,0.55,,4.547,1843340.1665,1842093.7916
920455.BJ,20251013,3.0296,1.56,68.125,5.1221,169997.1,88886.1868
300360.SZ,20251013,3.8509,1.14,12.2838,2.0072,820642.6531,798441.5127
601789.SH,20251013,6.4512,0.59,20.4995,1.3408,604260.016,604260.016
300115.SZ,20251013,13.5455,0.74,76.7078,6.085,4942065.0555,4927816.5313
300859.SZ,20251013,8.6887,0.68,89.5062,8.4719,611940.0,611940.0
688551.SH,20251013,3.676,0.68,90.3219,2.6762,345026.1897,345026.1897
688380.SH,20251013,9.4925,0.74,87.1656,5.2731,1571432.625,663580.125
688722.SH,20251013,4.1316,1.03,28.5242,3.0762,426642.0633,425575.7748
601336.SH,20251013,2.9256,0.69,6.4777,2.5126,19397340.7588,12967261.8161
601615.SH,20251013,6.7032,0.93,138.7267,1.5631,4097780.0576,4097780.0576
000727.SZ,20251013,4.4212,0.91,,4.9536,1213923.9506,1213923.9506
600114.SH,20251013,8.2209,1.79,46.6068,7.1346,2182692.68,2130837.68
002285.SZ,20251013,3.4744,0.76,,1.6471,466321.9949,462331.6369
002882.SZ,20251013,7.3644,0.65,107.4721,6.3756,1324674.0,755015.679
600611.SH,20251013,3.3239,0.99,81.8556,1.4192,1437386.7013,950496.3493
300560.SZ,20251013,3.6947,1.0,,3.1527,303491.3247,246980.481
601958.SH,20251013,4.8197,0.92,17.9962,2.997,5143207.4136,5143207.4136
000701.SZ,20251013,3.1464,0.92,,,375748.7509,371187.5771
601208.SH,20251013,5.1056,1.0,91.3996,3.3257,1933405.7668,1933405.7668
002176.SZ,20251013,6.4585,1.01,,5.0322,1708031.9066,1707725.1351
300829.SZ,20251013,2.0723,0.92,57.638,1.7415,415004.3454,288954.331
000970.SZ,20251013,12.7141,2.64,146.3548,2.9075,1878296.3193,1878296.3193
600692.SH,20251013,3.5262,0.9,,2.9863,277893.6106,201458.3084
603113.SH,20251013,3.0821,1.88,496.6286,0.7089,575864.3977,575864.3977
688237.SH,20251013,4.0085,0.98,2407.8511,4.0382,484664.3038,484664.3038
000821.SZ,20251013,3.915,0.98,20.902,1.8128,762398.7283,740092.5351
002782.SZ,20251013,9.9094,1.46,30.7145,4.1145,853058.1024,836782.064
920116.BJ,20251013,2.7794,0.98,119.0364,20.9774,1086470.0,275949.304
000567.SZ,20251013,4.7162,1.05,131.5475,2.4284,1303712.9674,1300584.7487
300402.SZ,20251013,5.4884,1.37,73.9928,3.1174,460511.0674,454592.1154
002849.SZ,20251013,5.3086,0.74,69.8543,2.4019,323670.1015,283963.2584
002358.SZ,20251013,2.4782,1.44,50.6554,1.4345,467667.7594,467667.1181
300141.SZ,20251013,17.5269,0.92,,4.412,288270.2628,284797.9337
600010.SH,20251013,12.835,2.4,410.4297,2.4277,12635524.7981,8755242.7221
600861.SH,20251013,1.0686,0.98,9.0473,1.524,1059196.8954,685861.5406
002425.SZ,20251013,2.8318,1.49,,1.2206,358749.3998,358522.8368
300867.SZ,20251013,7.7955,0.63,27.4012,1.4123,532884.2049,375782.1589
300803.SZ,20251013,9.0423,0.69,308.0955,34.5588,9110093.726,8966876.8668
002077.SZ,20251013,7.1518,0.52,382.0738,2.8559,949450.1673,949450.1673
300256.SZ,20251013,4.821,0.87,,10.2136,939114.8618,928764.8618
002187.SZ,20251013,3.5114,1.13,364.0055,1.1002,445068.092,328365.4634
002895.SZ,20251013,5.6406,0.94,16.6168,2.7609,1892274.0509,1857895.8023
603129.SH,20251013,2.3466,1.21,21.7386,5.6651,3836565.3361,3836565.3361
300469.SZ,20251013,8.2837,1.19,,46.6668,1909453.0342,1909404.8054
300532.SZ,20251013,4.025,1.1,27.0798,3.2773,600654.414,571259.6189
002154.SZ,20251013,5.8495,0.79,16.9319,1.3118,589570.8265,476628.1215
600198.SH,20251013,2.6687,1.1,1229.3956,43.617,1049400.8505,1048069.5922
600556.SH,20251013,10.8742,0.53,240.3223,2.6702,1028608.4083,1028608.4083
603995.SH,20251013,5.6881,2.04,9.9869,1.2168,679683.598,679683.598
603551.SH,20251013,2.1599,0.89,14.8047,3.4605,454534.8273,448418.5773
002677.SZ,20251013,4.0286,0.59,185.8477,3.1841,467741.3924,387246.4006
603617.SH,20251013,5.8174,0.98,42.3466,2.0293,304567.6429,299240.2429
603601.SH,20251013,4.4091,0.81,69.8808,2.4099,523307.4715,523307.4715
600724.SH,20251013,8.6044,2.24,36.7381,2.7257,763087.2855,762929.7266
688702.SH,20251013,4.9971,0.87,,20.7531,4838000.0,2395303.0394
300993.SZ,20251013,14.9541,0.89,32.6231,3.7978,565728.8832,442098.1053
600232.SH,20251013,4.8852,1.12,,2.4989,230502.1198,230502.1198
603717.SH,20251013,7.6783,1.3,,4.9859,264033.0784,264033.0784
001202.SZ,20251013,8.6306,0.93,31.4754,3.2879,260704.896,182712.6656
603351.SH,20251013,1.8414,1.27,26.2395,2.1396,368123.5608,368123.5608
603083.SH,20251013,12.523,0.69,139.1864,12.1193,2889253.886,2889253.886
002749.SZ,20251013,0.964,0.91,18.5469,3.7625,705134.1276,685920.3604
600051.SH,20251013,2.8877,1.49,31.158,0.6605,222279.2,222279.2
001330.SZ,20251013,4.3094,0.58,,1.7994,761483.5171,590279.7864
002988.SZ,20251013,7.151,1.16,60.3124,4.2314,1071184.3679,1070853.2443
600636.SH,20251013,0.9293,0.76,,1.7628,357927.6304,357927.6304
605089.SH,20251013,4.0855,0.51,45.5374,2.919,351486.0,351486.0
603035.SH,20251013,8.5167,0.95,17.2911,1.3293,666385.3385,666385.3385
600649.SH,20251013,2.5608,0.91,24.0005,0.573,1194646.8663,1194646.8663
600184.SH,20251013,8.1448,1.65,,3.23,1089700.3652,951382.7446
300212.SZ,20251013,2.725,0.9,,30.9186,1516813.3332,1471764.2025
000078.SZ,20251013,1.6238,1.41,,3.5661,652518.5677,651357.4022
603970.SH,20251013,2.185,1.24,19.3856,2.3585,363417.7812,363417.7812
300882.SZ,20251013,12.7211,1.01,42.0761,4.4007,547216.6715,509217.2814
300128.SZ,20251013,7.5768,0.75,,11.8644,848322.364,847409.2252
300491.SZ,20251013,10.3802,0.91,279.8064,4.6154,537725.7491,477342.6924
000530.SZ,20251013,5.1041,1.2,48.0121,1.6859,534596.7294,380426.2875
300950.SZ,20251013,17.1379,1.48,66.5781,6.767,515534.88,305557.1143
002674.SZ,20251013,6.119,0.63,37.6632,1.817,435937.6424,431531.3867
300777.SZ,20251013,3.103,0.86,33.8919,3.5507,1558763.2187,1501716.1002
301519.SZ,20251013,4.8428,1.75,,1.6218,230152.32,109357.7525
301060.SZ,20251013,3.1459,1.65,,2.3125,363669.436,327047.5778
000735.SZ,20251013,3.1493,1.14,,1.7773,745029.285,744630.6935
603303.SH,20251013,1.6441,1.07,20.4922,2.0916,640059.6197,640059.6197
002099.SZ,20251013,1.2944,0.84,,1.8125,933998.701,932257.667
920726.BJ,20251013,6.4691,1.36,109.8181,4.3733,195511.41,107528.7852
300997.SZ,20251013,6.6951,0.59,88.1459,7.1761,735830.385,649264.2046
600548.SH,20251013,1.649,0.99,19.1805,1.1141,2553083.2638,1724712.5389
920080.BJ,20251013,42.0234,,43.2641,4.871,272800.0,77271.9674
600381.SH,20251013,2.9284,1.57,,2.612,270047.9409,270047.9409
600602.SH,20251013,3.349,0.77,149.2255,5.768,2751758.9915,2161497.6159
002707.SZ,20251013,3.2254,0.76,92.3503,7.6465,688883.2381,578470.2647
000603.SZ,20251013,9.8472,1.0,52.2907,6.5142,1974692.2683,1908142.2195
301002.SZ,20251013,10.2897,1.09,,5.7098,445734.5769,267691.1941
000042.SZ,20251013,2.1771,0.93,,1.5842,542502.2094,541931.0608
601069.SH,20251013,12.5369,1.46,79.5203,6.2209,2997187.1147,2918849.9775
002205.SZ,20251013,4.1079,0.62,,7.2462,258322.0869,258322.0869
301066.SZ,20251013,9.1497,1.03,121.2012,2.9118,363895.8989,292430.51
301238.SZ,20251013,6.6221,0.68,266.7781,2.1741,1559799.9291,1559799.9291
600980.SH,20251013,19.4071,2.76,45.3981,3.5537,504008.7697,500097.595
600252.SH,20251013,1.8743,0.84,,1.5712,872297.345,869276.5181
002136.SZ,20251013,6.6675,1.62,,2.1285,244692.76,244050.6549
300199.SZ,20251013,4.3711,0.64,,25.5415,1848624.1162,1560745.5896
603080.SH,20251013,13.4214,0.8,20.131,2.4459,357712.0,357712.0
002827.SZ,20251013,6.6053,1.14,67.8804,11.357,1101811.942,1097652.0
688433.SH,20251013,4.5577,1.24,566.3855,11.2486,2198407.9904,1072769.7306
603868.SH,20251013,2.0705,0.91,33.6313,4.9705,1558576.8,1558576.8
603506.SH,20251013,6.1865,1.15,19.4041,2.085,254814.4461,254814.4461
688358.SH,20251013,6.2555,0.59,29.4108,2.7501,378980.9351,378980.9351
605277.SH,20251013,10.9796,0.46,43.9873,5.0722,778637.7237,763841.614
605167.SH,20251013,8.3059,1.44,22.1442,2.6796,513736.08,513736.08
603650.SH,20251013,16.849,1.36,51.7665,8.8196,2870793.4958,2862799.1648
920469.BJ,20251013,3.3176,0.95,175.7232,4.1964,195773.994,143689.497
300804.SZ,20251013,6.7313,0.88,70.5318,2.1738,294372.0,109395.0
601696.SH,20251013,2.6717,0.69,37.7814,2.1346,3955872.0,3955872.0
600959.SH,20251013,2.2426,1.32,42.5664,0.7869,1780255.4962,1780255.4962
002163.SZ,20251013,5.2208,0.77,,9.8051,839888.1198,798727.5818
002065.SZ,20251013,6.3487,0.79,76.1756,2.86,3458715.4826,3137647.4593
688041.SH,20251013,4.3211,0.9,248.849,26.8652,56713849.4204,56713849.4204
603016.SH,20251013,9.0827,1.79,59.8669,4.9647,402698.88,402698.88
920856.BJ,20251013,3.6737,0.82,39.4355,3.7607,175984.2618,98245.0122
002926.SZ,20251013,2.9057,0.69,22.0612,1.109,2648625.0,2648625.0
000776.SZ,20251013,5.8171,1.07,15.0443,1.4209,17668379.1221,13715106.5495
600265.SH,20251013,2.4879,0.56,,29.2422,284391.8,284391.8
600702.SH,20251013,2.6389,0.76,97.7096,2.7553,1936656.6758,1935841.8758
002201.SZ,20251013,3.9402,0.99,95.1037,4.6827,530431.9002,490047.0639
603722.SH,20251013,4.0252,1.13,,4.4469,427330.0891,418496.6291
301398.SZ,20251013,7.487,0.87,73.8747,4.9816,551936.0,164890.88
600824.SH,20251013,1.9954,1.04,264.6789,1.8533,447961.506,447961.506
600011.SH,20251013,1.6261,0.95,9.5817,1.982,11443910.0587,8017330.531
301208.SZ,20251013,3.9413,0.95,71.0714,3.2282,492600.2463,205777.7388
600305.SH,20251013,1.6395,1.09,61.2803,2.6576,884070.7509,881287.5942
600292.SH,20251013,3.1187,1.06,,1.9082,986171.7321,986171.7321
920781.BJ,20251013,4.5522,0.77,1142.4892,4.1383,165695.8819,109432.1506
600406.SH,20251013,2.0844,0.86,24.0253,3.9662,18867375.3204,18783366.8565
000055.SZ,20251013,2.1179,0.91,101.6796,0.7563,460692.0434,289940.6062
000997.SZ,20251013,2.2691,0.71,25.8493,4.2413,2778927.5808,2763406.2221
000049.SZ,20251013,6.009,0.58,26.1838,1.6134,1055063.4988,1054779.1265
301213.SZ,20251013,9.3814,1.8,,5.5145,433039.9946,279911.9082
002440.SZ,20251013,2.3757,1.06,31.9018,0.8813,825015.9303,694627.263
920892.BJ,20251013,1.7444,0.79,27.1546,7.2577,274265.6783,235414.105
605196.SH,20251013,4.1038,1.03,51.6405,4.2194,1354157.3697,1336662.0697
002534.SZ,20251013,13.792,1.05,62.0697,2.9809,1523073.8925,1502679.4302
600881.SH,20251013,2.8385,0.95,,3.3103,620572.9897,620572.9897
688231.SH,20251013,2.747,1.03,68.0801,1.8043,498651.4289,255426.4992
003037.SZ,20251013,3.8563,0.79,53.8264,1.7329,483453.2651,483453.2651
688386.SH,20251013,3.367,1.32,67.9628,9.7505,753844.0,753844.0
603111.SH,20251013,2.9202,1.3,17.6133,1.8063,698244.8443,685020.8208
002984.SZ,20251013,1.8377,1.06,11.0712,1.4561,1971291.0142,1357901.1423
600372.SH,20251013,2.0353,1.02,78.9102,1.62,6150237.6167,6150237.6167
301098.SZ,20251013,3.8274,1.15,531.3746,1.2836,166277.4416,135318.8316
603120.SH,20251013,3.4944,0.61,39.9367,3.1787,370640.0,90789.6702
301469.SZ,20251013,4.8643,1.43,38.6885,1.803,245622.6,126431.0903
688012.SH,20251013,5.0363,0.94,102.3745,8.9339,18477548.0096,18477548.0096
600971.SH,20251013,2.5417,1.23,45.3902,0.7017,836403.4041,836403.4041
300992.SZ,20251013,3.6166,0.88,349.6061,2.8553,247782.4276,201404.5721
002192.SZ,20251013,8.9997,1.07,78.7052,3.1172,1059912.5386,1057728.7707
688373.SH,20251013,6.3239,0.64,,17.2178,539563.3191,432479.5094
300736.SZ,20251013,10.4574,1.33,,19.8444,170318.4675,166507.7271
688212.SH,20251013,3.667,1.26,,5.4534,687870.097,687870.097
002022.SZ,20251013,1.7339,1.3,,1.0198,326611.1349,326549.2224
300236.SZ,20251013,8.1468,1.13,77.7597,4.2094,1944844.9808,1729779.5572
300909.SZ,20251013,9.4668,0.87,67.2157,3.0144,599870.2912,426407.8741
600622.SH,20251013,4.9064,0.87,,1.3595,424410.9688,424410.9688
603588.SH,20251013,7.7425,1.38,22.4539,1.3504,1276470.475,1276470.475
002432.SZ,20251013,2.23,1.35,8.9346,0.8154,1775433.203,1673977.1411
688050.SH,20251013,1.6516,0.81,35.3919,4.995,1393276.4727,1367388.0702
300592.SZ,20251013,4.9836,1.2,59.9541,1.8558,433879.8562,376655.3767
600684.SH,20251013,7.8525,1.3,115.5491,9.9487,477084.5442,477084.5442
920378.BJ,20251013,3.9595,1.08,85.1413,4.405,165635.19,118622.1112
002815.SZ,20251013,5.0864,0.82,70.9461,2.0248,1724327.662,1100433.0918
688068.SH,20251013,3.3377,0.93,,5.1857,1523376.8701,1523376.8701
002862.SZ,20251013,5.7915,1.47,277.8516,6.7377,311976.0,234442.38
300408.SZ,20251013,1.8709,0.82,36.6458,4.3401,8802472.425,8588028.2221
600819.SH,20251013,19.1025,1.38,49.9152,1.9923,698382.3035,558319.802
300580.SZ,20251013,5.9198,1.1,45.9631,4.2667,1348965.7162,1268842.5846
603086.SH,20251013,8.7849,1.87,40.1896,2.0049,422203.5619,422203.5619
300103.SZ,20251013,4.3913,1.5,,4.5009,223273.503,223090.4488
603982.SH,20251013,5.5841,0.96,,1.4485,311031.05,311031.05
603022.SH,20251013,4.4189,1.23,39.5052,2.4863,200200.0,200200.0
300009.SZ,20251013,2.1288,0.99,26.0293,4.3093,1710989.2469,1249799.3128
603079.SH,20251013,2.5786,0.88,62.5565,2.0344,317380.7387,287426.2605
300681.SZ,20251013,9.2806,1.41,112.42,3.7926,825381.1312,577261.4565
002334.SZ,20251013,4.7224,1.18,26.4592,2.6735,795896.9868,717945.4626
002340.SZ,20251013,9.9136,1.18,41.6631,2.3142,4657987.8428,4623130.8507
600745.SH,20251013,0.4651,0.08,,1.5729,5206254.1732,5206254.1732
000777.SZ,20251013,17.0909,2.03,36.4299,3.6971,840067.9463,840053.122
920651.BJ,20251013,4.5337,0.63,27.1837,4.5601,223931.0,56074.0514
688330.SH,20251013,5.48,0.67,23.0957,1.3591,520100.0,520100.0
600740.SH,20251013,3.2857,1.31,6876.3425,0.6904,1050469.6731,1050469.6731
002927.SZ,20251013,8.7655,1.72,131.9801,3.2928,338136.1527,334417.8155
301392.SZ,20251013,10.2963,0.89,313.9322,21.6156,1621500.0,661505.6969
000811.SZ,20251013,7.2291,1.59,25.6954,2.471,1446273.7773,1425604.9472
603500.SH,20251013,5.2742,0.91,35.9198,3.9675,384384.0531,383267.6567
002014.SZ,20251013,1.1142,0.78,14.6212,3.0993,688440.8574,679477.2035
600354.SH,20251013,12.6122,4.44,46.5332,4.8056,339376.7374,339376.7374
300902.SZ,20251013,6.1078,1.3,,4.6309,380150.8446,253540.3868
001213.SZ,20251013,1.8544,1.3,33.7679,0.9761,1866666.6665,1866666.6665
605006.SH,20251013,4.2381,1.07,662.1534,1.8537,470445.2137,462013.5597
002851.SZ,20251013,5.9937,1.1,130.7956,6.2337,3860141.3494,3210118.1235
300512.SZ,20251013,28.1991,1.74,148.6,2.3633,381551.859,307329.5403
300191.SZ,20251013,3.9794,0.92,,6.0287,635200.0,439072.075
300807.SZ,20251013,4.4479,0.8,,5.49,264061.6371,201584.9188
300582.SZ,20251013,5.3444,0.91,,3.398,484226.1835,359337.6578
600895.SH,20251013,13.3206,0.64,71.0632,5.8398,7712473.959,7712473.959
300447.SZ,20251013,3.172,0.92,,2.2979,457222.389,294684.0436
002761.SZ,20251013,2.2119,1.02,51.9876,1.5038,1009308.3421,1009308.3421
603933.SH,20251013,7.168,0.83,171.7527,2.6873,354071.045,354071.045
605566.SH,20251013,7.9007,0.96,119.1396,1.7212,341750.42,341750.42
300219.SZ,20251013,5.6099,0.77,298.5136,1.997,516798.7594,515853.6904
002338.SZ,20251013,8.1241,1.28,242.9307,11.3327,1534800.0,1534800.0
301396.SZ,20251013,10.3332,0.7,,8.9716,1120985.1282,555544.0023
600072.SH,20251013,1.5455,1.09,,1.7584,1827191.1683,1317338.1763
000783.SZ,20251013,3.2249,0.89,16.8973,1.3675,4706092.0787,4706092.0787
002343.SZ,20251013,3.0728,0.93,,3.7795,368086.0067,368086.0067
600193.SH,20251013,2.0861,1.05,,19.785,177805.914,177805.914
600690.SH,20251013,1.4436,1.0,11.577,2.0509,23563723.895,15711306.7506
688618.SH,20251013,4.5177,0.82,116.5446,3.1958,274141.8474,273799.0458
301559.SZ,20251013,3.497,1.15,40.8625,2.2757,1027200.0,154080.0
301117.SZ,20251013,9.9822,0.88,524.8731,3.6318,479473.9174,294917.9805
002805.SZ,20251013,7.0975,1.03,,2.7474,403009.949,400822.7985
688168.SH,20251013,4.7934,0.91,,6.0019,609307.4231,609307.4231
300550.SZ,20251013,2.4726,1.09,63.0864,2.8723,316122.4098,315828.8986
920792.BJ,20251013,3.964,1.1,42.1237,2.2125,221161.44,134079.4076
002186.SZ,20251013,3.6474,0.97,200.8239,4.0529,344979.8649,344518.7439
605020.SH,20251013,7.9033,0.97,38.0064,2.9124,1558336.3143,1534249.4747
300271.SZ,20251013,4.207,1.93,,1.6977,629192.0216,617862.9406
603728.SH,20251013,10.6706,0.86,475.0742,10.4519,3080043.0225,3080043.0225
300490.SZ,20251013,19.5032,0.74,,2.4178,543786.7993,536396.5628
688176.SH,20251013,2.1388,1.11,,3.1474,575168.6794,438735.7506
300306.SZ,20251013,3.4972,1.31,36.9792,2.3028,334315.7611,195899.8951
600794.SH,20251013,2.2643,1.35,43.2809,1.944,508864.5146,508864.5146
300844.SZ,20251013,6.1653,0.68,262.9703,5.8128,482273.0931,465866.3391
300665.SZ,20251013,7.4902,0.97,,3.9779,215442.5983,214581.8138
002196.SZ,20251013,7.5891,0.88,,3.4,474053.5651,466800.8491
000090.SZ,20251013,11.4268,5.31,17.3743,0.6461,721258.5375,721225.5345
600613.SH,20251013,2.4532,0.68,49.255,1.4135,326851.8363,293343.8265
300518.SZ,20251013,3.3609,0.83,,3.4184,261827.3993,261803.9622
600018.SH,20251013,1.6354,1.21,8.8154,0.9407,12851313.6246,12814446.9202
301557.SZ,20251013,15.3132,1.38,40.1124,3.8285,377857.5239,94490.24
600199.SH,20251013,1.5135,0.82,,3.2041,672268.3541,672268.3541
000597.SZ,20251013,1.9143,1.05,20.3487,1.4618,777763.1044,768077.2129
002857.SZ,20251013,7.3317,1.47,183.2577,6.2344,319179.8113,316288.0
002275.SZ,20251013,2.3858,1.4,17.0694,2.767,866076.1164,824026.8998
600869.SH,20251013,8.7039,0.76,,4.1774,1837624.0737,1837624.0737
002234.SZ,20251013,2.0678,1.02,,1.6321,297663.0608,257101.5691
600570.SH,20251013,2.6298,0.75,49.7821,7.1754,6341675.3908,6341675.3908
600628.SH,20251013,2.0155,1.25,68.8465,1.1226,474806.5319,474806.5319
300021.SZ,20251013,4.3835,1.35,68.0135,2.0576,509138.9996,434624.1271
603167.SH,20251013,1.9401,0.86,16.1406,1.3897,437711.8213,437711.8213
600159.SH,20251013,8.1016,0.56,,1.4217,244020.9502,244020.9502
300891.SZ,20251013,5.875,1.29,,3.0216,388007.7726,322449.1101
601616.SH,20251013,11.6593,1.04,78.3703,1.5404,369641.4131,369641.4131
301022.SZ,20251013,6.443,1.02,77.7828,2.5573,347000.6315,232880.244
003039.SZ,20251013,2.5742,1.06,30.7133,3.0372,828092.6169,828092.6169
002553.SZ,20251013,6.0977,0.85,39.522,7.5838,1006068.0,725062.8
920284.BJ,20251013,25.3002,1.07,,15.487,482118.7526,311774.4113
603286.SH,20251013,18.0919,0.9,,6.1953,514316.8178,505516.9598
600764.SH,20251013,3.6863,1.13,92.5363,2.79,2287515.9935,2287515.9935
300632.SZ,20251013,4.0402,0.84,146.9793,2.243,395515.3795,286688.8832
002093.SZ,20251013,3.2302,1.05,46.8129,3.0727,1133437.5,1133437.5
300198.SZ,20251013,1.8771,1.1,,45.1506,226940.6788,225767.6324
300183.SZ,20251013,4.1495,0.9,327.7685,2.4322,758678.9847,666720.8637
003019.SZ,20251013,6.6926,1.37,34.3829,3.6354,584565.3006,565024.1176
601928.SH,20251013,1.9186,1.27,13.6118,1.335,2667055.2,2667055.2
002269.SZ,20251013,6.4436,0.81,,20.1606,590437.5,590437.5
603887.SH,20251013,2.5276,0.75,,2.736,985272.0732,963162.1032
300591.SZ,20251013,11.0713,1.02,,15.1822,426768.8134,368667.958
300057.SZ,20251013,5.8431,1.0,,1.0494,547622.3632,442339.1234
002769.SZ,20251013,2.92,1.04,,2.7845,328519.8875,328249.0024
600609.SH,20251013,2.1883,1.13,21.9863,4.2077,630101.7835,630101.7835
920717.BJ,20251013,2.1774,0.87,99.7868,2.413,136010.48,52516.08
600075.SH,20251013,2.7612,1.11,152.5227,0.9083,810997.7133,810997.7133
002377.SZ,20251013,3.0727,1.04,,5.7795,271232.2595,258215.1918
002911.SZ,20251013,10.6542,0.57,18.9688,3.614,1658049.4151,1621061.9082
600930.SH,20251013,3.5236,1.08,30.1647,2.4552,26738857.1427,1605817.3365
300349.SZ,20251013,5.0046,1.15,19.5367,1.2418,541746.6908,480354.5481
300482.SZ,20251013,1.4493,0.99,25.4289,1.9031,1004509.9765,923635.1059
002557.SZ,20251013,1.9261,1.02,17.7082,2.0828,1064825.0971,1062548.0659
000516.SZ,20251013,2.3483,2.18,,3.2166,1114970.583,1098018.422
600004.SH,20251013,1.8707,1.15,18.0835,1.1951,2238915.4957,2238915.4957
000902.SZ,20251013,2.1486,0.75,11.7613,1.6216,1798032.9378,1637607.4156
300901.SZ,20251013,4.3071,0.89,,3.825,375120.0,375120.0
600590.SH,20251013,4.8563,1.13,,2.5724,835812.355,826698.1325
601083.SH,20251013,4.8902,1.63,9.927,1.653,1486943.88,223043.88
920370.BJ,20251013,8.5247,1.53,,2.4221,147138.8381,128165.5819
688766.SH,20251013,10.5855,0.7,79.8414,7.0265,1574206.1016,1574206.1016
600746.SH,20251013,1.3867,1.08,42.691,1.5522,843182.5622,841911.4545
000099.SZ,20251013,4.9959,1.26,54.122,3.2629,1754792.0499,1754792.0499
603773.SH,20251013,6.1529,0.7,,6.1709,724510.6713,724200.3301
300014.SZ,20251013,6.7302,0.85,48.1311,4.4863,17055273.1697,15518873.693
301072.SZ,20251013,5.8565,1.42,,3.2846,248748.8925,158987.3377
301335.SZ,20251013,5.632,1.04,75.0635,2.0519,392129.652,156396.9634
920108.BJ,20251013,3.0818,0.99,56.1624,5.4238,269320.8,55370.0574
688652.SH,20251013,6.8911,0.71,101.1396,7.6987,1650096.0,1169505.54
688671.SH,20251013,3.9756,1.22,,1.6035,172977.1367,103204.2098
603186.SH,20251013,16.276,1.64,,4.1924,607007.1953,607007.1953
688767.SH,20251013,2.6565,1.29,56.2401,2.658,617194.6694,617194.6694
688522.SH,20251013,2.584,0.97,101.0774,5.7187,1290458.286,515380.9128
300660.SZ,20251013,7.316,0.94,81.2072,7.4062,2509330.3074,2507321.318
301269.SZ,20251013,18.7267,3.35,994.5276,14.3958,7426678.4705,7426678.4705
301256.SZ,20251013,17.4869,2.07,62.8989,3.3307,562080.0,562080.0
920566.BJ,20251013,2.3941,1.33,21.4693,2.2371,175137.9095,135265.2594
301085.SZ,20251013,4.1934,0.83,1141.4398,4.3827,477092.6612,323896.7575
688261.SH,20251013,5.4711,0.77,183.7747,3.1987,934956.1962,931474.8775
920779.BJ,20251013,6.2684,0.87,48.1446,7.2057,329107.0992,82336.4602
688508.SH,20251013,5.0544,0.7,56.8819,3.4778,898162.7666,898162.7666
002903.SZ,20251013,5.8319,1.18,328.7349,4.2242,338408.46,229480.1057
300952.SZ,20251013,36.8517,2.47,49.5103,3.6477,605779.6294,367807.8245
000948.SZ,20251013,2.115,0.91,83.0441,2.6617,708038.0136,706656.9765
603889.SH,20251013,14.6149,1.31,13.5343,1.675,585698.5493,577968.3119
002438.SZ,20251013,8.5345,2.28,23.5382,1.9798,710044.9079,655964.0531
301155.SZ,20251013,4.4797,0.77,129.955,3.7937,2126523.4378,1206601.8353
300808.SZ,20251013,5.6372,1.06,,4.7166,467040.0,347067.8682
603809.SH,20251013,10.8401,0.93,39.6869,3.8069,1363763.9963,1363763.9963
603010.SH,20251013,5.605,1.61,116.965,1.7678,637334.459,637334.459
600107.SH,20251013,1.98,1.44,,5.7712,271440.0,271440.0
603279.SH,20251013,1.2212,0.81,13.0166,2.0242,933860.34,933724.26
002737.SZ,20251013,1.6669,1.23,102.3413,2.1367,890600.0,890600.0
000973.SZ,20251013,7.7474,0.75,63.4602,2.6958,775873.3831,775873.3831
000501.SZ,20251013,3.5255,1.12,32.8807,0.6792,748229.9273,747486.3947
000822.SZ,20251013,1.617,1.38,,1.0118,500356.3866,500356.3866
002193.SZ,20251013,5.6058,1.76,,2.6357,150748.1568,150747.2928
603393.SH,20251013,2.5105,0.99,10.226,1.3984,1229371.8483,1227341.8599
688588.SH,20251013,6.5886,1.15,32.0038,5.8229,723618.0954,723618.0954
301009.SZ,20251013,3.7739,1.17,101.8076,2.7455,368914.02,204954.533
300812.SZ,20251013,8.8834,1.1,,4.2961,343328.7981,227227.4477
002313.SZ,20251013,7.155,1.31,,174.1975,411840.0,411811.0425
301205.SZ,20251013,10.5878,0.88,130.9409,8.3047,1273177.872,666874.6016
002385.SZ,20251013,4.9481,2.4,24.3307,2.049,1793132.7616,1469540.4789
300652.SZ,20251013,9.2593,1.2,52.086,5.323,779000.9405,699152.6937
603609.SH,20251013,1.7497,1.37,11.9751,1.1078,729992.8272,729992.8272
002238.SZ,20251013,2.7055,1.07,,3.014,644455.0055,644455.0055
605183.SH,20251013,1.9275,0.99,15.3078,2.4263,849649.2652,842593.3561
001400.SZ,20251013,8.2122,1.2,34.4505,3.4282,416220.0,104055.0
600386.SH,20251013,3.6637,0.92,211.9689,2.0236,359654.4,359654.4
605116.SH,20251013,1.6774,1.02,22.8568,3.8037,916782.6431,912092.5971
002651.SZ,20251013,16.7939,1.61,132.6025,4.4674,1240152.0,678556.3692
688038.SH,20251013,15.5908,0.93,,3.9867,239030.9636,239030.9636
603128.SH,20251013,2.7686,1.36,17.2288,1.3386,798518.3613,798518.3613
688163.SH,20251013,2.0597,1.33,54.857,2.2547,246633.38,246633.38
300920.SZ,20251013,3.0315,0.54,213.3706,3.7245,437500.0,242293.2356
600536.SH,20251013,16.8449,3.63,,14.7004,5074196.2975,4584426.1334
300971.SZ,20251013,10.6443,1.72,47.1546,2.7787,285885.6,223803.9326
600268.SH,20251013,28.8531,3.08,27.8344,3.6735,1241394.0907,1235127.6955
300588.SZ,20251013,5.7192,0.86,,12.9761,368581.7328,340382.4078
600009.SH,20251013,1.1432,1.19,36.2592,1.8688,7843693.1837,6449873.0313
920419.BJ,20251013,2.9105,1.17,25.5265,3.309,189360.6312,177152.3911
603392.SH,20251013,1.0383,1.01,,5.9442,7203609.0752,7203609.0752
600362.SH,20251013,17.7656,1.62,19.0633,1.7953,14335699.7367,8591524.2567
603041.SH,20251013,3.5214,2.06,57.0182,1.5265,227652.5812,227652.5812
002835.SZ,20251013,3.2746,1.47,18.9942,3.0882,369847.2737,214480.6153
920770.BJ,20251013,5.5827,1.07,62.4195,4.1228,245299.1499,154369.813
688080.SH,20251013,5.2558,0.89,27.979,3.7424,402383.4491,402383.4491
688077.SH,20251013,21.3214,2.55,129.1668,4.4426,473368.614,473368.614
688178.SH,20251013,2.8183,0.71,,2.2623,226944.2435,226944.2435
301127.SZ,20251013,1.8384,1.01,25.8218,2.6314,887958.9595,876149.2309
688396.SH,20251013,5.9585,1.11,92.6287,3.3489,7604088.3917,7604088.3917
601298.SH,20251013,3.0132,1.21,10.1755,1.2562,5530417.2,4594047.9
002531.SZ,20251013,4.9822,0.8,363.2718,1.7118,1536331.2526,1527770.536
603533.SH,20251013,3.2792,0.96,,3.5047,829953.915,829953.915
601117.SH,20251013,2.3852,0.94,7.8405,0.7251,4665654.3046,4637159.7022
300298.SZ,20251013,2.3547,1.57,35.7386,3.6234,1105967.662,890867.5779
688209.SH,20251013,6.0937,0.7,68.2246,4.6526,935513.1315,651454.2638
603388.SH,20251013,0.687,0.1,,0.71,51140.1708,51140.1708
600452.SH,20251013,3.7351,1.18,30.5002,2.7683,1479689.6128,1479689.6128
000722.SZ,20251013,3.0833,1.15,91.4826,1.8188,568129.7372,568129.7372
688516.SH,20251013,6.1605,0.93,18.1481,4.154,1472596.0437,1469934.4847
300710.SZ,20251013,13.0612,3.09,,4.3994,201766.3284,151248.2664
920821.BJ,20251013,3.643,1.01,149.0278,7.7063,402356.4023,211857.7512
600206.SH,20251013,21.0648,2.04,86.4214,5.1751,2047812.5101,2047812.5101
600734.SH,20251013,1.9786,0.82,,23.0931,790724.0275,790560.6775
301618.SZ,20251013,2.8817,0.93,103.6641,5.5251,516485.7985,189808.4248
000559.SZ,20251013,13.5428,0.52,37.6939,4.1039,3756301.1171,3755378.5945
002981.SZ,20251013,5.8029,1.18,33.0281,3.8943,407788.1417,360032.9537
603607.SH,20251013,5.6677,1.28,38.0597,4.34,427369.2192,427369.2192
301053.SZ,20251013,5.1422,0.7,80.0236,4.6569,314974.5832,289830.1369
300144.SZ,20251013,2.479,0.81,24.3282,2.7308,2184574.104,1962153.8611
603093.SH,20251013,4.4101,0.72,27.6033,2.959,1267106.8598,1267106.8598
000402.SZ,20251013,2.1577,0.78,,0.3779,902656.8319,902577.4859
605162.SH,20251013,4.6015,1.27,24.7515,2.799,355312.3161,355312.3161
301322.SZ,20251013,3.9653,0.75,44.0633,1.5995,449312.5572,290690.9647
002606.SZ,20251013,2.4601,1.1,21.9466,2.2423,392092.3855,376079.8551
920703.BJ,20251013,2.6793,0.84,26.1697,2.1275,226688.896,114702.7811
300122.SZ,20251013,2.2858,1.0,,1.6302,4928813.0891,2912056.5646
301387.SZ,20251013,7.0737,1.27,94.1806,2.5547,419836.7533,167877.4463
002419.SZ,20251013,3.1308,1.24,83.736,1.5345,641697.4148,641623.1147
300031.SZ,20251013,4.0303,0.8,62.2278,2.4769,989079.6936,831192.2689
002543.SZ,20251013,2.8639,1.18,13.1945,1.8193,899012.4,799887.7026
002642.SZ,20251013,5.4267,0.85,240.933,5.0735,597407.0226,597407.0226
688123.SH,20251013,14.8061,0.95,64.3036,9.5247,2266441.3501,2266441.3501
688777.SH,20251013,7.6344,1.55,49.4887,4.6575,4723401.4762,4675833.9311
301339.SZ,20251013,2.9295,1.16,42.2028,3.277,887909.9796,257133.1296
603808.SH,20251013,2.9097,1.13,,1.1429,292690.6523,292690.6523
688280.SH,20251013,3.3171,0.86,,7.6182,470996.8903,415394.2277
600048.SH,20251013,3.3649,1.05,323.3795,0.4876,9444679.8568,9444679.8568
000881.SZ,20251013,4.0686,1.09,,1.4824,761067.7811,677480.6423
300335.SZ,20251013,3.8274,1.43,44.9077,1.4639,281437.3089,226655.0868
300811.SZ,20251013,7.8481,0.98,57.759,7.92,2205236.2653,1807843.6495
603262.SH,20251013,4.2449,1.16,67.5683,7.9393,1204030.1,116795.9615
601020.SH,20251013,11.3618,1.66,74.943,6.7857,2445134.7294,2445134.7294
603578.SH,20251013,3.317,1.31,,2.2917,225987.3611,225987.3611
600893.SH,20251013,3.0053,0.88,320.6164,2.8821,11456724.0349,11454706.2099
688029.SH,20251013,3.9967,1.4,28.2479,4.3499,1712229.2515,1712229.2515
301116.SZ,20251013,2.6865,1.37,,3.0718,482653.0625,482650.6437
300885.SZ,20251013,12.5772,0.83,79.7368,6.5524,568267.622,382470.7048
688199.SH,20251013,5.9072,1.32,,1.7211,438860.5772,438860.5772
603087.SH,20251013,3.2248,0.67,46.839,3.9833,4306568.8265,4022160.3618
600579.SH,20251013,4.6775,1.18,,2.5554,421041.4474,421041.4474
603559.SH,20251013,0.2632,0.62,,3.4425,335066.2775,335066.2775
002658.SZ,20251013,7.7227,1.22,29.1334,2.1158,527681.5669,297685.9317
603867.SH,20251013,3.1006,0.89,27.0774,2.5632,617062.1574,617062.1574
688658.SH,20251013,2.8996,1.1,,2.7992,973800.0,973800.0
601279.SH,20251013,23.0938,1.69,,1.6744,707260.5493,707260.5493
600908.SH,20251013,1.1769,1.5,5.6608,0.5922,1301446.2451,1185592.4103
001335.SZ,20251013,3.7883,0.94,29.6885,3.7345,354710.495,86894.3419
002682.SZ,20251013,3.3804,1.26,,2.2799,251941.1301,251937.3669
600802.SH,20251013,4.8321,0.69,,2.1533,261659.8364,261659.8364
300805.SZ,20251013,3.6495,0.91,180.2252,3.056,473638.0915,321760.7587
300520.SZ,20251013,13.1998,1.69,,4.2606,777970.632,740614.4655
002330.SZ,20251013,5.012,1.18,,1.3062,299868.8169,299804.3535
688577.SH,20251013,4.1113,0.57,563.8752,13.2734,1293404.2902,1293404.2902
301151.SZ,20251013,5.2973,1.13,42.505,1.7007,347303.4255,114539.4199
603599.SH,20251013,1.9787,1.1,15.1048,1.1043,1083220.5206,1083220.5206
000547.SZ,20251013,1.6929,1.15,,2.5911,1246805.2498,1238913.5429
002453.SZ,20251013,13.7574,0.5,,6.0707,576780.6595,435061.8266
002493.SZ,20251013,1.9982,0.93,212.3083,2.3989,9949484.485,9324749.71
002810.SZ,20251013,2.0278,1.19,21.7786,2.0857,459192.5882,422093.3127
605080.SH,20251013,5.6813,1.27,15.3707,1.6377,353507.8809,350456.9464
300590.SZ,20251013,3.2923,1.09,60.2871,3.0575,548221.7053,422400.0082
300697.SZ,20251013,16.7253,0.58,54.0186,6.8017,790000.64,604844.24
300400.SZ,20251013,6.0769,0.78,54.8749,7.4003,552701.5724,546545.5052
600365.SH,20251013,1.5127,1.01,,4.2675,143958.32,136302.32
603606.SH,20251013,2.0544,0.59,57.2511,6.7153,4792000.6842,4792000.6842
002140.SZ,20251013,11.1265,0.51,20.1202,1.9745,887141.3816,680932.1281
002472.SZ,20251013,5.6474,1.06,34.023,4.1433,3837985.9408,3411740.5298
300751.SZ,20251013,7.6099,0.97,35.5347,4.02,3051102.6655,2111408.3063
002200.SZ,20251013,2.486,1.14,,,130734.3519,130734.3519
002068.SZ,20251013,7.6933,0.93,,2.755,766229.6942,765876.0655
920496.BJ,20251013,3.4218,1.17,41.337,3.1639,181470.2,159049.8015
002128.SZ,20251013,1.7974,1.4,10.2005,1.4768,5287871.87,5287871.87
002236.SZ,20251013,5.1043,0.89,18.478,1.7763,6599805.1926,4248851.7964
300254.SZ,20251013,3.0098,0.93,301.4079,9.1859,273331.8567,242053.3194
603486.SH,20251013,2.7448,0.85,47.9641,7.013,5643333.8077,5573581.6625
301288.SZ,20251013,2.2505,0.82,,2.1971,175192.22,76384.7227
301118.SZ,20251013,18.1238,1.85,,2.1682,291579.6744,277968.8171
300597.SZ,20251013,2.4102,1.11,,2.5552,244767.8869,243692.2697
002161.SZ,20251013,3.1496,1.02,100.3751,3.4712,555557.8074,529261.7091
688217.SH,20251013,3.7579,1.22,,1.7366,158519.0328,158519.0328
601088.SH,20251013,1.647,1.38,14.7515,1.9768,79374737.2202,65881696.6302
300251.SZ,20251013,5.035,0.84,23.8999,4.7209,4896159.093,4632084.2017
300454.SZ,20251013,3.2123,0.88,85.7044,5.3866,4809474.2598,3172565.166
688229.SH,20251013,5.0868,0.92,,6.8352,269241.6,269241.6
000056.SZ,20251013,15.7668,1.77,,16.9574,292084.4703,223220.4537
920145.BJ,20251013,5.2849,0.41,,7.109,185687.6,128111.942
600309.SH,20251013,1.8579,1.02,18.9144,2.0927,20770679.2385,20770679.2385
300106.SZ,20251013,8.2162,1.53,,6.2749,237748.8488,237748.8488
600271.SH,20251013,1.7642,1.17,,1.1229,1537894.2495,1537894.2495
600095.SH,20251013,17.6524,0.88,219.6082,3.2631,3897072.8937,3897072.8937
301083.SZ,20251013,24.9686,2.74,99.4201,3.919,321760.8006,154868.3399
603075.SH,20251013,4.8493,1.16,28.0413,4.4968,896732.3713,91894.007
002033.SZ,20251013,4.7833,0.89,24.0503,1.9029,464319.6508,464310.7529
688195.SH,20251013,9.2605,0.86,182.8835,14.2455,1337479.0,1337479.0
002856.SZ,20251013,6.771,1.41,,15.4664,144514.0789,132329.9451
002600.SZ,20251013,13.8581,0.75,55.9346,4.9355,11136803.9407,10970761.6118
600754.SH,20251013,2.3401,0.79,54.7315,1.538,2376074.2577,2019348.0056
002789.SZ,20251013,11.4134,2.58,,,169200.9248,165854.0649
688072.SH,20251013,5.6986,1.02,115.4265,13.5955,7541378.9305,7541378.9305
300240.SZ,20251013,6.0084,1.38,,2.0575,294277.8564,287796.0722
301329.SZ,20251013,4.8133,1.54,51.3372,2.1975,337166.2,118749.064
300405.SZ,20251013,13.1849,3.27,,4.3445,183989.1181,141578.7133
002393.SZ,20251013,3.4964,1.04,14.2281,1.2084,604833.6327,587511.8526
920826.BJ,20251013,10.432,1.23,43.1236,5.2208,181124.8842,77575.3869
300724.SZ,20251013,8.4107,0.85,10.0569,2.7081,3386730.3276,2796704.9225
001288.SZ,20251013,3.5964,1.03,34.561,2.7194,586599.3426,378330.478
603214.SH,20251013,3.9679,1.8,22.2728,2.1497,246601.2641,246601.2641
688677.SH,20251013,5.0827,2.11,44.234,4.8932,615928.026,615928.026
300780.SZ,20251013,16.5542,2.88,,2.5865,267526.08,196143.8619
300365.SZ,20251013,3.2629,1.38,,2.0255,382107.9338,325968.581
300948.SZ,20251013,57.1008,3.71,,3.2967,265278.042,248231.2824
920454.BJ,20251013,5.4915,1.04,67.8636,6.0981,192438.1,115680.9779
605299.SH,20251013,2.4804,0.83,52.089,3.1039,375669.9481,375669.9481
300663.SZ,20251013,2.5156,0.97,,11.2515,856426.3807,814418.5801
300192.SZ,20251013,7.7799,0.67,43.299,6.2684,586862.5556,578829.0262
300693.SZ,20251013,7.3405,0.75,30.2815,6.6454,1228036.4011,1055516.9762
688597.SH,20251013,2.4113,0.91,29.5594,3.553,285650.8878,285650.8878
301292.SZ,20251013,37.3543,1.54,,2.0964,589072.037,224921.5027
688110.SH,20251013,9.925,0.89,,13.7993,4327413.882,4327413.882
002005.SZ,20251013,1.0068,1.01,,15.1117,406562.5671,406462.4127
002151.SZ,20251013,3.0645,1.2,,3.1793,1635247.67,1333770.4123
300393.SZ,20251013,3.4109,0.83,,2.221,708257.7827,621338.2825
301489.SZ,20251013,12.4755,1.32,345.2879,19.764,2073759.3046,1222384.7434
920022.BJ,20251013,8.892,0.52,25.6038,4.2546,180274.26,51672.65
600035.SH,20251013,2.0019,1.69,8.8733,0.7389,645656.4763,645656.4763
300293.SZ,20251013,22.2863,2.06,,9.5487,916151.9529,758869.3273
002970.SZ,20251013,7.3698,1.16,23.4106,4.8341,864852.972,590141.7867
600183.SH,20251013,4.6092,1.28,62.7146,9.8534,14002271.5285,13801906.8996
688216.SH,20251013,8.2281,1.05,,4.5736,272115.9835,270603.6595
600470.SH,20251013,5.6503,1.75,,1.8233,307222.4,307222.4
301368.SZ,20251013,6.1253,0.91,826.2027,8.229,800346.4,427305.2762
600847.SH,20251013,4.0062,1.03,,3.2573,172295.0376,172295.0376
300414.SZ,20251013,16.0726,3.47,256.3156,4.2275,417956.9554,401943.6396
000415.SZ,20251013,2.4611,1.56,,0.7528,2146028.8849,1871355.6394
000429.SZ,20251013,2.9771,1.29,13.4423,2.2553,2370974.1469,1477976.1134
601952.SH,20251013,4.3285,3.13,20.2774,1.9366,1314612.0,1314612.0
300675.SZ,20251013,12.1772,1.86,,4.1948,230853.3858,230853.3858
002859.SZ,20251013,2.2283,0.82,75.6673,4.7555,1357452.3564,1277673.053
000557.SZ,20251013,1.7336,1.24,18.9626,1.2008,761271.6117,761032.2554
688500.SH,20251013,4.2144,0.58,,7.1313,521279.1233,507566.0449
002255.SZ,20251013,20.6097,1.77,18.3475,1.8822,809278.1476,621384.9647
002059.SZ,20251013,9.3547,0.57,,4.2734,565951.0605,549522.7464
301006.SZ,20251013,5.2738,1.73,27.3325,1.7985,225912.16,139631.6542
002793.SZ,20251013,2.295,1.04,,3.7721,532918.3581,532108.3186
688025.SH,20251013,5.708,1.17,78.0763,6.4494,1351697.8445,1351697.8445
920252.BJ,20251013,16.3329,0.61,339.5468,11.9976,311750.0696,207218.2728
002830.SZ,20251013,6.9681,1.36,56.1433,3.4499,222544.46,111576.8225
601515.SH,20251013,5.0615,1.18,,1.7739,900143.6021,900143.6021
688755.SH,20251013,5.647,1.6,59.084,3.42,410344.0,77129.5033
603978.SH,20251013,10.3238,1.27,,3.2064,504937.5632,504937.5632
002272.SZ,20251013,11.5296,0.85,,5.3907,803441.6861,640418.6491
601668.SH,20251013,1.7841,1.19,4.8822,0.4855,23015457.4773,23015457.4773
002297.SZ,20251013,6.7054,1.37,,2.4093,496308.7733,496308.7733
601163.SH,20251013,1.6106,1.52,12.6153,0.8331,1118400.0,1118400.0
688031.SH,20251013,5.1173,0.93,,6.9813,673515.693,522487.3446
000417.SZ,20251013,12.8531,2.92,31.6524,1.1556,543579.2874,542982.1333
688143.SH,20251013,6.4043,1.84,169.3071,4.5043,539671.2187,416844.5602
003032.SZ,20251013,1.6903,0.74,,1.996,250724.7925,172084.9884
600020.SH,20251013,2.7647,1.77,10.5869,0.845,982101.4906,982101.4906
300782.SZ,20251013,3.2858,0.84,,4.2942,4306827.6871,3608840.7835
000636.SZ,20251013,3.6095,1.04,60.7041,1.4627,1802626.5827,1802626.5827
000826.SZ,20251013,7.2569,0.48,,11.1345,332107.3068,332065.2994
920392.BJ,20251013,1.7909,0.42,109.0956,7.502,250257.22,119504.4316
688290.SH,20251013,4.5268,0.91,209.649,5.0214,643590.8188,643590.8188
688288.SH,20251013,3.5635,0.95,59.4839,3.8917,289759.1827,289759.1827
605599.SH,20251013,1.8197,1.07,14.5265,2.8758,1130111.1434,1130111.1434
603082.SH,20251013,4.3135,1.18,35.7136,4.0282,624900.4956,156225.1788
688758.SH,20251013,4.0987,1.18,71.5191,5.6268,720482.8653,73489.2513
920943.BJ,20251013,2.9422,0.69,27.9171,3.9157,243143.7003,124079.76
688331.SH,20251013,5.6486,0.91,,22.4392,5290026.9688,1522633.2626
920019.BJ,20251013,7.5375,0.93,60.7781,4.8439,445344.8706,118321.8582
300569.SZ,20251013,9.292,0.7,,1.3379,692375.0897,690271.994
603385.SH,20251013,3.1328,1.28,25.9354,0.6668,250477.5489,250477.5489
002812.SZ,20251013,6.1028,0.73,,1.7972,4439009.4093,3707108.1518
000017.SZ,20251013,20.3228,2.37,170.5652,13.9971,506550.9258,222693.9493
600965.SH,20251013,3.5488,1.6,71.0888,1.8633,401982.1689,401982.1689
301577.SZ,20251013,5.9927,1.31,82.0328,3.2836,257568.74,107771.4066
301565.SZ,20251013,4.8787,0.72,180.0531,4.1198,983624.59,314776.59
688559.SH,20251013,8.5206,0.92,,3.916,994504.8026,994504.8026
920190.BJ,20251013,3.6461,0.89,101.5825,3.2521,278000.0028,274316.6418
688586.SH,20251013,3.5884,1.42,155.6909,3.6561,900543.9595,900543.9595
600436.SH,20251013,0.8407,1.18,43.3808,8.4929,11703147.2396,11703147.2396
000062.SZ,20251013,4.4525,0.86,106.3485,4.2817,2892985.1847,2890268.7486
300556.SZ,20251013,4.7664,1.08,,4.9968,243858.373,214660.718
600189.SH,20251013,1.7133,0.85,570.0792,4.1242,509220.8421,509220.8421
688136.SH,20251013,5.4133,1.28,79.0144,4.6948,789733.449,789733.449
601788.SH,20251013,2.2343,0.56,25.7724,1.4479,8636005.2478,7317246.9254
300509.SZ,20251013,16.314,2.36,44.7614,5.2067,302031.6,251798.4899
601121.SH,20251013,6.1445,0.9,59.5206,1.8698,577600.0,274360.0
600995.SH,20251013,4.0922,0.92,30.0967,1.8394,4010987.2853,4010987.2853
600707.SH,20251013,1.8392,1.11,27.3863,0.967,2124326.7213,2123900.4813
300233.SZ,20251013,4.1731,0.98,64.9528,1.9448,711703.4843,689139.7963
920087.BJ,20251013,28.9639,4.14,82.3682,5.4627,281666.0,273865.1561
688579.SH,20251013,2.5761,1.13,73.6582,3.3934,464011.6,464011.6
300701.SZ,20251013,7.5771,0.73,70.1824,3.7883,356811.7202,314391.7406
300847.SZ,20251013,3.9756,0.98,43.5255,3.6397,521865.63,521865.63
600153.SH,20251013,1.4814,0.81,11.4964,0.5384,2974926.5533,2974926.5533
002153.SZ,20251013,4.0929,1.01,,4.1988,2906591.4407,1703748.4513
603839.SH,20251013,30.4376,2.43,,1.9497,359856.9125,359856.9125
002698.SZ,20251013,3.5307,1.16,32.6752,4.5401,1728128.548,1422030.9788
300671.SZ,20251013,4.7214,0.8,,5.1488,823651.6814,821483.9618
000678.SZ,20251013,5.227,1.05,,7.9813,618177.867,618177.867
002321.SZ,20251013,3.038,0.74,,6.4846,610006.5603,607524.656
002872.SZ,20251013,1.1307,0.87,,0.7846,154548.0,104450.2131
688696.SH,20251013,3.0993,1.12,38.2272,2.701,782530.0,782530.0
301190.SZ,20251013,3.4176,0.84,134.4041,3.26,626094.6705,464835.618
002156.SZ,20251013,23.637,1.63,92.9334,4.8322,7128152.6957,7127473.0867
002410.SZ,20251013,3.8786,1.66,80.2542,4.0509,2373844.0195,2282072.5105
002929.SZ,20251013,4.8419,0.64,264.4108,2.1148,1318997.759,977633.5297
002489.SZ,20251013,4.0381,1.51,16.9235,1.7496,789521.9379,696342.5298
002283.SZ,20251013,4.1107,1.27,21.5871,1.2475,740647.1657,652292.1789
600255.SH,20251013,7.5919,0.96,160.3911,5.3048,769418.6028,769418.6028
002583.SZ,20251013,3.3274,1.22,,8.2104,2069588.8556,1459736.5538
603638.SH,20251013,3.252,1.73,42.7222,4.4384,1515074.4157,1515074.4157
600860.SH,20251013,3.3148,0.7,,6.0581,649318.3818,524527.4618
603317.SH,20251013,2.1233,1.62,21.1939,2.8854,1203445.8122,1203445.8122
600765.SH,20251013,2.1751,1.12,63.7876,1.825,2609015.0054,2590709.5814
603282.SH,20251013,2.9991,1.47,24.4212,1.934,244355.32,117200.8221
600729.SH,20251013,2.0849,1.24,8.6858,1.5633,1195891.1916,522590.9215
300467.SZ,20251013,5.5022,0.87,334.5151,7.9309,502525.7103,416842.1386
002529.SZ,20251013,2.0484,0.88,,8.3664,189020.0,189020.0
300928.SZ,20251013,3.0501,1.01,,2.3133,258000.0,172816.3916
300773.SZ,20251013,4.0018,0.65,117.5319,5.438,1892974.165,1763873.662
001301.SZ,20251013,7.0651,0.88,21.6559,3.1882,2080941.9507,1288237.277
301050.SZ,20251013,3.2806,1.01,47.4357,3.9087,1188464.0336,1009574.2519
000829.SZ,20251013,2.9334,0.99,,3.4396,1002548.2284,1001598.8163
688498.SH,20251013,7.0969,1.08,1083.9005,15.1461,3184363.2483,2228530.4906
920510.BJ,20251013,2.6085,1.02,624.465,8.6933,348716.9676,177750.9547
603261.SH,20251013,4.0463,1.85,,2.2961,155036.1678,154234.9938
688211.SH,20251013,1.892,1.9,,1.2242,427596.6598,427596.6598
002726.SZ,20251013,4.3782,0.96,,3.8528,526630.4162,525631.2362
600143.SH,20251013,6.5582,0.72,52.1854,2.9511,5376053.2892,5372410.2711
600569.SH,20251013,4.1613,1.24,,2.4974,675019.0257,675019.0257
002585.SZ,20251013,3.0193,1.09,,0.7647,657401.8245,510659.5899
600809.SH,20251013,1.1179,0.72,18.4892,6.3599,22812110.9872,22812110.9872
301228.SZ,20251013,10.9577,1.46,,5.3617,375960.0,375189.282
002700.SZ,20251013,3.8606,1.15,36.7945,2.166,290780.6141,185215.8064
688192.SH,20251013,1.7225,0.95,,18.8669,3064284.003,2732886.3336
300945.SZ,20251013,13.0518,0.98,46.235,3.2424,536722.6962,488244.5251
002110.SZ,20251013,2.4921,1.01,,0.5436,1051790.0063,1051790.0063
002831.SZ,20251013,1.821,1.21,16.6094,2.2834,2433837.694,1351066.071
920007.BJ,20251013,2.7848,0.9,31.0481,4.8176,305719.4696,74489.3072
300739.SZ,20251013,8.1517,0.87,264.4313,2.2416,570896.2542,527501.5677
600894.SH,20251013,1.3569,0.91,10.7172,1.0739,857640.1105,849046.4561
002623.SZ,20251013,2.9128,0.99,,1.3765,395736.25,394888.6165
688036.SH,20251013,3.9087,0.94,24.7919,5.1256,9692979.8875,9692979.8875
920346.BJ,20251013,4.8477,1.03,48.3908,5.0147,226623.3868,125348.0239
688157.SH,20251013,2.0385,0.6,96.2951,4.2589,558146.0934,558146.0934
002587.SZ,20251013,2.9444,1.03,,2.986,392229.5819,315082.161
920199.BJ,20251013,3.3312,1.11,194.0133,4.7226,243492.535,132995.3446
603327.SH,20251013,3.5157,1.26,94.4988,4.663,913703.5422,913703.5422
601311.SH,20251013,5.3256,0.71,15.2725,1.3012,1270517.2458,1270517.2458
002512.SZ,20251013,2.5098,1.17,,12.106,412736.2505,406041.6111
600966.SH,20251013,2.4534,1.12,50.0835,0.9844,675106.3654,675106.3654
600358.SH,20251013,2.5624,1.22,,45.5766,281754.6563,281754.6563
002893.SZ,20251013,7.0488,1.23,41.3088,2.3689,303186.0,233195.4107
300648.SZ,20251013,5.3426,0.94,,5.41,750978.5526,457570.2927
002382.SZ,20251013,1.2508,1.37,,0.7048,555936.9186,551833.2126
002243.SZ,20251013,4.3991,0.79,40.9059,1.5904,1156127.0291,1149955.887
688147.SH,20251013,9.0663,0.63,66.2278,8.8364,2491632.8,546552.8
002898.SZ,20251013,2.8828,0.82,,4.84,234960.0,135185.5189
002760.SZ,20251013,4.3125,1.34,,2.6867,219541.0393,219541.0393
002963.SZ,20251013,13.1231,2.04,,1.6601,213210.3807,161952.5479
688728.SH,20251013,3.0975,0.95,333.2112,5.9641,4634245.4406,4453016.9423
301668.SZ,20251013,39.9368,0.62,49.481,5.8365,592240.0,124090.7873
300059.SZ,20251013,3.4172,0.64,36.4063,4.7311,40489944.5234,34270300.9525
600616.SH,20251013,2.1696,1.11,253.4866,1.8735,360593.6681,360593.6681
300831.SZ,20251013,3.4677,1.09,115.166,4.9584,462080.0,266395.2426
688126.SH,20251013,6.5638,1.18,,6.7405,7900881.5869,7856250.2975
301011.SZ,20251013,6.2459,1.11,51.1517,4.7418,427771.0552,389116.9464
000661.SZ,20251013,3.5439,0.83,29.1796,2.3589,5387223.008,5277439.9056
301157.SZ,20251013,5.1428,1.12,89.0152,2.6466,287640.0,99044.3037
301279.SZ,20251013,4.43,1.13,55.2914,2.2095,292172.1672,83580.6672
000889.SZ,20251013,10.1042,1.47,,44.9886,354854.333,329673.0272
688679.SH,20251013,11.4549,1.48,329.1435,2.5797,291297.5611,291297.5611
603177.SH,20251013,13.8489,1.52,121.6189,6.2756,242230.95,239925.6
002967.SZ,20251013,2.7859,0.93,30.3036,3.4216,1120415.2702,1038115.3944
688709.SH,20251013,4.8221,0.85,349.7893,10.4102,2959428.1298,1012684.7004
688367.SH,20251013,9.319,1.17,86.5898,3.2916,194964.735,194964.735
600017.SH,20251013,1.8323,1.05,16.6777,0.6957,965755.3208,965755.3208
688570.SH,20251013,1.0955,1.06,41.4896,2.0036,856041.0,372071.4
300570.SZ,20251013,6.3783,0.82,64.0128,14.5052,2273085.6849,1923467.7742
000612.SZ,20251013,8.8913,1.48,14.4457,1.668,1105168.8382,1104446.4735
301101.SZ,20251013,4.6326,0.83,46.2765,5.0963,848365.941,803759.9385
605337.SH,20251013,2.8773,0.69,22.0902,3.1531,496600.1935,496600.1935
300239.SZ,20251013,2.299,1.7,46.5879,1.9849,333607.6583,331446.122
601333.SH,20251013,2.6234,1.2,18.6558,0.8416,2344650.747,1870890.447
688678.SH,20251013,9.7294,1.42,,4.3243,774093.2983,774093.2983
301391.SZ,20251013,15.6107,1.67,546.1143,3.8599,798124.4124,414260.2296
300583.SZ,20251013,3.3554,1.4,,1.5856,282656.1677,277361.8997
300636.SZ,20251013,2.7259,1.22,37.4146,1.5204,357378.7222,312621.3891
002952.SZ,20251013,17.831,3.39,251.4355,4.0041,345607.02,280214.3023
601969.SH,20251013,6.4478,0.9,30.2029,2.5153,1764453.2056,1746658.8016
000411.SZ,20251013,3.1474,1.14,11.4352,1.2804,590784.265,365433.1037
603238.SH,20251013,4.5447,0.92,28.3831,2.3412,330699.267,330699.267
603386.SH,20251013,5.8036,1.15,,3.2456,447714.5523,447714.5523
300456.SZ,20251013,9.2358,1.2,,3.6046,1836390.5401,1498402.2876
000657.SZ,20251013,9.486,1.07,34.1617,4.668,4450797.9041,2451068.02
603395.SH,20251013,4.3599,0.94,164.9673,6.3847,891280.0,183728.7746
688027.SH,20251013,9.1653,1.47,,12.3026,3956445.5425,3091519.7677
603429.SH,20251013,9.4151,1.32,,4.51,558577.0202,558577.0202
300917.SZ,20251013,6.0871,0.68,59.5547,6.4874,733629.0,733629.0
301266.SZ,20251013,14.6592,3.3,101.7569,2.2059,393585.1201,373388.0131
688399.SH,20251013,4.4261,1.3,,1.9238,571334.1635,571334.1635
603737.SH,20251013,1.408,0.91,62.5689,11.8639,3489876.6473,3489876.6473
601158.SH,20251013,2.6219,1.22,27.4561,1.3355,2270410.3294,2270410.3294
603897.SH,20251013,4.8299,0.96,21.149,2.3416,545403.0692,545403.0692
600539.SH,20251013,3.9655,1.28,,7.57,244030.0,244030.0
001299.SZ,20251013,4.2134,0.99,29.7563,2.5263,295291.1835,79628.3976
002406.SZ,20251013,3.9905,1.11,46.2257,1.3956,554240.8372,457079.5896
300121.SZ,20251013,5.7806,0.73,37.5633,1.9339,677734.7617,653829.4247
003011.SZ,20251013,5.8926,1.04,19.4711,1.5298,213463.404,162346.5445
688334.SH,20251013,11.9907,2.95,25.6086,2.4016,670831.8885,332481.0551
000021.SZ,20251013,30.0422,1.66,48.1452,3.9911,4919694.0263,4918905.1171
688371.SH,20251013,3.0745,1.1,180.2419,4.3484,834655.2217,834655.2217
603360.SH,20251013,9.1775,1.38,72.4642,12.4733,1974601.3366,1974601.3366
603052.SH,20251013,5.0766,0.6,99.5435,5.0931,554296.9819,554296.9819
300748.SZ,20251013,26.7947,1.94,134.7439,9.1109,6418107.3269,5302862.8094
001326.SZ,20251013,11.6326,0.84,88.8142,2.9975,365194.8,120251.5084
001279.SZ,20251013,2.083,0.85,89.4795,6.1292,608000.0,152000.0
002126.SZ,20251013,3.9146,1.14,38.9325,4.8535,3199965.5917,3006218.0252
301479.SZ,20251013,4.488,0.87,47.6628,7.0495,820883.1276,193782.8335
920735.BJ,20251013,2.1703,1.05,22.1157,3.685,430315.0513,380581.5233
600366.SH,20251013,19.3437,2.3,109.25,3.0174,1795833.0773,1737010.6868
600350.SH,20251013,3.4685,2.29,13.1703,1.4904,4293098.8926,4293098.8926
688320.SH,20251013,5.528,0.79,,5.2183,674578.055,495284.8207
688819.SH,20251013,4.4586,0.8,24.8686,1.869,3056282.4,3056282.4
688170.SH,20251013,3.8607,0.69,,3.121,379537.92,379537.92
600601.SH,20251013,6.6231,0.56,155.0757,9.5961,4346396.5161,4241188.2729
603778.SH,20251013,4.1943,1.03,,2.9512,229824.742,224999.9997
603927.SH,20251013,4.8417,1.78,64.4982,5.7265,1761804.8,1761804.8
920111.BJ,20251013,3.7416,1.05,35.2743,4.933,428226.42,101812.26
603107.SH,20251013,2.7824,1.02,30.8169,2.5465,525567.93,339915.0889
000006.SZ,20251013,6.8785,0.67,,3.3239,1772543.4954,1772533.4509
600635.SH,20251013,31.0787,1.92,47.2777,2.359,2099181.0539,1719760.8809
000797.SZ,20251013,3.5797,0.84,,0.8389,428815.9012,428766.284
002251.SZ,20251013,13.0612,1.25,10.3563,1.893,1543313.6215,1235518.9963
605005.SH,20251013,3.9852,1.08,30.06,3.6736,733429.0,733429.0
002842.SZ,20251013,11.2131,1.08,,3.3682,364470.0781,299067.235
301408.SZ,20251013,4.0364,1.47,29.9403,2.4674,504412.61,188105.0131
000838.SZ,20251013,5.8851,1.69,,7.0002,297124.7859,284516.7809
600390.SH,20251013,2.1052,0.95,201.655,0.6327,2685345.079,2685345.079
688617.SH,20251013,1.7115,1.61,57.844,15.6442,4371568.6898,4371568.6898
603369.SH,20251013,0.9615,0.83,15.1576,2.9769,4818882.143,4818882.143
300657.SZ,20251013,5.502,0.76,251.8586,12.7682,1552864.4228,1507996.7981
603409.SH,20251013,3.042,0.94,29.3733,3.0567,441483.09,110371.4871
600992.SH,20251013,1.9301,0.88,,2.4045,340184.92,340184.92
300012.SZ,20251013,4.9652,1.73,24.5592,3.2768,2337448.3892,1988728.0966
601601.SH,20251013,1.4769,0.71,7.0409,1.2374,33594232.3609,23902884.7609
002539.SZ,20251013,3.4285,1.36,14.8433,1.4041,1278979.464,933193.1351
300261.SZ,20251013,2.1563,0.94,,3.4036,683949.7244,664683.0174
920982.BJ,20251013,2.4767,1.48,36.9968,18.3106,3014481.7773,1603798.9359
001332.SZ,20251013,13.8203,1.07,31.275,3.1926,789230.07,337506.75
920639.BJ,20251013,3.4474,1.18,318.8418,2.025,173174.4,100589.8732
002886.SZ,20251013,5.6123,1.0,147.0303,3.2971,590365.5963,468962.3219
300437.SZ,20251013,10.2763,2.39,,1.7215,241821.1487,168426.5519
603356.SH,20251013,4.3913,0.67,,4.2835,174408.72,174408.72
002869.SZ,20251013,5.9807,1.14,109.3947,2.6111,562011.3473,499271.3205
601518.SH,20251013,3.6169,1.23,10.0157,0.9606,523683.2278,523683.2278
300308.SZ,20251013,4.9493,1.05,61.5261,18.7218,41888050.0735,41676262.6709
300425.SZ,20251013,2.93,1.6,50.7052,1.5058,355439.1484,353795.6404
603182.SH,20251013,2.2824,0.91,20.4167,2.1642,232015.5,232015.5
300003.SZ,20251013,2.5458,1.16,133.6476,2.1043,3215846.6346,2763529.9826
002252.SZ,20251013,1.0186,1.24,22.5018,1.3764,4460725.8105,4458377.0193
300946.SZ,20251013,8.3822,0.74,115.4407,7.1468,863191.1574,419425.1919
000812.SZ,20251013,2.6877,1.19,931.9441,1.9398,351292.5246,351049.5633
002612.SZ,20251013,2.9809,1.12,19.6925,2.6114,747290.2384,430254.5544
301548.SZ,20251013,5.6155,0.92,37.1803,2.9938,441264.0,133063.8287
920953.BJ,20251013,17.6351,4.91,72.0216,8.8707,487865.6899,228044.9474
300047.SZ,20251013,4.6192,0.86,364.8579,3.044,1002534.6244,859320.8169
002802.SZ,20251013,2.1225,1.14,43.566,3.6982,233164.2452,232704.9371
300942.SZ,20251013,6.1285,1.49,195.0603,4.9432,409929.4303,409929.4303
000157.SZ,20251013,2.3112,1.07,17.3745,1.2153,6944773.7945,5677545.1425
300305.SZ,20251013,3.1871,1.16,,1.1114,231997.3805,198672.0549
601096.SH,20251013,3.0796,0.77,35.785,2.6054,1171717.9285,719623.725
688501.SH,20251013,3.2111,1.09,19.9572,3.366,353919.874,353919.874
688141.SH,20251013,4.9926,0.99,,13.5941,2493590.4,1472819.8853
300203.SZ,20251013,10.4787,3.22,76.1357,2.8529,843626.688,842932.827
603825.SH,20251013,3.3897,1.37,,10.5074,233069.6278,233069.6278
600668.SH,20251013,2.7424,1.37,7.2469,0.8586,491351.7069,491351.7069
603848.SH,20251013,13.1912,0.66,42.3655,3.3084,809641.9001,809641.9001
300290.SZ,20251013,4.2412,0.65,,19.6556,1535358.1656,1534901.8656
603877.SH,20251013,1.5371,1.26,40.5759,1.5474,669398.2116,666908.3709
300939.SZ,20251013,4.0401,0.92,46.9367,2.9877,410520.0,410520.0
603236.SH,20251013,6.0584,1.13,30.8049,6.1489,2618408.1436,2618408.1436
920033.BJ,20251013,6.5682,1.87,59.9513,3.2093,238389.6353,165604.677
000576.SZ,20251013,5.3737,1.77,171.6923,2.9653,480060.0354,477196.7871
301076.SZ,20251013,10.1877,1.09,144.5155,7.7593,895216.8628,562125.3347
920957.BJ,20251013,4.9934,0.9,299.9984,3.9964,154943.1263,61665.6359
000786.SZ,20251013,1.4834,0.79,12.2375,1.5623,4114944.6276,3956592.2277
301665.SZ,20251013,4.2448,1.03,38.3335,3.9458,1312200.0,104702.7387
301468.SZ,20251013,4.2765,1.44,84.1396,1.5485,353100.0,205677.3501
600467.SH,20251013,3.7959,0.92,85.3797,1.0257,350638.633,350638.633
603336.SH,20251013,4.5584,0.98,438.8125,4.0783,556369.1157,556369.1157
301595.SZ,20251013,8.201,2.54,56.9901,4.811,434960.76,92789.1088
300962.SZ,20251013,3.282,1.42,41.3505,4.6619,454875.2685,454875.2685
001979.SZ,20251013,2.052,0.73,22.488,0.9304,9151444.5388,8543002.2204
688472.SH,20251013,5.8841,0.78,26.8707,2.0047,4672971.3495,1764590.941
603626.SH,20251013,14.311,0.75,,3.4257,734660.7096,734660.7096
688347.SH,20251013,17.0193,1.4,1239.8238,5.3794,23553587.1575,5533983.0
688283.SH,20251013,2.015,0.7,109.245,4.11,391587.0,391587.0
002635.SZ,20251013,4.4038,0.71,62.3151,1.6102,928838.9806,556655.1753
002463.SZ,20251013,3.9196,1.15,43.347,10.6446,13564082.7938,13553133.7842
603959.SH,20251013,9.418,0.73,,37.6604,329480.9226,329480.9226
688361.SH,20251013,8.0676,1.32,1155.3129,17.4559,4405807.7833,3401587.4672
300624.SZ,20251013,11.4162,0.83,,12.9969,1384288.0798,1226029.8266
000839.SZ,20251013,1.5574,1.12,,7.8334,1046593.636,1046593.636
300274.SZ,20251013,7.6521,1.11,21.1978,6.883,29277891.7297,22449876.8388
301356.SZ,20251013,10.0876,0.84,111.4852,1.6862,503064.0,127652.49
600152.SH,20251013,6.2859,0.83,,2.1004,361890.2925,361890.2925
300049.SZ,20251013,4.2492,0.94,202.0006,10.084,1815084.915,1599484.1927
600540.SH,20251013,14.1169,3.27,,5.8144,284874.7104,284874.7104
300741.SZ,20251013,2.2203,1.48,,1.6273,1111047.52,1111041.5668
002686.SZ,20251013,3.6937,0.85,130.7142,2.2812,377681.5017,348662.6495
300810.SZ,20251013,10.8764,1.56,,7.4033,557077.95,537921.2875
920876.BJ,20251013,5.2812,1.12,,7.5579,190103.112,114465.6429
600927.SH,20251013,2.4912,0.8,49.5899,1.6877,2170233.334,2170233.334
601038.SH,20251013,2.4349,1.17,18.2624,1.884,1434895.0162,934387.6362
600313.SH,20251013,8.7835,4.15,128.6139,3.5635,703429.131,703429.131
301081.SZ,20251013,4.443,0.78,67.9506,2.1728,235367.5046,225807.3277
688608.SH,20251013,5.1738,0.78,78.2358,7.1918,4832110.6001,4832110.6001
601519.SH,20251013,6.2645,0.6,,22.9907,3182656.0,3182656.0
002094.SZ,20251013,3.5544,0.72,143.29,3.5315,540281.8833,539934.6753
301535.SZ,20251013,5.4389,0.85,67.915,7.4475,842507.6478,126376.1478
603067.SH,20251013,5.924,1.45,26.6298,4.198,1410859.1498,1410859.1498
601677.SH,20251013,3.815,0.83,11.138,0.9892,1803109.2592,1766109.6092
300379.SZ,20251013,20.9317,1.29,,0.4182,128880.1733,121653.2773
001289.SZ,20251013,6.175,1.01,25.7201,2.0256,15156346.7053,9141026.6393
000685.SZ,20251013,14.5611,1.02,15.6058,1.218,2127110.5681,1808213.4362
002986.SZ,20251013,1.2916,1.12,33.9994,1.0964,430287.1705,338876.9778
301325.SZ,20251013,6.2328,0.77,,3.0843,877745.226,353157.67
300268.SZ,20251013,0.8396,0.72,,,176464.6,135445.6975
600202.SH,20251013,3.5186,1.35,,2.7488,226170.9965,226170.9965
600675.SH,20251013,2.326,0.7,31.968,1.1966,1777563.7873,1777563.7873
603018.SH,20251013,1.4844,1.64,15.9464,1.0149,525839.4339,525839.4339
301187.SZ,20251013,4.7654,1.16,24.8898,4.4853,675573.8413,175712.7842
002795.SZ,20251013,4.9694,0.59,,4.6503,223768.5472,218331.1186
300575.SZ,20251013,4.7579,0.85,,1.5313,312907.0144,224816.5897
300247.SZ,20251013,5.3492,2.25,52.6225,3.1083,345737.3346,345408.3846
603038.SH,20251013,21.152,2.77,234.3379,3.9213,534936.118,534936.118
002030.SZ,20251013,1.3357,0.76,,1.1538,888381.3383,888381.3383
600157.SH,20251013,7.242,1.22,76.3873,0.816,3796290.9612,3796290.9612
001208.SZ,20251013,8.4196,0.62,61.8299,4.1809,692079.08,341100.0824
002772.SZ,20251013,10.3219,0.81,24.0774,1.2391,403465.6343,400278.9748
603212.SH,20251013,4.0979,1.02,,1.9057,495676.8906,495676.8906
920099.BJ,20251013,2.0204,0.66,29.816,2.8607,240295.9939,120602.4782
002394.SZ,20251013,14.8378,1.55,11.1872,0.8854,376463.1,375981.1598
002723.SZ,20251013,18.5488,2.26,,2.586,265215.201,253056.719
300050.SZ,20251013,4.918,1.15,,8.0276,323638.9505,323441.4045
603819.SH,20251013,4.611,1.3,85.6291,3.1174,247341.4924,247341.4924
920656.BJ,20251013,3.8492,0.87,30.6106,2.6581,176400.0,57111.7597
002928.SZ,20251013,2.3225,0.93,25.7153,3.5028,1266737.3761,1266731.0584
688515.SH,20251013,6.4793,1.2,,6.2143,943040.0,587271.0872
000875.SZ,20251013,4.1139,0.72,30.5008,1.2796,2227144.1644,2052236.5883
600521.SH,20251013,4.2285,1.11,38.3191,3.2143,2988513.8782,2988513.8782
300215.SZ,20251013,2.5653,1.42,,2.2972,450205.6064,300422.108
001306.SZ,20251013,7.5232,0.82,126.862,4.3993,599594.724,147870.0
300884.SZ,20251013,4.7061,1.6,,2.6387,333575.7455,251512.5902
688488.SH,20251013,3.6104,1.13,,6.2533,618971.5106,618971.5106
002663.SZ,20251013,3.0963,1.29,,1.5112,358456.5716,268921.5608
600221.SH,20251013,1.7384,1.07,,27.3196,7000932.4707,5325373.6183
002572.SZ,20251013,1.868,0.81,10.7022,1.7607,1204772.0022,814980.9886
002112.SZ,20251013,5.5849,1.34,38.2323,4.4909,387665.0297,345420.8469
600187.SH,20251013,2.0325,1.22,229.0296,1.4436,459927.6144,459927.6144
002759.SZ,20251013,33.3898,0.94,,3.6694,1148667.5481,1147658.3351
000716.SZ,20251013,2.3341,0.92,62.0787,1.8221,462642.5837,453749.2769
603519.SH,20251013,2.517,0.88,20.6597,2.8686,329181.209,329181.209
300925.SZ,20251013,7.6976,0.88,97.1512,5.1722,1115500.6749,909518.986
300153.SZ,20251013,9.0297,0.6,271.8053,12.5308,1122240.0,1116383.7238
688035.SH,20251013,14.4336,1.29,77.086,3.6661,842487.52,842487.52
301025.SZ,20251013,4.6492,1.17,407.3074,6.1228,378692.6924,262184.6
002083.SZ,20251013,8.1929,1.56,12.7215,1.0471,473319.506,473162.756
301311.SZ,20251013,3.6105,0.93,490.4852,2.5338,457680.0,166371.1939
600335.SH,20251013,3.7098,1.21,25.1874,0.7847,898969.0039,898969.0039
301293.SZ,20251013,7.6555,1.42,117.0958,5.4138,1265790.0351,989011.2773
300537.SZ,20251013,23.8104,1.77,,6.5252,588923.6805,407883.4188
300658.SZ,20251013,15.1079,1.2,120.4941,2.2946,304811.9202,206570.8368
002733.SZ,20251013,10.9902,0.74,70.9423,2.9949,818377.7647,785677.6767
688071.SH,20251013,6.1665,0.95,,3.0266,327457.9141,327457.9141
601665.SH,20251013,3.1235,1.68,6.9174,0.7803,3716920.8851,3716920.8851
300523.SZ,20251013,9.1209,1.87,,5.2166,586014.2101,585310.9607
603197.SH,20251013,7.0189,1.38,30.6018,2.713,884337.5769,884337.5769
000977.SZ,20251013,8.844,0.65,41.6124,5.0795,10375608.3399,10364015.43
300795.SZ,20251013,2.749,1.35,32.445,7.8062,421739.2506,244477.1972
600196.SH,20251013,2.1605,0.93,23.6362,1.6486,7674813.8801,6088536.8831
002329.SZ,20251013,2.2575,0.9,,3.1621,296335.8187,231538.4569
600757.SH,20251013,2.3888,0.87,9.4905,1.0729,1042525.5845,1042394.0115
301598.SZ,20251013,11.7004,1.57,36.4294,4.3135,396378.3108,99094.5794
002949.SZ,20251013,7.9182,1.14,29.7967,2.1389,301123.3751,233291.1959
601816.SH,20251013,0.7474,1.0,19.6048,1.2337,24952096.4787,24952096.4787
688329.SH,20251013,4.8349,1.08,,2.0416,155944.0,155944.0
603050.SH,20251013,9.6133,0.77,38.875,4.3126,764693.1899,764693.1899
603311.SH,20251013,2.876,1.06,29.5289,1.9438,264661.7437,264661.7437
603355.SH,20251013,2.5697,1.19,12.0494,2.4218,1271982.8986,1271791.1525
000615.SZ,20251013,4.7083,1.87,,,264753.9625,264587.5996
002420.SZ,20251013,7.0527,0.62,56.7907,5.4839,333556.19,324042.6329
300154.SZ,20251013,4.385,1.3,26.3878,2.166,377626.3688,264672.3668
300719.SZ,20251013,2.9845,1.34,,4.0585,415661.3903,293678.9158
301308.SZ,20251013,16.2692,1.09,,11.3755,7666586.0787,5019011.9523
688549.SH,20251013,10.7995,1.09,,4.96,1503866.968,599926.742
600228.SH,20251013,2.859,0.84,,5.7719,234777.9683,234228.9307
605598.SH,20251013,16.8221,2.38,83.7627,3.9025,717122.66,712525.284
001201.SZ,20251013,3.5209,1.15,85.0353,1.1973,405752.0176,319733.9407
600376.SH,20251013,20.2897,0.83,,2.1322,1676717.4073,1676717.4073
600463.SH,20251013,4.5647,0.88,,3.6132,336300.0,336300.0
002249.SZ,20251013,7.8586,0.49,25.2778,2.766,2632930.8966,1972565.5289
300898.SZ,20251013,5.3928,0.78,33.644,3.4159,324508.0,300260.6811
688726.SH,20251013,4.7794,0.87,24.0214,4.8811,1861257.8599,166742.1784
300690.SZ,20251013,14.8279,0.57,39.2244,4.1419,636593.3382,426508.3092
300851.SZ,20251013,3.477,1.1,63.9101,1.7857,227330.841,141497.7154
601061.SH,20251013,7.7274,1.05,19.8646,2.276,5125400.0,524206.924
301206.SZ,20251013,1.4414,0.94,51.7899,1.3295,572379.4053,368570.9521
688085.SH,20251013,3.0223,1.08,145.336,3.2828,674261.171,634470.6515
603726.SH,20251013,22.7633,0.95,28.8106,3.6731,480836.608,478389.058
920799.BJ,20251013,3.2261,0.76,134.3078,27.807,1110575.5847,639009.9989
603066.SH,20251013,2.8851,0.99,93.9991,2.2669,325657.3419,325657.3419
301302.SZ,20251013,4.1952,1.46,,2.2288,362386.125,323151.75
300397.SZ,20251013,4.2136,1.19,,4.4367,649634.115,508909.287
603297.SH,20251013,16.2788,1.45,59.9612,6.6972,1302951.5415,1300513.2795
600133.SH,20251013,5.4509,0.77,21.7177,1.2294,1074769.794,1074769.794
300011.SZ,20251013,2.3742,0.91,522.4473,3.3465,448037.6104,406819.3152
300872.SZ,20251013,4.244,0.94,291.0086,3.0066,1088021.894,940730.9337
301110.SZ,20251013,11.755,1.02,99.9063,5.2498,750739.1566,530319.0879
301036.SZ,20251013,3.4325,1.06,34.2459,2.0446,338000.0,238065.6863
001219.SZ,20251013,2.529,1.06,26.4906,2.6177,270637.445,263667.6696
603950.SH,20251013,7.4699,1.47,41.1867,4.4221,1231697.04,1229705.84
301088.SZ,20251013,2.7872,1.26,32.2074,1.2602,315413.6,259984.4
688097.SH,20251013,6.129,1.41,32.1656,3.3108,1496270.0128,1490779.3628
000951.SZ,20251013,1.9189,0.95,13.4093,1.3212,2051321.9026,2051321.9026
300529.SZ,20251013,1.4037,1.19,26.3848,5.7748,1734570.6573,1111164.7507
920098.BJ,20251013,2.7943,1.04,29.4339,2.8303,251686.5421,134749.2713
003005.SZ,20251013,10.9245,1.25,140.5675,2.9079,526872.0494,289129.3751
688525.SH,20251013,13.3727,1.13,,11.1216,4799161.4592,3627557.5712
603716.SH,20251013,7.3656,0.63,,5.0589,523112.8687,523112.8687
300549.SZ,20251013,4.8453,1.28,180.9971,4.6826,256412.82,194328.14
002259.SZ,20251013,3.295,0.96,46.6771,12.1013,324253.4831,324253.4831
688108.SH,20251013,6.7429,0.91,977.8986,12.9608,1158693.68,1158693.68
301113.SZ,20251013,10.0503,1.79,212.4941,2.9359,202111.0,122415.892
001333.SZ,20251013,8.1514,1.01,23.1541,1.82,306688.0,105424.0
300999.SZ,20251013,2.0067,1.2,53.498,1.7798,16909944.0008,1692516.2955
300329.SZ,20251013,10.0362,2.13,,5.202,360619.4003,359535.2225
600249.SH,20251013,3.4847,1.04,41.0344,1.508,326150.0,326150.0
300707.SZ,20251013,7.1958,1.82,,2.3465,262516.348,213064.5199
603826.SH,20251013,1.6366,1.1,307.412,6.4866,1242259.2,1242259.2
600397.SH,20251013,3.6758,0.61,,,724650.6336,724650.6336
000428.SZ,20251013,4.7877,0.77,,2.237,322999.542,322999.542
600866.SH,20251013,4.9603,1.23,10.413,1.6307,1325855.1476,1002103.9206
002146.SZ,20251013,5.759,0.74,,0.5809,700054.38,629754.9375
300976.SZ,20251013,4.5702,0.61,33.6637,2.629,903584.4571,578405.6972
600648.SH,20251013,1.4172,1.05,16.5173,0.9976,1506782.7375,1035749.1194
300911.SZ,20251013,10.4217,1.6,,8.1918,993653.8737,928618.9251
000625.SZ,20251013,2.8868,1.18,18.2759,1.6949,12392607.575,10325147.25
301136.SZ,20251013,2.9074,1.21,,2.1463,308779.808,308779.808
002681.SZ,20251013,5.2738,1.03,438.5877,5.1345,1229336.7789,1049886.3343
301234.SZ,20251013,16.2456,2.27,109.4442,4.1759,314296.0,314296.0
000922.SZ,20251013,6.5733,1.05,41.1154,1.9503,878461.2347,742335.8278
688585.SH,20251013,1.99,0.14,575.9454,32.361,4262726.7415,4262726.7415
688226.SH,20251013,6.4585,0.92,288.3009,5.6305,939363.4851,939363.4851
688480.SH,20251013,13.8679,7.57,47.5288,5.0844,543835.8512,364242.4512
920701.BJ,20251013,4.1584,1.27,41.7174,3.2377,262326.4,191596.2429
301533.SZ,20251013,9.8974,1.02,64.4609,3.5359,394308.1737,114059.6037
600528.SH,20251013,2.7724,1.29,12.4075,0.771,1890540.4014,1890540.4014
600903.SH,20251013,3.9896,1.61,,2.6619,807306.6044,807306.6044
301298.SZ,20251013,3.3946,1.39,33.9612,2.6068,240458.4,177238.9579
605056.SH,20251013,8.8177,1.17,29.039,4.3392,702813.4771,696631.2601
001337.SZ,20251013,27.3995,2.47,41.6495,8.3717,1317120.0,904598.016
300284.SZ,20251013,2.609,1.51,68.0605,1.3063,1102448.6467,1045288.6094
603677.SH,20251013,3.6815,0.83,55.1243,3.1777,365749.0426,365749.0426
002567.SZ,20251013,2.5204,1.13,23.7007,1.1889,689297.72,688528.4072
601618.SH,20251013,7.8381,1.12,14.5544,0.8007,8289447.668,7141047.668
002203.SZ,20251013,3.2848,0.97,37.4246,1.8823,2979883.6767,2887803.3766
300398.SZ,20251013,12.7295,1.1,43.6782,3.0946,1499006.4138,1490820.0372
301020.SZ,20251013,3.4573,1.25,37.9065,3.4979,329400.0,329400.0
002331.SZ,20251013,2.4782,0.94,505.4737,2.0467,344599.7167,320634.689
688318.SH,20251013,6.6857,0.75,127.3173,10.9013,3954228.5282,3954228.5282
603869.SH,20251013,0.7884,0.9,274.5057,1.1966,438281.4136,438281.4136
688503.SH,20251013,9.6116,0.6,56.5379,3.5635,1694235.501,1264653.817
002270.SZ,20251013,2.8774,1.36,28.7796,6.4434,1923299.7749,1923258.679
301112.SZ,20251013,5.1226,0.51,170.6367,4.3773,534241.677,534241.677
301109.SZ,20251013,3.4234,1.34,17.3223,1.5456,1157610.9352,327126.2596
002908.SZ,20251013,3.6071,1.41,285.3592,3.9338,436177.841,325374.813
300195.SZ,20251013,4.4039,0.99,125.3578,1.2423,332610.5885,246421.2976
603165.SH,20251013,3.7435,0.78,16.4855,1.7403,371860.1154,371860.1154
300085.SZ,20251013,6.74,0.69,,68.4965,3436392.9217,3170738.5382
688112.SH,20251013,3.8337,1.05,46.7386,3.985,610138.8837,608621.6726
300806.SZ,20251013,7.9725,1.04,274.0952,5.7926,1299612.5421,906574.5631
605399.SH,20251013,2.991,1.34,,1.8359,398419.9345,397547.1505
600388.SH,20251013,1.922,0.7,22.8139,1.8729,1926660.2265,1926660.2265
300364.SZ,20251013,6.5221,0.72,,24.5065,1875887.8039,1700559.2855
301626.SZ,20251013,9.042,1.01,75.9573,9.1283,1392787.2,313377.12
603565.SH,20251013,1.9727,1.03,10.519,2.3682,2261767.9619,2261767.9619
000592.SZ,20251013,9.5151,0.97,,3.6871,701236.4638,695178.559
002076.SZ,20251013,1.7999,0.7,,7.0855,205188.0308,192820.7329
688409.SH,20251013,9.7942,1.59,297.8079,6.0785,2773350.9529,2773350.9529
600061.SH,20251013,3.0119,0.72,16.005,0.957,5032064.7839,5032064.7839
688252.SH,20251013,6.1525,0.78,34.7379,4.9118,1133398.1359,505262.7129
002467.SZ,20251013,3.8923,0.87,161.52,4.4757,856856.6769,851568.7052
300164.SZ,20251013,15.471,0.76,56.207,2.3343,334832.9599,331846.9327
601236.SH,20251013,4.1241,0.82,44.3302,1.7334,4367745.4491,4367745.4491
300487.SZ,20251013,1.7787,1.0,35.8506,7.6259,2967305.3677,1792234.3065
605011.SH,20251013,3.8635,0.95,42.1644,3.6445,866616.6,866616.6
301291.SZ,20251013,6.0317,0.77,21.0673,3.2079,1522287.2,788141.7926
600345.SH,20251013,3.0219,0.68,61.7789,2.5034,870176.0285,558516.5441
000931.SZ,20251013,1.8661,0.65,70.995,2.4438,397651.0465,396543.5929
605580.SH,20251013,8.4031,0.94,51.8619,8.4871,796320.0,796320.0
688084.SH,20251013,7.8382,1.85,,4.616,716491.355,334533.5362
603235.SH,20251013,1.5748,1.14,17.7144,2.5055,1172812.62,393987.6708
603987.SH,20251013,3.5278,1.68,16.8038,1.5203,395295.7464,395295.7464
688708.SH,20251013,4.7348,1.34,70.1122,9.2837,2938073.45,282118.512
603379.SH,20251013,5.1042,1.39,26.5287,5.1242,3686072.4254,3686072.4254
600936.SH,20251013,1.152,1.15,,19.2872,596556.3673,596556.3673
301629.SZ,20251013,18.4926,0.7,148.723,7.2386,841639.1166,210407.7722
003004.SZ,20251013,2.1851,1.12,,2.5052,159303.1017,133755.138
600161.SH,20251013,1.1658,1.07,26.0681,3.3649,3794575.8049,3794575.8049
301212.SZ,20251013,5.5356,1.5,151.2289,2.105,284904.0,247312.5
002142.SZ,20251013,1.3178,1.07,6.2132,0.8201,17552344.3251,17542500.6188
300042.SZ,20251013,11.8706,0.63,,5.561,563324.4,563272.5371
002098.SZ,20251013,3.0965,1.06,15.5957,2.2495,317546.0,317536.0213
002337.SZ,20251013,3.8701,1.12,71.9773,2.6193,341397.135,341037.9886
688450.SH,20251013,3.6668,1.31,,1.8925,183942.0,136369.7829
002295.SZ,20251013,28.1579,0.99,180.5472,2.6085,352616.712,352163.658
600080.SH,20251013,1.7506,0.64,38.0368,1.7439,271367.4972,271367.4972
601908.SH,20251013,6.083,0.92,,1.1395,1004474.7902,1004474.7902
300074.SZ,20251013,4.518,1.37,,2.5572,254153.469,252758.7945
600179.SH,20251013,1.7676,1.17,16.0853,1.38,1557201.9283,1377879.0302
920123.BJ,20251013,4.0207,1.22,41.154,4.9881,195864.24,111739.3654
300937.SZ,20251013,3.1684,1.17,,3.024,251699.0403,165537.6605
603960.SH,20251013,6.3906,0.55,116.723,5.248,580506.1506,580506.1506
601136.SH,20251013,5.13,0.59,61.0607,4.44,6095334.374,1073708.874
603689.SH,20251013,4.783,1.86,13.0886,1.3099,428919.0658,424637.682
002773.SZ,20251013,1.6717,1.15,26.304,3.6466,3231993.9066,2409413.7737
600329.SH,20251013,1.9187,0.94,9.5601,3.808,3345289.8825,2463436.1625
603002.SH,20251013,4.7322,0.81,204.2442,2.4851,853961.1173,853961.1173
920541.BJ,20251013,2.8281,1.35,32.427,5.0331,211748.3,139500.9015
600584.SH,20251013,8.6784,0.71,53.4101,2.8046,7803636.9398,7803636.9398
688606.SH,20251013,1.5209,0.97,17.1398,1.3623,532370.9413,532370.9413
600336.SH,20251013,4.9867,1.35,,2.2819,564994.4565,564994.4565
688621.SH,20251013,3.1577,0.67,42.5707,6.0489,675472.0,675472.0
603150.SH,20251013,7.4206,0.8,25.2876,1.9958,330562.761,330562.761
920547.BJ,20251013,2.704,0.8,37.7815,2.8958,198259.776,96257.3568
601199.SH,20251013,2.8029,1.29,13.256,1.1803,525588.1841,525588.1841
600535.SH,20251013,1.6982,0.78,22.3119,1.9252,2382850.258,2382850.258
920305.BJ,20251013,5.7572,0.59,,2.4506,149585.0213,91643.9888
301275.SZ,20251013,5.9119,1.17,40.5494,5.7334,2237030.4,178962.432
600256.SH,20251013,3.1978,1.21,14.3598,1.4297,3387761.5709,3387761.5709
600030.SH,20251013,2.3518,0.63,17.4128,1.593,43275996.7407,35555528.8441
603057.SH,20251013,3.4193,1.06,31.2696,4.1462,791051.8038,788156.0
000828.SZ,20251013,4.8676,1.37,11.8184,1.252,1235985.7035,1235984.0983
002183.SZ,20251013,5.5097,0.96,138.2959,1.4536,1345250.7091,1345242.9391
002617.SZ,20251013,6.7711,0.78,75.2544,2.7291,1715321.2655,1687176.7557
301089.SZ,20251013,2.4406,0.67,,2.5156,385960.725,277477.7547
300688.SZ,20251013,6.3908,1.01,,12.1434,500129.8384,443354.8325
688682.SH,20251013,6.989,1.94,356.192,4.8194,306738.7517,306738.7517
688167.SH,20251013,7.6174,0.93,,6.59,1413310.5935,1413310.5935
688689.SH,20251013,7.6524,0.83,55.9721,3.028,359639.8359,359639.8359
300644.SZ,20251013,7.4787,0.79,36.8955,3.8868,372425.6777,298159.3644
300222.SZ,20251013,7.8263,1.02,87.3965,6.2621,1070136.6968,871479.8249
920184.BJ,20251013,8.4192,0.72,303.7967,4.8299,296922.0945,196413.4427
600533.SH,20251013,4.3798,1.04,,0.8519,285600.0,285600.0
002736.SZ,20251013,6.1008,1.47,13.9721,1.5522,14594483.8605,13697711.8622
688220.SH,20251013,6.0508,1.04,,7.6608,4268760.5722,3677965.2524
920418.BJ,20251013,3.0844,0.96,29.7824,5.5582,474144.6528,455197.2297
300337.SZ,20251013,5.1017,1.49,430.6084,5.0258,858910.7357,743400.5467
300871.SZ,20251013,5.0714,1.07,28.9426,2.1142,430968.3464,430968.3464
920407.BJ,20251013,8.4277,0.8,88.8709,6.5287,173756.44,70738.4213
300500.SZ,20251013,4.1262,1.2,,2.1057,231734.5255,223240.4761
603125.SH,20251013,6.9178,1.55,41.0646,2.9852,703605.6198,175910.5403
688300.SH,20251013,7.9575,1.07,53.6128,9.4161,1461130.0687,1461130.0687
603072.SH,20251013,20.624,2.74,114.7582,6.8598,1422619.24,355654.81
300664.SZ,20251013,1.6296,0.94,22.0938,0.9366,404597.1376,402451.2526
003006.SZ,20251013,2.6715,1.47,35.823,7.5093,1060370.7457,1057718.0776
300066.SZ,20251013,27.443,3.16,129.6644,3.2986,829946.5431,802716.4577
002691.SZ,20251013,14.4699,0.78,,3.2246,278800.0,275503.8501
600968.SH,20251013,3.0534,1.32,10.4051,1.4574,4025381.2628,4025381.2628
001277.SZ,20251013,2.6617,0.96,28.2827,1.9041,287812.0,171864.7431
300040.SZ,20251013,3.5519,1.08,,1.7147,426127.8868,341054.6729
920445.BJ,20251013,2.8135,1.11,65.8051,5.1081,161182.2374,115473.2817
688310.SH,20251013,7.4744,1.39,,4.0407,323297.2971,323297.2971
000796.SZ,20251013,6.4375,0.64,,11.1953,926989.9934,769183.2162
002948.SZ,20251013,2.2039,1.39,5.9471,0.7026,2787949.9128,1490849.8563
300611.SZ,20251013,17.7793,1.02,44.8211,5.2956,629002.5464,441942.8804
300951.SZ,20251013,5.0909,0.85,29.6244,2.7752,628018.8473,561161.6782
688011.SH,20251013,10.7374,0.87,,3.7696,404200.0,404200.0
688668.SH,20251013,7.7069,0.82,70.9695,6.8121,1252119.5254,1252119.5254
000723.SZ,20251013,3.2375,1.17,,1.6501,2197336.7241,2193728.2705
688037.SH,20251013,5.1348,1.0,223.406,11.6815,3185711.2768,3185711.2768
603590.SH,20251013,3.9057,1.32,146.3864,2.5374,791364.2648,785737.7868
002258.SZ,20251013,3.1836,0.6,25.7456,1.3162,1011752.6562,1010126.0361
688369.SH,20251013,10.3603,1.84,,3.2105,294266.9533,294266.9533
601107.SH,20251013,3.416,1.65,10.85,1.0595,1733920.02,1226273.58
000980.SZ,20251013,12.58,1.52,,228.8646,1996848.9046,1992429.9145
920198.BJ,20251013,2.6968,0.97,127.6734,4.0654,163300.2385,70994.7733
300994.SZ,20251013,5.063,1.03,26.2908,3.2313,404407.68,202412.04
000521.SZ,20251013,2.5725,1.29,10.4545,1.1878,733305.6851,623412.7379
688509.SH,20251013,2.6166,1.26,,2.7277,342650.0,171232.529
300863.SZ,20251013,13.469,1.67,53.371,6.0107,869184.1865,835433.1442
300427.SZ,20251013,3.9134,1.22,,2.4175,299009.9352,295766.8741
300743.SZ,20251013,3.7782,0.98,25.3251,4.5967,272686.6197,229721.8455
002449.SZ,20251013,2.8742,0.99,281.2596,1.4606,558484.8836,558484.8836
002846.SZ,20251013,11.2026,0.71,,5.6081,786648.0802,481394.8938
003033.SZ,20251013,16.544,0.77,34.8323,4.2637,558352.5,551480.6116
002798.SZ,20251013,3.6166,1.25,,1.7326,328029.3145,281982.8243
002627.SZ,20251013,3.5073,0.58,33.1031,1.3683,420993.4006,416639.4964
002384.SZ,20251013,5.1015,0.98,93.647,5.7573,12015345.4099,9094270.5029
003020.SZ,20251013,6.9412,1.38,31.1937,3.0755,540878.1256,391688.5434
603992.SH,20251013,3.6681,1.01,39.8131,3.9961,1267102.5324,1243265.0444
000807.SZ,20251013,2.7718,1.02,15.455,2.3479,7202947.5302,7202872.0229
603135.SH,20251013,5.5371,0.91,164.8706,2.344,696269.1165,279438.8145
600438.SH,20251013,3.0077,1.18,,2.3482,9859357.743,9859357.743
603012.SH,20251013,7.8185,4.42,20.9716,1.0959,413760.0,413760.0
002488.SZ,20251013,5.5459,1.77,342.6086,3.199,1117878.07,1033254.3309
002345.SZ,20251013,2.6559,0.84,42.8611,3.4757,1266130.6075,1235888.5564
300087.SZ,20251013,8.6365,3.27,92.0357,4.6649,877229.2014,829392.7989
688620.SH,20251013,5.2988,1.05,,3.6105,498232.0,295276.8389
688683.SH,20251013,1.7427,0.82,131.906,5.1741,524035.8662,524035.8662
600283.SH,20251013,1.2773,0.98,22.4119,1.7467,528857.8788,513149.6592
600063.SH,20251013,5.3992,0.68,26.9464,1.5767,1336642.7661,1336642.7661
002961.SZ,20251013,4.2658,0.79,19.7903,3.3044,937246.9532,937242.2147
002670.SZ,20251013,21.4392,0.71,124.681,3.6608,4141081.1574,3473970.3568
920146.BJ,20251013,6.8796,1.15,,5.9248,131885.6628,106066.1116
688076.SH,20251013,5.0852,2.35,24.8158,4.0662,1209214.5579,1209214.5579
300519.SZ,20251013,4.7029,1.7,43.6696,3.0442,248000.0,176855.0
300468.SZ,20251013,5.2789,0.62,265.4453,12.1739,1978260.4972,1975072.2743
300123.SZ,20251013,2.727,1.07,,3.9994,611056.8056,598250.4532
920924.BJ,20251013,2.6311,0.8,93.2247,8.2552,258369.972,148847.2933
300188.SZ,20251013,2.8104,0.88,,4.1308,1338206.1717,1332021.4251
603118.SH,20251013,11.177,0.61,,1.9906,998266.4828,998266.4828
300781.SZ,20251013,5.5696,0.71,,9.5837,635851.0918,469274.3146
002999.SZ,20251013,3.4102,1.38,78.2611,1.9502,231148.68,228570.3919
603021.SH,20251013,2.79,1.04,,,137257.722,137257.722
000936.SZ,20251013,6.0862,1.41,32.8386,1.2602,669825.7426,669730.8268
605287.SH,20251013,11.0788,1.42,,2.1522,334460.0,334460.0
002593.SZ,20251013,5.4235,1.07,70.9026,1.7269,413183.0269,287248.4467
688589.SH,20251013,5.5071,0.91,57.227,3.9953,383230.7535,383230.7535
000032.SZ,20251013,4.1549,1.04,90.193,3.8958,2436370.72,2332327.8187
600518.SH,20251013,2.0183,1.08,2889.7015,4.0893,2807266.0281,2805937.4942
603036.SH,20251013,12.0035,1.76,41.7969,3.4059,456303.3454,456303.3454
920018.BJ,20251013,3.5746,0.86,40.3525,4.2759,397013.5806,90882.6284
600178.SH,20251013,5.0171,1.33,378.1298,2.4383,621812.7226,621812.7226
000762.SZ,20251013,6.9678,0.7,,4.447,1305541.2207,1304605.5481
002724.SZ,20251013,4.4944,1.1,,2.1524,584795.4795,433398.3369
300163.SZ,20251013,6.0238,1.15,39.2398,3.0917,169218.0,162003.0146
300205.SZ,20251013,3.9082,1.47,,1.9539,199545.984,199545.984
002828.SZ,20251013,8.4484,1.19,269.5011,3.0776,209630.0668,201885.1399
002362.SZ,20251013,3.9696,0.88,,5.3876,584979.9679,496772.2793
001216.SZ,20251013,6.6242,0.97,17.4269,2.2632,394423.2522,385273.5041
600703.SH,20251013,5.2909,1.1,317.211,2.1927,7772891.1767,7772891.1767
002441.SZ,20251013,3.3346,1.11,29.546,1.1025,499346.4895,365956.1115
002607.SZ,20251013,3.2312,0.97,134.2393,22.1222,1739206.6277,1433687.2606
600598.SH,20251013,12.588,5.58,24.3273,3.3808,2646965.3845,2646965.3845
600281.SH,20251013,12.4158,2.42,,23.6393,339505.3365,339505.3365
600008.SH,20251013,3.4644,1.37,6.8818,1.1938,2437076.1048,2437076.1048
000819.SZ,20251013,15.4492,2.82,,3.4434,724228.8318,716443.3198
002661.SZ,20251013,1.4742,1.14,21.7697,1.3531,312483.202,295068.3643
300107.SZ,20251013,2.7223,1.19,314.336,2.6743,402335.8396,248257.1642
001239.SZ,20251013,4.9863,0.9,39.1824,3.0127,411120.0,195282.0
000001.SZ,20251013,1.4323,1.19,5.0858,0.5027,22122746.7457,22122384.7444
002130.SZ,20251013,10.7755,0.66,37.3421,6.2351,3682683.4967,3345407.8482
603789.SH,20251013,3.4007,0.98,,7.8433,152805.041,146900.0
002078.SZ,20251013,1.5525,1.25,12.7678,1.351,3987801.6148,3963342.9333
002361.SZ,20251013,3.2581,1.05,156.6007,2.7926,616270.6599,524311.6936
600696.SH,20251013,3.3836,0.89,,5.6804,188306.2897,188306.2897
688403.SH,20251013,7.0438,0.67,80.972,4.7463,1588087.9545,1588087.9545
601939.SH,20251013,2.1851,1.4,6.8279,0.6767,227592331.8693,8346482.1172
603727.SH,20251013,1.9012,1.01,76.9406,1.2076,382293.0589,382293.0589
002066.SZ,20251013,7.3397,0.95,88.9465,5.1584,374911.572,368676.0
688313.SH,20251013,5.5144,0.83,115.1666,22.3223,3105174.1559,3105174.1559
688336.SH,20251013,3.482,0.63,41.2109,5.5348,3154242.5454,3154242.5454
301658.SZ,20251013,10.4044,0.69,62.4066,4.384,1369896.9105,136989.6927
002939.SZ,20251013,4.717,0.68,20.8117,1.5177,4667831.9881,4168277.1931
603272.SH,20251013,4.5698,1.2,76.6533,3.5067,195129.641,195129.641
000815.SZ,20251013,2.7812,0.84,,6.48,866993.0046,866993.0046
601128.SH,20251013,1.5816,0.97,5.6537,0.7985,2288395.9786,2288395.9786
000002.SZ,20251013,3.364,1.21,,0.4094,7838476.1224,6383674.5563
300533.SZ,20251013,6.6748,0.78,14.1951,5.3392,856958.5004,603000.3137
002779.SZ,20251013,6.8045,1.14,320.6408,28.9686,2274518.4,2040768.9872
002962.SZ,20251013,3.3946,0.94,85.9289,2.5325,446247.9886,320051.5277
603256.SH,20251013,7.2308,0.93,264.6619,18.8195,2894303.475,2894303.475
600316.SH,20251013,5.2602,1.14,684.6102,5.1483,2747982.81,2747982.81
300502.SZ,20251013,5.1594,0.98,58.58,28.5874,34649876.1907,30864764.7714
601888.SH,20251013,2.3226,0.74,39.2937,2.5513,14082723.5125,13290501.028
002402.SZ,20251013,7.7948,0.43,85.0828,8.8206,4424273.2674,3855099.4412
603065.SH,20251013,2.0453,1.01,126.397,1.731,351094.8253,164812.3553
920089.BJ,20251013,2.8135,0.98,19.8724,2.2724,267737.036,166150.9554
000790.SZ,20251013,2.4557,1.0,,2.4177,235765.9196,235348.3241
300770.SZ,20251013,3.6793,1.0,14.557,2.8592,1056487.5465,1056487.5465
600925.SH,20251013,1.2738,1.33,62.3192,2.176,3327333.3334,775721.467
603229.SH,20251013,2.2119,1.25,42.3809,3.551,831957.7393,831957.7393
600818.SH,20251013,2.3653,0.69,,5.6854,324340.9412,240099.5312
002564.SZ,20251013,5.7429,0.61,,58.9413,769578.4114,769578.4114
002317.SZ,20251013,3.0267,0.77,,3.6083,1421933.688,1274185.9202
688159.SH,20251013,5.5092,0.61,71.6777,6.3447,589320.6453,588178.9053
600889.SH,20251013,8.8147,0.94,,18.6631,626085.3311,626085.3311
000593.SZ,20251013,5.9071,0.67,196.5216,2.871,251041.7063,250938.2183
688183.SH,20251013,5.2584,0.73,79.5572,13.4749,6097249.2128,6097249.2128
920895.BJ,20251013,4.3213,1.13,,6.9079,133679.26,67962.7685
601137.SH,20251013,9.4359,1.29,15.0011,2.4063,2088301.0378,2085861.6778
603898.SH,20251013,3.2539,1.36,51.7018,1.0265,311656.4071,311656.4071
600666.SH,20251013,5.1082,1.54,,10.5895,953411.9308,834814.7626
603909.SH,20251013,2.7143,1.77,26.1619,2.5567,278920.2598,278920.2598
601066.SH,20251013,1.5056,0.7,23.2856,2.5878,20663834.9392,17304467.6372
603061.SH,20251013,12.6197,0.97,74.0004,5.9896,849600.0,592260.8894
605086.SH,20251013,2.5278,0.71,32.6502,3.5985,451046.4,451046.4
688223.SH,20251013,2.8573,0.92,,1.9662,5572897.8916,5572897.8916
601399.SH,20251013,7.4471,1.38,55.7864,1.7552,2568025.8968,2568025.8968
002820.SZ,20251013,4.912,0.93,5556.7119,2.7173,241041.954,241041.954
920167.BJ,20251013,6.2326,1.71,,3.3233,204821.3354,121867.3739
000831.SZ,20251013,17.7812,1.87,535.3283,13.2931,6382181.9333,6382181.9333
603917.SH,20251013,6.5594,1.05,,1.7061,283949.12,283949.12
002788.SZ,20251013,1.623,0.97,10.2835,1.0021,318583.7235,313070.9168
000848.SZ,20251013,1.6384,1.13,14.4095,2.6844,909406.7199,900766.7199
600168.SH,20251013,3.0323,1.72,51.9953,0.9264,497692.1821,497692.1821
601568.SH,20251013,1.4415,1.48,67.7239,1.3887,1580944.4452,1580944.4452
601086.SH,20251013,18.7503,1.89,161.7254,4.8923,759906.0,759906.0
002189.SZ,20251013,5.5795,1.68,,10.4167,621654.2697,621560.612
688613.SH,20251013,6.3582,0.75,,2.4663,352523.0866,352523.0866
300933.SZ,20251013,8.9645,0.72,201.4051,2.436,487216.3811,487216.3811
600510.SH,20251013,4.0723,1.13,67.0045,0.7714,818396.1874,818396.1874
002157.SZ,20251013,1.6372,1.14,50.8664,2.3439,2775048.7767,2146320.8427
301319.SZ,20251013,8.565,0.56,68.6053,4.9265,562944.1655,422946.281
301283.SZ,20251013,3.1524,0.94,33.5406,2.1678,341775.7435,194850.6128
300957.SZ,20251013,1.7618,0.79,72.2495,3.1754,1921449.6,1921449.6
600623.SH,20251013,4.2994,1.35,19.4008,0.8587,1910548.152,1684657.7784
301115.SZ,20251013,2.5159,1.67,127.9143,1.1772,298476.8561,196467.955
002277.SZ,20251013,3.8281,0.69,,1.3542,913183.184,913183.184
002219.SZ,20251013,3.4005,0.97,121.1884,3.7487,751998.7492,726393.7058
600681.SH,20251013,2.6801,1.22,14.8086,1.52,529637.65,529224.4649
000089.SZ,20251013,2.0439,1.52,24.6742,1.2556,1433487.8868,1433468.9397
300479.SZ,20251013,2.5171,0.79,109.7042,7.8431,381471.1146,381253.3146
600319.SH,20251013,3.4536,1.12,,7.06,317921.6949,317921.6949
002891.SZ,20251013,9.5992,2.28,37.9654,6.1165,1725205.5486,1725204.6984
301133.SZ,20251013,12.1513,1.05,48.7217,2.8955,293001.389,264746.3019
300982.SZ,20251013,5.0991,0.67,,1.3485,394889.4986,369955.7546
600081.SH,20251013,3.3829,0.96,76.1427,1.506,693494.8172,693494.8172
603662.SH,20251013,6.6034,0.96,62.7123,7.1887,1984905.507,1984905.507
300716.SZ,20251013,5.3483,1.95,,112.2893,235389.42,235389.42
601016.SH,20251013,3.7405,0.85,19.374,1.2133,2106003.9974,1940363.3511
600769.SH,20251013,11.3374,0.78,266.8883,43.9633,515593.65,515593.65
688015.SH,20251013,2.9385,1.0,40.6113,1.8006,461135.7334,461135.7334
003041.SZ,20251013,6.6346,1.28,13.786,2.304,329472.0,313051.9392
000401.SZ,20251013,1.9145,1.32,,0.4952,1334424.7463,1320939.7211
002474.SZ,20251013,7.6148,3.83,,3.3277,456694.8,389582.2036
600191.SH,20251013,1.7532,0.67,166.8732,2.2953,377277.096,377277.096
300355.SZ,20251013,2.9815,1.01,112.0128,1.5672,673781.674,545356.9624
920299.BJ,20251013,4.6742,1.13,58.0276,5.8029,159583.5278,79837.5372
300238.SZ,20251013,2.1454,1.05,145.2616,7.1046,401976.0427,401943.2683
002162.SZ,20251013,2.828,1.06,,4.7553,389953.2092,389441.5073
300476.SZ,20251013,7.1706,0.92,78.521,20.3445,22288423.7289,22095007.6046
920693.BJ,20251013,6.0353,0.75,301.0209,9.8489,345470.4,173970.72
300416.SZ,20251013,7.0567,1.4,37.7692,3.5128,921488.6245,915319.9205
600250.SH,20251013,4.9786,0.91,124.7387,5.2899,323949.4158,323949.4158
605358.SH,20251013,9.1565,0.73,,3.2427,2266556.4499,2266556.4499
603682.SH,20251013,3.6927,1.01,40.3475,2.877,270270.0,270270.0
605289.SH,20251013,8.7723,0.74,,6.5288,831727.225,826615.125
002554.SZ,20251013,3.3772,1.11,,1.6916,406784.622,406708.5101
301518.SZ,20251013,22.2684,0.99,70.1594,3.6138,519220.0676,197998.1645
300726.SZ,20251013,6.8734,1.21,55.3127,3.3934,1662597.4543,865687.9137
688298.SH,20251013,1.6488,0.95,,0.7961,514281.6,514281.6
603505.SH,20251013,5.0332,0.75,74.9256,9.5417,1615162.4521,1615162.4521
600573.SH,20251013,2.2939,1.4,39.2452,2.1713,286000.0,286000.0
300249.SZ,20251013,6.2121,0.74,,21.8269,691566.1506,586277.2924
603124.SH,20251013,6.9892,0.67,70.3043,7.4284,1290573.7371,258793.3521
301382.SZ,20251013,5.865,0.66,71.0586,5.4478,979587.0873,606810.8285
301515.SZ,20251013,2.5531,1.27,,1.7802,214600.0,135287.1663
000059.SZ,20251013,2.5217,1.28,,0.7833,820514.0215,820514.0215
600830.SH,20251013,2.4624,0.91,74.7691,1.9998,441601.7101,441601.7101
688061.SH,20251013,3.8349,0.8,,1.761,420150.5029,158339.9449
300279.SZ,20251013,4.1093,1.46,56.2065,3.5714,362422.7221,342838.0662
301529.SZ,20251013,8.0384,1.2,52.4394,4.5984,600647.4468,320288.6508
300619.SZ,20251013,19.1429,2.18,,4.3023,655456.7117,547963.065
300562.SZ,20251013,2.8776,1.05,44.4767,3.0924,306021.7832,226998.1854
300958.SZ,20251013,5.8646,1.44,,1.6269,208616.3866,121186.7873
603888.SH,20251013,2.7765,0.92,48.9428,3.7132,1319787.8566,1319787.8566
300802.SZ,20251013,3.7513,0.86,84.2823,4.1097,597684.6166,413063.8485
300455.SZ,20251013,6.0567,1.41,,7.7341,1307055.4115,1290401.456
603598.SH,20251013,3.8754,0.99,,20.4795,432212.0983,431730.5983
002797.SZ,20251013,2.4768,0.73,33.7302,1.9673,3336705.6,3336705.6
301120.SZ,20251013,39.7346,2.61,,4.2735,642221.5841,377993.5702
920371.BJ,20251013,9.71,2.47,50.3478,3.8774,221881.1789,209145.9647
688256.SH,20251013,4.3334,0.92,473.184,78.1603,52800400.1213,52800400.1213
002476.SZ,20251013,11.0544,1.58,57.1412,3.9792,373320.0,373275.6683
300929.SZ,20251013,4.8138,1.3,,1.8057,146139.0493,140182.5757
301563.SZ,20251013,53.9147,,93.1059,8.2456,966974.0702,207182.8935
600182.SH,20251013,1.2945,0.84,36.8264,4.8963,520200.0,260100.0
603187.SH,20251013,2.6573,1.41,15.4493,1.3898,578464.9122,578464.9122
301108.SZ,20251013,7.0064,1.26,148.0147,2.0458,376838.3317,216467.2769
688511.SH,20251013,2.4113,0.84,9184.1309,2.9589,248640.8654,248640.8654
002211.SZ,20251013,2.1696,0.7,,101.7117,151798.9984,151798.9984
301366.SZ,20251013,7.7358,0.74,216.3957,3.8294,813000.4599,296002.8216
688799.SH,20251013,13.7523,3.41,64.9858,4.3284,796981.08,796981.08
002702.SZ,20251013,3.9325,0.92,,2.2577,237865.28,196342.325
300800.SZ,20251013,4.1301,1.75,66.0049,1.3755,275113.958,272351.303
920266.BJ,20251013,2.6519,1.08,,1.3911,124744.007,81250.2821
688393.SH,20251013,3.6987,1.52,,2.0099,247486.5639,247486.5639
603168.SH,20251013,3.4917,0.83,,1.7805,287206.7038,246460.6692
920010.BJ,20251013,7.2912,1.17,79.6001,4.6986,318451.0,235841.2839
002407.SZ,20251013,16.6965,1.04,,3.0082,2478480.6087,2249706.8197
002468.SZ,20251013,2.9741,0.84,25.2318,2.6748,2665126.571,2554395.1408
300168.SZ,20251013,1.6837,1.0,,7.3507,982508.6888,981522.4957
688238.SH,20251013,3.616,0.77,,3.2508,499758.259,493682.189
688607.SH,20251013,4.9969,0.88,244.0325,2.7313,234158.8247,234158.8247
002716.SZ,20251013,17.113,1.13,123.7431,6.3997,2151193.5483,1671141.5051
002287.SZ,20251013,2.7662,0.87,24.3271,3.4239,1496089.1008,1493138.3139
688239.SH,20251013,3.1737,0.56,47.3085,4.4162,829804.5546,829804.5546
688383.SH,20251013,7.0061,1.47,,5.2572,716467.204,716467.204
688093.SH,20251013,5.0826,1.17,28.476,3.8898,1051155.0835,984604.7887
600508.SH,20251013,2.4254,1.23,19.9745,0.7019,897615.756,897615.756
603078.SH,20251013,17.181,1.57,92.6209,4.3622,831819.5439,831819.5439
603556.SH,20251013,7.1089,1.41,17.1495,2.0922,1483105.7185,1483105.7185
002727.SZ,20251013,2.4458,1.27,98.2636,1.1016,804620.0678,545907.2829
002198.SZ,20251013,2.6749,1.84,93.7461,4.5864,328358.8717,328340.044
601866.SH,20251013,3.2411,1.31,19.7122,1.1445,3470983.4807,2564771.7447
688599.SH,20251013,3.5502,0.82,,1.658,3768122.7973,3768122.7973
600714.SH,20251013,6.4261,1.24,59.3112,4.6286,357626.7548,357626.7548
603665.SH,20251013,3.9468,0.97,,5.9515,420177.6367,417717.3799
603121.SH,20251013,5.6206,0.93,231.8691,4.7975,568059.5738,568059.5738
002937.SZ,20251013,4.0413,0.86,34.4823,3.7978,565777.8903,564210.3523
300358.SZ,20251013,5.5553,0.58,,1.2735,543671.1104,530741.8517
600369.SH,20251013,1.1232,0.83,40.1784,1.2243,3143136.6157,3143136.6157
301015.SZ,20251013,3.9374,1.01,27.9445,6.5605,1358212.5245,1358038.1045
300450.SZ,20251013,12.3925,0.72,154.6556,7.1289,8770512.9904,8732720.4328
600359.SH,20251013,6.2932,2.23,,3.9362,266677.4612,266677.4612
601949.SH,20251013,2.2862,1.13,20.4898,1.3333,1271850.6601,1271850.6601
603899.SH,20251013,1.521,0.99,18.7809,2.9071,2479252.2549,2479252.2549
000862.SZ,20251013,4.6444,1.02,44.3088,1.221,538839.4066,368616.6807
300048.SZ,20251013,8.0181,1.96,105.4578,4.1995,769132.2225,767555.5237
002976.SZ,20251013,6.3404,1.11,,3.4908,290932.7715,156584.2163
300030.SZ,20251013,2.8199,1.21,,3.7728,234673.1721,206619.572
300387.SZ,20251013,3.6576,1.25,31.4374,1.8138,266799.6276,266706.9833
603687.SH,20251013,10.5769,0.95,45.2557,1.6415,529680.685,529680.685
002722.SZ,20251013,3.9627,0.92,24.6327,1.2367,333638.946,285362.6505
301297.SZ,20251013,10.709,2.06,278.9064,3.8402,3267006.1672,618981.5192
002111.SZ,20251013,1.6323,1.13,105.0072,1.7647,530944.2585,480286.3224
600229.SH,20251013,1.1712,1.09,,1.3739,436067.1374,436067.1374
920351.BJ,20251013,9.9899,2.4,79.8736,5.1639,236903.3663,94885.8413
688099.SH,20251013,3.1281,0.77,46.5203,6.3755,4448934.8436,4448934.8436
300352.SZ,20251013,2.8715,1.0,,6.4959,845247.4427,744264.1442
600248.SH,20251013,2.266,1.31,6.004,0.5279,1458496.7615,1445238.3215
605066.SH,20251013,3.974,1.15,29.4677,2.1627,380076.8441,378332.1431
301502.SZ,20251013,4.646,0.89,90.9446,3.3288,274057.8835,113241.187
003018.SZ,20251013,2.5213,1.29,23.8086,1.9599,303680.0,114439.3844
301601.SZ,20251013,2.8249,0.98,109.4273,3.589,453048.0,101935.8
002174.SZ,20251013,4.1593,1.06,,2.2722,1102341.1422,1101722.4343
002214.SZ,20251013,3.096,3.36,,5.5159,790994.0742,632304.9493
000697.SZ,20251013,3.9037,1.69,,199.1763,777059.7796,525897.8218
000026.SZ,20251013,2.6312,1.35,43.0119,2.0084,669510.6116,601528.922
603636.SH,20251013,2.9466,1.28,,2.96,677280.7303,677280.7303
920571.BJ,20251013,11.4106,2.61,,4.2653,579289.9735,293682.1649
002640.SZ,20251013,6.5314,0.86,,8.9752,771230.4584,766389.6925
600021.SH,20251013,13.5497,0.98,25.4861,3.2449,6697494.2464,6697494.2464
001226.SZ,20251013,16.576,0.63,148.1217,4.204,304640.136,138420.936
300910.SZ,20251013,5.2448,2.34,20.9433,4.6833,1620541.5823,1136193.7138
000978.SZ,20251013,5.6519,0.66,,2.7091,292581.25,292574.2188
603683.SH,20251013,3.956,0.91,148.9018,6.0701,953951.1653,852458.506
000037.SZ,20251013,3.4337,1.25,139.6707,3.6182,531033.8471,298578.0802
920175.BJ,20251013,14.6791,2.66,,2.1667,156961.0,104564.8593
601606.SH,20251013,34.2106,2.1,,17.099,3760193.8528,3760193.8528
600084.SH,20251013,1.4025,0.94,341.0613,4.6881,606812.4882,606812.4882
300170.SZ,20251013,4.7376,0.69,95.5,3.3343,1814312.3204,1747885.7155
002323.SZ,20251013,4.0695,0.9,,9.9496,366907.9396,366826.0729
920405.BJ,20251013,2.5255,0.53,52.5842,3.7212,299174.58,234822.516
600409.SH,20251013,2.1184,0.99,47.7634,0.8445,1168421.7876,1168421.7876
688260.SH,20251013,16.0046,1.34,,26.5164,445080.0,445080.0
300761.SZ,20251013,4.9974,1.27,17.7062,2.189,1939116.4886,1454485.3571
300385.SZ,20251013,6.0966,1.61,,12.5053,174901.6143,152597.8823
601609.SH,20251013,15.3651,0.9,31.7791,2.73,2264513.2425,2264513.2425
002177.SZ,20251013,6.0732,0.86,483.1726,3.3695,575460.6183,510238.736
605268.SH,20251013,4.7405,0.82,29.3703,2.7453,446302.5,437696.25
002486.SZ,20251013,4.1787,1.26,87.8924,2.1383,224205.0032,223166.99
300589.SZ,20251013,6.6903,1.56,,6.0614,490590.7268,300857.3813
301331.SZ,20251013,3.9736,1.28,54.9932,2.9408,318450.3903,317843.5536
600550.SH,20251013,6.0842,1.11,107.7183,23.6747,1603971.3061,1603971.3061
300270.SZ,20251013,17.5846,0.73,,5.7161,324608.062,279717.2259
000798.SZ,20251013,3.7305,1.43,,6.4747,289760.0999,289742.2799
301282.SZ,20251013,5.4169,0.87,43.744,2.3884,406566.5139,214167.6264
300662.SZ,20251013,3.5212,0.89,21.9729,2.5716,540036.6491,538602.1764
001308.SZ,20251013,3.8302,1.15,19.5485,1.9773,1581085.5275,1115732.2629
600718.SH,20251013,3.5746,0.68,623.5086,1.4086,1311562.1398,1311562.1398
300749.SZ,20251013,4.9766,1.58,,3.4579,183216.2742,140554.2708
002228.SZ,20251013,2.8007,1.18,33.6698,1.3308,406484.1857,405122.7725
000635.SZ,20251013,2.9896,1.49,,2.0313,331072.2433,254593.5857
300530.SZ,20251013,6.0293,0.63,,60.0351,558669.9491,514146.1697
688115.SH,20251013,2.6537,1.19,,2.7822,348217.41,348217.41
600814.SH,20251013,2.1601,1.05,27.1973,1.5249,547633.5555,543471.6503
601212.SH,20251013,23.0229,2.19,,2.686,4139268.9516,4139268.9516
603070.SH,20251013,3.7037,1.47,51.5509,2.5489,544959.0,537371.578
603211.SH,20251013,4.7954,1.11,93.6882,4.0839,492244.288,492244.288
300317.SZ,20251013,4.5886,0.68,,2.2131,350339.5069,349801.4569
002923.SZ,20251013,3.2965,0.91,,4.0224,428663.4061,330348.5862
603810.SH,20251013,10.3517,0.98,187.4319,1.7339,263831.3861,263831.3861
300118.SZ,20251013,3.8572,0.96,,1.0924,1177634.3205,957411.3406
300840.SZ,20251013,3.8307,0.81,160.0791,3.684,465120.0,343190.9916
603518.SH,20251013,3.7716,1.14,12.386,0.9283,337198.9792,335729.5054
600691.SH,20251013,3.5613,0.59,,1.9171,719922.5315,719802.5435
001269.SZ,20251013,4.1989,1.09,,5.6451,500462.2959,500462.2959
000789.SZ,20251013,2.533,1.16,90.798,0.7384,476052.2268,476052.2268
600435.SH,20251013,6.3617,1.23,93.1745,8.0021,2324422.2687,2324422.2687
003008.SZ,20251013,4.0097,1.77,25.4552,2.1399,221520.0,165816.9323
688198.SH,20251013,1.3345,1.14,78.0351,11.6438,1424453.4434,1424453.4434
002184.SZ,20251013,18.4692,1.25,,4.6783,537012.1726,366806.9151
601126.SH,20251013,19.6277,2.24,25.3183,4.335,1944847.512,1912750.8108
601988.SH,20251013,2.472,1.29,7.0747,0.6352,167550454.1433,109598067.7199
688125.SH,20251013,8.8607,1.87,,2.4372,454815.7595,125766.518
002306.SZ,20251013,4.9186,2.24,,,153078.2,143249.8165
920834.BJ,20251013,11.8533,0.75,48.1073,6.6342,187440.0078,98088.0377
600236.SH,20251013,3.3294,1.43,27.596,3.3806,5612252.995,5612252.995
920832.BJ,20251013,9.0205,5.14,198.2982,1.6293,121973.4373,107695.153
688667.SH,20251013,3.5331,1.12,64.8961,1.9901,334695.1437,334695.1437
920978.BJ,20251013,4.8317,0.9,42.8938,9.8207,695676.8812,390281.5588
000656.SZ,20251013,0.7898,0.87,,,1435601.0203,1027370.2171
002931.SZ,20251013,8.0893,2.28,180.5156,3.6799,347424.311,318972.3995
600868.SH,20251013,16.2396,9.49,,2.9685,575139.0497,575139.0497
600391.SH,20251013,11.385,1.48,152.5471,5.5985,971900.8564,971900.8564
605168.SH,20251013,3.7524,1.08,46.2908,2.3736,636034.8468,636034.8468
300065.SZ,20251013,6.2758,0.91,465.6486,7.9462,1388392.9073,1263816.4175
920971.BJ,20251013,8.7948,0.82,158.3139,9.5552,416989.1919,340068.7183
002202.SZ,20251013,9.7964,1.16,37.0124,1.9734,7258666.2175,5764434.9135
600698.SH,20251013,20.8914,3.19,2879.4478,15.5389,1196874.2598,929986.7035
600052.SH,20251013,4.7732,0.79,,1.6297,444046.4338,444046.4338
002836.SZ,20251013,6.9427,0.57,35.0578,6.6266,230400.0,230400.0
300673.SZ,20251013,6.5279,0.91,27.9186,2.4665,456106.0132,296919.8962
603009.SH,20251013,5.085,0.95,192.6234,10.1555,1705494.8344,1704904.3909
600662.SH,20251013,1.8594,1.14,10.958,2.4719,1212536.6335,1205412.8257
002562.SZ,20251013,23.0474,1.35,93.5023,2.6764,853087.8339,562626.084
601577.SH,20251013,1.2807,1.15,4.5497,0.5364,3655592.3624,3654801.4151
301035.SZ,20251013,2.4325,1.38,28.2682,3.3349,2328995.2293,2325459.9003
300459.SZ,20251013,3.1548,0.98,,7.9716,1652431.1413,1544980.9234
600125.SH,20251013,2.8372,1.0,16.9571,1.071,808118.04,808118.04
002535.SZ,20251013,4.3767,1.09,64.479,4.6503,319871.5465,297789.0555
002242.SZ,20251013,2.2645,1.49,102.3705,2.1784,713420.895,712194.8295
603217.SH,20251013,6.4217,1.25,23.5311,1.4717,487965.422,487965.422
600308.SH,20251013,2.0916,1.43,,0.6049,555174.4844,555174.4844
605188.SH,20251013,21.4328,1.1,2504.7802,7.3611,867573.1295,867573.1295
920005.BJ,20251013,5.3691,1.47,53.6555,5.7093,373085.0,85405.0
002180.SZ,20251013,3.0758,0.86,,3.49,3381228.0789,3246197.8148
300833.SZ,20251013,8.7403,2.59,28.4082,2.1215,501408.342,322096.6831
600218.SH,20251013,2.903,0.87,46.0249,1.2443,402929.9251,402929.9251
601106.SH,20251013,2.4924,1.01,,4.0083,2125912.7074,2125912.7074
002598.SZ,20251013,4.9013,1.13,80.3879,3.0311,363846.8463,328163.3122
688197.SH,20251013,1.9182,0.67,,8.59,605287.726,260499.8697
688478.SH,20251013,5.4105,0.67,473.492,3.4832,534784.961,399677.5861
600785.SH,20251013,5.3373,0.85,21.8328,1.2716,289710.5635,289710.5635
603123.SH,20251013,4.2358,0.84,,5.004,968867.5746,791210.7261
301130.SZ,20251013,3.4093,1.6,55.9987,2.5061,228260.14,174304.7948
920344.BJ,20251013,1.5293,0.73,528.4603,5.1967,319264.01,297642.8463
002832.SZ,20251013,1.7751,1.02,12.4792,1.7175,893156.5865,609439.6145
300578.SZ,20251013,3.4574,1.08,183.6002,3.1306,371557.4928,371456.9995
002495.SZ,20251013,3.8094,1.17,95.2043,2.2543,247005.1584,185004.2058
688776.SH,20251013,21.909,1.86,,6.2978,1159160.6662,1159160.6662
603023.SH,20251013,4.7437,1.41,3623.0589,2.9874,229944.3717,229944.3717
002327.SZ,20251013,1.2285,1.03,13.7892,1.6958,593477.8416,345324.0066
688305.SH,20251013,7.4215,1.55,69.5749,4.8842,908018.4241,903284.5313
605499.SH,20251013,1.1985,0.86,38.8418,20.743,15423585.58,15423585.58
600630.SH,20251013,11.4127,1.08,196.992,5.2418,399369.9012,399369.9012
688646.SH,20251013,2.8779,0.84,1409.3265,1.9533,294908.9222,182794.4778
001872.SZ,20251013,2.4191,1.33,11.1686,0.8207,5133211.9566,3580658.5643
000877.SZ,20251013,6.6737,1.08,24.9342,0.5768,4721366.4848,4721365.4888
600807.SH,20251013,2.2291,0.69,,40.5382,272467.4971,242401.6869
600664.SH,20251013,1.7887,1.18,16.631,1.6162,906663.5554,906663.5554
603085.SH,20251013,3.7146,0.97,,4.764,405836.2,405836.2
601328.SH,20251013,1.0146,1.29,6.296,0.5306,59380462.9979,17520679.3904
002978.SZ,20251013,5.1543,1.08,18.6765,1.9109,1595326.058,1250566.058
600559.SH,20251013,1.5328,0.82,19.2377,2.9775,1545923.1804,1537070.9604
688098.SH,20251013,2.6908,1.0,,3.0752,429533.624,429533.624
300432.SZ,20251013,11.1687,0.56,75.3962,7.4681,3313515.349,3276296.9292
301221.SZ,20251013,6.9231,1.34,56.9261,2.4585,490342.4562,332056.5096
002246.SZ,20251013,9.2192,0.79,280.6657,4.2275,1228190.8342,1228190.8342
000952.SZ,20251013,1.8525,1.11,,2.2104,218105.9632,216373.506
603215.SH,20251013,19.1803,0.88,34.3345,3.6464,430024.9119,428378.5334
300420.SZ,20251013,3.7228,0.95,,1.9247,451018.9586,450983.9318
300639.SZ,20251013,1.9441,1.41,,0.929,362040.3774,355692.0478
688382.SH,20251013,3.2161,1.05,,9.4619,1625737.6082,1173967.1922
301258.SZ,20251013,3.7869,1.03,51.0502,1.5898,305444.44,296922.85
688100.SH,20251013,3.5665,0.91,27.6817,5.7514,1837919.1842,1837919.1842
600596.SH,20251013,2.6606,1.27,,1.1794,1465662.3952,1465662.3952
300961.SZ,20251013,6.6715,1.1,,3.9168,290561.92,250060.1534
603296.SH,20251013,3.2912,0.83,27.9678,4.1775,9855866.6897,5542144.5974
002959.SZ,20251013,3.7431,1.36,23.5349,2.7884,780785.5686,754254.4761
688435.SH,20251013,5.5858,1.58,,2.6215,289411.0,163534.8084
001270.SZ,20251013,4.9773,2.01,190.5185,6.762,948746.8893,936708.4793
002159.SZ,20251013,3.1218,0.97,19.472,1.8658,259391.8385,202585.3597
688127.SH,20251013,4.9381,1.21,46.4629,6.8537,1276507.1384,1276507.1384
603192.SH,20251013,31.6983,4.89,26.3393,2.2053,344888.4966,337376.0008
603893.SH,20251013,4.7866,0.64,91.3563,21.6966,8617054.7916,8614639.0956
688257.SH,20251013,4.3324,1.54,31.1871,2.5586,572462.4871,572462.4871
300340.SZ,20251013,10.8659,1.65,,,393975.7252,390507.3945
000880.SZ,20251013,7.8051,0.73,61.1223,6.7632,1433292.9156,701512.812
605286.SH,20251013,4.3434,1.11,28.8888,3.3521,691824.0,691824.0
603291.SH,20251013,3.6989,1.27,43.4524,2.5533,446074.5166,136960.0032
000779.SZ,20251013,2.2235,1.35,17.7759,1.0722,421135.4835,421085.9163
301024.SZ,20251013,5.9477,1.04,,6.3833,262351.71,248426.46
300063.SZ,20251013,4.8347,0.83,63.1132,3.8497,653850.4033,540089.9299
002864.SZ,20251013,4.0232,1.28,25.8676,1.8887,312359.7414,218046.5496
300055.SZ,20251013,6.121,1.76,154.4974,1.0636,549744.4911,415684.6516
603983.SH,20251013,2.7802,1.03,43.3539,4.5193,1520993.0,1520993.0
688517.SH,20251013,3.7801,1.53,25.6299,2.6935,211067.3693,211067.3693
300494.SZ,20251013,5.2712,0.93,,4.539,663660.1328,538964.936
300010.SZ,20251013,4.7763,0.6,92.0841,9.02,1583025.2968,1274112.7578
688286.SH,20251013,5.5424,0.76,221.1279,5.2448,555307.8314,555307.8314
603179.SH,20251013,6.8223,0.99,38.0597,6.2778,3760864.634,3760864.634
002414.SZ,20251013,3.6399,0.95,,8.2693,5393939.7044,4292447.5004
002021.SZ,20251013,6.591,0.48,270.1699,5.753,364620.5835,364608.5568
002755.SZ,20251013,4.4371,0.53,73.703,5.7459,1803415.562,1803398.5122
300278.SZ,20251013,2.6466,1.06,1215.4047,4.426,781828.5794,779385.849
688069.SH,20251013,1.9439,1.65,,2.1024,250521.0,250521.0
688695.SH,20251013,7.3721,3.04,90.4351,3.2883,260257.2167,156883.7336
688601.SH,20251013,5.3027,0.93,89.177,4.654,572071.0633,572071.0633
603315.SH,20251013,3.6064,0.95,53.8045,2.5715,438983.9817,429804.9817
688299.SH,20251013,5.073,0.64,,2.8865,600076.3627,600076.3627
300975.SZ,20251013,7.817,0.86,74.646,3.9774,888298.246,636250.7627
300941.SZ,20251013,3.4412,1.12,112.7764,3.8141,483619.5,251052.4898
000028.SZ,20251013,1.659,1.09,24.7882,0.7721,1400317.7337,1202783.1394
603712.SH,20251013,2.6695,0.81,,4.0129,1711524.0,1711524.0
301004.SZ,20251013,2.5829,1.47,11.9563,4.5406,861191.3199,801849.8915
688079.SH,20251013,6.6305,1.23,,4.2897,572436.2684,557484.5162
601686.SH,20251013,2.629,0.85,15.4102,1.4283,926735.8857,926735.8857
688268.SH,20251013,22.2084,1.99,55.754,5.162,928513.3803,927888.2223
600742.SH,20251013,3.7184,1.49,14.5966,0.8724,746030.1115,746030.1115
002860.SZ,20251013,4.7404,0.84,27.9167,2.1801,483093.909,469570.0212
300642.SZ,20251013,5.8579,0.71,123.0558,2.5359,377292.5712,319617.8681
688591.SH,20251013,8.2082,0.85,82.6517,5.8392,1417497.94,991759.1521
000751.SZ,20251013,8.3338,0.99,124.1017,1.8007,651099.1298,568177.1179
600399.SH,20251013,2.4816,1.15,,1.7606,1062961.9,1062961.9
600015.SH,20251013,2.9109,1.01,3.9421,0.3442,10519767.7173,10170955.0528
920274.BJ,20251013,5.6128,0.73,243.5548,5.5214,267586.6689,267586.6689
688289.SH,20251013,2.1627,0.66,43.576,1.7273,1227143.7967,1227143.7967
002580.SZ,20251013,4.6515,0.82,28.2742,2.7055,621346.6514,619251.8172
300823.SZ,20251013,5.7619,1.77,68.1174,2.1999,203809.1232,131932.3469
600586.SH,20251013,2.129,1.13,,1.2674,705834.1746,705834.1746
301592.SZ,20251013,3.1419,0.67,136.4868,10.6615,931700.0,232925.0
300545.SZ,20251013,8.1922,1.48,27.6886,2.7277,564915.3513,364176.516
920593.BJ,20251013,4.4281,1.12,168.8215,10.0786,704178.7436,598442.8557
603980.SH,20251013,5.0942,0.94,50.6028,0.9631,372935.1814,372935.1814
605258.SH,20251013,5.3235,0.73,41.8284,2.4374,287144.0,287144.0
002342.SZ,20251013,9.5701,1.76,,3.067,746880.0,742748.82
000830.SZ,20251013,3.227,1.2,16.5639,1.4316,2685089.8055,2684878.1899
003030.SZ,20251013,3.1308,1.07,,2.3331,227848.28,144958.5621
000156.SZ,20251013,2.4338,1.95,26.3713,0.9677,1437875.575,1319103.6806
688657.SH,20251013,13.486,3.12,56.6179,2.7512,382341.3848,239535.9471
300098.SZ,20251013,4.2503,1.18,,3.7192,995749.2436,883419.0983
002181.SZ,20251013,8.2171,0.59,49.707,2.135,906786.4339,886060.2614
000927.SZ,20251013,3.5358,1.28,32.0046,1.6973,1609394.0685,1609393.2545
603657.SH,20251013,6.264,0.73,274.4753,5.1122,485197.0895,485197.0895
603612.SH,20251013,4.9917,0.77,16.6349,2.3207,1271162.5794,1271162.5794
603779.SH,20251013,2.6576,1.19,,4.1266,230133.3485,230133.3485
300576.SZ,20251013,16.5578,1.98,125.7217,9.0353,1499176.1046,952020.614
002752.SZ,20251013,6.9861,4.14,16.4638,1.6044,554889.6898,554804.4898
002745.SZ,20251013,4.1912,1.04,51.4052,1.0246,1362464.7543,977372.5946
603997.SH,20251013,2.3168,0.79,,3.2536,1629395.9828,1629395.9828
603871.SH,20251013,3.4165,1.04,18.1113,3.3817,1952148.355,1952148.355
300363.SZ,20251013,7.0158,1.22,,2.4052,1273114.1897,1168035.7522
600620.SH,20251013,3.086,0.83,87.0916,2.9139,422306.4245,422306.4245
600056.SH,20251013,3.5064,0.81,32.9842,1.4224,1663418.2798,1662830.8435
002431.SZ,20251013,4.4025,1.17,,3.1246,433263.0873,433263.0873
301246.SZ,20251013,28.1545,12.99,718.7516,1.6342,707612.0292,283115.6248
603699.SH,20251013,2.7643,0.84,25.7191,7.9296,3354150.4993,3264033.7872
002293.SZ,20251013,1.418,1.42,14.5497,1.7255,668942.1698,662939.6713
600098.SH,20251013,3.783,1.17,10.8823,0.8908,2415845.4321,2415540.9719
688693.SH,20251013,14.7256,1.53,,3.4584,297978.9493,157329.4502
300654.SZ,20251013,2.9658,0.93,93.3352,4.2842,355873.3561,342398.211
300288.SZ,20251013,2.0653,0.92,,4.3002,468386.7832,355605.1759
002437.SZ,20251013,1.9949,0.87,29.207,3.4543,707423.7637,660285.4347
002783.SZ,20251013,4.6608,1.65,26.6819,1.9579,506848.0117,447033.7765
002732.SZ,20251013,2.2441,1.29,32.1276,1.7608,261673.05,260257.5227
301526.SZ,20251013,4.9977,1.0,,2.8084,2304006.4873,858084.076
000998.SZ,20251013,3.1061,3.16,,2.3582,1451814.6843,1299269.9394
300135.SZ,20251013,5.4422,1.2,720.6944,4.2749,405504.0,405504.0
600410.SH,20251013,15.5205,1.39,52.28,4.7384,2148033.084,2148033.084
600654.SH,20251013,2.4681,1.13,,5.5531,938006.3529,755089.1176
601566.SH,20251013,3.1236,1.08,16.5977,1.2659,498785.0462,498785.0462
688023.SH,20251013,4.926,1.19,,2.3393,549418.8287,549418.8287
603496.SH,20251013,7.6694,0.64,,6.988,959026.6828,959026.6828
300177.SZ,20251013,2.374,0.8,9802.7126,4.7071,721099.825,587507.8502
603966.SH,20251013,4.6618,1.08,22.23,2.2853,450133.1309,449028.2915
002739.SZ,20251013,3.5308,0.79,,3.1111,2335627.251,2306512.8064
300572.SZ,20251013,5.3842,0.82,,3.856,685592.5031,549689.7204
002125.SZ,20251013,11.4704,0.84,33.0992,3.1449,949887.9049,949887.9049
003017.SZ,20251013,6.2178,1.21,34.4863,2.6433,285600.0,235579.1592
600748.SH,20251013,4.2399,0.72,,0.8687,894613.0026,894613.0026
000965.SZ,20251013,10.6657,1.7,37.0008,0.8643,479446.9466,479446.9466
688082.SH,20251013,7.251,0.7,67.0522,7.4366,9426048.76,8566024.2025
600633.SH,20251013,3.9699,0.74,23.8006,1.7575,1765159.665,1765159.665
920015.BJ,20251013,33.0715,0.67,35.2942,4.339,692533.3351,164476.6702
002462.SZ,20251013,2.1273,0.64,39.6994,0.9029,395846.5618,395525.3586
603659.SH,20251013,6.1671,0.63,42.3238,3.0802,5875097.459,5875097.459
300499.SZ,20251013,16.0631,0.92,,7.0821,973437.6706,865506.1952
688026.SH,20251013,3.6641,1.05,30.1093,2.4312,266551.8912,266466.7742
301181.SZ,20251013,18.0207,2.01,32.3904,2.7975,392492.6853,306345.6145
920679.BJ,20251013,5.5962,0.99,103.1252,2.6096,128455.0,60212.275
300943.SZ,20251013,4.3015,1.04,62.986,3.5126,342825.24,225960.3627
688179.SH,20251013,3.236,0.61,53.6211,4.3546,428730.2967,428730.2967
003038.SZ,20251013,4.0799,1.19,76.7118,1.3508,407946.7106,277043.5047
301301.SZ,20251013,1.7936,0.86,22.1395,3.1032,2410721.885,667822.7279
300858.SZ,20251013,3.4893,1.35,48.4931,2.4919,446360.7299,328237.1934
688292.SH,20251013,3.0449,0.88,813.4534,3.6386,373223.384,237654.118
002605.SZ,20251013,3.0234,1.0,21.8775,3.1531,1117153.3458,902058.7947
603912.SH,20251013,4.7229,1.01,687.7584,2.777,493617.3232,493617.3232
688276.SH,20251013,1.6313,1.25,427.9782,2.1987,895155.0421,895155.0421
002901.SZ,20251013,5.8828,0.95,52.7791,7.7716,2442715.0854,1702255.0082
002544.SZ,20251013,5.3519,0.91,,4.6534,1721750.7417,1721586.6864
300887.SZ,20251013,3.4101,1.31,,1.5264,440955.6681,292655.3538
600076.SH,20251013,3.3092,0.94,,0.9807,379161.2295,379161.2295
300277.SZ,20251013,4.7685,0.64,588.4125,9.8454,479405.1,478864.5886
603330.SH,20251013,3.7762,0.99,,2.1428,327101.2786,327101.2786
002204.SZ,20251013,6.811,0.83,23.6408,1.6753,1266978.741,1266978.741
601375.SH,20251013,2.0515,0.86,69.7444,1.4944,2126441.1926,1578964.0226
301575.SZ,20251013,12.0817,0.91,35.9535,3.5951,480411.81,91631.7376
300366.SZ,20251013,4.8695,0.76,,2.2708,391886.6168,342174.1061
601390.SH,20251013,2.9191,1.0,5.6514,0.463,14374526.1819,11895892.4637
603225.SH,20251013,4.2433,0.92,20.4456,1.4201,2463680.3855,2443023.0575
300551.SZ,20251013,5.1951,0.73,,9.8363,429159.3028,427909.9468
000890.SZ,20251013,20.1758,1.08,,920.5679,201361.9046,201355.7021
920433.BJ,20251013,3.2614,1.28,,3.8172,168395.1501,111435.8677
003015.SZ,20251013,4.6303,0.64,59.9016,4.5933,479218.6672,421819.8849
301235.SZ,20251013,9.7423,1.67,38.288,2.0759,368570.151,248761.5934
002547.SZ,20251013,7.566,0.96,,,594486.1275,582233.3765
601965.SH,20251013,3.2921,1.89,19.1367,2.4207,1751333.8327,1735518.006
603729.SH,20251013,3.0504,0.98,887.5205,4.3534,154941.08,154941.08
600519.SH,20251013,0.8451,1.01,19.7611,7.6391,177722188.9128,177722188.9128
300296.SZ,20251013,6.9424,1.4,,2.4574,1960759.5315,1644235.9358
000995.SZ,20251013,3.2219,0.45,92.9181,16.5232,245355.264,245355.264
002357.SZ,20251013,8.4028,1.52,20.4928,1.8992,319131.8386,319120.3861
603701.SH,20251013,2.7556,1.17,128.6075,6.4929,520371.5449,520371.5449
300864.SZ,20251013,3.2743,1.34,20.2115,2.4758,317730.3297,317730.3297
600403.SH,20251013,28.767,1.89,,2.2204,1075865.5809,1075865.5809
601966.SH,20251013,2.8553,1.27,13.2995,0.9777,2236232.0996,2236232.0996
601567.SH,20251013,3.2766,0.82,15.6245,3.0048,3654949.6494,3654949.6494
605336.SH,20251013,4.3109,1.21,117.5706,1.4717,275118.675,275118.675
002445.SZ,20251013,4.5261,0.97,56.6569,2.744,615541.3505,612892.672
002397.SZ,20251013,4.1421,1.57,89.4898,2.2336,269949.1009,233878.2159
603444.SH,20251013,3.4979,0.63,35.4232,7.8769,3796566.0227,3796566.0227
688496.SH,20251013,4.0351,1.02,,4.0686,404100.0,213675.1488
300280.SZ,20251013,24.3053,2.58,,0.0437,5348.1696,5295.6476
000035.SZ,20251013,5.5253,0.85,114.9052,1.392,1510473.0419,1465202.9272
600197.SH,20251013,1.5629,1.07,28.4997,1.8577,714020.648,714020.648
603580.SH,20251013,2.8697,1.27,,4.5047,187777.3884,187777.3884
600516.SH,20251013,3.6961,1.36,323.4281,1.3723,2214283.7024,2214283.7024
300083.SZ,20251013,6.1317,1.22,51.8789,3.0564,1619911.2991,1452723.2632
300854.SZ,20251013,10.1705,0.55,324.921,2.048,201538.4625,163820.5223
300436.SZ,20251013,20.8024,1.35,,56.7077,1660039.941,1425030.6734
603557.SH,20251013,2.5995,0.49,,11.9099,146507.6687,146507.6687
600560.SH,20251013,3.1187,1.29,66.7165,3.9241,372593.403,372593.403
301180.SZ,20251013,5.9263,1.07,,4.535,593214.83,243416.657
603861.SH,20251013,6.1728,1.08,28.6431,1.5367,586472.8312,573516.3286
920471.BJ,20251013,2.3133,0.67,,2.3147,121472.0,77424.6862
000903.SZ,20251013,2.4679,1.26,,3.7285,549529.0404,545354.308
601222.SH,20251013,2.6778,1.37,26.277,0.8105,1256703.1852,1256703.1852
301596.SZ,20251013,7.9519,1.3,64.134,7.9269,650503.479,263999.0476
920896.BJ,20251013,6.2061,0.78,42.2864,5.1376,211862.3343,92932.9883
600426.SH,20251013,1.2915,1.01,17.3927,1.7668,5647765.1947,5637754.4283
002942.SZ,20251013,9.7549,1.99,38.6526,2.5441,309689.7069,272633.8717
002040.SZ,20251013,31.1512,1.6,34.5825,1.6701,554307.775,552028.0047
688185.SH,20251013,3.0787,1.03,,3.799,1862802.8397,864056.3045
300006.SZ,20251013,2.1621,0.78,,2.4215,448762.2621,448723.8817
300694.SZ,20251013,4.0625,1.25,84.7259,1.8448,254504.6668,254504.6668
002822.SZ,20251013,2.5076,1.02,,2.5883,357521.0878,300427.386
688165.SH,20251013,4.7328,0.92,,8.0072,1229313.68,1229313.68
600791.SH,20251013,3.1974,1.13,,4.5823,217382.4,217110.5741
301446.SZ,20251013,11.9314,0.74,38.4312,2.7336,317200.0,96904.6
000544.SZ,20251013,3.1762,1.22,8.1735,0.962,843102.0821,843102.0821
000681.SZ,20251013,23.6393,1.74,155.8374,4.8589,1746539.5479,1685523.702
600210.SH,20251013,2.9338,0.97,12.0075,1.8024,1113284.34,1113284.34
920363.BJ,20251013,2.9869,1.03,,5.1985,181068.65,98434.1349
600137.SH,20251013,4.5943,1.28,70.9043,3.3686,179755.3202,179755.3202
300250.SZ,20251013,42.8262,0.95,,10.9797,573700.8437,422566.446
600909.SH,20251013,1.9246,0.89,16.5488,1.3116,2989497.7572,2989497.7572
688610.SH,20251013,5.8971,0.94,141.0292,3.401,506464.0,304865.7665
300406.SZ,20251013,1.9415,1.45,16.9679,2.0938,776272.6235,561927.3864
603017.SH,20251013,6.8626,0.7,74.7631,1.9042,280885.528,280885.528
300194.SZ,20251013,1.5179,1.03,29.3922,1.1756,518714.5986,422198.0782
300350.SZ,20251013,6.1379,0.83,,3.9789,366432.0059,307460.6519
000639.SZ,20251013,2.6386,1.01,,1.1536,333543.2814,333542.8725
300152.SZ,20251013,3.4547,0.85,,6.2642,147549.6,147512.014
600302.SH,20251013,9.7394,2.93,,3.9766,250165.0883,250165.0883
300448.SZ,20251013,4.5151,0.79,,3.7625,464767.2333,319141.6758
002383.SZ,20251013,3.1913,1.24,,3.9078,655959.2302,655959.2302
603681.SH,20251013,5.3489,1.09,29.6448,1.2751,321673.6295,321673.6295
300426.SZ,20251013,1.9251,0.76,,9.9073,422008.693,374800.0
688045.SH,20251013,6.7132,0.86,,2.2879,314200.3477,169590.1154
920946.BJ,20251013,1.8741,0.9,38.3879,3.8959,468329.419,468185.4377
300787.SZ,20251013,4.856,0.98,35.9707,2.8806,433791.2056,264286.9681
002296.SZ,20251013,3.6423,1.42,14.5981,1.8231,432823.8466,385978.5583
688484.SH,20251013,3.5418,1.13,94.8503,5.3225,2128514.555,1466077.225
300892.SZ,20251013,12.4332,1.57,95.3317,3.3345,351900.0,227195.4375
603321.SH,20251013,3.8024,1.19,50.2313,1.9152,273305.7342,236869.245
600303.SH,20251013,5.9578,0.63,,2.2237,266605.6423,263485.6423
301525.SZ,20251013,5.1955,0.54,51.5626,2.8465,919445.4262,481612.2696
000410.SZ,20251013,3.9528,1.5,139.8186,6.9868,1792817.6712,1277496.1174
300234.SZ,20251013,2.9762,1.12,99.5798,2.4034,275234.5862,188160.9131
600697.SH,20251013,5.7953,0.92,,0.8951,205064.5287,200279.6833
603400.SH,20251013,5.5808,1.03,37.2872,4.9364,604200.0,118408.8442
300599.SZ,20251013,3.8212,0.87,,1.3796,275403.175,163290.1844
300179.SZ,20251013,30.0888,2.32,51.8921,4.7153,559766.9722,432690.3118
000554.SZ,20251013,3.967,1.11,21.0173,2.9813,325497.0763,245516.2144
002038.SZ,20251013,1.785,0.95,421.1578,1.2912,732500.55,607414.3034
000158.SZ,20251013,4.5506,1.18,,6.8957,3640050.2737,3615721.7241
002122.SZ,20251013,3.7555,0.96,,3.4393,738553.7122,733652.8435
300223.SZ,20251013,11.0423,0.81,115.7994,3.466,4305710.8713,3752749.7684
301207.SZ,20251013,1.5993,1.07,51.6606,1.7548,1038575.52,1037920.0032
301183.SZ,20251013,7.4111,0.71,84.8351,7.7293,696160.0,510171.9452
600177.SH,20251013,1.4615,1.27,13.1238,0.8123,3435217.3332,3435217.3332
002160.SZ,20251013,4.501,1.01,76.9313,1.235,458554.8381,352327.4523
301439.SZ,20251013,4.517,0.76,30.9778,1.9974,581707.2045,273954.1514
002817.SZ,20251013,3.9054,1.5,40.9118,2.3976,225520.0202,218689.6284
603876.SH,20251013,6.4888,0.66,34.2348,1.4493,1045425.6146,1045425.6146
002629.SZ,20251013,7.8577,0.83,162.8865,73.055,328521.558,274437.7838
603611.SH,20251013,4.0285,1.38,13.1061,2.0434,612574.681,612574.681
688053.SH,20251013,4.7293,1.12,,1.7759,286200.0,286200.0
688557.SH,20251013,5.0481,1.2,32.5946,3.1992,379606.6291,379606.6291
002545.SZ,20251013,3.5175,0.75,21.4694,1.8347,1679483.8121,1525721.0058
688629.SH,20251013,6.8102,0.82,272.9731,25.553,4118509.9522,1624049.7419
002992.SZ,20251013,2.6073,0.86,,13.9689,1002916.5811,876329.0386
000422.SZ,20251013,5.1947,0.67,31.8514,2.9743,1629517.7514,1583531.3664
300466.SZ,20251013,4.4658,0.89,,7.2743,519999.5407,435854.8693
600173.SH,20251013,22.1332,0.79,381.2049,1.6749,642364.2257,642281.6957
601229.SH,20251013,1.9892,2.69,5.6366,0.5522,13427504.6059,13427504.6059
603275.SH,20251013,6.1825,0.99,37.1298,2.5895,744305.5706,207804.4229
300838.SZ,20251013,5.6059,1.45,685.7274,2.0772,203931.484,150393.7053
600323.SH,20251013,1.5319,1.3,13.2288,1.6736,2306617.076,2306617.076
002088.SZ,20251013,2.2237,0.6,17.9549,2.4469,628062.0453,619088.6467
600103.SH,20251013,10.8929,0.55,90.7226,1.9687,777566.8812,767678.1793
920663.BJ,20251013,2.6452,0.88,35.1929,7.3272,273649.093,129625.553
600192.SH,20251013,4.9627,1.06,,4.0271,427612.064,427612.064
300815.SZ,20251013,5.9811,0.98,18.3758,2.429,1045108.224,1023587.1312
600363.SH,20251013,9.9307,2.51,114.0657,7.167,3146936.7686,3146936.7686
600743.SH,20251013,1.9104,0.8,,7.5797,490335.0827,490335.0827
688339.SH,20251013,6.116,0.65,,2.8463,682447.0306,576788.8526
002561.SZ,20251013,3.9881,1.19,458.2342,1.6313,357140.417,356003.5881
002590.SZ,20251013,7.6536,1.21,36.182,2.5615,751068.9342,716202.5837
688275.SH,20251013,12.9544,0.88,,1.5386,817625.9956,548440.8923
000513.SZ,20251013,2.1868,1.35,15.89,2.5224,3450047.2409,2229321.7313
603136.SH,20251013,3.537,0.9,29.0288,2.3298,310105.4631,310105.4631
688117.SH,20251013,5.7727,1.24,55.8405,6.5896,654410.8965,654410.8965
600938.SH,20251013,2.147,1.16,9.7934,1.651,125098838.8859,7869680.0
300496.SZ,20251013,6.5914,0.84,71.6483,3.3089,3307017.2419,2645156.5582
600085.SH,20251013,1.3172,0.96,32.2541,3.4839,4679456.5339,4679456.5339
002953.SZ,20251013,9.5967,1.31,33.2302,3.2074,614058.6131,365080.8417
920839.BJ,20251013,13.793,2.12,43.6394,9.3976,558879.92,309684.006
002138.SZ,20251013,6.0115,1.65,30.1237,4.6131,2861623.8383,2684849.0995
002840.SZ,20251013,2.2882,0.79,32.1703,2.1341,863027.4213,675321.1518
300370.SZ,20251013,2.7481,0.94,,8.68,460220.6102,389505.0839
600088.SH,20251013,2.1792,1.04,78.5623,4.9922,646272.9,646272.9
300380.SZ,20251013,5.0894,0.79,287.9207,16.9956,655508.9018,603075.8461
002409.SZ,20251013,12.0013,1.18,45.6977,5.2224,3997792.4952,2675591.0748
301538.SZ,20251013,9.8812,1.01,35.9853,5.146,684432.0,272547.7278
600558.SH,20251013,5.5696,1.5,26.7871,2.1081,490092.2377,490092.2377
002208.SZ,20251013,16.2588,0.55,,1.2557,813734.6886,813524.48
002254.SZ,20251013,2.1142,1.14,,1.214,859784.8225,821274.775
601068.SH,20251013,7.2392,1.22,89.9323,5.2035,1508857.3148,1292593.2868
301057.SZ,20251013,4.41,0.95,72.9542,3.6426,274410.3015,193749.0152
300120.SZ,20251013,12.9038,2.06,,1.9696,592200.1408,543797.8591
301082.SZ,20251013,20.0529,1.15,,4.4914,455107.7489,420764.5686
603307.SH,20251013,2.6235,0.91,23.2313,1.9806,272186.77,68170.0
920729.BJ,20251013,2.1768,1.06,57.099,3.8964,253122.1,71139.988
688028.SH,20251013,10.17,1.08,77.485,3.5853,686214.154,686214.154
002319.SZ,20251013,6.0434,1.57,,14.2655,255137.5172,243600.0
603032.SH,20251013,9.2526,0.98,,4.5147,505792.7969,501782.1446
600549.SH,20251013,10.6137,1.76,31.3928,3.3073,5285073.2148,5173039.5614
600917.SH,20251013,1.9911,2.64,27.375,1.6318,930379.697,930379.697
000683.SZ,20251013,1.9468,1.01,17.4483,1.6504,2346524.3469,2093947.959
600874.SH,20251013,3.8147,1.9,11.1989,0.9738,961095.868,753015.868
688372.SH,20251013,6.145,0.73,57.2727,4.595,1251125.6436,867367.4772
300825.SZ,20251013,2.3302,0.85,,2.4841,545354.3267,530429.169
600067.SH,20251013,3.0081,1.08,,0.7732,430025.6404,430025.6404
002039.SZ,20251013,9.5492,3.72,35.993,1.9204,763618.813,763616.6698
920273.BJ,20251013,7.3808,1.25,41.2442,6.2102,389226.6712,255587.5779
301186.SZ,20251013,4.1714,1.19,32.4305,2.2571,345277.9402,324226.2771
688721.SH,20251013,14.245,1.57,94.4274,6.1637,732381.0,192034.5992
920579.BJ,20251013,3.2569,0.92,,6.3858,327066.48,112594.9849
300409.SZ,20251013,15.1887,1.43,50.8114,2.6903,2160571.6082,1898846.3912
000930.SZ,20251013,2.5267,1.64,157.9017,1.049,1119434.7648,1119377.8922
002346.SZ,20251013,4.6697,0.66,21.6599,3.0875,804108.8325,716244.876
600351.SH,20251013,2.0941,1.05,19.5271,1.6553,463400.0305,463400.0305
300723.SZ,20251013,8.7361,1.53,,15.3988,2792364.6794,2582018.5686
002178.SZ,20251013,2.8858,1.08,,10.8234,470020.9807,469776.8843
003035.SZ,20251013,2.8487,1.31,,2.7029,1848484.8481,1848484.8481
600803.SH,20251013,1.1479,1.07,13.1146,2.4788,5732709.1606,5694356.4091
605055.SH,20251013,14.47,0.64,,3.9266,431200.0,431200.0
603338.SH,20251013,7.8706,2.5,13.5168,2.3728,2509460.0883,2509460.0883
605111.SH,20251013,14.1098,2.09,34.9044,3.7911,1577848.422,1577848.422
301029.SZ,20251013,3.3175,0.8,40.9084,4.6149,1895631.9062,1380561.6185
688611.SH,20251013,2.601,0.79,101.6897,6.7474,598219.44,598219.44
003022.SZ,20251013,4.249,0.9,114.4678,3.9805,2911538.24,2909061.3785
603257.SH,20251013,24.8976,1.58,53.928,3.7259,904920.0,187770.9
600261.SH,20251013,3.8522,0.81,21.2236,1.3973,480619.0678,480619.0678
688182.SH,20251013,6.1541,0.77,141.0131,4.8353,1065200.0,1065200.0
000629.SZ,20251013,4.7114,0.87,,2.3627,2909325.6241,2907854.7366
300433.SZ,20251013,4.8594,0.93,40.9044,3.0268,15974522.3076,15016188.508
000813.SZ,20251013,4.6585,0.79,,1.7992,866104.588,865962.103
603004.SH,20251013,5.5131,0.98,31.5123,2.7594,561244.16,140311.04
600722.SH,20251013,4.4914,0.63,84.1173,3.6411,446289.7075,446289.7075
000600.SZ,20251013,9.1543,1.58,13.635,1.3403,1492671.9852,899291.9727
600322.SH,20251013,13.4599,2.0,,,290799.1,290799.1
600448.SH,20251013,6.7189,1.01,,1.8499,216657.9637,216657.9637
688253.SH,20251013,1.572,0.77,25.3103,2.0704,419308.9913,212239.9448
603377.SH,20251013,4.5038,1.41,,3.1558,254502.4541,254502.4541
002487.SZ,20251013,8.8148,1.11,39.1756,4.27,3316296.6148,3280785.3832
300263.SZ,20251013,12.0624,2.85,68.8075,2.3796,943925.7474,889682.5812
603421.SH,20251013,13.6061,0.86,,1.8172,530230.8854,530230.8854
688006.SH,20251013,6.3115,0.64,59.6043,3.8467,2056107.3497,2056107.3497
603258.SH,20251013,2.6848,1.02,,2.2429,492179.6669,486599.1322
300146.SZ,20251013,1.9047,1.03,39.5153,1.7749,1969112.0641,1304632.9191
920505.BJ,20251013,54.16,3.75,195.0215,13.7891,455111.9937,254520.7721
601801.SH,20251013,3.3753,1.65,15.8199,1.065,1272655.3041,1272655.3041
920221.BJ,20251013,3.5543,1.0,38.8919,5.453,214674.0,114265.0798
300879.SZ,20251013,3.7328,0.74,36.5961,4.674,688560.8299,683898.7801
603190.SH,20251013,3.9628,1.37,42.7465,1.2695,271080.0,91533.5053
688711.SH,20251013,8.6051,1.46,,5.7767,599400.0345,599400.0345
920833.BJ,20251013,3.2805,0.86,55.3391,2.7707,167437.88,126994.9028
601991.SH,20251013,4.4298,1.27,11.1153,1.9935,6643909.0709,4450195.9891
002129.SZ,20251013,4.6631,0.59,,1.3666,3646890.4272,3644115.8933
300645.SZ,20251013,4.0833,0.76,1348.8189,2.4819,249396.6179,244507.0633
600572.SH,20251013,1.6795,1.29,18.7087,1.7019,1110969.3632,1108002.9479
300386.SZ,20251013,3.0237,0.92,,4.908,722798.076,433559.982
600233.SH,20251013,1.3108,0.92,15.713,1.8973,6057895.5274,6057895.5274
603319.SH,20251013,7.9442,1.04,74.0468,5.2904,1297247.5184,1297247.5184
603110.SH,20251013,9.6743,0.79,428.1265,5.5132,382330.7908,382330.7908
600667.SH,20251013,10.2001,0.97,29.621,2.1017,1796634.7309,1796634.7309
300625.SZ,20251013,2.3512,1.23,,1.6893,333521.214,193394.2767
688448.SH,20251013,7.8548,1.07,58.3667,2.7564,278225.8809,186276.4409
688595.SH,20251013,6.0465,0.96,,7.759,540060.9088,540060.9088
600618.SH,20251013,9.0418,2.26,14.8337,1.44,1282447.5734,831572.5334
688778.SH,20251013,7.2576,0.83,71.9296,4.6131,4041566.1927,4041566.1927
605169.SH,20251013,39.781,3.85,25.9,2.4592,474389.76,474389.76
688366.SH,20251013,0.8956,1.07,29.9951,2.1179,1188489.3955,991604.9791
000670.SZ,20251013,5.6841,0.61,,232.4643,725318.807,705565.6934
301608.SZ,20251013,3.9682,0.71,41.3337,3.9038,797261.41,357796.9269
000800.SZ,20251013,1.4328,1.32,209.9702,1.3159,3439975.4015,3439681.6174
002672.SZ,20251013,3.4575,1.49,,1.6056,533838.5524,437172.1399
300628.SZ,20251013,2.4122,1.28,17.9262,5.6824,4531096.3828,2595818.6948
603324.SH,20251013,8.1165,0.95,43.4849,2.4797,416751.7748,416751.7748
002975.SZ,20251013,5.5991,1.07,381.253,4.2023,928152.0135,612923.4942
301456.SZ,20251013,9.4578,0.51,70.5619,2.1611,468795.3604,188518.2119
605378.SH,20251013,11.6549,0.81,61.211,5.7508,704851.2408,704851.2408
920304.BJ,20251013,2.3671,1.44,34.2114,4.3058,214220.16,104054.0873
603090.SH,20251013,12.9451,0.43,78.433,8.494,505200.0,505200.0
600217.SH,20251013,1.2232,0.8,,2.3076,711133.4257,711133.4257
002490.SZ,20251013,11.0038,0.92,,9.5836,483496.1304,328283.532
300383.SZ,20251013,3.6058,0.69,113.9594,2.0515,2608307.221,2602447.0441
688047.SH,20251013,6.218,1.07,,22.9045,6079561.0,6079561.0
605003.SH,20251013,10.7663,1.75,40.7249,1.9198,272800.0,272800.0
002550.SZ,20251013,2.6864,1.04,26.6767,4.3818,1150540.2,846174.9218
600834.SH,20251013,6.9309,3.31,84.6737,2.4664,422960.3678,422960.3678
920665.BJ,20251013,2.2127,1.15,37.6001,2.4336,173276.67,85407.5334
688676.SH,20251013,10.1562,1.49,42.7424,5.8652,2636863.3275,2636863.3275
300613.SZ,20251013,5.0265,0.81,66.4864,4.347,1167178.4534,1100889.2228
601022.SH,20251013,14.1396,1.61,20.2301,2.2563,1324336.934,251616.934
600883.SH,20251013,3.2989,1.5,41.1496,1.9823,192411.72,192411.72
001390.SZ,20251013,4.2963,1.04,29.1714,3.1855,495800.0,121468.1417
600368.SH,20251013,1.8947,0.9,10.2966,0.9761,680883.5819,680883.5819
003023.SZ,20251013,6.7652,0.89,26.0186,1.4902,232804.936,232275.6719
603160.SH,20251013,3.3646,0.82,53.1066,4.1584,3808172.0062,3808172.0062
301217.SZ,20251013,7.2861,0.55,,4.533,2441450.7771,2441450.7771
300419.SZ,20251013,4.4099,1.14,,5.811,255588.8702,255588.8702
301073.SZ,20251013,6.0914,0.61,232.2832,4.3165,410486.1581,376136.9245
300338.SZ,20251013,1.5994,0.82,,,159036.7533,137997.6906
002222.SZ,20251013,10.3639,1.74,103.5507,14.8193,2457996.75,2447029.0091
002240.SZ,20251013,8.9345,1.41,,1.6891,1817773.6298,1720427.7207
603880.SH,20251013,4.6087,1.16,,6.5988,175737.536,175737.536
603055.SH,20251013,2.38,1.19,12.6395,1.5687,792360.4977,789324.6187
600285.SH,20251013,1.4917,1.01,16.3572,4.1816,1282248.1138,1279421.8638
603595.SH,20251013,6.6061,0.59,143.8387,3.4899,530200.9456,530200.9456
002062.SZ,20251013,7.8764,0.86,51.0526,2.4584,1219949.0966,1108948.3067
600854.SH,20251013,3.3332,1.36,20.4913,1.1145,270637.8983,270637.8983
688308.SH,20251013,7.1595,1.17,,1.5827,399971.1225,399971.1225
300218.SZ,20251013,4.7183,0.8,20.3264,2.702,396435.249,395136.9718
000560.SZ,20251013,5.7015,0.85,86.5584,0.7591,713716.7579,683549.3561
000626.SZ,20251013,2.3947,1.07,,1.4374,337413.4914,335475.203
603042.SH,20251013,4.36,0.64,,2.7694,242972.4279,242972.4279
688377.SH,20251013,2.6022,1.01,88.5555,3.9682,722798.571,722798.571
002017.SZ,20251013,6.8726,0.89,69.8415,7.6712,1333832.5269,1333037.3568
000525.SZ,20251013,3.0612,0.95,53.8434,3.1943,852803.963,650482.6704
300351.SZ,20251013,8.5038,0.91,66.6639,2.899,717571.5417,484486.8874
001331.SZ,20251013,15.6018,0.8,,2.6748,401909.76,239054.9669
301555.SZ,20251013,8.0332,1.35,62.0769,2.5844,283627.8358,148619.4465
688327.SH,20251013,3.81,0.75,,16.952,1690756.9906,1356842.0131
688619.SH,20251013,7.166,1.18,,3.5805,302634.8845,302634.8845
300139.SZ,20251013,36.6652,1.31,118.6507,7.7425,820904.0,700043.0381
600171.SH,20251013,6.214,0.91,65.345,5.8872,2603875.2919,2603875.2919
300182.SZ,20251013,3.5638,0.63,121.0924,1.9425,1619605.9843,1373412.4507
603956.SH,20251013,6.4986,0.96,,1.966,387536.2745,387536.2745
601579.SH,20251013,8.2327,1.85,50.8373,2.802,1013106.1832,1013106.1832
600476.SH,20251013,4.1853,1.52,190.5476,20.4565,282516.78,282516.78
688287.SH,20251013,1.1416,1.23,,2.278,178959.0348,178959.0348
300492.SZ,20251013,2.656,0.84,94.3861,32.5182,1362016.3267,1362016.3267
600352.SH,20251013,1.053,1.27,16.1249,0.9803,3315145.1653,3315145.1653
001222.SZ,20251013,6.9026,1.06,27.5512,3.306,453363.75,255098.5125
688230.SH,20251013,7.579,0.75,81.7012,4.0306,895641.6,895641.6
600706.SH,20251013,10.215,0.75,61.6146,3.9903,257610.3829,256570.4869
301016.SZ,20251013,11.4857,1.21,72.0964,5.0037,491400.0,466087.8555
600661.SH,20251013,2.3228,1.36,,49.423,286548.83,286548.83
000558.SZ,20251013,6.1992,0.67,,6.2254,666528.7816,666249.9423
603466.SH,20251013,2.896,0.72,349.8572,2.671,553150.8414,553150.8414
300294.SZ,20251013,1.4849,1.27,40.786,1.6544,1249528.3728,1249528.3728
300334.SZ,20251013,3.4218,1.31,215.7109,3.6815,212654.0106,212628.9517
002595.SZ,20251013,1.3469,1.36,20.1342,4.192,4526400.0,4495645.1545
688285.SH,20251013,2.9931,1.13,63.2938,1.9864,331135.1234,331135.1234
688518.SH,20251013,5.7892,1.39,50.4855,2.758,869696.3421,869696.3421
600973.SH,20251013,6.6644,1.28,,2.2067,781678.7614,781678.7614
600645.SH,20251013,2.6557,1.25,158.0842,3.1585,1153026.065,1152585.6866
600180.SH,20251013,8.2501,2.47,,0.6407,506368.3982,506368.3982
689009.SH,20251013,2.6639,1.18,26.9435,7.884,4661591.1518,3587292.9599
002469.SZ,20251013,2.6063,1.08,19.6681,2.2686,587220.6802,569149.8945
600999.SH,20251013,3.192,0.63,13.7228,1.2977,14853667.7846,12676785.0046
002936.SZ,20251013,2.3248,1.28,9.5718,0.4018,1827510.363,1346827.2364
300430.SZ,20251013,4.0019,1.27,85.1589,2.4059,546366.6388,519968.2722
301062.SZ,20251013,2.9323,1.18,814.3645,2.4856,374352.0439,269853.6365
300463.SZ,20251013,1.3721,1.18,,1.1063,691133.9512,562127.5829
601177.SH,20251013,4.3798,1.24,28.8024,2.6585,730275.25,716107.4
600671.SH,20251013,9.0934,1.46,50.2679,35.3097,221150.4552,221044.4879
603985.SH,20251013,6.5836,0.66,,2.4456,781641.2393,781641.2393
000403.SZ,20251013,1.3451,0.86,23.5228,1.9466,1538693.3679,1523009.7037
300620.SZ,20251013,9.4946,0.74,293.29,12.9478,2595962.9178,2574367.8623
601880.SH,20251013,2.5036,0.97,25.3433,1.0561,4172202.7967,3259110.0649
920670.BJ,20251013,3.6858,0.62,,6.3259,150248.096,94307.5157
300836.SZ,20251013,9.3299,0.75,151.4066,9.6858,519039.416,353975.0872
300348.SZ,20251013,2.8625,0.95,,5.6864,1197480.0039,1046020.4703
002210.SZ,20251013,11.4452,0.58,,20.4891,1032558.3163,1030627.5895
300381.SZ,20251013,1.8601,1.18,1011.7497,1.2936,334412.8549,333241.0671
002748.SZ,20251013,14.8623,0.91,38.7238,1.7386,238800.0,238800.0
300918.SZ,20251013,6.5301,0.88,58.4588,2.8581,1074017.2541,922445.8264
002395.SZ,20251013,4.6784,1.07,8.8082,3.3658,489749.634,489708.5143
300843.SZ,20251013,15.3164,0.9,64.4876,5.5085,862069.8086,827237.0933
920608.BJ,20251013,2.3909,0.66,40.8163,3.0748,143152.0,94068.9604
301630.SZ,20251013,8.3416,0.67,58.2448,4.7932,783000.0,195750.0
301500.SZ,20251013,8.2547,0.61,49.3951,2.1719,1007664.5493,251260.4169
920278.BJ,20251013,3.1027,1.53,66.7628,4.6585,170835.5,72492.992
688416.SH,20251013,10.7493,0.78,,3.4654,447735.9008,352211.6313
002218.SZ,20251013,3.3092,1.11,,1.2353,507274.3771,499870.9714
603178.SH,20251013,7.0865,0.55,,3.7419,461239.5798,461239.5798
300598.SZ,20251013,18.5707,3.55,,7.9934,1193833.539,1193499.2045
920493.BJ,20251013,3.7635,0.89,653.6953,20.1927,843574.4738,583443.2813
600731.SH,20251013,3.0392,1.0,13.3101,1.2819,409558.1909,409001.2934
600577.SH,20251013,9.9185,0.88,41.2293,4.0889,2387741.9064,2387741.9064
603600.SH,20251013,3.283,1.12,12.0192,1.6222,363476.487,330041.8374
688798.SH,20251013,4.131,0.87,62.3129,4.9347,1993482.9664,1160740.4452
301273.SZ,20251013,5.8815,1.42,,2.1062,196728.3608,95092.0358
920260.BJ,20251013,2.0769,1.04,33.647,3.1126,131612.05,125779.0611
601003.SH,20251013,5.2178,1.01,,1.5853,1386471.1212,1386471.1212
601001.SH,20251013,6.4634,1.52,11.1099,1.363,2497160.4,2497160.4
300832.SZ,20251013,0.9719,0.99,29.6292,6.0477,5026243.0676,4362737.1311
002771.SZ,20251013,2.2656,0.97,,5.2413,331217.5139,275558.6402
600400.SH,20251013,10.8395,0.56,,2.6017,634710.003,634710.003
688213.SH,20251013,2.6166,0.69,70.8717,9.8223,4534380.2984,3645231.5765
301393.SZ,20251013,2.6239,0.89,38.2159,2.3753,550800.0,214734.3525
920427.BJ,20251013,6.0243,1.11,113.8191,4.6957,153199.17,75221.5637
600594.SH,20251013,1.8551,1.2,,1.3242,327066.0162,327066.0162
600111.SH,20251013,16.974,1.74,110.4107,8.9705,20869775.1059,20869775.1059
603993.SH,20251013,5.8342,1.04,21.9729,5.1014,36883790.7434,30102491.9114
301037.SZ,20251013,7.8228,1.2,,3.2472,206601.0854,101044.7085
688410.SH,20251013,3.047,1.11,61.6836,2.8771,494504.7792,360977.9473
600060.SH,20251013,2.6827,0.76,12.8808,1.6061,3178912.4107,3167211.0044
300621.SZ,20251013,5.382,1.33,216.0082,2.1752,189955.7671,184908.9889
603156.SH,20251013,6.0234,0.94,27.4225,4.6757,3938367.3938,3938367.3938
601598.SH,20251013,2.4954,0.54,11.8558,1.1877,4646934.4421,3358530.8831
300275.SZ,20251013,2.5236,0.95,73.9203,4.1405,385199.9203,339447.3144
300919.SZ,20251013,3.7854,0.68,33.2269,2.2095,4437812.6348,4317404.3607
300165.SZ,20251013,1.771,0.91,,1.7387,220502.7176,187137.9322
002868.SZ,20251013,1.8923,1.01,,,412939.8789,409288.579
002527.SZ,20251013,7.4875,1.04,,9.875,1235283.1851,986049.2511
002133.SZ,20251013,4.3369,0.81,,0.9214,274821.1821,273303.9214
920395.BJ,20251013,2.4562,1.05,32.2192,9.5708,209805.343,142639.783
001338.SZ,20251013,1.6495,0.96,19.0185,1.5733,572474.8816,269224.0628
002457.SZ,20251013,2.5042,0.84,17.74,1.5213,371504.2952,371320.317
000510.SZ,20251013,7.3891,0.95,,2.9509,367724.215,343978.9512
601231.SH,20251013,4.7767,0.73,30.2348,2.5013,4553749.778,4553749.778
600207.SH,20251013,5.639,0.96,,2.3541,596943.2796,596943.2796
600226.SH,20251013,8.1531,1.13,71.1442,4.0043,1421754.2251,1421754.2251
688161.SH,20251013,3.1514,1.21,45.8436,3.0961,1249600.0,1249600.0
301381.SZ,20251013,6.5309,1.0,63.3987,3.5895,936426.4822,453305.6902
000069.SZ,20251013,2.5201,0.65,,0.4347,2057666.0616,1766042.0559
601360.SH,20251013,4.742,0.86,,2.7065,7811506.593,7811506.593
600109.SH,20251013,2.3146,0.77,16.2472,1.0992,3779385.5812,3779385.5812
001203.SZ,20251013,5.9188,1.05,28.4108,3.1347,1972494.1808,1687698.0539
000955.SZ,20251013,5.0707,0.82,,4.5501,294502.065,294282.1573
600527.SH,20251013,12.0327,1.35,121.0228,1.9583,403500.2902,403500.2902
002719.SZ,20251013,7.08,1.26,,7.3479,166651.4603,154901.0679
688772.SH,20251013,5.6989,1.46,56.7571,3.7106,2527909.7443,2527909.7443
301209.SZ,20251013,7.277,0.69,230.515,19.2231,1439200.0,698987.5463
000008.SZ,20251013,3.6762,0.89,,2.6861,787749.5281,787726.1161
300134.SZ,20251013,4.2581,0.9,,2.3211,892600.181,828542.141
301138.SZ,20251013,4.1787,0.87,40.0845,3.666,417960.0,238794.9676
603323.SH,20251013,1.5588,1.39,5.1282,0.5592,1027437.5914,1027437.5914
300528.SZ,20251013,12.136,0.79,,13.6339,737763.9469,737763.9469
000691.SZ,20251013,10.4005,1.61,,,405703.85,405703.85
002551.SZ,20251013,3.0725,1.24,6701.6611,1.2704,333124.8637,240807.5685
920476.BJ,20251013,5.2335,1.0,68.2779,5.0756,222319.278,210444.2556
301361.SZ,20251013,5.5467,1.17,40.6165,3.169,374252.912,93563.228
000096.SZ,20251013,3.1544,1.16,71.4352,2.161,599280.0,579812.48
300698.SZ,20251013,9.5429,0.66,144.8135,12.1394,605278.0,535472.0245
301210.SZ,20251013,11.3968,0.73,102.5584,2.7368,499603.8819,189459.2186
300798.SZ,20251013,3.9228,1.24,,2.237,378364.4921,300853.9869
688538.SH,20251013,3.3717,0.8,,4.2655,3921880.2855,1633634.9459
002888.SZ,20251013,8.586,0.99,132.6832,7.4697,282884.7774,143552.5063
301173.SZ,20251013,4.5075,1.09,27.3492,2.9108,411242.4025,83143.9299
000791.SZ,20251013,3.0721,1.09,9.93,1.5666,2166884.9477,1292995.353
300260.SZ,20251013,23.7062,0.92,137.8923,13.1147,2674396.6796,1886323.0853
301517.SZ,20251013,7.1779,1.49,808.9566,4.8567,650623.2088,255828.6688
301193.SZ,20251013,4.8926,1.43,,2.3426,361079.9105,255104.8805
002625.SZ,20251013,2.9548,1.03,157.368,11.4202,10643664.0383,10643628.8408
300101.SZ,20251013,2.924,0.75,233.1698,7.4619,1343096.9805,1338692.6765
600373.SH,20251013,3.297,1.23,34.0615,0.8174,1437247.8801,1416074.0137
000669.SZ,20251013,1.6151,0.91,,469.9301,204803.0479,204803.0479
300507.SZ,20251013,11.3158,0.93,61.5021,3.8912,812656.6106,786616.6242
605338.SH,20251013,9.6643,3.21,20.5863,2.7817,610894.9881,610894.9881
605389.SH,20251013,10.3004,0.99,103.9361,4.7777,984402.8622,930974.5043
600477.SH,20251013,2.9552,1.21,47.3028,1.2833,646727.759,646727.759
603489.SH,20251013,4.5044,0.99,129.9071,2.2725,589594.9812,589594.9812
000928.SZ,20251013,5.3493,1.96,11.0686,1.1173,929649.7144,929638.342
301303.SZ,20251013,2.3957,1.24,18.7475,1.9445,634457.6,157892.4329
002158.SZ,20251013,8.5727,0.66,20.0473,3.1268,1341622.8648,1338770.1568
688356.SH,20251013,2.0235,0.78,223.1519,4.1766,534393.3177,534393.3177
002969.SZ,20251013,3.2191,1.05,23.4852,1.4838,342051.6399,340019.823
688337.SH,20251013,7.9062,1.24,78.5279,2.5443,792138.5464,761170.9961
688091.SH,20251013,2.982,1.1,1117.8003,8.0861,1170356.0097,1170356.0097
002662.SZ,20251013,4.5752,0.9,22.1217,1.3394,577500.0,577492.7235
600482.SH,20251013,1.6546,0.81,27.9435,1.2904,5126733.4619,5126733.4619
603713.SH,20251013,1.678,0.75,16.027,2.1641,971217.0966,971217.0966
002637.SZ,20251013,1.9987,0.9,34.9634,1.2978,493450.649,464416.5844
601005.SH,20251013,3.8438,1.21,,0.8481,1398578.6752,1313554.5776
920171.BJ,20251013,4.2376,0.73,,11.4865,248879.1225,167292.3932
688443.SH,20251013,3.1462,0.78,,5.8532,1071805.64,341055.64
301390.SZ,20251013,4.145,1.76,60.3856,2.1695,207480.0,106077.3314
300029.SZ,20251013,2.0561,1.67,,,116494.2765,116409.3053
001229.SZ,20251013,7.0504,0.83,49.7604,3.6036,343000.0,180690.4483
002540.SZ,20251013,3.8661,1.6,19.9005,1.589,845459.2825,588840.3368
002910.SZ,20251013,62.7654,4.4,,2.0231,215288.821,188339.207
600186.SH,20251013,6.7608,2.43,40.6203,5.9032,1068691.856,1064879.4228
300737.SZ,20251013,2.3163,1.24,,1.2447,563864.763,450547.6735
600708.SH,20251013,2.179,0.59,,0.8456,797851.954,796649.442
603357.SH,20251013,1.6442,1.42,10.3774,1.2413,473688.3331,469484.5004
003012.SZ,20251013,3.1855,1.05,25.0948,1.1273,844596.2453,835492.4869
002941.SZ,20251013,45.9337,2.39,27.8592,3.1609,1400392.4991,1400392.4991
000063.SZ,20251013,12.0013,1.2,33.1271,3.4305,25673231.7385,21614841.5333
688233.SH,20251013,14.9687,0.8,99.5538,4.6382,848463.1768,848463.1768
600563.SH,20251013,2.761,0.96,25.1425,5.2378,2832750.0,2832750.0
688016.SH,20251013,2.4521,1.0,32.1054,3.2917,1326670.1653,1326670.1653
600918.SH,20251013,1.0,0.62,39.3994,1.3063,4914380.9118,2787351.5965
600520.SH,20251013,4.6576,1.54,286.8952,11.7921,452317.65,452317.65
600483.SH,20251013,6.1572,1.68,9.1677,1.0535,2696733.666,2696733.666
603630.SH,20251013,4.5977,0.97,505.7807,2.7988,533509.65,533509.65
300709.SZ,20251013,7.6076,1.07,63.67,4.0446,899122.5226,721335.7508
600981.SH,20251013,3.2421,1.08,13.6867,1.255,643578.3261,643578.3261
300888.SZ,20251013,3.0176,1.17,27.9338,1.9925,2243716.7502,2241281.5001
600176.SH,20251013,2.9553,0.88,21.0723,2.1714,6681235.199,6681235.199
600637.SH,20251013,4.7669,0.59,54.6682,1.0838,3224061.9245,3224061.9245
300857.SZ,20251013,9.0899,1.03,72.2145,15.213,5532048.2509,5516189.1192
600032.SH,20251013,1.5506,1.14,43.7895,1.429,1803506.493,1803506.493
300138.SZ,20251013,2.4403,0.93,30.5768,1.9628,639624.5231,527366.7986
300868.SZ,20251013,3.2257,1.07,,2.4213,366838.384,229876.7223
688078.SH,20251013,3.7897,1.25,953.1613,3.0224,222323.65,222323.65
920017.BJ,20251013,2.7121,0.96,36.4436,1.4561,231553.1036,228439.5077
920627.BJ,20251013,11.1948,0.57,96.1169,5.9166,263798.85,130761.2775
301395.SZ,20251013,2.8975,2.5,49.3215,1.7366,267378.3322,151310.9122
002230.SZ,20251013,4.3518,0.79,177.4675,7.265,12811400.2839,12131967.2665
300984.SZ,20251013,8.1426,1.66,219.3266,8.2652,843896.8493,530372.2851
002387.SZ,20251013,1.9334,0.9,,2.7356,1227777.2321,1226195.2958
603918.SH,20251013,4.3383,0.69,,6.3437,646395.8302,645875.2135
300684.SZ,20251013,9.7946,0.99,45.5434,6.0557,1184858.4862,804037.0974
603667.SH,20251013,12.0223,1.25,174.417,5.3949,1597742.6855,1597742.6855
688779.SH,20251013,4.2365,0.68,,2.1173,1417976.1238,1417976.1238
300845.SZ,20251013,4.7516,1.22,48.9354,2.8178,223917.556,157270.7475
300267.SZ,20251013,3.4774,1.04,,1.569,701285.6558,483613.2429
300553.SZ,20251013,8.0832,1.71,130.9697,5.342,450723.5877,345424.0895
601933.SH,20251013,7.0736,2.3,,10.642,4437693.0896,4437693.0896
920942.BJ,20251013,3.1455,0.65,71.1182,4.7163,232429.709,155275.235
601658.SH,20251013,1.6985,1.42,7.7537,0.6815,67373325.009,37655663.7072
002819.SZ,20251013,4.1744,0.68,,2.1693,873663.0516,685491.1805
688718.SH,20251013,5.4727,1.51,76.406,3.3977,267408.0047,267408.0047
603306.SH,20251013,5.8191,0.71,58.5192,5.4395,1648432.5114,1648432.5114
002424.SZ,20251013,1.959,0.75,,2.2778,742124.7504,644216.9059
603328.SH,20251013,7.473,1.06,25.4544,2.7175,1114261.9539,1114261.9539
603989.SH,20251013,4.7233,0.94,30.2038,1.9354,729656.5669,729656.5669
603194.SH,20251013,7.7468,0.9,19.1148,3.293,1658536.0,212818.3763
600884.SH,20251013,8.2812,0.84,,1.4801,3234655.697,2526906.0755
688325.SH,20251013,7.1945,0.69,99.7616,5.1814,876895.1727,548120.8849
002237.SZ,20251013,9.8874,1.21,32.9389,1.8904,1802573.4337,1429518.8257
300113.SZ,20251013,4.7546,0.97,54.6073,7.3084,1736257.8483,1316226.9891
601808.SH,20251013,2.1042,1.17,18.6324,1.4624,6537081.04,4055841.16
603488.SH,20251013,2.495,1.1,,2.4751,231840.4094,231840.4094
603006.SH,20251013,5.9105,0.99,58.7152,2.7538,352650.6448,352650.6448
600797.SH,20251013,5.6482,0.56,,3.346,1116921.1642,1116921.1642
300041.SZ,20251013,6.3095,0.69,63.189,2.4705,679712.5797,661487.8239
300678.SZ,20251013,4.1529,1.16,1246.3007,12.3186,1041501.4336,1023552.28
688180.SH,20251013,2.4975,1.06,,6.2691,3994850.2881,2982039.7194
920242.BJ,20251013,2.9597,1.09,18.3984,3.4021,215375.31,120083.1362
688251.SH,20251013,8.5472,0.55,167.8245,3.6171,299204.631,178092.9018
603127.SH,20251013,4.4531,0.65,80.1737,3.0147,2443296.1088,2055371.7373
000929.SZ,20251013,1.372,0.68,,3.2558,152885.418,152875.7255
920130.BJ,20251013,3.5085,0.96,,4.7178,242046.2513,148684.3837
002191.SZ,20251013,3.518,0.9,508.1001,0.9971,663462.9271,658315.2229
600582.SH,20251013,2.6808,1.16,7.8873,0.9906,2499707.6908,2499707.6908
301125.SZ,20251013,13.7022,0.99,132.8892,4.5841,276144.4282,228609.3322
300328.SZ,20251013,8.4384,0.95,,10.4311,1121247.9264,1114659.5614
688151.SH,20251013,7.2771,2.42,498338.3984,1.8422,771680.0,771680.0
600776.SH,20251013,4.4316,0.79,81.1601,4.4509,1578792.0804,1201692.0804
603768.SH,20251013,3.1302,1.17,290.2021,1.1931,286022.9401,286022.9401
002155.SZ,20251013,10.2087,1.44,34.4657,5.0303,3667542.6387,3667211.5732
600231.SH,20251013,4.0521,1.4,,1.2672,633183.4765,625861.9165
300027.SZ,20251013,3.3048,0.98,,22.5203,676979.4442,606334.824
688215.SH,20251013,12.9219,1.52,352.395,11.3468,514555.0064,514555.0064
301102.SZ,20251013,3.2578,1.03,79.6207,1.4619,446600.0,446600.0
600155.SH,20251013,1.6172,0.87,180.0182,0.8437,1675651.6551,1675651.6551
600800.SH,20251013,2.8772,0.75,,3.2042,451788.4029,451660.1979
600110.SH,20251013,4.7738,0.8,,2.0643,1162571.2244,1162571.2244
300266.SZ,20251013,2.6625,1.13,,72.0466,405543.709,405285.6322
000705.SZ,20251013,5.6807,0.81,67.361,1.5893,319755.9847,269836.4387
603439.SH,20251013,2.2378,1.12,21.1193,3.4259,506925.3412,499550.3472
300204.SZ,20251013,8.0829,1.2,,15.5836,1632071.0479,1549717.9354
600716.SH,20251013,2.9421,1.01,,0.7153,355703.0242,355703.0242
002701.SZ,20251013,8.0905,4.23,13.9926,1.6587,1602410.0536,1600936.0064
300979.SZ,20251013,1.0061,0.83,16.834,4.0802,6115080.0,6115026.552
600489.SH,20251013,6.4874,1.51,28.4932,4.3712,12360647.0382,12360647.0382
920014.BJ,20251013,1.8133,1.03,36.7082,2.0138,160289.2661,89694.701
003027.SZ,20251013,3.8708,1.14,35.7788,1.5136,256871.088,206051.8021
600377.SH,20251013,2.4463,1.2,14.2017,1.6352,6564184.9925,4954244.4503
603163.SH,20251013,7.9399,0.51,36.2004,4.0222,434000.0,434000.0
000739.SZ,20251013,1.9789,1.06,18.8946,2.8849,1831499.2937,1830811.2883
002314.SZ,20251013,4.327,0.92,,0.8599,769010.2337,380070.743
301353.SZ,20251013,5.7227,0.85,38.5221,2.0783,264598.4661,85919.9661
600744.SH,20251013,11.3355,1.36,153.6126,10.7285,1366946.6364,1366946.6364
002276.SZ,20251013,11.6918,1.02,48.1665,3.1475,1859193.2694,1846299.5533
688352.SH,20251013,6.4661,0.59,66.1356,2.727,1656328.9422,509672.4043
605077.SH,20251013,2.0573,1.38,22.1364,1.964,583976.9858,577000.2823
002517.SZ,20251013,2.7107,0.91,29.6792,6.4017,5251377.4692,4643274.2028
301220.SZ,20251013,3.2599,1.3,36.8992,2.7648,481080.4034,279737.208
688602.SH,20251013,4.0753,0.93,,1.5951,448220.625,224031.4869
600712.SH,20251013,3.1552,0.98,,4.7212,369820.9894,365742.2439
688246.SH,20251013,4.3738,1.28,,2.699,388404.1432,388404.1432
603766.SH,20251013,6.6479,3.41,17.0818,2.9076,2743531.9116,2743531.9116
603408.SH,20251013,2.6021,0.51,11.2484,1.558,518737.107,518737.107
000004.SZ,20251013,6.7274,1.17,,76.7525,170373.4229,162532.3574
601628.SH,20251013,0.8679,0.67,10.1026,2.167,110712849.485,81565767.01
300167.SZ,20251013,2.7515,1.12,142.1921,18.8537,198970.114,183394.4508
301042.SZ,20251013,9.4384,0.91,120.2044,4.3604,457038.0472,432519.3975
002350.SZ,20251013,4.4965,1.0,59.6177,2.4773,405663.8505,396852.5003
600505.SH,20251013,6.7792,0.94,135.5622,4.1477,502374.015,502374.015
600773.SH,20251013,2.3516,1.06,207.9225,2.2041,1055309.8333,1055309.8333
920790.BJ,20251013,4.5092,0.74,170.8785,10.119,331898.3851,228428.6705
605398.SH,20251013,6.9212,0.93,478.5106,4.754,488474.5698,488474.5698
688172.SH,20251013,18.3426,0.83,,2.3351,4383892.7578,1796723.0598
688449.SH,20251013,15.7679,0.97,199.7238,14.8218,2656960.0,404320.0
603855.SH,20251013,2.6811,1.47,14.7276,3.4057,677420.703,669442.878
002824.SZ,20251013,5.1569,1.0,61.287,2.6299,576834.1419,352019.2844
300750.SZ,20251013,1.9007,1.16,29.2777,5.8852,170878882.3375,159373253.6575
920056.BJ,20251013,4.4234,0.66,37.1928,4.2847,218770.3726,82028.6665
603278.SH,20251013,9.3309,0.85,,1.7449,355429.7677,355429.7677
300246.SZ,20251013,3.3187,1.45,,1.8945,221185.8696,176599.1254
300315.SZ,20251013,3.5483,1.19,718.4102,2.9047,1424203.3876,1358672.5476
300314.SZ,20251013,6.3619,1.54,63.5138,3.2733,391968.0,195632.1107
000938.SZ,20251013,5.8784,0.72,51.4401,5.8807,8297091.7145,8297091.7145
001231.SZ,20251013,6.8964,1.34,32.1786,2.0717,206000.0,102804.3
600887.SH,20251013,0.894,0.85,21.4552,3.2695,17426368.6376,17339776.3814
688569.SH,20251013,2.2015,1.3,27.258,1.5899,451880.0715,451880.0715
603325.SH,20251013,3.9727,1.45,15.3051,2.5739,674673.732,288266.9256
002354.SZ,20251013,4.5589,0.88,,9.0553,1126772.9434,1107259.201
300307.SZ,20251013,2.2513,1.16,53.4005,1.7379,562328.1334,553805.5537
600805.SH,20251013,3.2391,0.76,144.0345,0.9971,436508.8754,436191.2638
300637.SZ,20251013,16.8898,2.38,,4.7283,333345.1846,332997.0205
001311.SZ,20251013,5.4362,0.7,20.8278,1.6613,756711.247,192149.3324
300762.SZ,20251013,4.0947,1.05,,6.5841,1550447.4911,1550447.4911
