ts_code,trade_date,turnover_rate_f,volume_ratio,pe_ttm,pb,total_mv,circ_mv
301335.SZ,20250417,5.5433,0.84,55.5973,1.3692,255528.0,101146.5081
920108.BJ,20250417,28.2133,1.95,49.6726,7.0429,333330.0,63109.8025
688652.SH,20250417,1.7991,0.7,66.75,4.9421,1025472.0,623889.84
688671.SH,20250417,1.556,0.88,,1.229,135288.0647,79026.4667
603186.SH,20250417,3.572,0.73,,2.2342,313846.5797,313846.5797
688767.SH,20250417,1.6631,0.95,22.4039,1.7043,395840.0012,395840.0012
688522.SH,20250417,2.1216,0.69,200.7425,6.8158,1522230.6456,608402.1266
300660.SZ,20250417,4.5114,0.55,49.9244,4.6048,1527610.08,1526455.129
301269.SZ,20250417,2.6038,0.49,761.156,13.6365,6687956.6982,3231275.5718
301256.SZ,20250417,35.8389,0.86,64.288,3.7323,646080.0,646080.0
920566.BJ,20250417,10.4178,1.22,20.7391,2.3107,180984.4088,138109.7548
301085.SZ,20250417,4.691,0.75,91.6148,4.2767,473968.7369,321775.9293
688261.SH,20250417,3.626,0.89,119.7077,1.6486,477995.1708,477995.1708
920779.BJ,20250417,19.8396,0.75,46.8961,6.7427,345144.8,86365.8548
688508.SH,20250417,21.6149,3.66,60.3463,3.0618,776044.1449,776044.1449
002903.SZ,20250417,9.4104,0.67,643.5947,3.7514,303819.75,202968.5327
300952.SZ,20250417,5.1636,0.6,32.6662,2.4498,348180.648,198859.6248
000948.SZ,20250417,16.7651,1.1,45.0817,2.7031,717565.295,709267.8594
603889.SH,20250417,1.6064,0.76,9.9763,1.2615,422223.7651,416540.7535
002438.SZ,20250417,2.0275,0.96,18.0893,1.5182,533421.8715,492793.581
301155.SZ,20250417,2.0768,0.68,,2.3171,1266305.3594,683882.5464
300786.SZ,20250417,9.8695,0.78,,2.1094,247501.3573,197313.4422
301166.SZ,20250417,1.8396,0.7,172.5771,1.172,243620.0037,116006.7879
920128.BJ,20250417,7.27,0.84,52.4935,4.7614,249659.25,63652.5
920970.BJ,20250417,15.3405,0.59,,3.355,98665.3144,61529.0674
601997.SH,20250417,0.8966,0.87,4.0226,0.3538,2120594.8841,2120594.8841
600201.SH,20250417,1.1948,0.53,46.755,1.42,770814.0275,770814.0275
002399.SZ,20250417,0.7659,0.53,24.1395,1.2851,1561203.1611,1327022.6131
000630.SZ,20250417,2.3958,0.66,13.6324,1.164,3889416.3785,3200413.6831
002899.SZ,20250417,4.1057,0.53,29.0637,1.7768,298845.4855,298845.4855
002780.SZ,20250417,8.1328,1.38,53.2392,2.5243,176025.2219,145933.5747
000999.SZ,20250417,1.5281,0.73,17.0686,2.8883,5748520.9141,5709818.9205
688160.SH,20250417,5.9057,0.68,168.6118,10.7438,831600.0,831600.0
600713.SH,20250417,2.8526,1.16,11.358,0.9491,648116.3898,644940.7589
002213.SZ,20250417,5.895,0.65,,5.7056,323469.0409,280997.7756
000530.SZ,20250417,4.5543,0.55,58.619,1.3548,422449.466,300609.1898
300950.SZ,20250417,3.1401,0.59,23.4696,3.1332,232642.08,138722.58
002674.SZ,20250417,1.6489,0.92,21.9233,1.1468,268513.9085,265765.5998
300777.SZ,20250417,3.1688,0.92,41.0899,3.3598,1463346.6831,1410215.9852
301519.SZ,20250417,2.5431,0.7,69.2328,1.3149,198469.44,94317.1125
301060.SZ,20250417,1.6915,0.58,,2.0297,351253.409,312720.9205
688432.SH,20250417,1.7179,0.63,60.4784,3.2444,1408564.1745,573041.6279
000990.SZ,20250417,1.5091,0.74,38.2086,0.4941,881047.2129,881046.5604
301198.SZ,20250417,3.5463,0.85,422.1042,1.6994,159705.0,153351.9351
920718.BJ,20250417,9.8868,1.23,22.2084,3.1592,168458.7286,79418.9447
600676.SH,20250417,1.1378,0.44,,0.7935,409340.1917,409340.1917
300686.SZ,20250417,2.7174,0.37,,1.871,197031.9103,146415.1755
688055.SH,20250417,1.5516,0.71,,2.4798,1063333.3546,1063333.3546
002119.SZ,20250417,3.6485,0.5,67.4422,4.1036,561049.58,561049.58
000652.SZ,20250417,1.3943,0.76,30.1204,0.9655,554815.7684,554394.745
300231.SZ,20250417,2.0211,0.67,115.879,2.4972,435381.9873,435359.6286
688247.SH,20250417,2.1414,0.68,34.2918,3.4552,439739.8,138051.952
605488.SH,20250417,5.1245,0.47,54.5209,5.2084,758858.7489,746138.7722
300412.SZ,20250417,2.4225,0.66,66.6014,2.2904,240914.2123,228888.7527
301622.SZ,20250417,6.9674,0.57,42.5013,5.1839,753441.2881,178645.0579
603056.SH,20250417,2.732,0.53,15.9501,1.7181,1372671.5122,1372671.5122
301196.SZ,20250417,3.9381,0.44,23.8817,1.8333,563971.2,303980.8745
300026.SZ,20250417,1.204,0.6,195.9538,1.1534,1000383.5607,894396.6997
002973.SZ,20250417,1.9059,1.04,14.7623,1.81,427872.8445,233375.2425
688210.SH,20250417,1.8571,0.31,37.1243,2.1581,275294.5689,184489.6943
300932.SZ,20250417,5.4276,1.55,52.7845,2.0398,353028.9809,251444.5889
300586.SZ,20250417,1.9269,0.63,109.9715,2.9052,556882.633,418505.0577
688107.SH,20250417,3.7457,0.71,,9.7539,1185311.5782,1185311.5782
002767.SZ,20250417,11.1661,0.57,,2.7734,226950.0,196965.8517
603863.SH,20250417,5.5034,0.95,,4.3629,259905.5,259905.5
002139.SZ,20250417,1.9669,0.44,23.1933,2.334,1557296.9,1337791.2189
688297.SH,20250417,2.6689,0.62,,4.5149,2567025.0,1032978.2492
300503.SZ,20250417,4.5861,0.54,,5.5582,659280.8887,514994.0485
920060.BJ,20250417,5.259,0.75,37.2739,4.4752,459631.0162,193173.5513
300817.SZ,20250417,10.2086,0.59,84.7682,5.0449,512564.2675,291641.8867
003039.SZ,20250417,3.0528,0.46,31.4118,3.1056,829327.6544,829327.6544
002553.SZ,20250417,50.8881,1.53,110.7786,6.4653,746460.0,537966.0
920284.BJ,20250417,18.6669,0.67,,7.6933,238911.2706,154498.0782
603286.SH,20250417,4.1437,0.39,266.7026,3.4318,299641.2627,293761.1027
600764.SH,20250417,3.6404,0.74,60.676,2.5198,2032400.044,2032400.044
300632.SZ,20250417,2.4896,0.58,67.8169,1.8868,337530.8717,244658.8771
002093.SZ,20250417,8.6046,0.52,61.9626,2.8574,1044777.5,1044120.3013
300198.SZ,20250417,6.4654,0.51,,3.9744,269234.1689,267385.7333
300183.SZ,20250417,4.3815,0.6,114.22,2.4216,763305.0761,670786.2348
003019.SZ,20250417,6.5868,0.67,21.2836,3.1008,461110.0481,444716.4401
601928.SH,20250417,1.8897,0.54,11.8901,1.5629,2997892.2,2997892.2
002269.SZ,20250417,11.8376,1.26,112.656,9.0,472350.0,472350.0
603887.SH,20250417,4.6264,0.77,,3.0657,1091837.3469,1067336.0019
300591.SZ,20250417,11.8756,2.03,,4.124,175251.0717,151487.1297
300057.SZ,20250417,1.8393,0.69,,0.747,391357.2067,315415.1977
002769.SZ,20250417,4.2558,1.01,,2.0982,249376.4601,222042.031
600609.SH,20250417,1.603,0.51,17.0809,4.8527,652279.279,652279.279
920717.BJ,20250417,6.3706,0.92,83.8797,2.3839,134749.0,49209.0
600075.SH,20250417,0.6799,0.63,103.537,0.7899,708555.5051,708555.5051
002377.SZ,20250417,1.9296,0.75,,4.7967,230913.9507,228491.5039
002911.SZ,20250417,1.0227,0.65,16.7147,3.3177,1425953.8858,1380752.6653
300349.SZ,20250417,1.3369,0.49,12.164,1.1373,496984.609,440071.5065
300482.SZ,20250417,1.1469,0.51,17.7182,1.8269,995104.1397,889632.7094
002557.SZ,20250417,5.0305,1.36,16.4612,2.6755,1403242.0252,1400241.3201
300053.SZ,20250417,2.6827,0.6,,4.0661,816039.8322,744132.0081
001258.SZ,20250417,14.2969,0.71,137.0742,2.3631,687866.6672,345438.8344
603628.SH,20250417,1.3717,0.51,25.1192,2.3454,306382.2,304556.4396
600459.SH,20250417,1.6379,0.92,19.2195,1.4386,984582.0846,976222.2276
600962.SH,20250417,5.2563,1.36,120.1979,3.9184,351623.61,351623.61
601985.SH,20250417,0.848,0.75,18.9994,1.7768,19436761.9599,17844704.1993
600642.SH,20250417,0.891,0.67,10.5714,1.2797,4478096.6285,4464322.063
600295.SH,20250417,1.1396,0.57,13.1988,1.1639,2437734.1172,1720726.9172
600444.SH,20250417,5.0062,1.17,52.5028,2.9759,210847.5821,210847.5821
605100.SH,20250417,8.157,0.63,35.2002,2.024,360746.256,358216.656
002872.SZ,20250417,0.5132,0.65,,0.6185,127200.0,85967.2536
688696.SH,20250417,1.3413,1.15,69.4316,2.8739,846230.0,846230.0
301190.SZ,20250417,11.3481,1.91,60.2065,2.4789,484434.5805,160352.8533
002156.SZ,20250417,3.231,0.57,57.2692,2.6414,3880495.304,3880125.3317
920190.BJ,20250417,6.4779,0.52,131.0296,3.3255,284000.0028,280237.1448
000062.SZ,20250417,28.4205,1.17,128.8197,3.9429,2743420.1516,2740849.6221
300556.SZ,20250417,2.7744,0.69,,2.8715,204343.9654,176522.1243
600189.SH,20250417,2.1819,0.87,789.5876,4.0034,484904.1165,484904.1165
688136.SH,20250417,8.5096,0.81,225.4473,4.3411,709728.1988,709728.1988
601121.SH,20250417,0.9606,0.54,33.2613,1.5102,460000.0,218500.0
600995.SH,20250417,1.9391,1.35,25.4586,1.4235,3093733.6192,1073610.3904
300233.SZ,20250417,7.8335,0.57,31.544,1.6731,620725.2072,601045.8741
688579.SH,20250417,1.7127,0.62,57.4333,2.6791,368009.2,368009.2
300701.SZ,20250417,5.5927,1.21,48.1093,2.8527,267184.6875,231411.8835
300847.SZ,20250417,3.6768,0.44,37.5453,3.2859,465327.72,465327.72
002153.SZ,20250417,8.2995,2.67,,3.0999,2276147.6634,1334203.0125
002410.SZ,20250417,5.1692,1.72,104.292,4.3827,2611724.0047,2510756.1859
002929.SZ,20250417,4.1535,0.52,39.6326,2.0849,1299680.1093,963315.3992
002489.SZ,20250417,5.6385,0.66,16.1094,1.7967,735296.5301,648516.8066
002283.SZ,20250417,2.799,0.62,19.2593,1.0591,640374.934,563981.8531
600255.SH,20250417,2.3409,0.5,87.4765,3.8126,545456.3804,545456.3804
002583.SZ,20250417,7.6916,1.39,,3.1867,1943938.4233,1371063.1064
300040.SZ,20250417,16.0218,1.19,43.7192,1.4105,412967.9481,326634.3903
920445.BJ,20250417,24.5841,1.29,89.1334,4.7233,157362.0568,112736.4492
688310.SH,20250417,1.5574,0.7,,2.2073,178852.3864,178852.3864
000796.SZ,20250417,10.7849,0.72,8.1863,7.8629,675195.1336,560252.827
002948.SZ,20250417,2.3738,1.34,5.7601,0.6543,2456189.6935,1313373.2609
300611.SZ,20250417,17.6916,0.81,49.4017,4.8462,527053.476,370312.5411
300951.SZ,20250417,2.1126,0.57,21.6296,1.9681,449756.3254,401001.7084
688011.SH,20250417,2.5369,0.98,,1.4413,157400.0,157400.0
688668.SH,20250417,5.5217,1.18,50.8534,3.1063,560467.7698,560467.7698
000723.SZ,20250417,0.9232,0.55,,1.2731,1825750.2032,1811248.9897
688037.SH,20250417,2.1628,0.56,90.2855,7.0482,1904179.5617,1904179.5617
603590.SH,20250417,2.1022,0.35,41.2298,1.4782,473288.7367,466995.3067
002258.SZ,20250417,4.1332,0.47,36.2793,1.0111,781226.7345,779970.7367
002441.SZ,20250417,1.858,0.6,32.5284,0.9364,424744.015,311282.1886
002607.SZ,20250417,3.5602,0.86,,25.416,1868722.0149,1523709.5274
600598.SH,20250417,10.5685,0.4,26.2431,3.6592,2853176.2539,2853176.2539
600281.SH,20250417,2.3974,0.72,,10.6611,169752.6683,169752.6683
600008.SH,20250417,1.3753,0.68,6.4083,1.0878,2260901.9285,2260901.9285
000819.SZ,20250417,1.6316,0.58,84.8027,2.4901,535321.9887,505066.3429
002661.SZ,20250417,5.2473,0.84,23.7844,1.4977,347129.5272,327985.7958
300107.SZ,20250417,2.2376,0.7,240.0188,2.8282,426411.4128,262923.5164
000001.SZ,20250417,0.9579,1.08,4.8223,0.5051,21462945.527,21462562.4661
002130.SZ,20250417,2.9193,0.51,25.4763,3.953,2189703.7008,2171021.1862
603789.SH,20250417,8.3578,0.53,,4.9356,169843.4792,163280.0
002078.SZ,20250417,0.5337,0.63,12.6875,1.3751,3934705.4476,3892952.4311
002361.SZ,20250417,4.3848,0.63,188.1735,2.3922,532579.5826,449076.871
600696.SH,20250417,8.1178,0.63,,5.3723,284633.4858,284633.4858
688403.SH,20250417,1.7031,0.59,45.7374,2.3094,730720.2883,504862.5018
601939.SH,20250417,1.1678,0.67,6.7648,0.7179,227009967.5573,8711041.1062
603727.SH,20250417,1.4091,0.67,35.6683,1.1127,358628.6396,358628.6396
002066.SZ,20250417,1.8436,0.76,42.4945,3.3821,242319.0,242319.0
688313.SH,20250417,2.528,0.57,107.812,5.7434,687744.6897,687744.6897
688336.SH,20250417,1.476,0.5,23.697,2.9988,1669639.1417,1669639.1417
301658.SZ,20250417,19.9441,0.61,46.4336,3.9244,1202061.8585,112892.1462
002939.SZ,20250417,1.0657,0.63,22.9803,1.038,3041957.9248,2629667.7096
603272.SH,20250417,1.9025,0.54,,2.6998,153678.841,63030.466
000815.SZ,20250417,6.2774,0.53,,6.1348,808590.9097,808590.9097
601128.SH,20250417,0.7306,0.49,5.5179,0.7794,2176819.801,2176819.801
001239.SZ,20250417,5.8623,0.87,46.0877,2.7117,344160.0,163476.0
000002.SZ,20250417,3.7843,2.08,,0.4239,8590110.8191,6996193.8228
300929.SZ,20250417,2.6645,0.82,,1.3055,108349.0239,100972.2859
600182.SH,20250417,0.9073,0.59,24.4005,4.3433,509660.0,254830.0
603187.SH,20250417,1.0103,0.77,12.2286,0.9941,402645.5835,402645.5835
301108.SZ,20250417,15.6313,1.44,40.8239,1.2562,229855.9465,98423.4565
688511.SH,20250417,2.0757,0.68,,1.5601,130593.0103,130593.0103
002211.SZ,20250417,4.2642,1.06,,32.7167,147906.7164,147906.7164
301366.SZ,20250417,3.971,0.55,64.3796,3.1938,694950.0046,253476.2205
688799.SH,20250417,9.8709,3.53,21.9686,2.0904,378670.6,378670.6
600664.SH,20250417,1.9818,0.69,13.8856,1.6333,851256.3381,851256.3381
603085.SH,20250417,3.8648,0.64,178.2808,4.6215,414969.5,386885.5785
002978.SZ,20250417,1.4026,0.5,16.72,1.6998,1423993.7033,902083.0
688098.SH,20250417,1.242,0.62,,1.6391,231192.572,231192.572
300432.SZ,20250417,3.616,0.57,119.1571,4.6596,2026065.8872,1999563.281
301221.SZ,20250417,3.9176,0.89,,1.9476,390866.106,184198.4635
002246.SZ,20250417,1.8569,0.63,,1.9199,536956.0285,536956.0285
000952.SZ,20250417,1.902,0.8,,1.5166,181924.7763,178873.5598
603215.SH,20250417,6.024,0.72,21.4609,2.425,274468.2289,272604.5213
301130.SZ,20250417,1.9667,0.7,46.7012,2.5309,202098.9578,154888.925
920344.BJ,20250417,3.8854,0.5,118.9267,4.3235,268591.05,250401.5552
002832.SZ,20250417,1.1498,0.59,11.0659,1.9901,1012434.367,690828.0358
605499.SH,20250417,1.7892,0.92,40.4409,17.0151,14731968.29,14731968.29
600630.SH,20250417,3.6778,0.54,60.8612,4.5235,340739.0008,340739.0008
688646.SH,20250417,1.5002,0.49,44.4118,1.9652,316986.6472,193309.1288
600807.SH,20250417,2.4463,1.07,,12.8316,225581.8564,200689.7083
601328.SH,20250417,0.5861,0.8,6.1101,0.5898,57182299.5167,30223165.2916
600559.SH,20250417,1.8079,0.87,20.3903,3.2378,1639227.4196,1620454.4276
300420.SZ,20250417,5.0318,1.41,,1.3202,315936.5478,315912.0117
300639.SZ,20250417,1.3844,0.75,,0.7303,327775.8417,322028.3361
688382.SH,20250417,2.3208,0.73,,6.508,1181523.7853,819851.7405
301258.SZ,20250417,4.3044,0.8,115.0033,1.1467,217074.56,80208.896
688100.SH,20250417,1.5642,1.14,27.4194,5.5839,1729256.7605,1729256.7605
600596.SH,20250417,1.0001,0.86,102.4599,0.8182,1036490.5336,993002.4253
300961.SZ,20250417,10.4746,0.5,,2.5877,260069.76,221567.7699
603296.SH,20250417,6.3615,0.92,22.2441,2.8531,6167471.954,3463364.7864
600519.SH,20250417,0.4133,0.82,22.8722,8.4607,197223054.6,197223054.6
300296.SZ,20250417,2.7101,0.58,2484.5004,1.6977,1537691.0849,1289656.8532
601567.SH,20250417,0.5618,0.34,16.3115,3.1092,3637574.94,3616949.1122
605336.SH,20250417,3.3603,0.82,35.9476,1.7826,339679.8574,339679.8574
002445.SZ,20250417,1.0298,0.51,145.4356,2.3934,521383.6962,519154.3065
002397.SZ,20250417,3.2288,0.65,234.6017,2.3304,275931.3525,216917.4614
688496.SH,20250417,2.7378,0.87,,3.077,317700.0,167989.5936
300083.SZ,20250417,3.9302,0.58,56.2,2.6329,1333554.9338,1195921.2064
300854.SZ,20250417,4.1457,0.81,53.9223,1.3359,132771.159,73804.4734
600560.SH,20250417,2.4519,0.64,62.4068,3.4789,328311.594,328311.594
301180.SZ,20250417,0.5141,0.6,335.6622,3.4934,468811.72,468811.72
000903.SZ,20250417,4.4008,0.63,,2.3712,625875.9045,616403.989
301235.SZ,20250417,2.5254,0.9,31.4631,1.1842,210460.8,101547.336
002547.SZ,20250417,2.4543,0.52,,66.3562,439942.2955,430874.7947
601965.SH,20250417,3.2005,2.39,20.6543,2.7991,1888183.6629,1870109.4619
603729.SH,20250417,4.1841,0.68,,3.707,135620.114,135620.114
000995.SZ,20250417,6.4785,1.09,555.48,15.7078,228324.096,228324.096
002357.SZ,20250417,1.869,0.72,27.2954,1.4722,223204.1936,223196.1836
603701.SH,20250417,1.3138,0.61,183.2308,4.8505,373747.5184,373747.5184
300864.SZ,20250417,2.3849,0.81,18.1073,2.3046,302962.0632,302962.0632
600403.SH,20250417,5.0777,0.61,,1.4895,843956.7779,843956.7779
601966.SH,20250417,1.0767,0.49,10.2716,1.0272,2201108.0352,2201108.0352
603444.SH,20250417,1.9654,0.86,16.2872,3.1395,1539014.0407,1539014.0407
000035.SZ,20250417,0.7298,0.58,29.2617,1.0121,1097843.8169,1064923.6038
600197.SH,20250417,1.3887,0.96,20.0605,1.832,705976.6778,705976.6778
603580.SH,20250417,3.2192,0.61,493.8254,5.0019,217048.1852,217048.1852
600516.SH,20250417,0.5556,0.59,66.4141,1.1235,1916361.8952,1916361.8952
300436.SZ,20250417,3.2707,0.54,,10.8168,482260.476,413981.0079
603557.SH,20250417,0.5717,0.37,,11.391,135909.2416,135909.2416
603861.SH,20250417,1.8291,0.49,24.5322,1.2882,423601.5536,413331.8833
920471.BJ,20250417,21.7565,1.87,216.9674,2.5479,139526.4,88932.3279
601222.SH,20250417,0.9126,0.77,11.5432,0.824,1258763.3543,1258763.3543
301596.SZ,20250417,5.4871,0.61,62.842,7.7838,625645.2353,156411.3088
600261.SH,20250417,1.4741,0.73,17.848,1.1503,399180.8368,399180.8368
688182.SH,20250417,2.7628,0.53,137.401,4.1107,905200.0,905200.0
000629.SZ,20250417,0.9893,0.63,86.3655,1.9751,2463167.0619,2462009.1124
300433.SZ,20250417,2.8058,0.4,26.1658,1.9488,9482215.4414,9449720.135
000813.SZ,20250417,2.8248,0.45,233.5155,1.3544,701445.7408,701336.3908
603004.SH,20250417,4.3043,0.76,26.9992,2.2414,434534.4,108633.6
600722.SH,20250417,4.4699,1.1,63.4776,2.7866,334036.9609,334036.9609
000600.SZ,20250417,20.6888,1.36,22.3454,1.1365,1186900.3907,715073.3747
600322.SH,20250417,2.8565,1.32,,144.371,244359.7,244359.7
600448.SH,20250417,15.4939,5.33,216.0522,1.4843,186426.62,186426.62
603993.SH,20250417,1.8628,0.49,10.5812,2.065,14318494.2523,11698804.5643
301037.SZ,20250417,4.2979,0.57,,2.261,161822.0625,78858.5388
600060.SH,20250417,3.0442,1.11,13.3912,1.5364,3007961.0455,2985192.5643
603156.SH,20250417,0.5346,0.67,21.5782,3.1097,3036008.6565,3036008.6565
601598.SH,20250417,2.7603,0.74,9.1419,0.9051,3581460.4856,2580655.1856
300275.SZ,20250417,2.9267,0.59,66.9718,4.1566,372290.6958,311720.5066
920608.BJ,20250417,5.8793,0.52,37.5944,2.6661,123919.84,81431.0001
301500.SZ,20250417,5.865,1.2,59.1921,1.6823,759970.4704,194468.4013
300598.SZ,20250417,2.2337,0.55,36.0007,5.9069,931719.5959,931458.6667
600577.SH,20250417,2.4848,0.6,23.4537,2.3057,1317413.7605,1317413.7605
688798.SH,20250417,5.9679,1.64,70.5182,4.5815,1797370.6438,1045068.4597
920260.BJ,20250417,4.2395,0.95,28.8613,3.0318,129748.15,123997.7684
601003.SH,20250417,1.5786,0.62,,0.8483,720144.8892,720144.8892
601001.SH,20250417,1.3625,0.64,5.9466,1.0814,1954881.6,1954881.6
300832.SZ,20250417,1.3911,0.99,21.9671,4.6832,4016594.4289,3477220.8729
600400.SH,20250417,3.6611,1.17,,1.8247,516728.6667,515558.6667
688213.SH,20250417,1.4573,0.87,93.5924,8.9757,3661178.5625,2943256.3713
301393.SZ,20250417,5.9728,1.0,36.4316,2.1531,488376.0,182503.398
600111.SH,20250417,2.3838,0.52,86.4641,3.871,8683388.1525,8683388.1525
688410.SH,20250417,2.5636,1.31,49.8487,2.1826,369191.6773,269502.0542
000627.SZ,20250417,2.5734,0.63,,0.8,1744042.0952,1607033.9702
300621.SZ,20250417,9.6291,2.54,,1.925,171646.7775,161821.9218
300919.SZ,20250417,0.7584,0.59,19.9311,1.4516,2923720.2197,2838631.5391
301125.SZ,20250417,4.5981,0.72,,2.5798,155508.4382,64692.7447
600776.SH,20250417,1.3686,0.63,89.29,3.6626,1266048.0645,963648.0645
600231.SH,20250417,0.8551,0.63,,0.8377,467755.0821,462346.3621
301102.SZ,20250417,2.9784,0.74,49.2853,1.3144,398692.0,99673.0
600155.SH,20250417,0.8185,0.71,61.9457,0.7403,1468123.7188,1468123.7188
600110.SH,20250417,2.2915,1.55,,1.0509,609048.5071,609048.5071
300266.SZ,20250417,1.5276,0.43,,27.4577,341837.6091,341712.8361
000705.SZ,20250417,1.9802,0.7,46.3204,1.2989,256272.5604,216267.731
603439.SH,20250417,1.5321,0.72,15.651,3.2116,514711.5833,507223.3113
300204.SZ,20250417,7.8853,1.43,,4.1595,386517.997,381831.2545
300328.SZ,20250417,4.5689,0.47,8613.3507,5.651,617238.6984,613612.9697
301076.SZ,20250417,3.6125,0.67,48.0729,2.752,312499.252,196222.4743
920957.BJ,20250417,12.1059,0.8,80.5401,4.0302,160522.7957,63886.2821
000786.SZ,20250417,2.0382,1.62,13.9351,1.9795,5082039.5887,4910403.3885
301665.SZ,20250417,43.0172,,51.9471,3.9802,1357200.0,108293.3676
301468.SZ,20250417,1.517,0.8,31.8827,1.2161,281556.0,164003.659
600467.SH,20250417,4.5366,0.43,80.4997,1.0003,338950.6785,338950.6785
603336.SH,20250417,15.0673,0.53,304.9235,2.7244,309150.4808,309150.4808
300962.SZ,20250417,1.7257,0.65,35.1061,4.0327,377258.7108,377258.7108
001979.SZ,20250417,3.2548,1.85,22.1441,0.9036,8943045.3067,8214366.4249
688472.SH,20250417,0.646,0.54,14.7469,1.4725,3378407.0688,1265829.9511
603626.SH,20250417,8.6373,0.8,,1.6939,423373.2035,423373.2035
688347.SH,20250417,6.7721,0.77,235.7846,2.058,8973401.1588,2035488.0
688283.SH,20250417,1.0475,0.48,80.2064,3.2245,313635.0,220140.7953
002635.SZ,20250417,1.5565,0.44,32.201,1.4502,843739.3865,505712.8167
002463.SZ,20250417,2.8918,0.53,19.6327,4.2692,5079438.0774,5076143.9234
603959.SH,20250417,0.8095,0.46,,4.7518,176017.3381,176017.3381
688361.SH,20250417,1.9317,0.6,,10.6596,2598400.0,1982553.825
300624.SZ,20250417,4.0091,0.94,672.457,8.2515,1051749.6026,931508.695
000839.SZ,20250417,0.8212,0.65,337.5679,7.2785,999555.7198,999555.7198
300274.SZ,20250417,1.2332,0.59,11.7789,3.3847,11562300.1116,8867200.3614
301356.SZ,20250417,1.7331,0.49,,1.0483,308880.0,78378.3
600152.SH,20250417,2.2197,0.94,,1.6484,290464.5769,290464.5769
300049.SZ,20250417,1.3845,0.66,61.5633,4.9903,802797.2854,703773.0448
600540.SH,20250417,27.8586,0.87,,4.589,307548.4118,307548.4118
300741.SZ,20250417,1.4481,0.94,,1.4621,992182.68,992178.0887
002686.SZ,20250417,3.1853,0.67,245.4743,1.88,309732.8058,285934.7366
300810.SZ,20250417,10.0529,0.52,,5.4417,409397.4,395305.8756
920876.BJ,20250417,7.0493,0.39,1091.4819,6.5682,163596.4998,98505.376
600927.SH,20250417,0.8436,0.66,30.3689,1.4251,1787422.2228,1787422.2228
688157.SH,20250417,0.7093,0.49,50.0122,3.3646,445828.5791,445828.5791
002587.SZ,20250417,1.771,0.75,,2.5485,338802.9611,267915.9517
920199.BJ,20250417,11.4123,0.67,62.9224,3.2596,169933.951,92817.73
603327.SH,20250417,1.5592,0.53,47.3157,3.9899,831060.3105,831060.3105
601311.SH,20250417,2.2379,0.43,14.9612,0.9613,918573.4104,918573.4104
000753.SZ,20250417,25.3528,1.41,75.6173,2.2389,607777.8965,607777.8965
603569.SH,20250417,21.1843,0.78,118.687,1.7324,495479.4531,495479.4531
002291.SZ,20250417,3.4204,0.67,,1.3399,543920.0387,513436.3656
300721.SZ,20250417,31.6457,0.97,323.7057,2.5337,308593.0954,255974.4608
002167.SZ,20250417,5.8881,0.7,27.9738,3.7075,641429.4924,627445.0278
920641.BJ,20250417,3.641,0.41,,3.2491,113343.79,65467.6678
001368.SZ,20250417,18.2152,1.12,24.7815,1.8767,255294.4056,62608.0
300169.SZ,20250417,16.205,1.19,,26.8153,236990.6152,219361.9135
603721.SH,20250417,3.1608,0.51,,5.6987,292760.0,292760.0
300171.SZ,20250417,0.9421,0.49,52.5215,1.1374,890658.0105,654370.5039
301203.SZ,20250417,0.9879,1.05,18.1898,1.7083,231040.0,126617.14
301087.SZ,20250417,0.8101,0.48,25.8675,1.4791,683521.748,296087.4455
300959.SZ,20250417,8.6256,1.68,308.1012,2.6314,305478.0078,198698.1074
688661.SH,20250417,3.9065,0.62,,3.7807,456948.6818,456230.7591
600166.SH,20250417,1.0612,0.55,34.0785,1.3152,1884341.2873,1544341.2875
002955.SZ,20250417,1.7816,0.45,17.7135,1.4666,473989.7437,375421.8654
301097.SZ,20250417,2.1382,0.73,,1.7087,202837.8933,63133.2933
601838.SH,20250417,0.4834,0.51,5.7894,0.9281,7446930.9205,7433969.2539
002456.SZ,20250417,5.9856,1.34,697.4651,11.1089,4071924.9999,3997626.7512
000802.SZ,20250417,2.4702,0.43,,2.5233,305689.4089,305503.6639
301225.SZ,20250417,8.0908,0.63,31.6534,2.7231,387675.0,113175.0
301170.SZ,20250417,3.1615,0.72,22.263,1.3206,221900.0,74503.8681
002207.SZ,20250417,6.7128,1.56,,20.4446,137579.0735,136923.99
600784.SH,20250417,1.5969,0.64,14.5178,1.2329,383770.4933,383770.4933
601996.SH,20250417,2.2489,0.62,,0.842,219699.2255,219699.2255
001212.SZ,20250417,34.5982,0.76,132.1061,3.8691,655085.6577,556492.5049
688296.SH,20250417,3.2361,0.94,,1.7882,123719.0744,122750.3819
002673.SZ,20250417,0.8257,0.68,23.6746,1.1727,3298551.2983,3032585.6207
603926.SH,20250417,1.1852,0.55,22.5346,1.3122,217940.0462,212776.6562
002448.SZ,20250417,3.4405,0.65,14.2196,1.1479,401883.7882,332536.7574
300347.SZ,20250417,0.8749,0.47,93.2319,1.8273,3777230.4052,2489787.0824
600370.SH,20250417,2.8429,0.62,,1.167,646839.2709,646839.2709
603690.SH,20250417,11.8591,0.6,29.2919,2.2305,1095689.1204,1093745.898
600783.SH,20250417,1.6936,0.52,16.0952,1.7696,861223.7032,861223.7032
920706.BJ,20250417,13.2215,0.4,33.8754,3.1579,175847.1812,80586.0936
603071.SH,20250417,0.6678,0.57,8.8217,1.2669,672893.0571,672893.0571
000531.SZ,20250417,2.3289,0.89,38.5612,0.9708,642544.6218,561312.9661
920169.BJ,20250417,10.5745,0.69,92.4979,4.0736,128095.0261,79661.1716
301578.SZ,20250417,3.3143,0.72,43.8608,2.7917,257088.0,73430.76
300111.SZ,20250417,1.1152,0.61,5955.2286,5.2521,357844.5785,357844.5785
300607.SZ,20250417,4.1205,0.53,,4.2663,1263976.8918,894878.4656
002011.SZ,20250417,1.3809,0.58,14.384,2.3763,1217793.556,1047344.8217
601998.SH,20250417,1.3732,0.94,6.0128,0.5969,41233065.2376,30205382.4717
002413.SZ,20250417,1.2215,0.57,,1.5283,557086.6126,528973.3706
300145.SZ,20250417,2.1994,0.56,28.1032,2.5223,664631.4817,658781.6821
002690.SZ,20250417,2.2854,0.86,23.0902,5.3764,1498955.4076,736986.3839
002244.SZ,20250417,5.2897,1.8,18.5766,1.1823,3139446.885,2706494.9237
300753.SZ,20250417,23.6651,2.08,514.5035,3.9318,272011.584,177838.4321
605155.SH,20250417,4.8812,1.06,18.0647,1.7297,220854.1983,218029.3483
300037.SZ,20250417,0.7574,0.4,23.7676,2.3627,2239033.8346,1622181.431
002403.SZ,20250417,3.2588,0.52,,2.7439,458840.1659,400276.4785
001217.SZ,20250417,18.7088,1.18,27.0857,1.671,376008.71,351310.3002
000680.SZ,20250417,1.8303,0.55,13.8171,2.1615,1294782.5566,1134587.6569
605318.SH,20250417,6.4438,0.81,,5.3638,376935.6259,376935.6259
603231.SH,20250417,2.6335,0.78,24.716,1.6469,303845.5996,168644.1134
300967.SZ,20250417,29.1031,0.8,25.1359,5.0008,386390.2304,257067.0992
301328.SZ,20250417,3.582,0.68,39.5649,2.0308,383748.4302,119195.3728
301027.SZ,20250417,7.6218,0.75,289.431,1.7997,169301.0053,135285.3499
300969.SZ,20250417,1.95,0.57,26.7991,4.4639,572720.0,152617.0511
301039.SZ,20250417,1.4362,0.52,14.7116,1.1103,1596754.0058,1238535.36
600371.SH,20250417,20.2823,0.54,44.3724,5.091,291700.266,291700.266
300674.SZ,20250417,4.3471,0.67,40.8882,3.6334,1553149.8744,1551111.334
600704.SH,20250417,0.8455,0.54,7.788,0.6855,2508007.3446,2489238.0853
300539.SZ,20250417,4.0612,0.56,91.4879,5.1105,279818.0378,215892.6313
000581.SZ,20250417,2.506,0.54,10.3724,0.9656,1859379.4364,1536387.2201
003002.SZ,20250417,1.4538,0.62,33.3081,3.4337,473600.0,433046.816
603709.SH,20250417,59.4597,2.92,,2.8543,163169.5104,161740.8
002092.SZ,20250417,0.6684,0.72,,0.522,1137018.568,1130695.7388
603661.SH,20250417,1.6938,0.61,22.1498,0.9748,361296.1465,361296.1465
300955.SZ,20250417,9.1147,1.35,103.363,1.7407,167328.0,97684.9261
002060.SZ,20250417,1.5675,0.67,11.6344,0.9876,1359090.3536,565738.9069
002877.SZ,20250417,2.7191,0.89,45.1192,2.3582,271068.659,182726.6121
301600.SZ,20250417,6.8319,0.71,63.8897,8.6053,1081362.25,270533.25
002250.SZ,20250417,2.0314,0.77,,0.8968,565026.5325,562051.1767
000503.SZ,20250417,2.039,0.65,,7.4077,1029396.8461,1001911.9551
002492.SZ,20250417,12.1397,3.4,26.843,1.3554,227610.0,223583.1155
301086.SZ,20250417,2.2169,0.6,32.7501,1.9201,373410.0,134829.0158
688411.SH,20250417,3.0415,0.69,18.6704,3.3927,1208031.816,242309.1417
688095.SH,20250417,10.1991,2.82,227.1475,2.276,582469.7679,582469.7679
300860.SZ,20250417,9.4824,1.59,50.9945,1.5726,499094.5306,292500.1408
301510.SZ,20250417,2.3432,0.57,235.4409,8.9313,1210830.27,848772.9794
000537.SZ,20250417,1.293,0.7,16.9216,0.8909,1738012.578,1738007.7843
600312.SH,20250417,2.1703,0.58,20.3468,2.1625,2343403.1006,2343403.1006
002786.SZ,20250417,2.3285,0.7,15.6293,10.879,405906.228,404677.728
000421.SZ,20250417,2.7359,0.61,73.007,1.2343,335267.4985,334275.7356
605108.SH,20250417,12.4512,2.79,32.8531,2.7324,606060.0,606060.0
605178.SH,20250417,3.1214,1.28,,1.0161,148877.4,148877.4
600433.SH,20250417,2.3204,0.73,38.5018,1.1752,546087.1207,546087.1207
002368.SZ,20250417,2.0812,0.52,77.3314,2.8198,1477681.3791,1470533.2836
603458.SH,20250417,2.6778,0.67,,0.6546,196225.8135,196225.8135
600990.SH,20250417,1.6396,0.71,,2.4,510505.3688,502515.7161
603517.SH,20250417,10.8371,0.93,58.8098,1.6763,1070805.4209,1070805.4209
600115.SH,20250417,0.7462,0.75,,5.5206,8537566.5863,6554860.6977
600589.SH,20250417,12.187,0.91,,13.1639,876732.6448,876732.6448
603222.SH,20250417,1.6647,0.69,,2.1169,313479.0972,313479.0972
000937.SZ,20250417,0.779,0.6,9.3282,0.9961,2091859.7352,2032569.338
002838.SZ,20250417,10.999,1.17,52.7192,2.404,743023.1748,648690.1896
688262.SH,20250417,2.7175,0.64,,4.1398,910559.7642,716390.2344
300733.SZ,20250417,3.6108,0.73,85.0095,2.6537,431309.2311,343940.8123
002507.SZ,20250417,1.7835,0.82,19.8203,1.8216,1584330.8254,1577459.6291
002333.SZ,20250417,2.2519,0.93,67.7342,1.8457,346236.4224,334764.8703
000534.SZ,20250417,4.6649,1.41,38.0549,5.6854,733471.7798,723726.7354
003042.SZ,20250417,4.1061,0.36,,1.4221,202179.12,180731.9922
002475.SZ,20250417,2.2282,0.39,16.8735,3.3084,21350828.0415,21312104.5508
301399.SZ,20250417,2.86,0.73,39.4023,2.1081,275998.8,81572.8253
600606.SH,20250417,2.3361,1.52,,0.3152,2557867.7331,2557867.7331
300320.SZ,20250417,2.8074,0.8,36.2821,2.5252,586804.5704,474128.844
003036.SZ,20250417,3.7062,0.73,29.2243,1.9776,267890.6776,267890.6776
301233.SZ,20250417,6.3056,1.19,25.9368,2.4177,223225.39,80965.5014
300313.SZ,20250417,4.1744,0.37,,79.3941,163061.2233,102820.8031
605118.SH,20250417,4.1204,0.44,45.4742,4.6761,688717.068,682733.532
300890.SZ,20250417,2.3726,0.53,61.9838,1.5126,306864.795,279953.3495
301309.SZ,20250417,3.472,0.8,16.0184,1.5406,234100.0,58525.0
002436.SZ,20250417,2.4845,0.65,,3.6549,1851800.8427,1644463.6102
301290.SZ,20250417,1.2235,0.63,23.7723,1.0309,231600.7482,157594.6478
002173.SZ,20250417,10.356,0.94,,2.2111,392743.0733,370510.9543
300936.SZ,20250417,4.9042,1.12,69.7064,2.6402,266884.8,168436.516
002268.SZ,20250417,1.0472,0.64,210.4126,2.3746,1252447.6414,1252081.6937
688507.SH,20250417,1.9269,0.54,169.092,2.4627,702890.0882,383087.6378
001316.SZ,20250417,36.3768,2.46,34.6776,2.5162,298175.36,98381.416
603838.SH,20250417,2.3607,0.78,,1.6688,162248.112,162248.112
002519.SZ,20250417,2.2396,0.5,24.5883,1.5501,496756.026,492987.517
603529.SH,20250417,1.3595,0.78,18.4183,4.2588,3661431.2925,3580916.1417
000900.SZ,20250417,1.1101,0.69,17.3687,0.5395,591953.0503,591926.7253
600958.SH,20250417,0.5755,0.79,19.8692,0.9979,7748940.5063,6812168.372
601156.SH,20250417,4.3113,1.21,7.3543,1.1287,1976506.6672,1176021.4672
600770.SH,20250417,1.0743,0.54,650.3018,1.5564,516100.0,516100.0
600097.SH,20250417,4.9791,0.7,38.0358,1.0379,232744.716,232744.716
688089.SH,20250417,7.0703,0.96,33.9971,2.7138,422287.5821,422287.5821
603813.SH,20250417,3.5714,0.88,,2.3294,141980.28,121601.584
300174.SZ,20250417,1.9334,0.77,19.1804,1.6204,524098.708,522276.9916
688007.SH,20250417,1.9686,0.93,225.9743,2.3894,654949.1728,654949.1728
002416.SZ,20250417,1.4861,0.64,22.1367,2.4503,1468548.9401,1450326.6002
000953.SZ,20250417,19.2222,1.02,28.8573,14.2693,206492.918,206492.918
301428.SZ,20250417,20.0461,2.21,44.6718,3.1427,390029.3347,241910.4247
600810.SH,20250417,2.2856,1.0,226.4553,1.0938,759299.11,751949.262
300073.SZ,20250417,1.5476,0.55,39.8476,1.428,1880130.8731,1878163.2829
603477.SH,20250417,8.2088,0.52,22.1223,3.7294,1147148.0912,1147148.0912
301119.SZ,20250417,10.512,1.14,35.6495,3.1164,311688.0,249214.0365
688369.SH,20250417,5.5972,1.54,,3.0722,343119.4154,343119.4154
601107.SH,20250417,4.2019,0.81,11.9059,1.0589,1736978.08,1228436.32
000980.SZ,20250417,2.4921,0.57,,11.343,1023637.191,1013277.217
920198.BJ,20250417,5.1219,0.54,498.3464,4.6302,204932.1174,89210.3601
300994.SZ,20250417,10.5238,1.33,35.6647,2.979,333315.84,333315.84
000521.SZ,20250417,2.7774,0.55,11.3999,1.3099,797160.9554,677698.7621
688509.SH,20250417,1.5942,0.69,,2.0253,263340.0,131598.9324
300863.SZ,20250417,4.087,0.9,34.6265,3.8739,590006.3841,566269.5413
300427.SZ,20250417,2.6645,0.9,,1.9993,238496.0198,232064.4502
300743.SZ,20250417,2.5038,0.6,24.9528,3.6759,224046.1352,189095.404
002449.SZ,20250417,2.4108,0.59,71.5418,1.3295,510243.6644,508607.4584
002846.SZ,20250417,4.6909,0.48,,2.7135,373794.336,228746.1054
003033.SZ,20250417,7.0947,0.55,22.763,2.3702,298142.25,294270.5073
002798.SZ,20250417,2.9509,0.99,,0.8712,155708.3802,128167.7415
002627.SZ,20250417,8.4269,1.24,29.2134,1.2941,400704.562,396591.6599
002384.SZ,20250417,4.4226,0.5,36.1111,2.0891,3933837.0153,3196857.8932
003020.SZ,20250417,1.6537,0.37,27.7764,2.8626,484080.3255,349371.4268
603992.SH,20250417,1.4459,0.38,20.4324,2.8258,912131.4313,894950.9533
001314.SZ,20250417,4.2657,0.66,104.4794,2.7923,572433.1761,209430.2305
300662.SZ,20250417,3.7588,0.84,30.5688,3.138,622104.9008,620452.4343
001308.SZ,20250417,0.7424,0.45,16.404,1.7793,1367210.6656,467792.2206
300749.SZ,20250417,11.1993,1.23,,2.2241,158595.9462,121666.2191
002228.SZ,20250417,1.3704,0.64,27.7975,1.1461,355075.3461,353868.3619
000635.SZ,20250417,2.4004,1.0,,1.7892,241271.9559,240954.6436
603070.SH,20250417,1.6972,0.67,48.7932,2.2833,477992.0,471336.9543
002923.SZ,20250417,27.7722,0.75,108.237,3.6275,416942.1411,321315.6171
603810.SH,20250417,1.5129,0.6,,1.4126,207383.6346,207383.6346
300840.SZ,20250417,9.5977,1.03,26.8347,3.5011,465120.0,331797.4819
003008.SZ,20250417,2.9811,0.92,24.1172,1.9429,206336.0,154451.0768
688198.SH,20250417,0.7071,0.87,100.604,11.589,1463395.7213,1463395.7213
601126.SH,20250417,1.9386,0.79,19.1475,2.9947,1370168.784,1346195.4828
688125.SH,20250417,3.0264,0.81,,1.3629,258876.1015,69304.154
002306.SZ,20250417,0.103,0.01,,,183519.8875,171745.6417
920832.BJ,20250417,3.0408,0.8,90.7649,1.4752,111149.8559,98138.5865
600718.SH,20250417,2.2485,0.75,131.7946,1.2582,1206110.8749,1206110.8749
002702.SZ,20250417,24.7327,2.09,,2.2481,244534.4,203235.989
300800.SZ,20250417,2.3306,0.8,70.7864,1.1114,223026.978,220787.373
920266.BJ,20250417,3.8964,0.67,,1.3325,124000.007,77855.236
688393.SH,20250417,5.653,0.69,125.6803,2.2042,276960.389,276960.389
603168.SH,20250417,2.1221,0.65,,1.4641,244727.1783,210007.7168
920010.BJ,20250417,7.8267,0.64,79.9653,4.618,307195.0,227505.2149
002407.SZ,20250417,0.5386,0.54,181.16,1.4748,1308285.3933,1187525.3578
002468.SZ,20250417,2.1887,0.8,22.0861,1.8118,1705313.6129,1662138.8619
300168.SZ,20250417,1.2355,0.72,,5.8888,1042404.8621,1040528.98
688238.SH,20250417,2.0392,0.54,,2.0861,362811.5153,358400.4463
688607.SH,20250417,1.7936,0.47,85.5543,1.736,149554.9588,149554.9588
002716.SZ,20250417,6.8587,1.08,61.0291,3.1493,1036073.5331,811245.8253
002287.SZ,20250417,5.04,0.49,22.2869,3.5364,1282572.6272,1279847.5219
688239.SH,20250417,4.576,2.04,31.9472,3.2566,602554.0383,598119.9339
688383.SH,20250417,1.4816,0.6,98.4762,3.0419,423854.44,423854.44
688093.SH,20250417,2.8538,0.78,19.9844,2.8536,558879.4319,558879.4319
600508.SH,20250417,0.7196,0.61,11.766,0.6573,841966.47,841966.47
603078.SH,20250417,18.24,1.31,76.0852,3.9649,750450.0846,750450.0846
300455.SZ,20250417,2.0117,0.63,122.4067,4.6994,871370.2743,860267.6373
603598.SH,20250417,4.3297,0.63,132.0726,19.5898,427124.4739,426169.8739
002797.SZ,20250417,0.9578,0.55,44.9133,1.8507,2891251.2,2891248.62
301120.SZ,20250417,3.6437,0.71,178.8277,1.9934,313496.2504,132920.943
000584.SZ,20250417,2.9062,0.29,,2.5455,143056.2645,142666.5672
920371.BJ,20250417,51.4071,1.1,67.5732,5.5856,307962.8585,87639.2823
688256.SH,20250417,3.6046,0.88,,52.0299,28261822.1781,28261822.1781
002476.SZ,20250417,2.5507,1.1,90.837,2.9296,261936.0,261915.0066
300578.SZ,20250417,2.1587,0.83,,2.8793,338049.9067,330871.3793
002495.SZ,20250417,16.8106,1.62,,2.2121,245133.9072,187050.9446
688776.SH,20250417,10.6375,0.82,184.354,4.8076,887443.4348,887443.4348
603023.SH,20250417,0.8521,0.65,,2.2515,172458.2788,172458.2788
002327.SZ,20250417,1.4287,1.31,13.4128,1.9099,696160.4574,404869.1553
688305.SH,20250417,4.7228,1.78,61.8447,4.4164,806743.5342,802537.6312
001872.SZ,20250417,2.3922,0.71,10.551,0.7748,4765138.0078,3323805.5457
000877.SZ,20250417,0.6932,0.85,,0.4813,3981875.3486,1020398.7623
688253.SH,20250417,2.1593,0.75,17.1564,2.112,421519.3674,212556.1905
603377.SH,20250417,1.1295,0.5,,1.2687,215175.0329,215175.0329
002487.SZ,20250417,4.8495,1.0,34.7221,2.2626,1645393.3204,1627774.2863
300263.SZ,20250417,2.0555,0.56,59.964,1.9836,625886.1221,534578.9884
603421.SH,20250417,1.9235,0.7,82.1764,1.2009,402401.5453,402401.5453
688006.SH,20250417,0.8224,0.67,33.5281,1.9371,1005114.1331,1005114.1331
603258.SH,20250417,3.1187,0.53,282.4971,2.2472,487842.0383,480081.4883
300146.SZ,20250417,0.8109,0.65,29.4662,1.7407,1923656.1825,1278015.3637
920505.BJ,20250417,29.6369,0.7,103.0994,7.6149,250519.1733,140102.5116
601801.SH,20250417,2.8451,0.72,18.2468,1.1218,1286360.8227,1286360.8227
920221.BJ,20250417,7.8141,0.71,32.0377,4.4291,177444.5,75941.5796
300879.SZ,20250417,4.699,0.61,,2.5862,314325.3876,312197.1797
603190.SH,20250417,2.1368,0.64,23.054,1.1375,238080.0,80390.6483
688711.SH,20250417,1.5386,0.69,,3.0668,319113.3933,319113.3933
920833.BJ,20250417,15.1191,0.56,66.3649,2.7044,164555.28,63391.2133
601991.SH,20250417,2.8267,0.84,12.0745,1.7964,5440972.8882,3644450.1972
002129.SZ,20250417,0.7164,0.5,,0.9033,3133414.7241,3131044.6447
300645.SZ,20250417,8.7698,2.3,90.6152,1.8779,192811.6112,192786.1674
600572.SH,20250417,0.7563,0.58,23.2537,1.6872,1131972.4599,1129019.5283
300386.SZ,20250417,8.4743,0.51,,4.1472,631664.484,375053.0962
600233.SH,20250417,0.7343,0.73,11.478,1.4979,4584182.0725,4584182.0725
603319.SH,20250417,6.0627,0.62,34.7214,3.0481,722764.4611,721177.5653
603110.SH,20250417,27.0363,3.06,72.4918,5.1424,360799.5305,360799.5305
600667.SH,20250417,1.2888,0.69,20.2361,1.6276,1347961.7139,1347961.7139
920278.BJ,20250417,2.6521,0.48,62.9732,4.349,173888.0,74641.424
688416.SH,20250417,2.6471,0.67,,2.3179,315839.6803,182698.0095
002218.SZ,20250417,1.2574,0.67,,1.0316,433797.3085,427466.2624
603178.SH,20250417,3.1585,0.59,153.5522,3.0015,382278.0116,382278.0116
920493.BJ,20250417,10.1492,0.77,754.2448,24.9171,869548.59,484360.3369
600731.SH,20250417,4.5715,1.28,14.2527,1.1972,378268.6156,377754.2642
603600.SH,20250417,3.9895,0.52,10.3024,1.4686,320945.5617,291492.6749
301273.SZ,20250417,2.299,0.58,,1.5717,150017.9124,72511.5387
002771.SZ,20250417,2.5893,0.55,454.4427,4.7894,320939.073,267007.4222
920427.BJ,20250417,21.8803,1.14,94.9294,4.2749,145260.855,71323.8111
600594.SH,20250417,4.233,2.26,,1.0856,287469.6462,287469.6462
688151.SH,20250417,1.0794,0.59,240.5226,1.3706,575659.5,170697.9972
603768.SH,20250417,2.0446,0.78,30.5755,1.091,265558.7364,265558.7364
002155.SZ,20250417,13.5871,1.15,34.5471,4.2352,2924562.0402,2924299.2592
300027.SZ,20250417,2.3397,0.52,,10.3263,643685.3732,576491.8872
688215.SH,20250417,2.6712,1.17,76.9173,2.7263,126642.516,126642.516
600800.SH,20250417,14.8769,2.84,,1.9639,365204.8761,365101.2411
600716.SH,20250417,5.4548,2.36,,0.6262,315452.4188,315452.4188
002701.SZ,20250417,1.6855,0.85,16.2373,1.4881,1346434.0067,1345195.4303
300979.SZ,20250417,1.9497,0.44,16.8441,3.7108,6468681.0,6468638.5961
600489.SH,20250417,5.4224,1.19,19.901,2.6492,7062534.4057,7062534.4057
920014.BJ,20250417,4.3246,0.76,27.95,2.0908,169871.7766,93546.4762
003027.SZ,20250417,2.2321,0.99,111.3965,1.121,188633.5776,151314.3768
600377.SH,20250417,1.4631,0.66,15.877,2.0348,7853848.3525,5927603.2986
603163.SH,20250417,7.3769,1.19,23.1813,2.3883,265200.0,92827.293
000739.SZ,20250417,0.9212,0.48,15.2187,2.3276,1569232.239,1568648.2395
002314.SZ,20250417,2.8463,1.13,,0.6067,601127.7179,297101.8317
301353.SZ,20250417,2.7492,0.71,27.8495,1.5854,199424.0,65600.0
600744.SH,20250417,9.905,0.71,,6.052,743391.4843,743391.4843
002276.SZ,20250417,8.5545,0.41,41.3285,2.4311,1372334.1481,1359877.7536
688352.SH,20250417,1.5359,0.6,42.1678,2.2005,1321020.427,399827.9277
605077.SH,20250417,1.8511,0.43,16.8045,1.4806,451174.3777,441655.9077
002517.SZ,20250417,0.8778,0.46,20.8178,5.8982,3454628.7094,3057478.1301
301220.SZ,20250417,7.8871,0.77,116.2549,4.046,654480.0,381590.9919
301212.SZ,20250417,16.3936,1.95,144.757,1.8831,251532.0,62883.0
300042.SZ,20250417,5.5591,0.54,,4.5647,471140.4,471097.0241
688450.SH,20250417,1.3283,0.89,,1.4504,147180.0,107435.2341
601136.SH,20250417,2.4126,0.59,54.6174,4.0662,5379200.9184,947560.1184
002773.SZ,20250417,2.5167,0.57,20.19,2.8557,2408899.2472,1794907.6312
600329.SH,20250417,1.0081,0.6,10.3562,2.9435,2308742.8793,1700133.8893
920541.BJ,20250417,11.5055,0.5,40.8155,5.5566,231843.2,152739.5281
600336.SH,20250417,1.7747,0.39,,2.0011,496365.1863,496365.1863
603150.SH,20250417,2.8244,0.55,17.6038,1.6227,248926.496,155839.6986
920547.BJ,20250417,20.3049,1.25,38.2149,2.7329,181789.92,83313.36
601199.SH,20250417,1.5103,0.44,14.2634,1.2499,483503.721,483503.721
600936.SH,20250417,2.0247,0.85,,6.7084,621621.7609,621621.7609
688517.SH,20250417,2.5362,0.9,19.8093,2.1998,179099.8842,179099.8842
300494.SZ,20250417,3.228,0.91,,3.1033,528769.8619,429419.2173
300010.SZ,20250417,3.4463,0.71,59.342,13.3182,1444562.2486,1162669.4748
688286.SH,20250417,3.6034,0.84,,3.419,351344.9118,351344.9118
603179.SH,20250417,1.1042,0.61,21.2489,3.8165,1976504.1966,1976504.1966
002414.SZ,20250417,1.1845,0.63,,4.6263,3151803.2477,2508175.9741
002021.SZ,20250417,2.0132,0.74,3.9787,3.929,248314.8355,248306.7125
002755.SZ,20250417,2.2468,0.57,108.0384,5.8996,1762576.5065,1762559.8428
300278.SZ,20250417,2.5019,0.56,88.4243,4.275,764770.5013,762381.0668
688069.SH,20250417,1.1661,0.72,,1.2912,160573.0,160573.0
688695.SH,20250417,6.2093,1.44,64.8909,3.0977,251326.822,151500.4683
688601.SH,20250417,4.59,1.11,40.7588,4.0545,512978.8899,512978.8899
603315.SH,20250417,9.7851,1.15,41.689,2.5503,412068.1755,403451.9755
688299.SH,20250417,2.7427,0.56,238.2999,2.2915,489777.8004,483601.9773
300975.SZ,20250417,2.7332,0.41,128.0243,3.3256,696623.6825,475116.4573
300941.SZ,20250417,34.999,3.76,67.9604,4.0896,514536.75,304777.8638
920896.BJ,20250417,5.7256,0.52,48.9094,4.2556,176535.0746,77436.7566
600426.SH,20250417,0.8948,0.69,11.2946,1.4211,4407804.7158,4399410.524
002942.SZ,20250417,2.028,0.58,42.0102,2.0805,242514.9391,213496.8819
002040.SZ,20250417,43.3774,2.49,26.854,1.2251,400255.0525,397013.0985
688185.SH,20250417,1.7939,0.65,,2.7306,1340683.5528,621872.6166
300006.SZ,20250417,1.6563,0.62,,1.875,351618.4313,351588.359
300694.SZ,20250417,2.6041,0.45,53.2326,1.9467,267208.3685,267208.3685
002822.SZ,20250417,0.9697,0.76,,1.1985,227748.2645,174360.6458
688165.SH,20250417,4.2461,0.52,,7.5187,1235575.04,1235575.04
600791.SH,20250417,3.7724,1.74,,2.6888,184322.16,184091.6743
301446.SZ,20250417,2.9987,0.85,31.7065,1.8389,204256.0,62400.208
000544.SZ,20250417,1.2917,0.65,7.6017,0.9411,784621.0128,784621.0128
000681.SZ,20250417,4.2879,0.56,126.336,3.7781,1323390.7766,1277260.6542
600210.SH,20250417,1.5626,0.64,11.7204,1.5384,947960.0988,947960.0988
920363.BJ,20250417,11.8341,0.74,,4.1928,145561.2506,79131.2899
600137.SH,20250417,4.1482,1.05,53.1466,2.7052,144270.9006,144270.9006
300250.SZ,20250417,3.1481,0.53,,5.3858,301621.0779,222163.789
600909.SH,20250417,0.9988,0.49,16.9118,1.141,2512299.7426,2512299.7426
688610.SH,20250417,1.3167,0.95,148.3214,1.6091,233716.0,138348.0762
300750.SZ,20250417,0.6353,0.58,18.3619,3.8048,99516724.9886,88197773.1258
300315.SZ,20250417,1.4603,0.61,62.8091,2.6943,1302960.5908,1237268.6431
000938.SZ,20250417,2.0701,0.62,33.2727,5.2794,7133039.2058,7133039.2058
001231.SZ,20250417,3.9873,0.71,31.9691,1.7934,168900.0,60198.4935
600887.SH,20250417,0.5277,0.59,15.8548,3.3603,18893993.2924,18800706.2447
002354.SZ,20250417,3.1385,0.71,,6.4646,901749.2719,882012.1852
300307.SZ,20250417,4.94,0.74,22.3301,1.9776,633810.5232,624204.5647
300637.SZ,20250417,6.1119,1.39,,3.0884,209631.8661,209238.1469
001311.SZ,20250417,1.9151,0.52,13.9402,1.2989,592356.2683,150351.1086
300762.SZ,20250417,2.4091,0.56,,5.089,1223905.2896,1223905.2896
000625.SZ,20250417,0.8183,0.49,16.7506,1.6015,12263724.4562,10218520.2639
301136.SZ,20250417,2.724,0.67,,2.037,296670.796,296670.796
002681.SZ,20250417,3.2629,0.55,360.7094,4.8739,1204205.7193,1029470.7608
301234.SZ,20250417,3.5857,0.83,44.736,2.3971,181424.0,49123.4828
000922.SZ,20250417,4.2218,1.78,28.7596,1.6591,737624.8699,623145.1969
688585.SH,20250417,2.7177,0.85,33.0216,2.3129,292840.6145,292840.6145
688226.SH,20250417,3.1105,0.59,61.2075,3.4511,581332.017,488392.017
600256.SH,20250417,0.7438,0.46,15.5583,1.3722,3617731.0816,3617731.0816
600030.SH,20250417,0.5368,0.6,17.1875,1.4219,37303316.3686,30648378.8016
603057.SH,20250417,8.5972,1.05,29.2626,4.9646,992153.8975,163008.3104
000828.SZ,20250417,1.6834,0.57,11.4269,1.1096,1091492.8416,1091491.4241
002183.SZ,20250417,2.4041,0.49,110.3974,1.2655,1168654.091,1168647.341
002617.SZ,20250417,1.7003,0.49,74.9203,2.1753,1321105.0554,1299428.7345
301089.SZ,20250417,2.9949,0.64,,2.1123,331420.0455,238264.7507
300688.SZ,20250417,7.9131,1.54,,9.2428,448911.7224,397724.7306
688682.SH,20250417,2.2033,0.66,156.7375,3.4784,226227.8315,226227.8315
688167.SH,20250417,2.3623,0.66,,2.757,584650.8357,584650.8357
688689.SH,20250417,3.9723,0.9,40.0753,2.338,279462.0661,279462.0661
300644.SZ,20250417,2.832,0.64,30.3118,2.4525,228699.3238,183668.0102
300222.SZ,20250417,1.9074,0.56,,4.2866,705901.0792,574859.7827
920184.BJ,20250417,2.9443,0.46,153.7229,3.1823,183954.0,121058.7543
600533.SH,20250417,3.5824,1.48,,0.5506,223650.0,223650.0
002736.SZ,20250417,0.3599,0.57,11.6867,1.0827,9602816.9476,9129702.9652
688220.SH,20250417,3.22,0.63,,6.7187,3817413.913,3289084.8499
002512.SZ,20250417,2.4921,0.66,,10.9414,489809.3652,447690.2671
600966.SH,20250417,1.0339,0.86,13.6862,0.8567,580190.421,580190.421
600358.SH,20250417,2.6134,0.79,,24.5039,207528.9673,207528.9673
002893.SZ,20250417,3.5283,1.01,42.1809,2.2414,260476.32,200345.2746
300648.SZ,20250417,2.6145,0.46,,4.45,363400.6003,261119.8305
002382.SZ,20250417,0.8071,0.79,,0.5334,461265.1452,457861.3465
002243.SZ,20250417,1.1924,0.52,38.2719,1.2903,939428.8739,934414.417
688147.SH,20250417,1.7539,0.52,62.2325,5.1199,1334131.746,284731.746
002898.SZ,20250417,7.0169,0.9,820.5203,2.3537,124432.0,71592.6306
002760.SZ,20250417,4.5276,0.53,,2.4174,195783.524,195783.524
002963.SZ,20250417,2.9639,0.77,,1.1954,158479.3662,129635.7266
688728.SH,20250417,0.9827,0.77,196.5498,4.723,3672028.3738,2045828.6883
300059.SZ,20250417,1.2358,0.54,33.2626,4.0067,31965723.5119,27052539.3331
600616.SH,20250417,4.5556,1.4,647.9421,1.8995,373304.7621,373304.7621
300831.SZ,20250417,3.0468,0.56,77.6114,4.8226,440640.0,254034.7985
688126.SH,20250417,0.7444,0.59,,4.0406,4964149.1751,4915579.207
301011.SZ,20250417,15.0268,1.05,44.5352,5.0318,376998.44,355450.2442
000661.SZ,20250417,1.5117,0.8,10.2618,1.6247,3806057.1456,3728518.1
301157.SZ,20250417,4.6005,0.81,65.0703,2.4381,261600.0,90077.8398
301279.SZ,20250417,5.249,0.6,50.3563,1.6325,214200.0,61582.5
000889.SZ,20250417,4.495,0.91,,24.267,243435.6902,226160.9158
688679.SH,20250417,1.9818,0.75,65.4571,1.2442,142356.5387,142356.5387
603177.SH,20250417,4.2339,0.78,,4.3808,154615.5,153144.0
002967.SZ,20250417,2.8268,0.66,32.9299,3.4758,1159492.7418,1053085.6243
688709.SH,20250417,4.3558,0.96,169.88,7.3423,2062110.6702,705632.2487
688367.SH,20250417,1.5319,0.87,50.8579,2.2498,133715.1396,133715.1396
600017.SH,20250417,5.3726,0.46,14.9819,0.7126,981133.5903,981133.5903
688570.SH,20250417,0.8139,0.86,23.9978,1.8757,814906.0,350070.82
300570.SZ,20250417,5.2365,0.6,56.4738,9.5644,1475416.128,1248485.8774
601038.SH,20250417,3.0177,0.39,16.0743,2.0427,1482088.1177,965119.2577
600313.SH,20250417,4.1327,0.37,86.1364,3.6829,706675.7269,706675.7269
301081.SZ,20250417,2.632,1.01,30.5471,1.9836,196214.7755,187531.2558
688608.SH,20250417,2.3035,0.82,100.4944,7.1001,4617912.5636,4617912.5636
601519.SH,20250417,2.785,0.57,,12.0239,1723324.416,1723324.416
002094.SZ,20250417,40.5235,0.79,150.4096,3.2912,493300.85,492983.834
600511.SH,20250417,0.7157,0.68,11.0113,1.2858,2202394.2512,1615218.2117
920066.BJ,20250417,30.7939,3.7,41.6742,5.6206,202208.1294,54190.3624
002660.SZ,20250417,5.5255,1.12,55.2791,2.3928,310264.6365,223663.8969
600288.SH,20250417,2.2885,0.78,,1.9526,363417.6,363417.6
603122.SH,20250417,1.918,0.68,91.8373,2.1611,253161.4746,253161.4746
600079.SH,20250417,0.7986,0.54,17.0863,1.8959,3341166.5504,3158886.9422
920556.BJ,20250417,10.4083,1.14,64.8424,3.3068,170994.112,125255.8953
300996.SZ,20250417,5.75,0.96,36.4296,3.4571,441708.6586,368214.9018
301202.SZ,20250417,4.1416,0.57,67.3528,4.2114,498678.4,135930.08
300384.SZ,20250417,1.9152,0.53,16.025,2.1355,544545.4014,375012.8391
603776.SH,20250417,2.8593,0.5,,1.2908,383758.8837,383758.8837
603538.SH,20250417,2.0751,0.52,143.7823,1.3882,291843.1151,284775.2246
002302.SZ,20250417,1.3949,0.67,,0.8358,742264.3308,742264.3308
688739.SH,20250417,0.6173,0.43,30.7732,1.0746,1026549.25,453489.962
688523.SH,20250417,4.9007,1.6,78.5478,4.841,789347.2,165531.0723
301219.SZ,20250417,3.147,0.65,17.8451,1.5616,1346268.0874,785373.1612
920871.BJ,20250417,4.2764,0.4,44.405,5.0383,131341.3472,68290.1339
002356.SZ,20250417,4.1779,2.53,,6.8465,385508.8292,385508.8292
300160.SZ,20250417,2.1805,0.84,17.8263,1.5489,391110.8238,385753.9156
600223.SH,20250417,4.2054,0.88,32.4767,1.9267,790890.507,790890.507
002685.SZ,20250417,13.1848,1.46,57.4911,4.6211,707398.83,707273.6283
688315.SH,20250417,3.2257,0.93,28.0197,2.2501,569777.8,569777.8
603027.SH,20250417,5.0475,1.57,23.7047,3.2336,1232249.5721,1152529.8654
603990.SH,20250417,8.5222,1.44,,4.4402,407049.7495,407049.7495
603666.SH,20250417,5.093,0.47,,2.9015,666552.354,666552.354
001339.SZ,20250417,10.5912,1.03,91.4292,5.6293,1142156.4296,333497.1729
002006.SZ,20250417,3.7071,0.76,73.1479,3.698,831669.504,728256.0
603353.SH,20250417,8.9244,0.76,63.5498,1.5591,258010.272,253581.984
002958.SZ,20250417,2.6105,1.42,6.1162,0.4728,1666685.6268,1481892.8691
002982.SZ,20250417,10.096,0.44,,2.019,320465.309,204832.2121
002300.SZ,20250417,7.216,0.67,44.4165,2.1436,403784.5383,403751.758
600657.SH,20250417,8.8332,2.44,,0.5372,1280493.4892,1280493.4892
002867.SZ,20250417,2.1743,0.88,13.9477,2.5519,1500323.0568,1491592.8219
300369.SZ,20250417,1.8783,0.75,,2.1273,518751.234,518050.6651
601992.SH,20250417,1.8255,1.42,,0.3875,1676410.068,1308462.8474
688550.SH,20250417,1.5035,0.5,25.4006,2.1622,635763.4723,635763.4723
920396.BJ,20250417,22.2124,0.76,55.2268,6.3849,209331.1772,147778.8813
001215.SZ,20250417,7.6745,1.7,23.7301,1.614,288458.7023,287386.5307
300211.SZ,20250417,4.3142,0.49,,5.6273,275056.3993,270126.0507
300071.SZ,20250417,5.65,0.63,,18.7673,480014.3993,470784.7313
000608.SZ,20250417,5.7503,1.11,,0.4394,106487.6899,105755.8645
002687.SZ,20250417,2.8837,1.16,24.7441,1.4888,218569.5196,178755.3311
300785.SZ,20250417,6.2541,0.63,94.5308,3.329,609889.0303,374983.8812
600831.SH,20250417,1.0204,0.97,,0.7052,181291.483,181291.483
603800.SH,20250417,4.1431,1.27,26.4011,7.679,605072.0,605072.0
300740.SZ,20250417,3.2319,0.55,21.794,2.2792,454356.0754,418099.7995
603822.SH,20250417,2.9633,0.67,,4.7728,426153.1896,426153.1896
301418.SZ,20250417,2.2231,0.7,49.8537,1.4294,230266.6688,92430.0888
300834.SZ,20250417,1.3794,0.9,38.5805,1.2818,376383.1019,133844.1573
002876.SZ,20250417,1.7497,0.69,58.6332,1.6907,399239.8039,341987.8454
301313.SZ,20250417,3.036,0.78,,2.4126,212527.602,135394.3335
301163.SZ,20250417,3.8616,0.78,52.4837,1.4924,165648.0,67898.2646
300172.SZ,20250417,1.5155,0.54,43.3447,1.7069,321437.25,248668.3838
300666.SZ,20250417,2.5096,0.52,47.1638,4.1965,1889210.711,1570110.3246
000514.SZ,20250417,5.2537,1.63,52.8706,0.9344,345102.3247,345102.3247
600282.SH,20250417,1.5039,0.9,11.5352,1.0019,2607833.4977,2607833.4977
000166.SZ,20250417,0.4862,0.76,22.5379,1.1208,11743733.9986,10569152.9312
688566.SH,20250417,1.5712,0.48,20.5381,1.9334,444331.9672,444331.9672
600741.SH,20250417,0.6217,0.59,7.5198,0.8691,5224063.6415,5224063.6415
688631.SH,20250417,2.6182,0.62,97.4138,6.5543,1263296.16,473225.6256
001317.SZ,20250417,14.7782,0.59,214.3963,3.7036,300253.6563,157487.9031
605305.SH,20250417,1.2266,0.51,14.9539,1.9511,488370.96,488370.96
300558.SZ,20250417,1.8839,0.57,46.6051,3.7996,2141810.7594,2135132.3426
000707.SZ,20250417,1.4731,0.93,6.2551,1.2938,306336.2049,306336.2049
603138.SH,20250417,2.054,0.69,,4.6009,379689.1959,365220.9171
600732.SH,20250417,2.0305,0.6,,2.9506,1802031.0187,1576068.9816
002599.SZ,20250417,4.6427,0.73,164.6056,3.0664,442433.8681,331597.9471
600361.SH,20250417,1.6806,0.71,14.9521,1.4564,1540288.4569,625127.5481
603100.SH,20250417,4.2369,0.66,15.4797,2.9085,1188165.6105,1180755.4691
300865.SZ,20250417,4.7136,0.85,,2.3185,199301.44,141119.1923
300096.SZ,20250417,2.5406,0.83,,6.066,173720.0,173203.1592
600038.SH,20250417,0.939,0.55,53.615,1.8361,2980311.8293,2431579.5283
600128.SH,20250417,30.9436,1.56,54.1815,1.2239,259846.1775,259846.1775
603698.SH,20250417,0.7986,0.7,45.8352,2.5507,867231.82,867231.82
002730.SZ,20250417,6.0029,0.48,50.5126,3.3123,523567.5065,500359.2065
002284.SZ,20250417,4.0801,0.51,33.9817,2.4874,723579.2407,715858.6754
002537.SZ,20250417,9.4024,0.78,413.7137,1.795,727890.3819,727890.3819
600593.SH,20250417,18.6527,0.69,156.3013,14.0703,460073.6,460073.6
000809.SZ,20250417,4.0249,2.19,,1.0822,294450.4916,294450.4916
601882.SH,20250417,1.4317,0.59,19.3532,3.7451,1012158.0,1012158.0
000564.SZ,20250417,3.2645,0.45,,3.0865,5092373.8658,4149638.6664
000617.SZ,20250417,7.0314,0.44,18.5337,0.8478,8621897.9319,8621897.9319
002578.SZ,20250417,3.1746,0.62,129.6743,1.7646,269386.8625,247153.655
300396.SZ,20250417,1.7787,0.73,25.6709,1.7783,364327.4151,363995.7878
002286.SZ,20250417,8.7809,0.5,26.9223,1.4522,293595.2997,293455.2778
002574.SZ,20250417,24.5023,1.28,58.2317,1.0755,328944.0,328944.0
300131.SZ,20250417,1.8198,0.46,122.8636,4.4504,767273.1719,704572.8408
600829.SH,20250417,4.0655,0.68,19.8487,1.4693,423318.6758,423318.6758
001225.SZ,20250417,2.85,1.12,30.3515,1.506,212495.1048,69133.4081
301379.SZ,20250417,4.4922,0.7,24.6933,2.6362,371289.492,244494.5335
300343.SZ,20250417,1.5028,0.48,,2.2093,422242.802,421156.6587
300683.SZ,20250417,1.142,0.58,,1.1589,280637.5743,261706.5903
301182.SZ,20250417,11.5568,0.92,,3.5231,306341.9749,122290.6849
600530.SH,20250417,2.6684,1.31,2611.5649,12.2588,369636.84,369636.84
603577.SH,20250417,2.5845,0.55,17.3844,1.4246,268937.3063,268937.3063
920016.BJ,20250417,23.5717,1.69,59.0243,5.8977,216396.2024,74095.4891
603073.SH,20250417,4.4213,1.01,20.0524,1.3286,175044.0,76797.3076
301013.SZ,20250417,7.7892,0.71,,3.9534,336823.7437,272697.2004
920964.BJ,20250417,8.2232,0.43,278.6596,2.4837,221504.384,129583.3235
300354.SZ,20250417,5.6025,0.83,51.2564,7.2915,535437.4981,314325.4903
600455.SH,20250417,4.8565,1.12,46.8896,5.0995,153896.512,153896.512
000858.SZ,20250417,0.874,0.94,15.9225,4.071,51442950.8903,51441862.8455
603162.SH,20250417,1.8114,0.57,14.0033,1.8675,768815.9619,229110.3411
300322.SZ,20250417,2.8796,0.73,,5.5814,540265.8553,516372.8829
300371.SZ,20250417,3.2896,1.13,24.5365,1.8224,202022.1652,134948.0225
603180.SH,20250417,3.1787,0.99,11.7953,1.0773,289386.2971,289386.2971
603001.SH,20250417,3.4556,1.42,,0.8266,218935.08,218935.08
603161.SH,20250417,1.7287,0.47,19.3253,1.398,203063.3094,198116.8611
688323.SH,20250417,1.6421,0.78,,2.8631,234720.2921,234720.2921
301602.SZ,20250417,6.2351,0.84,83.5527,8.6135,1034844.4054,132339.9032
002742.SZ,20250417,5.4472,1.42,,9.5999,186192.0,186130.8333
920599.BJ,20250417,7.1061,1.57,12.635,3.1808,982763.7,742669.5952
688365.SH,20250417,10.798,1.58,,5.4047,516525.3417,516525.3417
603173.SH,20250417,1.865,0.58,14.3449,2.287,366400.0,113446.6
000570.SZ,20250417,2.8859,0.69,195.0302,1.0724,360608.8711,283958.8711
003021.SZ,20250417,9.7611,0.61,126.7677,8.4805,2674185.5655,2295593.2049
688206.SH,20250417,4.7983,0.68,,4.8286,964629.3799,393885.8074
600259.SH,20250417,4.3294,0.61,,3.5435,1190646.6855,1190646.6855
300647.SZ,20250417,2.6436,0.89,,2.4815,233233.7222,232887.4929
300276.SZ,20250417,6.9415,0.67,29469.6985,8.5613,1654631.7712,1205529.2779
300122.SZ,20250417,0.9379,0.53,14.3686,1.7125,5302244.2896,3132692.5744
301387.SZ,20250417,2.4136,0.53,92.1795,1.9836,320111.946,127456.7808
002419.SZ,20250417,8.9521,0.62,81.359,1.523,624164.6985,624092.4285
300031.SZ,20250417,4.0609,0.57,38.9394,2.4375,935867.5179,785523.0341
600893.SH,20250417,1.3715,0.83,106.2778,2.2928,9142988.2363,9141377.9199
688029.SH,20250417,0.9617,0.52,19.6985,2.8366,1086697.3363,1086697.3363
301116.SZ,20250417,4.7194,0.85,,3.4832,625877.5526,625874.4161
300885.SZ,20250417,12.8207,0.82,44.4909,3.7434,316889.8486,213281.6987
688199.SH,20250417,2.6188,1.15,,0.9626,246194.0123,246194.0123
603087.SH,20250417,1.2499,0.64,44.7029,2.3808,2596602.0528,2392924.9306
600579.SH,20250417,5.026,0.64,,,335909.6918,335909.6918
603559.SH,20250417,0.9112,2.16,,99.9139,336671.3854,336671.3854
002658.SZ,20250417,3.7326,1.05,25.8784,1.6894,436131.9939,246039.2158
603867.SH,20250417,1.1062,0.61,19.8664,1.9799,453982.7441,453982.7441
688658.SH,20250417,5.091,0.58,60.307,2.0855,746100.0,746100.0
300530.SZ,20250417,20.7567,1.34,,62.0181,425751.5525,391888.1919
688115.SH,20250417,2.0551,1.27,149.7883,1.8102,228878.11,144664.9035
600814.SH,20250417,26.2395,2.26,25.7572,1.7503,637336.5535,632469.6923
601212.SH,20250417,2.0129,0.85,,1.3383,2028908.216,2028908.216
603211.SH,20250417,4.381,0.59,76.6817,3.6129,426466.752,106616.688
300317.SZ,20250417,3.3679,0.84,,1.51,273131.9852,272712.5102
300118.SZ,20250417,0.9385,0.57,,0.7684,1021452.4212,830436.1677
603518.SH,20250417,6.9344,1.23,9.643,0.8248,295328.6614,293090.5689
600691.SH,20250417,0.9252,0.77,,1.0689,456188.5348,456112.5028
001269.SZ,20250417,7.7004,0.61,,3.3734,429453.0043,187266.4003
000789.SZ,20250417,1.5981,1.25,,0.595,401095.9297,401095.9297
600435.SH,20250417,2.0943,0.63,,6.2925,1671313.0414,1671313.0414
002184.SZ,20250417,3.6833,0.6,,3.1173,382172.4898,260724.1693
601988.SH,20250417,0.7928,0.68,7.0057,0.6923,166623489.8424,119293281.4028
920834.BJ,20250417,4.8311,0.59,37.9742,4.4725,129120.0054,67568.9684
600236.SH,20250417,1.0101,0.86,22.4953,3.1082,5068368.9267,5068368.9267
688667.SH,20250417,1.0686,0.86,141.3419,1.4004,227248.046,227248.046
920978.BJ,20250417,4.669,1.05,27.5633,5.9223,404234.6103,225876.4677
002745.SZ,20250417,1.3469,0.52,25.7463,0.9225,1138355.628,816606.5142
603871.SH,20250417,2.2502,0.59,9.8381,2.5376,1350419.976,1350419.976
300363.SZ,20250417,2.8155,0.6,,1.4229,739649.8891,678610.9011
600620.SH,20250417,1.706,0.92,,2.1943,329605.0142,329605.0142
600056.SH,20250417,0.8231,0.58,16.767,1.2961,1510838.5455,1510304.9928
002431.SZ,20250417,0.755,0.59,,1.3136,348060.7229,348060.7229
301246.SZ,20250417,1.2492,0.68,190.1502,1.1816,513608.7312,206655.4344
603699.SH,20250417,1.0615,0.47,18.6224,4.8022,1790008.0565,1757672.7608
002293.SZ,20250417,0.5725,0.63,16.8645,1.8396,704808.1464,698483.8183
600098.SH,20250417,1.2503,0.6,12.5731,0.8249,2177416.565,2172723.7276
688693.SH,20250417,7.0127,0.75,,2.6235,237484.2121,122420.3757
300654.SZ,20250417,6.3049,0.9,85.0156,4.3043,365026.4774,351590.3391
300288.SZ,20250417,2.4377,0.75,78.2296,2.7402,446758.5334,339184.7349
002437.SZ,20250417,2.0048,0.59,66.6486,2.952,534497.9548,493463.1293
002783.SZ,20250417,2.1587,0.75,32.8582,1.5615,386502.8188,341438.7369
002732.SZ,20250417,20.5141,0.7,27.5706,1.9216,283387.35,281975.674
301629.SZ,20250417,20.6522,0.68,73.3274,5.7596,680446.6571,170111.6724
003004.SZ,20250417,3.6685,0.69,113.8203,2.4172,164700.6339,132398.2254
600161.SH,20250417,2.6736,0.65,27.8802,3.6167,4116887.3506,4116887.3506
002185.SZ,20250417,1.1315,0.45,51.0637,1.889,3146803.9243,3146072.4767
002142.SZ,20250417,0.7409,0.68,5.9544,0.7753,16152383.0772,15957817.8858
002098.SZ,20250417,10.455,2.56,18.4771,2.7268,352630.0,352630.0
002337.SZ,20250417,3.3578,0.64,57.2791,2.236,284301.4073,284002.325
002295.SZ,20250417,1.3151,0.72,69.5639,1.3102,176934.896,176707.564
600080.SH,20250417,1.3091,0.74,,1.7488,265768.4429,265768.4429
601908.SH,20250417,1.0727,0.57,,0.5908,589163.0981,589163.0981
300074.SZ,20250417,3.1217,0.85,,2.1962,223412.6952,222698.1179
600179.SH,20250417,1.0469,0.5,19.9641,1.1313,1218679.77,1078340.1106
920123.BJ,20250417,40.2639,1.07,44.451,5.0782,203260.2,81177.1253
300937.SZ,20250417,4.4088,1.02,143.2815,2.759,234383.3709,153486.0002
603960.SH,20250417,2.9985,0.6,53.7407,4.1283,448455.0675,447047.4195
603689.SH,20250417,1.639,0.9,12.4231,1.2769,413231.5921,409106.7847
603002.SH,20250417,7.5816,2.03,105.3721,1.8853,646424.7501,628233.2611
600584.SH,20250417,1.5601,0.47,36.4552,2.125,5869279.7896,5869279.7896
688606.SH,20250417,0.764,0.57,17.2326,1.3471,523332.9239,523332.9239
688621.SH,20250417,2.2787,0.46,27.4051,4.4174,486192.0,486192.0
600535.SH,20250417,1.0868,0.62,23.7009,1.9517,2264828.2076,2264828.2076
920305.BJ,20250417,6.0303,0.56,,5.1656,360063.06,220594.38
301275.SZ,20250417,10.2352,0.85,31.4555,5.9747,2234073.6,167982.6279
002779.SZ,20250417,10.3374,0.87,321.1748,17.2276,1236312.0,1109257.7612
002962.SZ,20250417,1.9606,0.77,46.5775,2.2284,407164.8314,292114.5412
603065.SH,20250417,1.886,1.14,107.9258,1.5355,309198.0681,145145.0098
300770.SZ,20250417,0.944,0.53,13.1108,2.3915,862448.7415,862448.7415
600925.SH,20250417,0.5159,0.69,20.1277,2.2327,3547777.7778,827115.0218
688381.SH,20250417,4.6171,1.03,,1.9955,549450.0,407473.008
002564.SZ,20250417,26.8797,16.7,1.969,34.1683,409697.4355,409464.3085
688159.SH,20250417,6.9921,1.06,32.5399,3.7101,316829.0408,315744.1808
600889.SH,20250417,2.6133,0.5,,7.813,558311.3192,558311.3192
000593.SZ,20250417,2.3082,0.75,,2.1598,187922.6487,187845.1806
688183.SH,20250417,2.7287,0.47,59.3848,4.6135,1971416.1848,1971416.1848
300533.SZ,20250417,4.8166,0.51,,3.945,504220.7662,354515.2356
603017.SH,20250417,1.5686,0.95,27.8247,1.5012,221276.434,221276.434
300194.SZ,20250417,1.87,0.52,17.6576,1.1303,497299.7757,404567.3443
300350.SZ,20250417,20.4984,0.87,,3.8795,358563.834,300858.736
000639.SZ,20250417,15.2443,1.33,,1.163,338940.4218,338939.8416
300152.SZ,20250417,3.5573,0.51,,7.9377,255182.4,255075.02
600302.SH,20250417,5.0837,0.79,,2.2337,168160.7647,168160.7647
300448.SZ,20250417,2.696,0.87,,3.1091,409292.8328,297458.6621
002383.SZ,20250417,3.0224,0.54,13.1413,2.9934,547866.6257,456058.5109
603681.SH,20250417,3.291,1.0,14.862,0.9677,239104.8873,239104.8873
300426.SZ,20250417,2.4022,0.51,,8.8455,454786.9678,399600.0
688045.SH,20250417,20.2486,1.62,,1.9755,270062.8461,145766.8318
920946.BJ,20250417,5.1751,0.69,35.7375,3.7124,442287.4002,442151.4252
300787.SZ,20250417,3.0397,0.91,42.2214,2.0925,304416.2548,186534.8758
002296.SZ,20250417,3.5667,0.87,20.8317,1.8122,391528.3221,349152.5212
300406.SZ,20250417,1.7665,0.9,16.1155,2.1668,858368.5006,619094.2354
300625.SZ,20250417,1.0261,0.67,25.2178,1.4706,308102.093,179926.8265
688448.SH,20250417,2.4767,0.84,38.4381,1.9258,197187.1296,132019.7696
688595.SH,20250417,8.4986,1.2,,7.7026,528398.9463,528398.9463
600618.SH,20250417,4.1564,1.17,13.5998,1.2321,1070826.3778,694351.8178
688778.SH,20250417,1.5907,0.67,38.4842,2.1899,1914087.2835,1914087.2835
605169.SH,20250417,2.0422,0.67,12.8961,1.4121,270433.28,270433.28
688366.SH,20250417,0.679,0.75,30.0056,2.2628,1261577.89,1049820.5356
000670.SZ,20250417,12.2083,1.31,,,553223.4882,475868.3232
301608.SZ,20250417,5.0159,0.58,35.9489,3.1856,627112.53,125455.6269
000800.SZ,20250417,1.0467,0.92,59.1544,1.399,3681933.6396,3457494.2088
002672.SZ,20250417,0.8843,0.81,,1.179,424418.228,347565.428
300628.SZ,20250417,0.9292,0.51,16.177,4.7829,4278014.4588,2447569.9577
603324.SH,20250417,4.1124,0.94,22.6971,2.185,357628.6699,357628.6699
002975.SZ,20250417,2.9356,0.76,,2.2245,436891.5914,287120.2279
301456.SZ,20250417,1.8851,0.71,35.854,1.5383,324062.1511,128115.1417
605378.SH,20250417,6.4393,0.7,26.8679,3.1345,392019.6,392019.6
920304.BJ,20250417,20.5265,1.16,31.1374,5.3194,268262.064,130304.0957
603090.SH,20250417,15.5781,1.67,49.8385,4.2525,246000.0,246000.0
600217.SH,20250417,1.4768,0.58,334.8883,2.1834,752574.7675,752574.7675
002490.SZ,20250417,8.2341,1.74,,6.4992,319937.2084,217187.0636
920418.BJ,20250417,6.3377,0.66,33.1489,6.1077,499384.704,479428.6557
300337.SZ,20250417,2.8426,0.58,80.5995,4.8893,845755.68,732014.0681
300871.SZ,20250417,33.8615,0.71,,2.9442,412463.9856,412463.9856
920407.BJ,20250417,6.4393,0.58,76.5609,5.6665,148896.56,58414.1291
300500.SZ,20250417,3.039,1.02,,1.4892,176584.492,170111.9243
603125.SH,20250417,10.2107,1.65,28.8166,2.5233,588548.33,147144.724
688300.SH,20250417,1.8063,0.66,39.8499,6.6442,1001725.6487,1001725.6487
603072.SH,20250417,32.6586,0.8,96.1221,7.6994,1532824.0,375524.6308
000851.SZ,20250417,1.561,0.82,,0.9828,277886.4048,271674.5438
300664.SZ,20250417,0.9777,0.73,23.529,0.8593,366229.544,362594.3
003006.SZ,20250417,3.9661,1.11,40.31,7.9992,1159602.4764,1156987.3007
300066.SZ,20250417,1.4896,0.67,25.9443,1.5498,386892.3735,374198.6495
002691.SZ,20250417,4.6028,0.77,299.9086,2.9601,261120.0,258032.8742
600968.SH,20250417,2.0867,0.83,10.6487,1.4333,3893234.9082,3893234.9082
001277.SZ,20250417,11.6998,1.7,19.151,1.7894,268736.0,67184.0
000831.SZ,20250417,3.7218,0.5,389.3192,7.5869,3470192.0389,3470192.0389
603917.SH,20250417,5.2581,0.91,493.4978,1.4897,252965.44,252965.44
002788.SZ,20250417,2.4237,1.06,8.4653,0.9889,303820.0876,298400.4358
000848.SZ,20250417,4.9877,1.36,16.2916,3.1403,999926.3703,987542.7992
600168.SH,20250417,1.3017,0.66,51.7961,0.8605,456962.8817,456962.8817
601568.SH,20250417,0.8185,0.49,66.1026,1.3376,1557111.1118,1557111.1118
601086.SH,20250417,67.4407,1.7,121.1257,4.4445,702630.0,702630.0
002189.SZ,20250417,1.2907,0.48,,4.2008,451352.3437,451281.4923
688613.SH,20250417,1.0682,0.91,,1.4093,198040.8642,198040.8642
300933.SZ,20250417,4.2014,0.64,61.877,1.9487,308566.459,308566.459
600510.SH,20250417,2.0608,0.74,103.4862,0.4927,499500.3212,499500.3212
002157.SZ,20250417,0.6426,0.36,2.2236,2.2997,2590045.5249,2003270.0615
301319.SZ,20250417,17.5591,1.09,29.3404,2.5468,287054.528,130452.1443
301283.SZ,20250417,3.6412,1.2,25.5077,1.3662,199360.0,113276.7981
300957.SZ,20250417,2.4696,0.7,30.6416,3.0744,1815126.0,1815126.0
600623.SH,20250417,1.4804,0.67,16.9473,0.6335,1432334.1299,1254469.6033
301115.SZ,20250417,1.4048,0.96,56.2638,0.9609,248483.8343,141919.0686
002277.SZ,20250417,4.3889,0.44,95.854,1.0696,726364.0288,726364.0288
002219.SZ,20250417,1.6378,0.81,153.9938,3.4138,772323.0397,746025.9682
600681.SH,20250417,0.9518,0.64,15.9885,1.2926,439800.3777,439457.2772
600751.SH,20250417,3.9709,0.6,129.4791,1.1367,846606.6326,751371.2032
920270.BJ,20250417,6.9551,0.74,28.225,4.1276,175545.648,136062.8399
002622.SZ,20250417,1.7536,0.66,,4.8019,215040.0,215033.664
002916.SZ,20250417,2.6689,0.6,28.7966,3.6989,5406754.974,5392805.7679
600576.SH,20250417,3.9353,1.48,82.1319,3.9282,1068257.5697,668975.1541
600775.SH,20250417,2.814,0.87,,2.594,807833.2596,593905.2596
300092.SZ,20250417,7.2393,1.19,18.4945,1.918,313094.2988,239877.1306
600710.SH,20250417,2.4153,0.47,10.0935,1.5487,1159086.748,1159086.748
688519.SH,20250417,7.7273,1.3,135.6934,3.3916,832307.9385,810704.8385
300818.SZ,20250417,2.8556,0.64,27.5467,1.8684,320836.7202,208126.0652
600798.SH,20250417,6.2243,0.4,,0.9245,363166.7945,363166.7945
300464.SZ,20250417,13.8946,1.58,,4.1528,217241.8316,167011.0573
601528.SH,20250417,1.0642,0.98,5.2584,0.5327,1010513.1184,878302.7366
601588.SH,20250417,1.8866,1.38,,0.5797,562292.34,444220.0
301201.SZ,20250417,10.413,0.96,49.1548,1.5467,345011.8275,194442.2275
603967.SH,20250417,42.5406,1.12,18.3143,1.9638,462800.0579,462800.0579
000159.SZ,20250417,1.6018,0.81,,1.1979,242265.7405,242259.1255
688030.SH,20250417,1.099,0.7,,3.0189,273232.7095,273232.7095
002418.SZ,20250417,3.7079,0.75,,2.0951,317055.6,317055.6
603660.SH,20250417,2.4864,0.81,,4.1186,344041.0917,341289.0543
301189.SZ,20250417,2.4098,0.83,,1.142,256305.0159,90035.0963
600778.SH,20250417,20.0363,0.8,,9.3696,209945.1712,209758.8305
688665.SH,20250417,2.2564,0.85,30.086,3.1034,316816.5,316816.5
300881.SZ,20250417,6.1037,1.07,13.6542,3.1422,329010.0,171702.0938
002120.SZ,20250417,2.1189,1.0,10.9839,1.0366,2052630.317,1993107.7566
688680.SH,20250417,3.0229,0.89,,1.8586,322385.987,322385.987
600817.SH,20250417,1.502,0.65,25.1547,2.3443,571207.751,560993.3041
920810.BJ,20250417,6.9694,0.44,,4.7798,111518.0,72571.0597
002542.SZ,20250417,1.999,0.6,,2.7919,561702.3055,497988.6408
300608.SZ,20250417,5.8792,0.82,,2.3075,348452.9627,302519.4299
300889.SZ,20250417,1.2971,0.49,,1.4579,222924.0,139646.7029
603108.SH,20250417,2.4257,0.57,256.0419,2.401,1031034.9259,1031034.9259
002850.SZ,20250417,1.2962,0.62,21.75,2.7301,3093501.8253,2226221.6449
002777.SZ,20250417,2.465,0.79,92.1652,4.0397,675214.1369,669062.0061
000755.SZ,20250417,3.9663,1.4,15.7513,1.3677,720449.3062,720449.3062
002996.SZ,20250417,1.6872,0.52,19.5006,1.2688,400323.0228,249045.3141
688486.SH,20250417,3.3542,0.86,83.277,8.3993,1202615.1772,669472.0774
600012.SH,20250417,1.4898,0.94,17.2621,2.1605,2881005.57,2024647.2
002405.SZ,20250417,0.8638,0.56,,2.0193,1899825.6685,1886773.6867
600105.SH,20250417,5.3639,0.51,571.775,2.5362,774857.2451,774857.2451
601999.SH,20250417,3.3619,0.42,33.6988,1.3214,344321.6875,344321.6875
603969.SH,20250417,2.4796,0.84,22.858,2.1553,507729.816,500447.4948
002216.SZ,20250417,3.4507,0.72,18.0194,2.4848,1065571.0662,763870.5495
600547.SH,20250417,4.0674,1.05,47.9542,5.6943,14153931.0171,11436098.7499
001382.SZ,20250417,30.3839,0.98,69.5219,5.8008,937712.0,136877.4861
002522.SZ,20250417,3.1904,0.68,63.579,1.7096,384956.2395,369300.2085
300861.SZ,20250417,1.5701,0.67,16.9603,1.2492,815540.388,512177.2015
600561.SH,20250417,1.9165,0.93,,1.7471,158738.0544,158738.0544
300368.SZ,20250417,3.2137,1.23,,7.6688,256008.6419,256008.6419
000553.SZ,20250417,1.2919,0.72,,0.676,1283726.2831,1199566.6505
601600.SH,20250417,1.6394,0.73,8.8544,1.6102,10979604.5299,8405465.0758
300631.SZ,20250417,1.3419,0.69,45.2476,2.0326,244835.0242,234523.7693
603199.SH,20250417,16.678,1.32,24.2414,2.9768,450910.32,450910.32
301522.SZ,20250417,4.2562,0.87,74.9829,6.5185,1211541.6011,242308.3222
688189.SH,20250417,1.9691,0.65,,1.7576,167658.4,167658.4
002429.SZ,20250417,1.8695,0.83,12.4015,1.2511,1987326.9265,1986182.1949
000869.SZ,20250417,3.0817,1.78,46.2356,1.4762,1534445.7876,1039435.3698
001367.SZ,20250417,4.7263,1.01,22.8075,2.0796,279524.119,71219.1691
603166.SH,20250417,8.3278,0.79,48.2701,3.7377,894352.773,884387.973
600156.SH,20250417,3.4812,0.56,,5.0941,211108.1186,211108.1186
002549.SZ,20250417,35.7966,0.81,,3.1951,641806.1126,639047.8425
002373.SZ,20250417,0.9261,0.54,55.1599,1.0354,1294174.1481,1128249.5892
603860.SH,20250417,2.4501,0.64,42.6054,2.3598,190104.68,190104.68
002003.SZ,20250417,0.9836,0.75,18.6098,2.9931,1303311.9631,1135365.5163
603230.SH,20250417,3.2446,0.48,12.5272,1.5392,423520.554,423520.554
301289.SZ,20250417,8.4295,1.17,45.8822,3.6443,349440.0,113567.5565
000920.SZ,20250417,12.0908,0.62,25.8446,2.7321,510903.4286,456157.6775
300019.SZ,20250417,3.882,0.66,25.6403,2.6141,687954.225,604262.4193
300024.SZ,20250417,1.9799,0.6,884.6731,5.7817,2514385.6397,2445981.9546
301535.SZ,20250417,23.3918,0.76,77.4579,7.4344,834427.0595,117525.8071
603067.SH,20250417,1.383,0.58,18.7245,2.7405,834799.0353,834799.0353
601677.SH,20250417,0.7943,0.51,8.8259,0.8212,1410360.3666,1352285.9586
300379.SZ,20250417,43.5367,13.91,,1.2913,451917.4907,426576.4268
001289.SZ,20250417,0.1291,0.54,22.0679,1.9128,14002692.0747,8445239.7247
000685.SZ,20250417,0.7957,0.57,10.841,0.755,1258269.9824,1069629.7233
002986.SZ,20250417,0.8736,0.87,11.7668,0.9802,393087.6558,309803.9868
301325.SZ,20250417,5.291,0.69,46.3,2.4416,716009.8762,288084.0272
300268.SZ,20250417,1.2034,0.56,,,145979.6,112046.885
600202.SH,20250417,5.2251,0.57,,2.2405,184770.2039,184770.2039
600675.SH,20250417,2.6051,2.23,,1.1768,1686871.7573,1686871.7573
603018.SH,20250417,0.8788,0.54,12.9921,0.9653,497117.7524,497117.7524
301187.SZ,20250417,8.5472,0.65,23.3416,3.8003,547822.983,143622.666
002795.SZ,20250417,4.5471,0.54,,2.7542,205046.8759,199995.3716
300575.SZ,20250417,3.2871,0.83,230.7716,1.2746,270488.2248,199456.1817
300247.SZ,20250417,2.3213,0.72,71.0753,2.5247,265333.3033,265080.8533
603038.SH,20250417,3.3553,0.64,201.0311,2.5936,355459.8112,355459.8112
002030.SZ,20250417,0.818,0.57,,0.9796,771895.3176,771895.3176
600157.SH,20250417,1.582,0.68,14.3497,0.6427,3021615.9237,3021615.9237
001208.SZ,20250417,1.7467,0.53,47.9268,3.2316,522666.672,264131.1466
002772.SZ,20250417,7.1705,0.62,23.9576,0.9247,306728.26,304305.4287
603212.SH,20250417,1.3187,0.67,,1.4357,411678.6885,411678.6885
920099.BJ,20250417,12.6898,2.3,23.8688,3.3348,276830.3929,139066.4329
002394.SZ,20250417,3.3296,1.09,17.4575,0.5961,238566.9,238261.4916
002723.SZ,20250417,3.8236,0.8,,1.9699,198436.2906,197878.751
300050.SZ,20250417,2.5837,0.5,,6.8348,269699.1254,269534.7018
603819.SH,20250417,9.4834,0.83,30.1102,4.6975,365786.7142,365786.7142
920656.BJ,20250417,17.8713,0.93,35.7043,2.7764,181200.0,45300.2265
000612.SZ,20250417,2.0817,0.66,13.4267,1.2678,790428.1982,789911.5555
301101.SZ,20250417,8.9695,0.72,54.7304,5.7678,942069.0675,892536.2738
605337.SH,20250417,25.7024,1.49,26.5337,3.315,544317.5897,544317.5897
300239.SZ,20250417,2.3287,0.6,32.5873,1.7478,296210.3586,294291.1297
601333.SH,20250417,0.7393,0.65,19.2429,0.7525,2040058.656,1627844.256
688678.SH,20250417,5.4944,0.58,86.4465,2.6958,468756.1318,468756.1318
600858.SH,20250417,12.5475,1.29,41.435,1.0589,280315.8915,278958.3876
920394.BJ,20250417,27.1204,1.42,58.2514,8.6329,644816.25,211428.0838
301581.SZ,20250417,9.7786,0.89,28.968,4.0516,400640.0,100160.0
603095.SH,20250417,1.8358,0.47,41.1231,1.6462,405266.4,405266.4
600150.SH,20250417,2.2913,1.33,49.2405,2.6503,13131050.8335,13131050.8335
300536.SZ,20250417,3.2802,0.44,,5.135,269238.5061,269206.4743
605319.SH,20250417,1.4774,0.24,19.9686,3.1942,720927.5438,616044.0038
300595.SZ,20250417,1.1532,0.63,22.8803,2.7875,1309278.6359,976670.8444
603255.SH,20250417,3.6542,0.78,150.0717,2.2532,357797.8109,161274.8092
000561.SZ,20250417,2.1712,0.74,403.2168,2.0195,549815.0849,441494.7234
600428.SH,20250417,1.9812,0.58,10.4334,0.9765,1602449.5107,1253644.0503
300546.SZ,20250417,11.5486,1.64,,2.941,316319.5982,226830.3356
600531.SH,20250417,6.4645,1.11,11.0753,1.3747,717388.3954,717388.3954
002498.SZ,20250417,1.7249,0.58,15.4167,1.3233,1081208.7,1081208.7
000599.SZ,20250417,3.5825,0.39,,2.2834,364274.5082,364268.32
688560.SH,20250417,1.0993,0.66,,0.8938,244984.4342,244984.4342
002863.SZ,20250417,4.1579,0.68,34.148,0.9548,261974.3131,261974.3131
002743.SZ,20250417,13.7081,1.66,36.1741,0.8442,272913.3357,272476.0032
601700.SH,20250417,1.1562,0.82,43.1264,1.8339,492308.3277,492308.3277
603378.SH,20250417,3.3762,0.66,,1.7302,285873.9602,285873.9602
002919.SZ,20250417,2.4302,0.67,3262.4246,4.7452,414448.0326,411123.6075
601319.SH,20250417,1.9865,0.72,7.376,1.1766,31620153.2668,25380895.9568
600610.SH,20250417,40.6536,1.55,,180.6472,1197685.0084,792356.4562
002215.SZ,20250417,5.8041,2.26,20.2348,2.3205,896630.6485,708256.4874
600694.SH,20250417,2.4288,0.48,14.0402,0.9479,822945.1423,814875.8423
600121.SH,20250417,2.5528,0.52,16.2505,2.4452,459341.3383,459341.3383
920367.BJ,20250417,8.7343,0.53,75.7905,3.7139,176302.79,103953.2851
000752.SZ,20250417,0.6645,0.61,41.1592,15.6576,212325.5853,212325.5853
301272.SZ,20250417,3.2563,0.55,26.0946,2.0272,205050.5615,109806.3925
301606.SZ,20250417,7.0085,0.75,31.1631,5.2171,1432683.5601,114646.2159
601162.SH,20250417,2.6409,0.96,,1.4401,3318985.1087,3318985.1087
603216.SH,20250417,11.1184,2.17,28.0285,1.472,258988.47,65930.47
920808.BJ,20250417,2.6884,0.59,174.1977,14.7758,1070000.0054,1041127.4517
601881.SH,20250417,2.6867,0.67,17.3104,1.5692,17363830.7825,11502547.1853
002837.SZ,20250417,3.3298,0.67,49.6873,8.6353,2417423.7555,2101521.5065
920006.BJ,20250417,18.6254,0.6,,8.6443,276730.268,105104.5999
002423.SZ,20250417,1.9594,0.35,20.3556,1.2642,2755710.2677,2755710.2677
600855.SH,20250417,1.6475,0.68,,2.8151,494312.578,493359.913
600379.SH,20250417,1.7732,0.71,32.5007,3.9222,302134.4311,302134.4311
301175.SZ,20250417,3.658,0.53,24.0039,2.1497,769793.24,325243.24
920985.BJ,20250417,3.416,0.82,19.0536,2.4203,345065.963,234954.8728
600838.SH,20250417,6.8966,1.03,82.8821,2.2624,348366.4415,348366.4415
300300.SZ,20250417,1.5122,0.64,,13.8922,190051.4127,190039.3144
002305.SZ,20250417,6.4381,0.91,,8.867,221979.6186,221965.2193
300769.SZ,20250417,1.546,0.53,,1.2642,768555.7663,690558.9124
688768.SH,20250417,0.9915,0.83,39.5116,4.046,424634.6535,396457.7151
688349.SH,20250417,1.3434,0.73,15.5484,2.0977,2886955.5221,443224.5731
920564.BJ,20250417,41.5279,1.52,318.5849,5.9476,191556.8714,86989.8268
002833.SZ,20250417,0.7982,0.43,12.1906,2.6188,691072.7567,470061.3567
600320.SH,20250417,2.8014,0.5,40.1897,1.3953,2144219.8749,1352053.048
688552.SH,20250417,1.5845,0.69,,2.6376,674496.0,167986.704
603116.SH,20250417,5.2464,1.37,,1.0801,310572.2312,310572.2312
000060.SZ,20250417,1.4907,0.71,15.4773,1.223,1674443.3704,1674316.7405
688120.SH,20250417,1.6021,0.77,38.7047,6.1043,3949518.1148,2835823.1921
300873.SZ,20250417,7.579,0.51,17.6113,1.5167,446445.0441,327648.0302
300641.SZ,20250417,19.3347,1.01,12.5125,5.3175,1488847.09,1488847.09
300232.SZ,20250417,1.7408,0.62,83.7592,1.4171,679759.7488,552191.9245
002367.SZ,20250417,3.1027,1.13,14.7153,1.4863,525601.311,346555.7578
300913.SZ,20250417,4.8065,0.73,93.2403,9.5299,1098724.8285,898475.5674
603858.SH,20250417,0.4679,0.51,,1.4399,1607079.9632,1607079.9632
002124.SZ,20250417,3.7133,1.11,5.1339,2.0374,748791.7014,664685.0329
000582.SZ,20250417,19.0062,0.63,17.5351,1.1993,2137672.3117,1663217.8263
002422.SZ,20250417,1.1288,0.66,18.4301,2.467,5462146.4255,4463479.8271
300505.SZ,20250417,9.7434,0.96,24.8551,1.7222,437589.0966,346039.0654
002053.SZ,20250417,1.1753,0.63,14.7991,1.3464,998991.4684,998959.8244
603237.SH,20250417,23.0128,2.73,30.0044,2.4828,426486.3566,262154.5059
300440.SZ,20250417,6.4494,1.17,39.0481,2.5387,399526.74,398001.2085
301199.SZ,20250417,3.7313,0.57,57.0785,2.1496,391352.9,137108.525
000632.SZ,20250417,6.1579,1.06,,1.086,158276.6538,158263.746
000504.SZ,20250417,1.8798,0.69,,12.3569,307251.5042,289232.5606
600525.SH,20250417,1.2836,0.59,,0.9844,501136.4578,501136.4578
600380.SH,20250417,1.1294,0.5,13.6559,1.3491,1893484.2545,1893484.2545
603191.SH,20250417,1.2732,0.61,53.2035,1.6019,385807.8573,215533.7528
300633.SZ,20250417,1.1687,0.77,94.3537,4.3226,1343572.0175,1343572.0175
002500.SZ,20250417,0.7475,0.71,24.8862,1.1417,2028220.9241,2028220.9241
002312.SZ,20250417,2.1901,0.53,39.9045,2.1865,2051821.7402,1904017.0273
688592.SH,20250417,2.1021,0.8,,2.6558,251126.4,117654.3061
920415.BJ,20250417,6.3244,0.41,148.8953,4.5557,242663.338,183133.9019
301320.SZ,20250417,5.0545,0.81,55.5902,2.5556,268900.8,100466.8
601330.SH,20250417,6.2879,0.61,16.6238,1.2413,972630.15,690387.0152
603365.SH,20250417,1.3754,1.48,11.9587,1.4073,402678.4755,395611.3455
603281.SH,20250417,1.5034,0.58,15.8866,1.9067,917280.0016,618411.9516
300005.SZ,20250417,17.3159,0.79,69.6094,4.2474,887236.9947,886855.1484
002938.SZ,20250417,2.1272,0.39,17.7974,2.0066,6443280.5077,6406967.8621
002659.SZ,20250417,3.7937,1.7,,1.233,268627.8924,268627.8924
002883.SZ,20250417,3.7584,1.05,52.5659,2.2372,153658.6513,134079.0735
300713.SZ,20250417,6.2836,0.92,,3.6936,221098.0883,122074.6886
603610.SH,20250417,2.5063,0.74,21.2757,1.1836,362074.1435,362074.1435
301512.SZ,20250417,3.2146,0.69,154.7116,1.9449,191040.2388,88881.5988
920748.BJ,20250417,17.9263,0.64,82.6092,6.1181,197375.28,160357.9629
688139.SH,20250417,1.3999,0.98,28.497,2.39,1044791.9413,1044791.9413
002521.SZ,20250417,0.8332,0.45,65.906,1.2911,520856.7765,374631.6973
603358.SH,20250417,2.6809,1.57,64.811,4.7807,1702584.1812,1626643.2
300731.SZ,20250417,3.8805,0.51,108.7373,4.535,273977.7193,260382.4705
000910.SZ,20250417,1.4916,0.86,30.4769,0.6274,423685.665,423468.558
002933.SZ,20250417,6.0008,0.8,193.9208,2.4405,366484.05,356248.5643
600867.SH,20250417,0.579,0.56,41.7177,2.2797,1423860.6367,1423860.6367
600389.SH,20250417,1.9944,0.77,32.8763,1.7693,650712.15,650712.15
002172.SZ,20250417,3.4538,1.11,61.5426,18.5567,249628.7494,249478.6655
300985.SZ,20250417,12.4311,3.96,33.0536,2.4901,301777.1926,301777.1926
600495.SH,20250417,1.4336,0.42,202.0998,1.4302,466361.682,466361.682
301263.SZ,20250417,1.5389,0.64,62.728,4.761,845038.035,602921.9052
301103.SZ,20250417,1.7444,0.86,,1.4909,288398.3096,151639.4891
300201.SZ,20250417,1.5671,0.46,22.4692,3.2702,502503.7163,500710.6713
605218.SH,20250417,2.992,0.73,71.9658,3.0889,402893.7398,402893.7398
601279.SH,20250417,8.596,1.48,113.6882,1.298,555025.0948,555025.0948
600908.SH,20250417,0.9435,0.87,5.4182,0.5745,1220243.0224,1111617.8417
001335.SZ,20250417,59.8296,,40.2092,4.9108,446200.3056,109306.836
301252.SZ,20250417,4.0376,0.63,28.4383,2.9159,347536.0,97744.5
300180.SZ,20250417,14.0232,0.77,,2.7442,1283812.853,1082995.979
605339.SH,20250417,3.7406,1.57,36.1521,2.1094,728082.6971,728082.6971
601000.SH,20250417,1.4881,0.88,12.6977,1.2099,2512593.7323,2512593.7323
002262.SZ,20250417,1.0642,0.62,19.8781,3.1138,2273187.4837,1972569.9344
600138.SH,20250417,4.9557,1.14,47.3237,1.2037,759308.16,759308.16
300324.SZ,20250417,4.3467,0.71,,2.0178,606384.2988,599567.4791
920592.BJ,20250417,5.4899,0.55,282.5382,8.8587,345243.25,212096.6549
603843.SH,20250417,1.9345,0.52,,2.6083,232274.9147,232274.9147
300850.SZ,20250417,5.7672,2.01,,2.0439,989418.9941,676939.9632
300082.SZ,20250417,6.4257,2.6,,1.4423,403978.3308,402855.53
002708.SZ,20250417,5.9079,0.77,,3.2021,559849.5751,511939.1415
600733.SH,20250417,6.56,1.34,,23.9151,4297170.9433,3766409.7261
600119.SH,20250417,4.8557,0.58,,14.9788,267012.6405,267012.6405
301321.SZ,20250417,2.5764,0.5,,2.0571,232298.01,183892.921
688002.SH,20250417,1.2722,0.59,42.513,4.6588,2418824.4053,2418824.4053
000860.SZ,20250417,1.3957,0.39,32.6668,1.7269,1237267.3377,1237267.3377
300257.SZ,20250417,1.6916,0.75,26.6924,1.2919,817761.6198,785600.1773
301628.SZ,20250417,5.9605,0.86,55.8872,5.5615,581147.418,145287.24
600517.SH,20250417,0.8521,0.64,16.1976,1.2735,2699101.6712,2699101.6712
000572.SZ,20250417,2.728,0.55,1686.6005,3.0754,600292.2955,599420.727
001256.SZ,20250417,4.508,0.32,40.2878,3.4625,391756.6968,112470.0914
300493.SZ,20250417,5.3423,0.6,242.9232,9.2084,987732.1156,965413.6016
002127.SZ,20250417,8.4465,1.77,129.9889,2.3972,1072778.3661,871685.7341
603333.SH,20250417,9.1938,1.12,389.2605,1.6864,355513.7792,355513.7792
600821.SH,20250417,1.0532,0.56,13.834,1.1948,1110478.4799,1110478.4799
600653.SH,20250417,1.2043,0.58,95.8094,4.505,369812.2602,369812.2602
002344.SZ,20250417,2.6946,0.98,59.0489,0.6217,524590.3366,524113.0876
301162.SZ,20250417,11.7065,1.55,68.1041,5.5069,637375.1505,393516.923
920077.BJ,20250417,1.6379,0.59,71.781,2.7462,671720.3168,362281.6418
300283.SZ,20250417,2.8185,0.8,,2.8049,228261.3173,160526.7434
002752.SZ,20250417,3.055,0.76,13.0977,1.5817,525582.1358,525501.4358
603997.SH,20250417,0.6623,0.35,,3.0774,1430666.1523,1430666.1523
301526.SZ,20250417,1.4405,0.62,,1.5643,1244389.7558,463449.6646
000998.SZ,20250417,2.5965,0.31,53.0973,3.13,1421010.9515,1418939.5391
300135.SZ,20250417,1.7495,0.63,,3.6566,345600.0,345600.0
600410.SH,20250417,2.7965,0.67,,2.0314,830046.475,830046.475
600654.SH,20250417,1.649,0.7,118.3417,5.0586,828806.2445,662333.54
601566.SH,20250417,1.4679,0.89,20.7834,1.2304,478098.1088,478098.1088
688023.SH,20250417,3.7566,0.97,,1.8183,461350.7784,460417.6735
603496.SH,20250417,5.6379,0.87,297.2026,5.8646,797961.4336,797961.4336
300177.SZ,20250417,3.2949,0.63,,4.3881,684635.5407,557798.9909
603966.SH,20250417,2.0376,0.53,19.66,1.8876,290606.7299,289468.8599
002739.SZ,20250417,1.6431,0.84,,2.9419,2398980.6123,2368997.8485
300572.SZ,20250417,3.0107,0.99,,2.1088,416988.6267,334329.3376
002125.SZ,20250417,1.3705,0.62,19.3378,2.0069,600525.5542,600525.5542
003017.SZ,20250417,2.8025,0.91,27.9238,1.6595,170604.0,140460.8384
600748.SH,20250417,1.5304,1.36,,0.5291,584726.4368,584726.4368
000965.SZ,20250417,25.4958,1.38,245.749,0.7609,413966.9238,413966.9238
603275.SH,20250417,1.7958,0.38,25.6348,1.9021,522486.7407,148179.9301
300838.SZ,20250417,2.0989,0.89,40.0928,2.0339,204621.374,151408.5534
600323.SH,20250417,1.1912,0.56,11.6233,1.443,1934003.4303,1934003.4303
002088.SZ,20250417,1.0245,0.77,14.3502,2.3058,636272.0066,625939.688
600103.SH,20250417,1.3684,0.73,55.0342,1.1869,466423.7947,457952.1127
920663.BJ,20250417,8.6461,1.08,32.3658,6.8508,255523.2,120607.0024
600192.SH,20250417,2.5446,0.67,,2.4186,285810.956,285810.956
300815.SZ,20250417,1.9387,0.69,10.8115,1.4946,602671.104,589036.0513
600363.SH,20250417,2.4174,0.62,69.0009,5.825,2452152.6312,2452152.6312
600743.SH,20250417,1.9824,1.24,,,401183.2495,401183.2495
688339.SH,20250417,1.4257,0.76,,1.8307,474191.8098,326270.3536
002561.SZ,20250417,9.843,1.18,862.0229,1.6485,364208.388,363049.0607
002590.SZ,20250417,1.6209,0.52,27.3237,1.9831,577186.3544,550392.0339
688275.SH,20250417,0.9637,0.69,,0.7859,441919.0944,296427.0996
000513.SZ,20250417,0.5743,0.53,15.2282,2.2642,3138674.6941,2012443.0345
603136.SH,20250417,15.6315,1.51,31.2468,2.6604,351164.723,351164.723
603256.SH,20250417,2.0221,0.72,,4.8518,696744.18,696744.18
600316.SH,20250417,2.5965,0.68,669.3001,4.9229,2626073.3429,2626073.3429
300502.SZ,20250417,3.4977,0.55,28.0267,7.5368,5338731.7029,4746630.9619
601888.SH,20250417,2.9126,0.42,32.009,2.479,13658607.4085,12890243.5415
002402.SZ,20250417,5.4956,0.67,46.7238,3.7338,1702147.7244,1474541.4963
300383.SZ,20250417,3.1326,0.65,65.2464,2.0319,2575950.5498,2570433.3822
688047.SH,20250417,1.7887,0.53,,18.5748,5457610.0,3805964.7617
605003.SH,20250417,3.3457,0.98,6.3093,1.4404,204820.0,204820.0
002550.SZ,20250417,1.2508,0.45,25.2394,2.9953,741004.2,527022.4387
600834.SH,20250417,1.2465,0.77,72.3185,2.2088,374744.7954,374744.7954
920665.BJ,20250417,3.2365,0.79,28.4873,2.4938,176916.39,87201.5401
688676.SH,20250417,3.5162,0.63,24.3365,3.1417,1397939.6716,1397939.6716
300613.SZ,20250417,4.7998,0.79,45.6078,4.4064,1175082.2314,1108264.7998
601022.SH,20250417,3.4939,0.4,18.4571,1.766,1022042.6339,194182.6339
600883.SH,20250417,6.1145,0.88,23.631,1.7875,171163.8,171163.8
600368.SH,20250417,14.4796,0.53,10.6045,1.0777,740440.7747,740440.7747
003023.SZ,20250417,2.5306,0.64,16.7635,1.2771,192564.4448,192072.2448
920476.BJ,20250417,13.1273,0.82,102.6081,2.9172,138710.872,102912.7929
300165.SZ,20250417,1.4658,0.68,,1.0922,150635.5644,127841.7614
002868.SZ,20250417,2.8982,0.72,,8.6013,220690.4885,217070.5578
002527.SZ,20250417,2.4815,0.58,,5.4356,812250.0815,648246.1517
002133.SZ,20250417,13.8628,0.79,,0.544,205148.2064,204015.6033
920395.BJ,20250417,5.388,1.15,39.5774,10.995,229342.092,156151.9848
001338.SZ,20250417,9.787,1.33,20.2434,1.674,606090.8475,285033.013
002457.SZ,20250417,4.5812,0.7,31.1867,1.7104,396182.3184,395986.119
000510.SZ,20250417,38.741,2.67,,2.5151,342431.015,320319.0234
601231.SH,20250417,2.3381,0.39,17.2774,1.6292,2855059.9532,2855059.9532
600207.SH,20250417,2.2078,0.34,,1.5999,440082.2718,440082.2718
600226.SH,20250417,0.9659,0.65,43.4512,2.5871,829852.3615,829852.3615
688161.SH,20250417,1.2043,0.52,46.5873,2.6366,1042400.0,1042400.0
301381.SZ,20250417,5.6836,0.97,26.9587,3.4406,831407.8,399597.322
000069.SZ,20250417,2.6774,1.41,,0.398,1993363.9971,1710770.251
601360.SH,20250417,1.6931,0.68,,2.397,6964560.0896,6964560.0896
600109.SH,20250417,0.7849,0.77,21.2606,0.8889,2925496.8939,2521250.8939
001203.SZ,20250417,0.7069,0.83,12.4681,1.9699,1218481.4431,1062572.7414
000955.SZ,20250417,2.005,0.61,,3.3479,216973.185,216832.0645
600527.SH,20250417,2.4664,0.9,83.6861,1.5742,337693.3759,337693.3759
002719.SZ,20250417,45.9979,2.82,,4.675,172398.0624,160253.5721
688772.SH,20250417,1.4112,0.5,33.7206,2.1466,1451180.2631,1451180.2631
000089.SZ,20250417,0.8295,0.62,30.9671,1.2086,1371964.8015,1371946.6676
300479.SZ,20250417,5.1585,0.94,233.173,6.978,380091.8286,379874.8161
600319.SH,20250417,1.3145,0.71,,3.6515,199282.6234,162215.316
002891.SZ,20250417,5.8751,1.34,40.7812,5.7414,1379984.7017,1379984.7017
301133.SZ,20250417,2.4612,0.59,22.975,2.235,219536.7858,198366.0346
300982.SZ,20250417,1.2602,0.55,,1.0349,318312.3945,298213.8105
600081.SH,20250417,18.019,1.14,54.4866,1.6786,763729.1408,763729.1408
603662.SH,20250417,5.2203,0.52,66.7827,6.5132,1740091.9338,1734966.9245
300716.SZ,20250417,2.0143,0.47,,20.7868,160500.06,160500.06
601016.SH,20250417,0.9043,0.57,13.9683,1.0776,1857862.6947,1712483.9011
600769.SH,20250417,1.6661,0.54,283.8729,35.3256,363727.884,363727.884
688015.SH,20250417,1.4121,0.72,41.1936,1.3515,344908.3964,344908.3964
003041.SZ,20250417,2.187,1.11,50.7778,3.0206,401328.0,381326.8158
002174.SZ,20250417,1.4508,0.69,94.1459,1.8238,810591.355,810102.9014
002214.SZ,20250417,1.3781,0.8,,2.9734,493772.0584,394711.5744
000697.SZ,20250417,5.9109,0.82,,32.6481,676653.1789,437092.1609
000026.SZ,20250417,2.6303,1.0,19.1143,1.2418,421183.0393,378630.5573
603636.SH,20250417,2.1626,0.61,,2.6049,653485.9489,653485.9489
920571.BJ,20250417,16.2789,0.58,185.7629,3.0943,420998.8494,217499.3443
002640.SZ,20250417,21.2311,1.03,,6.8937,587381.5814,526734.9754
600021.SH,20250417,2.523,0.74,12.0325,1.2701,2461833.9457,2287401.5082
001226.SZ,20250417,8.5184,0.74,262.9048,2.5496,187936.0839,46984.0839
300910.SZ,20250417,9.534,1.57,24.4058,5.272,1763286.5772,1234385.1668
000978.SZ,20250417,9.3726,0.71,,2.8996,310838.32,239099.926
603683.SH,20250417,6.2016,1.82,33.4044,2.1085,282974.2335,278977.0095
000037.SZ,20250417,3.1251,0.72,,3.4229,484621.1272,272471.7054
920175.BJ,20250417,6.0304,0.38,,1.8254,142681.0,72531.4655
601606.SH,20250417,3.864,0.47,,3.4676,874143.6788,874143.6788
600084.SH,20250417,1.148,1.23,377.615,4.8547,628163.298,628163.298
300170.SZ,20250417,10.8196,1.31,238.9197,3.3607,1678177.0915,1614700.2902
002323.SZ,20250417,2.7063,0.84,,5.454,303282.2853,303218.0393
920405.BJ,20250417,3.9706,0.49,54.0064,3.5655,273647.26,214786.0895
600409.SH,20250417,1.0576,0.74,21.2216,0.7633,1059011.2668,1059011.2668
688260.SH,20250417,5.7511,1.34,,6.9123,153360.0,153360.0
300761.SZ,20250417,4.7355,0.45,16.7483,1.9437,1688394.782,1233994.1436
600211.SH,20250417,1.397,0.53,11.2888,3.0959,1186779.2797,1186779.2797
688345.SH,20250417,1.4571,0.84,,1.7405,183300.0,183300.0
002388.SZ,20250417,1.5312,0.63,,1.3201,159337.6512,156074.4285
688788.SH,20250417,3.8086,0.87,,3.5294,763288.5227,763288.5227
002256.SZ,20250417,1.344,0.85,,3.507,410518.0426,302501.9649
002896.SZ,20250417,17.3214,0.81,182.1892,11.4411,1325620.9982,1325620.9982
000767.SZ,20250417,1.815,0.95,,1.4349,827697.4569,783394.2913
600123.SH,20250417,0.5902,0.62,10.633,0.6631,1069572.2552,1069572.2552
000631.SZ,20250417,1.3091,1.12,55.1987,1.1372,649120.6318,649120.6318
300602.SZ,20250417,3.2523,0.62,48.1911,2.8775,1074751.9166,725007.2593
002097.SZ,20250417,1.9759,0.72,183.7513,1.5264,698501.2216,697228.8466
603669.SH,20250417,1.9152,0.69,,3.6458,289940.3915,289940.3915
300826.SZ,20250417,2.3519,0.85,55.8937,1.8088,239266.4118,231255.1785
688598.SH,20250417,1.4732,0.54,,0.9537,497328.6834,497328.6834
688266.SH,20250417,0.9608,0.46,,21.213,2675935.0523,2675935.0523
603195.SH,20250417,0.9063,0.9,21.37,6.2198,9232475.2691,9191768.3964
603200.SH,20250417,25.1665,1.66,129.3787,6.7709,649276.3811,649276.3811
920237.BJ,20250417,5.6244,0.49,28.0573,4.1154,207010.44,202697.7225
601366.SH,20250417,1.5369,1.07,161.4807,1.0341,443257.4774,443257.4774
600588.SH,20250417,2.3586,1.12,,5.7512,4742792.4037,4742792.4037
002855.SZ,20250417,1.8318,0.56,,5.3935,393778.6518,393471.1167
002865.SZ,20250417,3.2524,0.62,,2.3764,899191.4748,882373.3639
002012.SZ,20250417,1.9146,0.85,363.297,1.3659,208560.9596,208075.7879
000785.SZ,20250417,3.8345,0.8,28.9087,1.2634,2553090.0137,2418157.0999
001328.SZ,20250417,3.8412,0.63,50.9477,5.4716,772199.493,193050.0975
603823.SH,20250417,6.6902,1.52,21.9415,1.7248,400962.099,395823.3384
002371.SZ,20250417,1.2156,0.57,44.0071,7.9588,24737248.9329,24715877.8367
601669.SH,20250417,0.8958,1.01,6.6782,0.6028,8216878.0023,6235117.8305
920212.BJ,20250417,6.6998,0.32,92.0424,4.1377,172624.7,83517.3706
301310.SZ,20250417,9.3724,1.29,34.5292,1.7611,401425.0321,146550.7753
002225.SZ,20250417,1.7113,0.74,31.1282,1.511,507236.6677,414429.8886
002644.SZ,20250417,1.3935,0.8,82.4316,2.1965,388609.977,388609.977
301296.SZ,20250417,1.911,0.88,20.398,1.4847,374220.0,242066.3926
002998.SZ,20250417,2.2956,0.96,16.9961,1.2653,208900.7418,155801.8778
920061.BJ,20250417,15.3325,0.63,134.9147,9.5362,270913.33,143012.6938
300772.SZ,20250417,2.0762,0.71,17.8606,1.3026,830210.4168,733203.2459
600392.SH,20250417,1.0065,0.39,67.9064,2.0728,1815928.3265,1815928.3265
600475.SH,20250417,2.3789,1.35,11.9476,0.999,845073.7044,833087.338
688543.SH,20250417,6.1128,0.74,48.0793,4.1921,955465.067,525598.0841
000898.SZ,20250417,1.3461,0.83,,0.4404,2098705.5618,1782412.2788
600546.SH,20250417,0.8508,0.51,8.5702,1.2158,2022105.2628,2022105.2628
301231.SZ,20250417,6.5345,0.66,,2.4729,217836.4,139115.9
301551.SZ,20250417,10.393,1.68,75.4102,7.9798,1906047.65,180509.3549
600961.SH,20250417,6.1587,1.13,13.2586,3.6533,1042832.2673,730761.6509
603596.SH,20250417,0.8004,0.4,29.9123,5.1806,3214507.346,3213375.796
301137.SZ,20250417,16.7277,0.63,84.565,2.7938,372353.8432,208285.2864
605122.SH,20250417,2.8781,0.94,96.4196,0.8147,180971.7,180971.7
301012.SZ,20250417,3.5046,0.78,58.0959,2.9483,334566.9661,267261.5461
600828.SH,20250417,17.378,0.84,169.717,0.9038,630441.6467,630215.1059
600165.SH,20250417,3.0801,0.75,,47.1258,338332.5849,338332.5849
000682.SZ,20250417,1.0454,0.71,20.3282,2.5908,1256261.2056,1256137.1936
920110.BJ,20250417,9.3403,0.87,32.4412,4.0016,145275.0,60490.275
688565.SH,20250417,2.5863,1.19,382.4247,2.0184,98455.2408,97025.04
002721.SZ,20250417,1.5026,1.4,5.8015,3.4044,688779.0613,688779.0613
603583.SH,20250417,6.4484,0.69,43.1923,3.0786,1342097.9425,1337864.3425
600108.SH,20250417,3.1516,0.39,61.6516,1.3678,580180.7061,580180.7061
600583.SH,20250417,1.5453,0.6,10.8621,0.8938,2347739.3988,2347739.3988
603308.SH,20250417,1.4173,0.58,40.854,2.5286,1169979.7878,1169979.7878
688135.SH,20250417,2.5789,0.76,,3.2017,336017.8911,336017.8911
300626.SZ,20250417,2.9758,0.7,,2.9623,158580.0,156764.1022
688583.SH,20250417,4.7865,0.7,55.9296,6.3081,678300.0,127483.9613
600523.SH,20250417,1.7694,0.72,25.5576,1.4808,454041.6124,453742.1083
603895.SH,20250417,3.9465,0.97,,8.1759,282413.04,282413.04
002602.SZ,20250417,1.0297,0.55,57.0139,1.9687,5119906.637,4725672.5836
002631.SZ,20250417,9.4433,0.51,133.0058,1.8279,401830.572,399960.4654
301091.SZ,20250417,2.3111,0.55,80.3266,5.9308,1356732.0,949712.4
600058.SH,20250417,1.2992,0.71,58.4352,1.4895,734258.837,734258.837
002015.SZ,20250417,1.1538,0.63,19.022,0.9545,1120093.9837,1120093.9837
688200.SH,20250417,2.811,0.75,62.0665,5.8048,2072494.112,2072494.112
300422.SZ,20250417,2.4041,0.63,,1.0327,219958.7203,212875.47
300127.SZ,20250417,19.0595,0.69,58.8175,5.9703,865709.0984,618356.4391
002653.SZ,20250417,1.771,0.89,131.5168,12.8033,5200899.0527,2488380.8574
600169.SH,20250417,0.9536,0.53,50.1323,1.4677,756282.789,749956.8375
002692.SZ,20250417,2.1779,0.5,46.8444,2.8006,328910.868,328782.1586
000688.SZ,20250417,1.0466,0.49,,4.2307,1210927.1096,1210922.4613
688066.SH,20250417,2.3923,0.8,,4.9013,436855.8245,436855.8245
688628.SH,20250417,2.3356,0.81,21.4004,3.1778,392491.6034,392042.969
603696.SH,20250417,18.7005,0.92,111.3187,4.7357,265540.8,265540.8
300429.SZ,20250417,4.9302,0.81,,3.2495,604410.8348,449272.5949
301556.SZ,20250417,9.8004,0.63,60.852,8.4721,760100.64,172506.507
000425.SZ,20250417,0.6097,0.64,17.6748,1.7412,10244616.0026,7040119.9452
600325.SH,20250417,2.3674,1.54,15.5645,0.7499,1480657.8384,1383327.4514
605376.SH,20250417,2.206,0.63,216.9518,5.9785,866157.6,866157.6
600996.SH,20250417,1.2404,0.51,,3.0481,1077235.0739,1077235.0739
600132.SH,20250417,1.3825,0.7,25.7054,24.1736,2865109.4922,2865109.4922
002096.SZ,20250417,1.7876,0.92,21.2935,2.0359,1518299.5025,857955.1659
600845.SH,20250417,1.3895,0.51,33.9491,6.7476,7691104.8893,5689884.9254
000153.SZ,20250417,2.6133,0.72,16.3849,1.3049,263526.7004,256819.0904
002086.SZ,20250417,3.5879,0.47,2.9183,3.2651,505408.197,391391.4931
300020.SZ,20250417,3.2964,0.73,,0.6586,266217.1213,256824.2606
605567.SH,20250417,13.6393,1.43,,1.7856,191600.0,191600.0
000506.SZ,20250417,8.6684,1.8,,9.8934,577849.0473,577633.3377
603527.SH,20250417,2.8252,0.67,23.6476,1.4062,277666.7712,277666.7712
688655.SH,20250417,4.2937,0.46,,2.4136,164203.09,164203.09
600988.SH,20250417,12.1953,1.65,30.5706,6.813,5393690.3455,4800384.3255
002548.SZ,20250417,5.4575,0.54,106.7845,2.1264,322037.4632,321788.5968
301131.SZ,20250417,2.5683,0.77,55.9668,2.069,168749.3854,108747.6074
000605.SZ,20250417,3.8999,1.2,114.9541,1.2025,254972.1678,240497.7924
000913.SZ,20250417,0.8713,0.37,16.4202,1.9642,855216.264,742683.7418
601233.SH,20250417,0.8415,0.52,26.8488,0.6653,2416803.6719,2407877.5835
920357.BJ,20250417,7.1973,0.48,36.2868,4.5763,172412.24,95839.9338
000967.SZ,20250417,2.2034,0.56,35.8569,1.031,1789322.9747,1788471.1242
600062.SH,20250417,2.5774,0.97,11.6283,1.8187,1892760.1431,1871594.5594
605500.SH,20250417,4.1824,2.71,14.5436,1.1426,288836.8,288836.8
688039.SH,20250417,2.547,0.7,,2.7911,324559.0303,324559.0303
300852.SZ,20250417,3.1353,0.59,26.3507,2.4682,369659.9635,355219.1648
002652.SZ,20250417,2.9217,0.61,196.5254,5.1713,137745.216,137745.216
920662.BJ,20250417,8.3826,0.36,67.4935,4.4362,201189.9046,56486.4187
600575.SH,20250417,28.5042,4.12,18.0314,1.3492,1546731.9039,1546731.9039
000509.SZ,20250417,3.7967,2.38,,24.1939,328377.1839,328376.1912
603081.SH,20250417,4.1308,0.61,157.7366,1.4977,464899.6234,461563.4044
600200.SH,20250417,4.1561,0.8,,1.8715,336135.6647,335535.1146
601698.SH,20250417,2.3909,0.5,181.8048,5.254,8262897.8659,8262897.8659
002847.SZ,20250417,6.591,1.08,38.4606,15.5214,2318968.8015,2080196.619
920504.BJ,20250417,10.0401,0.55,67.8071,5.5358,107206.0894,40493.6972
301536.SZ,20250417,2.2527,0.67,107.4845,7.9148,2291408.52,1015413.9095
300977.SZ,20250417,5.5282,1.7,,1.7329,235342.5199,146455.1835
300185.SZ,20250417,1.2307,0.53,1109.159,1.3281,888513.0011,831495.6401
002746.SZ,20250417,3.077,0.45,73.2602,1.161,520625.9298,429354.1173
301003.SZ,20250417,3.9651,0.86,18.0818,2.1184,255062.3325,197065.041
600066.SH,20250417,1.309,1.0,13.8499,4.2469,5700893.4992,5700893.4992
301068.SZ,20250417,1.2409,1.44,55.9166,4.6324,385576.4035,385576.4035
300870.SZ,20250417,7.4416,0.69,33.793,4.8599,1045659.2207,1045659.2207
920082.BJ,20250417,16.1671,0.9,42.6181,5.8198,288820.385,64443.2086
600782.SH,20250417,1.8018,0.84,,0.4697,1198493.4688,1198493.4688
301018.SZ,20250417,10.2847,1.03,93.0082,3.5774,918679.5035,687357.854
300259.SZ,20250417,1.1779,0.63,19.5005,1.3217,376676.0882,376589.7004
603676.SH,20250417,1.6041,0.63,16.4523,2.8789,406440.841,406440.841
605303.SH,20250417,3.8984,0.74,,1.2232,141082.732,141082.732
301413.SZ,20250417,3.5727,0.54,100.9864,6.9144,821361.3688,480118.9475
688539.SH,20250417,1.2561,0.71,74.6135,2.5489,444348.8,245837.312
688479.SH,20250417,1.2105,0.86,33.3312,1.3975,269007.6336,113469.5535
000552.SZ,20250417,1.1045,0.67,10.7478,0.779,1300488.0323,905364.0659
688719.SH,20250417,0.9258,0.57,42.8978,1.7569,313271.4099,236659.9743
002709.SZ,20250417,0.9622,0.54,65.9041,2.4961,3189297.2323,2307250.8653
920857.BJ,20250417,3.9514,0.45,76.6579,3.2622,126552.2299,126552.2299
000068.SZ,20250417,1.7029,0.91,249.5034,4.5917,327168.2258,327168.2258
301135.SZ,20250417,2.9655,0.85,62.4226,1.8071,222962.163,121517.554
301391.SZ,20250417,1.3995,0.58,30.4897,1.4717,318584.6613,165358.875
300583.SZ,20250417,2.4961,0.81,,1.9316,375230.8052,368202.5756
300636.SZ,20250417,1.4845,0.63,24.3189,1.296,299284.4185,258736.8737
002952.SZ,20250417,4.8171,0.75,142.7761,3.3024,286115.94,229890.4007
601969.SH,20250417,2.4932,0.34,19.8042,2.0355,1399154.5666,1384667.2266
000411.SZ,20250417,1.1593,0.39,11.1772,1.2201,534417.9292,330431.5341
603238.SH,20250417,7.8455,0.51,25.0257,1.7798,244607.402,244607.402
603386.SH,20250417,2.8239,0.62,,2.1211,314574.9478,314574.9478
300456.SZ,20250417,1.9657,0.62,,2.32,1142252.489,925854.6617
000657.SZ,20250417,1.6224,0.56,55.3897,1.6734,2078406.3946,1137545.9329
603395.SH,20250417,18.8967,1.13,71.8469,7.0379,986000.0,198923.3555
688027.SH,20250417,1.1432,0.55,,7.9378,2571627.886,2009439.6244
603429.SH,20250417,2.5888,0.93,,3.4943,445812.6453,445812.6453
300917.SZ,20250417,29.5485,1.86,69.8002,7.6775,824720.0,824720.0
301266.SZ,20250417,4.3445,0.8,40.4392,1.8473,323922.0922,127840.2942
688399.SH,20250417,0.7128,0.58,,1.1587,376402.6846,376402.6846
603737.SH,20250417,2.2441,1.11,905.6573,9.5851,2656669.9167,2656669.9167
601158.SH,20250417,1.4215,0.63,29.3473,1.3467,2304000.0,2304000.0
603897.SH,20250417,2.0165,0.51,19.1836,1.7697,452919.8841,452919.8841
600539.SH,20250417,5.1251,0.75,,6.5554,225860.0,225860.0
001299.SZ,20250417,6.3678,0.74,31.2639,2.1017,272928.4591,74591.2137
002406.SZ,20250417,5.3668,0.54,41.219,1.2115,487790.3548,402277.6394
300121.SZ,20250417,6.311,1.21,26.9987,1.5086,518716.9052,500001.4513
003011.SZ,20250417,2.6803,0.73,,1.0783,147134.708,111901.2017
688334.SH,20250417,1.6247,0.52,20.5151,1.7695,502728.192,244137.378
000021.SZ,20250417,1.6029,0.46,30.8501,2.2929,2651438.312,2651159.8884
688371.SH,20250417,0.9997,0.5,108.4725,2.618,497840.9763,188377.5086
603360.SH,20250417,1.8215,0.36,45.6367,8.0729,1367551.661,1367551.661
002928.SZ,20250417,2.6286,0.98,256.606,2.9526,1002141.3752,1002141.3752
688515.SH,20250417,3.7477,0.9,,5.2982,854400.0,532071.192
000875.SZ,20250417,1.1366,0.62,15.4334,1.1141,1907944.3493,1467522.2733
600521.SH,20250417,1.0579,0.53,18.3698,2.2929,2094483.9814,2037323.4881
300215.SZ,20250417,2.6391,0.72,103.329,2.2254,441216.4761,331121.8666
001306.SZ,20250417,8.031,0.54,70.5143,3.3958,443424.0,110856.0
300884.SZ,20250417,4.0324,1.29,48.0473,1.9583,255385.9969,192558.3453
600503.SH,20250417,1.6884,0.87,84.6489,1.0386,378140.44,378140.44
688008.SH,20250417,1.8367,0.65,59.2756,7.3385,8368409.5856,8368409.5856
603181.SH,20250417,2.1572,1.08,18.8859,2.3675,709383.5,709383.5
688669.SH,20250417,2.8925,0.99,,1.3149,183941.3343,183941.3343
300242.SZ,20250417,4.0159,0.68,,6.8963,250014.7583,248053.1891
002366.SZ,20250417,4.1594,0.63,50.9739,2.0511,950988.5015,574204.2262
600031.SH,20250417,0.7245,0.71,30.2048,2.278,16153308.1385,16132795.3853
603033.SH,20250417,0.4223,0.38,262.1591,3.3699,1166245.9796,1145172.5814
603499.SH,20250417,3.9979,0.56,76.6899,6.0994,501225.9932,501225.9932
603201.SH,20250417,4.1112,1.19,10.5963,1.6277,250534.1182,102449.268
002541.SZ,20250417,1.5418,0.55,14.4932,1.489,1370366.4317,985402.136
002478.SZ,20250417,2.098,0.74,7.6034,0.8552,482220.232,384980.6168
300638.SZ,20250417,4.3234,0.53,25.3707,5.4756,1928942.9258,1342974.906
600660.SH,20250417,1.0047,1.07,18.9136,3.973,14181346.3529,10884227.7281
600016.SH,20250417,0.6633,0.81,5.4498,0.3213,17600532.2378,14255773.5316
601619.SH,20250417,2.8079,0.57,13.7534,1.2661,866632.8688,866632.8688
300162.SZ,20250417,3.4977,0.95,,2.7604,259257.1985,210588.926
301079.SZ,20250417,24.1163,0.76,410.2386,5.4596,262411.5816,167010.6576
601595.SH,20250417,3.3976,0.52,124.222,8.214,1364769.0,1364769.0
600398.SH,20250417,2.2875,1.54,16.1155,2.3163,3880638.3992,3880638.3992
920885.BJ,20250417,13.0644,0.56,173.3287,7.3221,278614.295,143742.511
000883.SZ,20250417,0.9261,0.66,12.3391,0.8969,3074714.0439,3064924.8027
600408.SH,20250417,2.0866,0.85,,1.1363,176190.0,176190.0
688096.SH,20250417,5.409,0.76,,3.3806,298073.0592,298073.0592
603269.SH,20250417,2.5511,0.51,25.9091,2.2375,229799.53,229799.53
301251.SZ,20250417,3.5154,0.51,64.084,2.5858,387037.56,155037.94
600055.SH,20250417,1.505,0.74,77.2982,2.5512,1216295.6303,1216295.6303
001322.SZ,20250417,3.0674,1.32,45.8578,1.6011,775846.3973,132655.8528
002669.SZ,20250417,2.5021,1.4,,0.9627,278824.6,277193.5588
002510.SZ,20250417,4.1856,0.61,64.7344,2.3078,558326.2894,552665.8203
002041.SZ,20250417,4.6223,0.35,43.4767,2.6474,952160.0,952160.0
002370.SZ,20250417,3.1218,0.6,,2.7478,235630.9395,235630.9395
603339.SH,20250417,1.4764,0.49,14.4708,1.3364,343170.2631,343170.2631
603508.SH,20250417,6.8661,1.11,17.9519,2.094,984450.4414,984450.4414
000878.SZ,20250417,1.9109,0.68,17.9183,1.5304,2266103.6186,2266059.1205
002001.SZ,20250417,1.5523,0.82,11.2598,2.3016,6607856.612,6529575.6452
688131.SH,20250417,1.4852,0.61,36.4698,2.6584,735194.8368,718540.2483
300905.SZ,20250417,18.0139,3.45,42.1557,2.575,480679.7367,366589.1945
605366.SH,20250417,1.3804,0.84,,1.6706,347342.7086,345873.9288
688558.SH,20250417,1.6108,0.6,21.7144,1.7075,279048.0,279048.0
603007.SH,20250417,3.8562,0.7,,11.5134,410387.3753,233920.8041
300189.SZ,20250417,23.1929,0.6,,5.971,447488.0,387290.1898
002266.SZ,20250417,0.987,0.6,19.0898,1.3915,1555342.8778,1459246.7123
300623.SZ,20250417,3.7506,0.68,51.3456,4.1799,2428841.2836,2078292.2714
603062.SH,20250417,9.0239,1.23,25.6863,2.6288,541620.0,166602.312
300585.SZ,20250417,2.6344,0.62,,3.0102,215771.111,215771.111
601717.SH,20250417,1.6819,0.57,6.4629,1.1582,2542409.5003,2196043.9995
603030.SH,20250417,0.9983,0.66,55.818,2.9607,294993.1085,294993.1085
300735.SZ,20250417,2.6935,0.58,59.4606,3.8099,1831161.204,1806871.335
600699.SH,20250417,1.1621,0.42,21.8242,1.5461,2096147.896,2035709.9205
600538.SH,20250417,1.063,0.59,,3.0648,260002.3806,260002.3806
301318.SZ,20250417,3.3572,0.72,38.7142,1.9731,354988.8113,153715.5477
300474.SZ,20250417,2.7774,0.72,570.6734,5.3441,3879402.4923,2426218.7736
301501.SZ,20250417,30.1429,1.78,24.4272,2.7611,537132.0,127354.9556
300473.SZ,20250417,4.3526,0.52,145.2734,2.4362,378791.5104,376475.4199
600727.SH,20250417,17.6172,1.42,16.6285,1.3647,433966.7538,433917.4938
002871.SZ,20250417,2.8579,0.88,17.8518,2.5757,199808.6224,110020.1736
301373.SZ,20250417,3.3244,1.52,23.8439,2.01,321619.7498,114071.9202
600846.SH,20250417,1.5353,1.31,13.4032,1.3616,542292.9959,542292.9959
600928.SH,20250417,0.9768,0.87,6.0836,0.463,1511111.1113,1503940.3824
920974.BJ,20250417,4.0417,0.75,64.4913,2.1448,133333.2,104821.1553
002902.SZ,20250417,1.9995,0.63,,3.5448,392540.2624,296015.4346
301019.SZ,20250417,1.8011,0.95,25.7278,2.282,253175.9925,167979.0525
300640.SZ,20250417,8.2515,0.92,107.3749,2.0924,166692.4769,118321.5337
002460.SZ,20250417,0.7688,0.54,,1.4696,6140258.7193,3679349.147
002520.SZ,20250417,5.9093,0.57,,3.8064,420887.5409,402483.9359
688111.SH,20250417,1.8209,0.84,87.3272,12.638,14366027.8242,14366027.8242
600905.SH,20250417,0.6893,0.82,18.0798,1.4439,12363248.503,12349864.8613
002245.SZ,20250417,2.5377,0.53,28.8815,2.035,1408952.9148,1329720.5112
000703.SZ,20250417,0.2833,0.62,46.7775,0.9248,2152130.6242,2140996.5403
688005.SH,20250417,1.5653,0.55,48.7174,1.708,1441601.273,938067.1789
920039.BJ,20250417,6.7516,0.88,27.757,2.8866,154435.28,154435.1796
601398.SH,20250417,0.7623,0.66,6.8678,0.6893,251266411.2477,190076609.84
002031.SZ,20250417,15.4577,1.13,,7.8761,1915673.6286,1726538.0193
920261.BJ,20250417,17.7582,5.69,23.6737,2.7022,415737.5641,244610.925
300341.SZ,20250417,1.7879,0.57,44.9742,4.3363,770941.4006,767838.2149
605123.SH,20250417,3.6779,1.28,20.8858,1.5266,659533.1652,659533.1652
600717.SH,20250417,1.5463,0.56,13.1065,0.6717,1302300.4671,1302300.4671
301262.SZ,20250417,1.9557,0.67,20.875,2.7127,947424.0,277355.2906
605068.SH,20250417,5.1533,0.7,83.5104,1.3755,234292.4965,234292.4965
688033.SH,20250417,0.9814,0.62,,0.7789,288407.8797,288407.8797
603280.SH,20250417,6.9715,0.7,21.1908,1.8589,242180.4941,62421.6841
600481.SH,20250417,3.4019,1.3,,1.5302,820710.3074,820710.3074
002845.SZ,20250417,1.2378,0.5,45.4176,1.6971,466433.6279,356335.1398
002615.SZ,20250417,4.7479,0.76,10.0866,2.0041,324522.3415,213009.5521
301030.SZ,20250417,2.71,0.55,19.3955,1.9068,376635.3771,300452.6995
920223.BJ,20250417,3.9446,0.51,,6.0544,160430.7,83215.425
002056.SZ,20250417,1.5273,0.49,11.4605,2.0766,2093578.4392,2091449.6576
600188.SH,20250417,0.7325,0.55,8.9436,2.1746,12901220.6166,7612225.7429
002459.SZ,20250417,1.8549,0.69,,1.0285,3210388.9055,3206257.5407
688188.SH,20250417,0.8963,0.81,40.4458,6.5298,3570192.5776,3570192.5776
600416.SH,20250417,1.3221,0.66,52.7594,1.756,1313477.787,1313477.787
300897.SZ,20250417,7.7004,1.58,27.3794,2.7341,264480.8365,165663.9494
300119.SZ,20250417,2.2362,0.41,26.1797,1.7613,787282.9611,566086.3225
603937.SH,20250417,2.8055,0.95,217.1361,1.0983,174415.5081,174415.5081
600580.SH,20250417,6.4732,0.59,121.7099,3.0077,2971282.2099,2971282.2099
600682.SH,20250417,2.5489,0.82,34.3335,0.4951,860178.4892,744473.5157
603298.SH,20250417,0.6074,0.43,11.8135,2.4184,2348493.0039,2348493.0039
300745.SZ,20250417,1.5781,0.49,,1.1722,275390.4444,232152.1457
603936.SH,20250417,1.669,0.65,,0.9857,446952.1848,446952.1848
002090.SZ,20250417,5.0416,0.99,50.3304,2.4186,363723.9805,359583.9009
920422.BJ,20250417,42.6322,0.87,100.2203,3.7452,159091.9126,119068.4326
688156.SH,20250417,8.1752,0.82,,1.8658,155603.3726,155603.3726
002105.SZ,20250417,27.7135,2.18,6674.9989,3.0276,272364.4,269709.2615
601728.SH,20250417,0.8706,0.71,22.3418,1.6303,73754753.7914,62569561.3314
002461.SZ,20250417,2.4095,1.12,28.4358,2.1923,2304074.9477,2304074.9477
300501.SZ,20250417,5.4679,0.96,31.0653,1.7196,277533.2138,179538.4864
002253.SZ,20250417,2.9762,0.62,,1.8716,220211.0687,202783.0613
002360.SZ,20250417,1.4614,0.74,5.697,0.8756,186423.2511,152314.1564
300949.SZ,20250417,4.2619,1.8,,2.0892,182608.617,181080.0
301046.SZ,20250417,2.517,1.03,35.9646,3.2839,277178.4088,205957.7138
603988.SH,20250417,6.8587,1.48,252.5691,7.3232,481689.6,481689.6
688578.SH,20250417,1.153,0.59,26.8744,7.2525,3827250.0,3827250.0
001391.SZ,20250417,14.4972,0.59,44.5662,3.4737,8704932.3134,598167.0306
300998.SZ,20250417,11.6812,2.0,,1.8052,230032.7987,180580.3327
001218.SZ,20250417,1.8999,0.94,19.8028,0.961,206853.2551,179555.4587
603619.SH,20250417,1.5259,0.54,9.4917,2.0412,748525.9684,748525.9684
002439.SZ,20250417,2.7352,0.99,,1.5966,1822680.5865,1085113.0323
603037.SH,20250417,2.4398,0.47,28.3658,3.0615,281478.296,279945.086
300078.SZ,20250417,3.1327,0.62,,4.4839,340951.0302,339576.9801
002946.SZ,20250417,8.4181,0.67,28.072,5.0677,1470031.0485,1453005.3407
001267.SZ,20250417,2.3027,0.32,109.9549,4.2473,646264.7138,468103.1408
300465.SZ,20250417,3.9134,0.5,196.8474,9.4934,617255.3556,617255.3556
600689.SH,20250417,3.1021,0.49,119.5035,4.7762,220487.5033,166967.9449
301550.SZ,20250417,3.4598,0.46,54.2212,5.7778,974820.0,595628.313
603615.SH,20250417,3.5991,0.54,,4.7133,536598.58,536598.58
300346.SZ,20250417,5.9082,0.82,81.4282,6.4915,2206518.4135,2096049.2835
601857.SH,20250417,0.93,0.56,8.8801,0.965,146233761.2766,129375740.1766
603707.SH,20250417,2.2183,0.71,,2.8204,1754579.5763,1754579.5763
601500.SH,20250417,2.009,0.47,16.745,1.2355,732755.2288,726932.7988
001205.SZ,20250417,2.6196,0.78,15.6978,1.5564,314341.2434,266548.242
300486.SZ,20250417,4.2117,0.68,,1.9753,245815.4953,238836.8617
688389.SH,20250417,1.4318,0.51,16.9463,2.8538,585311.5072,585311.5072
600977.SH,20250417,1.647,0.68,2562.2515,1.7715,1964084.0,1964084.0
601218.SH,20250417,1.79,0.83,38.9032,1.0176,287802.9531,287802.9531
300926.SZ,20250417,3.4208,0.6,17.0136,4.3361,1043127.6924,704067.0364
688117.SH,20250417,9.3486,0.8,54.1592,3.2116,296447.7322,296447.7322
600938.SH,20250417,1.0102,0.71,8.5525,1.5781,117969345.7883,7053476.2991
300496.SZ,20250417,2.0011,0.6,1893.2343,2.3947,2304660.2152,1843063.0937
600085.SH,20250417,0.5788,0.54,32.6542,3.7768,4983922.9321,4983922.9321
002953.SZ,20250417,6.6283,1.45,28.014,2.4758,455518.1825,270822.6194
920839.BJ,20250417,26.4963,2.35,39.2338,7.3087,426551.27,232896.9398
002138.SZ,20250417,0.9279,0.5,26.1058,3.7521,2172221.6457,2029637.8352
002840.SZ,20250417,3.9914,0.47,,3.0385,705817.1695,555006.5935
300370.SZ,20250417,2.0403,0.67,,7.0266,411693.9472,348434.8199
600088.SH,20250417,2.0813,0.43,166.4865,4.815,660988.0368,660988.0368
300380.SZ,20250417,14.9498,0.61,,18.6747,692887.4453,637504.5827
002409.SZ,20250417,2.38,0.87,31.1952,3.6443,2644254.179,1769712.3823
301538.SZ,20250417,2.557,0.7,20.8039,2.8953,346640.0,137989.1204
600558.SH,20250417,3.592,0.68,25.7735,1.6852,399434.1498,399434.1498
002208.SZ,20250417,5.0228,1.09,,0.7936,513303.5203,513170.9207
002254.SZ,20250417,12.7115,1.21,49.9351,1.4542,1026905.4818,973944.4568
601068.SH,20250417,10.0047,1.96,70.7387,5.5523,1564578.2039,1341225.5095
301057.SZ,20250417,7.3307,1.0,47.4146,2.2527,169277.0116,119252.6256
300120.SZ,20250417,2.1973,0.63,,1.4673,442857.7193,408947.0491
603880.SH,20250417,1.9389,1.04,,3.1587,144231.958,144231.958
603595.SH,20250417,2.3613,0.49,,2.6619,401892.7817,401892.7817
300218.SZ,20250417,4.241,0.64,14.7607,2.008,286639.827,285701.1165
000560.SZ,20250417,16.9666,1.72,104.2793,0.8156,765537.7766,732963.5281
301555.SZ,20250417,3.4636,1.22,336.0666,1.9107,200495.5391,105058.5743
688619.SH,20250417,1.209,0.69,,1.7316,154840.7651,154840.7651
300182.SZ,20250417,1.8059,0.6,35.7507,1.6375,1358551.0723,1152374.7493
603956.SH,20250417,3.9364,0.62,,1.7552,362460.3979,362460.3979
688287.SH,20250417,2.3778,0.61,,1.7157,150058.818,150058.818
001222.SZ,20250417,5.7995,0.99,18.9493,2.1068,268200.45,110356.0411
300338.SZ,20250417,4.2872,0.9,,,174739.1163,149533.3885
002222.SZ,20250417,3.0958,0.92,71.787,9.96,1570635.0,1563626.7281
002240.SZ,20250417,0.5843,0.64,,0.86,1034282.0754,979314.5622
603055.SH,20250417,1.2317,0.47,11.5317,1.6948,836875.075,832325.475
600285.SH,20250417,0.7755,0.56,19.2675,4.4996,1302097.1559,1299227.1559
002062.SZ,20250417,1.5741,0.58,17.851,1.1637,572856.4216,458334.4819
300385.SZ,20250417,1.3935,0.49,,2.7886,154246.5665,134035.7836
601609.SH,20250417,2.8653,1.64,20.1906,1.1775,932892.8244,932892.8244
002177.SZ,20250417,2.8393,0.51,207.438,1.9034,323506.3,284414.2985
605268.SH,20250417,2.2604,1.08,90.2661,2.2781,358156.8563,348750.2638
002486.SZ,20250417,3.1128,0.8,99.7703,1.6143,168109.8216,168109.8216
300589.SZ,20250417,7.9157,1.0,81.9031,5.1399,430163.8474,263800.3889
301331.SZ,20250417,9.1599,0.7,78.3623,2.7143,277396.5274,84347.5332
600550.SH,20250417,4.7597,0.58,117.521,22.8458,1440075.2714,1440075.2714
300270.SZ,20250417,2.9534,0.79,,3.1783,196823.9182,166701.2575
000798.SZ,20250417,3.4429,0.44,,5.2645,257930.392,257909.242
301282.SZ,20250417,2.9101,0.62,35.4521,1.6968,284294.2798,135688.2261
603712.SH,20250417,3.4401,0.81,147.524,3.3561,1543228.0,1543228.0
688079.SH,20250417,1.7765,0.61,,2.4699,336778.8139,329476.9303
601686.SH,20250417,0.339,0.68,31.9059,1.2515,741150.8493,741150.8493
002860.SZ,20250417,8.3411,1.94,25.2903,1.6848,363406.5215,349992.2496
000751.SZ,20250417,0.971,0.66,98.1331,1.2427,439451.5218,383484.3079
002580.SZ,20250417,8.5588,0.62,29.6972,2.3675,510602.6171,508881.15
605258.SH,20250417,3.3929,0.65,33.9421,1.9981,241912.0,241912.0
000028.SZ,20250417,0.8336,0.46,21.1887,0.7705,1361358.1783,1169319.3796
301004.SZ,20250417,2.2541,0.55,12.3336,4.7697,903974.5179,836389.5264
688268.SH,20250417,7.7568,0.68,35.279,3.6484,651886.1883,651008.9583
600742.SH,20250417,1.547,0.67,13.1308,0.7889,668009.0341,668009.0341
300642.SZ,20250417,1.4815,0.71,29.9897,1.4094,212580.6111,179569.8837
688591.SH,20250417,8.0498,0.88,99.3398,4.0921,958560.0,660183.5171
600399.SH,20250417,1.774,0.63,92.1746,1.6212,1029436.2,1029436.2
600015.SH,20250417,0.8667,1.01,4.5601,0.4349,12620538.2751,12202068.6185
920274.BJ,20250417,12.3715,0.88,326.8679,2.5256,121349.3343,121349.3343
688289.SH,20250417,1.1561,0.51,42.8569,1.5295,1110107.4195,1110107.4195
300823.SZ,20250417,3.6784,0.58,36.4917,1.8574,176564.716,102558.1599
600586.SH,20250417,1.145,0.81,20.0625,1.0998,674379.44,674379.44
301592.SZ,20250417,5.2051,0.86,93.6621,10.8894,945140.0,236285.0
300545.SZ,20250417,5.6635,0.83,22.2221,2.9429,543573.9781,344729.9854
920593.BJ,20250417,3.6855,0.48,146.4089,8.968,600371.5307,515421.3471
603980.SH,20250417,2.0214,1.16,,0.7516,291715.1782,291715.1782
002342.SZ,20250417,7.8353,0.51,,1.6405,405120.0,402879.18
603227.SH,20250417,4.0559,0.88,15.7924,2.1512,1055617.2987,959464.3261
603368.SH,20250417,1.5391,0.63,7.8385,0.8971,670091.2865,667243.6025
002292.SZ,20250417,4.4264,0.6,143.8601,3.5486,1200704.154,826509.4429
000736.SZ,20250417,0.157,0.02,,,348147.8549,336109.977
002480.SZ,20250417,1.4504,0.58,,3.463,403044.3831,402284.2037
603088.SH,20250417,5.2861,0.54,25.1122,5.3137,413351.017,411199.8751
002995.SZ,20250417,5.5748,1.36,,3.1644,306641.3414,194256.9354
300776.SZ,20250417,1.8634,0.82,30.5,4.8206,1540688.4726,943923.8308
600293.SH,20250417,1.8433,0.74,99.8518,1.8674,323680.4678,323680.4678
301049.SZ,20250417,1.0393,0.68,,2.6918,193219.3347,193219.3347
300228.SZ,20250417,3.413,0.7,17.8258,1.7803,390769.6532,366844.1964
002791.SZ,20250417,10.3144,0.97,104.4086,1.6475,939564.7095,507838.534
688388.SH,20250417,2.2625,0.78,,1.1732,799197.4913,799197.4913
300554.SZ,20250417,5.8617,1.04,,2.9093,218258.3236,150614.414
605133.SH,20250417,6.4903,0.74,39.4926,1.7867,621086.7839,527942.3632
300091.SZ,20250417,3.2755,0.58,,1.8775,348464.4261,312387.1326
601033.SH,20250417,4.9912,1.53,17.2964,1.3533,1419300.0,378480.0
301038.SZ,20250417,16.6819,1.78,57.3917,3.393,303217.2,303217.2
301239.SZ,20250417,1.9466,0.65,,2.8027,621667.1444,294130.2188
300606.SZ,20250417,2.8089,0.8,54.6868,3.1852,222786.03,189729.0317
301031.SZ,20250417,3.5434,1.98,50.7444,7.0782,768818.1532,552953.4864
300907.SZ,20250417,4.6025,0.5,28.114,2.9199,216096.0,216096.0
000868.SZ,20250417,2.7301,0.57,615.7423,6.021,516733.1043,403330.6299
300702.SZ,20250417,2.6063,0.81,152.0079,1.8782,663940.4194,402901.8336
001319.SZ,20250417,12.2643,1.43,32.3447,2.753,346430.0,149369.15
000715.SZ,20250417,16.5811,0.61,31.3037,1.6299,314283.5186,313469.2719
603535.SH,20250417,17.8201,1.34,24.0155,1.9781,491498.2329,459537.1047
300001.SZ,20250417,1.5264,0.58,34.1,3.5335,2440759.2405,2376611.3716
000887.SZ,20250417,3.6823,0.49,16.0693,1.6428,2101117.6362,2097735.4904
605577.SH,20250417,4.9818,0.74,26.332,1.4482,555111.1118,555111.1118
603106.SH,20250417,2.6014,0.68,,3.2251,396636.24,396636.24
688568.SH,20250417,1.9977,0.69,77.0887,7.0611,2711196.3907,2711196.3907
601101.SH,20250417,0.7404,0.46,8.8016,0.8387,1010878.5441,1010878.5441
000795.SZ,20250417,4.4811,0.44,48.5247,4.4705,1201705.1492,1201705.1492
301261.SZ,20250417,10.0227,0.55,96.4206,4.6085,699518.07,301568.07
002643.SZ,20250417,1.3483,0.61,19.907,1.3678,962517.9202,941151.965
001211.SZ,20250417,2.2535,0.59,231.933,1.7043,146232.0,136070.0438
002466.SZ,20250417,0.7344,0.54,,1.0758,4506794.4669,4052672.111
603005.SH,20250417,4.6648,0.86,77.4262,4.1041,1733472.3945,1733472.3945
002956.SZ,20250417,7.6906,0.6,31.8635,2.8006,418364.6625,418322.3401
600975.SH,20250417,4.1079,0.43,204.3324,2.6503,803443.025,647801.0446
000710.SZ,20250417,11.1425,0.82,,2.4674,462406.0762,416282.2396
300147.SZ,20250417,5.0971,0.73,,2.3323,398089.9851,395790.3433
603380.SH,20250417,2.0531,0.72,19.4851,2.2643,328904.46,328904.46
002753.SZ,20250417,2.5899,0.84,19.0634,1.0362,236687.5073,152966.4142
002655.SZ,20250417,7.5704,0.59,55.8546,6.5687,440640.0,440518.9158
600585.SH,20250417,0.6248,0.6,17.4345,0.7139,13417834.13,10127246.93
300451.SZ,20250417,3.3135,0.58,,1.8754,828781.7102,816781.167
301358.SZ,20250417,1.3035,0.52,37.904,1.9384,2249798.871,1139179.8768
605369.SH,20250417,1.8528,1.04,23.801,2.3863,386224.6952,386224.6952
002364.SZ,20250417,4.7734,0.52,79.0759,3.1811,751232.0917,743952.3121
300747.SZ,20250417,1.7707,0.65,62.2307,3.1469,1027975.727,926878.0284
601065.SH,20250417,1.1156,0.82,10.9072,1.2728,541860.2346,350903.8746
002501.SZ,20250417,2.0488,0.48,,7.305,695800.0,695799.8052
300540.SZ,20250417,3.47,1.56,48.8814,3.2313,353739.249,310435.0593
603856.SH,20250417,1.6831,1.01,17.4341,1.1765,306594.9372,278722.6702
301090.SZ,20250417,2.0342,0.75,,1.5374,1046396.6325,440154.3126
002152.SZ,20250417,1.9144,0.64,32.452,2.3731,2985026.2434,2983524.723
002369.SZ,20250417,8.9176,0.66,,8.2523,462069.3682,461005.2431
688109.SH,20250417,3.5534,0.74,71.4055,2.7815,222729.4975,222729.4975
600679.SH,20250417,3.09,0.47,94.4196,2.6541,590011.9243,393529.9243
603260.SH,20250417,0.6613,0.71,34.6663,2.0109,6561248.5226,6561248.5226
300970.SZ,20250417,8.9456,0.44,,1.0197,153137.8576,118559.6235
601339.SH,20250417,4.0949,0.76,18.0237,0.7701,739287.517,739287.517
002019.SZ,20250417,0.8333,0.57,,1.5589,1327081.5827,918048.2213
301633.SZ,20250417,4.0726,1.04,36.7907,4.7104,418992.0,104748.0
600439.SH,20250417,16.6763,1.82,558.3168,1.4205,388271.0059,388271.0059
002304.SZ,20250417,0.9543,0.7,13.1737,2.2115,11054293.953,11026862.2636
601111.SH,20250417,1.8808,0.91,,2.9218,13191006.276,8798410.7623
601216.SH,20250417,1.0421,0.57,15.836,1.6689,4413083.095,4413083.095
002175.SZ,20250417,3.5755,0.51,205.5758,9.0908,557953.1777,557949.9002
688576.SH,20250417,1.1237,0.7,29.7011,1.9153,300826.4903,144602.4238
301040.SZ,20250417,4.4853,0.53,,2.0075,177301.6081,167073.836
605186.SH,20250417,1.9167,0.64,138.7617,2.3323,249832.0,249832.0
688603.SH,20250417,4.7687,1.43,84.8792,5.6505,633876.7996,234218.433
688321.SH,20250417,1.2712,0.72,,4.3368,658999.1068,658999.1068
605368.SH,20250417,0.7155,0.54,15.0627,2.1284,758227.5695,710465.5128
688359.SH,20250417,2.3703,0.89,,7.7237,450061.169,450061.169
603058.SH,20250417,2.8818,1.02,19.9164,2.6979,318694.5662,317897.1304
002922.SZ,20250417,2.7867,0.55,20.2551,1.8467,592505.5166,562040.4499
603786.SH,20250417,0.6775,0.61,29.3068,4.3938,2228262.7851,2219975.1477
301585.SZ,20250417,12.7224,1.43,35.6487,4.007,373200.0,88475.2471
920271.BJ,20250417,6.2261,0.86,22.1879,3.5256,196829.15,87090.5089
003003.SZ,20250417,7.4676,0.85,24.2895,1.3412,170433.5612,111923.8048
300424.SZ,20250417,8.9148,1.54,101.0972,4.349,362006.949,361312.8642
002533.SZ,20250417,2.8688,0.56,12.3124,1.7784,700179.7731,608313.7431
000761.SZ,20250417,1.4098,0.56,,1.3294,1454314.111,1312714.111
300712.SZ,20250417,0.9386,0.46,71.1675,3.1582,409412.9944,407353.4976
688692.SH,20250417,3.4598,0.6,74.1581,8.3873,2683560.0,536712.0
000935.SZ,20250417,2.8547,0.78,39.2601,1.6249,1214633.5698,1214633.5698
002150.SZ,20250417,1.3841,0.5,31.2874,2.2808,403916.8229,398703.7669
301191.SZ,20250417,4.7696,0.58,49.066,3.6605,624424.71,235912.6568
688439.SH,20250417,3.7785,0.79,38.0731,2.4931,1228000.0,699454.3219
000915.SZ,20250417,3.6493,1.01,13.8437,2.4514,713773.7033,713369.6514
600243.SH,20250417,17.4113,1.66,,1.6107,114539.85,114539.85
300759.SZ,20250417,1.2805,0.55,21.8736,2.8802,3922699.3282,3131162.4563
601059.SH,20250417,2.214,0.5,34.9987,2.474,4776939.0,1018726.8
600054.SH,20250417,10.103,1.16,30.3977,1.9706,911724.3,641625.0
603579.SH,20250417,14.2614,0.68,19.5106,2.0441,377499.8137,377499.8137
002528.SZ,20250417,1.6938,0.45,,6.2775,258913.8177,226847.4286
002271.SZ,20250417,2.0683,1.96,268.5192,1.3129,2904659.0371,2328311.5365
301152.SZ,20250417,2.6245,0.69,,1.5484,254816.055,154211.575
688520.SH,20250417,1.0471,0.48,151.162,,1692275.7132,1692275.7132
603026.SH,20250417,1.2256,0.77,423.2695,1.7838,694989.72,694989.72
002079.SZ,20250417,1.2041,0.59,100.3575,2.4439,739544.0748,738849.4297
688335.SH,20250417,1.3647,0.95,,1.2443,145518.0039,145518.0039
002558.SZ,20250417,1.3613,0.51,23.345,2.1478,2503567.2906,2503567.2906
603205.SH,20250417,19.0571,2.87,33.4395,3.2082,446760.0,109452.0526
600458.SH,20250417,2.681,1.75,20.7937,1.5193,925030.8265,900739.5265
002584.SZ,20250417,15.4393,0.66,77.7563,2.2971,529035.6455,390972.109
002318.SZ,20250417,0.7242,0.82,15.6111,2.9528,2326643.4843,2273288.1363
000823.SZ,20250417,5.367,0.96,23.4688,1.0884,506382.613,506339.7178
920429.BJ,20250417,28.6883,1.39,38.3379,3.9936,343122.0,312224.1836
000551.SZ,20250417,2.8789,0.99,17.5033,1.6742,438683.4066,437258.3998
600792.SH,20250417,2.6573,1.02,,1.1232,339636.6216,324319.6426
300176.SZ,20250417,1.9427,0.58,48.4406,2.5545,238952.2536,238952.2536
000016.SZ,20250417,10.7101,0.63,,5.1519,1220828.3219,809473.0566
300339.SZ,20250417,3.6376,0.8,217.6344,11.1702,3837107.4319,3746894.3616
600287.SH,20250417,1.3408,0.91,26.4899,0.9313,194409.6525,193500.6608
688387.SH,20250417,0.7346,0.54,,2.8462,1784587.5,719707.5
600151.SH,20250417,0.8451,0.62,,1.8591,902144.6885,902144.6885
000536.SZ,20250417,3.2071,0.61,,9.0421,1172797.9085,1171546.9868
688269.SH,20250417,3.2927,1.55,40.5508,3.8926,374074.848,374074.848
002885.SZ,20250417,6.8586,1.33,971.1604,2.3714,338251.9535,289213.8603
002289.SZ,20250417,0.6825,0.17,,7.6584,177961.1205,164368.247
600901.SH,20250417,1.0978,0.85,10.3998,1.2648,2959906.0589,2958663.6482
002353.SZ,20250417,1.8164,0.77,11.4505,1.4219,3008088.4374,2037313.1024
300435.SZ,20250417,1.2214,0.49,16.999,1.4528,475969.842,455117.2534
300084.SZ,20250417,15.1431,1.28,,2.2546,331661.1344,223988.4296
002365.SZ,20250417,9.9242,0.5,45.2286,1.4012,279359.01,232790.9757
300653.SZ,20250417,2.8683,0.74,26.2569,3.9776,353520.0,353518.9689
002206.SZ,20250417,2.4881,0.63,12.229,1.2839,502073.519,395787.4428
603045.SH,20250417,13.9953,2.72,40.9811,2.0709,200323.3842,200323.3842
002363.SZ,20250417,2.5056,0.49,66.5922,1.2716,265320.9711,264006.436
688535.SH,20250417,3.1275,0.59,139.9226,5.4907,570927.405,371123.0021
600640.SH,20250417,2.3432,1.18,,2.2516,893566.5406,893566.5406
002695.SZ,20250417,6.3221,0.9,141.4884,2.0694,570621.6814,521528.3501
301315.SZ,20250417,5.6048,0.79,65.3535,4.026,406296.0,170829.0
688584.SH,20250417,1.5253,0.69,88.5931,2.584,1070057.0316,546379.7359
300080.SZ,20250417,1.5518,0.79,,1.2535,642569.4895,641451.4097
002990.SZ,20250417,6.6234,0.93,42.8039,3.0397,748645.6666,384183.2866
688593.SH,20250417,0.8263,0.41,892.5338,4.778,751790.118,521892.9784
600387.SH,20250417,7.2205,0.8,,0.3296,94565.1817,81617.7954
300326.SZ,20250417,0.8645,0.44,104.7278,1.4419,413007.1678,412755.0987
002656.SZ,20250417,5.3255,3.39,,4.6738,168867.203,144441.4405
002589.SZ,20250417,1.6349,0.62,105.2064,0.7639,419814.2214,381000.0419
002945.SZ,20250417,2.5785,0.51,103.5188,5.4889,3655800.0,3655800.0
600328.SH,20250417,0.882,0.64,20.0844,0.8566,1041963.8528,1034229.631
600970.SH,20250417,0.8886,0.55,8.1658,1.1536,2435944.0701,2076212.0056
002892.SZ,20250417,3.4248,0.61,115.3027,6.9906,915060.5074,584434.8667
000400.SZ,20250417,2.0343,0.5,21.2611,2.0071,2311825.8071,2287882.7519
603359.SH,20250417,11.2016,0.81,,0.7501,248921.568,248921.568
301028.SZ,20250417,3.1283,0.57,18.9264,2.896,406207.6594,261939.6334
002148.SZ,20250417,2.043,0.68,134.1134,2.8612,351186.8326,281272.8245
300220.SZ,20250417,7.3755,0.69,,35.6515,217123.2,216863.7837
300655.SZ,20250417,4.7623,1.53,,3.2629,843411.4069,794058.2384
300013.SZ,20250417,4.8688,0.99,,11.3953,228927.1465,182884.9547
688059.SH,20250417,1.2371,0.45,32.0635,2.8086,344281.8294,344281.8294
688385.SH,20250417,3.2647,0.62,69.6053,6.762,3985565.2596,2605996.0996
002481.SZ,20250417,13.1214,1.28,43.2134,2.7085,703207.005,637346.982
603866.SH,20250417,8.2375,1.7,18.783,1.9106,980627.842,980627.842
920837.BJ,20250417,8.1747,0.45,38.4216,4.7109,248657.2579,224195.1829
002678.SZ,20250417,1.5677,0.75,,1.7063,588797.0039,587829.736
603233.SH,20250417,2.3452,1.38,23.6405,3.1758,2010066.5347,2010066.5347
300827.SZ,20250417,3.1917,0.54,25.3585,4.7108,961810.251,712480.3329
688455.SH,20250417,1.4,0.96,,1.9,197668.1395,141925.1395
301558.SZ,20250417,50.0519,1.65,562.7275,6.1152,808572.5036,224763.8983
300912.SZ,20250417,3.4602,0.85,,1.9689,134988.868,100771.4347
301511.SZ,20250417,4.1444,1.23,,2.0726,835806.972,495489.0866
688355.SH,20250417,1.7854,0.64,30.9069,1.8812,204031.6945,204031.6945
600019.SH,20250417,0.8838,1.01,15.4447,0.7353,14634974.1913,14550432.6123
603507.SH,20250417,13.9767,0.69,24.0052,1.7303,427763.3335,427763.3335
601098.SH,20250417,1.4301,0.46,16.5584,1.7411,2609588.0,2609588.0
000897.SZ,20250417,2.8581,1.32,8.9438,1.1639,357417.1637,357410.4011
600567.SH,20250417,1.1939,0.65,26.1424,0.6293,891826.8818,891826.8818
920475.BJ,20250417,6.0963,0.55,107.5894,4.9754,182741.8752,74680.5514
301280.SZ,20250417,5.3718,0.65,26.6841,2.7416,495534.9072,134820.6072
920023.BJ,20250417,18.7086,0.61,76.6016,1.8039,218966.376,179832.9066
301139.SZ,20250417,7.2726,0.57,61.2492,1.672,324985.4784,191712.9541
301218.SZ,20250417,4.662,0.9,86.7275,2.2781,210859.96,129557.2778
920866.BJ,20250417,11.4301,0.51,37.3339,2.5175,193000.5189,100256.0283
002484.SZ,20250417,2.1251,0.54,22.4238,2.5065,1468004.3222,1416135.1294
688051.SH,20250417,2.1786,1.09,,2.3011,167505.444,167505.444
601138.SH,20250417,1.6694,0.51,14.8836,2.4104,34554421.2842,34552184.5055
300813.SZ,20250417,2.6253,0.63,211.5294,2.6051,204584.2817,128374.2112
600238.SH,20250417,5.3393,0.55,,11.696,274298.4,272340.967
601975.SH,20250417,1.2178,0.59,6.8238,1.2111,1310906.7284,1310906.7284
300618.SZ,20250417,1.8977,0.65,55.4612,1.8302,969990.4217,853575.1047
002671.SZ,20250417,2.5569,1.05,35.4085,1.3958,232242.0706,226427.3609
000923.SZ,20250417,2.8216,0.94,10.5923,0.9087,872045.8919,838868.6939
002427.SZ,20250417,25.1458,0.88,,6.3891,588303.3679,588299.7315
601799.SH,20250417,0.7269,0.76,24.6573,3.412,3472433.3379,3472433.3379
300357.SZ,20250417,1.1736,0.5,33.3809,4.5165,1042455.744,963771.8322
002639.SZ,20250417,12.6941,0.79,13578.8403,2.4596,606492.7097,510706.7177
688630.SH,20250417,4.9246,0.67,55.9088,4.4606,921921.5306,921921.5306
301591.SZ,20250417,2.5569,0.64,36.455,3.1861,274651.8,110842.5871
300391.SZ,20250417,9.3135,1.34,,109.9261,155549.2337,155549.2337
002947.SZ,20250417,3.1733,0.38,16.0224,2.317,731990.073,549702.8249
603015.SH,20250417,7.7402,0.63,57.7706,3.4379,462022.317,462022.317
301176.SZ,20250417,3.6808,0.6,,1.6661,260869.8672,86956.6229
301059.SZ,20250417,6.6699,0.84,43.5208,3.9391,232309.77,207770.7111
600768.SH,20250417,2.7379,0.77,110.8755,3.0381,118633.7664,118633.7664
002028.SZ,20250417,0.772,0.66,26.1404,4.3915,5454260.6774,4248763.6896
002965.SZ,20250417,5.3551,0.52,22.3956,2.1803,892494.5625,670670.2125
300635.SZ,20250417,3.0817,0.91,1220.9769,2.8576,131305.558,112222.1775
688488.SH,20250417,3.2715,0.76,,4.7546,471276.745,471276.745
002663.SZ,20250417,3.1164,1.39,,1.2047,294692.6622,238792.6311
600221.SH,20250417,0.6905,0.53,37.0406,13.5898,5920541.6573,4503556.7019
002572.SZ,20250417,2.703,1.35,13.0082,2.2955,1600584.3866,1082732.5364
002112.SZ,20250417,2.6383,0.51,24.884,5.479,333627.84,333627.84
600187.SH,20250417,4.2136,0.78,,1.8429,584188.7593,584188.7593
002759.SZ,20250417,1.2611,0.65,,0.8171,355981.6496,355761.186
000716.SZ,20250417,31.2714,1.72,136.0613,2.194,554568.3088,515709.1177
603519.SH,20250417,0.9194,0.61,22.0976,2.3232,298819.8354,298819.8354
300925.SZ,20250417,2.7012,0.63,64.6127,4.2598,894715.5682,689917.5653
300153.SZ,20250417,12.072,0.55,266.2616,11.6438,1000320.0,995099.9489
688035.SH,20250417,2.8379,0.74,54.6013,2.3118,530270.72,331112.0948
301025.SZ,20250417,34.2464,1.23,,6.7921,424327.964,275874.0089
002083.SZ,20250417,1.717,0.64,11.6196,0.9095,404214.8581,404054.3061
301311.SZ,20250417,3.7982,0.47,124.9107,2.152,394560.0,143426.4513
600335.SH,20250417,2.1328,0.64,114.4655,0.8102,903456.37,903456.37
301293.SZ,20250417,3.6319,0.66,83.3087,4.0051,920349.8579,719105.3519
300537.SZ,20250417,7.1386,1.18,447.2248,4.1975,343276.844,246543.5062
300658.SZ,20250417,4.3119,0.84,77.2092,1.3411,181689.2013,123070.0571
002733.SZ,20250417,3.4422,0.57,65.2876,1.9871,537900.8782,516407.8626
688071.SH,20250417,2.3838,0.68,,2.6487,259710.9246,259710.9246
601665.SH,20250417,0.7482,0.85,5.9925,0.8205,2988047.3454,2988047.3454
300523.SZ,20250417,1.6493,0.66,,3.2263,441080.9616,440379.7507
603197.SH,20250417,2.3841,0.63,25.4494,2.2932,734592.5684,731647.9246
000977.SZ,20250417,2.7646,0.57,30.2679,3.4688,6936700.6949,6928623.229
300795.SZ,20250417,10.5296,1.29,28.3417,9.2644,494907.3923,288163.0473
600196.SH,20250417,0.6534,0.55,23.0978,1.3537,6397826.8837,5073780.7359
002329.SZ,20250417,4.5639,0.6,,1.5381,265551.9247,203571.7332
600757.SH,20250417,1.8033,0.45,11.596,1.1503,1095926.1965,1095787.884
301598.SZ,20250417,6.5477,1.06,27.2484,3.6326,342899.6323,85724.9095
002949.SZ,20250417,3.3864,0.61,20.2773,1.9107,272303.295,208316.4056
601816.SH,20250417,0.5964,0.89,23.492,1.4868,29709423.1897,29709423.1897
688329.SH,20250417,1.8905,0.93,,1.5114,114873.6,114873.6
603050.SH,20250417,0.6766,0.63,31.6368,3.4934,562630.2742,562630.2742
603311.SH,20250417,1.8519,0.92,38.7553,1.7011,220551.453,220551.453
301126.SZ,20250417,3.2388,0.57,46.2158,1.2286,216905.7792,145604.7321
688581.SH,20250417,0.8708,0.39,16.9485,2.0803,498829.371,251011.9304
688019.SH,20250417,4.4441,1.06,42.1192,8.3217,2247664.9012,2247664.9012
300125.SZ,20250417,8.3756,0.8,,,176348.3967,174926.3162
002524.SZ,20250417,5.3484,1.42,,7.2566,198054.4223,194170.38
603099.SH,20250417,18.4607,1.1,74.2131,8.5334,996279.12,996279.12
600333.SH,20250417,2.2111,0.69,,1.4261,267973.501,267973.501
002594.SZ,20250417,1.0413,0.54,26.3996,6.2381,106270054.8176,40647290.6889
002950.SZ,20250417,3.0938,0.74,23.4001,1.5796,526876.8186,376060.0139
300418.SZ,20250417,1.6336,0.59,122.1476,2.4926,3706800.1125,3706800.1125
002048.SZ,20250417,2.4479,0.43,11.7761,0.944,1070190.5554,933388.8186
300438.SZ,20250417,1.4586,0.49,,2.1635,1168763.2819,938473.315
920768.BJ,20250417,7.4935,0.58,,1.6929,110526.12,76265.5018
000888.SZ,20250417,13.2972,1.05,38.6518,3.0927,813026.9164,813026.9164
600725.SH,20250417,1.683,0.65,,12.7158,378368.29,378368.29
002616.SZ,20250417,3.0485,0.94,23.8742,1.5689,403660.9113,255836.4729
002875.SZ,20250417,4.9581,0.58,,3.5821,266469.0949,228207.6377
300034.SZ,20250417,2.8051,0.84,39.4331,3.3321,1256808.3849,1208544.8045
688636.SH,20250417,3.3602,0.65,225.24,3.9263,433586.9904,433356.2171
000620.SZ,20250417,3.3472,1.14,4.3644,1.7399,957105.8515,761491.4586
300130.SZ,20250417,8.4832,0.87,53.0004,2.9554,1241308.8377,950054.3103
600851.SH,20250417,3.3969,0.84,42.6069,1.7439,761652.7727,465808.0554
920239.BJ,20250417,6.0792,0.59,28.0423,6.0726,550384.3087,210392.1195
301236.SZ,20250417,2.9104,0.77,198.1509,4.8771,5103000.0028,3643088.9081
600726.SH,20250417,1.5968,0.6,41.1729,4.323,1755428.6386,609910.5531
600933.SH,20250417,2.5533,0.66,14.6652,1.6981,1377815.1053,1367339.3933
603767.SH,20250417,14.0426,0.71,125.5971,2.9268,417578.4195,417578.4195
300940.SZ,20250417,5.0238,0.99,,3.2578,344430.8435,228101.3645
601778.SH,20250417,1.5668,1.07,44.6005,0.6225,953449.5155,953449.5155
688317.SH,20250417,0.5294,0.46,,0.8528,310143.0104,310143.0104
600378.SH,20250417,0.4098,0.55,31.8022,1.997,3384959.0029,2391185.7076
603697.SH,20250417,12.0502,0.92,31.915,2.8298,502110.5231,502110.5231
301270.SZ,20250417,2.3386,0.51,333.7462,3.2074,321500.0,238108.1244
601900.SH,20250417,2.6601,1.2,12.2323,1.7314,1385025.171,1385025.171
600906.SH,20250417,0.7358,0.53,48.6395,1.7643,2050840.0,1342516.4884
000058.SZ,20250417,2.8956,0.51,267.4723,5.0056,1004659.7484,803524.6689
600522.SH,20250417,0.9561,0.53,16.5002,1.3099,4566526.6344,4566526.6344
603185.SH,20250417,0.8949,0.61,,0.6873,890198.1068,890198.1068
300725.SZ,20250417,1.8831,0.52,34.1617,2.155,598190.3886,504344.2679
600753.SH,20250417,7.7911,0.78,,8.4076,133808.4687,133808.4687
002972.SZ,20250417,2.7454,0.49,28.0402,2.0311,246992.8352,133669.7629
300670.SZ,20250417,2.1303,0.69,,2.7979,177475.4682,125828.7666
000926.SZ,20250417,3.2854,1.31,825.0669,0.2864,345673.356,341351.0148
688651.SH,20250417,2.2096,0.81,123.8241,2.5021,249269.094,104173.4684
603900.SH,20250417,13.2755,1.05,,1.1379,232913.1874,231181.7374
688697.SH,20250417,1.3396,0.69,17.732,3.3052,573626.7252,573626.7252
600346.SH,20250417,0.7816,1.08,15.2103,1.6898,10713509.8743,10713509.8743
920870.BJ,20250417,5.5249,0.5,106.7643,5.0861,229140.0,112864.959
600104.SH,20250417,1.2678,0.89,18.689,0.6133,17953289.4392,17953289.4392
300319.SZ,20250417,2.7809,0.85,26.6312,1.9404,887886.8206,838007.0879
603220.SH,20250417,3.4654,0.61,51.9057,5.0134,973575.3238,973575.3238
301507.SZ,20250417,1.9827,0.61,48.2579,2.8551,434996.2826,134848.8668
300695.SZ,20250417,5.2212,0.55,26.9863,1.5859,395788.6858,395788.6858
300214.SZ,20250417,2.5834,0.68,,1.073,263747.2021,228820.695
920522.BJ,20250417,4.3651,0.72,36.8961,5.7655,603468.984,493499.2518
600735.SH,20250417,27.6427,1.84,69.4892,1.6578,228110.0125,226340.372
300446.SZ,20250417,4.764,0.58,18.5054,2.794,1465095.7224,539892.6107
601989.SH,20250417,0.9122,0.89,371.8085,1.1573,9759271.1187,9759271.1187
688272.SH,20250417,5.1505,0.64,136.2201,3.4208,172520.0,172520.0
605001.SH,20250417,2.6053,0.63,7.718,0.9278,246339.522,246339.522
600796.SH,20250417,3.1302,0.93,23.578,1.4542,471422.6567,168355.9716
002979.SZ,20250417,4.4831,0.5,65.9214,8.8779,1256289.0752,887831.5848
600760.SH,20250417,1.4055,0.65,35.8878,7.1327,12180191.8475,12131736.7135
002907.SZ,20250417,2.587,0.52,87.1259,3.2858,544545.5935,402790.0563
002951.SZ,20250417,1.0779,1.33,,1.7785,290790.0,290788.923
688101.SH,20250417,1.1883,0.92,13.7609,1.0622,429623.6134,429623.6134
605589.SH,20250417,1.891,1.06,24.3446,2.0966,2112754.171,1949109.6768
920149.BJ,20250417,6.1204,0.75,,6.3984,98570.4984,58730.5401
000589.SZ,20250417,0.8509,0.56,9.0458,0.7945,692088.7438,684338.1343
603396.SH,20250417,1.4133,0.72,38.5364,1.2602,322076.3864,322076.3864
301348.SZ,20250417,5.2795,0.75,487.9025,3.1276,472800.0,315373.6445
301372.SZ,20250417,3.3057,0.78,,1.3552,117257.1453,70401.461
688392.SH,20250417,3.1519,1.04,64.4392,3.2715,553336.0,336526.428
000676.SZ,20250417,1.7645,0.79,32.3672,2.385,940109.8867,938992.2498
300989.SZ,20250417,10.6179,0.84,,3.8468,388020.9542,276525.7581
300819.SZ,20250417,13.6247,0.8,52.8993,3.8888,340933.425,307931.7413
001378.SZ,20250417,2.0061,1.18,30.0136,1.4843,277467.2216,135368.9917
688505.SH,20250417,0.8701,0.81,196.1807,3.3824,779502.2192,534350.2192
605158.SH,20250417,6.0097,0.7,19.8636,1.9323,477154.86,477154.86
688193.SH,20250417,1.7758,1.17,,1.5749,143680.0,113393.6784
920640.BJ,20250417,3.5598,0.61,93.9251,5.5037,480208.224,461974.7616
688615.SH,20250417,9.8789,1.29,59.611,8.9841,2387600.0,477520.0
002536.SZ,20250417,5.2538,0.56,25.7903,2.5482,850108.3284,806859.2817
688273.SH,20250417,3.9931,1.0,26.9841,2.1001,275700.0,101531.46
301001.SZ,20250417,22.2985,1.6,125.5273,2.9836,242080.0,152207.8
601226.SH,20250417,4.7817,0.68,60.9954,1.7488,746062.272,743823.168
688265.SH,20250417,1.2545,0.63,297.899,1.1613,195454.5271,123817.0021
300112.SZ,20250417,1.9738,0.63,,2.013,221878.808,180607.9702
002104.SZ,20250417,9.3669,0.87,49.6,2.5798,550034.7678,465624.1101
002415.SZ,20250417,0.5781,0.77,21.7805,3.2296,26046852.4776,25687094.5453
300016.SZ,20250417,1.8446,0.56,,1.8881,295660.1338,295197.6042
002516.SZ,20250417,1.6963,0.86,40.3048,1.7943,658935.7295,651501.1695
002335.SZ,20250417,9.0931,0.87,67.4801,3.5549,2027265.4427,1785453.9412
301539.SZ,20250417,4.2086,0.64,46.1902,3.3512,255448.0,129556.6651
603811.SH,20250417,1.865,0.74,16.4221,2.1918,272644.4986,272644.4986
301268.SZ,20250417,0.9831,0.64,,2.8794,645439.6448,290792.3102
002586.SZ,20250417,0.9017,0.7,,1.0855,326103.7585,255633.1152
600190.SH,20250417,0.8922,0.6,,0.5728,262300.1865,233112.4734
301165.SZ,20250417,9.1837,0.79,67.2418,8.4381,3860227.2715,463227.2715
000850.SZ,20250417,14.508,2.99,13.6754,0.8853,392564.6437,392453.1017
300241.SZ,20250417,2.465,0.73,187.2101,1.5104,322519.2184,268757.5728
688378.SH,20250417,2.9301,1.03,181.0565,2.1733,377580.8729,365005.7932
603193.SH,20250417,3.4033,0.6,47.1752,7.3384,1444398.131,368910.641
920000.BJ,20250417,9.0596,0.74,31.1266,3.3085,200687.52,105742.4907
301383.SZ,20250417,4.0164,0.51,32.692,3.1516,634704.39,273792.5033
300221.SZ,20250417,8.3342,1.12,71.5881,2.7319,368285.3261,347519.5331
002426.SZ,20250417,3.2932,0.58,,2.7004,891487.99,891481.1714
603919.SH,20250417,4.3637,1.79,25.4326,2.8657,1019592.594,1019592.594
300778.SZ,20250417,10.4131,1.39,,1.5565,205488.4865,205044.8224
600027.SH,20250417,2.5728,0.96,10.151,1.368,5788799.6013,4816845.3837
300353.SZ,20250417,13.5277,0.7,300.9728,5.3791,1162762.438,987485.0164
603755.SH,20250417,4.1404,1.46,38.9344,3.8853,269708.4175,269708.4175
301023.SZ,20250417,6.2382,0.8,40.0747,4.109,325641.4538,173449.1862
600959.SH,20250417,0.8024,0.52,44.4765,0.7215,1625233.248,1625233.248
002163.SZ,20250417,5.506,0.6,,5.4922,666671.7571,634000.0624
300046.SZ,20250417,11.2724,0.81,290.0822,6.6362,733720.3128,733720.3128
600053.SH,20250417,10.3276,0.83,1482.8989,1.9187,555365.7648,555365.7648
300224.SZ,20250417,3.1526,0.49,37.6049,2.683,1011959.0592,1005718.3838
002514.SZ,20250417,5.55,1.21,,5.341,420500.0102,323556.0102
600880.SH,20250417,1.6984,0.66,555.4978,1.55,470132.7996,470002.9753
300140.SZ,20250417,0.7835,0.66,24.0124,1.2083,1645604.5855,541650.7322
301503.SZ,20250417,3.5975,0.69,32.4603,2.734,278400.0,113030.4
300100.SZ,20250417,21.1235,0.84,56.1225,10.5551,2789353.9522,2693957.6726
688196.SH,20250417,3.426,0.73,33.4086,1.8787,526320.0,526320.0
300483.SZ,20250417,2.5672,1.14,,0.8396,206519.0865,206519.0865
600367.SH,20250417,4.9966,0.8,68.0845,1.8823,445175.8271,420175.0025
301487.SZ,20250417,3.7078,0.63,936.9683,4.2398,832365.3692,494029.9412
600251.SH,20250417,2.0802,0.39,27.951,1.5921,571867.2771,571867.2771
002943.SZ,20250417,3.0309,0.54,88.574,3.6263,460772.3802,296692.3461
688343.SH,20250417,2.9088,0.59,,4.6533,1836396.4661,1345169.8749
688314.SH,20250417,1.0117,0.51,24.3628,3.3885,215365.045,215365.045
002991.SZ,20250417,8.6135,1.35,19.0578,4.6247,747404.533,398378.5876
300428.SZ,20250417,2.4573,0.71,14.1737,1.3766,979163.6762,852478.7407
600935.SH,20250417,0.9697,0.63,,1.407,831254.2294,831254.2294
002591.SZ,20250417,3.525,0.8,,2.1104,144696.1513,107736.6217
600820.SH,20250417,0.557,0.6,6.3756,0.6412,1877025.3681,1877025.3681
301169.SZ,20250417,1.8442,0.62,,4.9997,252862.2814,252783.3064
000690.SZ,20250417,0.9935,0.62,10.2844,0.7116,859475.7055,858916.0233
000733.SZ,20250417,6.3399,1.02,23.9891,2.1087,3042390.1762,3040220.5282
600551.SH,20250417,2.2795,0.8,13.6617,0.9434,545834.4674,545834.4674
002020.SZ,20250417,1.2866,0.49,16.8103,2.0049,1196830.5046,1006315.9857
300757.SZ,20250417,10.0437,1.89,213.9413,24.2909,2480613.888,2370737.744
603011.SH,20250417,32.5044,1.25,,2.2653,506280.3835,506280.3835
300484.SZ,20250417,2.618,0.63,160.0096,5.7369,367302.6001,294277.7936
605198.SH,20250417,7.0471,0.7,51.7618,5.1004,1349446.0,990869.88
605050.SH,20250417,4.0048,1.45,17.0854,1.2891,528805.7112,528805.7112
300166.SZ,20250417,3.3318,0.61,,1.8113,1093195.9181,869357.1504
600571.SH,20250417,9.2759,0.59,101.6716,6.1941,693881.6438,681134.5341
002091.SZ,20250417,0.8037,0.51,9.9726,0.7274,1111668.5532,1089675.1022
600854.SH,20250417,2.2827,0.81,15.4913,0.9634,229600.6738,229600.6738
688308.SH,20250417,1.0747,0.54,45.3482,1.0338,263418.8536,263418.8536
000626.SZ,20250417,11.2362,0.78,,1.0716,274318.9101,270590.4159
603042.SH,20250417,4.3037,0.84,,2.2444,196722.554,196722.554
688377.SH,20250417,0.7361,0.44,38.5692,1.9914,358381.947,358381.947
002017.SZ,20250417,2.39,0.79,28.6969,3.1921,536319.0839,535999.355
000525.SZ,20250417,3.1322,0.98,,9.2156,843717.7717,643552.9861
300351.SZ,20250417,9.3172,1.96,54.9425,2.5623,613616.9797,414298.1023
001331.SZ,20250417,10.4931,1.16,78.4324,1.9599,294940.8,73735.2
688327.SH,20250417,2.7109,0.68,,11.3088,1340766.1393,972921.6036
300139.SZ,20250417,35.9808,1.21,109.1178,5.0574,507996.0,433190.2982
600171.SH,20250417,21.8259,1.62,68.861,6.1771,2723683.3301,2723683.3301
601579.SH,20250417,15.1426,1.07,31.2817,1.6542,613713.1635,613713.1635
600476.SH,20250417,3.2263,0.78,96.0599,18.3477,233068.29,233068.29
300492.SZ,20250417,0.7013,0.61,293.4991,35.9298,1208183.642,1208183.642
600352.SH,20250417,1.3,0.89,15.6715,0.9282,3181758.5591,3181758.5591
688230.SH,20250417,3.5517,1.03,44.569,2.1976,497565.6,124391.4
600706.SH,20250417,10.7557,1.21,,4.3885,257355.3231,256316.4567
300260.SZ,20250417,24.1164,0.65,65.6249,7.5288,1468104.3072,1035493.002
301517.SZ,20250417,3.343,0.54,97.39,3.6999,497787.0336,195732.6336
301193.SZ,20250417,1.6911,1.08,57.9474,1.82,286670.4746,143700.7946
300101.SZ,20250417,2.3245,0.5,233.1248,5.2325,932501.1594,929443.2874
000669.SZ,20250417,1.3324,0.84,,8.1495,127236.445,127236.445
605389.SH,20250417,2.4517,0.61,36.3802,2.0218,423471.8987,400488.0076
600477.SH,20250417,1.1334,0.84,24.7526,1.2108,620669.1313,620669.1313
000928.SZ,20250417,1.0023,0.43,10.9092,1.0619,882306.4419,882295.6487
002969.SZ,20250417,3.8802,1.02,18.2453,1.3974,309566.218,307727.367
688337.SH,20250417,6.7721,0.63,86.9759,2.5343,802814.2681,280838.9992
688091.SH,20250417,1.5587,0.68,1357.899,6.6087,930166.38,930166.38
002662.SZ,20250417,2.5376,0.89,14.8338,1.2188,525000.0,524993.385
600482.SH,20250417,1.2691,0.66,41.5509,1.1977,4615911.01,4615911.01
603713.SH,20250417,1.3386,0.52,13.0526,1.7342,765350.4231,765177.3079
301210.SZ,20250417,5.5838,0.6,76.5602,1.9906,361983.4028,137270.9363
300798.SZ,20250417,8.589,1.02,,1.8894,321142.0678,255349.3838
688538.SH,20250417,0.6862,0.61,,2.8948,2904720.8154,1207969.5023
920089.BJ,20250417,6.9577,1.26,19.4669,2.074,232028.72,143991.2613
000790.SZ,20250417,3.0644,1.29,183.9429,2.1722,226410.1291,226062.4659
603229.SH,20250417,0.856,0.48,24.7912,2.7833,638498.5045,638498.5045
600818.SH,20250417,1.3076,0.62,184.4001,5.284,323376.5975,239385.6575
002317.SZ,20250417,1.2797,0.58,67.12,2.029,889876.5185,795890.1893
920895.BJ,20250417,11.7533,0.45,661.0934,5.2049,103269.348,52502.3163
601137.SH,20250417,1.8404,0.49,10.0668,1.6385,1362591.5822,1359769.1822
603898.SH,20250417,1.6097,0.96,23.3381,0.997,303502.4197,303502.4197
600666.SH,20250417,1.7671,0.51,,6.9732,685351.1851,600098.7279
603909.SH,20250417,1.0652,0.99,23.8024,2.1179,227567.6512,227567.6512
601066.SH,20250417,0.68,0.58,25.2678,2.3814,18251502.8573,15284313.9454
603061.SH,20250417,4.8757,0.78,64.8688,3.8679,509100.0,354896.444
605086.SH,20250417,2.2776,0.42,34.7865,3.6175,445132.8,445132.8
688223.SH,20250417,0.8492,0.82,651.9782,1.8858,5903069.2307,5903069.2307
601399.SH,20250417,1.7112,0.48,42.9106,1.4898,2127998.9876,2127998.9876
002820.SZ,20250417,50.7603,3.83,100.3857,2.9532,271774.8031,271054.037
920167.BJ,20250417,6.0526,0.52,35.6317,3.4857,220728.7235,131332.1672
002198.SZ,20250417,1.4561,0.67,269.7073,4.4755,331403.9307,331384.9284
601866.SH,20250417,1.2995,0.79,17.8252,0.998,3005238.8502,2211236.5752
688599.SH,20250417,1.1547,0.52,,1.049,2979192.5182,2979192.5182
600714.SH,20250417,5.2279,0.66,86.1727,4.0637,301720.5578,301720.5578
603665.SH,20250417,1.8403,0.4,,2.4986,265942.6048,262835.2072
603121.SH,20250417,13.4965,1.14,79.7983,5.8418,722769.4815,722769.4815
002937.SZ,20250417,3.1468,0.72,17.3549,3.1522,467808.2844,466249.1926
300358.SZ,20250417,1.9087,0.56,,0.8824,396094.4779,386621.11
600369.SH,20250417,0.5778,0.75,52.5112,1.0607,2704559.4135,2570249.4135
301015.SZ,20250417,1.9283,0.79,12.7878,4.6458,1027060.1317,1026928.2367
300450.SZ,20250417,1.2184,0.62,509.0809,2.5315,3025826.9817,3012676.1881
600359.SH,20250417,8.0325,0.47,84.6168,3.9936,269348.0509,269348.0509
601949.SH,20250417,3.1742,0.67,14.7146,1.3795,1281370.5003,1281370.5003
603899.SH,20250417,1.5721,1.13,19.6236,3.0743,2739151.2653,2739151.2653
000862.SZ,20250417,10.4048,0.66,60.7298,1.2437,527823.9502,361081.0756
300048.SZ,20250417,1.9003,1.01,522.7692,3.1602,538250.0541,537732.2053
002976.SZ,20250417,3.3185,0.76,,2.862,231679.908,124655.469
300771.SZ,20250417,3.1843,0.83,58.4818,1.1888,230880.0,174313.5708
688639.SH,20250417,0.8826,0.65,35.2746,2.7369,704721.1195,644401.4057
920478.BJ,20250417,17.5167,1.22,27.137,2.7824,134704.318,80789.8183
002559.SZ,20250417,4.2392,0.65,49.0756,2.7461,491489.9315,447457.1433
600421.SH,20250417,9.5786,0.79,,127.3375,117360.0,117360.0
002897.SZ,20250417,4.1922,0.71,27.1806,2.715,689070.4705,638481.9906
600462.SH,20250417,0.7005,0.4,,,83922.88,81663.24
300150.SZ,20250417,3.3445,0.48,,1.6604,254521.1331,223909.2626
603101.SH,20250417,6.6836,0.67,48.0622,2.5226,357033.6,357033.6
002095.SZ,20250417,6.776,0.91,,4.6444,422042.4,420353.0531
301237.SZ,20250417,1.547,1.15,,1.284,177600.0,87135.0
600879.SH,20250417,0.8254,0.6,50.9927,1.3514,2794506.5359,2794506.5359
300461.SZ,20250417,4.4869,0.64,,4.2878,275974.2782,142584.3255
603836.SH,20250417,12.1648,0.63,19.6333,1.6254,293691.6241,293691.6241
300316.SZ,20250417,0.9194,0.55,9.3285,2.1917,3734790.389,3512396.0949
600808.SH,20250417,1.6195,0.51,,1.0085,2339797.6896,1808228.6094
605288.SH,20250417,2.8873,0.31,29.4799,1.2055,265843.2797,265843.2797
688391.SH,20250417,3.566,1.41,38.2542,1.6966,318777.9738,157889.3609
002051.SZ,20250417,0.9651,0.36,27.0364,0.8532,975078.2424,974992.831
301369.SZ,20250417,3.8073,0.6,134.8622,2.3324,344645.3639,119858.0739
688363.SH,20250417,0.809,0.52,132.0371,3.3787,2300976.962,2300976.962
600877.SH,20250417,1.5609,0.75,75.5088,5.8554,1436264.1638,1436264.1638
300841.SZ,20250417,3.8411,0.91,14.595,2.3074,797149.6064,722475.1346
002801.SZ,20250417,6.3685,0.63,29.9624,3.9947,660880.896,333280.1706
920806.BJ,20250417,3.5267,0.6,36.6129,2.8249,423136.4905,423136.4905
300839.SZ,20250417,3.6741,0.79,,3.5776,189757.0665,185193.9293
002731.SZ,20250417,5.7096,1.26,12.7045,1.5373,250264.412,224374.3028
300883.SZ,20250417,3.142,0.9,,1.2743,181650.0,172129.0463
002102.SZ,20250417,1.9118,0.32,,1.6904,710796.7323,629059.2122
603131.SH,20250417,2.5047,0.62,,4.091,506877.7449,506877.7449
920570.BJ,20250417,10.1354,0.58,138.3733,5.0411,173359.5391,85103.2573
000975.SZ,20250417,3.6038,1.23,27.7913,4.6525,6039370.9264,5409441.4843
002037.SZ,20250417,1.8415,0.63,,1.9122,366783.743,366783.743
600289.SH,20250417,6.3524,1.24,,5.977,431639.6152,387091.1159
300395.SZ,20250417,1.9777,0.53,68.3642,6.0272,2474504.2347,2432791.1717
002823.SZ,20250417,3.1506,0.66,24.187,2.1388,411446.2931,274027.9637
301070.SZ,20250417,2.4512,0.49,,4.3675,351890.3952,231676.2216
000545.SZ,20250417,2.7939,1.21,,1.507,201313.9516,201022.2316
920062.BJ,20250417,4.8758,0.73,39.5155,2.3874,171099.616,118890.2008
600643.SH,20250417,2.6658,0.69,,0.5877,737638.0702,736332.8445
600875.SH,20250417,1.9544,0.79,14.75,1.2511,4813392.3979,3124406.0686
002299.SZ,20250417,2.5566,0.45,29.1679,2.0235,2112537.1012,2112420.594
603613.SH,20250417,1.9075,0.89,11.6561,2.4011,1798462.3812,1798462.3812
600688.SH,20250417,0.9808,0.71,107.2929,1.3561,3395820.9615,2352549.1335
688153.SH,20250417,5.6733,1.01,,3.8023,1517892.1881,567189.9194
002806.SZ,20250417,3.4967,0.63,,2.4049,213699.7811,171911.1985
000020.SZ,20250417,2.5761,0.69,208.8976,8.298,316291.0906,202361.7417
300927.SZ,20250417,48.7154,1.14,89.4986,6.2007,434812.32,424357.4572
600257.SH,20250417,5.5754,0.57,,2.9834,237731.1709,237731.1709
002061.SZ,20250417,1.3833,0.65,7.1057,0.6817,1014809.5434,987672.402
603816.SH,20250417,2.175,1.34,10.5057,2.0014,1957745.5983,1934579.9622
002878.SZ,20250417,6.5708,0.7,698.2047,2.3074,355218.5869,317962.675
605136.SH,20250417,9.1361,1.3,,1.2992,322769.551,322769.551
300291.SZ,20250417,3.7751,0.58,,1.2317,432327.3498,426401.232
002232.SZ,20250417,1.9641,0.61,,4.8946,659805.7548,659805.7548
688279.SH,20250417,3.5184,0.76,88.3998,7.6997,1965677.4532,1188774.9147
000546.SZ,20250417,1.537,0.56,,0.7667,324279.3253,290526.0709
002169.SZ,20250417,1.6919,0.93,,1.5027,435183.4763,421822.7257
002977.SZ,20250417,7.897,2.33,259.5844,2.8307,307507.2,170547.6352
688065.SH,20250417,1.3067,0.89,79.0599,2.2091,3848081.051,3112321.8381
002563.SZ,20250417,1.3212,0.6,16.4857,1.585,1875086.7514,1532379.379
300044.SZ,20250417,3.3189,0.56,,7.0634,436169.3292,436114.6331
603219.SH,20250417,2.1891,0.57,36.7769,5.0025,776977.6,776977.6
002264.SZ,20250417,14.4848,1.44,17.7908,2.4884,462869.827,421025.3468
688687.SH,20250417,5.4746,1.03,31.8631,2.4844,458301.9954,458301.9954
300615.SZ,20250417,3.9191,0.8,,4.0435,213589.9968,145562.3691
688459.SH,20250417,0.603,0.42,37.2246,1.3722,467520.0,171019.7588
603688.SH,20250417,20.1188,0.88,18.9717,3.7827,2172129.9389,2172129.9389
688582.SH,20250417,2.5323,0.58,113.7592,10.9005,2527425.7776,1557553.302
000628.SZ,20250417,2.6406,0.63,250.5427,7.0507,1490144.4,812516.6313
003029.SZ,20250417,2.6468,1.1,,3.1535,384529.7708,339293.2864
300571.SZ,20250417,3.5862,0.63,,2.3118,366401.3,303596.8389
000338.SZ,20250417,0.6356,0.6,11.5717,1.5241,13195526.3421,7542361.6893
688512.SH,20250417,5.469,0.92,,2.5376,457997.9727,320463.8863
002735.SZ,20250417,11.9543,1.08,,1.9783,340749.8453,250291.4625
603096.SH,20250417,1.7437,0.64,17.934,1.6831,282249.3619,282249.3619
688596.SH,20250417,1.7347,0.76,21.2974,3.325,1124530.4301,1124530.4301
300547.SZ,20250417,15.0241,1.58,34.2005,5.9943,686724.9469,559220.1761
603391.SH,20250417,3.9705,0.41,12.7382,1.7405,370825.0,92706.25
003043.SZ,20250417,12.7162,0.93,64.1957,2.7566,531009.2331,272169.7539
300062.SZ,20250417,1.9229,0.83,132.7139,2.0821,265975.5163,184175.206
600761.SH,20250417,1.8349,0.48,10.5226,1.3515,1388590.0144,1388590.0144
300070.SZ,20250417,0.6888,0.62,274.6692,0.5903,1609148.9572,1524953.9622
300981.SZ,20250417,2.0221,0.77,,0.7716,433298.6658,397107.0353
300407.SZ,20250417,5.4059,2.04,34.0531,1.8132,325837.3048,250122.3158
301307.SZ,20250417,8.7022,0.7,,1.5657,499122.0,258310.1868
601727.SH,20250417,1.2286,0.54,148.245,2.0972,11155143.3099,9061214.1979
600897.SH,20250417,1.4723,0.54,13.0285,1.3502,595381.752,595381.752
002131.SZ,20250417,3.0894,0.59,,1.6725,2153344.8508,1860699.4055
002008.SZ,20250417,1.8685,0.49,15.251,1.5457,2455818.462,2285725.8173
002717.SZ,20250417,9.3196,0.82,,2.7748,540609.3667,475432.5822
601211.SH,20250417,0.502,0.83,22.795,1.1942,29688429.4441,22677071.0126
300258.SZ,20250417,5.9314,0.59,34.8205,1.4718,576681.3429,559663.283
001255.SZ,20250417,4.977,1.2,1881.3873,2.8113,203760.0,50940.0
300978.SZ,20250417,1.5452,0.59,27.0759,2.4699,406640.0349,181779.6008
688786.SH,20250417,0.6199,0.64,40.5183,3.9563,280889.3396,280889.3396
600711.SH,20250417,1.7894,0.62,8.5842,1.1125,1721470.6339,1721470.6339
603719.SH,20250417,10.6526,1.34,635.1382,2.3005,531726.0,531726.0
300730.SZ,20250417,3.9441,0.88,,8.8783,276104.0943,225196.484
000100.SZ,20250417,1.5011,0.9,35.9026,1.4417,7643085.8722,7366546.0303
300272.SZ,20250417,1.9558,0.71,36.3682,2.8049,317469.8511,237116.2497
600239.SH,20250417,5.5515,0.73,,2.8979,401421.7273,401421.7273
000759.SZ,20250417,34.2572,0.72,,3.139,604314.468,591446.8346
600886.SH,20250417,1.3284,0.7,16.4169,1.874,11870664.9905,11054548.639
688171.SH,20250417,1.4933,0.76,121.3296,1.7707,145346.849,89089.6284
002666.SZ,20250417,2.2054,0.61,48.4772,0.9812,344355.6945,218792.0038
000409.SZ,20250417,5.7536,0.56,78.7653,4.826,730497.3339,455940.6749
600395.SH,20250417,0.7109,0.7,,0.9065,1002473.8255,1002473.8255
300906.SZ,20250417,1.6685,0.36,26.8155,2.1601,188480.0,168893.1608
601890.SH,20250417,6.5712,0.74,32.5321,2.327,826043.4,826043.4
301498.SZ,20250417,3.67,1.13,69.1613,10.1568,4045249.984,1810269.6449
300535.SZ,20250417,3.6909,1.17,57.4855,1.5052,144626.0189,105494.1635
000533.SZ,20250417,5.642,0.64,39.5896,4.2877,372349.824,369162.3936
003031.SZ,20250417,0.5755,0.55,38.9845,3.4285,2010342.5926,1516078.3941
002009.SZ,20250417,3.256,0.6,,2.4461,512042.8725,509867.6974
600106.SH,20250417,1.0111,0.7,38.8212,1.3672,668499.6062,668499.6062
000586.SZ,20250417,2.3156,0.58,,5.2082,168679.68,168679.68
688013.SH,20250417,1.5937,0.67,29.1363,3.0818,151842.1276,151842.1276
601800.SH,20250417,1.3419,0.65,6.502,0.5383,15204223.071,10971917.887
603568.SH,20250417,0.6191,0.63,12.671,2.6086,3279742.981,3267702.589
688425.SH,20250417,0.9348,0.5,14.5369,1.2486,2192067.267,607440.327
688428.SH,20250417,1.5388,0.62,,4.6807,3147945.0228,475581.3791
002273.SZ,20250417,2.4586,0.47,23.6713,2.6998,2437778.2834,2380422.2428
600487.SH,20250417,1.5011,0.68,13.7014,1.29,3650767.2924,3618868.065
002881.SZ,20250417,8.872,0.9,83.042,7.1993,1128365.9476,780367.5397
301092.SZ,20250417,29.9403,1.96,39.054,2.1322,396798.3126,127812.4566
920720.BJ,20250417,5.036,0.56,58.8661,7.1053,340302.5066,91479.7261
600673.SH,20250417,1.1016,0.42,73.782,3.0269,2766736.5698,2755430.177
688733.SH,20250417,0.8597,0.35,269.1051,1.4669,323036.4822,323036.4822
300143.SZ,20250417,1.0433,0.63,59.1516,2.809,682750.4112,584294.1555
002298.SZ,20250417,2.5071,0.68,,1.0641,344151.569,303954.4184
300292.SZ,20250417,2.8737,0.69,129.7884,4.4637,610503.0632,507754.8899
688258.SH,20250417,12.6783,2.1,160.9553,6.1184,516550.4986,516550.4986
688073.SH,20250417,2.1469,0.56,28.7098,1.7344,352534.9553,167705.3532
300855.SZ,20250417,3.0674,1.01,26.3466,4.4608,863445.2645,639523.2493
301215.SZ,20250417,2.0398,0.91,46.0075,2.5104,702194.4,702194.4
002839.SZ,20250417,1.4508,1.01,5.4129,0.5737,1016847.5092,1016285.3821
601916.SH,20250417,0.86,0.92,5.4076,0.4722,8211926.1529,6441786.3529
300643.SZ,20250417,3.7258,0.57,25.6432,2.7921,307575.4349,306888.6067
300207.SZ,20250417,1.1177,0.47,22.3027,1.4238,3311376.5847,3070763.2416
601995.SH,20250417,1.0461,0.53,28.3226,1.7445,16127865.196,9767555.292
603019.SH,20250417,1.7516,0.61,49.0668,4.7437,9583984.7852,9553906.5302
601288.SH,20250417,1.0915,0.69,6.6626,0.7254,187940889.1898,171434141.1872
600612.SH,20250417,2.1931,1.12,13.3637,2.0848,2605649.5825,1579523.067
002248.SZ,20250417,2.972,0.53,,31.7321,226624.2572,226624.2572
300376.SZ,20250417,0.9782,0.56,40.7522,1.1067,775304.0785,775035.822
600686.SH,20250417,5.3094,0.96,91.3824,2.737,866193.2797,866193.2797
000623.SZ,20250417,0.7124,0.7,13.0654,0.6495,1867988.5945,1860465.9338
300045.SZ,20250417,1.9922,0.49,,6.5365,1117933.1231,819698.2199
000518.SZ,20250417,2.7001,0.53,,4.7611,222384.144,222379.7097
600167.SH,20250417,0.4224,0.73,17.8405,1.2267,1273979.1807,1273979.1807
603299.SH,20250417,1.9613,0.64,9.8584,1.4163,838227.7476,829787.5078
002108.SZ,20250417,3.1432,1.93,32.9892,1.0918,554576.4178,548905.1141
300079.SZ,20250417,1.4527,0.67,1258.6116,1.6635,699484.0464,627925.0314
600025.SH,20250417,1.4312,0.72,20.6032,2.899,16812000.0,16812000.0
688132.SH,20250417,1.4517,0.61,,1.9839,289532.338,206358.8556
688259.SH,20250417,4.6556,0.55,71.0596,2.8664,428034.4,428034.4
301316.SZ,20250417,8.1187,0.73,147.9487,9.517,1034644.0,621878.6742
601116.SH,20250417,19.7483,1.08,43.3792,2.1246,677478.1808,677478.1808
605016.SH,20250417,3.4744,0.6,22.5708,3.3473,562816.5088,562816.5088
600148.SH,20250417,1.9927,0.73,286.6329,5.1016,237181.5702,237181.5702
002352.SZ,20250417,0.5208,0.62,20.7736,2.2952,21127671.2433,20291371.5938
688312.SH,20250417,1.2944,0.41,35.1666,2.424,345898.304,345898.304
300577.SZ,20250417,12.5936,1.89,15.7561,2.4581,496370.8207,290301.6148
000912.SZ,20250417,2.6806,1.42,185.3554,1.1159,721280.0,721280.0
600094.SH,20250417,2.5287,0.88,,0.632,789197.0821,724414.3311
002778.SZ,20250417,2.3399,0.61,,5.2291,202599.3592,200452.415
300894.SZ,20250417,5.2891,1.0,131.984,4.025,524330.1345,378176.3309
000011.SZ,20250417,2.5636,1.45,,1.4201,477379.2527,421706.9099
600941.SH,20250417,0.9967,0.62,17.823,1.8178,246621941.5294,10315025.6483
002918.SZ,20250417,6.8678,0.98,50.2657,1.1232,368684.5757,194887.481
002592.SZ,20250417,1.402,0.92,19.555,1.5525,136848.9488,126892.0067
002396.SZ,20250417,2.9247,1.0,26.9414,1.6322,1090104.6421,1080235.0749
603355.SH,20250417,2.8379,0.79,10.1378,2.5712,1247395.8515,1242227.8775
000615.SZ,20250417,2.9297,0.74,,21.9297,271620.78,271450.1022
002420.SZ,20250417,3.3357,0.74,23.9607,4.1277,226906.2,219107.1979
300154.SZ,20250417,4.4672,0.62,28.6195,2.3312,409544.7881,287242.3549
300719.SZ,20250417,6.9139,1.26,40.4094,3.8579,402675.0875,283979.4287
301308.SZ,20250417,4.1808,0.54,64.5805,4.9796,3220529.2685,897573.3533
688549.SH,20250417,1.7456,0.68,1076.777,3.5597,1078411.48,421747.272
600228.SH,20250417,4.7772,0.53,56.6345,3.8636,197477.2896,196251.2681
605598.SH,20250417,1.3778,0.28,35.1624,2.6306,488081.0302,482631.4462
001201.SZ,20250417,1.7265,0.46,,1.1291,381004.7535,244838.9679
600376.SH,20250417,2.6801,1.75,,0.4543,621675.2233,621675.2233
600463.SH,20250417,2.8926,0.85,,2.5054,257400.0,257400.0
002249.SZ,20250417,3.367,0.55,19.0887,1.6561,1466950.9026,1098563.6492
300898.SZ,20250417,23.7315,0.74,39.5607,4.3419,416764.0,385623.2897
688726.SH,20250417,2.5826,0.78,21.2466,4.3977,1549562.0205,128955.1804
300690.SZ,20250417,3.6409,1.11,38.6652,2.2054,319784.8093,212987.2812
300851.SZ,20250417,8.9824,0.59,37.6422,1.9635,249238.0578,125533.3697
601061.SH,20250417,1.7383,0.6,16.1564,1.6472,3616200.0,369851.5391
301206.SZ,20250417,9.9337,0.6,58.7558,1.289,577032.8964,306907.1424
688085.SH,20250417,1.2599,0.93,423.2363,2.0534,478240.7992,427588.5337
603726.SH,20250417,2.6998,0.84,17.3636,2.1558,269751.1936,267353.7436
000622.SZ,20250417,6.3953,3.32,,5.6402,93974.946,93974.946
920799.BJ,20250417,7.525,0.64,176.9901,29.5103,1195746.285,688016.0547
603066.SH,20250417,7.1981,0.96,20.9173,2.2355,323009.7213,323009.7213
301302.SZ,20250417,2.8588,0.66,,1.6439,301598.775,163004.4
300397.SZ,20250417,5.4743,0.59,,3.74,590105.8893,451933.6576
603297.SH,20250417,3.6856,0.95,47.3129,5.1373,955005.096,951384.4272
600133.SH,20250417,1.046,0.55,8.8535,1.1012,938291.09,938291.09
300011.SZ,20250417,2.2979,0.55,144.377,3.0171,401110.9779,360169.4992
300872.SZ,20250417,4.1558,0.98,47.7101,2.1195,670273.1647,574590.208
301110.SZ,20250417,13.4543,1.27,46.7613,3.318,456106.6564,239255.3014
301036.SZ,20250417,8.8436,1.7,30.9553,2.3483,377300.0,265753.6471
001219.SZ,20250417,8.2692,1.09,29.4045,2.7901,286626.1125,279184.5227
603950.SH,20250417,4.4555,1.09,31.3061,2.7178,721191.03,721191.03
301088.SZ,20250417,8.1939,2.02,34.4427,1.1902,300600.1,76040.35
601636.SH,20250417,0.7044,0.95,12.12,1.1045,1462516.8124,1462516.8124
002715.SZ,20250417,6.8648,1.37,441.5764,4.7424,226596.0,226596.0
002858.SZ,20250417,5.3961,0.69,,3.1684,183918.0582,164627.8488
600900.SH,20250417,0.6463,0.86,21.9778,3.4693,71471663.9484,70125196.2453
301017.SZ,20250417,3.4303,0.76,,2.1014,437780.9873,262820.9873
600073.SH,20250417,3.2298,0.56,33.7664,1.4903,729553.5292,729553.5292
603916.SH,20250417,2.7292,1.36,32.1385,0.7576,313645.2363,304727.7363
688328.SH,20250417,1.9039,0.57,,1.7005,137433.9092,137433.9092
002579.SZ,20250417,2.8257,0.71,,1.7828,429445.6526,407650.2125
605088.SH,20250417,3.5804,0.47,19.351,2.4244,576580.5152,560273.8752
002568.SZ,20250417,1.7037,1.03,36.5153,5.995,2623422.3875,1794959.4125
001300.SZ,20250417,8.334,1.09,,2.8756,303501.0129,82442.7633
300462.SZ,20250417,3.2984,0.84,,1.0855,150232.9866,113352.8284
603536.SH,20250417,20.3546,1.07,,5.6843,255651.2035,251356.2117
600235.SH,20250417,2.9878,1.16,28.0059,1.3438,201646.2,201646.2
300820.SZ,20250417,1.6753,0.44,21.4085,4.0959,973128.9763,487535.2153
003000.SZ,20250417,23.041,1.57,22.3956,4.5891,652443.8481,440091.2181
920402.BJ,20250417,4.413,0.67,50.6429,2.3651,393359.9824,393359.9824
001236.SZ,20250417,6.9483,1.08,284.8357,4.5267,849556.6669,275185.258
688653.SH,20250417,3.1877,1.1,,3.4707,525930.72,384727.3317
002179.SZ,20250417,0.7846,0.54,26.574,3.7774,8913684.5784,8755622.8408
688222.SH,20250417,2.2309,0.44,110.9928,4.0593,565359.48,565359.48
601702.SH,20250417,1.0423,0.59,15.0475,3.2032,1660556.3878,1660556.3878
603373.SH,20250417,1.9372,1.03,24.2273,1.7916,313440.861,132428.7648
300421.SZ,20250417,8.4556,0.61,75.4874,3.2372,404291.9155,316723.099
600755.SH,20250417,1.067,0.58,21.3745,0.6662,1337325.0091,1315541.7865
600415.SH,20250417,1.9887,0.56,25.6506,3.8077,8115795.9705,8114633.5785
600486.SH,20250417,0.752,0.8,16.466,1.8787,1979345.1861,1960761.374
002513.SZ,20250417,2.8742,0.85,,,155741.3154,109521.8802
300682.SZ,20250417,1.7923,0.67,23.5093,1.7384,1314661.0079,1258462.5839
002714.SZ,20250417,1.2476,0.54,12.4553,3.1362,22271705.8576,15536317.4223
688419.SH,20250417,4.3399,0.88,39.837,2.5244,255020.0,68911.6692
300225.SZ,20250417,1.8466,0.67,103.2051,3.7301,319013.2549,318288.5749
300988.SZ,20250417,4.5017,0.73,28.0858,2.0654,245520.3748,187951.9198
920026.BJ,20250417,13.0764,0.47,,3.6739,209296.9773,59317.4778
603797.SH,20250417,1.9207,1.28,11.7187,0.7159,227366.838,227366.838
603137.SH,20250417,6.0925,0.91,17.3522,1.8712,225373.8675,90839.4675
688623.SH,20250417,1.822,0.88,39.6109,1.6146,343323.3735,108356.4551
688067.SH,20250417,1.4355,0.78,52.9227,2.4514,121584.0,121584.0
301260.SZ,20250417,1.1798,0.47,,1.4054,614336.094,265975.4001
603738.SH,20250417,1.5617,0.45,48.7538,3.0465,538822.7164,538822.7164
002497.SZ,20250417,0.6636,0.49,,1.1964,1247072.6466,1139912.902
000711.SZ,20250417,2.5928,0.71,,8.0358,534254.5537,427337.8879
002073.SZ,20250417,2.7868,0.73,16.6126,1.3704,775632.9821,753816.2917
300252.SZ,20250417,4.2671,0.66,,2.8156,606532.9119,491920.6296
603928.SH,20250417,5.3819,0.68,56.4076,1.8052,271514.88,271514.88
301257.SZ,20250417,3.3752,0.65,20.4968,1.9263,217439.4469,129946.5179
600843.SH,20250417,3.3787,0.68,,2.4075,773785.6308,509106.6621
600135.SH,20250417,3.2756,1.64,,1.5438,381228.5912,381228.5912
002239.SZ,20250417,1.5218,0.45,89.7838,1.6675,916765.8048,898353.4209
603668.SH,20250417,1.0169,0.63,,2.7853,623900.9903,623900.9903
300227.SZ,20250417,7.936,2.57,,2.6593,407040.4848,339557.8081
002149.SZ,20250417,1.4197,0.46,51.4695,3.2527,943718.1916,943573.2166
600543.SH,20250417,5.0379,0.94,,1.9395,161844.48,161844.48
000908.SZ,20250417,7.1982,2.48,,,427570.3346,383405.5881
301326.SZ,20250417,2.2247,0.37,,2.9759,387170.1366,144132.5986
600339.SH,20250417,2.0291,1.03,27.1489,0.6519,1725192.5685,1725192.5685
002307.SZ,20250417,4.9088,0.85,313.9966,1.4148,487023.9675,418955.7953
301065.SZ,20250417,7.9218,0.64,38.7457,1.8713,240877.44,196045.2
300265.SZ,20250417,3.7014,0.5,58.1765,1.5226,343262.9715,343038.5524
603172.SH,20250417,4.4387,1.12,68.6037,1.7784,185131.44,69511.04
600605.SH,20250417,2.8897,0.74,74.572,5.2382,709198.9909,709198.9909
688521.SH,20250417,3.3626,0.89,,24.6371,5265465.8228,5245874.4899
688187.SH,20250417,1.5481,0.74,16.8533,1.5026,6240081.0676,1272869.5018
300200.SZ,20250417,31.8621,1.07,35.8188,3.0519,484844.8568,476108.0854
002866.SZ,20250417,5.7161,1.4,196.7829,1.9689,418938.7044,262292.6342
002647.SZ,20250417,1.6588,0.72,,116.1565,630702.7446,378176.6813
002890.SZ,20250417,3.775,0.7,112.5916,3.1974,189920.4289,180539.349
600129.SH,20250417,3.2189,0.63,455.2873,3.4748,1213464.9312,1213464.9312
300612.SZ,20250417,3.9148,0.89,,4.657,236936.7532,236181.7782
300235.SZ,20250417,5.4421,1.23,105.4926,3.5179,248222.1821,200288.1648
600360.SH,20250417,2.5394,0.74,56.3043,1.9648,658762.5785,658762.5785
300161.SZ,20250417,2.1108,0.54,,3.3114,524758.5287,514567.3561
001282.SZ,20250417,7.2756,0.54,24.4287,2.3556,352322.88,123947.04
300779.SZ,20250417,1.5402,0.74,614.2244,21.2818,2805415.7271,2240141.9354
300434.SZ,20250417,2.1368,0.67,66.7714,1.2596,304120.1111,258985.6621
000695.SZ,20250417,1.8645,0.62,,11.4915,213928.0801,213516.7105
000905.SZ,20250417,11.6277,0.67,29.7181,1.1966,593447.6776,593446.4776
301332.SZ,20250417,1.3511,0.61,39.7632,1.584,448638.75,257480.37
301278.SZ,20250417,2.7116,0.75,18.7654,2.0335,255334.8655,103561.0714
920725.BJ,20250417,12.5382,0.74,709.7025,4.4579,279575.325,128884.185
000573.SZ,20250417,5.5861,0.92,27.0297,1.622,258503.6446,256350.7517
300521.SZ,20250417,4.7017,1.49,,6.2208,299664.0,299662.0335
600639.SH,20250417,2.1785,1.34,12.0873,0.8339,1211083.5115,917405.4025
301149.SZ,20250417,2.4234,0.82,19.4993,2.1625,407640.0171,246213.6945
600835.SH,20250417,4.9231,0.87,21.7459,1.486,2038319.4408,1607363.0699
000973.SZ,20250417,2.7107,0.72,50.8613,2.1292,608509.1746,608509.1746
000501.SZ,20250417,12.2979,0.84,36.1372,0.7111,780527.622,779818.2994
000822.SZ,20250417,17.8416,1.19,142.4232,1.0743,558537.3618,558537.3618
688588.SH,20250417,1.7444,0.89,37.0948,3.7273,470811.7735,470811.7735
300812.SZ,20250417,2.8246,0.73,,2.8359,246641.171,163156.0603
301205.SZ,20250417,2.1406,0.57,112.2841,5.113,756018.288,395992.8976
600386.SH,20250417,2.4087,0.49,163.5294,1.9157,338688.0,338688.0
605116.SH,20250417,0.8453,0.45,24.7532,3.8669,843261.3058,825233.3218
002651.SZ,20250417,14.7583,2.52,55.0004,2.4043,668648.62,365854.9757
300971.SZ,20250417,4.4824,0.7,28.4728,1.7875,177492.0,138947.5795
300808.SZ,20250417,1.3386,0.54,,4.0059,404800.0,266154.5781
603809.SH,20250417,2.8625,0.58,29.7252,3.2396,956671.1505,956671.1505
603010.SH,20250417,1.64,1.3,56.1507,1.5964,580734.9141,580734.9141
600107.SH,20250417,4.3594,0.79,,3.3838,173160.0,173160.0
603279.SH,20250417,1.0803,0.77,10.3747,2.2646,968447.76,961039.5883
002737.SZ,20250417,0.8429,0.61,11.5667,2.2073,988712.0,988712.0
002193.SZ,20250417,13.0091,1.46,,1.0683,136353.8016,136353.0201
603393.SH,20250417,1.5848,0.83,9.9111,1.4425,1174685.9971,1170806.6193
002065.SZ,20250417,3.9104,0.66,60.0418,2.4981,3000331.503,2721814.6635
688041.SH,20250417,1.8453,0.74,185.3702,17.6756,35794806.6014,13652980.5874
603016.SH,20250417,1.9878,0.71,54.676,4.6049,381512.0,381512.0
920856.BJ,20250417,16.4034,0.55,101.6447,4.3929,203052.112,112513.6406
002926.SZ,20250417,0.8787,0.79,68.9026,0.9174,2107875.0,2107875.0
000776.SZ,20250417,0.5466,0.45,11.9887,0.9566,11553279.3312,8968250.9034
600265.SH,20250417,2.508,0.58,,15.3716,238832.0,238832.0
600702.SH,20250417,2.8235,0.49,56.7834,2.8852,1963423.6673,1960455.6728
002201.SZ,20250417,11.5275,0.9,135.5101,4.0098,441157.7352,440220.562
603722.SH,20250417,1.5846,0.95,,3.6184,341649.432,313936.875
301398.SZ,20250417,3.7577,0.49,47.5532,3.4521,382000.0,114122.5
600824.SH,20250417,12.3608,0.69,280.7457,1.9706,475366.2099,475366.2099
600011.SH,20250417,1.4945,1.06,11.136,1.9717,11286929.1251,7907353.4318
301208.SZ,20250417,11.899,0.48,39.6775,3.1815,475680.2378,171934.7738
600305.SH,20250417,3.0718,1.09,127.1461,2.6322,874956.5067,870287.8359
600292.SH,20250417,15.0094,0.79,205.257,2.1211,1102513.4487,1102513.4487
920781.BJ,20250417,17.1651,1.16,80.1929,4.4933,184215.8257,121663.4574
600406.SH,20250417,0.6336,0.57,25.289,4.2145,18955728.2912,18871326.4289
000055.SZ,20250417,1.2691,1.05,26.8414,0.6928,418810.9485,263583.2273
000997.SZ,20250417,2.5873,0.53,27.6273,4.1646,2774185.1747,2758820.021
000049.SZ,20250417,1.364,0.53,18.4132,1.2104,774277.3689,773992.7891
301213.SZ,20250417,2.1662,0.68,,4.516,356799.9955,230631.2785
002440.SZ,20250417,0.6303,0.68,76.8876,0.7763,727227.9385,612294.5499
920892.BJ,20250417,11.6856,1.48,26.4752,6.1047,259243.7874,223561.6002
605196.SH,20250417,2.8913,0.85,17.63,2.0232,620940.0961,620209.2681
002534.SZ,20250417,4.1541,1.01,19.1782,2.064,843434.6667,833863.8959
600881.SH,20250417,1.081,0.47,,1.1669,523075.0877,523075.0877
688231.SH,20250417,2.3175,1.19,56.0039,1.3803,373248.0002,191190.5281
003037.SZ,20250417,2.0124,0.52,89.6069,1.3006,357647.5828,353468.5828
688386.SH,20250417,6.8711,1.03,35.0234,4.9056,357420.0,357420.0
603111.SH,20250417,0.8184,0.58,13.1261,1.3945,535598.0936,521799.8104
002984.SZ,20250417,1.5371,0.42,9.8673,1.6763,2072992.924,1425869.0046
600372.SH,20250417,1.0345,0.91,51.3774,1.4276,5346980.7762,5346980.7762
301098.SZ,20250417,2.518,0.99,,1.1176,143466.4873,116754.4123
920914.BJ,20250417,6.7952,1.09,28.8962,2.1396,195500.0,195500.0
300321.SZ,20250417,2.4406,0.48,474.1159,4.1917,263913.6,263844.0552
002861.SZ,20250417,11.7186,0.87,,2.1663,232854.9525,187710.4375
300668.SZ,20250417,1.7054,0.75,109.9318,2.57,195138.0435,143108.0333
920058.BJ,20250417,23.5911,2.27,37.0047,5.9712,205559.0383,100999.7878
920634.BJ,20250417,16.0083,0.73,63.5432,6.6038,176939.6777,90966.6534
688710.SH,20250417,2.4415,0.5,30.2612,1.8696,447187.3388,89437.4709
301305.SZ,20250417,1.0501,0.74,17.0759,1.0778,380944.5748,197254.7298
001260.SZ,20250417,5.0186,0.98,38.4081,2.5096,200215.0,55276.75
603273.SH,20250417,3.3734,0.65,86.6699,4.1873,356403.1842,93225.1192
688158.SH,20250417,7.0961,0.94,,3.9215,937453.7226,832284.0257
600241.SH,20250417,2.1656,0.79,99.3006,1.6497,192473.5832,192473.5832
601766.SH,20250417,0.7106,0.51,16.2868,1.1954,20175301.4539,17102442.0277
688420.SH,20250417,0.9985,0.61,43.8085,1.2586,181900.51,70162.213
300960.SZ,20250417,9.1298,0.58,54.0469,4.2842,265592.7899,240524.7599
688048.SH,20250417,4.5188,0.68,,3.2889,983818.3619,592757.6919
601169.SH,20250417,0.4925,0.87,5.0666,0.4907,13087507.2644,13087507.2644
001358.SZ,20250417,2.1035,0.86,32.6408,1.8209,264880.0,100828.4812
001896.SZ,20250417,3.7932,0.98,,1.9939,619467.22,619467.22
603787.SH,20250417,2.7265,0.75,32.9209,1.4134,224390.1953,224390.1953
300323.SZ,20250417,1.8946,0.6,,1.4772,1024112.2409,554743.573
688499.SH,20250417,1.9901,0.52,,1.8484,389762.8581,389762.8581
601963.SH,20250417,1.3961,0.97,6.8102,0.6575,3484999.9517,1885030.4247
301459.SZ,20250417,4.363,0.48,27.0064,3.2848,378320.0,94580.0
002454.SZ,20250417,1.3201,0.5,29.7215,0.9827,384063.3576,383084.3083
603949.SH,20250417,17.5586,0.78,61.3736,3.6461,370756.0101,369120.4611
300513.SZ,20250417,2.5373,0.85,,0.9982,234327.2928,210233.2926
600258.SH,20250417,8.6279,1.78,22.4203,1.5453,1807780.461,1807780.461
300848.SZ,20250417,2.1031,0.52,102.9085,4.7718,710293.4608,397443.3221
300972.SZ,20250417,2.5168,0.72,356.7703,23.3866,2058362.9068,1781250.1577
600446.SH,20250417,1.3599,0.62,66.1652,3.7785,1408057.2074,1408057.2074
300197.SZ,20250417,1.1505,0.58,,1.4438,536718.9525,535843.6282
300401.SZ,20250417,2.9426,0.58,24.2898,2.5374,751071.7381,738932.2515
002532.SZ,20250417,1.5444,0.63,9.1075,1.3053,3326098.0717,2952953.8982
002807.SZ,20250417,1.2154,0.79,5.2326,0.5733,1065783.0776,1064292.2586
002888.SZ,20250417,3.4439,0.66,,6.3321,244315.8734,125563.4733
301173.SZ,20250417,8.3843,0.82,25.0535,3.1149,426876.9919,81948.9458
000791.SZ,20250417,6.8165,0.68,13.4354,1.6282,2209054.8643,1089957.3786
002625.SZ,20250417,1.8502,0.67,129.2113,9.8601,8695916.611,8695887.8545
600373.SH,20250417,3.8403,0.84,10.9373,0.8569,1577770.2292,1523862.7112
300507.SZ,20250417,3.901,0.67,37.363,2.6149,534484.3166,518326.5299
605338.SH,20250417,7.932,0.89,18.6229,2.2737,515096.0,515096.0
603489.SH,20250417,2.7756,0.57,96.3313,2.1422,564501.2332,564501.2332
301303.SZ,20250417,1.6396,1.01,14.5242,1.629,516314.4,129078.6
002158.SZ,20250417,1.8466,0.47,10.3925,2.1664,919190.7949,917262.0941
688356.SH,20250417,1.2056,0.47,112.4858,2.7291,345951.5928,345951.5928
002637.SZ,20250417,1.499,0.63,43.2272,1.0818,404074.459,380299.1859
601005.SH,20250417,0.5831,0.54,,0.6691,1106470.4709,1039204.5709
920171.BJ,20250417,13.367,0.59,,13.0518,279750.9589,184002.2793
688443.SH,20250417,3.319,0.85,,5.1646,1096373.2,340979.8542
301390.SZ,20250417,2.9361,0.87,33.843,2.0568,195900.0,94850.6335
300029.SZ,20250417,0.593,0.54,,56.7262,92634.003,92566.4355
002910.SZ,20250417,15.9633,0.78,,1.6017,181460.514,158745.4896
603357.SH,20250417,2.3294,0.74,10.3282,1.4051,529940.6957,520306.8658
688233.SH,20250417,5.5996,1.31,96.8428,2.2227,398515.4222,398515.4222
600563.SH,20250417,1.25,0.5,21.1101,4.1483,2193750.0,2193750.0
688016.SH,20250417,1.5843,0.55,21.3211,2.8232,1070531.4861,1070531.4861
603630.SH,20250417,12.8374,0.62,97.7928,2.2341,432392.7936,432392.7936
300709.SZ,20250417,2.5724,0.5,38.1659,2.6605,569766.7972,455867.3327
600981.SH,20250417,11.2686,1.08,,1.2877,607699.395,607699.395
300888.SZ,20250417,1.2265,0.54,,2.2826,2593696.9648,781702.3032
600176.SH,20250417,1.1109,0.71,19.2722,1.5684,4711691.9289,4711691.9289
600637.SH,20250417,0.7277,0.77,46.3617,0.8298,2477720.1651,2477720.1651
300857.SZ,20250417,3.5093,0.56,34.5875,7.4466,2392709.2044,2385926.3454
600032.SH,20250417,8.325,0.82,29.2347,1.6779,2092067.5319,2092067.5319
300138.SZ,20250417,5.8444,0.46,54.0376,1.6344,508221.2978,419025.5832
300868.SZ,20250417,3.1146,0.48,,2.4495,375040.0,234953.1987
688078.SH,20250417,1.703,0.52,69.4576,2.9823,220209.753,220209.753
920017.BJ,20250417,14.8016,1.3,24.3912,1.5684,243964.959,241523.079
300030.SZ,20250417,2.4267,0.62,,2.4582,167270.3374,147272.8394
300387.SZ,20250417,4.7481,0.52,23.7538,1.7341,242518.8381,242434.6252
603687.SH,20250417,6.4033,1.59,39.7064,1.1665,378421.9224,378421.9224
002722.SZ,20250417,2.7379,0.99,18.5029,1.0904,276828.8942,235173.8806
301297.SZ,20250417,3.1993,0.63,120.2006,8.6086,1260164.36,515364.36
002111.SZ,20250417,3.0862,1.24,28.9381,1.7574,539453.9431,484885.744
600229.SH,20250417,1.7305,0.73,15.272,1.3437,433600.368,433600.368
920351.BJ,20250417,54.4997,0.94,139.8973,5.157,230476.7793,92311.8293
688099.SH,20250417,3.2948,1.02,35.9176,4.5668,2952147.5492,2952147.5492
300352.SZ,20250417,1.5542,0.6,,4.3809,655320.4873,552318.4087
600248.SH,20250417,1.8469,1.02,3.9688,0.6372,1548476.3195,1512764.5295
605066.SH,20250417,5.876,0.98,29.2189,1.9651,354632.5125,351703.1875
301502.SZ,20250417,5.4589,0.88,46.8173,2.4325,198821.8305,84658.6688
003018.SZ,20250417,3.5882,1.07,18.5602,1.661,262080.0,133812.2772
301601.SZ,20250417,36.1249,1.24,50.8671,4.765,597882.88,127561.2831
603556.SH,20250417,1.0122,0.43,14.1373,2.2811,1562366.7782,1562366.7782
002727.SZ,20250417,1.4018,0.77,49.1304,1.0141,766555.7996,520081.9748
002959.SZ,20250417,3.4501,0.81,24.5009,2.5686,705103.6463,693167.5425
688435.SH,20250417,2.3964,0.69,,2.1987,244905.5,135351.8347
001270.SZ,20250417,4.6414,0.49,,4.8035,656381.5287,321108.3468
002159.SZ,20250417,13.9074,2.02,20.4803,2.1294,290774.173,227077.2093
688127.SH,20250417,1.6185,0.27,38.9939,4.6814,852348.7336,852348.7336
603192.SH,20250417,10.3541,1.12,26.9745,1.5537,235726.6239,231573.3339
603893.SH,20250417,10.1367,1.41,115.4963,20.3989,6870439.5837,6867036.3762
688257.SH,20250417,0.5025,0.39,20.4592,1.6702,367154.7773,269296.6754
300340.SZ,20250417,1.7467,0.53,,17.0175,248304.0285,189418.1058
000880.SZ,20250417,16.6978,0.64,59.8465,5.373,1106942.1246,541783.242
605286.SH,20250417,4.5586,0.79,20.4738,3.0797,599760.0,599760.0
603291.SH,20250417,9.6229,1.23,25.7679,2.6703,468505.2086,143846.9862
000779.SZ,20250417,4.0875,0.73,16.0529,1.0551,399288.4993,399253.6651
301024.SZ,20250417,5.7023,0.64,,3.6355,170089.875,161061.75
300063.SZ,20250417,3.1448,0.56,606.9252,3.7874,609855.8286,502700.4171
002864.SZ,20250417,2.5328,0.5,24.429,1.7674,283132.4774,196341.1583
300055.SZ,20250417,2.7152,2.06,,0.816,418374.803,316350.572
603983.SH,20250417,4.4477,0.9,51.2386,5.072,1662145.0,1662145.0
301209.SZ,20250417,22.786,1.22,82.3163,6.1843,442800.0,135607.5
000008.SZ,20250417,5.8797,0.36,,2.2364,755152.9959,746714.7737
300134.SZ,20250417,2.8274,0.66,,1.8654,786685.4562,730228.4562
301138.SZ,20250417,4.793,0.51,33.6804,3.0588,341040.0,194847.9179
603323.SH,20250417,1.6835,0.9,4.8972,0.5271,943209.3624,943209.3624
300528.SZ,20250417,9.0298,0.52,,5.647,300694.6996,300694.6996
000691.SZ,20250417,3.628,0.58,,46.1242,88899.25,88899.25
002551.SZ,20250417,2.3153,0.61,,0.9905,259566.8354,187582.2528
301361.SZ,20250417,17.2717,2.11,43.5461,3.0223,347146.624,86786.656
000096.SZ,20250417,2.4873,0.75,88.9039,3.2961,921360.0,891429.76
300698.SZ,20250417,3.2951,0.89,98.6289,9.0772,442200.0,391201.6119
688602.SH,20250417,28.6743,4.48,,1.6525,458088.75,224889.9116
600712.SH,20250417,18.4036,1.03,,4.1975,334418.391,330730.0998
300167.SZ,20250417,6.2061,1.02,,,118981.5,117728.325
600773.SH,20250417,2.0746,1.57,,1.8287,854525.0048,854525.0048
920790.BJ,20250417,9.2328,0.51,321.2166,9.3913,308761.0482,212504.4258
605398.SH,20250417,6.7929,1.18,90.0961,4.4406,461300.9345,461300.9345
603855.SH,20250417,0.8045,0.33,13.8144,3.013,638604.868,631084.168
002824.SZ,20250417,2.3585,0.65,44.0581,2.4294,407785.6723,276355.4594
603278.SH,20250417,9.297,1.33,,1.4496,313735.1219,313735.1219
300246.SZ,20250417,2.9163,0.64,,1.3889,169857.4883,135652.2387
300314.SZ,20250417,10.9451,1.28,61.3587,3.0074,351360.0,175364.5666
688569.SH,20250417,2.8022,0.38,22.2148,1.6721,476106.742,476106.742
603325.SH,20250417,1.2359,0.76,21.0988,2.568,589896.16,247708.608
600805.SH,20250417,1.2675,0.66,133.0033,0.823,362481.0544,362217.3068
688246.SH,20250417,1.5667,0.49,,2.4291,406703.0277,298414.2214
603766.SH,20250417,2.0029,0.42,20.727,2.5897,2384162.0879,2384162.0879
603408.SH,20250417,1.5068,0.82,9.3688,1.5572,497701.176,497701.176
000004.SZ,20250417,14.1557,1.62,,8.5189,136086.9299,129824.1596
601628.SH,20250417,0.5627,0.65,9.6476,2.0242,103166173.25,76005884.5
301042.SZ,20250417,1.5389,0.56,22.0082,2.1629,225464.8194,220118.2457
002350.SZ,20250417,2.0531,0.79,82.7144,1.9202,324314.1479,317269.7797
600505.SH,20250417,34.9436,1.27,,4.0844,496540.935,496540.935
688172.SH,20250417,1.2197,0.48,,1.5459,2268658.2933,1103784.9155
688449.SH,20250417,8.1699,1.28,231.5409,11.3213,1922800.0,272107.5375
000830.SZ,20250417,1.3033,0.76,11.2884,1.1664,2129842.2829,2122469.6598
003030.SZ,20250417,28.2632,1.25,,2.4224,245067.92,159080.8085
000156.SZ,20250417,1.0969,0.61,26.3019,0.9402,1404522.791,1288505.9148
688657.SH,20250417,2.5707,1.4,46.0686,2.0465,290228.2958,178925.0376
300098.SZ,20250417,1.772,0.64,,2.709,766361.9833,679908.9395
002181.SZ,20250417,4.5296,0.6,202.0616,1.4356,606072.3668,592219.5345
000927.SZ,20250417,2.13,0.48,32.4204,1.5983,1488386.9957,1488386.2429
603657.SH,20250417,7.9111,0.81,,2.1125,200580.5078,198729.3735
603612.SH,20250417,1.3568,0.41,,1.346,783518.314,783518.314
603779.SH,20250417,3.617,1.02,,4.2175,238103.3346,238103.3346
300576.SZ,20250417,5.361,1.09,113.759,8.0311,1267784.0781,763488.1862
600697.SH,20250417,48.4647,1.75,,1.0048,230359.5326,224984.4697
300179.SZ,20250417,5.0816,0.64,35.5317,3.4097,417881.5938,323050.2151
301207.SZ,20250417,1.0512,0.64,45.5636,1.5573,936400.845,220688.3443
002629.SZ,20250417,10.3226,1.11,,170.3329,202822.648,169432.4061
688557.SH,20250417,2.3041,0.75,18.5599,1.7798,207993.2393,207993.2393
002545.SZ,20250417,1.8224,0.71,15.1541,1.0267,896968.7618,814848.0335
688629.SH,20250417,10.3033,0.88,,16.6133,2425283.2839,938170.9869
002992.SZ,20250417,1.8457,1.41,,16.4114,1209130.3034,1044148.3702
000422.SZ,20250417,5.9865,0.68,20.0064,1.7737,1305506.7127,1275727.5323
300466.SZ,20250417,18.2473,0.68,,7.2722,579978.8904,454845.1163
600173.SH,20250417,5.2495,0.59,107.3143,1.167,438516.9087,438460.5687
688484.SH,20250417,4.0899,1.34,49.6573,3.8368,1505694.9525,1036821.8103
300892.SZ,20250417,51.0368,1.04,,3.8337,398200.0,257087.875
603321.SH,20250417,8.6172,1.83,16.3679,1.7995,220426.0,217205.77
600303.SH,20250417,14.09,11.4,,1.9978,267972.8507,264836.8507
301525.SZ,20250417,1.4536,0.42,36.96,1.9379,609442.6448,319230.535
000410.SZ,20250417,0.8321,0.58,,14.7807,1364797.5046,1111085.439
300234.SZ,20250417,1.7175,0.67,92.6599,1.9284,219885.7663,150322.3382
300599.SZ,20250417,5.8405,0.89,,1.1511,239948.1499,142167.6799
000554.SZ,20250417,3.7081,0.95,28.8487,2.7724,286552.8175,216141.3054
002038.SZ,20250417,0.8983,0.64,79.182,1.1588,652367.25,540712.4339
000158.SZ,20250417,9.5363,1.34,,5.8678,3267572.5777,3245501.6476
002122.SZ,20250417,4.4403,0.61,96.9275,3.4902,816194.106,810996.0995
300223.SZ,20250417,3.1425,0.57,69.1947,2.7508,3274675.3948,2853216.0732
000539.SZ,20250417,2.0962,0.63,24.2846,1.0228,2341626.6578,1139037.9055
002818.SZ,20250417,2.3193,1.18,14.7467,1.9194,1017904.1584,405765.7798
000548.SZ,20250417,2.2861,0.94,29.9812,1.1987,244116.5316,244101.1281
301211.SZ,20250417,4.212,0.74,43.3642,2.0075,460800.0,115200.0
920368.BJ,20250417,2.2291,0.64,18.7279,1.5482,647524.4535,616053.4506
002339.SZ,20250417,3.0384,0.88,338.9003,1.9669,331692.7163,315046.1914
300522.SZ,20250417,5.4792,1.73,187.4503,5.3234,424023.7317,320658.6288
301096.SZ,20250417,1.9194,0.62,16.8784,1.2927,358050.315,227592.589
920961.BJ,20250417,4.2,0.51,200.7699,3.3156,251113.6131,185361.4245
688353.SH,20250417,1.4106,1.23,,0.9649,334950.0,131280.2253
002989.SZ,20250417,3.2885,0.91,,2.9837,515447.6318,477038.8425
301153.SZ,20250417,2.5298,0.65,79.7778,4.7511,833159.52,490173.2033
002880.SZ,20250417,8.1214,0.67,26.3697,3.0811,659534.4,657272.8484
603031.SH,20250417,1.2896,0.65,33.3284,3.0533,560523.6,560523.6
002792.SZ,20250417,2.6745,0.69,90.6432,2.4721,686999.9276,412654.4666
603040.SH,20250417,1.9008,0.5,16.0015,2.6147,338018.3105,334416.9685
300617.SZ,20250417,1.4898,0.74,24.1719,1.5342,434801.6853,365257.0703
600863.SH,20250417,1.7155,0.79,11.5119,1.5815,2636862.6756,2636862.6756
301159.SZ,20250417,3.5403,0.85,,2.8426,209618.5,115104.1985
688659.SH,20250417,3.365,0.92,,1.912,104960.0,104960.0
301021.SZ,20250417,6.5493,0.78,1637.889,4.4005,431198.5753,431121.6322
300102.SZ,20250417,2.6247,0.56,72.7522,2.2655,942421.8757,935898.0977
300088.SZ,20250417,1.1477,0.52,58.2665,1.5514,1333789.7312,1327258.9475
002261.SZ,20250417,13.9805,1.46,,13.7458,3564732.8298,3235420.5134
000719.SZ,20250417,3.6588,0.84,11.408,1.0433,1201241.2013,783231.2155
300568.SZ,20250417,2.3752,1.03,47.6014,1.2498,1228755.4014,1110695.9178
603068.SH,20250417,3.3248,0.68,,2.8456,474440.3428,474440.3428
000882.SZ,20250417,10.7712,1.02,377.5676,0.9178,635065.6517,634639.3097
001238.SZ,20250417,1.5289,1.03,209.4497,2.7637,307670.0,89440.0186
600493.SH,20250417,3.5752,1.08,26.1391,1.2365,138992.0,138992.0
920489.BJ,20250417,22.6138,1.09,286.0619,7.1765,357386.6448,224431.9286
301371.SZ,20250417,2.45,0.57,18.5229,2.4412,1346269.2,200015.6
001278.SZ,20250417,2.7617,0.73,61.0354,1.4215,186218.767,76054.424
300797.SZ,20250417,30.3824,1.18,44.3007,5.4146,642458.7,629732.7352
600537.SH,20250417,2.0933,0.44,,1.7445,339726.2102,339726.2102
000949.SZ,20250417,2.3245,0.68,26.6593,1.0075,654627.02,654441.0161
002380.SZ,20250417,6.8374,0.9,23.5254,2.5233,538541.2604,319105.7536
603013.SH,20250417,5.7058,1.08,15.539,1.8482,777100.4842,777100.4842
603268.SH,20250417,3.2475,0.89,,338.5238,504373.6656,504373.6656
603739.SH,20250417,11.5253,0.48,53.9822,2.0695,357529.7877,357529.7877
301178.SZ,20250417,4.1719,1.01,,2.6756,213137.5488,138469.9667
002446.SZ,20250417,1.4906,0.52,,1.5752,517156.7741,478941.0622
600515.SH,20250417,0.8133,0.34,90.4553,1.7634,4147387.3855,3330892.5404
300148.SZ,20250417,4.6925,0.77,,3.5722,339147.7733,325461.51
603878.SH,20250417,1.2258,0.66,11.7057,1.1028,291755.9658,291755.9658
002443.SZ,20250417,1.2435,0.84,16.8155,0.8725,300869.5306,300228.5586
301141.SZ,20250417,6.2627,0.58,218.502,3.6174,453091.1061,162604.5461
300886.SZ,20250417,5.5484,1.19,67.2653,2.6276,148588.115,86623.8517
600050.SH,20250417,1.7475,0.79,18.835,1.0461,17007847.3779,16737153.4131
300149.SZ,20250417,1.812,0.51,,2.0996,281349.6555,280852.6922
002197.SZ,20250417,2.9263,0.59,,1.1651,282606.9469,245640.316
688270.SH,20250417,6.0168,0.94,527.7652,4.3991,942041.0916,634763.6941
300093.SZ,20250417,4.9656,0.63,,,194400.0,193870.3446
600026.SH,20250417,1.1805,0.61,11.9254,1.3421,4813713.3826,3506049.3826
002145.SZ,20250417,1.8763,1.13,28.5664,1.3455,1614217.9734,1589862.3999
300310.SZ,20250417,2.6274,0.65,,2.7634,521060.1918,408818.6036
600338.SH,20250417,0.9023,0.51,,2.2386,825531.7817,825531.7817
300255.SZ,20250417,1.9117,0.48,,10.0448,1827093.0255,1820827.4081
002116.SZ,20250417,2.2347,0.78,13.6737,1.803,459531.4704,451049.1471
000959.SZ,20250417,2.5443,1.12,,0.4861,2402160.1352,2010744.4669
000027.SZ,20250417,0.6683,0.69,25.5318,0.9696,2921037.4084,2921037.4084
688685.SH,20250417,2.3171,0.4,188.0785,11.3872,851618.562,851618.562
688191.SH,20250417,2.9223,0.48,81.5598,4.6082,409224.5673,409224.5673
603976.SH,20250417,1.4676,0.84,47.5907,2.1134,253414.6878,253414.6878
688063.SH,20250417,1.0331,0.52,219.65,0.9841,902922.0363,902922.0363
002217.SZ,20250417,0.77,1.0,,,1637988.3652,1243999.7769
920689.BJ,20250417,14.9545,0.59,54.9425,6.427,299692.2,154870.7092
000532.SZ,20250417,3.393,0.65,30.6972,3.2346,480523.426,478908.3459
002326.SZ,20250417,1.3604,0.56,,2.8392,874503.7513,759754.7316
300304.SZ,20250417,1.812,0.49,15.4137,2.0588,618213.1775,602330.7023
300935.SZ,20250417,5.3708,1.63,,1.897,159099.652,120728.131
920932.BJ,20250417,4.0497,0.56,57.1748,2.887,206260.32,165967.0115
301107.SZ,20250417,5.2625,0.61,41.4236,2.3611,217851.2,63555.7132
300877.SZ,20250417,1.9935,0.64,66.6359,1.0694,167880.0,167878.5311
600822.SH,20250417,4.8726,0.5,90.6812,3.8008,458278.9725,366040.667
000637.SZ,20250417,1.7171,0.81,,2.7433,170519.1168,120708.6756
688513.SH,20250417,1.7127,0.32,26.8046,2.3518,634103.8636,634103.8636
688556.SH,20250417,1.0264,0.48,,1.334,474048.7282,474048.7282
603277.SH,20250417,2.6034,0.58,14.2006,3.0423,828518.4885,820423.7895
001965.SZ,20250417,0.698,0.73,16.6721,1.3465,8873258.9496,8873258.9496
600120.SH,20250417,2.4677,0.58,40.0474,1.253,1953598.2134,1953598.2134
688175.SH,20250417,1.6162,0.82,,1.1405,203544.958,115400.958
603098.SH,20250417,1.7047,0.74,97.72,1.8004,495984.2798,495157.1798
600603.SH,20250417,0.4995,0.41,21.6826,1.178,815043.8101,815043.8101
000925.SZ,20250417,1.1966,0.45,,1.5136,491720.8868,489448.6119
688326.SH,20250417,1.2176,0.54,,2.1661,915590.8915,607426.0795
605222.SH,20250417,0.8052,0.56,26.4089,1.3453,602835.2717,602835.2717
688536.SH,20250417,9.3133,1.15,,4.663,2472619.1263,2472619.1263
000505.SZ,20250417,27.197,1.21,210.5972,1.7507,550301.34,471244.1305
688203.SH,20250417,1.4421,1.1,55.6008,1.3235,197408.4382,114666.9814
300722.SZ,20250417,13.2135,0.75,103.9811,12.9492,823350.528,823350.528
688981.SH,20250417,1.2993,0.53,198.202,4.9469,73308284.0748,18253136.8042
300584.SZ,20250417,2.5987,0.59,51.4735,2.1409,216240.0,147977.755
003040.SZ,20250417,3.3459,0.97,,3.9674,558896.7981,553702.5127
688032.SH,20250417,1.767,0.7,36.7031,2.0015,1272994.5717,1272994.5717
605128.SH,20250417,1.0465,0.47,39.0002,2.6976,534487.6625,490919.9827
000983.SZ,20250417,0.701,0.62,9.6159,1.0421,3826366.1138,3127503.9185
688338.SH,20250417,0.9119,0.8,21.4462,1.5079,248691.6432,248691.6432
002638.SZ,20250417,1.5831,0.63,,1.121,274389.5207,257287.9365
301195.SZ,20250417,2.0697,0.65,19.6034,1.6935,395549.1708,148682.2526
002081.SZ,20250417,1.3276,1.27,13.5452,0.6414,868290.8463,864404.5906
603102.SH,20250417,6.6433,0.71,18.4946,1.577,258304.0,144748.9404
688097.SH,20250417,3.5812,0.54,28.0353,2.4887,1117512.708,1109946.0345
000951.SZ,20250417,4.6963,1.47,13.9905,1.3508,2070119.8123,2070119.8123
300529.SZ,20250417,2.5503,1.35,24.5907,5.218,1780889.7633,1142801.856
920098.BJ,20250417,10.492,1.4,30.5207,2.8824,265267.0437,142020.072
003005.SZ,20250417,6.8543,0.95,147.0325,2.5868,482445.4224,215483.7384
688525.SH,20250417,6.0077,0.77,158.5416,6.4492,2785121.8498,1915883.617
603716.SH,20250417,7.4064,0.58,,1.878,183184.9779,183184.9779
300549.SZ,20250417,4.8097,0.51,158.9793,3.9995,219877.66,166639.1591
002259.SZ,20250417,2.5296,1.55,,8.828,198614.6625,198614.6625
688108.SH,20250417,0.8349,0.35,2465.3513,4.3257,375004.592,375004.592
301113.SZ,20250417,6.1314,1.07,148.3383,2.3034,165690.0,100078.1802
001333.SZ,20250417,11.335,0.74,18.6934,1.6281,273664.0,94072.0
300999.SZ,20250417,1.0404,0.48,69.4487,1.8537,17376200.8729,1739183.9459
300329.SZ,20250417,7.7375,0.61,,2.1112,171711.4816,171185.5289
600249.SH,20250417,46.5913,2.82,48.6937,1.8078,394900.0,394900.0
300707.SZ,20250417,4.4356,0.6,66.5464,2.0923,235412.9539,190563.8431
603826.SH,20250417,1.4448,0.96,164.3106,6.8501,1302537.6,1302537.6
600397.SH,20250417,3.8268,0.5,,14.078,474190.7835,474190.7835
000428.SZ,20250417,21.2586,1.1,,2.4589,399418.992,399418.992
600866.SH,20250417,2.7357,0.7,13.2607,1.5052,1148077.5777,766577.4057
002146.SZ,20250417,6.3154,1.66,,0.2757,613091.103,549938.2605
300976.SZ,20250417,2.7933,0.47,24.2647,1.5391,504067.9735,323408.4825
600648.SH,20250417,1.7435,1.41,14.0771,1.0281,1339711.9663,1103054.1163
300911.SZ,20250417,4.1506,0.81,,4.3305,569808.0041,531983.251
920879.BJ,20250417,4.4263,0.73,34.812,4.505,268114.7255,216662.2512
688114.SH,20250417,1.7451,0.68,,3.9646,3165106.2618,1618073.9839
600967.SH,20250417,5.6981,0.95,30.2472,1.6661,1897501.0537,1894288.4823
920403.BJ,20250417,27.9904,0.92,34.7807,5.9308,289495.6038,169588.3001
600039.SH,20250417,1.1643,0.68,12.4371,1.6605,7490633.9571,5765129.9227
000031.SZ,20250417,4.7281,1.26,,0.8837,1161590.9149,1084782.4228
000738.SZ,20250417,4.9276,2.34,32.7275,1.9888,2455448.5299,2455389.8594
600888.SH,20250417,1.0514,0.62,7.7888,0.8585,937183.8291,937183.8291
600340.SH,20250417,6.5223,1.83,,1.5211,888414.5176,883791.5991
688489.SH,20250417,1.5316,0.76,90.954,2.0694,383097.1729,168679.0605
603209.SH,20250417,1.8283,0.5,11.4911,1.5165,398440.0,398440.0
002494.SZ,20250417,6.4147,0.91,74.3775,1.3441,165262.0945,125605.4518
601512.SH,20250417,0.7197,1.1,10.7684,0.7463,1080699.69,1080699.69
688571.SH,20250417,3.0094,0.69,21.5738,1.9386,299971.749,299971.749
002575.SZ,20250417,3.7935,0.87,,7.035,580376.16,522203.5455
600650.SH,20250417,1.8251,0.55,36.9428,1.7166,726470.5109,514367.6188
300157.SZ,20250417,2.4364,0.71,,,195881.8294,189969.0589
600651.SH,20250417,1.2936,0.71,242.6098,3.8971,957684.7017,957684.7017
605033.SH,20250417,4.2139,0.75,74.6984,2.0237,228893.6,228893.6
000816.SZ,20250417,3.6059,0.34,,2.2356,455809.1952,452568.5394
300538.SZ,20250417,6.2339,1.59,242.7276,2.4023,252139.1422,159239.5386
300766.SZ,20250417,9.3805,0.78,,8.6723,1358878.603,1232407.0767
688021.SH,20250417,1.9237,0.95,,1.0148,87264.4648,87264.4648
001210.SZ,20250417,3.3174,1.21,142.5195,1.4137,178897.1279,108724.3386
688468.SH,20250417,1.2384,0.68,21.7621,1.9514,276363.412,276363.412
600663.SH,20250417,1.1848,1.28,29.6567,1.8162,4471216.467,2802247.0919
002552.SZ,20250417,5.244,1.13,21.464,3.0936,531513.1927,416624.1686
300344.SZ,20250417,9.6007,0.6,,16.294,539675.0959,537576.7798
688401.SH,20250417,6.3347,0.82,37.5388,5.1847,721714.7768,431954.0906
300226.SZ,20250417,2.327,0.58,38.3608,3.1146,618957.0015,595093.288
300627.SZ,20250417,1.2114,0.58,37.8712,6.4056,2174223.801,1797506.1434
600082.SH,20250417,1.6754,0.97,,1.0982,188665.8212,185225.9403
603958.SH,20250417,5.6893,0.5,,5.2281,398357.76,398357.76
301429.SZ,20250417,4.0694,1.2,29.7194,1.4844,194590.12,72491.7049
605180.SH,20250417,4.3556,0.83,46.1247,1.9136,217841.0,217841.0
002103.SZ,20250417,11.3165,0.85,31.1034,4.4884,473365.8364,334088.6166
300609.SZ,20250417,2.1657,0.58,,2.9558,308573.8602,308005.9211
002479.SZ,20250417,2.6538,0.72,13.0086,0.9851,413470.0,412548.8194
688627.SH,20250417,2.7356,0.93,78.6649,3.7517,646800.8675,491311.6016
601921.SH,20250417,5.0334,1.26,16.2942,1.3642,1764444.4451,1764444.4451
002925.SZ,20250417,0.9008,0.44,37.4507,2.3388,1082198.9633,1024740.9715
002123.SZ,20250417,6.0908,1.24,,6.1995,1060425.7989,947847.7349
603799.SH,20250417,1.3462,0.58,15.6571,1.5368,5257782.5753,5210835.0929
001360.SZ,20250417,2.5572,0.65,33.2201,1.8725,260304.0,104352.7423
002049.SZ,20250417,3.863,0.54,48.8642,4.7567,5817371.6663,5816003.6357
301300.SZ,20250417,17.3506,1.22,52.3791,2.6832,204591.8,97419.3844
603029.SH,20250417,8.1432,0.47,30.2114,2.3358,209436.292,209436.292
688166.SH,20250417,1.7692,0.66,87.4566,7.1337,1654390.6247,1654390.6247
000957.SZ,20250417,2.2528,0.63,31.6258,2.097,604762.0147,604762.0147
002905.SZ,20250417,8.8899,0.66,,37.9399,286379.52,265923.84
300878.SZ,20250417,3.9964,0.64,,1.5978,215447.9991,214456.451
688228.SH,20250417,15.7494,2.21,207.9322,3.2887,428065.6416,428065.6416
001287.SZ,20250417,14.7513,0.92,54.5936,2.931,1495483.3909,860792.3721
600987.SH,20250417,3.6587,1.56,10.3258,1.1664,743156.1395,743156.1395
603158.SH,20250417,3.5471,0.71,13.8711,1.7948,402946.2302,402946.2302
603310.SH,20250417,4.1687,1.26,23.3037,1.5231,592948.78,118596.624
301177.SZ,20250417,4.8241,1.28,685.3353,1.6357,1028025.7,102825.7
688469.SH,20250417,0.7164,0.48,,2.7183,3265917.3624,2030933.52
603221.SH,20250417,11.4241,0.43,18.7196,1.6964,261945.18,257040.0
600116.SH,20250417,0.6525,0.52,22.8179,1.1468,1281135.7457,1281135.7457
605555.SH,20250417,3.0889,0.5,19.5393,2.4335,704134.2728,256605.7028
002100.SZ,20250417,2.9959,0.43,,1.2521,869665.2151,869665.2151
920807.BJ,20250417,6.8806,0.43,81.3319,2.1794,203523.72,138345.0551
600172.SH,20250417,4.5195,0.59,,2.7755,573989.4214,507949.7885
920163.BJ,20250417,3.9297,0.57,41.5514,3.981,185221.1152,88322.129
605300.SH,20250417,14.469,2.4,50.0064,2.3447,672055.525,591614.79
920207.BJ,20250417,8.0297,0.81,,7.385,223520.11,133915.8049
002074.SZ,20250417,0.9276,0.62,34.3262,1.4414,3634626.5714,3477515.5352
301419.SZ,20250417,3.9784,0.98,100.441,2.927,272000.0,96152.0
002693.SZ,20250417,16.4043,0.69,,11.7464,509653.7028,505588.596
600215.SH,20250417,14.0412,0.91,51.3279,2.2617,450957.5001,445003.9251
301287.SZ,20250417,18.6867,0.84,39.6478,1.8999,210610.53,53802.0347
603718.SH,20250417,4.3311,0.51,575.9106,3.8075,480600.3926,475702.1201
600273.SH,20250417,1.7726,0.52,11.2497,1.1208,1133701.8437,1133701.8437
920230.BJ,20250417,20.4258,0.78,73.8319,4.2044,174237.7705,81022.1748
300481.SZ,20250417,2.0061,0.79,20.7168,1.6453,396833.8917,394483.9302
920765.BJ,20250417,21.3657,0.68,79.3232,5.0016,166653.6273,105329.5242
920030.BJ,20250417,4.6302,0.51,204.8541,2.6171,123041.7005,67236.2111
603206.SH,20250417,3.5327,0.59,33.1964,2.2472,498696.7804,142484.7804
601077.SH,20250417,0.6631,0.59,6.2915,0.5795,7382050.0,5744505.1651
300738.SZ,20250417,7.0258,0.7,164.3615,6.1813,2048064.8293,2047484.8631
301009.SZ,20250417,4.2939,0.7,196.6806,2.2019,296055.54,136257.7567
002313.SZ,20250417,3.0362,0.6,,47.5922,316368.0,316364.7679
002385.SZ,20250417,3.4369,0.4,,2.2292,1823233.3116,1494209.0241
300652.SZ,20250417,6.1681,0.5,38.9587,3.4405,469124.3841,421038.7444
603609.SH,20250417,1.615,0.41,,1.183,769566.633,769566.633
002238.SZ,20250417,2.0145,0.54,103.5789,2.7689,632416.6181,632416.6181
605183.SH,20250417,1.2706,0.59,12.4824,1.9117,607605.2748,607605.2748
688038.SH,20250417,1.709,0.74,,2.5357,152449.154,152449.154
603128.SH,20250417,54.2384,4.31,19.8679,1.7642,1042001.0092,1042001.0092
688163.SH,20250417,1.561,0.63,40.05,1.6579,181809.6,74544.96
300920.SZ,20250417,24.6628,1.34,64.9767,2.3102,270000.0,173635.9875
600536.SH,20250417,3.922,0.41,,18.2256,3952325.6204,3922999.9118
600268.SH,20250417,1.7238,0.43,20.2254,2.061,688911.435,682117.5245
300588.SZ,20250417,1.8416,0.69,,5.8979,210809.604,194681.055
600009.SH,20250417,0.9055,0.76,42.3979,1.9685,8199546.0153,6322103.1487
920419.BJ,20250417,18.5653,1.52,27.7328,4.2416,225414.5648,204236.3979
603028.SH,20250417,4.0256,0.72,,2.4886,165909.12,165909.12
688691.SH,20250417,2.1871,0.48,120.8278,5.4008,737400.0,439152.4865
603112.SH,20250417,6.1314,0.59,16.1062,2.284,722818.7459,670157.694
002421.SZ,20250417,1.4275,0.56,123.0444,2.0379,695550.7776,657076.6616
600736.SH,20250417,2.4399,1.14,37.4803,0.8339,622849.4627,622849.4627
688311.SH,20250417,1.3594,0.59,,3.8081,609861.9954,609861.9954
601007.SH,20250417,31.3182,4.01,99.2035,2.1005,329940.0,329940.0
600059.SH,20250417,3.9849,1.18,39.0217,1.3607,802157.3234,802157.3234
000932.SZ,20250417,2.0663,0.78,15.9475,0.6039,3240148.642,3240108.3474
002841.SZ,20250417,0.6892,0.6,23.3141,1.7841,2265533.854,1697006.8892
688475.SH,20250417,0.9422,0.4,53.1878,4.8795,2748375.0,1429155.0
300987.SZ,20250417,4.4791,0.6,108.3874,3.2037,257971.584,257971.584
688138.SH,20250417,9.6988,1.46,42.5986,4.9507,734500.4,734500.4
688018.SH,20250417,4.5597,1.02,64.1478,10.1243,2176688.3614,2176688.3614
603920.SH,20250417,4.499,0.63,23.2046,2.5997,1731051.2174,1731051.2174
601377.SH,20250417,0.5902,0.84,29.5091,0.9174,5026144.6051,5026144.6051
300916.SZ,20250417,1.6818,0.49,25.1935,2.9684,382004.8225,243864.3701
300039.SZ,20250417,2.6938,0.51,17.0103,1.5012,631784.0,553823.4405
003026.SZ,20250417,6.0271,0.65,,5.8702,378713.1933,233559.751
603120.SH,20250417,65.8832,,44.7074,3.7108,418009.6,102393.0329
301469.SZ,20250417,3.2156,0.96,29.2987,1.5267,206788.28,120277.8923
688012.SH,20250417,1.3574,0.74,73.2828,6.035,11918265.5253,11918265.5253
600971.SH,20250417,0.6444,0.54,8.7877,0.7618,942003.8339,942003.8339
300992.SZ,20250417,2.1144,0.82,51.3023,2.1372,178597.9724,144071.9249
002192.SZ,20250417,1.3564,0.68,34.0177,2.0989,697953.1857,696515.1729
688373.SH,20250417,1.9025,0.72,,8.2668,364516.653,203522.2098
300736.SZ,20250417,3.2629,0.54,,11.127,108344.898,107479.9033
688212.SH,20250417,3.4705,1.76,244.1788,3.7512,513074.6025,513074.6025
002022.SZ,20250417,0.8345,0.66,,0.7063,274131.5585,274092.5829
300236.SZ,20250417,3.09,0.96,61.9499,2.5428,1132247.0054,1005926.8245
300909.SZ,20250417,1.5972,0.41,37.2993,2.1166,418075.6902,293167.3587
600622.SH,20250417,11.2197,1.25,,0.9309,443906.879,443906.879
603588.SH,20250417,2.0412,0.54,15.5185,0.8576,795128.3866,795128.3866
002432.SZ,20250417,1.1583,0.53,10.1069,0.9038,1741948.4266,1641054.0896
688050.SH,20250417,0.9655,0.49,49.3689,7.9518,1911367.0204,1911367.0204
300592.SZ,20250417,9.1744,1.06,23.0093,2.3053,511320.3325,462759.411
600684.SH,20250417,3.2537,1.09,184.6723,6.2483,287616.2637,287616.2637
920378.BJ,20250417,11.299,1.05,83.3909,5.6548,210271.152,131834.7584
002815.SZ,20250417,2.1228,0.73,38.8164,1.4237,1000157.8364,592599.5896
688068.SH,20250417,3.1723,0.8,,3.4545,1064476.1796,1064476.1796
002862.SZ,20250417,6.7554,0.61,291.066,5.9947,277200.0,208309.0617
300408.SZ,20250417,0.5507,0.62,30.9469,3.4173,6790150.1855,6624729.8042
600819.SH,20250417,2.4794,0.97,40.8026,1.3732,474002.447,378939.946
300580.SZ,20250417,4.1426,0.43,46.5708,4.2917,1296408.6104,1219407.1593
603086.SH,20250417,3.2741,0.54,,1.2106,238277.6024,238277.6024
300103.SZ,20250417,1.7265,0.81,,2.8238,169598.934,169458.7841
603982.SH,20250417,3.2239,0.88,,1.0676,198274.6868,198274.6868
603022.SH,20250417,3.3506,0.94,31.0986,2.1259,167600.0,167600.0
300009.SZ,20250417,0.8157,0.66,18.9743,3.3895,1341388.0337,979803.5668
603079.SH,20250417,8.3675,0.33,,2.209,276812.5451,276812.5451
300681.SZ,20250417,3.2916,0.6,82.6058,3.8439,747021.1706,515027.3808
002560.SZ,20250417,5.2984,1.45,70.1206,1.2122,313340.1877,269941.6324
300299.SZ,20250417,2.4337,0.5,,6.971,372071.7458,371361.8828
601688.SH,20250417,0.7518,0.75,9.1383,0.8587,14028427.7447,11335389.942
300251.SZ,20250417,5.7796,0.77,114.1312,6.5419,5823212.7375,5532638.3577
300454.SZ,20250417,2.9688,0.88,188.8158,4.1005,3717196.0109,2451470.6967
688229.SH,20250417,5.1469,0.89,,4.783,200466.0,200466.0
000056.SZ,20250417,8.9886,0.73,,7.0273,400877.0666,306344.6582
920145.BJ,20250417,4.5141,0.84,,5.3659,143145.95,98943.6778
600309.SH,20250417,2.0772,0.97,14.4125,1.753,17234069.2301,17234069.2301
300106.SZ,20250417,28.4331,0.6,,4.9523,247470.135,247470.135
600271.SH,20250417,0.9544,0.82,972.0361,1.1074,1550864.442,1550864.442
600095.SH,20250417,14.7401,0.95,202.3227,1.9646,2327378.8228,2327378.8228
301083.SZ,20250417,3.9789,0.75,81.9323,2.9045,237629.8671,114374.8491
603075.SH,20250417,3.3642,0.88,25.3024,3.606,758407.0976,75378.84
002033.SZ,20250417,14.856,1.48,26.1103,2.1782,550589.6924,550579.1414
688195.SH,20250417,2.1152,0.6,65.4318,4.9263,453889.15,453889.15
002856.SZ,20250417,4.5817,0.9,,3.7348,112174.3178,100364.3217
002600.SZ,20250417,3.1866,0.4,28.0968,2.493,4926749.0068,4850477.8077
600754.SH,20250417,5.1693,2.09,31.8888,1.8854,2905169.631,2465246.6694
002789.SZ,20250417,11.3726,0.77,,34.8039,115248.1771,94928.4055
688072.SH,20250417,1.4448,0.5,64.4127,9.1877,4434545.7077,2461155.9448
300240.SZ,20250417,39.3596,0.76,1439.6436,2.378,342209.477,334671.9476
301329.SZ,20250417,2.8127,0.56,43.2817,1.9297,301934.8,106340.656
300405.SZ,20250417,4.5115,0.49,,2.7559,131664.5467,101301.0891
002393.SZ,20250417,1.3445,0.91,22.6522,0.8767,417997.5084,406026.5126
920826.BJ,20250417,47.5205,1.16,57.9842,6.9402,238174.3047,105702.3798
300724.SZ,20250417,1.2569,0.63,7.6423,1.7996,1859928.2625,1535958.0165
001288.SZ,20250417,3.1901,0.52,29.5919,2.3413,465539.2461,217132.7473
603214.SH,20250417,14.6601,0.77,31.6125,2.9161,336375.2074,336375.2074
688677.SH,20250417,0.7709,0.39,27.1668,2.8121,366425.332,366425.332
300780.SZ,20250417,2.7858,0.61,,1.7137,196831.14,140748.5225
300365.SZ,20250417,2.4323,0.77,257.3636,1.6575,331120.2189,266977.2106
300948.SZ,20250417,2.2872,0.64,,1.4896,124906.8902,116678.6924
920454.BJ,20250417,5.2211,0.6,64.9775,4.7139,149977.7,90156.6114
605299.SH,20250417,5.4193,0.88,39.0974,2.7542,353178.0672,352577.4672
300663.SZ,20250417,2.9896,0.73,,5.5024,702352.0325,648242.4582
920627.BJ,20250417,9.1239,0.54,76.9579,5.6447,252842.65,125330.4475
301395.SZ,20250417,1.8594,1.04,37.5425,1.5138,234335.64,132868.89
002230.SZ,20250417,0.93,0.67,476.3728,6.1897,10206122.7451,9665069.7181
300984.SZ,20250417,3.4565,0.46,193.4086,5.0941,505490.2835,329276.3597
002387.SZ,20250417,1.3676,0.62,,2.0943,1162013.6994,1160516.349
603918.SH,20250417,6.4202,0.67,,5.4356,561879.6456,561428.4837
001229.SZ,20250417,2.9051,0.77,38.0601,3.1196,301000.0,88511.7861
002540.SZ,20250417,1.0088,0.7,14.598,1.4142,757168.3827,525891.2666
600186.SH,20250417,7.7604,0.5,56.4897,6.8107,1167895.3938,1163148.4971
300737.SZ,20250417,2.9031,1.61,,1.0728,525014.9666,419511.3295
600708.SH,20250417,2.5144,1.06,,0.6666,695334.6638,694286.6646
003012.SZ,20250417,2.3386,1.44,18.1682,0.9708,726584.1672,718987.7662
002941.SZ,20250417,1.7028,0.46,23.0668,2.1007,692708.3958,692708.3958
000063.SZ,20250417,1.2404,0.46,17.7151,2.1365,14924628.8474,12565405.9752
600918.SH,20250417,0.5414,0.66,44.9809,1.1177,4216018.5824,2403549.9405
600520.SH,20250417,2.7215,0.46,176.8389,12.3865,463883.04,463883.04
600483.SH,20250417,1.2821,0.62,9.5649,1.0616,2671712.4258,2671712.4258
688480.SH,20250417,0.8079,0.47,15.9867,2.828,305711.0561,204754.6961
920701.BJ,20250417,4.8302,0.71,18.0932,3.8628,311150.0,227255.705
301533.SZ,20250417,9.5406,0.43,39.6907,2.7715,309764.4117,89604.0417
600528.SH,20250417,0.7239,0.5,9.8275,0.7211,1739474.8934,1739474.8934
600903.SH,20250417,3.3398,0.4,270.6175,2.6518,810755.843,810755.843
301298.SZ,20250417,4.3842,0.64,32.5993,2.2342,203905.2,133773.4441
605056.SH,20250417,2.0434,1.18,39.0895,3.3325,517883.4569,513221.6289
001337.SZ,20250417,25.5267,1.01,42.4924,7.2304,1054620.0,724313.016
300284.SZ,20250417,1.7772,0.67,48.1203,1.2844,1079717.7468,1021252.7698
603677.SH,20250417,21.7767,1.23,56.7702,3.3159,382890.5196,382890.5196
002567.SZ,20250417,3.8146,0.46,,1.2607,736588.416,735798.3877
601618.SH,20250417,0.8453,0.69,9.0931,0.5988,6134191.2743,5284375.2743
002203.SZ,20250417,0.4551,0.73,16.9279,1.2613,1738538.4035,1677525.5619
300398.SZ,20250417,19.3415,1.09,97.621,2.7511,1054355.6771,1048197.3174
301020.SZ,20250417,2.6786,0.61,32.4083,2.8379,265423.2,265423.2
002331.SZ,20250417,1.6651,0.86,,1.7559,301205.6783,280258.4689
688318.SH,20250417,2.4104,0.69,81.0941,6.8232,2464784.033,2464784.033
603869.SH,20250417,0.2603,0.35,,0.7736,289583.2916,289583.2916
301183.SZ,20250417,2.5161,0.58,152.947,3.998,335360.0,193200.896
600177.SH,20250417,0.5908,0.54,11.3142,0.9244,3680259.754,3680259.754
002160.SZ,20250417,2.3344,0.8,52.9738,1.017,374899.5636,288051.4982
301439.SZ,20250417,2.4035,0.64,26.6928,1.8521,522952.8313,246283.8659
002817.SZ,20250417,2.0778,0.81,38.6827,2.079,190525.5343,184755.0309
603876.SH,20250417,1.2055,0.58,25.4123,1.0902,740111.1433,738767.4343
603611.SH,20250417,4.6258,1.01,9.2053,1.4849,424783.7044,424783.7044
688053.SH,20250417,1.3979,0.39,,1.6868,271200.0,117358.5456
601229.SH,20250417,0.5672,1.02,6.3255,0.6372,14902834.6454,14902834.6454
603160.SH,20250417,1.1822,0.61,53.548,3.7047,3232688.8217,3232688.8217
301217.SZ,20250417,1.2178,0.56,,1.4674,797512.9533,220312.9533
300419.SZ,20250417,1.983,0.55,,4.1371,188657.684,188657.684
301073.SZ,20250417,80.7067,1.83,219.2703,5.638,545240.733,240708.1575
603991.SH,20250417,2.5198,0.61,,15.5666,351507.0506,351507.0506
000803.SZ,20250417,2.7741,1.04,,1.7846,250565.7804,244062.5661
688105.SH,20250417,1.5511,0.9,,2.5775,989563.5455,989563.5455
601868.SH,20250417,1.432,0.78,11.222,0.8805,9422202.9817,7328892.4457
600779.SH,20250417,2.4077,1.03,16.8434,4.6458,2309790.1521,2309790.1521
601456.SH,20250417,1.3025,0.84,137.7913,1.0942,5476091.465,2303124.374
002664.SZ,20250417,3.3751,0.47,37.9108,1.7659,610221.6848,601797.0646
603301.SH,20250417,0.9986,0.68,26.5753,0.9776,545692.0617,545692.0617
300377.SZ,20250417,4.5966,0.57,366.3272,5.5555,1647700.7575,1467215.0751
000517.SZ,20250417,4.2992,1.4,,0.7528,592209.5822,463509.4734
002546.SZ,20250417,2.4861,0.66,13.5424,1.0895,361143.2586,346933.4976
300899.SZ,20250417,2.3629,0.56,88.41,2.0628,133179.877,85474.5058
600497.SH,20250417,1.1817,0.69,19.9291,1.5802,2576193.5334,2576193.5334
002917.SZ,20250417,4.2372,0.43,35.4306,2.8054,440774.8018,330371.3529
002641.SZ,20250417,2.3383,1.1,22.4837,0.9624,522364.8952,481947.7275
600127.SH,20250417,7.0339,0.41,2015.6778,6.731,449248.2526,449248.2526
601011.SH,20250417,0.9869,0.46,,0.7573,448265.5021,448265.5021
300129.SZ,20250417,0.9809,0.55,28.6087,1.3369,588051.6169,395316.0272
600185.SH,20250417,4.6522,0.42,,2.6593,1230908.7841,1230908.7841
600738.SH,20250417,26.5331,1.28,37.3465,2.1295,418734.3798,418366.4078
603999.SH,20250417,17.6152,1.14,57.2697,1.7961,356544.0,356544.0
603567.SH,20250417,0.9784,0.59,15.1386,1.2758,989138.7801,987457.0907
301188.SZ,20250417,1.3473,0.46,48.4018,2.764,400512.3752,400512.3752
603939.SH,20250417,1.3517,0.8,22.8109,3.572,3474786.5316,3474149.265
300441.SZ,20250417,3.7253,0.72,6.6666,2.2174,554842.0623,539811.9022
301349.SZ,20250417,2.4365,0.92,,1.2209,329766.0,136236.2049
603331.SH,20250417,2.093,0.68,39.9797,1.3712,173668.8713,173668.8713
301248.SZ,20250417,6.1166,0.7,,1.9522,286198.71,189554.6258
002565.SZ,20250417,2.5698,0.87,55.1033,1.6854,323296.6212,323286.3275
603345.SH,20250417,2.1411,1.09,17.0988,1.9202,2399733.4062,2399733.4062
601699.SH,20250417,0.7218,0.59,10.022,0.7371,3458069.0352,3458069.0352
002750.SZ,20250417,3.2759,0.65,,1.0121,50863.5,50639.4975
300667.SZ,20250417,3.3052,0.58,171.067,2.3119,294675.8962,248613.6413
688787.SH,20250417,4.2098,0.78,454.5232,6.8544,509747.771,509747.771
300755.SZ,20250417,3.1154,0.98,39.3586,2.0641,677297.4,676742.8444
600163.SH,20250417,2.0512,0.88,14.3227,1.5402,1006684.9596,1006684.9596
301063.SZ,20250417,6.3832,0.49,126.9587,1.5822,241803.7975,197518.0011
688757.SH,20250417,12.455,0.63,119.7794,10.7736,972383.9927,78537.6789
688531.SH,20250417,2.7002,0.73,50.7993,2.2198,716797.6316,463677.3173
300318.SZ,20250417,15.4772,1.23,,3.9576,551407.8341,539014.1517
300610.SZ,20250417,9.209,1.81,26.395,1.8627,214792.972,161076.3344
603915.SH,20250417,3.6691,0.5,28.3926,2.73,958973.6657,955400.2584
300510.SZ,20250417,2.6929,0.77,,1.1993,314207.1567,314207.1567
301226.SZ,20250417,3.5044,0.59,128.5395,2.9084,261337.6,261337.6
600337.SH,20250417,5.2244,0.65,,0.8338,261533.6609,261533.6609
920179.BJ,20250417,22.6974,0.65,82.1122,4.0336,293550.0,231946.6538
688580.SH,20250417,11.5239,0.92,39.6085,2.4369,396110.0472,396110.0472
300849.SZ,20250417,4.641,0.61,,3.6688,228300.0,184874.331
002633.SZ,20250417,4.0992,0.55,,3.8354,160950.0,160189.5113
301607.SZ,20250417,4.6952,0.61,54.1166,4.5888,451385.2457,95919.3674
300543.SZ,20250417,3.7884,0.65,80.1083,2.1362,299937.536,244237.6227
920992.BJ,20250417,18.2655,0.73,104.662,3.0945,189302.4378,54596.7324
002309.SZ,20250417,0.9147,0.92,,,781993.0001,316061.6685
688309.SH,20250417,1.2749,1.07,67.23,1.5635,115295.4663,115295.4663
002800.SZ,20250417,21.5011,0.6,,3.3869,178897.3537,166443.5675
300359.SZ,20250417,3.7227,0.92,,5.1598,339466.7142,339449.7096
002452.SZ,20250417,1.0216,0.48,22.6113,1.8419,429890.1349,357522.0195
688088.SH,20250417,3.0547,0.93,89.1748,6.1946,1713799.9488,1713799.9488
002853.SZ,20250417,1.8993,0.57,79.5843,1.9608,259294.4197,183940.9449
002044.SZ,20250417,2.1717,0.79,73.5038,2.622,2074554.5792,2052397.8216
000151.SZ,20250417,1.6083,0.63,,8.6254,459836.3023,419714.9893
603159.SH,20250417,2.5424,0.76,61.6597,3.5951,181160.0,181160.0
600812.SH,20250417,1.4101,0.47,79.5768,1.8751,1010565.1879,1010565.1879
688561.SH,20250417,1.7839,0.91,,2.3121,2034276.7873,2034276.7873
600955.SH,20250417,2.1498,3.12,141.8044,0.9333,802450.0,802450.0
002712.SZ,20250417,8.463,1.3,,1.9758,278669.4134,276943.8966
603566.SH,20250417,2.2286,0.42,43.9392,1.6926,446766.3944,446766.3944
920208.BJ,20250417,4.9561,1.22,19.764,3.6902,362094.3051,227877.754
000061.SZ,20250417,2.6528,0.41,24.2846,1.8305,1142056.8602,1142035.913
605507.SH,20250417,1.718,0.63,13.1889,1.2747,1052264.6505,568142.8762
002082.SZ,20250417,1.178,0.51,34.3215,1.3124,349662.6942,316531.1078
601108.SH,20250417,0.606,0.58,15.3742,0.9777,3417807.3622,3417807.3622
920519.BJ,20250417,4.0734,0.59,37.8724,2.3026,117017.3743,82585.5981
301229.SZ,20250417,6.3003,1.23,38.8665,2.8096,260246.714,175407.414
301378.SZ,20250417,4.5967,0.84,146.7807,1.7379,235897.2,107111.2702
920981.BJ,20250417,14.7617,0.69,457.5459,5.572,284537.428,138829.0886
601100.SH,20250417,1.8862,0.55,36.2079,6.0953,9184623.7952,9184623.7952
688075.SH,20250417,0.1573,0.38,22.9975,0.8875,462454.3274,462454.3274
600478.SH,20250417,1.4745,0.49,,2.8894,781138.6896,781138.6896
688600.SH,20250417,7.316,0.79,149.4712,3.4412,273997.0687,273997.0687
301336.SZ,20250417,8.9613,1.16,109.4374,3.2178,258200.0,166194.4579
301285.SZ,20250417,2.9112,0.57,156.7809,5.3334,566482.47,215743.5837
603266.SH,20250417,17.508,0.82,35.8509,2.6096,384249.201,384249.201
603076.SH,20250417,5.0029,1.2,120.8192,2.1057,280027.1181,280027.1181
300880.SZ,20250417,4.755,0.98,20.6504,4.3359,454084.4506,454019.8763
300175.SZ,20250417,2.5739,0.82,,4.0351,228338.0,228338.0
301281.SZ,20250417,6.0147,1.69,55.2658,2.4586,334074.65,212408.42
300508.SZ,20250417,3.0409,0.68,32.8734,4.0568,313691.9587,237000.1563
002058.SZ,20250417,7.4043,0.78,,10.7855,143161.4353,142749.0268
688303.SH,20250417,1.5167,1.07,,0.9856,3957904.5608,1019742.0608
600262.SH,20250417,1.7757,0.81,18.0142,1.8162,282200.0,282200.0
002375.SZ,20250417,1.415,0.84,18.9031,0.6036,481058.7428,476318.9376
000799.SZ,20250417,1.6324,0.66,116.5611,3.6496,1463805.0549,1463805.0549
300333.SZ,20250417,3.9386,0.54,,5.8011,366240.0,364910.273
301230.SZ,20250417,4.1256,0.38,531.0419,3.5696,367950.2908,202603.764
002386.SZ,20250417,0.9948,0.88,,0.683,534976.947,534884.3873
000565.SZ,20250417,2.853,1.57,,1.7662,220698.44,220698.44
605138.SH,20250417,3.5503,0.65,233.0387,1.6007,386671.4415,386671.4415
605365.SH,20250417,1.9563,0.68,19.1238,1.7849,653118.7517,653118.7517
002434.SZ,20250417,2.3406,0.64,36.7768,1.5117,870253.8,869419.1162
000523.SZ,20250417,3.6553,1.07,12.4145,3.3146,636907.556,459830.5734
002530.SZ,20250417,3.1016,0.59,,5.3892,694265.5739,619354.8906
688219.SH,20250417,1.858,0.57,26.5292,2.3753,515014.9959,515014.9959
688575.SH,20250417,1.0833,0.72,28.212,3.0808,851076.7856,851076.7856
688186.SH,20250417,2.0998,0.48,43.5832,1.54,518894.6883,518894.6883
603226.SH,20250417,5.8053,0.54,,2.3233,222893.3398,222893.3398
300986.SZ,20250417,5.9729,0.88,332.1807,2.9523,455196.1729,454683.5598
603312.SH,20250417,2.7653,0.7,27.239,3.6899,620544.0,201676.8
000430.SZ,20250417,0.1439,0.01,,13.3536,345309.4862,282973.1964
601238.SH,20250417,1.379,1.16,100.289,0.723,8259623.379,5980795.052
301613.SZ,20250417,9.2907,0.65,33.0096,4.251,636737.2556,150971.2365
600929.SH,20250417,1.2905,0.61,57.2855,1.0776,825277.96,823265.3302
300008.SZ,20250417,9.0524,0.61,108.4454,4.7647,964240.2562,919098.5796
600028.SH,20250417,0.7077,0.73,13.8124,0.8476,69494331.415,54344365.6396
002348.SZ,20250417,2.331,0.55,,6.3056,302156.8,283583.6148
300331.SZ,20250417,3.4709,0.72,,2.8292,469209.7508,362951.8769
603389.SH,20250417,12.3982,0.87,,5.6402,182349.888,182349.888
002825.SZ,20250417,5.5485,0.8,20.918,2.0995,314666.3819,239666.5246
605018.SH,20250417,3.0008,0.65,32.7911,1.7253,466042.3093,464895.0693
002132.SZ,20250417,4.9401,0.53,214.4757,1.2275,437281.9458,436638.4327
688020.SH,20250417,1.5184,1.06,,1.7401,239175.5701,239175.5701
300659.SZ,20250417,3.609,1.07,,2.5996,351008.9255,256568.5187
600118.SH,20250417,1.2847,0.5,1112.4228,4.8971,3105216.4685,3105216.4685
300036.SZ,20250417,1.579,0.73,157.3009,2.3665,676075.7985,599875.385
000837.SZ,20250417,7.9069,0.56,209.0434,2.34,1124283.8861,1124262.1241
688699.SH,20250417,6.0802,1.47,545.5896,3.1553,390729.472,390729.472
300413.SZ,20250417,1.1715,0.68,16.3625,2.3449,5292269.1856,2890389.1812
920855.BJ,20250417,11.448,0.49,41.4035,2.8032,155594.7993,139648.9237
002324.SZ,20250417,2.6186,0.93,77.4736,2.498,1093504.4188,762302.9947
300004.SZ,20250417,14.3442,1.47,268.6167,2.0731,357595.2305,357595.2305
603977.SH,20250417,2.3888,0.54,27.6922,2.5279,823766.6639,823766.6639
600801.SH,20250417,1.5948,0.87,11.7962,0.941,2850303.0348,1843001.9148
603335.SH,20250417,10.2357,1.71,,5.1217,174254.8522,174254.8522
603759.SH,20250417,2.0115,0.71,12.1036,1.3449,368946.24,368946.24
002004.SZ,20250417,1.0325,0.78,31.3069,0.7717,780088.1613,741598.2276
301355.SZ,20250417,4.8003,0.72,38.8968,1.3636,209340.0767,107574.0742
300244.SZ,20250417,2.9442,0.83,,1.2212,861846.6422,691512.0451
920786.BJ,20250417,40.3685,0.75,,3.5325,269678.37,141269.1513
300896.SZ,20250417,0.9992,0.48,28.3487,7.1175,5549538.3987,3825569.4121
300687.SZ,20250417,9.7942,1.1,52.2655,4.2814,1153024.5507,930041.4951
603203.SH,20250417,0.8774,0.43,27.9196,4.0417,552123.7527,552123.7527
600850.SH,20250417,1.4064,0.59,29.1612,3.3085,1605500.4139,1435808.8087
603703.SH,20250417,1.5754,0.65,1958.7543,4.7918,409587.3524,409587.3524
605151.SH,20250417,2.3411,0.4,27.0832,1.6071,216442.72,215286.7552
300281.SZ,20250417,23.878,1.04,410.4424,2.3135,291989.7353,276936.1607
300677.SZ,20250417,1.417,0.75,18.8281,0.8378,1392546.9839,1010935.3601
300058.SZ,20250417,3.739,0.76,,2.5724,2046711.0245,1984172.6928
002032.SZ,20250417,1.2465,1.0,20.3621,7.1137,4570154.5573,4564665.4939
002614.SZ,20250417,2.3776,0.7,64.1386,0.8687,379073.8652,268136.4567
002816.SZ,20250417,4.9974,0.59,,5.1955,116000.0,116000.0
000713.SZ,20250417,9.2116,0.42,69.2772,2.4068,483843.8042,483843.8042
600420.SH,20250417,1.3293,0.57,12.5129,1.0269,1355925.5916,1355925.5916
301286.SZ,20250417,2.6778,1.23,56.9791,5.8439,1012253.0,100337.27
600423.SH,20250417,3.2809,0.92,82.0525,4.4891,247595.4581,247595.4581
600491.SH,20250417,1.0975,0.69,,0.5498,575188.9911,575188.9911
300746.SZ,20250417,3.8117,1.1,,2.0335,240411.3193,236306.6932
688282.SH,20250417,2.7841,1.41,,3.1586,404360.0,167809.4
601133.SH,20250417,1.8473,0.66,25.2196,2.015,562074.5744,157235.0
301033.SZ,20250417,5.0753,0.68,54.79,5.5602,373972.2411,315161.2018
002278.SZ,20250417,14.9043,0.68,77.6184,2.2926,255464.5729,234612.9777
301128.SZ,20250417,6.5753,0.54,49.1388,5.4531,465485.7186,180307.1403
300869.SZ,20250417,1.5053,0.58,,2.6761,509486.1748,321261.7404
601633.SH,20250417,1.2371,0.65,15.7066,2.5329,19935125.7738,14425534.0599
603922.SH,20250417,2.7276,0.81,96.7841,3.7638,381875.2,381875.2
600789.SH,20250417,9.1419,0.51,22.1812,2.234,875304.2216,875304.2216
688351.SH,20250417,2.3057,0.69,175.875,5.2579,915787.6,242977.3284
301099.SZ,20250417,31.1691,1.31,55.005,4.4736,650702.2587,401281.6587
300132.SZ,20250417,4.3516,1.49,104.7544,2.244,286185.8108,281477.0313
605166.SH,20250417,2.7373,0.54,11.0252,1.7585,331091.9056,331091.9056
600326.SH,20250417,1.7633,0.38,,2.2576,862819.797,862265.0122
001373.SZ,20250417,3.6993,0.59,131.7542,2.0615,184699.0418,89091.2273
920029.BJ,20250417,25.1597,0.87,24.319,4.4422,1432373.3369,340188.6738
301337.SZ,20250417,2.4826,0.68,11816.6736,2.4276,268836.0,100165.2105
300390.SZ,20250417,1.0208,0.64,20.7144,1.3216,1575934.2448,1275391.8367
301100.SZ,20250417,2.2314,0.98,,1.4438,298000.0,74500.0
300706.SZ,20250417,3.1561,0.67,378.126,4.1642,316119.7434,234302.1992
300069.SZ,20250417,5.659,0.92,80.5083,7.5125,194688.0,194688.0
600730.SH,20250417,3.0606,0.94,76.1676,2.0566,372526.5613,372526.5613
301520.SZ,20250417,3.0318,0.75,23.3565,1.7075,253600.0013,85297.0616
300604.SZ,20250417,2.4421,0.58,63.5757,7.6564,2550864.8453,1966866.2613
920675.BJ,20250417,8.139,0.4,40.3605,3.3857,204702.996,93394.6064
301127.SZ,20250417,1.5528,0.56,29.0866,3.0879,969290.5831,650523.7465
601298.SH,20250417,1.6083,0.41,11.0109,1.3566,5764096.8,4788162.6
601117.SH,20250417,0.979,0.82,7.7943,0.7142,4318868.8309,4291193.5987
688209.SH,20250417,3.478,0.9,65.9222,4.1185,818557.6383,569957.2433
000722.SZ,20250417,16.5496,0.74,80.2327,1.7523,543993.5065,543993.5065
300710.SZ,20250417,6.0453,2.15,157.4812,2.5411,170824.8451,153045.1178
600734.SH,20250417,3.4114,0.67,,22.1699,838646.6958,834844.827
301618.SZ,20250417,32.6272,4.59,70.1221,6.0282,556051.8971,139013.19
603607.SH,20250417,18.7104,2.08,30.3456,3.2591,323293.9248,323293.9248
300144.SZ,20250417,8.8104,1.64,241.9323,3.323,2680369.1897,2407542.2794
000402.SZ,20250417,3.4107,1.79,,0.2473,824944.6543,824751.453
605162.SH,20250417,5.2934,0.97,19.515,2.451,299598.4858,299598.4858
301322.SZ,20250417,2.5087,0.91,18.7713,1.2413,338052.853,220702.7871
603392.SH,20250417,1.1177,0.85,826.4618,7.1598,8779952.0516,8779952.0516
600362.SH,20250417,2.6137,0.79,10.4595,0.9343,7282119.9387,4364245.2927
603041.SH,20250417,3.332,2.07,19.1062,1.3718,205858.0058,205858.0058
002835.SZ,20250417,3.3042,0.6,17.1455,3.1576,357555.6136,207345.4356
920770.BJ,20250417,3.9433,0.44,57.0803,3.5662,209642.9339,131930.9118
688080.SH,20250417,2.5626,0.74,22.9763,2.8196,293339.5164,293339.5164
002879.SZ,20250417,1.7224,0.65,38.1396,1.6934,284833.769,203378.9074
920267.BJ,20250417,7.5882,0.45,63.6498,5.0452,136353.463,78364.3534
920057.BJ,20250417,3.5116,0.55,,1.727,122171.4622,77769.8802
300399.SZ,20250417,4.4263,0.73,98.8,7.0954,360224.8,360189.6617
688201.SH,20250417,2.3315,0.55,,2.0637,265774.8978,253520.771
603387.SH,20250417,1.0627,0.69,15.877,1.5471,401665.5855,401665.5855
300767.SZ,20250417,3.9651,0.78,,1.5702,262200.1856,227472.9218
300758.SZ,20250417,29.9023,1.57,47.5728,3.7622,642759.0975,559823.239
000528.SZ,20250417,1.2567,0.62,16.6312,1.2622,2207028.5156,2206152.7067
300133.SZ,20250417,3.5369,0.56,57.9333,1.8105,1281323.6745,1094469.5255
600348.SH,20250417,0.8459,0.49,8.626,0.8541,2352090.0,2352090.0
002471.SZ,20250417,12.5842,0.84,,2.5443,436711.0,416293.9674
300193.SZ,20250417,2.6982,0.52,17.4221,1.9882,444732.399,393761.8081
300783.SZ,20250417,12.7463,0.95,31.5992,4.5577,1288413.0,898341.948
300700.SZ,20250417,9.8693,0.47,,3.0838,355253.2826,242674.7558
600873.SH,20250417,0.8574,0.57,11.2428,2.1139,3081011.85,3081011.85
002932.SZ,20250417,0.6048,0.55,377.687,0.6784,399005.9622,267842.1363
002597.SZ,20250417,1.3064,0.61,24.7985,1.8269,1363380.3866,1356178.8592
920751.BJ,20250417,7.5798,0.92,35.8486,3.7235,141972.08,135897.8165
601869.SH,20250417,2.9008,0.86,33.5848,1.952,2269925.7985,1216983.2504
600777.SH,20250417,2.3155,0.99,8.1647,0.898,1938141.3101,1814353.4314
600759.SH,20250417,1.7291,0.54,6.4372,1.066,879589.9674,878461.3854
603059.SH,20250417,4.968,1.17,28.5158,1.9188,214357.5258,214357.5258
600096.SH,20250417,1.4586,0.57,7.5947,1.8115,4050197.8734,4050197.8734
601811.SH,20250417,5.379,0.78,12.2437,1.295,1891478.253,1213988.6787
600355.SH,20250417,6.3012,0.6,,10.8437,157468.544,157468.544
300534.SZ,20250417,11.1429,0.64,109.4434,4.2642,282414.195,281199.8107
300525.SZ,20250417,4.7712,1.56,32.6119,4.7902,1120118.8075,914362.6022
300763.SZ,20250417,3.9719,0.7,28.3713,2.3711,1976700.3053,1591470.0698
000088.SZ,20250417,1.2255,0.46,17.9354,1.3505,2412560.2725,1043598.8595
300548.SZ,20250417,5.709,0.78,128.9204,5.3036,929129.3436,858377.3436
001336.SZ,20250417,14.2037,1.29,44.7968,1.9179,148690.975,52830.931
688597.SH,20250417,1.9604,0.69,23.3509,3.2385,259950.656,259950.656
301489.SZ,20250417,3.2168,0.45,62.898,3.1905,329937.2305,194482.6655
600035.SH,20250417,1.1865,0.63,8.7088,0.7934,687519.4897,687519.4897
300293.SZ,20250417,7.4126,1.18,,7.8314,720873.1658,597115.5032
002336.SZ,20250417,1.8489,0.49,,,199760.0,199760.0
002970.SZ,20250417,3.6357,0.65,32.7272,4.9975,788367.1439,516471.6672
600183.SH,20250417,2.1868,0.65,31.2845,3.6495,5439338.2267,5309427.7568
688216.SH,20250417,2.2976,0.66,,2.8884,188296.743,186822.66
600470.SH,20250417,6.6054,0.81,113.1236,1.5544,284793.6,284793.6
301368.SZ,20250417,5.1998,0.55,746.7233,7.8875,769600.8,410890.1875
600847.SH,20250417,1.4388,0.64,,2.1013,134126.475,134126.475
300414.SZ,20250417,4.5231,1.29,,2.363,230821.7819,221986.1996
000415.SZ,20250417,1.2502,0.48,19.6358,0.564,1774957.6079,1547778.2954
000429.SZ,20250417,1.5185,0.87,18.8051,2.8062,2937582.607,1831177.2534
601952.SH,20250417,3.5399,0.36,19.7478,2.0964,1438632.0,1438632.0
300192.SZ,20250417,7.6661,0.82,34.0259,6.4139,494044.1368,315466.4173
300693.SZ,20250417,4.7675,0.77,21.547,5.0088,924311.657,790444.7493
301292.SZ,20250417,7.966,3.9,,1.0444,303225.0539,115848.2601
688110.SH,20250417,4.6586,1.13,,4.1679,1334267.5199,1334267.5199
002005.SZ,20250417,0.7834,0.95,,9.8645,317188.8993,317188.8993
002151.SZ,20250417,1.2863,0.42,,2.701,1378573.132,1121337.244
300393.SZ,20250417,0.9721,0.55,,1.3846,549172.1884,480850.5174
300675.SZ,20250417,3.495,1.08,825.1241,3.2743,198146.7117,198146.7117
002859.SZ,20250417,2.6324,0.91,36.0637,2.5679,729104.3679,686251.4849
000557.SZ,20250417,0.8349,0.39,29.2775,1.2602,770021.8601,769779.7525
688500.SH,20250417,1.9711,0.8,,2.7044,199872.7064,199872.7064
002255.SZ,20250417,19.0035,1.11,19.58,1.7816,738653.2579,567157.324
002059.SZ,20250417,8.2132,1.21,,4.026,572025.6693,572025.6693
301006.SZ,20250417,1.3183,0.78,26.6093,1.5009,182596.08,112858.8771
002793.SZ,20250417,7.9852,1.56,,3.3848,468750.6375,468039.6849
688025.SH,20250417,3.859,0.79,31.7345,2.0694,421068.9439,421068.9439
920252.BJ,20250417,6.2393,0.51,231.9897,6.4279,167628.5359,111421.6133
002830.SZ,20250417,5.6316,1.08,41.0253,2.5541,165074.92,82763.395
601515.SH,20250417,2.0527,0.6,,1.1308,622308.0804,622308.0804
002696.SZ,20250417,12.5158,0.81,,1.3406,183571.9989,177801.7224
000807.SZ,20250417,2.0326,0.8,11.1153,1.7315,4903691.7707,4903638.033
603135.SH,20250417,1.3675,0.6,147.2347,1.8972,562807.0435,225875.4975
600438.SH,20250417,0.8979,0.6,,1.5687,7774929.3367,7774929.3367
603012.SH,20250417,1.3597,0.68,11.5686,0.9265,341497.8,339412.5
002488.SZ,20250417,1.4526,0.97,183.8101,2.9034,1221403.7328,1120434.5028
002345.SZ,20250417,6.149,1.05,22.9046,2.1119,770340.517,751757.8095
300087.SZ,20250417,5.5937,0.37,53.538,5.4453,957752.4003,905760.0248
688620.SH,20250417,4.9868,0.91,,3.3052,476280.0,277504.2018
688683.SH,20250417,1.1597,0.88,93.1702,3.2761,327890.964,327890.964
600283.SH,20250417,3.2383,0.64,25.7428,1.8095,554094.9992,488263.7323
600063.SH,20250417,1.3923,0.63,24.8763,1.0966,919718.1661,841615.9804
002961.SZ,20250417,6.575,0.78,18.9597,2.3892,636400.9395,636400.9395
002670.SZ,20250417,2.9023,0.62,4205.3337,2.0927,2302750.7371,1931787.2545
920146.BJ,20250417,7.3845,0.72,,4.9953,110287.1919,81322.1375
688076.SH,20250417,1.6734,0.58,26.3536,4.0704,1056043.3517,1056043.3517
300519.SZ,20250417,2.8698,0.66,47.8832,2.543,208000.0,148330.0
300468.SZ,20250417,20.1186,0.68,268.7553,6.1942,1003988.4283,1000586.5858
300123.SZ,20250417,1.8504,0.49,,2.345,563030.6018,551150.8737
920924.BJ,20250417,7.6616,0.67,109.1492,9.409,285602.3325,165971.5796
300188.SZ,20250417,1.1713,0.59,,3.1238,1095833.5703,1091011.7498
603118.SH,20250417,3.5153,0.65,,1.3194,666035.8395,666035.8395
300781.SZ,20250417,6.4173,0.8,,8.7464,553807.8725,408440.6757
002999.SZ,20250417,3.6002,0.38,39.9669,1.7108,205079.28,201893.0145
603021.SH,20250417,4.7482,0.76,,11.6799,122540.1108,122540.1108
000936.SZ,20250417,2.6509,0.65,51.5786,1.088,566162.2348,566082.0083
605287.SH,20250417,13.4276,4.28,20.4456,0.9438,179760.0,179760.0
002593.SZ,20250417,6.1194,0.86,69.4399,1.503,360932.255,256128.3722
688589.SH,20250417,3.7659,0.92,38.5501,3.324,325118.8193,325118.8193
000032.SZ,20250417,2.8937,0.5,51.9132,4.0522,2454578.0677,1390755.5403
600518.SH,20250417,1.0271,0.66,107.4189,3.8982,2745045.6046,2695359.7648
603036.SH,20250417,1.27,0.79,28.9107,2.0985,277490.1157,277490.1157
600178.SH,20250417,5.0952,0.87,848.4641,1.9102,486463.867,481869.8743
002474.SZ,20250417,3.2881,0.75,,2.6092,383275.2,326951.8221
300238.SZ,20250417,3.6417,0.51,182.2956,5.8621,320308.0868,320281.9711
601607.SH,20250417,0.8908,0.89,15.1673,0.9633,6904969.6884,5193504.3743
002458.SZ,20250417,2.3797,0.48,21.4113,2.4152,1078752.5921,730146.5779
600882.SH,20250417,6.9395,0.69,124.2045,3.2006,1411219.8511,1411219.8511
001283.SZ,20250417,3.331,0.49,43.7072,1.7578,398091.2451,280889.5255
000718.SZ,20250417,2.7922,1.64,38.5806,0.6771,637273.6406,479239.5556
002141.SZ,20250417,2.6147,1.01,,2.142,198323.6732,198323.6732
920174.BJ,20250417,4.7895,0.7,26.2412,3.6454,279207.0432,269103.9719
600500.SH,20250417,1.4948,1.32,,0.8783,1324165.2058,1323500.6959
000423.SZ,20250417,0.8333,0.6,26.1809,3.9537,4076373.2959,4076373.2959
300015.SZ,20250417,0.6375,0.63,32.8685,5.8468,11929251.5391,10143696.7823
300699.SZ,20250417,1.7436,0.85,31.3502,4.2136,2323628.84,2295933.322
600460.SH,20250417,2.1872,0.74,221.9431,3.3556,4047022.727,4047022.727
002389.SZ,20250417,2.9853,0.81,213.5371,2.3424,1882890.3474,1877607.978
688625.SH,20250417,10.1335,1.15,29.1562,5.8228,729416.2922,729416.2922
000650.SZ,20250417,0.8428,0.56,16.8286,1.2214,744767.1405,708297.2637
605058.SH,20250417,3.0852,0.51,20.7065,1.7034,292994.0975,292994.0975
300809.SZ,20250417,8.7426,0.51,123.1955,6.1477,982210.8608,546671.3901
002279.SZ,20250417,24.103,2.28,,4.2911,573261.0943,523589.2324
002957.SZ,20250417,2.4168,0.63,36.0034,1.9595,595115.1543,581005.9436
301067.SZ,20250417,3.7357,0.73,210.2485,2.8098,236769.66,155423.3715
000917.SZ,20250417,3.6543,0.58,66.0815,1.0026,1036233.6831,1036162.7944
600604.SH,20250417,2.1684,0.72,280.4043,1.3328,856100.2954,643206.8454
688267.SH,20250417,2.5804,1.45,30.058,1.6015,437857.0,230625.7901
301150.SZ,20250417,1.3228,0.62,,0.9136,323484.2528,165118.9184
600685.SH,20250417,3.7385,0.55,89.5097,1.8945,3376866.737,1962408.6474
600099.SH,20250417,2.4525,0.83,111.8912,3.9285,206191.92,206191.92
920819.BJ,20250417,2.9664,0.51,,0.9285,470707.2,463899.168
688466.SH,20250417,1.0482,0.73,27.3921,1.7945,195266.7737,195266.7737
603815.SH,20250417,1.9198,0.51,31.1927,1.9375,449957.9188,449957.9188
300443.SZ,20250417,1.5953,0.55,33.9169,0.9734,586166.4489,444519.2764
300108.SZ,20250417,23.525,1.73,,,30636.675,30163.0935
603938.SH,20250417,6.035,0.63,81.0496,2.1302,516925.6954,516925.6954
688208.SH,20250417,2.0745,0.43,24.0419,4.5786,1540905.7805,1540905.7805
300489.SZ,20250417,2.5241,0.46,93.325,9.4493,591442.4992,588943.4214
600000.SH,20250417,0.5358,1.04,6.9721,0.4827,31553592.4207,31553592.4207
301156.SZ,20250417,18.3003,0.46,68.6663,4.5384,308177.6536,140917.4638
601901.SH,20250417,0.6806,0.68,27.5598,1.2627,6083522.9309,6083522.9309
002026.SZ,20250417,2.3419,0.49,16.746,1.2389,438572.0856,421314.5066
688249.SH,20250417,1.1416,0.59,78.0809,1.993,4158718.1805,2439363.4045
002412.SZ,20250417,2.255,0.8,13.0684,1.4057,295378.4,292235.015
601777.SH,20250417,1.467,0.47,15470.058,3.5263,3684696.5579,3684696.5579
920699.BJ,20250417,19.0731,1.74,29.1086,7.7773,240217.2045,109908.4545
301360.SZ,20250417,2.844,0.69,44.295,2.0128,232082.34,120957.8
000333.SZ,20250417,0.4141,0.57,14.1092,2.5084,54373052.1733,48957064.859
605228.SH,20250417,3.0044,0.44,83.1382,2.6057,403124.6619,400304.8449
300511.SZ,20250417,6.731,0.34,,1.7348,266173.7396,227153.5829
301148.SZ,20250417,3.1031,0.94,41.3613,1.257,220528.9724,72859.8284
000610.SZ,20250417,20.5271,1.2,,8.0575,330500.0698,328763.9944
300497.SZ,20250417,1.2479,0.49,,1.8091,432303.7995,354973.8922
002570.SZ,20250417,56.932,1.24,112.6688,5.1066,787351.5898,787316.5978
600793.SH,20250417,15.4371,0.93,,7.0133,315773.6436,315773.6436
920580.BJ,20250417,5.1849,0.66,114.9382,3.3088,109220.0,70997.5225
002229.SZ,20250417,2.8734,0.64,,3.5418,526459.1688,523247.3234
000619.SZ,20250417,3.4589,0.98,,0.951,246172.2077,200880.0
002790.SZ,20250417,2.3982,1.12,15.6821,1.3806,295435.7161,184304.5163
300097.SZ,20250417,1.809,0.54,,1.9072,121767.9603,113944.1981
601918.SH,20250417,0.9614,0.56,7.5023,1.154,1795245.4674,1795245.4674
002985.SZ,20250417,8.1189,3.91,,3.4045,865806.0424,540804.9892
002538.SZ,20250417,1.4509,0.45,20.531,0.9629,499330.1214,499330.1214
603053.SH,20250417,1.952,1.04,17.5534,1.8235,851556.62,851556.62
603679.SH,20250417,3.3624,1.03,,2.1923,184660.6248,184660.6248
600619.SH,20250417,6.2961,0.7,83.2988,1.9328,1179605.5022,867303.103
300679.SZ,20250417,4.8109,2.75,35.63,4.2481,2021453.019,1706482.3729
603757.SH,20250417,1.9463,0.66,14.2886,2.334,328505.3286,328505.3286
603516.SH,20250417,4.4966,0.64,135.7174,5.721,779109.2669,779109.2669
600771.SH,20250417,1.0823,0.97,121.7882,5.4006,846330.1828,846330.1828
000962.SZ,20250417,2.3116,0.59,33.8424,2.7832,721599.6464,708286.848
002920.SZ,20250417,1.3877,0.85,27.2288,6.0812,5459036.2739,5441196.9826
600230.SH,20250417,1.6547,1.36,1313.77,1.0186,405267.8337,405267.8337
301552.SZ,20250417,5.3903,0.89,20.3262,2.8832,319668.0,68086.1531
688528.SH,20250417,1.3643,0.99,,2.6176,142968.0,142968.0
605028.SH,20250417,3.0183,0.76,14.8796,1.8579,255520.0,255520.0
600237.SH,20250417,2.4309,0.9,42.5588,2.2355,407438.1141,401602.7961
002465.SZ,20250417,0.9154,0.59,491.8285,2.0731,2613371.1472,2560613.2284
300732.SZ,20250417,4.1018,1.27,,0.7738,197508.0591,197239.6588
002428.SZ,20250417,2.4494,0.56,229.2877,8.3637,1217415.68,1217258.405
600007.SH,20250417,1.3158,0.93,18.2244,2.3833,2300633.3077,2300633.3077
688701.SH,20250417,3.048,1.03,,4.0352,79895.0363,79895.0363
000756.SZ,20250417,1.8631,0.41,20.4868,1.9084,962928.0429,687702.9979
688118.SH,20250417,3.2022,0.88,324.9647,2.6373,212741.4093,212741.4093
300068.SZ,20250417,3.3935,0.53,,2.3986,1305749.9535,1243447.4058
920491.BJ,20250417,4.3797,0.64,45.0874,3.9281,395215.3744,319513.5356
603829.SH,20250417,3.3058,0.48,19.1618,2.2001,220800.0,220800.0
002646.SZ,20250417,1.469,0.87,106.0885,1.5364,435248.6855,430132.8745
003025.SZ,20250417,3.0752,0.49,19.8704,3.2024,367719.8576,308855.9864
300552.SZ,20250417,2.8745,0.71,,2.7699,529635.7833,331489.6216
300801.SZ,20250417,2.9271,1.05,28.4769,1.418,343371.96,215174.4561
601369.SH,20250417,3.9383,2.82,14.5209,1.7012,1513350.3519,1483329.0633
002518.SZ,20250417,3.1736,0.64,24.8254,2.9202,1267504.0296,1230435.8588
600597.SH,20250417,3.5033,0.85,15.7409,1.3704,1197893.7,1197877.7104
603515.SH,20250417,1.5523,0.89,12.8418,1.7557,1138587.5421,1123124.7933
603105.SH,20250417,1.5502,0.73,18.8258,2.0359,415005.346,415005.346
603132.SH,20250417,1.1134,0.68,22.5551,3.2992,1075800.0,1075800.0
300720.SZ,20250417,2.1713,0.47,79.1453,6.1433,354481.7287,315236.4308
600006.SH,20250417,3.3949,0.73,291.1033,1.721,1400000.0,1400000.0
603520.SH,20250417,1.6868,0.74,260.0713,1.3548,361249.7419,361249.7419
300703.SZ,20250417,25.8326,1.19,38.7577,3.2137,270407.3682,254322.7129
002983.SZ,20250417,2.4245,0.86,34.2556,2.7941,362979.484,208336.8906
002668.SZ,20250417,1.8415,0.58,10.6045,4.4729,1080859.0937,1080859.0937
920694.BJ,20250417,10.9422,1.09,22.8005,2.9076,239010.9489,112434.7242
600960.SH,20250417,1.7969,0.52,,0.685,310818.5744,310818.5744
601099.SH,20250417,1.4337,0.72,179.6502,2.5383,2440241.2605,2440241.2605
600526.SH,20250417,1.1766,0.79,15.7745,0.9483,405704.6318,324501.4893
300938.SZ,20250417,6.4142,0.69,27.3697,3.9395,482007.5757,320423.2911
002968.SZ,20250417,6.5658,2.26,14.9148,1.7432,210212.0604,198233.7434
300793.SZ,20250417,3.4642,0.6,112.1559,1.8413,556706.9265,544332.141
002378.SZ,20250417,1.7929,0.6,42.5248,3.5318,754490.2942,750516.2588
600488.SH,20250417,1.2324,0.65,31.9914,1.3964,426927.6919,426927.6919
001268.SZ,20250417,5.8777,0.63,32.1337,2.1322,212089.0013,72949.8567
601198.SH,20250417,1.2467,0.56,21.3916,1.1652,3303559.3214,3303559.3214
600276.SH,20250417,0.7816,0.61,49.107,6.8359,31116773.0926,31116773.0926
605333.SH,20250417,2.2041,0.48,25.5761,6.7224,1317753.4364,1317753.4364
002035.SZ,20250417,1.7498,0.7,11.266,1.4966,553517.8126,509681.5464
605081.SH,20250417,5.6363,0.42,,0.9521,121174.367,121174.367
301317.SZ,20250417,2.5572,0.47,49.7821,2.9862,306992.07,87494.4
301306.SZ,20250417,5.4056,0.83,,2.6885,292361.6,136065.92
688348.SH,20250417,1.5375,0.55,44.8727,1.7645,638549.5994,329278.8211
002114.SZ,20250417,3.232,0.6,,2.0728,195654.1365,195651.4479
688590.SH,20250417,3.6744,0.84,662.2371,3.8206,531558.7555,531558.7555
002301.SZ,20250417,3.0265,0.7,56.8741,1.5634,495538.55,493259.2832
603639.SH,20250417,0.8122,0.81,17.6051,1.1608,399380.5448,399357.0448
600130.SH,20250417,3.4699,0.5,650.1037,2.3324,224250.0,224250.0
605377.SH,20250417,0.9194,1.24,9.5866,1.4948,553886.9167,553886.9167
300094.SZ,20250417,7.8441,0.73,,1.6532,412909.2146,404415.7622
300862.SZ,20250417,1.8109,0.87,651.8925,2.1078,422774.9956,346868.606
000692.SZ,20250417,1.8409,0.92,1.631,,171039.3853,171039.3853
600299.SH,20250417,1.5923,0.64,21.2891,1.6669,2563897.617,2563897.617
300756.SZ,20250417,4.0243,0.87,,2.0378,283046.3241,235689.714
300915.SZ,20250417,15.455,1.43,29.7482,2.1632,330030.0,150367.1685
001318.SZ,20250417,23.0711,0.59,37.3599,2.8923,397985.28,108500.48
300373.SZ,20250417,3.5512,0.73,24.5318,2.8058,2459192.084,2453761.2144
002303.SZ,20250417,1.5029,0.54,17.7818,1.1145,500742.845,311472.1614
603119.SH,20250417,4.4397,0.44,59.0923,7.3797,1304015.6078,730907.9466
605117.SH,20250417,1.1215,0.52,18.4595,6.2599,5448433.24,5448433.24
688162.SH,20250417,1.7956,0.73,140.6755,1.285,298270.1369,135920.1649
301276.SZ,20250417,11.2493,1.26,14.5981,1.1225,228420.0,81434.966
920204.BJ,20250417,5.1879,0.65,69.9759,3.6799,175563.878,93075.6786
600595.SH,20250417,4.2525,0.89,15.582,0.8825,1387262.8194,1386735.1694
603398.SH,20250417,4.5905,0.86,,2.5053,463996.4307,463996.4307
002588.SZ,20250417,4.2702,0.78,11.6449,1.3759,914602.2321,809529.7269
002649.SZ,20250417,1.6472,0.63,39.565,1.6209,678999.6571,636427.4692
000672.SZ,20250417,1.8218,0.58,17.7372,0.912,794904.269,794904.269
688083.SH,20250417,4.3312,1.49,190.6039,4.3298,1159906.926,1159906.926
000892.SZ,20250417,4.27,0.86,,3.8652,338438.2632,245238.5766
600839.SH,20250417,4.6168,0.91,80.9018,3.1459,4477756.8953,4476509.8721
603063.SH,20250417,4.069,0.52,25.6955,2.7851,1260593.558,1260593.558
688548.SH,20250417,1.222,0.85,60.0214,2.5554,1488281.5317,768521.6438
000659.SZ,20250417,2.4172,0.54,,19.2026,428138.9392,428138.9392
300076.SZ,20250417,4.9071,0.76,,2.8757,276872.0,276872.0
600658.SH,20250417,2.2167,1.26,,0.6383,436248.1676,436248.1676
002697.SZ,20250417,17.4831,1.42,14.9507,1.8774,813280.0,644393.0792
002376.SZ,20250417,2.373,0.7,99.1808,1.2909,481474.1494,467753.9457
300661.SZ,20250417,8.097,0.97,138.311,13.299,5859226.2225,5618541.8591
002515.SZ,20250417,4.0075,0.76,105.5367,2.4996,656152.8769,629247.1996
002906.SZ,20250417,1.4693,0.44,23.9178,2.4124,1557924.0977,1557361.7863
600939.SH,20250417,3.9287,2.25,,0.6669,526798.4474,526798.4474
603103.SH,20250417,23.3771,1.06,,8.6357,1008378.0,1008378.0
301048.SZ,20250417,14.1756,0.46,23.5521,2.0806,532800.0666,532800.0666
603686.SH,20250417,6.124,0.54,29.4469,1.436,475667.8126,475667.8126
603879.SH,20250417,4.9824,0.6,,6.9,182187.6311,182187.6311
300196.SZ,20250417,2.9254,1.6,20.3759,0.9591,429152.3765,258633.2007
600916.SH,20250417,6.7562,1.46,15.096,2.0019,1476720.0,1476720.0
003016.SZ,20250417,9.9049,3.04,,1.0928,294394.3474,293198.2289
605189.SH,20250417,6.0315,1.44,15.0243,1.0542,189454.4075,189454.4075
301421.SZ,20250417,11.8236,1.09,130.6807,4.7006,552784.886,221215.6328
300213.SZ,20250417,6.2661,1.12,65.8724,2.0994,466662.7913,433214.3318
002491.SZ,20250417,1.5752,0.89,128.0489,2.003,495687.7835,474116.955
688234.SH,20250417,2.4131,0.69,142.0008,4.7848,2542170.5363,1777215.6093
301255.SZ,20250417,6.7128,0.7,63.9449,3.8256,394508.8,98627.2
002766.SZ,20250417,2.2303,0.46,73.5959,5.451,442072.8257,436436.3588
002115.SZ,20250417,7.0027,0.53,,2.4291,566071.9497,525032.4813
300904.SZ,20250417,3.2729,0.65,108.78,4.42,352651.1063,107102.3063
688700.SH,20250417,2.7546,1.43,145.8024,5.6512,978458.0594,978458.0594
002408.SZ,20250417,5.6718,4.05,437.0189,1.1991,1384463.9459,1324930.1994
301488.SZ,20250417,4.02,0.59,50.1428,3.8565,506000.0,128761.875
603208.SH,20250417,4.7261,1.32,9.8684,1.9327,258672.104,258672.104
688122.SH,20250417,1.1848,0.64,37.2303,4.668,3015092.9306,3015092.9306
920227.BJ,20250417,18.5906,1.69,62.8853,6.2835,257987.4375,116757.039
688681.SH,20250417,2.0589,0.82,39.4124,2.1264,122463.9,122463.9
002935.SZ,20250417,1.8412,0.54,87.3013,3.537,560450.5216,545429.4203
600496.SH,20250417,1.8432,0.96,11.959,0.6972,611918.612,611918.612
300966.SZ,20250417,3.485,0.77,,2.1036,177069.183,117757.397
920685.BJ,20250417,11.8195,0.54,33.7774,2.6288,141849.7086,84926.174
300504.SZ,20250417,1.9261,0.66,235.4671,1.6381,365883.183,294654.5519
002223.SZ,20250417,0.7621,0.81,19.602,2.806,3404411.6509,3187735.712
002036.SZ,20250417,2.1316,0.5,,3.8313,1004296.8994,998158.1899
688207.SH,20250417,1.8767,0.7,,1.657,337959.9568,246222.5793
002401.SZ,20250417,2.6623,0.51,41.5325,3.1778,529999.1954,529564.9784
688137.SH,20250417,1.7344,0.75,,1.0757,226035.089,105247.589
600644.SH,20250417,65.9233,3.56,276.8352,2.8459,593935.4801,552937.4768
301160.SZ,20250417,6.1167,0.61,35.7516,4.4298,739854.6502,405079.3444
600160.SH,20250417,0.7895,0.46,44.758,3.8145,6509087.8013,6509087.8013
002843.SZ,20250417,14.4317,1.13,58.853,4.0284,567685.2295,560270.5835
603803.SH,20250417,2.7751,0.53,,2.291,385451.2852,381545.4342
600617.SH,20250417,1.688,0.71,,1.3294,447572.492,411925.9038
001395.SZ,20250417,48.2782,2.6,29.1826,4.3603,450856.32,99692.8079
688077.SH,20250417,3.107,0.47,83.2548,2.495,265361.1723,265361.1723
688178.SH,20250417,2.9644,0.66,,1.517,157669.4014,157416.0071
688396.SH,20250417,1.3738,0.84,81.278,2.8088,6305764.6405,6305764.6405
002531.SZ,20250417,1.2346,0.49,33.3984,1.355,1225471.2448,1218642.6966
603533.SH,20250417,3.2558,1.04,,3.1375,782114.16,782114.16
300298.SZ,20250417,0.8321,0.42,51.6137,3.7484,1144330.1805,923345.8995
603388.SH,20250417,9.4454,1.29,,1.1604,126384.6259,126384.6259
600452.SH,20250417,1.4906,0.57,29.0373,2.7893,1448958.7797,1448958.7797
688516.SH,20250417,0.8693,0.53,8.54,2.7687,1122216.688,1037832.9685
920821.BJ,20250417,6.2945,0.43,112.8748,6.1536,321987.9054,165760.3481
600206.SH,20250417,22.5702,1.85,104.7805,3.9503,1547499.4909,1547499.4909
000559.SZ,20250417,2.5945,0.47,21.4477,2.1945,1998793.7631,1998786.1673
002981.SZ,20250417,9.9214,0.52,23.8623,2.6073,269424.2051,237897.2195
301053.SZ,20250417,4.6847,0.73,53.0564,3.0593,193512.4768,177726.6052
603093.SH,20250417,7.1248,1.36,16.4515,1.8308,753431.3779,753431.3779
600269.SH,20250417,0.9269,0.58,9.0006,0.617,1151355.6579,1151355.6579
300875.SZ,20250417,3.1018,0.54,,2.0683,256874.8143,220350.5364
300557.SZ,20250417,4.0144,1.0,79.711,2.7756,273711.7914,269184.936
300691.SZ,20250417,2.1941,0.57,89.2503,2.7759,454154.317,355520.8984
300563.SZ,20250417,3.4921,0.52,76.1937,5.769,606048.0012,420432.8531
301357.SZ,20250417,18.8586,0.61,,2.9832,336151.2,84037.8
002725.SZ,20250417,2.4431,0.51,,2.8154,269824.0,223370.473
000010.SZ,20250417,2.8109,0.62,,13.2446,289712.3776,132539.743
603218.SH,20250417,1.1564,0.66,18.3514,1.1654,1165569.2978,1161374.7015
301312.SZ,20250417,4.7982,0.61,53.4354,2.832,331866.0349,98260.895
600036.SH,20250417,0.3319,0.68,7.1585,1.016,106225989.6714,86889113.9349
603790.SH,20250417,4.4186,0.97,56.9031,2.5182,307132.8,307132.8
600853.SH,20250417,5.0368,0.95,9.3064,1.2039,384318.0317,383336.4596
002596.SZ,20250417,2.9443,0.63,,4.2655,385587.054,343598.058
603658.SH,20250417,0.9098,0.64,18.7902,3.0054,2391412.6541,2391412.6541
002912.SZ,20250417,2.0486,0.7,66.822,2.3819,400413.44,380410.6158
002227.SZ,20250417,3.9492,0.59,,2.6755,276551.6857,276364.826
300822.SZ,20250417,2.8335,0.52,82.3965,4.4245,565438.203,524502.399
601188.SH,20250417,7.5242,0.57,30.9115,1.026,471084.5284,471084.5284
300983.SZ,20250417,1.6976,1.12,,0.9948,283737.6,194219.8075
002072.SZ,20250417,2.6315,0.61,,31.7024,160676.16,112071.7964
000155.SZ,20250417,1.5028,0.64,22.1319,1.9325,1910784.234,1752799.6098
600327.SH,20250417,6.0966,0.78,33.5125,1.338,439735.4204,439735.4204
600859.SH,20250417,9.4964,0.57,35.4292,0.8713,1729815.3633,1729657.8427
601718.SH,20250417,0.6995,0.54,377.7368,0.6538,1106690.6098,1106690.6098
002311.SZ,20250417,0.8965,0.55,19.5646,3.6905,8834512.3407,8827988.1189
688001.SH,20250417,2.5903,0.53,,3.1445,1053318.5987,1053318.5987
600266.SH,20250417,8.6326,4.04,19.8902,0.4913,1006735.6009,1006735.6009
688750.SH,20250417,3.7269,0.71,56.9457,3.5385,863950.0,144621.1316
603655.SH,20250417,2.2443,0.46,86.8272,4.5307,241786.0,241786.0
603267.SH,20250417,6.6152,0.6,83.1027,3.017,1277646.2519,1277646.2519
603008.SH,20250417,1.8789,1.35,14.8489,1.5955,614345.8375,614345.8375
920118.BJ,20250417,9.5981,1.96,21.7247,2.5838,153044.272,66045.748
301359.SZ,20250417,3.551,0.74,44.2259,2.2927,193569.2,59114.9513
603153.SH,20250417,2.0677,0.56,19.8788,1.9143,686107.4914,225990.0
002555.SZ,20250417,2.1973,1.08,13.7204,2.6942,3243140.4403,2344086.0515
300830.SZ,20250417,7.3036,2.41,149.1816,2.8722,330766.8517,242673.3069
002811.SZ,20250417,2.5223,0.68,84.884,2.0917,264250.6772,242827.1714
301499.SZ,20250417,3.9243,0.81,52.9848,2.4105,301672.1176,75418.0305
002667.SZ,20250417,12.2697,1.0,,5.7083,321383.946,312839.1026
002523.SZ,20250417,2.2707,0.57,76.9559,1.9834,458991.6192,457340.2181
600272.SH,20250417,4.4114,0.69,62.2807,5.4496,337041.0,221920.0
600969.SH,20250417,8.3983,0.92,,0.7412,263475.9446,263475.9446
300439.SZ,20250417,5.9202,0.98,17.1812,1.4926,431175.6422,327607.7938
600022.SH,20250417,0.2729,0.35,,0.7405,1390850.442,1390850.442
688146.SH,20250417,1.2531,0.67,48.7208,2.6842,1480764.7067,398820.0037
688698.SH,20250417,2.7879,0.52,39.5098,4.6265,968098.7549,968098.7549
603363.SH,20250417,1.0412,0.8,16.0398,,929257.3719,523991.3596
300007.SZ,20250417,7.5529,0.55,141.6449,3.828,1086137.1182,938626.254
000595.SZ,20250417,4.8437,0.68,,14.392,611458.4685,611139.7198
300856.SZ,20250417,2.1577,0.97,10.5533,2.8605,750905.9015,720702.563
603283.SH,20250417,3.6977,0.51,11.7727,3.115,897803.2112,875752.4012
603381.SH,20250417,2.6027,0.8,16.1422,1.3085,479020.5222,107779.6511
002340.SZ,20250417,0.6719,0.58,23.8292,1.5996,3075774.9342,3050988.8172
002900.SZ,20250417,24.8557,0.64,71.6044,1.8102,387537.9988,212023.0551
002741.SZ,20250417,4.477,0.67,,3.8625,707763.9558,550250.5214
603656.SH,20250417,3.5303,0.85,157.499,2.6238,338144.1602,338144.1602
600844.SH,20250417,8.5657,0.69,,13.6256,312072.9417,252578.3046
600033.SH,20250417,1.6352,0.83,11.8549,0.922,1067571.6,1067571.6
688398.SH,20250417,1.1061,0.67,32.9568,2.5365,258097.7659,258097.7659
300498.SZ,20250417,0.6596,0.48,12.4086,3.0582,11471366.5224,9025788.6878
601168.SH,20250417,1.5898,0.42,12.1526,2.0846,3562585.0,3562585.0
301388.SZ,20250417,4.3714,0.82,118.6852,2.2393,215959.5408,57667.6875
688133.SH,20250417,4.962,1.1,316.9241,1.4708,409776.9467,409776.9467
002648.SZ,20250417,6.1874,0.85,8.6549,1.7352,5255087.2764,5251712.6766
920576.BJ,20250417,13.7674,0.64,63.0239,8.4848,379037.05,372705.0508
603151.SH,20250417,4.5655,0.8,37.1356,1.7642,218064.0,104919.936
002785.SZ,20250417,1.8731,0.8,,5.9155,572894.589,489155.4181
300209.SZ,20250417,4.5621,1.45,,,483819.4216,255299.6593
600037.SH,20250417,1.2744,0.83,,0.7524,956151.4063,956151.4063
920262.BJ,20250417,52.3645,0.9,68.0309,6.0195,190861.4812,86119.7023
002247.SZ,20250417,3.114,0.79,9.3283,3.2627,203357.9417,153806.2206
688232.SH,20250417,1.9864,1.13,48.0777,1.772,982080.0,516278.718
601689.SH,20250417,2.6174,0.49,29.2502,3.8552,8153924.5414,8153924.5414
300705.SZ,20250417,3.4921,0.46,16.1946,3.4116,822694.3193,606826.4531
002624.SZ,20250417,1.6309,0.83,,3.0421,2322142.1796,2187344.2546
000987.SZ,20250417,0.9694,0.52,13.6692,1.0463,3135707.7888,3134117.955
002265.SZ,20250417,4.6241,0.44,72.9474,5.8345,2067113.8544,806597.147
603901.SH,20250417,3.6578,0.57,,1.7793,430656.1251,427232.1381
001366.SZ,20250417,4.8121,0.68,50083.566,2.1484,177551.4,61526.4
601608.SH,20250417,3.5402,0.52,52.9421,2.1927,1982946.6382,1970395.9137
000886.SZ,20250417,2.7918,0.41,73.355,2.0349,615051.2026,608214.5506
601968.SH,20250417,2.0675,1.53,33.9957,1.3156,589410.1105,523464.0984
000801.SZ,20250417,4.6915,0.82,77.1221,4.9101,1499434.543,1499434.543
601021.SH,20250417,1.6741,1.21,25.1714,3.1036,5498233.8373,5498233.8373
000665.SZ,20250417,4.3585,0.56,,1.0835,524225.9172,524207.8621
688545.SH,20250417,4.061,0.45,59.6863,3.375,951840.0,180911.2687
688295.SH,20250417,1.243,0.98,,3.9131,1809900.0,1209819.0439
002162.SZ,20250417,18.0788,1.85,,4.516,373241.6427,372882.2862
920693.BJ,20250417,6.3844,0.64,181.2697,8.8431,308393.4,155299.62
002554.SZ,20250417,2.6711,1.08,,1.3195,314757.937,314699.1324
300726.SZ,20250417,10.4323,0.84,42.4117,3.0054,1474386.6451,764588.3793
603124.SH,20250417,13.6641,0.72,34.1406,3.5707,601927.6719,118272.8998
301382.SZ,20250417,6.8101,0.69,52.849,4.4334,760109.555,471063.1266
301515.SZ,20250417,2.1287,1.17,27.8123,1.3993,181700.0,115695.2946
300279.SZ,20250417,5.4754,1.89,49.7016,2.8824,280254.0078,262490.5459
301529.SZ,20250417,2.6684,0.75,28.7095,1.7574,218201.3041,116353.4477
300619.SZ,20250417,3.0755,0.64,,2.0021,328056.2788,269560.5584
300562.SZ,20250417,4.8763,0.59,45.5032,2.803,279226.5854,206879.7222
300958.SZ,20250417,2.5532,0.82,89.0251,1.2688,174918.0222,101611.1605
603888.SH,20250417,1.5724,0.58,39.8017,3.2344,1124217.5938,1124217.5938
300802.SZ,20250417,0.9061,0.55,58.5224,2.822,461426.4102,310310.9743
000401.SZ,20250417,1.9574,1.99,,0.4837,1323791.2687,792788.4885
600191.SH,20250417,19.3152,2.96,152.6541,2.3709,388430.532,388430.532
300355.SZ,20250417,2.4655,0.51,410.7542,1.5493,678594.4003,577845.8309
920299.BJ,20250417,31.286,1.15,68.9969,6.1754,169585.6574,84841.4709
300476.SZ,20250417,7.5733,0.61,54.9478,7.1051,6343349.5773,6288349.6667
300416.SZ,20250417,4.2627,0.51,36.4212,3.166,835544.0453,829950.6785
600250.SH,20250417,19.2279,1.37,85.3757,5.1528,309351.5035,309351.5035
605358.SH,20250417,0.8385,0.57,,1.9386,1451493.1363,1451493.1363
603682.SH,20250417,11.1741,1.7,171.3445,2.4793,252787.5,252787.5
605289.SH,20250417,1.2841,0.66,113.4867,1.7927,235901.164,233142.3
301518.SZ,20250417,24.9859,0.9,39.3565,1.9547,275590.3491,105092.9782
688298.SH,20250417,1.7553,0.69,,0.6832,455011.2,455011.2
603505.SH,20250417,0.9989,0.87,38.7962,8.5907,1369809.1077,1369809.1077
600573.SH,20250417,7.745,0.95,44.0767,2.2022,285750.0,285750.0
300249.SZ,20250417,5.9714,0.67,,13.5011,561181.7044,475962.4825
000059.SZ,20250417,1.616,0.53,,0.6994,802920.1536,802920.1536
600830.SH,20250417,2.3215,0.53,72.6276,1.7824,386174.335,386174.335
688061.SH,20250417,2.1245,0.68,,1.3371,326515.6492,123052.2623
600868.SH,20250417,3.8616,0.93,,2.5104,567546.455,567546.455
605168.SH,20250417,1.9124,0.8,14.2393,2.0273,555502.7581,555502.7581
920971.BJ,20250417,7.1554,0.69,78.5775,6.8413,309437.3578,247210.9915
301631.SZ,20250417,5.6847,0.97,26.5329,3.0878,707157.0771,141096.5107
301333.SZ,20250417,17.6667,2.42,32.407,2.4797,454414.8095,268863.9974
688368.SH,20250417,8.7903,1.21,,7.7301,973117.2876,973117.2876
301200.SZ,20250417,1.7806,0.92,85.8076,3.0774,1537200.0,213755.1667
002372.SZ,20250417,3.9157,2.66,20.7889,3.8887,1980495.2571,1829747.4876
300002.SZ,20250417,2.2049,0.64,15.4653,3.1707,2227511.2228,2066414.4904
002063.SZ,20250417,1.8952,0.67,37.3975,2.982,1095430.2,984037.2659
300311.SZ,20250417,3.8005,0.59,,5.9354,371843.8428,296649.8193
003009.SZ,20250417,1.2951,0.51,286.7843,3.5664,561126.7482,561123.8955
002689.SZ,20250417,3.3266,0.83,,3.0305,350552.4036,350418.2721
600578.SH,20250417,2.4095,0.91,16.2686,1.099,2383285.0813,2383285.0813
300685.SZ,20250417,2.6542,1.35,24.9796,4.6131,786910.0619,779973.9207
600621.SH,20250417,1.775,0.65,37.8324,1.6381,1382351.7775,1382351.7775
688090.SH,20250417,1.9045,0.42,298.561,3.7986,341643.3753,341643.3753
300404.SZ,20250417,3.0154,0.54,76.6221,3.4477,341692.7758,247931.3768
601155.SH,20250417,6.7451,2.52,40.8019,0.5043,3069902.707,3069902.707
603366.SH,20250417,4.7162,0.5,71.6248,1.9019,759386.9263,759386.9263
300480.SZ,20250417,1.6212,0.62,,3.2194,431510.6032,302988.0551
603616.SH,20250417,3.2947,0.84,,3.2175,126395.714,123181.864
688789.SH,20250417,1.3358,0.53,26.2498,3.499,1102907.8865,1102907.8865
301259.SZ,20250417,4.1366,0.92,,6.4968,540384.0,281864.9456
300452.SZ,20250417,9.0294,0.99,18.238,3.3473,292592.1373,233128.282
000571.SZ,20250417,3.9587,1.1,,11.8706,354112.438,343519.183
600581.SH,20250417,2.9304,0.94,,13.4532,483149.1216,481329.9312
000721.SZ,20250417,24.0966,1.91,,17.2531,574488.2223,512872.6683
002165.SZ,20250417,26.5431,0.48,197.5478,3.9556,797032.5033,788750.3737
300842.SZ,20250417,2.2321,0.56,14.8689,3.2803,535222.8,475978.1514
002263.SZ,20250417,0.966,0.66,961.9878,1.5905,432022.823,432019.373
603885.SH,20250417,1.5532,0.92,33.0337,3.1617,2935672.0328,2935672.0328
603511.SH,20250417,14.4267,1.91,26.4661,1.3193,578122.5069,571483.7577
300676.SZ,20250417,1.121,0.47,,2.025,1990122.058,1974321.3278
000607.SZ,20250417,1.4476,0.59,74.4383,2.3446,381636.9038,326174.4645
002870.SZ,20250417,2.9656,0.68,24.6695,2.3857,383019.3444,370978.3269
600501.SH,20250417,1.8479,0.43,,3.5108,738228.096,726912.5464
300579.SZ,20250417,2.5116,0.64,573.9189,7.9974,722790.0,702119.7908
002808.SZ,20250417,2.2748,0.64,,2.6044,83596.8,57965.3347
603903.SH,20250417,1.8189,1.01,22.7735,1.0359,168510.8568,168510.8568
300086.SZ,20250417,6.7394,0.43,,1.7323,216639.2196,209814.8605
600298.SH,20250417,1.2716,0.6,22.3101,2.729,2955129.1707,2906994.9531
600509.SH,20250417,2.0541,0.67,16.5322,1.1117,853500.7897,853500.7897
002224.SZ,20250417,1.4369,0.71,93.7077,1.1951,387910.0193,346705.0199
002613.SZ,20250417,2.2977,0.91,49.0003,1.8758,419316.6717,231999.2454
300711.SZ,20250417,2.8406,0.55,69.4822,6.8046,513291.4484,511759.2162
003007.SZ,20250417,4.9882,0.84,34.2856,3.5307,289120.0,205426.1846
603337.SH,20250417,1.7041,1.15,15.7341,2.8252,1278031.5984,1260007.5072
300243.SZ,20250417,1.5551,0.75,40.5967,2.1034,226635.9065,176034.4451
688106.SH,20250417,1.2028,0.75,41.3175,2.8633,831410.9995,831410.9995
920300.BJ,20250417,9.5736,0.49,,6.9055,159503.9601,123615.8168
001379.SZ,20250417,2.6251,0.67,53.469,2.5407,366200.0,123226.3
000426.SZ,20250417,5.6007,1.63,12.3949,2.7962,2139641.0655,2139158.7341
688235.SH,20250417,1.2722,0.47,,13.8437,33467385.2291,2748670.1614
002085.SZ,20250417,2.2372,0.6,42.0904,4.5984,3174329.7924,3174329.7924
600600.SH,20250417,1.4188,0.59,25.0831,3.7503,10898568.1393,5664448.2036
000568.SZ,20250417,1.1171,0.94,13.6467,4.4853,19478334.2392,19443847.1886
605388.SH,20250417,10.6688,1.67,165.0714,2.132,404125.732,404125.732
605255.SH,20250417,5.3222,0.69,75.1745,2.407,193209.28,193209.28
603618.SH,20250417,4.2022,0.7,31.5411,1.4284,428652.8819,428652.8819
600790.SH,20250417,1.3845,0.77,26.7975,0.829,520355.7794,520355.7794
603817.SH,20250417,2.4895,0.97,17.5003,1.0792,311835.9693,311835.9693
002620.SZ,20250417,4.2709,0.52,,11.1067,136652.828,114062.4645
603228.SH,20250417,2.619,0.44,22.3099,2.3462,2544111.4298,2511574.2293
600100.SH,20250417,1.2318,0.62,,1.5559,2348558.6968,2348558.6968
600162.SH,20250417,3.0006,1.23,94.6549,0.9461,558902.9189,558902.9189
920195.BJ,20250417,5.3766,0.78,23.7735,1.9502,143908.04,103874.19
002889.SZ,20250417,17.3107,1.55,31.4352,2.4447,579989.332,376570.3866
000012.SZ,20250417,0.5519,0.87,15.2056,1.054,1483144.2877,946326.1189
301121.SZ,20250417,4.6726,0.59,43.2225,2.0821,346652.3889,177969.7469
301056.SZ,20250417,4.3785,0.93,21.2212,2.6474,225434.7336,225434.7336
600278.SH,20250417,7.0661,0.57,24.4906,0.7636,574061.9495,570232.7743
002913.SZ,20250417,2.288,0.4,19.6598,1.6252,701684.0743,586509.4804
600956.SH,20250417,0.9961,0.59,17.9055,1.3804,2994453.468,1671839.138
601818.SH,20250417,0.8307,0.93,5.4132,0.4735,22570680.5053,17727403.5443
600926.SH,20250417,0.8246,0.86,5.4268,0.8322,9216044.7912,8480083.6112
002166.SZ,20250417,1.8405,0.39,33.576,1.7531,547318.1615,330303.9589
920047.BJ,20250417,4.0884,0.94,,14.3159,474490.515,311584.1187
000529.SZ,20250417,7.2351,0.79,26.2712,1.1748,368371.6982,359597.0419
300559.SZ,20250417,3.1376,0.87,60.6733,3.2474,397117.4796,309270.012
603189.SH,20250417,4.4633,0.76,421.9352,2.9404,442059.2924,442059.2924
688426.SH,20250417,2.0655,0.95,,1.362,199001.3836,67210.2043
001389.SZ,20250417,1.3441,0.58,28.9779,6.3738,1959195.855,692167.5661
600841.SH,20250417,4.3501,0.71,,1.6786,714728.2188,537157.6093
300968.SZ,20250417,2.1635,0.49,332.0906,3.1857,600227.76,600227.76
300634.SZ,20250417,8.28,1.3,45.1526,3.7798,1039138.7027,1001070.1127
300295.SZ,20250417,6.8716,1.84,,2.3496,280628.2967,247971.9635
688370.SH,20250417,0.7592,0.83,27.0855,0.9447,252141.3895,80454.6243
301106.SZ,20250417,3.4268,0.69,29.1794,2.2082,266044.655,76407.2044
300126.SZ,20250417,6.8931,1.12,,1.778,187845.7968,130047.2411
920578.BJ,20250417,5.7928,0.46,,7.6539,203434.398,61180.0
301093.SZ,20250417,1.4872,0.46,39.3488,1.4655,318172.2249,222405.2708
600827.SH,20250417,4.442,0.61,11.5421,0.9201,1809146.4706,1626912.2189
300718.SZ,20250417,10.7793,0.63,95.9252,14.2552,2233074.4702,1448941.2774
600330.SH,20250417,0.8482,0.57,46.6464,0.9896,793098.3295,793098.3295
300378.SZ,20250417,8.5421,1.18,61.9002,4.4985,936576.6563,930432.1508
000708.SZ,20250417,1.5764,0.84,11.2944,1.4315,5789089.2717,5789089.2717
603501.SH,20250417,1.6385,0.7,44.822,6.1979,14895447.0451,14895447.0451
603399.SH,20250417,1.5988,0.67,164.2137,2.3558,417458.3257,414955.4257
301616.SZ,20250417,18.8785,0.7,35.6624,2.5926,331440.0,82860.0
603288.SH,20250417,0.6222,0.62,38.0662,7.8166,24149688.1626,24149688.1626
300158.SZ,20250417,1.2785,0.44,,0.7565,387048.1061,385651.4612
688017.SH,20250417,2.4863,0.53,429.8477,7.1443,2449187.8415,2256035.3874
002626.SZ,20250417,1.6663,0.46,26.6277,2.1273,910632.6131,910498.2431
600816.SH,20250417,0.6094,0.59,503.6748,1.9551,2677689.9251,1487605.514
688670.SH,20250417,1.6643,0.73,,1.0641,136012.8,136012.8
688408.SH,20250417,2.9672,0.95,15.9444,2.2831,1006921.4515,932588.5594
300596.SZ,20250417,3.2737,0.76,15.9319,1.4411,626861.6909,613399.6323
920092.BJ,20250417,8.2364,0.71,160.0722,6.2341,246518.4887,126792.8586
920185.BJ,20250417,1.4509,0.68,24.3834,1.855,2268205.3618,2231656.07
688529.SH,20250417,1.8325,0.59,,1.3224,268240.645,268240.645
688616.SH,20250417,1.3951,0.8,18.3772,2.2792,189423.4478,189423.4478
603289.SH,20250417,4.3127,0.66,49.5949,1.6792,232636.472,232636.472
000029.SZ,20250417,1.5353,1.12,,4.1364,1452743.76,1280423.76
002016.SZ,20250417,3.5552,1.18,,0.9634,459566.319,459566.319
300760.SZ,20250417,1.4367,1.39,21.6996,7.6581,26874975.9394,26874954.3276
301603.SZ,20250417,4.7346,0.61,25.6952,2.551,512022.4,102404.48
301216.SZ,20250417,0.7254,0.49,,1.1099,613110.6088,338939.0677
601899.SH,20250417,2.1409,1.14,13.1718,3.2816,47361236.7611,36687706.1219
002887.SZ,20250417,2.3043,0.97,24.014,0.9589,212354.6463,135052.5263
002392.SZ,20250417,1.6324,1.09,14.8236,1.0983,596435.9103,418506.6717
300573.SZ,20250417,2.3982,0.58,36.5015,8.1394,1271959.0347,978474.2201
002713.SZ,20250417,12.9149,1.19,,,197182.3806,193340.9992
000963.SZ,20250417,1.411,0.84,20.112,2.9316,6460265.7678,6452399.5427
600715.SH,20250417,2.8286,2.06,,8.2949,925646.598,607020.8709
300650.SZ,20250417,12.7476,1.17,60.5003,2.508,304304.7996,219084.9878
301370.SZ,20250417,1.328,0.66,29.3983,1.9547,478129.6,328928.538
688173.SH,20250417,5.4937,1.06,,3.6111,536684.308,314086.2769
002511.SZ,20250417,1.3883,0.78,38.6189,1.5923,853086.9686,835075.5118
300061.SZ,20250417,2.3079,0.57,,9.6358,720280.089,678249.9314
603367.SH,20250417,1.1228,0.64,11.8621,1.0937,627517.2228,627517.2228
002966.SZ,20250417,0.6568,0.62,7.0218,0.7723,3558646.9608,3493610.9533
000758.SZ,20250417,1.0936,0.6,24.0168,1.6283,916707.0274,905884.6212
920106.BJ,20250417,40.6126,2.8,49.5246,10.9542,542334.0,164638.132
920225.BJ,20250417,6.635,1.28,18.8933,3.0065,202562.5548,132120.3178
688379.SH,20250417,2.1648,0.66,23.0529,1.8656,185846.4278,185846.4278
000507.SZ,20250417,10.3296,0.97,17.9682,0.9867,517810.7459,508016.1549
000757.SZ,20250417,2.2693,0.51,,1.2461,193375.9425,193375.3777
000876.SZ,20250417,1.8133,0.37,96.0426,2.1331,4548569.9382,4522176.1719
688087.SH,20250417,1.4778,0.44,13.8125,1.6389,414706.9412,412533.7604
002768.SZ,20250417,1.8203,0.74,12.6252,1.4452,689246.25,449116.9856
301566.SZ,20250417,2.605,0.64,47.9145,4.1244,545613.64,287922.3584
688306.SH,20250417,3.268,0.66,1328.3823,6.4094,1126335.3276,1126335.3276
002135.SZ,20250417,1.232,0.9,21.0978,0.7405,458477.2511,429028.9293
003013.SZ,20250417,1.6853,0.58,12.4923,2.234,614531.9815,601845.8504
000526.SZ,20250417,2.1488,0.76,29.1058,8.3044,618445.1282,597826.1644
600353.SH,20250417,15.1942,1.17,66.5878,3.7558,682367.0229,680453.9615
600750.SH,20250417,1.9815,0.81,18.5467,3.7844,1461836.9582,1457502.3589
002921.SZ,20250417,2.1295,0.49,,1.5503,169731.3891,144682.5928
002328.SZ,20250417,1.6693,0.73,27.303,1.2088,396689.78,293515.2775
002024.SZ,20250417,0.5097,0.55,28.5251,1.4012,1741776.3122,1739834.9678
603806.SH,20250417,1.4258,0.49,24.1609,1.988,3159179.8845,3159179.8845
000563.SZ,20250417,1.0935,0.58,12.3617,0.9406,1682496.2478,1682496.2478
600078.SH,20250417,1.2924,0.77,,1.9932,329961.2848,329961.2848
603210.SH,20250417,23.2594,0.54,41.3532,4.3471,730838.8,157992.5042
301080.SZ,20250417,2.5738,0.52,47.481,2.0396,517200.0,390426.4229
603663.SH,20250417,9.5483,1.09,136.1513,7.7291,1010380.666,1008847.9235
600815.SH,20250417,1.1673,0.71,,2.9608,450619.9979,450619.9979
002050.SZ,20250417,1.9439,0.41,28.8796,4.638,8950270.1049,8801739.1791
300788.SZ,20250417,6.4523,1.01,47.3489,2.5965,561897.7268,561897.7268
603788.SH,20250417,2.1445,0.5,15.7815,1.5816,321659.8281,321659.8281
605259.SH,20250417,1.4835,0.6,15.2059,1.559,257167.68,257167.68
002117.SZ,20250417,4.7575,0.78,37.3002,4.2115,588662.3534,588475.4603
920925.BJ,20250417,4.2287,0.56,219.5657,3.6424,129532.4886,73321.2403
002634.SZ,20250417,3.1802,0.94,,1.8073,156179.8544,151814.9429
000859.SZ,20250417,7.4842,0.39,,2.0896,583280.5524,583200.9677
688360.SH,20250417,1.9077,0.48,28.3704,2.5142,357940.5478,330723.9237
688737.SH,20250417,2.3349,0.9,,1.1025,201227.0686,118598.573
300286.SZ,20250417,10.1298,2.61,29.8126,2.5537,554484.8722,388192.7852
603883.SH,20250417,6.5925,1.45,17.1304,2.1516,1443421.5691,1441132.5582
300517.SZ,20250417,10.3328,1.35,89.6436,1.9855,206212.3481,127609.3791
600638.SH,20250417,1.9125,1.69,93.0598,0.7486,334678.2026,334678.2026
300417.SZ,20250417,2.5635,0.77,75.0237,3.1469,142367.8656,91922.0691
002756.SZ,20250417,1.0109,0.59,15.613,1.3182,1629164.8539,1174633.5037
920245.BJ,20250417,12.3968,0.69,81.8125,4.991,169320.0,82807.0884
600382.SH,20250417,1.0268,0.73,,1.0439,302761.9268,302761.9268
603725.SH,20250417,3.5944,1.36,19.5979,2.6272,203644.9302,191487.3302
300689.SZ,20250417,2.0463,0.93,,5.4886,364140.0,318726.2106
002046.SZ,20250417,5.9607,0.74,27.5604,2.1487,771151.7087,756158.6074
000598.SZ,20250417,1.9851,0.87,10.6602,1.1717,2127901.9561,2121036.4791
920374.BJ,20250417,4.2223,0.54,110.8763,9.8199,249200.526,103295.6662
002706.SZ,20250417,1.9149,0.64,27.0244,2.1207,843466.89,686932.3988
000488.SZ,20250417,1.8667,0.6,,0.5815,532403.5722,303324.2399
603608.SH,20250417,1.0934,0.83,,1.7869,199784.5523,199784.5523
002064.SZ,20250417,0.8586,0.51,14.9773,1.2568,3324904.411,3317833.6832
002045.SZ,20250417,4.7541,0.52,26.3673,1.8441,771726.8571,770834.7141
603223.SH,20250417,2.7269,1.56,40.3914,1.6514,626342.0393,485147.9808
920976.BJ,20250417,8.5757,0.82,36.1117,6.6226,171565.3212,103072.5696
600267.SH,20250417,3.3316,1.19,19.7295,1.264,1078963.3764,1078370.0514
001914.SZ,20250417,3.5758,1.09,15.6939,1.266,1319070.4986,1319066.3934
920247.BJ,20250417,6.3708,1.07,64.2198,5.7932,264189.4476,191563.5804
603171.SH,20250417,4.9953,1.26,195.8741,7.5549,1877619.162,1873588.24
000735.SZ,20250417,4.3088,0.5,470.5014,1.7507,755392.9072,754988.7712
603303.SH,20250417,0.8658,0.56,15.8342,1.5434,549917.095,549917.095
002099.SZ,20250417,0.6448,0.57,,1.4479,791551.7587,790076.255
920726.BJ,20250417,51.2565,1.22,139.9853,6.4632,284401.26,156232.6708
300997.SZ,20250417,29.1046,1.14,47.7604,6.9659,703894.8213,621085.6749
600548.SH,20250417,0.8925,0.6,25.0007,1.2676,2862701.7113,1616728.9277
600381.SH,20250417,0.5969,0.26,,2.1406,244217.2683,244217.2683
600602.SH,20250417,6.0867,0.79,141.4344,6.0233,2862540.5413,2248516.1581
002707.SZ,20250417,15.3028,1.2,60.5692,9.7212,857910.2238,720405.9074
000603.SZ,20250417,5.7534,1.49,46.2017,3.0143,985276.2261,952070.9607
301002.SZ,20250417,3.7747,1.22,78.1515,2.3557,186280.7816,110750.4401
000042.SZ,20250417,4.0953,1.11,,0.8461,441447.8763,440983.1181
601069.SH,20250417,26.7594,0.96,56.8891,3.4949,1647238.1776,1227767.0042
002205.SZ,20250417,2.9517,0.79,,2.7847,167258.9052,167258.9052
301066.SZ,20250417,34.0608,0.92,81.1169,4.2046,284770.9643,284690.2576
301238.SZ,20250417,4.7535,0.73,57.9086,1.665,1198999.9455,348799.9455
600980.SH,20250417,2.5713,0.61,28.3671,2.1571,300171.9522,278624.0487
301122.SZ,20250417,3.2239,0.67,29.6597,1.2634,229332.8544,126327.0879
002010.SZ,20250417,1.4575,0.8,43.6889,0.8159,1416289.0181,1412130.5798
601611.SH,20250417,2.232,0.62,12.3194,1.2921,2594911.2565,2594911.2565
600693.SH,20250417,22.153,0.55,135.2157,1.6728,588016.0623,587412.0806
002940.SZ,20250417,1.321,0.49,32.657,1.6994,256396.5244,235485.1186
000039.SZ,20250417,3.0636,0.96,13.6067,0.851,4044390.2888,1726055.3558
002508.SZ,20250417,1.3314,1.0,13.3521,1.931,2085582.1008,2060427.9329
603020.SH,20250417,2.5116,1.28,36.1094,1.0114,323069.4435,323069.4435
300515.SZ,20250417,3.6405,0.66,39.5099,4.2101,312541.0855,279173.9234
688562.SH,20250417,1.5161,0.67,,3.4036,591200.0,249811.56
301338.SZ,20250417,3.9538,0.74,60.7958,2.3162,333351.2,107461.9
000911.SZ,20250417,3.5473,0.59,,42.1428,293834.7464,293834.7464
601555.SH,20250417,0.8653,0.55,15.8961,0.9014,3761308.0476,3761308.0476
002980.SZ,20250417,3.0099,0.68,23.6091,2.9835,327815.4576,174124.1616
600425.SH,20250417,1.3902,0.58,17.4687,0.9667,617810.9272,530834.1831
002606.SZ,20250417,1.5182,0.54,21.6416,2.2053,366187.0655,351232.4739
920703.BJ,20250417,9.5875,1.92,18.29,2.6103,282069.2,142724.7751
002543.SZ,20250417,1.512,0.76,15.5012,1.5757,717574.0,638454.6179
002642.SZ,20250417,3.1924,0.68,163.8247,3.9367,460459.8978,460459.8978
688123.SH,20250417,3.6526,0.92,37.4986,4.9218,1088469.298,1088469.298
688777.SH,20250417,0.9056,0.49,33.8677,3.6697,3782979.16,3744853.414
301339.SZ,20250417,2.1009,0.41,40.9396,3.1599,858478.7898,248610.0429
603808.SH,20250417,3.0018,1.23,,0.8829,250983.157,250983.157
688280.SH,20250417,2.3875,0.78,,4.6359,269141.0802,209604.981
600048.SH,20250417,3.6945,2.44,21.955,0.572,11012807.9446,11012807.9446
000881.SZ,20250417,1.0993,0.7,,1.137,619253.9088,517675.3403
300335.SZ,20250417,4.1453,0.74,46.9774,1.1875,228011.9215,183629.0364
300811.SZ,20250417,2.6596,1.01,33.7517,4.7608,1192749.1151,949004.1725
601020.SH,20250417,14.0175,1.03,150.4082,4.7012,1535793.8794,1535793.8794
603578.SH,20250417,4.4273,0.46,104.0755,2.2505,247990.919,247990.919
000838.SZ,20250417,2.3047,1.34,,3.7028,249804.9126,239204.8491
603052.SH,20250417,1.5651,0.58,57.1983,3.9805,440278.72,133747.46
300748.SZ,20250417,7.0227,0.65,94.6207,3.9251,2753868.7695,2276620.2094
001326.SZ,20250417,2.9712,0.77,18.8668,1.8448,214549.2,60743.5828
688330.SH,20250417,1.0731,0.5,16.1851,0.9549,360500.0,360500.0
002927.SZ,20250417,6.9585,0.84,70.7155,2.8871,293944.1011,290586.3042
301392.SZ,20250417,17.1932,1.49,137.8756,17.4409,1280000.0,288000.0
002014.SZ,20250417,1.3719,0.65,15.543,2.8078,727027.8449,717347.2071
300902.SZ,20250417,2.3039,0.53,171.1871,3.6912,299975.5589,200612.3526
001213.SZ,20250417,1.6486,0.48,29.6177,0.9538,1808888.8887,1808888.8887
002851.SZ,20250417,5.9144,0.76,46.6791,4.955,2603827.2311,2178455.7322
300447.SZ,20250417,2.0304,0.65,57.6624,1.8672,377895.5538,243610.9819
002761.SZ,20250417,2.1485,1.11,,1.3564,887062.5323,887062.5323
600072.SH,20250417,1.2738,0.54,,1.6711,1792760.8563,1289171.406
002343.SZ,20250417,22.1162,2.68,109.2385,3.3253,331514.8808,331514.8808
002334.SZ,20250417,3.6537,0.74,21.7367,2.0192,595956.1357,527939.0089
600745.SH,20250417,1.2467,0.67,,1.0908,3932867.1815,3932867.1815
000777.SZ,20250417,3.5667,1.11,27.9039,2.9647,639923.9627,639912.6703
300208.SZ,20250417,7.584,3.16,,,164884.5,151226.0477
920651.BJ,20250417,13.2687,1.14,24.7177,3.7023,186050.0,46588.3566
600740.SH,20250417,0.8653,0.69,37.1862,0.5991,919801.4943,919801.4943
000811.SZ,20250417,4.2333,1.61,13.9926,1.5323,878866.5424,858448.5897
603500.SH,20250417,10.8953,0.93,36.8867,2.8236,278091.5544,275704.2196
600354.SH,20250417,11.7712,0.45,66.7737,5.11,333043.1125,333043.1125
605006.SH,20250417,4.013,0.79,,1.4315,361077.0657,354605.4975
300512.SZ,20250417,1.7111,0.62,152.3626,1.7459,281272.2038,226187.8188
300191.SZ,20250417,3.4136,0.75,,4.4809,483840.0,334446.84
300807.SZ,20250417,5.583,0.94,,4.8668,236165.4065,170263.4559
300582.SZ,20250417,2.7123,0.94,,2.2938,348690.618,258791.5852
600895.SH,20250417,4.3384,0.79,40.009,2.9992,3930574.0779,3930574.0779
603933.SH,20250417,6.3521,0.77,44.7879,2.5238,329580.7851,329580.7851
605566.SH,20250417,1.1381,0.99,161.6419,1.1363,228678.1,106823.872
300219.SZ,20250417,2.4956,0.84,38.4318,1.6606,430429.6516,429634.5457
002338.SZ,20250417,5.691,0.68,136.8734,7.154,941040.0,941016.474
301396.SZ,20250417,23.295,0.85,1063.5439,6.1526,762653.2444,354313.4265
000783.SZ,20250417,0.6078,0.7,18.2487,0.9672,3356754.2794,3356754.2794
600193.SH,20250417,3.7297,0.57,,5.5681,154410.399,154410.399
600690.SH,20250417,1.1674,0.88,12.3412,2.0768,23128881.3683,15417345.1992
002029.SZ,20250417,1.4531,0.76,15.2378,0.6598,433589.4753,409224.6648
688626.SH,20250417,2.0769,0.76,54.1562,2.7485,560480.0,560480.0
300900.SZ,20250417,5.2045,1.05,93.7777,3.8451,562437.1491,416244.2205
603798.SH,20250417,4.3954,0.86,39.0555,2.0035,223367.6452,223367.6452
600862.SH,20250417,1.3185,0.89,28.0741,4.5687,3236053.0756,3236053.0756
300159.SZ,20250417,3.2743,0.69,,,264346.0024,259043.6997
000034.SZ,20250417,6.3368,1.06,34.8687,2.5726,2624551.8908,2193218.0787
600721.SH,20250417,7.2241,0.67,60.7533,3.3195,251998.6838,251998.6838
002608.SZ,20250417,2.7525,1.29,8.7797,0.8697,2833559.778,2833559.778
920509.BJ,20250417,16.1592,0.65,91.9284,13.654,465011.4146,236874.19
600641.SH,20250417,2.3413,0.92,,1.6302,1356858.4234,1356858.4234
600993.SH,20250417,1.4526,0.44,21.6795,2.8158,1144879.1345,1142895.4345
601139.SH,20250417,1.0716,0.56,13.223,1.1986,1838237.2051,1838237.2051
300410.SZ,20250417,3.6192,0.79,,5.4303,176582.2174,176487.2348
300301.SZ,20250417,1.6417,0.92,,49.2647,151865.9847,144547.4396
300285.SZ,20250417,0.7002,0.53,27.3226,2.5326,1668061.8042,1345008.094
300458.SZ,20250417,8.0784,0.78,183.7807,10.2226,3064466.5021,2506454.7831
605090.SH,20250417,0.7239,0.7,9.3731,1.7761,1602368.8378,1586174.8435
688686.SH,20250417,1.7321,0.44,68.5778,3.2655,953436.549,953436.549
002057.SZ,20250417,2.1349,0.53,29.3778,1.7649,545349.1159,539350.3767
002233.SZ,20250417,0.9557,0.94,17.5766,0.7909,945474.0877,944847.578
688332.SH,20250417,9.2394,1.21,42.7385,3.2141,1282574.2703,469312.1561
301376.SZ,20250417,2.0752,0.69,17.4424,2.226,704632.5,338345.3952
300488.SZ,20250417,4.8599,0.46,39.4365,3.5326,534643.3782,445144.9303
301185.SZ,20250417,5.5157,0.47,37.3147,2.4408,261577.008,238326.0304
600029.SH,20250417,1.3097,0.96,,3.0628,10636977.4308,7439254.5828
000519.SZ,20250417,3.5923,0.49,41.0301,2.2346,2308862.7922,2308862.7922
002379.SZ,20250417,3.3302,1.02,,5.1199,1003418.0239,1003418.0239
300649.SZ,20250417,3.4738,1.1,,2.7354,140891.272,112908.2901
920132.BJ,20250417,49.7901,1.07,72.3413,6.4898,165648.0,56246.45
688418.SH,20250417,5.6177,0.62,218.8133,6.5503,593221.04,593221.04
605008.SH,20250417,4.8595,1.03,115.1755,5.4461,1085216.8555,1079199.0955
603777.SH,20250417,39.3087,1.72,532.829,2.9576,526379.6961,526379.6961
000596.SZ,20250417,1.4128,0.88,16.537,3.9024,9118350.0,7048350.0
600195.SH,20250417,2.9911,0.41,99.4001,1.2799,704592.2994,704592.2994
600456.SH,20250417,4.8665,0.81,25.4865,2.1124,1469165.9324,1469165.9324
002202.SZ,20250417,0.869,0.56,18.5313,0.9438,3447655.2,2737537.3461
600052.SH,20250417,0.9175,0.73,23.0272,1.1457,344431.4543,344431.4543
601577.SH,20250417,0.8546,1.09,4.677,0.5556,3732001.8837,3731194.404
301035.SZ,20250417,0.8311,0.85,40.0195,2.3861,1565017.4091,1562490.8821
600125.SH,20250417,2.1474,0.43,18.6382,1.0502,765035.8182,765035.8182
002535.SZ,20250417,5.049,0.56,31.7835,4.755,303036.202,282115.9473
002242.SZ,20250417,1.5269,0.77,57.9251,2.0331,708723.708,707512.0668
603217.SH,20250417,3.3001,0.93,16.1379,1.1151,359783.4604,359783.4604
600308.SH,20250417,1.3792,1.67,27.4684,0.5365,497533.4177,497533.4177
605188.SH,20250417,13.6893,0.35,566.2977,5.5413,621457.32,621457.32
000656.SZ,20250417,1.6471,0.77,,,752899.9301,748955.7963
002931.SZ,20250417,3.3087,0.53,,4.5927,393966.0584,361702.6643
600391.SH,20250417,25.6568,1.55,125.0123,5.1844,859987.001,859987.001
300065.SZ,20250417,7.5727,0.46,,5.691,956096.2055,870308.4515
600698.SH,20250417,2.9649,0.52,1464.7508,7.8441,603096.878,467484.3876
002836.SZ,20250417,8.3642,1.63,32.4786,5.4565,202982.4,202982.4
300673.SZ,20250417,7.5395,0.99,21.3903,2.0181,369758.5447,240717.5278
603009.SH,20250417,4.0827,0.56,186.1435,8.0436,1329730.7879,1329270.4342
600662.SH,20250417,1.9266,0.91,19.9383,2.7354,1219387.123,1212063.9586
002562.SZ,20250417,15.1097,2.18,118.0799,1.5173,470155.6391,310075.7221
300459.SZ,20250417,3.0621,0.53,,5.2538,1750873.8476,1633871.2919
002180.SZ,20250417,1.2767,0.49,42.4696,3.1708,3181804.162,3040456.4416
300833.SZ,20250417,2.7597,0.71,13.1117,1.7236,411726.5775,264501.5409
600218.SH,20250417,1.9456,0.63,40.8158,1.0594,340203.5367,340203.5367
601106.SH,20250417,0.7685,0.51,,2.0109,1776165.7781,1776165.7781
002598.SZ,20250417,3.1239,0.62,32.1052,2.31,280831.3884,253872.6993
688197.SH,20250417,2.1465,1.04,,5.3873,441696.4487,190094.4995
688478.SH,20250417,1.6015,0.46,71.7421,2.4249,382028.7911,281693.2504
600785.SH,20250417,21.2016,1.0,22.1081,1.3264,298284.5522,298284.5522
603123.SH,20250417,21.6626,4.08,,2.8238,691705.9519,564870.9718
600633.SH,20250417,5.3458,0.61,32.4003,1.6566,1657373.3349,1657373.3349
003038.SZ,20250417,2.2839,0.81,25.7349,1.4593,433291.0702,294255.2875
301301.SZ,20250417,1.8127,0.5,18.8033,3.4185,2587959.92,715666.9188
688292.SH,20250417,1.3113,0.65,84.915,2.935,305609.0673,173739.428
301179.SZ,20250417,5.0567,1.38,21.7688,2.3632,547843.5773,140442.7373
002909.SZ,20250417,21.4142,4.07,118.5373,2.4114,228540.0,223268.2022
688638.SH,20250417,0.7033,1.1,,1.6278,158424.0,72969.9841
002043.SZ,20250417,5.8289,3.85,15.5727,3.0002,916096.8742,807555.6425
688563.SH,20250417,1.4589,0.92,41.2946,2.3158,2399400.0,614187.7107
000833.SZ,20250417,9.1004,0.85,33.8321,2.651,942446.6097,533099.8806
600833.SH,20250417,1.9413,0.56,16.5405,2.375,269711.3935,269711.3935
603680.SH,20250417,3.5831,0.55,20.4189,1.1614,616786.6696,616786.6696
002188.SZ,20250417,9.4365,2.07,224.5309,5.2663,158972.4779,125078.4214
000778.SZ,20250417,1.1761,0.93,79.7645,0.5257,1335592.43,1312151.5414
300593.SZ,20250417,1.887,0.56,,2.5745,722607.9607,599750.9833
603530.SH,20250417,3.8422,0.99,31.7176,5.546,985560.3856,974619.6847
688357.SH,20250417,1.3173,0.7,33.3179,1.4826,247944.9159,247944.9159
301389.SZ,20250417,8.735,0.48,59.6431,2.2115,490455.0,141993.2913
002107.SZ,20250417,2.2012,0.52,105.5721,3.7475,256281.0624,252909.7926
603833.SH,20250417,3.0982,2.08,15.5782,2.3823,4294525.3224,4294525.3224
600545.SH,20250417,2.3008,0.74,,1.1764,373673.6544,373673.6544
002676.SZ,20250417,2.8934,0.78,73.3892,3.2107,397440.0,397422.6744
600758.SH,20250417,2.4002,0.69,230.0584,0.866,467994.1575,467543.1615
000524.SZ,20250417,35.3703,0.86,60.84,4.0287,913494.3177,913210.1826
000566.SZ,20250417,8.0964,0.8,,12.4232,652574.6584,586452.5957
920753.BJ,20250417,6.176,0.55,78.1221,5.6712,225652.9081,87273.3708
920088.BJ,20250417,15.7383,1.84,41.5951,3.4668,224934.611,50952.3
002320.SZ,20250417,3.1749,0.37,51.8877,3.1097,1332902.0458,1332902.0458
600499.SH,20250417,1.9614,1.3,15.6278,1.37,1572642.2406,1572642.2406
002852.SZ,20250417,11.2502,0.9,19.0344,1.588,336744.9706,279816.5523
301586.SZ,20250417,7.7766,1.08,43.3977,3.2088,394465.5413,98616.3865
600871.SH,20250417,1.6185,0.79,54.3895,3.972,3435273.578,2456057.5177
002067.SZ,20250417,1.9641,0.63,47.6317,0.7666,434990.5322,387502.0322
601225.SH,20250417,0.9589,0.79,8.9759,2.1451,19923225.0,19923225.0
688800.SH,20250417,3.4434,0.61,39.1464,3.2744,686116.47,686116.47
002398.SZ,20250417,3.1913,1.21,35.9652,0.8777,314808.5516,261294.9473
003010.SZ,20250417,6.5849,0.7,100.1377,8.1609,783737.7577,577783.74
000958.SZ,20250417,6.3392,0.46,28.8634,1.9242,3800693.4751,3800677.5901
000050.SZ,20250417,1.2064,0.95,,0.662,1803986.7832,1803965.4788
002747.SZ,20250417,2.5932,0.54,,6.2708,1587510.7874,1432583.8351
600300.SH,20250417,40.0866,2.16,21.7728,2.119,700222.5639,700222.5639
000609.SZ,20250417,6.4321,2.67,,2.5891,73619.3184,71606.7924
002705.SZ,20250417,1.4506,0.43,9.8959,1.259,1039200.9984,1034446.5958
601368.SH,20250417,1.3204,0.55,47.8968,0.8883,421178.1577,421178.1577
603348.SH,20250417,1.6791,0.62,65.4261,1.5041,640590.0401,640590.0401
920046.BJ,20250417,19.2229,0.99,126.5691,7.2682,178327.45,90686.4933
601919.SH,20250417,1.3385,0.78,4.5969,0.9676,22571179.4953,18017892.5553
300052.SZ,20250417,4.689,0.69,,5.1743,229911.9474,229905.3624
688004.SH,20250417,1.7401,0.77,,1.9306,118770.504,118770.504
600624.SH,20250417,2.0457,0.48,,5.7572,424591.8388,424591.8388
300923.SZ,20250417,10.4915,0.58,38.51,1.5248,172762.8,168077.763
600720.SH,20250417,0.5959,0.65,10.5217,1.2264,1842560.2387,623258.6377
300555.SZ,20250417,2.1226,0.68,,3.7758,201200.0,199009.6493
600989.SH,20250417,1.0802,0.62,17.3682,2.5595,11007373.36,11007373.36
600562.SH,20250417,0.9449,0.48,41.0119,4.1001,2353320.6068,2338490.1795
001380.SZ,20250417,5.6381,0.78,22.6239,3.0333,512243.8704,166445.7539
300388.SZ,20250417,1.0647,0.55,12.6116,1.033,462427.6748,461797.2349
601058.SH,20250417,1.1543,0.68,9.3992,2.1838,4050939.5191,4050939.5191
601798.SH,20250417,1.4377,0.36,,1.767,230797.8569,230797.8569
301055.SZ,20250417,5.9851,0.82,73.4031,3.8702,242580.0,242580.0
000009.SZ,20250417,0.7701,0.71,115.6443,2.0135,1996311.6089,1974807.0708
002848.SZ,20250417,6.0815,0.71,,7.9496,87419.45,85440.9441
002221.SZ,20250417,0.8802,0.43,76.8732,1.1836,1270358.9802,1177477.2288
603322.SH,20250417,3.3359,0.83,81.3306,18.8797,605290.8834,605290.8834
603091.SH,20250417,5.7114,0.74,13.0286,2.1088,421939.4987,84387.9055
688113.SH,20250417,0.9001,0.79,22.1206,1.969,180699.5506,180699.5506
300765.SZ,20250417,1.9931,0.59,1077.3728,15.516,5788327.5222,5139185.5005
301010.SZ,20250417,6.3287,0.61,46.0145,2.0064,166428.0,166428.0
688205.SH,20250417,2.9631,0.54,60.463,2.7115,606519.303,340427.4965
300375.SZ,20250417,4.9164,1.08,54.8682,1.4632,329345.1646,220231.7641
002316.SZ,20250417,1.9014,0.74,,19.0836,136019.52,117898.635
603305.SH,20250417,2.7073,0.52,23.9047,1.712,1128721.8603,1128721.8603
001230.SZ,20250417,3.7668,0.99,15.1454,1.2723,231615.7283,93824.8338
600737.SH,20250417,1.5326,0.53,11.4156,1.936,2049016.6024,2049016.6024
688022.SH,20250417,2.1644,0.57,,3.3776,216682.0952,216682.0952
002404.SZ,20250417,5.2035,0.77,20.4886,1.6524,329310.3061,268002.8124
600057.SH,20250417,3.1554,1.79,13.4386,1.0755,1723495.1038,1346201.2634
000921.SZ,20250417,2.6426,1.07,11.4263,2.4751,3825388.7178,2516654.4625
002496.SZ,20250417,2.9612,0.61,,1.3368,200509.427,157124.4123
601018.SH,20250417,1.0852,0.58,14.5386,0.9094,7120306.154,5785514.7574
600749.SH,20250417,10.74,1.48,163.217,2.6159,272358.6204,272358.6204
002657.SZ,20250417,3.2093,0.51,,3.2825,594070.8353,587614.3932
001259.SZ,20250417,35.1783,2.28,115.0382,2.3159,166973.1869,49756.6469
000981.SZ,20250417,3.2819,0.64,,8.345,1759554.8763,1674344.4552
301032.SZ,20250417,12.3725,0.51,42.4673,2.7653,314920.2204,207200.1977
000408.SZ,20250417,1.662,1.12,21.1373,4.0202,5453394.0124,5453336.7079
600117.SH,20250417,0.658,0.62,2.7373,1.3321,670553.6605,670553.6605
000601.SZ,20250417,26.5132,1.42,,1.5486,661297.6214,661241.5518
600919.SH,20250417,0.7545,0.99,5.6709,0.796,18057703.2716,18057703.2716
300980.SZ,20250417,2.6193,0.43,92.1638,1.9476,266890.437,189700.6532
605266.SH,20250417,2.511,0.84,13.2743,1.1506,314340.3156,286233.8954
603326.SH,20250417,15.9437,1.18,33.4516,2.5091,279255.4582,276088.0445
688236.SH,20250417,2.6674,0.54,40.8156,1.8091,510146.105,105461.9045
002241.SZ,20250417,2.9811,0.38,26.3948,2.1197,7034343.0022,6213879.6305
300775.SZ,20250417,9.3026,1.53,33.4717,2.5478,1409714.6879,1363486.8207
300043.SZ,20250417,4.273,0.67,,2.5032,424271.6547,424046.9698
603685.SH,20250417,1.6076,1.07,23.9433,1.7479,196387.2391,196387.2391
688526.SH,20250417,3.4419,0.98,19.2628,1.8367,722498.4868,722498.4868
000301.SZ,20250417,0.3982,1.03,,1.6413,5315423.0974,5313272.7415
920002.BJ,20250417,16.0955,0.48,121.14,10.4928,697430.491,123383.5
002164.SZ,20250417,7.4588,0.61,71.777,2.7656,378907.6666,341599.9552
301077.SZ,20250417,16.1212,0.6,25.1773,3.315,372849.2418,208928.465
300248.SZ,20250417,5.5221,0.59,59.1565,3.2408,672127.5825,577316.8005
605298.SH,20250417,3.1591,0.64,80.6444,2.3813,235751.75,231738.26
603948.SH,20250417,3.1059,0.79,11.7032,1.3996,285493.4664,285493.4664
002796.SZ,20250417,8.3378,1.31,87.2777,3.1433,270601.6883,242857.8298
600655.SH,20250417,0.6052,0.92,175.6611,0.619,2200297.3613,2197763.1442
600307.SH,20250417,0.7476,0.65,,1.0184,839289.8948,839289.8948
600252.SH,20250417,0.9956,0.6,,1.3311,801682.8894,799038.2827
002136.SZ,20250417,3.222,1.01,,1.6242,189002.58,188506.613
300199.SZ,20250417,3.1927,0.42,,19.847,1134965.1168,907573.8169
603080.SH,20250417,1.9545,0.69,15.5534,1.4559,217768.5,217768.5
002827.SZ,20250417,3.6389,0.49,48.655,7.9514,720912.0,720909.0615
688433.SH,20250417,4.6979,1.14,208.6036,7.2129,1401961.388,684123.1232
603868.SH,20250417,1.3979,0.53,23.7748,5.1418,1562497.2,1562497.2
603506.SH,20250417,12.0345,1.47,15.0285,1.7488,197730.0013,197730.0013
688358.SH,20250417,1.3701,0.5,22.0093,2.2169,315518.4471,315518.4471
605277.SH,20250417,2.7406,0.53,35.1572,3.3918,478014.1627,462810.0119
600804.SH,20250417,0.3785,0.04,,2.7343,154144.1433,129514.5862
605167.SH,20250417,2.5705,0.97,17.1816,2.2463,401468.58,401468.58
603650.SH,20250417,3.6719,1.16,38.6121,6.0806,1912000.6967,1901321.1904
920469.BJ,20250417,4.6366,0.71,46.4221,3.7932,182666.016,126941.9701
300804.SZ,20250417,4.3451,1.06,53.1197,1.3654,179006.0,66522.5
601696.SH,20250417,0.6605,0.58,36.4004,1.5432,2733552.0,2733552.0
001356.SZ,20250417,31.1239,0.78,47.3508,5.271,1024827.48,211236.3735
002582.SZ,20250417,19.791,0.76,,1.3904,497149.8059,378475.9187
001298.SZ,20250417,9.7863,0.76,171.4548,3.202,497865.6154,258439.2525
688510.SH,20250417,10.2142,3.88,37.4529,4.1496,473873.7031,473873.7031
301528.SZ,20250417,5.6532,1.25,41.6402,1.7278,255461.3,131444.7684
301167.SZ,20250417,2.7649,1.25,92.9561,1.5474,144704.0,89833.2174
001286.SZ,20250417,1.3036,0.68,11.9273,1.3972,3408750.0,954450.0
600203.SH,20250417,3.288,0.47,,2.9602,490401.1438,490401.1438
000852.SZ,20250417,4.3751,0.56,65.9306,1.8925,584202.572,574951.8426
002390.SZ,20250417,1.289,0.73,65.1903,0.985,660909.6351,629783.7258
300708.SZ,20250417,2.681,0.58,35.376,2.7611,739099.5477,550113.1541
301171.SZ,20250417,5.9786,0.9,48.0398,3.1622,1110819.4204,726856.4089
301662.SZ,20250417,81.0732,,25.6141,3.7483,564080.0,111238.8676
001309.SZ,20250417,8.9604,1.16,38.8466,8.3985,2167236.7895,1174061.5417
603416.SH,20250417,4.2836,0.82,29.9774,2.9227,655431.28,650511.815
000550.SZ,20250417,2.3004,0.52,10.872,1.4799,1671182.304,1003744.6778
300173.SZ,20250417,3.2427,0.58,101.0613,4.2517,386465.7171,386465.7171
002455.SZ,20250417,8.6206,2.8,40.8467,2.515,443908.1802,387865.1947
600512.SH,20250417,1.5986,1.17,62.6477,0.5568,351758.623,349229.1359
001279.SZ,20250417,22.1506,2.74,68.5209,6.5932,633600.0,148990.9093
002126.SZ,20250417,2.0559,0.5,24.6092,3.1202,1901634.8334,1786358.8144
301479.SZ,20250417,7.0695,0.47,39.4087,5.5004,651099.1501,145528.4155
920735.BJ,20250417,21.94,1.9,25.7015,4.113,454873.1986,402301.3684
600366.SH,20250417,1.6541,0.69,89.2759,1.3674,791309.5567,765390.2659
600350.SH,20250417,1.2226,0.64,15.7732,1.6924,5041312.185,5041312.185
688320.SH,20250417,2.4168,0.4,,4.0039,530511.0157,370905.0202
688819.SH,20250417,0.743,0.56,15.5522,1.5216,2417612.7,2417612.7
688170.SH,20250417,0.9948,0.52,,1.7007,209614.08,161459.22
600601.SH,20250417,1.5855,0.53,68.2114,4.2654,1755693.4738,1755693.4738
603778.SH,20250417,1.14,0.58,,2.2787,191739.499,187714.2855
603927.SH,20250417,1.2635,0.63,44.9093,4.8421,1594765.76,1594765.76
920111.BJ,20250417,11.3239,1.35,37.49,5.1431,434587.7545,103324.6885
603107.SH,20250417,1.2059,0.75,29.6929,2.5039,506677.17,327697.345
000006.SZ,20250417,3.236,0.72,,1.3063,842396.9087,842392.1351
600635.SH,20250417,0.9345,0.64,44.8281,1.2228,1045161.875,856252.253
000797.SZ,20250417,7.7441,1.28,62.4683,0.8576,447664.9518,447513.5587
002251.SZ,20250417,5.0725,1.46,10.1406,1.5615,1228735.7579,691616.0566
605005.SH,20250417,2.9362,0.86,22.7718,3.1747,598292.0,598292.0
002842.SZ,20250417,2.813,0.64,,2.0176,206777.1391,169613.7641
301408.SZ,20250417,5.9498,1.75,33.0815,2.2536,445211.13,166027.6602
600390.SH,20250417,1.0521,0.43,15.7251,0.5623,2392970.8242,2392970.8242
688617.SH,20250417,0.7808,0.78,63.4883,17.4424,4275780.5881,4275780.5881
603369.SH,20250417,0.6399,0.44,17.7063,4.3203,6349952.5884,6349952.5884
300657.SZ,20250417,9.3413,0.74,354.2225,9.701,1258015.5043,1176212.4784
603409.SH,20250417,11.7293,1.02,28.0917,3.2708,471730.29,115568.4825
600992.SH,20250417,1.5985,0.6,,2.2261,323763.89,323763.89
300012.SZ,20250417,1.9079,0.81,20.8225,2.8091,1945349.4154,1655125.7593
601601.SH,20250417,1.0429,0.92,6.5605,1.0122,29495966.901,20986897.101
002539.SZ,20250417,1.1411,0.78,11.3346,1.0486,911831.4403,666770.7453
300261.SZ,20250417,2.6633,0.65,,2.6898,594361.9436,577553.6333
920982.BJ,20250417,2.8742,0.55,47.7627,22.7856,3503208.5322,1816323.0553
001332.SZ,20250417,4.9146,0.44,15.0107,1.6041,383020.0,94014.0
002886.SZ,20250417,3.1362,0.59,289.171,2.5522,450604.5033,356383.8968
300437.SZ,20250417,2.5507,0.92,,1.2657,179220.2668,124825.5239
301197.SZ,20250417,2.0037,0.73,45.3294,1.286,168394.38,114207.544
300821.SZ,20250417,1.3574,0.84,153.4841,1.7767,871200.0,870982.3815
920425.BJ,20250417,6.8441,0.45,76.3221,5.2498,128445.8212,107218.365
300457.SZ,20250417,1.5102,0.5,21.8049,1.6684,1097136.1075,1077691.5336
920339.BJ,20250417,2.0193,0.3,37.3677,4.1886,247068.6636,169306.5855
688291.SH,20250417,2.0314,0.79,63.8655,2.1271,196914.7306,64572.7306
920809.BJ,20250417,1.6469,0.59,,1.7756,320040.0691,170870.5994
000960.SZ,20250417,2.4297,0.5,15.7944,1.2209,2281081.5055,2281081.5055
300651.SZ,20250417,25.9326,1.34,36.0666,2.3938,187076.4206,108938.9307
601872.SH,20250417,1.2567,0.57,9.4394,1.204,4821133.361,4821133.361
002526.SZ,20250417,3.57,0.75,82.6402,1.9572,609715.4919,601069.9139
300442.SZ,20250417,2.3895,0.63,41.5318,10.2604,8951704.5748,2874572.0692
688278.SH,20250417,0.9311,0.75,37.4554,12.1404,3099816.0,3099816.0
920414.BJ,20250417,3.3577,0.52,,3.5038,101918.1625,70642.5184
000686.SZ,20250417,2.1216,1.4,19.4421,0.9436,1755339.6863,1755339.6863
000893.SZ,20250417,1.5921,0.6,32.2418,2.1126,2446887.5432,2149434.756
920680.BJ,20250417,10.8948,0.55,,1.2567,80667.8796,56459.5862
600208.SH,20250417,2.4924,1.14,13.9987,0.5279,2322940.8384,2322620.9875
000036.SZ,20250417,1.6143,0.83,77.8041,1.0512,534216.249,533255.8619
600872.SH,20250417,2.453,1.18,19.0836,3.0358,1704291.8815,1677669.7792
601008.SH,20250417,54.7351,1.23,40.0238,1.8659,762992.3737,762992.3737
603383.SH,20250417,3.5249,0.52,40.349,5.3038,782729.777,779341.9504
300565.SZ,20250417,4.7782,1.16,,3.6472,258693.978,235801.8994
920375.BJ,20250417,6.2266,0.81,55.6727,2.2216,169569.3,106383.9768
688277.SH,20250417,0.9995,0.62,,3.9259,518758.203,518758.203
600615.SH,20250417,1.1772,0.64,246.485,2.9614,215847.5432,215392.9352
002482.SZ,20250417,1.1558,0.58,2.3141,10.7295,641414.5641,640008.506
300541.SZ,20250417,4.2046,0.62,129.6838,3.0381,498851.6107,415312.7839
688663.SH,20250417,1.4591,0.6,18.5268,2.3379,323004.6,323004.6
600141.SH,20250417,1.0799,0.54,13.8339,1.0384,2215336.293,2215336.293
600280.SH,20250417,20.8295,1.61,,5.1739,420868.8759,420868.8759
688400.SH,20250417,2.5758,0.53,108.3492,2.9641,1139995.4607,586329.431
301559.SZ,20250417,1.9225,0.75,29.8154,1.9254,906000.0,135900.0
300680.SZ,20250417,5.6005,0.59,39.116,4.3214,795416.5892,594050.1898
603213.SH,20250417,3.6474,0.89,16.0489,2.1694,390890.2955,390890.2955
301567.SZ,20250417,2.6841,0.72,61.8536,3.5055,256320.0,75613.866
000895.SZ,20250417,1.2104,1.14,19.0975,4.5116,9527818.3358,9526340.296
603882.SH,20250417,2.0312,0.88,82.2752,1.8618,1326308.4413,1317365.294
000590.SZ,20250417,3.0843,0.89,,3.5506,212411.0138,212322.4557
301380.SZ,20250417,3.6207,0.78,52.424,4.058,281661.1868,121471.9811
600219.SH,20250417,1.2317,0.66,8.1272,0.7801,3925420.7466,3925420.7466
000731.SZ,20250417,1.318,0.5,16.1657,0.9657,397327.5121,397327.5121
688046.SH,20250417,2.5322,0.47,38.7024,2.0933,448130.0,222896.6202
000818.SZ,20250417,5.3247,0.82,202.8795,4.6216,1555946.396,1551848.7134
603155.SH,20250417,3.3099,0.74,36.1457,1.8251,413364.9212,413364.9212
301327.SZ,20250417,1.9818,0.62,158.8393,1.2434,758160.0,210402.5585
002080.SZ,20250417,1.0939,0.5,25.0815,1.2083,2236938.7375,2236938.7375
300715.SZ,20250417,2.7482,0.83,,1.7435,380323.7626,336163.8293
603968.SH,20250417,1.9732,0.83,,1.1101,206551.476,203662.08
688081.SH,20250417,2.7353,0.87,,4.2971,187326.72,187326.72
600876.SH,20250417,1.4397,0.87,,1.4353,576587.742,353337.742
300990.SZ,20250417,4.8601,2.85,64.5725,4.0693,719437.0434,328649.2959
603633.SH,20250417,2.1404,0.82,40.029,1.5555,305596.5457,305596.5457
001323.SZ,20250417,2.0889,1.17,16.6656,3.0889,1343633.59,261783.665
000404.SZ,20250417,2.4429,0.61,10.1459,1.1757,469797.2858,467767.6911
002052.SZ,20250417,6.4542,2.36,,,457273.2924,457270.9937
002034.SZ,20250417,2.7067,1.15,11.9787,1.0779,717375.5289,713815.3173
300814.SZ,20250417,4.2702,0.58,182.1158,3.3821,515587.2309,515587.2309
000065.SZ,20250417,1.851,0.44,10.3411,1.1163,1085313.8904,987636.7977
920249.BJ,20250417,8.1537,0.49,,8.6702,602509.27,164921.9275
300824.SZ,20250417,3.1171,0.66,42.8182,4.2252,297623.614,288233.32
000766.SZ,20250417,1.9495,0.56,331.6696,7.4089,1734857.9991,1733983.7874
000591.SZ,20250417,0.7266,0.73,11.9468,0.7213,1696406.4643,1560193.7257
002993.SZ,20250417,2.1493,0.47,22.1271,1.8165,869526.0,751107.839
603259.SH,20250417,1.1323,0.46,16.0469,2.5864,15164849.0481,13132312.1844
000541.SZ,20250417,4.3133,0.5,30.8081,1.4576,932217.3856,718528.4604
688152.SH,20250417,3.879,0.53,593.9309,3.7567,467156.3452,184270.9052
603912.SH,20250417,3.2061,0.66,121.4787,2.3696,435613.4632,435613.4632
688276.SH,20250417,1.5549,0.59,37.5532,2.1238,897223.3301,897223.3301
002901.SZ,20250417,3.0494,1.16,68.1344,4.3323,1370404.5649,954977.2786
002544.SZ,20250417,1.8431,0.87,,3.6422,1359706.7122,1356884.749
603330.SH,20250417,4.3737,0.54,,1.7128,295083.4286,295083.4286
601375.SH,20250417,0.8872,0.73,72.7081,1.2713,1787510.6095,1327295.0845
688082.SH,20250417,2.1565,0.82,39.3194,5.8199,4534266.9567,4481004.9221
002462.SZ,20250417,1.374,0.94,14.575,0.8096,355882.6864,355593.9112
603659.SH,20250417,1.1703,0.62,24.4176,2.0138,3714393.4165,3713061.5941
300499.SZ,20250417,4.6603,0.59,,3.9142,541816.2011,481749.9207
688026.SH,20250417,2.9253,0.77,26.4434,1.8011,190893.9792,190772.0634
301181.SZ,20250417,3.29,0.95,20.352,1.7611,247488.7642,80412.7642
920679.BJ,20250417,6.8027,0.58,47.5438,2.1834,109912.8,51424.824
300943.SZ,20250417,3.0496,0.67,42.7919,2.5994,249271.86,164298.171
688179.SH,20250417,5.4151,1.32,45.2374,4.6661,447977.2934,447977.2934
300858.SZ,20250417,7.0359,0.73,40.5485,2.1293,375744.0383,276308.2868
002605.SZ,20250417,5.3534,0.85,25.3953,3.2675,1089202.3879,875553.1864
300887.SZ,20250417,2.8482,0.58,,1.218,389125.7221,258246.6179
600076.SH,20250417,1.587,0.74,,0.6214,262185.9566,262185.9566
300277.SZ,20250417,4.8876,1.63,413.7,7.9518,391280.0,390838.8464
002204.SZ,20250417,11.2911,0.78,22.1504,1.5048,1102812.2883,1102812.2883
300366.SZ,20250417,4.1066,0.81,,2.1037,365153.2662,318831.9965
601390.SH,20250417,0.6744,0.84,5.0838,0.4657,14177088.7126,11732093.6002
603225.SH,20250417,1.2848,0.61,16.3277,0.928,1543061.6163,1529912.7003
300551.SZ,20250417,2.221,0.7,,3.6994,277985.363,277189.4182
000890.SZ,20250417,3.2192,0.71,,16.8116,130046.2301,130042.2243
920433.BJ,20250417,12.1538,0.79,216.0773,4.2996,205247.5842,135823.0484
003015.SZ,20250417,4.9901,0.49,54.3603,3.7757,366792.0004,322859.2081
301082.SZ,20250417,15.2411,0.73,226.056,3.3091,357568.4949,169255.6909
603307.SH,20250417,5.6547,0.73,16.7758,1.6846,228609.736,57256.0
920729.BJ,20250417,7.1991,0.41,65.6944,4.0798,271163.2,76210.4407
688028.SH,20250417,3.9091,0.62,32.3926,1.6343,318587.4475,300131.9076
002319.SZ,20250417,1.5572,0.67,,11.1143,200465.1921,191400.0
603032.SH,20250417,3.0712,0.86,,2.3826,302529.675,297542.574
600549.SH,20250417,1.1533,0.56,16.8021,1.8362,2922745.5057,2610549.9665
300837.SZ,20250417,13.034,4.89,31.2046,1.5662,213503.0424,150694.0111
601990.SH,20250417,0.5314,0.65,28.412,1.5924,2845870.7182,2825356.9899
000048.SZ,20250417,2.6016,0.52,11.5819,1.9262,826710.0278,821218.4503
002075.SZ,20250417,4.2282,1.36,78.1278,1.9838,1270224.9327,1270222.8917
300669.SZ,20250417,0.7561,0.55,107.4509,4.5102,395046.3283,373284.6394
301265.SZ,20250417,1.5122,0.91,54.5464,1.2539,258133.1511,144667.1744
600332.SH,20250417,0.4671,0.52,15.0739,1.1904,4274204.4049,3696087.3049
688485.SH,20250417,1.5885,0.93,132.37,1.1255,143228.3351,84014.553
600234.SH,20250417,0.6161,0.58,,3.7195,163813.0872,163813.0872
603881.SH,20250417,10.2077,0.92,135.9963,5.5753,1797738.4395,1797738.4395
002025.SZ,20250417,0.9911,0.49,70.4472,3.7833,2445169.6101,2422057.6992
002915.SZ,20250417,3.6392,0.99,,2.6874,387632.8346,343372.8926
000725.SZ,20250417,1.0017,0.61,26.9436,1.0956,14342751.1733,14040442.7164
600113.SH,20250417,1.886,0.94,44.3544,2.5341,597497.9239,583409.3849
000543.SZ,20250417,5.929,1.2,10.0906,1.1175,1722816.1316,1722816.1316
603089.SH,20250417,4.4739,0.74,50.2495,1.6805,200693.6641,200693.6641
601860.SH,20250417,1.6539,0.99,6.1209,0.5197,992126.803,962474.9814
600131.SH,20250417,1.3362,0.84,28.51,3.5041,2234448.7718,2224383.5771
920263.BJ,20250417,6.5983,0.58,30.7231,3.2531,179095.9921,130088.8585
002799.SZ,20250417,2.7426,1.05,,1.7191,235549.44,235546.3488
603390.SH,20250417,3.0225,0.64,88.2265,2.084,328813.305,327021.1728
688612.SH,20250417,0.7559,0.5,24.5827,3.0323,992616.9408,598759.8542
002628.SZ,20250417,4.7509,1.66,,1.0692,309654.0697,308408.23
301132.SZ,20250417,2.9796,0.64,36.7231,1.9524,339413.6827,105466.7513
301314.SZ,20250417,2.3656,0.75,61.1447,1.7685,183319.5,53917.5
688662.SH,20250417,6.5558,1.82,67.7031,4.6362,325782.08,325782.08
002576.SZ,20250417,4.3217,1.03,37.6126,1.7861,220573.6,216468.8349
600665.SH,20250417,5.4411,1.96,,0.6336,253187.8987,253187.8987
300629.SZ,20250417,4.5887,1.13,35.146,2.8725,491784.2173,413927.9317
920690.BJ,20250417,6.2821,0.97,24.951,2.8464,158191.8,73074.5904
600568.SH,20250417,0.6098,0.58,,1.1291,257080.1888,215309.679
002601.SZ,20250417,0.4604,0.53,10.7473,1.6928,3920679.8196,3267361.4153
300382.SZ,20250417,3.2295,0.56,856.3126,3.1999,754089.193,753861.3939
600774.SH,20250417,7.6302,0.95,,1.4087,236320.954,236168.5469
301362.SZ,20250417,2.0239,1.0,15.9599,1.444,368019.72,104319.72
688390.SH,20250417,3.9982,1.04,,3.7854,1040453.0868,1040453.0868
300394.SZ,20250417,2.9591,0.5,28.7205,10.1269,3639597.0978,3631925.3482
920682.BJ,20250417,19.0959,1.12,28.1962,3.3589,374774.4,217514.7069
688302.SH,20250417,2.994,0.63,,3.2627,389131.3001,320354.4216
300564.SZ,20250417,3.8998,0.75,53.879,1.4914,191061.9936,132778.1456
601009.SH,20250417,0.5808,1.04,5.7799,0.9165,11662019.2197,10470962.2198
603300.SH,20250417,9.0028,0.59,26.0917,3.0808,1892718.9523,1892718.9523
002195.SZ,20250417,4.4458,0.73,623.4724,2.8678,2806683.0304,2772846.2119
301295.SZ,20250417,2.4618,0.62,62.7275,2.1288,203817.6,59446.8
002573.SZ,20250417,1.2363,1.02,,0.8099,511355.4999,507265.0898
002374.SZ,20250417,2.9678,1.39,,2.4951,276728.3672,276728.3672
300792.SZ,20250417,21.2736,1.39,71.7394,2.2688,638560.6574,572778.2487
688155.SH,20250417,1.827,0.5,22.5737,2.5669,502576.9306,502576.9306
603332.SH,20250417,3.867,0.77,22.0939,1.5065,190818.2163,190818.2163
301397.SZ,20250417,4.1027,1.06,24.2245,1.86,359826.798,164535.798
002645.SZ,20250417,6.7744,0.66,,1.1857,424515.2641,374384.1135
300527.SZ,20250417,8.3715,0.64,7085.0944,3.0879,807220.8565,807220.8565
688716.SH,20250417,2.0577,0.47,94.528,3.1682,371367.36,209301.7438
000717.SZ,20250417,1.6494,0.74,,0.704,581722.9416,581645.7216
688793.SH,20250417,3.6145,0.61,245.3293,6.2206,231451.0134,231451.0134
300908.SZ,20250417,12.192,2.36,26.9105,2.7391,472018.0,399539.1479
601089.SH,20250417,1.5476,0.65,14.7927,2.0394,722880.0,309251.698
002168.SZ,20250417,1.0577,1.13,,,169379.2875,169379.2875
300230.SZ,20250417,3.9618,0.56,9.5271,1.1058,341549.6452,264525.4496
000782.SZ,20250417,1.5563,0.48,,1.9632,348783.4066,268294.9285
300600.SZ,20250417,1.5441,0.76,,2.54,234504.8806,196192.2585
002774.SZ,20250417,11.9379,2.47,19.703,2.0602,260933.1225,218373.2496
000972.SZ,20250417,2.4511,0.76,,,242954.3274,242954.3274
000856.SZ,20250417,4.6396,0.79,101.667,5.2959,222233.0,222233.0
603896.SH,20250417,1.0028,0.59,20.9752,1.724,384989.5722,384989.5722
002430.SZ,20250417,1.1322,0.52,20.5888,2.0889,1899035.466,1872123.7487
920152.BJ,20250417,1.7658,0.45,,5.262,223908.1587,165226.2235
688376.SH,20250417,1.9674,0.67,27.1902,2.8799,515424.0,195529.7338
002971.SZ,20250417,1.3854,0.65,45.8631,2.7658,373463.48,283142.7213
301299.SZ,20250417,4.023,0.79,52.2412,5.7406,336000.0,197235.8528
601006.SH,20250417,0.7117,0.78,14.6477,0.85,13800816.7355,13800816.7355
603828.SH,20250417,1.288,0.41,,4.2584,320030.6048,320019.5786
603955.SH,20250417,13.1037,1.6,92.1429,1.7178,268454.16,268454.16
002763.SZ,20250417,1.9836,0.91,33.9143,1.3898,268090.296,198526.8993
603711.SH,20250417,14.288,1.73,20.372,1.8332,600043.263,600043.263
600982.SH,20250417,8.8494,0.85,15.0773,1.228,520814.408,520814.408
300921.SZ,20250417,4.0164,0.88,113.5062,3.8783,314611.7221,189727.4638
920275.BJ,20250417,14.8105,0.52,120.9312,7.3656,171330.92,80599.1398
300953.SZ,20250417,6.3937,0.51,58.5692,4.2137,1492908.2538,1068310.3728
600246.SH,20250417,2.3541,0.83,,1.9749,1030131.3603,1030131.3603
600739.SH,20250417,0.746,0.55,42.7155,0.5007,1479229.3921,1479229.3921
300790.SZ,20250417,2.9799,0.66,61.6911,3.2822,756842.6986,604706.0585
300054.SZ,20250417,4.3135,1.13,66.6911,6.4853,2814847.773,2184523.407
688049.SH,20250417,12.8728,1.17,72.4081,4.1064,771746.3495,592887.7516
301069.SZ,20250417,1.7889,0.58,99.399,3.7663,556508.2256,518564.5856
688130.SH,20250417,13.1659,1.04,,2.0902,265037.3018,85739.3018
688319.SH,20250417,2.8022,1.33,312.8947,7.024,649493.76,648654.88
688395.SH,20250417,3.2561,0.48,41.9958,2.0713,157434.655,157434.655
600963.SH,20250417,1.3187,0.72,46.1741,0.9724,769867.8083,766299.5843
600599.SH,20250417,1.8423,0.77,,2.6167,158530.0,158530.0
688720.SH,20250417,2.2097,0.77,95.1203,3.3467,326093.3358,204545.8272
600284.SH,20250417,2.7221,1.38,10.7267,0.8217,636487.936,636487.936
000651.SZ,20250417,0.4827,0.45,8.1574,1.9941,25195123.023,24808477.2595
300931.SZ,20250417,10.3476,1.98,109.301,2.1964,151532.126,123903.1051
002809.SZ,20250417,9.4739,2.29,30.727,1.1437,183109.4729,119967.3183
688103.SH,20250417,1.7512,0.52,142.9499,4.1927,466188.2866,466188.2866
600826.SH,20250417,11.8121,1.94,19.9201,1.4595,611228.3792,611228.3792
002182.SZ,20250417,1.3396,0.52,43.5954,2.0662,1101880.4154,961584.3431
001209.SZ,20250417,20.0437,2.03,26.7998,1.7155,220432.0787,161054.6099
601200.SH,20250417,1.114,0.88,18.0621,0.9281,1039289.7538,1039289.7538
300866.SZ,20250417,1.2121,0.45,22.0145,4.9821,4123747.6218,2300078.4026
000729.SZ,20250417,2.4991,0.66,34.7352,2.5083,3666919.6826,3264998.2738
000538.SZ,20250417,0.7509,0.63,21.5378,2.6342,10229177.503,10162861.8396
002134.SZ,20250417,2.7068,0.49,126.3733,9.1272,434662.3898,434662.3898
300727.SZ,20250417,2.8834,0.48,51.7017,4.1539,497558.688,447644.2896
601877.SH,20250417,0.7322,0.67,11.2099,1.1261,4699795.1505,4699795.1505
600126.SH,20250417,14.374,0.63,,1.892,3671004.5332,3671004.5332
300151.SZ,20250417,1.1535,0.62,111.555,4.4274,697586.3931,482993.049
000726.SZ,20250417,1.4985,0.58,11.991,0.5252,492018.218,354358.5126
002813.SZ,20250417,2.0067,0.69,,7.7054,240600.0,240311.4304
002274.SZ,20250417,1.3509,0.63,8.7736,1.2091,693321.4623,682754.1666
601228.SH,20250417,1.3426,0.47,24.8764,1.1513,2399160.9696,2399160.9696
601326.SH,20250417,1.3227,0.52,11.4612,0.9279,1793559.252,1527176.439
300587.SZ,20250417,2.0754,0.54,,2.1059,541183.5218,429474.1924
688070.SH,20250417,1.9993,0.78,,5.9461,339810.4,339810.4
002997.SZ,20250417,2.5082,0.55,21.2417,3.4385,744137.3104,744137.3104
002170.SZ,20250417,6.8797,0.97,23.2217,2.9529,950087.7394,702721.8825
300075.SZ,20250417,2.1661,0.6,,2.3807,943496.71,781359.5128
000820.SZ,20250417,6.6189,2.34,,18.1292,164123.1513,74978.1342
000901.SZ,20250417,2.2048,0.74,659.2949,1.9451,809376.2257,809368.0883
300264.SZ,20250417,2.7023,0.88,,39.9818,207673.3237,178527.03
688456.SH,20250417,1.3463,0.43,56.3651,2.7347,330260.76,330260.76
300796.SZ,20250417,1.8101,1.09,281.6511,1.9054,334057.1566,334057.1566
688506.SH,20250417,1.5752,0.8,28.7703,27.4493,10666600.0,2449073.2518
605007.SH,20250417,1.6387,0.55,18.8026,1.5996,550343.3859,463388.5015
601678.SH,20250417,9.4353,4.38,29.4607,0.7587,862317.1996,850501.3996
002235.SZ,20250417,2.9498,0.86,,3.7693,281672.13,269039.0548
002688.SZ,20250417,24.6163,0.63,49.0882,2.1278,476907.138,460449.4698
300506.SZ,20250417,1.4059,0.8,,25.1724,242763.2026,200928.1821
688129.SH,20250417,4.571,1.87,29.6827,2.9357,253005.48,253005.48
300018.SZ,20250417,2.7253,0.73,39.8544,2.3835,306770.52,243123.6419
601858.SH,20250417,1.6864,0.69,32.982,2.7911,1439500.5,1439500.5
001313.SZ,20250417,5.9009,0.94,,2.192,568400.0,567695.7532
000702.SZ,20250417,3.1461,0.57,,6.3485,230505.5904,177311.993
001387.SZ,20250417,3.4588,0.63,22.2102,1.8349,220195.1952,137034.1306
301007.SZ,20250417,3.9035,0.54,50.1006,3.9941,262671.42,257445.636
300622.SZ,20250417,7.191,0.56,64.764,9.0582,671139.4447,455808.3498
002829.SZ,20250417,3.1442,0.65,,1.7918,341223.0249,235060.0946
300229.SZ,20250417,3.2512,0.66,273.0536,3.7175,1584748.3706,1441588.0711
920455.BJ,20250417,1.5481,0.61,52.9009,5.2969,184193.1,96459.7384
603356.SH,20250417,2.0303,0.84,,3.6016,162141.44,162141.44
002869.SZ,20250417,1.8422,0.7,76.3157,1.9146,411543.1336,365024.5022
601518.SH,20250417,2.3103,0.74,9.8242,0.9828,529354.8873,529354.8873
300308.SZ,20250417,2.2384,0.42,16.5807,4.4807,8573580.7668,8531268.1673
300425.SZ,20250417,2.1685,0.73,23.1974,1.4613,337701.3022,335978.6508
603182.SH,20250417,7.6248,0.93,19.6008,1.9893,213915.0,121002.2736
300003.SZ,20250417,0.6929,0.55,28.3984,1.2889,2008492.6356,1725993.1126
002252.SZ,20250417,0.836,0.75,24.8515,1.4593,4547019.6133,4544625.3842
300946.SZ,20250417,2.9891,0.58,35.6352,2.8642,335536.776,159262.956
000812.SZ,20250417,1.6862,0.78,57.9843,1.7864,327463.0536,327236.5732
002612.SZ,20250417,5.9505,0.78,27.5751,2.5445,709239.9361,408346.9809
301548.SZ,20250417,3.815,0.54,35.9459,2.6414,378885.0,114253.3423
920953.BJ,20250417,10.6852,0.78,74.6155,8.3437,455204.9697,135036.9427
300047.SZ,20250417,4.3893,0.74,326.5264,2.3182,757640.6703,653066.1886
002802.SZ,20250417,7.0764,0.69,47.2735,4.4037,269989.2472,269457.3979
300942.SZ,20250417,2.5724,0.54,,4.2552,335100.0265,335100.0265
000157.SZ,20250417,0.4383,0.45,18.1183,1.1163,6378324.2935,5196756.7618
300305.SZ,20250417,2.4286,1.35,,0.8831,194832.7515,166845.1056
601096.SH,20250417,1.8071,0.68,39.468,2.437,1094138.431,671977.4053
688501.SH,20250417,5.2672,0.83,27.5836,2.7079,259679.81,259679.81
688141.SH,20250417,6.4366,0.84,,7.8157,1617258.72,955221.3557
300203.SZ,20250417,17.2437,0.86,,3.4278,1037481.3312,1036628.0298
603825.SH,20250417,2.7442,0.77,,3.879,288296.9962,288296.9962
600668.SH,20250417,1.4084,0.64,102.2114,0.7251,366793.3606,366793.3606
603848.SH,20250417,4.0568,1.21,20.4314,2.4018,570726.965,568600.4
300290.SZ,20250417,2.154,0.54,873.9553,12.5439,1027410.5058,1026591.0845
603877.SH,20250417,1.8463,0.66,34.948,1.7135,781337.9741,773913.9997
920639.BJ,20250417,17.7115,0.9,75.2547,2.2136,184665.6,107369.7488
000909.SZ,20250417,2.4923,0.97,,2.162,257375.9761,257373.8152
688060.SH,20250417,1.5536,0.82,,2.0825,195198.5309,195198.5309
600331.SH,20250417,1.126,0.62,363.5176,33.6716,1312672.0,1312672.0
688281.SH,20250417,1.5203,0.62,35.7129,3.3276,1478695.9097,924184.9597
002675.SZ,20250417,2.6158,0.73,66.3891,2.7238,1220401.6434,1100208.3111
920001.BJ,20250417,9.6695,0.69,100.2601,4.3334,330360.8386,190685.693
300271.SZ,20250417,1.9029,0.71,,1.3498,540699.2082,530963.5077
603728.SH,20250417,2.823,0.51,230.0974,8.3219,2387630.25,2387630.25
600613.SH,20250417,1.882,0.75,63.6785,1.3631,320977.0484,288071.3068
300518.SZ,20250417,3.6926,1.07,,1.8904,191235.7014,191212.8772
600018.SH,20250417,0.5305,0.58,8.6404,0.9693,12921157.7204,12884090.6535
301557.SZ,20250417,15.3024,1.22,31.941,3.3693,336119.5094,84052.88
600199.SH,20250417,1.0919,0.65,,2.8299,684108.697,684108.697
000597.SZ,20250417,5.0008,0.92,19.0734,1.469,781719.486,769377.3882
002857.SZ,20250417,4.1676,0.7,253.7204,3.4558,177609.1625,176000.0
002275.SZ,20250417,0.9037,0.56,19.6154,2.7931,800856.0018,761973.3137
600869.SH,20250417,1.0143,0.51,,2.1083,943224.9171,943224.9171
002234.SZ,20250417,6.4069,0.68,,1.5836,322788.1961,278802.9911
600570.SH,20250417,1.1393,0.65,46.6566,5.6623,4867517.7183,4867517.7183
600628.SH,20250417,15.3892,1.68,74.4497,1.2383,521381.5595,521381.5595
300021.SZ,20250417,5.7503,0.36,87.0758,2.0433,380777.8805,312446.0631
603167.SH,20250417,3.3153,0.73,14.7955,1.1253,405809.9951,405809.9951
600159.SH,20250417,4.4289,1.48,,0.9988,190900.7434,190900.7434
688618.SH,20250417,1.8144,0.6,63.4902,2.4955,215211.518,214593.3036
301117.SZ,20250417,4.0561,0.45,,2.0613,265902.8306,163553.2666
002805.SZ,20250417,1.6429,0.43,,1.647,317590.8841,316176.5706
688168.SH,20250417,3.1521,0.86,,4.3711,491104.2424,491104.2424
300550.SZ,20250417,1.4219,0.63,115.7317,2.9064,311658.8874,311369.5205
920792.BJ,20250417,3.5999,0.56,34.7443,1.8147,179279.82,108726.7756
002186.SZ,20250417,24.8219,2.74,109.4384,4.453,373523.5726,373024.2983
605020.SH,20250417,2.9738,1.07,58.9209,2.3275,990385.7126,798050.6459
300490.SZ,20250417,1.7994,0.65,,1.078,285049.5319,281181.3376
688176.SH,20250417,0.8834,0.43,,2.2899,449730.0,298463.6719
300306.SZ,20250417,5.3668,1.04,32.6306,1.91,295316.7382,173006.303
600794.SH,20250417,14.5158,1.17,23.8,1.9473,499263.2973,499263.2973
300844.SZ,20250417,3.4529,0.5,,3.9641,301480.96,290917.0
300665.SZ,20250417,5.1501,0.84,,2.8657,130898.3032,96870.8768
002196.SZ,20250417,8.2812,0.75,,2.7262,377854.4107,372168.7301
000090.SZ,20250417,2.2317,1.5,8.6043,0.629,704441.6286,704409.3951
600429.SH,20250417,6.5956,0.84,60.1812,1.3537,692711.8037,687378.8585
600222.SH,20250417,1.8319,0.65,57.587,1.8477,290960.3455,290960.3455
601318.SH,20250417,0.4075,0.8,7.2147,0.9837,91342536.7887,53985490.9981
300531.SZ,20250417,5.607,1.91,,2.6422,397409.8611,381920.6381
300696.SZ,20250417,20.2541,1.59,,2.7472,505982.0487,321775.2441
600479.SH,20250417,1.033,0.55,14.5271,1.7556,423573.1199,418088.6099
688218.SH,20250417,2.5465,0.61,49.8389,2.6268,239101.0776,239101.0776
920122.BJ,20250417,5.5859,0.35,144.0269,12.3314,422653.3389,156196.4303
603309.SH,20250417,1.4672,0.72,14.8003,1.7342,318640.4036,317556.1028
002381.SZ,20250417,1.6321,0.94,17.071,1.219,262174.7758,205130.5212
600983.SH,20250417,0.889,0.48,57.139,2.7156,685962.905,685962.905
600064.SH,20250417,1.3852,1.18,6.9775,0.6345,1206046.7319,1206046.7319
002355.SZ,20250417,2.0185,0.54,,2.9231,351242.8464,349882.3239
920950.BJ,20250417,9.4222,1.34,23.0091,4.4952,136375.2,68913.0
002609.SZ,20250417,9.2232,1.72,207.7702,2.7505,653746.3989,465377.8637
000950.SZ,20250417,1.8769,0.86,19.5119,0.7362,838169.5776,838169.5776
688333.SH,20250417,2.0024,0.57,215.8505,3.3674,1620553.7527,1620553.7527
688062.SH,20250417,2.509,0.56,,5.1094,801597.6,409565.02
688003.SH,20250417,4.6616,0.63,68.594,4.4307,855302.71,855302.71
605199.SH,20250417,13.9812,0.98,54.1956,5.299,611766.2818,611766.2818
302132.SZ,20250417,1.6228,0.56,1399.0634,7.8799,15712712.5471,3467764.1291
002023.SZ,20250417,1.9158,0.96,91.5408,1.615,690481.739,690481.739
603998.SH,20250417,2.3834,0.52,15.7963,2.7878,431181.5289,431177.8955
001206.SZ,20250417,3.9654,0.53,18.4558,1.7417,307848.1903,177015.2426
000792.SZ,20250417,0.5701,0.49,18.6103,2.4741,8678178.9672,8678134.2034
601865.SH,20250417,1.2072,0.54,35.2391,1.6726,3547181.0904,2876698.6204
603558.SH,20250417,5.898,1.5,9.9131,1.3783,322103.0319,322103.0319
301377.SZ,20250417,5.6106,0.71,44.2698,4.0654,984000.0,170457.6
688316.SH,20250417,4.8758,0.63,,30.6602,259361.1071,195033.3377
603126.SH,20250417,2.1536,0.66,472.9891,1.7609,359584.5,359584.5
920090.BJ,20250417,5.7613,0.89,,11.8198,126776.1353,109072.7617
601878.SH,20250417,1.2395,0.7,25.0485,1.3839,4839076.8441,4839076.8441
688375.SH,20250417,1.9636,0.76,61.2803,4.8012,2969942.2467,1322848.7001
688255.SH,20250417,3.496,0.56,102.2695,3.1139,325621.6907,207783.9671
300717.SZ,20250417,4.8649,1.0,29.8185,2.1415,150873.7,149520.7912
603196.SH,20250417,2.7125,0.73,,5.0827,323252.0166,323252.0166
600917.SH,20250417,0.4183,0.69,17.7163,1.5857,866377.0668,866377.0668
000683.SZ,20250417,1.3084,0.92,11.1386,1.3185,1903240.869,1692331.8647
600874.SH,20250417,1.2883,0.64,10.8558,0.9063,876293.2914,686573.2914
688372.SH,20250417,3.8382,0.77,66.9501,3.2826,859794.0707,594361.3407
300825.SZ,20250417,1.9207,0.61,1123.0143,1.903,461683.5259,449048.2554
600067.SH,20250417,1.7558,1.17,,0.4821,310342.1288,310342.1288
002039.SZ,20250417,4.5092,1.23,30.1547,1.6829,658011.9559,658011.9559
920273.BJ,20250417,34.7941,1.31,67.1909,9.4106,582656.6,382734.46
301186.SZ,20250417,3.5568,1.09,31.7484,2.0189,290747.3221,271708.9078
688721.SH,20250417,4.9646,0.72,67.7582,5.1687,622243.5,124448.7
920579.BJ,20250417,7.3085,0.54,308.0359,6.9959,365004.12,125655.29
300409.SZ,20250417,3.0939,0.51,71.6407,1.3393,1051301.9542,920628.8643
000930.SZ,20250417,3.1778,0.51,,1.0228,1074919.7171,1072901.6879
002346.SZ,20250417,1.7874,0.59,,2.0193,542254.6108,483095.1435
600351.SH,20250417,1.691,0.85,18.4592,1.4403,407400.0268,407400.0268
300723.SZ,20250417,9.4833,0.74,,8.0119,1747599.3117,1635886.3976
002178.SZ,20250417,2.3452,0.69,747.9824,9.18,405215.0576,405004.6169
003035.SZ,20250417,0.6419,0.48,,2.4342,1609848.4845,1609848.4845
600803.SH,20250417,0.7787,0.91,13.3101,2.5484,5980476.1691,5446498.6605
605055.SH,20250417,3.4738,1.16,60.3669,2.104,241560.0,241560.0
603338.SH,20250417,2.7807,0.48,10.7513,2.2192,2186916.4894,2186916.4894
605111.SH,20250417,2.4236,0.7,29.8182,3.4307,1313281.5769,1313281.5769
301029.SZ,20250417,2.3325,0.88,31.2873,3.2737,1321044.2491,842007.3927
688611.SH,20250417,1.5643,0.54,61.1584,5.0095,446692.428,446692.428
003022.SZ,20250417,0.8139,0.53,79.1283,2.5612,1855103.952,1855103.952
603257.SH,20250417,46.1347,0.82,44.6261,2.8683,692760.0,140862.141
000558.SZ,20250417,26.1549,1.08,88.2433,5.5397,598199.9123,597949.6581
300334.SZ,20250417,2.3345,0.85,,3.2146,178520.6254,178499.5888
688518.SH,20250417,1.6582,0.68,31.3215,1.6473,518472.8193,518472.8193
301016.SZ,20250417,23.0138,0.57,60.4029,3.8848,406224.0,383346.295
600661.SH,20250417,2.8411,1.11,,30.6995,281390.9511,281390.9511
603466.SH,20250417,11.3041,2.07,,2.5478,563856.8455,563856.8455
300294.SZ,20250417,3.4181,0.78,35.8316,1.8999,1422485.6899,1422485.6899
002595.SZ,20250417,0.4041,0.47,21.6285,4.4036,4350400.0,4319325.0004
600318.SH,20250417,11.0587,0.46,132.8182,4.3233,467094.8728,467094.8728
603318.SH,20250417,2.247,0.54,32.1039,1.9798,288755.6112,241249.5477
300110.SZ,20250417,1.5453,0.64,23.9653,1.27,351117.2557,350809.7493
301129.SZ,20250417,3.5571,0.81,128.9553,1.6015,257603.9832,67968.5436
002171.SZ,20250417,1.0387,0.47,56.7702,1.7418,1304892.9439,1296938.0562
002775.SZ,20250417,1.331,0.7,,8.7882,193677.1437,140870.7177
001227.SZ,20250417,1.4525,1.16,6.8546,0.4426,1287227.56,952084.9842
301508.SZ,20250417,2.8434,0.5,50.7066,3.4603,669890.4476,174332.2532
000750.SZ,20250417,0.9049,0.68,56.2022,1.089,2407587.7778,2185168.8993
300190.SZ,20250417,1.1331,0.73,,0.6518,229789.7332,228195.0469
301458.SZ,20250417,4.7792,0.59,67.5912,5.0748,793333.4325,181728.0029
600678.SH,20250417,4.0221,0.78,,10.5278,235917.24,235917.24
300973.SZ,20250417,13.1416,2.1,69.0337,3.5925,812664.9203,546186.1683
603908.SH,20250417,10.0889,1.04,25.5917,3.9588,228279.87,228279.87
300287.SZ,20250417,3.2692,0.55,,5.9404,747777.654,682901.209
603169.SH,20250417,8.9618,0.45,73.604,3.4841,1149536.7822,1149536.7822
920523.BJ,20250417,6.1686,1.2,16.3787,4.1379,245959.7239,196763.9376
002199.SZ,20250417,6.337,0.74,,5.2112,119773.6426,119773.6426
002758.SZ,20250417,2.2962,0.39,15.1602,1.0154,457788.5845,454772.2594
688307.SH,20250417,1.7383,0.58,39.7591,2.4683,212432.0,140372.4633
603341.SH,20250417,1.0444,0.46,33.5599,3.2116,1775738.605,1016400.5888
300784.SZ,20250417,5.6915,1.03,38.2952,3.6341,277251.368,69315.8
688553.SH,20250417,0.7549,0.39,19.5098,1.6225,645566.4,471728.6486
300109.SZ,20250417,1.9679,0.6,18.849,2.1468,752739.1078,696269.7231
000070.SZ,20250417,2.1982,1.05,,2.7572,526701.6846,519828.763
300566.SZ,20250417,2.1631,0.66,20.0782,2.3162,452316.7583,388596.0293
600227.SH,20250417,1.7577,0.64,37.9728,1.3338,349566.6308,264463.1592
688177.SH,20250417,2.8927,0.65,,12.7132,900209.92,900209.92
601186.SH,20250417,0.5635,0.63,4.9269,0.4145,10945110.449,9271615.873
600506.SH,20250417,10.9872,0.8,117.8264,8.3345,369828.4669,284483.4374
600892.SH,20250417,2.772,0.48,,13.1879,165041.9355,164999.2631
002290.SZ,20250417,2.0046,0.58,59.5005,7.2401,582567.7508,580542.6008
600787.SH,20250417,10.8076,0.58,16.8204,1.0193,1396319.5564,1393191.0916
600985.SH,20250417,0.5995,0.45,6.9946,0.8012,3396199.232,3396199.232
301386.SZ,20250417,3.7636,0.63,30.3144,1.8441,273140.0,83738.8788
301587.SZ,20250417,1.9469,1.02,36.0857,1.4909,298781.2651,148962.7651
688221.SH,20250417,0.7806,0.46,,2.8032,319890.1697,319890.1697
603931.SH,20250417,9.7292,1.32,37.958,4.046,621025.6786,621025.6786
688567.SH,20250417,0.7741,0.49,,1.5275,1512964.6096,1512964.6096
688530.SH,20250417,2.9854,0.66,94.5124,3.0375,259912.7942,51982.5608
301363.SZ,20250417,1.3539,0.82,38.254,3.0607,1036983.0,286005.705
920533.BJ,20250417,10.2056,0.58,87.6182,13.7677,488831.2416,184486.7421
600301.SH,20250417,7.5807,0.75,20.8905,3.3506,1299926.1693,565814.8245
600170.SH,20250417,4.4303,1.47,10.6171,0.7328,2301458.3937,2301458.3937
603589.SH,20250417,0.703,0.65,12.6386,2.0942,2127600.0,2120931.6477
002442.SZ,20250417,2.7266,0.56,21.147,1.6428,300469.7209,291618.2109
688169.SH,20250417,1.3966,0.54,17.1764,2.6381,3395026.7371,3395026.7371
600149.SH,20250417,3.7242,1.04,23.7188,7.3353,159287.04,159287.04
300478.SZ,20250417,10.3469,0.93,,19.7637,150487.524,150487.524
002209.SZ,20250417,5.0825,0.88,28.0898,2.7318,196043.6143,152974.2026
601019.SH,20250417,1.9545,0.6,15.7583,1.3403,2001337.1,2001337.1
300237.SZ,20250417,5.7828,0.69,,13.8521,193216.6006,193214.7916
002212.SZ,20250417,1.3229,0.51,,0.9356,863360.2394,854519.915
002347.SZ,20250417,6.1867,0.58,,2.558,301307.2588,294549.5919
688322.SH,20250417,2.8294,0.56,,7.1722,2058405.146,1322855.4608
688225.SH,20250417,2.714,1.02,942.4008,4.1113,886422.16,463382.8028
300692.SZ,20250417,1.7924,0.79,32.6727,1.1591,249610.497,220696.1409
300768.SZ,20250417,2.5414,0.9,65.434,3.0318,1014674.5655,662972.3094
600865.SH,20250417,12.1786,1.25,28.2414,1.5002,351032.2148,351032.2148
601898.SH,20250417,1.4596,0.56,7.2321,0.9199,13974631.2236,9646208.4216
301075.SZ,20250417,12.9282,0.55,,2.4763,179280.0,179280.0
603170.SH,20250417,5.8064,1.9,24.717,4.5961,577214.43,229162.83
688010.SH,20250417,6.2001,1.45,749.1972,4.1858,711287.7905,711287.7905
688119.SH,20250417,0.8397,0.71,,1.3276,392625.0,199453.5
301505.SZ,20250417,2.5954,0.98,26.2387,1.8659,182160.0,120434.7528
600502.SH,20250417,1.7419,0.86,5.9606,0.7322,801621.349,801621.349
301580.SZ,20250417,2.5337,0.73,23.4247,1.9135,373584.8225,93396.2069
601010.SH,20250417,5.0885,0.86,49.1216,1.3049,567336.0,567336.0
000993.SZ,20250417,15.746,0.85,26.8023,1.8111,453829.8919,435789.8439
600315.SH,20250417,2.0744,0.58,,2.1633,1454024.7947,1454024.7947
301026.SZ,20250417,2.2115,0.86,31.8558,2.1507,320280.0019,224376.8744
000810.SZ,20250417,2.1374,0.51,85.2317,2.0094,1277890.056,1243301.9551
301078.SZ,20250417,12.3852,0.66,97.607,4.4441,1769200.881,1752111.64
000066.SZ,20250417,7.725,0.44,,4.1655,5003214.3855,4872921.4564
300930.SZ,20250417,3.2481,0.58,49.9821,2.7069,235600.0,111026.5024
605060.SH,20250417,2.0194,0.6,20.7303,1.7536,400365.44,399382.72
300903.SZ,20250417,1.9547,0.67,,1.4122,286139.1512,226493.0762
002042.SZ,20250417,3.1062,0.56,349.0799,1.7239,1034014.2638,1034014.2638
002650.SZ,20250417,0.7842,1.19,,2.7322,551808.0958,551790.1333
300289.SZ,20250417,1.6956,0.61,,1.463,243173.1347,242790.9497
600566.SH,20250417,0.6978,0.45,8.7384,1.7273,2430533.8699,2414827.8979
601886.SH,20250417,2.9119,0.91,10.2516,0.8884,653742.1886,653742.1886
001234.SZ,20250417,59.5653,3.12,39.7948,3.4508,307618.1307,299840.0937
600529.SH,20250417,0.7413,0.55,16.6054,1.93,1464596.3474,1464596.3474
300729.SZ,20250417,17.8721,1.66,13.6948,1.4849,523568.391,455109.1725
601388.SH,20250417,3.659,0.66,62.1349,1.1897,534897.0957,534897.0957
600449.SH,20250417,1.6004,0.52,26.6405,0.8839,643153.5015,643153.5015
920526.BJ,20250417,18.6152,1.34,107.9566,11.3031,251821.5,159458.9949
301365.SZ,20250417,7.8955,0.6,89.48,1.7178,302400.0,77868.0
600608.SH,20250417,0.7174,1.26,,23.0267,100631.6009,97421.6609
688102.SH,20250417,3.7838,0.42,73.5189,8.2588,861895.3997,861895.3997
300081.SZ,20250417,2.8413,0.76,,2.523,359248.4777,359194.0821
603051.SH,20250417,1.6535,0.59,266.4258,1.5626,240424.0056,239593.968
000966.SZ,20250417,9.6332,1.31,24.4327,1.2842,1747479.578,1380162.5049
600101.SH,20250417,31.739,0.93,32.6127,2.2801,682636.6389,682636.6389
605296.SH,20250417,4.8477,0.44,53.3528,3.3566,1579765.4261,1574986.0277
002144.SZ,20250417,2.2982,0.57,23.488,0.8931,181181.5912,140095.9894
300485.SZ,20250417,4.6386,0.45,,1.0789,362213.1328,205910.5209
688181.SH,20250417,1.0863,0.54,41.9066,1.5883,332438.3817,332438.3817
301345.SZ,20250417,3.7355,0.74,13.8861,2.0612,600950.7912,158695.0512
600461.SH,20250417,1.6946,0.6,10.8885,1.3912,1295703.6954,1208453.8298
603117.SH,20250417,5.5148,0.73,,4.0956,357721.052,357721.052
300360.SZ,20250417,1.4465,0.53,11.5836,2.138,818585.9046,796328.1701
601789.SH,20250417,3.4854,0.66,17.8459,1.2269,549920.0865,549920.0865
300115.SZ,20250417,4.9791,0.49,35.7468,3.4489,2748017.2721,2740067.4349
300859.SZ,20250417,20.0238,1.32,66.954,8.1902,644025.0,644025.0
688551.SH,20250417,1.0903,0.64,44.4932,1.6768,218331.6313,218331.6313
688380.SH,20250417,4.6112,0.79,79.7606,3.646,1091394.99,402848.28
688722.SH,20250417,13.5427,1.16,30.5256,2.9634,397435.3923,396442.0988
601336.SH,20250417,2.39,0.94,5.7993,1.5805,15210909.2216,10168602.2218
601615.SH,20250417,1.2258,1.01,,0.8235,2226066.7719,2226066.7719
000727.SZ,20250417,1.9298,0.58,38.4966,3.8195,1091625.6422,1091625.6422
600114.SH,20250417,2.6859,0.75,27.7913,3.9306,1103326.4238,1103326.4238
002285.SZ,20250417,5.0821,1.46,,1.478,446393.7045,442479.1482
002882.SZ,20250417,9.7857,1.3,52.4538,3.4379,735064.2,419078.5407
600611.SH,20250417,1.8928,0.55,63.9183,1.3736,1352278.2782,894216.9602
002506.SZ,20250417,1.1227,0.76,131.2798,5.1667,1275368.9811,1274087.3536
002109.SZ,20250417,1.5167,0.86,,0.8833,404577.5428,404577.5428
300035.SZ,20250417,2.7775,0.56,34.9603,2.1612,984272.6996,837692.5817
688128.SH,20250417,2.048,0.59,17.1742,2.4827,799292.0,799292.0
300137.SZ,20250417,0.846,0.68,,1.7963,320339.5794,314972.2807
603890.SH,20250417,2.3635,0.38,27.9544,1.6089,439943.7883,439943.7883
601827.SH,20250417,0.5969,0.74,11.5505,1.2068,1349250.1731,1349250.1731
301267.SZ,20250417,1.3871,0.76,29.3378,2.6769,1553160.0,608004.5899
300514.SZ,20250417,2.6672,0.62,14.2808,2.717,283000.0,224155.0671
600825.SH,20250417,2.4248,0.78,358.9201,2.5706,635291.8128,635291.8128
688202.SH,20250417,1.2902,0.46,,1.7528,377757.995,377757.995
000633.SZ,20250417,4.6965,0.7,166.536,10.288,194478.7184,194477.2791
002757.SZ,20250417,7.4384,0.83,36.0674,2.1934,522661.5101,498953.3862
920719.BJ,20250417,5.5188,0.58,,1.6487,104730.075,82342.8698
002007.SZ,20250417,0.8525,0.42,27.1665,2.4921,2955309.9764,2543103.8525
301367.SZ,20250417,6.0016,1.17,41.4325,2.2504,629708.8,397256.196
002084.SZ,20250417,26.3633,0.55,,1.4794,230642.0063,229184.1379
920438.BJ,20250417,3.3792,0.6,36.1906,2.698,254250.0,142965.612
300072.SZ,20250417,0.9948,0.58,,1.0773,676719.447,671434.0707
000825.SZ,20250417,0.995,0.82,,0.5649,1866160.7459,1862673.0293
300332.SZ,20250417,1.2554,0.71,59.6611,0.9116,384111.0955,368357.3761
603818.SH,20250417,5.6806,1.0,,0.8887,194259.0431,193605.3671
002485.SZ,20250417,1.3903,0.78,,1.0352,138720.0,138720.0
600480.SH,20250417,2.9954,0.47,20.4368,1.9342,1410445.215,1388971.635
002577.SZ,20250417,4.2927,0.71,147.2381,4.5789,541149.44,541120.745
002281.SZ,20250417,2.197,0.64,49.2457,3.7263,3294203.0985,3208832.3456
603276.SH,20250417,3.6644,0.71,52.1915,1.486,258731.2733,96751.2733
002556.SZ,20250417,3.2779,0.47,30.09,1.3983,508280.209,502142.9611
300245.SZ,20250417,5.8454,0.53,,3.6485,488053.3166,484657.5541
002630.SZ,20250417,6.8902,0.69,55.8837,8.4035,527817.6,473680.7863
002703.SZ,20250417,2.5689,0.61,57.371,4.403,855537.6794,609489.997
688350.SH,20250417,3.6952,2.11,,1.2888,172109.4895,172109.4895
300876.SZ,20250417,10.7828,4.19,,3.0461,225029.349,160299.789
603048.SH,20250417,3.6593,0.61,43.4129,1.8359,230601.6,230601.6
601015.SH,20250417,0.9992,0.69,,0.8527,596409.3106,596409.3106
603270.SH,20250417,4.8957,0.55,52.6153,2.2595,480281.8141,155010.9341
301071.SZ,20250417,2.1088,0.46,27.8586,1.4705,773529.3142,471325.3697
601666.SH,20250417,0.7494,0.64,8.9438,0.8863,2101403.1914,2096480.8592
300789.SZ,20250417,12.7722,1.29,32.1055,3.6074,367492.2343,252687.1636
301192.SZ,20250417,4.4108,0.86,42.2072,2.988,176623.2,84631.95
003001.SZ,20250417,5.4197,0.73,116.2385,4.2454,498943.4352,288075.4081
603730.SH,20250417,1.4888,0.79,16.7774,2.7233,1237914.5811,1237914.5811
688707.SH,20250417,1.1493,0.64,,1.2781,564701.6276,564701.6276
300752.SZ,20250417,1.7573,0.53,32.1838,3.4081,391698.37,267769.9158
920873.BJ,20250417,20.1146,0.74,,2.9073,92799.1362,66673.1278
300445.SZ,20250417,3.0972,0.51,28.4039,2.981,356245.1318,238242.574
000025.SZ,20250417,33.2459,4.73,60.764,4.8076,830218.3243,756491.0443
300017.SZ,20250417,3.8171,0.79,38.7243,2.6376,2612042.3816,2443537.9895
300867.SZ,20250417,4.8203,0.68,24.1064,1.0743,390491.8932,275369.1802
300803.SZ,20250417,2.3702,0.55,311.2514,14.4339,3243149.4352,3202403.2368
002077.SZ,20250417,11.4129,1.09,659.5431,2.566,849049.8745,849049.8745
300256.SZ,20250417,3.9369,0.55,,7.6162,916430.9279,663930.9279
002187.SZ,20250417,24.4326,0.64,113.7215,1.3301,541405.9387,397658.3329
002895.SZ,20250417,2.4985,0.73,12.9586,2.0922,1239467.8498,1235308.7923
603129.SH,20250417,2.6625,0.64,14.1067,3.3686,2270355.6254,2270355.6254
300077.SZ,20250417,11.8047,0.79,,15.2863,1479975.5646,1439121.8862
301509.SZ,20250417,2.8046,0.59,44.197,1.3741,294612.5524,138788.3099
300105.SZ,20250417,2.3121,0.63,49.5371,1.6769,323415.6413,321784.8802
603239.SH,20250417,1.8895,0.79,18.7161,3.0666,343002.24,343002.24
603906.SH,20250417,1.5319,0.48,,2.0491,631159.8789,536259.8789
002765.SZ,20250417,9.1111,0.64,69.1587,3.4848,859504.8226,785410.3883
603929.SH,20250417,2.8914,0.61,10.5286,3.6612,669523.68,669523.68
300374.SZ,20250417,4.4209,0.57,,4.6297,389525.1418,322224.2385
002718.SZ,20250417,7.1088,1.09,,1.6776,165361.3689,82031.7344
603350.SH,20250417,6.2416,1.23,30.0781,2.9913,380094.975,94685.0
300835.SZ,20250417,2.7429,0.57,36.8718,3.8015,398463.4156,273515.1025
920575.BJ,20250417,0.8703,0.74,,7.7747,433490.42,289929.5796
300124.SZ,20250417,0.6132,0.5,35.429,6.2808,16922022.6189,14988834.9271
603700.SH,20250417,5.2792,0.73,42.7121,1.3941,223886.0942,223886.0942
002960.SZ,20250417,1.3652,0.49,22.7327,1.3401,802567.3172,674215.0408
920802.BJ,20250417,9.6745,0.86,56.3229,3.0391,129636.1815,34932.7765
300594.SZ,20250417,3.0205,0.9,,1.6296,141760.7334,140410.1069
002734.SZ,20250417,15.173,0.66,52.576,1.7491,427745.4363,378714.4384
002729.SZ,20250417,3.6738,0.86,60.5814,4.1156,210781.3478,202134.1951
000045.SZ,20250417,2.5141,0.58,54.0124,1.6353,482715.3221,435521.8091
688622.SH,20250417,2.1988,0.55,,14.951,574540.35,574540.35
000899.SZ,20250417,30.6959,1.2,14.6614,1.8193,1046902.2365,1046902.2365
600719.SH,20250417,13.2076,1.53,,6.6678,268654.1344,268654.1344
688656.SH,20250417,5.49,1.41,153.0035,6.9337,563110.869,563110.869
603693.SH,20250417,17.4767,0.64,23.6964,1.8225,1223104.9074,1223104.9074
600857.SH,20250417,10.6708,0.88,,2.7602,229479.2771,229479.2771
301448.SZ,20250417,2.633,0.57,30.4772,2.9483,202072.0,92953.12
301000.SZ,20250417,15.3059,0.79,67.728,8.2212,960404.3787,906435.0507
301061.SZ,20250417,2.7204,0.49,18.7024,2.9201,964389.4721,444085.8447
300601.SZ,20250417,1.239,0.69,30.7543,1.723,1584920.6717,1256994.4288
600418.SH,20250417,1.7815,0.49,,6.4062,7277120.6236,7277120.6236
000030.SZ,20250417,4.1704,1.24,13.9408,1.2046,928295.7643,901947.6427
600557.SH,20250417,1.5812,0.56,18.7029,1.6931,732893.8694,728646.3833
920075.BJ,20250417,13.4239,0.83,44.9474,4.6744,190556.1,102543.8602
600490.SH,20250417,7.4375,0.98,,1.5191,911709.4765,820960.011
300302.SZ,20250417,3.6725,0.66,,4.9787,677199.7466,521240.0086
002694.SZ,20250417,1.6681,1.37,,6.3657,318206.3616,230563.2719
603130.SH,20250417,4.3776,0.67,32.1449,2.3749,307894.2938,114331.0646
688057.SH,20250417,0.5591,0.66,20.7919,0.9125,287592.0,287592.0
600310.SH,20250417,11.6717,1.01,110.9964,2.3345,699144.0144,699144.0144
603587.SH,20250417,3.7821,0.89,16.2809,1.6076,584511.7837,581237.7569
300187.SZ,20250417,1.315,0.78,31.448,2.8416,305379.284,304999.7015
300774.SZ,20250417,2.4076,0.9,26.064,2.2741,342135.1834,163132.3571
000933.SZ,20250417,1.7931,0.92,8.649,1.718,3724924.5423,3714720.9492
600396.SH,20250417,2.3726,0.79,,9.4829,381431.0656,381431.0656
920008.BJ,20250417,13.8181,0.84,54.6374,8.934,273933.75,142550.0058
300411.SZ,20250417,2.6334,0.52,497.859,4.7651,454895.8878,342861.9077
000419.SZ,20250417,23.613,2.86,21.5477,0.9971,339739.1594,339739.1594
300470.SZ,20250417,1.3615,0.72,18.4114,2.7028,722562.5025,684861.9166
002654.SZ,20250417,2.6648,0.55,763.9426,6.4361,970407.3205,970338.4405
688573.SH,20250417,4.5306,0.65,,1.9467,161588.0034,85946.5713
603706.SH,20250417,0.9925,0.66,15.545,2.0715,332556.0458,332556.0458
600513.SH,20250417,2.6847,0.54,19.3434,1.9132,268614.3501,268614.3501
300672.SZ,20250417,2.3434,0.59,159.2171,3.4346,1399254.4904,1355415.8875
603979.SH,20250417,1.4797,0.49,15.2996,2.6069,2163879.5545,2163879.5545
300603.SZ,20250417,3.2389,0.65,402.1711,3.3243,479671.7744,382325.0617
600885.SH,20250417,0.6463,0.78,20.1757,3.5918,3290686.4849,3290686.4849
600071.SH,20250417,1.1692,0.54,,12.6103,526824.7463,526824.7463
601599.SH,20250417,1.1346,0.6,32.8418,2.6054,394584.434,394584.434
603043.SH,20250417,4.4425,1.78,19.2102,2.4464,948709.7027,948709.7027
301227.SZ,20250417,7.9012,1.71,,0.9549,162082.311,57757.2424
603188.SH,20250417,6.3305,0.62,,2.5591,255436.16,255436.16
300032.SZ,20250417,1.8623,0.73,,4.3412,313236.1471,313235.5621
603978.SH,20250417,2.0101,0.76,,1.5635,255846.2904,255846.2904
002272.SZ,20250417,24.1518,1.67,,2.8444,454814.9074,356039.8004
601668.SH,20250417,1.1033,1.03,4.9294,0.5034,22767535.1346,22767535.1346
002297.SZ,20250417,10.7897,3.34,,1.8493,379395.3902,379395.3902
601163.SH,20250417,0.6038,0.55,8.9855,0.8305,1098400.0,1098400.0
688285.SH,20250417,1.8262,0.6,63.7807,1.7487,287861.7834,287861.7834
600973.SH,20250417,5.4034,1.01,,1.7617,600658.4166,600658.4166
600645.SH,20250417,1.6416,0.48,92.6284,2.7522,995327.289,994947.141
600180.SH,20250417,15.7266,0.56,265.3165,0.6336,496588.751,496588.751
689009.SH,20250417,1.0015,0.64,36.2248,6.4781,3927223.0845,3009985.9758
002469.SZ,20250417,4.0279,0.74,20.1095,1.9388,528174.1808,511920.4576
600999.SH,20250417,0.4648,0.84,14.3772,1.2964,14931936.5259,12743583.052
002936.SZ,20250417,1.7992,1.27,8.9187,0.3764,1672944.8099,1232931.6965
300430.SZ,20250417,5.9295,0.84,31.433,1.9876,441517.9627,420198.4047
301062.SZ,20250417,2.176,0.79,39.2357,2.2291,341498.5867,246170.9402
300463.SZ,20250417,0.967,0.53,22.2912,1.1096,725163.9946,581941.7033
601177.SH,20250417,15.9685,0.77,28.2071,2.556,679278.375,666099.9
600671.SH,20250417,6.1632,1.61,101.0442,29.408,154050.2895,153976.4742
603985.SH,20250417,16.2564,1.04,,2.3363,749458.6051,749458.6051
000403.SZ,20250417,3.525,0.49,20.177,2.1765,1671968.326,1662512.1139
300620.SZ,20250417,2.2382,0.54,141.0274,4.9068,944643.4461,935821.5654
601880.SH,20250417,1.0437,0.46,30.9274,0.889,3538010.251,2774520.2832
920670.BJ,20250417,3.8598,0.61,,6.668,160972.5184,101039.0062
300836.SZ,20250417,1.8826,0.57,7704.5152,5.5501,289234.5134,192925.4921
300348.SZ,20250417,5.1484,0.95,290.3933,4.9537,1001500.5966,873028.6425
002210.SZ,20250417,5.463,0.86,179.3339,21.1962,670630.659,670628.2398
300381.SZ,20250417,2.5507,0.51,189.8728,1.4199,373206.7104,371898.9882
002748.SZ,20250417,2.1754,1.03,54.0776,1.4493,191040.0,191040.0
300918.SZ,20250417,8.6214,0.55,35.4428,2.5482,676402.3119,676402.3119
002395.SZ,20250417,6.4538,0.8,9.0461,3.1394,426988.728,426988.728
300843.SZ,20250417,3.3348,0.58,45.2632,2.8524,418757.0396,398269.9536
300684.SZ,20250417,3.0663,0.48,41.8971,3.261,634660.0435,430676.0893
603667.SH,20250417,8.0479,0.76,106.4733,4.1215,1210022.6715,1209567.7493
688779.SH,20250417,1.0749,0.8,,1.2654,893228.3484,893228.3484
300267.SZ,20250417,1.4569,0.64,,1.0344,488837.3542,337108.0513
300553.SZ,20250417,6.3672,0.75,192.1836,4.5191,367074.4758,264617.3447
601933.SH,20250417,13.8478,0.67,,9.0987,5272596.4929,5272596.4929
920942.BJ,20250417,4.128,0.81,30.2018,2.2652,110450.1071,74295.7777
601658.SH,20250417,1.1826,0.64,6.0428,0.6299,52257887.072,35373502.2704
002819.SZ,20250417,1.6931,0.41,,1.8755,763318.9932,599639.629
002581.SZ,20250417,1.2684,0.68,,2.6827,560775.2481,340672.4869
002803.SZ,20250417,6.0209,0.64,26.7326,2.2086,486348.38,365005.5176
603077.SH,20250417,0.8366,0.78,31.1038,0.8117,1510143.789,1510143.789
000919.SZ,20250417,1.6434,0.83,100.1705,1.0677,404786.8996,383143.2908
603629.SH,20250417,8.7591,0.71,91.7005,3.4479,571066.21,559795.6
300581.SZ,20250417,9.781,0.79,407.8958,5.5173,552309.9842,552309.9842
603733.SH,20250417,1.1495,0.64,13.5416,1.9528,1488197.6483,1488197.6483
688660.SH,20250417,1.6961,0.51,,1.7634,901333.3784,901333.3784
920021.BJ,20250417,9.8766,0.86,,3.3136,211355.9884,172287.2682
300616.SZ,20250417,16.2791,3.21,,0.889,312526.2442,217105.0089
300561.SZ,20250417,23.79,0.67,,10.3142,646700.8187,355442.7941
688227.SH,20250417,2.06,0.71,,2.945,390605.9751,221454.3784
002826.SZ,20250417,1.7845,0.51,58.3171,2.6511,194300.6273,175995.296
002027.SZ,20250417,1.0665,0.36,19.9679,6.5657,10369499.4033,10369499.4033
688092.SH,20250417,1.1799,0.54,24.0965,2.6216,163479.4289,163479.4289
002121.SZ,20250417,4.2286,1.26,,12.5991,719133.6259,606166.4009
002282.SZ,20250417,1.5295,0.88,19.5903,1.0554,375635.7421,357936.7934
001223.SZ,20250417,1.6373,0.4,47.939,1.6453,310995.52,77795.52
300460.SZ,20250417,1.9678,0.49,,3.4369,306076.6336,306076.6336
000638.SZ,20250417,4.8207,0.73,77.9093,8.8319,155693.2755,155072.8005
002069.SZ,20250417,1.7931,0.55,,50.9995,263822.624,263490.208
300099.SZ,20250417,1.8245,0.58,39.0041,1.9032,448994.5403,354080.0542
301051.SZ,20250417,0.9998,0.74,,1.3989,346696.7011,274921.1019
603109.SH,20250417,4.5356,0.37,21.9439,2.0835,385325.2242,385325.2242
002873.SZ,20250417,2.5271,0.9,38.6263,1.8531,209196.9617,204633.5002
688190.SH,20250417,2.125,0.92,29.8787,4.3055,1078560.0,1078560.0
920139.BJ,20250417,10.9864,0.69,,6.5509,720393.2588,696669.189
002310.SZ,20250417,1.2316,0.87,,,1205863.7455,844017.7839
300415.SZ,20250417,2.2428,0.72,15.2645,3.181,904793.3842,874920.9204
002569.SZ,20250417,1.3091,0.8,,12.0349,95046.6,92320.7505
600279.SH,20250417,15.3343,1.39,10.0828,1.028,637347.194,637347.194
002682.SZ,20250417,5.2854,0.64,,1.6046,230571.1235,230567.6795
600802.SH,20250417,2.0386,0.77,,1.7426,191089.5828,191089.5828
300805.SZ,20250417,15.8702,4.11,591.846,3.1216,474315.5159,322166.0015
600405.SH,20250417,1.5071,0.39,,4.5504,282514.4401,255059.9815
920906.BJ,20250417,7.605,0.58,92.5581,2.6985,148456.45,75823.6646
601956.SH,20250417,8.5044,3.07,24.8366,1.2648,315865.2763,314263.0494
300389.SZ,20250417,2.2022,0.54,30.1549,2.3289,352490.8027,222688.1616
301123.SZ,20250417,2.7236,0.69,528.5602,1.4446,423516.8,167065.7798
000663.SZ,20250417,2.9244,1.14,,1.846,187869.6324,170916.0674
605588.SH,20250417,13.3384,0.77,205.2792,3.1505,335227.6258,333480.1973
688248.SH,20250417,0.9444,0.55,43.8244,5.3534,1599795.1,647057.2
601113.SH,20250417,1.9866,0.52,8.5675,1.1099,430619.3681,430619.3681
603003.SH,20250417,1.9021,0.76,,0.5504,196425.1203,196425.1203
688429.SH,20250417,0.8347,0.57,,3.0592,520401.0408,153293.2223
000793.SZ,20250417,4.6329,1.69,,6.0653,505303.1006,496135.1796
300444.SZ,20250417,6.239,0.75,3650.1061,3.1599,515911.8081,382626.3769
000709.SZ,20250417,1.3548,0.75,25.2464,0.4179,2139784.066,2139430.3664
002391.SZ,20250417,1.078,0.82,,0.7154,315052.3868,225098.5933
003028.SZ,20250417,3.0284,0.39,21.5833,2.5025,438776.0059,212871.318
001376.SZ,20250417,2.0191,0.76,29.8142,5.4185,570133.3,261398.7765
600356.SH,20250417,1.6551,0.97,14.0423,0.8633,221658.6825,221658.6825
002349.SZ,20250417,1.1789,0.67,26.7244,2.1997,568298.2738,568298.2738
300206.SZ,20250417,1.1903,0.55,40.596,3.1483,634731.3639,370525.6237
688150.SH,20250417,2.4356,0.68,50.0525,4.6939,837472.6144,373213.4156
688717.SH,20250417,3.5114,0.92,38.611,1.8035,793760.0,335441.1553
002470.SZ,20250417,1.4448,0.67,,2.5022,552052.6607,552005.9021
600498.SH,20250417,3.3838,1.01,36.1776,1.9947,2530032.9097,2491831.2332
300656.SZ,20250417,8.1942,0.6,,3.6592,408988.9221,299129.3838
300477.SZ,20250417,3.2526,0.56,,1.6754,275508.8026,240417.874
301161.SZ,20250417,3.3695,0.53,41.6987,2.3996,234120.0,104042.928
300893.SZ,20250417,0.8274,0.51,26.4136,5.8468,716873.0972,358293.1421
300853.SZ,20250417,6.0574,0.71,,3.4959,300504.2837,225478.3421
301516.SZ,20250417,2.176,0.57,,2.827,394666.6675,98666.6672
688301.SH,20250417,2.5683,0.62,35.0557,3.9682,1754665.4628,1754665.4628
603886.SH,20250417,8.5555,2.18,14.279,2.1448,355200.0,355200.0
001324.SZ,20250417,2.1522,0.81,38.7767,2.1018,233358.0,138076.2376
605099.SH,20250417,1.3097,0.37,15.5609,2.777,735406.502,732564.79
301045.SZ,20250417,2.0593,0.81,148.227,2.1729,215231.1165,132521.7296
688116.SH,20250417,1.8093,0.6,53.6086,4.9603,1357936.7449,1357936.7449
300181.SZ,20250417,2.523,0.7,23.0981,4.2046,1165705.7508,998999.0502
603637.SH,20250417,2.3793,0.72,22.7156,2.3111,227945.0125,227945.0125
000968.SZ,20250417,1.2944,0.77,14.1945,1.0261,595981.6386,595981.6386
605179.SH,20250417,44.9404,1.62,415.2215,8.9144,984054.0,984054.0
600089.SH,20250417,0.7027,0.81,10.4854,0.9137,5896608.9304,5896608.9304
600756.SH,20250417,2.3649,0.61,337.9571,1.9801,460544.328,460544.328
300327.SZ,20250417,10.0639,2.56,62.0281,4.7748,831965.5511,829348.04
002679.SZ,20250417,6.7741,1.08,279.9933,2.7543,200392.6,200392.6
603313.SH,20250417,6.3274,0.43,,1.1114,414246.0785,414246.0785
688605.SH,20250417,3.6212,0.48,60.0966,8.7953,1306969.11,245695.4302
301047.SZ,20250417,1.0511,0.59,47.8425,1.3409,737970.1137,725495.6276
002176.SZ,20250417,1.0053,0.66,,3.1224,1165420.3718,1165211.0562
300829.SZ,20250417,8.3812,1.17,37.5978,1.8979,345745.8872,237443.7953
000970.SZ,20250417,1.9052,0.65,1067.1207,1.99,1281374.9647,1281374.9647
600692.SH,20250417,2.6165,0.59,406.7515,2.7572,258546.587,187432.73
603113.SH,20250417,1.932,1.29,,0.5403,453654.4682,453654.4682
688237.SH,20250417,2.6842,1.19,155.8633,1.7054,208775.7123,102721.0114
000821.SZ,20250417,1.3085,0.73,14.6381,1.7059,689522.3792,670020.8982
002782.SZ,20250417,2.4021,0.51,24.1075,2.8043,554903.399,552954.5036
920116.BJ,20250417,11.2334,0.6,134.5738,24.5654,1143532.5,261772.5
000567.SZ,20250417,3.0549,0.6,17.8597,2.0743,1121935.897,1119260.1391
300402.SZ,20250417,8.2877,0.59,59.462,2.7445,406710.7391,401483.2831
002849.SZ,20250417,1.919,0.45,86.3522,2.4041,320139.9572,275563.6832
002358.SZ,20250417,2.0109,0.54,39.3266,1.4162,463948.7315,463941.8578
300141.SZ,20250417,3.1592,0.9,436.5846,2.9839,199299.411,198345.7859
600010.SH,20250417,1.0065,0.58,,1.5665,8016085.6246,5554401.2968
600861.SH,20250417,1.6121,1.21,14.7142,1.9417,1239220.7397,802432.3423
300560.SZ,20250417,2.9598,0.86,,2.4036,261677.9855,212943.0492
601958.SH,20250417,1.4199,0.73,10.6234,1.8624,3168525.5208,3168525.5208
000701.SZ,20250417,4.0031,0.69,,12.8288,312222.883,308551.5769
601208.SH,20250417,1.6973,0.91,29.6559,1.7572,768544.4219,768544.4219
002425.SZ,20250417,1.1683,0.64,,0.5794,198029.6687,197904.6059
300469.SZ,20250417,4.052,0.61,,15.0463,770533.3097,770513.8476
300532.SZ,20250417,1.9488,0.58,15.0127,2.9697,500016.4669,475303.7849
002154.SZ,20250417,2.5026,0.68,10.1211,1.3165,564762.1531,550118.6358
600198.SH,20250417,1.7931,0.53,135.8733,46.4703,1022025.1761,1020728.6463
600556.SH,20250417,2.8032,0.78,183.3116,2.157,835179.4106,835179.4106
603995.SH,20250417,1.7418,0.61,8.0095,1.1549,644948.7337,644948.7337
301617.SZ,20250417,12.2811,2.01,23.7042,3.1486,496626.8,117747.4413
300475.SZ,20250417,6.511,0.72,49.3828,4.4396,1304062.436,1254686.186
920926.BJ,20250417,16.3469,0.79,41.4398,5.3775,147067.8233,133454.2343
300253.SZ,20250417,2.1006,0.67,57.7083,3.4219,2078964.4176,1797118.7552
000985.SZ,20250417,2.3585,0.92,41.8795,3.4129,209238.153,209238.153
002137.SZ,20250417,6.7673,1.01,1441.048,2.7044,416380.9997,285846.9073
603183.SH,20250417,2.9973,1.1,32.4057,1.2181,195381.2276,195381.2276
000498.SZ,20250417,1.7321,0.76,3.8784,0.6003,900696.0912,841210.7119
603115.SH,20250417,3.895,1.31,19.1801,1.6423,324355.2,324355.2
000555.SZ,20250417,2.6098,0.54,,1.8033,1017732.7378,1013991.3403
603986.SH,20250417,1.8214,0.56,129.5891,4.5802,7251526.3548,7239821.447
301058.SZ,20250417,9.5475,0.52,26.5252,2.9702,601409.9636,601409.9636
600587.SH,20250417,0.8538,0.63,13.3018,1.2183,920937.081,917421.5706
688058.SH,20250417,1.9151,0.63,,2.909,211583.6105,211583.6105
000737.SZ,20250417,7.5586,0.74,25.3673,2.6454,1638056.1341,1524151.5051
605208.SH,20250417,14.6831,0.61,85.6674,1.5743,330929.82,330929.82
300345.SZ,20250417,12.122,1.61,,5.4203,381357.8307,293020.1307
301168.SZ,20250417,5.1743,1.01,37.0052,1.577,335400.0,138780.135
688293.SH,20250417,1.6689,0.87,222.4884,2.2896,468388.6103,319313.3955
300342.SZ,20250417,3.3268,0.63,69.7208,4.0116,630327.0726,619521.0033
300964.SZ,20250417,4.4432,0.66,236.6021,2.6909,265828.7987,185915.5108
688184.SH,20250417,0.7748,1.48,,0.7432,184336.0687,116465.0287
301043.SZ,20250417,11.1671,2.65,19.792,2.4471,208420.0,208420.0
300828.SZ,20250417,7.3659,0.98,45.3208,3.3207,242353.53,181502.5782
603316.SH,20250417,3.6914,0.8,,1.9609,143495.352,143495.352
301571.SZ,20250417,18.5236,2.33,50.0051,4.4606,791985.9579,158397.1933
600468.SH,20250417,7.4798,1.02,37.8016,2.225,473164.8646,473164.8646
300217.SZ,20250417,1.9807,0.69,18.4874,1.539,625184.2456,519000.4896
600864.SH,20250417,1.1711,0.61,27.5211,0.9328,1202569.7606,1202569.7606
000520.SZ,20250417,2.9987,0.49,,8.4873,443292.5533,443292.5533
002884.SZ,20250417,1.795,0.74,12.3617,2.3586,546896.5563,417463.0428
601012.SH,20250417,0.9735,0.78,,1.8218,11344340.4548,11344329.1584
300472.SZ,20250417,3.8791,0.62,,2.2975,129922.0691,118290.381
605069.SH,20250417,21.541,1.06,,1.8343,191586.4891,76165.9566
603678.SH,20250417,4.1176,0.81,86.2056,3.0457,1676862.1106,1676862.1106
300136.SZ,20250417,1.3571,0.44,34.8078,2.6053,1870310.1773,1593889.801
300449.SZ,20250417,2.6638,0.47,,6.9145,274336.0588,209757.4601
600383.SH,20250417,7.0918,2.29,,0.3831,2261806.3696,2261806.3696
002636.SZ,20250417,2.0636,0.61,317.403,1.614,554736.0,551939.7778
300303.SZ,20250417,1.6221,0.6,23.6944,2.1912,802702.4219,751515.515
000863.SZ,20250417,4.8012,1.74,124.4376,0.9111,413244.846,407265.3701
301589.SZ,20250417,1.5541,0.87,21.2308,3.8189,1378122.336,513769.1587
600683.SH,20250417,3.6829,1.57,,6.7524,282977.0421,282977.0421
603859.SH,20250417,1.894,0.56,39.6612,2.4209,681238.3996,681238.3996
000728.SZ,20250417,0.8008,0.57,13.2061,0.8614,3198649.1941,3198649.1941
603375.SH,20250417,5.2861,0.7,36.4591,2.1882,343374.0011,184840.787
920642.BJ,20250417,32.1582,1.0,,6.328,157993.5037,153477.2821
688244.SH,20250417,2.1036,0.52,468.8621,3.9018,400553.576,193882.1595
002738.SZ,20250417,1.1757,0.81,29.679,1.7469,2029556.65,2000684.4371
688009.SH,20250417,0.8426,0.54,16.1511,1.2398,5644373.527,4595002.594
000420.SZ,20250417,1.1146,0.6,208.2711,1.8727,828638.6316,828352.1142
920553.BJ,20250417,3.4787,0.62,92.6609,4.1445,142540.9363,91130.2963
688690.SH,20250417,4.575,1.43,117.2479,5.4331,950983.7716,950983.7716
300995.SZ,20250417,21.1605,0.77,278.8231,3.873,242212.48,172405.9597
688533.SH,20250417,1.852,0.48,19.2286,3.0701,454180.7069,454180.7069
301158.SZ,20250417,7.7477,0.75,22.557,1.6986,223751.3189,218022.4013
601118.SH,20250417,1.7408,0.48,52.4907,2.1038,1951419.0754,1951419.0754
603285.SH,20250417,12.4421,0.99,20.5555,2.2323,351040.0,87760.0
000989.SZ,20250417,4.5262,1.95,34.6807,1.9978,749805.2025,608078.3372
601179.SH,20250417,2.0662,0.63,27.5582,1.4126,3157543.5288,3157543.5288
300453.SZ,20250417,1.768,0.57,17.9643,3.0853,408514.8646,278799.0678
300991.SZ,20250417,6.1582,1.05,155.988,4.1118,261936.0,163513.548
301008.SZ,20250417,4.4218,0.86,41.6521,2.0153,218530.9245,189183.0045
688031.SH,20250417,4.5409,1.1,,4.5195,530668.4096,411665.6769
000417.SZ,20250417,8.362,0.59,22.8398,1.0199,481188.5514,480659.9373
688143.SH,20250417,1.8974,0.58,196.7797,3.0168,353050.219,272697.6318
003032.SZ,20250417,6.6922,1.17,,1.9268,259176.19,176113.6709
600020.SH,20250417,1.0299,0.58,10.9766,0.8453,966369.8878,966369.8878
300782.SZ,20250417,3.2196,0.7,109.8158,4.3258,4412689.8767,3694850.1173
000636.SZ,20250417,1.0266,0.48,45.6126,1.259,1538827.5706,1538827.4709
000826.SZ,20250417,1.3911,0.69,,0.8192,238033.9924,237991.3592
920392.BJ,20250417,12.2917,0.61,36.6912,4.0892,130959.7,62630.863
688290.SH,20250417,3.3132,0.67,138.0335,4.0252,516466.8146,307415.7816
688288.SH,20250417,5.5853,0.53,,4.7923,347825.3875,347825.3875
605599.SH,20250417,3.8082,0.93,14.9304,2.6115,999444.473,999444.473
603082.SH,20250417,10.6945,1.56,38.6813,4.0077,608839.9689,152210.0457
688758.SH,20250417,4.6469,0.56,81.0824,5.6626,690497.4513,65498.1062
920943.BJ,20250417,11.3731,1.33,25.6804,3.2829,200098.636,81209.3549
688331.SH,20250417,2.5747,0.52,,12.4477,2472356.321,735566.5079
920019.BJ,20250417,5.5651,0.79,59.764,4.6866,428944.068,113964.396
300569.SZ,20250417,2.9431,0.6,84.9497,0.8129,444875.3944,442675.4937
603385.SH,20250417,3.0936,1.05,,0.635,237534.94,237534.94
002812.SZ,20250417,0.7453,0.52,34.0254,1.0958,2778610.3092,2341513.0237
000017.SZ,20250417,16.9754,2.63,211.48,13.5577,428673.0283,188456.6482
600965.SH,20250417,14.3481,0.9,99.45,2.3882,514144.1997,514144.1997
301577.SZ,20250417,3.0874,0.71,71.3917,2.8366,211562.8,90060.7209
301565.SZ,20250417,6.1436,0.73,52.5982,3.5388,832020.8,124820.8
688559.SH,20250417,1.0421,0.57,,2.0861,677669.4408,677669.4408
600780.SH,20250417,3.6212,1.71,12.4745,0.8662,654652.9406,654652.9406
603344.SH,20250417,4.7108,0.79,23.3921,2.2374,439250.9528,122001.9528
601166.SH,20250417,0.2991,0.88,5.6587,0.5726,43688376.5945,43688376.5945
600629.SH,20250417,14.0221,3.16,20.2989,1.5161,794727.1643,780602.864
600343.SH,20250417,2.0154,0.63,,4.829,706494.4272,706494.4272
920436.BJ,20250417,6.5261,0.47,,4.4343,173552.412,163250.7934
001296.SZ,20250417,4.1356,0.44,18.659,1.4967,254753.6195,130877.8303
301052.SZ,20250417,27.9994,1.23,105.9706,5.3331,371196.4806,300814.8959
002294.SZ,20250417,1.2438,0.52,65.7694,4.5413,3956483.8827,3955593.7971
000014.SZ,20250417,6.7776,1.35,155.2691,1.5728,255358.7663,255358.7663
688718.SH,20250417,1.3568,0.53,49.1349,2.4053,185569.6875,185569.6875
603306.SH,20250417,1.4941,0.69,35.2966,2.9434,1022060.9657,1022060.9657
002424.SZ,20250417,1.249,0.64,,1.61,560436.9584,486499.0193
603328.SH,20250417,2.1923,0.49,18.4451,1.9998,806741.6297,806741.6297
603989.SH,20250417,1.5874,0.59,24.5105,1.5045,553961.3627,553961.3627
603194.SH,20250417,7.1485,1.05,15.768,2.8307,1312473.0,163088.471
600884.SH,20250417,0.8008,0.47,,0.6434,1415132.7935,1103544.517
688325.SH,20250417,5.2911,1.61,49.219,2.2666,388041.2763,174973.2065
002237.SZ,20250417,10.101,1.73,23.9576,1.3704,1285841.9728,1019713.8448
300113.SZ,20250417,4.3973,1.0,53.0301,5.8859,1190088.5488,902092.092
601808.SH,20250417,0.9582,0.47,20.2607,1.4512,6355760.544,3943343.376
603488.SH,20250417,1.2413,0.91,179.1841,2.1756,208189.1837,208189.1837
603006.SH,20250417,2.9882,0.47,50.7565,1.8883,268746.7423,268746.7423
600797.SH,20250417,8.6487,0.68,154.0772,2.9675,973067.4724,973067.4724
300041.SZ,20250417,1.6251,0.54,27.1182,1.6098,450344.3917,438263.9185
300678.SZ,20250417,2.2275,0.69,893.7062,9.9934,855963.6142,824665.3156
688180.SH,20250417,0.7341,0.5,,4.8524,2843715.2778,2205723.7813
920242.BJ,20250417,6.0773,0.83,19.8154,3.7135,210419.047,117035.0431
688251.SH,20250417,2.8624,0.64,35.9279,1.9127,157626.9602,93822.8876
603127.SH,20250417,3.1477,0.35,156.3195,1.4333,1157942.481,974094.8878
000929.SZ,20250417,2.2927,0.88,,2.1712,118890.24,118882.7027
920130.BJ,20250417,13.5465,0.61,,5.4636,294717.139,177213.1128
002191.SZ,20250417,0.7862,0.5,67276.1135,0.7826,524092.1591,520137.6575
600582.SH,20250417,1.6453,0.71,9.5031,1.0199,2491430.513,2491430.513
300845.SZ,20250417,3.427,0.83,33.2063,2.2464,177113.9418,124671.248
603565.SH,20250417,2.6848,0.55,11.7052,1.944,2148364.5544,2148364.5544
002076.SZ,20250417,6.2269,1.0,,9.4714,306118.3595,285177.3395
688409.SH,20250417,2.2991,0.61,78.414,3.3938,1555856.9275,900421.9307
688503.SH,20250417,1.6834,0.58,18.3787,1.6549,769909.0184,574694.8274
002270.SZ,20250417,0.6603,0.45,20.1626,3.9755,1238583.5456,1238563.6974
301112.SZ,20250417,4.1766,0.75,302.3844,2.0056,245894.518,80852.9071
301109.SZ,20250417,6.8386,1.37,19.3561,1.3417,1002158.0701,175401.1775
002908.SZ,20250417,2.1667,0.77,114.6264,3.123,354637.1763,253606.3376
300520.SZ,20250417,3.7092,0.75,,3.4073,626009.9487,596351.2083
002330.SZ,20250417,5.5405,0.63,,1.2459,289068.457,289006.3153
688577.SH,20250417,2.004,0.48,164.4706,4.4569,452908.4987,452908.4987
301151.SZ,20250417,2.9431,0.86,38.2586,1.1901,239319.1436,78310.4063
603599.SH,20250417,0.9101,0.56,14.2273,1.0343,981270.3539,981270.3539
000547.SZ,20250417,1.0028,0.75,,1.7266,1088556.8912,1081666.824
002453.SZ,20250417,4.306,1.05,,3.6536,452488.4892,340259.1992
002493.SZ,20250417,0.5023,0.5,42.0316,1.8474,8100420.0,7598625.0
002810.SZ,20250417,1.7888,1.11,21.0847,1.8704,397920.4916,365771.5363
605080.SH,20250417,12.5974,0.77,19.7174,1.5639,315141.587,312421.7712
300590.SZ,20250417,4.0459,0.75,33.4596,2.8882,530702.3416,408890.5896
300697.SZ,20250417,7.3443,0.55,35.7548,4.1601,467251.2,357739.2
300400.SZ,20250417,2.0469,0.61,58.5678,4.6134,358358.3066,354725.7359
600365.SH,20250417,0.835,1.05,,3.6067,109841.8,107611.04
603606.SH,20250417,1.2179,0.64,33.2276,4.882,3349861.5575,3349861.5575
002140.SZ,20250417,2.3483,0.51,17.0855,1.6104,700933.7333,538007.0286
002472.SZ,20250417,1.2373,0.49,26.2618,2.9709,2534250.2726,2250176.5021
300751.SZ,20250417,1.1829,0.51,20.4243,2.6292,1958349.6871,1355207.0347
002068.SZ,20250417,4.2195,0.7,,2.3916,708872.7689,708224.2379
920496.BJ,20250417,7.1674,1.0,44.2967,3.2646,188093.2,164854.5388
002128.SZ,20250417,0.609,0.65,7.4949,1.1903,4028107.5669,4028107.5669
002236.SZ,20250417,1.3562,0.58,17.5755,1.4154,5106971.987,3262643.1551
300254.SZ,20250417,6.683,0.84,51.0291,6.2768,215292.1941,195093.7229
603486.SH,20250417,2.2005,0.44,43.6684,3.8614,2722297.7807,2693462.8655
301288.SZ,20250417,4.08,0.76,,1.5304,123995.48,54062.6768
301118.SZ,20250417,14.1292,0.55,,1.6842,225768.0,213336.447
300597.SZ,20250417,2.5385,0.96,,2.2544,229503.9653,228495.4244
002161.SZ,20250417,1.7704,0.65,64.6628,2.5284,395030.4516,380987.2683
688217.SH,20250417,2.2063,1.11,,1.2612,114839.7222,114839.7222
601088.SH,20250417,0.7096,0.51,13.3019,1.8283,78043546.3832,64776797.0872
603638.SH,20250417,1.085,0.5,43.2129,4.8682,1500114.3671,1500114.3671
600860.SH,20250417,5.8662,0.92,811.5689,5.5971,606813.9147,482236.4311
603317.SH,20250417,5.9038,0.9,24.8928,3.4012,1554894.5892,1554894.5892
000019.SZ,20250417,10.153,0.58,25.8642,1.7006,822910.1714,297178.5146
605177.SH,20250417,2.3053,0.63,23.5564,0.9989,190468.0282,186888.8972
002315.SZ,20250417,6.8652,0.83,26.5848,5.1325,1199468.8207,763887.2116
603097.SH,20250417,1.7178,0.68,28.4528,3.3036,345971.24,84160.0
600763.SH,20250417,1.0352,0.77,39.0059,4.6036,1899636.8799,1899636.8799
603000.SH,20250417,1.845,0.8,75.5785,6.1006,2192585.364,2192585.364
603801.SH,20250417,5.5443,2.42,10.0956,1.5656,516822.7642,514270.2129
300095.SZ,20250417,1.6347,0.54,426.1179,1.3255,270958.1558,218478.966
603060.SH,20250417,1.9484,0.89,25.9966,2.5407,528181.0567,528181.0567
600422.SH,20250417,2.2299,0.63,21.3749,2.6368,1385265.6353,1385265.6353
603320.SH,20250417,4.3047,0.8,35.0756,2.1754,233712.1001,233712.1001
002451.SZ,20250417,2.5159,0.82,149.9075,3.5024,267912.0,267880.89
300471.SZ,20250417,2.2995,1.15,,2.7715,318078.5287,288476.413
000677.SZ,20250417,6.6688,0.43,83.0061,7.5963,380150.2971,380150.2971
002483.SZ,20250417,2.232,0.59,58.9831,1.3135,547837.4792,547084.9938
300516.SZ,20250417,2.7267,0.47,179.504,4.3189,556020.0,556020.0
002267.SZ,20250417,1.0033,0.64,12.0282,1.3653,915238.0912,915238.0912
000698.SZ,20250417,2.3956,0.95,,1.915,262244.6064,251427.3514
300184.SZ,20250417,6.7898,0.66,123.3733,3.0405,1124007.612,1020987.5414
301330.SZ,20250417,3.1535,0.8,29.9832,1.4572,477627.8867,186416.7617
601002.SH,20250417,4.9776,0.55,32.0491,0.999,417090.5946,417090.5946
688121.SH,20250417,1.0966,0.65,24.1648,0.9602,244827.4751,148374.443
002047.SZ,20250417,0.835,0.65,,,339639.7072,339622.4635
300210.SZ,20250417,1.7308,0.55,,10.5811,427566.2185,427127.4196
002611.SZ,20250417,7.8323,0.61,28.4628,2.8633,1424786.6178,1172571.3172
603528.SH,20250417,2.3633,0.62,,2.5894,514623.0655,514623.0655
688609.SH,20250417,7.4702,2.64,,5.079,472000.0,472000.0
301041.SZ,20250417,2.1283,0.65,67.6663,3.4311,230428.8,170468.5802
300067.SZ,20250417,7.4066,0.62,,2.3326,593348.531,481866.612
920527.BJ,20250417,31.9146,1.72,52.3609,3.1505,120986.0405,73241.1938
603329.SH,20250417,30.7421,1.29,53.0591,2.3779,264170.3085,264170.3085
000700.SZ,20250417,2.0693,0.5,10.3744,1.7431,596710.0029,596710.0029
603069.SH,20250417,8.5873,0.52,,6.5592,591552.0,591552.0
600976.SH,20250417,1.1212,0.47,19.1696,2.8509,694282.0636,693829.4636
300947.SZ,20250417,33.8715,2.98,111.5586,2.5792,314517.5454,314416.1695
688271.SH,20250417,0.8581,0.83,85.4875,5.4199,10787403.9049,7765690.2969
600592.SH,20250417,23.2877,1.83,41.4389,2.7827,695622.7671,695622.7671
600997.SH,20250417,0.8571,0.6,12.5353,0.7152,1022543.104,1022543.104
603176.SH,20250417,2.4091,0.82,21.6558,1.902,213444.5432,207803.7932
600216.SH,20250417,1.3907,0.51,12.6356,1.1949,1235704.5088,1235699.0154
600419.SH,20250417,4.9457,0.48,162.7695,1.4968,354770.7926,354770.7926
603758.SH,20250417,4.0979,0.62,25.7903,1.87,445817.8018,445817.8018
688648.SH,20250417,2.5067,1.11,,1.9965,310760.0,151104.5913
300403.SZ,20250417,12.4101,0.81,37.3481,4.352,874350.0,613262.2953
301105.SZ,20250417,4.3431,0.45,,1.6834,144000.0,47339.9914
301611.SZ,20250417,3.8867,0.57,78.907,16.1497,2453808.0,337680.0
000885.SZ,20250417,1.1576,0.55,7.5608,0.9774,802597.8188,802597.8188
605098.SH,20250417,1.8655,1.01,17.3966,4.8599,467225.8098,467225.8098
301568.SZ,20250417,3.5662,0.62,47.8887,3.3246,327535.6448,151126.8283
301095.SZ,20250417,2.2912,0.61,117.156,3.2615,1001405.44,538094.78
002400.SZ,20250417,3.1024,0.61,121.4271,2.4854,1225566.001,1213493.7265
600984.SH,20250417,0.7993,0.53,,0.9606,411053.3635,411053.3635
603605.SH,20250417,1.3915,0.54,21.3962,6.4981,3096278.7933,3089695.342
600986.SH,20250417,3.5067,0.61,68.4438,2.118,1079833.569,1079833.569
600848.SH,20250417,0.847,0.81,21.9682,1.2589,2408975.0888,2286186.2207
603456.SH,20250417,3.5188,0.55,19.2618,1.357,1193349.3587,1193349.3587
000988.SZ,20250417,2.3847,0.67,31.1761,3.7395,3805827.746,3803870.7117
603025.SH,20250417,1.3581,0.47,23.9774,5.8705,1400887.7383,1400887.7383
600023.SH,20250417,1.0958,0.72,10.5127,1.059,7629568.9342,7629568.9342
002683.SZ,20250417,1.1898,0.65,24.77,3.4246,2223766.5747,1905350.8191
600212.SH,20250417,1.7688,0.42,,9.2924,525383.3409,384053.6409
000720.SZ,20250417,1.1453,0.98,,1.3543,331724.3347,331724.3347
000969.SZ,20250417,2.683,0.51,31.6573,2.1328,1178905.7048,1151172.3882
603585.SH,20250417,4.3791,0.76,,1.0759,254636.9493,249304.6993
600728.SH,20250417,0.961,0.56,,1.2943,983547.1209,983547.1209
688362.SH,20250417,3.0118,0.84,169.545,4.529,1137428.534,775838.059
300791.SZ,20250417,2.0185,0.55,17.3312,2.5936,581796.1349,484770.9166
002821.SZ,20250417,1.2918,0.57,23.5178,1.4084,2231724.9306,1988889.7246
601127.SH,20250417,4.1686,1.18,35.9201,10.4551,21357894.9405,19741911.9557
000516.SZ,20250417,1.5564,1.27,,3.2798,1198002.839,1178807.1023
000902.SZ,20250417,2.3782,0.49,13.0279,1.6882,1731531.7718,1577039.643
600746.SH,20250417,19.8268,0.96,44.4182,1.9931,1084926.0392,1083290.5004
603773.SH,20250417,2.6343,0.67,,3.48,465056.1219,424694.8126
301072.SZ,20250417,2.8308,0.71,3247.016,2.4019,192670.5032,123134.6188
600004.SH,20250417,0.7932,0.47,25.2028,1.1649,2106379.2719,2106379.2719
300901.SZ,20250417,3.1294,0.61,,3.1659,311280.0,311280.0
600590.SH,20250417,9.1157,0.47,,2.3595,772699.9935,764273.9878
601083.SH,20250417,24.9694,0.91,14.0869,1.6683,1437767.32,215667.32
920370.BJ,20250417,3.2266,0.54,,1.9782,128943.88,112642.368
688766.SH,20250417,3.8362,0.72,35.0616,4.6235,1025259.3074,1025259.3074
000099.SZ,20250417,1.9487,0.57,54.4418,3.1022,1650838.8515,1650838.8515
300014.SZ,20250417,0.9172,0.55,21.3076,2.2194,8127651.5076,7395479.8486
688056.SH,20250417,10.4176,1.08,65.1372,3.1615,258680.1841,258680.1841
600626.SH,20250417,0.9269,0.43,,1.4395,453015.4208,380036.6975
002930.SZ,20250417,5.626,1.39,19.9883,1.8308,453829.6693,429554.0852
688052.SH,20250417,8.1314,1.21,,5.0393,2994522.3773,1961085.0185
000407.SZ,20250417,1.6458,0.86,23.5707,0.9342,276346.582,274989.1886
000668.SZ,20250417,20.3832,2.2,,0.8146,86930.3989,86930.3989
603551.SH,20250417,1.6805,1.32,14.076,3.1419,392609.608,391232.394
603617.SH,20250417,3.9138,0.59,45.1874,1.7559,258101.5538,251233.7638
603601.SH,20250417,2.4873,1.05,287.2958,1.6077,337145.0234,337145.0234
600724.SH,20250417,2.5234,0.98,31.1339,2.2637,653248.9641,653114.0841
300993.SZ,20250417,5.3099,0.98,17.6062,2.2679,305358.0192,239094.3087
600232.SH,20250417,1.7361,0.6,85.9802,1.9863,192206.6727,192206.6727
603083.SH,20250417,2.1928,0.55,50.9932,3.6784,849960.6778,849890.9158
002749.SZ,20250417,2.0983,0.52,20.4342,3.8176,750001.92,676493.1152
001330.SZ,20250417,3.5187,1.06,,1.0458,608911.9099,467443.8917
603035.SH,20250417,1.178,0.58,9.2688,0.9659,507341.2956,507341.2956
600649.SH,20250417,9.4459,3.23,50.1302,0.5821,1216725.88,1216725.88
002571.SZ,20250417,7.9447,0.59,,2.4423,292787.1729,222834.7224
600184.SH,20250417,3.5278,0.86,241.3819,2.5198,636459.7933,636459.7933
300212.SZ,20250417,1.8025,0.74,,5.0725,1512493.9786,1466880.7812
000078.SZ,20250417,0.7222,0.54,,1.9673,597264.9793,596202.1383
603970.SH,20250417,2.785,0.4,16.0693,2.3479,350515.3747,350515.3747
300882.SZ,20250417,2.4999,0.61,24.9814,3.5971,413560.7167,384842.5555
300128.SZ,20250417,2.9327,0.61,,7.0986,650856.8214,650856.8214
300491.SZ,20250417,5.228,1.04,48.6223,2.4528,277309.3631,246151.781
002677.SZ,20250417,1.2457,0.81,22.112,2.7838,458696.6694,414903.2105
688702.SH,20250417,3.1999,0.87,,12.2419,2856060.0,1403591.7604
603717.SH,20250417,4.2112,0.46,,3.8594,200200.9056,200200.9056
001202.SZ,20250417,4.7807,0.42,25.2841,2.7429,202473.6,142172.7018
603351.SH,20250417,3.096,0.81,20.1279,1.7694,295528.186,295528.186
600051.SH,20250417,1.9127,0.92,24.5104,0.5909,198963.2,198963.2
002988.SZ,20250417,3.7613,0.56,30.3135,2.4722,634778.583,634580.9434
600636.SH,20250417,7.9252,1.91,,1.3129,319766.2287,319766.2287
605089.SH,20250417,4.7047,1.53,36.223,2.8927,347484.0,347484.0
002194.SZ,20250417,7.4321,1.42,134.0977,2.8195,714033.6673,533885.2489
002322.SZ,20250417,1.5762,0.61,17.3256,1.6064,480759.626,462844.953
300056.SZ,20250417,1.919,0.81,,15.292,444855.9712,444514.4449
300567.SZ,20250417,2.5756,0.58,70.6136,5.2724,1729651.9026,1250100.0982
002231.SZ,20250417,2.4133,0.72,,5.6416,169609.6583,144166.3771
688502.SH,20250417,9.988,1.34,457.8252,13.8789,1626240.0,517440.0
600795.SH,20250417,1.7133,0.75,8.4543,1.4833,8311398.4922,8311398.4922
300965.SZ,20250417,3.8707,0.89,92.2603,1.9978,246720.0,84745.236
300922.SZ,20250417,11.009,0.52,74.1153,3.4212,308918.064,226714.7196
300614.SZ,20250417,2.3785,0.83,,1.2866,172307.6583,172307.6583
001696.SZ,20250417,6.8657,1.55,48.8188,4.5139,2252267.9516,1753265.2391
000712.SZ,20250417,1.7542,0.62,,4.1642,995456.0,994513.8442
000679.SZ,20250417,3.4766,0.38,,7.5987,220968.0,220968.0
603290.SH,20250417,2.5409,0.78,30.2449,3.0963,2043427.0854,2043427.0854
603207.SH,20250417,12.8552,1.52,21.852,3.5867,429979.5916,107120.0
603039.SH,20250417,2.6295,0.99,88.0127,8.2673,1786173.4623,1786173.4623
601929.SH,20250417,2.7235,0.77,,1.1381,610712.9294,610712.9294
002101.SZ,20250417,1.7201,0.53,17.8952,0.9546,744101.3877,741660.8629
688633.SH,20250417,0.8838,0.45,23.1647,2.2945,353821.6428,350782.4276
300269.SZ,20250417,4.2106,0.94,305.7245,21.0518,193837.1802,185563.3114
301588.SZ,20250417,2.6778,0.81,32.7443,2.1408,193992.1745,119722.1867
601828.SH,20250417,2.0425,0.69,,0.2848,1323838.7326,1098487.8999
001228.SZ,20250417,26.7282,4.61,26.0508,1.513,256961.0427,135735.0427
600507.SH,20250417,0.5906,0.63,37.7991,1.0078,936841.0955,936841.0955
601187.SH,20250417,0.997,0.77,6.0026,0.6073,1557085.4539,757587.1536
301172.SZ,20250417,2.9753,0.88,60.9654,2.1199,305536.0,174227.936
600469.SH,20250417,1.5603,0.81,11.3748,1.1837,390256.216,390256.216
603708.SH,20250417,5.6388,0.58,60.8365,2.9962,706640.9132,706640.9132
600552.SH,20250417,2.2491,0.5,72.1808,2.4263,1011673.9835,1011673.9835
603139.SH,20250417,7.4207,0.79,,2.0558,187275.0,187275.0
301222.SZ,20250417,2.2413,0.81,19.5714,1.7899,253941.5004,73471.9104
300891.SZ,20250417,3.0182,0.95,105.8363,2.4469,314806.233,261615.8543
601616.SH,20250417,2.5221,0.66,45.4671,1.3818,339762.777,339762.777
301022.SZ,20250417,4.27,0.72,88.1024,2.098,203425.3632,125312.1576
002055.SZ,20250417,2.3165,0.64,,1.1897,296804.5983,290356.1662
603586.SH,20250417,1.3493,0.51,25.2501,1.1371,255456.7723,255456.7723
002054.SZ,20250417,3.0734,0.99,46.1653,1.1484,281555.424,224475.3907
600136.SH,20250417,0.7545,1.18,,15.8739,387756.9269,369187.0039
002987.SZ,20250417,8.5918,0.84,35.342,3.9149,1101343.617,1070572.2143
603602.SH,20250417,1.9222,0.54,117.9993,3.3529,338599.7288,338599.7288
001359.SZ,20250417,5.6148,0.78,27.3242,3.1457,561889.0868,140485.02
688148.SH,20250417,1.7558,0.94,,2.9842,210701.4709,210701.4709
001207.SZ,20250417,2.2734,0.62,14.6106,2.1854,397629.4693,386031.9548
002106.SZ,20250417,2.2417,0.57,17.0778,1.1813,639469.441,637946.0001
300895.SZ,20250417,10.5839,0.62,,6.7826,613046.0606,601601.9939
600998.SH,20250417,0.7382,0.85,11.7774,0.9775,2410300.7719,2410300.7719
600158.SH,20250417,8.4008,1.26,61.3082,3.1682,823262.2115,823262.2115
300155.SZ,20250417,31.4108,7.41,,2.1693,279491.4165,164512.8493
002226.SZ,20250417,3.6113,1.95,16.44,1.5482,1464854.3388,1464831.5536
301005.SZ,20250417,4.7158,0.66,124.8124,4.7137,361430.0233,354756.3865
002566.SZ,20250417,11.3588,1.4,37.2578,1.2108,268732.6992,188213.86
301111.SZ,20250417,3.9768,0.69,134.0017,2.9627,229280.0,229280.0
000906.SZ,20250417,2.0292,0.59,8.1897,0.9042,427971.2541,424020.5415
600979.SH,20250417,14.2195,0.76,24.5972,1.699,778442.3653,760304.2904
002787.SZ,20250417,2.3446,0.65,38.625,1.4853,273221.2792,205768.8912
000768.SZ,20250417,2.1304,1.16,64.2001,3.1252,6570470.0477,6549371.7945
688586.SH,20250417,3.9317,1.54,61.4032,3.0855,769972.9988,769972.9988
600436.SH,20250417,0.9075,1.3,42.5986,8.8714,12669661.41,12669661.41
601788.SH,20250417,0.6925,0.58,24.5731,1.2762,7515583.8516,6367919.1076
300509.SZ,20250417,7.3437,0.93,75.9112,3.7851,213408.0,177914.5366
600707.SH,20250417,1.1709,0.58,14.632,1.0779,2318099.7669,2317634.6469
920087.BJ,20250417,30.672,0.7,75.1304,6.8045,381942.4,372431.5834
600153.SH,20250417,1.4319,1.11,10.3845,0.5521,3059084.8186,3009721.0159
603839.SH,20250417,6.1957,1.44,,1.1683,228349.3555,228349.3555
002698.SZ,20250417,1.5154,0.58,28.8966,4.3926,1604398.0097,1320216.302
300671.SZ,20250417,16.8084,1.8,,4.1437,730901.0559,728379.0425
000678.SZ,20250417,16.6462,0.56,,6.2328,507871.0357,507871.0357
002321.SZ,20250417,3.0473,0.42,,5.4776,526823.8475,524680.3847
300195.SZ,20250417,10.6536,2.93,67.5375,0.972,258885.4389,191800.5259
603165.SH,20250417,1.3133,0.89,11.2626,1.4424,322501.0938,322501.0938
300085.SZ,20250417,4.7189,0.57,,40.5197,2185639.1748,1963641.6515
688112.SH,20250417,5.8041,0.78,44.3992,3.2293,494952.8591,494952.8591
300806.SZ,20250417,1.9882,0.55,266.4343,3.0602,679497.454,479176.5998
605399.SH,20250417,2.6748,1.09,49.5503,1.589,350960.2432,349683.4432
600388.SH,20250417,0.639,0.6,17.8241,1.4028,1455473.0518,1455473.0518
300364.SZ,20250417,3.6808,0.93,,14.5972,1479583.7397,1341324.1357
301626.SZ,20250417,3.9718,0.56,42.3586,5.4326,789053.28,150009.5124
000592.SZ,20250417,8.1134,0.6,,2.8886,585329.6103,580273.012
600061.SH,20250417,0.5897,0.56,16.09,0.8381,4335119.3261,4335119.3261
688252.SH,20250417,3.6191,0.58,34.6257,4.3657,951792.6605,424303.9816
002467.SZ,20250417,2.1546,0.62,101.1417,3.6546,693187.424,687252.7187
300164.SZ,20250417,4.177,0.69,40.5018,1.6269,225379.6549,223369.728
601236.SH,20250417,1.1216,0.84,45.4999,1.4235,3476272.5659,3476272.5659
300487.SZ,20250417,0.7827,0.56,28.1835,6.3304,2241343.0898,1353757.3352
605011.SH,20250417,14.8012,1.11,47.407,4.5253,1035858.9,1035858.9
301291.SZ,20250417,2.0668,0.92,20.4611,2.8293,1257541.6,703978.3735
600345.SH,20250417,2.074,0.45,45.0162,2.138,738990.3999,474315.9439
000931.SZ,20250417,15.598,4.86,66.3378,2.4679,391626.0306,388019.8306
605580.SH,20250417,2.7241,0.56,20.765,3.0189,283640.0,283640.0
688084.SH,20250417,1.3093,0.57,,2.7966,438822.5828,213725.65
603235.SH,20250417,5.4735,0.86,21.9505,2.7455,1223595.1,411047.234
603987.SH,20250417,1.5909,0.63,14.3191,1.2356,299638.5437,299638.5437
688708.SH,20250417,2.6347,0.54,38.5598,6.9136,2000050.0,178552.875
603379.SH,20250417,1.4491,0.48,40.8854,3.9576,2463282.9143,2463282.9143
000762.SZ,20250417,1.092,0.66,86.1443,3.2379,962608.6366,961918.7414
002724.SZ,20250417,5.4778,0.44,630.2481,1.5428,436667.8646,323619.3387
300163.SZ,20250417,2.8916,0.55,,2.8123,137460.0,120629.7204
300205.SZ,20250417,1.8049,0.6,,1.2286,166861.728,165284.5926
002828.SZ,20250417,3.2894,0.48,49.9023,2.7064,161996.0056,154978.6923
002362.SZ,20250417,3.7494,0.92,,4.1804,476931.0143,405015.7613
001216.SZ,20250417,2.5906,0.76,14.9752,1.7792,307025.5073,307025.5073
600703.SH,20250417,0.595,0.44,132.3214,1.5854,5837151.9106,5837151.9106
600765.SH,20250417,2.4435,0.97,38.2464,1.7506,2446739.3136,2284025.464
603282.SH,20250417,2.1819,1.09,18.1541,1.6109,199391.8,95634.8439
600729.SH,20250417,2.0713,0.44,11.3368,1.9907,1490372.453,646871.3598
300467.SZ,20250417,2.9615,0.5,161.9364,5.6002,347683.5788,288401.4958
002529.SZ,20250417,5.882,0.71,,4.0723,166400.0,166400.0
300928.SZ,20250417,2.1004,0.71,,2.1485,255040.0,169005.7724
300773.SZ,20250417,9.4165,0.81,41.3944,4.1965,1444555.2225,1346036.0788
001301.SZ,20250417,2.1418,0.62,15.9241,2.1314,1334960.57,824104.875
301050.SZ,20250417,2.3408,0.6,28.6835,4.0919,1189687.9925,1015619.9629
000829.SZ,20250417,1.558,0.59,,3.2882,981021.1192,980092.0932
688498.SH,20250417,1.4539,0.44,,4.2676,889558.9641,622544.9549
920510.BJ,20250417,3.3432,0.52,179.4304,9.444,377822.7684,194654.417
603261.SH,20250417,11.0928,1.07,,1.8001,140856.9806,140129.0798
688211.SH,20250417,0.6338,0.84,,0.993,354948.6585,175328.4585
002726.SZ,20250417,1.6756,0.75,,4.6803,647496.2208,646267.7208
600143.SH,20250417,0.9616,0.5,51.4616,1.5235,2652432.3732,2612808.9194
600569.SH,20250417,1.5648,0.83,,1.8988,502673.7426,502673.7426
002585.SZ,20250417,1.5207,0.99,,0.6068,547323.4956,425895.5718
600809.SH,20250417,1.5297,1.28,22.1051,8.8511,27314998.9306,27314998.9306
301228.SZ,20250417,9.8291,0.67,,3.8182,285720.0,285134.274
002700.SZ,20250417,2.2725,0.89,42.1011,4.6181,382606.0711,309630.4985
688192.SH,20250417,1.9918,0.56,,109.6283,2005546.109,896604.2631
300945.SZ,20250417,17.1116,1.55,37.4158,2.0785,331782.6823,301729.5742
002110.SZ,20250417,1.8385,0.69,,0.4513,857463.9081,857463.9081
002831.SZ,20250417,0.994,0.55,12.2826,1.7591,1924302.0276,1077414.0865
300739.SZ,20250417,2.4294,0.64,70.1684,1.6721,396590.1911,392776.903
600894.SH,20250417,1.1842,0.62,12.392,1.1413,1005811.2428,989798.8761
002623.SZ,20250417,1.2914,0.73,,0.8702,271123.125,270542.4023
688036.SH,20250417,0.9957,0.68,17.213,4.7551,9622278.1519,9622278.1519
920346.BJ,20250417,8.6473,0.38,48.222,4.781,215489.8776,117947.8022
300939.SZ,20250417,1.8247,0.72,33.0094,2.3905,323400.0,323400.0
603236.SH,20250417,3.7828,0.51,37.8271,4.7481,1760432.6961,1760432.6961
920033.BJ,20250417,4.0481,1.11,28.7824,3.2113,231122.385,160560.8253
000576.SZ,20250417,1.88,0.67,,1.8597,299382.8948,297622.7389
300846.SZ,20250417,7.8942,0.63,,10.0677,937365.607,730952.7714
000007.SZ,20250417,3.6624,0.73,74.4358,16.3368,210640.4108,210640.4108
003816.SZ,20250417,1.2017,0.65,16.9047,1.5305,18280497.2182,14239264.9682
000788.SZ,20250417,1.7446,0.62,25.5875,2.1829,328985.0586,328985.0586
920931.BJ,20250417,7.9629,1.25,36.1777,3.7296,146436.87,44861.4722
002632.SZ,20250417,2.0434,0.76,30.0937,2.3946,502177.6684,466963.2088
301277.SZ,20250417,20.0342,1.97,27.5041,3.3391,477551.4912,123040.4112
300142.SZ,20250417,0.9345,0.59,116.7782,1.7606,1660123.7856,1618667.8405
920508.BJ,20250417,4.9895,0.5,301.7038,7.5872,155400.0,80924.55
002332.SZ,20250417,1.5358,0.66,14.6075,1.5099,908090.067,903489.6798
002762.SZ,20250417,12.0114,0.74,,2.3622,190465.45,113721.5975
603232.SH,20250417,2.3589,0.81,83.213,2.2514,302380.9403,296296.1903
300025.SZ,20250417,1.8599,0.58,,5.1145,326136.263,276766.8257
300605.SZ,20250417,26.8613,2.83,,4.845,256244.6296,185165.2659
300033.SZ,20250417,2.5141,0.66,77.4556,22.2002,14122214.4,7237256.1073
301223.SZ,20250417,1.1289,0.83,19.4723,1.061,307459.0755,178327.9755
000655.SZ,20250417,2.3426,0.6,16.8552,1.1424,389352.5104,389352.5104
605009.SH,20250417,6.6829,0.74,22.3491,2.6235,866051.4274,864255.5874
688458.SH,20250417,5.3035,0.76,,2.2941,433319.8037,326140.0818
603271.SH,20250417,7.933,0.8,21.6522,2.6522,691667.52,135613.4244
600674.SH,20250417,0.9886,0.76,17.3639,1.8779,8184464.8642,8184464.8642
603198.SH,20250417,2.9104,0.98,15.39,4.3858,4061600.0,4061600.0
002603.SZ,20250417,0.7677,0.55,148.8731,1.9214,2210343.2124,1820857.4513
002351.SZ,20250417,2.2017,0.65,25.0957,4.0449,1127387.676,660684.0139
300816.SZ,20250417,5.1663,0.66,46.8706,2.5966,216640.0,130975.6777
001266.SZ,20250417,3.2659,0.68,,2.2871,218926.2307,74846.3352
002190.SZ,20250417,3.4268,1.12,,2.1671,573608.2195,573608.2195
002728.SZ,20250417,1.1959,0.51,54.1107,2.1963,382580.7977,280619.9146
300963.SZ,20250417,35.2968,0.85,65.6328,4.9855,511383.6,313030.4411
002444.SZ,20250417,3.6912,0.6,12.0693,1.5995,2559766.744,2449396.5436
603648.SH,20250417,7.2879,0.57,28.3511,2.0081,371110.7072,371110.7072
601825.SH,20250417,0.3529,1.22,6.8154,0.6969,8332800.0005,8049528.2382
301232.SZ,20250417,27.6862,3.5,,1.4267,207673.5648,123415.6532
