ts_code,trade_date,turnover_rate_f,volume_ratio,pe_ttm,pb,total_mv,circ_mv
300819.SZ,20260227,24.1597,0.99,148.8393,10.287,879115.86,794019.177
001378.SZ,20260227,3.5842,1.2,42.9823,1.8561,344667.356,166747.4051
688505.SH,20260227,1.1491,0.9,,3.9842,899744.5828,616776.5828
605158.SH,20260227,2.9625,0.94,26.8054,1.7756,438798.36,438798.36
688193.SH,20260227,1.7187,0.89,,2.3813,217298.905,217298.905
300612.SZ,20260227,6.822,0.57,,6.5078,319043.5489,318026.9489
300235.SZ,20260227,3.5501,0.83,633.4626,5.1617,359997.6881,290482.0361
600360.SH,20260227,2.7285,1.08,52.4452,2.7077,919962.9012,919962.9012
300161.SZ,20260227,2.6392,0.87,,4.2831,658282.8496,646018.1136
001282.SZ,20260227,23.602,5.01,38.584,3.2412,519914.304,182905.632
300779.SZ,20260227,5.316,1.12,761.0994,14.9184,2032641.283,1629086.1026
300434.SZ,20260227,2.0936,0.81,33.1812,1.719,432678.1501,368464.4096
000695.SZ,20260227,7.7319,1.34,,17.9738,308693.8491,295452.4704
920112.BJ,20260227,1.2135,2.21,22.5723,3.6308,325145.2,88837.256
000905.SZ,20260227,7.0746,1.61,45.9641,1.8777,945065.4266,945063.5156
301332.SZ,20260227,1.4362,0.95,35.9406,1.5672,456946.875,262248.525
301278.SZ,20260227,17.0362,1.1,125.3179,2.6406,375697.7029,215271.4252
920725.BJ,20260227,32.8432,1.53,,5.9261,358893.3,165449.7602
920068.BJ,20260227,18.2173,1.7,151.349,11.4467,1448876.0332,138576.4168
000573.SZ,20260227,2.8405,0.82,44.2131,1.7537,288502.833,286100.0982
300521.SZ,20260227,2.1277,0.8,,9.2015,489617.1,489617.1
600639.SH,20260227,1.8363,0.8,12.5153,0.8206,1188635.2537,900400.6685
301149.SZ,20260227,4.5103,0.75,39.8455,2.6741,537930.0225,326797.1212
600835.SH,20260227,3.077,1.32,30.7219,2.0062,2807419.4005,2213854.3035
000973.SZ,20260227,3.6918,0.57,276.6151,3.883,3328452.5812,1309890.9735
000501.SZ,20260227,1.1962,0.57,34.0234,0.6871,747460.9345,746718.1662
000822.SZ,20260227,5.6423,0.58,,1.2352,592550.855,592550.855
688588.SH,20260227,1.3378,0.75,58.0174,4.5793,564014.1042,564014.1042
300812.SZ,20260227,27.7803,0.71,,8.1363,637630.636,422007.0755
301205.SZ,20260227,11.2912,0.92,213.118,15.1153,2397409.632,1255733.0978
600386.SH,20260227,2.068,0.55,4359.1298,2.0052,358041.6,358041.6
605116.SH,20260227,2.9047,1.39,25.3926,4.2743,1078010.303,1078010.303
002651.SZ,20260227,3.0532,1.13,198.8079,4.123,1144040.22,625968.2506
300971.SZ,20260227,4.1133,0.93,42.7183,2.9904,315050.4,246635.4321
300808.SZ,20260227,5.8246,1.01,,5.434,526880.0,391536.3104
002020.SZ,20260227,1.3091,0.9,19.7446,2.4895,1406921.6148,1182964.2594
300757.SZ,20260227,10.9149,1.06,,41.5712,6922214.9843,6221959.5662
603011.SH,20260227,9.2173,1.41,,6.0531,1271139.5175,1271139.5175
300484.SZ,20260227,2.5405,0.98,75.2716,6.0277,407077.0635,326882.9081
605198.SH,20260227,2.545,0.96,39.4625,5.0035,1367497.296,1107033.312
605050.SH,20260227,3.9198,1.26,18.9195,1.5907,677147.2947,677147.2947
300166.SZ,20260227,16.896,0.84,,2.6702,1562359.1663,1242726.8151
600571.SH,20260227,2.5951,1.13,74.193,6.2138,744710.3395,731029.4697
002091.SZ,20260227,1.4917,0.68,12.8427,0.9589,1481220.3679,1453110.2632
920914.BJ,20260227,2.8091,0.7,51.8135,2.9699,287639.024,287411.594
300321.SZ,20260227,2.6807,1.29,459.8321,5.7784,366211.2,365781.8916
002861.SZ,20260227,3.8839,0.79,349.966,3.3494,368842.2448,297333.333
300668.SZ,20260227,7.5894,1.43,,4.0832,320093.8049,265085.9791
920058.BJ,20260227,1.9312,1.42,35.3519,5.1067,177305.4759,87281.0492
920634.BJ,20260227,12.7738,1.02,103.5895,6.1621,178433.2747,112960.0287
688710.SH,20260227,1.9232,0.89,39857.8441,3.4867,814862.1747,524211.1119
301305.SZ,20260227,4.4973,1.04,24.22,1.742,657346.8559,337119.1622
001260.SZ,20260227,7.0823,0.78,59.0754,3.1824,263350.0,263350.0
603273.SH,20260227,2.5798,0.9,128.5044,4.7249,413839.1754,108248.7704
688158.SH,20260227,21.0049,1.03,,7.6551,1842103.612,1636898.1666
600241.SH,20260227,2.3087,0.56,1155.885,2.2316,260751.6739,260751.6739
601766.SH,20260227,2.1292,1.11,11.9493,1.0833,18051585.5114,15302184.9722
688420.SH,20260227,2.1147,1.0,193.65,1.6873,242209.77,114323.121
300960.SZ,20260227,3.9858,0.75,91.6849,6.7272,405599.4961,367506.1681
688048.SH,20260227,12.8776,0.99,1443.2804,9.3759,2817658.6089,2817658.6089
601169.SH,20260227,0.6395,0.83,4.3369,0.4101,11396068.5226,11396068.5226
001358.SZ,20260227,1.744,0.54,59.3348,2.6379,377484.8,156191.4077
001896.SZ,20260227,21.9911,1.39,79.616,5.9034,2035392.2942,2035392.2942
603787.SH,20260227,2.8944,0.98,54.2145,1.9916,316677.855,316677.855
300323.SZ,20260227,4.6132,1.24,,2.1015,1426615.9426,772869.4222
688499.SH,20260227,2.9353,0.9,,4.3999,1008152.8473,1008152.8473
601963.SH,20260227,1.3211,0.78,6.1088,0.6246,3401623.5699,1843329.1083
301459.SZ,20260227,6.3297,1.2,34.2986,3.5535,442830.1005,110999.0087
002454.SZ,20260227,1.8601,0.88,28.0656,1.4674,582695.1432,581209.7444
603949.SH,20260227,6.3037,1.09,52.7699,3.8431,405668.1591,404645.1525
600352.SH,20260227,3.5517,0.76,25.7103,1.5614,5332210.9185,5332210.9185
688230.SH,20260227,3.4222,0.9,77.1164,3.6054,818613.6,818613.6
600706.SH,20260227,3.3666,0.77,111.7093,4.3405,275464.5678,274352.5998
300260.SZ,20260227,7.1574,0.76,134.9571,11.2681,2342034.1767,1651898.9751
301517.SZ,20260227,7.3923,0.95,,7.3409,983496.6821,638315.4912
301193.SZ,20260227,7.4036,0.64,,3.3871,516247.1986,366275.6986
300101.SZ,20260227,3.4123,0.61,249.6122,8.3732,1543567.6926,1538506.002
000669.SZ,20260227,9.5786,3.02,,,310266.4114,310266.4114
605389.SH,20260227,2.972,0.9,94.1289,5.0766,1068693.7982,1010690.5589
600477.SH,20260227,8.5259,0.77,82.4326,1.8602,927074.5953,927074.5953
000928.SZ,20260227,6.1436,1.55,13.5693,1.2057,1018597.6809,1018585.2204
002969.SZ,20260227,16.8422,0.96,174.1255,8.7317,2580366.4228,2565786.7717
688337.SH,20260227,6.3658,0.82,106.7385,2.8781,909464.8901,872136.4687
688091.SH,20260227,3.6794,1.45,160.5102,7.1991,1029384.1272,1029384.1272
002662.SZ,20260227,2.014,0.7,26.7516,1.4307,630000.0,629992.062
600482.SH,20260227,5.1416,0.96,40.849,1.8981,7578859.6081,7578859.6081
603713.SH,20260227,3.6596,1.26,18.3335,2.3656,1099458.3521,1099458.3521
301210.SZ,20260227,6.6067,0.92,88.7634,2.5938,473357.1994,179505.9813
300798.SZ,20260227,18.6308,1.13,,2.7712,465573.3566,378736.8938
688538.SH,20260227,1.4974,1.01,,4.4689,3604263.2201,1501333.5242
002888.SZ,20260227,6.5734,1.34,191.148,8.4789,322453.2118,163631.8757
301173.SZ,20260227,3.4301,1.22,25.8138,2.8218,415019.2977,83907.5328
000791.SZ,20260227,19.8744,3.71,9.5926,1.7141,2501000.4411,1492364.397
002625.SZ,20260227,1.1536,0.93,143.2188,10.8176,10322630.4468,10322584.9323
600373.SH,20260227,1.98,0.51,30.5252,0.7278,1269211.9133,1269211.9133
300507.SZ,20260227,4.5584,1.26,70.4995,3.7878,802248.2008,776541.7315
605338.SH,20260227,1.4962,0.82,24.9221,2.9108,680369.3201,680369.3201
603489.SH,20260227,5.6715,1.19,92.5329,2.7307,735527.3642,735527.3642
301303.SZ,20260227,4.9623,1.43,20.0272,2.0116,676972.8,168472.8536
002158.SZ,20260227,3.2327,0.74,31.633,3.3976,1485998.3823,1482838.6871
688356.SH,20260227,4.077,2.12,161.3838,4.7138,611783.6109,611783.6109
002637.SZ,20260227,2.6271,0.98,40.1761,1.7608,664676.613,625567.811
601005.SH,20260227,6.5183,1.15,,0.8847,1451689.2578,1363436.397
920171.BJ,20260227,3.4274,0.88,,10.6643,224221.7467,150991.0798
601966.SH,20260227,1.4674,0.73,18.5381,0.9731,2239159.105,2239159.105
603444.SH,20260227,2.2562,0.83,20.13,6.1058,3022628.4747,3022628.4747
000035.SZ,20260227,4.9509,1.31,72.8245,1.6288,1674010.9711,1621431.0493
600197.SH,20260227,1.3599,0.93,34.9142,1.6643,635473.6449,635473.6449
603580.SH,20260227,2.4841,0.56,,5.3358,224627.2308,224627.2308
600516.SH,20260227,8.5647,3.06,596.3434,1.5689,2540387.3022,2540387.3022
300436.SZ,20260227,11.3118,1.08,,48.9358,1874413.323,1609080.8532
603557.SH,20260227,7.8297,2.82,,27.9422,218826.3477,218826.3477
603861.SH,20260227,9.2333,0.75,45.6498,2.5277,1007003.5802,984756.6085
920471.BJ,20260227,11.3433,0.65,,2.5848,135782.4,86545.9506
601222.SH,20260227,2.5348,0.96,63.9399,0.8405,1289665.8917,1289665.8917
301596.SZ,20260227,1.6134,0.63,53.7952,6.7667,574418.4932,233120.8672
600261.SH,20260227,1.9106,0.7,28.492,1.4771,512660.3389,512660.3389
688182.SH,20260227,3.7737,1.1,112.552,6.0836,1352000.0,1352000.0
000629.SZ,20260227,7.1121,1.39,,3.216,3948652.8341,3948389.3783
300433.SZ,20260227,3.196,0.98,45.3265,3.515,18565331.6398,17476623.0225
000813.SZ,20260227,3.8638,1.63,,1.6393,815774.0551,815639.8501
603004.SH,20260227,5.5716,0.93,33.9588,2.9171,604108.8,151027.2
600722.SH,20260227,23.5814,0.73,128.4205,5.1679,638139.8561,638139.8561
000600.SZ,20260227,9.2373,1.36,10.2087,1.4737,1713072.6572,1035548.3322
600322.SH,20260227,1.7116,0.72,,,268685.1,268685.1
600448.SH,20260227,2.2923,0.65,,1.9056,214768.5047,214768.5047
688253.SH,20260227,1.7171,0.64,34.1793,2.4323,499170.8475,499170.8475
603377.SH,20260227,1.7903,1.37,,3.2661,264519.0499,264519.0499
002487.SZ,20260227,5.0389,1.73,41.1382,5.5505,4439373.2184,4391835.9716
300263.SZ,20260227,7.3001,0.84,81.2023,3.0321,1273057.7515,1199900.8496
603421.SH,20260227,5.2391,1.02,,1.8699,523708.9803,523708.9803
688006.SH,20260227,2.9233,1.32,53.7464,3.3229,1806187.0788,1806187.0788
603258.SH,20260227,2.1858,0.55,,2.1475,466086.5937,461203.3199
300146.SZ,20260227,0.8573,0.59,29.5023,1.8031,2040162.4994,1351707.3028
920505.BJ,20260227,17.7388,1.2,195.7579,10.1935,345096.3236,192015.7761
601801.SH,20260227,3.6666,1.13,16.1017,1.1413,1366636.0034,1366636.0034
920221.BJ,20260227,1.9154,0.95,31.5836,4.5054,189145.2,100676.8
300879.SZ,20260227,2.0367,0.96,42.6775,3.6753,506604.279,503174.2053
002122.SZ,20260227,1.8395,1.04,,2.9159,636477.1829,632253.67
300223.SZ,20260227,6.2899,0.76,202.423,5.1836,6427442.4304,5601997.8612
301183.SZ,20260227,14.4007,1.08,140.0667,14.3432,1340077.7173,982400.1606
600177.SH,20260227,2.4531,2.26,12.9934,0.7972,3384359.4723,3384359.4723
002160.SZ,20260227,8.3251,1.01,124.3627,1.6812,625865.3872,624622.0703
301439.SZ,20260227,7.0298,1.19,33.5724,2.2798,675091.6386,317933.4131
002817.SZ,20260227,2.5309,0.7,44.0068,2.6924,254233.4445,246533.4008
603876.SH,20260227,5.9439,0.71,49.4836,2.5939,1896634.3817,1896634.3817
603611.SH,20260227,2.4775,1.04,12.7557,2.0122,631894.7403,631894.7403
688053.SH,20260227,2.2395,0.63,,2.7909,449000.0,449000.0
601229.SH,20260227,0.4035,1.01,5.7195,0.5838,13754321.7478,13754321.7478
603160.SH,20260227,2.0526,1.21,43.7771,3.919,3643115.4892,3643115.4892
301217.SZ,20260227,17.1348,0.57,5827.8484,7.2914,3933678.7563,3933678.7563
300419.SZ,20260227,1.3942,0.81,,5.9561,257059.8852,257059.8852
301073.SZ,20260227,8.8728,1.08,350.8037,6.2651,588992.2183,539705.7055
603991.SH,20260227,5.5028,1.4,,4.6199,1480826.0579,722765.8756
000803.SZ,20260227,9.9278,2.33,57.3384,3.0237,443913.9377,437717.9666
688105.SH,20260227,0.6744,0.74,,2.2057,837231.2151,837231.2151
920101.BJ,20260227,3.3087,1.1,30.3255,3.4341,363546.2536,104684.458
601868.SH,20260227,4.4243,1.13,13.3235,0.9653,10589555.5635,8236896.8195
600779.SH,20260227,1.7455,0.6,34.4296,3.7074,1866162.2419,1866162.2419
301687.SZ,20260227,8.7527,1.18,69.526,6.0872,903801.056,181760.3901
601456.SH,20260227,1.17,1.33,31.7144,1.0756,5595383.9139,4302863.5048
002664.SZ,20260227,4.0585,1.07,186.9719,2.939,1037236.2,1022945.8396
603301.SH,20260227,2.157,0.47,82.8084,4.0898,2326060.9313,2326060.9313
300377.SZ,20260227,7.9848,1.15,,6.731,1697266.9608,1560584.8208
301590.SZ,20260227,8.9154,1.31,44.7383,4.2675,831390.3406,170075.0034
000517.SZ,20260227,4.3512,0.6,,1.1897,684543.3343,535777.0794
002546.SZ,20260227,28.5945,1.77,13.0172,2.4268,909947.5637,874144.2167
300899.SZ,20260227,5.8829,2.04,109.7415,3.8013,243397.7063,156212.0279
600497.SH,20260227,10.5681,1.71,48.6568,3.3468,5559539.6727,5559539.6727
002917.SZ,20260227,1.9879,0.77,33.5097,2.9769,500216.8295,374827.8866
002641.SZ,20260227,2.1351,0.57,63.0122,1.0167,554321.3358,511431.5885
600127.SH,20260227,3.2783,1.16,306.9549,6.3801,433845.4554,433845.4554
002206.SZ,20260227,2.0187,0.85,16.146,2.1812,854222.3067,626967.2642
603045.SH,20260227,7.4599,1.01,73.0337,4.2702,435049.8379,435049.8379
002363.SZ,20260227,3.9228,1.17,72.9934,1.7698,377290.2474,376261.1411
688535.SH,20260227,6.0648,0.78,507.9502,6.0087,1279870.9256,699232.4548
600640.SH,20260227,4.1429,0.68,518.0504,2.7987,1113178.6201,1113178.6201
002695.SZ,20260227,2.2059,0.82,98.7404,2.2096,620021.0675,566692.2331
301315.SZ,20260227,4.6838,0.83,121.2867,5.1546,524304.0,220446.0
000628.SZ,20260227,13.8935,1.18,557.845,9.2095,2018916.68,1101719.3306
003029.SZ,20260227,7.5704,1.03,,4.5865,495086.9204,442966.9604
300571.SZ,20260227,9.7977,0.84,,3.0517,443420.9183,367494.9422
000338.SZ,20260227,3.0547,0.89,20.4347,2.6692,24276037.4907,13949825.0283
688512.SH,20260227,2.6767,0.72,,3.4605,599427.1156,416748.2601
002735.SZ,20260227,9.1831,1.22,,4.0685,704038.0772,516894.2489
603096.SH,20260227,2.8739,0.57,43.518,1.5792,293662.7241,293662.7241
688596.SH,20260227,2.9834,1.06,37.6192,2.7907,1005928.4065,1005928.4065
301491.SZ,20260227,5.3936,1.68,34.7605,3.6304,759165.0,168213.6033
300547.SZ,20260227,6.1153,0.86,42.2731,6.3581,812530.5278,661667.3341
603391.SH,20260227,8.33,1.07,32.0074,3.1347,655928.0,163982.0
003043.SZ,20260227,2.765,0.9,115.8061,4.2698,737006.0063,461630.3107
300062.SZ,20260227,12.3832,1.73,,3.5985,578282.5057,420855.4935
600761.SH,20260227,3.5852,1.29,14.7765,1.8516,1979119.3149,1979119.3149
300070.SZ,20260227,3.6648,1.54,698.5534,0.5623,1529416.3512,1422915.7191
300981.SZ,20260227,2.2271,0.98,,1.0385,557524.4467,510945.3427
300407.SZ,20260227,4.2155,0.98,46.658,2.3381,449656.8927,362398.9082
301307.SZ,20260227,4.7114,0.85,,2.7194,777114.0,402179.1516
601727.SH,20260227,3.2129,1.05,133.4683,2.6188,14141510.6888,11480232.0688
600897.SH,20260227,3.167,0.63,16.5379,1.5573,734637.708,734637.708
002131.SZ,20260227,19.5595,1.0,133.3158,4.9388,6521222.891,5633284.0598
002008.SZ,20260227,10.812,1.51,65.8073,4.3866,7444032.6398,6917114.6718
002717.SZ,20260227,9.8222,1.78,,3.9444,338563.4418,300427.213
601211.SH,20260227,0.7108,0.91,13.0484,1.0712,33371556.5943,25549650.9953
300513.SZ,20260227,2.5682,0.98,,2.3415,308985.7877,283953.6645
600258.SH,20260227,4.6537,1.64,23.2697,1.6179,1949589.058,1949589.058
300848.SZ,20260227,21.6628,5.58,92.2035,5.0941,786457.4584,465239.1771
300972.SZ,20260227,1.2062,0.66,37.021,19.2164,3940643.731,3611610.1692
600446.SH,20260227,2.4495,1.17,,3.9521,1455199.5225,1455199.5225
300197.SZ,20260227,7.3647,1.58,,6.0149,590094.3179,590079.3929
300401.SZ,20260227,5.8356,0.82,31.243,2.984,942920.2852,927561.1127
002532.SZ,20260227,1.601,0.81,17.3593,2.9722,8178979.0123,7256817.1177
002807.SZ,20260227,1.303,0.87,5.1643,0.5977,1129779.2902,1128229.5308
601688.SH,20260227,1.0398,0.86,12.4011,1.1302,19299434.7745,15621848.8306
300251.SZ,20260227,12.6665,0.54,26.3875,5.3196,5717563.854,5409186.4045
300454.SZ,20260227,6.5116,0.98,79.2342,6.1454,5514436.2264,3631990.7685
688229.SH,20260227,11.3529,0.7,,9.3866,392851.2,392851.2
000056.SZ,20260227,15.1962,0.88,,,263703.7931,201531.0169
920145.BJ,20260227,7.3499,0.79,,5.0051,128401.0,88439.26
600309.SH,20260227,2.5675,1.19,26.2353,2.7687,29113386.1218,29113386.1218
300106.SZ,20260227,5.8423,1.14,,6.3373,244511.4827,244511.4827
600271.SH,20260227,2.1712,1.04,,1.388,1875119.2537,1875119.2537
600095.SH,20260227,1.9932,0.78,74.4934,2.4704,3019302.2566,3019302.2566
301083.SZ,20260227,4.0215,0.99,93.3294,4.2973,358934.934,172760.8125
603075.SH,20260227,2.7487,0.75,30.8526,4.6706,978838.926,100308.0005
002033.SZ,20260227,5.0435,1.15,24.431,2.0269,514323.3055,514313.4494
688195.SH,20260227,6.6281,0.82,341.3176,27.4567,2651675.0,2651675.0
002856.SZ,20260227,6.3828,0.78,,22.8943,190249.808,174209.6469
002600.SZ,20260227,2.7087,0.85,49.082,4.8788,11238701.1932,11071837.6027
600754.SH,20260227,4.7715,1.61,54.6853,1.9036,3015491.9996,2562292.6102
002789.SZ,20260227,5.981,1.93,,,167125.8192,163820.0057
688072.SH,20260227,3.0816,0.76,107.1511,16.9508,10429820.6799,10429820.6799
300240.SZ,20260227,4.1009,0.98,,2.0561,303566.9302,296880.5441
301329.SZ,20260227,7.1563,1.25,62.416,2.8257,438094.8,154295.856
300405.SZ,20260227,9.8931,1.75,,5.068,212142.0126,163242.2258
002393.SZ,20260227,1.5141,0.96,14.5404,1.1475,561281.7309,545399.0522
920826.BJ,20260227,2.6317,0.81,39.137,4.7421,178455.0838,79342.5807
300724.SZ,20260227,7.1546,1.08,12.5663,3.2159,4309068.6982,3559603.163
688443.SH,20260227,3.8426,1.87,,6.298,997736.28,317486.28
301390.SZ,20260227,4.7243,1.26,98.8195,2.5594,243960.0,124728.2907
300029.SZ,20260227,2.1751,0.93,,,112885.1595,112802.8208
002910.SZ,20260227,5.2265,0.62,,2.2602,235820.4525,206300.7117
603357.SH,20260227,1.5045,0.95,10.7698,1.2463,474248.911,470040.1033
688233.SH,20260227,5.6087,0.91,157.2548,8.4559,1595424.1348,1595424.1348
600563.SH,20260227,3.3069,0.88,22.7495,4.5771,2621025.0,2621025.0
688016.SH,20260227,1.2164,0.71,33.1141,3.2927,1251110.4876,1251110.4876
603630.SH,20260227,2.651,0.77,,2.3082,440950.5676,440950.5676
300709.SZ,20260227,5.582,0.95,47.2589,3.5166,807200.6422,647589.9186
600981.SH,20260227,2.7768,0.72,46.7947,1.521,771397.018,771397.018
300888.SZ,20260227,1.5944,0.86,23.7845,1.8098,2079499.7444,2077242.7295
600176.SH,20260227,6.6972,0.88,31.1066,3.4995,10824481.7125,10824481.7125
600637.SH,20260227,3.1842,0.97,78.5788,1.2938,3862822.8897,3862822.8897
300857.SZ,20260227,7.1751,1.25,110.8957,23.4978,9234155.9962,9207683.7584
600032.SH,20260227,2.8869,1.48,37.2372,1.5415,1995880.5189,1995880.5189
300138.SZ,20260227,4.4776,1.91,20.8789,2.0992,700012.0348,577155.9601
300868.SZ,20260227,4.8211,1.76,,2.9095,438875.36,276765.8459
688078.SH,20260227,1.6984,0.73,,3.0031,215617.494,215617.494
920017.BJ,20260227,1.6676,1.47,22.242,1.4418,235683.3446,233186.2758
920627.BJ,20260227,6.4272,0.9,82.2916,4.646,214968.2,106488.35
301395.SZ,20260227,4.793,2.55,75.4759,2.5601,394874.8122,223461.8922
002230.SZ,20260227,2.3889,0.71,154.1431,7.3145,12904732.7059,12220395.8054
300984.SZ,20260227,5.663,1.55,207.0903,8.4035,872248.6278,548190.8106
002387.SZ,20260227,1.7362,0.73,,3.2071,1287845.9516,1286186.6282
603918.SH,20260227,5.2927,1.1,,5.8811,588553.3319,588553.3319
001229.SZ,20260227,4.5812,1.11,56.0174,3.7644,381324.483,196072.8459
002540.SZ,20260227,3.1514,1.17,23.672,1.776,963378.5415,671266.4713
600186.SH,20260227,10.5844,1.07,39.963,6.0849,1159918.7227,1151846.5243
300737.SZ,20260227,6.7881,0.93,,1.8481,832477.6943,665178.8415
600708.SH,20260227,3.1237,0.63,,1.0484,958313.7995,956869.4415
003012.SZ,20260227,1.1872,0.73,22.6477,1.0963,835340.3961,826336.4048
002941.SZ,20260227,3.7557,1.12,20.6525,2.5822,1213576.199,1213576.199
000063.SZ,20260227,2.8073,1.18,31.6561,2.4621,18488362.3383,15566756.0617
603190.SH,20260227,3.4467,0.84,31.8044,1.5612,348213.84,114959.1673
688711.SH,20260227,3.9323,0.53,,7.1209,740710.5485,740710.5485
920833.BJ,20260227,11.3714,1.06,58.3954,2.7445,168426.2,127729.1663
601991.SH,20260227,5.4339,1.26,10.8768,2.1663,7384177.4911,4946039.5533
002129.SZ,20260227,4.7838,0.77,,1.6603,4172495.4777,4169321.0664
300645.SZ,20260227,7.6118,1.39,332.7461,2.8273,292170.9023,286442.7403
600572.SH,20260227,1.8313,0.89,16.5143,1.6078,1136173.58,1133153.2298
300386.SZ,20260227,2.5889,0.95,,4.8419,713601.108,428043.3137
600233.SH,20260227,3.3918,3.71,16.9541,2.0114,6711668.9298,6711668.9298
603319.SH,20260227,3.3743,0.86,84.7722,5.1662,1275202.7893,1275202.7893
603110.SH,20260227,3.9328,0.92,755.5776,4.834,336451.0959,336451.0959
600667.SH,20260227,9.7014,0.63,39.546,2.6771,2317428.7332,2317428.7332
920278.BJ,20260227,2.5233,1.01,61.8448,4.338,165949.5,70419.648
688416.SH,20260227,7.5345,0.77,,6.5192,828396.7762,651821.0753
002218.SZ,20260227,20.8667,1.0,,2.3716,962266.9939,948223.2076
603178.SH,20260227,1.2114,0.68,,3.4415,417976.2056,417976.2056
920493.BJ,20260227,14.8788,1.07,478.7986,23.9681,1044317.4935,765999.8755
600731.SH,20260227,2.0581,0.69,16.7035,1.3866,439171.539,425762.5747
603600.SH,20260227,2.1123,0.83,14.7577,1.6943,387928.5416,352244.6519
301273.SZ,20260227,2.8774,0.73,,2.5335,233480.6001,179199.9183
002771.SZ,20260227,5.9291,1.98,,5.534,341076.4266,283760.829
920427.BJ,20260227,5.3545,0.84,123.1492,4.6246,152065.125,75089.3207
600594.SH,20260227,1.94,0.99,,1.3544,325482.1614,325482.1614
603993.SH,20260227,4.7655,1.33,26.2683,6.6066,51324950.1122,41888560.3802
301037.SZ,20260227,3.5845,0.78,,3.6263,230097.4403,112536.3342
600060.SH,20260227,1.6255,0.62,11.5058,1.4438,2950542.2663,2939681.4782
603156.SH,20260227,1.007,0.55,23.7122,4.2525,3822421.8577,3822421.8577
601598.SH,20260227,1.6618,0.98,11.3358,1.1174,4275555.7313,3073852.2553
300275.SZ,20260227,2.0279,0.96,81.2232,4.2037,397018.5327,349913.8129
920608.BJ,20260227,1.0092,0.98,35.0218,2.4855,117633.6,74488.6139
301630.SZ,20260227,33.3824,2.74,67.3386,5.472,916000.0,229000.0
301500.SZ,20260227,17.6364,1.25,82.0926,2.5917,1213254.3745,311005.3922
300598.SZ,20260227,4.7453,1.76,,6.5011,964266.857,963996.8129
600577.SH,20260227,3.3608,0.95,55.5381,5.534,3314168.263,3314168.263
601011.SH,20260227,7.5201,1.24,,1.254,722205.5312,722205.5312
300129.SZ,20260227,10.9933,1.81,64.318,2.784,1603401.7923,1039254.929
600185.SH,20260227,2.6856,0.62,,23.2447,1330814.0913,1330814.0913
600738.SH,20260227,3.8579,0.82,49.8231,1.9778,403507.6751,403153.0839
603999.SH,20260227,7.5915,0.64,64.7716,2.2243,455040.0,455040.0
600751.SH,20260227,3.4451,0.71,112.1415,1.6233,1229319.22,1091032.158
920270.BJ,20260227,6.6925,0.96,56.9361,5.0204,205361.208,159254.8863
002622.SZ,20260227,2.4349,0.61,,7.0085,255360.0,255352.476
002916.SZ,20260227,5.1363,1.14,71.6102,10.9,19444581.6209,18977650.5597
600576.SH,20260227,3.1718,0.82,35.808,2.3219,689674.6798,431895.1143
600775.SH,20260227,7.8329,1.1,,4.4818,1355222.5385,996336.5385
300092.SZ,20260227,3.5411,0.76,54.9083,2.7509,446768.855,342291.8635
600710.SH,20260227,4.4122,0.99,12.6508,2.0153,1714455.2574,1714455.2574
688519.SH,20260227,5.8694,0.86,114.0425,9.5469,2746820.7234,2746820.7234
300818.SZ,20260227,4.8808,1.1,133.6363,4.3246,783273.6552,508107.8741
600798.SH,20260227,4.4369,0.68,,1.2272,478994.0778,478994.0778
300464.SZ,20260227,4.5399,0.96,,23.9028,331919.2557,257623.4394
601528.SH,20260227,1.3412,1.34,5.3406,0.555,1071340.1217,947013.2697
601588.SH,20260227,1.8304,0.78,,0.8546,643100.82,508060.0
301201.SZ,20260227,9.8079,1.44,,3.2076,683061.533,479223.1022
603967.SH,20260227,2.7321,1.25,17.7076,1.9592,458293.3906,458293.3906
000159.SZ,20260227,5.9616,1.11,102.7508,1.6839,343209.799,343200.4278
001396.SZ,20260227,26.3182,1.32,45.4094,4.3632,602395.1142,125137.2564
688030.SH,20260227,3.4629,1.2,,3.9344,327668.6989,327668.6989
002418.SZ,20260227,5.5541,0.78,,3.9369,567063.6,567062.2717
603660.SH,20260227,2.0207,0.78,,5.9417,582119.6925,577779.1157
301189.SZ,20260227,5.5857,1.56,,2.4367,512144.446,491734.6412
600778.SH,20260227,5.1185,0.72,367.8611,9.7924,225208.2475,225008.3597
688665.SH,20260227,3.9646,1.36,34.1464,4.7949,540976.9746,540976.9746
300881.SZ,20260227,18.8899,1.12,33.2573,5.613,613800.0,320326.875
002120.SZ,20260227,5.4671,2.57,16.7006,1.0141,2064231.1626,2004372.3165
688680.SH,20260227,6.0759,1.16,,4.1532,514562.3085,514562.3085
600817.SH,20260227,2.8993,1.14,23.476,2.8001,665563.8238,660496.9438
920810.BJ,20260227,1.195,0.59,,5.3228,123519.2,80380.918
001288.SZ,20260227,3.6692,0.87,50.3463,4.1407,908047.6071,586643.6958
603214.SH,20260227,11.6814,1.91,23.5958,2.2736,261563.588,261563.588
688677.SH,20260227,2.4937,1.63,32.0853,4.0848,550595.061,550595.061
300780.SZ,20260227,17.523,1.46,,3.5817,366675.0,268837.53
300365.SZ,20260227,2.3424,0.79,,2.0394,383907.5002,327503.7549
300948.SZ,20260227,11.1475,1.51,,3.8019,367439.1483,346186.0454
920454.BJ,20260227,1.5953,1.09,61.1239,5.0969,167634.5,100770.7044
605299.SH,20260227,7.0857,1.05,69.507,4.2531,521763.8168,521763.8168
300663.SZ,20260227,3.2582,1.61,,10.8963,823893.1403,787900.6178
688597.SH,20260227,2.4302,0.88,44.1919,4.0169,336396.064,336396.064
301489.SZ,20260227,10.0398,0.67,205.5963,14.0844,1526248.0863,899648.0703
920022.BJ,20260227,2.1846,1.16,26.0722,4.1777,179032.728,49313.32
600035.SH,20260227,2.1615,1.4,9.6846,0.7324,652096.9399,652096.9399
300293.SZ,20260227,2.3087,1.14,,7.4854,699551.5651,579454.3404
002970.SZ,20260227,9.2259,1.06,43.109,7.7041,1481948.4092,1011637.3566
600183.SH,20260227,4.1728,1.08,59.7513,10.8087,16787642.9985,16548400.1706
688216.SH,20260227,11.3531,1.52,,5.3954,397941.5839,368492.8859
600470.SH,20260227,37.9893,2.77,,2.5455,414150.4,414150.4
603248.SH,20260227,7.609,1.19,54.671,4.8044,1090200.0,164262.1357
301368.SZ,20260227,2.8923,0.68,3783.9246,7.8382,760473.2,406016.9581
600847.SH,20260227,1.8287,0.85,,4.2607,219200.982,219200.982
300414.SZ,20260227,14.0704,1.47,257.1645,5.543,550972.8975,529863.3002
000415.SZ,20260227,1.6944,0.58,,1.1272,3253058.1943,2836694.7156
000429.SZ,20260227,0.974,0.97,14.201,2.296,2557055.8921,1593972.475
601952.SH,20260227,3.2771,1.3,23.5736,1.853,1304966.0,1304966.0
300192.SZ,20260227,9.6807,2.5,53.3315,7.3847,700087.8608,690504.3964
300693.SZ,20260227,10.0188,2.97,30.1996,6.6808,1313742.4566,1129182.705
301292.SZ,20260227,19.7841,1.2,,4.8078,1301572.9351,496971.0358
688110.SH,20260227,7.047,1.39,,19.9041,6191496.612,6191496.612
002005.SZ,20260227,1.4012,0.93,,15.0476,555518.68,555381.8311
002151.SZ,20260227,3.9152,1.02,,4.6097,2377949.7989,1939546.6156
300393.SZ,20260227,16.3242,1.68,,3.7084,1097254.7495,962596.3854
300675.SZ,20260227,2.7351,0.8,,4.5501,242880.0552,242880.0552
002859.SZ,20260227,3.0486,0.6,90.9557,6.2353,1827605.1402,1720192.6419
000557.SZ,20260227,1.1945,0.87,22.1251,1.1591,737937.6159,737705.5962
600918.SH,20260227,0.7979,0.99,29.261,1.1484,5075656.5784,2516468.1315
600520.SH,20260227,2.511,0.83,495.245,11.569,448990.62,448990.62
600483.SH,20260227,7.8509,1.85,9.5629,1.0964,2877442.623,2877442.623
688480.SH,20260227,12.278,1.26,128.2738,12.2753,1410827.4492,1410827.4492
920701.BJ,20260227,3.0763,1.42,34.5989,2.9127,246685.6,180172.6175
301533.SZ,20260227,5.4478,1.32,65.354,3.2175,364422.9369,105414.8469
600528.SH,20260227,1.1823,0.76,13.0392,0.7588,1883875.7466,1883875.7466
600903.SH,20260227,2.2991,0.98,,2.6063,780856.388,780856.388
301298.SZ,20260227,2.4947,0.86,38.17,2.7068,254404.4,187518.3846
605056.SH,20260227,7.8842,0.9,39.1784,6.0738,996463.0488,981859.0488
001337.SZ,20260227,19.8235,1.23,50.6351,12.2894,2128140.0,1461606.552
300284.SZ,20260227,1.3047,0.56,60.5754,1.102,928178.4139,880053.9839
603677.SH,20260227,2.8481,0.88,51.1655,3.0075,349955.7717,349955.7717
002567.SZ,20260227,1.3849,1.02,,1.1391,624810.4073,624097.764
601618.SH,20260227,5.3989,1.11,17.1214,0.6371,6652281.7536,5730690.7536
002203.SZ,20260227,2.0012,0.97,45.0042,2.0339,3371172.0081,3254059.8067
300398.SZ,20260227,14.9479,1.11,54.317,3.6773,1801188.8717,1791352.2157
301020.SZ,20260227,3.7685,1.03,38.8539,3.5923,346382.4,346382.4
002331.SZ,20260227,2.4664,0.81,,2.3388,392015.0503,362198.4449
688318.SH,20260227,2.761,0.89,103.7987,8.5149,3269108.9406,3269108.9406
603869.SH,20260227,0.4463,1.05,130.7296,1.3264,496587.1709,496587.1709
000807.SZ,20260227,2.5061,0.97,21.6838,3.4666,10820027.1036,10819913.6791
603135.SH,20260227,1.7024,0.68,162.5258,2.5365,753497.411,300156.7013
603012.SH,20260227,3.6055,1.04,33.4732,1.4029,533362.5,533362.5
002488.SZ,20260227,3.5829,1.04,398.2495,3.7284,1307011.4923,1208070.2907
002345.SZ,20260227,5.0908,0.89,53.7593,3.0305,1046667.9688,1021667.8733
300087.SZ,20260227,4.4194,1.07,329.0034,4.8448,844072.5901,803945.6469
688620.SH,20260227,2.384,0.77,,3.735,482944.0,286216.4166
688683.SH,20260227,1.965,1.37,149.4734,5.3823,634725.332,611401.0403
600283.SH,20260227,2.2946,1.38,22.725,1.71,531101.1784,515326.328
600063.SH,20260227,2.6817,0.68,27.565,1.8005,1514585.9207,1514585.9207
002961.SZ,20260227,19.465,4.49,24.6137,3.3582,1223334.2556,1223328.4844
002670.SZ,20260227,2.3509,0.83,94.6356,2.732,3088395.1062,2590867.6119
920146.BJ,20260227,2.4731,1.73,,5.0205,110962.1441,88067.3143
688798.SH,20260227,2.9328,1.18,53.1704,4.4974,1875286.748,1091918.6226
920260.BJ,20260227,2.1433,1.04,32.3225,2.7547,118875.4,113441.8689
601003.SH,20260227,12.7651,1.95,27.6447,1.6357,1476168.8832,1476168.8832
601001.SH,20260227,3.6344,0.99,14.6705,1.509,2836921.5,2836921.5
300832.SZ,20260227,1.0819,1.23,24.9242,4.7018,4111666.4019,3568892.2006
600400.SH,20260227,2.1586,0.6,,2.3186,540763.7571,540763.7571
688213.SH,20260227,3.3972,1.33,39.1354,8.0052,3918870.2953,3151305.8057
301393.SZ,20260227,1.3077,0.87,40.6825,2.3862,557172.0,217218.5342
600111.SH,20260227,9.7154,1.3,105.3971,9.4443,22558010.8541,22558010.8541
688410.SH,20260227,1.7771,0.67,47.8145,3.0843,542362.2555,542362.2555
300621.SZ,20260227,2.4252,0.94,,2.2351,192244.3908,187136.808
300919.SZ,20260227,3.9077,0.85,47.6239,2.5791,5981494.8911,5236816.5527
301125.SZ,20260227,3.7827,0.52,551.6176,5.6046,338943.1867,306314.4052
600776.SH,20260227,8.8189,1.56,56.5407,6.1557,2327368.1186,1771468.1186
600231.SH,20260227,9.4815,1.38,,1.4995,706706.7912,697858.1512
301102.SZ,20260227,7.7828,1.16,119.5931,1.6648,500598.0,500598.0
600155.SH,20260227,1.6937,1.51,96.4652,0.7653,1529557.8516,1529557.8516
600110.SH,20260227,14.2893,1.15,,2.4734,1455816.8019,1455816.8019
300266.SZ,20260227,6.2334,1.8,,124.8284,424189.3967,423935.3839
000705.SZ,20260227,1.6607,0.77,66.3714,1.5535,313407.6423,264479.1844
603439.SH,20260227,1.0666,1.0,30.6922,3.3449,493169.8405,487031.3005
300204.SZ,20260227,2.9425,0.72,,14.5207,1264186.1805,1200396.2696
300328.SZ,20260227,12.6716,0.97,,12.2483,1341493.0548,1333610.5467
688151.SH,20260227,3.9044,0.94,184.2047,1.8593,786149.0,786149.0
603768.SH,20260227,2.4177,1.08,,1.2243,287688.6311,287688.6311
002155.SZ,20260227,15.468,1.68,48.7473,7.7199,5891195.4613,5890663.6689
300027.SZ,20260227,3.4388,0.59,,19.8198,521607.1128,467176.012
688215.SH,20260227,4.8227,1.25,253.138,9.9706,457250.4454,457250.4454
600800.SH,20260227,7.3017,1.52,,4.1754,496190.2116,496049.4066
600716.SH,20260227,2.9011,0.44,,0.8801,442756.6591,442756.6591
002701.SZ,20260227,1.136,0.68,13.2662,1.4991,1466742.7487,1465393.5011
300979.SZ,20260227,0.6581,0.56,16.2,3.5683,5560755.0,5560706.397
600489.SH,20260227,3.5323,1.07,34.905,5.2864,15433843.2038,15433843.2038
920014.BJ,20260227,4.901,0.75,176.1676,1.9781,155854.7743,85753.4941
002542.SZ,20260227,1.8327,0.9,,11.8186,617691.9244,601499.7791
300608.SZ,20260227,6.3739,1.06,,3.2244,430611.5762,373849.606
300889.SZ,20260227,7.4242,0.85,,4.1383,605624.47,402509.1923
603108.SH,20260227,4.6735,0.72,,2.3398,965890.8112,965890.8112
002850.SZ,20260227,2.6819,0.98,27.7107,3.5996,4544262.3335,3277028.9224
002777.SZ,20260227,5.1578,1.62,84.2186,4.954,818911.4622,811450.0509
600211.SH,20260227,1.2684,0.84,13.9873,3.8645,1372435.1366,1372435.1366
688345.SH,20260227,2.3248,0.65,,3.5531,392257.761,387800.0
002388.SZ,20260227,4.6234,1.48,,2.9312,287012.0512,284497.6042
688788.SH,20260227,3.3634,0.78,,5.5193,1012153.6804,1012153.6804
002256.SZ,20260227,4.8243,0.99,,6.7471,763680.85,747268.8285
002896.SZ,20260227,4.6815,0.62,226.0404,13.7727,1646073.8839,1646073.8839
000767.SZ,20260227,19.8567,1.05,17.7957,1.8543,1163084.1588,1100829.1528
600123.SH,20260227,4.9626,1.54,443.212,0.6002,948766.5735,948766.5735
000631.SZ,20260227,2.0586,0.71,97.0191,1.5753,924577.7264,924577.7264
300602.SZ,20260227,13.845,0.92,61.2548,5.7299,2274504.1518,1545633.7396
002097.SZ,20260227,1.9393,0.88,94.2912,2.7084,1271272.2233,1269003.0814
603669.SH,20260227,2.6879,0.89,,4.9806,336100.6994,336100.6994
300826.SZ,20260227,2.6641,0.91,196.5017,2.0679,305588.0316,293881.5127
688598.SH,20260227,1.7884,0.88,,1.1892,590753.0881,579376.2031
688266.SH,20260227,1.0014,0.57,,18.9187,2173783.6234,2173783.6234
603195.SH,20260227,0.7373,0.69,19.7447,5.0318,7873446.038,7841893.131
603200.SH,20260227,3.7625,1.05,121.9011,12.8032,1389802.4158,1389802.4158
920237.BJ,20260227,3.9221,1.57,37.5876,3.9972,205010.1144,201059.9
601366.SH,20260227,2.7265,0.86,294.2053,1.101,446003.0457,446003.0457
600588.SH,20260227,4.4521,1.25,,6.5588,4858970.3156,4858970.3156
002855.SZ,20260227,1.6852,0.79,,12.3571,404128.2785,403812.6605
002865.SZ,20260227,19.813,1.92,,5.7718,2892906.6873,2089902.6708
002012.SZ,20260227,5.9628,0.81,710.4682,2.2374,345107.5969,344492.0333
000785.SZ,20260227,1.686,0.61,42.2909,0.894,1843206.4489,1745687.6653
001328.SZ,20260227,4.8104,1.8,36.7566,4.5058,658392.6112,176023.3088
603823.SH,20260227,7.113,1.2,44.0065,3.0363,737803.5715,728347.8251
002371.SZ,20260227,2.2904,1.18,54.386,9.4897,34203401.4838,34176063.0216
601669.SH,20260227,3.7942,1.19,9.2401,0.6864,9870589.2984,7489984.3121
688500.SH,20260227,3.7989,0.9,,6.0128,428362.9832,417094.212
002255.SZ,20260227,6.2071,1.25,24.0167,2.4736,1095101.2305,840847.4163
002059.SZ,20260227,2.1298,0.61,,4.0902,525453.6679,510200.9041
301006.SZ,20260227,3.5381,1.15,29.9948,2.0722,264632.0,163563.59
002793.SZ,20260227,1.7673,0.63,,3.6915,536181.1236,535366.1246
688025.SH,20260227,18.132,1.65,111.8338,11.8234,2607775.9694,2607775.9694
920252.BJ,20260227,10.182,1.31,320.4382,11.7209,309491.755,205717.1856
002830.SZ,20260227,11.6457,0.45,78.9443,4.8924,319615.98,160245.4425
601515.SH,20260227,3.7126,0.75,,1.7476,914123.5687,914123.5687
002696.SZ,20260227,4.8134,1.17,52.9046,1.9838,272240.7379,262906.7411
002900.SZ,20260227,2.2795,0.91,,2.0308,386585.2601,196891.5728
002741.SZ,20260227,6.7251,0.87,,5.5239,1062110.956,973802.6199
603656.SH,20260227,1.9652,0.86,144.4402,3.3521,441630.0942,441630.0942
600844.SH,20260227,2.9063,0.76,,23.7909,332403.4265,269032.9173
600033.SH,20260227,2.828,1.06,12.9224,0.8504,1045616.4,1045616.4
688398.SH,20260227,2.9592,0.87,116.4526,4.2374,436316.6626,436316.6626
300498.SZ,20260227,1.3565,2.05,20.3112,2.5884,10632975.7663,9512161.0469
601168.SH,20260227,3.8759,1.28,26.2576,4.6945,8257095.0,8257095.0
301388.SZ,20260227,18.7243,1.3,169.719,3.9156,382436.8908,102122.143
688133.SH,20260227,1.6814,0.54,288.1394,1.4814,413558.9972,413558.9972
002648.SZ,20260227,2.6537,0.78,12.8395,2.4581,7875893.6232,7870836.0499
920576.BJ,20260227,14.9912,1.16,232.0395,20.0967,901016.5,885945.6986
603151.SH,20260227,2.6583,1.13,28.901,2.4211,328298.88,328298.88
002785.SZ,20260227,6.1482,0.98,,12.2265,1085055.0997,926454.1701
300209.SZ,20260227,4.9983,0.76,102.8832,7.6287,755909.8066,579467.8463
600037.SH,20260227,2.4846,1.01,,0.8872,1124556.5303,1124556.5303
920262.BJ,20260227,3.3116,1.13,42.9273,4.6816,168154.8121,75874.0952
002247.SZ,20260227,3.4043,0.72,66.7627,3.9766,264620.5852,200141.149
688232.SH,20260227,2.4064,0.69,77.9761,1.6975,869673.3145,869673.3145
601689.SH,20260227,3.8191,1.16,43.1233,5.064,11786000.9036,11786000.9036
300705.SZ,20260227,2.0514,1.24,16.5126,2.9379,774450.663,571038.576
002624.SZ,20260227,7.5774,0.98,,5.9134,4188391.7842,3946075.6355
000987.SZ,20260227,5.2007,1.58,13.4895,1.5501,4836515.6934,4833905.8677
002265.SZ,20260227,2.4969,0.87,242.2871,7.0795,2584667.0983,2584667.0983
688076.SH,20260227,1.9701,1.28,20.5722,3.2993,1025904.4577,1025904.4577
300519.SZ,20260227,4.0331,0.98,45.5614,3.1886,264000.0,188265.0
300468.SZ,20260227,11.9769,1.35,237.2355,11.7809,1938992.4509,1935867.5135
300123.SZ,20260227,6.5016,0.86,,5.4251,798052.4501,781327.0969
920924.BJ,20260227,8.9182,0.9,146.8846,8.1984,261481.5705,157031.8041
300188.SZ,20260227,4.8279,0.36,,3.9084,1209284.5752,1203695.6616
603118.SH,20260227,6.5013,1.14,,1.9583,986457.3367,986457.3367
300781.SZ,20260227,11.5601,0.84,,10.6063,708252.4168,522708.338
002999.SZ,20260227,3.3945,0.81,57.7289,2.262,271121.76,268097.6025
603021.SH,20260227,1.779,0.25,,,227803.0258,227803.0258
000936.SZ,20260227,2.6197,0.68,23.4176,1.3901,744250.8251,744145.3631
605287.SH,20260227,14.4704,0.68,,4.6249,718200.0,718200.0
002593.SZ,20260227,6.7788,1.34,50.1242,2.0525,496784.2619,345368.7549
688589.SH,20260227,3.0161,0.64,66.6988,3.9297,375964.444,375964.444
000032.SZ,20260227,5.7285,1.8,159.3052,3.4286,2509345.2772,2349885.8182
600518.SH,20260227,1.3041,0.87,1603.9107,3.7137,2668977.0612,2667713.9723
603036.SH,20260227,2.0318,0.91,36.4763,3.0617,420046.285,420046.285
920018.BJ,20260227,9.5398,0.96,39.9538,4.4931,432283.8698,150139.801
600178.SH,20260227,1.7348,0.88,1436.2316,2.285,581229.2966,581229.2966
002474.SZ,20260227,4.158,0.92,,4.0666,555624.6,473973.9889
300238.SZ,20260227,2.0551,1.02,161.8213,7.4385,425574.9001,425540.2016
002162.SZ,20260227,22.0049,1.94,,6.2369,512273.4375,511601.2254
920693.BJ,20260227,3.309,1.29,419.1218,7.5162,265718.5,133809.55
002554.SZ,20260227,7.4676,0.74,,2.3882,565497.3105,565391.5026
688790.SH,20260227,5.3158,1.24,,5.2063,1481230.5808,179442.2598
300726.SZ,20260227,9.262,0.96,63.8833,4.3832,2202931.3309,1147031.1246
603124.SH,20260227,12.4863,1.21,81.2701,9.3186,1674612.3365,335803.0058
301382.SZ,20260227,7.0483,1.11,61.3027,5.8415,1082115.2985,667957.2705
301515.SZ,20260227,4.2526,1.4,,2.1411,260800.0,171007.9944
300279.SZ,20260227,11.021,1.42,76.5863,4.7947,496925.0818,494735.3092
301529.SZ,20260227,4.3071,0.63,70.8105,7.9506,1078280.9391,574981.4621
300619.SZ,20260227,5.3403,0.78,,5.2348,825802.3769,690372.3671
300562.SZ,20260227,3.6524,1.16,42.5409,3.2073,325515.7814,241468.5406
300958.SZ,20260227,7.776,1.84,,1.8223,226954.5664,131839.5703
003027.SZ,20260227,3.2841,1.01,37.5743,1.7942,306284.4576,245689.248
600377.SH,20260227,1.7128,1.09,12.9614,1.5007,6045297.0,4562619.6012
603163.SH,20260227,16.6646,1.1,107.1962,13.094,1457400.0,1457400.0
000739.SZ,20260227,0.9629,0.81,24.2918,3.2272,2093307.5418,2092521.1878
002314.SZ,20260227,3.2108,0.79,,0.7845,720270.1485,355981.7522
301353.SZ,20260227,3.0918,0.85,42.4132,2.2634,293071.0283,95165.5283
600744.SH,20260227,24.6052,2.44,76.7366,11.3336,1612712.6736,1612712.6736
002276.SZ,20260227,4.1807,0.77,35.5249,2.9053,1769382.0305,1762697.3368
688352.SH,20260227,4.511,0.99,67.1932,2.9045,1785934.0066,549553.4467
605077.SH,20260227,3.083,1.49,20.3568,1.6903,508820.8375,502742.018
002517.SZ,20260227,3.5825,1.04,25.0814,4.7433,4845453.2547,4284448.5744
301220.SZ,20260227,2.4821,1.36,32.2338,2.4176,424018.3584,292659.7128
301212.SZ,20260227,12.0561,1.16,215.9273,2.601,348732.0,302718.75
300042.SZ,20260227,9.4012,0.83,,7.2535,726650.4,726583.5003
688450.SH,20260227,7.0036,2.47,,2.3112,221760.0,164407.0579
601136.SH,20260227,2.3325,1.13,48.1522,3.715,5002000.854,5002000.854
002773.SZ,20260227,0.9966,0.9,21.5442,2.9389,2693942.4695,2008302.7008
600329.SH,20260227,1.1595,0.6,9.2579,4.6502,3312175.8252,2439051.3202
920541.BJ,20260227,1.8123,1.04,26.9854,4.0957,191653.4,126262.275
600336.SH,20260227,4.9807,2.23,,2.5619,620057.4755,620057.4755
603150.SH,20260227,7.0516,0.81,43.9856,3.2202,541449.322,541449.322
920547.BJ,20260227,1.9343,1.14,30.9979,2.7385,194453.064,94409.1552
601199.SH,20260227,2.6018,0.87,14.2397,1.278,577959.9605,577959.9605
600936.SH,20260227,1.5661,0.7,,7.3093,713528.2041,713528.2041
301629.SZ,20260227,15.9849,1.19,259.8257,11.6341,1355635.6777,338905.6869
003004.SZ,20260227,1.9092,0.95,,3.5913,230687.8712,193712.8228
600161.SH,20260227,1.5866,2.42,24.5043,2.8135,3225092.8284,3225092.8284
002185.SZ,20260227,7.825,0.84,61.8356,2.8215,4958270.4933,4957144.3255
002142.SZ,20260227,0.8798,1.52,7.0442,0.9287,20662635.5882,20651047.5682
002098.SZ,20260227,2.5992,0.87,18.3121,2.4807,360864.0,360852.66
002337.SZ,20260227,5.2968,1.37,96.5152,3.1737,417917.1825,417477.5377
002295.SZ,20260227,2.2488,0.78,250.4955,2.2545,304999.672,304607.798
600080.SH,20260227,5.3632,0.76,43.6549,2.158,341915.5811,341915.5811
601908.SH,20260227,5.8317,0.81,,1.1274,992401.7759,992401.7759
300074.SZ,20260227,2.4175,0.71,,2.7703,272843.4496,271355.7968
920212.BJ,20260227,2.0394,1.09,140.6844,3.5008,146948.5,71372.8768
301310.SZ,20260227,1.9696,0.95,46.9879,2.3586,538843.8202,198263.4554
002225.SZ,20260227,5.6394,1.29,73.9828,1.9209,791760.3374,665362.7851
002644.SZ,20260227,3.1451,0.56,78.2245,2.5367,462144.585,462144.585
301296.SZ,20260227,2.8988,1.61,28.9986,1.3391,368688.4762,254811.8264
002998.SZ,20260227,11.8056,1.4,84.4255,1.9172,315474.7555,239920.8744
603227.SH,20260227,1.8157,0.97,20.7031,1.8734,952734.8005,952734.8005
603368.SH,20260227,1.052,0.67,9.1017,0.9308,714186.0163,714186.0163
002292.SZ,20260227,4.7929,0.49,,4.5974,1357446.3218,934403.5327
000736.SZ,20260227,2.7079,1.59,,3.2337,403433.1365,403433.1365
002480.SZ,20260227,2.2249,1.44,,5.1045,492267.9488,491339.4854
603088.SH,20260227,15.6803,0.9,55.8549,6.2142,680233.306,592878.4714
002995.SZ,20260227,15.325,0.65,,5.1337,456058.0136,288912.2246
300776.SZ,20260227,10.408,1.31,41.2272,7.0244,2639745.4993,1618930.4143
600293.SH,20260227,5.1592,0.71,,2.6097,439694.9724,439694.9724
301049.SZ,20260227,7.9812,1.36,,4.0383,241288.535,109635.479
300228.SZ,20260227,9.0763,1.1,25.0085,2.7744,664934.636,625011.0478
002791.SZ,20260227,4.6526,0.74,118.6759,1.5726,874449.8671,472643.6978
688388.SH,20260227,5.8563,0.87,316.0594,2.7441,1868698.1322,1868698.1322
300554.SZ,20260227,5.59,0.97,,4.7486,303574.3717,210350.7204
605133.SH,20260227,3.7419,0.98,47.0953,2.316,872342.8339,870334.3755
300091.SZ,20260227,2.1778,0.64,,20.7715,861139.6553,495532.8102
601033.SH,20260227,2.5478,1.11,15.2474,1.3071,1399500.0,373200.0
301038.SZ,20260227,2.7145,0.96,71.2436,5.7836,516876.36,516876.36
301239.SZ,20260227,1.1207,0.69,,2.3541,500026.8584,500026.8584
300606.SZ,20260227,13.2315,0.78,,7.3418,495561.9127,421510.0089
301031.SZ,20260227,5.7419,1.11,46.4748,10.21,1436294.7878,1001467.2166
300907.SZ,20260227,3.3761,1.07,44.8591,3.7437,299136.0,299136.0
000868.SZ,20260227,1.3697,0.65,905.7459,5.4187,461301.7349,360064.2532
300702.SZ,20260227,2.4227,1.14,45.3858,2.3393,870290.8747,528122.372
001319.SZ,20260227,4.7831,0.86,31.115,3.1286,419533.8,243294.2225
000715.SZ,20260227,2.4978,0.63,30.9353,1.7881,351282.5043,350345.7107
603535.SH,20260227,1.9508,0.98,26.9674,1.9191,505298.1344,505298.1344
300001.SZ,20260227,5.966,1.42,27.5743,3.9727,3186668.3555,3114267.884
603901.SH,20260227,5.5448,1.75,118.1712,2.6484,752596.2527,700227.29
001366.SZ,20260227,5.4037,0.51,,2.9167,234110.76,81125.76
601608.SH,20260227,3.4599,0.86,96.6398,3.9226,3627006.3221,3627006.3221
000886.SZ,20260227,1.9748,0.63,589.4888,2.1195,641749.5667,634616.1468
601968.SH,20260227,1.3068,0.72,40.7089,1.7259,778225.4706,778225.4706
000801.SZ,20260227,3.3495,0.62,102.0363,6.1823,1759258.1578,1759258.1578
601021.SH,20260227,1.3257,1.37,26.8476,3.0296,5380833.8265,5380833.8265
000665.SZ,20260227,2.8518,0.96,,1.5581,625432.2223,625415.879
688545.SH,20260227,3.3213,0.78,103.4763,7.2761,2151360.0,1089126.0
688295.SH,20260227,2.4789,0.95,,6.1656,2891700.0,2891700.0
688626.SH,20260227,5.1958,1.15,146.6335,5.3185,1077920.0,1077920.0
688775.SH,20260227,2.5938,0.81,90.7841,14.96,8752226.0,715892.8
300900.SZ,20260227,28.7565,2.02,,7.8484,1239957.8731,955832.8816
603798.SH,20260227,4.2353,1.16,80.9601,3.6351,420064.5267,420064.5267
600862.SH,20260227,4.0342,0.89,36.0439,5.0604,3773770.0309,3773770.0309
300159.SZ,20260227,1.6931,1.08,,,1072677.2561,597179.5802
000034.SZ,20260227,11.1732,3.52,55.5437,2.647,2939354.3331,2457193.8366
600721.SH,20260227,2.2716,0.72,70.9344,4.4858,356091.11,356091.11
002608.SZ,20260227,5.3491,1.89,8.7811,0.8915,3113137.6761,3113137.6761
920509.BJ,20260227,3.3125,0.93,85.855,16.0388,593291.3809,309664.5945
600641.SH,20260227,3.5393,0.71,114.2926,2.2138,1804491.4149,1804491.4149
600993.SH,20260227,0.9234,0.58,20.3084,2.6999,1160828.1285,1158816.7941
601139.SH,20260227,2.1423,1.02,14.2326,1.2678,2002212.7292,2002212.7292
300410.SZ,20260227,6.977,1.3,,14.4087,346923.4832,346923.4832
300301.SZ,20260227,2.9688,0.84,,14.5763,239832.0742,228274.3718
300285.SZ,20260227,8.8275,1.32,62.3288,5.4437,3814706.792,3218985.3846
300458.SZ,20260227,2.6221,1.02,134.2993,11.3016,3519622.3568,2881077.2918
605090.SH,20260227,7.827,2.04,24.8624,3.2795,3456184.0169,3449377.8362
688686.SH,20260227,2.8044,0.96,76.492,4.6856,1430154.8235,1430154.8235
002057.SZ,20260227,5.3107,1.31,37.4126,2.7744,885813.3546,885274.2763
002233.SZ,20260227,1.4968,0.92,15.4521,0.9604,1150545.3904,1149772.8597
688332.SH,20260227,3.2242,0.82,53.9775,4.0146,1644115.2606,1644115.2606
301376.SZ,20260227,1.3966,0.79,23.3046,2.2936,763886.1146,367534.1749
300488.SZ,20260227,12.3565,2.11,42.8206,3.8524,628562.0699,523355.0213
301185.SZ,20260227,5.9164,1.22,45.5526,3.0965,331382.016,302119.9841
603888.SH,20260227,7.3411,0.52,55.456,4.2437,1561344.1208,1561344.1208
300802.SZ,20260227,7.3198,0.79,72.9073,4.5428,635198.9782,435386.7626
000401.SZ,20260227,1.6553,0.88,,0.5056,1374298.0742,1360410.11
600191.SH,20260227,4.916,1.5,163.5854,3.7981,643019.832,643019.832
300355.SZ,20260227,12.1769,2.01,118.1479,1.6415,705866.5156,571326.3415
920299.BJ,20260227,31.6616,1.55,100.4197,8.7117,252396.0821,124361.7979
300476.SZ,20260227,8.3544,1.18,72.9947,17.459,26530977.6591,26057320.8966
300416.SZ,20260227,6.2575,1.32,39.6476,3.5705,950984.3972,944618.2403
600250.SH,20260227,3.9916,0.76,140.201,5.6305,357833.3662,357833.3662
605358.SH,20260227,3.3924,0.88,,4.0058,2807028.8927,2807028.8927
603682.SH,20260227,8.4779,0.65,63.1189,4.1836,397372.5,397372.5
605289.SH,20260227,21.3371,0.98,,10.5501,1350602.925,1342301.625
301518.SZ,20260227,6.4704,0.48,66.4363,4.1228,669887.1166,246361.2971
688298.SH,20260227,0.9773,0.72,,0.7819,497347.2,497347.2
603505.SH,20260227,9.3882,2.3,77.4296,10.7549,1876079.7842,1876079.7842
600573.SH,20260227,4.024,0.84,36.5827,2.2254,306250.0,306250.0
300249.SZ,20260227,17.8849,0.67,,23.5341,786271.0693,666563.6732
000059.SZ,20260227,2.2636,0.74,,0.9743,982057.7177,982057.7177
600830.SH,20260227,2.4,1.3,66.4066,2.0135,449325.1968,449325.1968
688061.SH,20260227,1.8913,0.68,,1.7663,420495.1711,164777.2553
600868.SH,20260227,9.4785,1.68,,4.1143,797222.4452,797222.4452
605168.SH,20260227,4.1019,0.88,95.3683,3.066,821132.1605,821132.1605
920971.BJ,20260227,6.7556,1.66,84.9271,6.7913,316630.15,258222.5424
002202.SZ,20260227,14.7758,1.24,45.2997,3.1294,12016678.7007,9571096.5979
600052.SH,20260227,2.2185,0.58,,1.4274,384108.6072,384108.6072
601577.SH,20260227,0.5685,0.88,4.8077,0.5644,3941122.6789,3940269.9525
301035.SZ,20260227,2.176,1.0,23.0945,3.1565,2305410.4675,2301910.9393
600125.SH,20260227,1.8916,0.93,15.7845,1.1027,843367.1306,843367.1306
002535.SZ,20260227,2.373,0.95,121.4001,4.4692,316664.8142,294803.7016
002242.SZ,20260227,2.5873,0.97,53.3537,2.2758,788959.578,787603.6938
603217.SH,20260227,11.8639,3.77,29.0979,1.7547,589512.1708,589512.1708
600308.SH,20260227,1.9309,0.67,,0.697,640119.2143,640119.2143
605188.SH,20260227,6.1201,1.02,1508.8258,7.6376,901231.149,901231.149
920005.BJ,20260227,1.5813,0.71,54.3792,5.0828,328099.0,84989.5
600179.SH,20260227,2.8913,0.83,18.97,1.8464,2111531.9625,1927276.969
920123.BJ,20260227,1.4873,0.58,36.5586,4.1266,167310.0,95449.344
300937.SZ,20260227,2.5269,0.85,,3.9251,326414.719,227338.0149
603960.SH,20260227,11.3745,0.66,154.9375,6.1032,682501.1337,682501.1337
603689.SH,20260227,3.4198,1.71,14.3839,1.2655,448702.3745,444528.6369
603002.SH,20260227,17.2017,1.1,340.7676,3.7994,1308726.5994,1308726.5994
600584.SH,20260227,5.8974,1.23,57.9559,3.06,8617820.5691,8617820.5691
688606.SH,20260227,0.6866,0.9,18.5617,1.4309,547117.1804,547117.1804
688621.SH,20260227,1.2129,0.68,54.9865,6.2928,731360.0,731360.0
600535.SH,20260227,1.7743,1.81,19.5832,1.7455,2164733.5572,2164733.5572
920305.BJ,20260227,18.0002,0.7,,2.5453,120727.026,73963.998
301275.SZ,20260227,9.8878,1.64,46.5772,5.778,2310950.4,184876.032
002779.SZ,20260227,3.9593,1.81,373.2996,23.3115,1764840.0,1583469.5993
002962.SZ,20260227,3.2225,1.19,123.4085,2.5908,458789.5987,329046.4399
603065.SH,20260227,9.284,0.83,107.2441,1.9436,391734.6798,183889.6804
300770.SZ,20260227,2.7017,0.51,14.0174,3.0406,1040311.0065,1040311.0065
600925.SH,20260227,1.1894,1.59,102.3028,2.1343,3286000.0001,766085.1755
688381.SH,20260227,1.5786,0.98,,2.3809,618007.5,618007.5
002564.SZ,20260227,3.1206,1.86,86.3637,33.4324,657920.8294,657920.8294
688159.SH,20260227,5.4249,1.16,52.2073,4.8605,461478.1089,460584.0489
600889.SH,20260227,4.8648,0.86,,17.6406,656858.3959,656858.3959
000593.SZ,20260227,15.4104,1.38,3791.2086,6.4558,564485.2082,564252.508
688183.SH,20260227,7.2799,1.22,56.9212,13.9054,7172793.992,7172793.992
300533.SZ,20260227,5.9732,1.13,16.7396,5.2556,801859.9374,564230.1157
603256.SH,20260227,32.5306,1.43,456.1497,44.2166,7019345.7225,7019345.7225
600316.SH,20260227,2.4272,0.93,803.9848,5.5259,2965985.6216,2965985.6216
300502.SZ,20260227,5.9143,1.36,47.5744,24.6275,35770419.1016,31862692.8842
601888.SH,20260227,3.1352,0.57,49.0352,3.0225,16670866.1766,15733047.9336
002402.SZ,20260227,2.6559,0.84,55.0254,6.4093,3366607.9957,2962382.7885
920089.BJ,20260227,6.1757,2.47,19.5508,2.5371,322278.852,183562.0304
000790.SZ,20260227,1.6305,0.64,,2.7495,256348.6586,255894.6064
603229.SH,20260227,0.9019,0.84,43.6627,3.4382,807048.8249,807048.8249
600818.SH,20260227,1.6191,0.87,,5.6672,316626.1914,234388.5414
002317.SZ,20260227,2.5,0.93,,4.0029,1613168.0453,1445549.8366
000887.SZ,20260227,3.7636,1.4,19.0448,2.0336,2869947.6485,2865327.9254
605577.SH,20260227,3.072,0.51,22.1361,1.5139,601777.7785,601777.7785
603106.SH,20260227,3.266,0.99,59.9782,4.298,562161.6,562161.6
688568.SH,20260227,6.1972,1.56,155.363,14.1624,5476350.7866,5476350.7866
601101.SH,20260227,2.9517,1.14,24.9594,0.9738,1176478.3055,1176478.3055
000795.SZ,20260227,5.2256,1.08,51.2649,4.7724,1240250.4087,1240250.4087
603567.SH,20260227,2.6015,0.66,,1.0355,754679.205,753511.5002
301188.SZ,20260227,6.1455,1.17,98.8227,2.6917,459313.871,459313.871
603939.SH,20260227,1.5307,1.12,17.9353,2.6891,2946112.4604,2946112.4604
300441.SZ,20260227,2.0232,1.0,17.8992,2.1029,519399.1896,504998.6238
301349.SZ,20260227,4.2415,1.06,256.9323,1.7615,480318.0,230304.7064
603331.SH,20260227,21.8812,0.69,51.6379,2.7767,368364.0088,368364.0088
301248.SZ,20260227,16.8779,2.89,7385.7877,6.0111,918233.67,671051.6538
002565.SZ,20260227,11.3742,1.01,306.4433,9.3154,1737321.8432,1737248.0882
603345.SH,20260227,2.8311,1.45,23.0471,2.1135,3196574.1468,2812984.9791
600375.SH,20260227,1.2761,0.69,16.4505,2.8041,937796.7497,855671.1696
601699.SH,20260227,4.4568,1.36,36.9456,0.9525,4454208.2988,4454208.2988
300667.SZ,20260227,5.1163,0.71,,3.5777,405383.9933,341980.969
688787.SH,20260227,9.1293,0.79,776.9115,12.4711,911091.1935,911091.1935
300755.SZ,20260227,4.3572,0.81,,2.1019,613944.0432,613424.7812
600163.SH,20260227,8.8013,1.52,21.3652,1.7528,1217917.5315,1217917.5315
301063.SZ,20260227,13.0936,1.88,51.2153,1.9409,304315.8712,292902.3672
688757.SH,20260227,7.4011,2.02,196.3665,13.7682,1223243.737,106290.7844
688531.SH,20260227,1.453,0.82,74.8245,3.6845,1220261.7365,788216.4927
300318.SZ,20260227,2.0235,0.61,,3.9089,526083.9188,514259.4277
300610.SZ,20260227,5.8262,0.79,40.0098,2.4281,280155.3979,210080.1478
603915.SH,20260227,2.4746,0.82,41.8295,3.1331,1130721.1306,1130721.1306
300510.SZ,20260227,4.5414,1.01,,1.7561,389254.0104,389254.0104
301226.SZ,20260227,34.6488,5.75,159.4024,4.9914,455001.6,455001.6
600337.SH,20260227,8.3418,1.1,,1.5837,398048.4839,398048.4839
920179.BJ,20260227,10.4703,0.75,163.293,5.5503,419007.33,333766.5512
688580.SH,20260227,7.8945,2.02,41.0332,3.3143,560645.12,560645.12
300849.SZ,20260227,3.5074,0.48,,5.4957,323850.0,262249.4617
002633.SZ,20260227,10.2648,2.31,484.4295,6.8203,290250.0,289125.2813
600029.SH,20260227,2.4459,1.18,,3.5914,13300757.1304,9892063.1063
000519.SZ,20260227,6.6888,1.26,,2.7646,2824109.6155,2824109.6155
002379.SZ,20260227,6.1185,2.78,,5.8304,38076927.3862,3320484.1063
920009.BJ,20260227,3.3316,1.3,42.8457,6.7149,422404.14,54907.2
300649.SZ,20260227,2.0922,0.72,,4.0768,203789.1613,163313.7767
920132.BJ,20260227,5.9849,0.85,94.7546,5.6706,145521.768,49310.0311
688418.SH,20260227,10.4374,1.92,,9.4783,827407.2623,827407.2623
605008.SH,20260227,3.1639,1.09,1080.9968,4.136,832645.5516,832645.5516
603777.SH,20260227,2.2847,0.62,,2.715,430403.9016,430403.9016
000596.SZ,20260227,2.0537,0.89,13.543,2.5698,6407160.6,4952640.6
600195.SH,20260227,2.9018,1.03,38.953,1.461,835299.2767,835299.2767
600456.SH,20260227,18.582,2.72,50.982,2.9336,2118943.3855,2118943.3855
300680.SZ,20260227,3.5359,0.9,39.7442,5.6369,1116947.3626,862486.0767
603213.SH,20260227,2.216,0.84,67.337,3.3495,622297.0758,622297.0758
301567.SZ,20260227,12.9059,1.07,131.2152,5.1793,387288.0,114249.1532
000895.SZ,20260227,0.6839,1.01,17.703,4.5017,9105129.6678,9103949.5749
603882.SH,20260227,1.7494,0.82,,2.2468,1442586.2684,1432859.0728
000590.SZ,20260227,2.876,0.72,,5.0076,292154.9457,292033.1409
301380.SZ,20260227,4.5037,1.06,66.7597,5.3397,388637.1957,309471.1075
600219.SH,20260227,4.3245,1.18,15.9036,1.6765,8130460.7038,8130460.7038
000731.SZ,20260227,13.0806,5.32,57.6851,1.1081,433023.6351,433023.6351
688046.SH,20260227,0.7871,0.57,48.525,3.1428,700690.0,700690.0
000818.SZ,20260227,10.5527,0.95,,6.8123,1573440.093,1569176.0706
603155.SH,20260227,30.9636,1.39,68.7525,2.9811,647362.94,647362.94
301327.SZ,20260227,2.2141,0.96,44.9011,1.612,999553.9326,437256.1966
002080.SZ,20260227,12.388,1.02,48.1846,4.3313,8496339.7058,8496339.7058
300715.SZ,20260227,4.1921,1.23,,2.6866,499411.223,441423.8752
603968.SH,20260227,15.0926,0.51,,1.8139,327576.96,327576.96
688081.SH,20260227,3.4957,0.73,,11.2503,445338.88,445338.88
600876.SH,20260227,2.5523,0.65,,2.0875,714116.5091,437616.5091
300990.SZ,20260227,9.5463,0.84,60.4779,7.9328,1596450.2649,721794.0166
603633.SH,20260227,3.903,1.53,241.2856,2.0051,388824.6552,388824.6552
001323.SZ,20260227,1.4873,0.66,16.5434,2.6671,1177763.6281,842548.4416
000404.SZ,20260227,1.9775,1.08,11.157,1.1916,506685.0727,504299.8484
002052.SZ,20260227,2.4381,0.71,29.6883,28.1676,937539.8587,858976.3951
000656.SZ,20260227,0.9279,0.5,,,1531307.755,1095861.5649
002931.SZ,20260227,11.5932,0.59,723.7411,18.9847,1803984.3471,1661549.1272
600391.SH,20260227,13.7624,1.26,385.6217,9.8356,1726576.5894,1726576.5894
300065.SZ,20260227,30.9813,1.23,554.5722,11.9295,2097514.3381,1909582.9132
600698.SH,20260227,1.7548,0.99,2147.1144,11.635,896587.0571,696749.0107
002836.SZ,20260227,3.5185,0.79,60.3992,9.1144,344217.6,344217.6
300673.SZ,20260227,1.5639,0.76,30.4666,2.3281,429570.2701,278672.8679
603009.SH,20260227,5.1614,0.93,179.9074,9.2416,1858381.3575,1815564.1241
600662.SH,20260227,2.4185,0.85,11.955,2.621,1322121.8201,1318076.7738
002562.SZ,20260227,8.1387,0.58,81.2476,2.4224,891401.0953,547192.4507
300459.SZ,20260227,2.6818,0.61,,8.257,1729778.982,1617299.1794
002180.SZ,20260227,1.1529,0.87,,3.1975,3068414.7158,2945876.7386
300833.SZ,20260227,1.6142,0.49,30.2932,2.224,537964.0965,345579.5139
600218.SH,20260227,4.3937,1.14,53.3808,1.4885,483080.3102,483080.3102
601106.SH,20260227,3.176,1.02,,6.6968,3531758.2074,3531758.2074
002598.SZ,20260227,2.5647,0.92,100.9008,2.6095,320160.3708,288761.309
688197.SH,20260227,1.2626,0.62,,8.09,550261.5691,236818.0634
688478.SH,20260227,3.4125,0.89,,3.5281,533124.5679,398436.6725
600785.SH,20260227,9.5866,0.67,35.4557,2.0786,473374.4254,473374.4254
603123.SH,20260227,20.2113,1.84,,6.0167,1099860.3877,898183.9818
600633.SH,20260227,10.6644,1.22,31.813,1.7825,1818418.7928,1818418.7928
003038.SZ,20260227,10.2682,1.57,115.6212,1.5006,450349.7737,305840.1414
301301.SZ,20260227,3.1674,1.39,27.048,3.1935,2531146.475,701182.9752
688292.SH,20260227,8.3167,0.54,,4.6551,472196.0262,472196.0262
603912.SH,20260227,22.4341,2.16,,3.0748,538591.8585,538591.8585
688276.SH,20260227,1.2555,1.08,,2.1138,812009.8649,812009.8649
002901.SZ,20260227,2.1714,1.1,37.5969,6.1025,2036147.9305,1418726.9254
002544.SZ,20260227,3.4317,1.31,2064.6803,5.8011,2167500.4397,2167293.9115
603330.SH,20260227,3.8379,0.64,,2.2707,346571.5928,346571.5928
601375.SH,20260227,1.4125,0.88,43.5641,1.4397,2056797.9221,1527251.2271
301575.SZ,20260227,3.3387,1.09,34.2126,3.1911,438116.85,83564.574
688082.SH,20260227,8.3884,2.38,59.2462,6.14,8270358.3257,7516205.8474
920015.BJ,20260227,3.2731,0.8,34.2188,4.1956,686645.1684,191180.0103
002462.SZ,20260227,1.6218,0.68,64.3169,1.0339,456813.3499,456442.6762
920895.BJ,20260227,3.4661,1.18,,5.7771,111974.044,56927.7989
601137.SH,20260227,4.0653,1.52,16.7709,1.8618,1906295.8043,1904884.1243
603898.SH,20260227,3.5948,0.86,226.4656,1.5045,473555.8393,473555.8393
600666.SH,20260227,9.9399,1.28,75.8307,9.8632,1114336.1946,979999.9387
603909.SH,20260227,2.0876,1.2,28.5201,2.7672,310983.056,310983.056
601066.SH,20260227,1.0028,0.91,18.4729,2.2965,18499717.0908,15492175.4185
603061.SH,20260227,4.6984,0.78,103.6205,10.6727,1642740.0,1145163.1986
605086.SH,20260227,4.0358,1.11,62.1143,5.425,693504.0,693504.0
688223.SH,20260227,6.1901,0.95,,2.7607,7543923.8228,7543923.8228
601399.SH,20260227,3.2854,0.72,79.3889,2.5691,3801543.954,3801543.954
002820.SZ,20260227,3.4004,0.76,,2.7495,245260.1882,245260.1882
920167.BJ,20260227,14.5335,0.89,,3.6699,228635.067,135826.0013
002198.SZ,20260227,3.5364,0.85,94.1009,5.2468,372004.7186,371983.3883
601866.SH,20260227,4.6969,0.75,22.6486,1.2504,3840517.8436,2837827.2916
688599.SH,20260227,3.739,1.03,,2.1147,4471961.7126,4471961.7126
600714.SH,20260227,14.2519,1.96,91.3513,6.8491,517564.5863,517564.5863
603665.SH,20260227,3.0612,0.57,,7.2941,519260.9367,516220.5197
002937.SZ,20260227,4.0864,0.48,49.7695,5.0451,769460.1582,767328.3065
300358.SZ,20260227,2.8181,0.81,,1.5285,816635.7264,800885.0248
600369.SH,20260227,0.9064,0.75,32.8608,1.1745,3030169.7605,3030169.7605
301015.SZ,20260227,2.5087,0.73,23.7267,5.2501,1250459.6792,1250295.5282
300450.SZ,20260227,3.111,0.81,106.1703,5.3946,9172541.4583,8545590.7092
600359.SH,20260227,8.5466,1.21,3227.8144,4.499,301013.615,301013.615
601949.SH,20260227,4.2208,0.66,24.188,1.4272,1376568.903,1376568.903
603899.SH,20260227,1.6022,1.17,18.9831,2.8128,2510565.2477,2510565.2477
000862.SZ,20260227,15.2658,2.54,47.1887,1.4087,631552.8308,432041.3565
300048.SZ,20260227,4.8183,1.25,116.6987,4.6681,857505.9913,855748.9663
002976.SZ,20260227,5.9859,0.67,3206.245,2.9109,431437.3799,192129.8269
300030.SZ,20260227,2.6217,0.73,,4.1269,260335.7192,229214.3341
300387.SZ,20260227,14.4066,1.18,35.3393,1.9602,290791.3601,290690.3849
603687.SH,20260227,4.4985,0.84,55.2611,1.9408,632536.6436,632536.6436
002722.SZ,20260227,2.8939,0.68,25.7489,1.2782,365357.2124,365332.5674
301297.SZ,20260227,3.4899,0.85,123.8858,5.7642,2976466.33,1365856.9898
301607.SZ,20260227,3.3475,0.78,51.4777,6.7319,767155.0895,552069.082
300543.SZ,20260227,2.1601,0.82,98.0282,2.4026,352327.0341,287728.6292
920992.BJ,20260227,1.5827,0.57,84.9499,2.5968,162314.5073,81413.1755
002309.SZ,20260227,5.8924,0.94,,5.7379,1067721.2117,824553.9102
688309.SH,20260227,10.0985,1.45,94.4219,4.3929,339281.6224,339281.6224
002800.SZ,20260227,17.2256,1.46,,6.8459,343482.9192,316023.1872
000755.SZ,20260227,2.3458,1.13,16.6643,1.4527,790880.1956,790880.1956
002996.SZ,20260227,4.5828,0.9,38.1706,1.731,556302.0107,337193.0792
688486.SH,20260227,4.0336,1.26,60.089,6.8409,1033022.8801,1032960.2685
600012.SH,20260227,2.4435,0.97,12.5939,1.9493,2424491.8905,1653986.4
002405.SZ,20260227,3.8299,0.99,,3.1471,2588748.5049,2572589.5311
600105.SH,20260227,15.1441,1.15,131.3661,13.4741,4377212.4372,4377212.4372
601999.SH,20260227,3.8831,0.71,30.9907,1.5825,419246.0867,419246.0867
603969.SH,20260227,2.4536,0.81,26.9751,3.4484,919930.112,905406.4132
002216.SZ,20260227,8.0917,2.74,20.6336,2.4779,1121838.8452,804396.7864
600547.SH,20260227,3.4136,1.07,45.0436,7.3648,21809576.5828,17099931.4747
001382.SZ,20260227,5.558,1.25,72.0952,5.5155,877560.0,132060.0
002522.SZ,20260227,3.6769,0.77,74.7883,2.5039,577887.2489,577402.6828
300861.SZ,20260227,6.3732,1.05,612.0922,2.0194,1277840.5169,802387.0189
600561.SH,20260227,2.0253,0.74,,2.2554,204254.3424,204254.3424
300368.SZ,20260227,3.6911,0.67,,37.0206,689742.2914,689742.2914
000553.SZ,20260227,2.3825,0.72,,0.7866,1451472.7302,1356315.8317
601600.SH,20260227,3.5354,1.14,16.5106,3.3013,23536620.6606,18073857.0146
300631.SZ,20260227,14.3237,2.19,49.3246,3.058,400764.1739,386173.4339
603199.SH,20260227,4.2282,0.99,20.9288,2.754,446040.4,446040.4
301522.SZ,20260227,9.7526,1.87,139.32,8.3534,1580433.3348,1196020.8348
688189.SH,20260227,2.5245,0.95,,2.6933,233240.0,233240.0
002429.SZ,20260227,6.5621,0.78,39.3402,2.9497,4839299.5089,4836511.9962
000869.SZ,20260227,1.4846,1.62,50.3987,1.3136,1354571.9038,937969.952
001367.SZ,20260227,2.669,1.1,29.0018,2.5011,359091.7784,93567.4813
603166.SH,20260227,5.5483,1.51,37.0135,4.1402,1058221.417,1050132.952
600156.SH,20260227,2.1143,0.57,,8.1858,323297.0044,323297.0044
002549.SZ,20260227,4.6924,0.76,245.6867,7.1418,1476918.9417,1470571.6332
002373.SZ,20260227,2.3394,0.68,,1.6145,1842499.4587,1606274.7509
603860.SH,20260227,3.5419,1.33,50.4582,2.7679,221244.24,221244.24
002034.SZ,20260227,2.6578,1.52,12.7476,1.115,764683.806,760888.8315
300814.SZ,20260227,22.6608,1.24,548.7812,11.6107,1908558.416,1908558.416
001280.SZ,20260227,13.4902,1.15,116.4504,12.11,19869022.7255,1518744.2972
000065.SZ,20260227,7.1867,1.74,19.2318,1.3413,1493614.6165,1253801.5024
920249.BJ,20260227,2.7299,0.95,,7.9118,576789.84,170547.98
300824.SZ,20260227,2.812,0.8,32.7958,4.8446,362565.6087,351626.2861
000766.SZ,20260227,1.2001,0.73,386.9204,9.6641,2223904.3208,2222783.674
000591.SZ,20260227,6.769,1.57,21.587,0.9493,2287949.9734,2287424.7942
002993.SZ,20260227,4.3101,1.67,25.5761,2.7958,1337413.8,1155275.3904
603259.SH,20260227,1.1492,0.69,19.5051,4.1219,29243803.8762,24240619.691
000541.SZ,20260227,1.592,1.08,29.2296,1.4649,982898.0672,787541.2518
688152.SH,20260227,2.4116,0.82,328.6636,3.2289,409059.1681,409059.1681
600222.SH,20260227,4.1235,0.7,89.2211,2.643,418936.9866,418936.9866
601318.SH,20260227,0.6528,0.79,8.1437,1.1787,114241113.3465,67254350.6086
300531.SZ,20260227,2.7803,1.04,,4.0752,572483.7946,550516.8299
300696.SZ,20260227,4.8774,0.83,237.9396,5.0855,962421.2432,872905.8424
600479.SH,20260227,3.0796,0.62,19.426,1.8453,559150.5782,475424.0849
688218.SH,20260227,1.6851,0.81,652.2558,2.9974,266853.8813,266853.8813
920122.BJ,20260227,1.8444,0.75,140.4737,8.9174,302554.1142,122590.4526
603309.SH,20260227,4.556,1.63,18.0516,2.3497,441017.7126,441017.7126
002381.SZ,20260227,2.2199,0.76,43.3321,1.3805,293043.3786,228122.3678
600983.SH,20260227,6.5947,1.27,20.1696,3.3863,938887.775,938887.775
688759.SH,20260227,4.7872,1.18,,10.6332,1814547.801,187334.7074
600064.SH,20260227,1.4171,0.9,6.6305,0.7829,1541732.6228,1541732.6228
002355.SZ,20260227,7.2154,0.5,,3.9789,486654.168,450025.3212
920950.BJ,20260227,1.0946,0.74,32.1582,4.2024,134102.28,65332.0629
002609.SZ,20260227,2.6365,0.59,106.4328,2.6545,638291.3303,455724.9895
000950.SZ,20260227,1.9,0.81,27.2984,0.8893,1023085.34,1023085.34
688333.SH,20260227,5.362,1.31,146.3605,6.3409,3127272.7836,3127272.7836
688062.SH,20260227,1.7201,0.76,,18.3393,1395802.8,713165.81
688003.SH,20260227,2.7425,0.72,120.1358,7.9174,1479944.928,1479944.928
605199.SH,20260227,3.0475,0.86,,4.1271,284477.3227,284477.3227
302132.SZ,20260227,2.9694,0.7,97.5991,10.6642,21259158.9875,4662768.934
002023.SZ,20260227,2.7878,0.9,72.1255,2.1124,923111.8528,923111.8528
603659.SH,20260227,3.3457,1.12,36.7541,3.0749,6071646.174,6071646.174
300499.SZ,20260227,33.2087,1.7,7625.3776,8.604,1191079.8967,1059016.9877
688026.SH,20260227,1.5124,0.73,33.1251,2.3732,262762.0538,262678.1471
301181.SZ,20260227,8.5752,2.77,41.9756,3.6115,517392.4771,403831.5166
920679.BJ,20260227,1.4122,0.7,59.032,2.2804,114883.45,76468.975
300943.SZ,20260227,22.8515,1.46,146.9073,8.1657,808553.94,532927.9185
688179.SH,20260227,7.1276,0.73,59.8983,6.248,619646.7963,619646.7963
300858.SZ,20260227,1.4306,0.77,47.6373,2.5927,473500.727,351745.0531
002605.SZ,20260227,2.3365,0.52,20.7057,2.8409,1045798.9729,844468.8518
300887.SZ,20260227,5.2648,0.51,,2.2249,638512.5392,423770.7474
600076.SH,20260227,2.9916,0.46,,1.4076,536472.8034,536472.8034
300277.SZ,20260227,10.5455,0.71,4297.9724,3.3214,3811227.7744,1928420.7858
002204.SZ,20260227,3.6591,0.86,24.6079,1.8825,1458184.3742,1458184.3742
300366.SZ,20260227,1.5862,0.91,,2.495,408898.749,357028.1758
601390.SH,20260227,5.9481,0.78,6.2693,0.4962,15552319.8153,12901664.1153
603225.SH,20260227,3.996,1.3,27.2873,1.818,3339232.1163,3320235.3
300551.SZ,20260227,5.8565,0.88,,16.1209,705630.3909,703576.1804
000890.SZ,20260227,58.3284,2.12,,,321340.0395,321330.1412
920433.BJ,20260227,1.1092,0.55,,3.6268,153039.9692,101251.2048
003015.SZ,20260227,3.0671,0.78,56.3052,4.5495,495801.6006,436416.5847
301082.SZ,20260227,5.4135,1.04,,4.3021,445150.1453,411558.3821
603307.SH,20260227,5.1406,1.43,23.0642,1.9895,278298.776,273896.0
920729.BJ,20260227,2.8305,0.9,62.4061,3.7501,253122.1,71139.988
688028.SH,20260227,15.5316,1.76,183.1307,8.7833,1722780.937,1722780.937
002319.SZ,20260227,3.8761,0.99,,17.5609,319026.6327,304600.0
603032.SH,20260227,2.379,0.89,,3.903,443677.892,440159.776
600549.SH,20260227,8.9032,1.17,48.1909,6.4757,11136914.5694,10900832.8397
600917.SH,20260227,1.0596,1.23,34.7341,1.571,896036.8222,896036.8222
000683.SZ,20260227,2.5544,1.03,32.5905,2.3968,3482671.1717,3138024.2656
600874.SH,20260227,3.1325,1.34,12.1815,1.003,1012919.6648,793619.6648
688372.SH,20260227,11.6629,2.02,78.3157,7.4188,2103894.9939,2103894.9939
300825.SZ,20260227,1.5622,0.94,,2.439,514475.8169,500395.7366
600067.SH,20260227,2.8772,0.98,,1.0663,599809.2265,599809.2265
002039.SZ,20260227,4.8797,2.92,17.3054,1.7756,771314.8593,771312.6945
002111.SZ,20260227,1.9472,0.71,82.3677,2.0205,596915.6587,539963.5502
600229.SH,20260227,3.0657,1.06,,1.3652,432102.8907,432102.8907
920351.BJ,20260227,4.0411,1.0,100.6122,4.4061,192797.6114,86867.0946
688099.SH,20260227,2.5753,0.45,45.924,5.4478,4001073.3235,4001073.3235
300352.SZ,20260227,8.3,1.5,,8.5071,1048222.8149,922989.6677
600248.SH,20260227,1.4709,0.81,12.287,0.471,1361263.6441,1348889.1001
605066.SH,20260227,5.3474,0.7,36.3213,2.4965,445694.3604,443648.4494
301502.SZ,20260227,5.1741,1.01,83.7709,3.3302,276854.975,114396.95
003018.SZ,20260227,23.208,0.64,58.2238,4.3357,690820.0,260330.0037
301601.SZ,20260227,1.2913,0.83,95.9992,3.1545,400368.0,240768.0
603556.SH,20260227,2.8685,1.06,19.9596,2.5518,1881842.3379,1881842.3379
002727.SZ,20260227,2.4048,0.94,88.0745,1.086,794664.7976,539152.9716
002959.SZ,20260227,0.6839,0.64,19.4957,2.4183,689229.4561,665939.0078
688435.SH,20260227,6.8235,0.81,,4.3436,477286.0,320371.2254
001270.SZ,20260227,6.4837,0.8,315.7357,19.4623,2866027.6984,2829661.3957
002159.SZ,20260227,12.3319,1.12,28.1082,2.3981,350702.0209,273898.7296
688127.SH,20260227,5.5043,1.63,56.1724,9.9655,2181294.2398,2181294.2398
603192.SH,20260227,9.5529,0.97,31.003,2.4251,386564.2952,380161.4355
603893.SH,20260227,2.7141,1.11,74.0761,18.419,7575990.1245,7573866.4785
688257.SH,20260227,7.912,1.47,76.9851,7.0526,1626772.8083,1626772.8083
300340.SZ,20260227,2.9172,0.94,,,345770.9673,343196.1428
000880.SZ,20260227,11.148,1.03,77.0818,8.5173,1752420.9175,857707.2504
605286.SH,20260227,5.7104,3.05,30.9475,3.1958,678552.0,678552.0
603291.SH,20260227,3.836,0.56,56.7462,2.6054,461733.679,141767.897
000779.SZ,20260227,12.682,0.87,24.2473,1.2736,503410.2965,503351.0456
301024.SZ,20260227,8.0591,1.37,,6.66,266293.98,257813.28
300063.SZ,20260227,11.6264,0.79,81.3993,5.9751,1039182.1955,858379.5869
002864.SZ,20260227,6.7423,0.76,32.3502,2.315,389838.5613,272131.5903
300055.SZ,20260227,2.8485,0.71,136.8366,1.4689,758931.8926,573994.355
603983.SH,20260227,3.0094,0.86,35.0207,3.7671,1214228.0,1214228.0
688517.SH,20260227,5.0545,1.18,31.1517,3.0864,253007.6168,253007.6168
300494.SZ,20260227,5.1337,0.75,,4.6191,665131.6631,540159.9802
300010.SZ,20260227,6.5721,1.3,131.841,8.7275,1556159.3322,1252489.4342
688286.SH,20260227,3.0807,0.61,93.7325,4.3218,463053.7167,463053.7167
002003.SZ,20260227,0.6768,0.6,18.624,2.6761,1229311.9012,1056852.2975
603230.SH,20260227,3.232,0.67,18.0865,1.5795,441550.227,441550.227
301289.SZ,20260227,3.8638,0.79,54.5126,4.8143,475800.0,472755.49
000920.SZ,20260227,2.2473,0.96,26.0108,3.2137,629058.7081,629028.7606
300019.SZ,20260227,6.3609,0.73,32.3206,3.3506,908492.6937,780050.0777
300024.SZ,20260227,1.9854,0.77,,6.378,2739834.9125,2694872.082
920061.BJ,20260227,5.8464,0.91,472.4467,7.9008,220652.43,114594.6348
300772.SZ,20260227,2.0599,0.86,35.1537,2.392,1579990.1916,1401226.3732
600392.SH,20260227,11.2881,1.09,65.2407,4.4515,5884238.7955,5884238.7955
600475.SH,20260227,12.7112,2.42,37.4606,2.4715,2125111.8156,2096034.9756
688543.SH,20260227,5.2172,0.96,75.867,6.3571,1460014.6177,810690.5377
000898.SZ,20260227,3.8439,0.98,,0.5531,2529689.7397,2148483.4667
600546.SH,20260227,3.2913,1.0,18.9573,1.4272,2337315.7891,2337315.7891
301231.SZ,20260227,13.8461,0.41,,3.819,321142.0,205086.6463
301551.SZ,20260227,3.752,0.62,48.2548,5.8021,1397234.93,539856.144
600961.SH,20260227,9.2928,1.56,24.0734,6.9827,2558801.3967,1793072.5692
603596.SH,20260227,6.3786,1.54,25.3097,4.5742,3346734.3582,3346734.3582
301137.SZ,20260227,17.0859,1.7,197.489,7.1477,979974.226,979974.226
605122.SH,20260227,3.4077,0.77,,1.218,244397.972,244397.972
301012.SZ,20260227,6.5064,0.89,113.834,5.0193,585365.6015,585365.6015
600828.SH,20260227,14.7625,0.59,,1.557,1094612.9691,1094219.6344
600165.SH,20260227,2.4219,0.87,,,628578.7885,285103.4083
000682.SZ,20260227,2.2612,0.66,24.9129,3.4314,1887743.6259,1887504.1701
920110.BJ,20260227,0.9581,0.65,32.1766,3.981,147576.0,61448.376
688565.SH,20260227,4.0173,1.42,68.2748,4.5037,221600.4,221600.4
002721.SZ,20260227,2.4655,0.91,,4.3933,901529.3505,901529.3505
603583.SH,20260227,2.3246,0.69,38.5292,3.0058,1421180.1982,1408197.7822
600108.SH,20260227,12.5647,3.07,81.4444,1.7915,772925.303,772925.303
600583.SH,20260227,3.8952,0.47,15.7677,1.1812,3187796.8108,3187796.8108
603308.SH,20260227,12.6965,2.12,134.4684,9.6849,4753255.087,4753255.087
688135.SH,20260227,7.4117,1.02,,6.7302,735890.3438,735890.3438
300626.SZ,20260227,7.2945,1.37,,6.7394,356580.0,356384.921
688583.SH,20260227,11.6993,1.13,117.3962,12.2845,1402908.0,488850.6245
600523.SH,20260227,4.9423,1.73,36.2297,2.0664,646898.112,646471.392
603895.SH,20260227,3.511,0.99,,18.4355,357204.4,357204.4
603998.SH,20260227,1.6943,0.73,18.4189,3.3871,544021.805,544021.805
001206.SZ,20260227,2.9654,0.66,19.8631,2.3972,438753.0064,252286.589
000792.SZ,20260227,4.0413,1.21,33.5519,4.9231,20213807.1066,20213689.4697
601865.SH,20260227,4.2207,1.69,114.8206,1.8438,4001639.438,3246951.098
603558.SH,20260227,1.3647,0.78,11.195,1.7297,414592.0393,414592.0393
301377.SZ,20260227,7.9132,1.13,240.6964,32.5333,8111030.0,1405067.792
688316.SH,20260227,21.1867,1.08,,104.3126,398129.2482,398129.2482
603126.SH,20260227,4.0538,1.0,,2.3955,488400.0,488400.0
920090.BJ,20260227,13.037,1.16,,28.7022,130762.8062,88787.8944
601878.SH,20260227,0.9818,1.04,19.0712,1.3469,4880241.0138,4880241.0138
688375.SH,20260227,4.239,1.1,144.4102,11.3358,7329195.2253,7329195.2253
920158.BJ,20260227,6.1539,1.64,46.2651,4.304,232975.72,62319.7796
688255.SH,20260227,6.3446,1.49,137.3954,3.4302,362534.271,362534.271
300717.SZ,20260227,3.5255,0.78,40.3989,3.222,230216.0,228151.616
603196.SH,20260227,2.4635,0.69,,5.6813,1127106.5885,637972.4551
600490.SH,20260227,6.8792,0.97,89.622,3.591,2279273.6914,2052400.0276
300302.SZ,20260227,6.9636,1.17,,8.6235,925458.3939,712179.6312
002694.SZ,20260227,3.3758,0.63,,24.0882,253344.1536,238635.1924
603130.SH,20260227,3.0297,0.65,77.2054,4.7254,645629.169,645629.169
688057.SH,20260227,1.5328,0.84,35.5459,1.1751,370668.0,370668.0
600310.SH,20260227,6.2564,2.0,,2.0142,612667.0818,612667.0818
603587.SH,20260227,1.0522,0.49,23.602,1.7055,614898.3447,614898.3447
300187.SZ,20260227,23.5264,4.7,33.8827,3.5579,384145.1882,382068.1336
300774.SZ,20260227,18.1494,1.8,135.393,7.6165,1148217.1209,547419.1869
000933.SZ,20260227,2.1047,0.98,17.1391,3.0459,7298019.2748,7293171.1636
600396.SH,20260227,7.0428,2.16,77.5225,3.6627,494829.4905,494829.4905
920008.BJ,20260227,1.9643,0.82,79.7374,6.2346,195330.0,102946.4811
300411.SZ,20260227,1.5509,0.81,756.947,4.9816,482945.7683,367229.214
000419.SZ,20260227,2.6382,0.86,27.287,1.0025,350610.8125,350610.8125
300470.SZ,20260227,2.4067,1.09,20.6875,3.0907,827063.828,784700.6172
002654.SZ,20260227,4.5351,0.57,225.6352,8.2477,1290776.9847,1290685.3647
688573.SH,20260227,3.3113,1.14,,3.6216,230016.075,125217.7774
603706.SH,20260227,1.8524,1.11,18.9039,2.4374,404521.4771,404521.4771
600513.SH,20260227,6.4998,1.77,,4.4774,597745.4294,597745.4294
300672.SZ,20260227,7.0849,1.29,1013.2676,8.6013,3499691.5262,3390643.0953
920273.BJ,20260227,5.2152,1.63,44.8998,4.5818,297751.177,198183.5998
301186.SZ,20260227,3.0071,0.94,31.7923,2.6321,414266.5517,389064.3396
688721.SH,20260227,4.5066,1.02,113.9646,5.4442,660825.0,264748.473
920579.BJ,20260227,1.5526,0.69,529.1321,5.9282,308421.36,106176.2684
300409.SZ,20260227,5.7055,1.14,55.2082,2.9231,2347529.108,2063156.4156
000930.SZ,20260227,2.4588,0.6,132.7004,1.1787,1256811.5021,1256747.6502
002346.SZ,20260227,4.2403,1.24,17.232,3.4228,987362.6302,879474.7626
600351.SH,20260227,1.5735,1.01,21.0224,1.7983,468484.0311,468484.0311
300723.SZ,20260227,2.9686,0.76,,8.5523,1497361.5193,1384566.7349
002178.SZ,20260227,2.8522,0.91,,10.8765,474293.8987,474047.5832
003035.SZ,20260227,19.9469,1.54,235.6541,4.4836,3113636.3629,3113636.3629
600803.SH,20260227,1.6719,1.74,14.2558,2.7246,6312305.8332,6263250.7556
605055.SH,20260227,5.1777,1.18,,4.3569,454960.0,454960.0
603338.SH,20260227,2.0575,1.01,17.0266,2.7008,3001630.2267,3001630.2267
605111.SH,20260227,8.5341,1.15,45.318,4.6454,1979890.3469,1979890.3469
301029.SZ,20260227,3.3355,0.84,38.4715,4.4638,1898802.9197,1382871.0224
688611.SH,20260227,1.6237,0.95,221.4864,10.4984,912668.12,912668.12
003022.SZ,20260227,2.643,1.21,98.2763,3.8427,2835410.864,2832998.7645
603257.SH,20260227,25.0858,4.61,48.0102,3.2618,797160.0,165410.7
000558.SZ,20260227,2.2332,0.57,,6.2572,656214.99,655940.4655
300334.SZ,20260227,6.218,1.47,100.6795,4.0237,244370.873,244342.0766
688518.SH,20260227,4.0856,1.25,58.0845,3.2445,1038993.5892,1038993.5892
301016.SZ,20260227,4.7764,1.01,86.5951,5.707,570024.0,540661.9124
600661.SH,20260227,3.284,1.22,,23.2135,312338.2247,312338.2247
920159.BJ,20260227,9.332,0.58,22.1972,2.9922,319808.0,60595.2
603466.SH,20260227,35.5736,0.77,205.7105,3.3569,707200.5766,707200.5766
300294.SZ,20260227,0.7514,0.58,34.2843,1.4626,1121953.4421,1121953.4421
002595.SZ,20260227,1.2346,0.87,32.3985,6.7794,7720000.0,7667546.0837
688285.SH,20260227,2.3338,0.89,69.9765,2.1307,360109.4467,360109.4467
600973.SH,20260227,5.4416,1.09,,2.9115,1040866.9822,1040866.9822
600645.SH,20260227,2.3728,0.91,171.6634,3.4575,1283115.8564,1282625.7924
600180.SH,20260227,3.4534,0.89,256.6337,0.5232,411831.8089,411831.8089
689009.SH,20260227,0.892,0.72,19.3102,5.3433,3672133.9774,2828297.5505
002469.SZ,20260227,2.3496,0.97,21.7123,2.2362,586571.8175,568520.9995
600999.SH,20260227,1.2475,0.77,11.737,1.1935,14436234.498,12320528.7515
603179.SH,20260227,2.2595,0.75,47.2144,6.0259,4313759.8472,4313759.8472
002414.SZ,20260227,11.0795,2.3,786.0809,9.5915,6645265.384,5288240.9426
002021.SZ,20260227,12.6303,1.79,,7.2445,450694.9508,450680.0849
002755.SZ,20260227,2.2739,1.05,55.5252,4.4456,1424726.1388,1424712.6692
300278.SZ,20260227,1.8759,0.74,682.0017,4.7112,815812.5151,813249.8689
688069.SH,20260227,2.6054,1.15,56.8592,2.3732,297416.0,297416.0
688695.SH,20260227,3.5424,1.23,,3.1362,244352.609,147296.3944
688601.SH,20260227,5.6326,0.79,130.6488,5.6975,707100.6903,707100.6903
603315.SH,20260227,23.1682,2.07,119.7403,3.3387,567048.2873,567048.2873
688299.SH,20260227,5.2357,1.34,,3.1005,602375.5058,602375.5058
300975.SZ,20260227,8.6055,0.85,68.5339,4.7745,1087529.8711,778952.0165
300941.SZ,20260227,3.8563,0.77,113.001,3.778,481776.75,250095.8969
920896.BJ,20260227,3.2923,1.2,33.2978,4.6286,206295.0011,90288.872
600426.SH,20260227,1.6351,1.3,25.3918,2.5474,8195500.5153,8181102.2907
002942.SZ,20260227,6.0199,0.5,40.8749,2.8812,354265.0749,311875.5865
002040.SZ,20260227,8.3191,0.87,31.3176,1.5715,530886.3197,528850.0842
688185.SH,20260227,9.6546,3.0,638.1564,3.5907,1778715.3672,823484.8872
300006.SZ,20260227,2.2283,0.53,,2.9173,536402.8921,536357.0162
300694.SZ,20260227,3.1817,0.78,91.4673,2.0555,286749.9667,286749.9667
002822.SZ,20260227,1.0572,1.2,,4.9828,688682.5966,377918.3999
688165.SH,20260227,2.7357,0.8,,7.2471,1086867.74,1086867.74
600791.SH,20260227,10.0834,0.77,,9.3665,369550.08,369087.9759
301446.SZ,20260227,15.1344,4.59,54.3005,4.0252,475072.0,145134.496
920045.BJ,20260227,6.9017,0.71,85.4079,25.7716,2577869.5228,762229.7505
000544.SZ,20260227,4.6818,2.07,8.2425,0.9636,874291.9857,874291.9857
000681.SZ,20260227,10.2005,0.55,163.223,5.0316,1824303.6433,1760990.0056
600210.SH,20260227,1.8211,1.07,9.4269,1.7628,1175470.5225,1175470.5225
920363.BJ,20260227,2.0623,0.83,,5.1346,180400.5,96559.2873
600137.SH,20260227,7.4926,1.11,78.6869,3.9823,216114.6981,216114.6981
300250.SZ,20260227,11.3252,1.22,,10.8234,562802.3782,414318.4718
600909.SH,20260227,2.2168,0.95,14.2305,1.2919,2994186.896,2994186.896
688610.SH,20260227,7.9562,0.95,91.8169,3.8813,588472.0,354230.4435
603017.SH,20260227,21.6756,2.96,90.0793,2.5722,366780.7091,366780.7091
300194.SZ,20260227,1.4249,0.98,36.7223,1.1918,530611.7224,431881.5203
300350.SZ,20260227,2.6102,1.11,,3.8749,358001.8217,300387.1706
002602.SZ,20260227,2.651,1.4,36.0175,4.6841,13569426.1548,12512970.7073
002631.SZ,20260227,8.2531,2.4,,2.2601,494315.3862,492014.8582
301091.SZ,20260227,3.5836,1.35,153.6072,5.813,1376200.8,1376200.8
600058.SH,20260227,4.5759,0.97,143.6748,2.972,1484596.3347,1484596.3347
002015.SZ,20260227,14.7813,1.44,35.6246,1.863,2298627.6534,2298627.6534
688200.SH,20260227,2.3268,0.73,74.3467,9.8074,4002296.1343,4002296.1343
301261.SZ,20260227,5.9553,0.91,148.6926,4.9941,768863.4346,327904.0921
002643.SZ,20260227,4.4911,0.96,64.4713,2.2925,1650251.0943,1625820.4792
001211.SZ,20260227,3.7053,0.83,91.1243,2.3942,206928.0,192548.1566
002466.SZ,20260227,4.4314,0.97,,2.1553,9657346.6038,8353135.7324
603005.SH,20260227,10.2723,0.95,64.9987,4.9027,2223253.3458,2223253.3458
002956.SZ,20260227,1.1028,0.86,38.8413,3.9029,609463.9961,609402.3417
600975.SH,20260227,1.6223,1.14,286.2933,2.364,713556.8535,713556.8535
000710.SZ,20260227,3.6586,1.15,,2.7131,439427.181,409605.6943
300147.SZ,20260227,1.8679,0.79,,9.4136,652021.1384,648194.7761
603380.SH,20260227,2.77,1.36,28.3927,4.1069,628448.1804,628448.1804
002753.SZ,20260227,3.0498,0.73,43.7072,1.2849,341654.9282,193519.7661
002655.SZ,20260227,16.3665,1.12,74.1029,8.2332,619559.2324,619389.8728
600585.SH,20260227,1.848,0.8,15.3883,0.7115,13545017.3919,10223239.7919
300451.SZ,20260227,2.7643,1.05,,1.9465,838076.4584,825941.3296
301358.SZ,20260227,3.7924,0.67,68.1445,4.1518,5098139.0334,5092345.4158
605369.SH,20260227,1.3086,0.84,40.7543,2.4271,416511.1807,416511.1807
002364.SZ,20260227,7.8663,0.63,203.1184,8.0792,1954443.2813,1935503.8397
300747.SZ,20260227,7.8329,1.31,130.8073,5.4511,1795435.2,1628147.8335
601065.SH,20260227,2.9863,0.95,19.1455,1.2972,573999.0385,371716.6785
002501.SZ,20260227,2.7982,0.76,,28.5447,752600.0,751851.4717
300540.SZ,20260227,4.8455,1.16,82.2726,5.1136,564485.8515,508342.1946
603856.SH,20260227,4.5719,1.48,22.2938,1.4405,389519.4189,389519.4189
301090.SZ,20260227,2.2356,0.91,,1.8093,1135267.7594,1134083.7887
002152.SZ,20260227,2.2604,1.02,40.2137,2.7766,3414651.4848,3412933.8554
002369.SZ,20260227,1.9223,0.83,,15.3274,475109.3626,474488.5111
688109.SH,20260227,2.1619,0.49,163.1704,13.6793,1088812.163,1088812.163
600679.SH,20260227,1.7858,0.74,,3.1043,664214.2973,443021.8973
603260.SH,20260227,3.5174,0.83,,1.8946,6064721.6073,6064721.6073
603979.SH,20260227,1.3209,0.83,21.535,4.629,4831865.6126,4831865.6126
300603.SZ,20260227,7.5016,0.91,,3.6756,515926.0364,415063.6364
600885.SH,20260227,1.8009,0.99,26.3659,3.9914,4828494.2566,4828494.2566
600071.SH,20260227,1.9688,0.86,96.7177,12.0592,607636.4525,607636.4525
601599.SH,20260227,5.1015,0.44,41.6166,3.301,501354.3397,501354.3397
603043.SH,20260227,2.2979,1.05,20.3962,2.5841,1010136.9497,1001585.5097
301227.SZ,20260227,3.7868,0.58,,2.0735,340068.1155,121181.6172
603188.SH,20260227,7.5823,0.78,,4.3396,332979.28,332979.28
300032.SZ,20260227,4.0463,1.17,,6.6279,457806.6766,457806.6766
688755.SH,20260227,1.0778,0.44,50.2836,2.9626,360096.0,72019.2
603978.SH,20260227,5.1006,0.78,,3.5977,544201.1028,544201.1028
002272.SZ,20260227,45.7125,2.27,,6.3258,944056.1031,752501.5751
601668.SH,20260227,1.5245,0.9,4.6624,0.4319,20825476.7838,20825476.7838
002297.SZ,20260227,13.7679,0.97,,3.8514,810370.2141,810370.2141
601163.SH,20260227,1.4695,0.84,13.7812,0.906,1242400.0,1242400.0
688031.SH,20260227,9.0118,0.76,,31.7126,2735248.9833,2735248.9833
000417.SZ,20260227,2.8682,0.49,39.885,1.3061,614548.7496,613873.6314
688143.SH,20260227,12.8829,1.18,325.9586,5.6202,757488.6774,719806.3737
003032.SZ,20260227,1.4789,0.73,,2.241,280908.355,192801.4797
600020.SH,20260227,1.9831,1.07,9.1348,0.7827,930411.9384,930411.9384
300782.SZ,20260227,3.5654,1.71,,4.2823,4289709.5048,3594496.8629
000636.SZ,20260227,22.8715,1.45,100.1593,2.4074,3008234.3486,3008234.3486
000826.SZ,20260227,38.4915,5.81,,95.5673,400524.2627,400473.6015
920392.BJ,20260227,2.6158,0.94,94.4861,5.7027,194475.16,92867.0248
688290.SH,20260227,1.7842,0.55,356.7704,4.5909,578087.2121,578087.2121
688288.SH,20260227,2.9998,0.47,43.4642,3.821,295847.8187,295847.8187
605599.SH,20260227,2.2794,0.67,23.7625,4.6324,1928888.944,1928888.944
603082.SH,20260227,7.9084,1.05,39.4039,4.1016,653776.9983,163444.307
688758.SH,20260227,1.7055,0.62,67.6043,6.3463,837509.2729,599647.3644
920943.BJ,20260227,3.6936,1.4,33.6969,3.7711,249336.5044,127240.0378
688331.SH,20260227,1.8572,0.67,,23.6522,5569699.3248,1609239.7361
920019.BJ,20260227,7.5088,0.68,78.9057,5.402,496439.6787,395551.7074
300569.SZ,20260227,5.4095,1.89,,1.2935,668857.0586,666825.4122
603385.SH,20260227,2.1531,0.93,46.011,0.7443,279408.0865,279408.0865
002936.SZ,20260227,1.56,0.79,9.184,0.3836,1754773.6321,1356654.2996
300430.SZ,20260227,4.9236,1.32,91.7297,2.6593,608348.2615,578955.1777
301062.SZ,20260227,3.9605,0.99,,2.9796,428818.9695,309116.4058
300463.SZ,20260227,1.2404,0.73,,1.1298,714715.9496,581307.7891
601177.SH,20260227,2.0399,0.74,26.7823,2.4847,693557.5,680102.0
600671.SH,20260227,5.8974,0.69,78.3201,38.9882,259632.5828,259508.1764
603985.SH,20260227,8.2556,0.97,,2.4681,794866.9794,794866.9794
000403.SZ,20260227,1.65,1.0,23.9565,1.6708,1341010.7116,1327341.9963
300620.SZ,20260227,10.8938,0.63,325.9682,19.8553,4122941.2976,4088643.756
601880.SH,20260227,3.0056,1.02,27.2103,1.0097,4077915.7278,3185457.86
920670.BJ,20260227,12.5402,1.05,262.7295,8.6148,215019.36,134963.0525
300836.SZ,20260227,3.0924,1.09,97.879,10.2903,586699.9113,400118.2682
300348.SZ,20260227,2.6237,1.0,3612.4774,5.48,1159784.626,1014105.1135
002210.SZ,20260227,3.1293,0.83,938.3541,9.1317,870223.1171,868595.9324
300381.SZ,20260227,1.5814,0.93,531.3088,1.3335,345216.2071,344006.5641
002748.SZ,20260227,7.2576,0.87,73.9351,2.3209,318720.0,318720.0
300918.SZ,20260227,2.5435,0.82,46.1447,2.2421,847269.0308,847269.0308
002395.SZ,20260227,3.739,0.62,9.3549,3.5597,535076.955,535032.0296
300843.SZ,20260227,16.8496,1.27,80.5431,5.9992,950143.0249,911751.6311
300684.SZ,20260227,7.0327,0.81,53.9171,8.2632,1730863.7997,1180667.2219
603667.SH,20260227,8.9927,0.49,319.7976,9.8233,2929988.3628,2929988.3628
688779.SH,20260227,3.5664,0.8,,3.3239,2228248.3423,2228248.3423
300267.SZ,20260227,25.7405,2.73,,2.0305,907546.1428,625852.432
300553.SZ,20260227,3.4205,1.15,130.2347,5.7012,485165.4452,368196.1941
601933.SH,20260227,2.482,0.81,,10.4502,3856890.722,3856890.722
920942.BJ,20260227,3.3411,1.75,86.6208,3.709,184962.5336,124791.0776
601658.SH,20260227,1.0853,0.76,6.8431,0.5975,59687241.5855,33359830.4144
002819.SZ,20260227,3.3696,1.18,,2.1814,876958.7627,688077.0526
688718.SH,20260227,4.1687,1.82,59.769,3.4544,275574.461,275574.461
603306.SH,20260227,4.3032,0.6,114.1838,9.3414,2897902.4828,2897902.4828
002424.SZ,20260227,4.9804,1.76,3147.2746,2.1415,698799.2,606607.256
603328.SH,20260227,7.6426,0.95,27.9149,3.0251,1305962.9352,1305962.9352
603989.SH,20260227,4.5204,1.06,34.5978,2.031,765258.5513,765258.5513
603194.SH,20260227,1.0717,1.09,17.7987,3.0107,1557885.0,613934.557
600884.SH,20260227,7.2825,0.69,,1.5472,3394364.0103,2769180.6067
000639.SZ,20260227,2.7325,0.72,,1.0853,315193.0037,315192.6174
300152.SZ,20260227,5.6514,0.78,,7.5063,176774.4,176729.3694
600302.SH,20260227,3.9865,0.81,,7.7431,459501.0197,459501.0197
300448.SZ,20260227,36.3234,4.16,,6.0586,743492.2698,510533.7725
002383.SZ,20260227,3.8092,1.15,,4.9774,842530.0271,842530.0271
603681.SH,20260227,5.7942,1.28,28.5654,1.623,422400.1155,422400.1155
300426.SZ,20260227,2.4901,0.41,,25.908,381474.2401,338800.0
688045.SH,20260227,4.5359,0.9,8321.3757,2.499,345627.3662,345627.3662
920946.BJ,20260227,1.448,0.85,35.4317,3.6843,466194.8273,466051.5023
300787.SZ,20260227,3.7388,0.94,36.6176,2.7591,415925.6175,253402.4072
002296.SZ,20260227,9.7292,1.31,19.4739,2.4538,589435.1755,525639.5668
300406.SZ,20260227,1.1847,0.73,17.8319,2.0767,769823.2286,557258.6085
300625.SZ,20260227,2.0846,0.95,,1.8256,362850.969,210401.311
688448.SH,20260227,5.6115,1.43,476.8639,4.6945,476129.5335,318775.9335
688595.SH,20260227,4.1408,0.95,,7.6802,552452.9147,552452.9147
600618.SH,20260227,8.4416,0.7,23.1843,2.0292,1839832.3618,1192995.4018
688778.SH,20260227,4.185,1.58,55.744,4.5783,4208114.2501,4208114.2501
605169.SH,20260227,2.6414,1.06,38.2627,1.9713,384999.68,384999.68
688366.SH,20260227,0.3364,0.69,27.5926,1.919,1060122.2138,892250.4293
000670.SZ,20260227,4.4546,0.7,,119.6615,728153.1698,708445.781
301608.SZ,20260227,3.0087,0.95,38.0099,3.9784,841400.45,377605.7533
000800.SZ,20260227,0.9444,0.81,54.0551,1.2912,3410447.7157,3410156.4533
002672.SZ,20260227,4.1835,1.64,,1.786,543785.8546,445318.2046
300628.SZ,20260227,1.4578,0.77,18.7318,5.488,4760374.6733,2727169.8784
603324.SH,20260227,2.6407,0.93,67.531,2.3754,399325.5843,399325.5843
002975.SZ,20260227,10.4532,1.16,103.4147,5.8624,1307588.2511,863491.6999
301456.SZ,20260227,2.9148,1.03,69.8462,2.144,471954.7643,189788.7133
605378.SH,20260227,2.5358,0.96,63.233,4.582,572609.9624,572609.9624
920304.BJ,20260227,2.945,0.65,38.5179,4.1844,220549.392,185441.0295
603090.SH,20260227,6.4996,0.52,119.0839,12.8141,785600.0,785600.0
600217.SH,20260227,2.7985,1.47,,2.2812,701187.5037,701187.5037
002490.SZ,20260227,16.2448,1.02,,14.1016,702106.592,476715.36
300383.SZ,20260227,15.3357,1.07,191.3182,2.4616,3136799.518,3129751.9586
688047.SH,20260227,4.349,1.03,,24.9047,6365073.0,6365073.0
605003.SH,20260227,3.8752,0.82,59.2332,2.6848,386100.0,386100.0
300970.SZ,20260227,5.6025,0.97,779.6056,1.9502,300760.1223,233368.9244
601339.SH,20260227,2.8696,1.01,19.563,1.167,1070692.266,1070692.266
002019.SZ,20260227,8.7202,2.64,39.8323,1.8374,1622664.3734,1122526.4227
301633.SZ,20260227,1.6098,1.05,48.3134,4.2164,385194.24,176482.6214
600439.SH,20260227,1.6965,0.76,,1.2202,321483.865,321483.865
002304.SZ,20260227,0.8108,0.72,38.7224,1.6503,8014287.7937,8014098.6677
300771.SZ,20260227,4.2043,0.99,50.3975,1.9112,376800.0,284482.6467
688639.SH,20260227,2.3415,0.85,47.5529,3.3197,890411.8671,890411.8671
920478.BJ,20260227,1.7924,0.88,28.7425,2.8121,144666.5906,86827.2413
002559.SZ,20260227,3.0257,0.93,77.84,3.3099,585499.7506,536835.8908
600421.SH,20260227,2.7265,0.89,,250.6747,154524.0,154524.0
002897.SZ,20260227,25.706,1.5,82.272,4.8538,1332929.785,1254173.3394
300150.SZ,20260227,2.9705,1.0,81.6194,2.2325,351648.7379,276594.1624
603101.SH,20260227,2.1881,0.86,49.466,3.0867,437942.4,437942.4
002095.SZ,20260227,15.8452,3.26,,5.6213,497858.4,495865.5776
301237.SZ,20260227,1.8056,0.95,,3.9626,518400.0,426789.0
600879.SH,20260227,8.5898,1.11,435.7115,4.1014,8512192.2817,8512192.2817
300461.SZ,20260227,6.7285,0.48,,15.7407,837112.1684,765938.3598
603836.SH,20260227,2.4955,0.8,89.5161,1.7153,303748.1508,303748.1508
300316.SZ,20260227,7.3907,1.09,161.8748,4.1832,7299341.3845,6864689.9835
600808.SH,20260227,5.6992,1.72,,1.3316,3203483.3734,2482584.4934
605288.SH,20260227,2.7815,0.96,202.901,4.0525,899455.4237,893421.553
301449.SZ,20260227,6.0189,1.06,43.2674,4.5898,522391.3099,111445.2206
688391.SH,20260227,2.082,1.09,58.1815,2.0859,387701.131,387701.131
002051.SZ,20260227,3.4883,1.03,35.7489,0.9437,1098819.1361,1098755.8927
301369.SZ,20260227,2.5917,0.98,475.5315,6.2412,930889.4996,479633.2196
688363.SH,20260227,1.1886,0.58,353.0009,3.2313,2281228.1541,2281228.1541
600877.SH,20260227,3.9571,0.98,1183.4663,9.4013,2323124.7233,2323124.7233
300841.SZ,20260227,1.3906,0.85,49.1962,2.5514,894684.3996,818828.0584
002801.SZ,20260227,2.8844,0.93,29.0084,4.4057,810141.696,408551.9256
920806.BJ,20260227,2.2543,1.23,42.3526,2.7172,405693.7638,405693.7638
300839.SZ,20260227,7.001,1.21,,5.2946,398790.7534,391659.6051
002731.SZ,20260227,14.9333,0.91,8.3626,1.2243,229003.464,205312.8216
300883.SZ,20260227,3.0395,0.91,,1.7353,246698.0,235770.972
002102.SZ,20260227,1.533,0.76,,2.6444,876371.8837,769204.9128
002812.SZ,20260227,5.2507,0.76,,2.416,6082889.3084,5094573.8359
000017.SZ,20260227,2.1607,0.71,131.4835,14.1782,530672.3984,339432.9023
600965.SH,20260227,4.0006,0.89,65.2408,2.2956,499407.5826,499407.5826
301577.SZ,20260227,4.3013,1.01,98.3813,3.6818,280758.9325,117474.6014
301565.SZ,20260227,3.6657,1.06,155.6028,4.1823,1007225.18,322329.18
688559.SH,20260227,6.0593,1.43,,6.3426,1498446.6981,1498446.6981
600780.SH,20260227,4.594,1.28,12.268,0.9201,754398.6601,754398.6601
603344.SH,20260227,3.1229,1.17,30.9797,2.8598,600906.1972,166901.6972
601166.SH,20260227,0.5752,1.18,5.0019,0.4851,38749189.3268,38749189.3268
600629.SH,20260227,4.2118,0.62,67.6294,3.7976,2014423.0561,1978670.9958
600343.SH,20260227,28.6417,2.06,,17.6467,2393273.805,2393273.805
920436.BJ,20260227,1.6183,0.82,,4.1436,158436.252,149031.8892
001296.SZ,20260227,5.7255,1.03,30.1148,2.4477,428428.8703,220102.2349
301052.SZ,20260227,19.8167,1.01,131.3634,5.7724,415926.1018,337063.4476
002294.SZ,20260227,1.8928,1.76,81.4032,6.2409,5474864.0034,5473632.3295
000014.SZ,20260227,4.8243,0.52,,2.1036,334749.9278,334749.9278
002055.SZ,20260227,2.9241,1.07,,2.797,399567.9012,392627.4012
603586.SH,20260227,2.8765,1.52,23.2352,1.5895,365638.4347,365638.4347
002054.SZ,20260227,24.7874,1.1,62.2152,2.1927,555879.1162,443185.1464
600136.SH,20260227,3.3456,1.75,,16.218,385716.101,367243.9144
002987.SZ,20260227,3.7113,1.4,51.0172,5.7717,1681137.7746,1634794.7159
603602.SH,20260227,3.0237,0.57,122.3808,3.2043,345893.0685,345893.0685
001359.SZ,20260227,5.4825,0.79,59.0946,7.6186,1504987.1776,376280.94
688148.SH,20260227,2.1747,0.78,,15.887,460176.0938,460176.0938
001207.SZ,20260227,3.7276,1.17,19.8469,2.6224,600645.787,547199.6811
002106.SZ,20260227,3.0475,0.95,29.7141,1.5868,884387.6485,882238.4377
300895.SZ,20260227,17.8931,1.08,,10.562,826499.8566,811071.131
600998.SH,20260227,1.084,0.74,9.5723,1.0075,2667466.7538,2667466.7538
600158.SH,20260227,9.5388,1.88,545.507,3.8961,1012286.2857,1012286.2857
300155.SZ,20260227,4.1293,0.85,,2.4978,305869.1205,180246.0929
002226.SZ,20260227,2.0508,0.83,20.4526,1.6068,1647630.0158,1647596.7469
301005.SZ,20260227,21.316,1.45,1741.6592,30.6889,2360308.5734,2327074.9019
002566.SZ,20260227,1.8839,0.89,69.5538,1.2604,280646.9568,196558.3169
301111.SZ,20260227,6.6203,0.94,,4.8607,363680.0,363680.0
000906.SZ,20260227,1.4327,0.86,22.5647,0.9341,444249.1501,438976.0923
002550.SZ,20260227,0.9985,0.84,23.2029,3.6242,996964.2,733226.1002
600834.SH,20260227,1.8075,1.37,117.8124,2.4626,420096.0764,420096.0764
920665.BJ,20260227,4.3222,1.24,52.5592,2.3644,170806.86,84190.1718
688676.SH,20260227,4.8677,0.64,70.1225,8.8469,4627729.6237,4627729.6237
300613.SZ,20260227,4.074,1.16,69.9062,3.9114,1076627.9937,1015488.7233
601022.SH,20260227,4.0861,0.57,18.9456,2.1455,1291621.1007,1291621.1007
600883.SH,20260227,5.4607,0.68,58.0076,2.1278,208701.792,208701.792
001390.SZ,20260227,2.9061,1.01,27.7431,2.9635,470400.0,117600.0
600368.SH,20260227,2.9673,1.91,10.184,0.9095,651909.8125,651909.8125
003023.SZ,20260227,3.7306,0.77,31.1223,1.6456,254715.9888,254136.9117
920476.BJ,20260227,1.9818,0.77,49.5499,4.6476,208690.51,197349.3204
300165.SZ,20260227,3.6386,1.4,,2.3785,303748.6874,257787.7582
002868.SZ,20260227,6.1636,2.42,,,667511.0199,661608.7493
002527.SZ,20260227,2.9003,1.01,,8.5733,1072833.1688,856375.5707
002133.SZ,20260227,3.072,0.84,,1.017,294948.9307,293320.5466
920395.BJ,20260227,0.9862,1.09,43.4045,7.4591,178525.2737,120819.9611
001338.SZ,20260227,2.4845,1.02,19.4281,1.7359,646229.3142,646229.3142
002457.SZ,20260227,9.5125,0.7,23.8748,1.9904,490892.5696,490649.4673
000510.SZ,20260227,12.0966,0.98,,10.7238,1323677.4651,1238202.8915
601231.SH,20260227,13.124,1.57,61.3956,5.1662,11379307.4865,11379307.4865
600207.SH,20260227,10.286,1.17,,2.5734,615461.593,615461.593
600226.SH,20260227,3.3712,0.75,92.167,4.8645,1757859.3034,1757859.3034
688161.SH,20260227,3.4119,2.82,45.5662,3.0147,1216000.0,1216000.0
301381.SZ,20260227,2.8083,1.08,39.1736,3.3621,894870.2876,433548.4676
000069.SZ,20260227,1.9858,1.13,,0.4572,2097854.8518,1800535.0648
601360.SH,20260227,4.4761,0.7,,2.957,8679451.77,8679451.77
600109.SH,20260227,0.9051,0.77,13.6579,0.9703,3382998.1628,3382998.1628
001203.SZ,20260227,8.6871,1.04,91.4936,9.3222,6224306.5661,5340184.5556
000955.SZ,20260227,2.9639,0.88,,4.8747,316037.865,315871.4358
600527.SH,20260227,2.8388,0.61,145.7005,1.9709,406963.812,406963.812
002719.SZ,20260227,3.6094,0.75,,8.781,168741.1338,156843.4011
688772.SH,20260227,2.4673,0.93,38.5677,2.9701,2118319.4522,2118319.4522
301209.SZ,20260227,2.0823,0.56,181.4996,14.2104,1084720.0,926689.855
000008.SZ,20260227,2.27,0.83,,2.7894,817629.6826,817605.3826
603131.SH,20260227,5.4813,1.0,,5.34,854059.8027,854059.8027
920570.BJ,20260227,2.9799,1.48,179.0951,5.0618,176647.9397,85705.8018
000975.SZ,20260227,2.5589,1.15,29.6089,5.9638,8602285.577,7829985.7022
002037.SZ,20260227,1.3572,0.48,,2.3636,443721.23,443721.23
600289.SH,20260227,3.5625,2.58,,4.0932,457512.75,410293.9459
300395.SZ,20260227,15.3929,1.3,169.7363,15.4153,7015099.3837,6872207.8335
601607.SH,20260227,0.735,0.91,11.2983,0.8466,6378382.3115,4797436.9086
002458.SZ,20260227,2.3445,1.39,47.3498,2.6473,1113051.3925,753361.9223
600882.SH,20260227,1.8165,1.01,55.5403,2.4575,1135889.4719,1135889.4719
001283.SZ,20260227,2.343,1.02,35.9295,1.9652,678613.4249,541453.0484
000718.SZ,20260227,2.0547,0.65,,0.7772,719208.823,540856.0699
002141.SZ,20260227,21.2786,5.43,,5.3522,445195.3289,439176.4471
920174.BJ,20260227,1.6292,0.93,49.7936,3.1789,991255.3519,397593.4686
600500.SH,20260227,2.5077,0.83,,1.4794,1679429.0415,1679327.3498
300542.SZ,20260227,3.0508,1.53,,10.2806,556515.6517,461644.9579
000423.SZ,20260227,1.0774,0.76,20.8556,3.5196,3501301.9921,3496089.3281
300015.SZ,20260227,0.9287,0.52,30.7078,4.5573,9884920.4702,8432679.3984
300699.SZ,20260227,5.3923,1.65,56.1215,5.9381,3375289.12,3335058.7789
600460.SH,20260227,3.6523,0.69,99.1871,4.4858,5356647.2691,5356647.2691
002389.SZ,20260227,2.8025,0.78,269.8445,2.9745,2376602.3587,2376221.1167
688625.SH,20260227,3.5086,0.78,49.0877,9.3901,1375119.5842,1375119.5842
000650.SZ,20260227,2.1595,1.44,18.9228,1.3268,842762.8169,801494.2721
605058.SH,20260227,7.253,1.34,31.9604,2.7122,472935.3506,472935.3506
300809.SZ,20260227,2.9226,1.15,205.2059,5.9055,969280.3616,575627.2138
002279.SZ,20260227,14.5718,1.98,186.5134,5.8,812198.8725,743923.1628
002957.SZ,20260227,8.7226,0.51,53.6562,3.7096,1188130.3963,1184442.5006
301067.SZ,20260227,4.923,1.29,2544.2027,4.086,338867.46,222443.7165
000917.SZ,20260227,6.8583,0.57,99.8739,1.6001,1668463.8098,1668349.6703
600604.SH,20260227,1.6302,0.7,,1.6662,1035937.5566,778322.5066
688267.SH,20260227,3.4029,1.7,25.2474,1.8874,534767.0,534767.0
301150.SZ,20260227,7.5172,1.04,473.3144,3.0541,1087334.4232,1037692.594
600685.SH,20260227,8.7227,0.87,62.5699,2.9617,5287927.3601,3072989.0121
600099.SH,20260227,2.627,0.97,120.2293,4.6542,249139.44,249139.44
920819.BJ,20260227,1.7861,0.71,,1.0253,492771.6,487073.25
600979.SH,20260227,25.9828,4.78,44.0777,1.3942,647230.0379,632149.2723
002787.SZ,20260227,10.3569,2.13,48.9,2.5587,477626.6536,357475.6625
000768.SZ,20260227,4.1068,1.02,79.9803,3.9323,8574282.5859,8560352.5221
688586.SH,20260227,3.7271,0.61,405.9141,5.1285,1265351.3104,1265351.3104
600436.SH,20260227,0.5197,0.66,40.7021,6.8051,9848550.136,9848550.136
601788.SH,20260227,1.2636,1.09,20.5749,1.1909,7672350.6313,6500746.8681
688795.SH,20260227,8.7876,1.3,,24.8319,28591816.4401,1787330.5404
300509.SZ,20260227,3.683,0.8,45.5011,7.1851,443710.8,369913.9739
600707.SH,20260227,3.3932,1.41,64.0098,1.1466,2497519.2535,2497018.1335
920087.BJ,20260227,10.2796,1.05,230.6312,5.2751,289430.4,287408.811
600153.SH,20260227,0.9925,0.95,13.827,0.5108,2815451.933,2815451.933
603839.SH,20260227,5.0099,1.32,,1.7585,318619.2555,318619.2555
002698.SZ,20260227,2.1296,1.36,33.6625,4.1869,1661662.4521,1365875.5971
300671.SZ,20260227,8.9073,1.16,,6.0484,1004430.369,1001512.2296
000678.SZ,20260227,3.054,0.89,,7.8565,626450.8793,626450.8793
002321.SZ,20260227,1.8834,0.67,,5.4177,503362.0568,501314.0518
002872.SZ,20260227,0.9626,0.56,,0.864,169494.0,114551.3654
688696.SH,20260227,2.275,1.21,27.7457,2.3067,666240.3,666240.3
301190.SZ,20260227,9.4509,2.85,81.3817,2.9077,568572.0885,422128.746
002156.SZ,20260227,10.401,1.08,80.0863,5.1995,7893021.5393,7892269.0066
920190.BJ,20260227,3.0554,1.35,114.2633,3.0801,264200.0026,262728.5407
000062.SZ,20260227,4.9913,2.21,85.9709,3.9691,2646150.5847,2643670.37
300556.SZ,20260227,3.793,0.68,,5.6344,249936.8114,220011.3984
600189.SH,20260227,2.8966,0.72,660.6636,5.023,620791.7008,620791.7008
688136.SH,20260227,1.0882,0.58,49.0939,3.5967,616450.9568,616450.9568
601121.SH,20260227,6.7293,0.72,96.4529,2.1581,807461.2711,334780.0
600995.SH,20260227,5.5389,1.41,31.5047,2.1282,4771636.6669,4771636.6669
300233.SZ,20260227,1.4453,1.0,75.8771,1.6069,586560.3689,567964.1903
688579.SH,20260227,3.2201,0.77,80.397,3.759,518412.96,518412.96
300701.SZ,20260227,3.1761,0.95,58.7492,3.8542,375189.5029,330584.6591
300847.SZ,20260227,6.5088,0.89,48.6384,3.8201,559162.89,559162.89
002153.SZ,20260227,4.4738,0.91,,4.6468,3234094.7016,1895720.1077
002410.SZ,20260227,2.8527,1.01,66.2579,3.8784,2307766.2458,2218549.2674
002929.SZ,20260227,10.1275,0.87,,2.2132,1398825.1056,1036801.0985
688325.SH,20260227,4.5775,1.02,124.4035,5.844,1004897.749,933280.0
002237.SZ,20260227,8.9057,1.55,42.6445,2.0742,2702644.0711,2253552.8551
300113.SZ,20260227,19.9501,1.83,53.3732,7.6792,1939960.5407,1471283.0578
601808.SH,20260227,4.9637,0.77,20.6316,1.7509,8049675.704,4994309.516
603488.SH,20260227,2.7007,1.02,,3.2103,289654.5165,289654.5165
603006.SH,20260227,3.2737,0.67,48.6833,2.761,360024.018,360024.018
600797.SH,20260227,13.4773,2.22,667.3256,3.2962,1150829.5344,1150829.5344
300041.SZ,20260227,3.3903,0.85,46.8758,2.5071,725027.3375,705136.914
300134.SZ,20260227,2.5785,1.0,,2.47,940952.5554,873424.4754
301138.SZ,20260227,5.6908,0.88,42.0085,4.4468,495840.0,283290.4985
603323.SH,20260227,1.2069,0.78,4.9895,0.5372,1019363.4257,1019363.4257
300528.SZ,20260227,10.7556,0.38,,13.5736,717270.504,717270.504
000691.SZ,20260227,3.1906,0.97,,,429625.83,286417.22
002551.SZ,20260227,1.699,0.78,,1.2591,326360.9071,235918.0747
301361.SZ,20260227,14.2675,1.25,46.7907,3.8534,462319.264,120984.456
000096.SZ,20260227,3.2121,0.58,95.3099,2.0709,578688.0,559889.408
300698.SZ,20260227,4.164,0.72,132.7272,11.0255,567624.0,502160.6145
688602.SH,20260227,2.5746,0.72,,1.638,457050.0,228444.6217
600712.SH,20260227,1.3514,0.55,,4.4898,357838.5715,353891.9797
300167.SZ,20260227,6.6892,1.65,178.8373,84.0043,241411.88,222513.815
600773.SH,20260227,3.4533,0.98,279.3907,2.9064,1372188.2593,1372188.2593
920790.BJ,20260227,4.3822,0.84,339.2135,8.4173,262960.1766,180982.0301
605398.SH,20260227,9.9801,1.04,812.2946,5.2785,543635.4222,543635.4222
603855.SH,20260227,2.0476,0.92,16.0164,3.3713,705397.99,701262.925
002824.SZ,20260227,11.437,1.05,55.397,3.0623,693306.4511,421439.5301
603278.SH,20260227,4.634,0.76,,2.1462,430616.8339,430616.8339
300246.SZ,20260227,4.7782,0.83,,3.0972,354538.8522,283122.5526
300314.SZ,20260227,4.996,1.49,63.42,3.4647,422208.0,210724.9628
688569.SH,20260227,8.2171,3.08,27.0356,1.5711,463045.4066,463045.4066
603325.SH,20260227,1.8623,1.0,14.4212,2.4445,648352.416,277020.6528
600805.SH,20260227,2.1618,0.74,62.2335,1.1266,483308.0726,482956.409
688246.SH,20260227,4.5107,0.94,,2.4255,335158.5167,335158.5167
603766.SH,20260227,1.2664,0.69,17.9746,3.396,3234328.4138,3234328.4138
603408.SH,20260227,2.5733,1.3,13.9995,1.8144,607356.561,607356.561
000004.SZ,20260227,15.2915,1.13,,24.722,91342.3946,87138.5599
601628.SH,20260227,0.9133,0.82,7.386,2.0307,125721407.84,92623061.44
301042.SZ,20260227,3.2678,1.41,535.4415,5.7227,601575.0224,569627.6954
002350.SZ,20260227,5.4172,0.82,100.7946,4.0479,668152.2244,653639.4123
600505.SH,20260227,24.1786,2.44,357.2973,4.5996,561069.3825,561069.3825
688172.SH,20260227,2.5961,0.95,,3.3361,6231552.9934,3398287.7495
688449.SH,20260227,3.2006,0.93,162.7684,12.1425,2312880.0,1474230.3908
300750.SZ,20260227,0.9051,0.94,24.4738,4.9654,156088539.1965,145581089.1243
920056.BJ,20260227,2.7575,0.67,39.4753,4.0602,217708.3805,82198.9429
688466.SH,20260227,4.9689,1.57,37.3978,2.0254,230871.3473,230871.3473
603815.SH,20260227,2.9739,0.78,26.0836,1.7999,435103.7372,435103.7372
300443.SZ,20260227,3.4491,1.1,27.9269,1.4651,918146.0271,696275.9611
603938.SH,20260227,10.8565,1.03,135.5313,4.2213,1048773.7463,1048773.7463
688208.SH,20260227,2.5507,0.89,26.2976,6.6875,2458903.045,2458903.045
300422.SZ,20260227,3.9633,1.43,,2.5391,281354.965,269535.146
300127.SZ,20260227,14.3418,1.11,70.2347,8.4613,1254131.0232,895797.4393
002653.SZ,20260227,0.7622,1.02,169.1095,12.3594,5224417.3301,2254306.0071
600169.SH,20260227,2.521,1.95,40.601,1.6756,853511.3084,849951.0825
002692.SZ,20260227,2.3286,0.89,60.7388,3.4114,414370.242,414118.0786
000688.SZ,20260227,7.2071,0.97,155.0183,10.8403,4430968.1527,4430952.0003
688066.SH,20260227,7.8012,0.99,,15.9432,668348.5382,668348.5382
688628.SH,20260227,2.5138,0.51,31.2532,3.7617,476465.2276,476465.2276
603696.SH,20260227,10.4752,1.22,109.6475,7.6036,441235.2,441235.2
300429.SZ,20260227,5.8368,0.89,,5.0001,861304.9098,640206.1671
301556.SZ,20260227,5.1617,0.77,64.7124,9.2401,894075.52,309068.32
688818.SH,20260227,37.739,1.08,352.8007,23.378,12187994.9361,926358.6508
000425.SZ,20260227,1.0291,0.78,21.6784,2.4064,14403802.912,11045307.3367
600325.SH,20260227,2.2649,0.71,,0.6249,1186177.562,1186177.562
605376.SH,20260227,6.9335,0.83,189.0208,17.6695,2910561.6,2910561.6
600996.SH,20260227,2.7065,0.92,,4.6062,1077235.0739,1077235.0739
600132.SH,20260227,1.5529,1.09,21.8021,19.4887,2683620.2929,2683620.2929
002096.SZ,20260227,1.3177,0.86,21.3813,2.2734,1781272.9457,1781269.9172
600845.SH,20260227,4.0675,0.88,48.4414,6.3132,6941543.1432,5160142.942
000153.SZ,20260227,2.5684,1.15,27.6403,1.4971,314592.0984,310653.9725
002086.SZ,20260227,3.4174,1.1,,3.4717,460352.4275,371602.2187
300020.SZ,20260227,2.8243,1.3,,1.4428,386213.4954,372586.8378
605567.SH,20260227,2.7591,0.75,58.964,2.1415,233800.0,233800.0
000506.SZ,20260227,6.7173,1.02,420.8031,29.4521,1885906.0548,1885275.1308
603527.SH,20260227,3.0945,1.07,27.0214,1.7774,366735.6784,366735.6784
688655.SH,20260227,8.3323,1.83,,4.3639,293057.83,293057.83
600988.SH,20260227,5.1254,1.25,27.9205,6.0591,7586441.4226,6642334.221
002548.SZ,20260227,10.036,1.89,,4.1725,594628.6864,577610.5313
301131.SZ,20260227,6.0612,1.47,49.1198,2.5173,244754.8954,163681.9747
002489.SZ,20260227,2.1839,0.54,12.2861,1.7116,802536.0358,707820.7034
002283.SZ,20260227,11.5558,0.92,36.9163,2.1083,1269355.2963,1117928.4419
600255.SH,20260227,2.9795,0.88,171.0992,4.9767,720652.635,720652.635
002583.SZ,20260227,2.2665,1.36,,7.8939,2016848.8935,1422537.6433
300040.SZ,20260227,18.1695,2.06,,1.8798,485774.8792,390618.914
920445.BJ,20260227,1.2896,0.87,76.6485,5.4545,168370.5425,119126.0426
688310.SH,20260227,5.9774,1.45,45.3119,3.4289,295704.8285,295704.8285
000796.SZ,20260227,3.2926,0.59,,11.3335,939820.3048,779829.3507
002948.SZ,20260227,2.1316,0.77,5.9239,0.7185,3073147.2943,1643400.7482
300611.SZ,20260227,3.4543,0.97,39.4384,4.6822,575389.5777,404273.9235
300951.SZ,20260227,3.9239,0.88,34.0745,2.8358,659984.7259,589832.4149
688011.SH,20260227,4.5582,0.87,,7.0089,750000.0,747468.9225
688668.SH,20260227,7.4688,0.78,102.032,11.1889,2128054.8597,2128054.8597
000723.SZ,20260227,7.665,1.85,,1.7397,2307430.6553,2303196.9281
688037.SH,20260227,2.7652,0.8,515.8165,16.2243,4390837.625,4390837.625
603590.SH,20260227,2.7046,1.7,119.4782,2.1386,682472.9673,679095.1633
002258.SZ,20260227,4.3645,0.9,28.0039,1.6996,1340732.3569,1338576.8279
688369.SH,20260227,4.1128,0.75,,3.5548,300719.1653,300719.1653
601107.SH,20260227,2.838,0.93,11.7755,1.0145,1926577.8,1362526.2
000980.SZ,20260227,1.5646,0.58,,1234.308,1553104.7036,1549667.7113
920198.BJ,20260227,1.9469,0.73,93.8596,4.12,164913.8772,72016.2551
300994.SZ,20260227,2.2476,0.7,23.7118,3.6355,401843.712,201128.736
000521.SZ,20260227,1.7209,1.01,10.3269,1.0926,678719.7282,577007.0144
688509.SH,20260227,3.3328,1.25,,3.2207,399630.0,199707.1518
300863.SZ,20260227,3.1569,0.87,63.1572,7.4386,1062440.7701,1021185.4368
300427.SZ,20260227,13.907,1.19,,6.1151,733794.79,725836.0534
300743.SZ,20260227,4.9619,1.53,28.2344,4.9751,308778.3407,260173.0496
002449.SZ,20260227,1.9244,1.0,339.5599,1.4123,541167.5229,541167.5229
002846.SZ,20260227,2.8459,0.79,,4.6699,659810.0022,403775.4288
003033.SZ,20260227,2.9857,0.68,32.502,3.9823,539141.25,532505.8029
002798.SZ,20260227,2.6868,0.85,,1.7757,337270.4783,289921.9764
002627.SZ,20260227,4.51,1.24,69.5151,2.0527,636200.0099,629620.4438
002384.SZ,20260227,6.4895,1.14,126.2068,7.3535,15669402.4363,11859982.3403
003020.SZ,20260227,1.9871,1.19,29.9033,2.7605,486105.6572,352023.8808
300678.SZ,20260227,3.8062,1.02,1264.7183,11.8104,999414.58,982190.7479
688180.SH,20260227,1.2677,0.88,,5.6156,3490745.5614,2605740.1814
920242.BJ,20260227,2.4741,2.68,21.5157,2.7366,183557.3378,103177.5908
688251.SH,20260227,5.3568,1.07,163.3582,3.5258,294664.62,292616.7364
603127.SH,20260227,2.4457,0.72,122.2788,3.3893,2752356.0121,2315286.6204
000929.SZ,20260227,1.7756,0.98,,4.2335,197840.79,197828.2475
920130.BJ,20260227,4.7291,0.85,,4.7855,228302.0091,138490.4961
002191.SZ,20260227,1.1621,0.78,,0.8798,587970.4278,583408.7921
600582.SH,20260227,1.735,0.85,9.0911,0.993,2532816.4019,2532816.4019
300845.SZ,20260227,2.8831,0.78,52.2283,3.2273,258490.8627,181773.7946
603565.SH,20260227,1.4005,0.77,10.6718,2.3085,2280668.5299,2280668.5299
002076.SZ,20260227,2.33,0.94,,7.8486,247334.7615,232427.1537
688409.SH,20260227,2.1971,0.51,675.7079,7.3978,3405676.1951,3405676.1951
688503.SH,20260227,12.4651,1.55,107.8412,5.2495,2544257.6552,2112068.9902
002270.SZ,20260227,4.5281,1.09,42.4286,9.5835,3011317.4482,3011269.1918
920124.BJ,20260227,2.9334,0.96,26.99,2.5977,274710.4328,141353.5124
301112.SZ,20260227,2.5916,1.26,,3.4754,420667.079,420667.079
301109.SZ,20260227,7.7498,1.31,18.6725,1.7944,1371457.2634,400820.3808
002908.SZ,20260227,2.8028,1.0,283.2322,4.0576,448689.3715,334708.0173
300195.SZ,20260227,8.222,1.73,256.1645,1.5192,406759.4458,301355.9818
603165.SH,20260227,4.183,0.65,19.0223,2.0147,396581.1168,396581.1168
300085.SZ,20260227,4.3122,1.16,,55.1807,2763671.1324,2550022.2955
688112.SH,20260227,4.5098,0.83,51.8171,4.6138,740369.9402,740369.9402
300806.SZ,20260227,5.794,0.78,541.1517,11.0642,2509924.8851,1750855.7224
605399.SH,20260227,5.8842,0.7,,2.3519,504523.81,503428.162
600388.SH,20260227,1.9877,0.82,27.3562,2.4786,2635346.058,2635346.058
300364.SZ,20260227,11.9289,0.51,,49.4023,2335571.3783,2117278.8618
301626.SZ,20260227,5.681,1.93,121.791,14.5053,2284680.0,1039225.2105
000592.SZ,20260227,31.3676,2.37,,11.9048,2283365.0143,2263639.2747
600061.SH,20260227,1.683,0.82,13.7591,0.8773,4769911.8678,4769911.8678
688252.SH,20260227,2.7836,0.64,34.2415,4.0417,952201.6818,432554.5661
002467.SZ,20260227,19.8001,1.0,130.8885,5.351,1045282.6235,1038831.8073
300164.SZ,20260227,32.7895,1.01,139.1073,6.0879,886807.1539,878898.6424
601236.SH,20260227,0.961,0.82,39.4153,1.574,3848898.7975,3848898.7975
300315.SZ,20260227,3.6935,0.65,,3.1801,1573121.9927,1500739.0687
000938.SZ,20260227,2.784,1.18,53.2163,5.1295,7421907.273,7421907.273
001231.SZ,20260227,7.8618,0.71,40.2097,2.6275,259744.06,129703.095
600887.SH,20260227,0.6869,0.97,20.5937,3.0965,16496540.6195,16414568.7124
002354.SZ,20260227,4.6492,0.66,,8.6555,1111881.671,1092625.8195
300307.SZ,20260227,2.1157,1.0,62.4456,1.8314,598814.2244,589806.9266
300637.SZ,20260227,6.9737,0.87,271.6073,4.3376,317851.676,317519.6942
001311.SZ,20260227,6.9308,1.13,45.462,2.722,1249179.0507,317200.1494
300762.SZ,20260227,8.5548,1.21,,11.4068,2663830.8048,2663830.8048
000625.SZ,20260227,1.0673,0.87,16.1308,1.4306,10963694.0679,9143531.3966
301136.SZ,20260227,9.6258,0.7,1652.6743,3.3801,492891.8326,492891.8326
002681.SZ,20260227,3.7132,2.08,,5.0966,1161139.9941,991644.4647
301234.SZ,20260227,4.9871,3.16,123.3605,3.9157,297840.0,297840.0
000922.SZ,20260227,5.0487,0.79,44.4432,2.4023,1093211.6472,923808.7477
688585.SH,20260227,2.6942,0.67,585.6721,36.9621,4930290.4013,4930290.4013
688226.SH,20260227,6.9457,1.52,260.1336,4.8282,827214.3286,827214.3286
600256.SH,20260227,4.2079,0.93,19.0755,1.5777,3758497.7428,3758497.7428
600030.SH,20260227,0.9779,0.84,13.4983,1.4699,40563836.671,33327220.0158
603057.SH,20260227,5.4087,0.76,72.3961,6.9198,1387338.6313,1382260.0
000828.SZ,20260227,2.2374,1.2,10.764,1.1262,1145547.7252,1145546.2375
002183.SZ,20260227,3.525,0.92,170.2394,1.4673,1358235.7546,1358227.9096
002617.SZ,20260227,6.9164,0.95,66.7044,2.8216,1801856.5311,1772292.175
301089.SZ,20260227,2.3849,1.01,,2.4305,370016.118,266014.7392
300688.SZ,20260227,5.1249,0.74,,12.5783,503142.6688,446025.6447
688682.SH,20260227,5.3295,1.36,467.3006,8.0776,519785.7201,519785.7201
688167.SH,20260227,8.7212,1.08,,15.4855,3446562.043,3446562.043
688689.SH,20260227,15.0995,3.37,54.4728,3.6261,437884.3776,437884.3776
300644.SZ,20260227,5.3075,1.12,30.2445,3.8786,390131.1354,307382.4773
300222.SZ,20260227,3.505,0.96,86.2352,5.5947,960399.0428,782113.5301
920184.BJ,20260227,2.8013,0.76,248.309,3.9941,248518.0907,167435.251
600533.SH,20260227,2.4235,0.81,,0.883,284550.0,284550.0
002736.SZ,20260227,1.412,1.29,10.3114,1.3382,12863629.2834,12073211.2975
688220.SH,20260227,6.6928,1.66,,7.4155,4088891.19,3608336.9703
920418.BJ,20260227,1.6649,0.7,29.5891,4.9118,453833.4528,435697.691
000605.SZ,20260227,2.1836,1.01,150.6959,1.2166,259204.071,259204.071
000913.SZ,20260227,2.2601,1.39,15.7413,1.7724,834650.6975,732437.2175
601233.SH,20260227,2.0764,1.05,33.433,1.5408,5830152.2647,5819636.4679
920357.BJ,20260227,7.0779,1.54,30.1764,4.858,195395.2,108615.624
000967.SZ,20260227,4.6098,1.12,69.5357,1.5521,2650732.0468,2649470.1019
600062.SH,20260227,1.6728,1.14,12.0955,1.7043,1911313.8166,1900679.3194
601111.SH,20260227,2.8659,1.32,541.9124,3.1659,14674122.061,9787650.0676
601216.SH,20260227,2.8081,0.81,15.0829,1.7593,5071248.4514,5071248.4514
002175.SZ,20260227,5.21,0.59,,5.2874,427721.5435,427721.5435
688576.SH,20260227,5.2166,2.64,49.8327,2.2089,379561.5005,181790.8577
301040.SZ,20260227,10.0534,0.79,,5.2292,382103.9395,360062.0233
605186.SH,20260227,3.6148,0.99,330.9575,2.7336,295256.0,295256.0
688603.SH,20260227,9.4345,1.7,140.7749,9.3614,1091339.585,414939.0613
688321.SH,20260227,3.8861,1.45,260.291,8.6768,1329454.4451,1329454.4451
605368.SH,20260227,1.8235,1.3,19.1207,1.8661,600294.1686,600294.1686
688359.SH,20260227,5.3325,0.96,,13.9692,863437.0208,863437.0208
603058.SH,20260227,5.1575,0.67,41.7478,4.5463,545281.5386,543899.947
002922.SZ,20260227,7.7249,1.13,75.4156,5.2461,1961983.5909,1732963.2484
603786.SH,20260227,1.829,0.77,33.4132,4.981,2713109.3106,2713109.3106
301585.SZ,20260227,1.8344,1.26,49.9168,3.4081,328952.0,215428.5456
920271.BJ,20260227,2.3131,1.58,21.7861,3.433,217820.295,96387.5676
003003.SZ,20260227,4.5577,0.73,40.3839,1.9709,254653.52,169744.5043
300424.SZ,20260227,6.3115,0.84,,6.3656,483998.0626,483711.5586
002533.SZ,20260227,5.6503,0.77,18.6045,2.6165,1127333.4712,979423.3851
000761.SZ,20260227,3.2465,0.84,,1.7947,1561129.7761,1409129.7761
300712.SZ,20260227,5.4369,1.61,142.6549,4.4067,567701.8479,565262.0103
688692.SH,20260227,3.1807,1.22,56.2309,7.8557,2906417.84,1877125.2589
000935.SZ,20260227,2.0555,0.69,61.8013,2.8508,2214740.406,2214740.406
002150.SZ,20260227,8.3064,0.7,40.2675,4.9563,992389.2083,985998.6895
301191.SZ,20260227,9.3839,0.9,147.2605,5.2999,881059.452,663232.6544
688439.SH,20260227,3.6789,1.04,93.4539,2.5107,1263000.0,1263000.0
000915.SZ,20260227,0.77,0.7,13.5376,2.7643,755719.0391,755229.6454
600243.SH,20260227,1.1662,0.37,,2.6183,165885.3,165885.3
300759.SZ,20260227,1.5559,0.77,35.957,3.4101,5438359.5389,4203294.5838
601059.SH,20260227,1.1703,0.64,31.33,2.8414,5743353.0,5743353.0
600810.SH,20260227,2.1992,0.66,,1.2537,936803.0033,928519.6853
300073.SZ,20260227,2.7876,0.85,60.8132,2.131,3103562.4949,2885048.421
603477.SH,20260227,3.8683,1.75,24.7048,3.0399,904864.9091,904864.9091
603376.SH,20260227,4.4202,1.06,53.4855,8.9625,1508803.772,117073.8159
301119.SZ,20260227,5.4956,0.58,48.0269,5.446,555568.0,449315.62
000858.SZ,20260227,0.6837,0.6,14.2043,3.0484,40388131.292,40386430.1474
603162.SH,20260227,3.6961,0.56,35.8705,3.2718,1402981.4857,422182.146
300322.SZ,20260227,6.8194,0.76,,13.0823,1304668.2019,1249061.6439
300371.SZ,20260227,3.1583,1.03,39.5756,2.4659,288948.0371,193013.3071
603180.SH,20260227,1.9016,0.62,22.3099,1.1605,322243.1655,322243.1655
603001.SH,20260227,2.2426,0.87,,1.6152,384138.84,384138.84
603161.SH,20260227,4.7076,0.91,34.6352,2.1388,319411.8593,313400.1963
688323.SH,20260227,10.1281,2.18,,6.0081,454860.566,454860.566
301602.SZ,20260227,2.7564,1.42,65.7553,7.184,935043.5998,455154.1706
002742.SZ,20260227,0.7704,0.8,,,297584.3878,227922.6535
920599.BJ,20260227,2.2269,1.95,11.4931,2.7209,986103.3,747424.5057
688365.SH,20260227,9.1387,0.66,,10.3339,975990.1757,975990.1757
603173.SH,20260227,4.5672,1.16,20.2171,4.2533,805440.0,805440.0
000570.SZ,20260227,3.4337,1.12,259.4132,1.2546,431178.1218,339528.1218
003021.SZ,20260227,3.82,0.73,115.7489,8.397,2860816.957,2464195.3722
688206.SH,20260227,2.425,0.73,5096.9801,8.044,1623213.3917,1623213.3917
600259.SH,20260227,8.8993,1.19,328.3931,9.8278,3434337.7693,3434337.7693
300647.SZ,20260227,3.3986,1.0,,5.8071,332472.3844,331978.838
300276.SZ,20260227,2.2526,1.01,245.565,6.0196,1193688.6275,900669.7
300122.SZ,20260227,0.9666,0.65,,1.4111,4138862.4726,2445335.5028
301387.SZ,20260227,6.7432,0.68,160.1288,4.0069,659911.2151,263874.491
002419.SZ,20260227,2.5526,0.8,319.7117,1.6344,668580.913,668503.5002
300031.SZ,20260227,2.3215,0.91,53.6404,2.3906,971073.5857,816060.4875
600893.SH,20260227,3.8528,0.7,629.1451,3.8278,15231205.4759,15228522.8672
688029.SH,20260227,1.1869,0.79,25.3568,3.8073,1550304.7738,1550304.7738
301116.SZ,20260227,2.5984,0.68,,3.4521,509142.8585,509140.307
300885.SZ,20260227,5.3169,0.79,94.806,7.3447,645690.9836,434580.2506
688199.SH,20260227,6.376,0.91,,1.8715,480457.208,480457.208
603087.SH,20260227,0.8996,0.65,42.5652,3.4925,3940420.8805,3680193.0523
603992.SH,20260227,6.7793,1.33,56.4161,5.0018,1604151.255,1604151.255
001314.SZ,20260227,4.3758,0.99,343.7062,3.3369,689492.756,250430.7454
300662.SZ,20260227,2.6918,0.85,18.3745,2.4522,532558.0075,531143.4
001308.SZ,20260227,1.7933,0.72,19.7609,1.9388,1537532.2872,1085220.5064
300749.SZ,20260227,18.6064,0.69,,11.6587,661260.9762,507286.0188
002228.SZ,20260227,3.167,0.78,50.4334,1.7796,548450.3043,546613.4125
000635.SZ,20260227,15.3944,2.24,,2.5436,392557.0885,365352.5367
603070.SH,20260227,20.2481,3.39,73.3533,3.1501,678492.0,669045.4083
002923.SZ,20260227,5.6466,1.15,,5.0113,524777.7792,404418.9333
603810.SH,20260227,2.1235,0.8,100.0853,1.8582,285207.222,285207.222
300840.SZ,20260227,5.4979,1.5,,3.7262,476400.0,351513.993
003008.SZ,20260227,2.8494,0.81,29.0859,2.4652,254280.0,190339.1546
688198.SH,20260227,0.6642,0.74,78.6767,11.3887,1418805.7699,1418805.7699
601126.SH,20260227,3.4796,0.62,46.0476,7.8916,3731828.8965,3695557.5066
688125.SH,20260227,5.6098,1.46,,10.617,1978998.8005,1968477.5684
002306.SZ,20260227,5.9809,2.15,,,210482.525,196968.4977
920832.BJ,20260227,1.5062,1.58,,1.3819,102407.7324,91026.0897
600718.SH,20260227,1.8841,0.69,,1.3145,1243546.889,1243546.889
300530.SZ,20260227,4.6342,0.98,,91.4255,489717.4562,450688.917
688115.SH,20260227,3.8896,1.06,1648.5054,2.5405,314349.05,314349.05
600814.SH,20260227,7.4738,0.49,31.592,1.6767,620406.3367,620406.3367
601212.SH,20260227,9.7772,0.93,447.9379,5.1355,7923108.7268,7923108.7268
603211.SH,20260227,4.3751,0.61,99.0702,5.0717,622983.936,622983.936
300317.SZ,20260227,35.6121,5.87,,2.8558,444980.9851,444297.5851
300118.SZ,20260227,16.9143,1.72,,2.2209,2335888.4053,1899066.6379
603518.SH,20260227,2.425,0.76,13.2271,0.9424,342243.8161,340977.3181
600691.SH,20260227,3.6418,1.1,,2.2008,795953.9539,795821.2939
001269.SZ,20260227,5.0957,1.0,,5.4536,476411.0869,476411.0869
000789.SZ,20260227,2.4769,1.16,339.9397,0.7218,464888.5229,464888.5229
600435.SH,20260227,3.6649,1.02,100.8031,8.871,2593693.5395,2593693.5395
002184.SZ,20260227,3.1711,1.6,,4.027,470853.3991,321617.0724
601988.SH,20260227,1.1617,0.75,7.0964,0.6448,170128153.4378,111284191.8387
920834.BJ,20260227,2.496,1.12,38.0466,5.8085,179040.0075,93692.287
600236.SH,20260227,0.9042,1.26,27.6022,4.0198,7007433.866,7007433.866
300487.SZ,20260227,2.2924,1.2,45.1459,9.6487,3803738.6796,2301198.7948
605011.SH,20260227,7.3804,1.69,45.209,3.5591,850212.5,850212.5
301291.SZ,20260227,9.2999,0.72,26.0551,3.6834,1809199.0,936686.1542
600345.SH,20260227,18.3509,1.05,106.8478,4.1736,1469410.8845,943131.346
000931.SZ,20260227,1.2604,0.63,76.5502,2.4049,393885.4116,392788.4452
605580.SH,20260227,10.6211,1.76,56.7158,7.1447,689360.0,689360.0
688084.SH,20260227,2.5787,1.11,,3.8902,610039.0492,597753.9479
603235.SH,20260227,1.4315,0.74,19.5036,2.5149,1203457.22,1203457.22
603987.SH,20260227,1.3003,0.68,16.7317,1.5292,407962.6819,407962.6819
688708.SH,20260227,1.7079,1.05,57.8021,7.7907,2575664.39,916117.4177
603379.SH,20260227,2.3692,0.73,24.6977,6.0217,4466875.1137,4466875.1137
000762.SZ,20260227,9.0922,1.34,,5.5764,1637455.6906,1637397.143
002724.SZ,20260227,17.8317,2.96,,2.2808,618741.3912,455365.6263
300163.SZ,20260227,14.3303,1.42,28.7544,4.5471,266862.0,255483.7458
300205.SZ,20260227,0.6761,0.4,,2.0132,197825.76,197825.76
002828.SZ,20260227,11.9698,0.78,302.2213,3.909,271936.2228,261889.3522
002362.SZ,20260227,2.8822,0.99,,5.1854,545622.7699,463349.6562
001216.SZ,20260227,34.372,5.7,23.0721,2.8775,520356.6022,507312.9091
600703.SH,20260227,7.1784,1.95,883.726,2.3569,8331661.2741,8331661.2741
002441.SZ,20260227,7.9138,0.66,29.5083,1.389,620779.7143,454950.8911
002607.SZ,20260227,10.3797,3.08,171.5552,22.5886,1844052.4173,1520115.216
600598.SH,20260227,4.9189,1.16,26.0676,3.4868,2858509.2937,2858509.2937
600281.SH,20260227,13.423,2.27,,26.5798,347221.3669,347221.3669
600008.SH,20260227,2.7809,1.07,13.6436,1.1335,2334307.8353,2334307.8353
000819.SZ,20260227,3.3566,1.01,,2.8618,607095.9034,600569.5788
002661.SZ,20260227,1.2732,0.72,27.6501,1.3896,317147.1304,299472.3698
300107.SZ,20260227,25.0369,0.86,456.5757,3.535,531829.2433,328186.7981
000001.SZ,20260227,0.7502,0.85,4.9057,0.4771,21152450.8358,21152104.7118
002130.SZ,20260227,5.504,0.86,39.3759,4.6435,3993878.6438,3265292.0256
603789.SH,20260227,0.9774,0.67,,10.4985,155680.9702,152620.0
002078.SZ,20260227,1.4417,0.84,15.3507,1.6145,4823367.6154,4793784.0945
002361.SZ,20260227,21.0341,0.79,385.4528,6.0537,1340008.2713,1140054.2845
600696.SH,20260227,12.1092,1.13,,2.4324,69904.1111,69904.1111
688403.SH,20260227,7.4438,1.27,90.5148,4.7015,1657943.202,1657943.202
601939.SH,20260227,1.3349,1.01,6.6649,0.6639,224714727.6733,8240951.8836
300337.SZ,20260227,13.5785,1.86,1046.6514,7.3581,1271534.4212,1100535.1271
300871.SZ,20260227,10.5573,1.58,25.8118,2.6371,556009.8666,556009.8666
920407.BJ,20260227,3.8758,1.21,102.8248,7.062,192967.84,78559.6227
300500.SZ,20260227,2.5034,0.83,,2.0503,227733.1035,219385.7231
603125.SH,20260227,4.413,0.41,53.9291,3.4053,814125.9501,203542.0579
688300.SH,20260227,6.7535,1.16,58.518,10.0407,1712499.4955,1712499.4955
603072.SH,20260227,4.5601,1.16,79.0567,5.5172,1180803.04,563995.64
300664.SZ,20260227,4.4118,1.51,20.3246,1.013,446191.2359,443824.7459
003006.SZ,20260227,1.8017,0.83,31.0553,6.2109,912142.2582,909860.4047
300066.SZ,20260227,21.9616,1.53,63.0964,3.285,859067.4744,830881.9474
002691.SZ,20260227,4.9081,0.81,,3.6567,310420.0,306750.0185
600968.SH,20260227,3.4249,0.56,12.1864,1.6269,4655617.7231,4655617.7231
001277.SZ,20260227,3.5982,0.75,30.988,2.0717,320416.0,191333.9733
000831.SZ,20260227,11.7016,1.34,636.8825,14.266,6895812.8039,6895812.8039
603917.SH,20260227,5.4848,0.91,302.0088,1.8206,305760.0,305760.0
002788.SZ,20260227,6.1915,0.88,19.7939,1.8814,609582.7588,599034.4738
000848.SZ,20260227,1.2081,0.72,13.5836,2.656,856800.0622,849361.0222
600168.SH,20260227,2.6547,1.31,53.6682,0.9848,528487.5067,528487.5067
601568.SH,20260227,2.1016,0.7,86.5081,1.5462,1771611.1119,1771611.1119
601086.SH,20260227,3.2645,0.91,76.1303,3.9916,634698.0,634698.0
002189.SZ,20260227,1.5368,0.98,,11.2799,593705.9475,593616.5004
688613.SH,20260227,3.6808,0.78,,2.3773,341151.3742,341151.3742
300933.SZ,20260227,5.9353,1.25,234.6163,2.3403,501681.9463,501681.9463
600510.SH,20260227,5.5901,1.25,102.6827,1.0367,1079498.628,1079498.628
002157.SZ,20260227,1.5181,1.05,,2.5292,2969302.1911,2322195.6004
301319.SZ,20260227,6.4156,1.77,69.5483,5.0906,596892.0864,448517.2032
301283.SZ,20260227,2.2879,0.7,26.5987,2.4859,406914.1793,231884.9084
300957.SZ,20260227,1.83,0.52,55.4311,3.2837,1996426.8,1996426.8
600623.SH,20260227,3.0455,1.1,28.8556,0.9149,2027303.8724,1787609.0871
301115.SZ,20260227,6.8939,1.48,124.5217,1.5075,380630.5389,252521.9461
002277.SZ,20260227,3.3941,1.45,,1.5781,1060965.5008,1060965.5008
002219.SZ,20260227,4.3284,0.74,370.404,4.423,870557.1105,840915.236
600681.SH,20260227,4.8144,1.0,17.1235,1.6378,575226.7135,574777.9632
000089.SZ,20260227,1.1654,0.78,25.5876,1.2919,1495010.9721,1494991.2118
600054.SH,20260227,3.8756,0.75,32.4309,1.942,919747.4738,647271.3
603579.SH,20260227,2.9001,1.09,30.4234,1.7742,487551.9827,487551.9827
002528.SZ,20260227,7.0473,1.48,,34.4746,348814.4489,305613.8969
002271.SZ,20260227,2.14,0.75,,2.0642,4299659.7588,3446966.9214
301152.SZ,20260227,5.6407,1.05,,2.7333,358594.8211,214418.1336
688520.SH,20260227,1.2619,0.79,,,1755068.0489,1755068.0489
002823.SZ,20260227,4.4784,1.25,23.8349,2.7355,555928.6307,370628.6768
301070.SZ,20260227,5.1857,2.0,2126.7387,7.436,584960.0527,384797.1684
000545.SZ,20260227,29.4351,2.18,,3.8083,347365.2498,346861.8898
920062.BJ,20260227,7.4603,0.76,63.0486,3.0939,232297.427,164192.0172
600643.SH,20260227,1.4565,0.84,,0.6513,779060.5104,777681.9891
600875.SH,20260227,11.632,1.15,39.2797,2.8831,12820141.7285,8390299.9677
002299.SZ,20260227,4.0991,1.67,15.9897,2.1836,2399205.6215,2352549.7321
603613.SH,20260227,1.6976,1.0,13.7187,2.2186,1969229.8429,1969229.8429
600688.SH,20260227,3.6684,1.21,,1.3771,3342009.7475,2323233.8795
688153.SH,20260227,2.2538,0.92,996.1237,4.2365,1692851.3735,1607508.7904
002806.SZ,20260227,9.0682,0.71,49.2951,3.0088,346553.5573,283966.6169
000020.SZ,20260227,6.1525,1.1,97.6392,10.0556,427290.2915,273378.575
300927.SZ,20260227,17.6443,0.64,18.5468,5.2385,504393.84,492265.9214
600257.SH,20260227,5.8699,1.0,,4.4137,351784.3844,351784.3844
002061.SZ,20260227,1.8088,0.78,9.3383,0.7019,1107160.0054,1076043.0906
603816.SH,20260227,0.7901,0.62,18.4005,2.8444,2937510.6319,2904306.4421
002878.SZ,20260227,4.8518,0.61,,3.7425,481540.7942,433644.5562
605136.SH,20260227,4.785,0.41,,1.8295,447712.603,447712.603
300291.SZ,20260227,2.9004,0.44,,2.5017,763872.507,754845.2603
002232.SZ,20260227,2.789,1.19,825.0372,5.7701,780736.0975,780736.0975
688279.SH,20260227,1.5294,0.72,107.9565,4.4116,2221701.744,1805670.944
000546.SZ,20260227,26.8776,5.06,,1.2857,521801.9838,467489.1932
002169.SZ,20260227,12.141,1.15,,4.5893,1210843.2334,1173668.6269
002977.SZ,20260227,4.7707,0.86,,3.6318,380179.8,210852.8381
688065.SH,20260227,1.0227,0.8,66.3463,2.2412,3944012.5936,3189911.1173
002563.SZ,20260227,1.8068,0.55,16.2379,1.3504,1492525.9486,1223477.0564
300044.SZ,20260227,6.4947,0.89,,87.203,627136.6362,587325.5047
603219.SH,20260227,2.2697,0.65,66.0615,6.2978,1013888.4,1013888.4
600579.SH,20260227,4.2004,1.04,,2.8148,461516.7097,461516.7097
603559.SH,20260227,2.3696,0.9,,3.1709,301760.2882,301760.2882
002658.SZ,20260227,17.3524,2.26,34.9588,2.7992,727310.4971,410194.3549
603867.SH,20260227,16.726,2.38,35.7152,2.824,827537.0571,820688.0571
688658.SH,20260227,1.7413,0.64,,2.7003,926100.0,926100.0
601279.SH,20260227,2.1516,0.77,,1.683,710432.1213,710432.1213
600908.SH,20260227,0.8834,0.83,5.5557,0.5829,1288278.155,1173596.5344
001335.SZ,20260227,5.2947,0.89,46.7265,5.0025,480696.4637,120174.1159
301252.SZ,20260227,9.2362,0.67,60.9945,5.3578,698731.8418,195220.9368
300180.SZ,20260227,3.0031,0.91,287.3539,2.5916,1222175.7476,1188569.4131
605339.SH,20260227,1.5811,0.74,96.9833,2.2748,775178.9554,775178.9554
601000.SH,20260227,1.5053,1.28,14.3708,1.2239,2565927.0899,2565927.0899
002262.SZ,20260227,0.7454,0.71,19.6712,2.9845,2418587.8541,2104586.0814
600138.SH,20260227,1.8402,0.56,84.6478,1.1204,710087.04,710087.04
300324.SZ,20260227,3.5649,1.12,,3.6645,1010640.4981,1000344.6461
920592.BJ,20260227,3.3225,1.11,,9.0316,308960.08,192292.5589
603843.SH,20260227,4.8778,1.52,,15.3534,429568.6675,429568.6675
300850.SZ,20260227,7.8757,1.32,25.8091,2.8791,1975189.433,1434752.5304
300082.SZ,20260227,3.1928,0.71,,2.5714,703901.637,701945.2417
002708.SZ,20260227,3.8669,1.16,103.7782,4.5613,772322.6067,709886.1011
600733.SH,20260227,2.0011,0.7,,6.3354,5087356.0156,3908477.8249
600119.SH,20260227,4.5668,1.42,,21.0573,251306.0146,251306.0146
301321.SZ,20260227,6.3428,0.69,,4.3173,419478.75,332145.6503
688002.SH,20260227,1.5332,0.78,67.8795,8.946,5378418.7852,5378418.7852
000860.SZ,20260227,0.9681,0.68,,1.5421,1076303.901,1076303.901
300257.SZ,20260227,6.7928,1.23,60.9112,3.7253,2462227.5746,2365722.3156
301628.SZ,20260227,14.5485,0.89,71.2969,8.0371,921921.4098,399021.6978
600517.SH,20260227,7.1598,1.54,18.0202,1.8322,4243079.322,4243079.322
000572.SZ,20260227,3.7078,0.79,,6.7393,1133154.4975,1131512.3632
001256.SZ,20260227,11.4429,0.96,35.5142,2.6784,323730.5067,242691.5067
300493.SZ,20260227,5.5663,0.81,229.7177,8.9456,1040930.2465,1028927.5442
002127.SZ,20260227,1.0324,0.57,,1.8713,780648.7882,634325.093
603333.SH,20260227,5.6614,1.2,,2.6475,546322.7481,546322.7481
600821.SH,20260227,22.2911,1.79,23.8987,1.5587,1475977.6918,1475977.6918
688667.SH,20260227,9.023,1.44,59.9068,2.8452,494230.6912,494230.6912
920978.BJ,20260227,1.9793,0.78,32.0063,7.0267,549446.8843,308053.4613
002745.SZ,20260227,3.7193,1.17,61.4408,1.016,1352075.5895,969919.8624
603871.SH,20260227,2.697,1.22,20.1,3.8816,2134093.5065,2134093.5065
300363.SZ,20260227,1.6191,0.73,,2.4417,1278175.998,1173310.2175
600620.SH,20260227,2.7095,1.14,74.7121,3.1288,464193.7284,464193.7284
600056.SH,20260227,1.5243,1.06,29.3621,1.3453,1594607.8114,1594044.6755
002431.SZ,20260227,2.8938,0.88,,4.413,492056.5008,492056.5008
301246.SZ,20260227,5.0213,0.77,618.1795,2.028,879214.9464,351773.9645
603699.SH,20260227,1.2281,0.84,30.1181,11.6541,4341584.2344,4245599.2768
002293.SZ,20260227,0.9355,0.8,16.6966,2.1322,853854.7005,846421.0627
600098.SH,20260227,3.5101,1.49,11.2305,0.953,2587328.356,2587328.356
688693.SH,20260227,3.9221,0.9,,3.7049,313452.6336,165499.3772
300654.SZ,20260227,13.2997,1.14,123.9853,5.4122,462049.5632,444554.0559
300288.SZ,20260227,3.5227,1.2,,4.5554,495760.0367,376387.2966
002437.SZ,20260227,2.5213,0.96,26.5068,3.6305,776745.7878,730531.4484
002783.SZ,20260227,3.0545,0.94,30.1481,1.97,516335.807,474084.7068
002732.SZ,20260227,2.4821,0.88,37.1718,1.8512,278509.5,277002.8955
002752.SZ,20260227,2.7509,0.87,22.1661,1.8988,656489.2105,656388.4105
603997.SH,20260227,0.9706,0.77,84.5462,3.5292,1828244.6096,1828244.6096
301526.SZ,20260227,28.5574,1.04,696.5382,6.4702,5313167.1696,1978789.6285
000998.SZ,20260227,2.5265,1.17,,2.5635,1469448.061,1315050.546
300135.SZ,20260227,2.5681,0.68,742.7579,4.0849,386150.4,386150.4
600410.SH,20260227,54.9825,2.2,53.1978,6.6899,3173255.6126,3173255.6126
600654.SH,20260227,2.8401,0.92,52.5725,6.289,1087716.4821,875975.2219
601566.SH,20260227,3.7526,0.75,18.9414,1.6318,665429.8197,665429.8197
688023.SH,20260227,8.3165,1.08,,2.6349,598104.0937,598104.0937
603496.SH,20260227,21.2747,2.37,295.6652,7.4377,1032995.0179,1032995.0179
300177.SZ,20260227,1.8016,0.68,,4.924,743424.8969,605696.9477
002739.SZ,20260227,3.8755,0.46,,3.0083,2310285.9066,2297304.2181
300572.SZ,20260227,3.9286,1.57,,3.7362,661777.6667,530595.6219
002125.SZ,20260227,6.8272,1.26,41.7118,3.1191,951784.1066,951784.1066
003017.SZ,20260227,3.7029,0.96,30.5976,2.64,283080.0,233500.5196
603727.SH,20260227,7.6526,1.34,172.3617,1.6041,507376.4179,507376.4179
002066.SZ,20260227,2.8139,0.88,271.9025,6.9752,492834.886,484638.0
688313.SH,20260227,9.438,0.96,115.7069,27.0481,3800301.0458,3800301.0458
688336.SH,20260227,5.8761,1.15,12.4891,6.2273,3670197.6548,3662474.0388
301658.SZ,20260227,9.1638,1.15,86.2512,4.2411,1339793.8176,133979.3834
002939.SZ,20260227,1.6311,0.95,16.5738,1.2783,3998117.1134,3570235.6943
603272.SH,20260227,4.7045,0.58,123.7893,4.6382,258860.246,258860.246
000815.SZ,20260227,22.2648,0.92,,7.7227,1042894.5525,1042894.5525
601128.SH,20260227,1.7802,1.16,5.6845,0.8019,2384577.8627,2384577.8627
001239.SZ,20260227,2.863,1.12,37.6301,2.8908,398400.0,189240.0
000002.SZ,20260227,1.7498,0.47,,0.3286,5774463.384,4702737.4204
300929.SZ,20260227,2.6121,0.9,,2.0752,167016.0564,160208.658
301563.SZ,20260227,7.0174,1.07,92.8283,8.837,1060285.44,227175.6939
600182.SH,20260227,0.6325,0.55,36.5269,4.9411,510000.0,255000.0
603187.SH,20260227,1.4505,1.05,16.3042,1.516,623289.1806,616749.7302
301108.SZ,20260227,1.5523,0.4,70.5023,1.9766,371435.6316,214145.7582
688511.SH,20260227,8.2074,2.84,507.5381,3.3126,281751.8491,281751.8491
002211.SZ,20260227,3.3917,1.36,,123.0374,166935.6507,166935.6507
301366.SZ,20260227,3.9707,1.3,354.8877,3.6721,785132.1451,285856.3331
688799.SH,20260227,2.3756,0.59,24.1248,2.8474,582535.52,582535.52
002702.SZ,20260227,7.5369,0.47,,3.4864,364578.56,300935.9
300800.SZ,20260227,2.2567,0.83,77.1684,1.5481,310864.567,307742.9095
920266.BJ,20260227,1.7368,0.57,,1.3057,114452.0065,109366.6918
688393.SH,20260227,3.1866,1.02,,2.105,258059.7138,258059.7138
603168.SH,20260227,1.8317,0.82,,1.744,280969.0053,279758.0178
920010.BJ,20260227,9.1584,1.2,83.639,3.8804,268737.0,198995.4258
002407.SZ,20260227,4.4233,0.62,,4.4099,3647485.3914,3310807.7309
002468.SZ,20260227,11.3043,3.31,18.4799,2.0538,2112506.9891,2024735.9531
300168.SZ,20260227,1.8447,0.9,,7.818,963780.5173,962813.1226
001233.SZ,20260227,5.4619,1.11,22.0688,3.0875,1411351.6317,268543.7469
688816.SH,20260227,14.3888,0.59,92.7602,4.2715,748700.0,144381.1199
688238.SH,20260227,1.3799,0.83,,3.4129,485479.4516,479576.9836
688607.SH,20260227,2.7149,0.83,,5.5165,468846.4236,468846.4236
002716.SZ,20260227,14.5493,1.05,217.575,13.2385,4457656.972,3670944.8292
002287.SZ,20260227,1.9386,0.62,21.7876,2.847,1407982.8976,1405205.8855
300479.SZ,20260227,5.8738,0.85,189.503,10.0296,441174.4967,440922.6092
600319.SH,20260227,1.8013,0.85,,8.1117,326839.0107,326839.0107
002891.SZ,20260227,1.235,0.61,32.3079,4.9731,1438184.5427,1438184.5427
301133.SZ,20260227,3.5036,0.73,103.6495,3.4286,469832.9016,429873.9281
300982.SZ,20260227,12.1069,1.24,555.9547,1.7296,502097.4442,470394.4762
600081.SH,20260227,1.8132,1.03,125.3979,1.433,656995.09,656995.09
603662.SH,20260227,2.6958,0.79,56.4749,6.6442,1829606.59,1829606.59
300716.SZ,20260227,6.1522,1.6,,,238429.8,238429.8
601016.SH,20260227,6.0925,2.24,23.682,1.2353,2131766.0084,1964203.7728
600769.SH,20260227,2.1624,0.59,274.5207,42.2172,507344.1516,507344.1516
688015.SH,20260227,2.617,1.04,31.9863,1.8686,497551.1167,497551.1167
003041.SZ,20260227,5.4325,0.5,33.2843,5.6855,832032.0,790565.6052
002174.SZ,20260227,1.7911,0.67,,2.2115,1096408.4721,1095790.868
002214.SZ,20260227,0.8023,0.6,,7.8597,1111117.9471,887941.308
000697.SZ,20260227,4.1179,2.78,,,1336056.5031,625023.732
000026.SZ,20260227,1.9414,0.93,43.4751,1.9021,642324.4231,577103.2021
603636.SH,20260227,2.2974,0.77,,2.8577,642459.099,642459.099
920571.BJ,20260227,7.2101,0.78,188.35,3.9469,533746.5623,270226.8151
002640.SZ,20260227,2.8856,1.18,,7.396,631006.7387,627046.112
600021.SH,20260227,7.7059,2.24,23.3771,2.9173,6164398.3548,6164398.3548
001226.SZ,20260227,4.9888,0.45,158.4838,4.664,339882.8184,154434.3384
300910.SZ,20260227,1.5112,0.88,22.1112,4.809,1761702.7099,1235164.5688
000978.SZ,20260227,3.8437,0.88,,3.03,335649.21,335641.1438
603683.SH,20260227,3.024,0.79,112.0592,4.4625,718478.4493,710804.3388
000037.SZ,20260227,7.7907,1.51,128.0405,4.1452,609392.9846,342636.1397
920175.BJ,20260227,2.9385,2.14,,1.9468,139944.0,93228.4114
601606.SH,20260227,8.6626,1.77,,15.0809,3337244.4672,3337244.4672
600084.SH,20260227,1.9325,0.84,650.523,5.9671,772000.3322,772000.3322
300170.SZ,20260227,12.5061,1.2,132.2751,4.7286,2616901.6602,2501394.967
002323.SZ,20260227,26.6446,0.96,,14.6782,513246.9444,513132.4256
920405.BJ,20260227,2.9418,1.03,59.4852,4.3029,350088.96,274760.319
600409.SH,20260227,4.7431,0.79,79.2093,1.2873,1789790.9714,1789790.9714
688260.SH,20260227,16.931,1.15,,34.1293,420720.0,420720.0
300761.SZ,20260227,4.5595,2.75,26.7112,1.9173,1728961.8087,1296853.3085
002264.SZ,20260227,7.7704,0.71,30.242,3.7554,749323.5633,681628.9052
688687.SH,20260227,2.1205,0.92,27.5889,2.1013,377445.2838,377445.2838
300615.SZ,20260227,2.7566,0.68,205.2813,5.3216,283467.2364,183745.3075
688459.SH,20260227,1.4587,0.77,43.5109,1.3967,483360.0,176814.0628
603688.SH,20260227,9.7578,0.7,170.5195,4.5817,2656932.0075,2656932.0075
688582.SH,20260227,2.1253,0.84,88.4074,10.5708,2673171.6786,1664957.5986
300489.SZ,20260227,2.6621,0.98,210.6931,9.5014,601905.6346,599680.7063
600000.SH,20260227,0.6455,1.04,6.4725,0.4393,32373274.8276,32373274.8276
301156.SZ,20260227,5.0085,0.89,48.3155,3.995,284525.8282,180323.7391
601901.SH,20260227,1.3904,1.02,15.6442,1.2692,6322253.8714,6322253.8714
002026.SZ,20260227,4.3547,1.0,20.2414,1.7803,668727.4834,668669.7615
688249.SH,20260227,4.2896,0.83,88.835,3.3364,7143011.2579,4227680.4837
002412.SZ,20260227,6.57,0.66,21.735,1.6537,373877.6,369898.835
601777.SH,20260227,1.9554,0.51,987.2834,5.0384,5267081.5827,5267081.5827
920699.BJ,20260227,7.7682,2.8,33.7217,6.3844,219001.44,100201.44
301360.SZ,20260227,7.608,0.78,147.3243,4.0395,466938.36,222876.84
000333.SZ,20260227,0.4308,0.82,13.3639,2.7472,59765548.0378,53857872.1801
605228.SH,20260227,6.0638,1.08,106.0634,3.1868,686534.3934,685643.4534
300511.SZ,20260227,4.8761,1.04,,3.0928,465895.7806,407159.2704
301148.SZ,20260227,5.1238,1.08,112.5712,3.6173,641665.9166,324272.9246
000610.SZ,20260227,4.5705,0.62,,14.9007,232959.9346,231736.2253
300497.SZ,20260227,4.3966,0.96,,4.0915,879075.0603,719455.2652
002570.SZ,20260227,5.6987,2.39,48.9546,3.9118,672866.9965,672837.0925
600793.SH,20260227,2.7764,0.61,225.2961,15.4395,367429.6122,367429.6122
920580.BJ,20260227,2.9151,0.83,75.6667,3.918,133902.0,78528.1296
002229.SZ,20260227,15.9607,2.08,,6.8149,866350.338,861064.8695
000619.SZ,20260227,2.6173,0.88,,1.1245,286759.7402,234000.0
002790.SZ,20260227,3.1662,0.76,30.4371,1.6787,353937.8381,220810.7825
300097.SZ,20260227,2.244,0.76,,6.5773,249884.0134,233828.615
601918.SH,20260227,4.5794,1.1,9.7128,1.2298,2005079.3532,2005079.3532
002985.SZ,20260227,9.2945,0.92,228.3965,5.2762,1380510.976,730790.4989
002538.SZ,20260227,10.4223,1.7,30.846,1.2772,685405.2777,685401.0925
603053.SH,20260227,2.0496,1.28,18.5393,1.8646,899556.68,899556.68
603679.SH,20260227,7.4497,1.23,,3.547,278800.3036,278800.3036
600619.SH,20260227,4.2095,1.41,306.6432,3.3284,2038281.027,1498642.9414
600653.SH,20260227,2.2016,1.06,666.4096,5.2721,385383.3028,385383.3028
002344.SZ,20260227,2.1158,0.51,82.2105,0.7495,628482.3104,627910.5451
301162.SZ,20260227,3.7227,0.8,83.072,6.2911,962027.5013,618396.5763
920077.BJ,20260227,3.6742,1.28,56.7154,4.1112,1086035.9978,585736.1978
300283.SZ,20260227,5.7315,0.96,,3.7533,429886.162,317644.0042
688156.SH,20260227,6.267,2.01,,2.876,219254.7198,219254.7198
001369.SZ,20260227,5.9621,1.03,32.915,2.5621,1742293.0,305363.6404
002105.SZ,20260227,4.7012,0.81,,3.3851,282738.7854,281371.5927
601728.SH,20260227,1.2486,1.49,15.3632,1.1565,52982633.3067,44947612.9167
002461.SZ,20260227,2.2454,1.22,23.2903,1.9053,2102662.056,2102662.056
300501.SZ,20260227,4.0475,1.14,71.8879,2.1242,312951.1174,162871.2723
002253.SZ,20260227,1.8272,0.93,,2.2151,235779.2693,217677.726
002360.SZ,20260227,5.3439,0.59,,1.1756,235037.9351,191600.5046
300949.SZ,20260227,4.2811,0.9,,3.9912,264000.0,150924.6772
301046.SZ,20260227,9.4351,4.17,182.8413,3.8966,449033.3678,344838.5046
603988.SH,20260227,4.1649,0.89,155.7005,9.8607,661852.8,661852.8
688578.SH,20260227,1.4334,1.13,19.126,5.8964,4171950.0,4171950.0
001391.SZ,20260227,1.1683,1.28,27.2406,2.8025,7313119.8538,910093.058
300998.SZ,20260227,3.0055,0.82,,2.7162,342374.3981,268770.7277
001218.SZ,20260227,2.079,1.01,25.497,1.4988,340936.8629,243323.8782
603619.SH,20260227,7.4348,0.84,32.9072,3.9479,1680600.3057,1680600.3057
002439.SZ,20260227,2.5355,0.91,,1.5692,1756530.2973,1051747.2572
603037.SH,20260227,3.4241,0.98,50.1733,4.5287,437745.7955,436472.8931
300078.SZ,20260227,3.0918,0.77,,9.4807,547757.3927,545549.9025
002946.SZ,20260227,3.9254,1.41,23.8721,4.6541,1639590.0603,1620600.6145
001267.SZ,20260227,8.0818,0.71,263.8504,15.093,2394752.2679,1848785.8284
300465.SZ,20260227,2.6078,1.04,295.5422,12.6253,847117.5225,847117.5225
600689.SH,20260227,3.6108,0.51,171.5535,6.2897,297869.1703,225566.5399
301550.SZ,20260227,3.3116,0.58,200.3592,21.4497,3867149.275,2358991.49
603615.SH,20260227,1.8878,0.76,,4.7928,548447.76,548447.76
300346.SZ,20260227,5.5926,0.75,128.4765,11.4296,3933373.935,3736432.1906
601857.SH,20260227,1.4021,0.71,12.5451,1.2754,198760781.9103,175847376.5103
603707.SH,20260227,2.1927,0.95,24.6139,2.3854,1599478.9034,1599478.9034
601500.SH,20260227,0.9947,0.8,70.8101,1.2019,737442.501,734512.341
600748.SH,20260227,2.2215,0.79,,0.9238,964706.3925,964706.3925
000965.SZ,20260227,4.4307,0.73,56.4792,0.8282,455030.667,455030.667
603275.SH,20260227,4.7093,1.28,37.0579,2.4556,718568.0403,200618.7013
300838.SZ,20260227,4.16,0.95,472.3843,2.3512,232078.996,171151.6998
600323.SH,20260227,1.8988,1.31,12.3503,1.6606,2326185.4075,2326185.4075
002088.SZ,20260227,1.9012,0.67,25.399,2.364,614207.7354,605432.2795
600103.SH,20260227,4.921,0.94,137.9963,2.1881,869440.7778,858383.6702
920663.BJ,20260227,1.117,0.75,27.2497,5.501,223834.0068,107392.2475
600192.SH,20260227,4.8792,1.25,,4.3127,437330.52,437330.52
300815.SZ,20260227,4.0383,1.32,20.1883,2.3363,1031157.504,1009914.6329
600363.SH,20260227,2.3484,0.79,94.9338,6.7905,2906426.9487,2906426.9487
600743.SH,20260227,1.7369,0.81,,7.3028,462181.8722,462181.8722
688339.SH,20260227,6.4895,1.92,,3.3293,814922.6904,663326.7592
002561.SZ,20260227,1.4757,0.63,883.1406,1.6632,362961.099,361805.742
002590.SZ,20260227,3.4981,1.26,35.9464,2.5339,760930.9313,725606.7641
688275.SH,20260227,6.5124,1.47,,2.1355,1116022.2791,748596.862
000513.SZ,20260227,0.8606,0.71,14.6875,2.3549,3146743.014,2013487.4299
603136.SH,20260227,2.8374,0.95,31.7853,2.3977,325772.8123,325772.8123
688117.SH,20260227,3.2733,1.79,50.2221,5.873,603103.0677,603103.0677
600938.SH,20260227,1.4428,0.57,13.8331,2.2614,170489944.9406,10725130.0
300496.SZ,20260227,3.8817,0.95,69.4201,3.3321,3363629.3512,2690933.227
600085.SH,20260227,0.8563,1.0,31.1723,3.0885,4220013.9962,4220013.9962
002953.SZ,20260227,4.6098,0.97,37.4629,3.0032,650851.454,359648.091
920839.BJ,20260227,1.4965,0.75,34.2766,7.1402,440332.142,242325.5764
002138.SZ,20260227,3.4062,0.87,34.4945,5.1769,3370410.7197,3162206.04
002840.SZ,20260227,1.8756,0.62,88.42,1.9965,801364.2266,795833.7966
300370.SZ,20260227,1.4959,0.68,,8.9832,457089.8577,455949.2645
600088.SH,20260227,4.1358,0.68,,5.1791,653829.3216,653829.3216
300380.SZ,20260227,2.9501,1.14,244.1879,14.6403,566492.5926,521179.802
002409.SZ,20260227,4.0783,0.91,49.7036,5.8489,4567477.9258,3056862.803
301538.SZ,20260227,3.421,0.94,33.5002,4.8251,662323.2,263743.7806
600558.SH,20260227,5.1838,1.72,28.1451,2.4942,593316.7933,593316.7933
002208.SZ,20260227,10.038,0.49,,1.9442,1249922.1871,1249599.2999
002254.SZ,20260227,3.0515,0.53,,1.6323,1149313.6824,1140611.4641
688239.SH,20260227,6.476,1.09,79.4619,7.5473,1486151.7996,1486151.7996
688383.SH,20260227,2.8922,1.19,,5.6031,766512.668,766512.668
688093.SH,20260227,3.3923,1.17,26.5728,3.9235,1064333.0746,996948.4604
600508.SH,20260227,3.7632,1.15,27.4388,0.7388,946760.58,946760.58
603078.SH,20260227,9.0701,0.85,108.0431,5.0821,984917.5314,984917.5314
300455.SZ,20260227,6.3753,1.45,,11.7006,1973144.0561,1948003.0766
603598.SH,20260227,14.551,0.53,,31.1646,658003.0389,657270.7389
002797.SZ,20260227,6.8653,1.65,30.6272,1.8542,3164407.2,3164407.2
301120.SZ,20260227,18.634,0.76,,5.5549,856543.0728,504137.1735
920371.BJ,20260227,3.3758,1.06,26.3985,3.6809,227222.7628,214461.3621
688256.SH,20260227,6.0005,1.39,264.6768,32.5429,49674513.026,49281656.3872
002476.SZ,20260227,3.1683,0.88,58.356,4.309,413712.0,413662.8717
300578.SZ,20260227,5.4759,0.77,296.9208,4.1556,494088.1921,493954.5586
002495.SZ,20260227,3.4377,0.73,131.3878,2.3872,261975.168,196216.582
688776.SH,20260227,9.9089,2.52,,6.8024,1234920.6761,1234920.6761
603023.SH,20260227,4.7579,0.76,1341.7023,3.8567,296918.4605,296918.4605
002327.SZ,20260227,0.8596,0.68,14.2105,1.6723,580904.1585,340226.7339
688305.SH,20260227,2.7046,0.97,93.3762,4.3717,828806.044,824485.1196
001872.SZ,20260227,2.5332,2.2,11.092,0.8044,5087675.6193,4718889.9878
000877.SZ,20260227,0.9258,0.52,19.7538,0.4756,3889438.9566,3889438.1361
600664.SH,20260227,1.5363,1.03,19.7935,1.5713,889033.9862,889033.9862
603085.SH,20260227,3.0108,0.96,632.9445,5.3947,480888.1,480888.1
002978.SZ,20260227,8.9209,1.66,25.0563,2.3538,2009261.2512,1575047.2512
688098.SH,20260227,1.4632,0.7,,2.8252,398324.68,398324.68
300432.SZ,20260227,2.7982,0.72,74.7255,6.6949,3072439.1549,3037928.5767
301221.SZ,20260227,8.8827,1.51,92.98,2.9539,591763.8747,400738.3906
002246.SZ,20260227,8.6585,0.8,56.4959,3.9113,1167247.972,1167247.972
000952.SZ,20260227,3.4,0.71,,2.8913,279134.0229,276915.1982
603215.SH,20260227,3.7522,1.59,35.0896,3.1796,386215.7773,384754.3209
301130.SZ,20260227,1.9479,0.81,61.7616,2.651,243023.6142,187498.1527
920344.BJ,20260227,1.2244,1.03,528.2653,4.5883,287349.79,268284.7271
002832.SZ,20260227,2.2827,1.3,13.8888,1.6241,886308.1015,604766.5951
605499.SH,20260227,3.5045,4.41,30.9325,7.6528,13549170.4524,12561434.028
600630.SH,20260227,2.1645,0.94,123.0522,5.0529,389173.2229,389173.2229
300385.SZ,20260227,6.4579,0.85,,48.512,399775.1184,348795.1596
601609.SH,20260227,6.7883,1.23,27.3151,2.0955,2083009.0226,2083009.0226
002177.SZ,20260227,27.9768,1.24,734.8124,4.3277,737594.3639,653996.4751
605268.SH,20260227,4.0558,0.74,27.6021,2.9153,489147.54,479715.09
002486.SZ,20260227,3.7743,0.7,48.6141,2.4262,262946.3089,261728.9331
300589.SZ,20260227,17.6156,0.67,,9.9478,782150.4197,479657.9189
301331.SZ,20260227,2.7486,0.73,57.7307,2.8678,300547.2019,299974.4815
600550.SH,20260227,14.9594,0.81,203.9164,41.1171,3218991.783,3218991.783
300270.SZ,20260227,3.8089,0.7,,6.4199,361853.2035,311811.6464
000798.SZ,20260227,15.3602,0.68,,10.658,436469.4434,436442.6009
301282.SZ,20260227,13.8917,1.25,56.0961,2.8134,475184.0594,369678.2985
603712.SH,20260227,3.25,1.27,,3.7268,1555580.0,1555580.0
688079.SH,20260227,3.1745,0.87,,4.0717,539531.4483,530129.7612
601686.SH,20260227,1.4358,0.96,11.3294,1.4655,935625.7991,935625.7991
002860.SZ,20260227,3.329,0.69,28.5635,2.2062,501079.5348,487052.1516
000751.SZ,20260227,26.0133,1.75,167.8029,3.1868,1148713.353,1002416.7019
002580.SZ,20260227,3.0094,1.19,30.9335,2.6466,615900.2235,613823.7516
605258.SH,20260227,17.8016,2.74,45.2978,2.633,314336.0,314336.0
000028.SZ,20260227,1.5586,0.76,26.918,0.78,1437607.5939,1234812.7381
301004.SZ,20260227,3.3842,0.83,15.3496,5.4336,874108.3968,814624.586
688268.SH,20260227,5.8729,0.84,48.9145,4.5495,836854.7332,836289.8392
600742.SH,20260227,3.6945,0.76,16.0863,0.9618,804731.684,804731.684
300642.SZ,20260227,2.6352,1.25,189.7378,2.0531,302006.8282,255859.5428
688591.SH,20260227,2.4777,0.77,61.0669,4.2631,1055419.6618,738429.3687
600399.SH,20260227,21.4263,2.63,,2.6823,1546126.4,1546126.4
600015.SH,20260227,1.0671,0.81,3.9144,0.3468,10647087.1451,10294052.8446
920274.BJ,20260227,3.6059,1.07,115.7724,4.3478,213418.6684,213418.6684
688289.SH,20260227,1.1494,0.78,40.9747,1.56,1112424.9715,1112424.9715
300823.SZ,20260227,4.6167,1.48,73.1613,2.4996,235113.995,152197.0197
600586.SH,20260227,8.1654,0.79,,1.7208,945364.2459,945364.2459
301592.SZ,20260227,2.2615,0.86,132.3651,9.5404,836430.0,279109.8084
300545.SZ,20260227,7.5516,0.76,44.5005,3.0127,643365.5133,414749.9455
920593.BJ,20260227,2.3913,0.59,185.1961,8.9302,636568.1912,540586.3766
603980.SH,20260227,16.6132,0.64,96.5725,1.4066,546204.5215,546204.5215
002342.SZ,20260227,25.0648,1.02,,6.1953,1508160.0,1499817.99
300679.SZ,20260227,2.4182,0.94,34.3657,3.6648,1843718.8,1559975.4373
603757.SH,20260227,16.9639,0.87,41.9016,4.1986,845059.0833,845059.0833
603516.SH,20260227,3.464,0.71,6614.3447,23.9987,3340917.4336,3340917.4336
600771.SH,20260227,0.9686,0.8,105.5962,5.2759,869825.7576,869825.7576
000962.SZ,20260227,11.3328,0.93,111.8688,10.8891,2969106.7601,2950288.1894
002920.SZ,20260227,2.6318,0.97,31.0306,5.0558,7403236.0321,6881058.5677
605500.SH,20260227,3.0159,0.71,43.6467,1.5072,384977.6,384977.6
688039.SH,20260227,7.792,0.93,,5.3235,591385.8141,591385.8141
300852.SZ,20260227,14.9035,0.99,57.0527,3.8414,846909.6665,817549.4968
002652.SZ,20260227,9.6713,0.76,,9.6794,242718.336,242718.336
920662.BJ,20260227,15.0537,0.67,114.8186,6.1568,282348.7565,81368.9656
600575.SH,20260227,3.5965,0.99,34.5392,1.1919,2651713.1029,1437916.5941
000509.SZ,20260227,1.6532,0.77,,30.483,378814.2024,378813.0572
603081.SH,20260227,1.9139,0.48,54.3143,1.7682,565303.8614,565303.8614
601698.SH,20260227,7.9116,1.21,607.8321,9.9349,15765406.3576,15765406.3576
002847.SZ,20260227,1.9781,0.89,23.6958,8.7939,1780794.2039,1612210.428
920504.BJ,20260227,1.7432,0.82,68.3009,5.524,110499.405,43584.3578
301536.SZ,20260227,9.3804,1.22,134.6659,11.3019,3531021.6375,1567369.1827
300977.SZ,20260227,5.0898,0.86,,2.2315,309324.7093,192637.8327
300185.SZ,20260227,3.8664,1.02,174.085,1.8559,1227601.8266,1167698.1437
002746.SZ,20260227,2.7668,0.93,19.3492,1.2203,555908.0176,458450.8426
301003.SZ,20260227,10.856,1.97,40.351,4.4253,491397.4811,380135.0509
600066.SH,20260227,1.5055,1.22,13.2079,4.8999,6573185.5531,6573185.5531
301068.SZ,20260227,2.0188,1.51,203.655,5.223,412924.5981,294472.8047
300870.SZ,20260227,9.3223,0.85,85.8223,10.9516,2858128.0562,2858128.0562
920082.BJ,20260227,2.2498,1.41,40.4259,4.7137,251028.085,68332.2315
600782.SH,20260227,5.3594,0.93,13.8942,0.5103,1350025.3912,1333756.5112
301018.SZ,20260227,12.2,0.58,231.9823,10.7352,2848358.7502,2130487.7263
300259.SZ,20260227,4.3051,1.2,24.6773,1.9631,581391.3535,581258.0158
603676.SH,20260227,1.005,0.76,22.005,3.3405,488686.3645,488686.3645
605303.SH,20260227,3.7507,0.78,,3.274,300869.0033,300869.0033
301413.SZ,20260227,3.8617,0.6,153.1418,11.4301,1429879.244,853694.7097
688539.SH,20260227,4.332,1.1,138.9225,4.819,845378.24,476161.84
688479.SH,20260227,9.5322,0.79,101.6694,2.3162,433818.1044,187326.1044
000552.SZ,20260227,5.0796,1.56,,0.8578,1402174.3866,976161.5393
001205.SZ,20260227,5.7997,1.36,42.1093,1.5308,318665.9901,270356.446
300486.SZ,20260227,4.1605,0.63,,6.8878,1154700.4251,1154353.3753
920050.BJ,20260227,12.8768,3.53,27.0527,2.4028,252782.3125,67613.4015
688389.SH,20260227,0.8391,0.87,24.0345,2.871,603307.9078,603307.9078
600977.SH,20260227,6.6175,0.44,,2.5095,2774362.0,2774362.0
601218.SH,20260227,4.9738,0.93,51.7726,1.8915,560101.3699,560101.3699
300926.SZ,20260227,3.599,1.19,14.8884,3.9701,1298616.4861,890980.233
300046.SZ,20260227,3.8079,1.04,135.8134,7.534,861447.2532,861447.2532
600053.SH,20260227,5.8491,0.98,,3.116,801183.3984,801183.3984
300224.SZ,20260227,8.9951,1.19,135.9878,3.5212,1782291.2986,1772211.5046
002514.SZ,20260227,2.8085,0.63,,30.5122,375857.8858,289205.8858
600880.SH,20260227,3.3945,0.65,435.5545,2.0648,627572.6208,627399.3205
300140.SZ,20260227,4.0515,0.71,29.0991,1.7287,2398677.8704,789573.8475
301503.SZ,20260227,3.2484,0.92,25.3744,2.966,316160.0,128360.96
300100.SZ,20260227,2.3506,0.45,39.1191,6.7707,2084305.8334,2010708.3043
920180.BJ,20260227,29.2608,1.51,29.5335,2.944,229631.2014,51667.0216
688196.SH,20260227,3.7775,0.72,61.7803,3.2895,1050977.5391,991560.0
300483.SZ,20260227,7.0379,0.8,,2.13,610783.4088,610574.4888
603370.SH,20260227,2.8839,0.75,48.7529,4.5442,865827.55,169668.6406
600367.SH,20260227,13.9865,1.3,52.5568,2.9519,730361.2612,689344.5827
301487.SZ,20260227,6.4585,1.03,,6.1672,1162829.5881,690168.8301
600251.SH,20260227,3.3758,0.89,40.2044,2.3281,883441.7039,883441.7039
002943.SZ,20260227,12.1012,1.58,,16.5224,1477083.2792,1046525.9997
688343.SH,20260227,21.0703,2.49,,10.1632,3964986.8679,2917556.1204
688314.SH,20260227,3.4083,1.14,36.7594,4.8355,324956.688,324956.688
002991.SZ,20260227,1.1654,0.52,21.0079,3.2268,535991.0283,287118.8095
300428.SZ,20260227,21.3124,5.86,19.8696,1.9901,1766743.6621,1537853.6098
600935.SH,20260227,3.8435,0.9,,1.7473,1046068.7743,1020653.9273
002591.SZ,20260227,3.978,0.71,,3.5826,235956.7944,175680.7951
600820.SH,20260227,0.8159,0.66,8.171,0.6752,2084535.7103,2084535.7103
301169.SZ,20260227,2.923,0.98,,9.6892,424174.676,424042.196
000690.SZ,20260227,6.2444,1.83,10.8994,0.8112,1018315.5194,1017652.6035
000733.SZ,20260227,4.5562,0.99,33.7236,2.0924,3199774.2946,3199342.9768
600551.SH,20260227,1.5245,0.48,14.0716,1.0089,584483.616,584483.616
601068.SH,20260227,11.574,1.13,215.591,6.5589,1915203.0471,1640697.6175
300120.SZ,20260227,2.7108,1.26,,1.7037,508338.6272,466790.5968
603880.SH,20260227,2.9259,0.82,,7.6477,194525.266,194525.266
603595.SH,20260227,1.8703,1.0,101.8712,2.6043,402590.1086,402590.1086
300218.SZ,20260227,5.2096,0.79,23.3517,2.4994,386019.873,384755.7049
920119.BJ,20260227,8.285,0.49,29.0261,4.2962,787586.0756,157248.0
000560.SZ,20260227,9.5736,1.03,74.891,0.8531,803225.7902,769275.0179
301555.SZ,20260227,11.5807,0.71,48.3888,3.2358,356795.3289,186958.8158
688619.SH,20260227,3.4023,1.25,,3.467,277229.8728,277229.8728
300182.SZ,20260227,13.9143,0.48,215.1973,2.2693,1907299.1525,1617373.8728
603956.SH,20260227,2.1138,0.73,,1.9654,388676.0871,388676.0871
688287.SH,20260227,1.1385,0.56,,2.4741,189703.9872,189703.9872
001222.SZ,20260227,1.4849,1.0,23.7689,2.9158,415376.64,233723.9424
300338.SZ,20260227,4.8396,2.43,,,165076.1237,143238.1092
002222.SZ,20260227,6.2291,1.17,124.4193,19.6503,3343947.75,3329026.8383
002240.SZ,20260227,7.535,0.81,,3.714,3900067.1886,3889904.0644
603055.SH,20260227,4.4367,0.86,16.6401,1.7002,875158.2038,871970.5314
600285.SH,20260227,0.8809,0.7,15.3125,3.7694,1224402.3343,1221703.5843
002062.SZ,20260227,1.8142,0.57,45.2618,2.4709,1253355.4106,1139322.0725
600854.SH,20260227,1.7555,0.88,23.5844,1.1485,281546.5276,281546.5276
688308.SH,20260227,11.0274,1.08,632.7148,4.5632,1176572.4563,1176572.4563
000626.SZ,20260227,6.2636,2.04,,1.6483,391622.5659,389372.8707
603042.SH,20260227,16.1222,0.88,,3.6334,313471.3677,313471.3677
688377.SH,20260227,3.6071,1.87,84.6213,5.0701,943550.949,943550.949
002017.SZ,20260227,9.2662,1.72,74.4682,7.7172,1365175.85,1364361.9945
000525.SZ,20260227,8.642,1.04,99.3952,3.3892,892663.6006,761555.6034
300351.SZ,20260227,11.8345,1.32,80.0404,3.0854,771198.5575,522343.0532
001331.SZ,20260227,11.9916,1.27,4689.0237,10.282,1557118.08,926170.121
688327.SH,20260227,8.5442,2.34,,18.4661,1753069.9018,1406848.4755
300139.SZ,20260227,27.7359,1.33,220.2396,16.4385,1821552.0,1553366.5278
600171.SH,20260227,1.8628,0.98,61.8592,4.9733,2234526.2511,2234526.2511
601579.SH,20260227,4.2709,0.94,45.3491,2.4908,906185.843,906185.843
600476.SH,20260227,3.7652,0.62,,19.2677,218894.13,218894.13
300492.SZ,20260227,2.3897,0.89,84.5346,48.8498,1459766.8125,1459766.8125
688646.SH,20260227,2.5622,1.02,,2.9151,432394.6959,266267.0649
600807.SH,20260227,2.1894,0.61,,70.7752,310506.7906,276243.4809
601328.SH,20260227,0.5173,0.88,6.0995,0.516,57878278.6661,17077447.9177
688712.SH,20260227,14.5031,1.18,261.0595,10.1299,1717206.0,152838.3346
600559.SH,20260227,0.9538,0.69,22.4795,2.6896,1418773.2856,1410649.1476
300420.SZ,20260227,3.9825,1.27,,2.0131,475579.397,475542.4628
300639.SZ,20260227,4.892,0.77,,1.1379,437034.4556,429371.1148
688382.SH,20260227,3.6872,1.29,,8.0344,1234195.6798,1234195.6798
301258.SZ,20260227,2.4038,0.88,42.3964,1.6846,322036.71,312885.345
688100.SH,20260227,2.9987,0.91,31.4084,6.4131,2143255.6778,2143255.6778
600596.SH,20260227,3.2311,0.92,,1.4842,1846248.763,1846248.763
300961.SZ,20260227,5.8128,1.37,,3.6645,268756.48,231294.1992
603296.SH,20260227,2.2266,0.98,23.552,3.7644,9362005.0146,5264551.8658
600519.SH,20260227,0.5921,0.81,20.2392,8.0243,182207820.8229,182207820.8229
300296.SZ,20260227,14.446,1.02,,2.8767,2321452.502,1946702.574
601567.SH,20260227,2.3319,0.57,18.7655,3.1513,3699916.3502,3699916.3502
605336.SH,20260227,4.9686,0.83,137.7693,1.4127,264113.928,264113.928
002397.SZ,20260227,5.0132,1.2,104.5162,2.7579,329023.8349,285059.3214
688496.SH,20260227,3.6086,0.9,,3.0042,294300.0,155616.4224
300083.SZ,20260227,2.0627,0.83,39.1919,2.7699,1503370.9179,1348210.7982
300854.SZ,20260227,11.5227,1.69,,2.7571,264081.4313,214658.5691
600560.SH,20260227,3.2587,1.57,73.101,3.9095,377289.9585,377289.9585
301180.SZ,20260227,7.6334,1.29,,5.5963,737618.44,302670.4757
000903.SZ,20260227,2.9129,0.89,,4.0896,543691.2792,539593.5231
301235.SZ,20260227,23.4747,1.65,53.2361,3.1712,576713.7745,389258.9231
002547.SZ,20260227,4.4158,0.8,,,429789.781,420931.5302
601965.SH,20260227,2.0286,0.55,18.9235,2.5608,2006109.774,1996811.454
603729.SH,20260227,6.499,0.43,,5.679,173515.342,173515.342
000995.SZ,20260227,10.0469,0.54,,19.153,282433.536,282433.536
002357.SZ,20260227,10.1508,1.28,26.8318,2.9567,504403.8589,504385.7577
603701.SH,20260227,1.9268,0.82,124.2741,6.577,527951.04,527951.04
300864.SZ,20260227,8.765,1.33,23.7737,2.7801,367300.2487,367300.2487
600403.SH,20260227,10.1393,1.23,,3.7813,1733338.9915,1733338.9915
000830.SZ,20260227,4.0898,1.45,24.095,1.8679,3559172.2316,3558891.7283
003030.SZ,20260227,4.1099,0.92,139.9214,2.6215,267029.2,169885.719
000156.SZ,20260227,2.0735,0.43,29.8187,1.0594,1584257.2379,1453393.8748
688657.SH,20260227,4.1945,1.88,50.5464,2.5126,353122.0123,221230.0814
300098.SZ,20260227,3.3691,1.06,,4.0186,1091327.2687,968214.9978
002181.SZ,20260227,8.5907,0.57,67.089,2.9033,1236526.9553,1208282.0158
000927.SZ,20260227,3.9085,0.98,37.7559,1.8619,1790904.6777,1790903.772
603657.SH,20260227,3.1925,0.74,271.0176,4.148,391104.8147,391104.8147
603612.SH,20260227,6.6193,0.96,24.9696,3.1577,1771757.5607,1771757.5607
603779.SH,20260227,2.1255,0.86,,4.1463,226812.521,226812.521
300576.SZ,20260227,3.8726,0.71,133.0704,9.122,1543872.9484,980404.4153
600697.SH,20260227,3.3742,0.79,,0.9444,216677.9582,211622.1324
300179.SZ,20260227,33.7487,1.6,162.065,11.3083,1348369.6297,1038173.6933
301207.SZ,20260227,3.8429,0.73,176.5616,2.3395,1244126.925,1243341.6705
002629.SZ,20260227,9.9299,1.06,797.6929,79.7198,285485.66,283607.1475
688557.SH,20260227,2.7954,1.13,29.5682,3.4288,420678.4851,420678.4851
002545.SZ,20260227,3.6693,1.12,36.5964,3.5885,3388825.1141,3078565.9406
688629.SH,20260227,18.8658,1.21,232.3293,35.045,5900708.2368,2326823.0016
002992.SZ,20260227,4.2637,1.67,,14.0842,1032579.0372,902247.5169
000422.SZ,20260227,9.522,0.87,27.9724,3.3468,1974082.6194,1918854.9758
300466.SZ,20260227,2.4071,0.82,,7.2956,525890.3697,440792.4631
600173.SH,20260227,5.3834,0.74,687.4073,1.5293,585623.22,585547.98
688484.SH,20260227,3.1011,1.4,80.7946,4.4403,1828260.0518,1261876.1346
300892.SZ,20260227,4.5105,0.95,127.2648,3.013,316500.0,204340.3125
603321.SH,20260227,2.8398,0.73,60.7486,1.9723,283996.0278,280475.4778
600303.SH,20260227,2.2003,0.73,,2.123,238577.8696,235785.8696
301525.SZ,20260227,2.0058,0.69,53.8776,2.5366,827114.2054,433248.4977
000410.SZ,20260227,2.0593,1.06,156.9752,3.4924,2063627.874,1309433.5204
300234.SZ,20260227,3.315,0.7,648.7348,2.7118,312972.418,213959.9414
603400.SH,20260227,17.0891,0.97,45.6059,6.1201,740000.0,148000.0
300599.SZ,20260227,4.976,0.99,,1.8497,366726.7246,217437.1246
000554.SZ,20260227,14.8322,1.19,27.0582,3.8172,430790.8129,324937.2645
002038.SZ,20260227,1.8402,0.72,79.227,1.1658,663668.1,550336.101
000158.SZ,20260227,8.3338,3.71,,6.4408,3360292.3475,3337833.5811
688719.SH,20260227,1.5716,0.72,,3.1846,540003.7562,419900.3546
002709.SZ,20260227,3.2469,0.65,151.8663,5.2356,8599293.6298,6360805.9199
920857.BJ,20260227,3.6594,0.89,,5.6287,202187.5393,202187.5393
000068.SZ,20260227,2.4468,1.17,,5.9442,361395.0556,361395.0556
301135.SZ,20260227,2.6393,0.84,79.614,2.5415,317682.432,238251.697
603026.SH,20260227,4.9619,0.8,,3.1956,1544902.0319,1544902.0319
002079.SZ,20260227,7.6022,0.98,96.7142,3.0029,926526.7911,925657.1533
688335.SH,20260227,6.2486,1.75,,5.1827,593322.6447,593322.6447
002558.SZ,20260227,3.5845,0.92,40.5322,4.7314,7177924.7668,7177924.7668
603205.SH,20260227,1.1542,0.64,42.352,2.9963,436956.0,115793.34
600458.SH,20260227,2.5227,1.19,24.2218,1.7969,1376584.4561,1275174.3881
002584.SZ,20260227,3.394,0.83,,2.3594,529035.6455,423457.5804
002318.SZ,20260227,1.2928,0.88,19.7834,4.141,3377102.0083,3300333.908
000823.SZ,20260227,11.1071,1.36,34.7535,1.8193,857054.3988,857018.0994
920429.BJ,20260227,2.1335,1.42,47.5216,2.1996,182268.0,166164.5724
000551.SZ,20260227,3.9748,0.96,28.9145,2.6461,744549.9587,741860.8973
600792.SH,20260227,15.2091,1.1,,1.944,552741.9528,552741.9528
603382.SH,20260227,1.8139,0.87,40.701,3.2348,560791.7326,112158.4901
300176.SZ,20260227,9.0102,0.8,117.9468,3.2202,307113.6744,307113.6744
000016.SZ,20260227,3.2777,0.49,,7.2677,919835.1459,609898.8316
300339.SZ,20260227,7.9391,3.66,319.4168,11.6195,4120629.6913,4023750.8151
600287.SH,20260227,2.3686,0.93,105.8344,1.1392,262951.2365,262951.2365
688387.SH,20260227,13.3346,1.75,,9.9157,5941787.5,3505158.7736
600151.SH,20260227,6.6747,1.03,,4.7751,2215919.7834,2215919.7834
000536.SZ,20260227,2.2442,0.81,,22.9246,1311099.5486,1309701.1126
688269.SH,20260227,3.765,1.82,53.6389,5.6048,591566.304,591566.304
002885.SZ,20260227,11.7752,0.65,123.4104,5.6785,836049.7632,712581.0172
001388.SZ,20260227,3.7468,1.01,51.4406,5.0798,708084.0,141616.8
002289.SZ,20260227,1.0067,0.58,,35.5931,778825.124,777991.424
600901.SH,20260227,1.0801,1.16,11.7981,1.5377,3729961.9816,3729051.3656
002353.SZ,20260227,5.8433,1.87,42.3287,5.4211,12006757.3536,8129671.098
300435.SZ,20260227,5.9673,1.08,178.7691,3.6741,1216924.515,1163610.1577
300084.SZ,20260227,4.0239,0.58,,4.5689,569905.0768,387979.9362
002365.SZ,20260227,1.5666,0.53,173.049,2.2245,439666.29,366375.6707
300653.SZ,20260227,1.4758,0.86,49.0299,4.3164,377460.0,377460.0
605208.SH,20260227,3.0002,0.67,88.259,2.1013,456636.96,456636.96
300345.SZ,20260227,11.8331,1.12,,8.9018,464184.0344,383477.8344
301168.SZ,20260227,2.6078,0.86,116.9631,2.4499,529560.0,420617.7518
688293.SH,20260227,1.5242,0.94,153.1224,2.5274,662143.4444,579572.2242
300342.SZ,20260227,14.8275,1.39,330.9612,12.5378,1965787.3976,1936944.7414
300964.SZ,20260227,13.4145,1.33,138.7879,4.8612,494709.0176,357963.7376
688184.SH,20260227,3.2796,3.22,,1.1005,174952.2654,110536.2654
301043.SZ,20260227,11.6882,1.99,48.32,4.9585,415752.0,346955.7435
300828.SZ,20260227,36.7495,1.57,93.6691,5.4632,425374.632,318830.8136
603316.SH,20260227,6.448,1.3,,6.0556,388468.08,388468.08
301571.SZ,20260227,3.6382,1.22,52.0274,5.1939,1059509.9867,703681.076
600468.SH,20260227,5.9918,0.84,,4.2136,846258.0797,846258.0797
300217.SZ,20260227,4.9158,0.61,47.9537,2.154,904521.8873,750894.3253
600864.SH,20260227,1.6543,0.97,22.0181,1.0326,1366934.8316,1366934.8316
688056.SH,20260227,2.3414,0.89,73.1319,3.3283,267651.3613,267651.3613
600626.SH,20260227,2.022,1.02,75.9432,2.0186,648485.6315,544017.5466
002930.SZ,20260227,5.5719,1.08,,2.7056,631336.0261,597153.5034
688052.SH,20260227,3.4082,1.13,,3.4585,2764598.361,2422983.361
000407.SZ,20260227,5.4973,0.7,35.9369,1.5118,458524.1058,456282.5325
000668.SZ,20260227,2.9069,0.99,,3.2575,230101.2416,230101.2416
603551.SH,20260227,2.2545,0.98,15.5448,3.651,458997.9815,453009.1215
603617.SH,20260227,2.4282,0.91,63.8184,2.0543,308862.8276,303460.2976
603601.SH,20260227,31.7036,1.19,184.4503,5.6472,1496466.672,1496466.672
600724.SH,20260227,2.3683,0.58,45.6357,3.6292,998661.5801,998455.3808
300993.SZ,20260227,2.7453,0.86,25.7069,2.8254,431999.9424,337593.4334
600232.SH,20260227,3.9766,0.89,,3.3383,313657.9478,313657.9478
603083.SH,20260227,8.8417,1.24,132.9658,4.807,3646404.8568,2849583.7768
002749.SZ,20260227,2.2192,0.91,17.5962,3.6946,660363.7068,642369.8613
001330.SZ,20260227,15.9201,0.87,,2.9761,1246688.7185,1246688.7185
603035.SH,20260227,1.5384,0.83,14.6326,1.0692,567837.974,567837.974
600649.SH,20260227,8.1618,1.09,44.5779,0.6157,1294826.8971,1294826.8971
002571.SZ,20260227,3.1317,0.8,,5.0817,496209.5862,377655.634
600184.SH,20260227,3.9926,0.84,,3.3157,1123498.5583,1123498.5583
300212.SZ,20260227,3.6191,0.73,,33.5144,911383.8063,884315.8426
603859.SH,20260227,4.8235,0.77,50.0369,3.9234,1196816.4556,1196816.4556
000728.SZ,20260227,0.7087,0.79,13.5007,0.976,3630663.2053,3630663.2053
603375.SH,20260227,3.0073,0.95,171.7995,2.5148,397532.668,251870.8886
920642.BJ,20260227,3.0391,0.68,,7.0478,155090.7359,149535.4895
688244.SH,20260227,2.7003,0.48,,3.559,344645.1479,344645.1479
002738.SZ,20260227,4.252,1.06,158.0381,5.4652,6565576.0807,6470479.4063
688009.SH,20260227,1.2625,0.61,17.7104,1.3146,6057376.468,4931222.296
000420.SZ,20260227,2.9688,0.71,,2.6239,1160585.8579,1160190.6995
920553.BJ,20260227,1.8715,1.22,60.8776,4.1036,146276.8883,93518.7919
688690.SH,20260227,1.9205,1.24,85.0033,6.0623,1156121.6722,1156121.6722
603284.SH,20260227,34.3175,0.79,28.3838,1.8842,391930.7156,96006.2754
300995.SZ,20260227,2.8696,0.75,210.2125,5.3961,334399.6216,238600.8635
688533.SH,20260227,4.2084,0.49,30.4483,3.3118,560623.6343,560623.6343
301158.SZ,20260227,9.3747,0.89,29.8091,2.8517,390963.326,380953.1206
601118.SH,20260227,5.4027,0.74,113.8345,3.3901,3286600.5481,3286600.5481
603285.SH,20260227,4.7704,1.01,43.9283,3.5279,591520.0,230311.1957
000989.SZ,20260227,1.9342,1.08,60.5201,2.1125,771203.7528,625432.5315
601179.SH,20260227,9.9829,0.96,68.35,3.643,8242418.822,8242418.822
300453.SZ,20260227,1.3118,0.91,19.8823,3.522,486060.46,335029.3947
300991.SZ,20260227,11.216,1.09,375.4625,14.9814,956160.0,611822.88
301008.SZ,20260227,3.1701,0.49,139.0195,3.1525,471729.5689,417267.3289
002194.SZ,20260227,3.6355,1.07,,3.5246,875972.4033,654965.8196
002322.SZ,20260227,2.1181,0.78,22.4865,1.9779,513932.3258,494067.9487
300056.SZ,20260227,11.0065,2.38,,26.7216,394356.7232,394008.6986
300567.SZ,20260227,4.5773,0.58,,12.0908,4272553.6324,3467710.7325
688502.SH,20260227,3.4301,0.87,342.0165,16.1182,1939977.6,617265.6
600795.SH,20260227,4.0149,1.4,11.8071,1.4734,8757288.9693,8757288.9693
300965.SZ,20260227,4.1171,1.15,107.7069,2.9435,357900.0,332332.5188
300922.SZ,20260227,3.5276,1.07,87.4616,3.9645,369916.2988,290502.6012
300614.SZ,20260227,10.713,1.76,,2.4931,263764.4763,263764.4763
001696.SZ,20260227,2.5606,0.81,29.3217,4.4272,2427457.0704,1889764.237
000712.SZ,20260227,2.4293,0.5,73.0768,4.5782,1161216.0,1160871.426
000679.SZ,20260227,1.3934,0.83,,13.2882,262310.4,262310.4
603290.SH,20260227,3.4519,0.72,55.8992,3.7685,2605950.257,2605950.257
301121.SZ,20260227,4.7444,0.96,109.6109,2.5301,420603.6986,215318.0284
301056.SZ,20260227,5.2871,1.47,58.9845,5.5921,428726.1739,282825.2988
600278.SH,20260227,3.2892,1.32,35.9844,0.978,749847.379,749847.379
601098.SH,20260227,1.6954,0.95,12.5989,1.2812,1995356.0,1995356.0
000897.SZ,20260227,3.0525,0.73,23.8469,1.2054,370355.3416,370348.3342
600567.SH,20260227,3.353,0.98,,0.6807,1103804.3286,1103804.3286
920475.BJ,20260227,1.3761,0.67,,4.6631,164727.8,68496.1827
301280.SZ,20260227,2.5432,0.66,38.0538,4.3166,805635.0246,236351.7996
920023.BJ,20260227,2.1369,0.86,317.7286,1.2167,148596.016,122039.0726
301139.SZ,20260227,3.6167,0.96,175.668,1.1954,233435.136,146240.9242
688785.SH,20260227,7.7802,0.64,196.9745,10.3031,2252976.7733,423551.2359
301218.SZ,20260227,10.704,0.8,,4.2388,389104.48,239074.8684
920866.BJ,20260227,1.7511,0.66,41.9525,2.065,156598.9271,81346.8615
002484.SZ,20260227,4.7653,0.74,40.8783,4.6297,2841600.4869,2741197.8374
688051.SH,20260227,5.2924,1.83,,4.4152,288146.484,288146.484
601138.SH,20260227,5.2671,1.44,36.1918,7.1371,110610150.5002,110610150.5002
300813.SZ,20260227,2.8939,0.66,191.895,3.9973,315845.1647,198189.0962
600238.SH,20260227,1.452,0.96,,25.4815,258611.4,256921.7017
601975.SH,20260227,8.4022,0.7,15.8679,1.7364,1923621.6627,1923621.6627
300618.SZ,20260227,13.0704,1.48,61.4665,2.999,1676700.0507,1475296.9064
600017.SH,20260227,3.9297,1.45,18.2465,0.712,993436.2058,993436.2058
688570.SH,20260227,0.8533,0.99,61.2689,1.9757,846082.0,367742.8
300570.SZ,20260227,15.7454,0.75,82.1148,18.585,3085745.6151,2611134.4105
601038.SH,20260227,5.5663,0.78,20.4936,2.1311,1670860.5239,1088045.7439
600313.SH,20260227,13.7954,1.07,173.6603,3.9113,929099.1752,865758.9304
301081.SZ,20260227,6.4541,0.81,211.5367,2.8136,302852.084,290551.2
688608.SH,20260227,3.3926,1.35,59.3183,4.9514,3489429.9085,3489429.9085
601519.SH,20260227,2.3773,0.93,,17.9981,2440699.32,2440699.32
002094.SZ,20260227,3.2062,0.62,138.9862,3.4098,527154.8299,526816.0579
301535.SZ,20260227,10.8328,1.22,95.5679,10.7831,1196777.6481,179516.6481
603067.SH,20260227,6.9005,1.18,55.9214,8.3488,2899901.9302,2899901.9302
601677.SH,20260227,3.402,1.21,12.1384,1.1389,2113990.1659,2070611.2659
001289.SZ,20260227,7.2342,1.39,26.3343,1.8463,13860575.1999,8359526.8439
000685.SZ,20260227,2.3585,0.95,12.857,0.9929,1784884.7347,1517294.2148
002986.SZ,20260227,2.5029,0.7,,1.4341,546614.5617,434042.2416
301325.SZ,20260227,3.9437,1.05,,2.7613,782056.6071,314657.6945
300268.SZ,20260227,1.985,1.74,,,251544.8,193073.63
600202.SH,20260227,3.0481,1.2,,3.0528,246488.0521,246488.0521
600675.SH,20260227,2.951,0.78,31.0839,1.1904,1747333.1107,1747333.1107
603018.SH,20260227,1.8259,0.99,16.5334,1.0557,555926.4756,555926.4756
301187.SZ,20260227,2.0665,1.17,31.5976,4.1521,629685.8068,629683.769
002795.SZ,20260227,9.5783,0.67,,7.9479,355116.6913,349280.8734
300575.SZ,20260227,4.4567,0.82,,1.6938,334371.6724,240238.4594
300247.SZ,20260227,2.9528,0.81,54.2311,3.6937,417296.9224,416899.8874
603038.SH,20260227,2.2333,0.72,135.3425,3.402,473946.415,473946.415
002030.SZ,20260227,1.7643,0.78,,1.144,885574.4462,885574.4462
600157.SH,20260227,19.9482,3.53,135.5709,0.8483,3992650.8385,3992650.8385
001208.SZ,20260227,11.0354,1.03,129.3748,5.1408,1487356.5066,613716.7505
002772.SZ,20260227,5.2975,0.89,29.639,2.1659,722384.3765,716647.0471
603212.SH,20260227,7.5316,0.61,,2.6382,674173.0701,674173.0701
920099.BJ,20260227,1.3245,0.54,24.2663,2.8234,260836.7933,162523.5674
002394.SZ,20260227,12.2854,3.4,15.1511,1.1724,506914.2,506265.259
002723.SZ,20260227,10.0199,0.55,,3.413,321382.3301,306648.9315
300050.SZ,20260227,3.4721,1.09,,8.227,337260.1184,337054.2582
688306.SH,20260227,2.5252,1.02,4858.0632,7.0554,1276185.8292,1276185.8292
002135.SZ,20260227,2.9443,0.61,92.3666,1.1436,720624.8018,674338.6317
003013.SZ,20260227,1.6432,0.61,12.3636,1.9584,670220.4277,593521.4786
000526.SZ,20260227,2.0588,1.16,19.2845,4.5458,453323.3255,444389.1875
600353.SH,20260227,3.9064,0.66,130.1927,8.5464,1597704.2601,1595461.4811
600750.SH,20260227,0.7852,0.77,17.4385,4.5315,1580134.6365,1562911.8174
002921.SZ,20260227,4.3936,0.9,,2.717,359613.8866,310202.9348
002328.SZ,20260227,2.8986,0.89,37.3874,1.6787,557989.71,412682.5408
002024.SZ,20260227,0.6596,0.88,171.6791,1.1556,1454568.516,1452947.2869
603806.SH,20260227,5.0332,1.23,64.0566,2.9703,4721817.9357,4721817.9357
000563.SZ,20260227,2.014,1.02,12.887,0.9746,1846143.2992,1846143.2992
600078.SH,20260227,37.7457,5.9,,5.5211,958367.0112,938203.1712
603210.SH,20260227,1.2444,0.69,32.819,3.6304,663099.2,146861.0797
301080.SZ,20260227,3.9414,1.06,46.5821,3.0456,804793.4237,606556.028
603663.SH,20260227,6.7544,1.34,263.629,15.3125,2024642.7043,2022346.8643
600815.SH,20260227,2.712,1.02,,3.8223,580128.895,580128.895
002050.SZ,20260227,4.4417,0.78,53.3456,6.9243,21549239.3611,18866775.5665
300788.SZ,20260227,30.7459,1.0,59.4406,3.975,888007.5751,888007.5751
603788.SH,20260227,1.7968,1.08,19.1668,1.7986,371626.4033,371626.4033
605259.SH,20260227,2.1866,1.1,15.6713,2.1628,388080.0,388080.0
002117.SZ,20260227,2.3179,1.13,30.789,4.3801,617990.7269,617794.5224
920925.BJ,20260227,2.194,0.82,143.815,5.8595,217991.8636,122423.2473
002634.SZ,20260227,3.7365,0.54,,,334867.982,325509.0982
000859.SZ,20260227,9.8972,0.54,,3.9083,1065315.7862,1065255.1472
688360.SH,20260227,4.0757,1.85,61.6365,3.5869,527227.5883,504319.784
688737.SH,20260227,5.3123,1.38,,1.9473,350324.0114,350324.0114
300286.SZ,20260227,22.969,3.82,40.2169,3.6626,818811.8986,691623.0857
603883.SH,20260227,1.3102,0.75,27.1887,1.699,1135299.7931,1135299.7931
300517.SZ,20260227,5.4307,0.57,,2.512,253523.0433,156892.5712
600638.SH,20260227,2.3416,0.67,28.5182,1.0067,463970.3856,463970.3856
300417.SZ,20260227,4.4435,0.8,,4.2643,195789.456,127403.0563
002756.SZ,20260227,8.0037,1.5,57.9133,2.83,3498768.9946,2522861.8601
920245.BJ,20260227,2.0221,0.81,110.4878,4.0788,141879.225,108478.4715
688022.SH,20260227,4.7878,1.02,,4.4888,310952.8768,310952.8768
688207.SH,20260227,4.7042,1.29,,2.3859,456828.6313,456828.6313
002401.SZ,20260227,1.8448,1.13,,3.7845,618456.2842,617949.5962
688137.SH,20260227,2.3562,1.03,,1.4939,310807.0193,144719.5193
600644.SH,20260227,39.0426,3.26,320.0222,3.6196,748925.4593,748925.4593
301160.SZ,20260227,5.6232,1.0,35.4507,4.7564,778538.6882,506858.8009
600160.SH,20260227,1.8478,1.01,28.4322,5.6299,11230943.697,11230943.697
002843.SZ,20260227,7.3197,0.39,150.4182,4.4948,636140.8192,633752.8042
603803.SH,20260227,3.402,0.84,,2.8081,441029.1322,441029.1322
600617.SH,20260227,3.7681,0.76,,1.8305,619270.5601,569949.2032
001395.SZ,20260227,1.5554,0.79,21.0207,3.2632,390660.72,209973.42
600382.SH,20260227,5.8132,1.14,29.3416,2.3454,636077.8095,636077.8095
603725.SH,20260227,2.1708,0.82,26.2197,3.7473,310040.2606,291530.8606
300689.SZ,20260227,6.3346,0.82,241.6945,8.2539,570023.6,498929.3
002046.SZ,20260227,13.7872,2.14,100.1786,6.5133,2819154.7516,2779832.2707
000598.SZ,20260227,2.5744,1.48,10.3186,1.1304,2202198.4361,2198670.0581
920374.BJ,20260227,2.0985,1.6,126.2172,7.5191,196621.416,82281.885
002706.SZ,20260227,3.6414,0.61,42.4032,3.1847,1296086.2731,1055897.9869
000488.SZ,20260227,5.2834,1.16,,2.1898,700066.5756,400170.1945
603608.SH,20260227,5.5204,0.74,,4.5685,483094.3476,483094.3476
002064.SZ,20260227,2.8182,1.33,36.947,2.3063,6158516.9762,6141182.2849
002045.SZ,20260227,3.4401,1.76,282.1615,1.783,789163.8342,788251.5334
603223.SH,20260227,2.2662,0.92,29.4163,1.7511,683477.003,683477.003
920976.BJ,20260227,11.2472,0.75,41.6353,9.0835,232727.152,144712.288
600267.SH,20260227,0.8418,0.74,22.8457,1.4678,1249199.8202,1249109.1662
001914.SZ,20260227,1.975,0.69,13.5481,1.1411,1228637.3544,1228633.5066
920247.BJ,20260227,2.4626,0.69,92.4069,8.2735,396381.1217,287495.3946
603171.SH,20260227,4.5541,0.8,230.418,9.774,2467326.84,2464564.08
000735.SZ,20260227,3.5357,1.1,,2.1389,902786.6452,902303.6533
603303.SH,20260227,2.1829,1.23,25.4293,2.3369,727817.4215,727817.4215
002099.SZ,20260227,15.3911,1.7,,2.5607,1311159.3549,1308715.269
920726.BJ,20260227,5.3127,0.56,109.8873,4.9283,217167.12,119439.1499
300997.SZ,20260227,4.8635,0.73,132.6955,9.6841,983877.8453,868130.3187
600548.SH,20260227,1.7012,0.84,18.4208,0.9779,2286608.3704,1544697.8107
920080.BJ,20260227,1.543,0.53,33.0791,4.1127,228665.0,62429.4048
000078.SZ,20260227,3.5434,0.61,,5.0823,926155.3865,924507.2806
603970.SH,20260227,3.259,1.0,21.024,2.4371,377395.3881,377395.3881
300882.SZ,20260227,7.5592,0.92,38.2883,5.1187,670855.5847,624270.5583
300128.SZ,20260227,3.0679,0.84,,14.6561,969140.0974,968096.9096
300491.SZ,20260227,6.5017,1.1,214.348,4.2767,503303.5719,446910.1438
002677.SZ,20260227,3.3359,0.68,286.748,4.2229,623439.8394,516150.2438
688702.SH,20260227,14.099,1.29,,36.2006,8079050.0,3999953.084
603717.SH,20260227,3.0486,0.91,,4.4274,229215.5296,229215.5296
001202.SZ,20260227,6.2538,1.13,41.9636,3.6712,307045.0246,215189.7251
603351.SH,20260227,1.0757,0.78,25.0433,2.1011,369613.3912,369613.3912
600051.SH,20260227,2.0302,0.76,27.2793,0.7485,254299.84,254299.84
002988.SZ,20260227,1.7797,0.55,49.3458,3.3283,891933.7694,891658.0775
600636.SH,20260227,1.7654,1.44,,1.8927,389509.4802,389509.4802
605089.SH,20260227,2.1774,0.66,52.8083,3.1294,383916.0,383916.0
000530.SZ,20260227,4.0668,1.19,55.4172,1.8468,587719.1174,418228.8997
300950.SZ,20260227,2.6861,0.9,53.5917,4.7553,379455.572,225496.7192
002674.SZ,20260227,4.0155,1.12,59.4235,1.7714,425297.8084,420999.0952
300777.SZ,20260227,7.0841,1.91,47.5993,4.416,1975166.2562,1902879.7524
301519.SZ,20260227,4.9559,0.74,,1.7767,251354.6768,117366.1581
301060.SZ,20260227,2.8119,0.95,,2.8203,444974.387,400165.0428
688432.SH,20260227,9.2036,0.96,105.5059,4.8842,2208033.0812,2208033.0812
000990.SZ,20260227,3.3736,0.9,93.4655,0.6052,1081561.4062,1081560.6052
301198.SZ,20260227,13.2499,2.32,,3.0771,281216.0,258842.455
920718.BJ,20260227,1.9555,1.25,20.7442,2.3157,134277.3827,63846.1203
600676.SH,20260227,2.5086,0.93,,1.6375,840278.7352,840278.7352
300686.SZ,20260227,2.8641,1.0,,4.3627,410743.7707,267800.038
688055.SH,20260227,2.2318,0.98,,3.1809,1306666.6928,1306666.6928
002119.SZ,20260227,9.4113,0.8,88.4034,6.0981,885670.24,885670.24
000652.SZ,20260227,1.5638,1.02,133.0185,1.085,621216.5917,620748.6531
300231.SZ,20260227,4.8645,1.41,,3.209,521598.572,521571.7872
688247.SH,20260227,1.1883,0.96,47.2698,3.5938,466033.52,466033.52
605488.SH,20260227,6.0094,0.82,84.4875,7.3592,1129565.6147,1113333.5839
300412.SZ,20260227,4.1616,1.05,96.0701,2.9127,300645.0087,282588.4342
301622.SZ,20260227,4.0463,1.09,51.6848,5.3743,838767.1518,454501.0866
603207.SH,20260227,1.1458,0.84,22.4249,5.0661,478761.14,161948.8
603039.SH,20260227,5.7274,0.9,55.714,5.821,1207483.6481,1207483.6481
601929.SH,20260227,3.6019,0.68,,2.5381,1270282.8932,1270282.8932
002101.SZ,20260227,1.9817,0.86,23.3948,1.0717,837778.4374,835049.5829
688633.SH,20260227,9.921,2.33,30.5233,2.4803,398530.0214,398530.0214
300269.SZ,20260227,9.3702,0.86,144.1496,42.2032,453568.0195,434211.3521
301588.SZ,20260227,6.1606,0.95,64.6184,3.141,293722.2201,181270.5412
601828.SH,20260227,1.1097,0.69,,0.2652,1145294.693,950336.5713
001228.SZ,20260227,3.3204,0.78,36.8442,2.035,341922.2928,262914.2928
600507.SH,20260227,5.0611,1.64,19.7293,1.6683,1672434.8445,1672434.8445
601187.SH,20260227,2.4244,1.79,7.2441,0.6949,1908089.463,1903933.8065
301172.SZ,20260227,11.9098,0.94,153.6507,3.4611,506918.72,290273.5091
600469.SH,20260227,3.4621,0.68,29.6441,1.4684,678206.5267,555841.5637
603708.SH,20260227,2.4561,0.57,52.969,3.5107,792816.6344,792816.6344
600552.SH,20260227,5.48,1.24,90.4903,3.3419,1420688.7686,1420688.7686
603139.SH,20260227,5.4228,0.63,,3.7012,268277.68,268277.68
301222.SZ,20260227,5.7879,0.6,32.1438,2.3261,333303.32,265406.9863
600930.SH,20260227,3.2834,2.3,28.393,2.302,25111999.9998,1944347.7914
300891.SZ,20260227,11.9809,1.62,,3.3621,426408.6996,354361.7571
601616.SH,20260227,11.8485,0.76,245.5821,1.9294,469521.4255,469521.4255
301022.SZ,20260227,3.2369,0.99,78.0803,2.4116,341529.0046,230649.3252
003039.SZ,20260227,5.6125,1.24,38.3012,3.7094,1043606.6537,1043606.6537
002553.SZ,20260227,6.7959,1.2,29.2039,6.2861,1006157.2422,714027.6
920284.BJ,20260227,5.6431,1.08,,12.4562,391479.1697,253160.0088
603286.SH,20260227,4.2846,0.78,,9.2615,779039.3981,765892.8185
600764.SH,20260227,3.4423,0.8,89.2297,2.5327,2080012.2128,2080012.2128
300632.SZ,20260227,3.0323,0.93,181.6121,2.509,448616.9814,325179.5203
002093.SZ,20260227,3.3978,1.24,53.3403,3.0085,1154595.0,1154595.0
300198.SZ,20260227,1.4557,0.5,,156.1013,288833.5912,287340.6231
300183.SZ,20260227,3.0572,1.33,,2.4604,761454.6395,669160.0864
003019.SZ,20260227,1.6082,0.89,31.1427,3.3874,564611.4193,545743.6628
601928.SH,20260227,0.9447,0.48,13.0535,1.2869,2552534.7,2552534.7
002269.SZ,20260227,5.4612,1.16,,26.0644,489937.5,489937.5
603887.SH,20260227,13.5048,2.09,,2.8616,1021643.9274,1010189.1774
002671.SZ,20260227,3.2124,0.79,31.0995,1.8893,336246.1286,328906.4625
000923.SZ,20260227,4.0213,0.89,30.3889,1.5574,1599185.9545,1538358.3173
002427.SZ,20260227,3.7452,0.59,278.2899,7.9935,757797.8055,757238.5187
601799.SH,20260227,2.6749,0.89,27.7319,3.9587,4359753.6134,4359753.6134
300357.SZ,20260227,2.0629,1.08,35.9664,5.4357,1404252.288,1298260.1978
002639.SZ,20260227,9.5051,0.86,393.7296,6.5323,1637144.0152,1378662.3094
688630.SH,20260227,5.557,0.76,90.4223,11.3571,2621640.2484,2621640.2484
301591.SZ,20260227,4.8541,0.57,58.1732,4.6674,418244.64,168793.0607
002947.SZ,20260227,5.807,1.21,22.8944,3.8886,1268236.2132,953543.0471
603015.SH,20260227,3.2776,0.95,131.3022,4.371,609562.252,609562.252
301176.SZ,20260227,12.2694,0.71,,3.1426,476768.0009,158922.6679
301059.SZ,20260227,13.9923,1.18,50.8842,5.7435,350891.772,313826.8055
600768.SH,20260227,7.7608,0.81,111.1302,6.3378,245426.112,245426.112
300051.SZ,20260227,5.7811,0.82,,23.2284,374993.8315,370617.4231
002028.SZ,20260227,3.0016,2.04,52.9566,10.8048,16748844.5097,13068843.574
002965.SZ,20260227,3.0816,0.96,38.5935,2.2515,960411.5192,721706.803
300635.SZ,20260227,3.268,0.89,,5.2679,198259.824,170506.5454
300643.SZ,20260227,12.1183,2.39,29.5164,3.8734,490026.264,489172.9766
300207.SZ,20260227,6.2546,1.55,29.0778,1.9447,4831114.2963,4481684.2911
601995.SH,20260227,1.4629,0.78,17.7887,1.7214,16726445.0476,10130074.5546
603019.SH,20260227,3.5823,1.22,63.8389,6.4341,13487001.2969,13483231.8724
601288.SH,20260227,0.7441,0.69,7.762,0.8306,223989141.6787,204316294.8973
600612.SH,20260227,1.1907,0.68,14.3611,1.7995,2314272.9879,1402893.0031
002248.SZ,20260227,19.0731,1.02,203.6081,47.9758,456938.4616,456938.4616
300376.SZ,20260227,3.0034,0.92,219.4391,2.5388,1699615.5475,1699027.4777
600686.SH,20260227,5.1696,1.05,39.0987,3.9565,1284948.9713,1284948.9713
000623.SZ,20260227,1.1899,0.83,8.8629,0.7502,2275788.9215,2266517.5169
300045.SZ,20260227,5.6881,1.22,,11.1871,1796512.5648,1399725.0201
000518.SZ,20260227,2.0545,1.23,,7.9149,284157.5173,284151.8513
600167.SH,20260227,1.5351,1.23,23.1505,1.482,1606616.7287,1606616.7287
603299.SH,20260227,2.5742,0.75,21.3281,1.4045,1116475.2004,909314.6226
002108.SZ,20260227,4.363,1.28,54.3862,1.6913,849028.0761,848461.5761
300079.SZ,20260227,5.7148,0.63,337.4783,2.1367,901249.7352,809895.1426
603819.SH,20260227,2.7119,0.8,107.3526,3.5215,282613.7827,282613.7827
920656.BJ,20260227,0.9463,0.55,25.1463,2.4834,174700.0,56561.3629
000612.SZ,20260227,6.3679,1.11,18.3399,2.5345,1772800.4989,1771641.7541
301101.SZ,20260227,5.869,2.06,44.393,4.8799,838491.8481,794405.0129
605337.SH,20260227,3.1112,0.51,21.7895,3.1643,467342.5231,467342.5231
300239.SZ,20260227,2.0734,0.89,53.2133,2.1433,362694.4471,360344.4494
601333.SH,20260227,1.3836,0.86,16.7984,0.7791,2195896.47,1752193.47
688678.SH,20260227,5.2119,0.66,322.1423,3.3014,749202.2254,749202.2254
301391.SZ,20260227,5.5254,1.59,351.926,3.5655,740070.3629,723096.6442
300583.SZ,20260227,2.2089,1.05,,1.5983,282276.7635,276989.6019
300636.SZ,20260227,1.8268,0.76,37.2353,1.4813,351919.3528,307845.7392
002952.SZ,20260227,8.0098,0.97,304.188,4.3274,376338.6,301467.1233
601969.SH,20260227,12.1781,1.11,52.3274,3.5099,2471833.0865,2447767.0845
000411.SZ,20260227,2.2012,0.76,14.0496,1.361,692685.1279,450912.6389
603238.SH,20260227,2.2255,0.82,27.2952,2.3039,332474.357,332474.357
603386.SH,20260227,7.7597,0.97,,3.725,507105.2582,507105.2582
300456.SZ,20260227,12.8672,1.17,26.1725,5.8613,3987632.7278,3253707.6788
000657.SZ,20260227,10.6684,0.97,95.5529,15.2838,15088918.3368,9621271.6147
603395.SH,20260227,3.1054,0.61,297.3671,5.773,807560.0,201890.0
688027.SH,20260227,4.9719,0.87,,21.7072,6975107.3388,5450266.4041
603429.SH,20260227,2.4109,0.84,,4.3695,539171.058,539171.058
300917.SZ,20260227,5.8661,0.72,53.267,5.9848,695773.0,695773.0
301266.SZ,20260227,22.0017,1.77,128.2338,3.1964,576292.2027,546697.9298
688399.SH,20260227,3.4747,1.25,,1.8235,541140.3439,541140.3439
603737.SH,20260227,1.2343,0.58,58.0306,13.4083,3860261.0187,3860261.0187
601158.SH,20260227,2.3816,1.47,26.4354,1.2884,2208010.6154,2208010.6154
603897.SH,20260227,19.417,5.54,24.1278,2.6303,632518.9266,632518.9266
600539.SH,20260227,3.622,0.69,,8.4372,268180.0,268180.0
001299.SZ,20260227,7.5664,0.94,33.8073,2.8317,334598.6377,301174.8673
002406.SZ,20260227,5.1163,1.78,48.7488,1.5489,621421.5448,512483.1762
300121.SZ,20260227,2.8646,1.06,37.0391,1.7977,618430.001,596379.8121
003011.SZ,20260227,5.3423,0.73,20.5865,2.0223,285849.984,217399.1245
688334.SH,20260227,6.0176,1.11,31.8461,2.7228,792081.8239,392575.5544
000021.SZ,20260227,10.2939,0.6,52.7627,4.2455,5406580.9819,5405716.4239
688371.SH,20260227,1.5181,1.42,157.0597,3.7376,736026.3491,736026.3491
002404.SZ,20260227,2.4429,0.72,25.1827,2.0509,405477.3157,329989.8575
600057.SH,20260227,1.8652,1.28,11.1657,1.4987,2414500.9382,1778633.6394
000921.SZ,20260227,0.9376,0.56,9.7653,1.9425,3287660.42,2179622.7272
002496.SZ,20260227,2.9428,1.3,,2.2422,296995.1664,219153.0974
601018.SH,20260227,3.2765,1.65,16.0749,1.0287,8307023.8464,8307023.8464
600749.SH,20260227,2.2782,0.7,127.6172,3.4638,372677.3789,372677.3789
002657.SZ,20260227,3.1796,0.98,,5.4665,950445.326,939438.7418
001259.SZ,20260227,4.3775,0.55,546.1568,3.7452,267495.6079,172824.2539
000981.SZ,20260227,11.4778,1.16,,29.4574,4958745.5604,4718624.6221
301032.SZ,20260227,6.0998,1.03,36.807,2.7947,337104.4932,223502.1395
000408.SZ,20260227,2.2336,0.97,39.0692,8.9535,13529065.0189,13528916.3929
600117.SH,20260227,3.5572,1.06,,2.4519,986299.8017,986299.8017
000601.SZ,20260227,12.2788,2.32,114.9312,1.4922,602418.3214,594032.2294
600919.SH,20260227,0.6187,0.99,5.5552,0.7627,18993620.8192,18993620.8192
300980.SZ,20260227,3.0148,0.88,105.09,3.3813,476324.9331,339277.9956
605266.SH,20260227,1.578,1.05,24.7701,1.2064,316813.0024,316813.0024
603326.SH,20260227,4.4457,1.03,17.8178,2.7758,318219.3992,318219.3992
688236.SH,20260227,3.0405,0.82,33.6153,2.9555,858426.303,645501.864
002241.SZ,20260227,2.8954,1.08,33.1478,2.7391,9637062.9252,8530353.5234
603092.SH,20260227,6.0803,1.14,36.1211,5.3285,2824000.706,236174.3676
300775.SZ,20260227,18.344,1.61,55.3942,4.324,2529672.9704,2455919.6878
300043.SZ,20260227,4.5016,0.54,193.4329,4.635,796286.9766,795865.2806
603685.SH,20260227,4.1195,0.63,334.722,3.657,722235.7347,579818.4199
688526.SH,20260227,1.4884,0.91,17.0002,1.8726,781230.6219,781230.6219
000301.SZ,20260227,1.568,1.09,,2.5753,8607821.8727,8604339.58
920002.BJ,20260227,1.9208,0.61,73.5076,6.4691,460717.551,317666.8733
002164.SZ,20260227,5.3384,1.11,121.201,5.216,747171.8594,673604.4061
301077.SZ,20260227,4.8738,1.04,35.2126,4.6132,528265.1907,296320.5657
300248.SZ,20260227,2.8642,0.86,65.34,2.9446,624969.0916,536756.399
605298.SH,20260227,2.2686,0.85,107.2373,7.9106,825600.75,818573.145
603948.SH,20260227,5.1077,0.84,22.298,2.3206,487142.5227,487142.5227
002796.SZ,20260227,13.9099,0.93,1013.7651,15.422,1320383.8719,1191369.3181
600655.SH,20260227,0.6874,0.7,,0.5792,1996831.094,1995491.138
600307.SH,20260227,6.1197,1.06,,1.8302,1246408.1274,1246408.1274
600381.SH,20260227,1.6905,0.89,,1.7104,176118.2223,176118.2223
600602.SH,20260227,18.8765,1.75,159.1394,6.2612,3018455.3152,2370986.6989
002707.SZ,20260227,3.6322,0.81,151.272,8.0687,747846.1401,627982.6982
000603.SZ,20260227,9.3068,1.09,69.8741,10.9043,3587840.5992,3466925.0668
301002.SZ,20260227,11.1482,0.87,,5.9984,633932.5132,399260.3568
000042.SZ,20260227,1.1374,0.53,,1.8272,602337.0119,601702.869
601069.SH,20260227,12.5068,1.24,72.2732,7.255,3303282.82,3216945.2943
002205.SZ,20260227,3.0192,0.69,,7.6695,275977.1936,275977.1936
301066.SZ,20260227,4.664,0.52,143.4788,3.1626,392556.5185,389537.9556
301238.SZ,20260227,3.5578,1.02,297.1468,2.1945,1572999.9285,1572999.9285
600980.SH,20260227,11.4342,0.83,46.0432,3.5291,511011.5202,507046.0032
600252.SH,20260227,1.7224,1.02,,1.4432,834250.7243,834250.7243
002136.SZ,20260227,19.243,1.33,,2.77,312639.08,311818.675
300199.SZ,20260227,2.2033,0.95,,24.9536,1619864.6102,1367609.8477
603080.SH,20260227,3.4484,1.05,19.0608,2.2979,350071.0,350071.0
002827.SZ,20260227,2.019,0.74,51.7116,9.5511,1017312.912,1013472.0
688433.SH,20260227,5.6416,1.11,1139.9769,21.8805,4328063.96,2111990.144
603868.SH,20260227,1.8076,0.8,34.9641,4.8131,1574694.0,1574694.0
603506.SH,20260227,3.1651,0.82,22.5562,2.098,261762.2239,261762.2239
688358.SH,20260227,3.4097,0.94,28.3164,2.8186,385151.4807,384636.2307
605277.SH,20260227,7.099,0.77,40.1569,5.2321,844960.3102,829695.5141
605167.SH,20260227,1.8361,0.76,36.8855,4.0726,804733.44,804733.44
603650.SH,20260227,6.9624,0.87,64.8332,9.3533,3710202.2074,3700358.7425
920469.BJ,20260227,1.6967,0.92,,3.3477,152926.41,112241.2558
300804.SZ,20260227,26.8724,1.08,85.0929,2.8665,390054.0,144952.5
601696.SH,20260227,2.5509,0.68,36.1435,2.1319,3975318.0,3975318.0
001356.SZ,20260227,1.4661,0.65,55.4307,3.6319,741364.56,252413.6115
002582.SZ,20260227,3.9984,0.58,,1.7032,531876.9745,408959.7372
001298.SZ,20260227,3.431,1.17,192.2691,5.847,941700.5057,522227.7608
688510.SH,20260227,5.9276,1.08,108.393,10.1067,1210153.9211,1210153.9211
301528.SZ,20260227,2.7465,0.79,72.9249,2.8741,439366.2,226070.9948
301167.SZ,20260227,2.3638,0.84,93.9785,2.2142,208768.0,132563.7581
001286.SZ,20260227,4.9996,1.69,13.6521,1.5267,3997500.0,1119300.0
600203.SH,20260227,3.0774,0.84,,4.3576,755466.8165,755466.8165
000852.SZ,20260227,7.3015,1.41,416.0246,2.554,801100.9234,792529.1027
301196.SZ,20260227,11.5165,0.86,44.1268,3.6134,1169302.4799,764783.7922
300026.SZ,20260227,2.032,1.09,,1.2832,1108533.1349,1010517.0084
002973.SZ,20260227,5.0614,2.81,32.3599,2.5295,637109.7842,485679.0132
688210.SH,20260227,5.4363,1.09,341.7282,7.3771,968239.5031,968239.5031
300932.SZ,20260227,15.9889,1.09,62.7404,2.6725,468952.3571,334010.9141
688807.SH,20260227,23.3586,1.14,219.7168,11.1784,1944960.0,365546.8687
300586.SZ,20260227,4.9316,1.09,,4.1784,783760.7428,589125.3077
688107.SH,20260227,11.0417,1.48,,13.082,1340440.2832,1340440.2832
002767.SZ,20260227,4.109,0.64,95.6788,4.2194,359100.0,311695.2593
603863.SH,20260227,4.5975,0.75,,11.2407,409300.0,409300.0
002139.SZ,20260227,1.33,0.82,30.6351,2.3384,1653303.1941,1420159.1857
688297.SH,20260227,2.152,0.8,380.0428,5.8789,3366225.0,3366225.0
300503.SZ,20260227,7.4786,0.97,132.5214,12.1884,1638533.5891,1281023.6263
920060.BJ,20260227,11.3524,1.94,42.42,5.2493,551618.0374,344022.4588
300817.SZ,20260227,2.2835,0.94,71.7722,4.5307,461482.4794,264802.2888
300955.SZ,20260227,5.9608,1.62,,4.0223,353001.6,353001.6
002060.SZ,20260227,2.4569,1.05,13.6696,1.0731,1479230.9373,615748.976
002877.SZ,20260227,4.9687,1.19,583.51,2.8697,348015.1337,235223.3297
301600.SZ,20260227,2.586,0.91,74.3967,10.8914,1312919.6835,405199.0185
002250.SZ,20260227,4.5462,1.42,43.8692,2.5778,1695361.1408,1686134.3243
000503.SZ,20260227,1.3427,0.72,,7.1617,899933.0218,899917.3988
002492.SZ,20260227,4.1047,0.55,59.0442,2.1239,367335.0,360836.0956
301086.SZ,20260227,4.7427,0.75,145.418,6.123,1182960.0,622214.7861
688411.SH,20260227,2.676,0.82,41.1194,8.7828,3935201.0427,2896880.5049
688095.SH,20260227,6.0776,0.96,288.1438,3.023,793000.6683,793000.6683
300860.SZ,20260227,3.3574,0.6,186.5142,1.7361,529169.6302,307242.6805
301510.SZ,20260227,2.4294,0.71,233.678,10.8863,1533638.34,1070296.6028
000537.SZ,20260227,5.3306,1.63,20.6994,0.9339,1859942.1168,1859942.1168
600312.SH,20260227,3.7103,0.87,26.9495,2.7826,3095137.5058,3095137.5058
002786.SZ,20260227,1.4053,0.77,,18.4838,424243.872,422959.872
000421.SZ,20260227,3.3702,0.89,23.1084,1.4494,407260.7554,407176.0746
605108.SH,20260227,2.7463,0.65,106.139,2.2278,497640.0,497640.0
605178.SH,20260227,12.0516,1.24,,5.5942,683751.08,683751.08
600433.SH,20260227,2.9089,0.68,328.2739,1.4326,637101.6408,637101.6408
300591.SZ,20260227,2.7187,0.61,,13.3347,338737.6038,292621.4305
300057.SZ,20260227,15.8875,2.38,,1.1395,590714.2222,477146.3996
002769.SZ,20260227,3.3995,0.81,,3.7488,443501.8482,443136.1532
600609.SH,20260227,1.4259,1.09,22.47,3.8599,607924.288,607924.288
920717.BJ,20260227,1.3826,0.68,186.3142,2.1972,123969.08,47866.68
600075.SH,20260227,4.0542,1.21,172.2226,1.2613,1128567.4619,1128567.4619
002377.SZ,20260227,3.8559,0.82,,7.5735,335375.0236,319279.5953
002911.SZ,20260227,2.8645,0.66,19.6962,4.4405,1970962.4214,1923363.687
300349.SZ,20260227,5.7979,0.88,27.174,1.6486,731792.151,648640.1678
300482.SZ,20260227,1.2936,0.67,36.6266,1.7619,950212.3653,873709.1093
002557.SZ,20260227,1.6423,0.72,29.8651,2.2509,1168525.482,1166026.6972
603406.SH,20260227,2.0029,0.72,34.3885,3.4928,1557638.94,142763.9424
300053.SZ,20260227,6.3562,0.97,,8.2727,1407686.1325,1314654.2346
001258.SZ,20260227,5.265,1.12,140.4924,2.4692,749466.6672,749458.838
603628.SH,20260227,8.2611,1.45,44.2356,3.0188,405012.7218,403629.5277
600459.SH,20260227,15.4867,2.0,30.9397,2.6511,1964101.4207,1963840.6769
600962.SH,20260227,2.1839,0.95,100.9751,6.0963,574764.32,574764.32
601985.SH,20260227,1.7272,1.4,22.3342,1.5216,17523937.767,16088558.7067
600642.SH,20260227,2.2577,1.82,10.5305,1.1406,4189331.9459,4189104.0615
600295.SH,20260227,4.2631,1.55,26.6694,2.3261,4886663.3395,3449356.1395
600444.SH,20260227,4.2648,0.95,49.8201,3.8712,291526.0666,291526.0666
605100.SH,20260227,3.2476,1.31,220.6328,4.2321,747626.67,744132.228
301399.SZ,20260227,7.9365,0.76,101.2223,3.0352,397978.02,117624.3935
600606.SH,20260227,2.2378,0.71,,0.417,2389217.1134,2389217.1134
300320.SZ,20260227,4.7707,1.28,33.3203,2.8614,705848.9402,570314.8185
003036.SZ,20260227,12.0559,0.62,81.8049,2.9552,408752.1087,408741.6192
301233.SZ,20260227,4.3468,1.43,32.9847,2.9755,287357.01,157332.4294
300313.SZ,20260227,1.9822,0.46,,52.3565,180074.0245,148211.9445
605118.SH,20260227,8.6186,1.47,65.916,12.1906,1816424.448,1797824.256
300890.SZ,20260227,2.6612,0.81,287.0026,1.8288,375778.8135,343292.1877
301309.SZ,20260227,3.1303,0.92,26.4269,1.9272,311757.1744,79182.1744
002436.SZ,20260227,7.7211,0.93,,8.1858,4414052.2431,3922761.3738
301290.SZ,20260227,2.1095,0.9,,1.368,291704.7486,198491.8208
002173.SZ,20260227,19.4247,1.59,,7.6788,1367540.2068,1290127.4689
600025.SH,20260227,1.5162,1.38,20.2739,2.5411,17457335.3188,16866000.0
688132.SH,20260227,2.1203,0.69,,2.2329,307951.5877,219486.8375
688259.SH,20260227,6.5912,1.21,63.137,3.2218,500416.0,500416.0
301316.SZ,20260227,11.2313,2.18,198.0644,18.2583,2010304.0,1990449.76
601116.SH,20260227,6.7041,0.56,63.7661,2.6962,866974.9072,866974.9072
605016.SH,20260227,4.0251,1.12,28.8786,5.3955,1056330.9848,1056330.9848
600148.SH,20260227,3.0605,0.75,311.7303,6.2076,294778.7654,294778.7654
002352.SZ,20260227,1.4872,1.28,17.5705,1.9427,19084322.9589,18071634.7184
688312.SH,20260227,10.2549,0.92,53.2211,4.7905,731042.6482,731042.6482
300577.SZ,20260227,0.9752,0.98,15.1025,2.3815,510611.3699,302668.84
000912.SZ,20260227,3.2692,1.01,,1.2078,762048.0,762048.0
600094.SH,20260227,1.1571,0.72,,1.0836,1111326.1215,1016337.9161
002778.SZ,20260227,3.31,0.91,,9.152,289053.3961,285984.3906
300894.SZ,20260227,2.0302,0.89,,4.3717,472912.3586,342298.9874
000011.SZ,20260227,2.4831,0.72,,1.5612,529825.4128,468036.7577
600941.SH,20260227,0.7169,0.66,14.2946,1.4943,204191722.7546,8514003.7537
002918.SZ,20260227,4.3281,1.26,98.5075,1.9524,639781.9831,333484.1755
002592.SZ,20260227,2.6418,0.74,25.2864,3.0697,283897.8193,263241.8027
002396.SZ,20260227,5.3085,1.22,37.4612,2.6382,1821511.7548,1814001.6646
300304.SZ,20260227,6.5366,1.29,30.6585,3.8854,1303165.2775,1268101.0525
300935.SZ,20260227,5.6717,0.77,,3.7525,297547.3273,225785.1116
920932.BJ,20260227,1.6152,1.03,163.4451,2.9464,205538.5329,169372.4478
301107.SZ,20260227,4.5708,0.96,40.469,3.4275,325792.0397,189513.3237
300877.SZ,20260227,5.0083,0.75,43.0081,2.3763,396360.0,396356.5319
600822.SH,20260227,2.5431,0.98,226.6894,4.529,554993.6908,443289.5091
000637.SZ,20260227,3.7819,0.79,,4.6194,256298.5505,179740.4321
688513.SH,20260227,1.2768,0.81,43.882,3.6957,1059193.536,1059193.536
688556.SH,20260227,12.1151,1.06,,3.6682,1446377.4191,1446377.4191
603277.SH,20260227,0.5207,0.8,18.8388,3.7857,996033.972,989617.7986
001965.SZ,20260227,0.7576,1.37,12.7257,0.9897,6584447.0472,6584447.0472
600120.SH,20260227,5.6368,1.39,17.2594,1.3986,2274644.0737,2274644.0737
688175.SH,20260227,3.2857,0.86,,2.9218,508474.444,508474.444
603098.SH,20260227,4.7601,1.72,87.5427,2.9701,839233.4658,837833.9658
600603.SH,20260227,2.9819,1.24,21.0821,1.1694,854423.6721,854423.6721
000925.SZ,20260227,1.97,0.79,88.5846,1.7528,578972.5984,576297.1276
603360.SH,20260227,2.2595,0.69,93.692,13.4377,2024036.9924,2024036.9924
002928.SZ,20260227,1.6893,0.65,24.1475,3.5176,1403509.2219,1403502.2222
688515.SH,20260227,4.1394,0.8,,6.8883,1034240.0,644065.2032
000875.SZ,20260227,7.1574,1.34,61.4159,1.6544,2876425.6064,2650527.0595
600521.SH,20260227,1.3591,0.95,51.1485,2.5827,2394106.1655,2394106.1655
300215.SZ,20260227,17.4428,0.73,,3.8807,761079.694,507868.3223
001306.SZ,20260227,7.9558,1.06,129.0575,3.8172,511478.1828,126139.0
300884.SZ,20260227,5.4859,1.15,,3.2074,405672.7864,305872.9978
688488.SH,20260227,2.7308,0.91,,7.1157,686296.7598,686296.7598
002663.SZ,20260227,3.7538,1.1,,1.653,391200.2008,293486.511
600221.SH,20260227,1.8738,1.18,,13.6507,7346657.531,7283737.5386
002572.SZ,20260227,2.8,1.34,11.8372,1.858,1338635.558,905534.4318
002112.SZ,20260227,30.1802,0.84,88.1639,8.346,726798.3978,647598.5681
600187.SH,20260227,2.2075,0.68,195.1479,1.1313,359873.186,359873.186
002759.SZ,20260227,7.8282,0.55,,6.1417,1906256.6642,1904581.8376
000716.SZ,20260227,1.9609,0.82,106.9405,1.7972,457753.5024,449180.8769
603519.SH,20260227,1.5381,0.66,21.5903,3.0298,360341.5662,360341.5662
300925.SZ,20260227,5.6294,1.69,88.9127,4.2959,942730.9701,768651.9025
300153.SZ,20260227,26.6491,2.75,259.9753,13.7718,1251520.0,1244989.0915
688035.SH,20260227,19.7086,0.91,94.5808,4.3874,1009477.28,1009477.28
301025.SZ,20260227,30.257,0.75,839.9826,8.3634,517600.0542,358355.9068
002083.SZ,20260227,7.3885,0.99,35.9181,2.4154,1103781.088,1103415.547
301311.SZ,20260227,6.5965,0.5,,2.6825,480000.0,480000.0
600335.SH,20260227,3.5472,1.41,23.721,0.8657,999186.8463,999186.8463
301293.SZ,20260227,7.527,0.81,189.2934,6.8114,1592073.4225,1243949.2535
300537.SZ,20260227,6.8121,0.79,,6.0756,548609.2154,400857.7214
300658.SZ,20260227,24.9202,0.95,199.9203,5.4451,731082.7387,495454.2888
002733.SZ,20260227,9.7715,1.64,100.3738,3.0958,850651.8174,816662.1484
688071.SH,20260227,5.7115,0.72,,3.3794,357812.6353,357812.6353
601665.SH,20260227,0.874,0.82,6.1393,0.7406,3507690.2393,3507690.2393
300523.SZ,20260227,2.4281,0.55,,5.3945,569962.2131,569278.227
603197.SH,20260227,2.2009,0.77,31.3585,2.5164,790114.1031,790114.1031
000977.SZ,20260227,5.5009,0.99,37.8321,4.5009,9380628.8721,9370121.564
300795.SZ,20260227,1.7291,0.63,33.609,7.3248,408886.8142,237026.7936
601006.SH,20260227,0.9816,0.97,15.4279,0.6235,10275060.6352,10275060.6352
603828.SH,20260227,1.458,0.75,,6.7243,433263.0349,433248.1074
603955.SH,20260227,1.8485,1.16,,2.6215,400374.0,400374.0
002763.SZ,20260227,2.6023,0.85,42.5989,1.7856,333268.212,246826.1496
603711.SH,20260227,2.9232,0.87,37.8851,1.6777,554077.0422,554077.0422
600982.SH,20260227,6.2703,1.54,16.998,1.2717,559931.37,559931.37
300921.SZ,20260227,23.1984,0.93,153.0648,6.4329,532828.9148,332518.3932
920275.BJ,20260227,1.5973,0.94,313.6032,6.1164,142802.3296,118195.4108
300953.SZ,20260227,5.3729,1.36,57.4276,6.6256,2833932.2136,2034782.2324
600246.SH,20260227,3.6668,1.08,,4.3318,2415133.4327,2349782.7077
600739.SH,20260227,1.1255,0.83,21.5772,0.6328,1861656.8461,1861656.8461
300790.SZ,20260227,2.5777,0.79,42.3124,3.9156,1007876.5348,874535.744
300054.SZ,20260227,3.0567,1.03,65.6218,8.7933,4355917.6772,3389174.9441
688049.SH,20260227,4.0025,0.98,47.8695,4.7871,979362.3312,979362.3312
301069.SZ,20260227,3.2128,0.8,98.8655,5.3667,1181425.215,1112600.415
688130.SH,20260227,3.2613,0.96,,2.3865,297512.9823,148361.6163
688319.SH,20260227,1.2587,0.55,173.754,11.6526,1115699.475,1114875.575
688395.SH,20260227,3.5683,1.72,65.56,3.0864,240481.8684,240481.8684
600963.SH,20260227,4.1987,0.71,25.1311,1.3335,1065086.1195,1065086.1195
600599.SH,20260227,5.4888,0.82,,8.1046,93956.0,93956.0
688720.SH,20260227,5.731,1.06,132.4184,6.489,668226.9384,427505.9294
600284.SH,20260227,1.9594,1.07,20.738,0.9898,773294.032,773294.032
000651.SZ,20260227,1.1382,1.24,6.6206,1.5109,20977264.5,20654257.561
300931.SZ,20260227,6.1012,0.71,,5.0431,322996.37,248791.9641
002809.SZ,20260227,14.4129,0.85,1177.8124,1.8724,291601.9051,191705.2654
688103.SH,20260227,1.8853,0.91,102.2195,5.4227,608971.0553,608971.0553
600826.SH,20260227,1.7102,0.84,30.9075,2.0772,882640.2588,882640.2588
002182.SZ,20260227,5.2134,1.05,231.6103,4.0194,2161113.794,1885951.6525
001209.SZ,20260227,49.7516,2.03,167.0922,3.3289,427711.8854,312499.7563
601200.SH,20260227,2.6124,1.36,19.7371,1.0126,1173912.7789,1173912.7789
300866.SZ,20260227,2.3324,1.8,20.1441,5.2465,5188409.414,2975001.9486
000729.SZ,20260227,3.7351,2.0,23.6765,2.3385,3641552.8286,3242411.8138
000538.SZ,20260227,0.7607,0.96,19.233,2.517,10000791.8898,9936511.009
002134.SZ,20260227,3.3822,0.85,332.5758,11.6705,600081.0861,599709.8719
002390.SZ,20260227,1.9198,0.82,85.1981,0.9735,657021.9314,651602.5631
300708.SZ,20260227,9.6256,1.15,48.1492,3.5688,1006517.0344,761135.2803
301171.SZ,20260227,9.9597,0.8,110.8748,7.1214,2665683.4773,2151641.6842
301662.SZ,20260227,6.7469,0.75,118.2915,10.3158,1488000.0,309277.4892
001309.SZ,20260227,6.1206,0.98,,23.7027,5806114.6165,4117619.5307
603416.SH,20260227,2.8246,1.03,37.627,3.4699,882176.2857,781721.43
000550.SZ,20260227,2.5185,0.9,13.544,1.3751,1609030.896,966415.3302
300173.SZ,20260227,2.6026,0.97,63.4307,3.7093,358546.1406,358546.1406
002455.SZ,20260227,28.7323,0.84,792.167,4.8967,853355.0926,745613.8406
600512.SH,20260227,1.709,0.82,148.2643,0.6441,404827.9887,403200.9114
601877.SH,20260227,3.2795,1.1,15.5849,1.6244,7100193.4967,7100193.4967
600126.SH,20260227,17.0886,1.63,,1.7214,3356925.9485,3356925.9485
300151.SZ,20260227,6.519,1.15,149.9928,6.6703,1035197.1597,716422.5416
000726.SZ,20260227,1.8464,0.86,10.1193,0.6589,632595.5561,455977.1679
002813.SZ,20260227,3.4519,0.68,,13.8277,345120.0,344706.0717
002274.SZ,20260227,2.4092,0.8,,1.1467,622846.4785,613353.331
601228.SH,20260227,3.1594,1.22,30.3039,1.2758,2708486.755,2708486.755
601326.SH,20260227,2.7757,0.98,12.4072,0.989,2005880.908,1707963.681
300587.SZ,20260227,4.7055,1.01,,3.6789,881524.5132,714265.57
688070.SH,20260227,4.5565,0.82,,8.6976,523728.4,523728.4
002997.SZ,20260227,1.9178,0.9,16.253,3.0257,735764.4574,735764.4574
002170.SZ,20260227,6.9471,0.77,15.8874,4.0335,1416668.817,1148639.0646
300075.SZ,20260227,1.7704,1.01,,2.6731,931695.237,773157.714
000820.SZ,20260227,0.9358,0.29,,15.2859,227587.423,104532.3407
000901.SZ,20260227,7.2045,1.06,182.99,4.9966,2159134.8032,2159113.0956
300264.SZ,20260227,17.8056,0.91,,464.038,451538.6789,388209.5427
688456.SH,20260227,6.7742,0.94,100.6757,5.6318,713906.42,713906.42
300796.SZ,20260227,8.4184,1.32,,2.1752,374144.0154,374144.0154
688506.SH,20260227,2.6692,1.59,,15.2347,10924641.1978,10610460.0
605007.SH,20260227,26.252,0.92,35.866,2.2576,774012.7149,653326.8124
601678.SH,20260227,4.2825,0.85,51.8996,1.0096,1153885.1508,1146311.6508
002235.SZ,20260227,8.7661,0.71,2905.5131,8.0432,604493.8922,577382.169
002688.SZ,20260227,2.1043,0.86,38.6717,2.0658,485358.0363,470154.6151
300506.SZ,20260227,2.074,1.02,,,792631.6924,408491.2612
002368.SZ,20260227,1.4981,0.81,62.8231,2.7059,1403516.8561,1397207.7294
603458.SH,20260227,4.192,1.6,,1.1388,325104.2339,325104.2339
600990.SH,20260227,3.1356,0.86,,4.0791,735155.5681,729562.4316
603517.SH,20260227,1.2029,0.79,111.9153,1.2086,771440.4645,771440.4645
600115.SH,20260227,1.7438,0.93,,7.8874,12656273.1119,9755304.8837
600589.SH,20260227,41.6046,1.19,442.9575,27.223,1936009.5366,1927924.7366
603222.SH,20260227,11.3333,4.11,,3.5133,491484.8156,491484.8156
000937.SZ,20260227,2.8871,1.12,50.716,1.0679,2035322.9856,1977636.8028
002838.SZ,20260227,2.501,1.01,80.4915,3.8955,1395009.7402,1226562.1072
688262.SH,20260227,6.0725,0.64,,6.981,1371887.6448,1371887.6448
300733.SZ,20260227,2.0885,0.96,62.76,3.2755,559998.945,413086.655
002507.SZ,20260227,1.8688,1.0,19.1469,1.7732,1534712.3072,1528056.305
002333.SZ,20260227,4.9672,0.91,81.9251,2.1546,412379.0528,407237.2819
000534.SZ,20260227,7.7624,1.24,95.2437,13.6272,2132460.5395,2092376.191
003042.SZ,20260227,7.9331,0.68,,2.0447,268432.32,239957.0636
002475.SZ,20260227,2.8047,1.21,23.1452,4.6562,36590214.4603,36506287.7756
600361.SH,20260227,3.6333,1.28,19.4056,1.6155,1802914.6382,1802914.6382
603100.SH,20260227,3.379,1.48,20.3623,2.8519,1283959.2864,1279870.9933
300865.SZ,20260227,3.2708,1.12,,3.3282,289527.68,170216.8514
300096.SZ,20260227,1.0244,0.83,56.4835,10.0937,353890.0,353890.0
600038.SH,20260227,2.663,0.95,55.6095,1.8414,3177086.2004,2592123.9814
600128.SH,20260227,4.8714,0.86,66.5815,1.4284,310847.8945,304757.8625
603698.SH,20260227,17.4473,0.94,95.3522,5.4174,1870069.11,1870069.11
920166.BJ,20260227,25.2097,1.24,27.7168,3.8921,237854.1188,75072.7094
002730.SZ,20260227,13.5195,2.1,67.2668,3.9366,641243.4675,612818.9175
002284.SZ,20260227,2.7955,0.8,32.2138,3.8691,1237993.0829,1224783.7398
002537.SZ,20260227,6.4387,1.06,54.1848,2.6346,1114141.891,1109570.558
600593.SH,20260227,6.8323,1.09,,20.5482,496604.115,490341.6
000809.SZ,20260227,2.0973,0.91,,1.0809,288676.9526,288676.9526
601882.SH,20260227,4.6862,0.94,24.6822,3.9483,1127520.0,1127520.0
000564.SZ,20260227,1.1647,0.72,,2.6504,4171412.6348,3399168.9464
000617.SZ,20260227,2.6098,1.2,26.6817,1.1031,11491649.8828,11491649.8828
002578.SZ,20260227,7.3854,1.06,,2.8993,440217.5558,403885.2411
300396.SZ,20260227,1.7272,0.76,,1.9304,365963.6161,365413.4068
300936.SZ,20260227,6.5055,1.06,,3.3472,334640.0,211198.2238
002268.SZ,20260227,3.6362,1.1,107.6251,3.1613,1701419.799,1700739.3909
688507.SH,20260227,6.1259,1.61,285.2908,3.2138,917820.4752,507128.019
001316.SZ,20260227,9.5832,0.96,43.673,4.7001,587433.9883,567921.2134
603838.SH,20260227,2.5578,2.49,,2.7595,258252.912,258252.912
002519.SZ,20260227,23.4189,0.74,,4.8095,1105028.7109,1097528.5372
603529.SH,20260227,1.0641,0.63,10.8744,2.6758,2546544.9111,2483352.0658
000900.SZ,20260227,2.3602,1.46,17.9805,0.5943,661773.1536,661743.7236
600958.SH,20260227,1.1031,0.92,16.6523,1.1025,8590108.3902,7551647.1755
601156.SH,20260227,1.3879,1.45,11.5242,1.586,3021118.2231,1797565.3431
600770.SH,20260227,4.5517,0.92,177.7031,2.5327,868400.0,868400.0
600097.SH,20260227,4.1164,0.59,28.5019,1.2944,300206.9525,300206.9525
688089.SH,20260227,1.8798,0.78,19.701,2.0535,334261.9123,334261.9123
603813.SH,20260227,1.9532,0.72,,6.4705,352955.415,352955.415
300174.SZ,20260227,3.7034,1.1,25.8652,1.8503,633726.0264,630218.5327
688007.SH,20260227,2.523,1.59,,3.0678,791917.7391,791917.7391
002416.SZ,20260227,5.0421,1.05,45.081,3.0474,1774651.5462,1752630.9633
000953.SZ,20260227,3.8156,0.54,347.7079,17.8148,274591.6463,274591.6463
301428.SZ,20260227,9.6869,1.01,79.8388,2.7536,350365.3345,217309.3645
300258.SZ,20260227,7.8319,0.43,67.1442,1.9289,909748.4629,886180.4086
001255.SZ,20260227,9.7271,0.91,449.7575,4.0859,361557.0636,294882.4
300978.SZ,20260227,2.953,0.75,36.8841,3.3069,537255.1813,243039.8333
688786.SH,20260227,14.7186,3.33,70.329,7.1012,530190.6111,530190.6111
600711.SH,20260227,4.7015,0.73,25.9858,3.116,5213861.6865,5213861.6865
603719.SH,20260227,1.1589,0.46,,2.2343,451526.0,451526.0
300730.SZ,20260227,4.7273,1.32,,13.3234,333977.4416,267746.9244
000100.SZ,20260227,3.5661,1.45,33.5043,1.6967,10338028.6362,9508597.3646
300272.SZ,20260227,3.3904,0.9,51.1688,3.4478,484895.2913,368326.3079
600239.SH,20260227,1.436,0.55,,3.0171,386970.5451,386970.5451
000759.SZ,20260227,3.2786,0.82,,3.7775,457762.3407,453092.8633
000539.SZ,20260227,5.4592,1.58,330.1536,1.1426,2677644.8329,1303247.3185
002818.SZ,20260227,1.876,0.93,14.0073,1.5795,870457.7472,346989.4131
000548.SZ,20260227,1.8812,0.78,63.1661,1.405,290543.602,290519.2674
301211.SZ,20260227,2.3889,0.77,141.5586,2.3696,535363.2,535363.2
688326.SH,20260227,3.697,0.86,166.8901,4.2154,1661182.296,1545967.9686
605222.SH,20260227,3.9375,1.32,61.0172,1.9459,907561.0094,907561.0094
688536.SH,20260227,3.0393,0.91,140.9181,3.9612,2437766.8368,2398002.6508
000505.SZ,20260227,3.1922,0.74,,1.6743,515407.728,448357.6582
688203.SH,20260227,2.2054,0.77,406.1338,1.9182,282533.2268,282533.2268
300722.SZ,20260227,4.1845,0.94,149.3931,14.4971,920492.0525,920492.0525
688981.SH,20260227,1.552,0.9,182.525,6.0983,92005986.739,22994969.3135
300584.SZ,20260227,6.7938,1.3,120.0011,5.1504,537360.0,367691.9206
003040.SZ,20260227,3.7665,1.27,1463.9223,6.1364,859557.4518,851568.8809
688032.SH,20260227,2.6558,1.23,337.4971,2.2851,1332798.0204,1332798.0204
605128.SH,20260227,2.419,1.37,53.081,3.956,823440.9534,823440.9534
000983.SZ,20260227,3.187,1.25,24.5695,1.1417,4166992.1773,4166966.6158
688338.SH,20260227,3.0591,0.8,40.6941,2.1016,354621.7584,354621.7584
002638.SZ,20260227,3.6828,0.76,,2.2171,456837.003,430152.9584
301195.SZ,20260227,3.1871,1.06,28.8709,1.9823,478092.8208,317518.6237
002081.SZ,20260227,1.5837,0.73,21.4808,0.7156,982469.7649,978503.8089
300423.SZ,20260227,26.7988,3.47,,3.8231,515421.6964,345361.4604
603102.SH,20260227,1.32,0.89,23.4779,1.7545,285568.0,285568.0
300359.SZ,20260227,3.4715,1.28,,6.7607,371133.3853,371114.7944
002452.SZ,20260227,7.0597,1.19,25.1288,2.6665,687948.2823,572138.4121
688088.SH,20260227,3.5357,1.14,76.8542,7.2278,1980578.2648,1980578.2648
002853.SZ,20260227,3.595,0.76,,6.0203,561003.2125,394737.6676
920086.BJ,20260227,8.3846,1.92,31.4621,3.4509,287189.76,91787.124
002044.SZ,20260227,5.0468,0.75,88.5392,3.4648,2739977.7461,2711959.3389
000151.SZ,20260227,1.6166,0.69,,13.9262,463547.3803,423102.2709
600196.SH,20260227,1.027,0.8,21.5422,1.4723,7071296.8526,5609758.4086
002329.SZ,20260227,2.1988,0.63,,3.5769,319643.1302,249749.3468
600757.SH,20260227,1.1854,0.57,9.9801,1.1252,1112917.3003,1112776.8435
301598.SZ,20260227,3.7848,1.24,34.7497,4.2144,398734.1997,118798.0847
002949.SZ,20260227,19.639,1.48,37.2364,2.1676,312886.0069,242404.1332
601816.SH,20260227,0.7305,1.29,18.5505,1.1956,24218211.2882,24218211.2882
688329.SH,20260227,2.8711,0.66,390.6054,2.6314,204425.6,204425.6
603050.SH,20260227,3.3066,0.88,35.727,4.8076,879639.1599,879639.1599
603311.SH,20260227,3.8152,0.62,42.562,2.8096,386141.9558,386141.9558
603355.SH,20260227,1.5378,0.73,18.3193,3.2619,1782115.172,1782115.172
000615.SZ,20260227,1.1225,0.74,,,580935.1252,300727.8294
002420.SZ,20260227,4.5202,0.87,57.7153,5.7303,352886.82,342821.9223
300154.SZ,20260227,2.5201,0.86,40.5237,2.3613,421682.7785,295550.8096
300719.SZ,20260227,13.639,0.59,546.4047,4.7953,497522.5326,351516.5983
301308.SZ,20260227,5.1481,0.65,186.8423,16.2428,12226467.4384,8004077.2972
688549.SH,20260227,8.7518,1.03,,5.2837,1586594.424,632928.606
600228.SH,20260227,2.3966,1.04,,5.8528,241670.0077,241301.5627
605598.SH,20260227,5.4175,0.8,211.7056,7.3215,1330541.361,1322011.441
001201.SZ,20260227,2.4819,1.19,169.2973,1.136,385902.6495,304092.5725
600376.SH,20260227,4.5023,0.73,,2.235,1457454.3617,1457454.3617
600463.SH,20260227,3.4108,0.72,,3.8893,357600.0,357600.0
002249.SZ,20260227,2.7552,1.0,25.2779,2.8076,2683364.2672,2016169.0015
300898.SZ,20260227,4.9483,0.8,35.1667,3.448,338024.0,312766.7622
603402.SH,20260227,6.0812,0.82,29.2719,3.8172,1099680.0095,274920.0095
688726.SH,20260227,11.2714,1.1,52.6161,7.9236,3220721.8978,1747519.8704
300690.SZ,20260227,3.2493,1.03,32.2304,3.3893,536061.1954,359153.2307
300851.SZ,20260227,2.6919,0.84,53.6737,2.1799,279925.548,174234.2805
601061.SH,20260227,5.6005,1.67,27.3811,3.3808,7795900.0,797335.7706
301206.SZ,20260227,7.3428,2.5,63.2386,1.3705,577639.8735,371958.3133
688085.SH,20260227,6.1402,2.39,122.2899,3.677,773966.4579,739798.859
603726.SH,20260227,3.2667,0.73,23.9547,3.6661,515182.08,512559.705
920799.BJ,20260227,2.2918,1.04,123.5288,22.9344,924710.4604,532065.749
603066.SH,20260227,1.6291,0.73,504.0762,2.3104,331540.9434,331540.9434
301302.SZ,20260227,3.3752,0.83,,2.4585,386077.605,344278.23
300727.SZ,20260227,7.9171,1.09,55.7732,5.2178,678393.5016,609634.8151
000993.SZ,20260227,16.9322,1.74,32.0206,2.4805,660823.9496,634555.7464
600315.SH,20260227,3.5365,1.07,,2.1451,1506458.4212,1506458.4212
301026.SZ,20260227,15.8438,1.53,43.2408,3.5985,582606.5461,420771.9591
000810.SZ,20260227,2.0276,0.98,136.3973,2.1186,1366432.3479,1319400.1359
301078.SZ,20260227,8.5704,1.82,54.2252,3.3828,1404979.7142,1397184.4045
000066.SZ,20260227,6.1325,1.06,,4.8244,5351600.687,5351253.5412
300930.SZ,20260227,10.1554,1.3,61.0996,3.7629,345000.0,162581.2535
605060.SH,20260227,15.5641,1.19,76.4382,6.9212,1674039.136,1662547.3032
300903.SZ,20260227,11.3622,1.28,,6.6195,1325316.6978,999634.8731
002042.SZ,20260227,4.4274,1.06,,1.3493,777211.3792,777211.3792
002650.SZ,20260227,1.4204,2.08,,4.4233,730675.3238,730650.5738
300289.SZ,20260227,1.9554,1.1,,2.3174,383528.0983,382925.3233
600566.SH,20260227,0.9175,0.82,15.5065,1.8494,2560415.6985,2551773.2864
601886.SH,20260227,0.7663,0.73,16.0643,1.5157,1063888.9343,1063888.9343
001234.SZ,20260227,8.7016,0.88,80.6438,3.5241,321785.6917,269161.7905
600529.SH,20260227,0.8163,0.7,17.618,1.6539,1347800.2635,1347800.2635
300729.SZ,20260227,1.6339,0.93,20.486,1.3472,490555.8473,457284.1466
601388.SH,20260227,7.9724,1.1,243.4517,2.0624,944324.5023,944324.5023
600449.SH,20260227,2.1554,0.81,22.1719,0.8737,647457.1309,647457.1309
920526.BJ,20260227,2.5302,0.92,134.6067,8.4747,194014.2,122854.1222
301365.SZ,20260227,15.2936,2.18,82.8576,2.8509,479160.0,269879.821
600608.SH,20260227,0.4322,0.53,,29.4292,114443.7815,110793.2615
688102.SH,20260227,8.6438,1.55,218.7022,18.7121,3374017.2272,3192473.4186
300081.SZ,20260227,5.6691,0.93,,3.245,344733.3877,344681.1899
603051.SH,20260227,7.0828,0.78,,2.2878,402789.1768,402789.1768
000966.SZ,20260227,7.6926,1.52,112.7056,1.2108,1670896.8077,1565530.9536
600101.SH,20260227,19.4275,2.8,32.9812,1.968,606483.7554,606483.7554
605296.SH,20260227,2.921,1.46,22.2823,2.9673,1488756.6539,1469521.7939
002144.SZ,20260227,7.142,1.35,138.1526,1.4176,301203.3477,234545.8463
300485.SZ,20260227,1.787,0.8,67.382,1.6053,547173.0304,311056.3188
688181.SH,20260227,2.8333,0.82,80.7463,2.358,488840.4197,488840.4197
301609.SZ,20260227,8.4596,0.96,61.3245,6.6134,814400.0,183240.0
301345.SZ,20260227,6.1161,1.35,31.703,6.8354,2334740.6101,622130.6239
688129.SH,20260227,4.7369,0.9,32.4241,3.0349,286619.0652,286619.0652
300018.SZ,20260227,4.0852,1.21,52.3065,4.6484,643554.9207,595788.0448
001221.SZ,20260227,6.4012,1.02,41.9345,10.7357,2787269.68,250910.712
601858.SH,20260227,7.6109,0.62,33.5367,3.2149,1762024.5,1762024.5
001313.SZ,20260227,4.2357,1.0,662.9584,2.1359,544600.0,543919.9121
000702.SZ,20260227,2.1734,0.8,,7.0598,248530.0877,191176.991
001387.SZ,20260227,3.454,1.1,28.9245,2.1718,271617.1136,169042.9342
301007.SZ,20260227,3.4409,1.06,115.2246,8.6297,591585.72,590248.923
300622.SZ,20260227,11.332,3.05,67.1902,8.5547,725487.6454,495979.968
002829.SZ,20260227,4.8683,0.99,,3.4304,589555.2508,414340.8541
300229.SZ,20260227,8.1087,1.13,,5.1009,2022432.4576,2021064.9894
920455.BJ,20260227,2.7395,1.19,55.238,4.6456,157753.05,83225.5672
300360.SZ,20260227,3.1665,0.84,15.5199,2.2984,935306.3822,910003.2027
601789.SH,20260227,6.5431,1.33,30.3565,1.3565,823171.6136,586871.2386
300115.SZ,20260227,5.8784,1.12,81.5968,6.3556,5265267.7406,5249732.7693
300859.SZ,20260227,3.8184,1.06,83.1154,7.1635,580010.0,580010.0
688551.SH,20260227,6.5489,2.49,55.5077,2.7806,360242.9881,360242.9881
688380.SH,20260227,7.123,0.75,70.5571,6.3206,2008631.205,2008631.205
688722.SH,20260227,3.9865,0.74,33.5904,3.3681,476068.7373,474878.9188
601336.SH,20260227,1.8327,0.81,6.1406,2.3963,23583772.296,15765921.4104
601615.SH,20260227,6.0389,1.37,170.8643,1.9642,5183350.4502,5183350.4502
000727.SZ,20260227,2.2422,0.9,,5.1878,1200335.2497,1200335.2497
600114.SH,20260227,2.7958,0.81,41.8589,6.9142,2242042.7268,2188777.7268
002285.SZ,20260227,3.733,0.59,,2.0413,571941.9339,567047.7769
002882.SZ,20260227,3.4984,0.72,116.5193,6.5289,1382249.7,787831.72
600611.SH,20260227,1.18,0.79,156.726,1.3308,1349914.1553,892653.6438
002506.SZ,20260227,33.9996,1.02,,16.471,2931008.5299,2928060.0698
002109.SZ,20260227,4.7737,1.1,,1.3777,561558.7344,561558.7344
300035.SZ,20260227,3.0195,0.74,28.8928,3.0706,1505882.3962,1281615.8416
688128.SH,20260227,2.9442,1.21,23.3602,3.7607,1244242.0,1244242.0
300137.SZ,20260227,3.9546,1.46,,3.6268,591850.1776,584627.6189
603890.SH,20260227,4.0577,0.98,22.7866,2.2415,686743.9083,686743.9083
601827.SH,20260227,2.3062,1.86,11.9354,1.2662,1506411.9033,1506411.9033
301267.SZ,20260227,2.2284,0.99,35.5657,2.6503,1569960.0,1211942.5518
300514.SZ,20260227,2.6095,0.82,25.8933,2.7955,295400.0,236701.546
002286.SZ,20260227,17.1228,2.71,29.37,1.9197,423190.9266,410941.9686
002574.SZ,20260227,3.3539,0.65,,1.1062,329472.0,329472.0
300131.SZ,20260227,6.7233,1.02,428.8806,9.7223,1718419.5003,1577993.0192
600829.SH,20260227,3.7299,0.67,53.3435,2.1234,635557.9023,635557.9023
001225.SZ,20260227,6.4892,0.77,115.9465,3.9085,539778.426,172412.7447
301379.SZ,20260227,4.2331,0.97,36.8856,4.1038,580061.7801,372578.096
300343.SZ,20260227,3.0846,1.7,132.6795,3.7958,731174.8774,729294.0621
300683.SZ,20260227,4.6462,0.65,,1.9608,437972.6323,408428.2888
301182.SZ,20260227,8.9682,0.91,,6.4045,488594.8483,488594.8483
600530.SH,20260227,2.2288,0.87,189.492,15.1898,483550.08,483550.08
603577.SH,20260227,10.1136,1.3,30.1409,2.0518,398149.3034,398149.3034
920016.BJ,20260227,1.2373,0.69,74.3731,4.0137,154348.7676,68645.6221
300022.SZ,20260227,2.6278,0.8,,7.9188,421092.8038,421083.4744
603073.SH,20260227,2.9468,0.79,25.4147,1.7833,246500.0,108147.302
301013.SZ,20260227,6.3774,0.8,,8.0807,620120.3276,502058.0656
920964.BJ,20260227,3.653,2.28,,2.113,185457.68,104865.0383
300354.SZ,20260227,5.3974,1.4,47.3745,7.1435,587860.8543,345561.5245
600455.SH,20260227,3.4626,1.12,47.7606,5.5906,184813.222,184813.222
600525.SH,20260227,2.4167,1.47,,1.8087,680490.5584,680490.5584
600380.SH,20260227,0.8407,0.66,15.3456,1.4103,2096553.5804,2096553.5804
603191.SH,20260227,12.3397,0.79,91.3748,3.3785,844177.6538,838295.0138
300633.SZ,20260227,0.6986,1.05,175.1601,3.7581,1172217.9051,1172217.9051
002500.SZ,20260227,0.9423,0.78,23.7264,1.1804,2161042.4713,2161042.4713
002312.SZ,20260227,11.6211,0.86,47.3956,2.6859,2582386.2458,2577064.6629
688592.SH,20260227,4.2537,1.19,,4.272,395222.536,189218.949
920415.BJ,20260227,2.5209,0.89,155.1241,3.7589,201493.4724,155203.7459
301320.SZ,20260227,2.1902,0.69,164.1962,3.2206,341450.76,127960.4123
601330.SH,20260227,4.589,2.04,15.035,1.3031,1064354.7564,735886.3512
603365.SH,20260227,1.6416,1.54,13.4357,1.7704,522892.6296,517526.1816
603281.SH,20260227,1.3493,1.37,27.0323,2.6878,1262986.6689,1262986.6689
300005.SZ,20260227,3.9366,0.82,342.3959,6.1918,1298158.5112,1297588.6861
002938.SZ,20260227,5.1878,1.12,33.733,4.1861,13674182.9434,13623057.1893
002659.SZ,20260227,5.0985,0.88,,1.7163,371532.1185,371530.3722
002883.SZ,20260227,2.3393,0.67,,2.5842,167556.6391,164517.7776
300713.SZ,20260227,4.3927,0.78,,5.8069,296331.7523,166366.0885
920368.BJ,20260227,10.8424,0.94,192.3788,3.5716,1506116.5226,1432868.4104
002339.SZ,20260227,12.1209,0.96,131.2262,3.5336,608943.467,578382.6736
300522.SZ,20260227,3.2678,1.16,811.5904,5.1835,416929.7986,340195.568
301096.SZ,20260227,1.9931,0.68,,2.0279,524295.7632,397378.4592
920961.BJ,20260227,3.7082,1.37,1015.569,5.134,389240.3843,276989.6337
688353.SH,20260227,8.1334,1.01,,5.2985,1749874.5,1749874.5
002989.SZ,20260227,7.4314,1.04,,4.3134,645546.7091,587019.7526
301153.SZ,20260227,2.4319,0.8,247.5562,4.9166,827081.7595,771715.1388
002880.SZ,20260227,5.3426,0.56,30.0911,2.961,688111.2,688111.2
603031.SH,20260227,5.6932,0.83,75.9995,4.8573,1464186.9994,1198950.48
002792.SZ,20260227,15.585,1.12,1656.2705,9.0226,2512317.5999,1620206.2157
603040.SH,20260227,2.021,0.89,52.9828,9.6657,1373155.6814,1365993.3412
300617.SZ,20260227,16.057,0.85,79.2117,3.3279,959944.4976,804785.1331
600863.SH,20260227,2.8419,1.27,19.3264,1.7612,3988111.486,3322185.8958
301159.SZ,20260227,7.6948,0.85,,6.3197,368650.1,252669.3709
688659.SH,20260227,3.3828,1.08,,3.3277,178560.0,178560.0
301021.SZ,20260227,12.6382,1.7,215.6085,9.2062,928427.8343,927738.326
300102.SZ,20260227,11.2535,0.93,255.5762,8.1589,3455853.6556,3440856.2794
300088.SZ,20260227,3.1816,1.07,49.1905,1.9665,1718440.7024,1710026.5091
002261.SZ,20260227,9.1071,1.79,,17.6473,4600904.543,4183922.1302
000719.SZ,20260227,2.4103,0.79,10.2311,1.1279,1380301.8574,899982.0355
300568.SZ,20260227,2.3509,0.6,148.3926,1.9488,1912254.818,1729559.9458
603068.SH,20260227,3.9299,1.18,308.6475,3.4178,575577.5136,570411.4711
000882.SZ,20260227,2.2501,0.93,,0.7902,533783.6297,533425.2819
001238.SZ,20260227,0.9134,0.67,,5.2557,600644.4,561875.6495
600493.SH,20260227,3.5406,0.87,351.8837,1.9822,222768.0,222768.0
920489.BJ,20260227,1.8522,0.68,,4.8075,234982.7424,149513.5609
301371.SZ,20260227,1.9105,0.64,27.2133,2.3011,1285697.088,192295.3968
001278.SZ,20260227,6.6372,0.97,,2.4185,304755.3642,124466.476
300797.SZ,20260227,5.6875,1.34,45.2961,5.6623,716084.4809,708158.2794
600537.SH,20260227,22.1177,2.6,,20.9046,469934.8621,469934.8621
301631.SZ,20260227,4.6081,1.19,34.5371,3.7391,934714.0805,313963.7171
301333.SZ,20260227,2.6241,0.75,47.0877,3.7105,712769.6693,711754.7717
688368.SH,20260227,4.1448,0.67,266.8151,10.1468,1189446.4646,1189446.4646
300397.SZ,20260227,6.4791,1.08,,5.4206,780078.5747,611096.6499
603297.SH,20260227,5.9551,1.0,65.212,7.1581,1430528.7465,1427851.7445
600133.SH,20260227,2.6415,0.76,28.2025,1.2382,1086498.4326,1086498.4326
300011.SZ,20260227,3.1587,0.95,678.8265,3.5651,557110.956,466675.5237
300872.SZ,20260227,2.9217,0.67,182.7482,2.5072,913762.6674,790062.0493
301110.SZ,20260227,3.5734,0.63,66.101,4.4386,647284.6543,457239.2481
301036.SZ,20260227,4.1956,0.71,45.7052,2.0171,334200.0,235389.2082
001219.SZ,20260227,2.8609,1.02,28.2,2.8041,292280.6413,284992.9844
603950.SH,20260227,4.1987,0.4,41.3004,4.9812,1442706.1908,1440373.8668
301088.SZ,20260227,2.0919,0.74,44.1647,1.4973,371249.1,306007.65
688097.SH,20260227,5.8002,1.15,42.5175,4.3112,2027780.8531,2020339.7931
000951.SZ,20260227,2.0775,0.53,15.2088,1.5992,2427280.0978,2427280.0978
300529.SZ,20260227,0.7083,0.7,32.9029,4.7888,1585231.4709,1017247.392
920098.BJ,20260227,3.0272,1.57,42.2867,2.5559,240789.6126,163967.3411
003005.SZ,20260227,5.081,1.24,,2.6908,483602.3642,265384.4505
688525.SH,20260227,5.6159,0.71,,16.9224,7745043.7518,7745043.7518
603716.SH,20260227,3.6461,1.18,,4.4527,471476.6396,471476.6396
300549.SZ,20260227,3.2608,0.93,272.8398,4.8041,264946.58,200795.6392
002259.SZ,20260227,5.9411,0.93,84.3617,16.1282,437855.0514,437855.0514
688108.SH,20260227,3.741,1.32,197.281,10.2913,932868.864,932868.864
301113.SZ,20260227,5.7113,0.96,341.3164,3.7019,251069.0,152069.0887
001333.SZ,20260227,6.2986,1.64,27.0772,2.0459,350592.0,120516.0
300999.SZ,20260227,2.0224,1.24,50.5723,1.6535,15944900.7074,1595925.1123
300329.SZ,20260227,3.2834,0.99,,5.4584,369976.2851,368863.9765
600249.SH,20260227,1.4594,0.53,160.147,1.5033,329450.0,329450.0
300707.SZ,20260227,9.0466,0.75,140.6589,2.9008,331720.5127,269232.2914
603826.SH,20260227,6.2019,0.97,377.9986,6.9423,1354298.4,1354298.4
600397.SH,20260227,16.361,0.81,,137.09,2131383.6259,2131383.6259
000428.SZ,20260227,2.8663,0.72,,2.8365,395343.288,395343.288
600866.SH,20260227,2.9559,0.75,9.9606,1.5359,1276010.9691,964430.8408
002146.SZ,20260227,4.7537,0.83,,0.6148,730491.527,657135.587
300976.SZ,20260227,3.3561,0.81,29.0075,2.3808,842979.1018,541710.3318
600648.SH,20260227,0.7096,0.76,21.2078,0.9503,1441506.9511,1206036.9325
300911.SZ,20260227,16.1694,6.98,,6.4971,762492.9975,712588.8737
920879.BJ,20260227,1.3086,0.96,44.4347,6.0613,365748.6336,285814.2411
600461.SH,20260227,1.1085,0.91,10.6722,1.328,1281587.0712,1281587.0712
603117.SH,20260227,8.0048,2.77,511.3812,3.4674,357121.8542,357121.8542
600405.SH,20260227,1.4913,0.82,,16.3788,339507.5918,338006.1459
920906.BJ,20260227,2.0398,0.42,33.86,3.078,179252.23,92028.4398
601956.SH,20260227,2.5597,1.19,35.9927,1.8119,461239.5098,461239.5098
300389.SZ,20260227,5.4027,1.3,37.4371,4.3931,690217.5928,436049.0703
301123.SZ,20260227,7.7537,0.92,,5.1436,1477762.72,1471212.8
000663.SZ,20260227,6.4664,1.28,,2.8639,286854.7075,260968.619
605588.SH,20260227,4.7097,0.84,,4.4087,449545.0759,448465.8067
688248.SH,20260227,2.5214,1.2,70.7627,9.1439,2981616.0,2981616.0
601113.SH,20260227,2.5034,0.74,15.3945,1.3645,542138.743,542138.743
688429.SH,20260227,4.046,0.72,,4.4975,649201.2984,194479.6543
300444.SZ,20260227,20.5555,0.99,146.6929,7.3865,1315335.5232,1023522.7133
000709.SZ,20260227,4.2172,0.91,28.699,0.5344,2760011.3316,2759555.1103
002391.SZ,20260227,3.0042,1.01,,1.021,435227.0085,310960.9434
003028.SZ,20260227,2.8675,0.64,31.7078,2.6518,460325.691,224382.0047
001376.SZ,20260227,8.8312,1.1,55.2088,8.2348,963281.0,446743.3792
600356.SH,20260227,2.9466,0.8,19.5256,1.1201,300822.4976,300822.4976
002349.SZ,20260227,2.0847,0.91,28.8627,2.3975,648805.7781,636689.4701
300206.SZ,20260227,2.249,0.89,34.3803,3.9582,848627.1385,495387.6832
688150.SH,20260227,10.682,1.09,63.172,7.9311,1373519.4776,1373519.4776
688717.SH,20260227,4.4518,1.09,84.3826,3.709,1632480.0,1010584.785
002470.SZ,20260227,47.1189,6.1,,4.9575,1018668.6,1018582.3193
600498.SH,20260227,20.2052,1.38,85.1874,4.2127,7001353.3697,6555208.6057
603334.SH,20260227,6.4714,0.64,51.4765,4.7621,794990.0,172037.0991
300656.SZ,20260227,4.4707,1.11,,4.7198,462379.9445,359090.1042
300477.SZ,20260227,4.1521,0.76,,3.2938,324821.6622,300227.7194
301161.SZ,20260227,3.5673,1.03,62.9698,4.9597,457080.0,457080.0
300893.SZ,20260227,1.632,0.85,34.6725,5.9573,1153650.0878,611879.4933
300853.SZ,20260227,1.9284,0.61,,5.4797,334309.0046,250836.4063
301516.SZ,20260227,3.3686,0.98,,3.7496,483929.8256,120982.4568
688301.SH,20260227,1.5228,0.83,38.7935,4.3334,2565300.9543,2431254.729
603886.SH,20260227,2.351,0.8,25.4949,2.077,322320.0,322320.0
600825.SH,20260227,2.3173,0.63,154.8012,2.7323,669773.1119,669773.1119
688202.SH,20260227,3.3136,0.93,,4.5709,943152.3317,943152.3317
000633.SZ,20260227,4.9206,1.5,198.5807,15.8757,311936.1621,311933.8536
002757.SZ,20260227,15.4734,0.6,,3.4917,696980.4988,665365.1996
920719.BJ,20260227,2.5795,1.17,,2.2782,115808.1896,91052.9155
002007.SZ,20260227,0.8003,0.84,29.8021,2.7032,2827075.4623,2434518.3538
301367.SZ,20260227,1.3519,0.38,33.9744,2.397,714380.8,557660.0278
002084.SZ,20260227,3.6797,0.92,,1.9161,266821.1445,266234.0245
920438.BJ,20260227,5.1004,0.82,246.2328,6.9909,698425.475,669230.8341
300072.SZ,20260227,2.8292,1.07,,1.8847,1137264.6262,1128378.8547
000825.SZ,20260227,4.6549,1.41,213.2286,0.909,3013315.0841,3013315.0841
300332.SZ,20260227,3.5481,1.44,55.3351,1.1569,492254.8766,472242.0228
301045.SZ,20260227,5.1055,1.21,144.0399,4.5552,466977.6094,270734.1463
688116.SH,20260227,2.7463,1.06,66.264,4.7256,1747258.1441,1747258.1441
300181.SZ,20260227,1.0833,0.67,19.6677,3.7622,1172719.6241,1008067.0566
603637.SH,20260227,2.8437,0.81,33.6894,3.0296,312439.813,312439.813
000968.SZ,20260227,8.4211,0.99,20.7619,1.3465,832052.2876,832052.2876
605179.SH,20260227,3.1046,1.11,205.062,6.9979,788366.0,788366.0
600089.SH,20260227,6.2923,0.92,28.8072,2.2279,15330172.6604,15330172.6604
600756.SH,20260227,4.4885,0.93,,2.5664,609752.5452,565228.2252
300327.SZ,20260227,5.641,0.72,101.4923,5.8723,1027182.8475,1019762.8311
002679.SZ,20260227,7.9214,0.75,202.1149,3.9987,293280.464,293280.464
603313.SH,20260227,2.0253,0.65,33.2945,1.4672,540916.367,540916.367
688605.SH,20260227,4.2448,0.99,73.3025,8.4808,1394801.9676,746760.1232
301047.SZ,20260227,1.4483,1.11,67.9302,1.7094,902058.0787,886809.8853
002176.SZ,20260227,10.464,1.53,,5.4778,1859894.8833,1859560.8364
300829.SZ,20260227,2.3145,0.78,63.7202,1.7938,433413.629,301772.1299
000970.SZ,20260227,4.4558,0.9,128.9063,2.8594,1861276.1585,1861276.1585
600692.SH,20260227,2.798,0.87,,3.1043,287039.4762,208088.5819
603113.SH,20260227,2.2021,0.66,,0.7713,621095.1309,621095.1309
688237.SH,20260227,2.364,1.0,1087.7069,3.7057,449396.2615,449396.2615
000821.SZ,20260227,8.7113,0.98,32.9875,2.1596,925591.9201,898511.0353
002782.SZ,20260227,5.7701,1.1,37.8012,5.469,1172458.9267,1150088.8368
920116.BJ,20260227,6.5688,1.1,170.1357,30.2909,1661660.0,1596140.0
603610.SH,20260227,3.2833,1.2,44.617,2.148,677743.9123,677743.9123
301512.SZ,20260227,3.398,0.85,75.1551,2.7689,279253.6824,129922.9624
920748.BJ,20260227,10.3803,1.82,,13.2532,327142.62,152044.3029
688139.SH,20260227,0.8789,0.71,40.6312,2.4544,1039679.2488,1039679.2488
002521.SZ,20260227,0.9661,0.74,44.2848,1.2309,479412.2588,358157.1068
603358.SH,20260227,1.2961,0.57,56.4176,6.2702,2359049.7277,2256114.3411
300731.SZ,20260227,14.138,0.94,260.9455,14.1791,877816.0152,834404.1092
000910.SZ,20260227,1.8838,1.43,53.8769,0.6267,420948.6775,420784.8805
002933.SZ,20260227,6.5549,1.11,141.2906,2.869,439006.35,426807.1248
600867.SH,20260227,2.0373,0.83,14.347,2.4673,1758771.4604,1758771.4604
600389.SH,20260227,8.1524,1.91,27.2757,3.342,1304008.2,1304008.2
002172.SZ,20260227,4.5616,0.85,82.4122,19.819,346111.0267,345902.935
300985.SZ,20260227,26.6973,1.74,,5.1749,522234.944,519430.5592
600495.SH,20260227,1.4205,0.99,150.7874,1.8077,590805.3433,590805.3433
301263.SZ,20260227,1.2623,0.89,571.4782,7.6748,1330956.18,949617.18
301103.SZ,20260227,0.9085,0.69,324.6322,1.8056,344813.7597,344813.7597
300201.SZ,20260227,4.5967,0.84,35.5273,5.6194,948500.9906,943497.8481
605218.SH,20260227,2.2759,1.1,86.1396,3.1893,421197.4173,421197.4173
002245.SZ,20260227,3.3947,0.95,28.1107,2.7301,2021476.0608,1901207.9535
000703.SZ,20260227,3.3837,1.37,197.5822,1.9854,4625766.2898,4601043.9612
688005.SH,20260227,3.3494,0.94,,2.7989,2269253.3673,2268914.5376
920039.BJ,20260227,3.2685,0.58,54.4699,3.3287,178738.84,178738.7238
601398.SH,20260227,0.782,0.78,6.7249,0.6536,246633129.9056,186571651.077
002031.SZ,20260227,2.6287,1.05,,7.8657,1671540.7092,1473452.7292
920261.BJ,20260227,2.3358,1.02,25.3108,2.9208,481533.5652,281439.7045
300341.SZ,20260227,2.627,0.81,47.9304,4.5654,878562.7505,875095.7741
605123.SH,20260227,9.5762,1.06,55.1118,3.0755,1402189.5622,1402189.5622
600717.SH,20260227,1.6794,1.17,15.8061,0.6982,1392014.4993,1392014.4993
301262.SZ,20260227,9.0363,0.47,29.0346,3.1261,1132989.0,331678.8401
605068.SH,20260227,3.4815,0.73,,3.0876,464374.2912,464374.2912
688033.SH,20260227,13.1566,1.22,,2.063,680260.3012,680260.3012
301667.SZ,20260227,7.8096,1.21,70.4519,6.154,765383.4384,154177.022
603280.SH,20260227,5.0162,0.98,50.7749,3.1239,424195.288,109335.743
600481.SH,20260227,26.9382,1.81,,3.6445,1934119.6347,1934119.6347
301200.SZ,20260227,7.9008,1.04,126.2085,7.6308,7444505.2502,6590900.428
002372.SZ,20260227,1.6525,0.86,22.4972,4.1707,1953430.6113,1804742.8997
300002.SZ,20260227,3.4262,1.05,28.6858,2.996,2289790.38,2149967.8994
002063.SZ,20260227,3.0436,0.84,42.0664,3.4171,1287384.1814,1188749.1571
920100.BJ,20260227,4.5902,0.93,79.3602,10.3743,477619.9803,110654.993
300311.SZ,20260227,2.5683,0.69,,6.5287,385990.076,307935.4103
003009.SZ,20260227,6.8167,1.14,,6.8949,1061609.2204,1061403.535
002689.SZ,20260227,3.4466,1.05,62.6197,3.4983,426714.0865,426550.8133
600578.SH,20260227,3.9298,1.57,10.6068,1.5524,3688736.1793,3688736.1793
300685.SZ,20260227,1.1239,0.66,28.235,4.1813,819093.6132,815037.6834
600621.SH,20260227,3.4997,0.85,30.7577,1.957,1744118.436,1744118.436
688090.SH,20260227,6.0536,0.86,8097.0192,7.8315,695061.9635,695061.9635
301636.SZ,20260227,37.6603,1.56,70.4592,5.5318,597036.4094,149259.1047
300404.SZ,20260227,2.4912,0.85,546.5166,3.9668,405130.34,299687.9477
601155.SH,20260227,1.542,0.64,138.3787,0.6078,3760123.301,3760123.301
603366.SH,20260227,4.0872,1.08,43.4307,1.9001,789469.7061,789469.7061
300480.SZ,20260227,11.9999,1.04,,7.858,1006975.6841,706452.6578
603616.SH,20260227,20.6003,0.67,,12.035,302097.496,296674.196
688789.SH,20260227,3.0121,1.7,29.5109,4.3666,1560837.6305,1560837.6305
301259.SZ,20260227,7.595,1.63,,7.0817,585936.0,371359.6187
300452.SZ,20260227,3.6573,0.78,28.5732,3.9684,370202.8565,313636.6847
000571.SZ,20260227,5.9148,1.2,,46.3054,657038.007,637355.9709
600581.SH,20260227,7.2374,1.41,,,475198.3397,475198.3397
000721.SZ,20260227,2.208,0.7,,23.0169,501027.1909,447290.5489
002165.SZ,20260227,26.4118,1.0,188.8913,4.6072,941880.6612,932093.3844
300842.SZ,20260227,10.5675,1.26,176.7309,9.1689,1706455.8613,1522780.1002
002263.SZ,20260227,3.9003,1.22,134.1495,2.4641,681844.7163,681839.2713
603885.SH,20260227,1.0807,0.69,41.6676,3.1064,3053239.3647,3053239.3647
603511.SH,20260227,3.0909,1.08,51.1468,1.4477,630318.9547,626944.2067
300676.SZ,20260227,1.8806,0.88,,2.1994,2032602.6674,2021570.065
000607.SZ,20260227,4.716,0.53,,3.0594,474247.4591,412425.5849
002870.SZ,20260227,5.1687,1.01,43.14,3.0725,520113.8546,507850.702
600501.SH,20260227,6.9487,1.68,,6.8023,1172238.308,1172238.308
300579.SZ,20260227,3.0979,0.69,,11.0887,866970.0,842176.5589
688114.SH,20260227,1.0574,0.78,,3.4336,2653207.9074,2639312.2301
600967.SH,20260227,3.0428,0.92,56.5634,2.4888,2952613.7472,2952613.7472
920403.BJ,20260227,9.416,2.16,36.3298,5.142,244030.8125,145133.8325
688765.SH,20260227,3.8636,1.72,,9.0196,2612967.5,299513.8519
600039.SH,20260227,2.1208,1.28,11.1719,1.7475,8643417.1011,8643417.1011
000031.SZ,20260227,2.0147,0.8,,1.4635,1483064.4153,1483061.4265
000738.SZ,20260227,7.6131,0.7,70.1502,2.9236,3664102.6268,3664102.6268
600888.SH,20260227,5.4962,1.25,15.6638,1.1735,1348857.2497,1348857.2497
600340.SH,20260227,5.8544,1.02,,,665332.4581,661870.3605
688489.SH,20260227,1.8808,1.59,,2.8614,523051.929,519060.7242
603209.SH,20260227,2.6602,0.6,19.818,1.587,527475.0,521780.8619
603159.SH,20260227,2.4125,1.19,566.519,7.4054,371280.0,371280.0
600812.SH,20260227,1.1944,0.82,52.3064,1.739,957377.5465,957377.5465
688561.SH,20260227,5.513,0.96,,2.9955,2439053.4919,2439053.4919
600955.SH,20260227,1.8682,0.66,,1.3447,1131350.0,1131350.0
002712.SZ,20260227,4.9094,0.57,,2.3647,322211.5092,320212.9616
603566.SH,20260227,2.5031,1.94,34.3004,1.9636,492792.6768,492792.6768
920208.BJ,20260227,0.8912,1.22,17.8934,3.1211,336117.0396,245550.296
000061.SZ,20260227,1.2791,0.64,54.0804,2.1548,1810284.6126,1547602.9015
605507.SH,20260227,0.7946,0.64,17.9563,1.895,1567499.9175,1567499.9175
002082.SZ,20260227,3.2071,0.87,808.3935,4.2923,1148140.3562,1038455.7346
601108.SH,20260227,0.9601,0.73,13.8898,1.1009,4035430.4963,4035430.4963
920519.BJ,20260227,1.8593,1.66,53.2549,2.1961,115053.6961,81199.7223
301229.SZ,20260227,2.404,0.87,95.9371,2.9713,371377.5635,264120.3475
301378.SZ,20260227,8.7377,0.85,,2.8329,369784.8,175760.8247
920981.BJ,20260227,5.0457,1.42,267.5255,5.0943,259073.584,126404.9858
601100.SH,20260227,1.3027,0.84,53.9508,9.0841,15128483.2527,15128483.2527
688075.SH,20260227,1.0471,0.68,41.7616,0.9777,504772.9015,504772.9015
600478.SH,20260227,20.3063,6.05,73.5867,4.7973,1392392.2058,1392392.2058
688600.SH,20260227,4.6302,2.26,58.2534,5.1245,389442.2446,389442.2446
301336.SZ,20260227,6.9821,0.94,74.7804,2.8447,235800.0,179386.6008
301285.SZ,20260227,3.1514,0.8,,16.7127,1702960.8,646838.4179
603266.SH,20260227,2.4395,0.61,37.5381,2.6369,414082.2135,414082.2135
603076.SH,20260227,3.8038,0.61,230.9263,2.5237,327221.3436,327221.3436
001324.SZ,20260227,8.775,1.73,58.908,2.5014,283590.0,167798.148
605099.SH,20260227,8.1091,1.15,28.9473,6.0963,1831922.0125,1826977.8061
000019.SZ,20260227,3.2994,1.1,25.5903,1.6633,829825.3829,299675.813
605177.SH,20260227,3.0948,0.82,,1.5482,263181.717,258267.7327
002315.SZ,20260227,4.539,0.9,28.8963,5.3132,1456747.1104,929031.6785
603097.SH,20260227,7.8779,0.59,62.489,5.8245,632701.8364,612972.1864
600763.SH,20260227,2.3904,0.55,43.7804,5.2074,2261941.0647,2261941.0647
603000.SH,20260227,9.8197,0.55,138.2167,7.0275,2580682.9247,2580682.9247
603801.SH,20260227,1.2457,0.56,14.2009,1.2516,415239.9355,415239.9355
300095.SZ,20260227,4.4407,0.79,,2.8168,470500.9837,379374.3285
603060.SH,20260227,3.7202,1.43,47.541,2.8136,555536.832,555536.832
600422.SH,20260227,1.7904,1.73,26.5635,1.7335,929566.2296,929566.2296
603320.SH,20260227,6.6138,0.95,49.2715,3.1736,369584.291,369584.291
002451.SZ,20260227,5.8284,0.91,358.9714,6.1007,472838.91,471206.877
300471.SZ,20260227,16.0896,1.95,,4.8983,763067.6204,594908.183
000677.SZ,20260227,2.3019,0.55,488.5883,7.0946,360278.8043,360278.8043
002483.SZ,20260227,2.2764,0.87,15.5149,1.6068,704742.3883,703774.3852
300516.SZ,20260227,13.8226,1.27,390.4651,9.7927,1271880.0,1271880.0
002267.SZ,20260227,3.1838,1.47,13.1813,1.3518,889660.356,889660.356
000698.SZ,20260227,2.231,1.15,30.9937,2.2633,334361.8732,320571.4732
300184.SZ,20260227,9.3941,2.12,85.2461,3.2192,1313327.6512,1193722.6662
301330.SZ,20260227,10.9449,2.22,48.5442,2.7247,925166.9431,763878.0563
601002.SH,20260227,2.5115,1.0,25.3217,1.2604,535441.2439,535441.2439
688121.SH,20260227,2.3728,1.09,24.0213,1.1095,288746.9077,250496.0004
002047.SZ,20260227,2.8359,1.24,,,752059.3517,752021.1692
300210.SZ,20260227,3.2802,1.02,,11.7163,483735.733,483272.1921
002611.SZ,20260227,3.5787,1.08,32.3393,4.0359,2202070.9891,1812975.652
603528.SH,20260227,2.3238,0.88,,3.5765,679810.7162,679810.7162
688609.SH,20260227,1.9152,0.88,,5.1252,455500.0,455500.0
301041.SZ,20260227,6.5743,1.2,130.0524,4.8091,320893.44,237393.2821
300067.SZ,20260227,8.5787,0.69,,2.6171,653376.0089,530615.7634
920527.BJ,20260227,0.8312,0.55,52.9394,2.8665,109998.2264,66490.1262
603329.SH,20260227,2.1462,0.64,82.0915,2.0948,294560.2842,243119.2364
000700.SZ,20260227,11.7542,1.25,27.7011,3.4452,1280631.4677,1280631.4677
603069.SH,20260227,3.2682,0.6,,8.4146,680980.0,680980.0
000567.SZ,20260227,3.0398,1.03,,2.106,1135618.0421,1132893.1619
300402.SZ,20260227,22.1322,3.4,101.2933,4.0782,611053.2706,603199.3986
002849.SZ,20260227,8.8688,1.43,113.5278,3.2348,442591.8361,388296.0439
002358.SZ,20260227,13.7748,0.71,81.9039,2.4846,833992.0084,833990.8647
300141.SZ,20260227,7.0036,0.85,,6.1818,408941.5356,404015.6734
600010.SH,20260227,20.4478,2.44,144.7596,2.8176,14673512.6688,10167378.645
600861.SH,20260227,1.4989,0.84,8.7871,1.4232,1016738.4415,658368.427
300560.SZ,20260227,8.0933,1.52,,4.0659,394469.799,321018.5358
601958.SH,20260227,8.6154,1.86,24.8256,4.1849,7914860.5932,7914860.5932
000701.SZ,20260227,3.956,1.17,,,420368.9437,420012.6309
601208.SH,20260227,16.028,1.47,155.0007,6.0349,3530589.3858,3530589.3858
601026.SH,20260227,3.9935,0.62,64.313,5.308,1353748.2,220048.1689
002425.SZ,20260227,2.0398,0.58,,1.2306,355879.4046,355654.6541
688271.SH,20260227,1.056,0.86,57.0598,4.9892,10771744.9032,10771744.9032
600592.SH,20260227,2.9448,0.9,124.9335,3.7657,957729.9097,957729.9097
600997.SH,20260227,4.6508,1.16,28.7144,0.7215,1013016.3049,1013016.3049
603176.SH,20260227,2.1114,0.67,,2.5472,276112.7284,268315.1274
600216.SH,20260227,3.4308,0.65,12.5924,1.417,1566507.8948,1549813.4548
600419.SH,20260227,1.57,0.56,291.6317,1.3229,314249.8335,314249.8335
603758.SH,20260227,2.9462,1.39,36.586,2.5435,644592.865,644592.865
688648.SH,20260227,6.982,1.85,14.3476,4.129,903040.0,461672.0554
300403.SZ,20260227,3.3282,0.88,37.9279,3.9816,851436.0,603013.7933
301105.SZ,20260227,3.5881,1.08,,3.1795,265350.0,87233.7966
301611.SZ,20260227,6.1069,0.84,167.3149,31.944,5516272.0,1854564.1686
000885.SZ,20260227,5.3633,1.61,7.6218,0.9904,907256.5743,907256.5743
605098.SH,20260227,2.2558,0.72,19.2758,6.1489,556664.1348,556664.1348
301568.SZ,20260227,8.6163,1.06,54.9248,5.5952,564307.156,260130.5024
301095.SZ,20260227,5.5922,0.62,160.5707,5.6097,1759469.3581,1533020.583
002400.SZ,20260227,7.2055,0.6,172.8529,3.6738,1828760.6473,1810746.6843
600984.SH,20260227,10.3215,0.71,,1.9043,634807.1821,634807.1821
603605.SH,20260227,1.0963,0.57,17.7984,5.2998,2809449.7058,2809449.7058
600986.SH,20260227,17.7152,1.06,142.9309,3.4673,1811621.6075,1811621.6075
600848.SH,20260227,1.2124,0.89,18.0629,1.4591,2855455.2885,2709908.693
603456.SH,20260227,1.3319,0.66,21.7048,1.7921,1568982.7934,1568982.7934
002845.SZ,20260227,4.5675,1.2,,2.1514,511635.7632,390867.6183
002615.SZ,20260227,6.137,0.47,25.7731,2.4501,416843.3524,273602.0942
301030.SZ,20260227,14.7759,0.95,,3.1473,264717.3956,264354.2687
920223.BJ,20260227,6.2093,0.93,,13.1161,318973.98,165451.845
002056.SZ,20260227,4.3053,1.26,15.3136,3.5153,3603167.2439,3599445.0139
600188.SH,20260227,5.3896,0.92,17.5411,3.4087,17786415.524,10497170.4408
002459.SZ,20260227,3.9111,1.08,,1.7674,4004721.9984,3999961.5765
688188.SH,20260227,1.1186,0.81,41.2604,7.5216,4378878.0729,4378878.0729
600416.SH,20260227,3.8878,0.81,77.9987,2.2744,2197439.9698,1973530.1966
300897.SZ,20260227,4.7792,1.64,92.8895,4.1001,402150.3979,250720.1814
300119.SZ,20260227,1.3528,0.86,21.8771,1.9582,915102.0161,659540.2193
603937.SH,20260227,3.286,0.77,,1.82,280746.7837,280746.7837
600580.SH,20260227,3.0743,0.63,72.039,6.5494,7010783.3894,6990654.7094
600682.SH,20260227,2.495,0.72,44.8167,0.5593,990017.3147,856748.3624
603298.SH,20260227,2.1368,1.06,17.6562,3.4942,3887522.1614,3887522.1614
300745.SZ,20260227,3.1767,0.83,,2.0598,463621.4055,391000.1059
603936.SH,20260227,8.5817,1.14,,1.9372,847254.9174,847254.9174
002090.SZ,20260227,3.2328,0.83,62.2537,3.3538,511536.9197,505714.3628
920422.BJ,20260227,2.4808,0.68,60.5201,2.6332,113080.9034,84632.6234
920640.BJ,20260227,9.906,1.2,121.5361,10.2017,944647.296,908790.4465
688615.SH,20260227,2.9772,0.78,69.5064,10.8034,3156580.0,2179623.9915
603418.SH,20260227,1.8029,0.96,21.9154,2.5041,1104930.705,231337.4524
301678.SZ,20260227,5.78,1.3,104.5905,9.3146,1778699.3425,355739.873
002536.SZ,20260227,12.6511,0.74,51.7722,5.2372,1810575.5472,1714914.18
688273.SH,20260227,7.2189,1.75,45.4038,3.4396,463400.0,463400.0
301001.SZ,20260227,6.456,0.74,295.4933,3.4368,268400.0,168756.5
601226.SH,20260227,17.1561,1.47,113.3611,3.3226,1446968.5065,1446968.5065
688265.SH,20260227,1.9138,0.63,74.0605,2.1084,358866.0503,358866.0503
300112.SZ,20260227,2.7578,0.88,,2.6669,267588.2743,219107.3162
002104.SZ,20260227,7.5903,1.29,328.0735,6.2671,1342302.6968,1136429.6126
002415.SZ,20260227,1.1195,0.88,20.3086,3.4575,28814356.1532,28441987.2447
300016.SZ,20260227,6.5839,1.18,173.9078,2.6297,581447.9774,580664.4727
002516.SZ,20260227,2.1497,1.19,54.9681,2.6611,992816.1104,986136.9854
002335.SZ,20260227,8.5372,1.04,76.5892,5.1066,3229068.9669,2848524.1147
920121.BJ,20260227,2.68,1.11,24.8329,3.6251,275570.3913,49602.6749
688584.SH,20260227,2.84,0.83,110.9523,3.9483,1627711.1314,837599.0186
300080.SZ,20260227,5.3318,1.08,,2.1234,1024739.0985,1023360.7203
002990.SZ,20260227,2.6337,0.59,58.6769,3.0255,740255.9941,379087.6619
688593.SH,20260227,5.8841,1.05,1962.7494,11.3343,1752185.648,1230385.4098
300326.SZ,20260227,2.2825,2.44,,1.6493,459605.1292,456422.409
002656.SZ,20260227,1.645,0.98,,4.5943,195230.4373,185385.606
002589.SZ,20260227,2.4004,0.85,,0.9339,499563.8764,453376.3939
002945.SZ,20260227,9.6841,1.0,99.5645,6.7929,4889700.0,4889700.0
600328.SH,20260227,5.8455,1.52,5412.692,1.1903,1429651.7947,1429651.7947
600970.SH,20260227,1.191,0.65,9.6928,1.3111,2904976.0326,2495057.3776
002892.SZ,20260227,1.8666,0.85,269.1409,7.1689,933338.2304,605893.9423
000400.SZ,20260227,5.0498,0.84,28.9179,2.8008,3249404.9743,3227327.0162
603359.SH,20260227,10.2294,1.64,,1.2058,318958.64,318958.64
301028.SZ,20260227,2.5744,0.74,26.3732,3.7019,596429.1655,385857.5072
002148.SZ,20260227,2.1484,0.97,397.885,4.0217,491349.8631,394950.1801
300220.SZ,20260227,7.1646,1.99,1151.1903,38.2598,241012.8,240724.8407
300655.SZ,20260227,4.6861,0.71,,7.6518,1944230.6221,1932447.2042
300013.SZ,20260227,3.8851,1.1,,12.1445,237860.8888,189979.6216
688059.SH,20260227,5.3978,1.08,66.3856,6.6514,1239835.9232,1160374.2184
688385.SH,20260227,3.3145,0.83,303.7992,11.3533,7058398.8393,4621975.0693
002481.SZ,20260227,0.9026,0.54,93.4792,2.5266,618081.9465,560100.5151
603049.SH,20260227,2.6874,1.11,11.7622,1.9907,4806172.8466,480617.2858
603866.SH,20260227,1.9271,0.71,22.3068,1.6449,859049.1862,859049.1862
920837.BJ,20260227,6.7457,1.92,30.6711,4.0425,230300.0107,207643.8607
002678.SZ,20260227,13.9782,0.97,,2.5834,838083.6393,837623.4344
603233.SH,20260227,0.8369,0.75,19.601,3.3508,2229864.5152,2229864.5152
300827.SZ,20260227,4.5748,1.12,47.0797,4.9707,2014110.1328,1393814.3948
688455.SH,20260227,3.2666,1.12,,5.5564,398400.7091,277479.7091
301558.SZ,20260227,7.3749,1.08,2242.0849,5.3104,720221.1666,200204.2624
300912.SZ,20260227,18.6548,0.71,,8.1158,400019.124,299228.1945
301511.SZ,20260227,18.3724,1.0,930.7869,5.8604,2381356.516,1415356.1107
688355.SH,20260227,22.9101,6.66,35.9986,2.6064,287082.2628,287082.2628
600019.SH,20260227,3.966,1.36,16.6148,0.7678,15683101.0193,15683101.0193
600230.SH,20260227,17.7158,1.62,189.367,2.5474,1024967.4731,1024967.4731
301552.SZ,20260227,5.9902,1.81,24.3438,3.3365,384132.0,96033.0
688528.SH,20260227,3.9086,1.25,,4.5196,205800.0,205800.0
605028.SH,20260227,6.0905,1.19,27.1735,3.3934,446720.0,446720.0
600237.SH,20260227,22.1278,2.51,61.0484,3.6063,693774.5705,687077.3745
002465.SZ,20260227,5.9446,1.03,,3.643,4382918.7522,4375948.6345
300732.SZ,20260227,2.4454,0.99,,0.9995,291260.2166,290937.577
002428.SZ,20260227,32.1599,4.38,754.6112,21.6563,3151957.12,3151549.9263
600007.SH,20260227,0.9315,1.01,17.3537,2.1663,2054856.3694,2054856.3694
688701.SH,20260227,3.8692,0.95,,10.2133,145422.3939,145422.3939
000756.SZ,20260227,2.1556,0.81,28.9491,2.1284,1106333.2948,792252.1059
688118.SH,20260227,8.4467,0.92,443.6274,3.7951,331274.3312,331274.3312
300068.SZ,20260227,2.5093,0.74,,3.671,1411335.0267,1340345.3621
920491.BJ,20260227,1.9721,0.92,42.3837,3.693,396047.7631,324303.6492
603829.SH,20260227,15.5744,1.6,43.7974,3.3189,497703.1768,497703.1768
002646.SZ,20260227,1.7706,0.64,653.6981,1.4847,424968.7729,422149.5765
003025.SZ,20260227,3.2348,1.25,29.2198,3.4113,423374.755,337586.1486
300552.SZ,20260227,6.3621,0.66,,4.0303,723800.0484,467841.1987
300801.SZ,20260227,5.9117,0.85,54.9225,2.7493,689801.94,431038.9728
601369.SH,20260227,4.085,1.37,20.7949,2.3504,2064722.4414,2044041.1278
002518.SZ,20260227,4.5886,0.9,68.5289,7.1151,3311114.1096,3213953.5344
600597.SH,20260227,0.7257,0.6,15.816,1.1597,1095886.6416,1095872.0136
603515.SH,20260227,1.3237,1.01,16.1905,2.0888,1389798.8646,1376851.1342
300880.SZ,20260227,3.3548,0.81,44.05,3.7409,392030.7955,391988.9842
300175.SZ,20260227,2.3814,1.69,,6.1667,318260.8,318260.8
301281.SZ,20260227,16.0515,0.9,93.9105,3.5785,490553.7,311899.56
300508.SZ,20260227,8.3547,0.8,58.4466,6.0135,508835.7584,383244.8761
002058.SZ,20260227,3.9943,1.31,19.3853,91.2788,365219.4533,364377.8704
688303.SH,20260227,1.636,0.92,,1.3139,5127041.6804,5127041.6804
600262.SH,20260227,3.7017,0.92,21.9836,3.144,553520.0,553520.0
002375.SZ,20260227,2.0832,0.65,18.4302,0.7081,580218.4836,574501.6712
000799.SZ,20260227,2.3756,0.65,,4.4228,1663961.3066,1663815.3581
300333.SZ,20260227,1.5972,0.93,,6.3148,366240.0,364910.273
301230.SZ,20260227,4.9874,0.71,170.0716,6.2054,622277.0851,559995.3701
002386.SZ,20260227,4.6107,1.09,,1.1173,839562.3621,839405.9264
300720.SZ,20260227,18.36,2.23,195.629,12.9335,757293.0168,678697.637
600006.SH,20260227,1.368,0.75,56.5743,1.6587,1388000.0,1388000.0
603520.SH,20260227,1.3095,0.76,,1.7668,459453.5553,459453.5553
300703.SZ,20260227,3.2061,0.38,35.0078,4.7985,447732.5469,421100.049
002983.SZ,20260227,10.9193,1.52,40.4504,4.1581,557149.5673,319168.0163
002668.SZ,20260227,1.7185,0.69,9.2261,3.1785,1080859.0937,1080859.0937
920694.BJ,20260227,3.1741,1.66,29.771,2.9842,264309.0405,125043.3724
600960.SH,20260227,10.4238,0.57,,1.5948,589319.6212,589319.6212
601099.SH,20260227,1.6497,0.92,86.493,2.8649,2849220.2427,2849220.2427
600526.SH,20260227,5.7355,1.81,19.1022,1.2203,545663.5438,536026.384
300938.SZ,20260227,9.0689,0.89,50.1289,5.1929,942574.3631,657122.9521
002968.SZ,20260227,3.8067,1.22,27.3968,2.4586,302985.9514,285416.0956
300793.SZ,20260227,5.5771,1.93,,2.1469,641980.0324,627710.5429
002378.SZ,20260227,7.779,0.4,226.2703,21.7818,4877755.724,4852192.7581
600488.SH,20260227,1.1879,0.64,285.4499,1.5387,465143.7257,465143.7257
001268.SZ,20260227,3.2024,0.81,44.918,3.5344,362871.8689,211581.8689
601198.SH,20260227,1.2703,0.93,20.5093,1.5377,4512493.9459,4512493.9459
600276.SH,20260227,0.9353,0.93,50.267,6.3088,37540002.4873,36079636.8617
605333.SH,20260227,3.6605,1.4,20.7101,3.9821,1360102.43,1280190.6934
002035.SZ,20260227,1.6891,1.39,12.3073,1.4132,537412.3938,495811.8809
605081.SH,20260227,4.6232,2.47,,1.3951,124458.5321,124458.5321
301317.SZ,20260227,45.7782,1.53,23.0179,6.7774,911702.0,302741.0514
600976.SH,20260227,1.0139,0.62,15.4433,1.9514,503914.401,503585.901
300947.SZ,20260227,2.8369,0.68,140.3818,2.4653,308018.6244,307896.4158
300846.SZ,20260227,37.3032,1.08,,20.8657,1785280.8568,1393126.9757
000007.SZ,20260227,3.6612,1.01,83.2744,25.831,471862.2359,471862.2359
003816.SZ,20260227,4.0537,1.97,21.206,1.6178,19946998.696,15537366.821
000788.SZ,20260227,2.3169,0.91,26.1041,2.3472,374876.0903,374876.0903
920931.BJ,20260227,1.5442,0.56,123.0484,3.319,130280.91,39912.0346
002632.SZ,20260227,18.8348,1.6,42.2799,4.0529,868817.3342,809403.4413
301277.SZ,20260227,1.9444,1.0,40.596,3.2994,502252.4304,502252.4304
300142.SZ,20260227,1.4133,0.81,401.423,2.0516,1976794.7967,1923147.4502
920508.BJ,20260227,2.1406,0.99,122.6592,7.2617,139620.0,74245.0875
002332.SZ,20260227,1.5004,0.89,33.9756,1.5778,929852.574,925499.2883
002762.SZ,20260227,1.7321,1.06,,3.1194,240737.0,143737.3351
603232.SH,20260227,6.1926,0.49,646.3218,4.5322,609784.118,602536.487
300025.SZ,20260227,1.9397,0.9,,5.9158,319013.1621,317507.8599
300605.SZ,20260227,4.5963,1.04,,5.669,274956.5083,198945.1191
300033.SZ,20260227,2.8934,0.88,75.1215,23.8151,17867673.6,10407871.7795
301223.SZ,20260227,2.7751,0.8,23.6982,1.3213,392242.0744,227502.5869
000655.SZ,20260227,6.6868,0.98,24.5251,1.9515,673329.8001,673329.8001
605009.SH,20260227,1.1959,0.56,22.2523,1.9482,659607.2993,659521.4233
688458.SH,20260227,1.6654,0.61,,2.6374,488418.8984,372515.141
603271.SH,20260227,9.4962,1.48,24.1756,3.3679,948780.56,189833.28
600674.SH,20260227,2.9513,2.58,16.3426,1.5859,7038932.2596,7038932.2596
603198.SH,20260227,1.3913,0.67,14.5234,2.9945,3041600.0,3041600.0
002603.SZ,20260227,1.4969,0.8,,2.8624,2920392.9972,2406728.0998
002351.SZ,20260227,1.5789,1.22,26.942,3.8488,1106938.215,648715.6849
300816.SZ,20260227,13.9889,2.63,71.8045,5.7377,519840.0,368232.3744
001266.SZ,20260227,9.8435,0.79,92.2809,3.8933,369781.4639,207350.6051
002190.SZ,20260227,3.5234,1.4,,2.4995,1310079.5606,1310079.5606
002728.SZ,20260227,4.493,0.61,79.4262,3.5112,633045.0801,464988.903
300963.SZ,20260227,4.8505,1.2,122.8782,8.5193,940212.0,593295.994
002444.SZ,20260227,1.4267,0.86,16.9041,2.2912,4265481.5879,4096054.0502
603648.SH,20260227,1.3632,0.87,34.6215,2.0752,379808.6144,379808.6144
601825.SH,20260227,0.2263,0.78,6.5568,0.6441,8110977.7782,7883905.2199
000988.SZ,20260227,11.4464,1.29,56.3147,8.2854,9035447.3251,9030801.1138
603025.SH,20260227,3.7899,0.85,27.6231,7.3404,1913946.2809,1901125.5609
600023.SH,20260227,3.8726,1.64,9.8133,0.9606,7146854.5552,7146854.5552
002683.SZ,20260227,2.4454,0.75,40.0365,5.4143,3608490.6688,3155686.6809
600212.SH,20260227,2.0266,0.87,176.7024,10.0585,542195.664,409008.764
000720.SZ,20260227,3.398,0.74,,2.1158,498843.0337,498843.0337
000969.SZ,20260227,9.4716,1.63,85.3589,4.7354,2679874.9817,2637086.1633
603585.SH,20260227,16.4328,1.88,35.9643,1.6964,430785.4307,421208.1557
600728.SH,20260227,3.1848,1.35,55.1764,1.8756,1473626.0894,1473626.0894
688362.SH,20260227,8.4966,1.53,246.2192,7.8854,2024912.787,2024912.787
300791.SZ,20260227,1.8388,0.64,19.5784,2.755,676488.6239,564098.2551
002821.SZ,20260227,1.4913,1.04,33.8688,2.0279,3518530.9575,3090749.3468
601127.SH,20260227,1.9098,0.96,25.892,4.6646,18694983.943,16202982.4953
000516.SZ,20260227,1.4422,0.93,,3.2266,1076909.3382,1060535.8654
000902.SZ,20260227,3.1278,0.86,14.572,1.9939,2296162.6253,2091292.6283
600746.SH,20260227,2.6381,0.92,71.207,1.7179,936609.993,935198.0423
603773.SH,20260227,12.6679,1.86,,8.0573,940870.355,940543.691
301072.SZ,20260227,2.8197,0.67,,3.4753,260514.0428,166507.009
600004.SH,20260227,1.0667,0.71,17.896,1.1733,2422609.9221,2224715.186
300901.SZ,20260227,4.0113,1.34,,4.3988,426000.0,426000.0
600590.SH,20260227,19.0822,1.03,,4.0485,1294656.2805,1280538.5359
601083.SH,20260227,7.7956,1.09,10.9101,1.8262,1621532.36,243232.36
920370.BJ,20260227,18.4334,3.34,,2.3354,135728.071,118226.2102
688766.SH,20260227,4.2938,0.55,184.4989,15.8861,3841874.1969,3841874.1969
000099.SZ,20260227,2.6541,0.99,44.8117,2.9182,1581795.3093,1581795.3093
300014.SZ,20260227,2.446,0.66,34.9158,3.213,12927994.7532,12464820.2801
301335.SZ,20260227,2.0253,0.77,76.7851,1.9141,367129.8004,146426.0243
920108.BJ,20260227,1.1251,0.67,71.5592,4.6477,228853.8,47050.3877
688652.SH,20260227,7.2845,1.07,139.9357,9.7252,2121840.0,1525072.5
688671.SH,20260227,3.0342,1.31,,1.8218,193784.6452,115618.6971
603186.SH,20260227,14.6953,1.06,,6.2782,1277529.1407,1277529.1407
688767.SH,20260227,2.4915,0.42,53.5356,2.348,549098.6691,549098.6691
688522.SH,20260227,3.2364,0.89,102.2137,5.5632,1265006.6551,505216.0862
300660.SZ,20260227,3.3709,0.78,72.9456,6.6959,2322427.2303,2320567.877
301539.SZ,20260227,3.8197,0.79,52.7946,3.9561,322640.0,163634.7218
603811.SH,20260227,1.6659,1.14,16.8315,2.8818,380982.2285,380982.2285
301268.SZ,20260227,2.7695,0.64,,5.4688,919311.2365,791426.0799
002586.SZ,20260227,3.4018,2.92,,1.939,577832.9756,549196.5915
301165.SZ,20260227,11.3492,0.91,85.6628,14.552,7219545.4504,7219545.4504
000850.SZ,20260227,2.2369,0.73,17.9445,1.2081,550156.7002,550000.3805
300241.SZ,20260227,6.7138,1.13,119.6345,2.0428,456572.0282,382319.6733
688378.SH,20260227,4.6143,1.42,497.0344,6.1294,1020798.5574,986733.5382
603193.SH,20260227,0.8575,0.54,31.0874,4.369,949175.9146,242426.9926
920000.BJ,20260227,1.2035,0.71,25.5194,2.6147,173366.88,108910.1122
301383.SZ,20260227,6.3183,2.06,161.593,2.7794,558538.7808,241430.1208
300221.SZ,20260227,4.5156,0.83,58.1629,3.9277,564241.8298,543682.9748
002426.SZ,20260227,4.5648,0.87,,5.7397,1384868.7478,1384858.1556
603919.SH,20260227,4.5821,1.03,28.611,3.2848,1084014.6136,1084014.6136
300778.SZ,20260227,11.3039,0.98,,2.5595,316283.424,316221.0618
600027.SH,20260227,6.5591,2.25,8.4801,1.2432,5922004.8338,4699995.4368
300353.SZ,20260227,4.7356,0.88,376.8038,7.7023,1530468.3808,1337237.7058
603755.SH,20260227,4.8342,0.88,38.656,4.5211,325523.761,325523.761
301023.SZ,20260227,3.6671,0.75,45.5639,4.6232,368008.5882,196822.987
600959.SH,20260227,2.5602,0.71,45.8463,0.9194,2090299.9927,2090299.9927
002163.SZ,20260227,6.1427,0.57,,18.4867,1302080.073,1238268.8164
002065.SZ,20260227,3.3068,1.58,86.0294,2.5408,3099701.4566,2811960.2346
688041.SH,20260227,4.4292,2.0,238.7182,27.9825,60688467.556,60688467.556
603016.SH,20260227,3.2721,0.99,77.1396,6.1983,511152.0,511152.0
920856.BJ,20260227,1.9636,0.84,86.7054,3.248,153534.3776,85638.8997
002926.SZ,20260227,0.8087,0.63,15.3062,0.9655,2346750.0,2346750.0
000776.SZ,20260227,1.2516,0.89,11.8109,1.2571,16306978.0449,12304038.7641
600265.SH,20260227,0.7017,0.92,,302.975,263234.4,263234.4
600702.SH,20260227,1.5837,0.62,118.6705,2.4924,1766949.6475,1766206.2475
002201.SZ,20260227,8.3051,0.54,114.8856,7.7523,897303.1039,828986.2493
603722.SH,20260227,1.6268,0.69,,4.0446,386287.6383,378302.5783
301398.SZ,20260227,12.2099,2.7,103.7844,6.4137,719488.0,239094.856
600824.SH,20260227,1.8104,0.77,250.7827,1.9446,469042.0475,469042.0475
600011.SH,20260227,4.7815,2.59,7.8041,1.7,11365419.5919,7962341.9814
301208.SZ,20260227,3.8173,1.02,75.1521,3.1764,487920.244,268648.996
603507.SH,20260227,5.2457,0.83,106.1701,2.4931,603771.0817,595486.0777
600886.SH,20260227,2.1659,2.23,16.1129,1.6004,10605954.8972,9876788.231
688171.SH,20260227,5.4174,2.04,449.327,5.8411,481864.5968,481864.5968
002666.SZ,20260227,3.1921,0.97,65.9202,1.3134,464131.5883,294893.5704
000409.SZ,20260227,3.8849,1.45,128.9613,5.132,807486.6915,703366.2605
600395.SH,20260227,3.1322,0.81,248.4059,1.2198,1281535.0617,1281535.0617
300906.SZ,20260227,3.5401,1.13,42.5386,3.2164,289680.0,261425.337
601890.SH,20260227,24.6354,1.07,43.7722,3.547,1313418.6,1313418.6
301498.SZ,20260227,1.5458,0.71,37.0099,5.5187,2469716.0043,1106669.7473
300535.SZ,20260227,3.7621,1.07,,2.4767,239831.513,175034.811
000533.SZ,20260227,15.901,0.68,78.1269,8.5118,806873.088,799966.0032
003031.SZ,20260227,5.5732,1.13,59.3184,5.7807,3637741.3078,2743363.7532
002009.SZ,20260227,20.6676,0.58,,6.3113,1263816.7364,1112653.1118
600106.SH,20260227,1.3679,1.37,36.4919,1.6195,838614.8141,838614.8141
000586.SZ,20260227,9.6811,1.19,380.9863,9.0368,306022.08,302462.58
688013.SH,20260227,4.2871,1.64,43.766,6.3455,354893.4388,354893.4388
601800.SH,20260227,1.3499,0.89,6.3823,0.4541,13247560.3992,9587647.9012
603568.SH,20260227,0.8384,0.85,17.6532,3.2939,4815720.6141,4807036.0701
688425.SH,20260227,1.4667,0.87,19.4922,1.555,2890755.374,2890755.374
688428.SH,20260227,1.7664,0.63,,6.1688,4111620.4082,625278.1406
002273.SZ,20260227,4.4513,1.23,34.0527,4.0913,3921582.8632,3841437.4283
600487.SH,20260227,10.6672,1.35,41.4052,3.807,11716989.6208,11614610.3438
002881.SZ,20260227,12.3074,2.97,81.7938,7.7995,1287314.5326,894702.0845
301092.SZ,20260227,11.647,1.27,52.1968,2.8195,546616.8589,246577.7168
920720.BJ,20260227,1.8468,1.17,59.7029,7.3467,366674.4662,102883.8705
688733.SH,20260227,2.7911,0.94,,2.9183,632887.8019,632887.8019
300143.SZ,20260227,2.3249,1.47,72.242,3.4256,864867.151,740133.1097
002298.SZ,20260227,6.1577,1.73,,3.5946,820042.8783,732004.0913
300292.SZ,20260227,4.2949,1.03,64.0365,4.7685,668198.9571,555740.5169
688258.SH,20260227,10.589,1.16,285.5685,18.9714,1637843.0442,1637843.0442
688073.SH,20260227,3.5521,1.03,34.5554,2.6455,529756.7039,252011.9886
300855.SZ,20260227,8.1918,1.79,141.8143,9.5151,1875610.373,1389198.0064
301215.SZ,20260227,2.7876,0.83,44.6958,3.364,965123.1,964029.6
603105.SH,20260227,6.6916,1.7,27.2048,2.4717,527009.5935,527009.5935
603132.SH,20260227,11.2716,1.02,37.7148,5.6559,1783872.0,1783872.0
002913.SZ,20260227,11.8074,1.67,43.4795,3.5165,1551892.8646,1475231.8945
600956.SH,20260227,5.3533,2.44,20.3318,1.4835,3528925.9831,1836205.3454
601818.SH,20260227,1.2459,0.68,4.7503,0.3898,19143718.5438,15035808.2418
600926.SH,20260227,0.5703,0.99,6.19,0.8844,11779629.1405,11779629.1405
002166.SZ,20260227,2.2268,0.87,51.7733,2.2177,682280.671,680657.791
920047.BJ,20260227,1.0492,1.38,,22.412,622323.109,408661.4829
000529.SZ,20260227,2.0931,0.7,34.522,1.1309,358447.2626,349909.0075
300559.SZ,20260227,3.2876,1.35,142.7915,4.1017,496197.0922,386431.9466
603189.SH,20260227,4.8936,1.2,1019.8701,3.8863,585728.5624,585728.5624
688426.SH,20260227,2.7998,1.03,,2.033,282696.7083,96568.4784
001389.SZ,20260227,9.5036,2.02,56.172,13.9962,5097182.125,1809965.3771
600841.SH,20260227,14.0504,1.18,,4.8359,1529379.606,1149412.9814
300968.SZ,20260227,2.9,1.25,231.5254,3.0721,582865.8,582865.8
300634.SZ,20260227,9.9382,1.23,57.5015,4.5648,1330169.7332,1281122.678
300295.SZ,20260227,3.1827,0.88,,1.8554,209143.9265,184781.0545
688370.SH,20260227,3.283,0.77,164.5475,1.4899,394185.1521,394185.1521
301106.SZ,20260227,3.4614,0.91,35.5896,2.6747,342186.8121,342186.8121
300126.SZ,20260227,4.5129,1.45,,2.6481,276601.416,191693.9606
920578.BJ,20260227,2.8574,1.05,289.5189,6.8209,183014.4791,55039.0
301093.SZ,20260227,4.4724,1.04,255.3562,5.95,1293416.1922,1236169.0471
600827.SH,20260227,0.9193,0.57,65.48,0.8015,1589693.7922,1429564.8787
300718.SZ,20260227,3.7199,0.58,97.2144,14.3771,2408158.9818,1562366.786
600330.SH,20260227,10.0306,0.76,969.0527,2.6379,2115340.0234,2115340.0234
300378.SZ,20260227,7.4999,1.43,84.4207,5.8146,1324086.7231,1314274.9921
000708.SZ,20260227,4.2516,2.03,16.1927,2.2454,9100025.883,9100025.883
603501.SH,20260227,2.2883,1.23,37.3,4.8481,15509934.6285,14885819.0985
603399.SH,20260227,14.0837,1.46,,3.821,633703.5328,633703.5328
301616.SZ,20260227,4.0826,1.08,21.5483,3.0131,430240.0,107560.0
603288.SH,20260227,0.8162,0.85,30.7135,5.5671,21043162.4986,19995919.5562
300158.SZ,20260227,2.9223,0.63,,1.6904,611258.6825,610878.8483
688017.SH,20260227,4.7713,0.59,341.0311,12.0441,4260042.1146,4260042.1146
002626.SZ,20260227,2.232,0.95,24.7726,2.6985,1194252.2816,1194071.1666
600816.SH,20260227,2.447,1.95,453.0867,2.0639,2864734.4419,1591519.1344
301306.SZ,20260227,19.6959,2.0,,10.0277,917850.0,634012.5
688348.SH,20260227,3.8405,1.11,145.8267,2.2976,832177.3414,832177.3414
002114.SZ,20260227,16.8222,1.64,,4.1358,349590.2836,349585.4797
688590.SH,20260227,4.6403,0.94,,3.1814,453235.3796,453235.3796
002301.SZ,20260227,2.612,0.65,123.8777,1.7902,553243.1846,550698.501
603639.SH,20260227,3.0546,0.94,26.7362,1.4641,517129.741,502680.0589
600130.SH,20260227,1.9656,1.02,748.8695,3.5235,338250.0,338250.0
605377.SH,20260227,3.6373,1.07,19.0708,1.3249,508796.625,508796.625
300094.SZ,20260227,7.8844,0.65,,4.1096,423062.7199,414569.0246
300862.SZ,20260227,3.0001,0.55,,2.2994,457667.7791,375496.6264
000692.SZ,20260227,2.8401,0.88,,,215264.5223,215264.5223
600299.SH,20260227,6.6082,1.0,29.0806,1.7552,3464751.6641,3017138.9321
688408.SH,20260227,4.7269,1.48,,2.4607,1009893.7345,1009893.7345
300596.SZ,20260227,3.0288,0.73,22.7325,2.4061,1146950.2367,1114108.731
920092.BJ,20260227,10.1216,0.81,,6.5208,242172.9097,124179.8815
920185.BJ,20260227,1.9521,1.1,37.8301,2.6921,3402051.0996,3340645.1583
688529.SH,20260227,1.7901,0.78,,1.9449,344592.5277,344592.5277
688616.SH,20260227,3.4231,1.14,26.1359,2.9265,248618.2753,248618.2753
603289.SH,20260227,3.8488,1.03,31.4158,2.2559,328595.727,328595.727
000029.SZ,20260227,1.7849,0.65,,6.4096,2348062.86,2069542.86
002016.SZ,20260227,1.5152,0.53,36.5268,1.0254,502448.3875,502448.3875
300760.SZ,20260227,0.9041,1.02,26.2069,5.9855,22541710.3972,22541045.2684
301603.SZ,20260227,5.7214,1.13,26.41,3.9129,905820.76,283031.4825
301216.SZ,20260227,3.7654,1.08,,2.1447,1299622.5536,1228241.8557
601899.SH,20260227,1.6674,0.92,23.0838,6.2655,105162394.5687,81476532.3687
002887.SZ,20260227,6.4463,0.71,30.7549,1.5925,364736.9284,231964.4111
002392.SZ,20260227,1.8557,1.09,28.1068,1.738,1002393.2864,963148.1245
300573.SZ,20260227,2.7821,0.99,27.766,9.5616,1794253.3861,1379977.6647
002713.SZ,20260227,5.2558,0.74,,,1001829.6588,554405.375
000963.SZ,20260227,0.7788,0.87,17.0483,2.6122,6303951.6465,6301631.0906
600715.SH,20260227,1.6639,0.41,,8.278,929706.4515,655483.2432
300650.SZ,20260227,5.9305,0.8,75.1655,3.2371,410396.7169,320249.2411
301370.SZ,20260227,1.7423,0.93,56.0875,2.1987,551072.6,379109.5649
688173.SH,20260227,3.4258,0.88,,4.7637,695841.098,691133.0037
301232.SZ,20260227,24.2766,1.69,,11.2106,1582317.729,940335.2628
000753.SZ,20260227,6.4543,2.16,132.8402,2.7291,746585.2465,746585.2465
603569.SH,20260227,2.4856,0.94,68.6669,1.6325,459269.018,459269.018
002291.SZ,20260227,6.3145,0.62,,2.3311,703218.0255,653582.203
300721.SZ,20260227,11.3372,0.74,,2.477,279580.0693,234644.4306
002167.SZ,20260227,15.0846,2.27,46.9926,6.8926,1206941.0014,1180032.2584
920641.BJ,20260227,4.4121,1.04,168.5522,4.2995,149399.25,90389.0357
001368.SZ,20260227,6.0995,0.63,31.8574,2.3192,317263.5629,89423.9579
300169.SZ,20260227,3.3334,0.74,,,225255.1789,208499.4254
603721.SH,20260227,2.4102,0.88,,6.2799,288860.0,288860.0
300171.SZ,20260227,2.6254,0.81,78.8756,1.7371,1363939.7392,1002092.7493
301203.SZ,20260227,5.5093,0.7,30.2371,2.734,389680.0,213556.8175
301087.SZ,20260227,3.5626,1.35,37.6933,2.5593,1206380.175,1121776.5405
300959.SZ,20260227,4.7178,0.8,332.683,6.3527,712621.2826,464233.7269
688661.SH,20260227,10.6311,1.2,406.9403,12.7124,1573557.8774,1573557.8774
600166.SH,20260227,2.2532,0.75,33.2923,1.6492,2533568.1174,2533568.1174
002955.SZ,20260227,2.2429,1.27,109.8388,1.9774,650049.8383,539180.5776
301097.SZ,20260227,3.6949,0.95,263.069,2.8955,342189.4712,168004.6412
601838.SH,20260227,0.9071,1.01,5.1481,0.8081,6853549.9707,6853549.9707
002456.SZ,20260227,1.6824,1.1,,8.3805,3304740.4651,3260639.9356
000802.SZ,20260227,2.8588,0.45,,4.0874,318575.6135,318382.0385
301225.SZ,20260227,4.2146,1.02,100.5278,9.093,1394699.58,403138.062
301170.SZ,20260227,4.8104,1.04,28.0754,1.7856,315400.0,105896.8905
002207.SZ,20260227,23.7255,1.01,,83.5167,295860.5218,294456.6351
600784.SH,20260227,1.9328,0.97,23.8923,1.5285,498631.3804,498631.3804
601996.SH,20260227,2.6316,0.78,,1.1166,284712.2617,284712.2617
001212.SZ,20260227,3.6582,1.01,,5.6481,1081162.7771,935306.1351
688296.SH,20260227,3.6751,1.14,,2.9443,176738.0051,175909.9961
002673.SZ,20260227,1.3373,1.25,18.6429,1.2101,3575665.364,3575665.364
603926.SH,20260227,3.546,0.97,53.0444,3.124,539613.4887,530697.9667
002448.SZ,20260227,4.7518,0.66,33.4196,2.6611,992058.6632,768036.0716
300347.SZ,20260227,1.2142,0.65,83.8874,2.425,5135159.3622,3376901.5246
600370.SH,20260227,11.373,0.65,,1.8073,892339.8842,892339.8842
603690.SH,20260227,4.5362,0.99,,2.2259,1116340.7888,1116340.7888
301269.SZ,20260227,1.7596,0.67,918.0683,10.5999,5507828.9656,5507828.9656
301256.SZ,20260227,11.2588,0.75,88.8609,4.6627,796320.0,796320.0
920566.BJ,20260227,1.1212,0.87,19.7371,2.0677,166846.4969,128861.5055
301085.SZ,20260227,33.2876,1.08,,5.3919,578533.4252,392764.5839
688261.SH,20260227,6.2224,0.81,212.5298,4.1902,1235800.898,1230977.8103
920779.BJ,20260227,2.6686,1.65,47.0348,5.7803,269851.8064,67511.8907
688508.SH,20260227,4.0103,0.59,43.0244,3.3628,911819.0426,911819.0426
002903.SZ,20260227,18.959,1.24,1299.2418,4.8856,396602.638,269913.8101
300952.SZ,20260227,5.2897,0.66,71.2297,4.3922,744021.6474,451743.4563
000948.SZ,20260227,1.8223,1.01,138.7787,2.5218,677236.8004,675915.8415
603889.SH,20260227,1.1783,0.72,15.4222,1.868,671822.1276,666743.3596
002438.SZ,20260227,4.513,0.63,31.6928,2.6023,955185.5016,882433.4153
301155.SZ,20260227,2.4642,0.67,51.7001,2.9303,1685218.7375,956202.9674
300786.SZ,20260227,3.0762,0.88,,2.8476,316139.2801,251407.3422
601112.SH,20260227,6.634,0.47,46.7613,5.7434,3642586.8061,370984.0533
301166.SZ,20260227,2.1792,0.87,,1.4282,289380.0045,190051.4325
920128.BJ,20260227,3.9016,0.92,117.6181,4.4822,231391.5,108969.75
920970.BJ,20260227,1.5501,1.0,,3.3419,88419.0384,55916.8974
601997.SH,20260227,0.9321,0.84,4.1584,0.3362,2124251.0822,2124251.0822
600201.SH,20260227,2.1776,0.91,176.8742,3.2587,1782131.7651,1782131.7651
002399.SZ,20260227,1.3512,1.22,41.9723,1.4258,1763690.0372,1499136.4482
000630.SZ,20260227,9.0783,1.25,57.5046,2.9995,10633710.9074,8836408.0799
002899.SZ,20260227,1.8355,0.56,64.8383,2.7013,470437.7746,470437.7746
002780.SZ,20260227,3.9322,0.63,,3.552,269208.8688,212701.0637
000999.SZ,20260227,1.4733,0.82,14.0461,2.1678,4806261.1739,4801860.2807
688160.SH,20260227,3.4424,0.59,186.441,8.9869,1138127.5412,1138127.5412
600713.SH,20260227,1.3571,0.64,13.6143,1.037,722530.5827,711992.9159
002213.SZ,20260227,14.2774,1.75,,12.041,674219.6879,586921.6416
603071.SH,20260227,2.2075,1.32,12.1148,1.4279,797316.8976,797316.8976
000531.SZ,20260227,5.2499,1.7,17.0731,1.0438,720649.7217,629543.8777
920169.BJ,20260227,8.9519,1.1,86.864,9.0086,299121.9332,188073.4575
301578.SZ,20260227,2.6151,0.76,83.8981,3.237,301332.9759,85682.2902
300111.SZ,20260227,3.5572,0.73,942.8608,8.7044,598552.982,598552.982
300607.SZ,20260227,2.7725,0.64,,5.0664,1443318.5187,1004781.4965
002011.SZ,20260227,2.9604,0.95,12.3186,2.2369,1434693.9806,1414511.6735
603809.SH,20260227,1.6842,0.71,34.6711,3.2651,1192694.2939,1192694.2939
603010.SH,20260227,3.4865,0.91,209.8263,2.0128,727539.9838,727539.9838
600107.SH,20260227,1.3159,0.83,,4.8893,223200.0,223200.0
603279.SH,20260227,13.1323,4.37,19.6029,2.7366,1212688.792,1212688.792
002737.SZ,20260227,0.6563,0.79,,2.0218,819352.0,819352.0
002193.SZ,20260227,5.4538,1.07,,3.2303,176919.7118,176918.6978
603393.SH,20260227,6.0506,1.45,12.9089,1.607,1444299.9611,1441915.0747
301009.SZ,20260227,2.7189,0.67,97.129,2.7013,360214.5,200121.4121
002313.SZ,20260227,2.133,0.83,,276.7545,370281.6,370255.5646
002385.SZ,20260227,2.2657,0.9,37.1087,2.0282,1741531.8188,1427251.5442
300652.SZ,20260227,3.1021,1.08,41.2828,4.4973,680425.3078,610681.1456
603609.SH,20260227,1.0663,1.1,36.8391,1.0412,672135.4384,672135.4384
002238.SZ,20260227,4.3494,0.63,,3.1833,675754.8127,675754.8127
605183.SH,20260227,3.308,0.84,16.8227,2.5942,940311.7908,932502.9751
001400.SZ,20260227,25.5261,1.99,65.5972,5.918,727920.0,181980.0
688038.SH,20260227,16.7309,3.55,,4.8313,285813.0704,285813.0704
603128.SH,20260227,2.089,1.33,21.2586,1.3088,793282.1754,793282.1754
688163.SH,20260227,3.6536,1.44,53.3634,2.4804,275961.0,275961.0
300920.SZ,20260227,4.6743,0.8,130.8979,3.8589,457500.0,253369.4978
600536.SH,20260227,2.7925,1.17,,11.8187,4165621.9512,3763548.9476
600268.SH,20260227,6.9894,0.81,31.5657,4.1053,1409012.7691,1402023.1144
300588.SZ,20260227,2.2208,0.89,,18.0554,494761.1415,456908.1255
600009.SH,20260227,0.6533,0.65,32.0827,1.8284,7591843.085,6243198.8003
920419.BJ,20260227,0.819,0.87,24.1557,2.6377,159091.856,148792.1805
603028.SH,20260227,6.3236,1.93,,5.9076,302540.16,299536.26
688691.SH,20260227,9.0512,1.07,,14.1862,1748160.0,1041102.2657
603112.SH,20260227,4.8388,1.89,17.3021,2.2028,925852.345,865910.6009
002421.SZ,20260227,2.0094,0.77,,2.1204,629812.7468,595987.674
600736.SH,20260227,2.9866,0.63,47.69,1.0995,820871.8427,820871.8427
688311.SH,20260227,5.246,1.23,,5.0963,806018.2368,806018.2368
601007.SH,20260227,3.0713,0.65,100.9901,2.0092,318240.0,318240.0
600059.SH,20260227,1.5036,0.53,43.9398,1.555,904250.0737,904250.0737
000932.SZ,20260227,2.7743,0.98,16.7319,0.8356,4635692.4068,4635634.7572
002841.SZ,20260227,0.8416,1.0,29.6483,2.0478,2690799.963,2015521.4942
688475.SH,20260227,2.7094,1.31,41.101,4.022,2328637.5,2328637.5
600305.SH,20260227,0.8657,0.49,59.0615,2.6194,879644.8648,876875.6413
600292.SH,20260227,5.6016,0.57,18398.0504,2.3145,6662293.6317,1187622.4897
920781.BJ,20260227,1.1437,0.84,,3.5234,139264.9157,91976.0892
600406.SH,20260227,2.0038,0.72,27.4337,4.4552,21926694.3059,21862261.168
000055.SZ,20260227,1.2977,0.56,392.7076,0.7089,431697.4393,271692.5961
000997.SZ,20260227,2.9362,1.7,22.9935,3.5487,2549967.4521,2535724.922
000049.SZ,20260227,2.2058,0.83,24.4435,1.5317,1020446.0307,1020170.9889
301213.SZ,20260227,3.8818,0.82,,7.6552,600639.9925,388246.5559
002440.SZ,20260227,15.7108,0.84,58.0371,1.7574,1669139.8589,1405342.6235
920892.BJ,20260227,1.4693,0.72,27.7918,7.2944,283294.3,246597.3014
605196.SH,20260227,3.1709,0.98,80.5937,7.2961,2408356.1069,2379889.5869
002534.SZ,20260227,9.7752,1.17,90.6609,3.2797,1748776.3903,1725359.6971
600881.SH,20260227,1.4,0.98,,3.487,591483.6308,591483.6308
688231.SH,20260227,11.439,1.34,119.9284,3.3802,926701.7148,926701.7148
003037.SZ,20260227,1.8493,0.61,56.2423,1.7028,477462.5184,477462.5184
688386.SH,20260227,1.615,0.68,72.06,10.9729,888160.0,888160.0
603111.SH,20260227,1.1409,0.96,17.1163,1.5693,622386.1452,615778.3463
002984.SZ,20260227,1.1767,0.51,14.5121,1.6196,2141381.8797,1475093.8159
600372.SH,20260227,3.9055,0.99,94.3786,2.0435,7809979.1608,7809979.1608
301098.SZ,20260227,4.2779,1.48,,1.4686,175474.5424,142803.6199
603120.SH,20260227,6.6006,0.61,45.1738,3.5265,402099.2,100524.8
301469.SZ,20260227,30.1189,1.06,48.6885,2.4809,341724.12,175898.118
688012.SH,20260227,2.2024,0.88,115.3758,10.2838,22081640.3967,22081640.3967
600971.SH,20260227,4.9376,1.25,318.4951,0.7307,874803.5604,874803.5604
300992.SZ,20260227,3.7624,0.79,173.0544,3.5147,303937.2348,247048.9688
002192.SZ,20260227,8.7465,1.41,87.8256,4.4806,1549622.2515,1546429.5207
688373.SH,20260227,1.0305,0.68,,15.9357,415392.5645,383368.7875
300736.SZ,20260227,4.5041,0.67,,32.6767,268022.4088,262055.6665
688212.SH,20260227,2.3715,1.71,510.9617,4.461,585659.1723,585659.1723
002022.SZ,20260227,1.47,0.79,,1.0203,316324.9782,316265.0157
300236.SZ,20260227,4.3771,0.93,98.5853,4.6672,2534315.398,2254064.9821
300909.SZ,20260227,23.0211,4.5,117.0971,4.8093,969859.4933,685237.363
600622.SH,20260227,4.5402,0.8,,1.4739,433409.0812,433409.0812
603588.SH,20260227,8.1623,2.03,35.0608,2.0754,1987820.9664,1987820.9664
002839.SZ,20260227,1.3008,1.0,5.6983,0.6183,1119509.9981,1118474.4835
601916.SH,20260227,1.0002,1.43,5.8674,0.4613,8184461.517,6420241.917
301632.SZ,20260227,3.5895,0.77,73.1855,3.825,1019612.16,178466.232
000949.SZ,20260227,4.6826,0.79,67.0197,1.8576,1202909.3434,1202579.0141
002380.SZ,20260227,4.3994,0.87,25.1284,3.2016,779732.8676,460551.8906
603013.SH,20260227,3.3634,1.01,22.915,2.8462,1245137.9318,1245137.9318
603268.SH,20260227,3.1287,0.57,85.1566,13.2465,10687298.3377,2567846.9601
603739.SH,20260227,3.6369,0.97,48.1415,2.2678,402315.8969,402315.8969
301178.SZ,20260227,3.6149,0.94,,4.544,350308.672,259256.0321
002446.SZ,20260227,4.4374,0.78,,4.0585,1032588.9367,956292.7899
600515.SH,20260227,1.4346,0.62,156.6411,2.0625,4855756.5809,3899805.3159
300148.SZ,20260227,5.8963,0.59,62.5295,4.1104,423918.0095,409535.5057
603878.SH,20260227,10.1055,1.63,129.2717,2.0718,541497.6904,541497.6904
002443.SZ,20260227,5.6846,1.1,29.5967,1.4903,509604.2741,508518.614
301141.SZ,20260227,17.5275,1.35,204.5658,6.3274,808816.6172,290266.6972
300886.SZ,20260227,2.8045,0.64,76.5684,3.8369,222898.04,130065.974
600050.SH,20260227,1.2431,1.01,16.254,0.9131,15382097.2609,15137278.4545
300149.SZ,20260227,2.0788,0.95,,4.2942,538299.0754,512991.7595
002197.SZ,20260227,5.7149,1.45,,2.7539,570743.1601,496086.0111
688270.SH,20260227,10.8038,1.44,285.2886,16.8598,3800914.2612,3800914.2612
300093.SZ,20260227,1.0739,0.9,,,949320.0,490482.0
600026.SH,20260227,7.493,0.87,33.6312,2.4776,11247424.4867,7151089.8209
002145.SZ,20260227,4.7387,1.14,48.6544,1.7474,2108896.3894,2065795.5805
300310.SZ,20260227,4.8707,0.95,,3.2769,625095.8985,490550.3262
600338.SH,20260227,8.3388,1.44,40.8499,4.1898,1825677.7055,1825677.7055
300255.SZ,20260227,3.386,0.83,,28.259,4287418.9959,4281051.2709
002116.SZ,20260227,2.4175,1.06,15.2476,1.8852,522620.923,516905.3562
000959.SZ,20260227,2.9035,1.21,36.3339,0.8797,4435841.3356,4302973.5412
000027.SZ,20260227,3.6463,1.75,18.1098,1.0201,3339687.721,3339687.721
688685.SH,20260227,4.0635,1.11,138.2981,9.1947,772733.4718,772733.4718
688191.SH,20260227,10.0527,1.04,171.4871,12.2043,1037793.6576,1037793.6576
603976.SH,20260227,2.5057,1.08,179.9285,2.6948,317527.875,317527.875
688063.SH,20260227,3.5202,1.24,308.0054,1.7375,1588946.4965,1588946.4965
002217.SZ,20260227,2.3492,1.16,8.3573,12.3463,2311134.2688,1755224.2538
688670.SH,20260227,3.7855,1.13,,2.2255,244798.4,244798.4
301179.SZ,20260227,2.545,0.81,49.8476,2.9773,722271.9182,424184.7319
002909.SZ,20260227,3.339,0.81,5601.0301,3.3543,301470.0,294070.3671
688638.SH,20260227,3.3213,1.06,,2.7479,234752.0,110924.6042
002043.SZ,20260227,2.1323,0.86,19.1089,4.3531,1398966.0533,1241101.2789
688563.SH,20260227,4.1293,0.72,61.6501,3.1744,3305700.0,859401.1426
000833.SZ,20260227,9.7445,0.59,36.8607,4.6996,1834362.0394,1037616.5335
600833.SH,20260227,1.7116,0.73,42.7382,2.5408,294920.1507,294920.1507
603680.SH,20260227,2.098,0.86,23.8099,2.1919,1201440.8698,1201440.8698
002188.SZ,20260227,3.9765,0.85,88.4513,7.2313,234533.4705,184529.276
000778.SZ,20260227,3.9475,1.16,54.1644,0.7931,2076707.5173,2040249.2799
920027.BJ,20260227,1.8172,1.51,33.0077,4.0623,171792.3915,91539.3915
300593.SZ,20260227,7.141,1.3,,7.7164,1841782.3023,1528644.5859
603530.SH,20260227,12.344,1.59,69.7948,15.9111,2597446.0878,2572055.5452
688357.SH,20260227,3.6171,1.69,37.455,2.1156,369020.819,369020.819
301389.SZ,20260227,12.3461,0.82,138.3722,7.0271,1539972.0,459379.0633
002107.SZ,20260227,2.5656,1.03,43.9622,5.8134,420785.7984,416546.2377
603833.SH,20260227,0.9754,0.68,14.4907,1.9122,3478872.0234,3478872.0234
600545.SH,20260227,16.1718,0.78,,1.9136,611465.9799,611465.9799
002676.SZ,20260227,2.1132,0.92,81.5249,4.3899,572400.0,572381.2849
600758.SH,20260227,5.027,1.45,128.4403,0.964,534095.0272,533580.3312
000524.SZ,20260227,5.8449,1.17,105.2629,3.7227,847143.6666,846815.4513
000566.SZ,20260227,5.2759,0.96,,28.1032,782311.171,781931.5867
920753.BJ,20260227,1.2842,0.83,59.0142,4.6073,181857.3581,72340.3269
920088.BJ,20260227,26.9615,0.89,92.5728,6.9219,464753.3055,167709.9095
002320.SZ,20260227,4.2103,0.85,118.998,5.7165,2301707.1511,2301707.1511
600499.SH,20260227,2.3418,0.96,23.7527,2.7436,3450223.6474,3450223.6474
002852.SZ,20260227,1.6548,0.71,13.5338,1.717,380772.9136,315791.6738
301586.SZ,20260227,3.3545,1.13,67.232,3.384,432136.4196,275560.8474
600871.SH,20260227,9.5294,0.71,97.4384,6.3743,6085211.7124,4348590.9647
002067.SZ,20260227,6.4477,0.83,137.9991,1.2947,856890.0886,777147.8386
601225.SH,20260227,1.2851,1.24,12.0113,2.4332,22977150.0,22977150.0
688800.SH,20260227,13.3079,1.13,71.6753,9.4486,2166779.1192,2166779.1192
002398.SZ,20260227,2.8383,0.71,79.9732,1.1283,406955.8555,331918.0077
003010.SZ,20260227,3.071,0.67,62.6171,12.1894,956196.8292,695161.0675
002511.SZ,20260227,6.6786,1.54,45.9743,2.1269,1166744.6764,1147369.1565
300061.SZ,20260227,1.4631,0.71,,13.2188,692602.3545,653900.36
603367.SH,20260227,1.6343,0.8,16.032,1.3021,790055.9551,790055.9551
002966.SZ,20260227,0.7342,1.01,6.7737,0.7385,3634648.2149,3574127.6925
000758.SZ,20260227,16.7198,1.82,32.9233,3.0192,1799357.6967,1786455.2573
920106.BJ,20260227,1.5553,0.6,30.9465,7.5732,438090.2835,337932.4106
920225.BJ,20260227,2.4907,0.75,44.4693,5.0166,366541.7659,239074.8608
688379.SH,20260227,4.4312,0.76,30.344,4.3266,485110.5252,485110.5252
000507.SZ,20260227,3.7864,1.49,17.1023,0.9426,515971.2761,506220.8493
000757.SZ,20260227,2.5527,1.02,60.9647,1.7867,284470.3947,284465.0147
000876.SZ,20260227,1.2213,1.24,36.3029,1.6164,3921916.4205,3920027.5577
688087.SH,20260227,5.6801,4.19,19.9368,2.4633,675892.7813,648693.0417
002747.SZ,20260227,3.1079,0.81,,10.6589,2068668.8259,1858212.2384
600300.SH,20260227,2.6766,0.74,14.7228,1.6994,598342.6066,598342.6066
000609.SZ,20260227,15.9678,2.16,,,322608.2327,313760.8172
002705.SZ,20260227,1.5903,0.59,10.5948,1.404,1174784.2537,1169325.6198
601368.SH,20260227,2.4684,1.36,53.7333,0.9885,479454.3808,479454.3808
603348.SH,20260227,0.8541,0.89,314.8169,1.4761,637445.2682,637445.2682
920046.BJ,20260227,33.6844,1.04,201.8879,12.0151,302944.25,191911.4746
601919.SH,20260227,1.5673,0.68,6.0412,1.0319,22984250.077,18846774.3475
300052.SZ,20260227,3.353,1.45,,10.0091,378385.836,378374.9985
301560.SZ,20260227,19.2809,1.08,58.6966,5.3786,522272.0,104454.4
688004.SH,20260227,4.82,0.65,,3.3711,196055.424,196055.424
600624.SH,20260227,1.6194,1.73,,5.8748,365488.6548,365488.6548
300923.SZ,20260227,3.8591,0.96,46.6222,2.0296,229669.2,223440.957
600720.SH,20260227,0.8334,0.88,11.0892,1.1067,1688822.3358,742660.6315
300555.SZ,20260227,1.9065,1.9,,5.8961,280200.0,277376.7931
600989.SH,20260227,2.3917,0.93,16.3232,3.8187,17548730.48,17548730.48
600562.SH,20260227,3.1039,1.08,57.2551,5.6853,3629950.4663,3629950.4663
001380.SZ,20260227,2.4126,1.05,22.8704,3.4221,634611.4093,206193.0276
300388.SZ,20260227,4.973,2.29,16.4439,1.2952,596592.9944,595506.7745
601058.SH,20260227,0.6339,0.57,14.0049,2.4534,5168893.6071,5168893.6071
601798.SH,20260227,2.735,0.77,,2.7897,353464.6134,353464.6134
301055.SZ,20260227,5.58,1.27,75.5858,5.2919,346320.0,346320.0
600783.SH,20260227,8.0464,0.98,103.9436,3.7879,1793905.8985,1793905.8985
920706.BJ,20260227,9.9708,1.21,52.0375,4.3089,256239.7444,117427.8705
600511.SH,20260227,0.7981,0.69,10.9848,1.2244,2209184.7781,1620198.3295
920066.BJ,20260227,7.7878,1.01,59.9451,4.2212,169578.2735,53618.2335
002660.SZ,20260227,2.1969,0.9,,2.8871,346997.1165,333726.0688
600288.SH,20260227,1.4816,0.84,162.3199,3.6787,700190.4,700190.4
603122.SH,20260227,12.4727,1.81,,6.1672,681864.1603,681864.1603
600079.SH,20260227,1.1788,0.57,22.6446,1.7104,3235071.8626,3058580.3221
920556.BJ,20260227,2.7848,0.86,62.3706,3.2761,172768.5792,125841.1762
300996.SZ,20260227,3.8138,1.15,46.8739,4.0109,505320.7978,419557.766
301202.SZ,20260227,8.0418,0.6,66.1846,5.2722,606298.0,165265.1
300384.SZ,20260227,7.8546,1.41,23.5611,2.2168,612812.9561,423066.9571
603776.SH,20260227,2.3328,0.97,,1.4831,528672.1571,528672.1571
603538.SH,20260227,6.5211,3.17,49.5938,2.1963,493367.467,483846.3884
002302.SZ,20260227,3.4696,0.51,,0.9556,814218.5261,814218.5261
688739.SH,20260227,0.6022,0.68,60.7582,1.1517,1081104.2,1081104.2
688523.SH,20260227,9.9799,1.48,244.9989,14.8247,2495395.04,591932.2416
301219.SZ,20260227,5.6838,1.3,28.4307,2.5687,2328265.7378,2282763.3494
920871.BJ,20260227,2.2498,1.0,115.6874,4.7945,126503.2738,66930.792
002356.SZ,20260227,12.5134,4.52,138.495,8.9083,553349.4079,553346.2429
300160.SZ,20260227,2.3978,0.97,22.2988,1.7768,465313.6678,458940.4292
600223.SH,20260227,1.9922,0.64,35.0399,1.7919,750227.756,750227.756
002685.SZ,20260227,3.6144,1.04,58.4873,4.8112,755767.9808,755667.237
688315.SH,20260227,2.2293,1.05,38.4849,2.4146,639283.2,639283.2
301656.SZ,20260227,2.1565,0.92,54.4607,6.8066,6293337.8115,436729.3827
603027.SH,20260227,1.6132,0.74,31.6965,4.0568,1338457.9136,1254613.8285
603990.SH,20260227,2.871,0.97,,5.4805,456973.8347,456973.8347
603666.SH,20260227,2.7622,1.16,,2.995,634061.3457,634061.3457
001339.SZ,20260227,34.3837,4.92,88.6868,6.8355,1540219.205,728998.741
002006.SZ,20260227,2.4981,0.89,49.4944,4.5026,1082209.9421,1082209.9421
603353.SH,20260227,15.1877,1.46,911.8106,4.4375,724239.978,717971.034
002958.SZ,20260227,1.0805,0.83,5.9094,0.4724,1755576.6993,1718907.5903
603175.SH,20260227,7.5949,0.86,128.6612,11.0359,3177640.193,319918.9685
002982.SZ,20260227,3.9024,1.46,95.5931,1.8958,300727.0712,192216.3024
002300.SZ,20260227,16.0569,1.33,89.2968,3.8088,720166.6989,720103.3974
601998.SH,20260227,0.9849,0.94,5.6734,0.5535,40064516.8301,29349359.4866
002413.SZ,20260227,10.5923,0.84,,5.8331,1961859.6581,1926305.149
300145.SZ,20260227,7.411,0.92,37.9388,3.2332,950519.8078,945860.2055
002690.SZ,20260227,1.3183,0.67,24.599,6.4815,1766222.2578,868361.524
002244.SZ,20260227,2.6811,1.04,10.5851,1.178,3500374.3763,3021636.7856
300753.SZ,20260227,11.1122,1.32,,6.3749,433479.072,302307.9121
605155.SH,20260227,2.6285,0.62,29.2381,2.7204,360405.6204,351984.894
300037.SZ,20260227,3.1118,0.68,39.1012,4.2147,4293481.5478,3074909.7211
002403.SZ,20260227,3.1936,1.53,,2.4962,399909.6917,348867.547
001217.SZ,20260227,10.0673,0.44,162.702,2.1312,479220.28,474473.8838
000680.SZ,20260227,1.3879,0.82,15.9436,3.4601,2019191.9558,1769588.6282
605318.SH,20260227,5.5112,0.42,,15.3491,992002.0309,992002.0309
603231.SH,20260227,1.9136,0.4,20.8859,1.8868,367984.3998,204243.2174
300967.SZ,20260227,9.2019,1.11,16.0742,4.6364,380019.2917,252682.9753
301328.SZ,20260227,3.6223,1.1,58.9327,3.004,583644.8777,268294.6823
301027.SZ,20260227,18.5801,3.65,164.9789,3.3938,323253.0,260014.8089
300969.SZ,20260227,9.2056,0.96,88.9059,11.5333,1593684.9243,715182.5228
301039.SZ,20260227,1.931,0.89,21.7477,1.2935,1879746.7933,1456784.7825
600371.SH,20260227,7.2121,0.94,136.8086,5.0335,276486.21,276486.21
300674.SZ,20260227,7.3022,2.98,42.8819,3.8438,1701705.914,1699179.5085
600704.SH,20260227,2.656,1.31,7.9635,0.7483,3025140.2357,3025140.2357
300539.SZ,20260227,10.924,0.89,176.6517,7.7919,905375.9356,735808.5763
000581.SZ,20260227,13.0952,1.67,16.0055,1.2299,2455635.6602,2016422.3045
003002.SZ,20260227,2.9862,0.86,30.5946,3.7123,556800.0,509046.8136
603709.SH,20260227,4.0167,0.87,,4.6254,239546.68,237707.613
002092.SZ,20260227,2.5995,0.63,,0.9035,1950284.6963,1939434.7193
603661.SH,20260227,1.7827,0.75,17.7405,1.3174,489376.8821,489376.8821
601992.SH,20260227,3.3576,0.87,,0.5392,2188943.0825,1708502.4441
688550.SH,20260227,2.0393,0.66,26.0293,2.491,809072.0145,809072.0145
920396.BJ,20260227,6.0146,1.17,62.1345,6.9885,253857.293,180350.2668
001215.SZ,20260227,4.86,0.96,71.749,2.1483,401175.4815,399616.6478
300211.SZ,20260227,1.5741,0.82,,5.992,277791.7668,271536.2622
300071.SZ,20260227,6.1938,0.7,,41.0212,575438.9486,564374.467
000608.SZ,20260227,7.4556,1.59,,1.2887,267719.0513,266117.6386
300987.SZ,20260227,7.471,0.7,156.6121,4.3661,346042.528,346042.528
688138.SH,20260227,4.6793,1.21,52.0488,3.7587,1016489.2,1016489.2
688018.SH,20260227,2.3339,0.59,60.7143,6.5392,2823045.4389,2646708.9746
603920.SH,20260227,11.3299,1.27,59.5706,7.5346,4866880.509,4866880.509
601377.SH,20260227,1.462,0.75,17.3229,1.0462,5829291.4235,5829291.4235
300916.SZ,20260227,2.2777,0.86,34.4073,3.4364,469514.4467,303258.0888
300039.SZ,20260227,3.7716,0.92,19.7666,1.5133,683038.0,598752.8256
003026.SZ,20260227,5.1471,1.16,104.1051,6.9517,457684.689,337900.1467
688351.SH,20260227,2.2867,0.94,215.374,6.113,1101674.6,292296.9814
301099.SZ,20260227,5.9569,1.0,65.9995,5.3069,687715.8284,420980.1878
300132.SZ,20260227,7.294,0.99,37.7643,3.5788,504182.9447,495887.3332
605166.SH,20260227,7.4767,1.63,17.9279,1.8978,369810.8591,369810.8591
600326.SH,20260227,2.391,0.96,,3.86,1555934.3711,1555934.3711
001373.SZ,20260227,3.7089,0.7,,3.3506,291369.7789,140544.8071
920029.BJ,20260227,4.8995,4.26,17.6985,3.3529,1250813.323,346610.923
301337.SZ,20260227,5.5131,0.73,,3.0219,331356.0,117614.7645
300390.SZ,20260227,4.7152,0.7,,3.8363,4184491.7192,3387566.7031
301100.SZ,20260227,16.2816,1.44,,2.3245,463800.0,202912.5
300706.SZ,20260227,18.9719,0.89,,10.118,711165.6539,527252.4989
300069.SZ,20260227,3.3055,0.78,98.9425,8.1377,229788.0,229788.0
600730.SH,20260227,2.5771,0.81,728.3186,3.438,615988.8021,615988.8021
301520.SZ,20260227,5.0921,1.44,72.9772,1.9703,298066.6682,100253.1972
300604.SZ,20260227,5.6705,0.93,94.8549,21.0178,9167117.7723,7072631.0358
920675.BJ,20260227,5.2245,0.69,43.0007,3.2738,203153.52,93241.0866
301127.SZ,20260227,2.6751,0.65,41.7709,3.6594,1185011.5352,1150143.1101
601298.SH,20260227,2.1497,1.12,11.0199,1.3607,6043214.1,5020021.825
601117.SH,20260227,6.4868,1.7,9.377,0.8786,5703626.1953,5686254.9161
688209.SH,20260227,4.6254,0.56,56.2995,4.5557,999004.6648,999004.6648
000722.SZ,20260227,8.8523,1.88,89.2481,1.997,628470.3138,628470.3138
300710.SZ,20260227,3.4877,0.58,,6.9787,322647.0429,241862.9822
600734.SH,20260227,5.9739,0.97,,32.0767,995484.5194,995278.8694
301618.SZ,20260227,2.2858,1.15,99.5113,5.0786,474806.0712,174491.1335
603607.SH,20260227,4.6703,0.62,39.6927,4.2414,428618.8368,428618.8368
300144.SZ,20260227,2.3454,0.58,27.4502,2.6055,2181109.3625,1960179.2073
000402.SZ,20260227,1.1629,0.55,,0.3593,845867.1637,845792.8097
002432.SZ,20260227,4.9401,0.65,10.9257,0.9302,2064027.5318,1946100.4674
688050.SH,20260227,1.392,0.68,33.4011,4.2899,1205675.393,1205675.393
300592.SZ,20260227,3.1501,0.57,186.6605,2.4474,565297.3337,487739.7957
600684.SH,20260227,9.0936,1.1,168.1319,4.7751,587325.4443,453187.6439
920378.BJ,20260227,1.0071,0.99,61.8373,3.9982,158636.52,113609.9093
002815.SZ,20260227,7.771,1.07,63.3031,2.1827,1956129.8485,1231770.0922
688068.SH,20260227,1.8125,0.9,,4.7176,1174609.5998,1174609.5998
002862.SZ,20260227,3.2483,1.01,,7.6595,306432.0,230276.1988
300408.SZ,20260227,3.0079,0.94,47.5044,5.7583,12093098.411,11798488.5873
600819.SH,20260227,3.241,0.6,57.9535,2.1857,833173.7833,637545.9052
300580.SZ,20260227,2.7731,0.8,40.0172,3.6874,1201053.7239,1129968.6006
603086.SH,20260227,4.0049,0.85,22.9585,1.7404,376113.3687,376113.3687
300103.SZ,20260227,7.7364,2.82,,5.4983,267420.042,267198.0041
603982.SH,20260227,2.8213,0.86,,1.3549,318027.3546,295751.1403
603022.SH,20260227,3.2985,0.81,44.3401,2.8369,232600.0,232600.0
300009.SZ,20260227,1.0367,0.85,25.0431,4.023,1674663.3494,1232707.7265
603079.SH,20260227,2.5499,0.79,59.3541,2.3011,362558.8188,362558.8188
300681.SZ,20260227,2.71,0.93,46.39,2.5843,782889.5597,590373.0012
002560.SZ,20260227,8.4913,1.06,68.1633,2.1743,582518.3356,501853.0902
300299.SZ,20260227,4.0973,0.48,,11.3853,489422.7603,488659.1673
002879.SZ,20260227,6.5048,0.81,86.1259,2.5703,452258.0929,322924.3397
920267.BJ,20260227,1.3586,1.25,,4.5807,112361.6514,66489.2039
603352.SH,20260227,3.8561,0.88,42.1573,3.4212,982600.0014,192570.9826
920057.BJ,20260227,3.0486,1.12,,1.789,127971.8877,81239.8994
300399.SZ,20260227,5.552,1.14,361.6606,10.7911,553872.8,553818.7722
920076.BJ,20260227,8.2009,0.93,25.2836,2.1493,204151.7925,48237.6189
688201.SH,20260227,11.1432,2.14,67.1184,3.8628,532184.1032,507646.6035
603387.SH,20260227,1.8054,1.02,21.2325,1.6471,443252.1739,443252.1739
300767.SZ,20260227,2.9246,0.43,,3.5315,570817.2638,495616.8658
300758.SZ,20260227,8.0077,0.87,90.2129,3.9332,704476.9641,635532.1569
000528.SZ,20260227,2.3599,1.27,16.6047,1.3314,2430943.1951,2427746.2398
300133.SZ,20260227,5.4928,0.46,64.3795,2.2464,1622024.7727,1384904.626
300956.SZ,20260227,3.1939,0.8,283.7676,2.8678,393801.7625,384706.9799
600348.SH,20260227,4.0436,1.48,23.7915,1.3185,3639967.5,3639967.5
920689.BJ,20260227,11.3206,1.17,47.0513,5.2437,258514.8,133591.6331
000532.SZ,20260227,3.9948,1.17,25.6724,3.6642,574628.8028,572697.4266
002326.SZ,20260227,7.2502,0.7,,8.3772,2281364.7504,1992920.1976
002808.SZ,20260227,1.5931,0.78,,4.8633,126873.6,77882.798
603903.SH,20260227,4.9775,1.51,,2.1475,335745.1162,335745.1162
300086.SZ,20260227,4.6215,0.74,,4.0452,424631.0755,411156.793
600298.SH,20260227,1.3321,1.48,25.663,3.2988,3818237.2939,3770604.9219
600509.SH,20260227,6.8869,1.76,96.7986,1.6034,1246578.4481,1246578.4481
920020.BJ,20260227,2.0411,1.28,21.9306,3.2989,380992.5,94883.7515
002224.SZ,20260227,2.2991,0.71,442.8205,1.3359,433015.8355,387062.5771
002613.SZ,20260227,2.4779,0.6,,2.1013,458937.1446,322030.9763
300711.SZ,20260227,5.8556,0.73,78.6264,9.3861,694687.6495,692613.9296
003007.SZ,20260227,24.4541,1.89,183.2335,5.9906,478757.64,338015.6645
603337.SH,20260227,1.7257,1.02,24.2243,4.3184,2118602.7899,2106657.2585
300243.SZ,20260227,8.7493,1.18,317.6027,2.921,313784.9433,243544.3157
688106.SH,20260227,2.5346,0.82,105.449,3.8051,1125418.0626,1125418.0626
920300.BJ,20260227,1.5727,0.85,,6.0247,125766.0396,97468.876
001379.SZ,20260227,5.841,0.97,60.4314,3.3467,497200.0,167305.314
000426.SZ,20260227,7.2086,1.36,61.4753,10.7003,9799733.6435,9797358.9558
688235.SH,20260227,2.7571,1.39,279.2249,12.977,39710948.8915,2964974.0502
002085.SZ,20260227,3.5116,1.01,42.3694,4.698,3469468.1477,3469468.1477
600600.SH,20260227,1.4381,1.16,18.4085,2.7198,8522126.9209,4429909.7659
000568.SZ,20260227,0.8979,0.64,12.8655,3.4113,16264958.6912,16257383.1869
605388.SH,20260227,1.4644,0.9,,2.443,419137.832,419137.832
605255.SH,20260227,4.6927,0.79,555.9993,22.6981,1808739.2,1808739.2
603618.SH,20260227,43.94,1.06,,4.6267,1254846.743,1254846.743
600790.SH,20260227,0.7296,0.77,71.3444,1.0273,595111.1168,595111.1168
603817.SH,20260227,5.7027,1.95,19.1853,1.2938,409320.34,409320.34
002620.SZ,20260227,9.45,2.15,,,266888.258,222959.7342
603228.SH,20260227,7.0965,0.89,54.0024,5.1308,6549003.0785,6488743.1725
600100.SH,20260227,3.3601,1.38,80.6673,1.9736,3189483.4228,3189483.4228
600162.SH,20260227,3.3086,0.77,,1.0796,624271.6813,624271.6813
920195.BJ,20260227,5.4449,3.06,21.0192,2.6773,213999.49,154466.8643
002889.SZ,20260227,1.7566,1.11,37.1879,2.2753,570655.5502,379690.9596
000012.SZ,20260227,6.1808,1.05,,1.1657,1544558.1298,985536.2488
000958.SZ,20260227,2.1086,2.4,128.7344,5.8672,11553130.6035,3579962.0939
000050.SZ,20260227,1.7674,0.92,212.9232,0.907,2494613.8759,2494582.4363
300837.SZ,20260227,10.5649,0.94,110.0049,3.2969,454608.2601,343629.0351
601990.SH,20260227,0.6581,0.83,28.4838,1.5213,3471306.3303,2908538.8558
000048.SZ,20260227,7.3536,2.3,24.6602,2.3925,1010717.9685,1003241.3023
002075.SZ,20260227,3.9319,1.21,44.6678,1.9734,1287775.5362,1287773.467
300669.SZ,20260227,1.6849,0.92,406.2232,7.5888,663292.4205,628164.7832
301265.SZ,20260227,5.7134,0.7,79.4,2.2932,485060.0644,269685.5922
600332.SH,20260227,1.2819,1.05,13.767,1.0847,4111625.31,3555498.21
688485.SH,20260227,5.2195,0.95,221.6466,3.1628,396320.1675,234054.788
600234.SH,20260227,1.6638,0.76,61.8045,7.3662,368316.9251,368316.9251
603881.SH,20260227,21.5454,0.99,202.3283,9.0537,2973362.3989,2973362.3989
002025.SZ,20260227,5.4369,1.27,296.0319,3.6996,2408292.6245,2400099.9896
002915.SZ,20260227,2.6953,0.82,,5.8886,769407.2385,681009.0045
000725.SZ,20260227,3.4831,2.07,25.0883,1.2545,16595858.9727,16281065.334
600113.SH,20260227,1.8074,0.75,166.8156,9.474,2407445.7886,2351740.5106
000543.SZ,20260227,9.2507,2.11,8.1865,1.1374,1954036.1913,1954036.1913
603089.SH,20260227,3.7581,0.97,21.2549,2.2255,332926.1427,332926.1427
601860.SH,20260227,1.1721,0.71,6.9189,0.5129,1021420.2533,990893.1011
600131.SH,20260227,4.4505,0.95,34.9859,3.8467,2372742.9871,2367892.195
920263.BJ,20260227,3.6102,1.69,64.0941,3.2991,191101.6383,138809.3262
002799.SZ,20260227,4.48,0.61,,2.4161,306918.36,306914.3322
603390.SH,20260227,3.3742,0.95,71.114,2.8074,453631.0594,452162.9994
688612.SH,20260227,1.1638,0.78,22.971,3.5293,1279781.2632,771043.1824
002628.SZ,20260227,12.6435,3.71,,1.3927,398991.9187,397244.5907
301584.SZ,20260227,3.1608,0.86,40.7586,5.8796,1221315.3876,146178.7498
301132.SZ,20260227,12.4395,1.27,42.0799,3.1715,575907.4224,368422.241
301314.SZ,20260227,11.0385,1.48,178.4412,2.5444,266305.0,78325.0
688662.SH,20260227,10.712,1.1,133.8414,7.3069,533852.0,533852.0
002576.SZ,20260227,13.6135,2.65,38.9542,2.5267,330034.9,323893.1144
600665.SH,20260227,2.1316,0.72,,1.1778,312812.3526,312812.3526
300629.SZ,20260227,5.4124,1.09,343.6092,3.7918,645152.506,556396.1389
920690.BJ,20260227,1.6007,0.83,29.5925,3.6017,217795.5,141580.4778
600568.SH,20260227,2.1911,1.81,,3.2976,565974.9894,474015.1072
002601.SZ,20260227,3.5028,1.5,43.5149,2.3975,5567219.2108,4641052.5053
000009.SZ,20260227,1.2664,0.86,349.4906,2.444,2463149.3366,2460099.5441
002848.SZ,20260227,6.2504,1.42,,17.5083,202084.35,199395.7903
002221.SZ,20260227,1.6368,0.97,34.8602,1.2168,1352317.6241,1253430.8461
603322.SH,20260227,3.6043,1.21,,20.6919,596150.8493,596150.8493
603091.SH,20260227,2.5128,1.53,30.7026,4.1435,877208.8439,264407.7407
688113.SH,20260227,2.4262,0.89,29.4598,3.1174,302604.1297,302604.1297
300765.SZ,20260227,1.6109,0.75,,12.5805,4639370.494,4639370.494
301010.SZ,20260227,4.3097,0.78,113.857,2.9722,246240.0,246240.0
688205.SH,20260227,8.5185,0.92,403.0678,11.4419,2590655.9797,2590655.9797
300375.SZ,20260227,6.9639,0.82,95.6818,1.9639,449765.3803,301646.0372
002316.SZ,20260227,4.9199,1.0,465.6101,30.1096,230368.32,199678.035
603305.SH,20260227,4.0305,0.85,50.5347,2.1892,1986663.0078,1986663.0078
001325.SZ,20260227,8.8336,1.19,25.665,2.3687,415441.6,103860.4
001230.SZ,20260227,4.0743,0.71,24.1032,1.9035,364826.4229,213518.6599
600737.SH,20260227,1.2726,0.73,24.6082,2.9814,3362269.4144,3362269.4144
688390.SH,20260227,9.5999,2.26,1985.9655,7.7658,2116499.2798,2116499.2798
300394.SZ,20260227,9.4709,1.06,156.4223,58.7598,28663323.9012,28605677.4718
920682.BJ,20260227,3.7472,1.13,33.168,2.729,315719.04,183091.6693
688302.SH,20260227,0.9315,0.8,,3.9744,437549.9276,437549.9276
300564.SZ,20260227,2.9999,0.98,180.525,2.1845,263750.352,185068.5113
601009.SH,20260227,0.7187,0.73,6.3782,0.7662,13909013.1506,13909013.1506
603300.SH,20260227,8.6302,2.08,23.5542,2.3356,1525615.1664,1525615.1664
002195.SZ,20260227,12.6832,1.13,363.5363,6.2877,6277304.0485,6200596.7152
301295.SZ,20260227,4.6224,1.22,163.4895,3.5876,342316.8,99842.4
002573.SZ,20260227,2.9864,1.66,,0.9575,568937.3658,567924.4866
002374.SZ,20260227,3.2941,0.58,,4.9067,413464.7368,413464.7368
300792.SZ,20260227,8.1939,0.76,125.5291,3.4186,1000846.0915,897742.2348
688155.SH,20260227,2.7606,0.66,47.3867,5.2872,1138556.252,1138556.252
603332.SH,20260227,2.9859,0.75,56.1148,2.3837,304184.1407,304184.1407
301397.SZ,20260227,3.3463,0.87,43.787,2.5762,504814.7782,229402.6789
002645.SZ,20260227,8.4383,1.16,,2.764,1103321.4329,982594.6347
300527.SZ,20260227,3.7602,1.1,757.1786,3.0217,879506.3718,879506.3718
688716.SH,20260227,2.1956,0.64,247.1137,4.1497,490735.44,282016.2766
000717.SZ,20260227,4.0259,1.02,,0.8592,673829.074,673749.9483
600657.SH,20260227,2.0593,0.63,,0.5294,981046.2367,981046.2367
002867.SZ,20260227,2.1505,0.85,12.8665,2.2274,1334047.4145,1326209.9721
300369.SZ,20260227,14.0842,0.58,,3.2125,788735.0961,786238.4179
600858.SH,20260227,4.1778,0.9,83.7852,1.2004,325041.6181,323467.5181
920394.BJ,20260227,3.2457,0.81,63.2674,9.9687,810810.0,804838.0697
301581.SZ,20260227,5.4827,1.33,57.2688,4.0841,410240.0,250646.384
603095.SH,20260227,5.5186,0.76,48.2501,2.2278,516538.4,516538.4
600150.SH,20260227,1.6517,0.68,39.4832,2.0129,28409220.3622,28409220.3622
300536.SZ,20260227,2.8308,0.99,,5.6071,251054.6418,251036.4416
605319.SH,20260227,4.9209,1.28,19.0147,3.2675,847909.0283,729264.9363
300595.SZ,20260227,3.3554,2.11,29.0235,2.9272,1427090.8621,1065580.6474
603255.SH,20260227,9.7687,1.45,,2.7496,436615.3677,196830.5045
000561.SZ,20260227,3.3028,1.04,,3.1145,982388.7366,814542.3896
600428.SH,20260227,3.1582,0.65,13.841,1.3882,2293917.4502,2044258.7474
300546.SZ,20260227,4.688,1.19,129.1018,4.2246,474980.1986,340811.0918
600531.SH,20260227,10.5779,1.01,25.0118,3.3648,2185137.6953,2185137.6953
002498.SZ,20260227,31.1083,1.11,46.3917,3.0822,2747933.496,2747933.496
000599.SZ,20260227,5.8939,0.84,,4.4763,588883.2296,588873.2258
688796.SH,20260227,3.3521,0.58,198.034,15.7705,3429945.3735,275437.6447
688560.SH,20260227,7.8664,1.45,,1.5125,401597.3264,401597.3264
002863.SZ,20260227,3.5465,1.07,46.9151,1.306,370480.8364,370480.8364
688727.SH,20260227,6.3857,0.78,256.0647,10.4125,2580442.4628,288546.4966
002743.SZ,20260227,2.3342,0.72,103.7819,0.7801,257243.6705,256831.448
601700.SH,20260227,5.1757,0.68,255.4507,2.7309,697912.7337,697912.7337
603378.SH,20260227,5.3572,1.27,,3.0576,305160.8091,305160.8091
002919.SZ,20260227,4.5212,0.9,,9.0315,742008.5677,736056.6653
601319.SH,20260227,2.1849,0.92,7.1027,1.2196,37899959.9296,30421577.3916
600610.SH,20260227,7.6213,0.65,279.5288,113.5408,1288743.3498,852598.2261
002215.SZ,20260227,3.7732,1.07,17.8666,2.9003,1201542.0368,960379.2297
600694.SH,20260227,0.9941,0.61,12.4918,0.7105,624665.1,624665.1
600121.SH,20260227,16.0257,2.24,,3.8155,584837.7782,584837.7782
920367.BJ,20260227,3.6665,0.76,148.7676,3.2697,155398.7213,92089.7236
000752.SZ,20260227,2.1423,1.32,19.0049,4.5482,279584.0005,279584.0005
301272.SZ,20260227,4.8605,0.63,66.3021,2.6007,262265.8109,140445.6655
002687.SZ,20260227,2.767,0.99,44.9396,1.786,266523.5712,218301.4068
300785.SZ,20260227,13.1185,1.05,136.4128,6.1319,1157934.08,712352.5416
600831.SH,20260227,2.1246,0.67,,2.2009,323480.8814,323480.8814
603800.SH,20260227,2.8315,0.63,87.9272,9.6213,829088.0,829088.0
300740.SZ,20260227,6.875,1.24,62.7458,4.5903,950454.621,874840.9593
603822.SH,20260227,3.3779,1.77,,19.1636,856070.8477,856070.8477
301418.SZ,20260227,3.2213,0.77,191.7742,1.8511,299566.6694,120247.4244
300834.SZ,20260227,2.3118,0.6,75.6312,1.6935,497259.6102,493959.5417
002876.SZ,20260227,2.7447,0.72,99.4479,2.0199,480791.837,411845.1187
301313.SZ,20260227,4.7033,0.6,,4.848,349155.225,254771.244
301163.SZ,20260227,6.0557,1.71,72.6954,2.3062,261936.0,175669.3012
300172.SZ,20260227,15.5679,2.69,53.6145,2.1715,420913.62,325624.7047
300666.SZ,20260227,6.8409,0.67,83.5474,8.8334,4298460.3853,3582966.3877
000514.SZ,20260227,2.6693,0.64,46.4486,1.1392,432010.7341,432010.7341
600282.SH,20260227,2.1148,1.0,13.577,1.3514,3643568.7875,3643568.7875
000166.SZ,20260227,1.0412,1.01,13.3786,1.1372,12545012.2246,11290289.1653
688566.SH,20260227,1.4125,0.5,23.7252,2.4314,573363.7369,573363.7369
600741.SH,20260227,0.8408,1.18,8.8258,0.9416,6094215.4611,6094215.4611
688631.SH,20260227,4.3046,0.98,207.2051,5.9712,1144453.47,454154.87
001317.SZ,20260227,7.5713,0.79,,4.5531,452814.203,452367.6905
605305.SH,20260227,3.4712,1.09,16.6852,3.0131,859218.36,859218.36
300558.SZ,20260227,1.0961,0.6,63.8157,3.3121,1935375.6778,1929206.236
000707.SZ,20260227,2.9411,0.93,,1.3902,395853.5397,314226.6829
603138.SH,20260227,28.4032,0.9,,8.7349,670029.7788,657421.698
600732.SH,20260227,4.3201,1.16,,4.7522,3074246.8882,2625973.051
002599.SZ,20260227,4.8789,0.96,,3.5873,444254.9424,331937.6178
920006.BJ,20260227,6.1995,1.43,,7.6888,249192.672,131920.0291
002423.SZ,20260227,1.4925,1.05,26.7697,1.1491,2564469.505,2564469.505
600855.SH,20260227,6.0296,1.45,,6.1776,945987.7678,944164.6108
600379.SH,20260227,2.2805,0.75,62.2247,5.7625,440488.8864,440488.8864
301175.SZ,20260227,32.2279,3.11,31.1339,3.1387,1106853.76,467653.76
920985.BJ,20260227,3.4263,0.74,,2.3111,252532.5792,178963.3729
600838.SH,20260227,2.9883,0.65,104.3521,2.8359,446983.4088,446983.4088
300300.SZ,20260227,31.6802,1.91,225.3598,64.3042,912246.7808,912188.7092
605162.SH,20260227,9.5618,2.47,26.2767,3.0733,390969.01,390969.01
301322.SZ,20260227,8.6104,1.75,58.0799,1.7897,503126.1336,324035.6165
603392.SH,20260227,0.6986,0.92,,4.287,5182746.1036,5182746.1036
600362.SH,20260227,5.9396,1.15,25.1177,2.5029,20097681.4666,12044735.9386
603041.SH,20260227,3.3644,1.32,79.2405,1.6694,250912.338,250912.338
002835.SZ,20260227,3.1888,0.84,22.1957,3.0804,379066.0188,219826.7197
920770.BJ,20260227,4.1931,0.71,56.2173,3.9499,243477.2994,153223.2998
688080.SH,20260227,3.6052,1.16,29.6485,3.9361,441936.792,441936.792
688077.SH,20260227,10.4239,1.45,76.0164,3.9232,431126.0461,431126.0461
688178.SH,20260227,2.9274,0.96,,2.2162,220739.4009,220739.4009
688396.SH,20260227,4.9329,1.5,96.115,3.316,7580192.8626,7580192.8626
002531.SZ,20260227,5.7952,1.05,,2.024,1818441.2019,1808308.5175
603533.SH,20260227,31.2509,1.44,,5.7012,1318007.1955,1318007.1955
300298.SZ,20260227,1.648,0.76,35.4101,3.1244,998396.3393,804217.8438
001220.SZ,20260227,8.1666,0.68,25.5074,2.7117,405706.84,99387.6166
600452.SH,20260227,14.5503,2.78,52.2961,3.729,2040527.3165,2040527.3165
688516.SH,20260227,7.3965,0.91,69.6561,8.4945,3089286.8638,3083705.6794
920821.BJ,20260227,5.2939,1.15,195.3906,6.5392,345489.6618,181914.9947
600206.SH,20260227,13.5804,1.46,78.9493,5.1906,2198499.0032,2198499.0032
000559.SZ,20260227,11.7982,0.68,66.0279,7.0788,6653924.3971,6652290.2375
002981.SZ,20260227,4.4318,1.02,31.2244,3.7761,425107.0676,369227.8252
301053.SZ,20260227,3.8294,1.32,102.5682,4.1799,284236.8469,260943.1065
603093.SH,20260227,13.8134,5.22,31.2808,2.5722,1411047.1396,1199389.5456
600269.SH,20260227,1.8025,1.25,8.7232,0.5892,1151355.6579,1151355.6579
300875.SZ,20260227,7.4948,0.69,,4.7993,453050.1,398398.5939
300557.SZ,20260227,14.198,1.25,105.3564,4.9776,496283.5071,489791.0506
300691.SZ,20260227,2.055,0.69,,3.0046,484018.73,397107.8779
300563.SZ,20260227,3.9321,0.98,104.5719,6.1973,684833.3378,481828.1817
301357.SZ,20260227,13.7674,1.33,1199.4055,11.3867,1295386.4,323846.6
002725.SZ,20260227,18.0222,1.48,58.8473,4.1898,431616.0,357455.282
000010.SZ,20260227,22.971,4.56,108.9858,15.0715,492051.181,362958.2674
603218.SH,20260227,2.0894,0.89,26.5798,1.4344,1466175.5988,1462895.5838
301312.SZ,20260227,30.3674,1.53,129.8468,8.9651,1104440.0978,551877.9002
600036.SH,20260227,0.5436,0.9,6.5073,0.9182,97726901.7039,79937159.6624
603790.SH,20260227,7.7212,1.06,86.5249,3.934,495813.76,495813.76
002471.SZ,20260227,14.9998,0.82,,7.2962,1272946.8,1248593.5996
300193.SZ,20260227,3.399,0.94,19.7548,2.0192,465296.0595,410003.5915
300783.SZ,20260227,2.2251,0.6,37.6393,2.8771,855155.2171,596686.1011
300700.SZ,20260227,5.703,2.08,,6.9207,602292.7245,410515.8994
600873.SH,20260227,1.4575,0.96,8.5239,1.9941,3213660.9309,3213660.9309
002932.SZ,20260227,0.8889,0.7,614.3312,0.784,435976.7944,292659.6769
002597.SZ,20260227,7.2853,1.18,29.8838,2.1268,1609481.8945,1605230.8926
920751.BJ,20260227,2.9988,1.4,48.0091,5.7376,225975.12,216124.5135
601869.SH,20260227,18.4209,1.14,334.4328,13.8273,19150273.0531,9399011.5411
920091.BJ,20260227,14.194,1.88,104.0424,8.4615,403211.712,89156.304
600777.SH,20260227,1.3528,1.13,17.6514,1.2865,3026220.6421,2832937.814
600759.SH,20260227,17.478,1.04,62.0726,2.931,2576534.7629,2573228.8694
603059.SH,20260227,3.9578,0.67,,3.6417,383211.7905,383211.7905
600096.SH,20260227,8.2656,0.97,14.3471,3.3398,8088609.8734,8088609.8734
601811.SH,20260227,2.5914,0.61,10.6479,1.1768,1736014.287,1114208.7873
600355.SH,20260227,21.5274,2.54,,6.0708,63971.596,63971.596
300534.SZ,20260227,3.4743,0.67,110.6735,4.5014,310625.28,309300.7237
300525.SZ,20260227,5.2176,1.86,34.4664,3.7612,947308.394,776981.5771
300763.SZ,20260227,11.4054,3.03,37.7502,3.6817,3351252.3647,2707478.4596
000088.SZ,20260227,3.349,1.47,17.2557,1.3823,2443757.1726,1486560.4
300548.SZ,20260227,10.1939,0.85,151.943,23.0613,4323397.37,3993111.69
001336.SZ,20260227,9.916,1.65,88.8069,2.9707,234610.2465,135976.244
002072.SZ,20260227,4.1518,0.8,,12.0645,284216.64,284102.0814
000155.SZ,20260227,6.1277,1.71,60.0065,2.6668,2667713.2542,2667713.2542
600327.SH,20260227,2.2687,0.43,,1.1892,376916.0747,376916.0747
600859.SH,20260227,1.5183,0.52,,0.7943,1557768.9537,1557625.6967
601718.SH,20260227,1.3904,0.66,,1.1699,1430430.797,1430430.797
002311.SZ,20260227,0.7512,0.93,18.156,3.6088,9119013.5856,9112279.2617
688001.SH,20260227,4.1597,0.64,,4.462,1541490.7755,1541490.7755
600266.SH,20260227,4.2103,0.81,,0.595,1156189.1334,1156189.1334
688750.SH,20260227,13.3077,2.4,126.4141,4.2424,1040162.5,523833.3152
603655.SH,20260227,4.6685,1.32,103.9237,7.7191,428346.0,428346.0
603267.SH,20260227,18.2074,2.92,62.0694,3.5319,1543851.4395,1543851.4395
603008.SH,20260227,2.3452,0.89,21.9141,2.0347,759419.001,759419.001
300382.SZ,20260227,2.0709,0.85,,3.8014,874691.5919,874608.2615
600774.SH,20260227,6.0547,1.15,,1.8552,309784.0221,309584.2376
301362.SZ,20260227,27.9238,1.15,51.8862,4.0319,1004727.33,284802.33
600318.SH,20260227,4.9243,1.57,125.9262,4.3152,471709.4214,471709.4214
603318.SH,20260227,21.2082,5.85,,2.5921,368174.881,368174.881
300110.SZ,20260227,1.5651,0.56,,2.8697,388948.0711,388498.8627
301129.SZ,20260227,3.3035,0.86,53.2282,2.1895,368961.441,179956.9875
002171.SZ,20260227,4.8213,1.17,39.2037,2.5707,2229916.6361,2217280.7798
002775.SZ,20260227,3.2661,0.82,,8.0273,285039.3486,211200.8846
001227.SZ,20260227,1.8055,1.15,6.9939,0.4402,1327097.4401,982677.5072
301508.SZ,20260227,3.2918,1.06,50.1233,3.7297,761454.9536,198160.9952
000750.SZ,20260227,1.2058,0.97,35.086,1.1921,2688579.4548,2440201.8743
300190.SZ,20260227,6.315,1.11,,1.3326,402793.2173,401467.5773
301458.SZ,20260227,5.4352,0.83,80.6112,6.2675,1036533.4629,456652.4835
600678.SH,20260227,5.315,0.92,226.0661,15.2618,430304.67,430304.67
300973.SZ,20260227,1.982,1.07,22.7714,2.941,712076.8908,489992.9696
603908.SH,20260227,2.5193,0.83,84.5652,4.4397,236635.6765,236635.6765
300287.SZ,20260227,2.3595,1.1,,6.8223,733424.9159,673611.4256
603169.SH,20260227,6.8874,2.26,203.2909,4.3532,1440839.8532,1440839.8532
920523.BJ,20260227,3.3472,1.34,18.1241,3.771,268752.532,213391.9538
002199.SZ,20260227,1.2482,0.65,,10.34,197188.314,197188.314
002758.SZ,20260227,2.8013,0.85,12.8646,1.1766,562900.7114,562252.7765
688307.SH,20260227,4.4745,1.04,69.9738,4.9163,444047.548,444047.548
603341.SH,20260227,4.5793,1.05,42.5274,3.4478,2456176.0268,1251200.3057
300784.SZ,20260227,4.6122,1.09,49.7285,3.964,317236.3016,95495.6429
688553.SH,20260227,0.7886,0.71,171.2938,2.1686,809076.0,656160.8748
300109.SZ,20260227,2.4804,1.05,40.6859,2.6182,974530.26,902294.1421
000070.SZ,20260227,23.2796,0.77,,10.6709,1608916.0861,1588069.1085
300566.SZ,20260227,3.4507,0.96,28.9336,2.6143,543604.9881,470135.2139
600227.SH,20260227,10.7444,1.1,,2.0311,486353.5733,367948.7433
688177.SH,20260227,1.6136,1.15,,25.7901,958181.12,958181.12
601186.SH,20260227,1.9221,0.65,4.6855,0.3663,9994542.544,8466388.688
600506.SH,20260227,6.7123,1.08,91.3269,10.2705,492720.5846,492720.5846
600892.SH,20260227,1.2623,0.54,,289.5863,218750.4975,218693.9386
688793.SH,20260227,1.4698,0.63,,8.1187,195955.5553,195955.5553
300908.SZ,20260227,1.4221,0.7,22.782,2.3314,410406.0,346182.1666
601089.SH,20260227,1.979,0.85,25.6033,3.2171,1185600.0,1185600.0
002168.SZ,20260227,0.8486,0.8,,139.096,315233.6739,315233.6739
300230.SZ,20260227,3.8075,0.82,19.8392,1.3652,444827.7522,344512.907
000782.SZ,20260227,8.8584,1.44,,2.5838,444218.2363,341706.3361
300600.SZ,20260227,3.4818,0.75,,3.5654,435467.0304,435467.0304
002774.SZ,20260227,3.7586,0.87,38.8649,3.2141,385507.6455,322628.8656
000972.SZ,20260227,2.9576,2.26,,,293087.76,293087.76
000856.SZ,20260227,4.2493,0.84,137.3505,6.1368,257418.0,257418.0
603896.SH,20260227,1.4182,0.97,30.9078,1.8251,409175.4323,409175.4323
002430.SZ,20260227,2.3804,1.14,31.6978,3.145,3183565.2404,3182311.5555
920152.BJ,20260227,1.4547,0.87,,7.0513,253413.7092,186998.9481
688376.SH,20260227,5.9232,1.22,49.7235,4.7149,916467.1725,916467.1725
002971.SZ,20260227,4.6331,1.16,100.1808,4.5282,722084.55,549025.5019
301299.SZ,20260227,9.1483,1.54,58.9556,6.9741,397304.0848,397304.0848
301386.SZ,20260227,7.4932,1.03,40.5944,2.6536,393540.0,120650.9422
301587.SZ,20260227,2.7107,0.87,80.2029,1.8698,369940.7084,184440.5834
688221.SH,20260227,6.2048,0.67,,8.0906,794106.7444,794106.7444
603931.SH,20260227,4.4779,1.21,51.8897,4.104,662134.7048,662134.7048
688567.SH,20260227,1.2769,0.68,,1.8466,1776939.0488,1776939.0488
688530.SH,20260227,27.4325,1.07,,8.0715,666746.7368,282363.9979
301363.SZ,20260227,9.5126,0.87,56.6282,4.8649,1778860.1799,1167005.806
920533.BJ,20260227,2.9972,0.36,107.1087,10.238,376581.1046,210529.751
600301.SH,20260227,8.1108,1.46,66.9826,9.1157,4096506.994,1783073.8702
600170.SH,20260227,4.5972,1.04,13.1044,0.8418,2656895.9835,2656895.9835
603589.SH,20260227,0.9267,0.64,15.4834,1.6065,1682510.0747,1682510.0747
002442.SZ,20260227,3.1463,1.01,37.4521,1.8581,340727.0308,333466.2904
688169.SH,20260227,1.7486,1.13,24.0418,2.6946,3707553.0197,3707553.0197
600149.SH,20260227,10.7714,1.21,148.5607,10.2519,239120.64,239120.64
300478.SZ,20260227,3.8319,1.27,,61.4852,315795.789,315795.789
002209.SZ,20260227,4.9776,1.77,24.9907,3.9906,327601.8163,257291.0713
601019.SH,20260227,1.6338,0.8,12.461,1.2472,1924121.8,1924121.8
300237.SZ,20260227,2.5844,0.83,,,379223.6266,379220.0761
603014.SH,20260227,2.3206,0.76,35.7264,2.4505,1694828.2458,159713.2659
301606.SZ,20260227,2.992,0.72,46.5303,8.9968,2825950.6887,1491720.0806
601162.SH,20260227,1.6529,0.74,62.5972,1.5197,4130333.9459,3525167.8943
603216.SH,20260227,7.5876,0.68,113.7482,4.8664,871831.35,871831.35
920808.BJ,20260227,5.9388,0.65,487.6071,23.5243,1777800.0089,1729552.0991
601881.SH,20260227,1.5511,0.86,11.382,1.3748,15975161.696,10582633.1472
002837.SZ,20260227,7.8498,0.73,212.3466,31.9814,10595631.157,9224615.4245
600503.SH,20260227,1.1391,0.62,,1.2126,431016.01,431016.01
688008.SH,20260227,2.4279,0.72,96.7532,10.4466,19989081.3435,18749805.751
603181.SH,20260227,2.4384,0.56,23.0319,3.1025,1035523.3,1035523.3
688669.SH,20260227,14.3505,3.44,,2.8091,367518.6687,367518.6687
300242.SZ,20260227,4.0995,0.7,,13.4477,355350.9254,355350.7317
002366.SZ,20260227,3.0451,1.31,,3.619,1652264.4862,1469183.3191
600031.SH,20260227,0.9245,0.87,25.8234,2.5146,21286435.2717,19618212.9357
603033.SH,20260227,1.6181,0.77,,3.9117,1138404.5636,1117834.2439
603499.SH,20260227,3.4881,0.76,53.54,7.8282,684468.5102,684468.5102
603201.SH,20260227,4.1386,1.22,13.5381,2.0085,347282.9318,344312.4684
002541.SZ,20260227,4.2817,1.43,26.8554,1.72,1646380.9008,1183739.5522
002478.SZ,20260227,19.1424,1.46,19.8077,2.0636,1218788.1205,977845.4881
300638.SZ,20260227,6.837,1.34,82.5588,4.3466,2742760.8242,1617868.4862
600660.SH,20260227,1.0041,0.74,17.3541,4.7586,15762850.9333,12098037.4453
600016.SH,20260227,0.8039,0.73,5.5969,0.3023,16987578.3788,13759303.8066
601619.SH,20260227,12.8832,0.98,29.9871,2.5711,2021459.1161,1689666.2877
300162.SZ,20260227,4.2512,0.82,,4.1769,373363.9267,304523.9842
301079.SZ,20260227,19.4558,1.52,,10.1683,480826.8809,306884.2284
601595.SH,20260227,7.0225,0.34,106.5222,7.6049,1300228.2,1300228.2
600398.SH,20260227,4.3674,2.13,14.7263,1.7278,3112195.1518,3112195.1518
920885.BJ,20260227,5.6528,0.95,121.8379,10.1033,413042.5182,214000.7279
000883.SZ,20260227,2.7054,1.64,17.736,0.9034,3362709.1243,3077803.0907
600408.SH,20260227,6.6459,0.95,,2.9072,394665.6,394665.6
688096.SH,20260227,2.5744,0.88,,2.4853,223298.0062,223298.0062
603269.SH,20260227,27.022,4.9,42.6241,4.7514,452630.0919,452630.0919
301251.SZ,20260227,17.1671,1.35,115.2397,5.7645,904972.9251,362779.7262
600055.SH,20260227,1.1344,0.92,759.7725,2.3375,1094666.0673,1094666.0673
002305.SZ,20260227,2.4073,1.17,,,388464.3325,388439.1338
300769.SZ,20260227,3.8413,0.83,,2.2755,1183514.2387,1063423.5871
688768.SH,20260227,4.0357,1.01,40.7675,5.1038,536907.1267,532482.176
688349.SH,20260227,1.1526,0.86,26.1392,2.4596,3264688.0203,3166406.9803
920564.BJ,20260227,10.3744,1.42,423.6746,8.07,261786.4385,120430.6678
002833.SZ,20260227,3.8866,1.44,20.7814,3.038,834040.4364,567294.6947
600320.SH,20260227,3.8439,1.24,46.8199,1.8866,2923936.1931,1843708.7019
688552.SH,20260227,5.3806,0.76,770.4846,5.3197,1379344.32,355124.6836
603116.SH,20260227,1.6483,0.76,,1.3969,364735.1064,364735.1064
000060.SZ,20260227,8.6855,1.34,32.6589,1.9337,3668408.4503,3668361.9878
688120.SH,20260227,1.3782,0.77,62.6479,9.5025,6854482.8896,6854482.8896
300873.SZ,20260227,6.5845,1.91,21.3166,1.8964,596336.2005,431447.4254
300641.SZ,20260227,3.5599,0.81,10.0925,3.3505,1049512.9856,1049512.9856
300232.SZ,20260227,5.0802,0.71,92.1075,1.9477,905843.4768,735844.5552
002367.SZ,20260227,1.3233,0.7,16.4795,1.8056,653353.5285,650763.6662
300913.SZ,20260227,10.5813,1.02,95.5082,7.6406,1923344.8643,1435203.2553
603858.SH,20260227,0.6546,0.66,10833.7902,1.7036,1801202.8989,1801202.8989
002124.SZ,20260227,1.264,0.87,14.8651,1.4229,559927.3257,497033.3713
000582.SZ,20260227,10.5622,1.55,25.195,1.451,2750916.042,2339872.5743
002422.SZ,20260227,0.853,0.9,29.3009,2.0761,4880454.9981,3988171.2783
300505.SZ,20260227,30.1637,1.09,27.3143,3.655,1010687.8821,799237.2133
002053.SZ,20260227,4.1734,1.41,32.9845,1.483,1098430.2506,1098422.4662
603237.SH,20260227,2.2028,1.33,32.5718,1.9679,347241.8102,345372.6612
688729.SH,20260227,3.5989,1.07,121.4624,8.7911,7728789.4,562227.4372
300440.SZ,20260227,9.2978,1.99,159.1037,4.8991,784976.6476,781949.3151
301199.SZ,20260227,2.812,0.64,40.2282,2.4719,472850.308,181618.633
000632.SZ,20260227,4.5055,0.94,,2.7546,242535.696,242515.9167
001386.SZ,20260227,6.5644,0.62,22.6646,2.3803,2837935.0,232420.3595
000504.SZ,20260227,1.7818,1.7,,12.4613,301971.1347,301146.9942
002001.SZ,20260227,3.8611,1.25,13.4467,3.0645,9681278.292,9566115.0732
688131.SH,20260227,1.7538,1.04,51.4398,5.054,1516965.3263,1516965.3263
300905.SZ,20260227,4.9583,1.26,46.5041,3.4143,647769.5606,503765.8535
605366.SH,20260227,10.9169,1.12,,2.7576,586220.1873,586220.1873
688558.SH,20260227,4.7898,1.89,29.067,2.5754,432300.0,432300.0
600853.SH,20260227,2.4656,0.59,10.8043,1.2291,437047.6825,436902.9958
002596.SZ,20260227,6.2425,0.87,,7.2984,487721.7202,487273.2389
603658.SH,20260227,0.9759,0.79,18.9001,2.3722,2074843.3326,2074843.3326
002912.SZ,20260227,2.8344,0.63,59.038,3.4719,568262.656,539874.8526
002227.SZ,20260227,2.874,0.73,,2.6165,249788.6194,247904.2601
300822.SZ,20260227,1.8117,0.84,178.757,3.9647,498769.4562,462660.2412
601188.SH,20260227,2.6004,0.86,29.9149,1.0344,477801.9889,477801.9889
300983.SZ,20260227,2.4246,1.41,,1.6948,480384.0,328825.2527
301122.SZ,20260227,13.1333,2.89,1106.3399,2.4075,430549.2075,266406.3975
002010.SZ,20260227,3.0686,1.04,34.2444,1.0637,1887833.1102,1883072.5646
601611.SH,20260227,6.6087,1.38,28.7755,2.2718,4936660.4393,4936660.4393
600693.SH,20260227,8.5566,0.7,255.0081,3.3257,1175162.2783,1173955.2085
002940.SZ,20260227,3.3289,0.99,60.4115,4.1479,652994.1381,599736.6867
000039.SZ,20260227,5.9266,0.9,26.8637,1.4981,7279902.5198,3106899.6404
002508.SZ,20260227,0.893,0.75,12.942,1.7378,1983426.7847,1959525.2009
603020.SH,20260227,1.6778,0.66,23.1294,1.2748,421561.5514,421561.5514
688809.SH,20260227,7.1067,0.66,120.6146,11.7846,4800172.065,902278.9835
300515.SZ,20260227,2.3065,1.1,23.7331,4.9608,427969.36,419663.452
688562.SH,20260227,2.6587,1.0,,5.1505,888800.0,384450.44
301338.SZ,20260227,15.3209,1.41,107.8222,10.1732,1592914.4,885534.65
000911.SZ,20260227,2.6688,0.56,52.4923,21.9768,263810.7601,263810.7601
601555.SH,20260227,0.978,0.68,13.3049,1.1093,4615924.9356,4615924.9356
002980.SZ,20260227,12.0209,1.23,58.7234,5.0836,548695.1605,293726.6678
600425.SH,20260227,2.3081,0.8,28.5711,1.1416,746187.2238,746187.2238
002606.SZ,20260227,12.4936,0.73,33.8253,3.1781,578259.4307,554644.0864
920703.BJ,20260227,2.405,1.53,25.2148,2.0237,228497.584,115617.9629
002543.SZ,20260227,1.5365,0.86,10.0613,1.3579,687086.4,611328.5668
002642.SZ,20260227,5.2792,2.16,240.8576,4.9257,578882.7739,578882.7739
688123.SH,20260227,4.1376,0.72,62.0573,8.8111,2251880.414,2251880.414
688777.SH,20260227,3.3358,0.99,140.9775,6.3373,6345340.0065,6313336.9023
301339.SZ,20260227,2.5989,0.96,39.3959,3.1661,871660.6466,252427.4252
603808.SH,20260227,2.8185,0.75,,1.4346,373521.9925,373521.9925
688280.SH,20260227,6.4784,0.61,188.9097,9.5172,633898.0704,559064.4117
920160.BJ,20260227,3.2783,0.74,40.0539,5.5878,296113.92,66625.632
920118.BJ,20260227,2.0131,1.49,26.4818,2.1588,121590.544,73822.7279
301359.SZ,20260227,2.9542,0.57,62.7942,3.1338,264387.2,150472.7048
603153.SH,20260227,2.5,0.71,22.6355,1.9051,690206.1025,227340.0
002555.SZ,20260227,2.727,0.65,17.3703,4.1704,5419982.3185,3917469.8679
300830.SZ,20260227,24.4569,1.25,485.7632,4.9225,672041.4315,501582.1407
002811.SZ,20260227,13.9586,1.28,38.4088,3.7175,522009.1585,479876.1536
301499.SZ,20260227,7.9257,0.92,90.782,3.544,453199.4507,113299.8643
002667.SZ,20260227,10.6457,1.19,,11.965,553235.7545,502325.153
002523.SZ,20260227,2.6096,0.8,54.8591,2.6351,660154.6128,657778.8903
600272.SH,20260227,3.1578,1.08,270.7247,4.6237,359045.2088,218720.0
600969.SH,20260227,8.365,1.08,,1.0461,380781.948,380781.948
300439.SZ,20260227,1.1338,0.81,42.3632,1.3496,398922.93,303440.6689
600022.SH,20260227,7.1609,0.99,,1.0036,1893696.3711,1893696.3711
688146.SH,20260227,5.0647,0.79,74.1253,4.4623,2572411.7661,704413.3213
688698.SH,20260227,3.0155,0.64,67.8851,7.9576,1821761.8523,1821761.8523
603363.SH,20260227,6.514,2.37,6.0756,3.2947,1101052.8524,900740.5193
300007.SZ,20260227,5.4174,1.1,210.0169,5.9067,1716469.9348,1485032.5944
000595.SZ,20260227,1.4424,1.09,717.417,14.4104,733294.6997,733294.6997
300856.SZ,20260227,2.3489,0.88,53.434,2.5212,674524.4822,651905.1134
603283.SH,20260227,7.1053,0.95,28.7662,4.3739,1381089.3501,1381089.3501
603381.SH,20260227,9.622,0.56,76.1618,1.9569,699906.1617,419306.1737
002340.SZ,20260227,7.5903,0.95,41.3593,2.4651,5067610.1725,5040130.3403
688330.SH,20260227,4.7051,0.84,29.7029,1.6777,649740.0,649740.0
002927.SZ,20260227,6.7097,0.74,268.5534,4.3923,454642.4707,449642.9638
301392.SZ,20260227,7.0302,1.41,535.953,15.7109,1139300.0,464787.814
002014.SZ,20260227,0.7057,0.59,15.9965,3.2174,755202.4708,745369.5658
300902.SZ,20260227,3.3813,0.66,,4.726,387968.3894,258754.2733
001213.SZ,20260227,2.0056,1.11,33.0143,0.9803,1871111.1109,1871111.1109
002851.SZ,20260227,7.3027,1.66,305.0462,8.1078,7247758.8152,5708009.3393
300447.SZ,20260227,11.0187,0.99,,3.3086,661473.3743,426325.686
002761.SZ,20260227,1.144,0.76,55.5339,1.3493,1139389.2406,930338.0421
600072.SH,20260227,4.0146,0.77,,2.0669,2006368.6609,1448421.9915
002343.SZ,20260227,3.4419,0.5,,3.5761,340576.1256,340576.1256
002334.SZ,20260227,5.545,0.89,29.2379,2.7033,823563.3406,734829.6606
002290.SZ,20260227,3.7006,0.83,101.4507,16.7007,1584445.3394,1579835.4456
600787.SH,20260227,2.5154,1.14,27.8589,0.927,1289027.2717,1289027.2717
600985.SH,20260227,3.3424,1.22,20.3667,0.8789,3638592.5159,3638592.5159
002581.SZ,20260227,3.3801,1.78,,2.9645,554177.8922,336664.5752
002803.SZ,20260227,4.0923,1.3,32.6048,3.3466,857121.2631,549529.6678
603077.SH,20260227,12.8313,1.61,,1.425,2587640.4078,2587640.4078
000919.SZ,20260227,1.7406,0.58,125.05,1.2365,468931.0941,468812.1129
603629.SH,20260227,29.1312,1.13,81.7321,8.0864,1535447.76,1503097.904
300581.SZ,20260227,3.5647,0.82,,9.1953,878524.945,878524.945
603733.SH,20260227,3.6177,1.01,18.1915,2.1184,1755155.7382,1755155.7382
688660.SH,20260227,3.7604,1.27,,4.4364,1948000.0974,1948000.0974
920021.BJ,20260227,18.2003,0.81,,6.4042,400154.978,301531.211
300616.SZ,20260227,2.4065,0.83,,1.0064,316567.5318,218561.6212
300561.SZ,20260227,6.6038,0.66,,6.749,404885.2412,297465.0463
688227.SH,20260227,5.1271,1.1,,6.7836,878326.4315,878326.4315
002826.SZ,20260227,9.6227,1.74,47.6735,5.1036,409385.1293,374278.7572
002027.SZ,20260227,1.2003,0.99,18.8117,7.1398,10210635.2063,10210635.2063
688092.SH,20260227,3.1717,1.17,48.5152,4.0513,262953.3569,262953.3569
002121.SZ,20260227,6.0319,0.91,,21.1502,1566150.1368,1320126.827
002282.SZ,20260227,1.9804,0.9,23.0776,1.1644,421470.6784,404006.1104
001223.SZ,20260227,5.4392,1.08,76.4968,2.6677,519783.936,519783.936
300460.SZ,20260227,3.6575,1.51,,4.8294,269572.081,269572.081
000638.SZ,20260227,25.9568,2.81,,5.4244,75666.9319,75365.381
002069.SZ,20260227,2.0207,0.56,,156.5727,283733.7654,283376.2614
300099.SZ,20260227,8.2343,1.08,70.3208,2.9446,673123.1778,530829.3751
301051.SZ,20260227,7.6227,0.88,,2.1893,482837.3384,382876.9431
603109.SH,20260227,2.994,0.77,24.6093,2.822,561175.5433,561175.5433
002873.SZ,20260227,1.8617,0.64,344.4883,2.0463,258505.9306,252750.2814
688190.SH,20260227,3.1705,0.57,39.3145,5.2927,1367880.0,1367880.0
920139.BJ,20260227,2.33,0.81,,5.5292,577284.8337,553326.191
002310.SZ,20260227,5.1492,2.41,,9.5668,1469833.9187,1028767.1807
300415.SZ,20260227,2.1432,1.06,18.2148,4.0404,1259963.4439,1218364.7618
002569.SZ,20260227,0.8537,0.58,,70.1795,202478.06,196778.7336
600279.SH,20260227,3.0323,1.18,13.0364,0.9725,655150.1882,655150.1882
002212.SZ,20260227,2.6508,0.89,611.8326,1.1063,1029663.2364,1018659.9915
002347.SZ,20260227,7.0757,1.17,,4.3876,502178.7646,490915.9865
688322.SH,20260227,2.6286,0.73,346.5444,12.2701,3653220.5937,2902185.9019
688225.SH,20260227,3.493,1.25,,4.7762,848421.21,848421.21
300692.SZ,20260227,4.6084,1.51,58.5756,1.6726,407418.8735,363899.8171
300768.SZ,20260227,3.2242,0.86,75.5342,3.6115,1226494.3193,801371.9856
600865.SH,20260227,5.5218,0.79,191.1883,2.0962,481587.6045,481587.6045
601898.SH,20260227,2.4932,0.97,11.6983,1.2963,20113392.3778,13883584.6068
301075.SZ,20260227,10.0296,4.41,,9.9848,596000.0,596000.0
603170.SH,20260227,1.9036,0.97,22.4162,3.9959,564014.1,564014.1
688010.SH,20260227,6.4905,1.98,,3.2026,537560.1631,537560.1631
688119.SH,20260227,6.3436,1.45,,2.5464,716625.0,716625.0
301505.SZ,20260227,5.5981,1.92,141.2832,3.1243,298583.9765,195545.9711
301323.SZ,20260227,6.4058,1.04,45.593,3.0116,651271.0399,417406.8358
600502.SH,20260227,1.6378,1.05,6.9579,0.7553,829085.8921,829085.8921
301580.SZ,20260227,16.981,1.31,51.2421,4.4474,927111.4719,626547.8304
601010.SH,20260227,1.5391,0.64,44.1597,1.1008,471240.0,471240.0
301126.SZ,20260227,3.3093,0.85,,1.5199,264559.3216,177593.6505
688581.SH,20260227,3.2361,3.15,21.8773,1.9376,487462.5727,249732.2433
688019.SH,20260227,3.0813,1.35,60.3872,13.6205,4525396.0952,4525396.0952
300125.SZ,20260227,2.5228,0.7,,,593938.1884,321842.834
002524.SZ,20260227,3.1033,0.67,,21.9268,245813.1608,243678.9435
603099.SH,20260227,2.6087,0.52,73.207,7.0234,1067362.6153,1045079.73
600333.SH,20260227,4.858,1.05,,1.8635,348365.5512,348365.5512
002594.SZ,20260227,0.8927,0.86,21.235,3.704,81434808.6506,31148043.963
002950.SZ,20260227,1.6135,0.91,15.4845,1.8772,700391.5401,499906.7012
300418.SZ,20260227,16.0213,1.04,,5.4621,7670230.9828,7664938.1953
002048.SZ,20260227,3.3623,0.95,79.6623,2.3021,2588803.1611,2257878.1993
300438.SZ,20260227,7.335,1.03,,4.2652,2222260.9344,1784385.1108
601636.SH,20260227,2.7257,0.86,37.265,1.474,2230824.9109,2230824.9109
002715.SZ,20260227,3.3569,0.98,,5.0257,237084.0,237084.0
002858.SZ,20260227,3.2921,0.84,,5.0413,274237.889,245894.9268
600900.SH,20260227,0.7939,1.22,18.6482,2.9502,63715238.9325,63715238.9325
301017.SZ,20260227,4.0363,0.84,,3.2356,643697.4473,386603.4473
001322.SZ,20260227,1.533,0.65,132.1692,1.8834,889789.9232,722763.776
002669.SZ,20260227,4.9407,0.94,,1.7047,462685.0,461644.645
002510.SZ,20260227,8.1334,0.52,144.6474,3.294,823277.4922,814930.8732
002041.SZ,20260227,11.9358,1.57,187.8875,2.6984,977680.0,977680.0
002370.SZ,20260227,2.5405,1.28,38.0312,4.5757,513019.2606,513019.2606
603339.SH,20260227,2.493,0.89,28.2108,1.6906,440334.792,440334.792
603508.SH,20260227,1.5811,0.73,16.6991,2.6799,1030584.641,1030584.641
000878.SZ,20260227,8.4403,1.48,44.7158,3.2789,5785097.385,5129269.2736
920768.BJ,20260227,3.3906,1.4,26.4472,2.0315,143706.15,99060.1004
000888.SZ,20260227,2.7867,0.81,31.7182,2.6623,713440.3401,713440.3401
600725.SH,20260227,3.9154,1.35,,23.7051,664301.33,664301.33
002616.SZ,20260227,5.2988,1.71,17.5133,1.5183,517248.2535,353663.1213
002875.SZ,20260227,4.4542,0.69,,6.3761,409631.4449,350825.5087
300034.SZ,20260227,11.4091,1.3,140.2946,5.0879,1940601.4059,1866783.1512
688636.SH,20260227,11.5008,2.04,77.0007,6.0458,849011.0643,818356.9912
000620.SZ,20260227,4.2605,0.77,,4.0964,1832006.2925,1457585.6303
300130.SZ,20260227,3.2395,0.99,45.3345,3.6013,1561774.4856,1195221.3039
600851.SH,20260227,1.5345,0.48,64.1191,2.1455,1001857.0544,612711.0713
920239.BJ,20260227,2.3018,1.12,23.5714,5.3653,585914.7885,577420.8903
301236.SZ,20260227,6.7775,2.87,252.0248,3.7463,5124186.936,3876531.1893
600726.SH,20260227,5.8882,1.08,,5.2299,2150795.4491,2033291.4486
600933.SH,20260227,1.8072,0.71,17.3784,2.0343,1899564.4591,1802281.0176
603767.SH,20260227,2.8264,1.0,775.441,4.6907,652138.3595,652138.3595
300940.SZ,20260227,2.7699,0.86,44.34,4.9319,586667.9202,414958.277
601778.SH,20260227,11.2246,1.33,37.2419,1.0833,1714080.3067,1714080.3067
688317.SH,20260227,1.9598,0.99,,1.1929,404876.9039,404876.9039
600378.SH,20260227,1.5239,1.12,33.9364,2.7044,4867168.5663,4046789.1146
603697.SH,20260227,6.6816,0.88,25.0045,2.9818,524778.2042,524778.2042
301270.SZ,20260227,4.9871,0.74,318.2235,4.1753,406900.0,384491.3822
601900.SH,20260227,3.8212,1.02,11.5003,1.5059,1300905.8887,1300905.8887
600906.SH,20260227,1.1075,0.87,22.6679,1.8248,2222825.0,1455100.9408
000058.SZ,20260227,2.57,0.67,121.2246,5.3725,1119161.4108,895128.0728
600522.SH,20260227,10.5506,2.08,34.7064,2.7159,9945335.2859,9945335.2859
603185.SH,20260227,2.9442,0.87,,1.428,1735015.0771,1724716.3931
603007.SH,20260227,2.9142,0.94,,12.3846,616598.3324,484477.0532
300189.SZ,20260227,23.8754,1.24,,11.3066,825344.0,714309.4996
002266.SZ,20260227,4.5271,1.03,29.1514,2.3205,2724459.6718,2556130.1471
300623.SZ,20260227,7.2392,0.82,58.6499,4.8441,2858194.5218,2636030.0229
603062.SH,20260227,1.9733,0.8,23.7816,2.7518,561816.0,192854.2662
300585.SZ,20260227,6.4006,0.77,,4.0614,289348.8887,289348.8887
601717.SH,20260227,1.7617,1.17,9.8984,1.932,4474212.2246,3864667.3194
603030.SH,20260227,2.002,0.68,,4.223,374009.1197,374009.1197
300735.SZ,20260227,2.2924,0.88,62.3196,4.111,2030700.9831,2004126.1255
603202.SH,20260227,1.8184,0.92,13.9047,2.2881,1479840.0,307640.5895
600699.SH,20260227,2.6271,0.85,38.1019,2.5107,4340606.8058,3792795.1496
600538.SH,20260227,1.8512,0.58,,4.4909,346495.108,346495.108
301318.SZ,20260227,2.8037,0.96,34.0047,2.2105,415096.9792,272387.0049
300474.SZ,20260227,2.0056,0.99,,5.3998,3764948.8825,2928239.6613
301501.SZ,20260227,2.0676,0.9,25.849,3.04,627539.7,156884.925
300473.SZ,20260227,6.2311,1.05,71.2256,3.0404,623311.2026,541680.4567
600727.SH,20260227,7.3421,0.99,63.5192,1.3331,427095.1731,427095.1731
002871.SZ,20260227,2.3052,1.0,37.4897,4.9307,540730.2052,320752.1986
301373.SZ,20260227,27.1691,1.3,35.6222,3.1228,508191.7463,180244.7073
600846.SH,20260227,0.9271,0.68,30.8938,1.9818,815938.5399,815938.5399
600928.SH,20260227,1.7566,0.68,6.2546,0.483,1666666.6669,1658757.7748
920974.BJ,20260227,2.077,0.8,55.0288,2.2212,141850.8,111239.2536
002902.SZ,20260227,4.2743,1.36,,5.9396,501509.3383,379067.213
301019.SZ,20260227,2.4568,1.09,35.6918,3.8479,397396.8089,252004.2156
300640.SZ,20260227,4.6602,0.77,201.7439,2.997,243507.8533,172846.5688
002460.SZ,20260227,4.5318,1.06,,3.6824,15326836.0932,8855186.0675
002520.SZ,20260227,8.7476,0.48,,19.6135,504164.7549,482119.7949
688111.SH,20260227,3.0968,0.94,78.2384,11.4849,13954914.796,13954914.796
600905.SH,20260227,1.5358,1.99,22.3078,1.3329,11892462.4591,11892462.4591
600346.SH,20260227,2.7501,1.28,25.9866,2.7992,18090486.45,18090486.45
920870.BJ,20260227,2.0188,1.22,141.5307,5.1893,234768.0,115637.0808
600104.SH,20260227,1.1374,0.86,57.6007,0.5574,16472732.6632,16472732.6632
300319.SZ,20260227,5.3147,0.8,35.4929,2.4868,1196469.0608,1136064.4178
603220.SH,20260227,23.3413,1.77,174.7127,3.8411,1491042.4221,1207243.7674
600048.SH,20260227,1.2271,0.57,79.3658,0.4341,8139901.5242,8139901.5242
000881.SZ,20260227,1.781,0.84,,1.558,814011.6267,778113.5542
300335.SZ,20260227,5.9124,1.54,61.384,1.5994,310058.0522,249704.7566
300811.SZ,20260227,8.8889,1.16,66.9121,8.8379,2561544.7103,2100398.1524
603262.SH,20260227,1.4294,0.63,71.8724,7.2331,1109227.73,110942.184
601020.SH,20260227,9.7816,1.58,35.2093,7.4215,3174903.3107,3174903.3107
603578.SH,20260227,14.6376,1.76,,2.9391,288210.5371,288210.5371
000838.SZ,20260227,3.659,0.71,,7.0549,289421.5507,277140.4199
603052.SH,20260227,7.7055,0.69,317.0056,9.9438,1081724.6525,1081724.6525
920168.BJ,20260227,36.2409,,24.5095,2.4174,196202.574,73535.4815
300748.SZ,20260227,11.4685,1.43,92.6961,8.3512,5650920.8321,4644810.3243
001326.SZ,20260227,8.4728,1.31,178.7117,3.9491,479094.0,157756.2883
001279.SZ,20260227,1.8065,1.04,94.6692,5.5364,552480.0,138120.0
002126.SZ,20260227,3.5213,0.92,48.4422,6.0965,4122833.442,3866257.4535
301479.SZ,20260227,2.3377,0.8,43.7754,6.424,790634.9144,186642.2501
920735.BJ,20260227,2.7415,1.52,17.5829,3.1876,416589.0805,368441.9273
600366.SH,20260227,7.9425,1.23,55.31,2.7275,1669443.3565,1669443.3565
600350.SH,20260227,0.9918,1.48,14.2711,1.5915,4708871.9836,4708871.9836
688320.SH,20260227,2.652,0.73,,4.4478,545008.3278,545008.3278
688819.SH,20260227,2.2032,1.33,22.5303,1.9391,3267228.1,3267228.1
688170.SH,20260227,15.4994,1.17,,4.3081,523311.68,523311.68
600601.SH,20260227,9.3824,2.15,133.2423,10.8913,4850698.1767,4733282.8807
603778.SH,20260227,10.4114,0.79,,13.5211,983649.8958,962999.9987
603927.SH,20260227,1.6407,1.01,67.4445,5.1231,1609724.48,1609724.48
920111.BJ,20260227,2.6423,1.08,35.3703,4.2996,385869.2415,187241.5669
603107.SH,20260227,1.7447,0.99,27.3496,2.4524,519158.565,335769.7829
000006.SZ,20260227,2.7893,0.62,,2.3214,1252795.4027,1252788.3035
600635.SH,20260227,2.3714,1.01,31.9275,2.0505,1860033.8453,1523838.7553
000797.SZ,20260227,3.7786,0.8,,0.9858,497929.0868,497871.4727
002251.SZ,20260227,2.7375,0.83,,1.5889,1304019.3492,1043948.9777
605005.SH,20260227,3.6836,1.06,35.236,3.8324,781950.0,781950.0
002842.SZ,20260227,18.6055,0.56,,12.1735,1359728.5858,1115729.3562
301408.SZ,20260227,4.8598,0.64,41.5675,3.6985,775219.38,289093.9852
600390.SH,20260227,1.6549,1.33,612.6704,0.6094,2581889.5735,2581889.5735
600745.SH,20260227,2.4587,0.69,,1.2278,4169582.9974,4169582.9974
000777.SZ,20260227,5.7629,1.28,44.5751,4.4032,1003787.2585,1003769.5451
920651.BJ,20260227,2.592,1.15,28.5379,4.2207,229177.0,57387.6903
600740.SH,20260227,13.097,1.35,,0.8448,1286184.8193,1286184.8193
000811.SZ,20260227,4.8912,0.76,34.7923,3.2962,2025647.5674,1996905.5849
603500.SH,20260227,18.0756,5.8,31.0935,4.4881,455257.0565,453948.1856
600354.SH,20260227,12.4921,1.32,53.8368,5.4008,372100.4664,372100.4664
605006.SH,20260227,28.5822,0.79,553.3315,2.5374,636618.9707,636618.9707
300512.SZ,20260227,4.6633,0.9,130.7535,2.7557,448114.9256,354678.3851
300191.SZ,20260227,14.0337,0.84,,11.1068,1179520.0,815324.77
300807.SZ,20260227,7.8775,1.52,,8.1171,381429.9247,291183.9873
300582.SZ,20260227,4.2136,1.03,,3.84,508706.1756,377503.9266
600895.SH,20260227,4.3439,1.63,58.7889,4.8339,6396087.8415,6396087.8415
603933.SH,20260227,4.8538,1.2,285.7025,3.7019,488559.9296,488559.9296
605566.SH,20260227,5.9795,0.98,134.8927,2.0668,412953.98,412953.98
300219.SZ,20260227,8.1181,1.1,86.0507,2.2031,567770.6918,566732.4106
002338.SZ,20260227,2.4996,1.1,227.4329,9.8678,1343520.0,1343520.0
301396.SZ,20260227,33.2811,1.5,257.5707,12.5918,1613469.419,799612.0877
000783.SZ,20260227,1.304,0.91,11.6503,1.2353,4396407.9937,4396407.9937
600193.SH,20260227,1.2423,0.84,,20.7303,184611.882,184611.882
600690.SH,20260227,1.0783,1.05,11.4987,2.0586,24100508.2005,16070283.0163
002029.SZ,20260227,3.281,0.92,17.8371,1.1812,805841.9028,760559.0111
301197.SZ,20260227,7.9124,1.41,72.3287,2.3187,297854.34,268719.3968
300821.SZ,20260227,13.3517,1.16,,3.5464,1736400.0,1736097.2153
920425.BJ,20260227,4.8991,0.86,67.4968,6.7643,174220.1619,145427.8599
300457.SZ,20260227,2.3629,0.75,58.1007,2.779,1798115.0658,1766110.9555
920339.BJ,20260227,1.4282,1.06,51.8031,3.4088,206330.9606,141652.9755
688291.SH,20260227,8.5856,0.64,144.0899,5.6107,536946.841,536946.841
920809.BJ,20260227,4.3471,0.81,,2.8464,449287.5,344330.361
000960.SZ,20260227,9.6049,1.29,38.301,3.6946,7300777.4591,7300777.4591
300651.SZ,20260227,16.8299,1.19,109.4423,4.0735,440856.6459,272965.9072
601872.SH,20260227,8.6332,1.19,26.0275,3.2611,13113050.5272,13113050.5272
002526.SZ,20260227,3.652,0.68,62.9571,2.2168,714900.3282,710204.8596
300442.SZ,20260227,19.084,1.29,33.9282,12.4751,16897478.2012,16835758.8997
688278.SH,20260227,0.7719,0.5,29.5522,8.8734,3066727.5632,3066727.5632
002682.SZ,20260227,6.8789,0.96,,3.7857,407717.2307,407711.1407
600802.SH,20260227,3.4832,0.89,,2.699,298777.9568,298777.9568
300805.SZ,20260227,5.5176,0.65,135.1427,3.5941,561112.5249,381200.4873
300520.SZ,20260227,14.804,0.88,,7.5605,1337794.0935,1273556.6316
002330.SZ,20260227,2.6317,0.69,,1.4172,324646.1132,324576.3234
688577.SH,20260227,3.3034,1.13,173.1728,8.0898,821244.4,821244.4
301151.SZ,20260227,3.2894,1.27,42.4816,1.6798,343754.3394,343428.2994
603599.SH,20260227,4.1692,1.04,19.5114,1.4189,1414558.5621,1414558.5621
000547.SZ,20260227,23.2195,1.2,,10.4558,4915289.9272,4886547.2657
002453.SZ,20260227,2.8288,0.93,,5.6199,515040.7579,388491.8282
002493.SZ,20260227,2.3511,1.13,211.6581,3.5665,15583529.9162,14605029.6662
002810.SZ,20260227,6.3793,0.81,41.9943,3.0609,684137.7626,633558.3818
605080.SH,20260227,2.8247,0.91,17.5366,1.6327,359089.1111,356070.9944
300590.SZ,20260227,4.0689,1.63,69.2872,3.2787,597892.7994,460671.1499
300697.SZ,20260227,9.7521,0.97,50.0962,6.784,831966.72,387467.7007
300400.SZ,20260227,5.6122,1.28,50.02,7.9989,545180.1726,539107.8798
600365.SH,20260227,1.3292,0.88,,5.4053,145743.63,137156.88
603606.SH,20260227,1.8889,0.82,41.1235,5.3102,4071274.9786,4071274.9786
002140.SZ,20260227,8.6352,1.89,19.7507,1.9709,904133.7145,902789.6759
002472.SZ,20260227,1.9845,0.69,29.7138,3.715,3518949.7648,3128046.6591
300751.SZ,20260227,8.147,1.27,98.1595,10.3742,8153317.4801,5642216.647
002200.SZ,20260227,3.1903,1.89,,,329772.7997,143075.6841
002068.SZ,20260227,3.8142,0.76,,2.5795,691959.8294,691640.4776
920496.BJ,20260227,2.6608,0.95,159.9147,3.078,173025.875,151523.3614
002128.SZ,20260227,2.8105,2.09,13.6003,1.8481,6881630.6235,6881630.6235
002236.SZ,20260227,1.6171,0.81,16.4233,1.6767,6330291.2355,4075342.9083
688802.SH,20260227,8.5991,1.56,,15.9392,21430156.2,971559.6718
300254.SZ,20260227,4.4216,0.7,154.4377,10.7002,314501.3154,277444.0908
603486.SH,20260227,4.8222,1.88,24.9449,4.6086,4013661.4145,3975043.9112
301288.SZ,20260227,1.3634,0.84,,2.7455,218180.2,157781.4344
301118.SZ,20260227,13.204,1.04,,2.3597,316263.668,301500.5688
300597.SZ,20260227,2.5714,0.86,,2.9765,281019.7009,279784.7774
002161.SZ,20260227,4.6358,1.12,61.4328,3.9927,670959.9618,639201.5582
688217.SH,20260227,1.9008,1.24,,1.9363,173153.2776,173153.2776
600073.SH,20260227,1.6578,0.79,2302.6547,1.2512,627341.0168,627341.0168
603916.SH,20260227,3.5736,0.48,47.722,1.2614,531590.3301,524145.7401
688328.SH,20260227,3.7557,1.06,,3.9307,325779.7615,325779.7615
002579.SZ,20260227,7.0139,1.09,241.4684,3.1782,768836.3681,732181.927
605088.SH,20260227,2.9805,0.9,23.8816,2.5131,721704.7487,710986.3007
002568.SZ,20260227,1.5707,1.08,29.2591,4.2773,2031038.551,1399982.7787
001300.SZ,20260227,3.6813,0.81,,3.9881,413200.1742,413200.1742
300462.SZ,20260227,1.1801,0.56,59.2536,1.5807,225983.7567,172128.4504
603536.SH,20260227,3.5479,0.81,,6.4678,260559.3385,258572.1795
600235.SH,20260227,2.9702,1.02,87.0381,1.7063,258205.5,258205.5
300820.SZ,20260227,4.8089,0.88,59.5118,4.9952,1265953.1336,636696.6643
003000.SZ,20260227,1.2974,0.83,20.4258,3.827,509510.3997,348108.1334
920402.BJ,20260227,7.0796,2.39,,2.7678,427546.8479,276420.6296
001236.SZ,20260227,5.8375,2.0,663.3567,5.5061,1027933.3336,773239.3336
688653.SH,20260227,2.1751,0.81,,4.3637,627381.44,467656.3404
002179.SZ,20260227,2.4564,1.01,35.4617,3.0981,7530453.5828,7456964.8716
688222.SH,20260227,2.8839,0.81,102.8132,7.9777,1173191.04,1173191.04
601702.SH,20260227,4.814,1.52,19.858,4.036,2474358.8268,2474358.8268
603373.SH,20260227,9.2509,0.68,37.5745,2.7226,486236.5604,205434.9484
300421.SZ,20260227,4.4959,0.74,144.3924,6.3902,810936.0749,635288.9506
600755.SH,20260227,1.9449,1.19,29.3112,0.7399,1438618.9983,1434942.6618
600415.SH,20260227,2.102,0.75,19.3916,3.6731,8148569.0098,8148569.0098
600486.SH,20260227,2.3447,1.02,26.4916,2.8958,3262868.6087,3252108.6647
002513.SZ,20260227,3.7396,0.61,,72.1159,279441.9196,215046.7287
300682.SZ,20260227,5.9535,1.06,,3.05,2057273.9465,1969166.6392
002714.SZ,20260227,2.966,2.19,12.1309,3.3557,26905229.6459,17863242.9173
688419.SH,20260227,7.9139,0.65,81.6485,5.7821,592003.0254,307545.3182
300225.SZ,20260227,3.1794,0.98,91.0443,2.9302,252928.5419,252730.3719
300988.SZ,20260227,4.7624,0.61,38.528,3.1139,396340.0335,301342.3178
002494.SZ,20260227,2.9844,0.71,146.5023,1.797,220349.4593,167473.9358
601512.SH,20260227,1.3493,0.9,18.1042,0.9542,1438934.4,1438934.4
688571.SH,20260227,2.6048,0.88,32.1347,2.0794,348668.3154,348668.3154
002575.SZ,20260227,14.7314,0.92,,5.9705,495049.5,470152.8865
600650.SH,20260227,2.8335,0.98,68.1769,1.9764,846169.9041,599119.1551
300725.SZ,20260227,2.0405,0.74,46.6941,1.3138,939204.0888,814301.7443
600753.SH,20260227,11.487,2.97,,108.3316,240901.3051,240901.3051
002972.SZ,20260227,3.7769,1.53,39.4289,2.604,312677.1848,171135.943
300670.SZ,20260227,4.1957,0.96,,4.0801,232619.6316,164925.5619
000926.SZ,20260227,1.691,0.61,,0.4247,366381.898,361838.1034
688651.SH,20260227,3.6795,0.79,,3.9609,367570.125,158215.3268
603900.SH,20260227,4.5663,0.76,,1.53,297744.6931,296637.9931
688697.SH,20260227,2.0344,1.17,24.2621,4.2181,737221.4086,737221.4086
920026.BJ,20260227,2.656,0.66,60.8154,5.0066,315587.0109,143090.2139
603797.SH,20260227,2.895,0.98,23.5785,0.9226,298681.4884,298681.4884
603137.SH,20260227,1.8183,0.94,50.5628,2.1527,267631.4676,107871.8676
688623.SH,20260227,4.378,1.65,93.4721,3.1013,651634.2686,210914.2686
688067.SH,20260227,4.5446,1.12,72.72,3.8073,195976.0,195976.0
301260.SZ,20260227,1.549,0.7,,1.8606,829826.1673,351629.5244
603738.SH,20260227,21.7013,1.81,220.1035,4.9097,840462.9576,840462.9576
002497.SZ,20260227,6.7763,1.14,73.2209,2.9456,3196055.868,2935362.8658
002073.SZ,20260227,1.8159,0.73,18.3,1.3912,852491.2896,847807.934
300252.SZ,20260227,7.2344,1.19,702.7064,4.7746,1042230.1347,879538.5435
603928.SH,20260227,4.2458,0.99,55.2775,2.7815,431121.6,431121.6
301257.SZ,20260227,3.2263,1.12,44.1477,4.3023,536600.3978,511566.0299
600843.SH,20260227,1.9908,0.72,,2.6805,815862.4531,536790.8031
600135.SH,20260227,2.8132,0.87,,2.2038,525641.7441,525641.7441
002239.SZ,20260227,2.9044,0.83,86.6098,1.9596,1095050.9843,1077830.1917
603668.SH,20260227,1.836,0.88,273.576,3.1826,749481.8891,749481.8891
300227.SZ,20260227,5.4312,0.85,,4.722,748085.7095,582043.0278
002149.SZ,20260227,24.2789,1.08,285.2027,8.8748,2543596.3675,2543205.6175
600543.SH,20260227,2.0576,0.6,,2.2824,173404.8,173404.8
000908.SZ,20260227,2.3213,1.05,36.9761,155.2071,578891.523,578891.523
301326.SZ,20260227,9.0564,0.76,,8.382,1074795.1993,403648.6446
600339.SH,20260227,6.9877,0.78,44.9568,0.8836,2367254.5277,2367254.5277
002307.SZ,20260227,9.0731,1.39,,1.9428,872204.1206,670926.2469
301065.SZ,20260227,2.6989,0.82,37.5891,1.9587,262929.6,213993.0
300265.SZ,20260227,35.1308,1.22,298.5503,3.4561,806612.3029,806095.4498
603172.SH,20260227,14.1135,0.69,58.837,3.0299,329315.22,123647.52
301507.SZ,20260227,2.5592,0.87,46.443,3.4428,557650.9721,172332.2459
300695.SZ,20260227,2.5006,0.88,22.9528,2.8261,805068.7627,805068.7627
300214.SZ,20260227,4.1552,0.95,,1.4803,358439.9154,358439.9154
920522.BJ,20260227,2.0692,0.61,174.2029,10.5542,1135658.9664,942121.3977
300446.SZ,20260227,4.9382,1.0,22.6612,3.6254,2054346.5697,907751.2155
688272.SH,20260227,7.5402,2.22,,5.8148,241452.0,241452.0
605001.SH,20260227,3.308,1.36,29.9739,1.191,319809.204,319809.204
600796.SH,20260227,7.3658,0.93,33.3274,1.7767,608343.2077,218657.4781
002979.SZ,20260227,3.5879,1.26,57.2832,7.5406,1239285.6414,871770.6565
600760.SH,20260227,2.3557,1.16,53.4065,7.3234,15689414.1473,15640113.2742
002907.SZ,20260227,1.1425,0.65,83.3413,3.682,621800.9115,446572.7054
002951.SZ,20260227,18.4361,0.42,904.2973,3.7636,631395.0,625352.9786
688101.SH,20260227,5.4255,2.11,15.7734,1.3453,595629.6464,595629.6464
605589.SH,20260227,3.6043,0.91,27.1923,2.7715,2846404.5188,2837026.7933
920149.BJ,20260227,2.5775,1.68,,7.5737,89944.2197,74379.6515
301486.SZ,20260227,16.5974,1.27,155.4513,10.1579,2654946.2888,1494865.8732
000589.SZ,20260227,2.3464,0.9,16.0091,0.9137,808404.7421,799336.7741
603396.SH,20260227,13.7581,1.55,124.7936,2.2144,573365.2314,573365.2314
301348.SZ,20260227,14.8062,1.35,,4.6913,698160.0,451299.8455
301372.SZ,20260227,2.976,0.81,,2.5515,201325.7185,120876.4265
688392.SH,20260227,3.9925,0.88,105.1022,9.4279,1675819.0528,1675819.0528
000676.SZ,20260227,2.7003,0.56,63.9464,2.6457,1130030.9259,1129348.5932
300989.SZ,20260227,2.4763,0.8,,3.4236,340277.7283,242939.0271
920035.BJ,20260227,6.6797,2.46,37.7374,4.0103,227929.0,51275.16
688617.SH,20260227,3.2467,2.79,42.3174,11.2434,3472723.9266,3472723.9266
603369.SH,20260227,0.8743,1.0,13.5513,2.3602,3896250.1156,3896250.1156
300657.SZ,20260227,10.5799,1.07,175.0912,12.891,1621869.8959,1583399.0396
603409.SH,20260227,2.4,0.69,29.6508,3.1598,471352.2,117838.813
600992.SH,20260227,2.1285,0.71,,2.5533,355625.59,355625.59
300012.SZ,20260227,2.208,1.26,27.8364,3.6743,2746375.6452,2336648.1308
601601.SH,20260227,1.2491,1.16,7.4996,1.3815,39260613.4779,27934614.1779
002539.SZ,20260227,6.0275,1.07,23.7904,2.0823,1927527.1242,1406398.7192
300261.SZ,20260227,3.2933,0.63,,3.5629,714775.6275,694640.5619
920982.BJ,20260227,1.8859,2.18,31.5173,13.3575,2460327.0999,1173980.5916
001332.SZ,20260227,5.1783,1.04,26.4015,2.585,652111.98,283316.6629
002886.SZ,20260227,9.6203,1.04,159.4638,3.6816,663799.3909,527295.1296
300437.SZ,20260227,31.2377,1.4,,3.5025,487933.487,339841.884
603356.SH,20260227,7.5776,1.38,,6.823,261613.08,261613.08
002869.SZ,20260227,1.7698,0.9,225.9995,1.9062,407965.9692,363237.0937
601518.SH,20260227,2.6904,1.03,10.3738,1.0059,565275.3975,565275.3975
300308.SZ,20260227,4.1695,1.25,69.39,22.8691,59333719.0356,59033725.7388
300425.SZ,20260227,2.8152,1.18,58.243,1.5497,364308.0715,362623.5546
603182.SH,20260227,1.8262,0.93,23.355,2.4495,268216.5,268216.5
300003.SZ,20260227,1.964,0.89,79.4286,2.2263,3386319.4513,2900409.6912
002252.SZ,20260227,0.5987,0.99,22.863,1.2854,4175292.4625,4173093.9659
300946.SZ,20260227,4.8222,1.52,154.5206,6.8039,809056.4508,393121.0998
000812.SZ,20260227,1.8982,0.83,,1.9112,343605.5985,343367.9536
002612.SZ,20260227,3.1038,0.85,7.9726,2.4219,826487.9605,475852.876
301548.SZ,20260227,9.1955,0.82,61.8522,5.4165,817800.0,246608.8308
920953.BJ,20260227,5.1815,1.32,67.7915,8.2181,465829.7396,217744.5979
300047.SZ,20260227,7.1004,1.53,305.8272,2.7427,904321.9449,775137.9887
002802.SZ,20260227,3.0883,0.99,55.7665,4.0328,255222.786,254720.025
300942.SZ,20260227,1.9671,0.94,130.6899,4.828,408309.3141,408309.3141
000157.SZ,20260227,1.6416,0.85,20.0847,1.5266,8639886.7008,7063346.9456
300305.SZ,20260227,2.8214,0.8,,1.2721,260527.8582,223104.2725
601096.SH,20260227,19.9503,1.36,50.047,3.653,1674647.0851,1028503.3147
688501.SH,20260227,4.1988,1.34,19.6968,3.1611,356404.394,356404.394
688141.SH,20260227,8.2158,2.19,,15.216,2637533.6639,2637533.6639
920414.BJ,20260227,10.8198,0.96,,4.3633,123848.9096,87088.4926
000686.SZ,20260227,1.355,0.92,14.3621,1.0692,2106407.6235,2106407.6235
000893.SZ,20260227,1.5319,0.77,29.0825,3.9987,5220889.2066,4586726.9181
600208.SH,20260227,1.6652,0.55,,0.7624,3173834.9184,3173475.1737
000036.SZ,20260227,11.2212,1.63,194.957,1.486,755254.4741,753819.2289
600872.SH,20260227,1.2081,0.64,20.9278,2.562,1458147.784,1444060.4304
601008.SH,20260227,3.6151,0.92,43.9606,1.6369,674907.0753,674907.0753
603383.SH,20260227,2.0528,0.86,37.8414,5.2274,741829.1611,741819.4087
300565.SZ,20260227,4.9553,1.11,,5.9825,336601.817,307620.5355
920375.BJ,20260227,4.3706,0.94,95.7442,1.9854,159215.9788,95102.2154
688277.SH,20260227,9.7056,2.95,,10.2033,1274497.735,1274497.735
600615.SH,20260227,2.2046,1.07,313.3453,3.9226,288348.2516,287890.0119
002482.SZ,20260227,3.0844,0.91,,14.3822,690177.0748,688815.0034
300541.SZ,20260227,8.1361,1.45,78.3604,4.1784,719894.4796,647132.3805
688663.SH,20260227,4.9482,1.48,58.8402,5.9377,812771.577,812771.577
600141.SH,20260227,4.4558,0.85,29.9824,2.1749,4813513.5648,4813513.5648
600280.SH,20260227,3.3922,0.65,,6.6114,407328.8585,407328.8585
688400.SH,20260227,5.4351,0.79,167.8797,5.3112,2144463.7619,2144463.7619
920037.BJ,20260227,3.8713,0.84,38.8279,9.0557,771032.3144,249227.1164
301559.SZ,20260227,6.3601,2.17,49.0642,2.406,1095600.0,164340.0
300271.SZ,20260227,2.58,0.91,,1.7779,649488.5384,637794.0032
603728.SH,20260227,2.7106,0.72,359.8348,9.7682,2895734.7225,2895734.7225
600613.SH,20260227,2.1648,0.93,56.0324,1.4971,349282.8447,313475.2656
300518.SZ,20260227,5.5915,1.22,,5.236,393638.451,393603.2151
600018.SH,20260227,3.2293,1.66,8.8429,0.8533,11849499.8965,11832579.6402
301557.SZ,20260227,7.1077,1.06,46.9657,4.2285,427570.9552,106922.0
600199.SH,20260227,2.3142,0.82,,2.9861,617671.2177,617671.2177
000597.SZ,20260227,1.5008,0.85,19.9253,1.3915,746367.1626,737072.2612
002857.SZ,20260227,3.7965,1.05,278.5113,5.7598,300066.298,294016.0
002275.SZ,20260227,1.0742,0.78,16.2375,2.7148,849036.627,807814.7016
600869.SH,20260227,9.4394,0.99,,7.8353,3337906.53,3337906.53
002234.SZ,20260227,2.5527,1.14,,1.8394,332559.082,287242.433
600570.SH,20260227,1.3716,0.86,54.0052,6.3019,5686180.9828,5686180.9828
600628.SH,20260227,1.3425,0.56,72.7605,1.1834,502622.1734,502622.1734
601088.SH,20260227,0.7766,0.87,16.2567,2.117,83964365.3298,69691126.3978
603638.SH,20260227,4.1882,0.71,53.1839,5.8681,2018714.7195,2018714.7195
600860.SH,20260227,13.9304,1.05,,10.2842,793854.6826,643859.1426
603317.SH,20260227,2.0105,0.76,24.4495,3.2558,1428847.2535,1428847.2535
600765.SH,20260227,3.8599,0.6,139.8005,2.3839,3392034.6054,3368235.3434
603282.SH,20260227,8.7281,3.1,25.2546,2.3345,308588.92,148009.3625
600729.SH,20260227,1.3826,0.58,10.2612,1.3412,1047397.4171,457724.203
300467.SZ,20260227,2.4104,0.77,416.7789,10.5349,672608.2091,557924.5769
002529.SZ,20260227,1.8974,0.96,,9.2795,179400.0,179400.0
300928.SZ,20260227,2.2824,0.84,,2.4475,268720.0,179996.9796
300773.SZ,20260227,11.1316,1.16,125.7667,6.4983,2230581.7134,2109650.1509
001301.SZ,20260227,1.9445,0.92,21.4318,3.0796,2082506.7648,1485632.0152
301050.SZ,20260227,5.4674,1.31,109.0121,4.3429,1369308.2152,1165215.424
000829.SZ,20260227,3.4508,0.92,,3.863,1126585.3814,1125518.5062
688498.SH,20260227,6.4468,1.16,659.6728,30.473,6617115.4247,6467160.0
920510.BJ,20260227,2.9815,0.74,,8.0848,324032.3011,165168.4782
603261.SH,20260227,1.9814,1.07,,3.5026,232902.5911,232902.5911
688211.SH,20260227,1.2202,1.5,,1.3109,442731.6601,442731.6601
002726.SZ,20260227,1.2766,0.52,,4.1261,445693.3646,445355.1176
600143.SH,20260227,2.0999,0.79,42.2471,2.6711,5095753.5382,5095753.5382
600569.SH,20260227,11.0052,1.66,,2.8634,781298.617,781298.617
688805.SH,20260227,9.4259,1.83,105.2995,6.4705,790946.56,148674.4579
002585.SZ,20260227,8.9904,1.57,,1.0877,938167.1871,728753.7897
600809.SH,20260227,0.8458,0.61,15.9869,5.0696,19659723.4375,19659723.4375
301228.SZ,20260227,4.8658,0.72,,7.9433,548400.0,545842.1436
002700.SZ,20260227,2.083,1.01,41.2403,2.2468,307325.7415,195754.4014
688783.SH,20260227,4.1722,0.98,,8.354,10373108.2,422902.5784
688192.SH,20260227,0.796,0.69,,15.8659,2364983.7108,2344869.3033
300945.SZ,20260227,10.859,0.94,41.6546,3.0618,505012.0291,459398.0468
002110.SZ,20260227,4.1315,0.97,47.5938,0.5719,1124662.2931,1124662.2931
002831.SZ,20260227,3.1433,1.32,19.7473,2.5308,2913425.2275,1617293.5381
920007.BJ,20260227,3.5873,0.89,28.948,4.8198,312804.448,74925.664
300739.SZ,20260227,40.162,1.3,232.6409,4.4705,1206633.6123,1108744.0053
600894.SH,20260227,1.8077,1.32,12.4719,0.9714,828683.0462,820379.545
300157.SZ,20260227,30.8904,1.33,239.7261,,527002.4572,494769.4178
600651.SH,20260227,2.3864,0.78,405.5146,8.0756,2013143.496,2013143.496
605033.SH,20260227,41.1548,1.36,113.0482,2.9516,336648.0,336648.0
000816.SZ,20260227,9.4265,1.01,,2.8543,584593.3805,580317.9107
300538.SZ,20260227,3.7388,0.99,,3.2269,310535.0041,206521.8183
300766.SZ,20260227,17.8141,0.94,,11.1644,1753083.6708,1590988.4188
688021.SH,20260227,2.8452,0.86,,2.2033,188971.1221,188971.1221
001210.SZ,20260227,3.7905,0.5,48.2858,2.8122,364746.2844,221665.5717
688468.SH,20260227,1.4417,0.88,56.3815,2.2611,318479.752,318479.752
600663.SH,20260227,0.7801,0.57,27.8098,1.6859,4214423.6293,2641307.2251
002552.SZ,20260227,5.4748,0.97,43.9275,6.0881,820976.9604,779752.9595
688401.SH,20260227,2.6308,0.84,44.695,7.1085,1079657.7616,1079657.7616
300226.SZ,20260227,6.9936,1.13,46.7766,4.4371,943734.1305,907119.1211
300627.SZ,20260227,2.0645,1.02,43.3623,7.4149,2976027.2497,2451175.6688
600082.SH,20260227,2.7078,0.85,46.9348,1.5949,283644.8476,278473.2459
603958.SH,20260227,26.606,2.17,,6.9009,475133.76,475133.76
301429.SZ,20260227,3.3376,0.79,49.3425,1.8984,255473.42,95172.8884
605180.SH,20260227,4.9268,0.93,101.0687,2.3625,270062.0,270062.0
002103.SZ,20260227,2.2708,0.57,29.8994,4.2858,514504.8537,363072.1667
300609.SZ,20260227,6.9548,1.83,,4.7079,469166.7956,468443.4825
920003.BJ,20260227,1.9645,0.96,20.2488,3.6331,205144.2866,42207.2376
002479.SZ,20260227,4.3724,1.88,21.4497,1.1474,483535.0,482457.7198
688627.SH,20260227,4.1414,0.71,409.6033,16.917,2877417.7547,2214468.1146
601921.SH,20260227,1.7008,0.41,14.0518,1.3247,1802222.2229,1802222.2229
002925.SZ,20260227,7.8901,1.28,70.493,3.9691,1815737.2817,1720156.2217
002123.SZ,20260227,3.3591,1.3,,5.5758,962478.8001,860483.3728
603799.SH,20260227,3.0024,0.88,27.8696,3.1299,14912071.5814,14812628.4455
001360.SZ,20260227,5.8253,0.71,110.9815,4.0119,568752.0,228005.835
002049.SZ,20260227,2.4671,0.9,47.2815,5.1596,6771508.5163,6770299.268
301300.SZ,20260227,8.99,1.26,40.1184,4.008,321195.6,191926.4144
000565.SZ,20260227,7.2814,1.19,649.1866,3.0326,378092.4158,378092.4158
605138.SH,20260227,1.7785,0.81,88.7965,1.6851,406122.6912,406122.6912
605365.SH,20260227,4.3356,1.18,36.9113,2.6365,982941.2112,982941.2112
600605.SH,20260227,1.8626,1.51,247.9923,4.0078,569752.0689,569752.0689
688521.SH,20260227,6.6867,1.02,,41.0276,14602563.4701,14602563.4701
688187.SH,20260227,1.5337,0.85,19.6481,1.8981,8066213.5673,5161310.6213
300200.SZ,20260227,4.7713,0.82,38.4528,3.2629,535699.6951,526882.8649
002866.SZ,20260227,5.0144,0.95,,2.8158,584834.9571,366158.3421
002647.SZ,20260227,4.9433,1.4,,17.4613,1144985.4485,686546.5558
002890.SZ,20260227,3.1785,1.5,188.7217,4.7017,282842.1414,268871.2097
600129.SH,20260227,1.2279,0.69,,2.7554,974907.3511,974907.3511
603029.SH,20260227,3.7163,1.07,30.5893,2.6723,248387.074,248387.074
688166.SH,20260227,5.1027,2.49,312.2253,8.1205,1938238.7414,1938238.7414
000957.SZ,20260227,2.0781,0.67,21.7112,2.3259,718599.5704,718599.5704
002905.SZ,20260227,10.5802,0.42,111.3856,42.9135,407554.56,378443.52
300878.SZ,20260227,9.4975,1.4,,4.4154,447691.6756,445631.2812
688228.SH,20260227,12.0317,0.73,261.6285,6.4858,864717.2788,864717.2788
001287.SZ,20260227,3.9449,0.79,54.1494,3.4813,1872393.839,1077740.0431
600987.SH,20260227,3.6992,0.61,12.0014,1.3541,872800.1364,872800.1364
603158.SH,20260227,6.5344,1.65,33.804,2.2732,528068.6792,528068.6792
603310.SH,20260227,1.308,0.69,34.3042,1.5421,611597.14,343591.71
301177.SZ,20260227,4.2565,0.82,95.2331,2.0699,1289284.3256,1288430.0358
688469.SH,20260227,2.3746,0.84,,4.996,6521730.6198,3446384.4
603221.SH,20260227,3.8371,1.05,47.4686,1.948,313011.2,310105.6
600116.SH,20260227,3.2396,1.41,47.6944,1.1761,1321290.7467,1321290.7467
605555.SH,20260227,5.9124,1.59,31.5019,2.8306,854381.8556,854381.8556
002100.SZ,20260227,2.75,1.63,21.7567,1.369,981615.8393,981615.8393
920807.BJ,20260227,7.3173,1.07,126.7844,3.1504,295918.76,198446.3647
600172.SH,20260227,32.2829,1.46,,14.1827,1400361.1262,1239244.3333
920163.BJ,20260227,0.9087,0.37,50.8952,3.9669,192429.1642,89336.6926
605300.SH,20260227,1.696,0.72,192.5335,1.8344,525284.7781,525284.7781
920207.BJ,20260227,38.3283,2.74,4088.2009,10.7971,321668.355,196359.0639
002074.SZ,20260227,2.1822,0.74,20.6615,2.4163,6875491.3172,6580169.0975
301419.SZ,20260227,6.1928,0.82,61.8916,4.5878,435600.0,287955.558
002693.SZ,20260227,1.9598,0.94,,8.0627,315164.21,312346.013
600215.SH,20260227,2.3159,0.81,,1.7647,354084.232,354084.232
301287.SZ,20260227,4.8616,1.1,31.5844,2.5953,300415.02,76743.2631
603718.SH,20260227,3.7507,0.53,18.5675,2.098,318129.4936,316702.0936
300203.SZ,20260227,3.22,1.6,270.8114,2.556,727852.3872,727253.7476
603825.SH,20260227,1.5465,1.07,,14.6539,240923.061,240923.061
600668.SH,20260227,1.308,0.66,6.8923,0.8202,473596.9813,473596.9813
603848.SH,20260227,3.3332,1.06,35.6282,2.8634,717088.4026,717088.4026
300290.SZ,20260227,3.0491,0.93,,14.3761,1115693.6003,1115362.0223
603877.SH,20260227,1.0572,0.92,41.5515,1.7373,743357.5098,740592.5777
920639.BJ,20260227,2.8307,0.75,83.0424,2.0652,179020.8,104183.2724
000909.SZ,20260227,1.1922,1.19,,2.592,257375.9761,257373.8152
688060.SH,20260227,3.2984,0.7,,3.343,299749.8254,299749.8254
600331.SH,20260227,5.6604,1.08,,16.5277,5259425.6,4045712.0
688281.SH,20260227,1.2479,1.0,87.7449,5.9248,2750238.1108,2750238.1108
002675.SZ,20260227,1.3628,1.06,66.0378,2.5078,1096712.2877,988700.712
920001.BJ,20260227,3.2751,2.23,155.5122,3.8176,283803.0088,163812.3139
603818.SH,20260227,3.0218,0.93,,1.2209,265692.4719,265692.4719
002485.SZ,20260227,2.849,0.41,,2.3512,276896.0,276896.0
600480.SH,20260227,1.8671,1.33,19.3155,1.8415,1434961.9173,1413686.1704
002577.SZ,20260227,1.7304,1.38,470.2437,4.3558,506361.152,506334.092
002281.SZ,20260227,10.9445,1.28,66.8383,6.2657,6124282.3092,5917792.1095
603276.SH,20260227,2.1104,0.71,95.1319,2.2266,388096.9099,141375.511
002556.SZ,20260227,3.4848,0.7,42.3292,1.7805,636060.1498,635457.4168
300245.SZ,20260227,4.0907,1.49,,3.4466,406326.5587,405432.2326
002630.SZ,20260227,3.9112,1.33,,13.3091,321177.6,280234.2253
002703.SZ,20260227,26.7144,0.95,109.4256,10.0041,2044241.4742,1456329.4639
688350.SH,20260227,5.1536,0.8,650.7116,2.7441,491615.5633,491615.5633
300876.SZ,20260227,2.8857,1.12,,3.2536,326920.7513,243882.4463
603048.SH,20260227,14.511,3.03,58.7426,2.8204,360002.88,360002.88
601015.SH,20260227,14.6187,0.81,,1.8003,1015121.3266,1015121.3266
603270.SH,20260227,3.6864,0.8,49.0501,2.7745,611307.6009,197299.5009
301071.SZ,20260227,17.849,1.32,181.4788,2.4075,1274293.2444,952733.0416
601666.SH,20260227,2.436,0.86,37.6993,0.9591,2202669.7694,2202669.7694
300789.SZ,20260227,2.1923,1.26,59.316,3.2132,342360.7557,235372.3681
301192.SZ,20260227,7.6347,1.09,78.2386,5.078,314884.8,150882.3
003001.SZ,20260227,1.7144,0.76,71.4237,2.8987,347650.8572,210732.562
603730.SH,20260227,3.3402,0.68,37.8157,5.1694,2359146.6396,2359146.6396
300021.SZ,20260227,12.1963,3.05,82.1703,2.0303,512206.102,437242.3447
603167.SH,20260227,1.7622,0.72,15.9471,1.3124,460699.9019,460699.9019
600159.SH,20260227,3.5112,0.85,,1.5037,258131.0052,258131.0052
688618.SH,20260227,4.8536,1.14,109.0146,4.2755,375182.0702,374712.9224
301117.SZ,20260227,10.5002,1.24,353.2567,5.3412,697123.0421,428791.0401
002805.SZ,20260227,3.6447,1.01,,4.7507,469104.7009,466558.8517
688168.SH,20260227,1.6893,1.06,,5.5179,553956.7737,553956.7737
300550.SZ,20260227,2.5651,0.77,72.5089,3.3306,372047.7198,371702.2835
920792.BJ,20260227,5.152,2.54,29.599,2.1314,222154.68,134681.5606
002186.SZ,20260227,2.177,0.59,,4.1231,356642.8853,356166.1748
605020.SH,20260227,4.061,0.99,26.8168,2.7241,1539607.6311,1515812.8968
300490.SZ,20260227,9.4671,1.15,,3.104,684118.8766,674821.4822
688176.SH,20260227,1.7065,1.12,,3.9781,693972.1405,529358.428
300306.SZ,20260227,3.3622,1.06,44.9089,2.671,391872.9395,229626.8279
600794.SH,20260227,12.2139,2.38,57.2255,1.8457,484861.4714,484861.4714
300844.SZ,20260227,2.3217,1.11,,5.5667,408170.4435,394284.6345
300665.SZ,20260227,3.7244,0.71,,3.3855,186979.6534,186232.5904
002196.SZ,20260227,9.9377,0.57,,5.9251,838519.4336,825690.6232
000090.SZ,20260227,1.9306,0.86,23.8797,0.6604,745549.6282,745515.5137
600429.SH,20260227,2.7193,0.83,42.1576,1.5144,790098.8482,787715.2061
300077.SZ,20260227,3.6534,1.0,,13.4844,1296873.7808,1259512.1376
301509.SZ,20260227,6.2969,1.01,45.9757,2.1431,472391.8358,222537.9196
300105.SZ,20260227,4.4551,1.25,51.3674,2.1239,409040.8351,409040.8351
603239.SH,20260227,4.2205,0.82,32.8844,5.0911,638628.48,638628.48
603906.SH,20260227,2.6968,0.76,,4.2821,1281097.5486,1056697.5486
002765.SZ,20260227,2.0586,0.78,40.1418,2.9203,767554.7619,701356.8098
603929.SH,20260227,5.6627,0.86,48.1289,16.4854,3077077.92,3077077.92
300374.SZ,20260227,2.3808,0.7,,4.9001,398869.8106,316183.9212
002718.SZ,20260227,5.2096,0.9,,9.8362,880245.2372,639069.6032
603350.SH,20260227,2.3511,0.81,37.5133,3.4478,454093.612,171512.0
300835.SZ,20260227,7.1774,0.66,73.8325,8.9624,1070246.6715,738496.4409
920575.BJ,20260227,2.1549,0.74,,8.1588,264083.6,176568.3592
300124.SZ,20260227,1.4031,1.12,38.0677,5.7415,19741111.0387,17490348.8723
603700.SH,20260227,1.69,0.66,31.5697,1.8074,292344.3475,292344.3475
002623.SZ,20260227,19.6183,1.05,,1.9508,552597.5,551413.883
688036.SH,20260227,1.6825,1.14,25.7531,3.2544,6654997.8546,6654997.8546
920346.BJ,20260227,1.5594,1.1,40.9949,4.2481,195987.0403,108387.0347
300939.SZ,20260227,3.9717,0.94,55.2535,3.2336,448800.0,448800.0
603236.SH,20260227,3.0772,1.0,25.7718,3.6887,2487082.1636,2260983.7882
920033.BJ,20260227,2.1057,1.01,54.7663,2.744,209320.6343,145411.0032
000576.SZ,20260227,4.904,1.26,63.3223,2.9916,494025.4182,491078.8755
301076.SZ,20260227,3.2731,0.92,117.6604,6.5945,773149.7852,485476.8714
920957.BJ,20260227,2.8471,0.84,280.8572,3.5803,139706.3369,55601.5637
000786.SZ,20260227,1.2117,0.53,15.4285,1.7739,4764558.6816,4728932.4498
301665.SZ,20260227,8.5343,0.66,30.9639,4.1163,1445400.0,122859.0
301468.SZ,20260227,17.8047,1.22,223.7843,4.4615,1002527.4223,577895.0792
600467.SH,20260227,4.78,0.71,95.2995,1.1403,390085.4792,390085.4792
603336.SH,20260227,4.9425,1.06,624.67,4.2362,603849.1934,603849.1934
301595.SZ,20260227,10.7335,0.77,89.2257,7.6201,658342.4,148127.04
300962.SZ,20260227,2.245,0.76,45.2049,4.6477,464643.3387,464643.3387
001979.SZ,20260227,1.6521,0.91,22.7069,0.9043,8934887.8815,8338297.01
688472.SH,20260227,2.4676,0.73,41.3107,2.3033,5293482.5827,1958141.8301
603626.SH,20260227,6.6792,0.79,,7.2289,1542010.6585,1542010.6585
688347.SH,20260227,3.8131,0.81,4085.8902,4.9501,22029700.9429,5169454.5
688283.SH,20260227,1.0817,0.68,135.1667,6.4122,632142.0,632142.0
002635.SZ,20260227,3.4318,0.88,69.6993,1.6853,982933.2962,589074.0136
002463.SZ,20260227,8.9429,1.4,42.0889,10.6451,16087679.1693,16074695.663
603959.SH,20260227,6.42,0.58,,135.1966,321145.8398,321145.8398
688361.SH,20260227,3.0744,1.24,2688.124,13.7168,6898215.7689,4891333.8032
300624.SZ,20260227,9.8638,0.7,,15.3382,1656312.2877,1466954.9615
000839.SZ,20260227,9.1711,0.89,,9.1754,1407217.6604,1407217.6604
300274.SZ,20260227,2.9866,0.84,19.5574,6.9645,29957905.0768,22971301.5381
301356.SZ,20260227,3.9156,0.41,59.623,1.7958,538920.0,136750.95
600152.SH,20260227,12.3134,1.0,,2.781,473526.0406,473526.0406
300049.SZ,20260227,1.4546,0.78,141.0616,9.1183,1737446.9763,1531068.2995
600540.SH,20260227,32.5708,4.44,,7.1709,312780.8045,312780.8045
300741.SZ,20260227,2.9531,0.85,,1.6727,1139378.0,1139371.895
002686.SZ,20260227,2.1975,0.59,324.6719,2.4185,396933.6322,366435.5582
002434.SZ,20260227,3.5872,0.75,38.563,2.0982,1248282.6,1247085.3386
000523.SZ,20260227,3.7933,0.61,13.853,3.7848,715832.6998,516812.4601
002530.SZ,20260227,3.6738,1.1,180.4711,6.1527,815041.2911,727099.0074
688219.SH,20260227,2.4762,1.15,33.9997,2.3772,706236.0,706236.0
688575.SH,20260227,1.1748,0.97,54.7,2.8916,783944.7476,783944.7476
301638.SZ,20260227,13.2171,1.28,92.4072,6.6876,7131955.4659,527060.4966
688186.SH,20260227,8.331,3.15,24.6336,1.4625,699820.9432,699820.9432
603226.SH,20260227,6.628,2.39,,12.4585,1131174.8121,1131174.8121
300986.SZ,20260227,17.4448,1.19,94.0633,5.8397,1243749.4305,1242723.1758
603312.SH,20260227,2.4641,0.91,26.2733,4.805,763997.6125,243140.6125
000430.SZ,20260227,2.3287,1.21,,22.4965,602368.7168,275694.0256
601238.SH,20260227,0.9831,0.79,,0.7433,8208638.0495,5943876.564
301613.SZ,20260227,1.753,0.83,33.0835,4.6251,733734.2009,427980.2609
600929.SH,20260227,3.2391,0.75,,1.4279,1075914.2959,1075914.2959
300008.SZ,20260227,17.8917,0.99,57.4089,7.2105,1684828.4047,1606107.8192
600028.SH,20260227,0.7532,0.51,21.6693,0.9407,78117882.1874,61210099.0923
002348.SZ,20260227,10.0494,1.77,,17.1902,765337.6,730054.6632
300331.SZ,20260227,11.7422,2.01,,8.2198,1286107.3026,1041199.6994
603389.SH,20260227,1.2952,0.79,,53.6043,1253852.544,1253852.544
002825.SZ,20260227,2.437,0.78,23.5534,2.3684,383543.9476,288098.921
605018.SH,20260227,8.6631,0.53,70.9268,2.215,600274.0177,600274.0177
002132.SZ,20260227,3.5633,0.9,369.4143,1.6113,559216.3345,558393.3802
688020.SH,20260227,6.2106,1.28,,5.9068,816893.041,816893.041
300659.SZ,20260227,3.7121,0.53,,3.3923,407514.0716,297870.7209
600118.SH,20260227,9.6029,1.33,1886.5176,17.07,10841060.3897,10841060.3897
300036.SZ,20260227,2.4324,0.92,,3.4065,917531.4409,816445.6208
000837.SZ,20260227,2.4342,0.87,282.462,2.625,1275862.8587,1256231.9612
688699.SH,20260227,5.6766,0.75,,4.78,579050.071,579050.071
300413.SZ,20260227,2.7414,0.6,48.7333,1.9695,4560817.347,2490904.4976
920855.BJ,20260227,2.2191,1.12,38.488,2.3429,135043.1327,121135.6982
002324.SZ,20260227,3.2301,0.9,77.9751,4.382,2004429.9189,1398849.2835
300004.SZ,20260227,11.7294,2.07,116.2648,4.3097,767029.7696,767029.7696
300756.SZ,20260227,1.165,0.68,93.5553,5.2084,762617.5737,635023.6782
300915.SZ,20260227,2.2992,0.66,421.147,2.1334,328062.9717,150169.1648
600273.SH,20260227,2.099,0.87,15.0852,1.5576,1568552.7274,1568552.7274
920230.BJ,20260227,2.0977,0.89,111.7807,3.1075,129925.5686,60949.5949
300481.SZ,20260227,3.4834,0.81,34.9102,2.1821,524464.2221,521265.8963
920765.BJ,20260227,4.7367,0.62,,5.8161,164887.3861,100175.0763
920030.BJ,20260227,2.1765,1.06,,2.6436,119822.5863,75060.8752
603206.SH,20260227,2.3614,1.05,104.5481,2.2777,516703.5797,516703.5797
601077.SH,20260227,1.032,1.19,6.1947,0.5702,7370693.0,5736019.3234
300738.SZ,20260227,17.8163,1.12,159.4705,7.4253,2608753.9523,2608015.2556
603977.SH,20260227,4.9659,1.34,63.0177,2.8655,959197.3824,959197.3824
600801.SH,20260227,1.24,0.61,14.761,1.5692,4844059.8622,3126155.5222
603335.SH,20260227,5.3865,1.19,,12.3476,267162.2304,267162.2304
603759.SH,20260227,2.5554,0.7,18.6495,1.7303,492697.92,492697.92
002004.SZ,20260227,1.8549,0.82,,1.135,1100835.0702,1046180.4025
301355.SZ,20260227,2.7803,0.71,375.8232,1.7443,262992.0069,135076.9169
300244.SZ,20260227,4.5727,0.66,,2.2421,1450577.271,1163886.4806
920786.BJ,20260227,4.8907,0.81,101.4212,2.8617,214488.378,145893.5628
300896.SZ,20260227,1.4529,0.8,29.4839,5.8458,4320409.447,2978270.4365
300687.SZ,20260227,9.3639,2.28,133.759,3.5008,967527.1041,779605.774
603203.SH,20260227,4.2135,1.12,40.6467,6.8992,1007034.6385,989138.6725
600850.SH,20260227,4.0852,1.76,38.6741,4.0365,1946048.598,1946048.598
603703.SH,20260227,4.0071,1.16,,7.624,630772.8224,630772.8224
605151.SH,20260227,6.4169,0.98,,2.0903,284851.288,284851.288
300281.SZ,20260227,2.3224,0.91,1908.3837,2.6402,331368.5518,314284.7964
300677.SZ,20260227,3.168,1.88,16.8792,1.582,2873548.1768,2042107.363
300058.SZ,20260227,12.0957,0.88,,8.372,6641909.27,6438055.0523
002032.SZ,20260227,0.7768,0.74,17.0078,5.674,3566050.8119,3563785.3792
002614.SZ,20260227,2.952,0.91,64.3703,1.0204,440983.6172,311974.9637
002816.SZ,20260227,2.9239,0.95,,10.4678,242200.0,242200.0
000713.SZ,20260227,3.2955,1.04,111.6698,1.8777,560350.0707,431038.516
600420.SH,20260227,1.1248,0.86,15.1815,1.0403,1433713.6077,1433713.6077
301286.SZ,20260227,5.6784,0.81,118.7186,12.5127,2390197.4,963483.1237
600423.SH,20260227,2.6689,0.76,525.265,5.7577,321874.0955,321874.0955
600491.SH,20260227,2.9475,0.9,,0.5098,500230.8513,500230.8513
300746.SZ,20260227,2.198,0.89,,4.0502,311518.8926,308492.721
688282.SH,20260227,4.4737,1.02,258.6283,5.3438,683320.0,683320.0
688707.SH,20260227,1.836,0.95,,1.8801,768197.7096,768197.7096
300752.SZ,20260227,2.3615,0.62,59.2335,3.6755,447857.9538,308238.518
920873.BJ,20260227,1.2713,0.6,,4.7752,123016.3756,96084.7288
300445.SZ,20260227,3.9994,1.08,37.0158,3.7944,482428.5595,322629.0314
000025.SZ,20260227,2.914,0.77,51.7059,4.3526,786681.434,716820.434
300017.SZ,20260227,30.391,1.22,57.662,4.9001,4968088.5495,4658406.0906
300867.SZ,20260227,3.7202,1.47,22.1483,1.4063,544569.0702,384022.1553
300803.SZ,20260227,3.2543,0.9,310.4393,25.3656,7075415.5897,7023750.5287
002077.SZ,20260227,5.6792,0.83,224.3208,2.9716,996458.3968,996458.3968
300256.SZ,20260227,1.8855,0.82,,9.7283,902820.5676,892870.5676
002187.SZ,20260227,4.3572,0.78,,1.2476,503242.3465,503242.3465
002895.SZ,20260227,3.8385,0.75,20.9131,3.5362,2611751.4035,2564301.9133
603129.SH,20260227,1.7998,1.05,20.8916,5.2379,3772635.2953,3772635.2953
300469.SZ,20260227,3.0594,0.81,,45.3721,1728983.4092,1728939.7386
300532.SZ,20260227,2.5049,1.1,25.4706,3.2293,574346.4143,546200.163
002154.SZ,20260227,1.6716,0.66,18.4926,1.2877,583733.4916,471909.0312
600198.SH,20260227,3.5873,0.98,186.8322,46.9271,1286656.695,1285024.4565
600556.SH,20260227,6.2944,0.65,602.3443,3.4027,1308809.2928,1308809.2928
603995.SH,20260227,4.6137,1.73,11.0633,1.2989,742569.9447,742569.9447
301617.SZ,20260227,3.5586,1.02,55.4147,5.7287,967553.6,384009.6
300475.SZ,20260227,4.654,0.72,267.3027,20.4766,6925868.1568,6635267.7688
920926.BJ,20260227,2.5196,0.76,51.3082,5.4354,150921.8468,136951.5033
300253.SZ,20260227,5.7749,0.89,,4.2253,2383909.1513,1963438.4029
000985.SZ,20260227,3.9223,0.69,,4.49,276132.135,276132.135
002137.SZ,20260227,5.4694,0.91,,3.5944,543432.0676,373067.6659
603183.SH,20260227,2.7285,0.99,59.7496,1.5195,241616.48,241616.48
000498.SZ,20260227,2.1945,1.12,4.3046,0.6195,979590.3139,914537.8453
603115.SH,20260227,9.5132,0.69,33.3208,3.2913,679712.024,679712.024
000555.SZ,20260227,8.3311,1.32,,3.2171,1782739.8964,1775667.8078
603986.SH,20260227,3.6282,0.78,155.3795,9.1187,21033073.53,20035343.58
301058.SZ,20260227,2.4866,1.11,24.6473,2.6633,582455.8166,582455.8166
600587.SH,20260227,1.624,1.02,18.4526,1.2113,939085.7619,939085.7619
688058.SH,20260227,8.5118,2.01,,3.9267,255265.8071,255265.8071
000737.SZ,20260227,11.716,1.16,45.3817,5.1496,3428489.583,3428168.688
002960.SZ,20260227,2.2969,0.89,40.1769,1.6314,1027648.4403,877822.2833
920802.BJ,20260227,11.4069,2.77,52.7404,3.037,134493.5956,36241.6925
300594.SZ,20260227,10.636,1.01,,3.6316,300058.6877,297199.8763
002734.SZ,20260227,25.201,2.98,25.4612,2.7909,1069687.4748,976409.3472
002729.SZ,20260227,7.2121,1.64,84.3686,6.392,350936.3066,336539.3977
000045.SZ,20260227,3.2071,0.88,95.5595,2.2455,668102.3188,602811.8188
688622.SH,20260227,6.2153,0.86,,28.5832,866514.5117,866514.5117
000899.SZ,20260227,12.67,1.18,15.0722,2.2596,1425465.2074,1425465.2074
600719.SH,20260227,3.2229,1.05,,9.1465,269463.3336,269463.3336
688656.SH,20260227,2.8934,0.89,387.0357,11.0479,906363.7277,906363.7277
603693.SH,20260227,10.8178,2.06,31.1465,1.715,1193686.2033,1193686.2033
600857.SH,20260227,2.6828,1.26,79.4065,3.3845,301485.9711,301485.9711
301448.SZ,20260227,1.9229,0.92,941.8998,7.0718,483565.8,223209.9975
301000.SZ,20260227,2.038,0.6,64.1796,7.4426,925848.3515,873974.6555
301061.SZ,20260227,2.4713,1.04,21.4042,4.8343,1947029.8689,1293502.2103
300601.SZ,20260227,0.9561,0.65,,1.8473,1680979.2813,1355062.8023
600418.SH,20260227,1.9848,0.68,,9.2122,12352896.5086,11968373.6547
000030.SZ,20260227,2.1875,0.7,14.2274,1.1734,956214.8298,929023.9834
600557.SH,20260227,1.0493,0.81,34.8838,1.7342,817533.3159,817533.3159
920075.BJ,20260227,3.2318,0.61,65.5242,4.3826,175907.91,94661.2369
000520.SZ,20260227,1.9642,0.85,,11.6598,469606.7231,469606.7231
002884.SZ,20260227,1.2762,0.76,14.037,2.8152,650982.1664,496991.9282
601012.SH,20260227,1.9364,0.83,,2.4392,13883013.6858,13882999.8616
300472.SZ,20260227,1.9774,0.93,,,215802.7589,207635.6349
605069.SH,20260227,19.4277,0.84,,3.4489,293624.8181,293624.8181
603678.SH,20260227,6.9138,1.14,71.2841,3.3997,2059203.5122,2059203.5122
300136.SZ,20260227,12.2691,1.29,120.5261,9.6509,7410608.1984,6315365.7452
300449.SZ,20260227,12.6984,0.75,,10.6309,330060.7706,330060.7706
600383.SH,20260227,2.1304,0.46,,0.2724,1485297.9952,1485297.9952
002636.SZ,20260227,12.0189,0.75,179.4526,5.6947,1983800.0,1973759.5113
300303.SZ,20260227,29.5284,2.46,40.5527,3.4818,1306294.6959,1225520.5431
000863.SZ,20260227,3.8475,0.88,,1.5202,683625.0452,673733.327
301589.SZ,20260227,1.7523,1.05,29.7013,4.481,1715834.88,639669.6576
600683.SH,20260227,11.4878,0.91,,,498543.3228,498543.3228
300810.SZ,20260227,10.456,1.38,,6.9903,520128.3,502242.2532
920876.BJ,20260227,3.8075,0.8,,6.7952,171233.9982,102893.6585
600927.SH,20260227,4.7642,1.74,36.0373,1.7334,2273577.7785,2273577.7785
688157.SH,20260227,2.4559,0.9,152.0861,4.5343,613209.8336,613209.8336
002587.SZ,20260227,3.2915,0.81,,3.5084,466505.6157,381411.5654
920199.BJ,20260227,12.7375,1.49,283.7056,5.6075,294642.9948,164073.3051
603327.SH,20260227,7.0693,1.71,112.9447,4.6718,1117596.0558,1117596.0558
601311.SH,20260227,2.7351,1.23,15.4245,1.1669,1149683.1956,1149683.1956
002512.SZ,20260227,4.1604,0.91,,17.2754,670835.4691,659954.4245
600966.SH,20260227,4.3771,0.82,73.922,1.4837,1094875.4719,1094875.4719
600358.SH,20260227,2.0243,1.14,,44.5824,326694.019,326694.019
002893.SZ,20260227,5.3273,1.64,38.2872,2.5795,313731.6,241306.5554
300648.SZ,20260227,3.207,0.76,,8.0212,1092395.8152,831681.7587
002382.SZ,20260227,1.5907,1.17,,0.7947,612339.938,607821.358
002243.SZ,20260227,2.3402,0.76,59.4328,1.8623,1353455.5168,1346231.0802
688147.SH,20260227,4.6844,0.64,189.3777,13.9984,4030514.6534,4030514.6534
002898.SZ,20260227,1.5472,0.78,,4.4643,205568.0,118274.6712
002760.SZ,20260227,6.445,1.32,,3.3352,275803.1551,275803.1551
002963.SZ,20260227,5.6462,1.32,,1.8915,244334.8863,185594.422
688728.SH,20260227,1.6469,0.81,191.7917,5.6129,4389790.2939,4218121.548
301668.SZ,20260227,6.1827,0.94,53.2954,6.0424,598730.0,125450.6232
300059.SZ,20260227,1.443,0.93,28.1003,4.0044,35590692.8441,30123621.29
600616.SH,20260227,1.7591,0.75,141.1307,1.8968,364607.6978,364607.6978
300831.SZ,20260227,7.2464,0.77,494.5757,5.3141,487040.0,280785.0133
688126.SH,20260227,2.1489,0.93,,3.5755,7178510.8096,5933162.603
301011.SZ,20260227,2.5863,0.86,48.3036,4.1592,395753.9246,360163.6461
000661.SZ,20260227,5.8545,1.4,40.7362,1.6981,3906817.7152,3827108.7177
301157.SZ,20260227,13.0591,0.8,101.5237,3.2467,355200.0,122307.5256
301279.SZ,20260227,2.915,0.91,66.3513,3.0081,405045.0737,306116.6987
000889.SZ,20260227,4.1416,1.47,,49.468,351109.1685,326193.6285
688679.SH,20260227,4.5681,0.81,,5.8084,652127.2706,652127.2706
603177.SH,20260227,21.4829,4.27,218.7529,7.099,257077.728,257077.728
002967.SZ,20260227,2.7903,1.09,38.1741,3.2593,1535207.4044,1321068.2362
688709.SH,20260227,2.9668,0.92,312.9752,10.5398,3030118.1497,1055068.6623
688367.SH,20260227,3.5872,0.84,270.591,5.6478,332885.8554,332885.8554
001318.SZ,20260227,3.9427,1.15,36.473,2.9463,424837.98,424837.98
300373.SZ,20260227,6.2825,0.9,36.3355,5.137,4748859.6584,4738372.2964
002303.SZ,20260227,2.1234,0.75,19.3429,1.4128,624780.0635,394510.2989
603119.SH,20260227,3.2103,0.77,127.5055,17.3771,3403899.0397,1907904.2019
605117.SH,20260227,3.9098,1.68,30.9608,11.3174,9497789.0926,9497789.0926
688162.SH,20260227,2.554,0.74,52.4302,2.0436,489861.0691,489861.0691
301276.SZ,20260227,4.3817,0.92,25.1678,1.6287,339422.4,120641.8936
920204.BJ,20260227,1.2707,0.81,78.8477,3.3428,164532.2058,87227.2068
600595.SH,20260227,2.3264,0.75,29.3445,2.0467,3414735.1571,3414735.1571
603398.SH,20260227,3.3188,1.13,,6.4795,416295.863,416295.863
002588.SZ,20260227,2.844,0.85,13.1467,1.7539,1284359.5577,957336.2906
002649.SZ,20260227,4.7597,1.39,63.5257,1.9294,819482.3448,767960.718
000672.SZ,20260227,9.7742,1.23,18.1867,1.5396,1365878.1891,1365878.1891
688083.SH,20260227,2.3089,1.2,905.1557,4.3043,1117629.4686,1117629.4686
000892.SZ,20260227,8.3614,0.29,,8.2925,700420.0577,507537.2282
600839.SH,20260227,7.4833,3.25,34.9228,3.0869,4773196.5255,4771867.2245
603063.SH,20260227,3.8279,1.02,26.8096,2.8233,1398402.4123,1398402.4123
688548.SH,20260227,2.2182,0.71,118.5078,5.6524,3390854.199,1776407.1351
000659.SZ,20260227,4.4181,1.04,,36.4529,619708.6146,619708.6146
300076.SZ,20260227,3.8686,1.26,,3.8139,343016.0,343016.0
600658.SH,20260227,1.8413,0.89,,1.0592,587257.1486,587257.1486
002697.SZ,20260227,3.7237,0.95,15.4579,1.6937,794240.0,668623.06
002376.SZ,20260227,2.1413,0.9,92.7799,1.7263,654123.9706,630516.9303
300661.SZ,20260227,3.8038,1.19,76.1022,8.6659,4250922.4858,4076934.6857
002515.SZ,20260227,1.5263,0.79,135.01,2.8101,733632.1834,733623.4024
002906.SZ,20260227,4.0267,0.86,23.2206,2.5641,1736957.1067,1736330.1901
600939.SH,20260227,2.3948,0.7,,0.8365,627816.7315,627816.7315
603103.SH,20260227,24.4636,0.91,181.3128,13.0157,1672385.4,1672385.4
301048.SZ,20260227,2.7925,1.32,29.7712,2.2911,628266.7452,628266.7452
603686.SH,20260227,4.6043,0.71,67.6793,2.8594,970029.9933,970029.9933
603879.SH,20260227,4.3255,0.78,,9.0532,232136.5082,232136.5082
300196.SZ,20260227,23.1102,0.9,25.8907,1.8314,853809.5707,515825.4643
002768.SZ,20260227,2.6918,0.87,20.2271,2.6348,1685493.75,988905.7594
301566.SZ,20260227,12.3999,0.68,70.7444,7.4674,1074426.86,557347.1703
601133.SH,20260227,13.2832,1.18,53.1345,3.3869,991090.5818,280398.9185
301033.SZ,20260227,2.8713,1.43,48.4456,6.4866,493686.3521,415782.1306
002278.SZ,20260227,15.9194,1.15,117.7112,4.0336,561264.5582,480621.1952
301128.SZ,20260227,9.5672,0.91,86.9841,13.109,1166507.2018,994985.0016
300869.SZ,20260227,1.2831,0.91,,3.4985,607526.4339,383082.1556
601633.SH,20260227,2.0415,1.85,17.6994,2.0378,17543638.092,12728948.847
603922.SH,20260227,4.6876,0.71,207.9611,3.9496,410547.2,410547.2
600789.SH,20260227,2.1023,0.89,50.7219,1.8612,957393.8366,823181.3829
600916.SH,20260227,9.5039,0.93,46.7696,2.6492,1906800.0,1906800.0
003016.SZ,20260227,2.9673,0.78,,1.407,376787.3644,368151.0264
605189.SH,20260227,3.6755,0.97,66.5534,1.7211,304313.6815,304313.6815
301421.SZ,20260227,5.7778,0.93,358.3159,9.5769,1143293.84,457527.8318
300213.SZ,20260227,1.6482,0.9,245.5751,2.5367,556919.6864,517431.8903
002491.SZ,20260227,31.8676,1.32,3479.7012,5.2506,1302564.1755,1245880.5344
688234.SH,20260227,3.902,1.42,1218.307,6.1115,4521491.0155,4009204.0405
301255.SZ,20260227,2.3141,0.88,104.9632,4.1409,435178.24,108794.56
002766.SZ,20260227,3.9016,0.59,310.5229,4.3611,501724.365,496898.2072
002115.SZ,20260227,12.7943,1.13,,5.9583,1235950.79,1146345.9908
300904.SZ,20260227,3.191,0.93,,6.9964,461081.1878,140033.1878
688700.SH,20260227,5.8728,1.26,102.8206,7.2159,1330571.6642,1330571.6642
002408.SZ,20260227,2.3382,0.85,,1.5117,1722768.1247,1667163.999
301488.SZ,20260227,5.794,0.84,141.9519,10.0512,1343200.0,341817.9448
603208.SH,20260227,5.0048,1.19,,2.2522,271074.1912,271074.1912
688122.SH,20260227,5.6421,1.54,69.2486,8.4796,5863871.7499,5863871.7499
920227.BJ,20260227,7.4081,0.89,66.8098,6.9993,291204.537,131554.4716
688681.SH,20260227,3.1401,1.09,43.4593,3.6215,218760.3,218760.3
002935.SZ,20260227,3.3409,1.16,145.6457,5.8426,924543.4674,904898.1249
600496.SH,20260227,1.0557,0.82,14.658,0.9981,917447.6089,917447.6089
300966.SZ,20260227,3.0586,0.96,,3.1821,246586.3007,163351.7146
920685.BJ,20260227,1.0679,0.65,38.0311,2.3961,133796.3057,80269.5018
300504.SZ,20260227,9.5511,1.62,,2.0042,424966.5414,342218.4006
002223.SZ,20260227,1.2659,0.75,22.2945,2.957,3879585.7152,3638412.0947
002036.SZ,20260227,2.8377,0.78,,5.5222,1184164.1553,1181931.06
