ts_code,trade_date,turnover_rate_f,volume_ratio,pe_ttm,pb,total_mv,circ_mv
600230.SH,20260420,4.2979,0.84,148.985,2.0041,806396.0572,806396.0572
301552.SZ,20260420,11.0013,0.87,27.0885,3.552,420498.4,105124.6
688528.SH,20260420,2.7331,0.88,,4.0584,184800.0,184800.0
605028.SH,20260420,14.5217,4.3,27.7059,3.4819,477600.0,477600.0
600237.SH,20260420,4.8727,0.59,49.0258,2.996,587816.2725,582141.9209
603606.SH,20260420,3.3683,1.54,32.9954,5.0648,4195063.7448,4195063.7448
002140.SZ,20260420,2.9261,0.91,16.5955,1.8651,884309.3261,882994.7574
002472.SZ,20260420,2.0866,1.17,28.0351,3.5051,3320148.6433,2951329.3926
300751.SZ,20260420,6.6622,0.91,80.375,8.4946,6676103.2134,4619962.4606
002200.SZ,20260420,1.8075,1.12,,2.6848,349171.1997,151491.9008
002068.SZ,20260420,3.4601,0.7,,2.6668,647103.7725,646781.8025
920496.BJ,20260420,3.3075,1.46,147.6724,2.8424,159779.875,139923.4869
002128.SZ,20260420,2.0763,0.96,12.6284,1.8642,7401675.6739,7401675.6739
002236.SZ,20260420,3.4404,0.97,15.8425,1.6089,6182387.2347,4530615.0947
688802.SH,20260420,14.7705,0.86,,21.4983,28303474.1,1283169.089
300254.SZ,20260420,7.9234,0.97,156.4193,10.8479,318536.8524,281058.9975
603486.SH,20260420,4.7278,1.95,23.3043,4.3055,3749677.5544,3713600.0167
301288.SZ,20260420,2.4279,1.29,,2.5865,205543.03,148642.6088
301118.SZ,20260420,3.3505,0.82,,2.0234,271193.3404,258534.1114
300597.SZ,20260420,1.5835,0.8,,2.7484,259486.6686,258346.3706
002161.SZ,20260420,2.6233,0.87,48.8346,3.1739,533365.0854,508119.4305
688217.SH,20260420,3.0623,1.3,,1.9073,161144.26,161144.26
601088.SH,20260420,0.8381,0.86,18.5626,2.091,98101311.357,74588964.6705
603638.SH,20260420,5.9853,2.94,47.8414,5.2786,1815929.0499,1815929.0499
600860.SH,20260420,9.6017,1.22,,7.3109,626871.4563,508426.7023
603317.SH,20260420,2.3703,0.91,25.0428,3.1412,1426717.824,1426717.824
600765.SH,20260420,2.3492,1.17,43.1205,1.8714,2625267.6127,2625267.6127
603282.SH,20260420,2.5205,1.04,23.1847,2.1432,283296.94,283296.94
600729.SH,20260420,2.0414,1.73,9.2013,1.2258,961949.5202,420382.5313
300467.SZ,20260420,2.1269,0.74,405.1947,10.2421,653913.3585,542417.3077
002529.SZ,20260420,1.6601,0.78,,9.6695,186940.0,186940.0
300928.SZ,20260420,2.3921,0.67,,2.1874,240160.0,160866.607
300773.SZ,20260420,14.7454,1.36,12.8156,4.3796,2133498.5957,2017830.4194
001301.SZ,20260420,5.648,1.27,19.3866,2.7857,1883775.3741,1343859.7428
301050.SZ,20260420,4.6227,1.19,100.2344,3.9932,1259051.5869,1071392.3369
000829.SZ,20260420,11.7193,2.81,,3.8701,1128635.5822,1127566.7656
688498.SH,20260420,5.9199,1.18,624.6789,51.1371,11926622.1461,11772713.1676
920510.BJ,20260420,5.2714,2.17,,7.3688,287005.3014,146294.7635
603261.SH,20260420,3.7427,2.15,,4.2789,284520.9358,284520.9358
603716.SH,20260420,9.7996,0.94,,4.1535,517512.4448,517512.4448
300549.SZ,20260420,1.906,0.74,300.2045,4.256,234411.72,177654.1187
002259.SZ,20260420,14.1683,2.36,32.5844,11.3022,429579.4405,429579.4405
688108.SH,20260420,2.4335,0.74,189.8564,9.6186,897760.896,897760.896
301113.SZ,20260420,4.3678,0.87,308.5632,3.4205,233870.0,141570.8658
001333.SZ,20260420,7.698,1.5,24.6947,1.8659,319744.0,109912.0
300999.SZ,20260420,1.5119,1.07,48.5604,1.5877,15310574.4977,1532435.4019
300329.SZ,20260420,3.2092,0.97,,5.4509,369470.5076,368359.7195
600249.SH,20260420,4.934,0.73,330.6877,1.4951,325600.0,325600.0
300707.SZ,20260420,3.8072,1.0,122.8427,2.5334,289704.0403,239264.6413
603826.SH,20260420,9.8295,0.89,,12.1302,2179195.2,2179195.2
600397.SH,20260420,8.2381,1.16,,77.6126,1485929.7829,1485929.7829
000428.SZ,20260420,4.0057,0.9,,2.7999,390248.658,390248.658
600866.SH,20260420,1.6636,0.7,8.923,1.3759,1143093.1598,863969.2949
002146.SZ,20260420,2.0571,0.59,,0.494,587002.1199,528055.3824
300976.SZ,20260420,2.7679,1.01,27.6969,2.2732,804893.5044,517235.9865
600648.SH,20260420,0.9239,0.78,15.4698,0.9076,1446946.6,1210588.0152
300911.SZ,20260420,7.3951,0.66,,5.1083,599509.737,560272.7846
920879.BJ,20260420,11.0928,9.08,47.4544,6.1324,392028.9702,306351.0081
688114.SH,20260420,2.4513,2.06,,2.65,2022602.4487,2012009.4489
600967.SH,20260420,3.1034,1.27,49.1303,2.1617,2564604.5632,2564604.5632
920403.BJ,20260420,4.1816,1.58,27.839,3.9867,223562.43,132960.555
688765.SH,20260420,1.9438,0.69,,8.0867,2342697.5,268533.8995
600039.SH,20260420,2.283,1.32,11.0932,1.7352,8582547.9666,8582547.9666
000031.SZ,20260420,1.7492,0.81,,1.2351,1251603.495,1251600.9727
000738.SZ,20260420,5.5295,1.46,86.401,2.3183,2889459.2502,2889459.2502
600888.SH,20260420,3.3144,1.11,20.5766,1.0904,1362056.3773,1362056.3773
600340.SH,20260420,3.8152,0.58,,,528352.2462,525602.9334
688489.SH,20260420,0.9147,0.8,,2.5056,459686.6072,456178.9184
603209.SH,20260420,1.5421,0.42,17.8032,1.4256,473850.0,468734.7484
603159.SH,20260420,3.1811,1.04,574.8502,7.5143,376740.0,376740.0
600812.SH,20260420,2.0481,0.63,51.0812,1.6956,935073.0517,935073.0517
688561.SH,20260420,2.0867,1.12,,2.8002,2089057.844,2089057.844
600955.SH,20260420,6.1311,1.24,,1.3489,1024650.0,1024650.0
002712.SZ,20260420,2.9983,0.97,,2.1091,287377.8325,285595.3441
603958.SH,20260420,11.759,0.59,,8.0064,551251.68,551251.68
301429.SZ,20260420,2.8685,0.75,45.3924,1.7465,235021.36,87553.7724
605180.SH,20260420,2.644,1.0,94.238,2.2028,251810.0,251810.0
002103.SZ,20260420,1.9427,0.78,26.7854,3.5609,440775.1862,320211.8601
300609.SZ,20260420,4.3184,0.93,,4.65,463401.305,462686.8806
920003.BJ,20260420,6.4266,3.3,18.0961,3.2468,183335.5722,37720.2221
002479.SZ,20260420,3.3248,0.6,23.2512,1.1466,490455.0,489362.3025
688627.SH,20260420,4.3079,0.79,405.959,15.4127,2655832.0505,2043935.186
601921.SH,20260420,1.8347,1.3,13.7237,1.2267,1764444.4451,1764444.4451
002925.SZ,20260420,4.5673,0.86,26.6777,3.0815,1539479.7607,1458440.9954
002123.SZ,20260420,5.8449,2.84,,4.8245,832805.9241,744552.1401
603799.SH,20260420,4.9779,0.71,16.9623,2.4702,12476673.4753,12393471.116
001360.SZ,20260420,3.2221,1.08,88.1722,3.1874,451860.0,277947.8441
002049.SZ,20260420,2.692,1.06,43.3782,4.7335,6212482.0711,6211649.8778
301300.SZ,20260420,3.9139,1.13,36.2039,3.617,289854.696,173199.0491
000565.SZ,20260420,2.5218,0.99,547.1928,2.5562,318690.2817,318690.2817
605138.SH,20260420,1.3695,0.79,83.0873,1.5768,380010.8998,380010.8998
605365.SH,20260420,13.0397,0.76,47.3927,3.3851,1262060.3703,1262060.3703
002434.SZ,20260420,2.4242,1.16,33.0077,1.7959,1068456.4,1067431.6147
000523.SZ,20260420,1.6667,0.76,74.9345,3.0992,594691.7814,429351.8899
002530.SZ,20260420,3.3531,0.76,110.53,5.3818,716862.321,639513.4673
688219.SH,20260420,1.784,1.12,29.7132,2.0315,611155.2,611155.2
688575.SH,20260420,1.2866,0.79,344.9407,3.0709,828513.035,828513.035
301638.SZ,20260420,14.7588,0.77,142.8773,8.0787,8998410.1509,664993.85
688186.SH,20260420,4.7117,1.17,32.1115,1.4563,688601.369,688601.369
603226.SH,20260420,4.0529,1.14,,15.15,1376464.1334,1376464.1334
300986.SZ,20260420,13.9901,0.82,79.0144,4.9054,1044766.0006,1043903.933
603312.SH,20260420,2.5587,0.98,25.7199,3.7708,670877.9035,213505.4635
000430.SZ,20260420,2.3367,0.51,,3.5241,640421.5793,293110.1804
601238.SH,20260420,0.5948,0.81,,0.6987,7352084.5139,5323645.966
301613.SZ,20260420,2.172,1.08,29.8305,4.2026,686266.5894,400292.8494
600929.SH,20260420,6.4401,0.72,,1.5716,1184161.7708,1184161.7708
300008.SZ,20260420,11.425,2.77,46.6204,5.7638,1391063.4521,1326068.5072
600028.SH,20260420,1.685,1.36,21.0229,0.8054,66871809.3648,52398118.8824
002348.SZ,20260420,3.6502,0.94,,20.7006,921625.6,879137.608
002456.SZ,20260420,2.4516,1.0,767.109,7.9727,3193798.008,3151177.9642
000802.SZ,20260420,2.5723,1.48,,4.5945,289939.6033,289795.322
301225.SZ,20260420,6.061,0.81,85.7739,7.7585,1190007.18,343971.702
301170.SZ,20260420,2.9918,0.98,26.1882,1.6655,294200.0,98778.9004
002207.SZ,20260420,11.2541,0.7,,53.8531,190776.3152,189871.0632
600784.SH,20260420,6.7104,2.59,25.1873,1.6113,525657.4715,525657.4715
601996.SH,20260420,6.7266,1.25,,1.1388,282470.4328,282470.4328
001212.SZ,20260420,3.7315,1.03,,5.1315,982290.6421,849772.5629
688296.SH,20260420,2.2006,0.87,,2.5342,151058.124,150350.424
002673.SZ,20260420,1.0046,1.13,18.6312,1.0841,3267264.2264,3267264.2264
603926.SH,20260420,13.6968,2.56,45.5227,2.681,463095.8735,455444.5795
002448.SZ,20260420,3.6586,0.96,30.0499,2.3928,892029.0233,690594.712
300347.SZ,20260420,2.2637,0.97,56.8949,2.4102,5051639.8354,3321978.7466
600370.SH,20260420,6.619,0.91,,1.8559,984466.8581,984466.8581
603690.SH,20260420,4.5202,1.61,,1.9861,996090.0143,996090.0143
600783.SH,20260420,7.3683,1.21,93.5493,3.4092,1614515.3087,1614515.3087
920706.BJ,20260420,10.7215,1.22,48.7123,3.9539,234709.3223,121086.5498
600511.SH,20260420,1.6435,0.89,10.77,1.1595,2150333.5443,1577037.3084
920066.BJ,20260420,3.4578,1.69,50.3023,3.5422,142299.9301,44993.2101
002660.SZ,20260420,2.1273,1.15,,3.0476,312761.0187,300799.3447
600288.SH,20260420,3.7284,1.98,158.9783,3.603,685776.0,685776.0
603122.SH,20260420,14.6512,0.54,,6.1633,652010.2129,652010.2129
600079.SH,20260420,0.9319,0.87,16.4601,1.6147,3053894.7805,2887287.4787
920556.BJ,20260420,5.3066,2.34,57.8282,3.0375,160185.9936,116676.2727
300996.SZ,20260420,4.8051,0.8,53.6833,3.8071,503624.1415,421276.5717
301202.SZ,20260420,4.9399,1.03,62.3579,4.9674,571243.2,155709.84
300384.SZ,20260420,2.4626,0.77,19.1703,1.8037,498608.3552,344223.6616
603776.SH,20260420,3.0341,1.53,,1.5981,569663.2006,569663.2006
603538.SH,20260420,30.728,0.74,113.9434,5.0444,1133528.0266,1111656.7731
002302.SZ,20260420,1.7231,0.98,,0.8908,710705.4732,710705.4732
688739.SH,20260420,0.7565,0.89,73.7475,1.0843,1014888.65,1014888.65
688523.SH,20260420,15.318,1.47,708.2026,18.1532,3040207.36,721167.0813
301219.SZ,20260420,7.8207,0.73,21.7562,2.5769,2416680.8924,2369450.5652
920871.BJ,20260420,3.3713,1.71,105.5803,4.3756,115451.2405,63845.1329
002356.SZ,20260420,2.9513,1.17,118.8734,7.519,456316.5733,456313.9633
300075.SZ,20260420,1.7274,1.27,,2.5287,798773.3832,662853.8801
000820.SZ,20260420,3.2095,1.53,,15.6767,233406.4196,107205.0426
000901.SZ,20260420,9.614,1.93,161.8836,4.4203,1910095.9646,1910076.7607
300264.SZ,20260420,4.7526,0.87,,378.5806,368383.1779,316716.7548
688456.SH,20260420,4.474,1.21,87.0954,4.8721,617606.28,617606.28
300796.SZ,20260420,2.0757,0.97,,1.9148,329362.2993,329362.2993
688506.SH,20260420,1.7124,0.7,,18.6996,12386627.3838,12386627.3838
605007.SH,20260420,19.7269,3.37,26.4132,2.0545,738332.9647,623210.3336
920191.BJ,20260420,92.1221,,28.4945,2.659,263964.3552,59393.52
601678.SH,20260420,2.0397,0.66,46.6264,0.907,1036645.4831,1029841.4831
002235.SZ,20260420,7.712,0.78,2693.7979,7.4572,560446.3986,535310.218
002688.SZ,20260420,1.8479,0.8,35.8059,1.9167,449390.5684,436518.7523
300506.SZ,20260420,1.4713,0.77,,5.1675,712798.2845,367348.2565
688129.SH,20260420,9.9742,2.84,31.2964,3.187,314329.1892,314329.1892
300018.SZ,20260420,7.481,1.81,56.5273,5.0235,695485.8231,643864.4557
001221.SZ,20260420,3.7563,1.08,37.6857,9.648,2504862.62,225488.358
601858.SH,20260420,6.328,1.13,33.2208,3.1846,1745424.0,1745424.0
001313.SZ,20260420,6.5298,0.93,716.6427,2.3088,588700.0,587964.8407
000702.SZ,20260420,9.9432,1.12,,6.853,241250.9638,185577.6649
001387.SZ,20260420,2.5122,1.07,26.2153,1.9684,246175.888,153209.3979
301007.SZ,20260420,2.3543,0.99,104.878,8.3489,542056.9,534934.3169
300622.SZ,20260420,3.0704,0.87,52.9249,6.7384,571458.2333,390677.6883
002829.SZ,20260420,5.9343,1.46,,2.8923,497080.0704,349349.074
300229.SZ,20260420,3.8523,1.29,,4.3175,1660753.3917,1659630.4729
920455.BJ,20260420,2.3549,1.61,51.9408,4.1087,141427.65,74728.6663
300360.SZ,20260420,2.1145,1.15,13.9841,2.071,842752.6995,819953.408
601789.SH,20260420,7.4549,0.75,32.0429,1.4319,868903.3699,619475.1963
300115.SZ,20260420,6.5599,1.6,78.7644,5.6403,4707485.6514,4693600.9446
300859.SZ,20260420,5.3043,0.73,70.0267,6.6904,522970.0,522970.0
688551.SH,20260420,5.3257,0.83,60.21,3.0162,390760.6554,390760.6554
688380.SH,20260420,4.7039,0.92,66.0744,5.9096,1877711.85,1877711.85
688722.SH,20260420,3.9761,1.49,37.0223,2.8344,405298.7268,404285.7808
601336.SH,20260420,2.5778,0.8,5.5437,1.8033,20114836.4768,13446912.8643
601615.SH,20260420,6.7128,1.53,128.9683,1.4826,3912389.3014,3912389.3014
000727.SZ,20260420,4.9703,1.24,,5.4227,1254690.0535,1254690.0535
601007.SH,20260420,11.1491,1.27,51.4006,2.0286,326040.0,326040.0
600059.SH,20260420,1.1653,1.31,39.2889,1.3904,808538.1203,808538.1203
000932.SZ,20260420,2.1377,1.12,13.2558,0.6244,3460567.6258,3460567.6258
002841.SZ,20260420,2.5223,2.06,24.8821,1.8905,2521667.9425,1881788.9462
688475.SH,20260420,4.481,0.79,38.5266,3.9425,2354625.0,2354625.0
300987.SZ,20260420,4.0014,1.21,150.437,3.8573,310328.72,310328.72
688138.SH,20260420,1.8255,1.04,47.9379,3.232,897180.0,897180.0
688018.SH,20260420,10.25,3.77,57.4109,6.4105,2858145.471,2679616.5462
603920.SH,20260420,15.1775,1.36,51.3062,6.4893,4191685.508,4191685.508
601377.SH,20260420,1.3697,0.99,18.1122,0.9294,5198864.351,5198864.351
300916.SZ,20260420,3.3882,0.8,33.2625,3.3221,453892.894,293168.1709
300039.SZ,20260420,1.54,0.69,18.132,1.3881,626554.0,549238.8094
003026.SZ,20260420,6.2653,0.79,108.4391,7.2411,476738.682,351967.3575
688351.SH,20260420,4.3927,1.29,225.8004,6.4005,1153440.6,1153440.6
301099.SZ,20260420,12.0666,1.25,77.0628,6.1965,802995.1291,491547.5641
300132.SZ,20260420,3.9517,1.11,33.6241,3.1864,448908.7899,441522.6358
605166.SH,20260420,5.5893,1.05,24.5973,1.8234,356277.4617,356277.4617
600326.SH,20260420,1.3845,0.81,,3.2192,1272541.7711,1272541.7711
001373.SZ,20260420,4.1035,0.87,,2.755,239579.8653,115563.4812
920029.BJ,20260420,3.0079,1.89,17.1502,3.249,1212063.9429,1179403.1454
301337.SZ,20260420,4.2257,0.93,,2.6893,294886.0,104669.7433
300390.SZ,20260420,11.2336,0.66,178.8992,6.3379,7195132.5749,5822509.519
301100.SZ,20260420,1.8208,0.74,,1.8915,377400.0,165112.5
300706.SZ,20260420,11.6759,0.97,,8.2663,581012.6812,430758.1312
300069.SZ,20260420,11.9257,0.61,115.1643,9.4719,267462.0,267462.0
600730.SH,20260420,4.3815,1.23,579.1867,2.734,489857.7617,489857.7617
301520.SZ,20260420,4.3678,0.65,72.3243,1.9527,295400.0015,99356.2776
300604.SZ,20260420,4.3049,0.84,99.6494,22.0789,9630474.5605,7430176.3833
920675.BJ,20260420,6.1912,1.26,36.4157,2.8205,174229.968,79966.0844
301127.SZ,20260420,3.097,1.27,38.3736,3.3617,1088630.668,1056598.5254
601298.SH,20260420,1.3761,1.08,10.8606,1.2524,5725150.2,4755810.15
601117.SH,20260420,2.2983,0.78,8.1597,0.7816,5251732.8993,5235737.9313
688209.SH,20260420,4.1642,1.27,53.7571,4.35,953891.1238,953891.1238
000722.SZ,20260420,12.6545,1.13,88.1503,2.016,635896.8463,635896.8463
300710.SZ,20260420,4.7414,1.29,,6.6925,309414.833,231943.8404
603280.SH,20260420,3.8942,0.86,45.3769,2.7918,379098.1145,97712.0095
600481.SH,20260420,5.3204,1.01,,2.5593,1358231.4678,1358231.4678
002845.SZ,20260420,4.8142,2.07,,2.0081,477570.3859,364843.1418
002615.SZ,20260420,4.4953,0.72,146.2497,1.8388,438332.5783,239380.8044
301030.SZ,20260420,11.5628,1.38,,2.9765,250348.1792,250004.7633
920223.BJ,20260420,17.7892,2.32,,12.8023,310637.875,161127.9063
002056.SZ,20260420,3.0872,0.74,17.2585,3.0061,3194862.5133,3191562.0801
600188.SH,20260420,3.1096,0.88,22.468,2.6258,18830313.5005,11183496.3895
002459.SZ,20260420,2.8895,0.99,,1.6287,3690329.9682,3685943.2984
688188.SH,20260420,1.893,1.3,37.2335,6.8245,4142408.2627,4142408.2627
600416.SH,20260420,2.3871,1.16,82.0076,1.9034,1843252.1976,1843252.1976
300897.SZ,20260420,2.8286,0.94,85.0515,3.7541,368217.2053,229564.5734
300119.SZ,20260420,1.4177,0.65,21.4325,1.8252,858401.942,616202.5491
603937.SH,20260420,16.1946,1.46,,1.7645,272184.3502,272184.3502
600580.SH,20260420,3.7133,1.17,53.6817,5.5142,6045394.7676,6028037.8176
600682.SH,20260420,2.6284,0.98,43.2944,0.5403,956389.0091,827646.8555
603298.SH,20260420,1.0583,0.88,15.2588,3.0198,3359667.9057,3359667.9057
300745.SZ,20260420,2.4713,0.77,,2.0054,455635.3036,384668.0683
603936.SH,20260420,9.5602,1.34,,2.1606,944966.608,944966.608
002090.SZ,20260420,2.8179,1.18,65.4671,2.7979,432222.6596,426243.8321
920422.BJ,20260420,8.0631,0.73,56.2581,2.4478,105117.4595,78672.5795
920640.BJ,20260420,10.5595,1.36,97.3352,8.1703,756543.84,726657.0981
688615.SH,20260420,6.3681,1.16,58.0078,9.0162,2634380.0,1819043.9813
603418.SH,20260420,1.7464,0.99,19.6293,2.2429,989668.8439,212035.0011
301678.SZ,20260420,3.3881,0.9,90.0112,8.0162,1530759.4341,306151.8907
002536.SZ,20260420,10.2855,0.68,74.2869,6.7398,2354322.9972,2229866.8032
688273.SH,20260420,5.6601,0.61,55.6273,3.4789,476700.0,476700.0
301001.SZ,20260420,5.4578,1.3,259.2942,3.0157,235520.0,148083.2
601226.SH,20260420,5.4498,0.96,70.9731,2.5288,1112248.0809,1112248.0809
688265.SH,20260420,2.1834,0.69,103.6106,1.965,336022.741,336022.741
300112.SZ,20260420,2.4209,0.88,,2.4956,233341.6188,191035.232
002104.SZ,20260420,2.7469,0.58,262.9782,5.0236,1075967.1749,910942.7871
002415.SZ,20260420,3.7426,1.78,21.173,3.6749,31627971.7191,31219133.9197
300016.SZ,20260420,4.8594,0.82,171.0458,2.5864,571879.1336,571108.523
002742.SZ,20260420,0.7679,0.67,,19.2172,323580.2654,247833.1382
920599.BJ,20260420,3.0774,1.93,10.6353,2.4754,892673.25,676608.4878
688365.SH,20260420,10.0069,1.17,,9.13,862294.9851,862294.9851
603173.SH,20260420,2.9329,1.03,17.3094,3.6416,689600.0,689600.0
000570.SZ,20260420,20.583,1.21,93.0352,1.3732,472813.9797,372313.9797
003021.SZ,20260420,3.4667,0.96,106.8175,5.3251,2716286.8185,2105174.6588
688206.SH,20260420,2.3808,1.21,427.0038,7.2963,1462197.5861,1462197.5861
600259.SH,20260420,8.6855,1.05,273.6992,10.0016,3491195.4381,3491195.4381
300647.SZ,20260420,9.0849,3.18,,5.4716,313264.9014,312799.868
300276.SZ,20260420,2.7316,0.81,207.8079,5.094,1010151.9958,762186.448
300122.SZ,20260420,1.1494,0.77,,1.2552,3681648.6309,2175203.0094
301387.SZ,20260420,18.172,1.85,173.4167,4.3394,714672.5308,285771.5492
002419.SZ,20260420,4.1401,0.94,81.3543,1.6625,676762.8473,676677.575
300031.SZ,20260420,1.8127,1.03,50.0552,2.2308,906167.848,761515.6943
600893.SH,20260420,2.2974,1.04,210.0276,3.3148,13322640.0015,13320293.5405
688029.SH,20260420,1.1339,0.77,24.1352,3.3491,1375982.3662,1375982.3662
301116.SZ,20260420,1.9367,0.64,,3.1659,466938.7767,466936.4367
300885.SZ,20260420,8.3277,0.87,113.0576,7.0039,624349.9288,420216.7219
688199.SH,20260420,2.4342,0.86,156.9815,1.679,435958.4867,435958.4867
603087.SH,20260420,1.1598,0.62,41.9393,3.4412,3882482.2985,3626080.77
600579.SH,20260420,2.3205,1.14,,2.4084,394880.6072,394880.6072
603559.SH,20260420,0.7098,0.82,,3.0275,288116.8709,288116.8709
002658.SZ,20260420,10.6901,3.95,37.235,2.1348,562012.6568,316968.3651
603867.SH,20260420,3.1485,1.0,31.604,2.4989,732277.8637,726217.2637
688658.SH,20260420,3.6536,0.69,,2.6496,878400.0,878400.0
601279.SH,20260420,2.866,0.9,,1.4852,620042.3201,620042.3201
600908.SH,20260420,0.5464,0.74,5.389,0.5545,1244384.5211,1133610.2811
001335.SZ,20260420,4.0318,1.18,39.3002,4.2075,404298.7223,110171.4014
301252.SZ,20260420,6.7649,0.93,58.2026,5.1126,666748.2336,186284.9336
300180.SZ,20260420,2.0173,1.05,155.6206,2.2187,1039025.4915,1010474.7938
605339.SH,20260420,1.2785,1.06,168.5966,2.0051,685653.6355,685653.6355
601000.SH,20260420,1.5256,1.0,14.2932,1.3295,2856297.5919,2856297.5919
002262.SZ,20260420,7.561,5.09,19.861,2.5472,2133151.8243,1856246.4438
600138.SH,20260420,1.2142,0.88,80.5061,1.0656,675342.72,675342.72
688668.SH,20260420,11.0816,0.93,109.7663,14.297,2941255.9281,2941255.9281
000723.SZ,20260420,1.6326,0.66,,1.494,1981574.1198,1977752.6604
688037.SH,20260420,3.993,1.05,511.2586,13.1272,3665987.4959,3665987.4959
603590.SH,20260420,5.8763,1.85,101.4674,1.8162,579593.1887,576724.5737
002258.SZ,20260420,3.8735,1.33,23.4229,1.4216,1121412.5564,1119607.0415
688369.SH,20260420,3.2529,0.63,,3.4837,293806.0811,293806.0811
601107.SH,20260420,3.0135,0.88,12.3078,0.9724,1862358.54,1317108.66
000980.SZ,20260420,8.3136,2.56,,865.6186,1089190.3116,1086779.9534
920198.BJ,20260420,4.2689,2.01,,3.4044,146679.7596,64053.5967
300994.SZ,20260420,3.3632,0.88,20.851,3.1969,353361.408,176862.624
000521.SZ,20260420,1.6265,1.51,14.5049,0.9785,595295.9073,506050.9322
688509.SH,20260420,1.5131,0.91,,3.1111,353430.0,176619.6198
300863.SZ,20260420,4.6174,0.6,65.786,7.7482,1106662.0915,1063689.6128
300427.SZ,20260420,8.6895,0.87,,5.3735,644803.7379,637810.198
300743.SZ,20260420,8.8373,3.67,26.4092,4.6535,288818.1345,243354.8114
002449.SZ,20260420,2.4441,0.93,,1.3467,510243.6644,510243.6644
002846.SZ,20260420,2.673,0.95,,4.4024,622010.5749,380643.8002
003033.SZ,20260420,7.7282,1.11,28.547,3.5743,499983.0,493828.1145
002798.SZ,20260420,5.3835,0.74,,1.8769,391726.4419,341348.4996
002627.SZ,20260420,4.7828,1.1,60.0141,1.7722,549247.8445,543567.5358
002384.SZ,20260420,8.8772,1.13,216.3539,13.546,28756238.2524,21765251.0511
003020.SZ,20260420,1.898,0.88,27.9963,2.5845,455105.9615,329574.7835
603992.SH,20260420,6.0744,1.14,72.7935,4.2575,1495266.1425,1495266.1425
001314.SZ,20260420,2.3952,0.92,312.9191,3.038,627732.234,547420.8496
300662.SZ,20260420,2.3226,0.82,15.8872,2.1343,483159.6113,481876.2184
001308.SZ,20260420,3.6618,2.23,28.0544,1.7966,1418039.8601,981294.6453
300749.SZ,20260420,10.0161,0.94,,9.3328,529337.052,406080.648
002228.SZ,20260420,2.5362,1.04,43.1808,1.5237,469580.2384,468007.5014
000635.SZ,20260420,2.4015,0.94,,2.1069,325160.239,302626.3482
603070.SH,20260420,2.6506,1.04,66.2434,2.8448,612728.0,612728.0
002923.SZ,20260420,5.7945,0.7,,3.9975,418616.6075,322606.0413
603810.SH,20260420,1.9698,0.99,90.0495,1.6718,256608.8021,256608.8021
300840.SZ,20260420,3.8661,0.63,,3.6887,471600.0,347972.2903
003008.SZ,20260420,4.4717,1.09,27.9123,2.3184,246168.0,183970.8239
000815.SZ,20260420,32.4822,1.12,,11.3009,1526102.3618,1526102.3618
601128.SH,20260420,1.3517,1.05,5.7399,0.8097,2407794.6068,2407794.6068
001239.SZ,20260420,2.1277,0.61,77.3009,2.713,367440.0,174534.0
000002.SZ,20260420,1.2446,0.74,,0.4011,4688768.8221,3818755.7949
300929.SZ,20260420,2.7155,0.85,,2.067,166355.3916,159574.9212
301563.SZ,20260420,10.3252,0.76,83.1848,8.5479,1081578.4044,244495.3133
600182.SH,20260420,0.8156,0.58,35.6746,4.8258,498100.0,249050.0
603187.SH,20260420,1.7151,1.1,15.1114,1.4051,577692.08,571631.027
301108.SZ,20260420,4.5588,0.8,40.8595,1.6777,315720.2869,181857.7291
002211.SZ,20260420,2.4228,0.99,,115.7061,156988.7078,156988.7078
301366.SZ,20260420,3.8207,1.13,259.8684,3.525,758521.0476,423526.8015
688799.SH,20260420,12.9649,1.29,30.1832,3.5624,728826.0,728826.0
002702.SZ,20260420,3.5084,1.08,,3.0453,318450.48,262860.1688
300800.SZ,20260420,2.7517,1.15,69.5868,1.396,280322.656,277507.696
920266.BJ,20260420,2.0539,1.31,,1.1841,103788.0059,99176.5125
688393.SH,20260420,1.7719,0.82,,1.8658,222036.1497,222036.1497
603168.SH,20260420,4.026,0.87,,1.7942,242433.9752,241389.0752
920010.BJ,20260420,27.1123,1.66,95.9002,4.4492,308133.0,228167.5301
002407.SZ,20260420,6.529,0.69,168.5074,4.27,3585582.8978,3249247.2431
002468.SZ,20260420,7.4671,0.77,18.998,2.3813,2600832.88,2492772.7422
300168.SZ,20260420,0.9211,0.79,,6.4741,798108.2311,797307.1299
001233.SZ,20260420,4.5479,0.71,19.9198,2.7869,1273917.3379,242393.552
688816.SH,20260420,7.2262,0.88,85.6369,3.6376,671900.0,129570.822
688238.SH,20260420,1.9572,1.14,,3.2623,464061.2405,458419.1755
688607.SH,20260420,5.0706,1.1,,7.1548,608090.2863,608090.2863
002716.SZ,20260420,8.2761,1.07,102.2397,9.8384,3478045.2119,2864220.4114
002287.SZ,20260420,1.3491,0.83,20.5216,2.6816,1326169.9946,1323554.3448
688239.SH,20260420,4.3763,1.28,64.4419,6.0835,1197929.2383,1197929.2383
688383.SH,20260420,5.7326,1.24,,7.5442,994102.77,994102.77
688093.SH,20260420,8.4327,3.56,22.7207,3.1436,902271.8214,902271.8214
600508.SH,20260420,2.4364,0.96,41.8358,0.7299,922188.168,922188.168
603078.SH,20260420,4.9348,1.43,99.9631,4.702,911260.817,911260.817
300455.SZ,20260420,8.0782,1.83,,11.4324,1904238.3342,1879975.3227
603598.SH,20260420,23.6385,1.59,,27.98,594111.4287,593450.5287
002832.SZ,20260420,2.5089,0.81,16.071,1.8793,1025560.6299,699784.6563
605499.SH,20260420,2.3719,0.76,26.0571,6.0022,11504903.1877,10593184.823
600630.SH,20260420,1.0995,0.92,107.4692,4.413,339889.2776,339889.2776
688646.SH,20260420,4.229,2.18,,3.58,506312.3432,311785.2805
600807.SH,20260420,2.1275,0.63,,59.6851,261851.8804,232957.4653
601328.SH,20260420,0.5727,1.15,6.5149,0.5451,62296467.8772,18381069.8961
688712.SH,20260420,7.1725,0.68,215.3742,10.2431,1736388.0,154545.6108
600559.SH,20260420,0.8831,1.01,19.4938,2.3324,1230335.3122,1223290.2022
300420.SZ,20260420,1.7879,0.88,,1.7437,411945.534,411913.5417
300639.SZ,20260420,6.2333,0.61,,1.1126,427336.9455,419843.6492
688382.SH,20260420,3.9831,0.85,,8.2981,1274680.0742,1274680.0742
301258.SZ,20260420,2.6972,1.01,38.812,1.5422,294810.72,286433.04
688100.SH,20260420,2.4793,1.36,28.1609,5.5294,1876270.6278,1876270.6278
600596.SH,20260420,2.059,0.76,112.0203,1.3204,1645158.8027,1645158.8027
300961.SZ,20260420,5.8988,0.95,,3.2536,238618.88,205357.5146
603296.SH,20260420,3.687,1.39,25.8049,4.0555,10462043.1432,5876020.735
600519.SH,20260420,0.6384,0.89,21.4628,7.2222,176681552.3641,176681552.3641
300296.SZ,20260420,5.0787,0.99,68.4149,2.5912,2101782.3471,1762758.4855
601567.SH,20260420,2.8153,0.81,18.4662,3.101,3640897.5554,3640897.5554
605336.SH,20260420,13.3488,1.28,146.6669,1.504,281171.2859,281171.2859
002445.SZ,20260420,6.2826,0.77,108.5382,3.5893,810423.1681,806910.3368
002397.SZ,20260420,4.0273,0.72,97.3901,2.5698,306590.3916,265623.4585
688496.SH,20260420,5.1145,0.79,,2.7292,254250.0,134439.264
300083.SZ,20260420,8.4632,2.08,99.1345,2.7169,1420127.7884,1273132.5375
300854.SZ,20260420,12.5801,0.57,,2.9796,285396.075,231984.1755
600560.SH,20260420,1.4701,0.81,63.3622,3.3336,326969.721,326969.721
301180.SZ,20260420,10.9841,1.04,,6.094,803220.08,329589.108
000903.SZ,20260420,1.253,0.8,,3.7112,493385.3246,489666.7202
301235.SZ,20260420,8.0203,0.9,51.4752,3.0663,557637.5047,376383.2716
002547.SZ,20260420,13.707,1.98,,,391435.8373,383368.0866
601965.SH,20260420,1.3337,0.81,16.5013,2.233,1749327.7229,1741219.5879
603729.SH,20260420,2.748,0.83,,5.1046,155967.798,155967.798
000995.SZ,20260420,8.8191,0.76,,16.7228,246597.12,246597.12
002357.SZ,20260420,4.1653,0.71,18.4437,2.0324,346718.8738,346706.4313
603701.SH,20260420,4.5316,1.18,566.3613,8.1351,653404.7525,653404.7525
688410.SH,20260420,1.5663,0.82,35.485,2.8592,507845.3884,507845.3884
300621.SZ,20260420,2.9199,0.82,,3.0231,174767.628,170124.3709
300919.SZ,20260420,4.8089,0.88,37.6665,2.519,5903325.8517,5168374.4554
301125.SZ,20260420,8.6123,1.09,571.2276,5.8038,350992.6099,317203.8759
600776.SH,20260420,16.2464,2.15,51.2314,5.5776,2108824.1075,1605124.1075
600231.SH,20260420,1.9551,0.93,,1.5001,603133.31,595640.51
301102.SZ,20260420,3.7382,1.72,107.1779,1.4919,448630.0,448630.0
600155.SH,20260420,0.7631,0.69,88.2287,0.7,1398958.8455,1398958.8455
600110.SH,20260420,14.2756,0.8,,2.948,1735180.932,1735180.932
300266.SZ,20260420,1.2693,0.62,,110.6537,376021.37,375796.2011
000705.SZ,20260420,3.5448,1.27,61.7721,1.4458,291689.6287,246151.7356
603439.SH,20260420,0.7861,0.81,28.0454,3.0565,450641.098,445031.918
300204.SZ,20260420,12.5792,0.61,,16.8036,1462939.5634,1389120.7021
300328.SZ,20260420,6.2059,0.71,,10.5085,1150936.1412,1144173.3306
688151.SH,20260420,2.8371,1.45,172.0966,1.737,734474.0,734474.0
603768.SH,20260420,1.9387,1.07,,1.124,264131.0013,264131.0013
002155.SZ,20260420,5.2662,0.94,31.9147,5.8507,4748897.3493,4748470.6464
300027.SZ,20260420,12.8884,1.12,,20.7686,546577.666,489540.821
688215.SH,20260420,2.9679,0.91,139.1044,10.1163,490646.8943,490646.8943
600800.SH,20260420,8.6791,1.41,,5.0341,563902.9697,563742.9497
600716.SH,20260420,2.0514,1.06,,0.8675,395017.569,395017.569
002701.SZ,20260420,1.4189,0.49,13.4307,1.3998,1361792.5695,1360539.8649
300979.SZ,20260420,0.8099,0.87,15.7145,3.1031,5039106.0,5039072.9673
600489.SH,20260420,1.8736,0.93,29.6539,4.4911,13111980.4856,13111980.4856
920014.BJ,20260420,13.1919,1.58,182.779,2.0523,161703.898,88971.7644
003027.SZ,20260420,6.86,0.81,40.3941,1.7335,298833.2352,239712.1728
600377.SH,20260420,1.1228,0.86,12.9292,1.4332,5939504.3025,4482773.7582
603163.SH,20260420,9.7784,0.71,71.7714,9.4929,1109200.0,1109200.0
000739.SZ,20260420,1.5272,1.32,22.3448,3.1399,1990206.0636,1989458.4398
002314.SZ,20260420,8.9095,0.78,,0.7698,706731.2359,349290.3659
301353.SZ,20260420,1.9092,0.92,40.0971,2.1398,277067.4847,89968.8847
600744.SH,20260420,25.2507,2.37,78.0897,11.5334,1641148.4134,1641148.4134
002276.SZ,20260420,3.7527,1.57,29.9018,2.4454,1489314.132,1483687.5297
688352.SH,20260420,7.3024,2.95,,2.535,1476784.3117,454424.3548
601399.SH,20260420,4.9691,1.16,65.5192,2.0475,3036907.0297,3036907.0297
002820.SZ,20260420,2.9088,0.82,,2.4341,210911.7098,210911.7098
920167.BJ,20260420,5.1176,1.43,90.6292,3.156,196617.3555,116805.132
002198.SZ,20260420,4.4135,1.22,100.9049,5.6262,398902.7405,398879.8679
601866.SH,20260420,2.2024,0.68,22.305,1.1659,3589762.383,2652539.599
688599.SH,20260420,2.6133,1.23,,1.8389,3888662.3588,3888662.3588
600714.SH,20260420,11.4073,1.0,177.9951,7.215,544076.8034,544076.8034
603665.SH,20260420,4.211,1.23,57.4037,6.9447,456588.7355,453915.2816
603121.SH,20260420,5.7817,1.11,338.8887,6.2256,741727.3696,741727.3696
002937.SZ,20260420,4.1623,0.83,61.0755,6.1912,944256.2545,941640.1161
300358.SZ,20260420,2.624,0.64,,1.4013,748701.9313,734261.4895
600369.SH,20260420,0.7364,0.97,26.3334,1.0658,2797590.9412,2797590.9412
301015.SZ,20260420,18.6719,1.27,26.5393,5.8724,1398685.6689,1398506.0514
300450.SZ,20260420,6.7162,1.1,60.7045,5.4507,9492835.5308,8841879.4382
600359.SH,20260420,2.4979,0.68,,4.1016,267821.9996,267821.9996
601949.SH,20260420,2.4703,1.49,21.2775,1.2555,1210923.6823,1210923.6823
603899.SH,20260420,1.017,1.34,17.6541,2.4909,2313477.587,2313477.587
000862.SZ,20260420,8.7644,1.04,134.8086,1.3983,599424.4165,410062.5085
300048.SZ,20260420,6.1228,2.4,131.5485,4.4788,815758.9891,814086.9612
002976.SZ,20260420,5.2529,0.76,554.2154,2.99,437874.5095,194996.4413
300030.SZ,20260420,2.701,0.77,164.2714,3.8478,238692.6072,210159.6686
920187.BJ,20260420,6.8202,1.93,15.996,1.8867,235872.0,86536.6211
300387.SZ,20260420,3.5966,0.88,30.0349,1.666,247143.7504,247057.9315
603687.SH,20260420,38.0035,1.21,91.7334,3.2218,1050010.8284,1050010.8284
002722.SZ,20260420,2.3923,1.55,23.022,1.1428,326664.4827,326642.4477
301297.SZ,20260420,10.5267,2.55,120.3595,5.6001,2891742.9438,1412346.5459
002111.SZ,20260420,1.501,0.87,73.6318,1.8062,533606.4222,490217.1888
600229.SH,20260420,1.1633,0.96,,1.2588,398406.7938,398406.7938
920351.BJ,20260420,5.0434,0.87,84.4407,3.6979,161809.1369,73226.5449
688099.SH,20260420,4.4367,1.37,41.4901,4.9306,3622024.2718,3622024.2718
300352.SZ,20260420,7.1068,1.07,,8.9778,1106215.7784,974054.103
600248.SH,20260420,0.8537,0.89,11.5782,0.4439,1282729.2031,1271068.5751
605066.SH,20260420,8.0487,2.24,51.5446,2.2292,399257.3489,397424.6019
301502.SZ,20260420,12.212,1.16,82.1473,3.2657,271489.126,112179.772
920946.BJ,20260420,3.4173,1.32,33.712,3.5055,443568.1553,443431.7865
300787.SZ,20260420,2.7907,1.21,34.1341,2.5719,387716.6457,243110.9091
002296.SZ,20260420,2.8046,1.0,15.0077,1.891,454250.7697,405086.4077
300406.SZ,20260420,1.0697,1.12,16.2429,1.8916,701225.1191,507489.6036
300625.SZ,20260420,1.6865,1.03,,1.6682,331565.897,192260.4744
688448.SH,20260420,4.6505,1.03,465.023,4.578,464306.904,464306.904
688595.SH,20260420,3.9281,0.63,,7.198,488332.8986,488332.8986
600618.SH,20260420,3.3168,0.98,18.5212,1.6211,1469784.3695,953046.6095
688778.SH,20260420,5.7875,1.15,54.3869,4.4668,4105661.9602,4105661.9602
605169.SH,20260420,2.7577,0.89,34.636,1.7844,348508.16,348508.16
688366.SH,20260420,0.3321,0.8,35.9802,1.6658,903134.9747,762041.6346
000670.SZ,20260420,5.3147,0.52,,150.4158,680003.8303,661599.5983
301608.SZ,20260420,3.6484,1.28,34.8782,3.6506,772077.24,346494.7134
000800.SZ,20260420,1.2882,0.6,47.6815,1.3051,3454739.2445,3454428.4045
002672.SZ,20260420,1.6822,0.84,,1.949,463102.181,379244.5685
300628.SZ,20260420,1.1399,0.68,17.5066,4.88,4551364.077,2607429.8492
603324.SH,20260420,3.5808,0.84,65.7329,2.3121,388692.6546,388692.6546
002975.SZ,20260420,18.6587,1.45,104.1853,6.6613,1524477.6594,1006718.8998
301456.SZ,20260420,3.012,1.08,67.1299,2.0606,453600.1321,182407.705
605378.SH,20260420,2.3869,0.82,58.8751,4.2662,533146.656,533146.656
920304.BJ,20260420,3.7434,1.7,37.2185,3.7448,213109.266,171522.7182
603090.SH,20260420,12.5517,0.95,88.426,11.5079,728500.0,728500.0
600217.SH,20260420,0.8063,0.72,,2.0331,624935.4347,624935.4347
002490.SZ,20260420,14.9162,0.79,1374.2125,14.2303,708489.3792,481049.136
300383.SZ,20260420,10.6267,0.79,195.2652,2.5124,3201512.8605,3194319.9073
688047.SH,20260420,3.7964,0.74,,23.0192,5772796.0,5772796.0
605003.SH,20260420,4.5022,1.4,49.3441,2.2366,321640.0,321640.0
002550.SZ,20260420,1.719,0.48,22.9348,3.5823,985446.0,724754.9386
600834.SH,20260420,1.0643,0.9,72.4563,2.2597,392885.3078,392885.3078
920665.BJ,20260420,5.8555,1.77,46.6393,2.098,151568.34,74707.5649
688676.SH,20260420,5.4074,1.07,62.4001,8.1675,4115529.8422,4115529.8422
300613.SZ,20260420,2.4223,0.74,71.5351,3.6786,1036912.6638,978097.478
601022.SH,20260420,3.3089,1.13,17.8462,1.9036,1167300.9339,1167300.9339
600883.SH,20260420,2.4377,0.76,52.8893,1.9401,190286.928,190286.928
001390.SZ,20260420,2.2913,0.83,25.7378,2.7493,436400.0,109100.0
600769.SH,20260420,4.0067,0.85,303.9409,46.7416,561715.8456,561715.8456
688015.SH,20260420,1.6052,0.95,27.753,1.6213,431701.5377,431701.5377
003041.SZ,20260420,21.4754,2.2,35.3524,6.0388,883728.0,839685.2058
002174.SZ,20260420,1.6506,0.92,,1.9111,947477.2051,946943.4936
002214.SZ,20260420,1.3105,1.77,,8.6893,1141649.7441,912340.5573
000697.SZ,20260420,1.5333,0.99,,4.2921,1435178.7724,671394.3537
000026.SZ,20260420,9.1268,0.72,82.7162,2.1647,722259.9325,648918.1047
603636.SH,20260420,1.4285,0.84,,2.4008,539735.2864,539735.2864
920571.BJ,20260420,14.867,1.71,219.2498,4.4951,607615.7536,309293.2579
002640.SZ,20260420,3.1198,1.33,,12.1196,549988.5895,546536.4878
600021.SH,20260420,2.9069,0.89,18.3809,2.496,5086686.6058,5086686.6058
001226.SZ,20260420,5.5488,1.23,157.8571,4.6455,338538.8178,153823.6578
300910.SZ,20260420,3.0336,1.06,18.6709,3.5981,1374915.3016,961366.6182
000978.SZ,20260420,21.6244,0.74,335.2039,3.4147,369822.7,369814.9975
603683.SH,20260420,7.7057,0.96,93.4222,5.0432,834492.8102,825893.7784
000037.SZ,20260420,32.3781,2.24,40.8733,3.9237,658216.7548,370087.6998
920175.BJ,20260420,3.6731,1.93,,1.8268,121261.0,80782.1013
601606.SH,20260420,6.4584,1.44,,13.2515,2932400.7916,2932400.7916
600084.SH,20260420,1.4424,1.09,624.0097,5.7239,740535.981,740535.981
300170.SZ,20260420,6.6238,1.1,98.0569,3.9266,2221957.0846,2120698.8179
002323.SZ,20260420,5.7777,0.89,,12.7372,445379.5798,445280.204
920405.BJ,20260420,5.5572,1.77,51.2393,3.7064,301559.0,236672.5504
600409.SH,20260420,2.7238,0.71,64.409,1.0468,1455366.3608,1455366.3608
688260.SH,20260420,5.4474,1.02,,25.9434,354600.0,354600.0
300761.SZ,20260420,2.7032,0.83,28.354,2.0352,1835295.0531,1376611.357
300385.SZ,20260420,19.6488,0.9,,175.8001,550023.9337,479884.0071
601609.SH,20260420,4.5717,1.66,24.9576,1.9146,1903230.6505,1903230.6505
002177.SZ,20260420,8.5524,0.67,599.8314,3.5327,602102.3136,533860.8997
605268.SH,20260420,9.2939,0.93,31.8331,3.3622,564126.36,556855.2
002486.SZ,20260420,3.4806,1.23,43.8899,2.1905,237393.5328,236294.46
300589.SZ,20260420,18.1192,2.62,,8.0889,635992.9053,390026.0432
301331.SZ,20260420,2.689,1.03,53.0071,2.6332,275956.0409,275430.1812
600550.SH,20260420,13.1318,1.21,132.0624,33.7817,3014582.1218,3014582.1218
300270.SZ,20260420,13.4925,1.81,,6.3393,357311.113,307897.6926
000798.SZ,20260420,5.5021,1.27,45.6045,8.8193,381956.4953,381933.0053
002465.SZ,20260420,9.3987,2.45,,3.6519,4169481.0326,4162850.3431
300732.SZ,20260420,3.8979,1.11,,0.91,255315.8896,255033.0668
002428.SZ,20260420,22.1644,1.31,1066.4005,30.6043,4454278.4,4453702.9625
600007.SH,20260420,1.2627,1.12,17.9289,2.2115,2155584.6228,2155584.6228
688701.SH,20260420,4.377,1.3,,8.695,123803.737,123803.737
000756.SZ,20260420,1.319,0.61,34.9677,1.928,1013674.3979,725898.4975
688118.SH,20260420,3.1705,0.99,367.8983,3.1472,274724.4031,274724.4031
300068.SZ,20260420,4.1136,0.59,,2.956,1136434.6332,1079272.3635
920491.BJ,20260420,6.723,2.03,40.8138,3.576,383768.3064,314219.0489
603829.SH,20260420,21.8316,2.54,48.5508,3.6792,551720.363,551720.363
002646.SZ,20260420,1.0659,0.85,587.3702,1.3341,381849.0553,379315.9103
003025.SZ,20260420,2.5834,0.96,27.1621,3.1711,393559.6314,313812.4762
300552.SZ,20260420,3.6944,0.62,,3.2537,573328.0713,363387.1154
300801.SZ,20260420,3.82,0.77,46.4528,2.3254,583426.53,364567.7949
601369.SH,20260420,6.4359,4.25,21.199,1.7799,1585596.5326,1569714.3886
002518.SZ,20260420,6.0815,1.27,58.8406,6.1092,2843005.134,2759580.6416
600597.SH,20260420,0.8045,1.14,,1.1169,1025584.4797,1025570.7901
603515.SH,20260420,2.3733,1.2,17.9827,2.32,1543642.9101,1529353.3993
603105.SH,20260420,8.7603,1.28,28.96,2.6311,561012.2343,561012.2343
603132.SH,20260420,5.723,0.76,29.1589,5.5858,1905144.0,1905144.0
002913.SZ,20260420,7.8554,0.95,45.5779,3.6863,1626789.9435,1546429.1802
600956.SH,20260420,5.4772,1.0,20.1379,1.5323,3677844.8545,1913692.2718
601818.SH,20260420,0.6585,0.83,4.8393,0.3806,18789205.2374,14757367.3484
600926.SH,20260420,0.4295,0.96,6.5748,0.9394,12511778.3978,12511778.3978
002166.SZ,20260420,1.2834,0.58,46.2196,2.0958,661515.6071,658818.1991
920047.BJ,20260420,4.6635,0.77,,29.5336,820073.2023,538518.2167
000529.SZ,20260420,2.3785,1.04,31.767,1.0407,329841.5365,321984.673
300559.SZ,20260420,8.1268,0.76,175.0977,5.0297,608460.6855,473861.3967
603189.SH,20260420,1.6748,0.41,644.4002,2.4555,370089.8832,370089.8832
688426.SH,20260420,3.4643,1.19,,1.6626,225324.9131,76970.4187
001389.SZ,20260420,8.5709,1.14,68.9789,10.3286,7006803.9682,2253350.8455
600841.SH,20260420,7.2926,0.64,4.5955,2.0683,1319818.5166,991916.2843
300968.SZ,20260420,1.8296,0.97,198.0281,2.6276,498536.28,498536.28
300634.SZ,20260420,5.6485,0.79,42.6448,4.1114,1239476.3423,1192949.3045
300295.SZ,20260420,5.3843,0.9,,1.773,199852.8546,176572.286
688211.SH,20260420,0.8062,0.9,,1.2504,435097.209,435097.209
002726.SZ,20260420,13.159,1.53,,3.4567,373389.5984,373106.2244
600143.SH,20260420,2.5452,1.34,37.3976,2.3645,4510822.1599,4510822.1599
600569.SH,20260420,1.8253,0.72,,2.2844,623315.4408,623315.4408
688805.SH,20260420,18.0769,0.97,120.7919,7.4225,907316.48,170548.546
002585.SZ,20260420,10.7248,1.62,,1.0123,873111.7982,678219.7678
600809.SH,20260420,1.2557,0.8,13.7766,4.3687,16941643.1509,16941643.1509
301228.SZ,20260420,10.8533,0.7,,9.9039,683760.0,680570.7952
002700.SZ,20260420,2.0349,1.28,36.8554,2.0079,274649.1148,174940.6763
688783.SH,20260420,5.4367,1.87,,7.5995,9436338.6,384711.2985
688192.SH,20260420,1.9879,0.79,,20.2606,2698892.2153,2675964.1618
300945.SZ,20260420,5.0961,1.12,34.4132,2.5295,417218.0334,379533.83
002110.SZ,20260420,2.5356,1.3,37.7256,0.4534,891470.9753,891470.9753
002831.SZ,20260420,3.7242,1.29,22.9855,2.9458,3391171.734,1882499.0188
920007.BJ,20260420,5.2321,1.83,27.9445,3.884,255442.1551,61185.7447
300739.SZ,20260420,18.9341,0.81,208.952,4.0153,1083766.8656,995844.9716
600894.SH,20260420,3.0729,1.17,12.2443,0.9503,844013.2567,835556.145
002623.SZ,20260420,4.2995,1.13,,1.5875,449682.1875,448719.0064
688036.SH,20260420,1.5276,0.86,23.5845,2.9653,6086312.6894,6086312.6894
920346.BJ,20260420,5.5049,2.85,36.3028,3.8163,176065.7238,97369.9164
300939.SZ,20260420,8.1198,0.94,61.493,3.4221,490080.0,490080.0
603236.SH,20260420,3.993,1.61,23.5617,3.3723,2273805.0101,2067095.4666
920033.BJ,20260420,2.6817,1.69,84.9786,2.522,187757.154,130431.2698
000576.SZ,20260420,3.8086,1.24,56.4548,2.5936,427689.8497,425138.9558
301076.SZ,20260420,3.5654,1.49,103.0205,5.782,686233.8288,430871.104
001257.SZ,20260420,23.7241,0.99,49.434,6.035,4369562.9445,325936.2114
920957.BJ,20260420,4.6329,2.09,232.5612,3.1747,124469.5474,49537.4914
000786.SZ,20260420,1.3756,0.8,15.0405,1.6092,4371342.1559,4338656.1383
301665.SZ,20260420,2.0178,0.91,25.9896,3.455,1213200.0,280842.32
301468.SZ,20260420,8.7576,0.77,159.1033,3.172,712763.8182,410864.2757
600467.SH,20260420,2.2463,0.67,86.3763,1.0335,353560.6216,353560.6216
603336.SH,20260420,7.2291,3.28,629.7077,4.2704,608718.945,608718.945
301595.SZ,20260420,6.4959,0.71,86.3096,5.8861,530355.44,119329.974
300962.SZ,20260420,1.8373,1.11,42.1741,4.3361,433491.1149,433491.1149
603566.SH,20260420,1.2184,0.79,30.4465,1.7429,437422.7131,437422.7131
920208.BJ,20260420,2.4688,2.71,16.8491,2.9483,323137.9979,246036.9977
000061.SZ,20260420,1.6559,0.85,40.2751,1.73,1470856.2477,1329585.1831
605507.SH,20260420,1.2494,0.55,17.6438,1.552,1352352.87,1352352.87
002082.SZ,20260420,10.7117,0.66,,7.0892,1761052.7893,1592815.1624
601108.SH,20260420,0.9948,0.81,13.2505,1.0502,3849680.4696,3849680.4696
920519.BJ,20260420,5.0899,2.78,51.7675,2.1347,111840.4043,78931.9256
301229.SZ,20260420,1.9392,1.13,87.2497,2.7022,337748.1709,240203.4291
301378.SZ,20260420,3.9394,0.92,,2.3955,312694.2,148625.3368
920981.BJ,20260420,16.317,2.4,259.4014,4.9395,251197.38,122562.0951
601100.SH,20260420,1.9354,1.02,49.4035,8.3184,13853362.4893,13853362.4893
688075.SH,20260420,1.1908,1.02,67.3149,0.9554,493970.863,493970.863
600478.SH,20260420,3.151,0.74,67.5131,4.4014,1277469.8826,1277469.8826
688600.SH,20260420,3.5437,0.82,64.7739,4.6582,369101.2626,369101.2626
301336.SZ,20260420,2.8483,0.71,64.9492,2.4707,204800.0,155803.1206
301285.SZ,20260420,4.624,0.87,,20.972,2136967.8,2136967.8
920036.BJ,20260420,21.1923,1.16,32.8484,4.4071,259973.0676,62393.7202
603266.SH,20260420,2.1738,0.72,36.0056,2.5292,397176.8398,397176.8398
603076.SH,20260420,4.7828,0.77,248.3884,2.7145,351965.1191,351965.1191
300880.SZ,20260420,9.3336,0.83,50.014,4.2474,445108.1357,445060.6635
300175.SZ,20260420,1.5144,1.03,,6.0544,305078.4,305078.4
301281.SZ,20260420,6.6097,0.6,247.8772,3.0269,410310.81,268837.128
300508.SZ,20260420,7.3449,2.29,47.0661,4.7979,413289.515,310819.128
002058.SZ,20260420,5.1664,2.53,17.4894,82.3517,329500.8186,328741.543
688303.SH,20260420,4.5329,1.27,,1.2798,4994038.9255,4994038.9255
600262.SH,20260420,8.652,1.66,18.7157,2.6767,471240.0,471240.0
002375.SZ,20260420,3.5086,1.68,17.0682,0.6558,537338.5957,532044.2729
000799.SZ,20260420,1.8904,0.8,,3.7586,1414090.921,1413966.889
300333.SZ,20260420,1.8296,0.75,,5.3183,308448.0,307328.1015
301230.SZ,20260420,9.2387,0.81,156.681,5.7168,573282.1867,515904.2138
002386.SZ,20260420,5.8198,1.06,96.9757,1.124,851277.1857,851118.5672
300720.SZ,20260420,12.8354,0.89,322.3398,21.3107,1247799.0702,1118296.6984
600006.SH,20260420,1.7021,1.53,52.5798,1.5416,1290000.0,1290000.0
603520.SH,20260420,5.2209,0.7,,1.8477,480497.2296,480497.2296
300703.SZ,20260420,18.1588,2.44,180.8641,4.9326,381167.9579,351333.7038
300331.SZ,20260420,5.2795,0.98,,7.7452,1211843.8888,981077.932
603389.SH,20260420,2.3435,1.1,,58.3671,1365259.392,1365259.392
002825.SZ,20260420,3.8709,0.87,24.0778,2.4211,392082.3258,294512.5212
605018.SH,20260420,7.9743,0.91,70.427,2.1994,596043.4255,596043.4255
002132.SZ,20260420,13.0865,0.88,354.1697,1.8737,651718.2846,650759.2025
688020.SH,20260420,9.9235,1.64,,5.7921,770666.706,770666.706
300659.SZ,20260420,2.2356,0.81,,2.7387,341634.7999,248281.3148
600118.SH,20260420,13.447,1.61,3143.3995,17.5598,11176887.304,11176887.304
300036.SZ,20260420,2.9878,1.33,171.6709,3.0062,804195.1189,715595.7321
000837.SZ,20260420,2.01,1.03,213.1642,2.3101,1127506.7124,1110158.4774
688699.SH,20260420,3.66,0.85,,4.1782,497712.3021,497712.3021
300413.SZ,20260420,2.424,1.12,42.3968,1.7134,3967798.8486,2167025.6109
920855.BJ,20260420,2.9511,1.99,35.4848,2.1601,124505.7328,111683.4937
002324.SZ,20260420,10.9084,3.51,74.9028,4.2093,1925454.0453,1343733.6902
300004.SZ,20260420,6.2435,1.06,106.3699,3.9429,701750.6403,701750.6403
300756.SZ,20260420,3.0868,1.09,101.1727,5.6325,824711.255,686728.4372
300915.SZ,20260420,3.4054,1.78,378.8223,1.919,295093.0835,135077.3654
001318.SZ,20260420,2.2892,1.15,33.2455,2.6856,387244.2,387244.2
300373.SZ,20260420,6.7559,1.86,32.4217,4.4841,4443498.2021,4433607.5081
002303.SZ,20260420,2.5461,1.45,20.0117,1.1717,522181.3766,329706.4404
603119.SH,20260420,6.7557,0.89,99.8795,13.6524,2780444.9946,1558454.7681
605117.SH,20260420,3.8618,0.57,41.0305,12.5729,13009820.6784,13009820.6784
688162.SH,20260420,4.1286,0.67,61.0259,2.0359,493836.9916,493836.9916
301276.SZ,20260420,3.7689,1.05,24.4855,1.5846,330220.8,184137.8626
920204.BJ,20260420,4.82,2.55,73.0189,3.0956,152369.08,80785.0407
600595.SH,20260420,2.9737,1.06,29.4134,2.0515,3422750.9674,3422750.9674
603398.SH,20260420,5.0442,1.62,,7.7619,498687.7526,498687.7526
002588.SZ,20260420,2.9697,1.24,12.3803,1.6517,1209486.579,901527.4485
002649.SZ,20260420,1.5582,1.02,54.3599,1.651,701242.7493,657154.9573
000672.SZ,20260420,2.2367,1.01,17.6317,1.4926,1324194.1847,1324194.1847
688083.SH,20260420,2.8583,0.61,425.8588,3.4181,916937.9596,916937.9596
000892.SZ,20260420,7.5427,1.02,,7.375,622922.6004,451381.1483
600839.SH,20260420,6.2058,1.44,32.3221,2.857,4417745.7205,4416515.4099
603063.SH,20260420,19.3478,1.18,39.3863,3.5975,1877872.4603,1877872.4603
300160.SZ,20260420,2.0666,1.34,21.6939,1.5867,418936.8903,413090.4582
600223.SH,20260420,0.9853,0.83,36.2767,1.6091,681101.0793,681101.0793
002685.SZ,20260420,9.8468,1.33,66.9875,5.5105,865606.2606,865490.8754
688315.SH,20260420,1.6829,0.74,37.056,2.2496,602241.4,602241.4
301656.SZ,20260420,3.0694,1.03,45.3666,5.67,5242444.1838,443911.2571
603027.SH,20260420,1.9194,0.96,30.2127,3.8669,1275801.0193,1195881.9062
603990.SH,20260420,6.753,1.51,119.593,5.609,468306.2957,468306.2957
603666.SH,20260420,2.0423,0.91,,2.6358,558015.0903,558015.0903
001339.SZ,20260420,9.113,0.76,103.4535,7.9723,1796673.0934,850470.6459
002006.SZ,20260420,3.2191,1.84,50.4101,3.8182,935108.3986,935108.3986
603353.SH,20260420,9.8292,0.81,821.993,4.0004,652898.988,647247.564
002958.SZ,20260420,0.6081,0.74,5.5915,0.4469,1661131.364,1626407.7513
603175.SH,20260420,13.3406,1.28,181.8581,14.4953,4207281.2733,423581.3381
002982.SZ,20260420,3.0203,0.66,91.2656,1.81,287113.0754,183818.7667
002300.SZ,20260420,25.4813,1.89,90.5248,3.9747,752671.7154,752631.4015
600657.SH,20260420,2.4868,0.91,,0.5449,869822.9715,869822.9715
002867.SZ,20260420,1.6853,0.36,12.9293,2.2383,1340560.2579,1332684.5529
300369.SZ,20260420,3.8405,0.89,,2.7107,665520.5692,663413.9169
600858.SH,20260420,2.1422,1.11,49.5041,1.0918,293317.5562,291897.0884
920394.BJ,20260420,5.5708,1.62,56.1716,8.4873,715601.25,710330.5691
301581.SZ,20260420,2.0034,1.06,52.2321,3.7249,374160.0,228602.406
603095.SH,20260420,3.9697,1.3,53.8126,1.9777,459460.9068,459460.9068
600150.SH,20260420,3.3775,3.22,36.8998,1.8812,26550391.9041,26550391.9041
300536.SZ,20260420,6.5877,2.95,,5.6268,251934.5062,251916.2422
605319.SH,20260420,10.6357,0.98,21.3549,3.6693,952265.2571,946972.1371
300595.SZ,20260420,1.5332,1.1,26.2505,2.5627,1258776.5069,939903.6326
603255.SH,20260420,3.758,0.94,,2.5792,409562.4427,184634.7797
000561.SZ,20260420,3.7882,1.33,,2.7666,872658.4204,784009.8336
600428.SH,20260420,2.3314,0.79,13.7969,1.4565,2455808.7535,2188530.5968
300546.SZ,20260420,2.1725,0.65,110.9413,3.6303,408165.6952,292869.8852
600531.SH,20260420,13.6271,1.96,21.4973,2.8264,1848962.6652,1848962.6652
002498.SZ,20260420,27.4681,1.52,52.7944,3.5076,3127188.24,3127188.24
000599.SZ,20260420,2.1302,0.71,,1.9494,1216291.2407,437775.38
688796.SH,20260420,4.3863,0.65,252.6062,20.1164,4375135.5318,351340.0054
600114.SH,20260420,3.0175,0.99,37.5445,6.2015,2010956.3742,1963181.3742
002285.SZ,20260420,9.8645,1.25,,2.8067,615784.1727,610348.6814
002882.SZ,20260420,11.4347,1.14,120.0045,6.07,1283981.4,731957.0433
600611.SH,20260420,1.1773,1.0,155.1032,1.1347,1122958.3604,742575.2729
002506.SZ,20260420,16.7068,1.47,,15.2874,2720397.1386,2717660.5438
002109.SZ,20260420,4.8763,0.59,,1.2243,499021.5117,499021.5117
300035.SZ,20260420,5.9229,0.77,30.0764,3.1964,1567570.7966,1334117.1733
688128.SH,20260420,1.9813,0.79,19.7985,3.1873,1054531.5,1054531.5
300137.SZ,20260420,9.0273,0.63,,5.0144,818287.8703,808302.0117
603890.SH,20260420,24.762,1.14,29.8138,2.9328,898531.6944,898531.6944
601827.SH,20260420,1.0305,0.8,10.7573,1.1017,1324171.1736,1324171.1736
301267.SZ,20260420,2.1736,1.19,32.7113,2.4376,1443960.0,1114675.8944
300514.SZ,20260420,2.2641,1.01,23.4565,2.5324,267600.0,214425.6389
600825.SH,20260420,1.7273,0.72,148.3592,2.5123,626932.71,626932.71
688202.SH,20260420,5.2283,0.88,,4.8351,941405.7533,941405.7533
000633.SZ,20260420,3.476,1.41,166.7097,13.3277,261872.3336,261870.3956
002757.SZ,20260420,13.103,1.21,,3.3526,669207.6429,638852.1311
920719.BJ,20260420,9.1978,2.23,,3.1592,106498.8496,83733.5493
002007.SZ,20260420,0.6311,0.62,29.0325,2.374,2730220.259,2350382.7752
301367.SZ,20260420,2.3209,1.78,30.0797,2.1222,632486.4,493731.6112
002084.SZ,20260420,4.3163,1.17,,1.7259,240332.8469,239804.0124
920438.BJ,20260420,9.7926,1.5,253.3618,7.1933,718646.5,688606.607
300072.SZ,20260420,2.7833,0.71,,1.8263,1102018.8216,1093408.4356
000825.SZ,20260420,2.8419,1.92,185.4161,0.7904,2620273.9862,2620273.9862
300332.SZ,20260420,3.5656,0.58,55.3417,1.1569,492313.6572,472300.8034
301045.SZ,20260420,6.7001,1.53,144.6183,4.5735,468853.0215,271821.432
688116.SH,20260420,2.1248,0.95,63.5236,4.0515,1498016.4107,1498016.4107
300181.SZ,20260420,1.019,0.64,18.3856,3.5169,1096268.4046,942349.7664
603637.SH,20260420,8.5911,1.1,55.6648,3.5196,368053.6223,368053.6223
000968.SZ,20260420,14.1257,0.63,21.7517,1.4107,871719.8967,871719.8967
605179.SH,20260420,5.3191,1.53,186.4959,6.3644,716988.0,716988.0
600089.SH,20260420,5.2365,1.16,23.6674,2.0163,14092238.4805,14092238.4805
600756.SH,20260420,6.6349,1.33,,2.527,586677.0475,543837.7075
300327.SZ,20260420,6.4626,2.01,152.4046,5.1525,916920.282,910162.4645
600734.SH,20260420,1.0769,0.39,,21.5482,668739.0535,668600.9035
301618.SZ,20260420,1.0927,0.98,92.3642,4.7138,440704.4761,161958.8044
603607.SH,20260420,4.7696,1.27,38.8662,4.153,419692.9968,419692.9968
300144.SZ,20260420,1.5272,0.83,26.0958,2.4769,2073497.4686,1863467.5978
000402.SZ,20260420,4.6592,0.48,,0.3529,830922.5141,830849.4738
605162.SH,20260420,20.6858,0.61,38.2312,4.3116,568838.8759,568838.8759
301322.SZ,20260420,5.5349,1.01,59.1238,1.8218,512168.5578,344475.34
603392.SH,20260420,1.212,1.28,,4.241,5127112.8202,5127112.8202
600362.SH,20260420,4.6253,0.88,22.6601,1.9879,16157095.4037,9683104.3917
603041.SH,20260420,2.051,0.92,74.4398,1.5682,235711.0796,235711.0796
002835.SZ,20260420,1.7061,0.91,20.2036,2.8039,345044.4595,200097.0488
920770.BJ,20260420,6.1336,1.5,46.9612,3.4332,212245.5774,133568.7878
688080.SH,20260420,2.9535,1.04,28.3118,3.6362,425511.4746,425511.4746
688077.SH,20260420,4.4118,1.61,60.0866,3.1368,344923.7326,344923.7326
688178.SH,20260420,5.7167,0.77,,3.1717,291542.6049,291542.6049
688396.SH,20260420,7.3126,2.01,103.7252,2.9986,6860208.1622,6860208.1622
002531.SZ,20260420,8.427,1.33,,2.5431,2201176.3561,2188811.9913
603533.SH,20260420,8.6705,1.02,,5.0044,1156932.0571,1156932.0571
300298.SZ,20260420,1.0706,0.89,31.6744,2.7948,893066.2244,718755.6169
001220.SZ,20260420,20.8237,1.34,26.4474,2.8116,420657.82,103050.2176
600452.SH,20260420,3.8115,0.81,46.9237,3.2868,1845386.5265,1845386.5265
688516.SH,20260420,7.0356,0.77,57.5763,7.0213,2553543.4818,2548930.1889
920821.BJ,20260420,16.1353,2.28,189.2089,6.3323,334559.0718,176159.5744
600206.SH,20260420,18.9478,2.39,77.8853,5.1206,2168869.6366,2168869.6366
000559.SZ,20260420,9.2067,1.16,53.1442,6.3065,5503495.017,5501819.0727
002981.SZ,20260420,5.6097,1.62,46.222,3.1956,340965.5652,296154.1972
301053.SZ,20260420,37.4462,1.59,215.7797,6.6151,597968.2508,554051.7856
603093.SH,20260420,6.8336,0.6,30.0957,2.6152,1463441.0568,1243924.3558
600269.SH,20260420,1.2287,0.96,8.1038,0.5318,1036920.7142,1036920.7142
300875.SZ,20260420,9.0636,0.97,,4.3837,413815.0429,363896.468
300557.SZ,20260420,11.9469,1.78,94.5112,4.3962,445639.8662,440182.1365
300691.SZ,20260420,1.9695,1.04,,2.8242,454961.4633,373268.1609
300563.SZ,20260420,3.1861,1.09,93.3082,5.5298,611068.0447,429929.1355
301357.SZ,20260420,14.7907,1.2,1043.2104,9.9039,1126692.0,1126692.0
002725.SZ,20260420,12.6692,2.1,59.4058,4.2295,435712.0,360847.5029
002516.SZ,20260420,1.4514,1.13,46.2389,2.2546,851615.5969,843851.2069
002335.SZ,20260420,9.8506,1.5,78.264,5.2183,3299680.6905,2910814.2669
301539.SZ,20260420,2.5205,1.0,47.2488,3.5405,288748.0,146445.5698
603811.SH,20260420,2.4216,0.8,17.4388,2.9858,394729.0099,394729.0099
301268.SZ,20260420,3.4813,1.59,,5.6308,946538.3472,814865.6512
002586.SZ,20260420,1.57,1.33,,1.9505,581265.6467,552459.1455
301165.SZ,20260420,13.9769,1.38,113.6951,15.8684,7917159.0864,7917159.0864
000850.SZ,20260420,1.2282,0.85,15.1128,1.0174,463339.5194,463207.8676
300241.SZ,20260420,7.7571,1.11,127.708,2.1807,487383.6375,408120.3874
688378.SH,20260420,3.9225,1.64,125.0095,5.1919,1005179.7556,926493.3955
603193.SH,20260420,7.6501,1.49,33.7774,4.747,1031308.3574,263404.2644
920000.BJ,20260420,3.9303,1.85,22.7259,2.3284,154389.12,96988.1697
301383.SZ,20260420,2.9084,0.87,139.5683,2.4006,482411.5296,208523.8803
300221.SZ,20260420,4.5992,0.89,48.5201,3.6659,537237.8128,518424.0656
002426.SZ,20260420,4.6259,1.08,,5.3307,1286192.5962,1286182.7588
603919.SH,20260420,2.4612,0.93,28.3001,2.6026,920169.6346,920169.6346
300778.SZ,20260420,5.6348,1.19,,2.1195,261906.2996,261854.659
600027.SH,20260420,1.7905,0.85,8.9714,1.1307,5445922.0923,4322152.6664
300353.SZ,20260420,2.4505,1.22,302.1697,6.1767,1227326.1905,1072369.0079
603755.SH,20260420,3.0941,1.19,33.6674,3.9377,283514.3329,283514.3329
301023.SZ,20260420,2.8833,0.9,40.1345,4.0723,324157.0976,180546.753
600959.SH,20260420,3.293,0.57,79.3458,0.9041,2050294.2513,2050294.2513
002163.SZ,20260420,9.8087,2.69,,15.8235,1114499.4266,1059880.9661
002065.SZ,20260420,1.3504,0.94,57.0859,2.2111,2724660.0188,2471733.4017
688041.SH,20260420,3.1015,0.86,223.2006,25.895,60846522.5462,60846522.5462
603016.SH,20260420,8.451,0.81,112.2661,9.0207,743911.36,743911.36
920856.BJ,20260420,5.733,2.29,75.5852,2.8314,133843.1656,74655.4721
002926.SZ,20260420,0.7745,0.81,14.6898,0.9266,2252250.0,2252250.0
000776.SZ,20260420,1.6467,0.64,11.4961,1.2151,15751414.0136,11884851.263
600265.SH,20260420,0.9615,0.85,,306.2617,266090.0,266090.0
600702.SH,20260420,1.6182,0.57,141.2556,2.1418,1531689.12,1531044.7
002201.SZ,20260420,15.3595,1.1,105.6247,7.1274,824971.4811,762161.6497
603722.SH,20260420,1.917,1.03,,3.8011,363030.2495,355525.9495
301398.SZ,20260420,5.5637,0.57,76.8851,4.7513,533008.0,177125.221
300324.SZ,20260420,1.9012,0.85,,3.0005,827515.895,819085.6162
920592.BJ,20260420,6.4316,1.26,,7.8861,269774.505,167903.989
603843.SH,20260420,4.0944,0.62,,20.0545,561097.8361,561097.8361
300850.SZ,20260420,6.2875,1.09,21.0697,2.4628,1723839.3311,1252168.7626
300082.SZ,20260420,6.2035,0.53,,2.8273,773951.7516,771929.8249
002708.SZ,20260420,16.6266,2.28,103.4005,4.5447,769512.1168,707302.8183
600733.SH,20260420,1.9702,1.29,,5.7962,4654389.5462,3575841.4143
600119.SH,20260420,2.5132,1.03,,18.4558,220258.0331,220258.0331
301321.SZ,20260420,7.0499,0.98,,4.584,445393.215,352664.8704
688813.SH,20260420,39.1138,1.08,60.8296,7.1515,1241600.0,233397.3338
688002.SH,20260420,3.3167,1.35,54.3788,9.1952,6115580.5715,6115580.5715
000860.SZ,20260420,0.8137,0.69,,1.3688,955395.8818,955395.8818
300257.SZ,20260420,3.7802,1.03,71.9479,4.4003,2908369.6977,2794378.2154
301628.SZ,20260420,10.0451,1.15,70.4516,7.2667,851671.1642,314968.6642
600517.SH,20260420,2.4112,1.31,15.6159,1.5877,3676954.1834,3676954.1834
000572.SZ,20260420,3.6479,1.05,,5.7025,958823.0364,957433.5381
001256.SZ,20260420,13.8542,0.68,37.9548,2.8625,345978.0657,259369.8657
300493.SZ,20260420,2.4668,1.1,183.5706,7.1486,831821.6593,822230.135
002127.SZ,20260420,1.1999,1.24,,1.6594,692273.4536,562514.7052
603333.SH,20260420,2.5582,1.13,,2.4098,492249.8481,492249.8481
600821.SH,20260420,29.9583,1.27,182.4357,2.084,1847318.1309,1847318.1309
600653.SH,20260420,0.8293,0.65,592.3641,4.6863,342562.9358,342562.9358
002344.SZ,20260420,1.4871,0.91,80.1082,0.6725,565634.0794,565040.1106
301162.SZ,20260420,2.6643,0.69,70.2245,5.7748,914695.1119,587965.564
920077.BJ,20260420,8.841,2.07,62.7554,4.2633,1120709.225,578495.0673
300283.SZ,20260420,10.3381,0.68,192.6782,4.3462,485050.7447,358405.258
688156.SH,20260420,5.6848,0.68,,3.37,256921.8145,256921.8145
001369.SZ,20260420,9.2231,0.98,35.1902,2.7392,1862728.0,326471.7261
002105.SZ,20260420,2.3244,0.65,,2.8019,234028.6061,232896.953
601728.SH,20260420,0.7695,1.13,16.1038,1.1597,53440169.0002,45335761.5602
002461.SZ,20260420,2.4533,0.75,24.0483,1.9693,2173488.5674,2173488.5674
300501.SZ,20260420,6.4513,0.82,,2.703,378560.5764,197016.8677
002253.SZ,20260420,3.4494,0.89,,2.4249,258116.2527,238299.8263
002360.SZ,20260420,4.6464,0.63,,1.2861,257135.5187,209614.2272
688198.SH,20260420,3.5613,2.95,67.2308,11.248,1379823.0483,1379823.0483
601126.SH,20260420,6.0254,0.9,49.0773,8.3117,4068366.6685,4028892.0082
688125.SH,20260420,3.3104,0.85,,11.1271,2033448.5746,2022637.8634
002306.SZ,20260420,3.0889,1.02,,29.5971,205263.95,192094.6513
920832.BJ,20260420,2.2156,2.66,,1.307,96857.1778,86092.4263
600718.SH,20260420,1.4113,1.25,,1.1354,1076794.9668,1076794.9668
300530.SZ,20260420,4.7573,1.03,,79.4195,425407.6498,425407.6498
688115.SH,20260420,4.7035,1.26,,2.3571,298681.6,298681.6
600814.SH,20260420,3.775,1.3,25.6742,1.542,576301.6208,576301.6208
601212.SH,20260420,4.3303,1.04,341.6049,3.9164,6042296.001,6042296.001
603211.SH,20260420,28.2082,1.69,116.9219,5.9856,735240.64,735240.64
300317.SZ,20260420,8.8137,1.09,,2.6693,415924.3909,415285.6159
300118.SZ,20260420,8.749,1.56,,1.8794,1976784.0384,1607116.4227
603518.SH,20260420,1.2481,0.91,12.0525,0.8587,311852.8416,310698.8076
600691.SH,20260420,3.6571,0.91,,2.3494,741306.369,741182.817
001269.SZ,20260420,4.3312,0.48,,4.98,435043.5071,435043.5071
000789.SZ,20260420,0.9622,0.66,139.6028,0.6255,405083.4428,405083.4428
600435.SH,20260420,4.2684,1.63,192.852,7.9724,2326006.218,2326006.218
002184.SZ,20260420,2.3588,1.06,,3.5274,412436.6096,281715.4027
601988.SH,20260420,2.1111,1.34,7.8226,0.7056,190105322.9703,124351653.7591
920834.BJ,20260420,9.1681,3.03,32.2325,4.9209,151680.0063,79374.6989
600236.SH,20260420,2.4552,1.64,24.5393,4.4101,8047907.7358,8047907.7358
688667.SH,20260420,9.6266,0.7,56.6108,4.2958,767825.5039,767825.5039
920978.BJ,20260420,6.0808,2.17,30.1194,6.6568,521542.4718,292408.5444
002745.SZ,20260420,5.9388,1.63,58.9454,0.9747,1297161.4327,930526.8493
603871.SH,20260420,1.7328,0.48,17.4844,3.3765,1856387.7489,1856387.7489
300363.SZ,20260420,4.1743,0.95,124.2123,2.2365,1196659.6716,1098481.7598
600620.SH,20260420,2.0803,1.09,67.3072,2.8187,418186.3618,418186.3618
600056.SH,20260420,3.7377,0.6,29.8028,1.3655,1618541.8873,1617970.2992
002431.SZ,20260420,2.9903,0.49,,4.1706,465020.4294,465020.4294
301246.SZ,20260420,9.484,0.58,685.3973,2.2485,974816.5716,414478.7457
603699.SH,20260420,2.0568,0.85,27.2745,9.416,4366393.2872,4269859.8441
002293.SZ,20260420,1.4803,1.15,16.664,2.1281,852187.0156,844767.8965
600098.SH,20260420,2.4025,0.96,10.5655,0.9011,2450599.6217,2450599.6217
002797.SZ,20260420,4.272,0.75,32.0914,1.9429,3315693.6,3315693.6
301120.SZ,20260420,11.3467,0.83,,5.7042,879572.4182,517691.5988
920371.BJ,20260420,3.486,1.21,23.8684,3.3281,205445.536,194409.401
688256.SH,20260420,3.6531,0.87,282.2254,49.1009,58116650.1294,58116650.1294
002476.SZ,20260420,1.5182,0.76,51.1047,3.7736,362304.0,362260.9764
301513.SZ,20260420,54.0811,,60.119,7.2796,965600.0,194558.6378
300578.SZ,20260420,3.5278,0.61,260.5802,3.647,433615.9214,433498.6435
002495.SZ,20260420,3.881,0.99,120.1259,2.1826,239520.1536,179398.0178
688776.SH,20260420,4.1108,1.06,,5.3323,933723.1547,933723.1547
603023.SH,20260420,3.3112,0.63,1129.8546,3.2478,250036.5983,250036.5983
002327.SZ,20260420,1.6447,0.97,14.5181,1.7084,593477.8416,347590.9489
688305.SH,20260420,2.5025,1.3,89.1536,4.174,791326.3608,787200.8342
001872.SZ,20260420,0.8285,0.73,11.5662,0.8286,5333597.0506,4947001.7715
000877.SZ,20260420,0.5832,0.69,,0.4514,3398815.0297,3398814.3127
600664.SH,20260420,26.9206,0.97,23.9989,1.9052,1077922.2269,1077922.2269
603085.SH,20260420,4.591,1.12,628.2405,5.3546,477314.2,477314.2
002978.SZ,20260420,2.464,1.05,20.3888,1.9154,1634973.2145,1279184.3889
688098.SH,20260420,1.3452,0.43,,2.6283,365473.16,365473.16
300432.SZ,20260420,6.3115,0.9,106.8695,9.5748,4394083.8219,4344728.1259
301221.SZ,20260420,3.6384,0.81,77.1171,2.4499,490805.5677,332370.1255
002246.SZ,20260420,12.7413,1.73,56.4641,4.8613,1485139.1178,1485139.1178
000952.SZ,20260420,2.0559,0.65,,2.4136,233016.2278,231163.9915
603215.SH,20260420,1.755,0.8,32.5454,2.949,358212.7842,356857.2923
301130.SZ,20260420,2.4445,0.56,59.7593,2.565,235144.6617,181419.3646
920344.BJ,20260420,2.6284,0.88,521.6231,4.2812,267982.0,250201.9498
300864.SZ,20260420,1.8379,0.87,21.2695,2.4873,328612.1313,328612.1313
600403.SH,20260420,5.4991,1.5,,3.7489,1377107.9436,1377107.9436
601966.SH,20260420,1.094,0.94,17.181,0.9019,2075246.8045,2075246.8045
603444.SH,20260420,5.7375,0.86,15.599,5.0773,2797932.2806,2797932.2806
000035.SZ,20260420,6.4027,1.57,74.2789,1.6613,1707443.4298,1653813.4098
600197.SH,20260420,0.9832,1.16,31.0146,1.4784,564497.4374,564497.4374
603580.SH,20260420,6.8814,1.04,,6.2173,261738.4196,261738.4196
600516.SH,20260420,1.4933,0.86,528.2979,1.3899,2250517.4357,2250517.4357
300436.SZ,20260420,6.8705,0.49,,48.4618,1856256.885,1593494.5487
603557.SH,20260420,3.9193,1.32,,32.4002,253738.8134,253738.8134
603861.SH,20260420,9.891,1.26,41.9008,2.3201,924302.8031,903882.8774
920471.BJ,20260420,6.4051,1.58,,2.1599,108992.0,69470.0952
601222.SH,20260420,3.1092,1.25,63.1494,0.8387,1273721.3773,1273721.3773
301596.SZ,20260420,3.3113,1.23,51.1936,6.4394,546638.9852,221846.8865
600261.SH,20260420,1.5676,0.94,27.4532,1.4233,493969.5974,493969.5974
688182.SH,20260420,6.6693,1.38,108.9223,5.8875,1308400.0,1308400.0
000629.SZ,20260420,2.4446,1.0,,2.6551,3261122.6936,3260905.1101
300433.SZ,20260420,8.3708,1.27,41.7469,2.629,14358175.1664,13517584.0245
000813.SZ,20260420,1.661,0.66,,1.4075,700433.2504,700318.0204
603004.SH,20260420,7.132,1.55,34.5127,2.4556,514846.72,128711.68
600722.SH,20260420,15.2215,0.78,194.041,7.451,929996.9971,929996.9971
000600.SZ,20260420,3.6521,1.05,9.983,1.4411,1675204.7353,1012657.2638
600322.SH,20260420,1.7981,0.51,,,266473.7,266473.7
600448.SH,20260420,3.0639,0.99,,1.8385,207210.6688,207210.6688
688253.SH,20260420,4.7394,0.98,42.0301,2.991,613826.72,613826.72
603377.SH,20260420,3.0437,1.67,,40.8339,266137.1272,266137.1272
002487.SZ,20260420,9.2243,2.07,51.8097,6.9499,5716147.4151,5654938.3442
300263.SZ,20260420,4.6453,1.17,70.9034,2.6475,1111596.7683,1047718.3028
603421.SH,20260420,4.7045,0.57,,1.9304,540665.9336,540665.9336
688006.SH,20260420,9.0003,0.93,51.2275,3.4999,1887079.1472,1887079.1472
603258.SH,20260420,1.3185,0.97,,2.1832,431941.0557,427415.5309
300146.SZ,20260420,1.6692,1.22,24.0726,1.6949,1882836.5355,1247322.0255
920505.BJ,20260420,10.0602,1.28,164.0367,8.0451,275014.2989,152866.3809
601801.SH,20260420,1.696,0.49,14.8595,1.0241,1190422.1921,1190422.1921
920221.BJ,20260420,3.6902,1.57,29.8397,4.2566,178701.6,95117.9583
300879.SZ,20260420,4.6515,1.03,43.9393,3.784,521581.7926,518050.3105
603190.SH,20260420,2.4329,0.97,29.154,1.4311,319196.02,105379.2367
688711.SH,20260420,2.5743,1.16,348.7374,5.8447,607953.8383,607953.8383
920833.BJ,20260420,5.6729,1.38,45.8882,2.1567,132352.52,100372.0148
601991.SH,20260420,4.6403,1.39,9.922,2.1525,7328657.3596,4908851.286
002129.SZ,20260420,2.3964,1.02,,1.6233,3566028.1118,3563085.7836
300645.SZ,20260420,2.7864,0.96,277.0727,2.3543,243286.3537,238516.6001
600572.SH,20260420,8.7112,0.87,17.3307,1.6861,1192340.7163,1189172.0454
300386.SZ,20260420,2.2128,0.95,1022.7156,4.083,599893.14,359837.2321
600233.SH,20260420,1.3802,0.79,18.0095,2.1365,7129499.1768,7129499.1768
600368.SH,20260420,1.5462,1.45,11.1938,0.8633,622936.043,622936.043
003023.SZ,20260420,10.0517,0.99,40.8528,2.1601,334354.2384,333594.1098
920476.BJ,20260420,4.254,1.98,44.9861,4.2207,189525.055,179401.7122
300165.SZ,20260420,8.9766,1.18,,2.2893,292351.9178,248115.4606
002868.SZ,20260420,1.1955,0.78,,89.7848,624150.0014,429722.0561
002527.SZ,20260420,2.9944,1.48,1644.4922,7.2319,905741.7235,722461.8727
002133.SZ,20260420,3.074,0.91,,0.8675,251596.8569,250207.8153
920395.BJ,20260420,2.6983,2.35,38.1366,6.5538,156858.1037,107676.3838
001338.SZ,20260420,3.6158,1.31,20.7404,1.8532,689879.8968,689879.8968
002457.SZ,20260420,13.1562,2.49,29.6366,1.5094,384176.7936,383927.442
000510.SZ,20260420,8.2186,0.97,,7.9338,979300.8194,916063.8737
601231.SH,20260420,9.678,1.08,54.6154,4.488,10122638.2155,10122638.2155
600207.SH,20260420,9.2122,1.14,,3.1031,628533.3437,628533.3437
600226.SH,20260420,3.079,1.07,83.7456,4.42,1597242.7173,1597242.7173
688161.SH,20260420,2.961,0.95,44.8326,2.906,1204400.0,1204400.0
301381.SZ,20260420,6.2562,1.47,38.1492,3.2741,871469.712,422211.312
000069.SZ,20260420,0.9782,0.68,,0.5009,1784382.2878,1531489.5954
601360.SH,20260420,2.5533,1.09,,2.6684,7832505.2666,7832505.2666
600109.SH,20260420,0.7487,0.83,12.88,0.9151,3190319.1875,3190319.1875
001203.SZ,20260420,5.6908,0.85,102.8964,10.4841,7000045.2662,5963077.8411
000955.SZ,20260420,3.4269,1.19,3853.7505,4.2653,276735.03,276692.8178
600527.SH,20260420,13.2353,0.78,169.8805,2.298,474502.4871,474502.4871
002719.SZ,20260420,3.6342,0.92,,7.5758,145580.5861,135315.8754
688772.SH,20260420,3.8862,0.91,39.5114,2.5455,1863577.6688,1863577.6688
301696.SZ,20260420,39.26,0.75,96.8299,19.9028,4080102.0,306850.2108
301209.SZ,20260420,6.2529,2.7,180.5626,14.137,1079120.0,921905.705
000008.SZ,20260420,3.5283,0.86,,3.3777,738854.7298,738832.7709
300134.SZ,20260420,5.2028,0.91,,2.2705,864970.2528,802895.0928
301138.SZ,20260420,2.8024,0.98,38.9789,4.1261,460080.0,262859.5768
603323.SH,20260420,1.0411,1.07,4.8216,0.5191,985048.2213,985048.2213
300528.SZ,20260420,11.3728,1.12,,16.3881,635669.3401,635669.3401
000691.SZ,20260420,1.6508,0.84,,8.6199,388893.81,259262.54
002551.SZ,20260420,2.0814,0.73,,1.1189,290004.6403,209637.0456
301361.SZ,20260420,5.9479,0.67,46.6068,3.6705,449638.64,117666.06
000096.SZ,20260420,2.582,0.86,44.6911,1.7764,511104.0,494500.864
301282.SZ,20260420,21.4479,0.69,75.3052,3.9625,680734.4159,529590.0306
603712.SH,20260420,2.2309,1.26,,3.0888,1289240.0,1289240.0
688079.SH,20260420,8.9053,1.22,,5.22,668640.6643,656996.0443
601686.SH,20260420,0.5509,0.89,10.5309,1.3618,869684.3006,869684.3006
002860.SZ,20260420,12.411,1.59,24.8065,2.1604,494964.422,483719.2024
000751.SZ,20260420,12.8538,2.01,139.0097,2.64,951606.4205,830412.7108
002580.SZ,20260420,30.1781,0.98,75.2251,6.4362,1497767.6769,1492718.04
605258.SH,20260420,9.7391,0.81,47.5678,2.7649,330088.0,330088.0
000028.SZ,20260420,2.017,0.56,12.7048,0.7755,1443173.2447,1239591.0401
301004.SZ,20260420,1.4349,0.47,12.8686,4.5553,732822.1522,684075.5461
688268.SH,20260420,25.21,1.3,87.9451,6.4351,1190364.0598,1189560.5398
600742.SH,20260420,2.4932,1.13,15.3585,0.9183,768321.8479,768321.8479
300642.SZ,20260420,2.0787,0.97,172.1733,1.8631,274049.2531,232173.9447
688591.SH,20260420,2.7283,0.71,66.3896,3.4707,845009.8114,591215.1196
600399.SH,20260420,3.6715,1.38,,2.1537,1187204.2,1187204.2
600015.SH,20260420,0.9152,1.22,4.2128,0.3629,11458748.497,11078801.2678
920274.BJ,20260420,10.2967,1.69,103.2421,3.8773,190320.0016,190320.0016
688289.SH,20260420,0.914,0.81,52.4565,1.4603,1039422.0828,1039422.0828
300823.SZ,20260420,2.8003,0.78,67.2921,2.2991,216252.4823,139987.3423
600586.SH,20260420,8.7984,2.12,,1.4706,807882.489,807882.489
301592.SZ,20260420,8.9579,0.98,142.0801,10.2407,897820.0,299595.1462
300545.SZ,20260420,6.0568,0.98,41.7424,2.826,603491.3175,389044.7745
920593.BJ,20260420,4.5793,1.78,186.2789,7.4739,538180.8206,457033.8634
603980.SH,20260420,3.1818,0.66,75.0322,1.0929,424374.5167,424374.5167
002342.SZ,20260420,39.9907,1.02,1071.9658,7.6559,1869120.0,1858781.43
000830.SZ,20260420,4.3014,1.46,20.2661,1.5711,2993589.4853,2993353.5564
003030.SZ,20260420,2.3478,1.04,133.5792,2.5027,254925.54,162185.2916
000156.SZ,20260420,0.9263,0.83,30.2304,0.9359,1410081.5884,1293605.5424
688657.SH,20260420,4.2078,1.38,65.5509,2.3529,333009.1259,208629.407
300098.SZ,20260420,3.0804,1.25,,3.5755,938402.4285,832541.3291
002181.SZ,20260420,27.8799,0.96,178.0462,3.8713,1639414.1417,1601966.3908
000927.SZ,20260420,4.3731,0.61,30.5709,1.8065,1760652.9095,1760652.0191
603657.SH,20260420,3.6873,0.9,247.3165,3.7852,356901.732,356901.732
603612.SH,20260420,4.5827,1.15,19.5082,2.467,1384232.2916,1384232.2916
603779.SH,20260420,1.799,0.72,,3.8245,209212.135,209212.135
688370.SH,20260420,0.9457,0.44,143.9433,1.3033,344826.3157,344826.3157
301106.SZ,20260420,4.226,0.73,31.6812,2.381,304608.5528,304608.5528
300126.SZ,20260420,3.1326,1.16,,2.3287,236479.0128,163887.8037
920578.BJ,20260420,4.6894,1.49,,5.7715,152728.7567,45931.0
301093.SZ,20260420,5.7647,0.98,262.3584,6.1131,1328883.743,1270066.7892
600827.SH,20260420,2.1407,1.68,23.2959,0.721,1470154.5284,1322066.7341
300718.SZ,20260420,3.5128,1.07,86.1783,12.745,2134776.1694,1385001.3258
600330.SH,20260420,3.0972,0.23,1350.4582,3.6762,2947908.2542,2947908.2542
300378.SZ,20260420,6.4513,1.39,70.0616,4.8651,1145405.6189,1136794.5719
000708.SZ,20260420,1.1397,0.98,14.3446,1.9733,8504461.535,8504423.6225
603501.SH,20260420,2.36,1.06,29.2357,3.6186,11827044.8468,11351194.811
603399.SH,20260420,10.6424,0.6,,3.923,650609.1242,650609.1242
301616.SZ,20260420,2.9375,0.71,20.8111,2.91,415520.0,147518.9025
603288.SH,20260420,0.9669,1.03,33.4974,5.9575,23577002.6994,22403659.5918
300158.SZ,20260420,2.6592,0.51,,1.674,605304.8642,604928.7296
688017.SH,20260420,5.0846,1.21,309.3305,10.9245,3864049.0446,3864049.0446
002626.SZ,20260420,1.302,1.48,22.4573,2.4463,1082635.0776,1082501.9526
600816.SH,20260420,0.8604,1.04,395.4777,1.8015,2500489.8565,1389161.0314
688670.SH,20260420,2.3997,0.9,,1.9791,217694.4,217694.4
301179.SZ,20260420,21.1866,1.12,76.0336,4.522,1136385.2689,667390.3117
002909.SZ,20260420,6.3945,1.28,,2.965,255840.0,249540.3087
688638.SH,20260420,6.0385,1.4,,3.0105,244496.0,115528.8221
002043.SZ,20260420,2.962,1.89,16.4444,3.5727,1186548.9064,1154758.3562
688563.SH,20260420,3.6054,1.4,51.3359,2.6433,2752650.0,715621.6702
000833.SZ,20260420,14.3932,1.16,44.0016,5.3624,2111882.4879,1194597.4345
600833.SH,20260420,2.7483,0.87,44.6194,2.2188,257664.7308,257664.7308
603680.SH,20260420,4.0294,1.4,20.7192,1.9074,1045480.8352,1045480.8352
002188.SZ,20260420,5.6652,0.53,80.5561,6.5859,213598.8232,168058.0436
000778.SZ,20260420,7.0029,3.91,19.8753,0.7137,1882511.5854,1849422.1853
920027.BJ,20260420,5.3646,1.5,33.7798,3.2523,148744.173,79258.173
300593.SZ,20260420,7.1438,0.96,,6.7459,1610135.456,1336382.071
603530.SH,20260420,8.1292,0.96,60.981,14.6572,2632412.5384,2606680.1919
688357.SH,20260420,1.9681,1.23,36.8253,2.08,362817.1068,362817.1068
301389.SZ,20260420,12.6379,1.2,161.377,7.5221,1672366.5,498872.8083
002107.SZ,20260420,11.9034,0.53,40.5876,6.5728,444451.392,439973.3923
001979.SZ,20260420,1.3976,0.65,76.6172,0.8033,7843947.9888,7319817.6746
688472.SH,20260420,3.0459,0.92,47.6589,2.0724,4867235.1896,1800466.2664
603626.SH,20260420,8.6795,1.02,,6.217,1326162.4591,1326162.4591
688347.SH,20260420,5.4035,1.26,603.2621,5.0309,22719540.9235,5331331.25
688283.SH,20260420,4.1948,1.38,113.4462,5.3818,530560.8,530560.8
002635.SZ,20260420,9.6818,0.97,99.6536,1.9035,1108273.7837,664495.6231
002463.SZ,20260420,5.9524,0.83,49.3387,12.4787,18858762.6626,18843542.7628
603959.SH,20260420,8.1364,0.82,,144.0721,342228.6964,342228.6964
688361.SH,20260420,4.2465,1.85,1032.972,11.6465,5961529.1099,4713583.7901
300624.SZ,20260420,7.625,1.44,,12.9838,1402075.0216,1241783.2824
000839.SZ,20260420,1.9995,0.72,,8.1275,1246504.7799,1246504.7799
300274.SZ,20260420,4.6023,0.8,20.8226,6.0136,28029818.4525,21496999.2442
301356.SZ,20260420,2.1063,1.17,51.3785,1.5474,464400.0,117841.5
600152.SH,20260420,36.6135,1.08,,4.4274,737007.5694,737007.5694
300049.SZ,20260420,3.5308,1.49,99.3601,7.739,1531030.7502,1349973.1738
600540.SH,20260420,5.2751,1.03,,6.5045,283711.9565,283711.9565
300741.SZ,20260420,4.0494,0.62,127.6538,1.576,1069783.56,1069777.7411
002686.SZ,20260420,12.9239,0.9,392.2926,2.9222,479604.5457,442754.519
300810.SZ,20260420,7.7474,2.13,,5.2877,412820.85,398673.6491
920876.BJ,20260420,6.3961,1.55,245.8769,6.3323,162377.0673,99298.07
600927.SH,20260420,2.163,1.01,33.3149,1.6025,2101822.2229,2101822.2229
688157.SH,20260420,3.9763,1.0,282.7681,4.5739,617902.766,617902.766
002587.SZ,20260420,2.8159,0.91,,3.2291,429367.5988,351047.7955
920199.BJ,20260420,9.0609,1.47,615.0681,4.644,244309.8526,136045.0637
603327.SH,20260420,18.5495,1.06,113.1561,4.6805,1119686.9746,1119686.9746
601311.SH,20260420,5.0612,0.75,16.2744,1.2312,1213033.086,1213033.086
002512.SZ,20260420,10.0024,1.16,,12.0613,468361.0821,460764.2002
600966.SH,20260420,2.3208,1.06,61.015,1.2247,903706.7387,903706.7387
600358.SH,20260420,6.7999,3.52,,58.0853,314575.5392,314575.5392
002893.SZ,20260420,5.5738,0.81,33.3646,2.2478,273394.68,210281.4269
300648.SZ,20260420,2.0121,0.81,,6.6276,902603.3706,687185.6778
002382.SZ,20260420,3.0521,0.7,,0.9568,737231.2395,731421.5202
002243.SZ,20260420,1.4712,1.05,61.0623,1.4761,1079858.9633,1074094.9227
688147.SH,20260420,6.598,1.19,145.8473,10.7422,3104058.6241,3104058.6241
002983.SZ,20260420,3.486,0.85,40.2064,4.1331,553788.6521,317318.0146
002668.SZ,20260420,1.9135,1.23,9.0231,2.8601,1013644.1852,1013644.1852
920694.BJ,20260420,2.6686,1.44,26.9357,2.7302,242118.1765,114544.9784
600960.SH,20260420,2.9919,1.15,,1.3659,504723.7401,504723.7401
601099.SH,20260420,1.3081,0.85,79.0439,2.6182,2603832.8533,2603832.8533
603293.SH,20260420,37.3029,,43.7997,3.816,1087975.7474,213211.3043
600526.SH,20260420,2.6685,1.69,16.7067,1.0673,477233.4251,468804.8342
300938.SZ,20260420,22.2255,1.57,60.8393,6.4104,1194593.0833,1036863.9077
002968.SZ,20260420,3.8396,1.67,28.4696,2.1739,270854.5063,254974.7152
300793.SZ,20260420,1.7038,1.21,,1.8478,552552.2475,540270.5055
002378.SZ,20260420,18.8995,1.33,138.6552,17.2254,4024749.1811,4003656.5862
600488.SH,20260420,31.1839,0.8,429.5149,2.3152,699899.3619,699899.3619
301666.SZ,20260420,41.5763,,,45.2296,10381513.1516,631062.4471
001268.SZ,20260420,9.8936,1.93,45.1718,3.5544,364922.6023,212777.6023
601198.SH,20260420,0.5941,0.63,19.8705,1.3811,4176319.6118,4176319.6118
600276.SH,20260420,1.1138,0.6,48.494,6.1029,37393984.0901,35939298.8117
605333.SH,20260420,1.6856,1.31,18.6256,3.5813,1223210.5102,1223210.5102
002035.SZ,20260420,2.6961,0.72,12.3268,1.4154,538260.0474,496593.9185
605081.SH,20260420,0.1786,0.05,,0.9127,81424.6448,81424.6448
301317.SZ,20260420,17.194,1.06,25.0696,7.3815,992969.23,329726.7624
301306.SZ,20260420,26.0501,1.09,,16.5403,1513967.2,1045785.4
688348.SH,20260420,3.8832,0.93,,2.4601,843585.5941,843585.5941
002114.SZ,20260420,5.9305,1.68,,3.5122,296876.8551,296872.7755
688590.SH,20260420,3.7914,0.69,,2.5742,417208.4667,417208.4667
002301.SZ,20260420,2.3829,1.15,108.3728,1.5661,483997.623,481771.4396
603639.SH,20260420,2.1427,0.67,23.7173,1.2987,458738.4856,445920.3768
600130.SH,20260420,2.7814,1.05,667.0543,3.6418,350250.0,350250.0
605377.SH,20260420,1.9836,1.14,19.6342,1.3641,523826.7222,523826.7222
300094.SZ,20260420,2.5643,0.86,,3.4411,354244.5174,347132.4633
300862.SZ,20260420,2.1873,0.77,,2.1232,422590.3777,346717.135
000692.SZ,20260420,3.1942,0.88,,,231249.5116,231249.5116
600299.SH,20260420,7.4096,0.96,35.1851,2.0613,4062228.84,3537427.7791
688408.SH,20260420,5.0222,0.97,,2.2006,903208.648,903208.648
300596.SZ,20260420,1.5297,0.85,19.6742,2.0824,992645.8204,964222.6315
688548.SH,20260420,5.1402,1.49,121.1823,5.78,3467379.3132,1816497.2573
000659.SZ,20260420,3.6955,0.9,,31.2346,530995.1408,530995.1408
300076.SZ,20260420,19.7469,3.32,,2.1827,196312.0,196312.0
600658.SH,20260420,3.518,0.58,,1.0027,555936.7674,555936.7674
002697.SZ,20260420,2.3266,1.11,15.4202,1.4594,719440.0,605884.9923
002376.SZ,20260420,1.6128,0.92,77.0518,1.5254,580362.7794,559417.7473
300661.SZ,20260420,4.8067,0.79,87.9779,9.0595,4812915.0032,4645033.0792
002515.SZ,20260420,8.6592,1.08,142.362,2.9631,773582.4508,773573.1917
002906.SZ,20260420,8.601,1.95,21.8938,2.4459,1711236.0737,1710237.0206
600939.SH,20260420,1.2046,0.81,,0.7275,546010.3089,546010.3089
603103.SH,20260420,28.7906,2.25,94.4451,12.1451,1503688.2,1503688.2
301048.SZ,20260420,8.3548,0.94,28.0527,2.1589,592000.074,592000.074
603686.SH,20260420,3.2101,1.0,55.2449,2.334,791810.35,791810.35
603879.SH,20260420,3.2271,1.03,,7.6518,196202.0642,196202.0642
300196.SZ,20260420,9.3698,0.56,23.9267,1.6509,781060.7019,471875.6242
002768.SZ,20260420,2.8,1.02,18.4412,2.343,1551437.5,910252.8438
301566.SZ,20260420,9.3662,1.9,61.684,6.5111,936823.42,485966.8923
688306.SH,20260420,2.276,1.45,954.5785,6.3195,1166868.66,1166868.66
002135.SZ,20260420,5.1333,1.04,106.9511,1.3241,834409.9324,780815.4197
003013.SZ,20260420,1.7032,1.1,13.1603,1.6746,612807.8753,531929.627
000526.SZ,20260420,2.4475,1.06,16.226,3.8248,381425.2712,373908.1067
600353.SH,20260420,8.7767,1.45,85.0677,7.2497,1374440.6518,1372511.2793
600750.SH,20260420,1.631,1.27,19.082,4.2912,1730139.3727,1711281.5635
002921.SZ,20260420,13.19,1.73,,2.7586,365125.7813,314957.4951
002328.SZ,20260420,31.6314,0.82,64.6911,2.9047,965484.27,714060.6619
002024.SZ,20260420,0.9729,1.08,208.7521,0.9608,1213684.558,1212181.0643
603806.SH,20260420,4.0893,0.85,58.3995,2.8151,4494867.4369,4494867.4369
000563.SZ,20260420,1.0197,0.88,11.9945,0.9071,1718294.0403,1718294.0403
600078.SH,20260420,8.3549,0.91,995.3927,5.0479,843308.8248,825565.7848
603210.SH,20260420,1.2624,0.87,27.8827,3.0844,563362.0,385081.2625
301080.SZ,20260420,3.6613,0.67,45.9628,3.0051,794094.0513,598492.134
603663.SH,20260420,7.7192,1.65,268.4243,15.5911,2061469.7825,2059132.1825
600815.SH,20260420,7.4116,0.6,,4.9357,716734.1699,716734.1699
002050.SZ,20260420,3.9592,1.01,47.5809,6.0889,19331616.0174,16925203.4666
688560.SH,20260420,21.6877,3.1,,1.3215,342213.2606,342213.2606
002863.SZ,20260420,1.9708,0.79,42.1325,1.1729,332713.3725,332713.3725
688727.SH,20260420,5.3542,1.06,219.5997,8.9824,2253787.1136,252019.7156
002743.SZ,20260420,2.1373,0.86,93.5969,0.7036,231998.0988,231626.3313
601700.SH,20260420,3.741,1.47,225.4937,2.4297,616067.6993,616067.6993
603378.SH,20260420,4.0982,0.95,,2.3877,238299.733,238299.733
002919.SZ,20260420,1.7795,0.76,,6.4784,532252.5538,527983.1755
601319.SH,20260420,1.7232,1.11,6.9684,1.052,32504633.0785,26090851.0885
600610.SH,20260420,3.1428,1.01,195.8335,82.6802,993071.5588,656989.6555
002215.SZ,20260420,1.7204,1.09,14.8191,2.4056,996596.7395,796568.7257
600694.SH,20260420,0.7687,0.78,11.5966,0.6596,579898.5824,579898.5824
600121.SH,20260420,6.6831,0.93,,5.4179,508077.8198,508077.8198
920367.BJ,20260420,9.3429,0.8,97.1071,2.9454,141722.5,83985.156
000752.SZ,20260420,0.8937,0.28,17.8037,4.2607,261912.1816,261912.1816
301272.SZ,20260420,3.0165,1.27,61.9836,2.4313,245183.1393,131297.7435
603014.SH,20260420,1.8924,0.9,32.5942,2.2083,1572008.5504,148139.2703
301606.SZ,20260420,2.9504,0.65,44.1647,9.204,3111823.545,1237490.9775
601162.SH,20260420,1.6886,1.02,58.4749,1.4197,3858336.3446,3293022.6915
603216.SH,20260420,10.587,0.66,89.8073,3.8422,688334.79,688334.79
920808.BJ,20260420,17.0024,2.21,475.9109,23.2224,1756000.0088,1708343.7316
601881.SH,20260420,1.5271,0.99,11.2316,1.1925,14061641.3012,9315035.0632
002837.SZ,20260420,14.6084,1.51,236.9671,35.6895,11824138.4376,10294160.6968
600503.SH,20260420,1.6219,0.89,,1.0503,373333.57,373333.57
688008.SH,20260420,4.065,0.86,84.5536,9.4545,18902545.5248,17730632.5738
603181.SH,20260420,1.0449,1.05,19.7716,2.6633,888937.0,888937.0
688669.SH,20260420,11.5625,2.24,,2.8079,332210.6685,332210.6685
300242.SZ,20260420,4.2114,1.04,,12.4341,309028.3941,309028.2256
002366.SZ,20260420,2.6314,1.43,,3.3546,1531570.103,1361862.6232
600031.SH,20260420,1.2367,1.03,21.7844,2.0736,18316448.8385,16880984.9537
603033.SH,20260420,4.2155,1.42,,4.0251,1171401.7973,1150235.2364
603499.SH,20260420,4.9387,1.33,52.9009,7.7347,676298.4617,676298.4617
603201.SH,20260420,1.5785,0.75,12.3531,1.8327,316886.1763,314175.7097
002541.SZ,20260420,5.1495,3.91,22.1598,1.4012,1398667.2015,1005740.1555
002478.SZ,20260420,6.1278,0.96,15.9428,1.6609,980975.8043,787046.3685
002679.SZ,20260420,2.6584,0.65,173.3574,3.4297,251551.652,251551.652
603313.SH,20260420,2.5264,1.61,28.0264,1.235,455328.3342,455328.3342
688605.SH,20260420,3.5279,1.07,70.1328,8.0619,1324778.5374,709270.4246
301047.SZ,20260420,2.0171,0.67,61.0506,1.697,901936.4419,886690.3047
002176.SZ,20260420,6.7236,0.7,,5.6386,1914497.3019,1914153.4482
300829.SZ,20260420,2.5749,0.77,60.2118,1.695,409549.7428,285156.4647
000970.SZ,20260420,1.9955,1.05,163.7501,2.2944,1495342.7008,1495342.7008
600692.SH,20260420,3.5861,0.85,183.2994,2.7263,263823.048,191257.8878
603113.SH,20260420,5.1263,1.04,269.8823,0.7402,594791.9218,594791.9218
688237.SH,20260420,5.2019,1.4,388.5668,4.0685,492084.8706,492084.8706
000821.SZ,20260420,3.1788,1.0,25.6175,1.6771,718797.4938,697766.9817
002782.SZ,20260420,6.2589,1.21,38.1524,5.1557,1143197.05,1121385.266
920116.BJ,20260420,14.8815,2.01,169.5809,29.129,1709912.05,1642489.45
000567.SZ,20260420,2.3557,0.61,,1.9537,1053525.1715,1050997.2707
300402.SZ,20260420,3.6222,1.38,88.4296,3.19,478526.7737,472376.2657
002849.SZ,20260420,3.8235,0.8,101.6996,2.8978,396479.3268,347840.474
002358.SZ,20260420,6.0741,1.27,70.3077,2.1328,715912.8723,715911.8905
300141.SZ,20260420,5.5801,0.95,,5.3126,351442.1898,347208.9299
600010.SH,20260420,5.6613,0.85,349.099,2.5061,13043122.3722,9037669.9067
600861.SH,20260420,1.3244,1.35,7.9407,1.2861,918800.9413,594950.9783
300560.SZ,20260420,3.8588,0.78,,3.8338,371954.924,302695.9869
601958.SH,20260420,5.2094,1.52,20.4245,3.4111,6443528.9868,6443528.9868
000701.SZ,20260420,1.9979,0.82,,,391631.4801,391299.5258
601208.SH,20260420,8.4004,1.03,158.1052,6.1558,3601302.1918,3601302.1918
601026.SH,20260420,3.545,1.01,58.4236,4.8219,1229781.0,207174.8119
002425.SZ,20260420,1.5243,0.77,,1.0784,311872.8115,311675.8527
688271.SH,20260420,1.3192,1.38,50.1402,4.3841,9465454.4922,9465454.4922
600592.SH,20260420,2.9141,1.29,106.8476,3.2206,819084.8206,819084.8206
600997.SH,20260420,2.1467,0.95,,0.6629,903458.1152,903458.1152
603176.SH,20260420,2.8772,1.17,,2.3981,259954.755,252613.468
600216.SH,20260420,3.6749,0.69,16.2405,1.2961,1418415.6813,1403299.4756
600419.SH,20260420,3.135,1.89,71.8753,1.2282,298158.9562,298158.9562
603758.SH,20260420,3.5779,1.51,40.3824,2.1801,565609.3962,565609.3962
688648.SH,20260420,2.0403,0.84,11.4241,3.2877,719032.0,367599.4212
000010.SZ,20260420,7.7014,1.07,99.3095,13.7333,448364.3939,338575.4327
603218.SH,20260420,3.7234,1.7,27.4203,1.4797,1512540.955,1509157.215
301312.SZ,20260420,20.2616,0.92,166.8747,11.5216,1419388.5084,709254.5364
600036.SH,20260420,0.5561,0.9,6.6954,0.9179,100551524.4112,82247601.4384
603790.SH,20260420,5.0158,1.83,75.3712,3.4269,431899.52,431899.52
600853.SH,20260420,2.1144,1.42,10.0239,1.1887,405478.4184,405478.4184
002596.SZ,20260420,3.6618,1.32,,6.1135,408538.6644,408162.9954
603658.SH,20260420,0.927,1.0,17.7186,2.2239,1945129.9103,1945129.9103
002912.SZ,20260420,3.9684,1.03,67.1341,2.7145,465982.208,442703.1175
002227.SZ,20260420,9.9911,1.05,,2.2246,212369.8877,210767.8085
300822.SZ,20260420,1.9428,1.21,361.0802,3.5544,439577.5782,407753.6542
601188.SH,20260420,1.6195,0.81,25.3181,0.9512,425583.1923,425583.1923
300983.SZ,20260420,1.0897,1.2,,1.9124,529113.6,467904.9488
301122.SZ,20260420,2.7842,0.68,967.8118,2.1061,376638.8723,233048.8673
002010.SZ,20260420,2.2525,1.11,30.0829,0.9344,1658418.5448,1654236.5136
601611.SH,20260420,4.5261,1.12,25.385,2.0041,4354990.4363,4354990.4363
600693.SH,20260420,22.6772,1.68,228.0913,2.9292,1043815.4952,1042743.3384
002940.SZ,20260420,55.4751,2.9,74.278,5.1,802878.1803,737396.3587
000039.SZ,20260420,3.925,1.56,279.614,1.3328,6174435.8408,2635111.1764
002508.SZ,20260420,1.8147,1.96,11.9925,1.6103,1837906.1916,1815758.2257
603020.SH,20260420,1.5841,0.95,24.1177,1.3293,439573.7268,439573.7268
688809.SH,20260420,10.8113,0.93,131.2534,12.8241,5223571.8574,981864.6169
300515.SZ,20260420,3.1702,1.74,20.4053,4.0204,374061.681,366801.998
688562.SH,20260420,2.9556,1.08,,4.7263,815600.0,352787.78
301338.SZ,20260420,13.398,0.92,130.2783,12.2919,1924669.6,1069964.35
000911.SZ,20260420,5.7731,0.96,46.7572,19.5757,234987.7332,234987.7332
601555.SH,20260420,0.727,0.74,11.8155,0.9851,4099179.8405,4099179.8405
002980.SZ,20260420,42.3047,1.31,158.1094,13.6873,1477329.048,790841.5632
600425.SH,20260420,2.0578,1.11,23.5727,1.0066,651509.705,651509.705
002606.SZ,20260420,12.3886,1.14,32.0018,3.0068,547085.2321,524743.0005
920703.BJ,20260420,2.2586,1.32,23.2688,1.8675,210862.876,106694.9407
002543.SZ,20260420,1.6274,0.87,9.2446,1.2477,631316.4,561707.7415
002642.SZ,20260420,1.9943,0.86,263.7627,4.4431,527941.0898,527941.0898
688123.SH,20260420,7.1666,0.72,52.1641,7.2311,1896561.9203,1896561.9203
688777.SH,20260420,4.3976,1.66,125.5087,5.642,5649093.2228,5620601.6811
600824.SH,20260420,1.1673,0.98,224.2955,1.7392,419502.7751,419502.7751
600011.SH,20260420,2.5051,1.44,7.5279,1.6706,10847382.5111,7599417.554
301208.SZ,20260420,1.7727,0.8,65.1713,2.7545,423120.2116,232970.0836
600305.SH,20260420,0.7541,0.93,57.0806,2.4391,819895.4022,817314.2769
600292.SH,20260420,6.1172,1.26,128.0616,4.0055,6815600.8488,1214951.0808
920781.BJ,20260420,2.911,2.12,,3.3654,121489.7044,80265.5379
600406.SH,20260420,2.9315,1.22,27.3734,4.4454,21878503.7689,21814271.8653
000055.SZ,20260420,1.9857,1.07,,0.6626,368338.8599,231818.0691
000997.SZ,20260420,3.9924,1.22,19.6317,3.0299,2177147.4193,2164987.2298
000049.SZ,20260420,3.7192,0.68,25.4662,1.5958,1063140.908,1062854.3586
301213.SZ,20260420,6.8985,1.3,,7.3615,577599.9928,373353.7738
002440.SZ,20260420,3.0348,0.67,45.9998,1.3929,1322947.8882,1113864.1534
920892.BJ,20260420,3.1981,1.8,24.433,5.9861,263022.489,232916.3295
605196.SH,20260420,2.44,0.79,85.5135,7.7422,2555371.8772,2525318.8678
002534.SZ,20260420,4.5279,0.85,35.2505,2.744,1538956.6609,1519492.8172
600881.SH,20260420,1.0974,1.09,,2.9916,507447.7051,507447.7051
688231.SH,20260420,4.5317,1.2,112.5357,3.0639,845732.5719,845732.5719
003037.SZ,20260420,1.5685,1.21,50.8792,1.5404,431932.8428,431932.8428
688386.SH,20260420,2.3204,0.95,69.2496,5.311,782826.8009,715169.0
603111.SH,20260420,0.6214,0.86,16.2155,1.4867,589628.9796,583368.9597
002984.SZ,20260420,1.3664,0.83,12.4794,1.3923,1841443.6887,1268613.4391
600372.SH,20260420,1.8596,1.06,60.7512,1.7081,6484121.4842,6484121.4842
301098.SZ,20260420,2.8277,0.83,,1.3301,158920.3403,129331.5803
603120.SH,20260420,2.9593,1.03,40.3091,3.1467,358797.6,150425.1
301469.SZ,20260420,6.098,1.27,44.3029,2.2574,310943.0,160053.9304
688012.SH,20260420,2.379,0.94,93.0932,8.6468,19656381.0147,19656381.0147
600971.SH,20260420,4.2059,2.12,,0.7623,896403.6483,896403.6483
300992.SZ,20260420,13.7076,1.03,181.0512,3.6763,317982.0816,258470.6741
002192.SZ,20260420,15.8708,0.78,76.6862,6.0543,2137741.2863,2133315.843
688373.SH,20260420,2.8346,0.89,,19.6033,402924.2253,371861.6675
300736.SZ,20260420,24.5783,1.38,,42.6591,349900.3761,342110.8582
688212.SH,20260420,2.9829,1.44,435.8859,3.8056,499608.0775,499608.0775
002022.SZ,20260420,2.0233,1.09,,1.1538,299352.0894,299309.5306
300236.SZ,20260420,5.005,0.99,89.0619,5.196,2677850.4974,2380210.6216
300949.SZ,20260420,3.5884,0.7,,3.5186,232740.0,133053.8234
301046.SZ,20260420,2.9223,0.67,183.1826,3.8732,449871.57,343679.167
603988.SH,20260420,6.0749,0.82,202.541,9.3763,620692.8,620692.8
688578.SH,20260420,2.1552,0.99,19.8852,6.1305,4337550.0,4337550.0
001391.SZ,20260420,0.7634,0.76,25.1292,2.4197,6495124.8117,808296.3386
300998.SZ,20260420,6.2018,1.1,,2.8446,358560.3672,281477.0361
001218.SZ,20260420,1.6565,0.98,24.8837,1.4627,332735.6326,237470.7265
603619.SH,20260420,6.3932,0.89,30.1623,3.5593,1536813.0444,1536813.0444
002439.SZ,20260420,10.1431,1.13,,1.7462,1893418.5204,1138800.5512
603037.SH,20260420,3.052,0.59,54.0124,4.0376,397445.8157,396290.1135
300078.SZ,20260420,2.4424,0.9,,7.6426,441559.5309,439780.0235
002946.SZ,20260420,2.3054,0.72,21.4243,4.1227,1566432.4985,1548284.8909
001267.SZ,20260420,18.2262,1.22,386.2424,20.8966,3402118.5498,2624249.2038
300465.SZ,20260420,2.7726,0.88,233.0406,9.8121,668730.281,668730.281
600689.SH,20260420,4.1103,0.98,240.9003,5.8497,274956.1572,208215.2676
301550.SZ,20260420,5.4615,0.82,189.6109,20.299,3659695.6,2232443.1157
603615.SH,20260420,5.9988,1.69,750.4698,4.1996,480738.16,480738.16
300346.SZ,20260420,8.121,1.52,109.3512,10.041,3496562.7723,3318653.6174
601857.SH,20260420,1.2851,0.94,13.357,1.3247,210108082.5351,185886545.3351
603707.SH,20260420,1.5744,0.59,23.5201,2.2793,1528399.0717,1528399.0717
601500.SH,20260420,0.6372,0.63,64.4006,1.0931,670691.2402,668026.3102
001205.SZ,20260420,3.6777,1.91,24.998,1.2479,275049.1702,243566.5645
300486.SZ,20260420,5.4799,1.53,,7.1212,1193826.6379,1193467.8286
920050.BJ,20260420,3.6609,1.66,23.8368,2.1172,222732.6882,59575.8244
688389.SH,20260420,1.0497,1.49,29.1498,2.5616,542462.9342,542462.9342
600977.SH,20260420,10.0886,1.38,233.8892,2.4547,2725820.0,2725820.0
601218.SH,20260420,11.434,1.35,45.2436,2.0611,611460.1461,611460.1461
300926.SZ,20260420,3.7057,1.06,12.9603,3.1363,1094051.8155,750628.4973
300046.SZ,20260420,3.2399,1.26,155.4745,6.7202,763286.7342,763286.7342
600053.SH,20260420,3.6636,1.22,,2.5427,653779.5264,653779.5264
300224.SZ,20260420,3.9491,1.2,45.9358,2.7451,1411872.5326,1406674.121
002514.SZ,20260420,2.5777,0.78,,25.3684,312494.8706,240450.8706
600880.SH,20260420,10.866,1.68,411.2727,1.9497,592585.9939,592422.3549
300140.SZ,20260420,2.082,1.03,22.696,1.4087,1977204.7562,650837.3575
301503.SZ,20260420,3.6001,1.52,23.3712,2.7319,291200.0,118227.2
688693.SH,20260420,32.6742,1.37,,8.4555,671926.3201,354769.3513
300654.SZ,20260420,8.6076,2.08,110.9187,4.8418,413354.9579,397703.2719
300288.SZ,20260420,1.6548,0.84,,3.9809,433240.8774,328921.9593
002437.SZ,20260420,9.0186,0.88,22.7776,4.0176,858499.2285,803129.1156
002783.SZ,20260420,2.2175,0.78,27.6697,1.808,473890.407,437667.7546
002732.SZ,20260420,1.4595,0.68,44.2901,1.6916,255221.7,253950.3294
002752.SZ,20260420,3.6714,0.62,19.9425,1.7259,612527.8794,611655.3155
603997.SH,20260420,0.887,0.57,36.744,3.1118,1666666.9718,1666666.9718
301526.SZ,20260420,12.6416,0.57,685.6625,6.3692,5230207.8526,1947892.9842
000998.SZ,20260420,2.201,1.07,88.1728,2.1914,1462100.8207,1307838.5749
300135.SZ,20260420,2.2447,0.77,662.9868,3.6462,344678.4,344678.4
600410.SH,20260420,18.8346,1.18,53.2897,6.7015,3178738.086,3178738.086
600654.SH,20260420,20.4489,0.74,232.0112,7.8508,1228732.5897,989543.3884
601566.SH,20260420,3.2028,1.3,17.6983,1.5247,621757.3963,621757.3963
688023.SH,20260420,2.6642,0.88,,2.2302,517777.6447,517777.6447
603496.SH,20260420,5.9512,1.08,272.6606,6.859,952622.4979,952622.4979
300177.SZ,20260420,2.467,1.4,,4.0418,610218.6341,497168.6658
603966.SH,20260420,7.6863,1.37,23.9932,2.707,562923.4322,561583.656
002739.SZ,20260420,4.378,2.22,,2.8323,2175132.0692,2162909.8214
300572.SZ,20260420,2.6047,0.69,,3.6715,650328.2261,521415.7668
002125.SZ,20260420,3.6718,0.63,39.1477,2.9271,893275.5002,893275.5002
003017.SZ,20260420,2.8384,1.13,28.4639,2.4559,263340.0,217217.8424
600748.SH,20260420,2.8819,0.98,,0.9616,1003442.2132,1003442.2132
000965.SZ,20260420,2.7354,0.72,209.7248,0.7398,402868.6149,402868.6149
603275.SH,20260420,3.979,0.63,36.751,2.4353,712617.1663,198957.2628
300838.SZ,20260420,3.1709,0.93,432.2232,2.1513,212348.142,156600.7526
600323.SH,20260420,1.2449,1.12,12.5494,1.6874,2363691.3763,2363691.3763
002088.SZ,20260420,4.844,2.52,22.6194,2.1053,546988.6767,539173.6089
600103.SH,20260420,33.1334,1.45,193.8239,2.676,1059911.0513,1046431.6392
920663.BJ,20260420,4.9124,1.34,26.3615,5.542,225035.9794,107968.9362
600192.SH,20260420,2.3969,1.02,,3.6811,373277.06,373277.06
300815.SZ,20260420,1.4877,0.93,16.739,1.9371,854979.84,837366.4042
600363.SH,20260420,2.1898,1.09,79.9559,5.7192,2447873.3951,2447873.3951
600743.SH,20260420,28.2781,1.18,,9.6011,607640.1264,607640.1264
603319.SH,20260420,5.548,1.17,76.4979,4.6619,1150734.8575,1150734.8575
603110.SH,20260420,5.9203,0.96,814.3246,5.2098,362610.5711,362610.5711
600667.SH,20260420,7.8146,0.73,35.7627,2.421,2095725.2624,2095725.2624
920278.BJ,20260420,3.2507,1.19,75.2864,3.7103,142392.0,60423.168
688416.SH,20260420,14.6638,1.5,,6.3645,807645.354,807645.354
002218.SZ,20260420,8.8492,1.0,,1.9734,795689.5842,784037.9847
603178.SH,20260420,34.633,9.32,,3.7295,452965.164,452965.164
920493.BJ,20260420,13.9869,1.59,826.0525,22.651,1009268.0727,740291.3605
600731.SH,20260420,1.8792,0.85,15.4334,1.1854,376033.646,364552.4335
603600.SH,20260420,2.5919,0.6,13.9532,1.602,366780.8187,333042.2177
301273.SZ,20260420,4.6673,0.97,,2.4565,226388.0627,173756.2877
002771.SZ,20260420,31.8267,1.7,,6.3582,384917.1235,320234.3919
920427.BJ,20260420,7.0591,1.83,,4.1813,130208.985,64296.8217
600594.SH,20260420,13.5409,0.63,,1.5093,362702.7492,362702.7492
603993.SH,20260420,3.0155,0.89,21.2904,5.2529,43302083.7962,35340744.5642
301037.SZ,20260420,3.7644,0.95,,3.2998,209381.7191,102404.6642
600060.SH,20260420,1.2203,0.72,12.1457,1.4019,2980556.6281,2969585.3588
603156.SH,20260420,1.2367,0.97,24.9319,4.4713,4019025.158,4019025.158
601598.SH,20260420,1.5585,1.01,10.9342,1.065,4397509.5022,3161529.2492
300275.SZ,20260420,1.682,1.31,71.1411,3.6819,347737.7218,306479.9804
920608.BJ,20260420,1.3906,0.84,31.2638,2.2141,106305.92,82357.8607
301630.SZ,20260420,15.3825,0.73,63.6276,5.1705,865520.0,216380.0
301500.SZ,20260420,9.2779,0.74,48.3196,2.9085,1388021.4474,355805.15
300598.SZ,20260420,2.0172,1.12,,5.5516,823445.7071,823215.1001
600577.SH,20260420,3.2844,0.99,47.7867,4.7575,2863106.1686,2863106.1686
688798.SH,20260420,2.4894,1.09,50.088,3.784,1587839.1398,924547.2076
920260.BJ,20260420,4.7279,1.12,25.5329,2.396,107484.9,102636.2037
601003.SH,20260420,3.303,1.23,22.5447,1.2913,1203839.3493,1171196.4924
601001.SH,20260420,1.5236,0.72,14.6358,1.5055,2830226.7,2830226.7
300832.SZ,20260420,0.9291,0.52,21.5902,4.0729,3561663.2524,3096593.2182
600400.SH,20260420,3.2644,0.98,,2.0042,467439.8578,467439.8578
688213.SH,20260420,3.0505,1.18,37.3358,7.1552,3738234.5533,3006050.051
301393.SZ,20260420,6.5443,0.62,54.513,2.6563,624996.0,243660.3329
600111.SH,20260420,5.9799,1.17,81.7186,7.46,18397070.0699,18397070.0699
605077.SH,20260420,2.7895,1.14,18.2108,1.5121,455181.091,449743.1
002517.SZ,20260420,3.3171,0.6,19.6515,3.7164,3796459.6268,3356907.0179
301220.SZ,20260420,4.4596,1.13,34.2656,2.57,450745.0475,311106.6149
301212.SZ,20260420,2.7119,0.74,183.5616,2.2111,296460.0,257343.75
300042.SZ,20260420,13.1659,0.62,363.3356,9.3409,986368.8,986277.9891
688450.SH,20260420,8.7813,1.23,,3.0958,290598.0,215441.7488
601136.SH,20260420,2.4525,1.77,42.7956,3.2866,4520934.1052,4520934.1052
002773.SZ,20260420,5.7163,1.28,19.9011,2.7148,2488487.8968,1855138.7123
600329.SH,20260420,0.9496,0.69,14.6573,4.3996,3123502.7079,2300114.4279
920541.BJ,20260420,2.9498,1.97,24.233,3.6779,172105.3,113383.8832
600336.SH,20260420,1.0828,0.82,,2.3509,568984.5303,568984.5303
603150.SH,20260420,3.2699,0.5,41.0551,3.0057,505375.496,505375.496
920547.BJ,20260420,3.9102,2.05,29.3013,2.5886,183809.808,89241.7344
601199.SH,20260420,1.1826,0.86,12.9033,1.158,523717.7635,523717.7635
600936.SH,20260420,3.3188,1.87,,6.8583,681778.7055,681778.7055
301629.SZ,20260420,11.5212,0.94,234.2414,10.4885,1222150.1282,562233.2256
003004.SZ,20260420,4.4476,1.77,,4.268,274157.3216,230215.0089
600161.SH,20260420,0.7105,0.47,27.2994,2.5376,2977921.3977,2977921.3977
002185.SZ,20260420,3.5762,0.95,58.6711,2.3375,4168632.8957,4167648.0036
002142.SZ,20260420,0.9353,1.73,7.2986,0.9622,21408841.3477,21396834.8406
002098.SZ,20260420,2.4104,1.5,16.3864,2.2198,322916.0,322905.8525
002337.SZ,20260420,1.4678,0.75,83.8731,2.758,363175.9178,362793.8602
002295.SZ,20260420,1.5136,0.94,224.9725,2.0248,273923.288,273571.342
600080.SH,20260420,2.6072,0.6,39.2227,1.9389,307201.4446,307201.4446
601908.SH,20260420,15.2048,1.21,,1.2563,1105888.1103,1105888.1103
300074.SZ,20260420,2.7399,0.93,,2.2788,224435.7408,223212.0264
600179.SH,20260420,2.0629,1.41,17.612,1.6132,1912650.1945,1745749.8797
920123.BJ,20260420,3.3495,1.53,38.4325,3.5803,148905.9,84949.9162
300937.SZ,20260420,4.1169,0.62,,3.5052,291496.3801,203018.4442
603960.SH,20260420,8.4965,0.96,144.8187,5.7046,637927.4907,637927.4907
603689.SH,20260420,1.7723,0.9,13.1746,1.1666,427485.7723,425562.7183
603002.SH,20260420,18.8232,1.0,392.1486,4.3723,1506056.26,1506056.26
600584.SH,20260420,4.4133,1.02,50.8619,2.7767,7961105.4219,7961105.4219
688606.SH,20260420,3.801,5.5,25.4462,1.1689,453882.8949,453882.8949
688621.SH,20260420,2.7115,0.9,35.9961,5.8352,705824.0,705824.0
300698.SZ,20260420,2.9733,0.82,114.9927,9.5523,491780.0,435063.6108
688602.SH,20260420,4.3951,1.02,,1.5562,423290.625,211570.8712
600712.SH,20260420,1.6597,0.84,,4.2542,321346.6624,317802.5389
300167.SZ,20260420,2.7829,1.42,182.2987,85.6302,246084.368,226820.534
600773.SH,20260420,7.7108,0.8,,5.0278,2159150.5967,2159150.5967
920790.BJ,20260420,6.5356,1.18,297.0896,7.1758,224029.4357,154205.0158
605398.SH,20260420,3.2509,0.82,668.3621,4.3432,447307.3259,447307.3259
603855.SH,20260420,0.6237,0.65,15.0968,3.1778,664896.67,660999.025
002824.SZ,20260420,21.5062,0.74,72.3543,3.9997,905530.4186,640203.3174
603278.SH,20260420,42.0821,6.93,,2.1547,432325.6309,432325.6309
300246.SZ,20260420,10.4667,0.97,,3.9623,453799.5936,362425.757
300314.SZ,20260420,3.3817,1.04,42.3795,2.9922,368928.0,184132.7949
688569.SH,20260420,3.1804,1.7,25.7933,1.4989,441768.0699,441768.0699
603325.SH,20260420,1.9881,1.07,13.6435,2.3127,613390.668,262082.5944
600805.SH,20260420,1.4266,0.76,120.2326,1.0426,443316.0314,442993.4667
688246.SH,20260420,2.8821,0.89,,2.0385,265402.6185,265402.6185
603766.SH,20260420,5.1361,3.23,19.31,3.2252,3113169.4446,3113169.4446
603408.SH,20260420,1.3103,0.8,12.4004,1.6072,537982.746,537982.746
000004.SZ,20260420,1.9833,0.24,,12.791,47259.7607,45084.7332
601628.SH,20260420,0.9123,0.88,6.903,1.7869,106360084.915,78358943.39
301042.SZ,20260420,1.8238,0.49,593.5904,6.3442,666906.014,631489.2103
002350.SZ,20260420,6.7681,0.84,112.6577,4.5244,746790.2703,730569.3756
600505.SH,20260420,7.7843,1.54,308.3111,3.969,484145.64,484145.64
688172.SH,20260420,2.8303,1.07,,3.1398,5760439.0214,3139960.2745
688449.SH,20260420,4.6095,0.8,155.7079,11.6153,2213520.0,1410898.2976
300750.SZ,20260420,2.094,1.19,24.9944,5.5252,197396465.536,184108762.4135
920056.BJ,20260420,4.1873,1.42,34.6909,3.5681,191321.9614,72236.3693
300315.SZ,20260420,1.7959,0.63,,2.6985,1334852.2245,1273432.6349
000938.SZ,20260420,6.6136,0.91,48.2075,5.5101,8125486.922,8125466.4668
001231.SZ,20260420,11.5328,0.76,37.4558,2.4475,241954.74,123087.2715
600887.SH,20260420,0.6904,1.0,20.1436,3.0288,16135995.0615,16055814.7183
002354.SZ,20260420,3.3589,1.25,,7.5221,966278.1189,949543.8669
300307.SZ,20260420,1.2498,0.95,54.0896,1.6424,526764.3846,517779.8276
300637.SZ,20260420,2.6159,0.75,237.7065,3.7962,278178.9041,277888.3586
001311.SZ,20260420,7.4271,1.67,36.5007,2.1855,1002945.1488,440101.3179
300576.SZ,20260420,5.4251,1.75,116.776,8.0051,1354827.2813,860354.8951
600697.SH,20260420,3.6833,1.34,,0.8459,188360.2808,183965.2018
300179.SZ,20260420,19.5631,1.18,138.0799,10.4837,1286682.6906,990677.9948
301207.SZ,20260420,2.8947,0.8,64.9592,2.083,1188231.3675,1187481.3926
002629.SZ,20260420,7.8612,1.3,302.1265,42.4975,283781.268,241261.1573
688557.SH,20260420,2.6108,1.16,30.4567,2.7004,333400.7911,333400.7911
002545.SZ,20260420,3.7393,0.91,29.2745,2.8705,2710811.2789,2462626.7197
688629.SH,20260420,15.0881,1.17,178.0607,35.0507,6384750.7094,2517695.201
002992.SZ,20260420,2.8085,1.51,,13.0135,954082.0496,833658.3731
000422.SZ,20260420,3.8142,0.7,19.3702,2.9201,1721646.5991,1674587.1751
300466.SZ,20260420,1.8938,1.16,,6.4933,468053.1396,392314.2696
600173.SH,20260420,22.6856,1.62,,1.5089,537988.7954,537919.6754
688484.SH,20260420,1.8805,1.32,66.0615,3.7648,1572945.1393,1572945.1393
300892.SZ,20260420,4.1167,1.15,114.1563,2.7027,283900.0,183292.9375
603321.SH,20260420,1.7366,0.78,55.1514,1.7906,257829.3176,254633.1426
600303.SH,20260420,4.2321,1.31,,2.0897,209182.8886,206734.8886
301525.SZ,20260420,2.4276,1.01,45.412,2.1381,697152.5891,365173.6482
000410.SZ,20260420,1.261,1.17,136.2198,3.0306,1790773.3541,1136299.1781
603833.SH,20260420,1.6939,1.03,12.6612,1.6708,3039672.8063,3039672.8063
600545.SH,20260420,12.3267,0.8,,2.4508,783105.5532,783105.5532
002676.SZ,20260420,2.2445,0.59,63.1286,3.7953,503280.0,503263.5448
600758.SH,20260420,7.6014,0.68,123.3536,0.9258,512942.7489,512448.4369
000524.SZ,20260420,4.2655,0.65,100.5394,3.0798,704389.2354,704135.6722
000566.SZ,20260420,3.222,0.84,,87.8928,718740.2798,718391.5407
920753.BJ,20260420,3.3523,1.51,48.2282,3.9223,158575.7089,63079.2107
920088.BJ,20260420,22.3164,1.04,81.8678,6.681,464048.7335,171591.4659
002320.SZ,20260420,2.4333,1.07,110.1239,4.7676,1906708.1167,1906708.1167
600499.SH,20260420,2.2827,0.92,25.8916,2.6911,3388852.2429,3388852.2429
002852.SZ,20260420,2.3423,1.08,14.3881,1.4965,336057.034,279227.5379
301586.SZ,20260420,2.4208,1.08,57.4467,2.8915,369240.9884,235454.2571
600871.SH,20260420,5.6525,0.8,77.4002,5.5103,5099445.3291,3644146.3224
002067.SZ,20260420,2.5187,1.29,115.1972,1.0808,715304.1187,648737.8687
601225.SH,20260420,1.237,1.47,14.3658,2.457,23772140.0,23772140.0
688800.SH,20260420,7.079,0.86,64.7758,8.4185,1989076.4938,1989076.4938
002398.SZ,20260420,1.6023,0.89,70.0966,0.9889,356697.3572,311454.1556
003010.SZ,20260420,3.3634,0.6,50.9948,13.7848,991346.55,720715.134
000958.SZ,20260420,0.8555,1.11,117.7001,5.3643,10562862.266,3273108.2002
000050.SZ,20260420,1.7739,1.44,123.6393,0.7595,2069423.5306,2069398.0811
300837.SZ,20260420,3.744,1.06,89.5364,2.6831,370019.7543,279693.5043
601990.SH,20260420,0.591,0.94,26.7148,1.4268,3255724.5683,2727907.1652
000048.SZ,20260420,5.1315,0.75,52.123,1.952,796483.9395,790592.0441
002075.SZ,20260420,1.2632,0.98,35.7647,1.5801,1031097.9592,1031096.3024
300669.SZ,20260420,2.7085,2.28,412.7143,7.71,673891.2244,638202.2797
301265.SZ,20260420,19.3021,1.57,150.5147,4.0905,854384.3732,475023.9663
600332.SH,20260420,1.1032,0.94,12.3987,0.9788,3698674.409,3198401.909
688485.SH,20260420,15.9626,1.07,,5.1648,648359.9555,382901.9171
600234.SH,20260420,11.7094,2.46,96.5172,11.5035,575183.4518,575183.4518
603881.SH,20260420,18.8756,1.07,204.3745,8.5398,2835434.0151,2835434.0151
002025.SZ,20260420,14.4772,1.08,200.3777,5.5505,3663842.8129,3651848.4718
002915.SZ,20260420,1.9935,0.89,,4.8456,719831.8395,618496.7566
000725.SZ,20260420,3.772,2.82,26.501,1.1672,15521573.4588,15227157.0869
600113.SH,20260420,1.7779,0.91,135.9741,7.8412,1958892.6457,1913566.3252
000543.SZ,20260420,2.8838,1.04,7.7117,1.0715,1840693.0248,1840693.0248
002898.SZ,20260420,0.2805,0.12,,4.7815,220176.0,126679.4638
002760.SZ,20260420,3.1753,0.89,117.8336,2.8624,237683.1419,237683.1419
002963.SZ,20260420,11.9475,1.96,,1.8485,238771.5688,181368.5798
688728.SH,20260420,1.5524,1.18,697.4837,4.4716,3513392.5871,3375996.5707
301668.SZ,20260420,5.7186,0.84,54.4186,5.6914,571450.0,126386.9367
300059.SZ,20260420,1.7367,0.84,26.3518,3.4661,31845135.9151,26875573.4556
600616.SH,20260420,1.4197,1.03,1632.8774,1.7234,333164.4651,333164.4651
300831.SZ,20260420,7.1663,1.0,555.9915,5.974,547520.0,315652.5346
920055.BJ,20260420,21.9643,1.43,16.7422,2.016,239496.0,53886.6
688126.SH,20260420,7.18,4.0,,4.0622,6874448.6574,5681850.0066
301011.SZ,20260420,4.4184,1.35,50.5002,3.629,348683.3344,331095.664
000661.SZ,20260420,1.3568,0.96,37.0016,1.5424,3548648.5648,3476247.127
301157.SZ,20260420,35.0835,1.2,140.281,4.4861,490800.0,168999.2499
301279.SZ,20260420,3.5306,0.85,59.8687,2.8371,386103.1836,299055.1836
000889.SZ,20260420,39.6986,1.0,,67.8041,481253.6336,447102.7335
688679.SH,20260420,4.9894,0.72,,6.4491,709543.9689,709543.9689
603177.SH,20260420,6.4729,0.6,202.0728,6.5577,237475.296,237475.296
002967.SZ,20260420,6.6366,2.16,33.8802,2.9336,1438340.8517,1235090.6416
688709.SH,20260420,3.3169,0.84,184.8697,9.5467,2839700.8889,988766.5332
688367.SH,20260420,6.6346,1.22,337.4709,5.7207,340246.3218,340246.3218
600017.SH,20260420,1.2352,0.66,18.4632,0.6544,913469.2047,913469.2047
688570.SH,20260420,0.341,0.77,79.3104,1.8038,775936.0,337254.4
300570.SZ,20260420,18.8021,0.91,104.4227,18.2835,3121858.7869,2641690.0085
601038.SH,20260420,4.61,1.28,17.5476,1.8599,1424782.2087,927802.2887
600313.SH,20260420,6.4807,0.86,103.376,3.6066,864062.2329,805155.8053
301081.SZ,20260420,17.2488,3.23,264.384,3.5036,378512.3462,363175.4601
688608.SH,20260420,5.3459,1.53,48.8957,4.1182,2904400.0355,2904400.0355
601519.SH,20260420,2.9041,1.24,,16.3597,2186086.84,2186086.84
002094.SZ,20260420,2.8855,1.1,205.4221,2.9776,435265.4559,434985.7359
301535.SZ,20260420,4.8921,0.91,68.3986,7.7175,856542.3537,341969.3817
603067.SH,20260420,6.7495,0.83,48.6571,7.2643,2523198.9834,2523198.9834
601677.SH,20260420,3.1136,0.87,10.9648,1.1334,2167461.6819,2122985.5509
001289.SZ,20260420,5.4219,0.9,28.6835,1.731,12982794.5027,7830123.7567
000685.SZ,20260420,1.4781,0.95,11.8794,0.9174,1649174.4904,1401929.696
002986.SZ,20260420,4.297,1.36,,1.3673,521146.4284,413819.133
920092.BJ,20260420,10.8064,1.47,,5.7028,201448.6265,106933.7408
920185.BJ,20260420,4.4641,1.32,39.7032,2.8254,3570503.2785,3506056.829
688529.SH,20260420,1.3836,0.99,,2.711,307761.994,307761.994
688616.SH,20260420,2.3361,0.93,23.5681,2.7502,244671.9535,244671.9535
603289.SH,20260420,6.3512,0.78,33.5197,2.407,350601.5125,350601.5125
000029.SZ,20260420,1.3878,0.96,202.0162,5.59,2019273.36,1779753.36
002016.SZ,20260420,8.7732,2.47,29.5621,0.9102,449048.0758,449048.0758
300760.SZ,20260420,1.5532,1.27,23.561,5.032,19168698.4391,19152222.6642
301603.SZ,20260420,30.5654,1.57,36.4409,5.3991,1249866.0,390531.375
301216.SZ,20260420,5.1563,1.06,,2.8025,1698238.4923,1604965.5892
601899.SH,20260420,1.5542,0.95,17.8821,5.0335,92588868.3138,71735443.7135
002887.SZ,20260420,6.791,2.65,30.2905,1.5684,359229.4905,255029.3595
002392.SZ,20260420,7.268,4.66,23.0691,1.5877,925011.3819,888795.8346
300573.SZ,20260420,2.6499,1.26,25.619,8.8223,1655513.5624,1273271.522
002713.SZ,20260420,6.7895,0.78,,,1360509.4131,752896.1883
000963.SZ,20260420,1.0324,0.64,16.3294,2.5028,6038115.9677,6035624.0964
600715.SH,20260420,1.1529,0.95,,7.5632,820090.407,578199.1927
300650.SZ,20260420,5.8926,0.81,72.5547,2.7447,396141.7848,279536.7046
301370.SZ,20260420,1.4518,0.75,50.2441,1.9696,493659.4,339612.2405
688173.SH,20260420,2.4332,1.07,,4.2417,608410.5876,604297.2881
002511.SZ,20260420,2.622,0.69,35.3686,2.0636,1126866.9642,1108153.6726
300061.SZ,20260420,1.9978,1.13,,10.3889,544328.7772,513912.1763
603367.SH,20260420,2.1832,0.46,17.1859,1.1693,723953.8523,723953.8523
002966.SZ,20260420,0.7585,0.91,7.2986,0.7957,3916299.9216,3851089.617
000758.SZ,20260420,3.5631,1.33,25.7487,2.3612,1407241.0305,1397150.2952
920106.BJ,20260420,4.1086,2.17,27.2434,6.6485,384666.0195,296722.2058
920225.BJ,20260420,14.0258,1.92,49.3279,5.6131,410582.6221,267800.2682
688379.SH,20260420,9.1459,1.21,27.1813,3.9607,520767.45,493938.9062
000507.SZ,20260420,1.6403,0.8,16.0658,0.8855,484700.2897,475540.7978
000757.SZ,20260420,1.8921,0.7,54.0005,1.5826,251974.7129,251974.7129
000876.SZ,20260420,1.5731,0.59,36.7197,1.6349,3966944.9838,3964503.1919
688087.SH,20260420,1.9793,0.87,24.031,2.5461,723048.0917,693950.6957
002747.SZ,20260420,2.4788,1.11,461.172,6.4599,2073992.0848,1676693.1178
600300.SH,20260420,3.2229,0.76,17.1603,1.5846,574085.4739,574085.4739
300788.SZ,20260420,27.5903,1.97,53.7592,3.1743,699377.2722,699377.2722
603788.SH,20260420,1.207,0.89,18.2349,1.7111,353558.1328,353558.1328
605259.SH,20260420,2.8116,1.01,14.7798,2.0397,366002.56,366002.56
002117.SZ,20260420,1.6944,0.82,37.0182,3.7269,533671.6531,533492.9328
920925.BJ,20260420,5.4123,1.67,115.0774,4.6667,174432.0168,97761.6537
002634.SZ,20260420,14.5649,1.02,,,261371.5799,254066.7721
000859.SZ,20260420,5.7936,1.4,,3.2261,877160.7693,877110.8403
688360.SH,20260420,2.2105,1.03,53.1176,3.4206,496633.091,475054.6039
688737.SH,20260420,8.2345,3.86,,1.9586,346497.9471,346497.9471
300286.SZ,20260420,3.6246,0.98,32.1592,2.9411,659814.4273,546656.1671
603883.SH,20260420,1.3257,0.66,24.8261,1.5514,1036644.0624,1036644.0624
300517.SZ,20260420,6.1173,1.52,1373.0022,2.3457,244504.7469,154017.8349
600638.SH,20260420,1.4847,0.82,24.7516,0.8737,402691.278,402691.278
300417.SZ,20260420,3.4787,0.78,,3.7456,171971.7696,111904.5402
002756.SZ,20260420,5.925,0.97,66.694,3.2591,4029244.91,2905372.8108
920245.BJ,20260420,3.1215,0.85,98.9194,3.653,127024.089,97155.6748
688022.SH,20260420,3.2934,0.87,83.0916,4.3098,294068.5577,294068.5577
002404.SZ,20260420,2.2456,1.2,21.7694,1.9554,392036.0787,318880.4017
600057.SH,20260420,1.6242,0.91,10.5089,1.4105,2272471.4712,1674008.1312
000921.SZ,20260420,0.9917,0.52,9.7783,1.7837,3115937.6348,2065800.2918
002496.SZ,20260420,0.254,0.07,,2.8694,319609.0115,250424.682
601018.SH,20260420,1.0942,0.89,14.454,0.9251,7470485.1452,7470485.1452
600749.SH,20260420,32.1068,1.14,157.6951,4.2802,460513.034,460513.034
002657.SZ,20260420,2.1634,0.92,,4.4181,768177.4567,759281.6164
001259.SZ,20260420,3.3941,0.93,477.6431,3.2753,233939.075,151143.9623
000981.SZ,20260420,6.942,1.54,,24.4092,4108960.535,3909989.3542
301032.SZ,20260420,4.7574,1.06,35.2273,2.6747,322636.4892,213909.773
000408.SZ,20260420,2.7303,1.29,29.0429,8.885,13588733.5972,13588590.8062
600117.SH,20260420,1.2571,1.6,,2.1121,849584.9777,849584.9777
000601.SZ,20260420,14.485,1.33,138.8921,1.8033,728010.8336,717876.4044
600919.SH,20260420,0.8234,1.83,5.9148,0.8121,20223159.5582,20223159.5582
300980.SZ,20260420,6.7928,1.14,111.6391,3.592,506008.9507,360421.4069
605266.SH,20260420,1.3527,0.82,22.716,1.1064,290540.7046,290540.7046
603326.SH,20260420,4.1868,1.25,16.0346,2.3632,279598.9907,279598.9907
688236.SH,20260420,2.6878,0.75,28.8793,2.6364,787082.562,591854.256
300638.SZ,20260420,3.5539,1.23,68.2015,3.7811,2366867.7014,1396140.9363
600660.SH,20260420,1.301,1.78,16.8596,4.1804,15700217.0885,12049965.7733
600016.SH,20260420,0.516,0.97,5.3147,0.2877,16243277.2642,13156447.712
601619.SH,20260420,13.6534,1.32,25.6111,2.323,1829221.9992,1528982.9556
300162.SZ,20260420,13.6631,1.43,,4.6368,414475.9096,338055.8386
301079.SZ,20260420,32.7416,0.96,,11.7786,556970.5124,355482.3425
601595.SH,20260420,3.1051,0.99,93.1564,6.6507,1137083.4,1137083.4
600398.SH,20260420,1.436,0.82,14.7011,1.7379,3184236.7062,3184236.7062
920885.BJ,20260420,11.3582,2.44,110.2402,9.1384,373583.1213,193556.4897
000883.SZ,20260420,4.0643,3.33,18.1094,0.9224,3433503.0006,3142598.9452
600408.SH,20260420,5.496,1.05,,2.351,319155.6,319155.6
688096.SH,20260420,2.6955,0.7,,2.1254,190960.1566,190960.1566
603269.SH,20260420,11.5534,0.86,46.3457,5.1663,492150.3182,492150.3182
301251.SZ,20260420,7.2929,0.67,115.394,5.7722,906185.1228,363265.6643
600055.SH,20260420,1.1362,1.6,,2.3452,1045451.7932,1045451.7932
001322.SZ,20260420,2.1265,1.19,104.4424,1.4883,703127.4719,571140.5056
002669.SZ,20260420,5.6617,1.57,,1.5549,422029.4,421080.4598
002510.SZ,20260420,2.0768,0.86,126.8117,2.8878,721763.6214,714446.1786
002041.SZ,20260420,2.6896,0.88,175.5421,2.5211,913440.0,913440.0
002370.SZ,20260420,7.5228,0.69,40.7951,4.9083,550302.6371,550302.6371
603339.SH,20260420,2.1812,1.71,27.2394,1.6324,425172.1745,425172.1745
603508.SH,20260420,1.8132,0.62,16.8717,2.3432,938316.2418,938316.2418
000878.SZ,20260420,3.9944,1.03,36.7656,2.8402,4784888.1109,3953143.8581
920768.BJ,20260420,6.5626,1.37,26.0094,1.987,140488.02,96841.7661
000888.SZ,20260420,3.1534,0.67,29.5865,2.4833,665491.2478,665491.2478
600725.SH,20260420,1.8348,0.85,,18.2076,510242.58,510242.58
002616.SZ,20260420,5.326,1.71,18.1211,1.4026,507796.8735,347200.8384
002875.SZ,20260420,9.7257,1.22,,7.5299,483761.3163,414313.4323
300034.SZ,20260420,3.3232,0.88,178.0801,4.1119,1557262.8941,1498828.8446
688636.SH,20260420,7.344,1.21,80.835,5.9163,826055.419,796230.1738
000620.SZ,20260420,5.2168,0.62,,3.7288,1667595.4714,1326776.6635
300130.SZ,20260420,2.7069,0.99,28.9328,3.0807,1356412.2031,1038079.9863
600851.SH,20260420,5.06,1.26,66.6684,2.2308,1041689.9252,637071.8729
920239.BJ,20260420,3.7377,1.47,22.9048,5.2136,569346.0359,561092.3319
301236.SZ,20260420,3.599,1.66,208.5951,3.1007,4241170.4802,3219050.8136
300403.SZ,20260420,2.8383,1.39,31.3108,3.3311,739278.0,523574.1991
301105.SZ,20260420,5.1147,1.31,,3.5528,296500.0,97474.3572
301611.SZ,20260420,11.2123,1.05,132.3893,25.276,4364796.0,1467439.2896
000885.SZ,20260420,2.794,0.9,7.0538,0.9191,871942.2703,871942.2703
605098.SH,20260420,5.0615,0.83,23.39,7.4056,748300.6525,748300.6525
301568.SZ,20260420,9.4083,1.05,51.7392,5.5468,578247.04,266556.416
301095.SZ,20260420,9.9279,0.96,159.2913,5.565,1745449.6819,1520805.2795
002400.SZ,20260420,9.6247,1.45,177.4932,3.1898,1596896.8092,1581166.7901
600984.SH,20260420,3.5758,1.05,,2.477,535500.7121,535500.7121
603605.SH,20260420,1.6692,1.09,15.0891,4.493,2381795.6881,2381795.6881
600986.SH,20260420,17.6261,1.23,196.523,3.2431,1680732.6901,1680732.6901
600848.SH,20260420,3.1144,1.06,24.2861,1.4099,2353480.3747,2233520.1507
603456.SH,20260420,1.9727,0.76,20.8681,1.723,1508500.4635,1508500.4635
000988.SZ,20260420,11.4013,0.82,78.6056,10.4559,11561270.1251,11555325.0842
603025.SH,20260420,6.6422,0.88,24.1902,6.3611,1886029.9116,1873396.1916
600023.SH,20260420,1.9295,1.39,10.3288,1.0111,7522299.0722,7522299.0722
002683.SZ,20260420,3.1116,0.87,33.446,4.5596,3201395.7704,2808213.5599
600212.SH,20260420,7.4995,1.42,178.9972,10.1891,549237.1661,414320.5661
000720.SZ,20260420,22.989,1.03,,2.6434,623239.6592,623239.6592
000969.SZ,20260420,3.6099,1.23,62.7647,3.9626,2290132.2855,2253566.3803
603585.SH,20260420,18.7033,0.61,37.367,1.7292,447587.1061,437785.4611
600728.SH,20260420,1.6664,1.07,69.304,1.5278,1204918.5825,1204918.5825
688362.SH,20260420,7.1438,1.16,236.9896,7.6376,1949008.8513,1949008.8513
300791.SZ,20260420,3.3661,1.41,18.2518,2.5683,630651.0592,526200.5457
002821.SZ,20260420,2.7203,0.53,36.235,2.3271,4103870.1588,3604923.2381
601127.SH,20260420,2.6315,1.32,26.3398,3.8345,15690059.6696,14025730.9517
000516.SZ,20260420,1.5739,0.78,,3.1126,1038848.0934,1023053.3088
000902.SZ,20260420,3.1875,1.28,11.8965,1.6278,1874572.6348,1707318.1128
603459.SH,20260420,42.2626,0.82,87.8369,11.9982,4741863.8221,497315.2387
600746.SH,20260420,14.3406,2.19,153.3971,1.8409,1003177.0374,1003177.0374
603773.SH,20260420,6.8907,0.37,,11.1837,1307742.4674,1307288.5854
301072.SZ,20260420,3.1268,0.93,,3.1992,239819.9838,153280.4442
600004.SH,20260420,0.655,1.05,16.925,1.1097,2291170.4476,2104012.5536
300901.SZ,20260420,11.0803,1.66,,3.581,346800.0,346800.0
920078.BJ,20260420,54.5843,2.49,41.1492,3.4342,336720.0,58084.2
301339.SZ,20260420,2.3103,1.14,35.6067,2.8586,786931.9819,772648.8
603808.SH,20260420,10.2657,1.3,,1.4942,389023.8934,389023.8934
688280.SH,20260420,5.2479,1.07,40.9792,8.8864,662818.932,584571.0748
920160.BJ,20260420,6.1752,2.11,35.1035,5.0838,271079.04,60992.784
600048.SH,20260420,1.5596,0.81,68.72,0.3706,7110443.3903,7110443.3903
000881.SZ,20260420,1.8182,1.32,,1.4042,733650.4324,701296.3044
300335.SZ,20260420,7.1599,0.69,73.0269,1.6766,321029.3371,258539.2351
300811.SZ,20260420,4.8934,1.02,65.0923,8.5883,2491878.9672,2043302.9307
603262.SH,20260420,2.8027,1.24,66.3517,6.6775,1024025.6,102420.48
601020.SH,20260420,6.1072,0.81,28.6712,6.0434,2585348.6928,2585348.6928
603578.SH,20260420,12.9239,3.46,,2.0605,318790.4882,245646.2776
000838.SZ,20260420,6.4201,0.72,,4.9625,203585.5015,194946.6832
603052.SH,20260420,31.2166,2.07,504.8852,15.8371,1722830.1787,1722830.1787
920168.BJ,20260420,8.757,2.25,21.4012,2.1108,171320.1786,64209.7174
300748.SZ,20260420,5.8195,1.31,65.6986,6.2772,4635735.9309,3808206.8054
001326.SZ,20260420,6.602,0.98,152.1439,3.362,407870.4,134303.7492
001279.SZ,20260420,1.2348,1.05,86.4169,5.0537,504320.0,126080.0
002126.SZ,20260420,3.104,0.85,43.6653,5.7405,4179832.9105,3920245.4029
301479.SZ,20260420,12.7365,1.35,52.2115,7.3322,959046.2897,549017.0239
920735.BJ,20260420,3.5,1.25,15.7904,2.8627,374120.6921,330881.8097
600366.SH,20260420,2.7206,0.89,42.3238,2.252,1400178.299,1400178.299
600350.SH,20260420,0.5982,0.6,15.5946,1.667,4998946.2331,4998946.2331
688320.SH,20260420,1.6509,0.87,,3.8526,472068.7262,472068.7262
688819.SH,20260420,3.0319,1.05,21.904,2.0428,3485950.6,3485950.6
688170.SH,20260420,12.8024,1.2,247.1502,4.9539,622640.64,622640.64
600601.SH,20260420,7.6888,1.67,106.3463,10.8607,5021647.8922,4900094.6122
603778.SH,20260420,18.5702,0.97,,24.0022,1760992.3762,1715142.8549
603927.SH,20260420,1.0442,0.95,58.9487,4.4778,1406950.72,1406950.72
920111.BJ,20260420,4.7886,1.41,32.6699,4.1963,391920.267,190177.8038
603107.SH,20260420,1.0414,1.28,25.7325,2.3074,488461.08,315915.9491
000006.SZ,20260420,4.3089,1.18,,2.45,1313545.1798,1313535.2552
600635.SH,20260420,1.7822,1.12,38.6858,1.8071,1606124.4632,1315822.6712
000797.SZ,20260420,2.0489,0.54,,0.9234,436669.6723,436619.1464
002251.SZ,20260420,3.365,1.16,,1.3989,1148074.7672,919105.5948
300909.SZ,20260420,4.3097,0.8,85.8127,3.5244,710745.9707,502165.2086
600622.SH,20260420,1.9918,0.7,,1.3158,386918.8337,386918.8337
603588.SH,20260420,5.6607,0.68,19.3118,2.292,2348827.5327,2348827.5327
002432.SZ,20260420,14.7097,1.05,19.7593,1.6823,3732825.6421,3519552.7264
688050.SH,20260420,1.5248,1.55,37.4033,3.5633,992738.4973,992738.4973
300592.SZ,20260420,6.3647,1.83,183.3225,2.4036,555188.2969,479017.6963
600684.SH,20260420,2.721,0.97,69.9506,4.087,517642.7644,399419.6184
920378.BJ,20260420,1.7976,1.65,55.6536,3.5984,142772.868,102248.9184
002815.SZ,20260420,5.3231,1.05,62.2647,2.1469,1924041.9141,1211564.3998
688068.SH,20260420,2.7707,0.65,,4.477,1114720.2706,1114720.2706
002862.SZ,20260420,2.0292,0.75,,7.2228,288960.0,217146.4155
300408.SZ,20260420,2.1125,0.83,46.4708,5.618,12167841.8085,11871385.2278
600819.SH,20260420,3.6765,1.83,52.072,1.8344,706195.3638,540381.8164
300580.SZ,20260420,16.5118,1.94,53.9712,4.5615,1500438.0901,1411633.7139
603086.SH,20260420,3.8711,1.83,20.7025,1.5694,339154.2515,339154.2515
300103.SZ,20260420,5.3089,1.43,,5.1979,252810.396,252600.4884
603982.SH,20260420,3.0134,1.07,,1.2227,286991.3901,266889.0887
603022.SH,20260420,2.9513,0.82,40.1844,2.5711,210800.0,210800.0
300009.SZ,20260420,1.2486,0.7,22.2784,3.9347,1637894.2938,1205642.2874
603079.SH,20260420,4.4454,1.87,54.0624,2.0959,330234.7531,330234.7531
300681.SZ,20260420,9.3563,0.83,38.8425,2.9134,900414.8103,678998.1898
002560.SZ,20260420,24.3747,0.71,49.7363,2.9512,802802.7964,691633.2751
300299.SZ,20260420,2.5419,0.87,,9.6028,412799.4508,412155.4048
002879.SZ,20260420,10.1366,1.98,33.016,2.5497,441637.1727,315306.4144
920267.BJ,20260420,4.0586,1.9,,4.0978,100515.6944,59680.5435
603352.SH,20260420,3.1695,0.7,37.2754,3.025,868813.3346,170270.9519
920057.BJ,20260420,1.5751,1.4,122.9446,1.611,115464.7202,73300.0225
300399.SZ,20260420,2.8006,0.84,,8.3808,422271.2,422230.0093
920076.BJ,20260420,10.8866,3.46,22.2695,1.8931,179814.1557,42487.0466
688201.SH,20260420,11.0697,3.13,210.8405,3.0599,400565.2696,382096.341
603387.SH,20260420,6.7546,0.55,23.4675,1.8205,489910.2974,489910.2974
300767.SZ,20260420,7.4039,0.61,,4.2789,650941.662,565185.1491
300758.SZ,20260420,4.0259,1.04,71.4509,3.2589,557963.6535,502919.1706
000528.SZ,20260420,1.7002,1.19,13.3418,1.0695,1953254.5614,1950540.017
300100.SZ,20260420,6.5371,3.17,36.2128,5.6484,1822337.6468,1755983.1211
920180.BJ,20260420,9.3084,2.08,25.9786,2.5896,201990.4087,60994.8005
688196.SH,20260420,6.379,1.27,45.8473,2.4412,779933.9549,735840.0
300483.SZ,20260420,9.6956,0.88,45.0753,2.2151,763210.7637,762970.8837
603370.SH,20260420,2.1544,1.14,44.182,4.1182,784650.75,156930.15
600367.SH,20260420,28.3881,1.89,54.9134,3.0843,763109.8278,720254.0081
301487.SZ,20260420,4.7032,0.91,383.6604,5.4828,1043329.3143,619242.3891
600251.SH,20260420,3.7738,1.55,25.1756,2.3261,877225.7552,877225.7552
002943.SZ,20260420,14.6625,0.74,,13.4005,1197985.0333,848782.5313
688343.SH,20260420,5.8376,0.98,,8.6119,3359774.3793,3359774.3793
688314.SH,20260420,7.79,0.84,39.1778,5.3876,386698.4587,386698.4587
002991.SZ,20260420,3.9246,2.08,18.677,2.8688,476519.3281,255261.1051
300428.SZ,20260420,3.7139,1.51,16.3074,1.6333,1450004.9846,1262149.9359
600935.SH,20260420,1.1406,0.53,,1.5827,941821.3707,918939.2747
002591.SZ,20260420,2.9471,0.75,,3.1405,206837.4445,154000.0863
600820.SH,20260420,0.7101,1.15,7.5794,0.6263,1933619.0978,1933619.0978
301169.SZ,20260420,6.2162,1.48,,10.015,438438.7021,438301.7671
000690.SZ,20260420,3.5506,0.98,11.1556,0.8303,1042250.2859,1041571.7886
000733.SZ,20260420,2.3599,1.17,27.7662,1.7228,2634521.475,2634166.3512
600551.SH,20260420,1.6294,0.97,13.5002,0.968,560751.6827,560751.6827
002020.SZ,20260420,1.4171,0.54,18.3429,2.3128,1307042.2345,1098983.9325
300757.SZ,20260420,6.9137,0.98,,52.4293,8773614.1784,7886070.1078
603011.SH,20260420,6.2579,1.19,,5.2385,1100072.1223,1100072.1223
300484.SZ,20260420,1.9617,0.88,67.0358,5.3682,362536.825,291117.0938
920183.BJ,20260420,13.3165,1.61,26.3405,4.2748,197080.752,45291.8035
605198.SH,20260420,13.2802,1.88,46.3328,5.5062,1530581.04,1239054.88
605050.SH,20260420,4.6421,0.88,17.2996,1.4831,649548.8606,649548.8606
300166.SZ,20260420,19.7549,0.91,,3.1723,1856155.5692,1476417.4261
600571.SH,20260420,1.4136,0.78,63.4148,5.3111,636524.4918,624831.0746
002091.SZ,20260420,1.8692,0.79,11.6463,0.9758,1507264.5252,1479924.5289
920914.BJ,20260420,5.1555,1.32,46.4851,2.6645,258058.418,257854.3768
300321.SZ,20260420,4.7787,1.31,284.7382,5.0399,319502.4,319127.8482
002861.SZ,20260420,3.0635,0.78,280.1496,2.6812,295260.0798,238016.8348
300668.SZ,20260420,9.1796,0.77,,9.1308,715787.0493,592779.7035
920058.BJ,20260420,4.88,1.2,32.4124,4.6821,162562.719,80023.7252
688339.SH,20260420,1.9262,0.63,,3.0245,608546.1649,495341.4111
002561.SZ,20260420,1.5223,1.01,,1.5584,338015.319,336939.368
002590.SZ,20260420,2.1989,0.92,30.8786,2.1609,659196.6458,628595.2186
688275.SH,20260420,5.5149,0.7,,3.3495,1715084.9783,1715084.9783
000513.SZ,20260420,1.2977,0.76,14.7542,2.1494,2985143.9089,1910085.9874
603136.SH,20260420,4.7345,1.56,32.3497,2.1527,297409.5077,297409.5077
688117.SH,20260420,2.2808,0.55,34.4149,5.356,570681.5562,570681.5562
600938.SH,20260420,2.0503,0.87,14.4674,2.2002,176621309.0045,11110840.0
300496.SZ,20260420,3.1789,1.16,59.1212,2.8377,2864614.2022,2291716.6948
600085.SH,20260420,0.5263,0.76,31.9755,2.7848,3803087.0365,3803087.0365
002953.SZ,20260420,2.8783,0.64,35.3973,2.8376,614966.1396,339818.5513
920839.BJ,20260420,5.4087,2.05,33.2866,6.355,421418.5466,231916.961
002138.SZ,20260420,3.9477,1.28,27.8219,4.6258,2840659.5611,2665148.6087
002840.SZ,20260420,9.3076,0.8,119.398,2.6959,1082122.4642,1074654.446
300370.SZ,20260420,1.5688,0.88,,8.5892,392909.4325,391928.9911
600088.SH,20260420,1.8337,1.14,,4.6654,585026.1144,585026.1144
300380.SZ,20260420,2.1945,0.85,208.6816,12.5116,484121.3579,445397.3039
002409.SZ,20260420,3.8431,1.06,44.7783,5.2693,4114870.704,2753947.6706
301538.SZ,20260420,7.3761,1.58,33.9845,4.6349,663028.8,264024.7576
600558.SH,20260420,2.1457,0.91,26.8501,2.0187,489194.6329,489194.6329
002208.SZ,20260420,9.5056,0.99,,1.5469,994475.3648,994218.4662
002254.SZ,20260420,4.1698,0.88,216.2026,1.27,896481.8134,889693.9533
601068.SH,20260420,7.3865,1.39,73.8826,6.3527,1903251.7021,1630459.2549
301057.SZ,20260420,2.0699,0.74,101.8465,4.9859,379331.8874,267829.521
300120.SZ,20260420,1.7518,1.05,,1.4438,430795.4468,395585.2515
603880.SH,20260420,3.5172,0.73,,7.3977,188166.342,188166.342
603595.SH,20260420,7.0066,3.11,,2.6845,408168.7245,408168.7245
300218.SZ,20260420,3.0876,0.72,24.1355,2.0235,317018.007,315979.8116
920119.BJ,20260420,7.9005,1.49,25.5441,3.6631,693104.5959,182366.7309
000560.SZ,20260420,5.7619,0.82,64.5688,0.7355,692517.2502,663245.9099
301555.SZ,20260420,7.524,1.3,46.5619,3.1136,343324.3907,179900.1173
688619.SH,20260420,3.8224,0.89,,4.372,295031.9248,295031.9248
300182.SZ,20260420,6.6324,1.17,178.229,1.8795,1579648.5998,1339528.9198
603956.SH,20260420,1.6715,0.86,,1.6542,327126.2082,327126.2082
600535.SH,20260420,0.8225,0.65,19.1449,1.7054,2115433.2071,2115433.2071
920305.BJ,20260420,10.1263,0.81,,1.6829,79822.8034,48903.8276
301275.SZ,20260420,2.4214,1.15,36.1823,4.4885,1795200.0,1247529.6065
002779.SZ,20260420,2.4731,0.78,101.9582,19.2985,1759480.8,1578661.1575
002962.SZ,20260420,26.7573,1.13,141.8453,2.9779,527330.9564,378204.681
603065.SH,20260420,1.8659,1.07,94.0536,1.7046,343553.409,343553.409
300770.SZ,20260420,2.3326,1.34,14.0132,2.5924,925480.3566,925480.3566
600925.SH,20260420,0.5665,1.06,97.37,2.0314,3127555.5556,729146.058
688381.SH,20260420,2.7983,0.86,,2.4549,621720.0,621720.0
002564.SZ,20260420,3.3243,1.21,114.2792,28.8338,536815.2981,536815.2981
688159.SH,20260420,6.124,0.76,165.3691,4.7075,423106.7663,422287.0463
600889.SH,20260420,1.8873,0.94,,6.759,843723.0935,553915.1671
000593.SZ,20260420,10.6651,0.91,4417.4565,7.5222,657729.2705,657458.1319
688183.SH,20260420,8.2513,0.71,61.2594,15.7069,9024427.9276,9024427.9276
300533.SZ,20260420,3.9308,0.5,12.4715,3.9156,597409.0996,420367.9342
603256.SH,20260420,22.1639,0.94,302.1188,33.9304,9404080.6822,9145647.09
600316.SH,20260420,2.8391,0.72,723.0693,5.3466,2874912.0786,2874912.0786
300502.SZ,20260420,3.979,0.83,77.0741,39.8983,57950742.8896,51619935.3956
601888.SH,20260420,3.2099,1.23,39.2189,2.5356,14064605.4832,13216306.9573
002402.SZ,20260420,3.1136,1.04,48.5118,5.6506,2968088.8949,2611713.4718
920089.BJ,20260420,4.0618,2.0,17.5674,2.2797,289583.896,164939.7954
000790.SZ,20260420,3.9475,0.73,,3.5206,251982.6231,251536.3041
603229.SH,20260420,1.7305,0.58,44.7857,3.5266,827806.2536,827806.2536
600818.SH,20260420,1.4964,0.88,,4.8905,273230.7235,202264.2235
002317.SZ,20260420,2.9956,0.65,,3.8363,1546023.5377,1385382.0615
920895.BJ,20260420,4.1735,1.83,,5.1151,99143.096,50404.5226
601137.SH,20260420,3.5925,1.35,16.5974,1.8419,1886573.2223,1885176.5023
603898.SH,20260420,2.1459,0.72,196.2404,1.3037,410352.7917,410352.7917
600666.SH,20260420,32.9571,1.18,139.3307,19.7052,1970036.3341,1791613.4817
603909.SH,20260420,9.9667,0.95,33.3259,3.1445,363899.7034,363899.7034
601066.SH,20260420,0.7253,0.9,17.9385,2.0412,16932864.7419,14180049.8694
603061.SH,20260420,7.5365,1.14,89.7628,12.4314,2094786.0,2094786.0
605086.SH,20260420,3.5506,1.09,51.0049,4.6868,618598.4,618598.4
688223.SH,20260420,3.6791,0.84,,2.4608,7137237.3667,7137237.3667
003018.SZ,20260420,23.0245,1.12,111.182,7.0069,1121640.0,1024089.675
301601.SZ,20260420,2.674,1.48,80.1004,2.6321,334061.44,200893.44
603556.SH,20260420,4.5858,1.43,17.6129,2.2517,1660592.1406,1660592.1406
002727.SZ,20260420,1.3742,0.8,81.2596,1.002,733176.3645,497435.1661
002959.SZ,20260420,2.8075,0.89,17.0188,2.2879,668058.3088,645272.7881
688435.SH,20260420,4.8566,1.16,,3.1911,349865.0,234841.7485
001270.SZ,20260420,4.6606,0.65,251.3299,19.4947,2943320.7863,2905973.7311
002159.SZ,20260420,4.5976,0.9,21.6453,2.1233,310277.3188,242326.9853
688127.SH,20260420,3.7753,0.88,73.7738,13.1039,2868479.0459,2868479.0459
603192.SH,20260420,1.8589,0.75,32.1741,1.8515,401165.47,334157.3014
603893.SH,20260420,5.1486,1.47,71.8031,17.534,7467181.2202,7465088.2542
688257.SH,20260420,7.1192,1.29,85.9597,8.2398,1944050.2978,1944050.2978
300340.SZ,20260420,2.2953,0.65,,36.2714,311331.628,309013.2601
000880.SZ,20260420,18.9439,3.27,60.1717,6.8708,1444425.2878,706961.4552
688811.SH,20260420,52.8022,1.07,173.4372,7.6048,1194986.5271,219444.3631
605286.SH,20260420,8.5992,0.82,39.4027,3.6429,782880.0,782880.0
603291.SH,20260420,5.4861,1.2,62.3116,2.8609,507018.2836,507018.2836
000779.SZ,20260420,1.9055,0.71,21.0039,1.036,408120.2589,408072.2235
301024.SZ,20260420,8.1042,0.84,,6.466,258536.61,250302.96
300063.SZ,20260420,18.8994,1.83,75.5172,5.5433,964088.0077,796350.6971
002864.SZ,20260420,4.0952,0.92,27.7817,1.9881,334785.024,233700.7932
300055.SZ,20260420,10.1023,1.66,,1.974,961425.2973,680134.3296
603983.SH,20260420,2.7622,1.29,40.4018,2.9986,998891.0,998891.0
688517.SH,20260420,6.0016,0.83,36.7866,3.6446,298773.0334,298773.0334
300494.SZ,20260420,2.2818,0.85,,4.0434,582235.4602,472839.1567
300010.SZ,20260420,1.8009,0.98,107.1536,7.0932,1264766.9473,1017959.5402
688286.SH,20260420,3.0339,1.12,106.2451,3.7096,397463.7835,397463.7835
603179.SH,20260420,4.9542,0.99,40.1506,4.4149,3272560.2436,3272560.2436
002414.SZ,20260420,4.9606,1.06,85.204,8.3035,5846637.7319,4652700.418
002021.SZ,20260420,3.1964,0.93,,5.7456,357447.7196,357435.9294
002755.SZ,20260420,6.5392,0.89,57.5509,4.6077,1476703.1184,1476689.1574
300278.SZ,20260420,3.8732,1.84,564.9858,3.9029,675837.7508,673714.796
688069.SH,20260420,4.0033,1.15,41.6603,3.1641,411207.0,411207.0
688695.SH,20260420,3.1554,1.22,,2.6505,206504.7458,129644.2206
688601.SH,20260420,6.4777,0.93,186.5399,5.5378,691726.0298,691726.0298
300762.SZ,20260420,12.3229,1.71,,11.2428,2625524.8927,2625524.8927
300234.SZ,20260420,10.9997,2.45,,2.8363,319010.4711,218087.7859
603400.SH,20260420,13.6315,2.44,60.8775,5.5198,676900.0,135380.0
300599.SZ,20260420,6.1573,0.71,,2.0972,415790.7493,246527.8337
000554.SZ,20260420,4.8809,0.55,24.0685,3.3954,383192.2744,289034.598
002038.SZ,20260420,10.7796,0.6,93.3308,1.3733,781813.35,648306.1499
000158.SZ,20260420,2.4267,1.02,856.9871,5.3033,2866319.7808,2847125.4916
002122.SZ,20260420,1.2375,1.03,130.3429,2.7617,598448.6719,594328.2689
300223.SZ,20260420,10.2177,1.63,155.2437,4.6917,5840672.9112,5090586.3608
301183.SZ,20260420,17.0766,1.0,161.694,16.5579,1546995.0057,1134089.555
600177.SH,20260420,0.7736,0.76,12.9757,0.803,3379736.0304,3379736.0304
002160.SZ,20260420,3.4592,0.8,105.893,1.4315,532915.0822,531856.4163
301439.SZ,20260420,3.3702,1.05,31.3471,2.1287,630344.9306,296860.0169
002817.SZ,20260420,7.3388,2.11,36.9216,2.3992,234492.9653,227390.8073
603876.SH,20260420,7.3518,1.13,63.4728,3.3272,2432821.5636,2432821.5636
603611.SH,20260420,1.4186,1.05,12.4058,1.6779,532460.835,532460.835
688053.SH,20260420,5.5374,2.44,,2.5935,412000.0,412000.0
601229.SH,20260420,0.3455,0.91,5.7557,0.591,13924837.5067,13924837.5067
603160.SH,20260420,2.2172,1.15,38.8768,3.4625,3254372.9364,3254372.9364
301217.SZ,20260420,18.8563,0.85,619.1495,7.1957,3878963.7304,3878963.7304
300419.SZ,20260420,2.957,1.4,,6.118,264047.2069,264047.2069
301073.SZ,20260420,13.9064,1.53,303.3195,5.417,509267.2895,466652.1105
603991.SH,20260420,5.4697,1.16,,5.5857,1790368.64,873848.3166
000803.SZ,20260420,15.5315,3.72,52.4598,2.7664,406143.9493,400475.1564
688105.SH,20260420,0.7555,0.68,,1.9731,748934.1464,748934.1464
920101.BJ,20260420,4.9726,2.3,26.8081,3.0358,321379.1673,100285.8331
601868.SH,20260420,7.02,1.37,22.2705,1.1025,13006613.8734,9534045.925
600779.SH,20260420,1.0302,0.86,29.5998,3.1873,1604373.0246,1604373.0246
301687.SZ,20260420,14.5192,1.33,67.3342,5.8953,875309.44,176030.537
601456.SH,20260420,0.4949,0.72,26.4389,1.0119,5311354.2736,4092477.8119
002664.SZ,20260420,8.9366,2.67,55.8802,2.4425,870690.6,858694.7957
603301.SH,20260420,2.3869,0.76,88.9148,4.4229,2497588.4696,2497588.4696
300377.SZ,20260420,4.2966,0.92,,5.4354,1370580.621,1260206.769
301590.SZ,20260420,5.9005,1.0,72.9269,4.0468,781935.862,159958.2505
000517.SZ,20260420,2.7398,0.67,,1.0514,604945.2722,473477.419
603089.SH,20260420,2.0294,0.92,22.6194,1.8254,354299.2118,308442.7494
601860.SH,20260420,0.7856,0.77,6.6213,0.4908,977488.4952,948274.3388
600131.SH,20260420,3.4209,1.25,32.7595,3.6019,2221750.2516,2217208.1462
920263.BJ,20260420,2.8164,1.94,92.0178,3.0208,175423.6768,127421.4214
002799.SZ,20260420,3.1444,1.11,,2.0785,264033.0,264029.535
603390.SH,20260420,2.3034,1.01,66.7589,2.6354,425850.5526,424472.3971
688612.SH,20260420,2.5135,1.15,23.1925,3.5696,1294872.0347,780135.0772
002628.SZ,20260420,17.9884,3.57,,1.5332,431547.2366,429657.3371
301584.SZ,20260420,6.5679,0.66,39.5636,5.7072,1185505.8643,151151.998
301132.SZ,20260420,10.6197,0.74,45.1962,3.4064,618556.2621,395705.7601
301314.SZ,20260420,12.2436,1.43,186.3637,2.6574,278128.5,91907.5603
688662.SH,20260420,12.8153,1.11,151.097,8.2489,602679.2,602679.2
002576.SZ,20260420,3.8195,0.87,38.159,2.3704,314350.4,308500.4952
600665.SH,20260420,2.6164,0.87,,1.0509,279111.5743,279111.5743
300629.SZ,20260420,11.0318,1.38,354.7236,3.9145,666020.6502,574393.364
920690.BJ,20260420,5.9439,1.47,23.7281,2.888,174634.2,113522.9767
600568.SH,20260420,1.1507,0.6,,3.3905,581917.9469,487367.6455
002601.SZ,20260420,1.3659,1.05,32.9297,1.8143,4212966.315,3512094.1229
300382.SZ,20260420,2.8808,1.31,,3.576,822819.5924,822741.2037
600774.SH,20260420,1.9371,0.65,,1.5425,257563.2869,257430.3945
301362.SZ,20260420,17.6571,1.22,80.6104,6.264,1560943.71,442468.71
600318.SH,20260420,2.548,0.74,104.7251,3.6354,403516.6464,403516.6464
603318.SH,20260420,20.8569,2.24,,2.4589,469808.2156,388833.0726
300110.SZ,20260420,4.0118,0.75,,2.7214,368850.4504,368424.4534
301129.SZ,20260420,6.1504,1.2,54.6593,2.2483,378881.9512,184795.61
002171.SZ,20260420,3.5535,1.42,34.1534,2.2396,1942656.6328,1931648.5396
002775.SZ,20260420,5.0679,1.14,,6.6635,236694.6408,212698.4088
001227.SZ,20260420,0.7085,0.82,6.6937,0.4213,1270140.4685,940502.5069
301508.SZ,20260420,2.0235,1.1,44.4673,3.3027,674186.0664,175450.1448
000750.SZ,20260420,0.6557,0.84,32.1291,1.0956,2471449.5226,2243130.9391
300190.SZ,20260420,3.2109,0.75,,1.1598,392508.8667,390916.0398
301458.SZ,20260420,8.6279,1.84,77.6456,6.0369,998400.1248,439852.5593
600678.SH,20260420,5.6432,1.86,197.8307,13.3556,376560.21,376560.21
300973.SZ,20260420,2.483,1.17,18.4392,2.3814,576604.8656,403712.9874
603908.SH,20260420,2.6823,0.91,76.0788,3.9941,212888.2946,212888.2946
301325.SZ,20260420,2.7182,0.87,,2.331,660179.5241,265620.8836
300268.SZ,20260420,0.983,0.74,,,244576.8,187725.33
600202.SH,20260420,2.3555,0.83,,2.8154,227321.0185,227321.0185
600675.SH,20260420,1.4397,0.72,135.0526,1.109,1602225.8627,1602225.8627
603018.SH,20260420,0.9572,1.01,18.7983,0.9627,515582.4879,515582.4879
301187.SZ,20260420,2.3468,0.63,25.6363,3.3688,510886.7841,510885.1308
002795.SZ,20260420,8.2641,1.44,,8.284,370134.0638,364051.4576
300575.SZ,20260420,4.5659,1.41,,1.4908,294304.3108,211450.9693
300247.SZ,20260420,1.6388,1.08,47.6482,3.2453,366642.3827,366293.5427
603038.SH,20260420,12.8337,3.62,121.6088,3.0567,425853.213,425853.213
002030.SZ,20260420,0.7578,0.71,,1.0733,830840.0509,830840.0509
600157.SH,20260420,2.9179,0.93,125.1994,0.7834,3687202.1405,3687202.1405
001208.SZ,20260420,25.7879,1.61,132.3681,4.9981,1458630.7371,611525.1175
002772.SZ,20260420,6.7282,1.13,21.2564,2.1404,712010.8127,706076.7213
603212.SH,20260420,6.3719,1.45,,2.3557,601987.1151,601987.1151
920099.BJ,20260420,3.6579,1.22,23.4202,2.7249,251742.3936,155677.9914
002394.SZ,20260420,6.7859,2.25,13.6999,1.0601,458359.2,457772.4181
002723.SZ,20260420,12.1473,1.66,,3.7519,353287.9182,337091.845
300050.SZ,20260420,8.0174,0.6,252.7536,9.5684,391744.7902,391505.9607
603819.SH,20260420,6.9388,0.8,120.9164,3.9665,318321.5334,318321.5334
920656.BJ,20260420,4.762,1.68,21.6022,2.2769,164800.0,53356.1111
000612.SZ,20260420,5.1162,0.6,15.0037,2.235,1607084.7831,1607084.7831
301101.SZ,20260420,2.1585,0.82,37.4263,4.1141,706904.4468,669736.3098
605337.SH,20260420,1.5231,0.89,20.0798,2.916,430672.969,430672.969
300239.SZ,20260420,1.4281,0.47,58.3368,1.8667,316986.6362,314932.7921
601333.SH,20260420,0.9375,0.68,15.0535,0.7586,2146311.711,1712627.811
688678.SH,20260420,20.9873,1.91,163.4406,4.0031,902382.6958,902382.6958
301391.SZ,20260420,4.7926,0.69,358.116,3.6282,753087.392,735815.1241
300583.SZ,20260420,1.937,0.95,,1.5027,265393.2743,260422.3475
300636.SZ,20260420,1.9177,0.74,35.7246,1.4212,337641.002,295355.5779
002952.SZ,20260420,15.8496,1.21,329.5591,4.6883,407727.54,326611.3244
601969.SH,20260420,4.7625,0.71,52.4525,3.313,2260842.5374,2238760.9592
000411.SZ,20260420,1.8333,0.57,12.4993,1.211,616250.4183,615035.9062
603238.SH,20260420,3.0344,1.12,23.2439,1.9619,283126.855,283126.855
000609.SZ,20260420,0.3921,0.09,,,306747.1601,298334.7288
002705.SZ,20260420,15.986,0.9,14.6451,1.6999,1467059.5345,1460242.8438
601368.SH,20260420,2.3334,1.57,44.2299,0.8756,421178.1577,421178.1577
603348.SH,20260420,1.4296,0.62,315.2828,1.4782,638388.6998,638388.6998
920046.BJ,20260420,20.7055,1.28,187.4625,11.1566,281298.15,178198.9351
601919.SH,20260420,1.4195,1.05,7.2327,0.9646,22325898.5004,18306951.3894
300052.SZ,20260420,13.4857,1.18,,9.3926,355080.4108,355070.2408
301560.SZ,20260420,11.827,1.15,57.8356,5.2997,514611.2,102922.24
688004.SH,20260420,3.316,0.98,,3.0763,178996.68,178996.68
600624.SH,20260420,0.7713,0.97,,4.9139,305706.1239,305706.1239
300923.SZ,20260420,3.1786,1.11,44.3565,1.931,218508.0,212582.43
600720.SH,20260420,1.029,1.26,10.8338,0.9895,1576387.1532,693217.1927
300555.SZ,20260420,2.3848,1.37,,5.7025,271000.0,268269.4894
600989.SH,20260420,4.4047,0.92,17.6771,4.1463,20064072.96,20064072.96
600562.SH,20260420,3.3354,0.87,55.3942,5.5005,3511973.9715,3511973.9715
001380.SZ,20260420,2.5277,1.46,19.5153,2.7844,536833.0403,174422.4474
300388.SZ,20260420,1.1895,1.05,15.168,1.1472,540066.4892,540066.4892
601058.SH,20260420,0.8642,0.43,12.1518,2.1288,4484968.7533,4484968.7533
601798.SH,20260420,2.6329,0.96,67.2789,2.5533,327229.5268,327229.5268
301055.SZ,20260420,25.5546,1.29,106.3989,7.4492,487500.0,487500.0
000009.SZ,20260420,1.1852,0.89,326.8012,2.2854,2303238.0707,2300386.2752
002848.SZ,20260420,9.104,2.03,,21.679,250223.55,246894.5394
002221.SZ,20260420,1.4228,0.68,32.4224,1.1317,1257749.9581,1165778.3394
688781.SH,20260420,17.1201,1.09,,9.6708,3960000.0,161706.9841
603322.SH,20260420,18.2835,1.67,,20.5387,591738.419,591738.419
603091.SH,20260420,1.1151,0.4,30.6451,3.718,815865.5681,250904.1196
688113.SH,20260420,2.0849,1.11,28.0092,2.5394,249476.1436,249476.1436
300765.SZ,20260420,4.3945,0.97,,17.309,4616897.0069,4616897.0069
301010.SZ,20260420,4.2333,0.93,107.9145,2.817,233388.0,233388.0
688205.SH,20260420,13.0346,1.02,546.3987,16.8686,3909805.9116,3909805.9116
300375.SZ,20260420,1.8127,0.8,79.3577,1.6288,373031.7596,259369.6227
002316.SZ,20260420,3.6565,0.71,334.6965,26.8478,206388.0,178912.125
603305.SH,20260420,3.7762,1.03,44.6552,1.9345,1755521.2966,1755521.2966
001325.SZ,20260420,16.8627,0.81,31.54,2.911,510540.8,127635.2
001230.SZ,20260420,10.1895,1.51,25.1752,1.9893,381052.1279,223178.3631
002241.SZ,20260420,4.3465,1.72,30.3428,2.5073,8821564.5908,7808506.095
603092.SH,20260420,6.0247,1.32,34.1032,5.1156,2821600.7054,235973.6528
300775.SZ,20260420,9.3749,1.46,45.6345,3.5621,2083978.9728,2023425.6498
300043.SZ,20260420,3.1123,0.9,23.5148,4.0514,709193.0886,708814.0956
603685.SH,20260420,3.6183,1.11,360.8903,3.9429,778699.6125,625148.2129
688526.SH,20260420,1.1911,0.68,16.7984,1.6594,703387.2365,703387.2365
000301.SZ,20260420,1.2325,1.01,,2.4468,8178092.4142,8174252.2145
920002.BJ,20260420,5.2134,1.67,64.0841,5.6398,401654.6985,281185.0471
002164.SZ,20260420,2.5515,0.73,111.8778,4.8147,689697.1009,621788.5853
301077.SZ,20260420,19.7255,4.1,41.4685,4.6114,537959.6904,301758.5155
300248.SZ,20260420,1.711,1.06,52.541,2.3678,502547.5546,431614.33
605298.SH,20260420,10.2809,2.26,179.3149,9.5848,1018147.0,1009480.42
603948.SH,20260420,2.5233,1.0,20.6394,2.148,450907.4384,450907.4384
002796.SZ,20260420,18.7092,1.71,1081.1944,16.4477,1408207.5698,1270611.7727
600655.SH,20260420,1.5193,0.69,,0.6506,1950121.5948,1948812.9828
600307.SH,20260420,2.5884,0.77,,1.6739,1139931.0512,1139931.0512
601006.SH,20260420,0.5597,0.66,15.8514,0.6406,10557121.1232,10557121.1232
603828.SH,20260420,1.3231,1.28,,5.3369,343869.0112,343857.1636
603955.SH,20260420,2.7366,1.72,,2.5439,366715.44,366715.44
002763.SZ,20260420,3.0948,0.84,60.6475,1.8479,332448.364,246231.1162
603711.SH,20260420,1.4521,0.7,35.4855,1.5714,518982.7437,518982.7437
600982.SH,20260420,22.3483,1.23,20.1872,1.5103,664988.3536,664988.3536
300921.SZ,20260420,7.3038,0.81,137.9114,5.796,480079.036,299599.187
920275.BJ,20260420,5.2223,2.79,268.8027,5.2426,122401.9968,101310.3521
300953.SZ,20260420,7.6626,0.82,68.497,8.0736,3564620.4166,2559421.2361
600246.SH,20260420,3.0883,0.46,,3.4083,1900241.7515,1848823.4015
600739.SH,20260420,1.0791,1.16,20.3362,0.5964,1754577.159,1754577.159
300790.SZ,20260420,5.8171,0.84,47.7311,4.417,1136947.5833,986530.856
300054.SZ,20260420,4.1656,0.92,69.1367,9.5944,4979254.3019,3876766.5258
688049.SH,20260420,3.5368,1.06,40.5841,4.0585,830294.661,830294.661
301069.SZ,20260420,2.3827,0.87,77.877,4.4363,999702.3492,941463.9492
688130.SH,20260420,3.6772,1.22,,2.0877,258586.0501,128949.8161
688319.SH,20260420,3.13,0.82,544.0402,13.4012,1211041.0665,1210146.7605
688395.SH,20260420,2.608,0.96,57.5699,2.9773,232947.8668,232947.8668
600726.SH,20260420,13.4871,0.56,,8.8063,3621559.9842,3423703.9833
600933.SH,20260420,2.3881,1.0,15.9459,1.8666,1742984.4979,1653720.082
603767.SH,20260420,2.6516,1.19,,4.2805,582387.6405,582387.6405
300940.SZ,20260420,2.8089,0.87,39.6789,4.4134,524995.4292,371336.4771
601778.SH,20260420,29.9147,1.22,50.5319,1.4692,2325755.9207,2325755.9207
688317.SH,20260420,1.5634,0.52,,1.1677,391041.528,391041.528
600378.SH,20260420,2.3037,0.98,29.7809,2.3733,4271188.7418,3551263.9169
603697.SH,20260420,3.1743,1.1,22.9339,2.4019,425553.6375,425553.6375
301270.SZ,20260420,7.4563,1.56,242.2043,3.6447,359000.0,339229.31
601900.SH,20260420,2.7157,1.02,10.4321,1.3661,1180075.9858,1180075.9858
600906.SH,20260420,1.0103,1.01,21.2449,1.7103,2083290.0,1363758.8379
000058.SZ,20260420,1.9739,1.25,142.1133,4.8981,986191.7383,788776.2226
600522.SH,20260420,8.5183,1.35,36.8622,2.8846,10563079.1729,10563079.1729
603185.SH,20260420,5.1992,0.97,,1.4112,1714522.773,1704345.727
300725.SZ,20260420,3.7855,1.07,44.9621,1.265,904366.795,784097.3729
600753.SH,20260420,1.3933,0.6,78.2689,43.4086,284199.054,284199.054
002972.SZ,20260420,3.7301,1.01,36.6897,2.612,320795.4752,175578.7948
300670.SZ,20260420,4.9818,0.93,,3.5409,201878.3451,143130.222
000926.SZ,20260420,1.5146,0.62,,0.3712,320185.9196,316215.0381
688651.SH,20260420,2.9958,0.72,,3.1393,294885.489,126929.2601
603900.SH,20260420,5.7187,1.64,43.5706,1.341,260309.5546,259387.3696
688697.SH,20260420,6.7711,2.25,24.6669,4.0617,750484.0766,750484.0766
920026.BJ,20260420,8.1129,1.3,59.6517,4.8965,308446.2905,139852.542
603797.SH,20260420,1.7594,0.85,21.3481,0.8353,270427.8341,270427.8341
603137.SH,20260420,2.0083,0.89,46.5191,1.9805,246228.2676,246228.2676
688623.SH,20260420,8.0261,2.31,89.6193,2.725,577942.4644,187062.4644
688067.SH,20260420,2.4525,0.79,63.7611,3.5875,184552.0,184552.0
301260.SZ,20260420,1.294,0.79,,1.6919,754562.8637,319737.5443
603738.SH,20260420,23.9529,1.4,318.5337,7.1053,1216317.3748,1216317.3748
002497.SZ,20260420,4.7449,0.7,73.7225,2.9658,3217954.5558,2955475.3413
000711.SZ,20260420,3.871,0.61,,15.2525,1151639.667,928855.0885
002073.SZ,20260420,2.3649,0.87,18.6717,1.1873,752650.6965,745026.909
300252.SZ,20260420,11.0742,2.5,669.2229,4.5471,992568.5972,837629.1465
603928.SH,20260420,8.1165,1.68,39.9812,2.5668,405961.92,405961.92
301257.SZ,20260420,3.3452,0.59,37.8428,3.6878,459965.7709,438506.6882
600590.SH,20260420,7.4725,0.49,245.4197,4.6455,1485699.1045,1469498.1091
601083.SH,20260420,6.9766,1.23,11.1961,1.7829,1679767.76,251967.76
920370.BJ,20260420,2.674,1.79,,1.8343,106600.5868,92816.3251
688766.SH,20260420,4.9624,0.83,193.6218,16.6195,4018052.6283,4018052.6283
000099.SZ,20260420,2.2776,0.76,46.1186,2.5914,1423538.2014,1423538.2014
300014.SZ,20260420,4.4077,0.8,35.9009,3.23,14842513.9522,14423157.5792
301335.SZ,20260420,5.0501,0.97,56.7657,1.7382,334008.1696,133241.7205
920108.BJ,20260420,3.1557,2.16,117.4494,4.0058,196480.2,83256.0887
688652.SH,20260420,3.7214,0.91,122.6564,8.2416,1814400.0,1304100.0
688671.SH,20260420,2.271,0.87,,1.67,169757.8618,101283.4778
603186.SH,20260420,13.8038,1.11,42.6379,5.2461,1179848.648,1179848.648
688767.SH,20260420,2.497,1.0,110.9572,2.1918,519232.0023,519232.0023
688522.SH,20260420,4.7386,1.29,95.7837,4.6782,1094117.1333,444503.2887
300660.SZ,20260420,3.1651,1.09,61.7945,5.6723,1967400.8112,1965825.6948
301269.SZ,20260420,3.4541,1.55,797.332,9.2059,4783487.8222,4783487.8222
301256.SZ,20260420,10.8807,1.48,91.4774,3.8511,672000.0,672000.0
920566.BJ,20260420,1.9195,1.06,18.6098,1.873,156373.1335,120772.5531
301085.SZ,20260420,22.4609,1.08,,5.641,605260.3331,410909.4005
688261.SH,20260420,4.9735,0.93,207.5547,3.0967,914409.3135,910840.5539
920779.BJ,20260420,8.9622,0.93,46.5104,5.9516,292112.5786,73081.1209
688508.SH,20260420,20.3425,4.0,56.3319,3.2618,895405.2494,895405.2494
002903.SZ,20260420,9.2025,0.78,,6.3474,499083.13,339730.0921
300952.SZ,20260420,11.2225,1.64,61.6795,3.8033,644266.4833,391175.6721
000948.SZ,20260420,1.1712,0.93,124.5573,2.2634,607836.5987,606651.0057
603889.SH,20260420,3.2996,0.41,14.1586,1.8373,679776.5794,674715.291
002438.SZ,20260420,2.0072,0.86,29.8396,2.289,851647.8596,786781.7592
301155.SZ,20260420,4.9971,0.93,44.664,2.5315,1455870.7282,826069.5656
300786.SZ,20260420,2.7001,0.81,,2.4863,276023.8185,219505.8285
601112.SH,20260420,6.3493,0.76,47.6143,5.4206,3494655.6649,355917.8112
301166.SZ,20260420,2.3304,0.78,,1.3127,265980.0041,174683.3921
920128.BJ,20260420,3.1644,1.6,106.0627,4.0419,208658.3,98263.95
920970.BJ,20260420,10.8363,0.68,,3.166,83765.4048,52973.9028
601997.SH,20260420,0.7085,0.94,4.144,0.3351,2116938.686,2116938.686
600201.SH,20260420,2.0968,0.93,159.9922,2.9476,1612034.3477,1612034.3477
002399.SZ,20260420,0.9565,0.89,46.6447,1.355,1630166.0826,1385641.0931
605005.SH,20260420,9.9294,1.13,38.597,4.1979,856536.0,856536.0
002842.SZ,20260420,22.2835,1.04,78.4326,9.3377,1127108.9938,924852.8268
301408.SZ,20260420,29.1905,1.29,44.4631,3.9562,829220.73,474632.8424
600390.SH,20260420,1.2852,1.31,55.3407,0.5734,2410963.086,2410963.086
688617.SH,20260420,0.7228,0.66,44.074,11.7064,3616875.3807,3616875.3807
603369.SH,20260420,1.1226,0.93,11.2226,1.9546,3226718.4958,3226718.4958
300657.SZ,20260420,8.5202,0.66,181.3892,13.3869,1680207.8763,1632736.1368
603409.SH,20260420,13.9435,1.31,37.2223,3.6043,548608.59,157423.2327
301682.SZ,20260420,23.7162,0.94,49.6346,3.2527,1581964.8944,334313.9753
600992.SH,20260420,1.9033,0.8,,2.1275,296313.81,296313.81
300012.SZ,20260420,8.2201,5.43,27.3121,3.6642,2891098.8717,2458874.036
601601.SH,20260420,0.9005,0.91,6.7354,1.1927,36037799.0904,25641525.2904
002539.SZ,20260420,2.8729,0.63,20.633,1.8153,1706513.6757,1257278.3921
300261.SZ,20260420,2.1246,1.19,,2.9819,598215.1815,581363.5969
920982.BJ,20260420,2.2962,1.01,32.3669,11.1262,2107651.8328,1005696.4969
001332.SZ,20260420,9.3887,1.97,25.8916,2.5351,639516.12,277844.2638
002886.SZ,20260420,3.4657,1.24,142.8346,3.2977,594576.8533,472307.5725
300437.SZ,20260420,6.7763,0.84,,2.8268,393796.1738,279043.4588
603356.SH,20260420,6.0097,0.95,,6.0232,230944.88,230944.88
002869.SZ,20260420,2.724,0.79,212.3768,1.7913,383374.7855,341342.0564
601518.SH,20260420,2.3605,0.46,10.7848,0.9264,529354.8873,529354.8873
300308.SZ,20260420,3.2624,0.89,63.1787,26.5391,94445058.39,93967421.97
300425.SZ,20260420,1.3184,0.84,53.7711,1.4307,336336.8525,334781.6712
603182.SH,20260420,4.509,0.62,21.6929,2.2752,249128.7,249128.7
300003.SZ,20260420,1.6721,0.83,71.128,1.9935,3032433.6578,2597310.3288
002252.SZ,20260420,0.4649,0.63,23.9504,1.1637,3777013.3723,3774620.8837
300946.SZ,20260420,2.3265,1.38,140.0697,6.1676,733392.6678,356356.0143
000812.SZ,20260420,1.4501,0.82,,1.921,298750.8189,298497.3513
002612.SZ,20260420,1.8875,0.81,7.2513,2.2028,751714.6921,432801.9467
301548.SZ,20260420,14.859,1.59,54.2457,4.7504,717228.0,216281.1916
920953.BJ,20260420,6.1459,1.52,60.0212,6.7357,405358.9924,189478.5225
300047.SZ,20260420,2.1511,0.95,256.3265,2.3925,786976.9252,708206.6442
002802.SZ,20260420,46.2487,3.93,62.1363,4.5913,284374.8014,234852.9518
300942.SZ,20260420,2.5765,0.46,108.7786,4.0185,339852.787,339852.787
000157.SZ,20260420,2.001,0.85,14.4899,1.2229,7039907.6821,5754711.0544
300133.SZ,20260420,11.6095,2.7,60.6322,2.1157,1527611.2236,1304293.1809
300956.SZ,20260420,2.7455,0.92,253.4217,2.4556,332404.8794,324728.047
600348.SH,20260420,2.7356,1.51,22.3532,1.2387,3419910.0,3419910.0
002471.SZ,20260420,25.1425,1.38,,7.2566,1305797.04,1280648.4199
300193.SZ,20260420,1.6065,0.92,20.9592,1.7562,415289.83,365695.7848
300783.SZ,20260420,2.1614,1.23,33.0781,2.5284,751524.3829,524377.4989
300700.SZ,20260420,4.0733,1.1,,7.3541,640010.4627,436223.8826
600873.SH,20260420,1.9746,1.13,8.0255,1.8775,3025776.7404,3025776.7404
002932.SZ,20260420,6.106,1.86,570.0993,0.7275,404586.4652,271605.2913
002597.SZ,20260420,1.5725,0.49,36.9916,1.6452,1283834.6044,1281410.5641
920751.BJ,20260420,8.5178,5.98,46.232,5.3486,214867.28,205674.2015
601869.SH,20260420,19.5142,1.16,391.7032,23.0879,31874346.658,15644025.089
920091.BJ,20260420,15.8326,2.16,102.0599,8.3002,395528.562,93308.787
600777.SH,20260420,1.4926,0.86,23.2839,1.697,3991891.0493,3736931.4535
600759.SH,20260420,6.5037,0.59,52.177,2.4637,2165782.8442,2163003.9772
603059.SH,20260420,5.9378,1.0,,3.2952,346748.9124,346748.9124
600096.SH,20260420,3.7545,0.89,11.7949,2.474,6081497.0786,6081497.0786
601811.SH,20260420,9.8719,1.0,10.8874,1.119,1707635.944,1095994.9976
300534.SZ,20260420,3.2196,1.01,65.9134,4.0891,289694.475,288459.171
300525.SZ,20260420,1.8824,1.21,29.0301,3.1679,797893.0589,654431.2403
300763.SZ,20260420,7.8168,0.89,42.7409,4.1685,3794291.1913,3065409.7491
000088.SZ,20260420,1.4162,0.94,16.2905,1.3051,2350166.4724,1429628.2995
300548.SZ,20260420,10.7806,1.02,223.2438,38.0551,7475341.6005,6903806.4855
001336.SZ,20260420,3.7316,0.9,79.8623,2.6715,210980.4375,122280.795
002072.SZ,20260420,2.7478,0.95,,12.0923,279436.8,279324.168
000155.SZ,20260420,4.9834,0.55,61.8703,2.9689,3108947.4879,3108947.4879
600327.SH,20260420,3.6176,1.61,,1.2101,338870.5554,338870.5554
600859.SH,20260420,1.4475,1.06,,0.6992,1371196.3373,1371070.2381
601718.SH,20260420,1.9041,1.28,,1.0629,1299598.7119,1299598.7119
002311.SZ,20260420,0.7302,0.6,15.8504,3.1506,7961043.6065,7955164.4349
688001.SH,20260420,11.1766,1.03,241.9641,5.6419,1949087.9616,1949087.9616
600266.SH,20260420,6.3679,1.79,,0.5594,1015038.5749,1015038.5749
688750.SH,20260420,2.286,1.17,148.5675,3.5743,880600.0,443476.4927
920634.BJ,20260420,14.991,1.63,79.633,4.8884,141238.3729,89566.2723
688710.SH,20260420,1.8582,0.83,,4.0836,948792.809,610370.3777
301305.SZ,20260420,5.003,0.83,24.7266,1.7784,671096.8635,344170.829
001260.SZ,20260420,6.8183,1.81,55.2832,2.9781,246445.0,246445.0
603273.SH,20260420,2.1437,0.98,118.5222,4.3579,381692.1654,99840.0104
688158.SH,20260420,12.3531,1.03,,9.1453,2209885.5073,1963710.1364
600241.SH,20260420,3.7647,0.46,,2.7783,287533.1664,287533.1664
601766.SH,20260420,1.7183,1.65,13.2597,1.0154,17477608.2296,14815629.0112
688420.SH,20260420,3.5051,2.04,,1.5466,220102.27,103888.371
300960.SZ,20260420,5.0955,1.03,65.2974,5.3163,344499.572,312144.662
688048.SH,20260420,15.2287,1.04,1615.2163,18.0849,5450223.2777,5450223.2777
601169.SH,20260420,0.4557,0.86,4.3771,0.4139,11501783.444,11501783.444
001358.SZ,20260420,2.2625,0.79,70.3527,2.3716,339908.8,137112.58
001896.SZ,20260420,40.8351,1.12,73.4438,8.1704,2866943.1191,2866943.1191
603787.SH,20260420,6.7462,0.79,50.1168,1.8411,292742.9009,292742.9009
300323.SZ,20260420,15.8344,2.16,,2.6948,1769068.6887,1294586.4665
688499.SH,20260420,6.0907,1.17,178.1758,3.9744,917714.3659,917714.3659
601963.SH,20260420,1.5498,0.75,6.9575,0.6853,3933938.5873,2206921.7428
301459.SZ,20260420,3.69,0.97,31.3712,3.2502,405033.8798,101525.075
002454.SZ,20260420,6.0907,0.82,26.9273,1.6626,666296.496,664562.8819
603949.SH,20260420,7.8573,0.53,43.7702,3.6516,393866.9035,392873.6571
300513.SZ,20260420,1.7463,0.68,,2.1014,277302.981,254837.6035
600258.SH,20260420,2.5035,0.86,20.5663,1.3817,1668205.0702,1668205.0702
300848.SZ,20260420,13.4385,6.56,85.1313,4.5508,697456.832,412589.6946
300972.SZ,20260420,1.9249,0.99,29.3613,25.9648,3947912.8796,3618272.3627
600446.SH,20260420,2.4159,1.35,,3.2735,1174701.8138,1174701.8138
300197.SZ,20260420,1.6775,0.87,,5.0477,495204.7794,495192.2544
300401.SZ,20260420,5.8366,1.8,28.1487,2.2167,727994.2297,716232.4551
002532.SZ,20260420,2.0891,0.96,18.1485,3.0038,8743684.9769,7757853.7268
002807.SZ,20260420,1.0502,0.75,5.2543,0.6081,1149470.4325,1147893.6621
601688.SH,20260420,1.2966,0.82,10.452,0.9862,17123960.602,13860920.1271
300251.SZ,20260420,6.1307,0.67,22.4477,4.5254,4863889.6203,4601555.1866
300454.SZ,20260420,4.0834,0.69,123.3396,4.4837,4844681.9514,3233120.982
688229.SH,20260420,8.5156,0.8,,10.7137,392274.0,392274.0
000056.SZ,20260420,8.6421,1.23,,,222315.3054,169900.5882
001222.SZ,20260420,1.7907,0.8,21.7918,2.6733,380825.55,214282.7505
300338.SZ,20260420,3.2095,0.98,,,144139.6397,125071.3246
002222.SZ,20260420,6.8511,0.84,164.4488,24.6983,4313133.0,4293887.5208
002240.SZ,20260420,7.2647,0.62,,4.4382,4549010.5438,4537156.3483
603055.SH,20260420,2.0888,0.7,15.8363,1.5977,841327.1203,838262.6743
600285.SH,20260420,1.4778,0.84,15.0075,3.6944,1200016.3684,1197371.3684
002062.SZ,20260420,10.7794,2.35,40.2129,2.1952,1113543.8001,1012230.864
600854.SH,20260420,2.4005,1.22,20.9199,1.0827,267001.6885,267001.6885
688308.SH,20260420,28.4073,2.37,149.986,5.9253,1557172.2104,1557172.2104
000626.SZ,20260420,14.3321,1.25,,2.0602,441778.6254,439240.8063
603042.SH,20260420,16.4575,1.02,,4.1062,354261.187,354261.187
688377.SH,20260420,1.6317,1.11,65.702,4.1482,784215.5269,784215.5269
002017.SZ,20260420,3.2103,0.86,61.5503,6.3785,1128359.6311,1127686.9546
000525.SZ,20260420,2.0134,0.57,83.2888,2.84,748013.0025,638150.2429
300351.SZ,20260420,17.524,1.65,123.27,3.1368,770421.8589,521817.3435
001331.SZ,20260420,4.9542,0.43,4350.7544,9.5402,1444786.56,859355.6008
688327.SH,20260420,2.1844,0.92,,18.5121,1377115.3375,1105142.819
300139.SZ,20260420,11.1962,0.94,189.9931,14.181,1571390.0,1340035.6554
600171.SH,20260420,1.6806,1.07,83.8487,4.3773,1980731.7086,1980731.7086
601579.SH,20260420,3.4694,0.6,36.9238,2.3983,903309.0626,903309.0626
600476.SH,20260420,5.4733,1.0,,15.9501,181203.75,181203.75
300492.SZ,20260420,5.6847,0.88,62.336,36.022,1076435.4304,1076435.4304
600352.SH,20260420,1.8429,0.74,23.1235,1.2948,4229331.418,4229331.418
688230.SH,20260420,2.8693,0.91,73.0839,3.4947,775807.2,775807.2
600706.SH,20260420,3.741,0.86,97.9525,3.806,241541.6164,240566.5852
300260.SZ,20260420,11.9238,2.27,121.1395,10.1144,2102243.8066,1482768.4515
301517.SZ,20260420,27.1272,1.21,,8.2699,1107965.0459,719098.7681
301193.SZ,20260420,10.9481,1.47,,2.8417,445597.8975,318022.8975
300101.SZ,20260420,5.7934,1.54,204.7041,6.8668,1265861.8053,1261710.772
000669.SZ,20260420,4.7622,1.07,,,288493.3299,288493.3299
605389.SH,20260420,3.8647,1.58,97.1874,5.2416,1103418.7821,1043530.8481
600477.SH,20260420,3.3642,1.15,63.4959,1.4968,738357.1205,738357.1205
000928.SZ,20260420,7.9979,0.88,13.4929,1.1989,1012859.1024,1012846.7121
002969.SZ,20260420,7.9862,0.7,167.5282,8.4008,2482600.3046,2468573.0541
688337.SH,20260420,14.9567,1.4,140.5348,3.8274,1209776.3621,1160121.8429
603315.SH,20260420,41.6176,2.14,119.0638,3.3198,563844.6246,563844.6246
688299.SH,20260420,2.6268,1.17,,2.6094,506961.065,506961.065
300975.SZ,20260420,8.0052,0.8,88.5355,6.1679,1404926.4602,1006289.876
300941.SZ,20260420,2.3535,0.93,96.9609,3.2417,413390.25,214595.6719
920896.BJ,20260420,6.4568,2.49,29.5073,4.1017,182810.9774,80010.6491
600426.SH,20260420,1.2841,0.63,22.4326,2.2484,7437522.877,7436542.03
002942.SZ,20260420,2.8951,0.88,34.6888,2.4452,300649.947,264675.7617
002040.SZ,20260420,4.4621,0.9,26.9849,1.4354,489898.7729,488019.7468
688185.SH,20260420,4.1826,0.89,619.1004,3.4835,1725600.95,798894.7135
300006.SZ,20260420,10.0243,0.81,,3.9028,685286.372,685227.7628
300694.SZ,20260420,12.417,4.76,23.3165,1.9078,286098.7556,285721.1486
002822.SZ,20260420,0.934,0.57,,4.7011,647400.0,354890.2357
688165.SH,20260420,1.7368,0.87,,7.4339,905288.3,905288.3
600791.SH,20260420,11.9422,1.2,,14.3137,564741.36,564035.1789
301446.SZ,20260420,5.1064,1.35,46.7165,3.463,408720.0,124863.96
920045.BJ,20260420,12.8011,1.02,121.1092,36.5443,3655442.1276,1080848.6295
000544.SZ,20260420,1.7316,1.11,7.4881,0.8839,805089.3871,805089.3871
000681.SZ,20260420,6.6637,1.59,181.1617,4.1626,1504139.7551,1451661.9373
600210.SH,20260420,1.5169,1.35,8.4051,1.5718,1048064.6852,1048064.6852
920363.BJ,20260420,4.6917,1.5,334.7955,4.7498,167132.95,89457.8371
600137.SH,20260420,11.0412,1.43,80.3152,4.0647,220586.7072,220586.7072
300250.SZ,20260420,3.3699,1.0,,8.9571,465760.1147,343027.9158
600909.SH,20260420,1.2608,0.82,13.5594,1.1174,2858775.0792,2858775.0792
688610.SH,20260420,11.0481,0.75,120.1872,5.0711,768808.0,462783.6138
603017.SH,20260420,8.7023,0.7,96.3875,2.7524,392466.4064,392466.4064
300194.SZ,20260420,0.8617,0.39,34.4168,1.1169,497299.7757,404767.8823
300350.SZ,20260420,2.8318,0.92,,3.1814,293932.4219,246628.7131
000639.SZ,20260420,7.4716,0.98,,0.7991,232077.0404,232076.756
300152.SZ,20260420,2.0271,0.53,,6.4167,151113.6,151075.1061
600302.SH,20260420,5.4866,1.0,,6.6003,391683.0981,391683.0981
300448.SZ,20260420,11.1545,1.57,,3.8424,471532.4041,323787.115
002383.SZ,20260420,4.4379,1.83,,4.3257,732216.3416,732216.3416
603681.SH,20260420,3.6282,0.82,28.5127,1.2921,421621.5325,421621.5325
300426.SZ,20260420,1.7817,0.74,,31.2332,344542.8497,306000.0
688045.SH,20260420,5.7525,1.11,301.4102,2.5666,363965.5323,363965.5323
000625.SZ,20260420,1.5564,1.16,24.4222,1.287,9952575.8084,8300181.3677
301136.SZ,20260420,6.2299,1.23,1505.0317,3.0781,448859.0614,448859.0614
002681.SZ,20260420,1.4138,0.97,,4.1277,940397.7696,822294.7646
301234.SZ,20260420,1.9676,0.77,110.9681,3.5223,267920.0,267920.0
000922.SZ,20260420,2.2664,0.99,38.9517,2.1472,989658.8593,836476.4723
688585.SH,20260420,9.3779,1.58,1263.5241,38.5507,5191265.4394,5191265.4394
688226.SH,20260420,14.8691,0.94,335.8822,6.2341,1068091.8922,1068091.8922
600256.SH,20260420,2.8504,0.66,19.9189,1.6474,3924689.8199,3924689.8199
600030.SH,20260420,1.077,0.67,11.5501,1.3155,38978038.1603,32024329.0616
603057.SH,20260420,4.2448,1.03,49.8112,5.7837,1176260.0,1176260.0
000828.SZ,20260420,0.8317,0.57,12.5978,1.0185,1037437.958,1037437.958
002183.SZ,20260420,11.9859,1.03,,1.7724,1615339.6546,1615330.3246
002617.SZ,20260420,4.2495,1.26,55.3403,2.373,1494883.2052,1470177.8788
301089.SZ,20260420,3.1299,0.74,,2.3703,351793.71,251506.7751
300688.SZ,20260420,3.0219,0.82,,11.2545,416607.4859,369313.982
688682.SH,20260420,6.5886,1.12,,8.2318,508685.2805,508685.2805
688167.SH,20260420,8.08,0.97,,15.2969,3404597.6453,3404597.6453
688689.SH,20260420,5.1408,0.79,59.4441,3.957,477846.7536,477846.7536
300644.SZ,20260420,3.6898,0.67,25.6281,3.1208,339461.9955,271770.6559
300222.SZ,20260420,2.6093,1.23,101.0408,4.9673,878679.5132,715564.1617
920184.BJ,20260420,4.4706,1.24,101.9106,3.5113,220801.8255,148797.4736
600533.SH,20260420,2.4977,0.68,,0.782,252000.0,252000.0
002736.SZ,20260420,4.5279,3.63,10.6092,1.2012,11747279.2898,11025456.4954
688220.SH,20260420,9.6762,2.07,,7.2212,3941230.9762,3478030.7861
920418.BJ,20260420,4.0516,1.99,28.1372,4.6022,424097.856,406353.2777
300337.SZ,20260420,15.7274,1.81,140.1802,6.8418,1209906.2136,1047195.7997
300871.SZ,20260420,12.4699,0.81,22.2543,2.5919,563381.9247,563381.9247
920407.BJ,20260420,9.724,2.37,87.4466,6.0058,164108.048,66810.4402
300500.SZ,20260420,4.1071,0.95,,1.6713,185631.1852,178827.018
603125.SH,20260420,2.0277,0.9,46.5425,3.007,735992.5298,735992.5298
688300.SH,20260420,6.4737,1.06,78.2221,13.4215,2289127.9212,2289127.9212
603072.SH,20260420,2.1382,1.07,66.2463,4.6232,989464.32,472605.12
300664.SZ,20260420,3.9111,0.8,21.427,1.0679,470391.4385,467896.5965
003006.SZ,20260420,3.8228,1.31,35.6242,4.998,787544.3991,785574.2448
002546.SZ,20260420,6.5317,0.98,13.2934,1.9234,747307.99,717903.958
300899.SZ,20260420,1.8461,0.77,95.0834,4.0681,258960.872,166200.428
300287.SZ,20260420,1.4449,0.96,,5.6875,611426.6422,561562.5584
603169.SH,20260420,2.2327,0.75,182.8328,3.9151,1295841.4636,1295841.4636
920523.BJ,20260420,3.6653,1.03,17.0242,3.5421,252443.0115,201950.4639
002199.SZ,20260420,2.4964,0.84,,11.9102,227131.7247,227131.7247
002758.SZ,20260420,2.076,0.93,11.5603,1.0573,505832.4365,505250.1909
688307.SH,20260420,16.9533,1.67,125.3752,8.7555,790443.696,790443.696
603341.SH,20260420,2.6217,1.03,34.8413,2.833,2038626.1022,1038496.2537
300784.SZ,20260420,2.3528,0.64,44.6596,3.5599,284899.6816,85761.5541
688553.SH,20260420,4.4239,0.83,,2.1862,821784.0,666467.0665
300109.SZ,20260420,3.2331,1.31,38.2022,2.4918,915039.4853,846654.8773
000070.SZ,20260420,27.6854,0.89,,12.5579,1893425.0303,1868891.6258
300566.SZ,20260420,1.8654,0.87,26.2132,2.3685,492494.5866,425932.5298
600227.SH,20260420,9.4317,0.86,,2.4754,592743.4174,448437.5309
688177.SH,20260420,2.6008,0.6,,25.2328,937477.12,937477.12
601186.SH,20260420,1.2971,1.36,5.1027,0.3418,9369883.635,7937239.395
600506.SH,20260420,3.0954,0.69,310.8453,9.1634,406504.0833,406504.0833
600892.SH,20260420,0.7055,0.56,,265.8861,200847.6435,200795.7134
002290.SZ,20260420,7.2253,0.97,112.9144,19.0566,1844715.1736,1837902.6689
600787.SH,20260420,1.2041,0.83,21.1619,0.8297,1154482.3376,1154482.3376
600985.SH,20260420,2.3478,1.57,23.8389,0.8662,3590113.8591,3590113.8591
002581.SZ,20260420,1.3479,0.75,,2.6151,488864.0692,296986.2503
002803.SZ,20260420,7.1486,2.07,31.2384,3.2049,864778.153,554273.8099
603077.SH,20260420,6.5712,1.49,,1.5855,2879125.3093,2879125.3093
000919.SZ,20260420,15.3046,0.57,90.8986,1.2973,490076.5281,489952.1817
603629.SH,20260420,38.9419,1.23,149.7986,14.8261,2814168.96,2755508.256
300581.SZ,20260420,4.7912,1.51,,7.6119,727244.8198,727244.8198
603733.SH,20260420,2.4053,1.3,15.7488,1.834,1519483.8402,1519483.8402
688660.SH,20260420,3.0222,1.24,,4.1641,1724000.0862,1724000.0862
920021.BJ,20260420,18.626,1.65,343.6269,5.3802,346079.981,277261.2338
300616.SZ,20260420,1.8989,1.06,,0.8765,275705.6234,190350.1212
300561.SZ,20260420,12.5769,0.73,,10.1736,593219.2188,435832.0938
688227.SH,20260420,36.0073,5.02,,10.3967,1318902.8382,1318902.8382
002826.SZ,20260420,3.0896,0.79,46.963,5.0276,403283.4413,387001.2428
002027.SZ,20260420,1.0108,0.69,16.4968,6.2612,8954163.8301,8954163.8301
603386.SH,20260420,4.4457,1.19,,3.4733,472841.3894,472841.3894
300456.SZ,20260420,12.3157,1.07,27.5452,6.0268,4058657.4018,3311659.4079
000657.SZ,20260420,16.1203,1.22,104.156,13.721,13338950.1576,8505424.9521
603395.SH,20260420,2.7029,0.81,268.8367,5.2192,730080.0,182520.0
688027.SH,20260420,4.3886,0.86,11333.2156,18.8306,6110766.3474,4774880.573
603429.SH,20260420,1.6903,0.72,,4.2005,531828.2615,531828.2615
300917.SZ,20260420,6.6011,0.76,43.007,4.832,561756.0,561756.0
301266.SZ,20260420,9.7294,1.57,157.8765,2.59,460706.0901,437047.6151
688399.SH,20260420,5.2147,1.35,,1.719,503649.6846,503649.6846
603737.SH,20260420,1.521,0.94,54.5368,12.601,3627848.5147,3627848.5147
601158.SH,20260420,0.7349,0.78,25.8757,1.22,2092811.0543,2092811.0543
603897.SH,20260420,20.0892,0.94,39.9322,4.3532,1046835.3384,1046835.3384
600539.SH,20260420,13.1078,0.73,,12.7132,381340.0,381340.0
001299.SZ,20260420,21.9567,0.53,35.252,2.9775,361288.8843,325197.4794
002406.SZ,20260420,2.2814,0.77,35.8996,1.3769,560812.863,462499.5057
300121.SZ,20260420,3.3366,0.86,29.1266,1.6268,574798.0429,554303.5909
003011.SZ,20260420,3.6105,0.64,17.8135,1.7499,247346.484,188115.8373
688334.SH,20260420,2.8525,0.68,28.0913,2.4018,698690.8815,346288.6685
000021.SZ,20260420,6.1241,0.91,44.6336,3.5914,4573590.3074,4572858.9516
688371.SH,20260420,1.4951,1.0,234.6383,3.5881,708853.0882,708853.0882
603360.SH,20260420,10.2418,3.6,78.5234,11.2621,1696349.2169,1696349.2169
002928.SZ,20260420,4.2926,1.21,19.0233,2.7712,1105678.9408,1105673.4264
688515.SH,20260420,4.3816,1.08,,6.9317,1040640.0,648050.7552
000875.SZ,20260420,2.0021,0.91,52.432,1.4124,2455662.2138,2262808.095
600521.SH,20260420,3.9885,1.0,92.1537,2.6538,2459985.2594,2459985.2594
300215.SZ,20260420,8.6269,0.75,,3.1283,613508.1392,409393.8543
001306.SZ,20260420,8.4937,2.02,,3.3109,431155.116,106328.4565
300884.SZ,20260420,3.5204,1.4,,2.7177,343730.2583,259168.9856
688488.SH,20260420,5.6386,0.79,,8.1785,788967.765,788967.765
002663.SZ,20260420,5.4744,0.66,,1.5874,375690.0606,281850.4819
600221.SH,20260420,1.6351,1.73,32.5276,12.2307,6439129.2477,6383981.725
002572.SZ,20260420,1.7944,0.99,13.9229,1.6952,1254850.4547,848857.0969
002112.SZ,20260420,18.6485,1.14,78.9229,7.4712,650618.3958,579719.9646
600187.SH,20260420,2.8928,1.25,156.6434,0.9081,288866.8174,288866.8174
002759.SZ,20260420,10.521,0.68,210.4211,5.2611,1729268.6046,1727748.2441
600737.SH,20260420,1.6382,0.86,22.855,2.769,3122718.4129,3122718.4129
688390.SH,20260420,6.6733,1.27,159.4702,7.9068,2169816.4112,2169816.4112
300394.SZ,20260420,9.4178,0.93,144.3252,52.8774,29114225.118,29055671.8557
920682.BJ,20260420,8.7965,3.65,31.0972,2.594,300468.48,174247.5702
688302.SH,20260420,1.7876,0.63,,4.2179,448837.7057,448837.7057
300564.SZ,20260420,2.6354,0.92,167.4963,2.0268,244715.1584,171711.8848
601009.SH,20260420,0.8081,1.32,6.4009,0.7689,13958467.4196,13958467.4196
603300.SH,20260420,4.2691,0.97,21.8333,2.1726,1414153.1369,1414153.1369
002195.SZ,20260420,4.3756,1.46,306.3951,5.2994,5290627.5314,5225977.1773
301295.SZ,20260420,10.4979,1.01,205.1321,4.5015,429508.8,125273.4
002573.SZ,20260420,0.9424,0.58,,0.8408,499589.2789,498699.8601
002374.SZ,20260420,3.2399,1.85,,5.0691,346181.7613,346181.7613
300792.SZ,20260420,7.6809,1.59,81.5927,2.9866,877635.8719,787224.7248
688155.SH,20260420,9.7445,1.32,32.3808,4.9429,1139188.4321,1139188.4321
603332.SH,20260420,19.778,6.06,40.9914,2.4146,314136.1112,314136.1112
301397.SZ,20260420,14.6512,1.18,51.0916,3.0059,589028.406,267671.8276
002645.SZ,20260420,11.4631,0.73,,3.5973,1435949.6237,1278826.2367
300527.SZ,20260420,2.6499,1.69,723.0399,2.8855,839852.3273,839852.3273
688716.SH,20260420,2.1398,0.94,345.3961,3.4612,409818.24,235514.7086
000717.SZ,20260420,1.1201,0.77,,0.7511,588994.4784,588925.3145
688793.SH,20260420,2.4041,0.72,,7.5846,183063.7425,183063.7425
300908.SZ,20260420,2.344,0.87,22.1667,2.3642,425152.0,359350.9163
601089.SH,20260420,2.3384,0.75,22.7542,2.8259,1068000.0,1068000.0
002168.SZ,20260420,0.8311,0.6,,205.4811,328564.4512,328564.4512
300230.SZ,20260420,1.8498,0.98,17.4454,1.2005,391155.6651,302944.622
000782.SZ,20260420,8.1359,1.54,,2.424,416754.976,320580.7512
300600.SZ,20260420,10.0305,4.67,,3.2867,395745.3756,395745.3756
002774.SZ,20260420,6.9165,2.51,38.0163,3.1439,377090.448,315584.5672
000972.SZ,20260420,2.494,0.85,,117.8082,307742.148,307742.148
000856.SZ,20260420,5.1998,0.87,94.7462,5.7225,247430.0,247430.0
603896.SH,20260420,1.2445,1.17,27.6433,1.6323,365958.2597,365958.2597
002430.SZ,20260420,4.2756,1.15,29.2316,2.8059,2773647.1101,2772453.0081
920152.BJ,20260420,3.4131,1.53,,8.7411,182155.0212,134415.7641
688376.SH,20260420,5.167,1.06,83.216,4.9814,968268.6671,968268.6671
002971.SZ,20260420,2.8936,1.02,105.4726,4.0033,636323.775,469986.0568
600963.SH,20260420,2.5765,1.28,,1.1268,857693.1128,857693.1128
600599.SH,20260420,6.666,0.75,,5.5988,64906.0,64906.0
688720.SH,20260420,5.5367,1.01,134.6539,6.5986,679508.0051,434723.1226
600284.SH,20260420,3.9365,1.08,20.8232,0.9279,735454.048,735454.048
000651.SZ,20260420,0.6503,1.11,6.5304,1.4903,20691592.8073,20372984.6276
300931.SZ,20260420,4.7568,1.06,,4.9381,316272.282,243612.6518
002809.SZ,20260420,5.4618,0.87,954.3629,1.3975,236280.4387,162265.1435
688103.SH,20260420,2.1452,1.2,79.9686,5.0281,564649.413,564649.413
600826.SH,20260420,1.5788,0.86,24.6745,1.6583,704641.1399,704641.1399
002182.SZ,20260420,3.5907,0.99,176.4448,3.0621,1646373.978,1436750.6853
001209.SZ,20260420,3.7607,0.92,105.9484,2.1108,271199.8486,198147.1394
601200.SH,20260420,1.4554,1.12,17.9455,0.9277,1082369.1218,1082369.1218
300866.SZ,20260420,3.0049,0.8,24.6494,5.9617,6273595.7686,3598338.324
000729.SZ,20260420,2.6335,0.56,21.5027,2.3323,3610548.8958,3214806.1404
000538.SZ,20260420,0.8669,1.06,19.0423,2.4507,9813444.3165,9751133.535
002134.SZ,20260420,5.316,0.67,356.5303,11.0253,565074.898,564708.3907
300727.SZ,20260420,4.8065,1.12,51.893,4.8548,631197.7774,567222.6214
000993.SZ,20260420,10.3734,0.84,97.6934,2.2366,575187.0275,552322.9504
600315.SH,20260420,1.1875,0.95,51.5008,1.9982,1378063.259,1378063.259
301026.SZ,20260420,3.0525,1.0,35.6875,2.9699,480836.3725,347271.1795
000810.SZ,20260420,3.5026,1.3,77.7612,2.15,1398637.8241,1350497.1088
301078.SZ,20260420,2.4046,0.7,37.7539,2.6415,1123731.5309,1118247.4749
000066.SZ,20260420,4.1573,0.85,,4.6092,5112891.5545,5112559.8932
300930.SZ,20260420,3.4644,1.13,53.502,3.295,302100.0,142364.628
605060.SH,20260420,14.609,1.07,65.48,6.0411,1490948.624,1480713.6588
300903.SZ,20260420,9.6587,0.73,,8.17,1635747.3172,1233780.6236
002042.SZ,20260420,10.0826,1.06,,1.4733,848639.9961,848639.9961
920188.BJ,20260420,25.3106,1.32,23.9849,2.7662,216529.2536,51642.2303
002650.SZ,20260420,1.2986,0.39,,4.8857,807064.1077,807036.7702
300289.SZ,20260420,2.2399,1.01,,2.237,366663.7422,366087.4722
600566.SH,20260420,1.2456,0.81,13.8541,1.6516,2287565.7293,2279846.9575
601886.SH,20260420,2.0885,1.37,18.0837,1.511,1103544.0064,1103544.0064
001234.SZ,20260420,6.4101,0.52,63.8288,3.2334,300668.8476,251402.154
600529.SH,20260420,0.6989,0.81,17.8503,1.4841,1231004.1796,1231004.1796
600843.SH,20260420,2.5191,1.37,,2.2775,693197.8186,456084.4936
600135.SH,20260420,9.4092,1.06,,2.6027,619150.6438,619150.6438
002239.SZ,20260420,2.1266,0.86,80.3109,1.8171,1015410.9127,999442.5414
603668.SH,20260420,2.722,0.61,256.2609,2.9799,702045.864,702045.864
300227.SZ,20260420,4.5633,0.87,,4.4189,700862.3558,509287.6493
002149.SZ,20260420,24.9715,1.01,329.9812,10.2681,2942955.6437,2942503.5437
600543.SH,20260420,3.1004,0.87,,2.0542,156064.32,156064.32
000908.SZ,20260420,2.6892,1.01,80.2461,336.8323,1256317.7732,628158.8866
301326.SZ,20260420,16.0725,2.21,,9.1492,1173171.4613,1162646.3588
600339.SH,20260420,6.8319,0.73,61.7498,0.8232,2199760.1036,2199760.1036
002307.SZ,20260420,4.5506,0.98,,1.7372,779872.4935,599901.9183
301065.SZ,20260420,4.2618,1.62,36.0128,1.8766,251903.52,205019.1
300265.SZ,20260420,38.6201,2.14,310.7756,4.2343,999731.6542,999087.849
603172.SH,20260420,3.2438,0.7,50.1866,2.5844,280898.28,105468.48
600605.SH,20260420,6.9439,0.94,259.4203,4.4078,625654.6072,625654.6072
688521.SH,20260420,6.1058,0.81,,38.6612,13220984.0479,13220984.0479
688187.SH,20260420,2.0082,1.17,17.3334,1.6713,7100712.2463,4543517.3802
300200.SZ,20260420,4.036,1.3,40.826,2.6043,424508.6079,417562.4017
002866.SZ,20260420,36.5101,1.26,89.8172,3.6819,770997.7677,482568.9035
002647.SZ,20260420,2.1605,0.35,36.2757,23.2199,1304356.5722,1171646.5722
002890.SZ,20260420,2.5962,1.15,182.4877,4.5464,273499.0076,259989.5781
600129.SH,20260420,1.3026,0.62,73.9979,2.548,892194.6233,892194.6233
603029.SH,20260420,3.4986,0.77,30.7458,2.4089,229457.722,229457.722
688166.SH,20260420,4.847,0.6,442.0833,9.7969,2410002.97,2410002.97
000957.SZ,20260420,4.7616,0.55,21.6217,2.3163,715635.0508,715635.0508
002905.SZ,20260420,8.4328,0.84,126.8268,44.1704,374438.4,347692.8
300878.SZ,20260420,6.0348,1.29,,3.8956,394987.9984,393170.1602
688228.SH,20260420,5.9184,0.92,,5.6644,741504.6925,741504.6925
001287.SZ,20260420,8.295,0.95,60.94,3.9179,2107202.969,2107202.969
600987.SH,20260420,1.5204,0.69,10.294,1.1294,756426.7849,756426.7849
603158.SH,20260420,16.5425,1.03,42.632,2.8668,665975.0908,665975.0908
603310.SH,20260420,1.0878,1.05,31.5536,1.4184,562558.86,316042.29
301177.SZ,20260420,2.4336,1.07,86.6293,1.8829,1172804.4315,1172027.3223
688469.SH,20260420,2.7118,1.88,,4.4502,5809202.2102,3069851.4
603221.SH,20260420,1.8272,0.74,42.2767,1.735,278775.6,276187.8
000630.SZ,20260420,4.4701,1.19,36.2027,2.364,8742975.4245,7265229.2368
002899.SZ,20260420,6.6748,1.61,69.9309,2.9135,507387.0186,507387.0186
002780.SZ,20260420,2.3022,0.68,,3.2793,248538.6546,196369.5938
000999.SZ,20260420,1.2485,0.53,13.3974,2.0672,4583255.9809,4579059.2843
688160.SH,20260420,5.2159,0.93,135.2063,7.5627,979988.6705,979988.6705
600713.SH,20260420,9.3737,0.48,12.1078,1.0539,756540.1239,745506.1178
002213.SZ,20260420,21.4016,0.82,,16.2676,885818.7516,770457.9233
603071.SH,20260420,2.515,1.27,11.7926,1.3899,776114.6288,776114.6288
000531.SZ,20260420,4.9861,1.21,23.3414,1.0467,706070.1031,616807.4409
920169.BJ,20260420,12.2642,1.69,85.187,7.6307,256944.2862,161554.1855
301578.SZ,20260420,2.3206,0.97,76.7515,2.9612,275665.0778,78383.7717
300111.SZ,20260420,2.9026,0.68,802.9525,7.4128,509735.4427,509735.4427
300607.SZ,20260420,2.7103,1.17,172.6521,4.4458,1275424.2297,902473.2886
002011.SZ,20260420,2.2762,1.61,11.3036,2.0525,1316479.4953,1297960.1499
601998.SH,20260420,0.8341,1.28,6.5481,0.6388,46241129.8414,33874052.4075
002413.SZ,20260420,14.5343,1.78,,5.6486,1857631.7408,1823966.1398
300145.SZ,20260420,7.9551,0.97,40.1615,3.4226,1006206.8269,1001274.2378
002690.SZ,20260420,1.6422,1.43,22.3527,5.4917,1607421.0558,790287.0613
002244.SZ,20260420,2.357,1.0,9.6724,1.0764,3198564.3189,2761104.5472
300753.SZ,20260420,3.7425,0.82,,5.2589,357598.176,249388.644
605155.SH,20260420,2.6529,0.93,26.9628,2.235,301103.2094,294068.059
300037.SZ,20260420,4.558,0.84,42.8412,4.4586,4700954.238,3368644.1422
002403.SZ,20260420,4.1743,2.35,,2.275,364483.2795,317962.7558
001217.SZ,20260420,4.4004,1.09,,1.7957,394261.56,390356.6301
000680.SZ,20260420,2.7221,1.06,14.1965,2.785,1719163.4334,1506621.6229
605318.SH,20260420,8.5331,0.98,,18.9655,1225732.294,1225732.294
603231.SH,20260420,2.297,0.99,19.4189,1.7543,342137.4206,189897.3098
300967.SZ,20260420,6.5798,0.48,,4.7977,335002.1989,222880.2998
301328.SZ,20260420,9.6783,1.23,68.4312,3.4882,677713.7942,677705.4687
301027.SZ,20260420,4.6821,0.74,173.5317,3.5697,340011.0,273494.4306
300969.SZ,20260420,6.433,0.85,81.791,10.6091,1466147.1648,663500.54
301039.SZ,20260420,1.8004,1.13,19.0002,1.1661,1716697.9687,1330423.59
600371.SH,20260420,3.5108,0.91,462.9178,4.7916,256590.906,256590.906
300674.SZ,20260420,1.9669,0.93,33.6342,3.183,1452469.7148,1450313.591
300305.SZ,20260420,2.471,0.75,,1.1916,236126.834,202208.3392
601096.SH,20260420,4.329,0.91,40.508,3.2252,1503437.1595,923352.816
688501.SH,20260420,2.4986,0.81,18.207,2.922,329447.352,329447.352
688141.SH,20260420,3.9155,0.77,,19.5823,2986532.9109,2986532.9109
300203.SZ,20260420,1.5573,0.81,230.7407,2.1778,620155.3632,619645.3016
603825.SH,20260420,0.8014,0.85,,12.8048,210522.6747,210522.6747
600668.SH,20260420,6.2896,1.98,11.9892,0.897,493829.1104,493829.1104
603848.SH,20260420,1.8072,0.86,31.0697,2.497,625339.7181,625339.7181
300290.SZ,20260420,5.7236,0.76,,12.8017,993504.6797,993209.4155
603877.SH,20260420,3.6008,2.35,37.7303,1.547,705671.451,703046.6929
920639.BJ,20260420,4.9379,2.0,88.8556,1.9071,162489.6,95715.429
000909.SZ,20260420,1.4095,0.5,,4.7206,292393.1157,292390.6608
688060.SH,20260420,2.075,1.08,,3.1664,283919.664,283919.664
600331.SH,20260420,4.4428,0.97,,14.3601,4525060.8,3480816.0
688281.SH,20260420,1.9439,1.02,67.5609,4.562,2117601.5741,2117601.5741
002675.SZ,20260420,2.6858,0.63,58.9693,2.6519,1153609.3913,1039994.2076
920001.BJ,20260420,7.1842,1.71,,3.5134,251074.2373,144921.1267
603818.SH,20260420,3.5781,1.28,,1.0726,233424.9107,233424.9107
002485.SZ,20260420,2.1292,0.85,,2.245,264384.0,264384.0
600480.SH,20260420,6.2826,0.63,18.6903,1.7819,1388515.1091,1377848.9654
002577.SZ,20260420,1.2152,0.74,409.5082,3.7932,440960.848,440937.283
002281.SZ,20260420,16.2347,1.26,105.6894,9.9077,9684142.4028,9357625.6948
603276.SH,20260420,2.1204,1.08,85.919,2.0109,350512.3509,127684.2497
002556.SZ,20260420,3.4545,1.01,31.1816,1.6758,603878.535,603306.2975
300245.SZ,20260420,8.3929,0.79,,3.6174,426459.8567,425521.2171
002630.SZ,20260420,7.083,1.3,,10.8137,260956.8,227690.308
002703.SZ,20260420,11.2134,1.02,93.1014,8.1024,1680637.9605,1197296.2152
688350.SH,20260420,2.6238,0.89,270.6613,2.2905,411685.0609,411685.0609
300876.SZ,20260420,4.6287,1.68,,2.8927,295283.2593,220280.9193
603048.SH,20260420,9.5541,1.78,108.8069,2.6843,338999.04,338999.04
601015.SH,20260420,6.6188,0.87,,1.4272,804744.0698,804744.0698
603270.SH,20260420,3.2274,0.75,39.3162,2.5606,578660.7075,186762.7175
301071.SZ,20260420,18.487,2.16,184.8148,2.4518,1297717.7526,970246.5167
601666.SH,20260420,2.5439,1.5,32.7122,0.8322,1911287.6702,1911287.6702
603655.SH,20260420,5.6886,1.18,105.5954,7.8432,435236.0,435236.0
603267.SH,20260420,4.8017,1.19,49.4993,2.7977,1236976.0149,1236976.0149
603008.SH,20260420,8.5289,0.78,13.6884,1.2709,474360.6563,474360.6563
920118.BJ,20260420,2.3635,1.52,41.6277,1.9153,108713.856,66940.3176
301359.SZ,20260420,5.5584,1.82,65.7,3.1095,265709.136,157306.0789
603153.SH,20260420,1.2796,0.93,22.2457,1.8723,678320.1304,668256.1797
002555.SZ,20260420,3.8334,1.02,16.6668,3.5715,4833739.333,3468379.0851
300830.SZ,20260420,4.7028,0.95,360.4049,3.6522,498611.3847,372141.5883
002811.SZ,20260420,2.9873,1.14,31.3842,3.0376,426538.4569,392111.1934
301499.SZ,20260420,12.775,0.92,93.4963,3.8176,494952.4203,123738.1069
002667.SZ,20260420,11.016,0.67,,16.2483,751285.2945,682149.513
002523.SZ,20260420,2.1818,1.3,48.502,2.3298,583656.0096,581555.5854
600272.SH,20260420,1.9557,0.54,250.5212,4.1735,324112.5001,197440.0
600969.SH,20260420,3.8701,0.93,,1.0329,375971.2917,375971.2917
300439.SZ,20260420,1.1332,0.44,40.3634,1.2859,380091.308,289116.3984
600022.SH,20260420,1.774,0.84,,0.8562,1615526.2827,1615526.2827
688146.SH,20260420,13.757,1.16,103.0797,6.2053,3577235.2961,979567.9794
688698.SH,20260420,5.0075,0.79,55.9544,6.2584,1470336.4574,1470336.4574
603363.SH,20260420,3.3066,0.61,5.9463,3.2246,1077626.196,887254.1826
300007.SZ,20260420,4.4864,1.44,92.4923,5.0124,1468921.0468,1269297.0525
000595.SZ,20260420,6.2111,2.01,92.3816,16.0388,769731.7034,769731.7034
300856.SZ,20260420,1.5404,1.38,47.857,2.2581,604122.7732,583864.2412
603283.SH,20260420,7.0872,0.67,28.7041,4.3645,1378106.4357,1378106.4357
603381.SH,20260420,8.4762,1.63,61.6007,1.5828,566093.5938,339140.5188
002340.SZ,20260420,2.7672,0.83,35.2366,2.1002,4317420.1469,4294008.3262
688330.SH,20260420,3.6635,0.97,10.9693,1.6023,700700.0,700700.0
002927.SZ,20260420,10.5952,1.2,240.8675,3.9395,407772.1129,403288.0191
301392.SZ,20260420,20.1024,1.2,691.585,21.0891,1539000.0,627849.0703
002014.SZ,20260420,0.6938,0.92,15.6073,3.1391,736827.7148,727234.0533
300902.SZ,20260420,9.1309,2.03,,4.1413,339972.3,226743.4354
001213.SZ,20260420,1.3667,0.84,31.5244,0.9361,1786666.6665,1786666.6665
002851.SZ,20260420,7.1463,1.5,274.2332,7.2888,6515656.0915,5131438.1136
300447.SZ,20260420,9.0667,1.49,218.5285,3.2446,648044.0281,418014.5911
002761.SZ,20260420,1.2933,1.03,52.4989,1.2756,1077120.6954,879494.3879
920145.BJ,20260420,5.2469,2.21,,4.2543,109140.85,75173.371
600309.SH,20260420,1.6391,0.83,21.8757,2.5303,27404148.614,27404148.614
300106.SZ,20260420,3.2538,0.7,,5.3459,206260.3346,206260.3346
600271.SH,20260420,2.6412,1.31,,1.2292,1628685.5968,1628685.5968
600095.SH,20260420,3.6598,2.05,59.1396,2.2389,2744820.2333,2744820.2333
301083.SZ,20260420,2.7935,1.02,80.3798,3.701,309132.2672,148790.0357
603075.SH,20260420,3.9506,1.25,28.637,4.2544,925308.6722,94822.4067
002033.SZ,20260420,39.1014,1.89,28.3656,2.3663,605538.7635,605527.1595
688195.SH,20260420,12.1943,1.3,647.941,46.2961,4574074.7,4574074.7
002856.SZ,20260420,7.8149,1.08,,19.2468,159939.7391,146455.0516
002600.SZ,20260420,7.9732,2.74,46.7668,4.4505,10698956.1835,10540121.1403
600754.SH,20260420,2.1986,0.7,31.2702,1.8082,2893933.977,2459003.587
002789.SZ,20260420,3.1424,0.76,,,213257.0147,209038.7083
688072.SH,20260420,2.7048,0.93,121.2027,18.2987,11263620.3701,11263620.3701
300240.SZ,20260420,2.843,0.94,,1.7793,262695.0057,256908.8675
301683.SZ,20260420,30.803,1.01,39.6793,3.5476,820513.2,185453.45
301329.SZ,20260420,3.2813,0.85,65.6323,2.5897,404565.4,142486.888
300405.SZ,20260420,3.1181,0.74,,4.1101,172045.466,132388.1322
002393.SZ,20260420,3.4425,0.79,14.5165,1.3278,604298.7337,587198.796
920826.BJ,20260420,7.1882,1.32,32.5731,4.0634,154988.9428,68909.3437
300724.SZ,20260420,5.0232,0.94,11.1504,2.8535,3823549.6419,3158529.2211
001288.SZ,20260420,5.7487,0.99,34.0424,2.9203,666357.7913,430986.0977
603214.SH,20260420,2.66,0.74,27.2975,1.8833,222356.7578,222356.7578
688677.SH,20260420,12.3515,0.96,60.5869,7.7134,1039693.221,1039693.221
300780.SZ,20260420,12.5842,0.89,,3.5702,365501.64,267977.2499
300365.SZ,20260420,2.5686,0.61,,2.1853,355114.4376,302940.9733
300948.SZ,20260420,6.6984,2.27,,3.3056,323983.927,305396.6865
920454.BJ,20260420,3.2154,1.4,56.9468,4.7486,156178.6,93884.1798
605299.SH,20260420,31.9165,0.94,94.1756,6.592,840142.0517,840142.0517
300663.SZ,20260420,2.4945,1.24,,8.5044,643038.7313,617779.1935
688597.SH,20260420,1.6093,0.97,40.1304,3.6477,305478.7909,305478.7909
301489.SZ,20260420,9.8197,0.89,238.2306,16.3201,1768509.6873,1042449.3513
920022.BJ,20260420,4.1683,1.64,23.9542,3.8479,164977.935,45442.025
600035.SH,20260420,0.6314,0.6,9.1107,0.689,613454.1583,613454.1583
688091.SH,20260420,6.8564,1.52,173.8861,7.799,1115166.1378,1115166.1378
002662.SZ,20260420,2.4314,0.99,25.1961,1.4095,627000.0,626992.0998
600482.SH,20260420,3.8371,0.74,46.7015,2.1545,8664701.1258,8664701.1258
603713.SH,20260420,1.8724,1.08,15.0164,1.9875,940859.339,940859.339
301210.SZ,20260420,17.3987,1.78,79.3068,2.3174,422926.8925,160381.8574
300798.SZ,20260420,22.4911,1.06,,3.2511,546227.81,444350.1876
688538.SH,20260420,1.2516,1.14,,3.921,3162361.2161,1317261.981
002888.SZ,20260420,3.5046,0.81,166.9044,7.4035,281555.9867,142878.1991
301173.SZ,20260420,1.8747,1.08,22.38,2.5323,387263.5097,135923.5575
000791.SZ,20260420,8.7794,0.83,12.9978,1.7717,2666436.2679,1591078.2311
002625.SZ,20260420,1.4617,0.87,121.1875,9.1536,8734699.1925,8734660.6795
600373.SH,20260420,2.7351,2.63,40.2203,0.6326,1125044.5304,1125044.5304
300507.SZ,20260420,3.3723,1.35,58.9271,3.2729,704569.2782,681992.5411
605338.SH,20260420,1.9358,0.61,22.1458,2.5868,604666.2549,604666.2549
603489.SH,20260420,12.978,2.24,113.1942,3.3405,899759.9495,899759.9495
301303.SZ,20260420,2.8637,0.72,19.4104,1.9496,656124.0,163284.3781
002158.SZ,20260420,1.9416,0.89,28.2864,3.0382,1328789.4854,1325964.0653
688356.SH,20260420,2.8087,0.83,104.638,5.0279,663336.7059,663336.7059
002637.SZ,20260420,4.4346,1.01,33.9208,1.4866,561188.393,528168.718
601005.SH,20260420,1.2053,1.1,,0.8972,1248098.6911,1172222.7559
920171.BJ,20260420,19.4255,1.1,465.886,10.1893,223119.1811,150548.7875
688443.SH,20260420,4.7534,0.88,,7.0272,1113240.48,354240.48
301390.SZ,20260420,4.7816,0.81,86.9835,2.2529,214740.0,109789.1177
300029.SZ,20260420,5.4541,1.99,,,82007.1585,81947.3423
002910.SZ,20260420,3.1089,0.89,,2.024,211182.4948,184746.906
603357.SH,20260420,1.1476,1.01,12.5078,1.1522,457431.5737,453372.0145
688233.SH,20260420,6.0836,1.11,127.6829,6.893,1302838.8804,1302838.8804
600563.SH,20260420,4.7844,0.78,23.78,4.7013,2835000.0,2835000.0
688016.SH,20260420,1.7833,0.69,21.7127,3.0013,1223129.987,1223129.987
603630.SH,20260420,2.8574,1.09,,1.9546,373389.1936,373389.1936
300709.SZ,20260420,4.8051,1.07,45.6248,3.395,779289.14,625197.4595
600981.SH,20260420,2.5417,1.12,40.5373,1.3176,668245.0912,668245.0912
300888.SZ,20260420,2.6345,1.21,22.539,1.715,1970604.0703,1968465.2469
600176.SH,20260420,8.1608,1.13,38.6367,4.0824,12693946.5645,12693946.5645
300066.SZ,20260420,3.3462,0.99,48.4602,2.6339,688502.0194,660741.7465
002691.SZ,20260420,3.2222,1.06,,2.9357,249220.0,246273.5636
600968.SH,20260420,2.5056,0.76,11.0959,1.4573,4310004.1804,4310004.1804
001277.SZ,20260420,3.8917,1.33,31.4723,1.7503,272460.0,163294.9181
000831.SZ,20260420,6.494,1.55,532.6956,11.9323,5767735.086,5767735.086
603917.SH,20260420,2.29,0.95,265.1637,1.5985,268457.28,268457.28
002788.SZ,20260420,15.6519,0.58,19.0875,1.8142,587825.8216,577654.0209
000848.SZ,20260420,2.1234,0.84,13.3572,2.6117,842520.0611,835205.0051
600168.SH,20260420,1.939,1.39,52.8223,0.9127,490738.3991,490738.3991
601568.SH,20260420,1.6607,1.0,78.3616,1.4006,1604777.7785,1604777.7785
601086.SH,20260420,8.4711,2.3,83.1075,3.6327,584082.0,584082.0
002189.SZ,20260420,4.1843,2.51,,10.2725,540682.4951,540601.0365
688613.SH,20260420,3.1725,1.25,215.4531,1.9759,283333.7517,283333.7517
300933.SZ,20260420,3.7332,0.95,207.7518,2.0723,444237.4486,444237.4486
600510.SH,20260420,5.223,1.66,94.7311,0.9564,995904.566,995904.566
002157.SZ,20260420,3.8846,0.63,,2.6552,3117304.7925,2439022.701
301319.SZ,20260420,32.9915,2.08,101.8673,7.4562,874267.5514,657114.7276
301283.SZ,20260420,5.3911,1.19,20.9459,2.3654,400480.7536,315118.713
300957.SZ,20260420,2.2342,0.9,43.364,2.6234,1561813.2,1561813.2
600623.SH,20260420,3.6258,1.16,29.8225,0.9455,2095234.4734,1851646.2815
301115.SZ,20260420,3.2179,1.22,128.6044,1.5569,393110.2287,331510.3014
002277.SZ,20260420,1.9177,1.06,,1.2069,811408.5696,811408.5696
002219.SZ,20260420,6.154,1.0,303.2723,4.0597,799422.0937,772202.3179
600681.SH,20260420,2.5028,0.67,15.966,1.5271,536341.924,535923.5088
000089.SZ,20260420,0.5053,0.79,24.0432,1.2139,1404777.1137,1404758.5461
300479.SZ,20260420,2.3622,0.84,226.6367,6.7639,380485.9103,380268.6728
600319.SH,20260420,2.1823,1.2,,7.3034,294271.4225,294271.4225
002891.SZ,20260420,6.7306,0.77,30.335,4.0034,1350361.0445,1350361.0445
301133.SZ,20260420,7.934,1.19,123.0235,4.0695,557653.2708,510225.2337
300982.SZ,20260420,7.7693,1.68,498.2051,1.5499,449942.2274,421532.3954
600081.SH,20260420,2.2939,1.69,321.7442,1.3243,606116.6823,606116.6823
603662.SH,20260420,2.5144,1.13,49.6615,5.8426,1608874.3138,1608874.3138
300716.SZ,20260420,4.6106,0.97,,,222907.86,222907.86
601016.SH,20260420,7.0573,0.92,29.8081,1.5243,2683215.7809,2475661.3502
688092.SH,20260420,2.1049,0.91,47.7816,3.6872,243279.3868,243279.3868
002121.SZ,20260420,2.6223,0.91,,35.4566,1263881.4996,1065339.9982
002282.SZ,20260420,1.208,0.81,23.7406,1.0148,367206.3286,351988.2675
001223.SZ,20260420,8.222,1.19,81.1954,2.8315,551710.32,551710.32
300460.SZ,20260420,3.3078,1.74,,4.6081,257216.6939,257216.6939
002069.SZ,20260420,2.4874,1.04,,149.5093,270933.7459,270592.3699
300099.SZ,20260420,8.3542,1.65,38.9873,2.9942,714410.0321,563297.3755
301051.SZ,20260420,2.4251,0.78,,2.089,460705.6017,365327.0749
603109.SH,20260420,8.2943,1.21,38.6386,2.6477,516899.691,516899.691
002873.SZ,20260420,4.599,0.45,259.335,1.8809,236292.4842,232020.4505
688190.SH,20260420,2.4758,0.9,35.883,4.0198,1056360.0,1056360.0
920139.BJ,20260420,4.826,1.4,,4.8983,511255.5226,493086.8002
002310.SZ,20260420,5.6255,0.69,,11.4801,1763800.7024,1263908.7789
300415.SZ,20260420,4.9193,1.89,15.6838,3.2877,1115646.322,1078812.383
002569.SZ,20260420,2.6656,0.97,,69.331,200029.89,194399.4743
600279.SH,20260420,1.3004,0.77,119.428,0.8649,582751.345,582751.345
002682.SZ,20260420,4.4788,1.1,,3.1434,338545.8936,338540.8368
600802.SH,20260420,2.1932,0.64,,2.3471,259826.8428,259826.8428
300805.SZ,20260420,3.6146,1.29,110.0973,2.928,457124.1977,310554.4061
300520.SZ,20260420,5.7958,0.66,,6.1296,1084603.2009,1032523.3202
002330.SZ,20260420,2.8052,0.79,,1.3201,302410.078,302345.0683
688577.SH,20260420,2.794,1.4,162.3084,7.5823,769721.8855,769721.8855
301151.SZ,20260420,1.9106,1.02,39.4114,1.5584,318910.7367,318608.26
603599.SH,20260420,2.3909,1.11,17.1008,1.2436,1239786.8479,1239786.8479
000547.SZ,20260420,25.1281,1.69,,9.7758,4595596.2734,4568723.0533
002453.SZ,20260420,1.8231,0.74,,4.3169,395622.7904,298415.6472
002493.SZ,20260420,1.6744,0.79,161.7285,2.7252,11907415.1668,11159740.6168
002810.SZ,20260420,7.0123,0.83,60.8469,4.0948,915234.5726,848143.1398
605080.SH,20260420,6.3539,1.73,17.2255,1.6038,352719.7733,349755.1904
300590.SZ,20260420,1.4574,0.99,73.3846,3.0017,551441.1281,424880.5452
300697.SZ,20260420,3.6277,0.91,41.8641,5.6692,695252.48,323796.4612
300400.SZ,20260420,11.4468,0.84,81.2138,10.0178,682021.1238,679739.154
600365.SH,20260420,1.9144,1.65,,5.3043,143019.45,134593.2
000716.SZ,20260420,1.6251,0.91,90.5828,1.5223,387735.2858,380473.9336
603519.SH,20260420,5.0178,1.29,23.7579,3.0306,372059.9911,372059.9911
300925.SZ,20260420,8.6795,3.91,78.2788,3.7821,829980.5175,676721.2748
300153.SZ,20260420,12.5232,1.49,195.1643,10.3385,939520.0,934617.2264
688035.SH,20260420,16.4655,1.88,86.5672,4.008,931529.76,931529.76
301025.SZ,20260420,6.5892,1.36,727.5951,7.2444,448346.528,310408.8288
002083.SZ,20260420,10.18,0.58,22.9701,2.2636,1105674.366,1105305.5116
301311.SZ,20260420,3.435,1.69,,2.2963,410880.0,410880.0
600335.SH,20260420,1.92,1.11,21.6969,0.7918,913926.8908,913926.8908
301293.SZ,20260420,5.6857,1.01,171.6596,6.1769,1443762.7919,1128068.3552
300537.SZ,20260420,5.2728,1.87,,5.3714,485020.42,354394.6674
300658.SZ,20260420,16.3792,0.91,199.1923,5.4252,728420.6258,493650.1766
002733.SZ,20260420,12.1118,0.72,139.7708,4.311,1184534.5768,1137203.886
688071.SH,20260420,2.5063,1.02,,2.7181,275566.603,275566.603
601665.SH,20260420,1.1294,0.77,6.6348,0.8003,3790766.9954,3790766.9954
300523.SZ,20260420,3.1842,2.3,,4.9563,523667.3231,523038.8935
603197.SH,20260420,1.5489,1.05,28.4656,2.2809,717225.3997,707992.9142
000977.SZ,20260420,15.0272,1.87,44.501,4.9345,10737501.3014,10725474.1508
300795.SZ,20260420,1.764,0.86,25.9292,5.4132,354488.1298,206346.4009
600196.SH,20260420,1.2288,0.78,20.4963,1.4174,6908400.6638,5480530.5903
002329.SZ,20260420,6.8387,0.59,,3.8843,347112.4617,271212.1813
600757.SH,20260420,1.8478,0.97,10.4613,1.0596,1060730.3386,1060596.468
301598.SZ,20260420,2.7595,1.01,32.6966,3.9654,375175.3105,111778.9955
002949.SZ,20260420,4.9475,1.38,31.2714,1.9358,283288.4034,219474.9275
601816.SH,20260420,0.3613,0.82,18.5505,1.1956,24218211.2882,24218211.2882
688329.SH,20260420,3.1609,0.9,100.7475,2.3893,190298.0,190298.0
603050.SH,20260420,2.0155,1.0,31.1116,4.2748,802605.1941,802605.1941
603311.SH,20260420,10.9987,0.9,49.296,3.2541,447235.8877,447235.8877
603355.SH,20260420,1.8367,0.54,19.4255,2.753,1552758.4207,1552758.4207
000615.SZ,20260420,1.5757,1.34,,,618472.4718,320159.4737
002420.SZ,20260420,3.3433,1.17,53.4102,5.3028,326564.26,317250.1239
300154.SZ,20260420,3.7403,0.82,35.7892,2.0919,373580.372,261893.3488
300719.SZ,20260420,3.5053,1.02,459.5718,4.0333,418457.8889,295654.7373
301308.SZ,20260420,9.1163,0.77,240.3329,20.8929,15726749.5631,10295542.8271
301299.SZ,20260420,5.3978,0.9,62.5585,6.9896,410648.1886,302625.1103
301386.SZ,20260420,4.2307,1.03,38.9048,2.5431,377160.0,121230.0
301587.SZ,20260420,10.0207,0.72,88.4756,2.0627,408098.6708,203464.9208
688221.SH,20260420,4.8676,0.85,,8.0781,714321.4913,714321.4913
603931.SH,20260420,8.6963,2.85,48.3397,3.8232,616834.9526,616834.9526
688567.SH,20260420,1.6053,0.78,,1.812,1676726.5302,1676726.5302
688530.SH,20260420,25.8922,1.55,,6.6486,536150.1604,227056.9834
301363.SZ,20260420,4.4883,1.12,48.4065,4.1585,1520592.6641,997571.6404
920533.BJ,20260420,6.2643,1.47,87.7461,8.6462,319047.8803,178454.6045
600301.SH,20260420,8.7683,1.74,53.6296,7.2985,3279862.3786,1427615.506
600170.SH,20260420,2.5356,1.03,19.5368,0.766,2416975.6104,2416975.6104
603589.SH,20260420,0.7367,1.06,13.5404,1.4049,1471373.9011,1471373.9011
002442.SZ,20260420,2.4502,0.67,31.6434,1.5699,287881.8239,281803.1691
688169.SH,20260420,5.6558,2.25,22.901,2.2225,3114717.6497,3114717.6497
600149.SH,20260420,11.7069,1.36,156.7296,9.7372,241021.44,241021.44
300478.SZ,20260420,12.4915,3.3,,93.7691,380525.692,380525.692
002209.SZ,20260420,7.4079,1.42,25.4613,4.0658,333771.7169,262136.7719
601019.SH,20260420,4.9661,0.78,13.6526,1.0418,1602739.2,1602739.2
300237.SZ,20260420,1.5555,0.78,,,334524.2638,334521.1318
002212.SZ,20260420,1.4999,0.94,527.0311,0.953,886949.317,877471.1496
002347.SZ,20260420,7.737,0.74,,3.6997,423445.2096,413948.2539
688322.SH,20260420,3.6763,1.03,263.938,11.3411,3376029.9238,2681980.5151
688225.SH,20260420,1.4665,0.91,,3.9532,686417.16,686417.16
300692.SZ,20260420,10.489,3.05,77.202,1.7785,536973.6908,490012.4492
300768.SZ,20260420,2.6734,0.54,56.1518,3.1183,1104166.8019,721445.1209
600865.SH,20260420,3.4829,0.92,171.0239,1.8751,430795.1618,430795.1618
601898.SH,20260420,2.1714,0.87,12.0031,1.3405,21465776.0446,14817088.6476
301075.SZ,20260420,17.6266,1.82,,10.9364,652800.0,652800.0
603170.SH,20260420,1.3551,0.67,21.0807,3.7578,530413.26,530413.26
688010.SH,20260420,9.617,2.04,452.9399,3.3169,574971.0108,574971.0108
688119.SH,20260420,4.6919,1.6,,2.1467,604125.0,604125.0
301505.SZ,20260420,2.8503,0.9,118.9342,2.7066,263234.3793,179918.8072
301323.SZ,20260420,11.32,1.31,50.7747,3.3539,725288.7116,464845.5828
600502.SH,20260420,3.8728,0.68,6.6264,0.8475,1011038.4895,1011038.4895
301580.SZ,20260420,8.4098,0.91,45.8823,3.9822,830137.7432,561012.3677
300729.SZ,20260420,2.0333,0.96,18.9167,1.244,452978.4893,435039.1148
601388.SH,20260420,6.5403,0.92,234.9394,1.9903,911306.163,911306.163
600449.SH,20260420,1.8447,0.96,33.4784,0.8269,609680.8286,609680.8286
920526.BJ,20260420,44.8257,8.99,162.2594,10.2125,233792.9,148042.8829
301365.SZ,20260420,8.9279,0.87,96.3663,3.3157,557280.0,313879.7618
600608.SH,20260420,1.6429,0.6,,19.3658,75309.27,72907.06
688102.SH,20260420,9.6617,1.62,206.603,17.4769,3187357.0149,3187357.0149
300081.SZ,20260420,6.7168,1.08,,2.0039,212887.9868,212855.7524
603051.SH,20260420,5.4657,0.84,,2.1005,369816.066,369816.066
000966.SZ,20260420,4.008,1.06,,1.1315,1507288.1619,1412239.3811
600101.SH,20260420,10.0702,2.51,28.888,1.7245,531974.4593,531974.4593
605296.SH,20260420,4.7629,0.71,23.6882,3.1546,1582689.4847,1562241.0047
002144.SZ,20260420,4.3689,1.45,63.5551,1.2933,274865.731,214032.8062
300485.SZ,20260420,6.1076,0.59,397.0089,1.7161,578481.3464,328854.4356
688181.SH,20260420,4.7081,1.73,54.7801,2.1445,447958.0297,447958.0297
301609.SZ,20260420,8.5472,1.02,59.7546,6.4441,793551.36,178549.056
301345.SZ,20260420,3.3222,0.57,31.5182,7.1065,2572903.7812,826491.8271
600461.SH,20260420,1.2945,0.9,10.4931,1.2632,1252051.6964,1252051.6964
603117.SH,20260420,1.8215,0.74,392.1161,2.6587,273833.3681,273833.3681
600405.SH,20260420,1.8095,0.91,,15.4623,320509.8745,319092.4446
920906.BJ,20260420,5.4662,1.99,48.2753,2.7836,161125.6,82722.193
601956.SH,20260420,9.2036,5.09,51.04,1.5454,387888.7522,387888.7522
300389.SZ,20260420,6.9774,0.8,29.587,4.5488,745213.54,443044.1187
301123.SZ,20260420,11.3632,1.26,,5.4335,1561059.92,1554140.8
000663.SZ,20260420,3.0133,0.83,,2.1614,216487.7663,196951.669
605588.SH,20260420,5.4695,0.93,,4.2842,412760.7845,411769.8271
688248.SH,20260420,3.5149,0.88,78.7393,10.1638,3313659.6,3313659.6
601113.SH,20260420,6.052,2.64,14.7674,1.3089,520055.6984,520055.6984
688429.SH,20260420,3.5029,0.61,,4.3505,598001.196,179141.7642
000793.SZ,20260420,2.11,0.42,,48.4754,555234.237,545160.395
300444.SZ,20260420,16.7671,1.28,68.5556,6.9978,1271411.1433,989343.1448
000709.SZ,20260420,2.7659,1.31,24.6145,0.4584,2367200.7301,2366809.4391
002391.SZ,20260420,2.0187,1.13,,0.9463,403396.9736,288219.0236
003028.SZ,20260420,5.003,1.16,55.6286,2.3393,408374.442,199058.7919
001376.SZ,20260420,3.9683,0.81,42.1594,6.2884,735596.4,341149.4895
600116.SH,20260420,4.0961,1.7,45.7618,1.1285,1267750.7454,1267750.7454
605555.SH,20260420,1.9129,0.48,28.8782,2.5949,783223.7067,783223.7067
002100.SZ,20260420,3.1357,0.65,23.9354,1.5061,1079913.9484,1079913.9484
920807.BJ,20260420,6.8035,1.9,99.8223,2.4804,232988.28,158268.7311
600172.SH,20260420,17.1683,1.27,,13.0872,1292197.2905,1143525.152
920163.BJ,20260420,4.0424,2.58,38.1644,3.3832,169389.1506,79081.0523
605300.SH,20260420,0.8179,1.0,181.208,1.7265,494385.6735,494385.6735
920207.BJ,20260420,17.7643,1.8,3716.7593,10.6939,292442.54,178629.4925
002074.SZ,20260420,5.4603,0.63,21.7737,2.5464,7245570.5332,6934352.3418
301419.SZ,20260420,22.4545,0.91,88.9113,5.8871,565440.0,373786.9392
002693.SZ,20260420,8.8842,1.78,187.7117,8.6667,357462.5645,354266.1358
600215.SH,20260420,1.9619,1.33,,1.4869,298344.5206,298344.5206
301287.SZ,20260420,4.2222,0.78,30.2877,2.4888,288081.07,73592.4634
603718.SH,20260420,10.2918,3.01,15.6759,1.7713,268584.7364,267379.6364
600273.SH,20260420,2.355,1.28,11.8286,1.1487,1168376.4277,1168376.4277
920230.BJ,20260420,19.7912,0.83,110.6783,3.0433,127206.1962,59673.9057
300481.SZ,20260420,3.3976,0.78,32.89,1.7822,431946.0482,429311.9235
920765.BJ,20260420,6.3047,1.55,,4.3551,133248.478,80953.2904
920030.BJ,20260420,3.5837,1.61,,2.3968,104263.534,65572.3659
603206.SH,20260420,7.5809,0.81,105.8449,2.3059,523112.7794,523112.7794
601077.SH,20260420,0.436,0.68,6.8357,0.6322,8290610.0,6451916.9586
300738.SZ,20260420,13.5687,1.04,180.8231,6.3875,2393017.9211,2392265.0282
603977.SH,20260420,6.3072,0.97,36.9704,2.7309,932483.9838,932483.9838
600801.SH,20260420,1.6094,0.73,16.5615,1.4739,4725557.1102,3049678.7562
603335.SH,20260420,16.3743,1.26,59.1693,9.4251,286856.882,286856.882
603759.SH,20260420,2.072,1.03,16.4997,1.5308,435901.44,435901.44
002004.SZ,20260420,1.439,0.75,,1.0554,1023618.2217,972797.2448
301355.SZ,20260420,2.5986,0.67,350.7311,1.6278,245433.1934,126058.4284
300244.SZ,20260420,5.8572,1.49,,1.8895,1222459.7768,980853.9233
920786.BJ,20260420,8.4507,1.15,36.1547,2.4037,182921.375,124421.8981
300896.SZ,20260420,1.3473,0.84,26.9329,4.5848,3477085.373,2349350.1871
300687.SZ,20260420,5.8403,1.7,123.7652,3.2393,895238.2491,721357.4743
603203.SH,20260420,11.2754,1.71,47.3324,8.034,1172675.3485,1151835.7891
600850.SH,20260420,2.596,0.97,28.1979,2.9431,1418894.5737,1418894.5737
603703.SH,20260420,4.7491,1.62,,7.0371,582219.9144,582219.9144
600704.SH,20260420,1.2102,1.08,7.1059,0.6677,2699355.9026,2699355.9026
300539.SZ,20260420,9.8008,1.33,155.356,6.9292,819583.7237,666084.3405
000581.SZ,20260420,5.369,1.31,17.1062,0.9174,1827224.9598,1500481.0151
003002.SZ,20260420,3.1688,1.0,31.5177,3.8243,573600.0,524405.9847
603709.SH,20260420,3.0942,0.89,,4.1385,214331.24,212685.759
002092.SZ,20260420,2.8924,0.8,,0.7461,1605812.1005,1596838.205
603661.SH,20260420,2.0682,1.19,15.8046,1.1737,435975.1422,435975.1422
601992.SH,20260420,1.5596,0.75,,0.4582,1868609.9485,1458477.6962
688550.SH,20260420,3.9322,1.49,23.4565,2.2448,729103.573,729103.573
920396.BJ,20260420,5.9499,1.36,55.488,6.2409,226702.1459,161058.1757
001215.SZ,20260420,4.4001,0.91,68.6907,2.0567,384075.243,382582.8551
300211.SZ,20260420,1.6019,0.9,,5.4216,251349.8809,245689.8127
300071.SZ,20260420,7.1574,1.45,,35.2493,494472.6644,484964.9943
000608.SZ,20260420,3.8803,1.09,,1.4548,302215.0635,300407.3063
002687.SZ,20260420,13.8047,2.17,30.2575,1.6636,258447.0994,211657.4909
300785.SZ,20260420,20.7601,1.92,126.5737,5.6896,1074414.8779,660972.1419
600831.SH,20260420,2.4382,0.9,,1.693,248831.4472,248831.4472
603800.SH,20260420,9.6349,1.16,105.2876,11.521,992784.0,992784.0
300740.SZ,20260420,7.4261,1.85,60.7463,4.3873,920167.1437,847616.2562
603822.SH,20260420,3.1214,1.71,212.5767,17.7077,666387.7352,666387.7352
301418.SZ,20260420,2.9029,0.97,187.9716,1.8144,293626.6693,117863.0813
300834.SZ,20260420,21.9883,1.12,131.6696,2.9482,865700.5056,859955.2754
002876.SZ,20260420,5.9058,0.58,108.7175,2.1472,511917.2398,438484.1234
301313.SZ,20260420,7.3354,1.24,,5.0419,363121.434,264962.0938
301163.SZ,20260420,6.5592,0.98,71.4725,2.2674,257529.6,172714.1167
300172.SZ,20260420,3.4459,1.11,44.4011,1.8781,362716.56,280293.5213
300666.SZ,20260420,4.5814,0.91,83.3723,8.381,4164473.4404,3470633.3457
000514.SZ,20260420,4.1594,1.12,608.1562,1.1296,410916.46,410916.46
600282.SH,20260420,1.1439,0.9,12.1047,1.2524,3470946.2392,3470946.2392
000166.SZ,20260420,0.5365,0.81,12.4841,1.0635,11868933.7214,10681830.4678
688566.SH,20260420,3.948,0.61,23.9161,2.5489,618634.5432,618634.5432
600741.SH,20260420,1.1326,0.92,8.8318,0.948,6365349.7237,6365349.7237
688631.SH,20260420,6.3581,1.14,175.3593,5.0535,968559.75,384354.75
001317.SZ,20260420,8.4379,1.21,,4.3673,434331.9906,433903.7031
300789.SZ,20260420,4.3188,1.54,54.3065,2.9418,313447.0952,215494.2816
301192.SZ,20260420,7.2958,1.47,50.257,4.2245,269730.0,129245.625
003001.SZ,20260420,2.4443,0.54,60.8928,2.4713,296392.4058,179661.6627
603730.SH,20260420,4.8947,0.89,34.5783,4.7268,2157180.3018,2157180.3018
688707.SH,20260420,5.4637,1.69,,1.8681,744795.6601,744795.6601
300752.SZ,20260420,4.6343,0.58,58.4175,3.6249,441688.4819,303992.3752
920873.BJ,20260420,2.1377,0.83,,4.8943,126084.1156,98480.8567
300445.SZ,20260420,3.6537,0.91,44.7153,3.6439,466921.1686,308933.2454
000025.SZ,20260420,1.3449,0.85,45.9828,3.8708,699607.6534,637479.2134
300017.SZ,20260420,10.3976,0.78,57.4006,4.4214,4589333.2839,4301510.9047
300867.SZ,20260420,8.0499,2.29,23.2756,1.4778,572286.6576,403568.1931
300803.SZ,20260420,4.7024,0.87,269.7716,22.4351,6148531.8789,6103634.9721
002077.SZ,20260420,5.1877,0.9,210.3416,2.7865,934361.1059,934361.1059
300256.SZ,20260420,2.2779,0.77,,8.7262,809816.4388,800891.4388
002187.SZ,20260420,2.8183,1.08,,1.1075,439460.9349,439460.9349
002895.SZ,20260420,3.0961,0.99,17.5391,2.8828,2210346.4852,2170419.49
603129.SH,20260420,2.0115,0.89,24.8691,5.2288,4185167.9815,4185167.9815
300469.SZ,20260420,3.8169,1.09,,35.8482,1366058.2485,1366023.7447
300532.SZ,20260420,2.607,1.03,22.9195,3.0062,538932.169,512521.4178
002154.SZ,20260420,1.8778,0.82,16.9207,1.1782,534116.1448,431796.7635
600198.SH,20260420,2.1494,1.09,162.9813,40.9364,1122402.6488,1120978.7812
600556.SH,20260420,5.1563,1.35,371.3146,2.9898,1146112.005,1146112.005
603995.SH,20260420,2.058,0.52,12.2141,1.153,670177.8747,670177.8747
301617.SZ,20260420,8.1768,1.52,45.985,4.7538,802909.12,318664.32
300475.SZ,20260420,10.7596,1.01,140.1087,21.3293,7624126.5788,7304228.1788
920926.BJ,20260420,4.5297,1.86,45.2702,4.7957,133161.1377,120834.8452
300253.SZ,20260420,3.4185,1.24,,3.5554,1910704.5743,1571514.4166
000985.SZ,20260420,3.5582,1.18,,4.0473,248907.84,248907.84
002137.SZ,20260420,2.2535,1.03,,3.2354,489146.6113,335800.5452
603183.SH,20260420,3.3311,1.04,200.9242,1.4378,229684.802,229684.802
000498.SZ,20260420,5.6818,2.12,4.0707,0.5239,906625.8132,846418.7741
603115.SH,20260420,12.6653,0.99,47.9674,4.9451,1070606.9104,1070606.9104
000555.SZ,20260420,5.7776,0.64,271.8346,2.6967,1533917.415,1532120.8548
603986.SH,20260420,5.3469,0.78,123.6016,8.5667,20369830.6114,19403562.4124
600072.SH,20260420,7.2892,3.56,,2.0406,1980857.6159,1430005.2571
002343.SZ,20260420,2.7689,0.98,,3.14,304102.7436,304102.7436
002334.SZ,20260420,8.0867,1.05,48.4345,2.2686,693570.3258,619615.1952
600745.SH,20260420,2.4627,1.28,,1.1501,3905719.8525,3905719.8525
000777.SZ,20260420,4.2591,1.57,39.5012,3.902,889528.8158,889513.1186
920651.BJ,20260420,9.734,1.0,21.7699,3.2197,174826.0,118845.491
600740.SH,20260420,3.1028,0.95,,0.7068,1076090.8847,1076090.8847
000811.SZ,20260420,4.6902,1.11,34.3613,3.0406,1939301.9827,1911785.1607
603500.SH,20260420,1.9817,0.85,25.4339,3.6712,372392.2853,371321.6518
600354.SH,20260420,4.5179,0.82,48.2622,4.8416,333570.9146,333570.9146
605006.SH,20260420,21.5385,0.67,,2.5099,626450.5025,626450.5025
300512.SZ,20260420,3.7735,1.47,108.0657,2.2776,370359.8244,293136.0169
300191.SZ,20260420,7.0708,0.67,,11.8209,1255360.0,867747.985
300582.SZ,20260420,3.416,1.03,,2.9138,386007.679,286451.0429
600895.SH,20260420,3.2128,1.15,58.4535,4.2227,5764222.5051,5764222.5051
603933.SH,20260420,16.2461,0.67,295.5333,3.8293,505371.0401,505371.0401
605566.SH,20260420,4.4006,1.1,138.7256,2.1255,424687.9,424687.9
300219.SZ,20260420,4.5702,1.11,83.4756,2.1371,550780.0477,549772.8372
002338.SZ,20260420,8.8899,2.01,236.6147,10.2662,1397760.0,1397760.0
301396.SZ,20260420,20.4712,0.99,708.2582,34.6244,4436657.1083,2198743.0386
000783.SZ,20260420,1.2499,1.04,10.6244,1.1265,4009302.8873,4009302.8873
600193.SH,20260420,0.7616,0.16,,13.3744,119104.44,119104.44
600690.SH,20260420,1.2465,1.06,9.9614,1.6409,19477336.7831,12987540.0096
002029.SZ,20260420,4.0109,1.07,20.876,1.0296,694448.1839,655424.8696
301197.SZ,20260420,14.4944,1.16,85.7056,2.7475,352941.12,318417.804
300821.SZ,20260420,17.146,1.41,,3.567,1758000.0,1757693.4488
920425.BJ,20260420,4.2613,1.59,43.1164,5.4145,145278.0503,121268.8343
300457.SZ,20260420,4.0005,0.82,34.2032,2.7028,1840696.9081,1808519.9781
920339.BJ,20260420,3.2291,2.18,88.32,3.1116,186953.0262,128349.3876
688291.SH,20260420,7.642,0.99,120.8264,4.6578,445573.478,445573.478
920809.BJ,20260420,6.0802,0.98,,3.1306,490022.9,375549.6471
000960.SZ,20260420,9.4399,1.62,31.4244,3.1561,6178596.9798,6178596.9798
300651.SZ,20260420,27.9889,1.04,106.6729,4.0229,429701.0806,266058.6981
601872.SH,20260420,6.2086,1.01,25.6254,3.5824,15406219.4618,15406219.4618
300293.SZ,20260420,4.0634,1.06,,6.7141,627464.2485,627464.2485
002970.SZ,20260420,10.8481,1.0,29.5623,5.4623,1131270.2104,773630.8819
600183.SH,20260420,4.591,0.81,50.8557,10.1386,16955252.2254,16713620.7771
688216.SH,20260420,3.4084,0.76,,4.5214,333205.7739,308974.5955
600470.SH,20260420,5.982,0.78,,2.1993,357817.6,357817.6
603248.SH,20260420,10.4355,0.6,62.0527,5.4531,1237400.0,186440.9894
301368.SZ,20260420,2.461,0.98,3171.3973,6.5694,637370.7,340292.4821
600847.SH,20260420,8.4442,1.12,,4.4335,228091.6512,228091.6512
300414.SZ,20260420,5.5261,1.31,273.2408,4.7858,475010.362,456827.5323
000415.SZ,20260420,1.6614,0.9,,0.9858,2844879.7897,2480759.6372
000429.SZ,20260420,1.0152,1.11,14.6712,2.3774,2642778.9433,1647409.0012
601952.SH,20260420,3.511,0.93,24.2706,1.9078,1343550.0,1343550.0
300192.SZ,20260420,5.083,1.15,50.2223,6.9541,659274.088,650249.3211
300693.SZ,20260420,11.2932,1.34,34.5177,7.5794,1643429.254,1412553.7934
301292.SZ,20260420,19.2662,0.58,,7.5303,2038581.3687,778378.1201
688110.SH,20260420,4.0534,0.96,,15.4048,5265867.8685,5265867.8685
002005.SZ,20260420,0.9252,0.93,,13.4811,497688.6597,497566.0569
002151.SZ,20260420,8.2784,2.29,,4.5041,2178158.583,1776574.2293
300393.SZ,20260420,11.6441,1.58,,3.9441,1166990.9004,1023774.3086
300675.SZ,20260420,2.8899,1.11,,4.3923,224693.3844,224693.3844
002859.SZ,20260420,7.1762,1.07,105.0952,7.1859,2111716.3223,1987689.2051
000557.SZ,20260420,1.1715,1.34,23.479,1.0844,686894.5002,686678.5293
688500.SH,20260420,3.7219,0.85,,5.3075,388380.4302,378163.4638
002255.SZ,20260420,3.3966,1.2,22.0448,2.0343,918954.4468,705597.3008
002059.SZ,20260420,4.4493,0.85,,4.7221,515329.3198,500370.4435
301006.SZ,20260420,2.3951,0.84,27.8478,1.9239,245689.92,151855.8804
002793.SZ,20260420,2.3296,0.64,,3.7813,549232.1854,548397.3487
688025.SH,20260420,6.9125,0.9,95.3124,11.5604,2657201.6694,2657201.6694
920252.BJ,20260420,10.1178,1.17,305.0274,11.1572,294607.4086,195823.6559
002830.SZ,20260420,4.6071,1.2,71.6328,4.4393,290014.5,145404.1875
601515.SH,20260420,4.4775,1.21,,1.7366,908350.1567,908350.1567
002696.SZ,20260420,3.1459,0.91,46.5103,1.744,239336.323,231130.4811
002900.SZ,20260420,4.2313,0.44,,1.8497,352102.6142,179329.2312
002741.SZ,20260420,4.8543,0.76,76.0566,4.5992,911443.7276,835662.1014
603656.SH,20260420,2.4902,1.07,132.022,2.9164,384551.1425,384551.1425
600637.SH,20260420,2.3923,0.93,68.3205,1.1249,3358537.9172,3358537.9172
300857.SZ,20260420,11.4854,0.89,91.5521,24.2785,10660173.5644,10605108.4327
600032.SH,20260420,11.9451,0.76,44.2808,1.833,2373414.5448,2373414.5448
300138.SZ,20260420,2.0472,1.22,15.7684,1.7162,581652.512,479569.2036
300868.SZ,20260420,9.173,0.81,,6.6511,1003271.632,632688.3376
688078.SH,20260420,1.7751,0.84,,2.6626,179754.138,179754.138
920017.BJ,20260420,2.9369,1.13,20.9697,1.3594,222201.4584,219847.2304
920627.BJ,20260420,7.0394,0.97,73.7562,4.2605,197400.5,97848.575
301395.SZ,20260420,8.5561,0.78,60.3436,2.0468,315705.5694,178659.5694
002230.SZ,20260420,2.3284,1.32,135.1445,6.413,11314181.6307,10714191.5212
300984.SZ,20260420,5.4271,1.25,156.4012,7.1441,753835.7968,540857.2064
002387.SZ,20260420,1.4762,1.16,,2.894,1162134.3078,1160636.9574
603918.SH,20260420,2.3872,0.99,,5.0712,507499.4611,507499.4611
001229.SZ,20260420,10.6781,1.7,60.3068,4.0526,410523.1605,211086.484
002540.SZ,20260420,1.4803,1.27,21.2741,1.5961,865791.2985,604834.3963
600186.SH,20260420,11.7379,0.71,45.6427,7.4016,1410905.7725,1401086.885
300737.SZ,20260420,4.3121,1.1,,1.5499,698172.1012,557855.3555
600708.SH,20260420,2.1583,0.88,,0.7973,728764.215,727665.8311
003012.SZ,20260420,2.119,1.18,19.5736,0.9475,721956.2426,714174.3997
002941.SZ,20260420,2.7619,1.03,20.0316,2.5046,1177088.6404,1177088.6404
000063.SZ,20260420,2.6848,1.03,30.5094,2.2724,17139405.5001,14430966.8743
600918.SH,20260420,0.7212,1.16,33.3904,1.0793,4790596.3026,2375137.628
600520.SH,20260420,9.8921,1.97,574.9317,11.2178,439326.39,439326.39
600483.SH,20260420,2.3599,0.96,9.4705,1.0859,2849641.245,2849641.245
688480.SH,20260420,18.6999,2.49,86.3768,8.266,950020.6999,950020.6999
920701.BJ,20260420,3.2137,2.04,31.7317,2.6713,226242.8,165241.7388
301533.SZ,20260420,1.696,0.6,57.7379,2.8426,321954.4425,93130.1925
600528.SH,20260420,1.4822,0.62,12.873,0.6982,1759468.8577,1759468.8577
600903.SH,20260420,1.2265,0.72,,2.3991,718755.88,718755.88
301298.SZ,20260420,1.9852,0.98,35.8513,2.5524,242220.0,178502.3493
605056.SH,20260420,10.3294,1.16,46.7758,7.2516,1189696.6392,1172260.6392
001337.SZ,20260420,4.9099,0.92,43.6929,11.1292,2035320.0,2035320.0
300284.SZ,20260420,1.6486,1.05,56.0425,1.0195,858722.8863,814199.6041
603677.SH,20260420,2.8379,1.0,62.3738,2.5927,300842.5511,300842.5511
002567.SZ,20260420,1.9586,0.64,,1.1155,611912.9448,611215.012
688549.SH,20260420,3.3562,0.96,,4.6245,1388639.44,553959.86
600228.SH,20260420,4.1888,1.01,,6.4353,254586.8529,254198.7151
605598.SH,20260420,12.588,1.34,205.283,7.1676,1290176.239,1290176.239
001201.SZ,20260420,5.5244,0.8,149.7326,1.0047,341306.0173,268950.2779
600376.SH,20260420,4.0412,0.98,,1.8908,1233032.1857,1233032.1857
600463.SH,20260420,1.8175,0.63,,3.2792,301500.0,301500.0
002249.SZ,20260420,1.7553,1.13,21.565,2.3665,2334884.6609,1763068.7999
300898.SZ,20260420,6.7489,1.01,27.6329,2.9286,298468.0,276155.4133
603402.SH,20260420,6.7892,0.74,27.5491,3.6555,1058538.6758,264634.6758
688726.SH,20260420,8.307,0.72,43.743,6.5873,2677584.8045,1452821.0752
300690.SZ,20260420,13.776,1.24,32.5386,3.4217,541187.0119,362587.4535
300851.SZ,20260420,1.7407,0.82,48.8064,1.9822,254540.9952,158434.1532
601061.SH,20260420,4.8583,1.34,23.5395,2.7243,6330800.0,6330800.0
301206.SZ,20260420,0.9876,1.16,58.4542,1.2668,533937.5223,343817.159
688085.SH,20260420,1.6524,0.66,92.2048,2.7724,583559.3715,557797.5025
603726.SH,20260420,2.2946,0.99,20.5881,3.1508,442778.112,440524.287
920799.BJ,20260420,7.2119,1.33,122.6221,19.4448,800608.5912,459627.6576
603066.SH,20260420,1.0754,0.72,447.7199,2.0521,294474.2541,294474.2541
301302.SZ,20260420,6.6887,1.09,,2.2163,348046.545,310364.67
300397.SZ,20260420,3.5375,1.19,,4.3631,627893.3717,491878.0599
603297.SH,20260420,4.5609,0.99,57.0447,6.2616,1251365.976,1249024.248
600133.SH,20260420,3.5353,1.7,24.1894,1.062,931893.6508,931893.6508
300011.SZ,20260420,1.3641,0.73,,2.9764,454772.0956,380949.259
300872.SZ,20260420,2.2677,0.97,164.1024,2.2513,820531.5405,709452.0859
301110.SZ,20260420,19.5472,3.67,67.15,4.5091,657556.0763,464494.9388
301036.SZ,20260420,2.2525,1.06,39.3868,1.7382,288000.0,202848.8688
001219.SZ,20260420,5.2391,1.7,26.3095,2.7508,291695.69,284422.6182
603950.SH,20260420,12.9145,0.66,50.9794,6.5833,1983032.2344,1979826.4024
301088.SZ,20260420,2.1309,1.28,39.2033,1.3291,329543.4,271631.1
688097.SH,20260420,7.245,0.83,49.5837,6.1543,2941622.1803,2930827.7263
000951.SZ,20260420,2.2098,0.41,16.6378,1.7147,2771516.8202,2771516.8202
300529.SZ,20260420,0.7543,0.95,29.1402,4.2412,1403948.0735,900943.7076
920098.BJ,20260420,4.0061,2.28,38.6463,2.4078,227290.4314,154774.9809
003005.SZ,20260420,1.8957,1.09,,2.3471,421821.5837,231481.2695
688525.SH,20260420,8.8684,0.71,32.0328,14.8628,12651382.3977,12651382.3977
601010.SH,20260420,6.6068,1.19,42.7743,1.0663,456456.0,456456.0
301126.SZ,20260420,2.3775,0.71,,1.3323,231900.2128,155670.2107
688581.SH,20260420,1.0112,1.36,20.4938,1.815,456636.1827,233939.5569
688019.SH,20260420,3.33,1.32,54.9984,9.9205,4309936.9791,4309936.9791
300125.SZ,20260420,2.6179,0.84,306.9968,5.9275,623901.4378,338079.2998
002524.SZ,20260420,3.0544,0.79,,18.801,210770.6138,208940.6455
603099.SH,20260420,4.6418,0.65,75.8441,6.5554,981025.8077,960545.34
600333.SH,20260420,3.2853,1.07,,1.7137,320350.1398,320350.1398
002594.SZ,20260420,1.5619,0.71,28.7639,4.1234,93825080.1414,35880739.5285
002950.SZ,20260420,9.3792,0.61,18.2986,2.2184,827677.8869,590757.7382
300418.SZ,20260420,8.4082,1.37,,4.8774,6849227.5356,6844501.2756
002048.SZ,20260420,3.3996,0.97,70.0207,2.0235,2275477.4091,1984599.3097
300438.SZ,20260420,9.5892,0.64,,6.5104,3392030.903,2723662.7999
601636.SH,20260420,5.6985,2.46,30.1481,1.1925,1804778.7741,1804778.7741
002715.SZ,20260420,3.4836,0.76,,4.7689,218868.0,218868.0
002858.SZ,20260420,4.4297,0.71,,4.9148,267353.2558,239721.8324
600900.SH,20260420,0.821,1.23,19.2211,3.0409,65672696.3497,65672696.3497
301017.SZ,20260420,9.3215,0.71,,3.1418,625039.5502,398648.1197
600073.SH,20260420,1.2199,0.8,,1.183,555135.8474,555135.8474
603916.SH,20260420,5.8975,2.39,39.2849,1.1234,475322.037,468665.487
688328.SH,20260420,10.7288,1.19,159.023,4.6766,388309.8287,388309.8287
002579.SZ,20260420,16.6741,1.23,254.9368,3.3555,811719.6715,773020.7596
605088.SH,20260420,3.0968,0.96,24.2305,2.5498,732246.5034,721371.4938
002568.SZ,20260420,0.8451,0.95,25.7647,3.7665,1788467.8946,1310210.6282
001300.SZ,20260420,7.6461,0.72,,4.341,449766.5613,449766.5613
300462.SZ,20260420,1.2093,0.65,61.3444,1.6365,233957.522,178201.9482
603536.SH,20260420,3.3856,0.77,,6.37,241653.6377,239810.6632
600235.SH,20260420,2.6303,0.97,146.0542,1.5741,237830.1,237830.1
300820.SZ,20260420,3.3784,1.02,49.1369,4.1244,1045255.8966,525699.5105
003000.SZ,20260420,1.0782,1.19,18.9797,3.5561,473438.867,323463.3098
920402.BJ,20260420,4.1593,1.57,,2.5785,397580.5831,257046.6269
001236.SZ,20260420,1.8603,0.72,2344.8466,5.0203,936225.5558,704254.2558
688653.SH,20260420,1.4837,1.09,,3.9843,569652.16,424624.3632
002179.SZ,20260420,3.791,1.53,35.9611,3.2058,7773076.5764,7696265.2699
600356.SH,20260420,7.7277,0.98,16.3832,1.0837,323934.3834,293652.9446
002349.SZ,20260420,3.0512,0.59,27.3495,2.2718,614789.1068,603308.0528
300206.SZ,20260420,3.387,1.23,28.2968,3.9442,864857.7122,504862.311
688150.SH,20260420,6.1899,0.89,92.0057,10.5565,2022651.3022,2022651.3022
688717.SH,20260420,6.4446,0.79,150.212,3.9813,1738400.0,1076154.4339
002470.SZ,20260420,13.8152,1.78,,4.6696,959520.1007,959438.8298
600498.SH,20260420,17.0203,1.55,87.534,4.3287,7194213.1522,6735778.8524
603334.SH,20260420,3.9435,0.68,54.519,4.5135,766290.0,165826.3735
300656.SZ,20260420,4.9267,0.7,,4.2884,420112.0518,326264.3249
300477.SZ,20260420,2.9303,0.66,,2.6525,261572.5596,241767.5364
301161.SZ,20260420,2.0951,1.26,51.7612,4.0769,375720.0,375720.0
300893.SZ,20260420,2.0862,0.74,30.3394,5.4502,1111552.9751,589532.7876
300853.SZ,20260420,9.3603,1.1,,6.0747,370605.4839,247947.9559
301516.SZ,20260420,15.4251,1.04,,4.3912,566736.8433,141684.2113
688301.SH,20260420,1.7818,1.02,38.0244,4.1543,2471629.1728,2471629.1728
603886.SH,20260420,5.1555,1.54,23.0382,2.067,321600.0,321600.0
001324.SZ,20260420,6.9168,1.69,59.5387,2.5282,286626.0,169594.5272
605099.SH,20260420,9.6885,0.9,25.882,5.4505,1637932.5012,1633511.9396
000019.SZ,20260420,13.1603,1.25,28.5403,1.855,925485.809,334221.7748
605177.SH,20260420,4.3149,1.44,,1.4071,239191.961,234738.1863
002315.SZ,20260420,6.8216,1.64,27.7248,5.0932,1396155.0595,890062.531
603097.SH,20260420,8.5398,0.82,55.0709,5.1319,557593.3163,540206.9163
600763.SH,20260420,3.3987,1.66,36.3841,4.1553,1837016.4035,1837016.4035
603000.SH,20260420,5.1077,1.59,119.622,6.0821,2233495.9331,2233495.9331
603801.SH,20260420,0.9516,0.99,13.3097,1.173,389178.8517,389178.8517
300095.SZ,20260420,2.17,0.89,,2.4672,412108.4509,336811.8596
603060.SH,20260420,3.1685,2.29,41.8088,2.4356,499259.7742,499259.7742
600422.SH,20260420,1.0009,0.73,24.1192,1.574,844027.9691,844027.9691
603320.SH,20260420,10.6419,1.18,43.5702,2.9737,350941.0157,350941.0157
002451.SZ,20260420,4.9525,1.0,410.1854,5.6139,434059.95,432561.765
300471.SZ,20260420,3.713,0.98,804.8927,4.0265,631423.1757,492279.3172
000677.SZ,20260420,4.3414,0.68,531.9402,7.7241,392245.9884,392245.9884
002483.SZ,20260420,1.1222,0.97,13.4853,1.3966,612549.6734,611708.3021
300516.SZ,20260420,13.3637,1.6,476.3485,8.8429,1150920.0,1150920.0
605151.SH,20260420,3.5579,0.67,,1.9669,268032.0102,268032.0102
300281.SZ,20260420,2.1669,0.86,,2.32,288219.423,273360.2275
300677.SZ,20260420,2.9558,0.8,20.7223,1.9427,3527810.581,2508723.9324
300058.SZ,20260420,22.7792,1.34,312.0948,8.8842,7011702.0563,6792397.8407
002032.SZ,20260420,1.1663,0.88,17.5539,5.8556,3680559.8924,3679024.2128
002614.SZ,20260420,1.4886,0.79,56.2671,0.8919,385470.8281,272702.3021
002816.SZ,20260420,4.798,1.03,,11.1766,258600.0,258600.0
000713.SZ,20260420,1.337,0.67,103.557,1.7413,519640.8776,399723.752
600420.SH,20260420,1.7178,0.62,13.8589,0.9471,1304961.0293,1304961.0293
301286.SZ,20260420,10.1512,1.98,87.1656,10.3155,2025706.3,816557.5921
600423.SH,20260420,6.61,0.54,354.5213,3.8861,217245.0471,217245.0471
600491.SH,20260420,7.6129,1.31,,0.3367,330427.7183,330427.7183
300746.SZ,20260420,4.3273,1.33,,4.012,308584.2944,305586.6302
688282.SH,20260420,6.5171,0.83,,6.2177,791736.0,791736.0
601133.SH,20260420,14.511,0.71,69.4966,4.4298,1296285.2309,1287369.4565
301033.SZ,20260420,2.5691,0.98,38.2735,5.1246,390027.6395,328480.871
002278.SZ,20260420,8.9472,1.47,96.0104,3.3067,457791.9027,391982.8526
301128.SZ,20260420,15.6119,1.02,135.0097,20.8584,1912422.1998,1682267.8055
300869.SZ,20260420,1.4247,0.88,,3.0404,527969.5717,347078.2873
601633.SH,20260420,1.2773,1.06,17.9567,2.0232,17714795.5886,12853133.7656
603922.SH,20260420,13.1205,2.7,203.604,3.8669,401945.6,401945.6
600789.SH,20260420,1.1266,0.51,45.7383,1.6784,863326.7566,742301.116
600916.SH,20260420,2.347,0.81,37.5805,2.1287,1532160.0,1532160.0
003016.SZ,20260420,2.1441,0.74,,1.2892,345248.2435,337334.8133
605189.SH,20260420,15.9957,0.55,45.4056,1.8785,348369.4464,348369.4464
301421.SZ,20260420,17.1663,1.69,362.6679,9.6932,1157180.0,463084.85
300213.SZ,20260420,1.768,1.21,210.4555,2.174,477274.822,443434.16
001285.SZ,20260420,3.726,0.9,29.5941,2.6015,985574.6665,226987.3319
002491.SZ,20260420,9.2616,0.29,5467.6325,8.2502,2046710.848,1957644.2013
688234.SH,20260420,6.3593,1.11,,6.608,4740538.5974,4203433.4324
301255.SZ,20260420,12.4918,0.84,111.7599,4.409,463357.44,115839.36
002766.SZ,20260420,3.6235,0.82,,3.8194,417302.4482,413799.8003
002115.SZ,20260420,7.8809,1.56,,5.0512,1047800.8009,971836.6273
300904.SZ,20260420,4.098,0.95,,6.6746,439872.9009,133592.1009
688700.SH,20260420,6.5421,0.96,138.8851,9.7468,1797271.3913,1797271.3913
605305.SH,20260420,6.479,0.95,18.2531,3.2931,968028.6,968028.6
300558.SZ,20260420,2.449,0.66,61.166,3.1745,1855015.5138,1849102.2379
000707.SZ,20260420,1.75,0.73,,1.1972,340890.1235,321060.1924
603138.SH,20260420,9.3863,0.81,,7.5963,614487.8366,602924.8994
600732.SH,20260420,2.8447,0.88,,5.2595,3402420.6263,3373833.3497
002599.SZ,20260420,2.8439,1.23,,3.0754,380866.0477,284574.8162
920006.BJ,20260420,6.0655,1.73,268.6378,6.6669,212806.9304,112657.793
002423.SZ,20260420,0.9916,0.89,24.6772,1.0593,2364012.32,2364012.32
600855.SH,20260420,22.9767,1.41,,7.055,1013457.9207,1011504.7317
600379.SH,20260420,3.3728,0.5,94.1399,4.9948,393270.0627,393270.0627
301175.SZ,20260420,2.9386,1.11,24.3665,2.5107,930228.16,393028.16
920985.BJ,20260420,3.232,1.37,,3.1782,216323.8638,153303.1834
600838.SH,20260420,6.3783,2.63,90.5574,2.5995,410503.1485,410503.1485
300300.SZ,20260420,18.8841,1.17,217.9466,62.1889,882238.663,882182.5017
002305.SZ,20260420,2.6978,0.75,,,395401.1956,395375.5469
300769.SZ,20260420,6.523,0.69,,2.5799,1341820.4757,1205666.5621
688768.SH,20260420,2.4545,1.07,49.925,3.7954,418914.2626,415461.7568
688349.SH,20260420,2.1266,1.32,40.9717,2.1718,3010822.3478,2920183.7478
920564.BJ,20260420,19.7131,1.58,417.0411,7.9437,257687.6719,118545.0957
002833.SZ,20260420,2.3906,1.24,19.0584,2.7861,764890.7612,519677.2602
600320.SH,20260420,2.1099,1.12,37.0736,1.7307,2713202.053,1710828.7954
688552.SH,20260420,15.0478,1.24,530.2864,6.5542,1694333.952,436221.6162
603116.SH,20260420,1.7798,0.88,,1.2402,323824.8496,323824.8496
000060.SZ,20260420,4.2296,1.4,27.1631,1.6083,3051085.4786,3051046.8349
688120.SH,20260420,1.7326,0.89,61.6033,8.9637,6687205.4978,6687205.4978
300873.SZ,20260420,2.0915,0.9,18.9178,1.683,529231.0828,382897.0771
300641.SZ,20260420,3.9376,0.91,9.4506,3.1374,982768.7947,982768.7947
300232.SZ,20260420,3.2903,1.0,79.281,1.6765,779699.6073,633374.0049
002367.SZ,20260420,1.8424,0.9,15.4872,1.4129,511354.8373,509323.0436
300913.SZ,20260420,7.6327,0.85,93.2784,7.4622,1878440.5376,1401695.5692
603858.SH,20260420,0.9727,0.61,10554.6996,1.6597,1754801.8875,1754801.8875
002124.SZ,20260420,20.3995,1.21,18.0505,1.7278,679911.7526,603540.5223
000582.SZ,20260420,3.6593,1.29,26.6737,1.3797,2768792.928,2372533.0453
002422.SZ,20260420,2.3644,1.13,31.8872,2.2403,5426989.2513,4434792.269
301058.SZ,20260420,1.5347,1.09,21.7425,2.3494,513811.0677,513811.0677
600587.SH,20260420,1.2555,1.08,16.891,1.1088,859615.3259,859615.3259
688058.SH,20260420,2.3086,0.9,,3.4029,221215.1988,221215.1988
000737.SZ,20260420,3.4142,0.84,35.7255,4.0539,2698983.1884,2698730.5727
605208.SH,20260420,15.1317,2.22,80.0612,2.4595,540441.72,540441.72
300345.SZ,20260420,7.3996,0.91,,7.611,396877.3494,327873.5484
301168.SZ,20260420,3.9207,0.92,118.6859,2.486,537360.0,426813.1186
688293.SH,20260420,2.6131,0.92,184.734,2.5962,770313.3822,629539.2718
300342.SZ,20260420,25.8205,1.45,2094.0524,17.2091,2678571.2821,2639270.4346
300964.SZ,20260420,15.9701,0.77,161.479,5.8334,575591.5896,422370.1054
688184.SH,20260420,0.9717,1.59,,1.543,166999.8897,105511.8897
301043.SZ,20260420,5.7735,1.1,42.4479,4.356,365228.0,304792.1653
300828.SZ,20260420,9.3189,0.88,112.4703,4.6804,366627.666,185865.6009
603316.SH,20260420,6.4562,0.98,,7.9306,419651.232,419651.232
301571.SZ,20260420,5.9135,1.41,67.966,6.785,1384091.4543,919254.1609
600468.SH,20260420,11.2505,1.17,,4.4357,890855.2279,890855.2279
300217.SZ,20260420,6.6472,1.48,43.6442,1.9604,823233.1556,683411.9922
600864.SH,20260420,5.5215,0.45,23.9283,1.1222,1485527.3513,1485527.3513
688056.SH,20260420,2.458,1.11,62.3481,3.034,245526.9544,245526.9544
600626.SH,20260420,1.7266,0.99,60.6308,1.6116,517731.9095,434327.6543
002930.SZ,20260420,4.6782,1.38,,2.7056,631336.2055,598008.2271
688052.SH,20260420,3.4451,1.14,,3.581,2757605.5534,2416854.6384
000407.SZ,20260420,2.9326,1.16,26.6102,1.3573,414519.873,412489.9129
000668.SZ,20260420,2.6429,0.82,80.5903,2.7729,210718.1122,210718.1122
603551.SH,20260420,2.8205,0.7,15.8706,3.7275,468616.5477,462698.2857
603617.SH,20260420,2.0412,0.86,59.925,1.9326,290019.6347,285429.1547
603601.SH,20260420,34.4562,1.09,219.2284,6.7119,1778624.8918,1778624.8918
600724.SH,20260420,4.75,1.31,56.3568,3.7357,1033347.3658,1033134.0048
300993.SZ,20260420,1.7112,0.89,22.9748,2.5251,386088.3936,301715.1013
600232.SH,20260420,9.7073,1.82,150.185,3.2943,312928.5108,312928.5108
603083.SH,20260420,25.8533,1.52,203.8393,7.2098,5370865.1808,4197210.9208
002749.SZ,20260420,4.0918,3.41,19.6393,3.0898,576885.5264,561102.3217
001330.SZ,20260420,22.7825,2.19,,2.753,1153221.4276,1153221.4276
603035.SH,20260420,1.3894,1.08,13.6131,0.9947,528272.4894,528272.4894
002526.SZ,20260420,1.2663,0.84,54.1651,1.9072,615063.8734,611024.1311
300442.SZ,20260420,8.0661,0.88,29.9096,10.8907,15558950.815,15515920.415
688278.SH,20260420,1.3243,0.94,25.2497,7.5483,2603840.6929,2603840.6929
920414.BJ,20260420,6.829,1.32,,3.7553,103991.615,73125.1734
000686.SZ,20260420,0.8296,0.73,13.261,0.9872,1944916.3724,1944916.3724
000893.SZ,20260420,3.3686,0.83,27.317,3.756,4903939.6494,4308276.0627
600208.SH,20260420,8.3676,4.05,,0.7583,3156817.0368,3156459.221
000036.SZ,20260420,3.0406,0.55,184.8105,1.4086,715947.5498,714587.0013
600872.SH,20260420,12.2563,7.22,27.0132,2.8136,1671459.3125,1655311.1287
601008.SH,20260420,1.1834,0.87,35.0486,1.4251,597987.5189,597987.5189
603383.SH,20260420,4.072,0.57,36.88,4.3744,657212.9888,657204.3488
300565.SZ,20260420,11.694,1.12,,6.1866,348088.2291,318117.9721
920375.BJ,20260420,13.1565,1.1,171.5225,2.04,158743.2749,94842.5507
688277.SH,20260420,1.923,0.5,,8.2038,973542.9926,973542.9926
600615.SH,20260420,2.2362,1.54,281.2262,3.5206,258791.4277,258380.1594
002482.SZ,20260420,1.3839,0.66,,12.9752,622659.7523,621430.927
300541.SZ,20260420,2.1569,0.74,53.2971,3.6242,636465.8482,571971.4664
688663.SH,20260420,9.5796,1.84,101.3025,6.9946,966554.4672,966554.4672
600141.SH,20260420,2.1652,0.71,25.5401,1.5443,3810717.0865,3810717.0865
600280.SH,20260420,2.8245,0.88,,5.6957,350912.1191,350912.1191
688400.SH,20260420,4.8056,0.81,142.7624,4.8784,2296472.0528,2209000.5045
920037.BJ,20260420,7.1787,1.81,36.2775,8.4423,717709.4391,231991.1249
301559.SZ,20260420,2.438,0.78,91.554,2.26,1032000.0,154800.0
300271.SZ,20260420,1.4415,1.06,,1.4846,542322.9296,532557.9927
603728.SH,20260420,2.7388,1.17,308.0431,8.3623,2478946.635,2478946.635
600613.SH,20260420,6.029,0.76,50.2064,1.3415,312965.974,280881.5071
300518.SZ,20260420,20.0217,3.96,,6.4482,484769.5413,484726.1479
600018.SH,20260420,2.677,1.9,8.3924,0.8077,11383900.6865,11367645.2732
301557.SZ,20260420,5.5533,0.62,53.8427,4.8477,490177.9769,196534.018
600199.SH,20260420,1.2477,0.93,,2.5791,533473.2243,533473.2243
000597.SZ,20260420,2.3313,0.61,28.7535,1.3523,747794.2509,738407.0382
002857.SZ,20260420,3.8568,1.07,260.0813,5.3786,280209.93,274560.0
002275.SZ,20260420,1.1425,0.67,15.8442,2.6491,828471.726,788248.2556
600869.SH,20260420,10.04,1.27,,8.0801,3442216.109,3442216.109
600844.SH,20260420,8.6852,0.58,,25.246,352733.9113,285487.53
600033.SH,20260420,2.6776,1.29,10.5634,0.8071,1001706.0,1001706.0
688398.SH,20260420,2.9069,0.68,192.7448,4.6709,480955.5115,480955.5115
300498.SZ,20260420,0.6352,0.61,21.2137,2.7034,11105404.7138,9929386.2697
601168.SH,20260420,3.0576,1.01,18.9714,3.766,6910700.0,6910700.0
301388.SZ,20260420,7.6234,0.8,156.4563,3.3779,331008.1956,88389.1358
688133.SH,20260420,6.5322,2.44,,1.3605,376889.5513,376889.5513
002648.SZ,20260420,5.2593,1.41,15.0977,2.4952,8846063.5819,8840383.0056
920576.BJ,20260420,32.7957,1.73,439.0779,21.6831,968238.65,952043.4611
603151.SH,20260420,4.01,1.47,25.2916,2.1163,287298.0554,287298.0554
002785.SZ,20260420,3.3729,0.79,,10.868,964493.4219,823514.8179
300209.SZ,20260420,13.7443,0.7,168.6072,12.5021,1238800.5921,979902.8212
600037.SH,20260420,1.4051,0.85,313.5373,0.8466,1075844.3043,1075844.3043
920262.BJ,20260420,4.6077,1.7,38.096,4.1063,147282.3282,66456.1023
002247.SZ,20260420,3.2607,0.89,60.5372,3.6058,239945.3538,181478.4695
688232.SH,20260420,1.8491,1.04,199.8422,1.3348,722205.5699,722205.5699
601689.SH,20260420,3.8329,0.94,37.8762,4.368,10526070.1081,10526070.1081
300705.SZ,20260420,1.3026,0.6,14.7739,2.6286,692903.2095,510909.8371
002624.SZ,20260420,7.1757,1.14,,5.519,3909036.3341,3682882.0776
000987.SZ,20260420,3.3628,0.69,12.7874,1.405,4500367.8184,4496970.1403
002265.SZ,20260420,5.488,1.06,220.4019,6.44,2351199.9663,2351199.9663
603901.SH,20260420,3.6329,0.7,102.6168,2.2998,653535.136,608071.2157
001366.SZ,20260420,17.6959,3.44,,3.1289,251142.84,251142.84
601608.SH,20260420,1.8266,1.08,77.2078,3.1024,2898857.3256,2898857.3256
000886.SZ,20260420,1.8371,1.3,522.2744,1.8779,568576.2725,562256.2164
601968.SH,20260420,1.5003,0.99,34.1688,1.4486,653199.0835,653199.0835
000801.SZ,20260420,2.6859,1.19,82.0885,4.7326,1470621.9263,1470105.9029
601021.SH,20260420,1.6,1.17,20.5258,2.6188,4756657.1026,4756657.1026
000665.SZ,20260420,1.5757,0.79,,1.3485,541283.1596,541269.0153
688545.SH,20260420,3.3874,0.92,91.7504,6.4202,1897560.0,960639.75
688295.SH,20260420,25.8961,2.16,569.6576,11.6049,5479200.0,5479200.0
688626.SH,20260420,3.6727,1.2,123.8135,4.707,974400.0,974400.0
688775.SH,20260420,2.4506,0.88,82.357,13.5714,7939800.0,649440.0
300900.SZ,20260420,29.3663,1.54,,8.2738,1645156.0767,1289060.4942
603798.SH,20260420,13.3547,1.15,83.5797,3.7528,433656.3582,433656.3582
601618.SH,20260420,1.2407,0.88,46.5658,0.6054,6154914.8935,5302227.8935
002203.SZ,20260420,7.8096,2.29,54.7943,2.4764,4104533.6957,3961945.0128
300398.SZ,20260420,9.6681,1.0,50.9831,3.4516,1690634.3139,1681401.4187
301020.SZ,20260420,1.6431,0.81,36.0603,3.2594,319152.0,319152.0
002331.SZ,20260420,11.2116,6.15,,2.2953,384731.7106,355469.0749
688318.SH,20260420,3.9148,0.96,93.7904,7.7042,2958179.9016,2958179.9016
603869.SH,20260420,0.8736,1.11,143.9142,1.4199,531669.4487,531669.4487
000807.SZ,20260420,3.1071,1.25,20.1272,3.8044,12186402.3212,12186274.7489
603135.SH,20260420,4.3571,2.38,155.9591,2.4341,723053.0712,717673.4112
600438.SH,20260420,4.1722,1.25,,1.9673,8211630.4987,8211630.4987
603012.SH,20260420,4.6816,1.47,36.0293,1.51,574092.0,574092.0
002488.SZ,20260420,3.3834,0.88,373.3778,3.4955,1225385.489,1132623.4028
002345.SZ,20260420,2.9311,1.13,19.7006,2.6014,979141.0031,955686.7602
300087.SZ,20260420,1.8227,0.93,298.7248,4.3989,766391.3866,729957.3831
688620.SH,20260420,2.3608,1.04,,3.6016,465696.0,275994.4018
688683.SH,20260420,2.9172,1.11,154.6329,5.5681,656634.6328,632505.2386
600283.SH,20260420,2.2032,1.4,24.0088,1.6516,518763.0307,503354.6498
600063.SH,20260420,2.5126,0.67,32.2863,1.726,1460789.153,1460789.153
002961.SZ,20260420,9.8464,1.34,21.3026,3.0153,1165148.3768,1165142.8801
002670.SZ,20260420,1.8981,0.96,87.0458,2.5129,2840704.2706,2383078.7307
920146.BJ,20260420,4.3911,1.79,,4.961,97193.119,77139.2534
688076.SH,20260420,1.3109,1.01,29.4885,3.2403,964274.3377,964274.3377
300519.SZ,20260420,3.9142,1.22,42.524,2.976,246400.0,175714.0
300468.SZ,20260420,5.9336,0.68,223.8259,10.1213,1663054.8279,1660360.7537
920924.BJ,20260420,9.3508,1.05,132.4191,7.391,235730.4105,143622.5938
300188.SZ,20260420,4.7503,2.02,,4.3622,1088957.7518,1083929.3835
603118.SH,20260420,21.9974,1.62,,2.3208,1169105.4629,1169105.4629
300781.SZ,20260420,8.0916,1.58,,9.1066,608105.4594,448797.3305
002999.SZ,20260420,3.3309,0.95,51.66,2.0242,242619.216,239912.9828
603021.SH,20260420,6.7825,1.12,,,256598.3521,256598.3521
000936.SZ,20260420,16.9637,3.64,23.2504,1.3802,738934.7478,738830.0391
605287.SH,20260420,10.7752,1.24,,4.2508,660100.0,660100.0
002593.SZ,20260420,2.3837,0.59,38.5689,1.7322,424437.0393,295946.2857
688222.SH,20260420,6.1096,0.74,94.3921,7.2126,1076226.48,1076226.48
601702.SH,20260420,3.608,1.31,16.8491,3.1474,2025020.0568,2025020.0568
603373.SH,20260420,6.7972,1.65,33.2288,2.4077,430000.0011,181675.0019
300421.SZ,20260420,4.3725,0.69,132.1415,5.848,742132.9416,581388.4377
600755.SH,20260420,1.1678,0.82,27.2642,0.6882,1338150.8067,1334731.2129
600415.SH,20260420,4.3543,1.1,16.1237,2.9535,6777679.2033,6777679.2033
600486.SH,20260420,3.2114,1.15,22.4734,2.5209,2889969.3391,2880439.103
002513.SZ,20260420,9.8059,3.41,,53.559,233995.0483,180072.7311
300682.SZ,20260420,2.4468,0.9,165.3907,2.5557,1735959.6718,1660432.1504
002714.SZ,20260420,1.3975,0.69,16.8938,2.9922,26163211.8898,17222460.0286
688419.SH,20260420,6.248,0.72,68.7454,5.3206,552253.5962,286895.5068
300225.SZ,20260420,7.691,1.1,106.6177,3.4314,296192.6346,295960.5671
300988.SZ,20260420,4.7148,0.76,38.2552,3.0919,393534.0864,299208.9208
002494.SZ,20260420,5.6974,0.96,101.3873,1.6669,208275.5163,158297.2818
601512.SH,20260420,1.1462,1.17,16.7275,0.8816,1329515.43,1329515.43
688571.SH,20260420,3.0416,1.17,31.2355,2.0212,338912.3893,338912.3893
002575.SZ,20260420,7.6464,0.54,,4.8255,400108.5,379986.5795
600650.SH,20260420,1.6146,0.86,50.1607,1.6132,712128.6481,504213.0568
300157.SZ,20260420,4.8336,0.72,218.8058,,481012.2571,451592.1152
600651.SH,20260420,2.3159,1.18,308.8753,6.7545,1699764.9942,1699764.9942
605033.SH,20260420,4.4205,0.82,102.9692,2.6884,306633.6,306633.6
000816.SZ,20260420,2.5775,1.07,,2.3944,471726.3417,469279.9575
300538.SZ,20260420,2.9301,0.51,,3.0341,291979.3097,194181.323
300766.SZ,20260420,11.7502,1.37,,9.8471,1546234.7982,1403265.3988
688021.SH,20260420,3.5573,0.75,132.8688,2.1387,186449.4695,186449.4695
001210.SZ,20260420,3.7393,1.14,24.7912,2.4838,333226.9365,202510.4643
688468.SH,20260420,1.0097,0.91,65.9367,2.0746,292808.84,292808.84
600663.SH,20260420,0.8478,0.93,32.1438,1.5643,3932455.0233,2464588.94
002552.SZ,20260420,11.5331,0.58,64.8319,5.3774,805457.5472,765012.828
300344.SZ,20260420,14.4418,1.05,,0.7101,16042.6604,15999.8542
688401.SH,20260420,3.4774,0.99,43.3143,6.8019,1091453.3833,1091453.3833
300226.SZ,20260420,3.3832,1.22,40.1259,3.8062,809552.4119,778143.3866
300627.SZ,20260420,3.5052,2.0,40.5374,6.6031,2778517.2445,2288498.4893
600082.SH,20260420,10.1317,1.04,31.2186,1.0608,188665.8212,185225.9403
002267.SZ,20260420,2.4652,1.53,12.7199,1.3045,858522.2435,858522.2435
000698.SZ,20260420,0.8287,0.57,,2.288,315513.0421,302500.0421
300184.SZ,20260420,25.2761,2.37,55.4236,3.5365,1490586.598,1364934.9845
301330.SZ,20260420,3.1095,1.1,42.9007,2.408,817611.2847,675073.1029
601002.SH,20260420,23.4273,2.32,26.3223,1.4725,637566.401,637566.401
688121.SH,20260420,2.7123,1.65,34.2182,0.9867,249966.9832,216853.3337
002047.SZ,20260420,4.567,1.47,148.7871,173.432,880940.4906,880888.3424
300210.SZ,20260420,2.5896,0.75,,11.8958,460008.9554,460008.9554
002611.SZ,20260420,3.1265,0.95,30.094,3.7802,2182594.4076,1796412.4107
603528.SH,20260420,1.419,0.62,,3.0529,580274.5677,580274.5677
688609.SH,20260420,2.3842,1.34,,4.3141,459840.5031,440500.0
301041.SZ,20260420,10.5954,1.45,129.9659,4.8059,320680.08,237235.4408
920527.BJ,20260420,3.0702,1.82,59.7695,2.6884,105615.1093,63936.1091
603329.SH,20260420,1.4198,0.98,72.405,1.8476,259803.1708,214431.9921
000700.SZ,20260420,5.7278,0.91,22.697,2.8228,1049291.5896,1049291.5896
603069.SH,20260420,6.5611,2.65,,6.9386,561532.0,561532.0
600976.SH,20260420,2.8244,1.3,15.0945,1.8559,509283.352,508951.352
300947.SZ,20260420,3.8895,0.98,119.4417,2.0976,262072.7649,261968.7856
300846.SZ,20260420,10.1502,0.79,,19.484,1530815.4727,1193268.544
000007.SZ,20260420,3.4592,1.22,84.5584,26.2293,479137.6449,479137.6449
003816.SZ,20260420,2.468,1.28,23.2188,1.8414,22673944.1142,17661476.4892
000788.SZ,20260420,14.3668,0.66,27.3906,2.6277,393351.7005,393351.7005
920931.BJ,20260420,2.8036,1.45,110.3621,2.9768,116848.92,35797.0952
002632.SZ,20260420,3.8256,1.0,34.5773,3.5077,766383.0834,704820.4087
301277.SZ,20260420,1.9131,0.59,38.4163,3.0025,465789.1392,465789.1392
300142.SZ,20260420,2.121,0.9,110.7675,2.2837,1968798.054,1920978.9727
920508.BJ,20260420,4.0544,1.32,546.4512,6.3876,124740.0,66332.4181
002332.SZ,20260420,2.457,1.21,32.3491,1.5023,885338.3551,881193.4713
002762.SZ,20260420,4.4007,1.04,,4.3275,289238.425,172696.1806
603232.SH,20260420,4.5457,0.68,493.9834,3.464,466057.6502,460518.29
300025.SZ,20260420,2.1978,0.89,,4.9251,265589.9053,264336.6872
300605.SZ,20260420,3.3908,0.73,,4.8956,237476.4177,181737.8481
300033.SZ,20260420,6.0691,1.15,57.8825,27.4844,18551823.36,10806390.6192
301223.SZ,20260420,6.3167,2.44,24.229,1.2554,379881.9105,220333.623
002408.SZ,20260420,3.8265,0.92,,1.6876,1862068.5886,1801968.4197
301488.SZ,20260420,3.9791,0.8,167.3591,9.2044,1254328.0,319201.7712
603208.SH,20260420,2.2182,0.91,,2.2339,234576.6204,234576.6204
688122.SH,20260420,3.85,1.37,58.2445,6.8699,4895221.9849,4895221.9849
920227.BJ,20260420,10.7515,1.86,58.651,6.1136,254093.2875,115611.3659
688681.SH,20260420,4.1163,1.35,42.6692,3.2383,200024.37,200024.37
002935.SZ,20260420,8.0947,3.46,136.1723,5.4459,882557.3191,863804.1275
600496.SH,20260420,6.8839,4.12,12.3363,0.8089,746296.9399,746296.9399
300966.SZ,20260420,3.1737,0.96,,3.2401,251082.2641,166980.0051
920685.BJ,20260420,2.4999,1.58,33.843,2.1322,119062.2392,71429.9739
300504.SZ,20260420,4.8608,0.82,,2.054,435536.5001,350730.2103
002223.SZ,20260420,1.0643,0.86,18.936,2.5115,3295141.6656,3090299.8851
002036.SZ,20260420,1.9703,0.85,,4.4422,963471.829,961531.143
688207.SH,20260420,1.9121,1.13,,2.0352,378100.7946,378100.7946
002401.SZ,20260420,1.1917,0.75,170.0651,3.3461,553414.3072,552939.4502
688137.SH,20260420,4.7354,0.59,,1.7334,352982.4582,352982.4582
600644.SH,20260420,14.5408,1.94,297.1267,3.3486,692828.34,692828.34
301160.SZ,20260420,3.3853,0.96,30.4092,4.08,667821.7657,434777.8016
600160.SH,20260420,3.4018,1.13,23.5522,4.6636,9303324.9951,9303324.9951
002843.SZ,20260420,6.5693,0.32,166.5493,4.9769,704361.6985,701717.5885
603803.SH,20260420,29.247,0.77,,4.2474,667067.1845,667067.1845
600617.SH,20260420,4.4037,0.63,,1.8305,619270.5601,569949.2032
001395.SZ,20260420,0.8886,0.78,18.5891,2.8857,345470.4,185684.4
600382.SH,20260420,7.9595,1.23,31.2635,2.4991,677742.2949,677742.2949
603725.SH,20260420,7.1276,1.46,24.2007,3.2548,280164.2079,263438.4079
300689.SZ,20260420,6.6614,0.98,259.6341,8.8666,612333.2,535961.9757
002046.SZ,20260420,8.4145,1.27,111.2985,6.631,2897575.375,2857652.2334
000598.SZ,20260420,1.2653,0.81,9.9308,1.0092,1990333.8169,1987144.8899
920374.BJ,20260420,4.2009,1.62,111.1988,6.6244,173225.75,72491.2959
002706.SZ,20260420,11.386,1.6,46.9639,2.9262,1245545.6472,1014048.7397
000488.SZ,20260420,2.1518,1.66,,8.3964,758895.6996,437108.6955
603608.SH,20260420,11.4357,2.14,,4.8256,510399.1961,510399.1961
002064.SZ,20260420,1.8489,0.74,29.4939,2.004,5478648.4623,5466997.5915
002045.SZ,20260420,2.3018,1.47,238.52,1.5073,667104.9946,666333.7981
603223.SH,20260420,5.662,2.02,19.5161,1.5126,618300.2411,618300.2411
300505.SZ,20260420,7.2561,0.85,17.1634,2.4579,725925.1282,574050.9873
002053.SZ,20260420,2.8558,0.84,44.0303,1.4032,1040424.2943,1040416.9211
603237.SH,20260420,1.5104,1.01,32.1097,1.94,342314.9968,340472.3681
688729.SH,20260420,2.5982,0.97,102.1788,7.6869,6853943.64,498587.1613
300440.SZ,20260420,4.7918,1.29,85.934,4.4639,748057.2532,745172.3036
301199.SZ,20260420,2.6542,1.24,36.5119,2.2436,429168.124,164840.599
000632.SZ,20260420,4.0702,0.58,,2.3845,209949.3261,209932.2043
001386.SZ,20260420,3.3209,1.31,18.6661,1.9603,2337263.52,191416.515
000504.SZ,20260420,1.4051,1.06,,13.115,317812.2434,316944.8693
002001.SZ,20260420,4.3121,1.36,15.5848,3.2134,10541836.3624,10416436.413
688131.SH,20260420,2.2545,0.93,65.4198,5.4002,1620898.3706,1620898.3706
300905.SZ,20260420,44.2909,2.96,70.826,5.1952,986555.5007,769590.379
605366.SH,20260420,9.6925,1.02,,3.9561,1044600.5842,1044600.5842
688558.SH,20260420,7.3933,2.74,26.4917,2.4282,416592.0,416592.0
300189.SZ,20260420,7.1106,1.03,,9.5811,699392.0,605301.9705
002266.SZ,20260420,2.7311,0.88,25.1305,2.0004,2348672.1309,2203560.4716
300623.SZ,20260420,5.2254,2.01,51.284,4.0533,2444650.802,2254494.5986
603062.SH,20260420,2.5606,0.85,25.7206,2.5879,540648.0,185587.9386
300585.SZ,20260420,7.1545,0.55,,4.8801,311764.4442,311764.4442
601717.SH,20260420,1.1419,0.71,8.3128,1.4756,3569014.4601,3082789.2943
603030.SH,20260420,1.3939,0.73,,3.4795,308162.4437,308162.4437
300735.SZ,20260420,5.2267,1.76,56.6906,3.7397,1847277.8784,1823103.3954
603202.SH,20260420,4.2282,0.45,14.3362,2.3591,1525760.0,317186.7944
600699.SH,20260420,4.0183,0.95,30.2998,2.3366,4047511.1694,3536690.0108
600538.SH,20260420,4.668,1.53,,5.198,357503.2733,357503.2733
301318.SZ,20260420,2.071,0.84,30.1587,1.9605,368148.2661,241579.2178
300474.SZ,20260420,2.2822,0.93,,4.6697,3255917.7593,2532333.8548
301501.SZ,20260420,2.1313,1.39,23.4913,2.7627,570302.4,167736.0
300473.SZ,20260420,5.9186,1.64,69.154,2.952,605181.6524,525925.2079
600727.SH,20260420,21.7966,3.49,107.7299,1.2894,412294.8453,412294.8453
002871.SZ,20260420,3.8702,0.83,32.1465,4.228,463662.9286,275037.167
301373.SZ,20260420,18.2968,0.73,77.1465,6.3729,1058796.0803,398083.8196
600846.SH,20260420,1.3669,2.15,28.5756,1.8331,754711.9113,754711.9113
600649.SH,20260420,2.7835,0.99,37.4855,0.5155,1084448.8325,1084448.8325
002571.SZ,20260420,2.148,0.76,,4.8489,473476.4456,360353.8751
600184.SH,20260420,13.022,0.78,,4.2032,1424185.9318,1424185.9318
300212.SZ,20260420,10.4229,1.43,,22.3694,608309.0966,590242.4068
000078.SZ,20260420,14.2943,0.7,,5.631,1026138.0702,1024312.0438
603970.SH,20260420,1.2729,0.89,18.8228,2.1819,337881.7684,337881.7684
300882.SZ,20260420,5.1101,0.92,37.1938,4.9724,651680.1051,606426.6473
300128.SZ,20260420,3.6114,1.51,,12.22,808049.7863,807179.997
300491.SZ,20260420,5.9219,0.74,119.658,3.9856,480466.0625,426631.4986
002677.SZ,20260420,2.052,0.84,226.4269,3.3346,492291.355,407571.4879
688702.SH,20260420,5.6039,0.99,,43.3342,9671080.0,4788170.1774
603717.SH,20260420,3.2444,0.61,,3.811,197299.4432,197299.4432
001202.SZ,20260420,2.3498,1.02,39.0973,3.3354,283374.887,198600.7235
603351.SH,20260420,1.5218,0.77,24.0889,2.0211,355527.7215,355527.7215
600051.SH,20260420,4.675,0.81,27.8876,0.6894,235336.16,235336.16
002988.SZ,20260420,4.2506,0.5,47.3837,3.1959,856468.9698,856468.9698
600636.SH,20260420,12.0723,2.06,,1.2341,253970.7084,253970.7084
605089.SH,20260420,6.3524,1.18,49.2207,2.9168,357834.0,357834.0
000530.SZ,20260420,8.1133,2.28,49.0565,1.6349,520262.1168,370225.5827
300950.SZ,20260420,2.5421,1.11,47.1711,4.1856,333994.376,198480.7751
002674.SZ,20260420,2.0013,0.81,57.4,1.711,410815.8122,406663.4763
300777.SZ,20260420,10.4395,1.42,47.5144,3.2801,1495005.6258,1436113.4234
301519.SZ,20260420,2.5104,0.84,,1.643,232442.46,108535.3925
301060.SZ,20260420,2.1626,0.77,,2.4903,392907.177,353341.0504
688432.SH,20260420,5.6965,1.79,93.4378,4.3255,1955472.1059,1955472.1059
920181.BJ,20260420,40.9931,0.84,35.6673,4.2511,314150.4,72865.44
000990.SZ,20260420,12.0247,1.21,191.0193,0.753,1351344.1389,1351343.1381
301198.SZ,20260420,3.0234,0.96,,2.685,245388.0,225864.9307
920718.BJ,20260420,2.2795,1.44,31.5527,2.1218,123034.7119,58500.4627
600676.SH,20260420,2.0088,0.72,,1.6884,815594.9046,815594.9046
300686.SZ,20260420,8.9043,0.76,,4.9274,463911.1116,302464.51
688055.SH,20260420,5.0832,0.95,,3.5706,1456666.6958,1456666.6958
002119.SZ,20260420,21.4027,1.56,71.6479,5.9091,831254.06,831254.06
000652.SZ,20260420,1.9977,1.39,,1.1559,625643.3132,625172.0402
002234.SZ,20260420,1.8365,0.73,,1.7016,301152.663,260115.6555
600570.SH,20260420,1.4309,0.97,41.0819,5.1408,5057933.6531,5057933.6531
600628.SH,20260420,2.0904,0.85,69.8767,1.1025,465750.2765,465750.2765
300021.SZ,20260420,1.3318,1.03,71.1815,1.7588,443707.4815,378768.8176
603167.SH,20260420,1.0005,0.64,15.0377,1.2376,434427.8098,434427.8098
600159.SH,20260420,5.9942,0.76,,1.4312,245680.9567,245680.9567
688618.SH,20260420,14.1636,0.82,125.1887,5.3504,457821.2927,457248.8084
301117.SZ,20260420,10.7683,1.4,311.3005,4.7068,614325.9567,377863.6626
002805.SZ,20260420,9.1063,0.67,,5.1534,508873.577,506111.9006
688168.SH,20260420,4.8289,1.26,,6.9662,689184.9007,689184.9007
300550.SZ,20260420,5.9334,0.73,70.1645,2.5989,296955.5195,296661.9628
920792.BJ,20260420,2.3684,2.34,25.8495,1.8614,194012.88,119106.0681
002186.SZ,20260420,2.044,0.74,,3.7151,321346.9026,320917.3709
605020.SH,20260420,3.8574,1.53,23.8114,2.3261,1337323.4168,1316654.998
300490.SZ,20260420,18.2131,1.65,,3.7081,817274.8817,806167.8546
688176.SH,20260420,3.7245,0.95,,4.9025,772793.6676,589483.089
300306.SZ,20260420,1.7879,0.85,46.9891,2.257,335929.5137,196845.51
600794.SH,20260420,1.4221,0.95,50.993,1.6447,432054.7765,432054.7765
300844.SZ,20260420,4.0403,1.01,,4.4938,329500.4608,318290.9758
300665.SZ,20260420,2.5416,0.93,,3.0921,170777.6694,170095.3402
002196.SZ,20260420,5.8027,0.74,149.3606,4.9937,712072.0915,701357.3445
000090.SZ,20260420,1.3986,0.98,21.7251,0.6008,678281.9925,678250.956
600429.SH,20260420,2.1159,0.46,46.4054,1.667,869709.5686,867085.7497
300077.SZ,20260420,4.4001,0.6,,8.4041,1472213.0657,1229497.8709
301509.SZ,20260420,11.4945,0.64,51.204,2.3868,526111.0502,247844.3735
300105.SZ,20260420,2.0884,0.76,,1.8435,341984.9605,341758.5128
603239.SH,20260420,4.0469,0.76,29.2796,4.9004,649728.0,649728.0
603906.SH,20260420,29.3215,1.62,,6.6161,1870950.4841,1543230.4841
002765.SZ,20260420,1.8599,1.08,36.8406,2.5763,680821.726,622077.9862
603929.SH,20260420,4.9522,0.59,44.1994,17.1152,3943319.52,3943319.52
300374.SZ,20260420,1.8568,0.79,,4.673,347474.1322,347433.3106
002718.SZ,20260420,5.6563,0.79,773.5186,10.4071,956878.352,694706.251
603350.SH,20260420,5.9719,0.65,37.084,3.1903,426601.028,161583.919
300835.SZ,20260420,9.1982,1.47,67.0246,9.2193,1129274.2038,787375.6214
600862.SH,20260420,2.9252,1.27,29.7307,3.9891,3064708.0354,3064708.0354
300159.SZ,20260420,2.0889,0.91,,,1115452.7295,620993.4898
000034.SZ,20260420,4.9068,1.48,52.0303,2.4721,2720892.0674,2275519.598
600721.SH,20260420,5.1464,0.53,85.0603,4.3162,346092.8715,346092.8715
002608.SZ,20260420,2.2796,1.25,8.6213,0.8753,3056466.4805,3056466.4805
920509.BJ,20260420,8.7784,2.25,75.9496,14.1884,524840.8487,274968.5663
600641.SH,20260420,11.7433,1.59,,2.8407,2312615.3512,2312615.3512
600993.SH,20260420,1.4079,1.04,18.8906,2.5115,1079789.997,1077919.0751
601139.SH,20260420,3.8853,1.04,13.6864,1.2131,1973445.768,1973445.768
300410.SZ,20260420,14.1395,1.15,98.5273,13.7776,362342.3046,362342.3046
300301.SZ,20260420,3.3514,0.52,,34.8536,318669.6073,303282.9577
300285.SZ,20260420,5.6617,0.99,58.0443,5.0695,3552483.0893,2997711.6899
300458.SZ,20260420,5.94,1.25,124.6961,10.4948,3268692.4327,2613283.7108
605090.SH,20260420,10.0862,1.74,22.9846,3.0318,3195153.7118,3188861.5721
688686.SH,20260420,6.9711,0.86,70.8545,4.3102,1319165.0304,1319165.0304
002057.SZ,20260420,1.7113,0.97,31.1401,2.3093,737298.2645,736849.5678
002233.SZ,20260420,0.9385,0.95,16.9815,0.8962,1076696.0158,1075891.1649
688332.SH,20260420,4.3171,0.99,10.9782,2.94,1553907.807,1553907.807
301376.SZ,20260420,2.7401,1.09,20.0999,1.9782,658841.7121,316993.3847
300488.SZ,20260420,5.5588,1.15,39.0285,2.7695,572897.5078,486111.3032
301185.SZ,20260420,2.0566,1.02,40.217,2.7338,292567.3632,266732.7822
600029.SH,20260420,4.8888,1.66,122.8504,2.959,10528281.3146,7830118.8786
000519.SZ,20260420,3.7007,1.26,,2.4784,2531672.2293,2531672.2293
002379.SZ,20260420,2.12,1.22,20.6516,3.3817,36891095.6299,3217074.0947
920009.BJ,20260420,5.0166,1.6,38.6936,5.5807,378202.92,49161.6
300649.SZ,20260420,2.4576,0.79,,4.1536,207629.2429,166391.1644
920132.BJ,20260420,4.5577,1.04,63.3052,4.3526,115787.952,39316.2686
688418.SH,20260420,9.5308,1.15,,10.8918,952182.6651,952182.6651
605008.SH,20260420,1.5442,1.03,1006.3585,3.8505,775154.8968,775154.8968
603777.SH,20260420,18.3068,0.54,,3.5609,564507.9922,564507.9922
000596.SZ,20260420,1.3153,0.75,11.8436,2.2473,5603160.0,4331160.0
600195.SH,20260420,3.4516,0.59,37.8101,1.4181,810791.7184,810791.7184
600456.SH,20260420,4.0758,1.57,40.5787,2.335,1686554.7127,1686554.7127
300680.SZ,20260420,7.7946,1.79,33.8373,4.7991,950942.3417,734300.0726
688589.SH,20260420,1.7803,0.75,159.9058,3.4483,328878.4362,328878.4362
000032.SZ,20260420,2.5441,0.66,144.7247,3.1148,2279676.3874,2134811.523
600518.SH,20260420,1.536,1.07,2343.2005,3.3197,2420056.9208,2418911.6329
603036.SH,20260420,1.4903,0.76,35.2353,2.6731,370604.839,370604.839
920018.BJ,20260420,5.4223,1.32,35.3137,3.9116,375622.2138,130460.21
600178.SH,20260420,1.6803,0.96,428.0851,2.097,535981.109,535981.109
002474.SZ,20260420,3.0558,1.17,,3.4109,466027.8,397543.6928
300238.SZ,20260420,4.1891,1.48,167.0699,7.1351,406748.8453,406715.6818
002162.SZ,20260420,3.0729,0.98,627.5249,5.1298,422142.7429,421588.8015
920693.BJ,20260420,13.3132,2.64,580.3255,6.1704,216282.5,108914.75
002554.SZ,20260420,3.3676,0.93,,1.9658,465468.3051,465381.2132
688790.SH,20260420,8.4647,1.02,,5.1367,1431464.7368,173413.4243
300726.SZ,20260420,4.8832,1.19,54.8663,3.7645,1891992.2479,985130.1153
603124.SH,20260420,3.0258,1.24,86.8225,9.9553,1789022.3177,952648.1428
301382.SZ,20260420,12.3263,0.89,66.1241,6.3009,1167222.2816,720491.2548
301515.SZ,20260420,2.3209,0.68,,1.9038,231900.0,152058.1055
300279.SZ,20260420,4.2178,0.99,65.43,4.0963,424538.3573,422667.5673
301529.SZ,20260420,5.6725,0.61,71.2553,6.8088,946019.7287,504454.625
300619.SZ,20260420,5.7805,1.07,,4.7043,742108.5414,620404.1605
300562.SZ,20260420,7.9881,2.87,37.3514,2.9898,306277.7769,228302.1027
300958.SZ,20260420,3.1025,0.86,,1.6851,209870.2793,121915.1828
603888.SH,20260420,3.9344,1.31,49.8481,3.8145,1403455.3894,1403455.3894
300802.SZ,20260420,2.1119,0.97,63.158,3.9353,550259.5799,377166.4397
000401.SZ,20260420,1.9743,1.48,57.3688,0.4601,1254678.5349,1241999.3877
600191.SH,20260420,5.6557,2.4,157.1703,3.6492,617803.368,617803.368
300355.SZ,20260420,1.9155,0.38,101.2313,1.4065,604799.2645,489522.7972
920299.BJ,20260420,16.8354,1.59,97.8542,7.8567,229868.7631,115853.0655
300476.SZ,20260420,9.2221,1.07,69.4082,20.0834,29928715.8359,29394399.3539
300416.SZ,20260420,6.0769,1.31,36.9989,3.4418,952510.0406,945779.1585
600250.SH,20260420,15.3574,0.72,367.4301,5.8494,365340.3599,365340.3599
605358.SH,20260420,6.0015,2.26,,3.7376,2619044.8368,2619044.8368
603682.SH,20260420,10.4976,0.66,,5.306,340200.0,340200.0
605289.SH,20260420,9.3043,0.84,256.9346,10.6164,1397258.135,1388670.075
301518.SZ,20260420,6.5408,1.34,63.6519,3.9501,641811.5002,236036.057
688298.SH,20260420,0.8169,0.81,,0.76,456220.8,456220.8
000655.SZ,20260420,3.9015,0.7,20.195,1.4528,513183.2783,513183.2783
605009.SH,20260420,1.4496,1.23,20.8012,1.8211,616594.1073,616513.8313
688458.SH,20260420,1.7862,1.11,,2.2403,408893.2819,311861.2713
603271.SH,20260420,9.8753,2.32,24.1642,3.4321,1003468.72,482432.1556
600674.SH,20260420,4.1848,3.27,15.5163,1.5818,7336283.2761,7336283.2761
603198.SH,20260420,1.6263,1.03,13.4194,2.7669,2810400.0,2810400.0
002603.SZ,20260420,1.5638,0.72,,2.7068,2761675.9865,2275927.6596
002351.SZ,20260420,0.9789,0.97,23.5173,3.3994,1013581.98,594004.7235
300816.SZ,20260420,6.1156,0.91,74.3792,5.9435,538480.0,381436.1514
001266.SZ,20260420,5.2127,1.35,86.0513,3.6305,344818.6256,193352.9873
002190.SZ,20260420,2.3809,0.61,,2.9782,1148292.6269,1148292.6269
002728.SZ,20260420,3.2952,0.54,67.3128,3.0182,549754.8087,355493.2944
300963.SZ,20260420,2.5754,0.99,104.896,7.2726,802620.0,608064.765
002444.SZ,20260420,1.7939,0.97,15.1952,2.0595,3834274.9642,3681975.2174
603648.SH,20260420,1.247,1.35,28.9178,1.9134,356251.7824,356251.7824
601825.SH,20260420,0.3369,1.37,7.1259,0.7,8815022.2227,8568239.4423
301232.SZ,20260420,23.2266,1.12,465.615,12.4876,1759550.5433,1045660.6737
000753.SZ,20260420,3.33,0.78,101.745,2.4142,661317.8744,661317.8744
603569.SH,20260420,1.6419,0.91,61.6287,1.4652,412195.4524,412195.4524
002291.SZ,20260420,3.659,1.28,,2.0242,610640.1205,567538.8013
300721.SZ,20260420,2.799,0.75,,2.0812,234906.6031,197151.1283
002167.SZ,20260420,5.2417,1.44,40.2061,5.8972,1032639.5089,1009616.8167
920641.BJ,20260420,15.6683,2.78,161.0986,4.1094,142792.65,86391.9327
001368.SZ,20260420,10.8184,0.93,33.9271,2.4078,333314.572,316842.0979
300169.SZ,20260420,2.3298,1.01,,,193634.698,179231.0545
603721.SH,20260420,6.9451,1.63,104.7982,5.5793,277810.0,277810.0
300171.SZ,20260420,1.1241,0.71,65.2351,1.4367,1128064.7029,828794.2839
301203.SZ,20260420,4.6922,2.11,26.3387,2.4935,339440.0,186023.7275
301087.SZ,20260420,3.5268,0.86,32.5424,2.6171,1209304.733,1123015.462
300959.SZ,20260420,12.9448,1.24,326.4548,6.2338,699280.2278,455542.7605
688661.SH,20260420,11.2178,1.54,439.4741,10.6637,1309273.0601,1309273.0601
600166.SH,20260420,5.7433,0.53,35.3731,1.7523,2691916.1248,2691916.1248
002955.SZ,20260420,2.3135,1.24,115.5645,1.8411,598225.6975,494595.2419
301097.SZ,20260420,3.7589,0.85,266.7397,2.9359,346964.208,170348.892
601838.SH,20260420,0.8648,1.2,5.562,0.873,7404546.5669,7404546.5669
920976.BJ,20260420,6.3955,1.34,33.4185,8.0568,224993.2314,139903.2516
600267.SH,20260420,4.9896,0.77,19.0696,1.5558,1339016.2559,1339016.2559
001914.SZ,20260420,2.8609,1.44,16.5484,1.0101,1083224.014,1083220.1076
920247.BJ,20260420,10.471,2.72,81.4873,7.3835,354159.2852,256915.3304
603171.SH,20260420,10.2969,1.05,216.4533,9.1817,2317791.88,2315196.56
000735.SZ,20260420,4.4773,1.72,53.5423,1.8994,823332.2083,822891.7247
603303.SH,20260420,1.9137,1.23,28.9472,2.4062,765019.0983,765019.0983
002099.SZ,20260420,3.7461,1.58,,2.3047,1180043.4194,1177843.7421
920726.BJ,20260420,17.2968,1.2,65.0011,4.3483,199883.22,109925.8525
300997.SZ,20260420,7.7304,1.41,206.2853,8.7163,911257.2484,827141.2758
600548.SH,20260420,1.2234,1.02,20.0714,1.0016,2306911.2194,1558413.2185
920080.BJ,20260420,4.6249,2.55,28.4565,3.538,196710.0,53705.1504
600381.SH,20260420,2.7841,0.83,,1.6818,173182.9186,173182.9186
600602.SH,20260420,12.5702,0.85,167.4585,6.6526,3244121.4353,2548246.6923
002707.SZ,20260420,2.6921,0.79,130.5988,6.9661,645643.7767,542161.1468
000603.SZ,20260420,5.4754,1.23,55.3483,8.6375,2841983.7362,2746204.6827
301002.SZ,20260420,11.613,1.46,,5.5873,590482.9029,371895.1302
000042.SZ,20260420,1.6974,1.42,,2.531,590370.0514,589722.9996
601069.SH,20260420,7.2891,0.96,65.4549,6.5291,3089198.0261,3008456.0102
002205.SZ,20260420,2.2038,1.11,,6.7037,241224.5099,241224.5099
301066.SZ,20260420,8.5187,2.47,125.705,2.7709,343927.4345,341282.8049
301238.SZ,20260420,4.9743,0.88,294.9303,2.1782,1561266.5957,1561266.5957
600980.SH,20260420,3.0293,1.12,35.2515,2.9506,439091.3803,439091.3803
600252.SH,20260420,1.386,0.44,,1.4885,799224.9306,799224.9306
002136.SZ,20260420,6.62,1.62,,2.6981,291782.14,291016.4663
300199.SZ,20260420,7.7906,1.07,,29.5116,1915750.4578,1617418.6258
603080.SH,20260420,3.1326,1.42,16.5722,1.9979,304366.5,304366.5
002827.SZ,20260420,1.4646,0.69,45.6401,8.4704,903724.052,900307.841
688433.SH,20260420,4.4309,0.93,502.3053,16.7572,3466178.6872,3466178.6872
603868.SH,20260420,2.333,0.89,30.7181,4.2286,1383465.6,1383465.6
603506.SH,20260420,2.8515,1.0,20.2909,1.8873,235473.3349,235473.3349
688358.SH,20260420,4.1083,1.61,28.556,2.4046,332676.6938,332231.6438
605277.SH,20260420,4.5524,1.12,37.6471,4.9051,792150.2908,777839.5444
605167.SH,20260420,4.0017,0.63,37.7113,4.163,822749.9249,822749.9249
603650.SH,20260420,6.1112,1.49,56.7612,7.6813,3318838.9594,3310168.1412
600928.SH,20260420,1.0433,0.87,6.0545,0.4676,1613333.3335,1605677.526
920974.BJ,20260420,2.1961,1.39,49.5005,1.9981,127600.2,100063.9475
002902.SZ,20260420,26.3413,0.73,,8.4056,709727.3672,536449.3829
301019.SZ,20260420,2.5051,1.64,32.1656,3.4677,358135.5219,227107.1615
300640.SZ,20260420,3.4774,0.76,183.1927,2.7214,221116.3266,156952.6314
002460.SZ,20260420,5.981,0.67,107.5137,3.8413,17341759.4155,10017984.3923
002520.SZ,20260420,3.5131,0.87,,16.6657,428389.9926,409658.3376
688111.SH,20260420,3.4663,0.6,62.9909,8.9849,11568085.0008,11568085.0008
600905.SH,20260420,0.6412,0.81,31.8679,1.3195,11692348.9081,11692348.9081
600346.SH,20260420,1.8033,0.74,23.6906,2.51,16760096.5905,16760096.5905
920870.BJ,20260420,6.5147,2.31,122.7863,4.4679,202072.0,99532.3732
600104.SH,20260420,1.1071,0.93,15.8112,0.5347,15978435.7306,15978435.7306
300319.SZ,20260420,3.2869,0.88,32.7546,2.2949,1104159.8751,1048415.531
603220.SH,20260420,23.5587,1.09,194.0696,4.2666,1656239.292,1340998.1965
301507.SZ,20260420,2.785,0.93,42.8202,3.1742,514151.3439,158889.4492
300695.SZ,20260420,2.7985,0.61,20.5207,2.4829,719172.9465,719172.9465
300214.SZ,20260420,4.0888,0.66,,1.5129,366343.2598,366343.2598
920522.BJ,20260420,8.9467,1.93,141.2491,8.6473,931099.2768,772302.762
300446.SZ,20260420,6.1682,1.42,20.1113,3.0026,1771979.5927,782982.1184
688272.SH,20260420,16.3397,1.41,,8.4559,351120.0,351120.0
605001.SH,20260420,2.7239,1.21,27.7277,1.1018,295843.158,295843.158
600796.SH,20260420,8.3256,2.33,32.0351,1.5493,532950.2461,191558.9017
002979.SZ,20260420,2.3806,0.9,57.6026,7.5827,1246196.74,875598.8384
600760.SH,20260420,2.3829,0.86,40.9577,6.1174,14407951.3365,14362677.2063
002907.SZ,20260420,4.0046,0.58,79.2554,3.5015,591316.3806,424678.9462
002951.SZ,20260420,21.6341,1.57,936.7801,3.8988,654075.0,647815.9464
688101.SH,20260420,2.5187,1.9,14.5952,1.2448,551140.0296,551140.0296
605589.SH,20260420,7.0542,1.12,29.7393,3.0311,3113016.8956,3102760.7926
920149.BJ,20260420,2.3877,1.47,,6.7583,80613.2717,66683.4212
301486.SZ,20260420,18.1074,1.17,131.2656,8.5775,2241880.2949,1262289.3196
000589.SZ,20260420,1.1523,0.78,14.0387,0.8013,708908.7738,704438.241
603396.SH,20260420,4.3827,0.97,109.2962,1.9394,502162.1078,502162.1078
301348.SZ,20260420,8.528,1.85,,4.0075,596400.0,385520.8375
300231.SZ,20260420,5.9258,0.66,,3.1379,510050.5337,510024.3421
688247.SH,20260420,0.8021,0.49,86.7848,3.2841,424779.58,424779.58
605488.SH,20260420,5.9539,1.27,75.7547,4.5476,1012810.5503,926674.0321
300412.SZ,20260420,5.7436,1.77,90.3429,2.5462,267793.0707,251709.5655
301622.SZ,20260420,2.4037,0.67,55.9148,4.689,735471.8467,410199.2082
301196.SZ,20260420,13.7738,1.01,58.5079,4.7911,1550381.5542,1014029.0513
300026.SZ,20260420,1.8653,0.59,,1.2311,1063470.8123,969439.0812
002973.SZ,20260420,1.0659,0.66,28.001,2.1888,551290.0293,428514.0022
688210.SH,20260420,2.5825,0.77,,5.9048,762193.2163,762193.2163
300932.SZ,20260420,8.4885,1.02,62.8007,2.5853,456148.1972,324891.1622
688807.SH,20260420,27.8559,1.52,315.9111,15.7652,2784000.0,523240.8288
300586.SZ,20260420,11.6735,1.32,,4.2154,776648.5763,583779.3431
688107.SH,20260420,5.4319,1.18,,13.2085,1246240.682,1246240.682
002767.SZ,20260420,6.954,1.29,87.7256,3.8687,329250.0,285785.7536
603863.SH,20260420,5.3962,0.89,,10.0098,364481.65,364481.65
002139.SZ,20260420,1.4147,1.31,42.3524,2.2072,1541088.0452,1323867.0509
688297.SH,20260420,4.2104,1.18,380.1122,5.883,3367575.0,3367575.0
300503.SZ,20260420,15.5259,1.4,155.6553,14.3161,1924568.0455,1504648.5182
920060.BJ,20260420,14.1749,2.33,41.5728,5.1844,518472.3008,323350.7675
300817.SZ,20260420,3.6108,0.37,68.445,4.3207,440089.2518,252526.686
300955.SZ,20260420,6.7551,1.37,,4.5736,401385.6,401385.6
002060.SZ,20260420,3.9425,0.59,13.0689,1.0054,1449195.7914,603246.4588
002877.SZ,20260420,2.8293,0.97,538.1657,2.6467,320971.0129,216944.2161
301600.SZ,20260420,2.5142,0.89,64.2391,9.4043,1133661.881,349875.691
002250.SZ,20260420,1.878,0.92,38.8629,2.2836,1501888.3992,1493714.5368
000503.SZ,20260420,1.3252,0.94,,5.9148,743252.6262,743239.7232
002492.SZ,20260420,8.4495,2.05,,2.0568,330480.0,324633.1356
301086.SZ,20260420,12.7566,1.29,155.7863,8.0984,1580670.0,824064.882
688411.SH,20260420,4.0378,0.92,42.9682,8.5325,4077834.2964,3001879.3315
688095.SH,20260420,3.8941,0.91,255.5783,2.6814,703376.9753,703376.9753
300860.SZ,20260420,2.1073,1.1,160.7423,1.4962,456050.7497,264788.9198
301510.SZ,20260420,2.1881,1.08,191.6842,8.93,1258031.45,877955.8727
000537.SZ,20260420,6.9541,1.24,23.4044,1.0608,2102999.4107,2102999.4107
600312.SH,20260420,6.3094,1.38,25.7369,2.5625,2882100.8603,2882100.8603
002786.SZ,20260420,1.4118,0.89,,15.6335,358823.088,357737.088
920575.BJ,20260420,2.5503,1.08,,9.1636,223909.18,149707.428
300124.SZ,20260420,1.7188,1.09,34.7266,5.2376,18008484.727,15955266.1407
603700.SH,20260420,7.1331,2.23,28.1685,1.6113,262949.9432,262949.9432
002960.SZ,20260420,2.6242,1.05,33.0597,1.649,1056650.4517,971065.4947
920802.BJ,20260420,3.9496,2.12,48.8432,2.7413,121208.2526,32661.7205
300594.SZ,20260420,11.3172,1.46,,3.1668,261655.5856,259162.66
002734.SZ,20260420,6.7501,1.08,17.4065,2.1084,835098.5401,762276.8702
002729.SZ,20260420,7.4977,0.73,89.0753,6.7486,370514.088,355314.0148
000045.SZ,20260420,4.0436,1.09,88.0249,2.0212,602254.4785,543398.9785
688622.SH,20260420,4.9028,0.7,,21.1428,640954.379,640954.379
000899.SZ,20260420,13.6162,1.89,13.027,2.0344,1311310.9094,1311310.9094
600719.SH,20260420,10.4366,1.3,,9.8241,301426.702,301426.702
688656.SH,20260420,1.8854,1.08,375.2018,10.6157,870497.6746,870497.6746
603693.SH,20260420,12.8364,0.99,33.7517,1.8585,1293531.5019,1293531.5019
600857.SH,20260420,2.7582,1.69,84.32,3.1598,274343.2609,274343.2609
301448.SZ,20260420,2.5604,0.63,806.2075,6.053,413902.2,191053.8525
301000.SZ,20260420,2.9881,0.94,51.0474,5.9197,736404.0403,695144.5843
301061.SZ,20260420,2.6112,0.93,17.9122,4.0456,1629379.6026,1082472.4115
300601.SZ,20260420,1.4265,0.99,,1.7111,1557000.0785,1255121.2933
600418.SH,20260420,2.016,0.98,,7.9691,10495453.6759,10168749.5869
000030.SZ,20260420,14.4272,2.64,14.5089,1.1966,975132.7491,947403.9543
600557.SH,20260420,1.0797,0.79,33.4827,1.6645,784696.1051,784696.1051
920075.BJ,20260420,4.329,1.84,61.7015,3.5673,142787.445,76838.1374
000520.SZ,20260420,3.9835,1.68,,10.127,407869.6324,407869.6324
002884.SZ,20260420,2.4621,0.67,14.9784,2.8204,681385.1796,520203.0896
601012.SH,20260420,2.2637,1.05,,2.35,13375286.603,13375273.2843
300472.SZ,20260420,3.1441,1.32,,,227088.3623,218494.1311
605069.SH,20260420,7.415,0.83,,3.4017,289602.5603,289602.5603
603678.SH,20260420,4.5069,1.21,52.2612,2.7317,1671141.1413,1671141.1413
300136.SZ,20260420,19.9154,1.65,102.2667,9.3825,7527684.0036,6400626.6559
300449.SZ,20260420,1.7296,0.81,,8.8031,273313.4802,273313.4802
600383.SH,20260420,2.1954,0.81,,0.2759,1259568.8166,1259568.8166
002636.SZ,20260420,15.3374,0.79,260.585,8.2693,2880696.0,2866116.1051
300303.SZ,20260420,14.1286,1.17,49.392,3.6679,1409721.4994,1322003.5023
603213.SH,20260420,1.5489,0.9,78.7879,3.1632,595778.7345,595778.7345
301567.SZ,20260420,3.4844,0.98,105.6259,4.1693,311760.0,91968.5505
000895.SZ,20260420,0.7353,0.68,19.2217,4.5931,9811920.5552,9810641.2105
603882.SH,20260420,1.6196,0.94,,1.9957,1281372.3887,1272732.24
000590.SZ,20260420,3.0097,0.84,,4.854,265813.1064,265687.965
301380.SZ,20260420,2.9332,1.08,59.5838,4.7658,346863.5133,276206.7985
600219.SH,20260420,4.6258,1.26,15.0594,1.4381,7131378.6681,7131378.6681
000731.SZ,20260420,2.3336,0.59,51.8362,0.9957,389117.5631,389117.5631
688046.SH,20260420,3.862,0.86,53.9767,3.4959,779410.0,779410.0
000818.SZ,20260420,5.7993,0.62,,4.2805,988680.0584,986000.7356
603155.SH,20260420,3.8362,1.11,54.4654,2.3616,512837.7632,512837.7632
301327.SZ,20260420,12.855,1.25,52.2802,1.8769,1163821.1699,1163821.1699
002080.SZ,20260420,7.9081,0.8,45.5032,4.1542,8271471.1455,8271471.1455
300715.SZ,20260420,3.3497,1.3,,2.766,514155.3848,425623.7749
603968.SH,20260420,3.5534,0.49,,1.3315,240468.48,240468.48
688081.SH,20260420,7.3423,0.96,,13.6008,538384.0,538384.0
600876.SH,20260420,6.4867,0.81,,2.0851,646966.3129,396466.3129
300990.SZ,20260420,17.0473,1.48,62.4167,7.5647,1578539.4541,713728.4459
603633.SH,20260420,6.4019,1.05,228.0427,1.895,367484.1143,367484.1143
001323.SZ,20260420,1.0206,0.87,14.5939,2.3528,1038972.8644,743260.3171
000404.SZ,20260420,6.125,3.95,10.6356,1.2277,542180.8676,539722.3966
002052.SZ,20260420,1.8306,0.83,43.6717,28.4737,787051.9199,721098.9641
002034.SZ,20260420,11.4475,1.82,11.7104,1.1952,844537.6959,840346.4245
300814.SZ,20260420,9.7828,0.74,538.3781,11.3906,1872378.1211,1872378.1211
001280.SZ,20260420,7.5199,1.22,100.8986,10.4927,17215545.453,1315918.3439
000065.SZ,20260420,8.1139,0.68,22.6569,1.4762,1638794.8863,1375671.7884
920249.BJ,20260420,25.5686,1.62,108.0782,6.0006,457468.55,135266.49
300824.SZ,20260420,2.2194,0.91,29.8634,4.5122,339069.0076,328838.624
000766.SZ,20260420,2.5329,0.83,399.7001,9.9833,2297357.9185,2296200.2577
000591.SZ,20260420,2.7518,1.05,19.9647,0.878,2116006.476,2115305.224
002993.SZ,20260420,7.3393,1.64,28.8596,3.1548,1509110.68,1303589.3827
603259.SH,20260420,1.8008,0.91,15.5431,3.7342,29765961.3783,24673443.7341
000541.SZ,20260420,0.9886,1.21,40.7452,1.2808,875393.5911,701382.0485
688152.SH,20260420,1.7499,1.0,,2.9783,362374.1851,362374.1851
603505.SH,20260420,3.6911,1.42,62.562,8.6898,1515845.5322,1515845.5322
600573.SH,20260420,9.2473,0.87,39.1297,2.3056,313000.0,313000.0
300249.SZ,20260420,16.7528,1.61,266.0614,26.731,814021.8129,691354.5759
000059.SZ,20260420,2.9577,1.13,,0.8394,846105.1021,846105.1021
600830.SH,20260420,1.1381,0.99,50.0116,1.7929,401621.3083,401621.3083
688061.SH,20260420,3.0019,1.17,,1.6652,390738.8188,390738.8188
600868.SH,20260420,4.0977,1.16,,3.5075,656759.4429,656759.4429
605168.SH,20260420,7.4862,1.5,46.3842,3.2348,881004.1845,881004.1845
920971.BJ,20260420,15.1466,2.36,80.9552,6.6142,308958.7259,251966.2379
002202.SZ,20260420,12.2256,1.42,40.4817,2.5989,11231054.0124,8943560.0104
600052.SH,20260420,1.8865,0.77,,1.1921,320794.0016,320794.0016
601577.SH,20260420,0.5277,0.93,4.6753,0.5488,3832540.7276,3831711.4946
301035.SZ,20260420,1.2139,0.91,21.4322,2.9293,2139474.8219,2136227.1779
600125.SH,20260420,2.0068,0.58,15.1177,1.0414,793757.2994,793757.2994
002535.SZ,20260420,1.6124,0.78,106.3403,3.9148,277382.3436,258233.1158
002242.SZ,20260420,13.6766,4.28,72.9643,2.5002,858394.125,856896.4406
603217.SH,20260420,4.4766,0.82,27.3519,1.6494,554137.2788,554137.2788
600308.SH,20260420,1.2384,1.02,,0.6317,570343.1862,570343.1862
605188.SH,20260420,5.6799,1.31,1442.3836,7.3013,861544.8275,861544.8275
920005.BJ,20260420,2.8626,1.52,51.4629,4.8102,310503.0,80431.5
000656.SZ,20260420,2.0534,0.82,,,1563209.9999,1118692.0141
002931.SZ,20260420,10.8834,1.36,607.0624,15.9241,1513153.0528,1393680.6814
600391.SH,20260420,13.1659,2.88,228.358,7.7869,1390174.7644,1390174.7644
300065.SZ,20260420,15.2494,1.11,540.4551,11.6258,2044120.4403,1860983.7956
600698.SH,20260420,2.2204,0.71,1880.9643,10.1927,785448.733,610382.0296
002836.SZ,20260420,2.5467,0.78,51.9498,7.8394,296064.0,296064.0
300673.SZ,20260420,2.453,0.86,28.3443,2.1659,399646.2617,259260.4229
603009.SH,20260420,2.5591,0.79,170.3503,8.7506,1759660.2602,1719117.5676
600662.SH,20260420,1.5744,1.06,10.5923,2.3223,1171413.6334,1167829.6805
920069.BJ,20260420,13.5722,1.07,21.8963,2.5622,196575.51,54899.2855
002562.SZ,20260420,2.8805,0.86,61.3523,1.8292,673122.1091,413200.4532
300459.SZ,20260420,2.073,1.07,,6.9815,1462577.3506,1367472.4769
002180.SZ,20260420,2.6663,1.24,,2.8786,2604882.1869,2492046.6963
300833.SZ,20260420,4.8071,1.46,24.9298,1.8303,442716.75,284394.145
600218.SH,20260420,2.2213,0.56,66.3591,1.3203,427759.1205,427759.1205
920469.BJ,20260420,3.2459,1.62,,3.9541,132348.294,97137.8241
300804.SZ,20260420,12.4601,0.75,78.3126,2.6381,358974.0,133402.5
601696.SH,20260420,1.6333,0.69,31.6477,1.8667,3480834.0,3480834.0
001356.SZ,20260420,2.3453,1.61,71.9888,3.2284,658859.76,224323.0665
002582.SZ,20260420,9.1192,0.84,,1.7763,554710.0769,426516.0895
001298.SZ,20260420,6.9256,1.63,124.1354,5.7645,945908.177,521982.7368
688510.SH,20260420,5.7828,1.21,95.5165,7.0992,871995.9629,871995.9629
301528.SZ,20260420,7.5882,1.14,74.1476,2.9223,446732.3,229861.1397
301167.SZ,20260420,2.2052,0.64,86.4751,1.9744,187600.0,118862.4739
001286.SZ,20260420,3.0097,1.01,14.1388,1.5812,4140000.0,1490400.0
600203.SH,20260420,3.5653,1.22,,4.3634,698539.9606,698539.9606
000852.SZ,20260420,2.7237,0.9,341.0607,2.0938,656749.8023,649814.9681
002390.SZ,20260420,2.368,0.72,81.165,0.9274,625920.3015,620757.4713
300708.SZ,20260420,7.1557,1.3,45.0179,3.2264,922953.5866,697944.0117
301171.SZ,20260420,20.4832,1.51,151.8867,6.4767,2401427.3705,1944840.9979
301662.SZ,20260420,11.1911,1.21,105.89,9.2343,1332000.0,512039.3814
001309.SZ,20260420,9.4838,0.75,169.7234,36.7529,11682551.387,8285110.601
603416.SH,20260420,3.0023,1.23,32.2109,3.0187,818692.2779,725466.45
000550.SZ,20260420,4.256,1.14,14.0008,1.421,1662550.164,998560.0462
300173.SZ,20260420,1.3785,0.87,57.1917,3.3445,323279.3071,323279.3071
002455.SZ,20260420,6.8655,0.64,768.5761,3.0573,827942.025,757290.5211
600512.SH,20260420,3.1048,0.93,128.0849,0.6401,393671.3118,392089.0753
601877.SH,20260420,3.0425,0.81,15.3993,1.5588,7091597.6208,7091597.6208
600126.SH,20260420,13.5675,0.84,1364.0828,1.6951,3292759.3559,3292759.3559
300151.SZ,20260420,8.8451,1.73,153.1038,6.3076,988868.9604,684594.7045
000726.SZ,20260420,1.873,0.77,9.2139,0.5614,546924.6311,394266.1018
002813.SZ,20260420,15.0207,4.4,,13.7726,310200.0,309827.9539
002274.SZ,20260420,4.1719,1.02,,1.111,580942.4341,572087.9693
601228.SH,20260420,2.1365,0.78,29.7506,1.1481,2444428.1577,2444428.1577
601326.SH,20260420,1.8408,0.64,12.314,0.9681,1977943.848,1684175.886
300587.SZ,20260420,3.96,0.87,,3.1859,763382.0526,618539.2565
688070.SH,20260420,4.2821,1.25,409.6085,7.3591,437462.1,437462.1
002997.SZ,20260420,5.0096,2.4,14.5422,2.7072,658315.5671,658315.5671
002170.SZ,20260420,3.6936,0.77,14.6481,3.5529,1335203.9488,1083090.2264
301372.SZ,20260420,9.3375,0.67,,2.8504,224914.2904,135039.0596
688392.SH,20260420,4.1369,1.56,132.9169,8.672,1562400.36,1562400.36
000676.SZ,20260420,2.2588,1.5,55.3917,2.2917,978856.2201,978265.1694
300989.SZ,20260420,3.9514,1.24,,3.2092,318970.8154,227727.0979
920035.BJ,20260420,19.1876,3.22,36.6728,3.7326,217631.7,48958.668
300819.SZ,20260420,20.3661,1.34,131.6616,9.0997,777656.46,702380.847
001378.SZ,20260420,4.0089,1.05,41.8179,1.8458,345334.024,167069.9339
688505.SH,20260420,1.0774,0.73,,3.8352,811635.9543,556377.9543
605158.SH,20260420,2.5868,1.23,23.2439,1.5397,380496.48,380496.48
688193.SH,20260420,4.4065,2.66,231.635,2.4117,220264.0754,220264.0754
300612.SZ,20260420,5.0211,1.23,,5.6649,277719.4693,276834.5443
300235.SZ,20260420,4.1345,0.91,615.3003,5.0137,349676.076,282153.5302
600360.SH,20260420,5.6864,2.63,53.8138,2.7784,943970.2838,943970.2838
300161.SZ,20260420,2.2346,1.24,,3.7944,583175.4191,572310.0403
001282.SZ,20260420,5.437,0.53,42.4069,2.8665,465478.832,163755.256
300779.SZ,20260420,3.6061,1.15,721.0138,8.7572,1925586.0703,1466090.9708
300434.SZ,20260420,2.7909,0.75,31.7332,1.644,413796.1882,352384.7186
000695.SZ,20260420,7.6089,0.65,,25.6908,353885.5163,338705.6474
920112.BJ,20260420,1.9584,1.4,19.7077,3.2115,288320.3,78775.834
000905.SZ,20260420,3.0978,0.63,83.1379,1.6593,1710419.4755,822664.6251
301332.SZ,20260420,0.8749,1.02,34.0165,1.4833,432484.0625,248208.9575
301278.SZ,20260420,5.0904,0.93,118.8545,2.5044,356320.744,204168.601
920725.BJ,20260420,21.6824,1.61,,5.1612,309239.7,142559.4577
920068.BJ,20260420,8.3146,2.54,102.2201,10.6628,1430519.2327,136820.6975
000573.SZ,20260420,6.4074,0.79,44.6529,1.9176,306374.6899,303823.1131
300521.SZ,20260420,1.9207,1.11,,7.6961,409511.55,409511.55
600639.SH,20260420,2.5112,0.74,11.6893,0.8268,1254857.6144,950564.634
301149.SZ,20260420,4.9954,0.49,41.4062,2.7789,559000.0234,339597.3282
600835.SH,20260420,2.7206,0.9,29.2315,1.6474,2316504.5326,1826732.2395
000973.SZ,20260420,8.9155,0.87,410.5228,5.8376,4434659.1259,1745231.4005
000501.SZ,20260420,1.0893,1.02,36.056,0.5965,650567.8504,649914.768
000822.SZ,20260420,13.9461,2.1,,1.447,554061.9022,554061.9022
688588.SH,20260420,1.3,0.91,48.0421,3.9736,488012.2037,488012.2037
300812.SZ,20260420,25.7292,0.94,,7.1854,563109.6566,372686.3891
301205.SZ,20260420,19.9426,1.03,323.5292,22.9462,3639448.944,2339585.5202
000421.SZ,20260420,2.1459,0.45,72.0404,1.2637,346372.6876,346300.6671
605108.SH,20260420,3.0532,1.23,93.7173,1.967,439400.0,439400.0
605178.SH,20260420,3.5779,0.48,,6.9754,774508.36,774508.36
600433.SH,20260420,8.6858,2.11,,1.6709,707112.8101,707112.8101
002368.SZ,20260420,2.1906,0.97,57.7738,2.4885,1290711.9933,1284909.9501
603458.SH,20260420,7.3741,1.22,,1.4596,379594.3974,379594.3974
600990.SH,20260420,3.2665,0.98,,3.714,669225.7362,664192.3464
603517.SH,20260420,1.1314,0.86,113.3219,1.2238,781136.4955,781136.4955
600115.SH,20260420,4.4933,1.6,,7.9879,10138271.1315,7814458.8859
600589.SH,20260420,9.4617,0.65,378.0764,23.2356,1652437.5876,1645536.9876
603222.SH,20260420,7.7836,0.62,,3.8812,542943.6959,542943.6959
000937.SZ,20260420,1.9907,1.41,48.0745,1.0123,1929316.5801,1874634.8859
002838.SZ,20260420,3.298,1.08,70.2769,3.647,1327555.5656,1167253.0341
688262.SH,20260420,3.8986,0.95,,6.2321,1224719.6829,1224719.6829
300733.SZ,20260420,3.6044,0.98,63.0683,3.2916,562750.0315,415116.0109
002507.SZ,20260420,0.7994,0.87,18.4799,1.622,1419320.4044,1415458.3336
002333.SZ,20260420,26.8068,1.47,81.2547,2.137,409004.4288,403904.7346
000534.SZ,20260420,5.4318,0.6,101.3202,14.4966,2268509.9932,2225868.292
003042.SZ,20260420,6.6753,0.81,,1.8407,241646.08,216012.3035
002475.SZ,20260420,8.6591,1.94,28.8503,5.7541,47890778.5111,47780931.8234
600361.SH,20260420,3.7957,0.84,18.0392,1.5154,1675965.6479,1675965.6479
603100.SH,20260420,2.9058,1.44,15.7495,2.2325,1011977.5031,1008755.2354
300865.SZ,20260420,5.5379,2.04,992.4435,3.0554,263407.04,158248.6067
300096.SZ,20260420,1.3284,0.47,66.435,11.872,416240.0,416240.0
600038.SH,20260420,1.3932,1.07,43.0156,1.5951,2804034.7885,2287758.4558
600128.SH,20260420,2.6185,1.02,54.9563,1.2372,265290.4298,260092.945
603698.SH,20260420,39.7722,1.47,113.1369,7.0533,2449474.3,2449474.3
920166.BJ,20260420,7.1322,1.31,26.3217,3.6962,225882.354,71294.121
002730.SZ,20260420,15.3697,1.13,144.1329,5.9386,966753.2796,923899.7796
002284.SZ,20260420,2.8791,0.9,21.4584,3.1263,1051739.7952,1040055.6845
002537.SZ,20260420,2.6137,0.71,44.6496,2.171,918081.0946,914314.2006
600593.SH,20260420,4.5185,0.69,173.0514,24.3925,471689.12,465740.8
000809.SZ,20260420,2.4684,0.9,,1.1126,295275.2829,295275.2829
601882.SH,20260420,2.7803,0.78,23.8739,3.4742,1024164.0,1024164.0
000564.SZ,20260420,1.4421,0.87,,2.1915,3449090.1006,2883121.9893
000863.SZ,20260420,4.6857,1.07,,1.3285,597433.9774,588789.4015
301589.SZ,20260420,1.6312,0.8,27.893,4.2082,1611368.64,600724.2528
600683.SH,20260420,23.3427,3.06,,,892637.0044,892637.0044
603859.SH,20260420,4.3181,1.71,41.7912,3.2768,999590.1086,999590.1086
000728.SZ,20260420,0.6901,1.04,12.7705,0.9232,3434293.2002,3434293.2002
603375.SH,20260420,15.2251,1.87,181.327,2.6543,419578.6681,265838.9121
920642.BJ,20260420,6.7749,1.56,,6.1621,135600.7236,130743.5964
688244.SH,20260420,1.7801,0.49,,3.0229,295129.7696,295129.7696
002738.SZ,20260420,3.8605,0.72,131.2635,4.9315,6007141.3679,5921684.5445
688009.SH,20260420,1.4995,0.95,15.3688,1.1967,5665553.165,4612244.63
000420.SZ,20260420,11.566,1.94,,3.0019,1327788.9052,1327336.8172
920553.BJ,20260420,4.0464,2.24,58.4767,3.7688,133919.5087,84824.9063
688690.SH,20260420,4.7734,0.45,94.0588,6.7082,1279285.1755,1279285.1755
603284.SH,20260420,16.8405,0.85,30.7869,2.0437,425113.2276,104134.5727
300995.SZ,20260420,3.8537,1.09,153.0649,4.8181,300488.4371,214404.5505
688533.SH,20260420,2.5716,1.25,24.2118,2.6334,445794.9848,445794.9848
301158.SZ,20260420,9.6038,1.12,32.8746,2.4478,342844.7628,334003.8827
601118.SH,20260420,2.2451,1.0,99.0123,2.9487,2858657.7684,2858657.7684
603285.SH,20260420,14.1438,1.52,47.2909,3.798,636800.0,247941.1844
000989.SZ,20260420,3.6619,0.75,36.4137,2.1779,810577.0854,657363.6041
601179.SH,20260420,14.1783,1.33,73.5568,4.0639,9339357.6453,9339357.6453
300453.SZ,20260420,2.089,0.68,18.5969,3.353,488148.7971,336468.8335
300991.SZ,20260420,11.4701,1.46,299.4087,11.9468,762480.0,487891.89
301008.SZ,20260420,22.6245,1.05,138.5156,3.0218,454835.3117,402323.5517
002194.SZ,20260420,2.4468,1.04,,2.9912,743414.9569,555852.4272
002322.SZ,20260420,3.5714,1.22,24.5423,1.999,527091.3327,506718.229
300056.SZ,20260420,6.17,1.82,,24.6842,364288.4686,363966.9796
300567.SZ,20260420,4.5209,1.0,,10.2027,3605361.7052,2926201.4031
688502.SH,20260420,24.7261,2.85,530.504,20.4354,2457840.0,2457840.0
600795.SH,20260420,1.3183,0.85,12.0292,1.4485,8614604.0166,8614604.0166
300965.SZ,20260420,3.6178,1.16,94.2092,2.7385,339780.0,306332.9063
300922.SZ,20260420,3.3013,1.15,75.4376,3.3458,319429.8683,251247.3149
300614.SZ,20260420,2.4942,0.74,,1.9851,210016.8488,210016.8488
001696.SZ,20260420,4.3131,1.18,27.3992,4.137,2268298.3285,1765859.8837
000712.SZ,20260420,1.5613,0.93,59.4877,3.7268,945280.0,944999.5019
600222.SH,20260420,2.8978,0.53,68.2969,2.5664,409754.8061,409754.8061
601318.SH,20260420,0.6532,1.05,7.8649,1.0596,106002136.2387,62404020.9959
300531.SZ,20260420,12.3722,1.13,77.3532,4.6912,659496.1941,634190.4479
300696.SZ,20260420,12.9453,1.59,263.3063,5.6276,1065024.7872,965966.1668
600479.SH,20260420,2.9567,0.99,17.9553,1.7056,516820.5168,439432.4729
688218.SH,20260420,17.2497,6.25,,3.8182,327645.1258,327645.1258
920122.BJ,20260420,5.9393,1.66,117.6467,7.4683,253389.0707,102669.5041
603309.SH,20260420,13.3857,3.73,15.6742,2.0402,382935.3004,382935.3004
002381.SZ,20260420,2.2729,1.01,40.7782,1.2433,266290.9142,207296.6811
600983.SH,20260420,4.746,0.54,15.7058,2.7425,816257.535,816257.535
688759.SH,20260420,3.3866,0.52,,10.3112,1721840.2497,177763.5393
600064.SH,20260420,1.0228,0.99,6.3551,0.7504,1477710.056,1477710.056
002355.SZ,20260420,3.5815,0.8,,3.3722,412452.777,381408.8231
920950.BJ,20260420,2.2026,1.53,28.9582,3.7843,120758.04,58831.0047
002609.SZ,20260420,2.0685,1.01,90.4464,2.2558,542418.943,387274.361
000950.SZ,20260420,6.89,0.58,28.2207,0.9193,1057649.034,1057649.034
688333.SH,20260420,13.3839,3.41,116.8081,4.9155,2451891.5912,2451891.5912
688062.SH,20260420,3.6708,0.72,,43.3091,1513684.8,773395.96
688003.SH,20260420,4.9111,1.13,177.8559,6.9788,1397941.677,1397941.677
605199.SH,20260420,1.5492,0.46,,3.982,274474.6039,274474.6039
302132.SZ,20260420,2.4921,0.95,85.6139,9.3546,18648525.7131,4090179.0335
002023.SZ,20260420,14.1601,1.2,75.4828,2.2108,966081.7464,966081.7464
603998.SH,20260420,2.2954,0.57,15.3714,2.8267,454010.1262,454010.1262
001206.SZ,20260420,5.319,0.87,20.5079,2.0229,375334.4302,216934.8497
000792.SZ,20260420,2.2303,0.71,19.3261,4.4466,19848688.6013,19848511.6666
601865.SH,20260420,3.6535,1.75,34.9554,1.5564,3427633.9184,2781200.0534
603558.SH,20260420,3.7708,0.81,11.4489,1.9764,463589.2803,463589.2803
301377.SZ,20260420,8.7976,0.91,150.0503,32.1451,9327500.0,1615796.0
688316.SH,20260420,10.2644,0.74,,133.01,366229.0943,366229.0943
920012.BJ,20260420,54.3472,0.89,47.2895,3.823,310206.3202,83459.9154
603126.SH,20260420,3.128,0.86,357.9466,2.3985,490842.0,490842.0
920090.BJ,20260420,5.9181,1.14,,25.7707,117407.4586,79719.6186
601878.SH,20260420,0.7917,1.03,18.2768,1.1985,4409139.96,4409139.96
688375.SH,20260420,5.6676,1.24,164.6442,12.9241,8356128.898,8356128.898
920158.BJ,20260420,14.4409,1.09,46.5997,4.5054,253649.82,67849.9926
601106.SH,20260420,2.9045,1.5,,5.5915,2948846.6586,2948846.6586
002598.SZ,20260420,3.3384,0.44,79.6599,2.0601,252762.4967,232088.9039
688197.SH,20260420,6.091,2.02,,9.3804,623877.6439,268500.48
688478.SH,20260420,16.8401,1.37,,3.725,562873.2785,420669.7077
600785.SH,20260420,4.8701,0.77,29.9126,1.7537,399367.3656,399367.3656
603123.SH,20260420,8.2526,0.58,,6.0261,1000018.3046,816649.4881
600633.SH,20260420,3.5057,0.95,29.0331,1.6223,1662445.6328,1662445.6328
003038.SZ,20260420,7.3907,0.61,94.7103,1.2293,368900.8842,247125.0497
301301.SZ,20260420,1.8846,0.87,29.6955,2.8254,2283607.04,632608.3656
688292.SH,20260420,2.8758,0.96,,3.798,385262.6523,385262.6523
603912.SH,20260420,13.5949,1.17,,3.6074,628002.8797,628002.8797
688276.SH,20260420,1.256,1.1,,1.9027,730932.9757,730932.9757
002901.SZ,20260420,2.163,0.8,33.6216,5.4573,1820857.7874,1268719.1984
002544.SZ,20260420,3.3772,1.22,1791.1183,5.0325,1880315.1381,1880135.9741
603330.SH,20260420,3.3611,1.94,,2.007,306332.9435,306332.9435
601375.SH,20260420,0.778,0.77,41.0488,1.3008,1871082.5341,1389350.4391
301575.SZ,20260420,3.9748,1.23,30.9707,2.8887,396601.92,79661.4607
688082.SH,20260420,3.1167,0.98,53.9215,5.5882,7527063.2324,7445804.2879
920015.BJ,20260420,6.2166,1.49,29.6556,3.4442,577514.0014,170452.9944
002462.SZ,20260420,1.416,0.83,37.3216,0.9552,415682.646,415345.3471
603659.SH,20260420,5.0801,0.75,32.0498,3.7899,7560716.33,7560716.33
300499.SZ,20260420,21.2028,1.36,8788.1402,9.916,1372702.7923,1220502.1511
688026.SH,20260420,2.125,1.13,47.2221,2.0562,227671.1006,227598.3993
301181.SZ,20260420,16.8094,1.13,47.191,3.8358,560373.7191,433312.2066
920679.BJ,20260420,2.5559,1.54,53.6655,2.0731,104439.5,69517.25
300943.SZ,20260420,9.8917,0.62,113.5782,6.3131,625115.94,412021.6602
688179.SH,20260420,5.6314,1.01,60.7208,5.2519,628154.8082,628154.8082
300858.SZ,20260420,21.5197,1.11,61.6077,3.3531,612362.6542,454900.1132
002605.SZ,20260420,2.228,0.96,17.2995,2.3736,873755.4038,705551.4848
300887.SZ,20260420,4.9026,1.26,,1.9206,551194.5851,365819.1922
600076.SH,20260420,1.9923,1.05,,1.2418,473279.2652,473279.2652
300277.SZ,20260420,3.944,0.7,3340.2069,2.5813,2961929.106,1495127.6768
002204.SZ,20260420,4.5866,1.67,22.789,1.6978,1328782.582,1328782.582
300366.SZ,20260420,1.8106,1.44,,2.1095,345710.8294,301855.9168
600386.SH,20260420,2.8469,1.01,,1.9433,328204.8,328204.8
605116.SH,20260420,5.7988,0.67,24.5224,4.1751,1101568.9306,1101568.9306
002651.SZ,20260420,3.0446,1.43,174.7427,3.6239,1005556.58,550196.1227
300971.SZ,20260420,2.9398,1.14,38.2854,2.68,282357.6,221042.0577
300808.SZ,20260420,5.3047,1.27,,4.1254,400000.0,297248.945
603809.SH,20260420,1.5791,0.76,36.5181,2.8096,1031643.7526,1031643.7526
603010.SH,20260420,5.1375,1.08,,2.9297,755274.1083,755274.1083
600107.SH,20260420,1.6725,1.17,,4.3452,198360.0,198360.0
603279.SH,20260420,1.8296,0.93,17.1618,2.3958,1061679.066,1061679.066
002737.SZ,20260420,0.8572,0.59,,1.7739,718904.0,718904.0
002193.SZ,20260420,5.5649,1.0,,3.1252,171161.9697,171160.9887
603393.SH,20260420,5.9766,1.27,17.6476,1.5533,1423951.7374,1421600.4508
301009.SZ,20260420,1.8699,1.26,87.013,2.4199,322697.82,179278.5782
002313.SZ,20260420,2.5328,1.01,,240.9359,322358.4,322335.7342
002385.SZ,20260420,2.1784,0.78,36.3757,1.9882,1707131.1903,1399058.9211
300652.SZ,20260420,3.0242,1.24,35.7876,3.8986,589853.1094,529392.6732
603609.SH,20260420,0.636,0.56,34.7482,0.9822,633987.2108,633987.2108
002238.SZ,20260420,1.665,0.98,,2.7637,586670.746,586670.746
605183.SH,20260420,1.1503,0.99,16.1001,2.1447,800159.171,793514.2522
001400.SZ,20260420,19.4513,1.03,115.1466,10.3883,1277760.0,319440.0
688038.SH,20260420,4.2993,0.89,,4.6433,276037.7048,276037.7048
603128.SH,20260420,1.0836,0.78,19.7501,1.2159,736993.1761,736993.1761
688163.SH,20260420,9.3935,1.11,80.0452,3.7205,413941.5,413941.5
300920.SZ,20260420,2.2445,1.04,147.9578,3.3724,399000.0,262017.0158
600536.SH,20260420,2.0046,1.21,,10.0569,3544653.8729,3202517.7774
600268.SH,20260420,11.8295,1.42,34.3629,4.4156,1649774.1435,1641590.1498
300588.SZ,20260420,2.9516,1.17,,17.9506,491889.0761,454255.7951
600009.SH,20260420,0.6704,0.88,28.907,1.6474,6840372.547,5625222.3867
920419.BJ,20260420,2.6071,1.02,23.7872,2.3839,147211.62,137785.0655
603028.SH,20260420,1.9896,1.01,,4.8314,247428.48,244971.78
688691.SH,20260420,5.9036,0.6,,10.2015,1263000.0,767956.7303
603112.SH,20260420,5.9387,0.84,19.9969,2.5594,1115560.2545,1104497.1137
002421.SZ,20260420,7.1706,1.35,,2.0704,614968.6753,581940.8265
600736.SH,20260420,3.6863,1.55,42.0715,0.97,724163.2385,724163.2385
688311.SH,20260420,4.524,1.15,,4.0896,697078.994,697078.994
000617.SZ,20260420,5.4519,0.6,27.9145,1.1541,12022617.2041,12022617.2041
002578.SZ,20260420,5.6031,0.75,,2.4789,376390.7034,345326.187
300396.SZ,20260420,1.8065,1.12,,1.6441,311696.284,311227.6632
002286.SZ,20260420,4.5995,2.34,27.1778,1.7764,391603.834,380269.1418
002574.SZ,20260420,2.3901,0.86,,0.9679,288288.0,288288.0
300131.SZ,20260420,15.7968,1.24,458.3414,10.3902,1836461.5267,1686388.8409
600829.SH,20260420,6.7255,0.55,42.1542,1.8778,575249.4882,575249.4882
001225.SZ,20260420,5.6503,1.07,98.4086,2.4217,335591.346,107192.5484
301379.SZ,20260420,2.7753,0.77,32.5365,3.6199,511667.6195,328648.0061
300343.SZ,20260420,1.3804,0.71,184.863,3.7092,722221.4182,720764.307
300683.SZ,20260420,9.2615,0.65,,1.9866,443731.9855,413799.133
301182.SZ,20260420,8.1593,0.71,,8.4354,643538.5372,643538.5372
600530.SH,20260420,2.5508,1.31,158.8211,12.7312,405283.16,405283.16
603577.SH,20260420,6.3944,1.08,37.455,1.9683,385940.2958,385940.2958
920016.BJ,20260420,4.3894,2.17,61.7408,3.4179,133409.683,59333.0988
300022.SZ,20260420,8.8864,1.14,,9.7374,492757.6589,492743.1027
603073.SH,20260420,2.8126,0.83,24.0393,1.6868,233160.0,102294.6245
301013.SZ,20260420,9.813,0.86,,7.6543,587396.2997,475564.2363
920964.BJ,20260420,1.7772,1.61,,1.8198,158292.048,89504.5256
300354.SZ,20260420,5.5076,1.91,42.5925,6.4224,528521.488,310680.1377
600455.SH,20260420,2.7822,0.84,36.2294,4.9485,160891.808,160891.808
600525.SH,20260420,1.4325,0.86,,1.8472,694997.1401,694997.1401
600380.SH,20260420,1.4563,0.94,15.0132,1.3209,2005080.9111,2005080.9111
603191.SH,20260420,5.6252,0.81,102.025,2.8528,706454.2921,706454.2921
300633.SZ,20260420,5.6771,1.44,61.744,3.7336,1218085.4201,754395.2702
002500.SZ,20260420,0.6929,0.82,22.3863,1.1137,2038990.2387,2038990.2387
002312.SZ,20260420,2.6242,0.95,39.7388,2.252,2165202.5029,2160740.6201
688592.SH,20260420,4.0639,1.19,258.994,4.0142,378164.8858,181052.3331
920415.BJ,20260420,3.5963,1.43,75.8324,3.3769,188144.8811,144921.7683
301320.SZ,20260420,1.9301,0.94,152.0303,2.982,316151.37,118479.337
601330.SH,20260420,8.8493,1.25,18.696,1.4344,1154481.8416,798199.5795
603365.SH,20260420,1.223,0.95,14.1978,1.8708,552554.7115,546883.8415
603281.SH,20260420,1.0958,0.67,30.3324,3.0159,1417173.3359,1417173.3359
300005.SZ,20260420,3.4635,1.08,342.629,6.196,1299042.2134,1288578.0919
002938.SZ,20260420,8.0877,1.23,40.8498,4.4729,15269002.0424,15212236.6531
000679.SZ,20260420,2.4356,0.95,,15.4188,242352.0,242352.0
603290.SH,20260420,4.6319,1.31,60.4924,3.5327,2450771.451,2450771.451
603207.SH,20260420,1.518,0.86,21.2196,4.7938,453029.94,153244.8
603039.SH,20260420,4.9604,0.86,38.9222,4.9554,1123651.9808,1123651.9808
601929.SH,20260420,3.701,1.29,,2.1058,1053916.0267,1053916.0267
002101.SZ,20260420,2.696,0.72,18.8889,0.8587,684307.5262,682078.565
688633.SH,20260420,3.2803,1.03,23.8459,2.4695,396804.7832,396804.7832
300269.SZ,20260420,5.6751,1.1,131.41,38.4734,413482.7102,395836.7411
301588.SZ,20260420,7.8706,0.88,58.8914,2.8626,267690.182,165204.8801
601828.SH,20260420,0.7974,0.49,,0.4601,1036426.3762,860000.3953
001228.SZ,20260420,3.096,0.87,38.4894,2.1258,357190.3904,274654.3904
600507.SH,20260420,3.9068,1.11,14.8768,1.3806,1401791.8613,1401791.8613
601187.SH,20260420,2.0445,1.67,7.7651,0.7449,2045324.1132,2040869.5713
301172.SZ,20260420,9.1512,0.87,160.2903,3.6106,528823.68,302816.8013
600469.SH,20260420,4.9812,0.61,27.8157,1.3779,636374.8906,521557.3728
603708.SH,20260420,5.6883,2.59,34.4685,3.018,725791.0735,725791.0735
600552.SH,20260420,19.5093,2.14,110.3412,3.3397,1419744.1617,1419744.1617
603139.SH,20260420,19.0859,1.39,,4.4839,325009.52,325009.52
301222.SZ,20260420,14.0198,0.91,37.2965,2.6989,386732.0928,307951.9257
600930.SH,20260420,3.1894,0.96,34.6327,2.3059,25153714.2855,1947577.605
300891.SZ,20260420,4.1593,1.35,,2.7092,343607.0902,286454.3198
601616.SH,20260420,5.2482,1.1,217.4518,1.7084,415739.8804,415739.8804
003039.SZ,20260420,13.9942,6.16,30.9734,3.2374,941098.5445,941098.5445
002553.SZ,20260420,3.5563,0.66,25.8405,5.6841,893066.1578,633771.6
920284.BJ,20260420,8.019,1.25,,11.1543,347154.8419,224496.5496
603286.SH,20260420,5.6267,1.5,,9.316,754973.2323,742232.7782
600764.SH,20260420,2.9687,1.76,75.5114,2.1433,1760228.9891,1760228.9891
300632.SZ,20260420,26.3362,1.54,204.0974,2.8196,504160.0362,365439.8418
002093.SZ,20260420,2.1583,1.21,45.3812,2.5596,982312.5,982312.5
300198.SZ,20260420,1.2829,0.92,,141.6062,262013.3292,260658.9938
300183.SZ,20260420,3.109,0.73,688.4191,2.3146,721207.6446,578434.2297
003019.SZ,20260420,11.139,2.15,32.2885,3.6685,626985.0425,606043.8412
601928.SH,20260420,1.234,1.22,12.9494,1.2767,2532175.5,2532175.5
002269.SZ,20260420,1.9238,0.73,,21.9208,412050.0,412050.0
688255.SH,20260420,4.7468,1.37,123.9889,3.0955,327159.7149,327159.7149
300717.SZ,20260420,3.9277,0.92,39.1565,3.0008,215519.175,213586.5798
603196.SH,20260420,6.9043,1.33,751.3124,6.8632,1351523.0563,764998.1743
600490.SH,20260420,5.0223,1.68,77.2663,3.0959,1965043.7262,1769447.7908
300302.SZ,20260420,9.8964,0.92,,11.0127,1181864.5259,909495.0651
002694.SZ,20260420,3.3645,1.08,,20.6056,216716.0832,204133.7188
603130.SH,20260420,12.4257,2.18,58.4891,4.3063,611663.1616,611663.1616
688057.SH,20260420,1.0457,1.38,35.6472,1.0791,342240.0,342240.0
600310.SH,20260420,21.22,1.33,,2.4646,677158.3536,677158.3536
603587.SH,20260420,6.7443,3.85,23.3566,1.675,608261.0457,608261.0457
300187.SZ,20260420,4.3391,1.84,29.4409,3.0915,333786.6593,331981.8909
300774.SZ,20260420,9.5282,1.2,84.6216,4.7899,711657.5321,339286.7346
000933.SZ,20260420,3.0743,0.95,13.5622,2.8172,7576895.8202,7571558.263
600396.SH,20260420,36.7858,0.88,170.5033,8.0557,1088330.3378,1088330.3378
920008.BJ,20260420,5.4998,1.66,106.6657,5.3355,172953.75,92298.2161
300411.SZ,20260420,2.6859,0.95,697.691,4.5916,445139.4077,338481.4725
000419.SZ,20260420,5.5887,1.77,25.2433,0.9153,310385.696,310385.696
300470.SZ,20260420,2.2922,0.59,19.7116,2.6215,759684.2253,720168.0695
002654.SZ,20260420,11.5456,1.36,235.5353,8.6096,1347412.2551,1347316.6151
688573.SH,20260420,8.16,0.64,,7.0718,215059.6536,117075.695
603706.SH,20260420,4.1821,2.92,17.8169,2.2121,385015.0576,385015.0576
600513.SH,20260420,9.7407,0.51,,4.5608,608878.2239,608878.2239
300672.SZ,20260420,6.6487,0.74,1040.9251,8.8361,3595216.6051,3483191.6662
603979.SH,20260420,2.3959,1.04,17.7123,3.8073,3974159.1329,3974159.1329
300603.SZ,20260420,12.3365,0.9,,3.9041,547997.1143,440864.8895
600885.SH,20260420,1.7749,0.9,25.3599,3.5288,4457071.6214,4457071.6214
600071.SH,20260420,4.2508,1.13,94.0286,11.7239,590742.0191,590742.0191
601599.SH,20260420,1.9857,0.92,33.317,2.9207,442166.6746,442166.6746
603043.SH,20260420,1.3737,0.97,17.9613,2.2264,876475.8105,869055.8955
301227.SZ,20260420,7.4427,1.68,,2.1284,345115.332,196141.752
603188.SH,20260420,2.7285,0.81,,3.6263,278242.96,278242.96
300032.SZ,20260420,4.7609,0.76,,6.9767,481901.7648,481901.7648
688755.SH,20260420,0.682,0.47,56.9314,2.7297,339240.0,67848.0
603978.SH,20260420,4.4409,0.55,,3.5154,531746.5392,531746.5392
002272.SZ,20260420,30.4772,1.16,,6.8588,1000786.7472,842386.7143
601390.SH,20260420,1.407,0.94,5.7155,0.4111,13083697.6224,10853780.9224
603225.SH,20260420,3.2207,1.01,27.7395,1.3986,2824899.5255,2809830.9251
300551.SZ,20260420,3.1442,1.02,,10.8379,474387.6604,473006.6369
000890.SZ,20260420,31.709,1.04,,,568427.8766,568410.3673
920433.BJ,20260420,3.1651,0.94,,3.5367,134613.7522,89060.4243
003015.SZ,20260420,3.9026,0.66,43.7952,4.0421,457857.6005,402892.8323
301082.SZ,20260420,4.4228,0.9,112.7834,4.0118,416861.4985,386406.0492
603307.SH,20260420,2.4047,1.19,22.4718,1.9384,271150.691,266861.0
920729.BJ,20260420,2.381,1.57,56.4081,3.3897,228793.95,64302.5593
688028.SH,20260420,8.5492,0.94,172.784,8.2248,1632966.282,1632966.282
002319.SZ,20260420,3.3486,0.91,,13.0871,237751.2989,227000.0
603032.SH,20260420,18.3355,1.02,127.7465,4.7677,543653.0694,540006.5462
600549.SH,20260420,8.3507,1.15,43.7256,5.8757,10104983.7825,9890777.0527
600917.SH,20260420,1.0039,1.12,36.5833,1.429,824228.9933,824228.9933
000683.SZ,20260420,2.5181,1.65,28.9384,2.1282,3092403.8579,2786378.0031
600874.SH,20260420,1.6037,0.9,11.0721,0.9307,954814.1957,748094.1957
688372.SH,20260420,5.2334,0.79,86.9417,6.5086,2608740.4786,2608740.4786
300825.SZ,20260420,1.5597,0.94,,2.129,444897.5524,435554.6221
600067.SH,20260420,2.1535,0.9,,1.0292,578934.1954,578934.1954
002039.SZ,20260420,6.0759,1.04,14.9328,2.0179,896161.8321,896159.3169
920273.BJ,20260420,7.4536,1.24,36.0888,3.6021,240800.8479,160277.3811
301186.SZ,20260420,18.924,1.38,45.7196,3.7851,595745.9732,559503.3988
688721.SH,20260420,6.0911,2.7,104.1561,4.8205,584196.0,234048.347
920579.BJ,20260420,5.3277,2.6,,5.109,245235.12,84423.9515
300409.SZ,20260420,4.4338,0.75,36.7019,2.5756,2094862.6961,1841105.0944
000930.SZ,20260420,1.888,0.52,126.0359,1.1195,1193692.4606,1193631.8154
002346.SZ,20260420,3.0797,1.71,14.9123,2.962,854448.43,761083.9292
600351.SH,20260420,2.7972,0.58,20.6187,1.7637,459488.0305,459488.0305
300723.SZ,20260420,6.5503,0.56,,9.3031,1628804.1142,1511594.6613
002178.SZ,20260420,1.7283,0.79,,9.864,430140.4126,429917.0274
003035.SZ,20260420,9.2352,1.23,87.348,4.3553,3026515.1508,3026515.1508
600803.SH,20260420,1.2564,1.07,13.7419,2.6108,6433041.4523,6383048.0971
605055.SH,20260420,6.6894,0.65,,4.6266,483120.0,483120.0
603338.SH,20260420,2.2868,1.09,13.3732,2.2266,2539840.9611,2539840.9611
605111.SH,20260420,5.0614,1.58,40.8546,3.7179,1608167.6994,1608167.6994
002659.SZ,20260420,2.5162,1.02,,1.4289,309310.9585,309309.5047
002883.SZ,20260420,4.0015,1.11,,2.3145,150067.0365,147345.3721
300713.SZ,20260420,4.5739,0.81,,5.2906,269984.0978,151574.0314
603610.SH,20260420,4.0302,1.19,52.7768,1.7806,553843.8533,553843.8533
301512.SZ,20260420,8.2837,2.36,68.1362,2.5103,253173.6498,117789.2098
920748.BJ,20260420,10.2122,1.16,,13.2857,293530.5,136422.5801
688139.SH,20260420,2.1601,0.68,41.4281,2.4292,1038729.77,1038729.77
002521.SZ,20260420,1.7576,0.52,31.2984,1.2274,484452.8083,361922.7773
603358.SH,20260420,11.0362,1.41,41.7459,4.6396,1745565.2704,1691446.996
300731.SZ,20260420,11.6373,1.35,292.6776,15.7533,984562.2761,934393.1945
000910.SZ,20260420,1.0539,0.96,283.61,0.5683,378251.6725,378102.071
002933.SZ,20260420,2.8744,1.25,98.28,2.5183,387959.1,385954.616
600867.SH,20260420,5.9688,0.73,16.1946,2.7793,1974211.1716,1974211.1716
600389.SH,20260420,3.3596,0.87,25.6543,3.1433,1226491.2,1226491.2
002172.SZ,20260420,2.6328,0.86,71.0259,16.6699,293275.4939,293048.8996
300985.SZ,20260420,7.0654,1.69,,4.2416,428046.1416,425747.5476
600495.SH,20260420,3.716,1.41,189.1051,1.6595,543685.8987,543685.8987
301263.SZ,20260420,1.747,1.03,535.8521,7.1964,1247984.1675,890417.8993
301103.SZ,20260420,1.5074,0.98,285.6525,1.5888,303410.8243,303410.8243
300201.SZ,20260420,5.1732,0.92,39.2465,6.5958,1212870.4156,1206472.7802
605218.SH,20260420,3.0205,0.84,91.8679,2.5043,449207.2339,393741.901
002245.SZ,20260420,5.0451,0.6,31.9218,2.968,2268391.5157,2134172.3812
000703.SZ,20260420,3.7937,0.72,26.5542,2.2112,5846257.3128,5816923.7703
688005.SH,20260420,5.872,1.02,,2.9198,2334293.385,2333944.844
920039.BJ,20260420,3.3271,2.03,46.8292,2.8617,153666.18,153666.0801
601398.SH,20260420,0.7675,1.12,7.3203,0.699,269799536.6164,204096444.892
002031.SZ,20260420,1.6336,0.86,,6.4168,1363625.3154,1202027.2264
920261.BJ,20260420,2.2473,2.13,22.694,2.6188,431749.8653,253890.3415
300341.SZ,20260420,2.1765,0.89,43.16,4.111,791120.4037,787998.4915
605123.SH,20260420,9.3102,1.65,49.7744,2.7463,1256178.6374,1256178.6374
600717.SH,20260420,1.0685,0.81,13.1613,0.642,1290724.4629,1290724.4629
301262.SZ,20260420,5.7419,1.37,25.5722,2.7533,997881.0,292126.4131
605068.SH,20260420,7.1363,1.25,,2.8817,433394.3786,433394.3786
688033.SH,20260420,2.6203,0.96,,3.207,467187.0333,467187.0333
301667.SZ,20260420,19.886,0.52,103.5296,9.0434,1124736.2112,226564.191
603887.SH,20260420,3.2914,0.86,,2.8025,1000572.8977,989354.3977
300591.SZ,20260420,2.7887,1.08,,11.2108,284782.9915,246012.2686
300057.SZ,20260420,9.4696,0.74,,1.2812,668618.8342,541070.7782
002769.SZ,20260420,3.1719,1.47,,3.3165,392357.2748,392033.7517
600609.SH,20260420,1.2148,0.82,22.5974,3.2327,530955.3331,530955.3331
920717.BJ,20260420,4.2896,1.65,345.7122,1.9015,107225.8,41401.8
600075.SH,20260420,2.8988,0.71,,1.1803,1048586.8023,1048586.8023
002377.SZ,20260420,7.4458,1.87,158.6623,8.0219,313383.2187,298331.5662
002911.SZ,20260420,3.7171,0.58,17.2625,3.5973,1778500.8871,1735842.0614
300349.SZ,20260420,5.6368,2.4,22.6192,1.3722,609131.437,539917.1294
300482.SZ,20260420,1.3177,0.87,31.9897,1.5389,829916.3042,762515.6968
002557.SZ,20260420,3.2872,1.67,30.615,2.3074,1197865.1231,1195303.5983
603406.SH,20260420,2.9123,1.18,30.9444,3.1429,1401635.04,128465.5507
300053.SZ,20260420,8.2417,1.41,,9.246,1324758.088,1237206.7821
001258.SZ,20260420,8.5398,0.89,157.9883,2.7767,842800.0006,842791.1964
603628.SH,20260420,3.6676,0.72,39.6719,2.7073,363228.7868,361988.2958
600459.SH,20260420,3.7924,1.24,25.793,2.2101,1637384.3565,1637166.986
600962.SH,20260420,11.0843,4.75,140.3914,6.0517,574502.11,574502.11
601985.SH,20260420,1.6575,1.38,22.9895,1.5663,18038137.8189,16560640.8284
600642.SH,20260420,1.208,0.69,11.2809,1.2219,4487870.7878,4487626.6641
600295.SH,20260420,2.6053,0.74,17.5311,1.9008,4142188.8559,2923852.8559
600444.SH,20260420,3.4249,0.74,45.0576,3.491,262827.3679,262827.3679
605100.SH,20260420,6.0195,1.17,366.9942,4.6523,836235.54,832326.936
301399.SZ,20260420,29.6188,1.37,119.2456,3.5757,468840.68,138568.2069
600606.SH,20260420,1.6582,0.62,,0.3606,2065970.0922,2065970.0922
300320.SZ,20260420,2.1151,0.67,24.943,2.2893,579589.7601,467857.7354
003036.SZ,20260420,14.7876,0.49,119.9011,4.3309,599106.7797,599091.4062
301233.SZ,20260420,4.5947,1.5,32.7956,2.9584,285709.97,156430.6494
300313.SZ,20260420,1.4091,0.38,,56.888,195659.6591,161039.8758
605118.SH,20260420,17.227,2.67,73.5426,12.411,1912382.25,1893089.4
300890.SZ,20260420,5.8814,1.06,298.5665,1.9024,390919.6534,357186.4292
301309.SZ,20260420,14.1224,0.73,30.1681,2.2001,355891.776,214456.386
002436.SZ,20260420,8.7614,0.8,,8.3686,4512633.3098,4010370.2147
301290.SZ,20260420,2.5168,1.24,,1.3211,281687.4152,191675.4808
601668.SH,20260420,1.8643,1.93,5.1612,0.4179,20164350.5367,20164350.5367
002297.SZ,20260420,18.1445,1.57,180.3068,5.2425,1115261.9778,1115261.9778
601163.SH,20260420,1.4319,1.1,12.3969,0.815,1117600.0,1117600.0
688031.SH,20260420,6.56,0.89,,19.7846,1706441.6487,1706441.6487
000417.SZ,20260420,3.9489,1.79,31.3969,1.0702,503025.309,502472.7059
688143.SH,20260420,11.0826,0.84,383.4807,6.612,891163.1498,846831.0279
003032.SZ,20260420,1.5139,0.88,,2.058,257968.8475,177056.9463
600020.SH,20260420,1.0338,0.68,8.3846,0.7184,854001.2962,854001.2962
300782.SZ,20260420,11.1142,1.27,,6.1877,6124029.7307,5131537.609
000636.SZ,20260420,8.5401,0.94,85.405,2.0527,2565098.2888,2565098.2888
000826.SZ,20260420,6.6419,1.68,,68.6997,287921.3561,287884.9377
920392.BJ,20260420,5.5067,1.94,77.492,4.677,159497.065,76164.0607
688290.SH,20260420,3.1128,1.26,,4.1999,562860.9447,562860.9447
688288.SH,20260420,6.0047,1.03,86.8361,3.3775,255523.0822,255523.0822
605599.SH,20260420,1.6804,1.23,22.3444,4.3559,1813777.8296,1813777.8296
603082.SH,20260420,3.2638,0.67,34.9261,3.6516,601864.1845,150466.099
688758.SH,20260420,3.1877,1.0,70.7422,6.613,894148.3883,640200.3438
920943.BJ,20260420,7.0088,2.4,30.0885,3.3673,222636.382,113614.5778
688331.SH,20260420,5.0447,0.76,116.6897,22.7505,8280884.6756,2392575.953
920019.BJ,20260420,6.3652,1.67,93.01,4.3703,399506.73,318317.7654
300569.SZ,20260420,6.74,1.34,,1.3509,698516.5702,696414.1412
603385.SH,20260420,2.315,0.54,40.3693,0.6531,245148.2394,245148.2394
002812.SZ,20260420,5.5538,0.87,,2.8146,7086081.6369,5935470.7456
000017.SZ,20260420,2.5162,1.05,114.92,12.3921,463821.4599,296673.173
600965.SH,20260420,2.8633,1.22,58.075,2.0434,444554.6186,444554.6186
301577.SZ,20260420,5.3896,1.06,99.2807,3.7154,283325.614,118548.5473
301565.SZ,20260420,2.2658,1.02,135.3336,3.6375,876021.9,280341.9
688559.SH,20260420,4.244,1.18,,6.1424,1458805.2511,1458805.2511
600780.SH,20260420,4.7281,0.94,12.4172,0.9313,763570.6803,763570.6803
603344.SH,20260420,2.1385,0.96,28.2116,2.6043,547215.6467,151989.1467
601166.SH,20260420,0.6669,1.72,5.0156,0.4798,38855005.9899,38855005.9899
600629.SH,20260420,4.3518,0.92,285.4365,3.8824,2044503.5545,2008217.6244
600343.SH,20260420,22.0175,1.26,,18.4286,2386253.5352,2386253.5352
920436.BJ,20260420,6.6357,2.82,,3.6278,139541.052,131258.259
001296.SZ,20260420,7.9357,2.32,27.2127,2.2118,387141.7306,198891.2653
301029.SZ,20260420,3.5434,1.23,36.4413,4.2282,1798598.8912,1309893.8609
688611.SH,20260420,3.6725,1.42,,11.3593,983227.336,983227.336
003022.SZ,20260420,4.3064,1.02,97.4664,4.006,2979652.208,2977117.4016
603257.SH,20260420,6.6615,1.13,43.6811,2.9677,725280.0,150495.6
000558.SZ,20260420,4.0983,1.22,,5.5933,586596.8968,586351.4966
300334.SZ,20260420,4.1432,1.34,90.7235,3.6258,220205.6445,220179.6958
688518.SH,20260420,10.7847,2.88,60.6417,3.1972,1044454.7907,1044454.7907
301016.SZ,20260420,4.2011,0.66,73.9549,5.0965,523723.2,496746.0789
600661.SH,20260420,1.3353,0.71,,20.7857,279671.6581,279671.6581
920159.BJ,20260420,13.2553,1.68,21.3321,2.8756,307344.0,58233.6
603466.SH,20260420,5.1671,1.05,167.83,2.7382,576973.2039,576973.2039
300294.SZ,20260420,1.2431,0.77,83.8935,1.2712,945466.3838,945466.3838
002595.SZ,20260420,1.2892,1.12,29.5655,5.8836,7076000.0,7027069.5838
688285.SH,20260420,4.2221,1.25,64.7118,1.9704,333016.573,333016.573
600973.SH,20260420,6.7743,1.2,,2.8398,1038124.2497,1038124.2497
600645.SH,20260420,2.5672,0.93,178.6125,3.5974,1335058.1832,1334548.2807
600180.SH,20260420,2.7638,0.81,216.6828,0.4418,347720.7885,347720.7885
689009.SH,20260420,1.7671,0.9,18.7716,4.7981,3300374.7474,2537688.588
002469.SZ,20260420,2.1483,0.64,29.786,2.0961,555426.4113,537912.8918
600999.SH,20260420,1.092,1.34,11.0066,1.1233,13592671.3978,11600594.2401
002936.SZ,20260420,0.6064,0.85,8.7322,0.3672,1654760.6272,1279331.8522
300430.SZ,20260420,2.4215,1.0,74.8494,2.1699,496399.0751,472414.952
301062.SZ,20260420,1.2307,0.59,,2.448,353566.3903,255606.6454
300463.SZ,20260420,0.9064,0.76,,1.0199,645179.2878,524750.7707
601177.SH,20260420,1.7565,1.04,23.9618,2.1425,607493.115,596089.4
600671.SH,20260420,4.3683,0.83,136.6872,34.408,240878.6345,240763.2143
603985.SH,20260420,22.3637,0.86,127.1634,3.2455,1061586.0712,1061586.0712
000403.SZ,20260420,0.8637,0.66,21.8682,1.5252,1224111.8332,1211634.65
300620.SZ,20260420,17.9278,1.15,353.8991,28.8083,6252438.2351,6200313.1933
601880.SH,20260420,1.3638,0.82,29.4018,0.9524,3842198.0557,3001327.3479
920670.BJ,20260420,7.4086,1.73,228.6071,7.4959,187093.3888,117408.4173
300836.SZ,20260420,2.1628,0.67,96.7503,10.1716,579933.8618,397020.6469
300348.SZ,20260420,2.1905,0.54,542.893,5.205,1118181.5764,969764.7235
002210.SZ,20260420,2.8552,1.21,740.3528,7.2049,686598.0557,685314.2219
300381.SZ,20260420,1.6109,0.74,470.0911,1.1798,305440.2287,304369.9614
002173.SZ,20260420,5.7867,0.95,,6.3978,1139396.1969,1086673.51
300936.SZ,20260420,15.2043,0.63,,5.4841,548283.2,346032.865
002268.SZ,20260420,3.5694,2.29,390.9577,2.5966,1427433.7081,1426789.5673
688507.SH,20260420,6.3271,1.91,266.8162,3.0057,858384.9163,474287.7871
001316.SZ,20260420,8.5068,1.19,31.7026,4.4422,582944.4869,563580.8396
603838.SH,20260420,2.7071,1.06,,3.0399,284494.224,284494.224
002519.SZ,20260420,16.4475,1.3,,4.4068,976615.5886,968963.0764
603529.SH,20260420,3.7111,0.88,10.7737,2.6546,2522964.8987,2463858.2514
000900.SZ,20260420,0.7671,0.72,15.3082,0.5615,619273.9603,619237.2403
601156.SH,20260420,1.4176,1.03,9.9988,1.361,2687731.5563,1599200.2763
600770.SH,20260420,3.967,0.86,69.4577,2.2103,757900.0,757900.0
600097.SH,20260420,2.195,1.11,35.3772,1.1272,261416.1665,261416.1665
688089.SH,20260420,2.2831,1.14,20.6548,1.9651,323658.4378,323658.4378
603813.SH,20260420,4.3738,1.31,,5.5387,302128.155,302128.155
300174.SZ,20260420,4.7409,1.43,27.8829,1.8473,636275.4989,632753.8946
688007.SH,20260420,2.0165,1.26,,2.7543,676094.5991,676094.5991
002416.SZ,20260420,15.0654,3.07,42.8773,2.8985,1687901.8198,1666957.662
000953.SZ,20260420,2.6568,1.05,306.9102,15.7246,242372.8931,242372.8931
301428.SZ,20260420,7.2339,0.82,77.9052,2.6869,341880.0012,212046.4512
600810.SH,20260420,3.1529,0.64,,1.2911,938988.42,930528.234
300073.SZ,20260420,3.7182,0.81,49.8905,2.1471,3154726.0997,2932609.7244
603477.SH,20260420,8.4054,0.83,25.6379,3.1547,939039.6267,939039.6267
603376.SH,20260420,2.4473,0.79,48.0122,8.0453,1354403.386,105093.3034
301119.SZ,20260420,3.5562,0.63,41.4369,4.6987,479336.0,387662.99
000858.SZ,20260420,0.6709,0.95,13.8357,2.9693,39340097.1307,39338440.1291
603162.SH,20260420,10.1133,1.49,21.4557,2.8088,1303983.7427,392592.8219
300322.SZ,20260420,16.6377,1.0,224.1007,14.3655,1449580.2201,1387797.3342
300371.SZ,20260420,2.05,0.9,38.6571,2.1891,255948.4005,170970.0046
603180.SH,20260420,1.1146,0.74,20.2273,1.0522,292163.0232,292163.0232
603001.SH,20260420,2.7122,0.8,,1.5495,368500.62,368500.62
603161.SH,20260420,1.9574,1.06,30.925,1.9097,285196.1032,279828.4163
688323.SH,20260420,5.8597,0.91,,5.2755,399423.9409,399423.9409
301602.SZ,20260420,1.8335,0.91,58.1045,6.3481,826247.8717,402195.3252
301052.SZ,20260420,8.0129,2.01,,5.012,348237.9139,282209.439
002294.SZ,20260420,4.3512,1.23,93.1553,7.1419,6265268.9267,6263859.4363
000014.SZ,20260420,4.2637,0.94,,2.2296,328456.726,328456.726
002055.SZ,20260420,3.5421,1.11,,2.5727,367529.9303,361145.9303
603586.SH,20260420,1.8759,0.87,26.3379,1.5599,359168.693,359168.693
002054.SZ,20260420,5.2267,0.94,33.8181,1.561,399673.7097,318346.2199
600136.SH,20260420,1.5801,0.74,,15.7889,375511.9713,357528.4669
002987.SZ,20260420,2.3786,1.06,44.0635,4.8415,1442586.2328,1402703.8225
603602.SH,20260420,1.3525,0.74,109.3007,2.8619,308923.8695,308923.8695
001359.SZ,20260420,3.4755,0.61,59.2039,7.6327,1507769.7251,376976.64
688148.SH,20260420,11.0878,1.37,597.0773,12.18,468338.8627,468338.8627
001207.SZ,20260420,2.732,0.6,20.3515,2.6528,595665.667,575002.4108
002106.SZ,20260420,5.6515,3.48,32.1369,1.4105,787690.8346,786671.1521
300895.SZ,20260420,22.3684,1.14,,11.5211,901546.6068,884716.9424
600998.SH,20260420,1.4878,0.97,9.6085,1.0113,2677551.6943,2677551.6943
600158.SH,20260420,11.1976,1.14,585.3213,4.1805,1086168.7918,1086168.7918
300155.SZ,20260420,3.0225,0.99,,2.1174,259287.2177,152795.7705
002226.SZ,20260420,1.2727,0.5,18.5454,1.4569,1493992.4902,1493962.3236
301005.SZ,20260420,21.203,1.33,1765.9314,31.1166,2393202.5211,2359505.6955
002566.SZ,20260420,4.3277,1.11,87.6473,1.139,254170.8288,178015.0794
301111.SZ,20260420,4.2255,0.49,,4.108,307360.0,307360.0
000906.SZ,20260420,1.2536,1.01,20.5461,0.8505,404508.012,399706.6655
600979.SH,20260420,13.0917,3.15,41.586,1.3154,610641.9851,596413.7384
002787.SZ,20260420,14.6853,0.77,50.0063,3.0689,567453.9821,424706.173
000768.SZ,20260420,2.5845,1.38,59.8873,3.1045,6894468.547,6883267.5648
688586.SH,20260420,2.5275,0.98,207.7088,4.6166,1142693.7413,1142693.7413
600436.SH,20260420,0.8948,1.39,36.1741,6.0481,8752926.0827,8752926.0827
601788.SH,20260420,0.9444,1.11,19.0786,1.165,7105223.7517,6020222.9109
688795.SH,20260420,8.791,0.69,,26.5605,30373223.3825,1898689.7833
300509.SZ,20260420,7.3003,1.39,37.4161,5.9084,364868.4,304184.4368
600707.SH,20260420,8.542,0.77,82.1736,1.4111,3075250.0003,3074632.9603
920087.BJ,20260420,8.8667,1.4,202.5922,4.6337,254242.8,252466.9864
600153.SH,20260420,1.4385,1.51,12.4315,0.4593,2531297.155,2531297.155
603839.SH,20260420,2.5381,1.18,,1.6197,291036.1824,291036.1824
002748.SZ,20260420,2.9528,0.83,68.145,2.1391,293760.0,293760.0
300918.SZ,20260420,5.5546,0.99,59.5506,2.0104,762744.5815,762744.5815
002395.SZ,20260420,5.725,0.9,24.1174,3.2018,487335.753,487293.5187
300843.SZ,20260420,11.4614,0.9,100.4244,6.9696,1123677.8604,1101682.9
300684.SZ,20260420,10.8351,1.24,57.845,8.8652,1856957.1826,1266678.7984
603667.SH,20260420,8.4949,0.95,280.4274,8.614,2569278.6343,2569278.6343
688779.SH,20260420,2.2925,0.79,92.3834,3.1426,2106707.8032,2106707.8032
300267.SZ,20260420,5.9551,0.65,,1.8182,812666.3188,560422.4051
300553.SZ,20260420,3.151,0.89,129.2226,5.6567,481395.2424,368106.2376
601933.SH,20260420,6.3267,1.36,,16.7493,3584639.6122,3584639.6122
920942.BJ,20260420,8.5775,2.62,77.4016,3.3142,165276.5345,111613.4627
601658.SH,20260420,1.4897,1.87,7.1174,0.6158,62209237.7089,37569400.7134
002819.SZ,20260420,1.8698,0.81,,2.0032,805351.9488,631893.1046
688718.SH,20260420,2.9175,0.77,60.0328,3.4697,276790.7417,276790.7417
603306.SH,20260420,5.4854,0.81,138.1113,11.2988,3505166.1611,3505166.1611
002424.SZ,20260420,1.262,1.16,3229.1038,2.1972,716967.9792,622379.0447
603328.SH,20260420,7.5709,1.0,28.1304,3.0359,1309956.7056,1309956.7056
603989.SH,20260420,4.5785,0.7,34.9223,2.0501,772436.5888,772436.5888
603194.SH,20260420,0.6337,0.99,15.5584,2.6318,1361796.0,536659.3965
600884.SH,20260420,5.2985,0.64,,1.4826,3252650.9999,2653568.6927
688325.SH,20260420,4.4779,1.56,110.1682,6.0962,1072430.7368,1016735.0144
002237.SZ,20260420,5.4706,1.0,37.9216,1.819,2418079.9599,2016274.0095
300113.SZ,20260420,11.3397,0.73,53.7334,8.0937,1953052.7662,1474631.812
601808.SH,20260420,3.4113,0.81,18.9038,1.5593,7262363.024,4505832.296
603488.SH,20260420,3.4514,0.58,,3.644,328781.2354,328781.2354
603006.SH,20260420,3.3069,1.05,45.2452,2.566,334598.593,334598.593
600797.SH,20260420,6.017,1.86,565.4392,2.793,975122.5251,975122.5251
300041.SZ,20260420,2.167,0.95,40.8355,2.184,631601.7469,614274.3641
300678.SZ,20260420,2.2623,1.07,603.6752,10.0929,863966.0441,848839.7506
688180.SH,20260420,7.1586,1.18,,7.3515,4433246.863,3309290.0304
920242.BJ,20260420,8.6528,2.57,20.6411,2.6193,176676.825,98935.0338
688251.SH,20260420,6.713,0.89,107.1115,4.1202,353818.8694,351359.8709
603127.SH,20260420,6.5574,0.65,94.75,3.3899,2822045.3965,2373909.4507
000929.SZ,20260420,3.6842,0.75,,5.3728,196354.662,196342.2137
920130.BJ,20260420,5.6762,1.61,,4.0431,192880.6065,118324.7113
002698.SZ,20260420,1.1978,0.99,29.1672,3.6277,1439766.6976,1183056.3642
300671.SZ,20260420,6.3749,0.57,,6.2961,986276.6793,983411.2812
000678.SZ,20260420,5.0739,0.66,,7.1648,571297.4637,571297.4637
002321.SZ,20260420,3.3724,0.43,,5.0079,469235.8156,467250.544
002872.SZ,20260420,1.0745,0.97,,0.8089,158682.0,107244.1489
688696.SH,20260420,1.3868,0.74,44.522,2.1135,638652.42,638652.42
301190.SZ,20260420,1.7222,0.92,67.7106,2.4193,473058.846,351216.216
002156.SZ,20260420,6.4661,0.95,60.3822,4.7495,7358827.4263,7358125.8245
920190.BJ,20260420,4.2267,1.53,102.165,2.7276,233900.0023,232597.2963
000062.SZ,20260420,26.5652,1.56,70.4218,4.8424,3260099.3567,3256953.54
300556.SZ,20260420,2.9688,0.72,,4.9519,219668.5206,196071.2437
600189.SH,20260420,4.2864,1.76,381.8176,4.6948,575734.2387,575734.2387
688136.SH,20260420,3.8387,0.66,39.2943,3.5702,626513.8193,626513.8193
601121.SH,20260420,3.3105,1.15,55.1257,1.788,773614.7999,628800.0
600995.SH,20260420,2.9746,0.85,25.5019,1.9524,4509564.1909,4509564.1909
300233.SZ,20260420,5.2053,1.05,138.4811,1.6703,611896.0917,589485.3698
688579.SH,20260420,2.7592,0.92,73.3826,3.1383,441211.03,441211.03
300701.SZ,20260420,2.9641,1.33,52.6839,3.4563,336454.7916,296454.9694
300847.SZ,20260420,3.1739,1.58,41.1972,3.2357,473616.0,473616.0
002153.SZ,20260420,2.5404,1.37,,3.9273,2696443.5149,1580566.6384
002410.SZ,20260420,2.0477,1.11,47.424,3.1765,1921211.2697,1826047.7225
002929.SZ,20260420,14.8881,0.79,,2.659,1680635.5249,1245677.3556
002489.SZ,20260420,1.9029,1.22,11.3564,1.582,741803.579,654255.8934
002283.SZ,20260420,3.0897,0.61,33.7363,2.0343,1240868.8668,1092078.0901
600255.SH,20260420,3.1922,1.24,215.7523,4.5668,666468.2264,666468.2264
002583.SZ,20260420,1.8795,0.73,,9.5013,1980476.5059,1396883.0655
300040.SZ,20260420,10.454,1.26,,1.7155,443309.7904,356472.095
920445.BJ,20260420,3.0964,1.77,62.5414,5.0673,153808.746,109732.6526
688310.SH,20260420,3.5109,1.08,40.9679,3.447,267356.1242,267356.1242
000796.SZ,20260420,5.142,1.18,,10.5018,870857.3814,722606.3778
002948.SZ,20260420,1.6293,0.95,5.9351,0.7552,3078967.649,1646513.2496
300611.SZ,20260420,5.3464,1.33,40.2616,4.6384,587420.8344,412727.1933
920028.BJ,20260420,21.1156,1.67,24.6177,2.4565,273823.76,70903.4606
300951.SZ,20260420,3.8198,0.92,32.1154,2.6727,622038.9922,555920.0789
688011.SH,20260420,5.6635,0.97,,6.7047,708100.0,705710.3254
002191.SZ,20260420,1.0199,0.88,,0.7886,526995.7167,522907.1396
600582.SH,20260420,1.161,1.14,9.6407,0.9212,2358995.6684,2358995.6684
300845.SZ,20260420,9.9115,1.43,56.4664,3.4891,279466.2549,196523.9354
603565.SH,20260420,1.4404,0.86,11.5759,2.5041,2473874.3353,2473874.3353
002076.SZ,20260420,3.2004,1.15,,7.8486,247334.7615,232427.1537
688409.SH,20260420,3.0886,1.05,,6.911,3101915.1102,3101915.1102
688503.SH,20260420,5.0723,0.86,55.5774,4.6561,2332478.2176,1936264.1608
002270.SZ,20260420,2.4045,0.75,35.0415,7.9149,2487025.571,2486985.7165
920124.BJ,20260420,5.0976,2.25,24.7318,2.3262,245409.9698,126276.8249
301112.SZ,20260420,1.9605,0.78,,3.0891,373914.0406,373914.0406
301109.SZ,20260420,2.9911,1.29,16.8485,1.5577,1207324.2883,352393.2307
002908.SZ,20260420,1.3925,0.7,250.0069,3.5816,396054.6568,295444.1922
300195.SZ,20260420,1.9918,0.84,204.6648,1.2138,324983.8489,240770.8729
603165.SH,20260420,8.7482,1.21,24.0173,2.1161,537386.2281,537386.2281
300085.SZ,20260420,5.9833,0.8,,62.2115,2698660.2032,2490037.1123
688112.SH,20260420,9.3775,0.92,58.5042,5.1995,834212.9074,834212.9074
300806.SZ,20260420,12.1521,1.69,668.3033,13.6639,3099668.8395,2162245.1561
605399.SH,20260420,4.0369,1.18,,2.2064,473303.2772,472275.4292
600388.SH,20260420,1.4591,0.84,21.6833,2.1975,2411817.9104,2411817.9104
300364.SZ,20260420,17.2151,1.97,,46.6902,2207355.3575,2001046.4602
301626.SZ,20260420,4.3748,1.04,160.9491,19.169,3019248.0,1373355.8478
000592.SZ,20260420,17.2738,1.07,,11.4818,2202230.2169,2183205.3919
600061.SH,20260420,1.4128,1.38,13.3366,0.7968,4373486.1819,4373486.1819
688252.SH,20260420,2.5125,0.87,41.8642,3.557,874896.6484,874896.6484
002467.SZ,20260420,11.1593,0.48,,6.549,1039781.136,1033307.381
300164.SZ,20260420,17.4685,0.75,222.724,5.8119,815603.6598,808330.1383
601236.SH,20260420,0.678,0.74,30.239,1.4544,3669660.8633,3669660.8633
300487.SZ,20260420,6.6455,6.13,38.9401,8.3222,3280867.7057,1984874.262
605011.SH,20260420,4.2831,1.27,42.117,3.2312,785396.3,785396.3
301291.SZ,20260420,7.3808,0.92,24.7423,3.4978,1718036.6,889488.1634
600345.SH,20260420,23.8363,1.07,127.3402,4.9741,1751229.2573,1124014.545
000931.SZ,20260420,4.2492,1.32,80.2112,2.3485,384094.7608,383025.0613
605580.SH,20260420,6.4632,0.96,41.2289,6.2756,643160.0,643160.0
688084.SH,20260420,9.4613,0.95,,3.3816,521442.2829,521442.2829
603235.SH,20260420,1.0315,0.9,18.9431,2.4427,1168872.6,1168872.6
603987.SH,20260420,1.7088,0.94,15.8539,1.4489,386559.9288,386559.9288
688708.SH,20260420,1.1897,1.26,49.7554,6.2036,2170454.26,771991.4751
603379.SH,20260420,3.348,1.22,21.0185,5.1246,3801452.9634,3801452.9634
000762.SZ,20260420,12.433,0.78,,6.4136,1874949.264,1874882.2248
002724.SZ,20260420,3.9076,1.63,,2.039,553164.0617,407103.6834
300163.SZ,20260420,4.8693,0.74,25.026,3.9576,232260.0,222357.0789
300205.SZ,20260420,4.2316,1.76,,2.5909,254593.152,254593.152
002828.SZ,20260420,9.1221,0.6,266.9286,3.4525,240180.182,231306.5601
002362.SZ,20260420,1.8206,1.24,,4.8894,463974.9181,394013.2829
001216.SZ,20260420,6.0014,1.21,21.0172,2.6212,474013.1294,462131.1205
600703.SH,20260420,14.8229,1.64,722.3269,1.9265,6810010.5624,6810010.5624
002441.SZ,20260420,6.2717,2.41,28.0733,1.1889,528751.8443,386996.0593
002607.SZ,20260420,1.7842,0.91,148.6047,19.5667,1597356.4418,1316755.3209
600598.SH,20260420,3.5434,0.9,24.6336,3.5895,2872730.7329,2872730.7329
600281.SH,20260420,3.7377,1.14,,51.2794,290122.7421,290122.7421
600008.SH,20260420,1.4758,0.79,12.5942,1.0915,2231539.5658,2231539.5658
000819.SZ,20260420,3.5157,1.32,,2.705,573840.4978,567671.6712
002661.SZ,20260420,1.3584,0.83,25.7622,1.2947,295493.1772,279025.2017
300107.SZ,20260420,2.8805,1.11,,2.6412,388319.7649,239694.4052
000001.SZ,20260420,0.7721,1.12,5.0344,0.4757,21462945.527,21462594.3222
002130.SZ,20260420,5.3622,1.17,32.064,4.1097,3667704.8884,3005014.9055
603789.SH,20260420,1.8725,1.02,,9.8725,146398.4592,143520.0
002078.SZ,20260420,1.0361,0.78,12.1217,1.2918,3940294.5178,3916069.8281
002361.SZ,20260420,44.5503,0.96,564.3641,8.8636,1961985.141,1669220.716
600696.SH,20260420,10.3349,1.72,,1.3151,37795.0457,37795.0457
688403.SH,20260420,8.9052,1.17,101.8173,3.9463,1575425.7126,1575425.7126
601939.SH,20260420,1.9795,1.69,7.5106,0.7349,254537171.1596,9334628.8506
603727.SH,20260420,10.1761,1.88,,1.6344,513574.242,513574.242
002066.SZ,20260420,6.0727,1.25,,8.7288,548272.938,539154.0
688313.SH,20260420,19.189,1.21,143.3579,34.1618,5665648.6215,5665648.6215
688336.SH,20260420,8.4033,0.72,18.0951,6.2065,5246318.2375,5235277.811
301658.SZ,20260420,9.4624,0.7,112.5593,5.5347,1748453.6124,413046.7274
002939.SZ,20260420,1.1425,0.84,15.353,1.1842,3703603.9456,3307241.5413
603272.SH,20260420,0.8837,0.06,136.4755,5.1135,285388.758,285388.758
605136.SH,20260420,5.012,1.55,,1.7809,428090.1365,428090.1365
300291.SZ,20260420,3.9438,1.46,,2.113,645194.4109,637569.6711
002232.SZ,20260420,2.5912,0.98,232.1281,5.3431,755406.0933,755406.0933
688279.SH,20260420,3.2627,0.83,93.3698,4.013,2044195.8326,1661404.3846
000546.SZ,20260420,11.038,0.8,,1.2991,527245.5216,472366.1297
002169.SZ,20260420,4.2317,0.81,84.3822,4.0181,1143530.6813,1108422.6658
002977.SZ,20260420,7.2981,1.42,,3.4941,365765.4,202858.4177
688065.SH,20260420,1.0871,0.98,60.9702,1.9482,3449207.7949,2789713.7825
002563.SZ,20260420,1.0777,0.6,15.7585,1.2346,1406315.0635,1152102.4364
300044.SZ,20260420,8.3986,1.11,,66.1723,475890.529,445680.6205
603219.SH,20260420,5.2912,1.95,87.3382,5.8094,935292.4,935292.4
002264.SZ,20260420,4.6685,1.29,24.3156,3.0194,602482.0581,548053.212
688687.SH,20260420,2.0462,0.8,122.0158,2.0902,361547.4525,361547.4525
300615.SZ,20260420,5.1048,0.67,,5.3486,270327.6508,211644.3756
688459.SH,20260420,1.1729,1.12,41.1776,1.3218,457440.0,457440.0
603688.SH,20260420,10.2861,0.85,179.9917,4.7439,2759850.8825,2759850.8825
688582.SH,20260420,3.2221,1.23,83.4565,10.0133,2532161.27,1577130.71
300489.SZ,20260420,27.5881,1.51,,15.7136,1057599.546,1053727.3156
600000.SH,20260420,0.5671,1.42,6.5124,0.442,32573109.8574,32573109.8574
301156.SZ,20260420,3.1385,0.97,44.6817,3.6946,263126.5576,166761.5381
601901.SH,20260420,1.3567,1.11,14.5978,1.141,5795399.3821,5795399.3821
002026.SZ,20260420,1.9184,1.11,17.8546,1.5704,589872.2663,589821.3508
688249.SH,20260420,3.3331,1.31,86.2957,2.7916,6076980.0668,3596736.6004
002412.SZ,20260420,3.0122,0.72,19.2485,1.4645,331105.6,327582.01
601777.SH,20260420,1.1303,1.25,539.3726,4.4253,4552747.7715,4552747.7715
920699.BJ,20260420,5.573,3.33,29.9842,5.6768,194728.7804,89095.7804
301360.SZ,20260420,12.1657,1.3,140.0708,3.8406,443948.82,211903.58
000333.SZ,20260420,0.5907,1.14,13.7713,2.7782,60518446.0511,54540432.668
605228.SH,20260420,10.9552,0.93,42.9155,3.19,731670.1721,728585.6321
300511.SZ,20260420,5.7012,1.15,,3.1907,480635.262,420040.5128
301148.SZ,20260420,17.2674,1.47,155.4243,4.5228,795675.0564,402103.1364
000610.SZ,20260420,17.3568,1.31,,13.3107,208101.405,207008.2744
300497.SZ,20260420,11.2729,0.71,,4.6428,1014814.5917,830547.6223
002570.SZ,20260420,1.4038,0.85,39.6038,3.1646,544341.8398,544317.6478
600793.SH,20260420,4.1537,1.34,206.3136,14.1387,336471.4118,336471.4118
920580.BJ,20260420,8.4581,2.27,66.6761,3.4524,117992.0,75134.9375
002229.SZ,20260420,14.2451,0.83,,8.7231,961619.1037,955736.6439
000619.SZ,20260420,2.42,0.73,,1.0305,258524.935,210960.0
002790.SZ,20260420,2.5751,1.18,27.8857,1.538,324268.9048,202301.26
300097.SZ,20260420,8.2367,0.61,,13.3656,287106.9207,268658.4058
601918.SH,20260420,2.8981,0.9,9.0592,1.1497,1935134.7246,1935134.7246
002985.SZ,20260420,6.8933,1.54,62.7923,4.6687,1256065.876,1252605.7842
002538.SZ,20260420,1.9098,0.56,32.9861,1.1533,598342.5899,598338.9363
603053.SH,20260420,2.4106,1.44,17.5482,1.7291,844445.5,844445.5
603679.SH,20260420,2.9297,0.75,,2.732,252847.4868,252847.4868
600619.SH,20260420,5.3755,1.0,265.4186,3.1126,1906259.6651,1401574.4412
300679.SZ,20260420,7.0555,0.8,34.1757,3.6446,1833523.12,1551348.845
603757.SH,20260420,30.1662,1.22,75.5406,5.1793,1093166.9377,1093166.9377
603516.SH,20260420,4.2117,0.98,6018.3454,21.8362,3039877.1124,3039877.1124
600771.SH,20260420,1.0573,0.87,103.1004,5.1512,849267.1296,849267.1296
000962.SZ,20260420,9.0486,1.29,99.587,6.5131,2571895.7694,2446088.1381
002920.SZ,20260420,2.2193,0.86,26.0072,4.3485,6381084.9714,5931156.705
605500.SH,20260420,4.3207,1.25,43.1768,1.491,380833.6,380833.6
688039.SH,20260420,3.1122,1.06,,4.5743,487862.8813,487862.8813
300852.SZ,20260420,6.2576,0.95,54.6627,3.1143,700353.8429,676074.3849
002652.SZ,20260420,4.5195,0.93,,10.0061,250911.36,250911.36
920662.BJ,20260420,17.743,2.22,125.2368,5.311,243826.7556,75211.9384
600575.SH,20260420,3.4089,1.12,15.1986,1.174,2580045.1812,1399053.9834
000509.SZ,20260420,6.1753,1.58,,31.7367,391691.739,391690.5549
603081.SH,20260420,2.3871,1.1,49.9302,1.6255,519673.9533,519673.9533
601698.SH,20260420,13.6216,2.52,357.8752,9.8767,15790752.6701,15790752.6701
002847.SZ,20260420,1.76,0.7,19.6767,6.905,1472632.2666,1326894.8202
920504.BJ,20260420,3.7885,1.89,66.1849,4.7825,98712.8018,38935.3596
301536.SZ,20260420,3.7907,1.32,107.8057,10.2697,3324381.1739,1475644.4843
300977.SZ,20260420,4.8734,0.92,136.126,2.1747,300647.7858,187234.1139
300185.SZ,20260420,5.8194,1.27,190.5983,1.9224,1344049.8881,1280728.1325
002746.SZ,20260420,1.4543,0.65,18.2709,1.1523,524928.6235,432902.4985
301003.SZ,20260420,5.8731,0.61,49.5937,4.4744,506064.6128,391481.2443
600066.SH,20260420,1.0158,0.77,14.3411,5.1056,7965753.3244,7965753.3244
301068.SZ,20260420,4.7299,1.68,260.5279,6.6816,528238.2436,376707.5099
300870.SZ,20260420,15.6252,1.35,126.3731,16.5225,4208584.2866,4208121.0866
920082.BJ,20260420,2.8291,1.41,36.6104,4.2688,227335.22,61882.8083
600782.SH,20260420,2.93,1.29,11.4693,0.4213,1114407.7522,1100978.2522
301018.SZ,20260420,20.8291,1.39,275.1025,12.7306,3377803.3525,2510721.7801
300259.SZ,20260420,3.4143,0.87,22.8224,1.8736,572032.9413,571901.75
603676.SH,20260420,2.3158,1.04,20.163,3.0609,447781.1835,447781.1835
605303.SH,20260420,17.7247,1.04,,3.9933,366976.3406,366976.3406
301413.SZ,20260420,4.9769,0.78,128.2171,9.5698,1197158.5495,714751.2104
688539.SH,20260420,12.4896,2.89,131.2844,4.5541,798898.24,798898.24
688479.SH,20260420,4.7867,0.89,123.6199,2.8162,527480.097,227770.097
000552.SZ,20260420,7.2857,0.95,,0.8316,1359360.9414,946356.12
688719.SH,20260420,5.3254,0.87,,3.7139,628619.7573,488807.0795
002709.SZ,20260420,7.2324,0.79,74.3177,5.6453,10121459.059,7492239.7093
920857.BJ,20260420,4.111,1.93,,5.1549,185165.8943,185165.8943
000068.SZ,20260420,1.2639,0.81,,5.4209,327168.2258,327168.2258
301135.SZ,20260420,1.5818,0.85,72.7666,2.3229,290359.296,217760.216
603026.SH,20260420,10.2517,0.63,1406.7323,4.5543,2236489.4456,2236489.4456
002079.SZ,20260420,4.9114,1.07,87.2512,2.7009,835870.7665,835087.1033
688335.SH,20260420,6.4563,2.36,427.0577,4.1091,471638.2101,471638.2101
002558.SZ,20260420,3.5061,0.51,36.7202,4.1217,6129312.3565,6129312.3565
603205.SH,20260420,1.6341,1.12,39.2372,2.776,404820.0,107277.3
600458.SH,20260420,1.9042,0.8,21.6191,1.4029,1110388.9494,1028588.9419
002584.SZ,20260420,2.7138,1.0,,1.9914,446520.13,357409.4401
002318.SZ,20260420,1.9274,1.13,16.8411,3.5251,2874836.2582,2808694.5938
000823.SZ,20260420,7.7537,0.98,38.7213,1.809,861350.5536,861314.0722
920429.BJ,20260420,3.0921,1.42,42.8416,1.9581,167046.792,152317.5247
000551.SZ,20260420,3.709,0.98,23.7465,2.4112,700439.2515,700170.7069
600792.SH,20260420,5.3305,0.91,,1.5458,439529.7456,439529.7456
603382.SH,20260420,2.0868,1.06,36.1232,2.871,497716.2565,99543.3787
300176.SZ,20260420,4.1669,1.16,109.3202,2.9847,284651.388,284651.388
000016.SZ,20260420,5.2613,1.21,,6.2023,784990.203,520489.5788
300339.SZ,20260420,3.2459,1.58,255.6446,9.2996,3297937.2926,3220399.8669
600287.SH,20260420,2.0584,0.88,101.6151,1.0937,252468.1308,252468.1308
688387.SH,20260420,10.1485,1.09,,10.2523,6143493.75,3624148.6284
600151.SH,20260420,12.5934,1.63,,4.8481,2149944.1782,2149944.1782
000536.SZ,20260420,2.1135,1.12,,20.6031,1178329.9741,1177073.1518
688269.SH,20260420,1.5396,1.21,46.4689,4.8556,512490.384,512490.384
002885.SZ,20260420,21.7185,1.8,117.1719,5.3915,793786.7162,676559.4233
001388.SZ,20260420,3.3801,1.04,45.0148,4.4453,619632.0,123926.4
002289.SZ,20260420,2.0342,2.38,,35.7468,782188.1688,781350.8688
600901.SH,20260420,1.0284,0.68,12.6591,1.65,4002179.7038,4001202.6298
002353.SZ,20260420,3.0279,0.75,43.1086,5.1437,12083546.5411,8149238.0997
300435.SZ,20260420,6.9924,1.65,157.0675,3.2281,1069196.436,1022354.1544
300084.SZ,20260420,5.3702,0.93,,4.5404,566346.3475,385557.2247
002365.SZ,20260420,2.8092,0.81,179.2193,2.0288,403125.66,335554.6229
300653.SZ,20260420,4.7013,2.8,47.8502,3.7325,337500.0,337500.0
002206.SZ,20260420,2.2979,1.25,14.1221,1.8124,726379.5125,660522.4913
603045.SH,20260420,7.6419,0.94,83.1065,4.8591,495052.0415,495052.0415
002363.SZ,20260420,5.2094,0.68,69.7672,1.6915,360614.4354,359630.8145
688535.SH,20260420,5.2371,0.93,498.6367,5.6549,1209300.3982,1016371.8255
600640.SH,20260420,3.552,1.92,452.8775,2.4466,973136.1346,973136.1346
002695.SZ,20260420,5.2775,2.05,103.5527,2.3173,650238.7008,594310.8076
301315.SZ,20260420,2.2626,0.79,103.0469,4.3794,445456.0,187294.0
000628.SZ,20260420,10.2324,1.19,184.1802,9.5596,2113680.0,1153431.51
003029.SZ,20260420,2.2524,0.56,,4.0244,417638.8296,379845.571
300571.SZ,20260420,22.5793,1.27,,3.5308,513045.537,425197.8925
000338.SZ,20260420,2.2039,0.94,21.0108,2.4646,22965878.7451,13189207.606
688512.SH,20260420,2.6807,0.75,,3.5974,591023.9318,410905.9947
002735.SZ,20260420,4.9905,1.48,,3.5083,586897.8081,445832.8093
603096.SH,20260420,3.5412,1.59,40.4095,1.4664,272686.8152,272686.8152
688596.SH,20260420,5.6363,2.04,122.1549,2.5707,931807.6131,931807.6131
301491.SZ,20260420,1.7978,0.99,30.236,3.1579,660351.0,146318.6806
300547.SZ,20260420,18.5819,1.36,44.7783,6.7349,860683.6984,700879.867
603391.SH,20260420,6.0427,1.3,26.6063,2.6542,601055.0,150263.75
003043.SZ,20260420,6.2464,0.91,118.9189,4.3845,756816.6349,474040.2486
300062.SZ,20260420,4.9515,1.05,,3.1046,498910.397,363091.014
600761.SH,20260420,1.4497,0.9,12.6551,1.4303,1549805.4041,1549805.4041
300070.SZ,20260420,2.6773,0.81,244.8506,0.5465,1493174.2576,1415124.3629
300981.SZ,20260420,5.0892,0.39,,1.0704,574679.0451,526666.7379
300407.SZ,20260420,4.827,1.0,66.9878,2.1287,472335.7572,353168.6614
301680.SZ,20260420,11.7598,0.6,48.7082,4.7072,872629.2,177081.3367
600497.SH,20260420,6.7383,1.88,44.692,2.8451,4627069.2834,4627069.2834
002917.SZ,20260420,5.7707,2.08,26.5981,2.6959,471364.8511,353298.6552
002641.SZ,20260420,3.828,3.0,58.5413,0.9445,514990.3319,475143.7596
600127.SH,20260420,6.5025,0.63,1207.7749,6.7886,455666.0848,455666.0848
601011.SH,20260420,2.905,1.2,,1.0578,609181.3234,609181.3234
300129.SZ,20260420,8.6253,1.65,67.3316,2.5094,1444835.7782,936479.3724
600185.SH,20260420,2.2703,0.94,,19.4913,1115923.4306,1115923.4306
600738.SH,20260420,3.0007,0.99,22.2852,1.7455,365440.9133,365119.7741
603999.SH,20260420,3.334,1.31,46.4874,1.9236,397440.0,397440.0
600751.SH,20260420,2.9286,0.86,102.6201,1.4854,1124943.0598,998397.3522
920270.BJ,20260420,5.5524,1.59,47.3356,4.1738,170733.312,132401.4133
002622.SZ,20260420,4.0039,0.89,,5.8788,214200.0,214193.6888
002916.SZ,20260420,4.6818,0.84,59.8085,10.4187,19591713.6054,19121249.4009
600576.SH,20260420,2.2759,0.7,33.0156,2.1408,635892.7093,398215.22
600775.SH,20260420,4.7328,1.2,1160.6369,3.9867,1245561.915,915715.915
300092.SZ,20260420,3.8165,1.2,72.1845,2.8298,462108.5582,354044.3739
600710.SH,20260420,4.0362,1.21,12.7819,2.035,1732749.7495,1732749.7495
688519.SH,20260420,7.1383,0.74,145.5061,12.1544,3496914.0748,3496914.0748
300818.SZ,20260420,4.7153,1.1,80.0962,3.3873,622939.6814,404099.5827
600798.SH,20260420,1.8611,0.61,,1.1252,439178.4492,439178.4492
300464.SZ,20260420,7.7661,0.86,,27.3976,380448.14,295289.7629
601528.SH,20260420,0.6905,0.93,5.2402,0.5232,1030134.7324,910589.6825
601588.SH,20260420,7.5139,0.5,,0.9394,629632.74,497420.0
301201.SZ,20260420,7.1893,0.46,,3.0615,651964.0543,457405.6971
603967.SH,20260420,2.0958,0.95,17.4509,1.9072,455173.3902,455173.3902
000159.SZ,20260420,2.935,0.79,79.0244,1.4618,300428.7456,300417.8081
001396.SZ,20260420,22.6287,2.97,38.6242,3.7112,512383.2799,106438.8412
301307.SZ,20260420,11.4351,1.06,,3.2457,927482.4,479999.1826
601727.SH,20260420,1.8269,1.13,104.6127,2.3071,12618578.7684,10243899.3844
600897.SH,20260420,1.3219,0.29,15.252,1.4362,677517.75,677517.75
002131.SZ,20260420,14.3092,1.56,115.042,4.2618,5627348.1022,4865337.5153
002008.SZ,20260420,5.9963,0.96,77.1802,5.3127,9182003.1925,8532094.7927
002717.SZ,20260420,2.9574,0.95,,3.4354,294877.8364,261662.4113
601211.SH,20260420,0.9383,1.09,10.6943,0.9281,29739997.8735,22769287.4956
300258.SZ,20260420,4.8602,1.08,55.0107,1.5803,745350.1876,726041.055
001255.SZ,20260420,4.7657,1.14,406.3086,3.6973,326628.7227,266744.224
300978.SZ,20260420,1.3688,0.79,32.6182,2.9244,475117.8786,214930.5842
688786.SH,20260420,3.2986,1.1,54.99,6.184,479429.21,479429.21
600711.SH,20260420,3.6118,0.83,23.0525,2.7436,4521564.6991,4521564.6991
603719.SH,20260420,1.0736,0.59,,2.01,406213.0,406213.0
300730.SZ,20260420,4.7038,0.62,,13.7178,343864.1384,275673.0067
000100.SZ,20260420,2.0663,1.33,20.1249,1.4797,9089976.8893,8360678.1656
300272.SZ,20260420,7.6821,1.07,55.2339,3.7217,523417.868,397588.0448
600239.SH,20260420,2.0138,0.77,,2.5539,327560.1294,327560.1294
000759.SZ,20260420,4.0654,1.14,,3.0614,370979.6104,367195.374
000539.SZ,20260420,9.9706,0.98,50.8451,1.3011,3050414.9959,1484679.7883
002818.SZ,20260420,0.9745,0.71,14.4035,1.4315,800102.6069,318919.9931
000548.SZ,20260420,1.9716,0.83,62.0647,1.2713,261089.8692,261089.8692
301211.SZ,20260420,2.062,0.71,142.5868,2.1897,497779.2,497773.4784
920368.BJ,20260420,11.5981,1.59,117.8564,2.1881,922687.1292,877840.3036
002339.SZ,20260420,6.2992,1.22,117.1042,3.1533,543411.4714,516139.5051
300522.SZ,20260420,9.1477,0.97,261.0915,5.6414,446595.3372,364401.2851
301096.SZ,20260420,4.0644,0.82,,2.4093,622928.9037,472135.2818
920961.BJ,20260420,5.5432,1.99,1001.4872,4.5981,348673.68,253742.8044
688353.SH,20260420,7.0608,0.58,1503.8509,5.81,1993590.5,1993590.5
002989.SZ,20260420,6.6089,1.15,,3.4753,520166.2898,473008.4048
301153.SZ,20260420,3.7137,0.87,88.2904,4.7434,890583.9581,830707.8794
002880.SZ,20260420,2.6671,0.85,26.7983,2.637,612813.6,612813.6
603031.SH,20260420,11.3449,1.87,62.598,5.2121,1414684.6392,1189696.5197
002792.SZ,20260420,27.8544,1.23,1826.1798,9.9482,2770044.9266,1786415.8608
603040.SH,20260420,3.1043,0.96,44.2533,8.0732,1146911.8059,1140929.5471
688030.SH,20260420,1.4569,0.86,,3.9129,279365.5954,279365.5954
002418.SZ,20260420,7.1437,0.23,,5.3727,773888.4,773886.5872
603660.SH,20260420,5.2836,1.08,,6.0181,589604.9111,585208.5207
301189.SZ,20260420,25.1548,0.76,,4.7538,999147.2556,959329.5818
600778.SH,20260420,2.447,0.81,327.1572,8.7088,200288.9393,200111.1691
688665.SH,20260420,2.3909,0.94,36.6872,4.1511,486026.8138,486026.8138
300881.SZ,20260420,10.8221,0.82,29.4547,4.9712,543620.0,283701.6875
002120.SZ,20260420,8.7592,2.94,17.0759,1.0369,2110618.5653,2049414.5767
688680.SH,20260420,3.5693,0.99,,3.1126,490684.3478,490684.3478
600817.SH,20260420,5.8852,1.39,22.0115,2.6625,681029.6498,675845.0298
920810.BJ,20260420,3.0345,1.7,776.3281,4.9159,112778.4,73391.2729
300608.SZ,20260420,7.9169,0.54,,3.2173,428293.2903,371836.9614
300889.SZ,20260420,3.6771,1.04,,4.0183,572370.1809,380407.7784
603108.SH,20260420,9.853,4.69,,2.0619,851221.7108,851221.7108
920011.BJ,20260420,32.8023,1.28,23.6448,2.6571,221050.6676,49736.4027
002850.SZ,20260420,3.6724,1.13,31.2027,4.1529,5504247.1073,3973811.4877
002777.SZ,20260420,2.1249,1.08,88.6907,4.0409,681745.8335,675534.19
600211.SH,20260420,1.6685,0.9,14.2236,3.5122,1334079.1522,1334079.1522
688345.SH,20260420,11.5947,0.71,98.1097,4.8879,548230.29,542000.0
002388.SZ,20260420,4.8008,1.31,,2.7069,265052.0544,262729.9939
688788.SH,20260420,3.2666,1.41,,4.9987,915205.2963,915205.2963
002256.SZ,20260420,8.0229,0.83,198.5155,7.1168,845432.5859,827263.6639
002896.SZ,20260420,6.7855,1.54,228.4083,11.9176,1432257.219,1432257.219
000767.SZ,20260420,8.9397,0.86,18.4548,1.9229,1206161.3498,1141600.6029
600123.SH,20260420,2.5438,0.83,427.383,0.5788,914882.053,914882.053
000631.SZ,20260420,2.6215,0.69,127.134,1.3774,749800.0277,749800.0277
300602.SZ,20260420,13.0051,1.83,56.0993,5.2477,2083071.083,1415545.8653
002097.SZ,20260420,1.5925,0.92,80.1036,2.3009,1079990.3503,1078062.6347
603669.SH,20260420,3.4999,0.58,,4.7775,322397.0228,322397.0228
300826.SZ,20260420,1.7908,0.58,187.8842,1.9772,292186.5946,280993.4602
688598.SH,20260420,1.7592,1.03,,1.2876,499420.9171,489802.9321
688266.SH,20260420,1.7118,0.9,,24.4998,2647081.86,2647081.86
603195.SH,20260420,0.6962,1.32,18.8334,4.7996,7510056.2209,7479959.6019
300617.SZ,20260420,18.3282,1.8,89.0978,3.7432,1079751.1386,905226.9856
600863.SH,20260420,1.3932,0.47,17.5798,1.602,3627692.7663,3021949.0565
301159.SZ,20260420,5.3988,1.28,,5.4618,318604.65,218368.682
688659.SH,20260420,2.1948,0.76,,3.1038,159360.0,159360.0
301021.SZ,20260420,7.2264,1.4,223.0274,9.523,960374.067,959660.8334
300102.SZ,20260420,17.9167,1.65,285.0504,7.5955,3268105.5475,3252633.9293
300088.SZ,20260420,13.0607,0.83,53.4088,2.1351,1865806.9835,1856671.2243
002261.SZ,20260420,13.412,1.43,,18.203,4745785.1626,4315672.1425
000719.SZ,20260420,6.1255,1.74,10.4875,1.1762,1442717.2861,940678.0356
300568.SZ,20260420,4.3583,0.72,582.4247,2.1589,2118148.5458,1902276.4999
603068.SH,20260420,2.594,1.19,271.5317,2.9325,506362.4962,506362.4962
000882.SZ,20260420,2.0374,0.61,,0.6605,446188.3674,445888.8254
001238.SZ,20260420,1.794,0.92,,4.6089,526727.46,492729.6978
600493.SH,20260420,3.7222,1.12,129.505,1.8137,203456.0,203456.0
920489.BJ,20260420,5.8561,2.01,,4.3628,209328.4128,133190.3615
301371.SZ,20260420,1.4998,0.5,26.6519,2.2536,1259171.784,188328.1374
001278.SZ,20260420,5.8475,1.6,,2.192,268254.0112,184953.9792
300797.SZ,20260420,2.2343,0.66,38.4205,4.8028,607389.6693,600666.5898
600537.SH,20260420,23.2648,1.39,,19.3249,434423.4116,434423.4116
301631.SZ,20260420,8.849,0.79,34.2906,3.7124,928040.8162,311722.2157
301333.SZ,20260420,3.8868,0.75,48.4107,3.3673,662740.5787,661796.9164
688368.SH,20260420,14.818,2.31,227.5767,5.5465,1798786.0233,1235466.7148
301200.SZ,20260420,8.3071,1.11,120.9133,9.198,9966492.575,8685581.4982
002372.SZ,20260420,1.9124,1.38,22.7165,3.4446,1682784.1533,1554696.7305
300002.SZ,20260420,1.9593,1.14,23.9048,2.4967,1908158.65,1791639.9162
002063.SZ,20260420,2.7341,0.9,40.9794,3.1219,1233902.3459,1139364.9191
920100.BJ,20260420,6.4465,1.88,63.6745,8.3238,383217.8856,101608.1565
300311.SZ,20260420,1.2808,0.73,,6.1185,361739.3906,288588.6829
003009.SZ,20260420,12.5883,2.29,,5.2335,1024707.0574,1024519.712
002689.SZ,20260420,1.9331,0.66,39.1805,3.0866,394371.4541,394220.5561
600578.SH,20260420,1.9512,1.08,10.2411,1.4989,3561538.38,3561538.38
300685.SZ,20260420,3.0962,0.79,24.5811,4.3192,888003.9746,883548.3843
600621.SH,20260420,2.4324,1.1,23.7983,1.6448,1512842.3904,1512842.3904
688090.SH,20260420,8.6699,1.31,748.5042,9.8889,891588.2863,891588.2863
301636.SZ,20260420,20.7066,0.83,54.4649,4.2761,461508.889,115377.2241
603200.SH,20260420,14.6861,0.91,104.7549,11.0024,1194317.581,1194317.581
920237.BJ,20260420,9.706,0.58,45.4241,3.5962,187990.7328,184432.8096
601366.SH,20260420,1.3711,0.71,250.7044,0.9092,380057.4807,380057.4807
600588.SH,20260420,2.2411,1.34,,5.6301,4278080.7561,4278080.7561
002855.SZ,20260420,3.6145,0.92,,8.8911,290775.2248,290548.1338
002865.SZ,20260420,16.344,1.25,,6.0418,2434100.5266,1747991.7596
002012.SZ,20260420,3.4967,0.63,105.0371,2.1387,332949.3346,332949.3346
000785.SZ,20260420,3.1204,0.69,,0.85,1631486.7893,1545169.4876
001328.SZ,20260420,4.0852,1.54,32.0851,3.9331,574716.1444,539811.0122
603823.SH,20260420,6.0714,1.56,40.1572,2.7707,673266.5774,673266.5774
002371.SZ,20260420,4.8077,2.58,61.855,9.0538,34156287.3638,34128986.5595
601669.SH,20260420,3.8544,1.56,9.353,0.6948,9991172.4137,7581484.993
920212.BJ,20260420,4.4394,1.7,125.3444,3.0998,131457.9,63935.2039
301310.SZ,20260420,19.0232,0.97,64.7358,3.686,858927.4276,274977.7914
002225.SZ,20260420,2.5072,1.45,62.5009,1.6228,668880.9878,562100.0396
002644.SZ,20260420,2.0096,0.63,87.7953,2.3573,432015.822,432015.822
301296.SZ,20260420,0.9949,0.9,26.4948,1.2233,336855.2758,336847.544
002998.SZ,20260420,6.9279,0.68,48.485,1.8919,332460.4856,253449.3399
603227.SH,20260420,7.3824,1.21,19.7432,1.8298,955949.8786,955949.8786
603368.SH,20260420,0.6775,0.51,8.5549,0.8749,671287.19,671287.19
002292.SZ,20260420,5.0891,2.16,,4.1066,1212533.7515,834652.393
000736.SZ,20260420,1.5346,0.56,,3.2583,393720.8573,393720.8573
002480.SZ,20260420,2.085,1.25,,5.5951,472269.5634,471324.7101
603088.SH,20260420,17.4888,1.17,58.0118,6.1068,696812.1088,607328.2421
002995.SZ,20260420,15.8799,0.88,,4.844,430327.114,272611.7294
300776.SZ,20260420,24.44,2.74,56.2871,7.7458,2922557.7021,1792791.6129
600293.SH,20260420,2.8881,0.95,,2.231,375886.9949,375886.9949
301049.SZ,20260420,4.0292,0.85,,3.5888,214426.3349,97429.9667
300228.SZ,20260420,6.0665,1.17,23.5155,2.2902,566956.846,530399.9425
002791.SZ,20260420,1.8653,0.7,,1.2658,682644.1901,419952.0615
688388.SH,20260420,6.6136,0.74,383.5759,2.9128,2267888.4528,2267888.4528
300554.SZ,20260420,3.8058,1.1,,5.3522,267140.8786,185003.0787
605133.SH,20260420,9.5458,1.04,48.2504,2.4296,920696.3589,918576.5727
300091.SZ,20260420,1.4052,0.8,,21.3884,886718.0609,510251.6066
300404.SZ,20260420,2.9478,0.67,536.141,3.8915,397438.9302,294004.9644
601155.SH,20260420,2.6041,0.99,48.3225,0.5335,3286442.5012,3286442.5012
603366.SH,20260420,4.8559,0.79,39.3604,1.7221,715482.3289,715482.3289
300480.SZ,20260420,6.2595,0.7,,7.6185,1256535.5044,916929.5293
603616.SH,20260420,3.8065,0.92,,10.0863,253182.746,248637.571
688789.SH,20260420,2.3171,1.49,23.8637,3.531,1262153.2612,1262153.2612
301259.SZ,20260420,7.3138,1.53,,7.0232,581100.0,368294.6166
300452.SZ,20260420,2.3755,0.77,26.4922,3.6794,343240.8668,290794.4605
000571.SZ,20260420,6.1756,1.39,,35.7196,506833.916,491651.3492
600581.SH,20260420,6.4182,0.98,,,444540.3823,444540.3823
000721.SZ,20260420,3.5155,0.75,,21.2505,462574.9322,412962.4082
002165.SZ,20260420,5.6717,0.88,144.2121,3.5175,719093.9006,711621.6471
300842.SZ,20260420,4.8862,1.07,,7.8913,1243594.6001,1105279.5264
002263.SZ,20260420,30.5054,0.94,189.5832,3.4823,963598.7313,963591.0363
603885.SH,20260420,1.942,1.33,36.4815,2.7197,2673222.448,2673222.448
603511.SH,20260420,2.443,1.15,46.7206,1.3225,575772.1221,572689.4196
300676.SZ,20260420,1.7459,1.09,,1.8269,1688327.7147,1679163.7749
000607.SZ,20260420,1.9474,0.78,,2.672,414203.2529,360208.6117
002870.SZ,20260420,3.386,1.0,52.4927,3.0006,498321.3746,489481.0772
600501.SH,20260420,6.0906,1.43,,6.0675,1045602.3448,1045602.3448
300579.SZ,20260420,1.9272,0.76,,9.0734,727650.0,701975.4869
920121.BJ,20260420,3.3076,1.54,23.3734,3.1504,247755.6863,44596.0275
688584.SH,20260420,3.0998,1.44,110.0517,3.3405,1379495.1658,709870.3048
300080.SZ,20260420,3.1228,0.89,,1.8089,872995.2832,871821.0158
002990.SZ,20260420,49.1675,1.91,150.3935,5.1538,1283075.4762,665413.2037
688593.SH,20260420,3.3727,0.9,1651.3244,9.5359,1474170.3537,1035162.9674
300326.SZ,20260420,3.1146,1.79,35.4557,1.6704,478247.4589,478050.6572
002656.SZ,20260420,1.8213,1.36,,5.1476,218743.5921,207713.0695
002589.SZ,20260420,10.7252,0.67,,0.9649,516115.6916,468397.901
002945.SZ,20260420,3.7919,0.86,84.6431,5.9035,4284900.0,4284900.0
600328.SH,20260420,3.2071,0.97,4668.7939,1.0267,1233166.3173,1233166.3173
600970.SH,20260420,2.4782,0.96,9.6,1.1969,2747666.8612,2747659.9444
002892.SZ,20260420,2.0011,1.76,239.8171,6.3813,831647.9184,539977.0493
000400.SZ,20260420,6.78,0.8,25.126,2.192,2690181.3596,2671903.025
601033.SH,20260420,1.0843,0.7,15.4472,1.2294,1329300.0,354480.0
301038.SZ,20260420,2.6914,1.06,64.848,5.2644,470475.72,470475.72
301239.SZ,20260420,3.989,1.09,,2.7289,579624.192,579624.192
300606.SZ,20260420,17.0094,1.33,,7.9116,534022.6084,454223.516
301031.SZ,20260420,3.3428,0.89,47.3083,10.3932,1462055.2776,1019428.9096
300907.SZ,20260420,4.5587,1.17,41.6199,3.4734,277536.0,277536.0
000868.SZ,20260420,1.2458,0.7,,5.0951,409628.4245,319731.2992
300702.SZ,20260420,1.7136,0.83,40.4317,2.084,775293.1103,470474.4681
001319.SZ,20260420,2.9026,0.91,26.8258,2.6974,361701.2,209756.1919
000715.SZ,20260420,2.5135,1.01,26.9693,1.5294,308047.7345,277037.8672
603535.SH,20260420,1.6363,0.96,22.4955,1.6008,421507.5439,421507.5439
300001.SZ,20260420,4.9718,1.56,25.3044,3.6807,3145502.3847,3084004.2737
000887.SZ,20260420,2.959,1.59,16.3191,1.7426,2459202.8474,2455244.2957
605577.SH,20260420,3.0289,0.99,20.7628,1.42,564444.4452,564444.4452
603106.SH,20260420,1.5744,0.72,50.7038,3.6334,475234.76,475234.76
688568.SH,20260420,6.4195,1.7,1793.7074,13.9326,5273522.9797,5273522.9797
601101.SH,20260420,2.7435,1.06,25.0511,0.9774,1180798.2993,1180798.2993
000795.SZ,20260420,3.2311,1.06,42.7691,4.0345,1069064.1091,1069062.5183
603567.SH,20260420,2.8572,0.48,,0.8612,627644.6755,626673.5295
301188.SZ,20260420,17.1846,1.51,149.2564,3.6135,693722.4427,693722.4427
603939.SH,20260420,1.2456,0.79,16.8208,2.522,2763042.1223,2763042.1223
300441.SZ,20260420,1.0322,1.01,16.0338,1.8838,465268.2567,452368.4942
301349.SZ,20260420,26.0414,0.84,167.5317,2.3708,646986.0,511144.6799
603331.SH,20260420,4.4422,1.29,43.6173,2.3454,311148.3038,311148.3038
301248.SZ,20260420,10.7455,0.79,7456.258,6.0685,926994.855,677454.3897
002565.SZ,20260420,33.2128,1.2,379.3615,11.532,2150717.5227,2150626.2177
603345.SH,20260420,1.6386,0.88,22.7475,1.9957,3091921.4222,2720890.5903
600375.SH,20260420,1.533,1.09,178.2347,2.5172,848024.7531,773760.767
601699.SH,20260420,2.6242,1.3,33.1245,0.854,3993531.282,3993531.282
300667.SZ,20260420,7.029,0.91,,3.305,374483.9514,315913.7674
688787.SH,20260420,7.4014,1.4,593.8437,11.2694,835805.3689,835805.3689
300755.SZ,20260420,2.361,1.02,,1.8965,553925.0736,553456.5745
600163.SH,20260420,5.5926,0.78,20.4638,1.6789,1166536.6357,1166536.6357
301063.SZ,20260420,5.6708,1.64,44.9276,1.7026,266954.732,256942.4744
688757.SH,20260420,5.0415,1.48,175.1307,12.2792,1090957.5696,490201.0386
603359.SH,20260420,3.1518,0.95,,0.9764,258289.584,258289.584
301028.SZ,20260420,1.8028,0.84,24.8617,3.4897,562248.7432,363744.6172
002148.SZ,20260420,1.7136,0.87,,3.5777,435451.1301,350018.419
300220.SZ,20260420,3.0496,1.0,1032.0269,34.2994,216064.8,215806.6483
300655.SZ,20260420,4.5411,1.55,,6.5961,1675986.9344,1666480.7352
300013.SZ,20260420,2.3391,0.92,,10.7191,209942.9441,167681.5439
688059.SH,20260420,6.8293,1.4,65.4701,6.5597,1222738.1859,1144372.2836
688385.SH,20260420,4.7497,1.48,266.1498,10.0137,6183660.4098,4049195.0998
002481.SZ,20260420,1.1003,0.85,83.217,2.2493,550228.639,498612.4346
603049.SH,20260420,3.3819,1.04,10.4285,1.7432,4325205.7677,432520.5778
603866.SH,20260420,0.9534,0.76,20.9776,1.5469,807858.1733,807858.1733
920837.BJ,20260420,3.4746,1.91,26.4887,3.4912,198895.4638,179328.7888
002678.SZ,20260420,6.559,0.51,,2.5512,790542.428,790108.3287
603233.SH,20260420,1.1491,1.1,17.5488,2.9999,1996400.6615,1996400.6615
300827.SZ,20260420,7.1451,0.82,49.5781,5.2345,2120994.916,1467781.3278
688455.SH,20260420,4.8026,1.04,157.8593,5.2623,501571.538,501571.538
301558.SZ,20260420,3.5713,1.36,2070.1835,4.9032,665001.581,184854.538
300912.SZ,20260420,14.5408,1.25,,6.342,312593.922,233831.1077
301511.SZ,20260420,13.3767,0.95,1302.3132,8.1996,3331882.092,1980299.7356
688355.SH,20260420,8.9438,1.4,37.4908,2.7144,298982.0457,298982.0457
600019.SH,20260420,1.338,1.25,14.4226,0.6665,13613802.9681,13613802.9681
603507.SH,20260420,10.9924,1.23,75.1884,3.3371,837649.4403,826155.1353
600886.SH,20260420,1.6331,1.89,16.3075,1.6197,10734026.8053,9996055.1078
688171.SH,20260420,5.3558,0.8,374.8389,5.5049,458240.498,458240.498
002666.SZ,20260420,2.9512,1.27,60.66,1.2086,427095.6211,271362.1649
000409.SZ,20260420,1.7151,0.74,89.3194,4.5842,736037.0484,641264.955
600395.SH,20260420,1.7742,0.68,236.7554,1.1626,1221429.5647,1221429.5647
300906.SZ,20260420,19.7238,5.23,42.4093,3.2066,288800.0,260631.17
601890.SH,20260420,7.487,1.94,34.4998,2.7957,1035192.6,1035192.6
301498.SZ,20260420,11.9285,1.32,33.6372,5.0158,2244650.2682,1005818.7017
300535.SZ,20260420,3.0718,0.95,,2.1738,210508.0705,159643.7775
000533.SZ,20260420,31.5198,1.15,108.2815,11.3943,1103923.968,1094474.0352
003031.SZ,20260420,11.7929,1.2,87.5323,8.5302,5367980.075,4048204.8391
002009.SZ,20260420,7.3552,1.14,,4.9815,997538.3534,878223.9711
300318.SZ,20260420,2.1381,0.74,,3.4173,459914.9787,449577.7295
300610.SZ,20260420,3.4057,1.22,40.3333,2.2082,261449.7037,203830.9396
603915.SH,20260420,2.2483,0.91,37.3113,2.7947,1008587.4893,1008587.4893
300510.SZ,20260420,2.3977,0.82,,1.5626,346370.094,346370.094
301226.SZ,20260420,8.5865,0.59,153.1513,4.7956,437158.4,437158.4
600337.SH,20260420,11.6048,0.6,,1.9439,488579.3666,488579.3666
920179.BJ,20260420,15.8772,1.91,169.7053,5.2631,395016.93,314656.6395
688580.SH,20260420,9.8994,1.78,43.1921,3.4887,590142.6767,590142.6767
300849.SZ,20260420,7.2661,2.87,,5.6051,330300.0,267472.5866
002633.SZ,20260420,4.9743,1.1,556.6883,6.7644,287250.0,286136.9063
301607.SZ,20260420,3.3572,1.1,49.7986,6.5123,742132.4052,534061.9665
300543.SZ,20260420,1.8159,1.06,84.1338,2.0621,302388.5067,246946.2235
920992.BJ,20260420,7.2257,1.63,76.5321,2.4353,153802.1851,77143.593
002309.SZ,20260420,21.4322,1.23,,7.0794,1317357.4386,1053885.9509
688309.SH,20260420,7.5333,1.04,182.9577,7.9528,611707.3764,611707.3764
002800.SZ,20260420,7.1448,0.75,,5.4556,268574.4102,260794.8156
000755.SZ,20260420,1.1651,0.97,15.8296,1.3799,751262.8204,751262.8204
002996.SZ,20260420,2.4398,0.85,34.1285,1.5477,497391.5691,309317.1843
688486.SH,20260420,4.9068,0.91,52.7034,5.9872,956492.7907,956434.8176
600012.SH,20260420,1.8135,0.77,14.1879,2.0806,2663694.755,1817170.4
002405.SZ,20260420,2.5818,1.06,,2.6716,2197591.4506,2183874.08
600105.SH,20260420,16.8715,0.92,183.4036,18.8116,6111138.2724,6111138.2724
601999.SH,20260420,11.062,0.54,42.0678,1.6498,441833.5894,441833.5894
603969.SH,20260420,2.4336,0.91,23.0842,3.0781,844516.2522,817650.3396
002216.SZ,20260420,2.2094,1.18,21.1672,2.542,1150851.9188,825327.6272
920177.BJ,20260420,52.3727,,25.3322,3.1145,200647.2,45145.62
600547.SH,20260420,3.1725,1.25,37.0787,5.6768,17573051.3493,13778258.0388
001382.SZ,20260420,14.8651,1.87,71.1813,5.4456,866436.0,132489.0
002522.SZ,20260420,5.2585,0.85,73.6161,2.4647,568829.455,568352.484
300861.SZ,20260420,4.6684,1.59,556.0964,1.8347,1160940.2803,728982.5282
600561.SH,20260420,5.8641,1.9,120.1347,2.0539,192590.7936,192590.7936
300368.SZ,20260420,3.8308,0.91,,30.576,569672.1226,569672.1226
000553.SZ,20260420,2.047,0.8,,0.8206,1442153.4832,1347607.5439
601600.SH,20260420,3.5863,1.17,16.6624,2.8186,21117769.7035,16216412.5255
600106.SH,20260420,2.2558,1.26,35.3931,1.5707,813363.3379,813363.3379
000586.SZ,20260420,34.1828,0.73,513.9221,12.19,412800.96,407999.46
688013.SH,20260420,3.9061,1.17,36.5281,5.4419,307173.946,307173.946
601800.SH,20260420,1.4463,1.94,8.1862,0.4182,12075786.015,8743528.4206
603568.SH,20260420,5.4212,3.19,16.433,2.4427,3637442.3815,3630882.7135
688425.SH,20260420,1.1072,0.75,17.4423,1.3915,2586746.045,2586746.045
688428.SH,20260420,3.8091,0.76,82.812,6.8856,5320401.5153,809104.5468
002273.SZ,20260420,10.3771,1.82,36.9833,4.4374,4335991.2651,4246960.3857
600487.SH,20260420,12.6342,1.31,53.0697,4.8799,15017862.4529,14888707.8701
002881.SZ,20260420,3.2742,1.14,84.9603,4.5504,1212556.9005,730430.3204
301092.SZ,20260420,3.6439,0.98,43.8721,2.3698,459437.9949,207251.5144
920720.BJ,20260420,4.4303,2.19,55.4224,6.7866,340385.3719,95112.0673
600673.SH,20260420,5.4801,1.03,367.0856,10.9214,10112104.9982,10085234.6347
688733.SH,20260420,3.4154,0.76,,2.7594,581745.3533,581745.3533
300143.SZ,20260420,2.5269,0.55,131.6502,3.5917,902339.7312,772074.1853
002298.SZ,20260420,4.8957,0.92,,3.3838,771935.6697,689061.613
300292.SZ,20260420,7.3658,1.9,65.451,4.8738,682958.3718,568015.9098
688258.SH,20260420,6.1737,1.04,171.2509,15.6116,1406340.2293,1406340.2293
688073.SH,20260420,4.093,1.05,36.4842,2.713,555294.8123,555294.8123
300855.SZ,20260420,8.3562,3.26,79.614,7.9162,1665187.615,1233345.341
301215.SZ,20260420,2.6555,1.24,38.5034,2.8979,831409.2,830467.2
002839.SZ,20260420,1.3122,1.35,5.62,0.6002,1112176.9632,1111119.1259
601916.SH,20260420,0.5341,1.05,6.3718,0.4632,8239390.7889,6463330.7889
301632.SZ,20260420,2.156,0.85,76.9661,3.2352,894462.72,156560.894
000949.SZ,20260420,12.5509,2.22,67.2793,2.0364,1332147.5373,1331781.7181
002380.SZ,20260420,5.2308,0.63,52.8871,3.3521,815731.615,483351.362
603013.SH,20260420,3.4164,1.2,18.4637,2.2101,975273.3433,975273.3433
603268.SH,20260420,6.7613,2.18,48.7618,13.6946,12944357.8922,3110152.7265
603739.SH,20260420,3.1988,0.9,45.3257,2.1352,378784.2124,378784.2124
301178.SZ,20260420,5.0103,0.85,486.56,4.6899,364414.6128,269695.5402
002446.SZ,20260420,5.4216,1.24,,3.8678,984071.9033,911360.5932
600515.SH,20260420,1.1599,1.08,134.1585,1.7665,4158812.6951,3340068.5529
300148.SZ,20260420,3.2889,0.98,54.6978,3.5956,370822.9109,358241.7942
603878.SH,20260420,6.6458,1.49,61.2455,1.8292,478089.6893,478089.6893
002443.SZ,20260420,8.511,1.14,36.4309,1.4493,501796.2413,500727.2154
300631.SZ,20260420,2.8242,0.92,42.276,2.621,343494.2857,330988.5875
603199.SH,20260420,3.4661,0.73,19.7359,2.5425,420030.6,420030.6
301522.SZ,20260420,2.5334,0.97,107.0633,6.4193,1214516.5344,919106.8344
688189.SH,20260420,2.7293,0.64,,2.6522,207720.8,207720.8
002429.SZ,20260420,6.0296,1.2,40.3338,3.0242,4961526.9053,4958668.9877
000869.SZ,20260420,0.5861,0.75,176.0844,1.2132,1255328.6445,869264.4835
001367.SZ,20260420,20.4907,1.26,28.4902,2.5916,387124.3992,309079.7237
603166.SH,20260420,3.1928,1.37,28.4087,3.3844,899391.3568,892516.9018
600156.SH,20260420,14.8605,1.65,,10.9215,409750.8053,409750.8053
002549.SZ,20260420,13.3347,1.49,230.8807,6.7114,1387914.4104,1381949.6139
002373.SZ,20260420,2.8154,1.51,58.5719,1.3679,1572287.2739,1370699.2899
603860.SH,20260420,2.6668,0.81,46.3848,2.5178,211508.96,211508.96
002003.SZ,20260420,0.9228,1.09,18.5914,2.6262,1198400.7702,1030277.6749
603230.SH,20260420,2.574,0.26,22.5505,1.4236,394178.145,394178.145
301289.SZ,20260420,4.4547,1.52,50.8576,4.4915,443898.0,441057.6219
000920.SZ,20260420,2.078,0.97,25.8225,2.8573,569508.4472,569481.3347
300019.SZ,20260420,6.2058,1.45,28.8092,2.962,802351.1847,752332.8181
300024.SZ,20260420,1.6838,1.28,,5.5252,2373479.8442,2334529.1865
920061.BJ,20260420,6.5437,1.6,378.1111,6.248,175205.25,97426.89
300772.SZ,20260420,5.6369,0.79,38.1928,1.9417,1298298.7133,1151494.6146
600392.SH,20260420,7.2772,1.27,52.2975,3.5683,4716856.2999,4716856.2999
600475.SH,20260420,4.5938,1.16,30.1471,1.989,1710222.6892,1686822.5692
688543.SH,20260420,5.7342,1.11,61.5703,6.2884,1518281.5436,843043.9436
000898.SZ,20260420,1.3062,0.82,,0.4954,2173659.3319,1846134.2019
600546.SH,20260420,6.173,1.99,19.2307,1.4478,2371017.5434,2371017.5434
301231.SZ,20260420,6.9134,1.24,,3.2499,273287.2,211865.578
301551.SZ,20260420,3.2531,1.24,47.7128,4.8092,1212830.32,468606.879
600961.SH,20260420,1.0886,0.31,13.0878,5.1591,2607080.6683,1826904.1271
603596.SH,20260420,1.8938,0.78,21.2231,3.5606,2779039.9772,2779039.9772
301137.SZ,20260420,6.6248,0.81,220.4703,5.9903,827614.5968,827614.5968
605122.SH,20260420,2.6241,0.79,,1.121,224921.97,224921.97
301012.SZ,20260420,22.7863,1.63,137.0068,6.0411,704526.4995,704526.4995
600828.SH,20260420,6.4838,1.11,,1.3378,902362.9065,902038.6543
600165.SH,20260420,2.182,0.58,,,586565.8103,266047.6535
000682.SZ,20260420,3.2653,0.7,19.4642,3.0018,1775122.5573,1774897.3872
301141.SZ,20260420,8.8308,1.25,171.2506,5.2969,677093.9907,242994.3107
300886.SZ,20260420,5.6439,1.31,73.1957,3.7475,221177.686,129062.1091
600050.SH,20260420,1.1214,1.11,15.7236,0.8512,14350371.2251,14224597.8008
300149.SZ,20260420,4.8986,0.53,,4.4412,556723.7431,530550.2193
002197.SZ,20260420,3.8542,0.58,,2.3359,484117.9873,420792.0095
300093.SZ,20260420,2.7196,1.09,56.8277,5.7523,1153980.0,493599.4624
600026.SH,20260420,4.6956,0.76,30.16,2.624,12176512.0293,7741801.8081
002145.SZ,20260420,1.9869,1.34,41.6285,1.495,1804362.6147,1767485.7494
300310.SZ,20260420,3.912,0.9,514.5557,2.9527,563379.8013,441787.1195
600338.SH,20260420,9.1567,0.83,43.6728,4.4794,1951838.7087,1951838.7087
300255.SZ,20260420,2.6298,0.53,,26.0055,3945528.3493,3939668.4043
002116.SZ,20260420,1.8491,0.88,14.174,1.7525,485823.1931,480510.0593
000959.SZ,20260420,5.8143,0.84,42.0073,0.7034,3536265.1207,3397932.9762
000027.SZ,20260420,2.877,1.35,15.2899,0.9796,3215995.5832,3215995.5832
688685.SH,20260420,6.5923,1.18,390.2546,8.3898,665972.3098,665972.3098
688191.SH,20260420,5.6453,1.55,155.5483,11.4684,998644.7451,998644.7451
603976.SH,20260420,2.7062,0.84,170.5037,2.5537,300895.56,300895.56
688063.SH,20260420,5.9795,0.81,220.2561,2.0275,1866202.4479,1866202.4479
002217.SZ,20260420,4.7981,0.95,970.9975,11.7874,2206422.6838,2147400.1053
920689.BJ,20260420,8.6209,3.24,39.9153,4.4593,219906.4,113640.1285
000532.SZ,20260420,3.0997,1.04,29.1049,2.922,475697.5092,474098.6495
002326.SZ,20260420,4.4796,0.69,,8.333,2269338.0911,1982414.13
002808.SZ,20260420,8.7935,1.86,,4.3172,112627.2,69137.4838
603903.SH,20260420,2.5121,0.76,,1.9156,299489.75,299489.75
300086.SZ,20260420,5.4617,0.46,,3.2128,337247.1886,326545.7488
600298.SH,20260420,1.0662,1.32,22.3949,2.8768,3458695.7539,3415744.6269
600509.SH,20260420,2.7752,0.99,83.7783,1.3877,1078901.9645,1078901.9645
920020.BJ,20260420,1.862,1.56,20.8586,3.0207,362836.285,88877.7533
002224.SZ,20260420,1.7172,0.82,401.3061,1.2107,392420.6009,350775.4605
002613.SZ,20260420,6.8605,0.7,,2.0408,445730.3203,312763.8979
300711.SZ,20260420,6.387,1.24,73.9327,4.5845,708375.3544,627523.303
003007.SZ,20260420,12.3968,0.74,173.9199,5.6861,454422.66,320834.5195
603337.SH,20260420,1.2648,0.91,21.6804,3.8649,1896118.5302,1885427.4542
920110.BJ,20260420,1.5929,0.89,30.8666,3.7718,139581.0,58119.381
688565.SH,20260420,2.5206,0.93,198.0482,3.8499,191504.67,191504.67
002721.SZ,20260420,2.3022,0.93,274.4167,3.7287,789835.4487,789835.4487
603583.SH,20260420,2.2371,1.34,34.5654,2.6966,1274973.0063,1263326.1863
600108.SH,20260420,6.0759,1.09,94.1637,2.0713,893634.0405,893634.0405
600583.SH,20260420,2.7959,0.79,14.8267,1.1628,3090527.0052,3090527.0052
603308.SH,20260420,4.2087,0.84,137.3317,9.8908,4854467.3332,4854467.3332
688135.SH,20260420,12.3316,0.67,,5.2929,831714.8615,831714.8615
300626.SZ,20260420,11.4826,0.95,,9.7808,517500.0,517216.8844
688583.SH,20260420,8.7125,1.51,112.6683,9.1488,1075828.0,374877.8891
600523.SH,20260420,1.2769,0.65,29.9319,1.7984,576547.9423,576167.6281
603895.SH,20260420,2.9996,0.77,,16.4162,318079.44,318079.44
002602.SZ,20260420,1.3737,0.7,33.0047,4.2923,12434341.0772,11466258.3287
002631.SZ,20260420,4.7095,0.85,,2.7376,598759.4436,595972.8364
301091.SZ,20260420,3.6136,0.7,137.7168,5.2116,1233835.2,1233835.2
600058.SH,20260420,3.4369,1.34,632.9178,2.4774,1209115.282,1209115.282
002015.SZ,20260420,23.9696,1.2,48.2038,2.5209,3110289.9604,3110289.9604
688200.SH,20260420,3.6029,1.3,74.0723,9.7712,3987523.0127,3987523.0127
301261.SZ,20260420,3.9389,1.05,131.1344,4.4044,678072.8621,289183.8215
002643.SZ,20260420,2.4507,0.94,60.3968,2.1476,1545956.7019,1523070.0798
001211.SZ,20260420,11.9023,0.71,101.6508,2.6707,230832.0,214791.0195
002466.SZ,20260420,5.8439,0.72,246.444,2.5355,11401128.9764,9859946.8383
603005.SH,20260420,9.9613,1.3,54.3627,4.3604,2009341.0262,2009341.0262
002956.SZ,20260420,1.5814,0.51,35.779,3.8168,614375.4275,614313.2764
600975.SH,20260420,2.0444,0.65,287.2961,2.3723,716056.177,716056.177
000710.SZ,20260420,2.1625,0.9,,2.2329,361652.4587,337109.1112
300147.SZ,20260420,2.6405,0.67,,9.8528,682439.9744,678435.1003
603380.SH,20260420,2.7187,0.77,26.8922,3.8898,595236.852,595236.852
002753.SZ,20260420,2.2322,0.72,39.7588,1.1689,310790.348,176037.5342
002655.SZ,20260420,13.0535,0.95,143.3352,9.8905,825407.744,823771.5681
600585.SH,20260420,1.5228,1.05,14.4222,0.6081,11700860.0944,8831343.2944
300451.SZ,20260420,3.091,1.55,,1.7036,683163.9892,673271.9526
301358.SZ,20260420,4.1609,0.69,93.7087,4.1211,7010687.199,6317365.683
605369.SH,20260420,1.1401,1.04,38.7047,2.305,395564.3505,395564.3505
002364.SZ,20260420,36.1639,1.25,255.9479,10.1806,2462778.8752,2438913.4312
300243.SZ,20260420,20.0386,0.95,96.2418,3.9275,435825.0325,338603.854
688106.SH,20260420,18.7709,1.21,110.6997,4.3605,1460402.642,1460402.642
920300.BJ,20260420,3.6139,1.05,,6.3611,106450.4362,82499.2534
001379.SZ,20260420,2.3684,0.97,53.2117,2.9469,437800.0,147317.511
000426.SZ,20260420,4.8906,1.19,50.6595,8.8177,8075591.341,8073634.4503
688235.SH,20260420,2.4621,0.69,258.7758,12.3369,37799634.8986,2821154.9752
002085.SZ,20260420,2.6222,1.19,38.2206,4.238,3129740.5445,3129740.5445
600600.SH,20260420,1.0276,0.85,18.4079,2.7556,8445731.9941,4390198.7131
000568.SZ,20260420,1.0697,1.08,11.7186,3.1072,14815095.8576,14808195.6358
605388.SH,20260420,41.7341,2.5,,2.9085,499002.204,499002.204
605255.SH,20260420,8.8721,0.76,480.1625,19.6021,1562032.0,1562032.0
603618.SH,20260420,29.0502,1.01,,6.4851,1758859.5671,1758859.5671
600790.SH,20260420,0.8972,1.21,65.3698,0.9413,545274.2252,545274.2252
603817.SH,20260420,3.9265,0.81,19.1318,1.2902,408180.1719,408180.1719
002620.SZ,20260420,6.7357,0.62,,,352956.89,294861.8833
603228.SH,20260420,9.738,1.13,51.7782,4.8756,6373742.439,6315095.5049
600100.SH,20260420,2.2415,1.12,71.9397,1.7601,2844402.7583,2844402.7583
600162.SH,20260420,3.0137,0.57,,1.0179,585050.4238,585050.4238
920195.BJ,20260420,3.2444,1.88,17.7512,2.3671,196452.12,141801.0059
002889.SZ,20260420,1.2146,0.82,33.3731,2.0419,512117.092,340741.8539
000012.SZ,20260420,1.2329,0.94,,1.0438,1378238.3714,887570.4189
301121.SZ,20260420,3.1217,1.04,96.5019,2.2275,370301.2356,189566.8826
301056.SZ,20260420,10.72,1.72,58.0669,5.5051,422056.5072,278425.4031
600278.SH,20260420,1.9121,1.15,30.4613,0.8278,634754.5255,634754.5255
601098.SH,20260420,1.2334,1.13,12.5284,1.235,1997152.0,1997152.0
000897.SZ,20260420,1.3645,0.52,21.9724,1.1106,341244.4414,341237.9848
600567.SH,20260420,0.9376,0.77,,0.5951,965040.3558,965040.3558
920475.BJ,20260420,4.4855,1.54,,4.0547,141585.06,78733.9948
301280.SZ,20260420,6.914,1.15,41.2086,4.4919,861167.7614,252643.6214
920023.BJ,20260420,4.3574,1.29,88.7323,0.8691,104737.28,86018.7296
301139.SZ,20260420,7.3245,0.59,165.0547,1.1232,219331.7632,137405.535
688785.SH,20260420,6.9346,1.28,175.5002,9.1798,2007355.0492,377375.2673
301218.SZ,20260420,6.7936,1.46,,4.5059,413623.08,254139.6682
920866.BJ,20260420,2.4223,2.25,43.7297,1.8213,140200.1902,88779.3686
002484.SZ,20260420,10.17,0.81,43.8252,4.7162,2956421.2189,2851961.5931
300747.SZ,20260420,14.3818,1.64,123.5292,6.2748,2055456.0,1863941.5297
601065.SH,20260420,0.7036,0.64,17.9663,1.2173,538646.3542,348822.5942
002501.SZ,20260420,9.6467,3.0,,26.3904,695800.0,695107.9644
300540.SZ,20260420,19.0366,3.68,101.7867,5.401,611545.469,550721.2715
603856.SH,20260420,5.5526,2.37,21.1476,1.3664,369493.4386,369493.4386
301090.SZ,20260420,18.8657,2.38,,2.0369,1300183.4392,1298825.2704
002152.SZ,20260420,2.0874,1.41,35.3098,2.4348,3039660.6672,3038131.6647
002369.SZ,20260420,1.7522,1.02,,13.3886,415011.997,414469.6779
688109.SH,20260420,2.3615,0.89,199.7253,11.7305,944530.754,944530.754
600679.SH,20260420,1.8728,0.83,,2.7502,588466.0415,392498.8415
603260.SH,20260420,4.6058,1.1,,1.8225,5330571.097,5330571.097
300970.SZ,20260420,9.7097,1.06,1063.4164,2.6601,410250.0486,318325.4876
601339.SH,20260420,3.3756,0.56,18.4437,1.3152,1210152.183,1210152.183
002019.SZ,20260420,2.8114,0.82,35.9506,1.6584,1464533.6623,1013134.7923
301633.SZ,20260420,1.3859,0.7,44.6539,3.8971,356017.92,163115.0449
600439.SH,20260420,2.2306,0.9,,1.0827,285260.3309,285260.3309
002304.SZ,20260420,0.5947,0.87,36.3568,1.5495,7524693.1446,7524515.5724
300771.SZ,20260420,3.7059,1.22,41.0417,1.713,339600.0,252680.9266
688639.SH,20260420,2.2884,1.08,54.212,2.7122,717832.0389,717832.0389
920478.BJ,20260420,14.7533,0.85,26.9397,2.6076,135142.8379,81111.1933
002559.SZ,20260420,4.8068,0.8,78.7901,3.3503,592646.6959,543388.8172
600421.SH,20260420,7.0667,1.74,,167.8568,103472.4,103472.4
002897.SZ,20260420,12.9686,1.15,80.5249,4.7507,1304623.2034,1227539.2583
300150.SZ,20260420,1.8146,0.92,74.0142,2.0245,318882.7989,250821.6614
603101.SH,20260420,21.5751,1.29,53.5572,3.4554,474163.2,474163.2
002095.SZ,20260420,1.6403,1.01,,4.7567,421284.24,419597.9278
301237.SZ,20260420,12.5469,2.96,,4.8361,555760.0,404662.75
600879.SH,20260420,12.4176,1.88,371.1022,4.038,8423111.1997,8423111.1997
300461.SZ,20260420,14.4708,0.96,,17.0696,907787.6798,830604.8255
603836.SH,20260420,4.8874,2.32,104.7026,1.5701,273578.5709,273578.5709
300316.SZ,20260420,6.1208,0.94,66.9617,3.4609,5924330.8976,5571556.7789
600808.SH,20260420,2.218,0.99,,1.2628,3034068.3873,2351293.9673
605288.SH,20260420,11.0944,2.27,138.1263,2.7588,612310.976,608203.3736
301449.SZ,20260420,10.3136,0.62,50.9042,4.5725,525065.223,112015.6643
688391.SH,20260420,1.9204,1.52,81.7371,1.8847,350382.3055,350382.3055
688051.SH,20260420,2.3043,0.7,,4.1939,251258.166,251258.166
601138.SH,20260420,6.626,1.11,34.5923,7.3408,122061011.6389,122061011.6389
300813.SZ,20260420,11.5355,0.98,194.384,3.9843,320450.735,201079.037
600238.SH,20260420,2.6058,0.62,,20.8886,211998.6,210613.4573
601975.SH,20260420,5.6855,0.77,15.7024,1.7697,2059351.6583,2059351.6583
300618.SZ,20260420,5.3322,0.63,55.9842,2.6414,1424916.3157,1253757.1235
002671.SZ,20260420,3.1414,0.91,57.3075,1.6518,272038.3251,266079.869
000923.SZ,20260420,2.823,1.09,23.3684,1.1976,1229741.3625,1182966.1509
002427.SZ,20260420,4.2819,0.66,235.9493,6.7773,642502.1706,642027.9769
601799.SH,20260420,1.8943,0.58,23.2014,3.3059,3768111.5366,3768111.5366
300357.SZ,20260420,3.1067,0.72,35.2824,5.3324,1377549.504,1273572.9234
002639.SZ,20260420,14.9058,1.24,372.919,6.1871,1550612.5712,1305792.9471
688630.SH,20260420,7.4394,0.8,110.8377,13.9213,3213551.2854,3213551.2854
301591.SZ,20260420,2.8929,0.88,50.0416,4.0149,359781.24,145198.6968
002947.SZ,20260420,8.1738,0.9,34.5839,5.9048,1839583.0325,1383108.7741
603015.SH,20260420,2.409,1.29,109.0122,3.629,506082.188,506082.188
301176.SZ,20260420,9.3273,0.67,,3.2139,487588.2676,473130.6055
301059.SZ,20260420,3.5533,1.0,48.2361,5.4446,332630.606,297494.5804
600768.SH,20260420,16.1331,1.12,40.1788,5.4782,235395.072,235395.072
300051.SZ,20260420,15.9781,0.87,,39.1979,632802.0907,625416.9015
002028.SZ,20260420,3.1508,1.48,54.1034,10.9881,17043351.6463,13301904.9693
002965.SZ,20260420,2.2086,0.88,33.0055,1.9255,821352.2111,617209.8799
300635.SZ,20260420,6.1477,0.85,,5.134,193219.32,166171.6333
300643.SZ,20260420,2.5229,0.7,24.9615,3.2757,414406.3544,413684.7447
300207.SZ,20260420,5.6016,0.51,32.2914,2.1596,5365030.9432,4976983.2433
601995.SH,20260420,1.1202,0.8,16.6899,1.6347,16340264.4982,9896191.1594
603019.SH,20260420,5.5154,1.3,60.7442,6.0417,13456275.8654,13452515.0282
601288.SH,20260420,1.1186,0.81,8.6461,0.9094,251637801.3547,229536587.5487
600612.SH,20260420,1.1912,1.32,12.3017,1.6373,2158907.012,1308711.443
002248.SZ,20260420,8.2084,1.44,114.5994,33.8806,388674.4384,388674.4384
300376.SZ,20260420,2.2163,0.81,192.9862,2.2328,1494730.3856,1494213.2064
600686.SH,20260420,7.8508,1.65,37.0041,3.7446,1216112.4192,1216112.4192
000623.SZ,20260420,1.4344,1.45,8.9571,0.6996,2145436.3243,2136593.8328
300045.SZ,20260420,7.7334,1.6,,9.8913,1588432.5407,1237602.6829
000518.SZ,20260420,5.0289,1.68,,9.1688,306807.7542,306801.6365
002051.SZ,20260420,32.755,1.03,48.1886,1.2721,1481178.4976,1481093.2472
301369.SZ,20260420,5.5695,0.75,353.5245,7.8456,1186160.7142,611159.6302
688363.SH,20260420,1.105,0.83,71.307,2.93,2075551.5448,2075551.5448
600877.SH,20260420,4.3412,1.19,1059.8116,8.419,2080392.5274,2080392.5274
300841.SZ,20260420,2.0264,0.75,42.8654,2.2231,779551.4471,713456.7207
002801.SZ,20260420,2.3681,1.03,20.6053,3.9232,750896.64,378674.829
920806.BJ,20260420,3.6395,1.69,47.7193,2.3577,364192.1037,364192.1037
300839.SZ,20260420,6.1782,0.72,,5.8622,445100.0347,437140.787
002731.SZ,20260420,0.6862,0.07,6.1363,0.8984,168038.336,150654.5984
300883.SZ,20260420,4.7169,0.87,,1.6566,234242.0,223866.6873
002102.SZ,20260420,3.2025,1.28,,2.0991,695651.128,610583.5608
603131.SH,20260420,6.4846,1.85,,4.6554,744564.9562,744564.9562
920570.BJ,20260420,4.4223,1.37,154.6291,4.3703,152516.2558,74069.068
000975.SZ,20260420,1.63,1.15,28.3778,5.6529,8432905.5188,7675812.3233
002037.SZ,20260420,2.0811,0.75,,2.1755,408397.7297,408397.7297
600289.SH,20260420,2.3742,1.38,,4.1045,458774.8542,411425.7913
300395.SZ,20260420,8.1445,0.88,140.1538,12.7287,5792470.7612,5674483.1061
601607.SH,20260420,0.6604,0.67,10.9672,0.8273,6278256.5426,4722128.306
002458.SZ,20260420,4.2987,1.42,40.984,2.6051,1155095.0833,752086.1797
600882.SH,20260420,6.9897,2.5,92.9612,2.2329,1037959.1716,1037959.1716
001283.SZ,20260420,5.7393,0.73,35.228,2.0381,715392.4736,570769.7363
000718.SZ,20260420,1.6252,0.67,,0.6952,643342.9134,483803.7419
002141.SZ,20260420,2.5288,0.88,,4.7685,396647.3464,391284.816
920174.BJ,20260420,4.2943,1.47,43.4087,2.7713,864149.0857,346611.0239
600500.SH,20260420,2.49,1.45,,1.4478,1521441.8725,1521441.8725
300542.SZ,20260420,1.9564,0.67,,8.9128,482472.7968,400224.3841
000423.SZ,20260420,2.0646,1.26,19.9888,3.3625,3475542.9191,3469463.0313
300015.SZ,20260420,2.0112,1.58,28.0136,4.1575,9017658.5799,7692831.1115
300699.SZ,20260420,7.8303,2.22,51.0327,5.4155,3079327.808,3042505.9699
600460.SH,20260420,2.477,1.22,84.2736,3.8113,4551236.4961,4551236.4961
002389.SZ,20260420,4.5304,1.13,827.8825,2.7841,2229849.8715,2229499.3025
688625.SH,20260420,3.9808,0.62,46.0336,8.5561,1296401.4267,1296401.4267
000650.SZ,20260420,1.1143,0.73,18.137,1.2717,807764.361,768209.6262
605058.SH,20260420,17.3638,1.18,35.2608,2.999,537536.976,537536.976
600167.SH,20260420,2.7217,2.16,22.1397,1.4173,1536468.6744,1536468.6744
603299.SH,20260420,2.968,1.34,19.978,1.3156,1045800.1236,851753.2179
002108.SZ,20260420,29.6544,3.66,61.5673,1.9146,961132.7541,960491.4541
300079.SZ,20260420,2.323,1.2,236.4171,1.8755,784315.4341,704813.8108
600025.SH,20260420,1.3635,1.23,20.9879,2.6306,18072161.4293,18072161.4293
688132.SH,20260420,1.647,1.09,,2.1433,265176.3054,265176.3054
688259.SH,20260420,3.0894,1.1,53.0182,2.7055,420215.4,420215.4
301316.SZ,20260420,5.5267,1.13,187.6756,17.3006,1904860.0,1886047.15
601116.SH,20260420,3.875,0.99,56.9987,2.41,774964.936,774964.936
605016.SH,20260420,2.0962,0.55,27.0209,5.2914,1101692.3154,1101692.3154
600148.SH,20260420,2.1912,1.13,272.8201,5.4327,257984.4884,257984.4884
002352.SZ,20260420,0.6787,0.75,16.618,1.8611,18474551.8794,17486863.915
688312.SH,20260420,10.549,0.89,67.4663,6.0377,920545.229,920545.229
300577.SZ,20260420,1.2464,1.36,13.5064,2.1298,456648.2143,270681.7621
000912.SZ,20260420,4.5623,0.61,241.2141,1.2082,766752.0,766752.0
600094.SH,20260420,1.6014,0.6,,1.0745,1102026.3213,1007832.9963
002778.SZ,20260420,2.848,0.67,,8.129,256742.2914,254016.3469
300894.SZ,20260420,1.8467,0.83,,3.7069,401000.4278,290248.3682
000011.SZ,20260420,2.585,1.0,148.2688,1.4799,502410.3746,443818.8827
600941.SH,20260420,0.6191,0.84,14.739,1.4504,202063911.2068,8422824.1991
002918.SZ,20260420,4.1764,0.84,74.0223,1.4671,480756.4193,251889.2393
002592.SZ,20260420,2.7078,0.89,19.5817,2.4436,228931.5749,212260.1747
002396.SZ,20260420,5.3163,1.48,41.7145,2.4458,1705544.1254,1698512.1695
300304.SZ,20260420,3.9436,1.3,24.0843,3.2785,1124023.959,1093779.8835
300935.SZ,20260420,7.4502,1.45,,3.3311,253225.0078,192107.2222
920932.BJ,20260420,3.4384,1.35,,2.7848,169403.3628,139595.5388
301107.SZ,20260420,3.5232,0.96,35.7535,3.0935,287830.7323,166418.0063
300877.SZ,20260420,3.9225,0.9,36.6799,2.0267,338040.0,338037.0422
600822.SH,20260420,2.7249,0.63,201.9744,4.0352,494484.9953,394959.4643
000637.SZ,20260420,1.951,0.65,,4.104,227705.4059,159688.2541
688513.SH,20260420,3.1085,0.73,41.215,3.9816,1167407.8089,1167407.8089
688556.SH,20260420,6.0151,0.79,,3.0554,1204622.2043,1204622.2043
603277.SH,20260420,1.0343,1.29,16.4361,3.3029,868998.2159,863400.3714
001965.SZ,20260420,0.3603,0.42,13.4718,0.9007,6210716.8227,6210716.8227
600120.SH,20260420,2.6383,1.27,20.9016,1.1842,1953598.2134,1953598.2134
300809.SZ,20260420,4.5725,1.48,190.0691,5.4699,897782.3072,533166.6137
002279.SZ,20260420,3.3442,1.15,162.9517,5.0673,709596.2548,649945.6082
002957.SZ,20260420,24.1211,1.16,90.9633,6.289,2014235.9069,2007983.8222
301067.SZ,20260420,3.0746,0.89,2469.0082,3.9652,328852.152,215869.3398
000917.SZ,20260420,3.229,1.15,84.9395,1.3609,1418973.8943,1418876.8224
600604.SH,20260420,1.3882,1.01,,1.489,906679.5251,681208.1251
688267.SH,20260420,3.7019,1.6,26.254,1.9627,556087.2,556087.2
301150.SZ,20260420,11.6653,0.84,644.2843,4.1573,1480099.5816,1412526.2123
600685.SH,20260420,8.232,1.51,42.983,2.3767,4333810.5549,2518520.2649
600099.SH,20260420,3.6116,1.17,102.6314,4.6121,251988.0,251988.0
920819.BJ,20260420,1.8072,1.6,,0.9223,441288.0,436185.0
688466.SH,20260420,2.7645,0.86,41.8061,1.8593,211937.4537,211937.4537
603815.SH,20260420,10.2651,0.9,23.8574,1.6463,397968.2831,397968.2831
300443.SZ,20260420,4.8629,0.91,31.3633,1.5683,986334.6964,747986.8326
603938.SH,20260420,21.0048,1.78,136.5171,4.3835,1096219.1839,1096219.1839
688208.SH,20260420,4.1723,1.88,24.9132,6.3396,2331568.3478,2331568.3478
300422.SZ,20260420,2.279,0.88,,2.2211,246118.8593,235779.3213
300127.SZ,20260420,6.0168,1.11,56.4567,6.6245,1003369.4478,716684.1147
002653.SZ,20260420,2.4058,0.67,248.636,15.0451,6454087.2611,3093498.4845
600169.SH,20260420,0.9135,1.14,38.6903,1.5967,813346.0703,809953.3845
002692.SZ,20260420,16.0543,1.06,76.4235,4.2923,521373.996,521056.7159
000688.SZ,20260420,5.5162,0.85,49.319,20.4061,5309103.3229,5309083.9693
688066.SH,20260420,12.2231,1.74,,12.0162,503744.6704,503744.6704
688628.SH,20260420,14.0424,1.68,59.4932,7.1608,906993.9766,906993.9766
603696.SH,20260420,4.4941,0.83,93.3407,6.4728,375614.4,375614.4
300429.SZ,20260420,6.1564,1.31,,4.4976,785121.3476,584281.337
301556.SZ,20260420,19.6623,3.8,56.9536,8.1322,786878.56,272011.96
688818.SH,20260420,24.7773,1.3,387.5122,24.3308,12684755.1687,964115.3237
000425.SZ,20260420,3.0364,2.13,17.5585,1.949,11666375.4417,8946158.3894
600325.SH,20260420,1.6617,0.74,,0.5176,982518.3054,982518.3054
605376.SH,20260420,8.3288,1.35,128.9575,16.483,2826588.0,2826588.0
600996.SH,20260420,7.2294,1.24,,4.8408,1132094.2674,1132094.2674
600132.SH,20260420,1.6569,0.94,21.1455,18.9018,2602797.1028,2602797.1028
002096.SZ,20260420,1.3475,1.03,18.4355,1.8301,1461239.2271,1461236.7427
688175.SH,20260420,3.2584,0.91,,2.7262,470843.197,470843.197
603098.SH,20260420,7.1527,2.07,77.5394,2.8167,799295.6674,797962.7674
600603.SH,20260420,2.7225,0.78,20.4932,1.1368,830557.0891,830557.0891
000925.SZ,20260420,2.0674,1.19,77.615,1.5357,507277.3935,504933.231
688326.SH,20260420,3.0237,1.31,146.7428,3.7065,1460641.0109,1359351.2387
605222.SH,20260420,13.0829,0.9,86.7233,2.7656,1289909.9935,1289909.9935
688536.SH,20260420,5.1727,0.91,157.198,4.3578,2719396.6377,2671606.6414
000505.SZ,20260420,2.4519,0.61,,1.6883,483421.9169,420532.9234
688203.SH,20260420,2.2327,1.02,255.78,1.7083,252334.1947,252334.1947
300722.SZ,20260420,5.6807,1.52,105.8603,13.026,873166.6944,873166.6944
688981.SH,20260420,3.0434,1.18,171.6212,5.7358,86509693.8186,21587277.279
300584.SZ,20260420,5.8254,0.65,116.8389,5.0147,523200.0,358002.8526
003040.SZ,20260420,1.8339,0.61,1265.2247,5.3035,742890.0509,735985.7656
688032.SH,20260420,2.7322,0.7,,2.4585,1405753.2649,1405753.2649
605128.SH,20260420,1.6555,1.09,39.7386,3.4741,745741.9096,745741.9096
000983.SZ,20260420,2.0794,1.22,21.1552,0.9831,3587927.8693,3587905.8599
688338.SH,20260420,1.6719,0.9,37.1253,1.9173,323522.0352,323522.0352
002638.SZ,20260420,5.4309,0.65,,3.4027,650777.2401,612765.0633
301195.SZ,20260420,1.4864,0.72,25.6329,1.7599,424472.4658,281907.419
002081.SZ,20260420,14.4499,6.92,23.687,0.7891,1083372.0651,1078998.7947
300423.SZ,20260420,3.6246,0.85,,2.9891,402984.1449,270021.9912
603102.SH,20260420,2.1453,1.08,21.3072,1.5465,260224.0,260224.0
300359.SZ,20260420,1.3763,0.75,,5.7339,314766.7107,314750.9434
002452.SZ,20260420,5.78,1.31,25.2648,2.681,691670.2748,575233.8409
688088.SH,20260420,2.9002,1.45,65.5058,6.1606,1688125.0432,1688125.0432
002853.SZ,20260420,2.2735,0.73,,5.1801,482715.1868,339652.0068
920086.BJ,20260420,14.5203,2.43,28.2811,3.102,258152.8,82506.7825
002044.SZ,20260420,4.0118,0.82,68.1752,2.6679,2109782.8645,2088208.691
000151.SZ,20260420,5.0174,1.37,10.9593,4.5229,394067.7592,345810.6625
600845.SH,20260420,2.1974,0.75,50.1997,5.933,6551117.2262,4869911.5771
000153.SZ,20260420,5.8051,0.65,26.7013,1.4463,303904.3314,300099.997
002086.SZ,20260420,2.0469,0.91,,2.9989,397666.1395,321001.0655
300020.SZ,20260420,2.3578,0.87,,2.1199,298004.2403,287468.8159
605567.SH,20260420,2.3653,0.87,55.2819,2.0078,219200.0,219200.0
000506.SZ,20260420,5.7638,0.96,46.269,18.1813,1616490.9041,1615950.1121
603527.SH,20260420,9.2976,0.82,28.5861,1.8803,387972.7488,387972.7488
688655.SH,20260420,16.9808,0.68,,7.2668,477402.81,477402.81
600988.SH,20260420,2.8333,1.1,27.2758,6.2671,8407419.0515,7361143.9363
002548.SZ,20260420,4.1059,0.83,,2.9812,424853.0866,412693.8754
301131.SZ,20260420,2.0269,0.74,46.755,2.1295,232971.2894,166878.0858
000605.SZ,20260420,2.2205,0.93,138.3942,1.1173,238044.555,238044.555
000913.SZ,20260420,3.303,1.31,15.3189,1.7251,812252.173,802518.4275
601233.SH,20260420,2.4563,0.82,27.1756,1.2524,4738970.9681,4730347.0622
920357.BJ,20260420,12.6176,1.79,27.5039,4.8327,204924.72,113912.8614
000967.SZ,20260420,22.8092,1.1,117.139,2.6147,4465391.7098,4463249.2937
600062.SH,20260420,2.0054,0.75,11.4645,1.6231,1888143.005,1887493.7554
601111.SH,20260420,3.4764,1.7,,2.9032,12353482.068,8239781.5076
601216.SH,20260420,1.5442,0.71,13.1505,1.5339,4421521.1124,4421521.1124
002175.SZ,20260420,4.5018,0.6,,4.1195,333239.7697,333239.7697
688576.SH,20260420,1.7238,1.06,62.3409,1.885,325780.4296,156032.4312
301040.SZ,20260420,8.2508,0.55,,4.6011,336203.5167,317252.2387
605186.SH,20260420,2.9738,1.42,306.109,2.5284,273088.0,273088.0
688603.SH,20260420,12.3599,0.85,140.7205,9.8687,1176900.6085,447470.2837
688321.SH,20260420,2.5421,0.83,265.8039,5.5634,1354514.4556,1247077.3258
605368.SH,20260420,0.9249,0.93,18.7109,1.8261,587430.7221,587430.7221
688359.SH,20260420,12.6458,1.36,,14.6805,956257.6875,956257.6875
603058.SH,20260420,4.8817,1.07,39.0834,4.2555,510480.4418,509187.1039
002922.SZ,20260420,6.5496,0.81,84.2008,4.5013,1686053.198,1493928.2163
603786.SH,20260420,4.0318,1.08,28.3798,4.2307,2304406.3302,2304406.3302
301585.SZ,20260420,1.6877,1.43,46.5553,3.1786,306800.0,200921.3435
920271.BJ,20260420,3.0227,2.05,19.0327,3.0016,190478.288,84288.4675
003003.SZ,20260420,2.758,0.77,37.3012,1.8204,235214.32,156786.9086
300424.SZ,20260420,5.2961,0.92,,6.0104,457001.7035,456731.181
002533.SZ,20260420,3.7441,0.96,17.0054,2.2302,1020178.0762,886327.1519
000761.SZ,20260420,1.9687,0.76,,1.7696,1236580.3905,1116180.3905
300712.SZ,20260420,2.8492,1.11,134.8788,4.1664,536756.7522,534449.9086
688692.SH,20260420,4.4145,1.59,56.1246,7.8375,2899510.2,1872663.9233
000935.SZ,20260420,2.2793,1.3,59.884,2.7623,2146030.7761,2146030.7761
002150.SZ,20260420,10.4369,0.65,38.8661,4.996,1080802.065,1073842.2091
301191.SZ,20260420,12.5017,0.81,169.2465,6.0912,1012601.226,762252.9869
688439.SH,20260420,2.748,1.07,76.5093,2.0555,1034000.0,1034000.0
000915.SZ,20260420,1.5803,0.91,13.122,2.6794,732520.2221,732045.8516
600243.SH,20260420,2.4121,0.74,,2.6945,170712.65,170712.65
300759.SZ,20260420,2.3163,0.6,33.7776,3.4554,5620250.6181,4343877.7473
601059.SH,20260420,0.8267,0.96,28.8045,2.5888,5454726.0,5454726.0
600054.SH,20260420,4.5415,0.6,30.5985,1.8729,894948.5729,629819.1
603579.SH,20260420,2.9429,0.95,25.2797,1.4742,405120.5135,405120.5135
002528.SZ,20260420,15.4426,1.42,,65.2766,660469.9702,578670.9869
002271.SZ,20260420,4.1913,1.37,115.9059,1.8235,3740703.9902,2998094.3154
301152.SZ,20260420,5.7507,0.62,,2.7143,356101.281,212927.1466
688520.SH,20260420,4.0205,1.03,,119.9425,2010214.8416,1903364.8416
002823.SZ,20260420,2.2763,0.73,22.3928,2.5265,523091.7358,348689.6306
301070.SZ,20260420,14.4407,0.73,3055.1161,10.682,840310.4999,552771.2524
000545.SZ,20260420,5.2755,1.02,,3.3323,303944.5936,303504.1536
920062.BJ,20260420,5.9022,1.54,130.1992,2.7784,207199.4921,146593.9855
600643.SH,20260420,4.2995,0.77,,0.658,787026.3643,785633.7477
600875.SH,20260420,8.124,0.96,38.3721,3.2501,14701489.7458,9621571.3953
002299.SZ,20260420,1.1795,0.51,16.8263,2.0713,2322132.6948,2276975.5956
603613.SH,20260420,2.9785,1.13,14.2759,2.3087,2049209.5402,2049209.5402
600688.SH,20260420,2.138,0.98,,1.2852,2973018.135,2066725.407
688153.SH,20260420,3.4686,1.38,336.1185,3.7539,1510828.9711,1436840.2145
002806.SZ,20260420,4.4355,0.74,43.1899,2.6362,303632.7611,248797.2382
000020.SZ,20260420,9.3733,0.9,103.9155,10.702,454756.9306,290951.6179
300927.SZ,20260420,13.353,1.35,16.4288,4.6403,446794.2,436051.2384
600257.SH,20260420,5.6668,1.01,608.9916,3.8436,308473.0375,308473.0375
002061.SZ,20260420,1.2149,1.1,8.7293,0.6562,1034953.9181,1005866.3673
603816.SH,20260420,1.401,0.78,16.1159,2.4913,2572786.1575,2543704.6355
002878.SZ,20260420,10.014,1.19,,3.7446,481802.786,433880.4891
