ts_code,trade_date,turnover_rate_f,volume_ratio,pe_ttm,pb,total_mv,circ_mv
600152.SH,20260413,19.0822,1.08,,3.3589,571934.8044,571934.8044
300049.SZ,20260413,2.1916,0.87,96.4883,7.5154,1486779.7749,1310955.2576
600540.SH,20260413,7.1463,1.06,,6.3712,277898.1869,277898.1869
300741.SZ,20260413,2.4897,0.73,119.5698,1.4762,1002036.76,1002031.3096
002686.SZ,20260413,9.1189,0.53,319.114,2.3771,390138.7626,360162.7669
300810.SZ,20260413,2.7934,0.72,,5.1261,381419.55,368303.3863
920876.BJ,20260413,3.1827,0.72,229.5499,5.9118,151594.7166,92704.3641
600927.SH,20260413,2.595,1.07,32.5536,1.5659,2053788.8895,2053788.8895
688157.SH,20260413,2.2599,0.88,291.0006,4.7071,635892.3402,635892.3402
002587.SZ,20260413,3.3078,0.61,,3.2193,428064.5105,349982.4001
920199.BJ,20260413,3.907,0.58,343.8443,4.4743,236681.555,131797.2111
603327.SH,20260413,10.0389,0.77,103.0132,4.261,1019322.876,1019322.876
601311.SH,20260413,7.8519,1.98,15.9281,1.205,1187223.8714,1187223.8714
002512.SZ,20260413,11.3324,1.25,,11.8894,461686.1023,454197.4895
600966.SH,20260413,3.3547,1.89,57.3143,1.1504,848896.1229,848896.1229
600358.SH,20260413,1.2936,0.6,,59.2974,321139.7158,321139.7158
002893.SZ,20260413,9.9828,0.51,33.4289,2.2522,273921.96,210686.9841
300648.SZ,20260413,1.5741,1.14,,6.6813,909923.1894,692758.5294
002382.SZ,20260413,5.3372,0.56,,0.9921,764424.195,758400.1828
002243.SZ,20260413,1.3054,0.72,59.7617,1.4446,1056857.4832,1051216.2192
688147.SH,20260413,4.017,0.92,143.4421,10.565,3052870.0181,3052870.0181
002898.SZ,20260413,1.8925,0.41,,5.0987,234784.0,135084.2564
002760.SZ,20260413,4.0074,0.95,115.0497,2.7948,232067.7292,232067.7292
002963.SZ,20260413,4.998,1.14,,1.703,219976.5776,167092.0858
688728.SH,20260413,1.0898,0.81,676.8328,4.3392,3409369.1204,3276041.0838
301668.SZ,20260413,4.3397,0.72,49.6236,5.6261,557480.0,123297.208
300059.SZ,20260413,2.7874,1.18,26.1688,3.442,31623879.3877,26688844.9056
600616.SH,20260413,1.4741,0.9,1655.8295,1.7476,337847.4998,337847.4998
300831.SZ,20260413,5.8362,0.68,543.6433,5.8413,535360.0,308642.1335
920055.BJ,20260413,11.586,0.73,15.7773,1.8998,225692.0,50780.7
688126.SH,20260413,1.3126,0.96,,3.4462,5836671.312,4824109.1883
301011.SZ,20260413,2.2374,0.56,42.4266,3.6291,347602.8637,330069.6925
000661.SZ,20260413,1.0012,0.74,36.304,1.5133,3481746.81,3410710.3379
301157.SZ,20260413,12.3067,1.11,111.0415,3.551,388500.0,133773.8561
301279.SZ,20260413,2.8065,0.56,55.2216,2.6169,356133.4809,275842.2309
300915.SZ,20260413,1.9911,0.89,364.2833,1.8453,283767.5493,129893.1594
001318.SZ,20260413,1.339,0.66,32.9786,2.664,384134.94,384134.94
300373.SZ,20260413,3.1205,0.67,33.4492,4.4111,4209858.6537,4200488.0133
002303.SZ,20260413,1.984,0.52,19.6596,1.1511,512993.4345,323905.1541
603119.SH,20260413,3.6487,0.8,97.8411,13.3738,2723701.2192,1526649.5687
605117.SH,20260413,11.6645,3.37,42.1403,12.913,13361732.3721,13361732.3721
688162.SH,20260413,6.3052,3.34,57.8069,1.9285,467787.8443,467787.8443
301276.SZ,20260413,3.3287,1.35,23.0056,1.4888,310262.4,173008.6512
920204.BJ,20260413,1.8467,0.93,67.913,2.8792,141714.5589,75136.0867
600595.SH,20260413,2.4231,0.95,28.1735,1.9651,3278466.3833,3278466.3833
603398.SH,20260413,3.3071,1.13,,8.7473,561999.4151,561999.4151
002588.SZ,20260413,2.8311,0.89,12.4275,1.658,1214094.1469,904961.8388
002649.SZ,20260413,1.259,0.74,53.044,1.6111,684267.7579,641247.1995
000672.SZ,20260413,2.8874,1.18,16.9347,1.4336,1271846.8304,1271846.8304
688083.SH,20260413,3.4272,0.86,425.1497,3.4124,915411.1434,915411.1434
000892.SZ,20260413,6.574,0.64,,7.4214,626846.5222,454224.4941
600839.SH,20260413,1.0316,0.7,29.4175,2.6003,4020748.7174,4019628.9676
603063.SH,20260413,12.7769,1.82,30.9567,2.8275,1475962.7913,1475962.7913
688548.SH,20260413,2.6673,0.83,108.9626,5.1972,3117738.7051,1633326.8717
000659.SZ,20260413,6.247,0.96,,32.5203,552852.0836,552852.0836
300076.SZ,20260413,4.4655,1.17,,2.8474,256096.0,256096.0
600658.SH,20260413,2.7234,1.65,,0.9805,543632.3319,543632.3319
002697.SZ,20260413,1.9831,0.84,15.1111,1.517,726240.0,611611.6935
002376.SZ,20260413,1.3436,0.7,76.5137,1.5147,576309.9667,555511.1988
300661.SZ,20260413,5.7082,0.74,84.6203,8.7138,4629234.9051,4467760.0272
002515.SZ,20260413,9.3413,4.89,139.0202,2.8936,755423.2383,755414.1966
002906.SZ,20260413,5.3149,1.14,20.6178,2.3033,1611501.4559,1610560.6298
600939.SH,20260413,1.3759,0.55,,0.7427,557425.1586,557425.1586
603103.SH,20260413,5.8322,0.71,89.3066,11.4843,1421876.4,1421876.4
301048.SZ,20260413,9.5461,0.57,27.1681,2.0908,573333.405,573333.405
603686.SH,20260413,2.5883,0.82,53.7087,2.2691,769792.5386,769792.5386
603879.SH,20260413,3.7456,1.04,,7.6378,195842.7198,195842.7198
300196.SZ,20260413,20.9857,3.31,24.1646,1.6673,788826.3499,476567.2186
002768.SZ,20260413,2.16,0.94,17.3491,2.2042,1459556.25,856344.6656
301033.SZ,20260413,3.2404,0.82,38.5038,5.1554,392374.3762,330457.2902
002278.SZ,20260413,8.6746,1.59,92.9256,3.1842,443083.0703,379620.3531
301128.SZ,20260413,15.7167,1.01,126.2531,19.027,1693126.7074,1444170.835
300869.SZ,20260413,1.349,0.94,,3.0705,533193.0149,350512.0907
601633.SH,20260413,1.5318,1.19,18.5292,2.0878,18279615.158,13262943.8276
603922.SH,20260413,4.134,1.02,181.183,3.4411,357683.2,357683.2
600789.SH,20260413,1.5623,0.69,45.7383,1.6784,863326.7566,742301.116
600916.SH,20260413,2.7875,0.56,37.5393,2.1264,1530480.0,1530480.0
003016.SZ,20260413,2.4248,0.85,,1.2704,340201.9841,332404.2192
605189.SH,20260413,41.0713,2.81,45.1526,1.8681,346428.6695,346428.6695
301421.SZ,20260413,9.698,0.7,343.7729,9.1882,1096890.922,438958.1293
300213.SZ,20260413,1.0587,0.77,204.4275,2.1117,463604.4348,430733.057
001285.SZ,20260413,3.7729,0.92,29.0828,2.6103,963953.2844,222007.7195
002491.SZ,20260413,33.9537,1.13,4869.6102,7.3479,1822851.849,1743526.8668
688234.SH,20260413,6.1601,1.03,,6.304,4522460.2526,4010063.4626
301255.SZ,20260413,13.4748,1.13,103.0895,4.067,427409.92,106852.48
002766.SZ,20260413,1.6903,0.63,,3.859,421622.3493,418083.4421
002115.SZ,20260413,3.3445,0.72,,4.7541,986165.4597,914669.7669
300904.SZ,20260413,6.1606,1.08,,6.4527,425251.488,129151.488
688700.SH,20260413,7.849,0.96,135.8874,9.5365,1758479.2145,1758479.2145
002408.SZ,20260413,4.8622,0.58,,1.8087,1995682.6705,1931269.9704
301488.SZ,20260413,5.3021,1.12,164.6463,9.0552,1233996.0,314027.6776
603208.SH,20260413,1.8452,0.77,,2.2372,234930.9657,234930.9657
688122.SH,20260413,1.8111,0.83,55.6396,6.5627,4676285.0494,4676285.0494
920227.BJ,20260413,3.715,0.5,53.4085,5.5954,232792.287,105919.5012
688681.SH,20260413,2.5411,0.79,41.8035,3.2021,196465.59,196465.59
002935.SZ,20260413,1.6513,0.92,121.122,4.844,785013.7423,768333.2244
600496.SH,20260413,1.7444,1.12,12.464,0.8487,780129.0678,780129.0678
300966.SZ,20260413,3.1549,0.69,,3.1523,244280.6784,162456.6716
920685.BJ,20260413,1.2045,0.69,32.0481,2.0192,112747.6393,67641.6048
300504.SZ,20260413,7.4241,0.82,,2.0451,433639.328,349202.4496
002223.SZ,20260413,1.1917,0.74,18.6249,2.4702,3241007.9115,3039531.3442
002036.SZ,20260413,1.9595,0.7,,4.4569,966644.6232,964697.5464
688207.SH,20260413,1.3063,0.57,,2.0045,372403.3854,372403.3854
002401.SZ,20260413,1.4786,0.72,171.8926,3.382,559361.0022,558881.0427
920029.BJ,20260413,1.8096,1.26,16.8416,3.1906,1190258.7362,1158185.5112
301337.SZ,20260413,3.0024,0.7,,2.6161,286862.6,101821.8386
300390.SZ,20260413,20.2096,1.8,165.6589,5.8688,6662621.3198,5391585.9996
301100.SZ,20260413,2.608,1.08,,1.8504,369200.0,161525.0
300706.SZ,20260413,16.0582,0.81,,8.1049,569668.3703,422347.5503
300069.SZ,20260413,16.7835,0.57,115.0132,9.4594,267111.0,267111.0
600730.SH,20260413,3.0155,0.95,628.4349,2.9665,531510.3378,531510.3378
301520.SZ,20260413,2.9042,0.59,69.9086,1.8875,285533.3348,96037.6747
300604.SZ,20260413,3.4049,0.81,88.8114,19.6776,8583049.4288,6622059.0441
920675.BJ,20260413,3.7881,0.77,35.3362,2.7369,169065.048,77595.5483
301127.SZ,20260413,2.7235,0.97,38.1122,3.3388,1081215.8461,1049401.8791
601298.SH,20260413,1.4755,0.85,10.6635,1.2297,5621292.6,4669536.95
601117.SH,20260413,3.2922,0.93,8.5108,0.8153,5477679.5473,5460996.4237
688209.SH,20260413,3.8136,1.18,51.2391,4.1462,909211.3667,909211.3667
000722.SZ,20260413,14.3345,0.99,85.5765,1.9571,617330.5151,617330.5151
300710.SZ,20260413,3.5652,0.84,,6.4364,297575.4873,223068.8189
600734.SH,20260413,2.0383,0.6,,26.3913,819041.9679,818872.7679
301618.SZ,20260413,0.8603,0.73,91.3999,4.6646,436103.4672,160267.9345
603607.SH,20260413,4.4536,1.71,37.461,4.0029,404519.0688,404519.0688
300144.SZ,20260413,1.2418,0.87,25.7325,2.4425,2044625.9849,1837520.5806
000402.SZ,20260413,10.0099,6.78,,0.3885,914612.5515,914532.1546
605162.SH,20260413,34.7932,0.65,37.6581,4.2469,560312.3831,560312.3831
301322.SZ,20260413,5.2793,2.18,54.4917,1.6791,472042.8004,317487.4789
603392.SH,20260413,0.7668,0.84,,4.014,4852739.5818,4852739.5818
600362.SH,20260413,4.3017,1.36,22.1162,1.9402,15769269.7104,9450676.6824
603041.SH,20260413,2.1436,0.79,73.3987,1.5463,232414.4211,232414.4211
002835.SZ,20260413,1.6349,0.72,20.2422,2.8093,345702.9413,200478.9134
920770.BJ,20260413,4.4781,1.33,46.8427,3.2912,202876.0608,127672.4342
688080.SH,20260413,1.658,0.69,26.3025,3.3782,395312.4604,395312.4604
688077.SH,20260413,3.1045,0.86,59.7476,3.1191,342977.598,342977.598
688178.SH,20260413,6.7706,0.92,,2.8102,258308.4479,258308.4479
688396.SH,20260413,3.3031,0.66,97.7206,2.825,6463073.1689,6463073.1689
002531.SZ,20260413,6.1993,0.83,,2.4206,2095160.5152,2083391.6586
603533.SH,20260413,4.5059,0.61,,4.6646,1078369.5236,1078369.5236
603022.SH,20260413,3.1169,0.75,39.765,2.5442,208600.0,208600.0
300009.SZ,20260413,1.2884,0.59,22.2102,3.9227,1632880.3317,1201951.5457
603079.SH,20260413,2.7598,0.94,50.5346,1.9592,308685.376,308685.376
300681.SZ,20260413,3.9132,0.53,44.9029,2.5014,757793.0218,571447.8307
002560.SZ,20260413,39.5614,0.9,46.5117,2.7599,750754.678,646792.6109
300299.SZ,20260413,2.2817,0.74,,9.5065,408657.6503,408020.0663
002879.SZ,20260413,4.9873,1.28,29.9555,2.3134,400698.353,286078.1854
920267.BJ,20260413,1.5442,1.04,,3.8716,94967.5879,56386.3912
603352.SH,20260413,4.4503,1.06,37.1976,3.0187,867000.0013,169915.5729
920057.BJ,20260413,0.9112,0.85,116.7684,1.53,109664.2947,69617.7608
300399.SZ,20260413,3.5639,0.84,271.3422,8.0962,415552.8,415512.2647
920076.BJ,20260413,1.7207,0.5,21.0265,1.7874,169778.0167,40115.6765
688201.SH,20260413,3.539,0.95,55.1186,3.1722,437037.9584,416887.3776
603387.SH,20260413,15.4097,0.97,24.2449,1.8808,506139.21,506139.21
300767.SZ,20260413,13.0479,4.67,,3.8121,579934.8678,503532.9491
300758.SZ,20260413,3.2962,0.62,70.0198,3.1937,546788.4158,492846.3975
000528.SZ,20260413,1.2212,0.64,13.3558,1.0706,1955291.3232,1952573.9482
300133.SZ,20260413,2.6877,0.67,54.4116,1.8986,1370884.7322,1170478.1821
300956.SZ,20260413,2.867,0.97,243.0746,2.3553,318832.9368,311469.5461
600348.SH,20260413,2.1325,0.81,21.6458,1.1995,3311685.0,3311685.0
002471.SZ,20260413,12.2631,0.5,,6.6176,1190821.2,1167886.9238
300193.SZ,20260413,1.7127,1.04,20.5987,1.726,408146.0829,359405.1463
300783.SZ,20260413,1.2634,0.73,32.7068,2.5,743089.315,518491.915
300700.SZ,20260413,3.975,1.0,,6.8157,593161.0616,404291.8614
600873.SH,20260413,1.8644,0.87,8.1296,1.9019,3065036.1235,3065036.1235
002932.SZ,20260413,4.6539,0.8,557.9765,0.7121,395983.1898,265829.7765
002597.SZ,20260413,2.7505,0.79,25.0403,1.7821,1348623.0705,1345061.0551
920751.BJ,20260413,1.1964,1.02,38.0349,4.4003,176770.86,169065.1436
601869.SH,20260413,21.4019,1.11,375.6077,22.1392,30564600.7771,15001197.8763
920091.BJ,20260413,4.6977,0.72,94.2884,7.6682,365410.614,86203.689
600777.SH,20260413,2.4345,1.13,22.6096,1.6478,3876282.6203,3628706.8629
600759.SH,20260413,19.3862,1.58,57.4747,2.7139,2385680.336,2382619.3235
603059.SH,20260413,5.8013,1.31,,3.1033,326558.7237,326558.7237
600096.SH,20260413,3.9669,0.91,11.7666,2.4681,6066913.1528,6066913.1528
601811.SH,20260413,17.5748,1.45,11.5325,1.1853,1808810.906,1160931.1174
300534.SZ,20260413,3.3637,0.57,65.0161,4.0334,285750.99,284532.5017
300525.SZ,20260413,1.2647,0.65,28.4782,3.1077,782723.9893,641989.5817
300763.SZ,20260413,9.8708,1.01,42.5884,4.1536,3780757.211,3054475.6396
000088.SZ,20260413,1.7264,0.9,16.5428,1.3253,2386562.8558,1451768.5608
300548.SZ,20260413,12.4393,0.85,195.9196,33.3973,6560386.38,6058805.13
001336.SZ,20260413,4.4645,0.67,78.9192,2.64,208488.859,120836.717
002072.SZ,20260413,2.6422,0.48,,11.9651,276495.36,276383.9136
000155.SZ,20260413,9.4457,0.92,63.5603,3.05,3193871.2317,3193871.2317
600327.SH,20260413,2.015,0.81,,1.0915,345948.7915,345948.7915
600859.SH,20260413,0.9035,0.64,,0.6986,1370072.4059,1369946.41
601718.SH,20260413,1.3887,0.94,,1.0736,1312681.9204,1312681.9204
002311.SZ,20260413,1.4704,1.19,15.9266,3.1657,7999309.8558,7993402.4248
688001.SH,20260413,10.0037,0.78,225.686,5.2623,1817963.4579,1817963.4579
600266.SH,20260413,3.5128,1.06,,0.547,1062780.6756,1062780.6756
688750.SH,20260413,1.2675,0.88,140.384,3.3772,832037.5,419020.0685
603655.SH,20260413,4.7484,0.78,101.532,7.5414,418488.0,418488.0
603267.SH,20260413,4.4086,1.52,47.132,2.6639,1177819.3065,1177819.3065
603008.SH,20260413,8.1256,0.45,13.0826,1.2147,453367.9875,453367.9875
920118.BJ,20260413,1.2589,1.06,39.9712,1.8391,104387.696,64276.4941
301359.SZ,20260413,2.6665,0.47,60.1968,3.0042,253451.184,144248.6066
603153.SH,20260413,1.6531,0.94,22.0306,1.8542,671762.3527,661795.697
002555.SZ,20260413,3.7545,1.62,15.5482,3.733,4851437.2344,3506535.2735
300830.SZ,20260413,4.3426,0.69,352.8965,3.5761,488223.6475,364388.6385
002811.SZ,20260413,2.3342,0.81,30.5457,2.9565,415143.5667,381636.0207
301499.SZ,20260413,11.7865,1.45,85.0085,3.4711,450019.5888,112504.8988
002667.SZ,20260413,19.4421,2.25,,15.9947,739558.677,671502.018
002523.SZ,20260413,1.5396,0.93,47.4425,2.2789,570906.2424,568851.7012
600272.SH,20260413,4.0514,0.43,251.7393,4.1938,325688.4118,198400.0
600969.SH,20260413,5.7696,1.68,,1.0115,368200.2316,368200.2316
300439.SZ,20260413,1.3609,0.66,39.792,1.2677,374710.8446,285023.7497
600022.SH,20260413,2.5245,1.03,,0.8732,1647622.8313,1647622.8313
688146.SH,20260413,13.8444,0.77,92.7977,5.5863,3220411.7665,881857.6319
605566.SH,20260413,4.0149,0.78,137.5932,2.1082,421221.06,421221.06
300219.SZ,20260413,4.5052,1.08,81.0078,2.074,534497.347,533519.9127
002338.SZ,20260413,2.0269,0.68,209.1098,9.0728,1235280.0,1235280.0
301396.SZ,20260413,18.3976,1.02,477.1553,23.3265,2988986.6401,1481298.5108
000783.SZ,20260413,1.4645,0.88,10.6391,1.1281,4014832.9602,4014832.9602
600193.SH,20260413,5.572,1.98,,16.2881,145052.193,145052.193
600690.SH,20260413,1.0206,0.71,9.947,1.6385,19449203.8941,12968780.9244
002029.SZ,20260413,2.7005,0.57,21.2787,1.0495,707843.6311,668067.5828
301197.SZ,20260413,12.496,1.47,73.6459,2.3609,303278.64,273613.113
300821.SZ,20260413,18.9044,1.37,,3.4209,1686000.0,1685706.0038
920425.BJ,20260413,1.9126,0.76,40.2953,5.0602,135772.5529,113334.2524
300457.SZ,20260413,4.678,1.12,33.5199,2.6488,1803921.6807,1771971.2854
920339.BJ,20260413,0.9299,0.69,45.8322,3.0159,182548.9502,125325.8449
688291.SH,20260413,6.0782,1.09,114.1448,4.4002,420933.47,420933.47
920809.BJ,20260413,3.1389,0.94,,2.878,450485.6,345248.5753
000960.SZ,20260413,3.2309,0.75,27.307,2.7426,5369044.4594,5369044.4594
300651.SZ,20260413,29.2277,0.81,102.7117,3.8736,413744.3858,256178.7662
601872.SH,20260413,7.0025,0.83,24.4703,3.4209,14711809.1506,14711809.1506
002526.SZ,20260413,1.4417,0.68,54.7931,1.9293,622195.0488,618108.4689
300442.SZ,20260413,8.2821,1.25,28.0308,10.2066,14581613.3583,14541285.9183
688278.SH,20260413,1.2685,0.79,25.1349,7.514,2592003.198,2592003.198
920414.BJ,20260413,5.0346,0.95,,3.499,96894.0278,68134.2682
000686.SZ,20260413,1.5612,1.18,13.2929,0.9896,1949597.2782,1949597.2782
000893.SZ,20260413,2.2577,1.16,30.812,4.2365,5531370.4054,4859495.103
600208.SH,20260413,1.3287,0.8,,0.6602,2748387.8784,2748076.3569
000036.SZ,20260413,6.8787,2.29,186.26,1.4197,721562.8247,720191.6053
600872.SH,20260413,1.3136,0.84,21.9669,2.6892,1530549.1422,1515762.3097
601008.SH,20260413,1.76,0.93,35.194,1.431,600468.7949,600468.7949
603383.SH,20260413,2.4155,0.78,30.424,4.2028,596420.7873,596412.9465
300565.SZ,20260413,10.959,0.59,,6.6349,373308.3949,341166.6918
920375.BJ,20260413,5.3129,0.65,162.0131,1.9269,149942.313,89584.3394
688277.SH,20260413,7.7307,3.03,,8.2,973087.0006,973087.0006
600615.SH,20260413,1.6259,0.83,283.1876,3.5451,260596.4246,260182.2878
002482.SZ,20260413,1.8591,0.66,,13.2879,637663.6017,636405.1662
301061.SZ,20260413,2.6717,1.32,16.9189,3.8213,1539028.666,1022448.0954
300601.SZ,20260413,1.1881,0.7,,1.7197,1564818.5868,1261423.911
600418.SH,20260413,1.7166,0.99,,7.9263,10439099.221,10114149.3421
000030.SZ,20260413,3.0664,0.5,13.0759,1.0785,878823.3418,853833.1934
600557.SH,20260413,1.124,0.68,32.8787,1.6345,770542.135,770542.135
920075.BJ,20260413,1.7571,0.74,57.6404,3.3325,133389.27,71780.7021
000520.SZ,20260413,1.8313,0.91,,10.0516,404833.382,404833.382
002884.SZ,20260413,5.5755,2.7,14.1056,2.6561,641682.4211,489892.0435
601012.SH,20260413,3.6246,1.57,,2.354,13398020.8012,13398007.4598
300472.SZ,20260413,1.9325,0.67,,,216628.5347,208430.159
605069.SH,20260413,12.7682,2.57,,3.0336,258271.2892,258271.2892
603678.SH,20260413,2.9316,0.82,48.558,2.5381,1552725.0502,1552725.0502
300136.SZ,20260413,5.4882,0.66,99.9899,8.0065,6147931.1259,5227544.8029
300449.SZ,20260413,1.7826,0.73,,8.8777,275629.6961,275629.6961
600383.SH,20260413,2.1239,1.0,,0.2759,1259568.8166,1259568.8166
002636.SZ,20260413,18.6762,0.82,241.0263,7.6487,2664480.0,2650994.4262
300303.SZ,20260413,10.019,0.64,45.3146,3.6933,1385635.8054,1299955.6303
000863.SZ,20260413,4.0832,1.17,,1.3206,593891.8787,585298.5553
301589.SZ,20260413,0.9905,0.65,26.4559,3.9914,1528350.336,569774.7187
600683.SH,20260413,6.0975,0.93,,,662255.1717,662255.1717
603859.SH,20260413,1.5942,0.68,38.9778,3.0562,932298.2408,932298.2408
000728.SZ,20260413,0.8981,1.02,12.6569,0.915,3403746.755,3403746.755
603375.SH,20260413,6.6652,1.88,172.8871,2.5307,400049.3347,253465.4118
920642.BJ,20260413,1.8532,0.79,,5.5356,121812.5767,117449.3317
688244.SH,20260413,5.1193,1.98,,2.8636,279580.7332,279580.7332
002738.SZ,20260413,8.2611,1.87,130.7275,4.9114,5982610.6441,5897502.7916
688009.SH,20260413,1.3865,0.83,15.5411,1.2101,5729092.079,4663970.738
000420.SZ,20260413,6.6968,0.84,,2.8129,1244187.3816,1243763.7584
920553.BJ,20260413,1.5374,0.96,55.6532,3.5869,127453.438,80729.2832
688690.SH,20260413,16.4056,5.2,97.4138,6.9475,1324916.244,1324916.244
603284.SH,20260413,29.3142,0.99,30.7159,2.039,424132.8352,103894.4185
300995.SZ,20260413,4.3004,1.14,152.8506,4.7347,300067.7028,214104.3481
688533.SH,20260413,1.548,0.78,23.8982,2.5993,440020.4383,440020.4383
301158.SZ,20260413,6.6548,0.81,32.3419,2.7025,377129.2391,367473.2409
300411.SZ,20260413,1.2228,0.56,657.5499,4.3274,419528.6472,319007.196
000419.SZ,20260413,4.0781,1.88,26.0179,0.9559,334303.3328,334303.3328
300470.SZ,20260413,3.0781,1.26,20.1205,3.006,804395.9987,763193.8616
002654.SZ,20260413,5.4832,0.82,209.9722,7.6752,1201174.915,1201089.655
688573.SH,20260413,21.0054,3.28,,6.924,210562.9518,114627.7487
603706.SH,20260413,1.3597,0.78,17.0189,2.1943,364182.959,364182.959
600513.SH,20260413,11.884,0.5,,4.781,638280.2197,638280.2197
300672.SZ,20260413,9.1288,1.4,1040.2965,8.8307,3593045.5806,3481088.2896
603979.SH,20260413,1.521,0.65,16.6725,3.5838,3740862.0813,3740862.0813
300603.SZ,20260413,11.6062,0.75,,3.8345,538236.3515,433012.3342
600885.SH,20260413,1.5987,0.73,23.0617,3.209,4053149.5057,4053149.5057
600071.SH,20260413,3.4132,0.52,90.9361,11.3383,571313.4208,571313.4208
601599.SH,20260413,1.8124,0.77,32.9672,2.89,437524.5048,437524.5048
603043.SH,20260413,1.6054,0.87,17.7631,2.2018,866806.7068,859468.6468
301227.SZ,20260413,2.8315,0.46,,1.9167,314355.8805,178660.023
603188.SH,20260413,3.17,0.6,,3.7377,286795.51,286795.51
300032.SZ,20260413,5.7091,0.81,,6.7558,466641.5422,466641.5422
688755.SH,20260413,1.299,0.97,55.8386,2.6773,332728.0,66545.6
603978.SH,20260413,6.7689,1.13,,3.567,539557.0282,539557.0282
002272.SZ,20260413,21.1677,0.82,,6.1828,922721.5019,735495.8897
601668.SH,20260413,0.9271,1.04,4.5514,0.4216,20329632.0984,20329632.0984
002297.SZ,20260413,2.1847,0.59,111.9274,3.2544,692310.6214,692310.6214
601163.SH,20260413,1.0376,0.84,12.3525,0.8121,1113600.0,1113600.0
688031.SH,20260413,5.832,0.74,,18.9742,1636546.2252,1636546.2252
000417.SZ,20260413,1.5451,0.79,33.4062,1.0939,514723.572,514158.1177
688143.SH,20260413,12.2439,0.84,359.2084,6.1935,834757.1586,793231.0293
003032.SZ,20260413,1.7787,1.08,,2.0676,259176.19,177885.6059
600020.SH,20260413,1.1177,0.79,8.3405,0.7146,849506.5525,849506.5525
300782.SZ,20260413,9.8037,1.05,,5.5158,5459095.3356,4574365.9416
000636.SZ,20260413,7.4053,1.09,78.9332,1.8972,2370720.0693,2370720.0693
000826.SZ,20260413,3.2105,1.1,,69.3799,290772.0626,290735.2836
920392.BJ,20260413,1.5917,0.55,73.2342,4.4201,150733.49,71979.2222
688290.SH,20260413,2.404,1.23,,4.1937,522087.2488,522087.2488
688288.SH,20260413,5.093,0.52,85.4793,3.3247,251530.5341,251530.5341
605599.SH,20260413,1.3648,0.93,21.7695,4.2438,1767111.1616,1767111.1616
001269.SZ,20260413,18.6158,3.92,,5.2487,458517.7698,458517.7698
000789.SZ,20260413,1.8609,1.0,140.7021,0.6305,408273.0762,408273.0762
600435.SH,20260413,2.3608,1.16,185.4539,7.6666,2236777.1108,2236777.1108
002184.SZ,20260413,1.6761,0.94,,3.4672,405398.4422,276907.9726
601988.SH,20260413,1.6384,0.83,7.5442,0.6805,183338862.3222,119925577.9474
920834.BJ,20260413,2.9936,1.13,29.7844,4.5471,140160.0058,73346.2408
600236.SH,20260413,1.6869,1.14,23.5299,4.2287,7716847.8682,7716847.8682
688667.SH,20260413,17.2258,2.32,52.1972,3.9608,707963.4648,707963.4648
920978.BJ,20260413,2.4543,0.89,27.8009,6.1444,481396.1234,269900.051
002745.SZ,20260413,2.6441,0.96,56.9221,0.9413,1252636.4408,898586.5685
603871.SH,20260413,4.3739,1.53,17.1881,3.3193,1824923.5498,1824923.5498
300363.SZ,20260413,3.4362,0.77,121.9559,2.1958,1174921.9845,1078527.5044
600620.SH,20260413,1.6493,0.75,70.0702,2.9344,435353.2896,435353.2896
600056.SH,20260413,6.196,0.41,29.1693,1.3365,1584136.6531,1583577.2152
002431.SZ,20260413,10.438,1.27,,4.3645,486649.2866,486649.2866
301246.SZ,20260413,18.5177,1.09,684.8348,2.2466,974016.558,414138.5908
603699.SH,20260413,3.0691,1.36,26.8912,10.4054,3876414.495,3790713.64
002293.SZ,20260413,1.2392,0.8,16.4684,2.1031,842180.9058,834848.8997
600098.SH,20260413,2.5092,0.82,11.0327,0.9362,2541752.1112,2541752.1112
688693.SH,20260413,26.8138,1.08,,7.8473,623589.4777,329248.0557
300654.SZ,20260413,3.6888,0.66,104.8275,4.5759,390655.2171,375863.0568
300288.SZ,20260413,1.1768,0.67,,3.8909,423440.5767,321481.4469
002437.SZ,20260413,5.716,0.49,27.6225,3.788,809442.1297,757236.0233
002783.SZ,20260413,2.2866,0.55,28.282,1.8481,484376.9176,447352.7102
002732.SZ,20260413,2.0326,0.69,44.2354,1.6895,254907.0,253637.197
002752.SZ,20260413,8.2214,0.59,20.356,1.7617,625227.8195,624337.1642
603997.SH,20260413,1.262,0.92,35.594,3.0144,1614504.1124,1614504.1124
301526.SZ,20260413,29.9924,1.99,733.1201,6.81,5592212.1452,2082714.7048
000998.SZ,20260413,1.5522,0.73,,2.4917,1428303.5153,1278229.1307
300135.SZ,20260413,3.3863,0.85,686.0318,3.7729,356659.2,356659.2
600410.SH,20260413,10.3141,0.68,49.1905,6.186,2934219.7717,2934219.7717
600654.SH,20260413,20.4422,0.83,62.448,7.4701,1292039.6553,1040526.8885
601566.SH,20260413,2.317,0.83,17.5838,1.5148,617734.9363,617734.9363
688023.SH,20260413,2.9446,1.0,,2.2131,513808.05,513808.05
300284.SZ,20260413,0.7664,0.46,54.1469,0.985,829677.8475,786660.4999
603677.SH,20260413,3.3018,1.21,63.0127,2.6192,303924.165,303924.165
002567.SZ,20260413,2.2215,1.23,,1.0764,590417.1739,589743.7587
601618.SH,20260413,1.1631,0.78,46.7226,0.6075,6175638.5127,5320080.5127
002203.SZ,20260413,3.74,1.56,46.6563,2.1086,3494926.7929,3373515.4352
300398.SZ,20260413,9.0317,1.34,47.4099,3.2097,1572142.5059,1563556.7183
301020.SZ,20260413,2.0427,0.97,35.6137,3.219,315199.2,315199.2
002331.SZ,20260413,1.7461,0.9,,2.1317,357312.0787,330134.976
688318.SH,20260413,4.4181,1.03,90.9483,7.4707,2868538.0864,2868538.0864
603869.SH,20260413,0.9502,0.95,136.4243,1.346,503998.9198,503998.9198
000807.SZ,20260413,2.4222,0.83,19.6805,3.72,11915901.6436,11915776.903
603135.SH,20260413,2.0952,1.46,147.7507,2.306,684997.6464,679901.1264
600438.SH,20260413,5.9623,3.7,,1.895,7909997.1416,7909997.1416
603012.SH,20260413,3.6046,0.86,34.3658,1.4403,547585.5,547585.5
002488.SZ,20260413,2.289,0.88,355.1791,3.3252,1165659.1451,1077418.3628
002345.SZ,20260413,2.3754,0.84,18.7888,2.481,933826.8551,911458.0626
300087.SZ,20260413,2.0153,0.83,300.2018,4.4207,770180.7136,733566.5667
688620.SH,20260413,1.9658,1.22,,3.3682,435512.0,258105.8757
688683.SH,20260413,1.9944,0.66,138.8509,4.9998,589617.948,567951.2201
600283.SH,20260413,0.8238,0.5,21.8371,1.6432,510350.6572,495192.142
600063.SH,20260413,4.2413,0.87,35.0418,1.8135,1520793.24,1520793.24
002961.SZ,20260413,6.5344,1.07,19.7068,2.7894,1077869.5586,1077864.4736
002670.SZ,20260413,2.668,0.95,87.0458,2.5129,2840704.2706,2383078.7307
920146.BJ,20260413,1.5945,0.62,,4.7336,92738.4343,73603.7043
688076.SH,20260413,2.1156,1.45,29.9911,3.2956,980709.0364,980709.0364
300519.SZ,20260413,3.1064,0.81,41.9441,2.9354,243040.0,173317.9
300468.SZ,20260413,12.5491,1.14,234.6815,10.6122,1743713.5177,1740888.78
300123.SZ,20260413,1.9697,0.94,,4.3553,640689.9951,627262.5989
920924.BJ,20260413,2.8307,0.76,117.4112,6.5533,209013.582,127344.9307
300188.SZ,20260413,1.2288,0.75,,3.4251,1059735.5232,1054837.776
603118.SH,20260413,17.2697,0.97,,2.2161,1116357.9437,1116357.9437
300781.SZ,20260413,4.9188,0.69,,8.7452,583971.6844,430985.9894
002999.SZ,20260413,3.7752,0.73,51.3639,2.0126,241228.848,238538.1233
603021.SH,20260413,1.9734,0.56,,,256278.4041,256278.4041
688251.SH,20260413,7.6191,1.13,107.812,4.1472,356132.7261,353657.6466
603127.SH,20260413,9.3203,0.91,91.429,3.271,2723131.4315,2290702.8529
000929.SZ,20260413,8.2374,2.81,,5.0475,184465.638,184453.9434
920130.BJ,20260413,2.4444,0.57,,3.8091,181719.1749,111477.6094
002191.SZ,20260413,1.4171,1.21,,0.8038,537158.1686,532990.7483
600582.SH,20260413,1.2522,0.82,9.6069,0.918,2350718.4907,2350718.4907
300845.SZ,20260413,7.7011,1.16,53.8903,3.3299,266716.5067,187558.1635
603565.SH,20260413,1.5321,0.82,11.114,2.4042,2375171.3695,2375171.3695
002076.SZ,20260413,3.4067,1.84,,7.3559,231807.0186,217835.3145
688409.SH,20260413,3.3519,1.68,,6.2451,2803053.3977,2803053.3977
688503.SH,20260413,5.5568,1.22,53.0572,4.445,2226709.5156,1848462.206
002270.SZ,20260413,2.8964,1.28,34.549,7.8037,2452072.7792,2452033.4848
920124.BJ,20260413,1.3408,0.9,22.9423,2.2081,233511.3046,120154.3121
301112.SZ,20260413,2.8185,1.32,,3.0454,368621.2438,368621.2438
301109.SZ,20260413,2.4465,0.82,16.6063,1.5353,1189964.0697,347326.1385
002908.SZ,20260413,1.0326,0.54,247.8282,3.5504,392603.2001,292869.5151
300195.SZ,20260413,2.0372,0.6,203.5974,1.2075,323289.0178,239515.223
603165.SH,20260413,6.2016,0.93,22.5995,1.9912,505662.1753,505662.1753
300085.SZ,20260413,9.4549,0.81,,53.8121,2695127.0005,2486777.048
688112.SH,20260413,11.8976,1.72,55.3926,4.923,789844.974,789844.974
300806.SZ,20260413,3.9978,0.79,491.4052,10.0471,2279194.9291,1589904.7448
605399.SH,20260413,3.5308,0.79,,2.1947,470805.6346,469783.2106
600388.SH,20260413,2.3571,0.92,21.0325,2.1315,2339425.2717,2339425.2717
300364.SZ,20260413,6.2333,0.49,,42.1599,1993176.3228,1806885.5165
301626.SZ,20260413,4.1105,0.74,169.5824,20.1972,3181200.0,1447022.445
000592.SZ,20260413,24.2608,1.17,,11.7739,2258251.8627,2238743.0729
600061.SH,20260413,1.1614,0.83,13.5901,0.812,4456607.9953,4456607.9953
688252.SH,20260413,4.247,1.13,42.4905,3.6102,887985.3313,887985.3313
002467.SZ,20260413,29.8992,2.84,135.5385,5.5411,1082417.6641,1075737.6742
300164.SZ,20260413,37.6435,1.29,242.4895,6.3277,887984.0712,880065.064
601236.SH,20260413,1.0413,0.79,30.239,1.4544,3669660.8633,3669660.8633
300487.SZ,20260413,1.1962,1.23,42.6806,9.1216,3596022.4403,2175538.0063
605011.SH,20260413,2.4748,0.48,40.869,3.2174,768592.1,768592.1
301291.SZ,20260413,3.7566,0.78,23.2001,3.2798,1610952.0,834046.6878
301353.SZ,20260413,1.7886,0.63,39.6709,2.117,274122.0472,89012.4472
600744.SH,20260413,6.5393,0.79,70.9379,10.4772,1490845.2171,1490845.2171
002276.SZ,20260413,2.1065,1.0,28.6635,2.3441,1427638.5298,1422244.9369
688352.SH,20260413,2.2309,0.92,56.6803,2.4501,1506510.2439,463571.3828
605077.SH,20260413,2.2082,0.98,17.6652,1.4668,441543.8413,436268.7728
002517.SZ,20260413,10.1485,2.95,20.0939,3.8001,3881917.3562,3432470.4848
301220.SZ,20260413,5.3677,1.59,34.9342,2.6202,459541.173,317177.7473
301212.SZ,20260413,3.1673,0.75,182.358,2.1966,294516.0,255656.25
300042.SZ,20260413,26.5531,1.34,366.8789,9.432,995988.0,995896.3035
688450.SH,20260413,8.8451,1.27,,2.8322,265848.0,197092.7468
601136.SH,20260413,1.7072,0.89,42.7179,3.2807,4512734.1038,4512734.1038
002773.SZ,20260413,3.1067,0.83,20.4906,2.7952,2562193.5731,1910085.4346
600329.SH,20260413,1.1767,1.0,14.6934,4.4105,3131203.6515,2305785.3215
920541.BJ,20260413,1.2828,0.77,22.7317,3.4501,161442.7,106359.3058
600336.SH,20260413,1.1459,0.71,,2.3377,565792.4712,565792.4712
603150.SH,20260413,3.6692,0.66,37.4787,2.7438,461351.751,461351.751
920547.BJ,20260413,1.4841,0.67,27.3693,2.4179,171690.48,83357.664
601199.SH,20260413,1.8368,0.68,13.0416,1.1704,529329.0253,529329.0253
600936.SH,20260413,1.8153,0.94,,6.9498,678436.653,678436.653
301629.SZ,20260413,5.8068,1.22,205.618,9.2069,1072808.2145,493530.5483
003004.SZ,20260413,3.0462,1.97,,3.9481,253609.8484,212960.913
600161.SH,20260413,2.0859,2.5,26.7918,2.4904,2922554.9972,2922554.9972
002185.SZ,20260413,3.3466,1.02,56.8208,2.2644,4037168.8601,4036214.8424
002142.SZ,20260413,0.5091,1.02,6.8686,0.9055,20147555.5064,20136256.3537
002098.SZ,20260413,1.5106,0.68,16.3138,2.21,321484.0,321473.8975
002337.SZ,20260413,1.6972,0.96,83.4653,2.7446,361410.0705,361029.8706
002295.SZ,20260413,1.4578,0.75,224.5609,2.0211,273422.056,273070.754
600080.SH,20260413,8.381,1.79,39.7946,1.9672,311680.688,311680.688
601908.SH,20260413,19.2913,1.48,,1.2536,1103473.5075,1103473.5075
300074.SZ,20260413,2.5844,0.78,,2.3179,228286.354,227041.6445
600179.SH,20260413,1.4838,0.78,17.1055,1.5668,1857640.3438,1695540.2593
920123.BJ,20260413,1.9611,0.7,36.6189,3.4113,141878.88,80941.0437
300937.SZ,20260413,5.2702,0.63,,3.4201,284417.0456,198087.9011
603960.SH,20260413,6.6059,0.92,138.3307,5.4491,609347.9196,609347.9196
603689.SH,20260413,2.9205,1.11,13.1908,1.168,428011.585,426086.1657
300500.SZ,20260413,4.8009,1.08,,1.665,184935.2857,178156.6262
603125.SH,20260413,3.1992,1.42,46.7473,3.0203,739231.2208,739231.2208
688300.SH,20260413,6.819,1.11,79.6248,13.6622,2330177.6835,2330177.6835
603072.SH,20260413,2.256,0.96,65.4147,4.5651,977043.16,466672.31
300664.SZ,20260413,6.0943,0.74,21.3925,1.0662,469635.1822,467144.3512
003006.SZ,20260413,2.2582,0.86,25.3943,5.0788,745868.5634,744002.6672
300066.SZ,20260413,4.2127,1.23,49.7285,2.589,677061.6536,654847.6365
002691.SZ,20260413,3.0005,0.72,,2.9638,251600.0,248625.4257
600968.SH,20260413,3.8102,0.87,11.8024,1.5501,4584461.9937,4584461.9937
001277.SZ,20260413,2.3734,0.8,30.8314,1.7146,266912.0,159969.8054
000831.SZ,20260413,5.0413,1.03,511.623,11.4602,5539572.6125,5539572.6125
603917.SH,20260413,1.9828,0.86,264.9624,1.5973,268253.44,268253.44
002788.SZ,20260413,24.6743,0.59,18.4441,1.7531,568011.468,558182.5371
000848.SZ,20260413,5.6529,6.22,13.4058,2.6212,845580.0613,838238.4373
600168.SH,20260413,1.6776,0.72,52.6085,0.909,488751.6039,488751.6039
601568.SH,20260413,1.8348,0.64,82.6288,1.4768,1692166.6674,1692166.6674
601086.SH,20260413,2.0916,0.69,70.6981,3.7068,589410.0,589410.0
002189.SZ,20260413,1.3905,0.51,,9.9202,522137.3467,522058.6821
688613.SH,20260413,2.3767,1.02,223.6837,2.0514,294157.4298,294157.4298
300933.SZ,20260413,2.5157,0.92,199.0528,1.9856,425636.3732,425636.3732
600510.SH,20260413,2.649,1.24,80.5951,0.8137,847292.9002,847292.9002
002157.SZ,20260413,3.1228,1.88,,2.4976,2932301.5407,2293258.5836
301319.SZ,20260413,9.8468,1.05,75.2585,5.5086,645900.1554,485469.813
301283.SZ,20260413,1.9934,0.83,24.0702,2.2496,368233.2069,289744.6962
300957.SZ,20260413,2.1349,1.09,43.6933,2.6433,1573674.0,1573674.0
600623.SH,20260413,4.869,1.05,30.6685,0.9724,2154673.7492,1904175.254
301115.SZ,20260413,3.001,0.92,122.4804,1.4828,374390.694,315724.0966
002277.SZ,20260413,1.7368,1.0,,1.1592,779342.5952,779342.5952
002219.SZ,20260413,4.9728,1.0,301.9872,4.0425,796034.712,768930.2742
600681.SH,20260413,4.0871,0.73,16.4849,1.5767,553773.0365,553341.0228
000089.SZ,20260413,0.9604,1.03,23.7624,1.1997,1388370.9576,1388352.6068
300479.SZ,20260413,3.3095,1.14,222.1768,6.6308,372998.3574,372785.3949
600319.SH,20260413,2.0687,1.08,,7.313,294659.1318,294659.1318
002891.SZ,20260413,5.1928,1.01,26.8617,3.6116,1195747.9247,1195747.9247
300024.SZ,20260413,1.0724,0.73,,5.4304,2332773.7255,2294491.087
920061.BJ,20260413,6.1136,1.19,358.4653,5.9947,167418.35,93096.806
300772.SZ,20260413,5.5163,0.95,39.7436,2.0206,1351017.5095,1198252.2747
600392.SH,20260413,5.3734,0.8,49.5378,3.38,4467954.9269,4467954.9269
600475.SH,20260413,2.8676,0.76,29.6079,1.9534,1679631.7859,1656650.2259
688543.SH,20260413,6.0362,1.4,61.7396,6.3057,1522458.3841,845363.1841
000898.SZ,20260413,1.6476,0.98,,0.5039,2211136.2169,1877964.1019
600546.SH,20260413,4.1006,1.39,18.8609,1.42,2325421.0522,2325421.0522
301231.SZ,20260413,4.8992,0.54,,3.1606,265775.6,206042.219
301551.SZ,20260413,2.8527,0.6,40.8224,4.9085,1182029.55,456706.2426
600961.SH,20260413,3.318,1.1,18.3503,5.3227,1950482.5741,1366794.9396
603596.SH,20260413,2.17,0.91,21.0008,3.5233,2749927.3803,2749927.3803
301137.SZ,20260413,5.4552,0.51,211.8007,5.7547,795069.9982,795069.9982
605122.SH,20260413,2.7428,0.61,,1.1004,220785.474,220785.474
301012.SZ,20260413,5.045,0.74,114.0638,5.0294,586547.3624,586547.3624
600828.SH,20260413,4.2787,0.69,,1.3301,897166.9588,896844.5738
600165.SH,20260413,4.3079,1.91,,,599492.8805,271910.9627
000682.SZ,20260413,2.0256,1.07,21.4626,2.9562,1626301.8595,1626095.567
920110.BJ,20260413,3.4024,3.08,29.159,3.5632,131859.0,54904.059
688565.SH,20260413,2.6702,0.92,195.1061,3.7927,188659.8,188659.8
002721.SZ,20260413,1.2973,0.9,,3.7842,776538.5556,776538.5556
603583.SH,20260413,1.4549,0.79,34.6595,2.7039,1278444.9449,1266766.4089
600108.SH,20260413,6.3904,1.06,92.5225,2.0352,878058.7196,878058.7196
600583.SH,20260413,3.5634,0.8,14.8903,1.1678,3103791.0696,3103791.0696
603308.SH,20260413,4.1566,0.95,131.1653,9.4467,4636495.0274,4636495.0274
688135.SH,20260413,22.6892,3.77,,5.2855,830549.3418,830549.3418
300626.SZ,20260413,13.3565,0.62,,9.1446,483840.0,483575.2992
688583.SH,20260413,4.0864,1.03,113.7237,9.2345,1085905.6,378389.4815
600523.SH,20260413,1.2977,0.99,29.5541,1.7757,569270.3386,568894.825
603895.SH,20260413,3.5132,1.34,,15.3229,296895.76,296895.76
002602.SZ,20260413,2.837,1.69,31.7917,4.1345,11977358.7733,11044854.6439
002631.SZ,20260413,4.6275,0.63,,2.6282,574840.9572,572165.6658
301091.SZ,20260413,1.1383,0.68,125.7695,4.7595,1126797.36,1126797.36
600058.SH,20260413,2.3715,1.2,622.257,2.4357,1188748.9785,1188748.9785
002015.SZ,20260413,12.5189,0.65,44.0527,2.3038,2842441.3991,2842441.3991
000759.SZ,20260413,2.2134,0.69,,3.0231,366342.3653,362605.4318
000539.SZ,20260413,11.5856,1.16,48.4823,1.2407,2908657.3282,1415684.342
002818.SZ,20260413,1.366,0.84,14.3227,1.4235,795611.8532,317129.9838
000548.SZ,20260413,2.4715,0.77,61.8274,1.2665,260091.4375,260091.4375
301211.SZ,20260413,2.5247,0.63,144.0223,2.2118,502790.4,502784.6208
920368.BJ,20260413,5.9607,0.89,103.2818,1.9175,808583.8354,769282.9531
002339.SZ,20260413,3.5448,0.65,111.7812,3.01,518710.9499,492678.6185
300522.SZ,20260413,5.9276,0.9,202.3714,5.2319,413060.3805,337038.3005
301096.SZ,20260413,3.8912,1.02,,2.2898,592017.2993,448706.5102
920961.BJ,20260413,1.51,0.62,912.0467,4.1874,317534.4493,231081.6281
688353.SH,20260413,11.5842,1.2,1507.5807,5.8244,1998535.0,1998535.0
002989.SZ,20260413,2.0131,0.76,,3.4268,512908.1555,466408.2875
301153.SZ,20260413,4.7998,0.85,87.55,4.7036,883115.0032,823741.0801
002880.SZ,20260413,3.6519,1.2,26.4908,2.6067,605782.8,605782.8
603031.SH,20260413,5.1568,1.17,58.5023,4.871,1322125.5385,1111857.8008
002792.SZ,20260413,13.0665,0.5,1561.3008,8.5052,2368262.6916,1527304.4831
603040.SH,20260413,2.9032,1.61,42.0472,7.6707,1089736.7855,1084052.75
300617.SZ,20260413,10.6257,1.08,81.3312,3.4169,985629.1855,826318.3104
600863.SH,20260413,4.3893,2.06,18.2253,1.6609,3760890.9888,3132906.1493
301159.SZ,20260413,5.225,0.88,,5.4923,320383.7,219588.0265
688659.SH,20260413,2.9015,0.84,,3.0446,156320.0,156320.0
301021.SZ,20260413,5.1739,0.84,206.6988,8.8258,890061.7845,889400.7692
300102.SZ,20260413,5.7354,0.77,252.9411,6.7399,2899972.0023,2886243.1741
300088.SZ,20260413,1.4656,0.65,44.3286,1.7721,1548594.819,1541012.2611
002261.SZ,20260413,6.4725,0.75,,17.3912,4534133.4749,4123202.5593
000719.SZ,20260413,3.7187,1.38,10.5876,1.1672,1428392.4336,931337.97
300568.SZ,20260413,6.2427,0.95,586.865,2.1754,2134297.0735,1930388.5109
603068.SH,20260413,2.2434,1.05,264.5318,2.8569,493308.7868,493308.7868
000882.SZ,20260413,3.4327,1.05,,0.6807,459875.1271,459566.3967
001238.SZ,20260413,1.8681,1.91,,4.4412,507555.6,474795.2905
600493.SH,20260413,3.0807,0.72,129.1587,1.8089,202912.0,202912.0
920489.BJ,20260413,2.0424,0.64,,3.9589,189951.2064,120861.1364
301371.SZ,20260413,5.5372,4.45,26.3546,2.2285,1245128.976,186227.8236
001278.SZ,20260413,4.2886,0.88,,2.1298,268377.7446,185039.29
300797.SZ,20260413,1.3084,0.78,36.3143,4.5395,574092.315,567737.7975
000889.SZ,20260413,33.7271,3.01,,51.7105,367026.1175,340981.073
688679.SH,20260413,6.2641,0.99,,6.8046,748655.8024,748655.8024
603177.SH,20260413,8.388,1.33,210.2391,6.8227,247072.32,247072.32
002967.SZ,20260413,1.3319,0.79,30.7729,2.6645,1306423.9016,1121814.7166
688709.SH,20260413,4.7677,1.56,176.868,9.1335,2716789.4129,945969.5068
688367.SH,20260413,3.9407,0.89,327.9108,5.5586,330607.6158,330607.6158
600017.SH,20260413,2.9643,1.05,18.6497,0.661,922696.1664,922696.1664
688570.SH,20260413,0.5577,1.17,78.1155,1.7767,764245.0,332173.0
300570.SZ,20260413,25.2871,1.4,103.7769,18.1704,3102553.0032,2625353.6207
601038.SH,20260413,2.4759,0.89,17.3677,1.8408,1410174.8201,918290.1201
600313.SH,20260413,8.7269,0.82,160.4187,3.613,858255.3631,799744.812
301081.SZ,20260413,7.1596,0.83,235.4322,3.1199,337062.7391,323405.3435
688608.SH,20260413,3.078,0.99,47.9245,4.0364,2846706.7781,2846706.7781
601519.SH,20260413,2.7959,1.03,,15.9577,2132379.52,2132379.52
002094.SZ,20260413,2.9073,0.77,117.3095,2.878,444938.0216,444652.0856
301535.SZ,20260413,7.2839,1.53,65.376,7.3765,818691.1772,326857.5272
603067.SH,20260413,6.2284,0.77,50.5486,7.5467,2621283.9016,2621283.9016
601677.SH,20260413,4.3636,0.67,10.7257,1.1086,2120207.784,2076701.299
001289.SZ,20260413,8.2469,0.96,28.388,1.7131,12849037.4441,7749452.8101
000685.SZ,20260413,1.6544,0.88,11.72,0.9051,1627047.8202,1383120.2636
002986.SZ,20260413,5.0659,1.4,,1.5219,580065.2442,460603.9365
301325.SZ,20260413,2.2007,0.81,,2.2624,640754.015,257805.0991
300268.SZ,20260413,1.1274,1.09,,,243880.0,187190.5
600202.SH,20260413,2.8246,0.69,,2.7964,225787.6558,225787.6558
600675.SH,20260413,2.0846,1.82,135.5623,1.1132,1608271.998,1608271.998
603018.SH,20260413,0.7434,1.11,14.9065,0.9518,501222.7634,501222.7634
301187.SZ,20260413,5.1061,1.57,25.163,3.3066,501454.2437,501452.6209
002795.SZ,20260413,4.4269,0.9,,8.027,358650.1907,352756.305
300575.SZ,20260413,3.285,0.73,,1.4981,295735.288,212479.0939
300247.SZ,20260413,1.3252,0.7,47.8571,3.2595,368250.4634,367900.0934
603038.SH,20260413,1.7456,0.98,116.3148,2.9237,407314.4927,407314.4927
002030.SZ,20260413,0.8956,0.63,,1.0733,830840.0509,830840.0509
600157.SH,20260413,2.6611,0.69,128.1626,0.802,3774473.1971,3774473.1971
001208.SZ,20260413,4.4789,0.48,109.544,4.1363,1207120.6669,497730.5771
301566.SZ,20260413,2.8885,0.81,54.283,5.7298,824420.61,427659.1653
688306.SH,20260413,0.9725,0.58,908.5111,5.7937,1107911.0856,1107911.0856
002135.SZ,20260413,7.1943,1.18,109.2388,1.3524,852258.2732,797517.3538
003013.SZ,20260413,1.4782,0.69,13.0317,1.6582,606818.0239,526730.3149
000526.SZ,20260413,2.727,0.79,16.988,4.0044,399338.8542,391468.6471
600353.SH,20260413,6.4619,1.54,80.3417,6.847,1298082.8378,1296260.6527
600750.SH,20260413,1.1587,0.68,17.9463,4.0358,1627170.0198,1609434.5344
002921.SZ,20260413,11.845,1.83,,3.1312,414434.8933,357491.5347
002328.SZ,20260413,45.7738,2.6,55.6416,2.4984,830424.52,614172.0801
002024.SZ,20260413,0.916,0.77,215.1262,0.9901,1250743.6284,1249194.2265
603806.SH,20260413,5.0871,1.09,58.6367,2.8266,4513128.6511,4513128.6511
000563.SZ,20260413,1.0679,0.67,12.1373,0.9179,1738749.9217,1738749.9217
600078.SH,20260413,8.5454,1.2,,4.9518,859552.3335,841467.5335
603210.SH,20260413,1.5024,1.03,28.2196,3.1216,570170.0,389734.8125
301080.SZ,20260413,3.7516,0.64,46.6595,3.0507,806130.8453,607564.0148
603663.SH,20260413,4.1136,1.11,234.7472,13.635,1802833.6353,1800789.3153
600815.SH,20260413,14.2494,1.72,,4.7691,723830.5478,723830.5478
002050.SZ,20260413,2.9215,0.85,46.0377,5.8914,18704621.9411,16376258.0342
300788.SZ,20260413,9.1222,1.05,45.7494,2.7014,595174.242,595174.242
603788.SH,20260413,0.9327,0.85,17.6252,1.6539,341735.6842,341735.6842
605259.SH,20260413,2.3183,1.05,14.9818,2.0676,371004.48,371004.48
002117.SZ,20260413,2.487,1.23,36.219,3.6465,522149.7921,521974.9303
920925.BJ,20260413,2.473,0.55,109.675,4.4476,166243.1835,93172.1643
002634.SZ,20260413,8.8101,0.86,,,380803.2333,370160.552
000859.SZ,20260413,3.4937,0.7,,3.1701,861929.1727,861880.1107
688360.SH,20260413,2.6293,0.88,53.5407,3.4479,500589.276,478838.8944
688737.SH,20260413,2.0616,1.18,,1.6734,296041.7243,296041.7243
300286.SZ,20260413,3.3998,0.9,30.6557,2.8036,628967.9147,521099.8354
603883.SH,20260413,1.2056,0.6,24.2808,1.5173,1013877.3553,1013877.3553
300517.SZ,20260413,3.2451,0.83,,2.2955,231678.2684,145938.2108
600638.SH,20260413,1.4851,0.95,24.8758,0.8781,404711.4684,404711.4684
300417.SZ,20260413,5.1075,0.8,,3.7016,169953.3216,110591.1066
002756.SZ,20260413,7.2584,1.53,67.7469,3.3106,4092858.8917,2951243.0265
920245.BJ,20260413,7.7195,4.51,95.8632,3.5402,123099.606,94153.9938
688022.SH,20260413,4.8213,1.07,83.2407,4.3175,294596.1927,294596.1927
688137.SH,20260413,7.7685,2.43,,1.5587,317403.5106,317403.5106
600644.SH,20260413,7.3557,0.53,279.4943,3.1612,654080.8452,654080.8452
301160.SZ,20260413,3.1152,0.84,29.7991,3.9981,654422.1791,426054.1525
600160.SH,20260413,2.7766,1.53,23.1353,4.5811,9138640.4842,9138640.4842
002843.SZ,20260413,21.7642,1.18,143.2157,4.2796,605680.5742,603406.9042
603803.SH,20260413,19.1345,0.61,,4.1283,648372.308,648372.308
600617.SH,20260413,10.6707,1.09,,1.9388,655925.2038,603684.5143
001395.SZ,20260413,0.8551,0.43,18.2088,2.8267,338403.96,181886.31
600382.SH,20260413,6.5371,1.18,29.9182,2.3915,648577.1551,648577.1551
603725.SH,20260413,1.9676,0.86,22.6876,3.2425,268274.7584,252258.7584
300689.SZ,20260413,2.9226,0.95,229.3917,7.8338,541008.0,473532.5743
002046.SZ,20260413,4.9944,1.11,88.1417,5.7316,2480418.8906,2446243.3812
000598.SZ,20260413,1.7951,1.1,9.8265,0.9986,1969445.7559,1966290.2959
920374.BJ,20260413,1.6325,0.78,103.5064,6.1662,161242.604,67476.6039
002706.SZ,20260413,7.6097,1.82,40.1459,2.5014,1064722.519,866833.3681
000488.SZ,20260413,1.7715,1.12,,8.8195,797134.6302,459133.5523
603608.SH,20260413,3.0139,0.77,,4.1668,440722.9901,440722.9901
002064.SZ,20260413,2.7222,1.09,29.8946,2.0312,5553086.6207,5541277.4501
002045.SZ,20260413,1.2846,0.69,237.9167,1.5035,665417.5452,664648.2994
603223.SH,20260413,2.2513,0.87,25.3353,1.5397,588655.709,588655.709
920976.BJ,20260413,7.3892,1.7,31.8799,7.6858,214634.035,133461.79
600267.SH,20260413,1.3535,0.56,22.6801,1.4249,1226332.7035,1226332.7035
001914.SZ,20260413,1.5873,0.79,15.5986,0.9521,1021054.5424,1021050.8602
920247.BJ,20260413,2.5027,0.95,71.9538,6.5197,312725.1695,226858.0653
603171.SH,20260413,3.3211,0.95,188.9792,8.0162,2023598.1,2021332.2
000735.SZ,20260413,2.4806,1.08,,1.8442,778423.1787,778006.7215
603303.SH,20260413,1.1405,0.7,27.0884,2.2517,715893.8071,715893.8071
002099.SZ,20260413,2.614,0.83,,2.3205,1188136.9957,1185922.2314
920726.BJ,20260413,3.1427,0.64,85.6051,3.8393,169178.88,93046.2291
300997.SZ,20260413,1.6344,0.66,196.7781,8.3145,869259.7948,789020.5065
600548.SH,20260413,1.285,0.58,20.2481,1.0105,2327214.0685,1572128.6264
920080.BJ,20260413,0.9293,0.42,27.0036,3.3573,186667.0,50963.2418
600381.SH,20260413,3.0126,0.88,,1.6533,170247.6149,170247.6149
600602.SH,20260413,14.4749,0.66,172.2592,6.8433,3337123.2302,2621299.2956
002707.SZ,20260413,1.9005,0.86,132.5866,7.0721,655470.927,550413.2191
300298.SZ,20260413,0.9527,0.82,31.8135,2.8071,896988.0962,721912.0092
001220.SZ,20260413,7.527,1.23,24.1961,2.5723,384849.3,94278.0622
600452.SH,20260413,3.2292,0.89,46.0348,3.2825,1796217.1935,1796217.1935
688516.SH,20260413,10.7618,0.94,50.6441,6.1759,2246096.5943,2242038.7423
920821.BJ,20260413,2.5357,0.51,166.2033,5.5624,293880.6735,154740.6683
600206.SH,20260413,8.3487,1.66,68.7957,4.523,1915750.1903,1915750.1903
000559.SZ,20260413,9.3604,1.5,51.7035,6.1356,5354303.8871,5352673.375
002981.SZ,20260413,4.0168,0.74,45.6629,3.1569,336840.9818,292571.6868
301053.SZ,20260413,35.9908,1.2,182.6891,5.9019,506267.6443,468272.9655
603093.SH,20260413,18.7259,2.12,28.2211,2.4523,1372289.9954,1166445.9874
600269.SH,20260413,1.0525,0.65,8.1221,0.533,1039256.1212,1039256.1212
300875.SZ,20260413,9.2999,0.58,,4.4461,419705.2932,369076.1765
300557.SZ,20260413,5.6248,0.71,87.5489,4.1363,412401.1997,407006.1044
300691.SZ,20260413,1.8403,0.66,,2.7674,445813.8053,365763.0648
300563.SZ,20260413,2.654,0.81,89.6092,5.3105,586843.8868,412885.745
301357.SZ,20260413,13.306,1.11,1038.2742,9.857,1121360.8,280340.2
002725.SZ,20260413,4.9984,0.91,56.3692,4.0133,413440.0,342402.3015
000010.SZ,20260413,6.695,2.17,105.1662,14.5433,474806.3966,352715.7674
603218.SH,20260413,2.1253,0.72,26.2249,1.4152,1446599.115,1443362.895
301312.SZ,20260413,30.3435,1.01,174.8672,12.0735,1487370.8317,743224.6376
600036.SH,20260413,0.496,0.96,6.5459,0.8974,98306958.1527,80411625.3842
603790.SH,20260413,2.7575,0.77,73.1671,3.3267,419269.76,419269.76
600853.SH,20260413,1.7513,0.7,9.8735,1.1708,399396.2421,399396.2421
002596.SZ,20260413,1.8048,0.55,,6.2508,417719.3086,417335.1976
603658.SH,20260413,1.0548,0.85,17.604,2.2095,1932558.5654,1932558.5654
002912.SZ,20260413,4.5354,1.67,65.3137,2.6409,453346.56,430698.7091
002227.SZ,20260413,3.1794,0.91,,2.331,222529.9407,220851.2159
300822.SZ,20260413,1.4466,0.74,358.2653,3.5267,436150.68,404574.8518
601188.SH,20260413,2.0578,0.74,25.6287,0.9629,430805.072,430805.072
300983.SZ,20260413,1.0135,0.59,,1.7485,495590.4,339234.1096
301122.SZ,20260413,3.0625,0.86,913.4686,1.9878,355490.3735,219963.0335
002010.SZ,20260413,1.21,0.7,28.9298,0.8986,1594845.8339,1590824.1139
601611.SH,20260413,3.0722,0.63,24.7877,1.9569,4252520.0731,4252520.0731
600693.SH,20260413,8.5209,1.71,212.505,2.729,972488.103,971489.2103
002940.SZ,20260413,11.3305,0.51,55.7458,3.8275,602562.0916,553417.8199
688698.SH,20260413,3.5519,0.83,54.3112,6.3665,1457495.0909,1457495.0909
603363.SH,20260413,3.8579,1.07,5.8027,3.1467,1051596.5777,865822.9222
300007.SZ,20260413,2.2955,0.8,174.1594,4.8982,1423406.1058,1231483.5345
000595.SZ,20260413,1.5983,0.98,707.3909,14.209,723046.7924,723046.7924
300856.SZ,20260413,1.0537,0.64,47.2164,2.2279,596036.0904,576048.7356
603283.SH,20260413,12.7478,2.16,28.5234,4.337,1369428.8667,1369428.8667
603381.SH,20260413,4.2168,0.71,59.5869,1.531,547587.6004,328053.7793
002340.SZ,20260413,3.0696,1.23,34.1121,2.0332,4179630.1422,4156965.5072
688330.SH,20260413,3.4706,0.88,11.1446,1.6279,711900.0,711900.0
002927.SZ,20260413,12.4973,2.32,219.7735,3.5945,372061.3641,367969.9659
301392.SZ,20260413,15.7576,0.86,672.3756,19.71,1429300.0,583095.9559
002014.SZ,20260413,1.0746,1.1,15.1662,3.0504,716002.9914,706680.4724
300902.SZ,20260413,1.9976,0.58,,3.9907,327609.6709,218498.2195
001213.SZ,20260413,1.8622,0.67,31.7596,0.9431,1799999.9998,1799999.9998
002851.SZ,20260413,3.7519,1.0,255.6329,6.7944,6073719.5783,4783388.7636
300447.SZ,20260413,4.6362,0.62,204.1003,3.0303,605257.5068,390415.5555
002761.SZ,20260413,1.3485,0.64,52.6281,1.2787,1079770.4388,881657.9657
600072.SH,20260413,2.4523,0.78,,1.9108,1854803.0403,1339004.9226
002343.SZ,20260413,1.9878,0.76,,3.1733,302208.0225,302208.0225
002334.SZ,20260413,2.8079,1.03,33.2926,2.2563,693570.3258,619263.032
600745.SH,20260413,1.5267,0.85,,1.149,3901985.8947,3901985.8947
000777.SZ,20260413,1.9971,0.83,38.2924,3.7825,862306.1667,862290.9499
920651.BJ,20260413,8.998,1.02,20.7141,3.0636,166347.0,113081.5262
600740.SH,20260413,3.8588,0.89,,0.7219,1099149.9751,1099149.9751
000811.SZ,20260413,3.7519,1.06,32.7083,2.8943,1846009.0521,1819815.9667
603500.SH,20260413,2.1257,0.81,25.7748,3.7204,377384.139,376299.1538
600354.SH,20260413,5.3873,0.67,48.4149,4.8569,334626.5187,334626.5187
605006.SH,20260413,48.8898,2.37,,2.5436,634851.1797,634851.1797
300512.SZ,20260413,2.3529,0.88,108.7822,2.2927,372815.2486,295079.4601
300191.SZ,20260413,17.9629,1.56,,12.0981,1284800.0,888097.925
300807.SZ,20260413,4.7684,1.24,,7.7885,356187.2379,271905.8424
300582.SZ,20260413,2.4263,0.59,,2.9611,392276.9452,291103.38
600895.SH,20260413,2.385,0.66,57.15,4.1285,5635681.2725,5635681.2725
603933.SH,20260413,29.5884,3.35,290.0717,3.7586,496031.5343,496031.5343
300541.SZ,20260413,1.6687,0.64,66.1897,3.5294,608082.9117,546621.975
688663.SH,20260413,6.6384,2.43,89.7962,6.2001,856770.1776,856770.1776
600141.SH,20260413,2.7794,0.88,26.5952,1.608,3968145.0078,3968145.0078
600280.SH,20260413,2.2796,0.66,,5.7873,356553.793,356553.793
688400.SH,20260413,5.86,0.74,141.9283,4.8499,2283053.6018,2196093.156
920037.BJ,20260413,3.7808,1.01,33.5083,7.7978,662923.1572,214282.1044
301559.SZ,20260413,2.1072,0.78,86.6569,2.1391,976800.0,146520.0
300271.SZ,20260413,1.0695,0.66,,1.4735,538263.6262,528571.7802
603728.SH,20260413,1.6686,0.79,301.9531,8.1969,2429937.3825,2429937.3825
600613.SH,20260413,8.5886,0.6,51.9199,1.3873,323647.4066,290467.9067
300518.SZ,20260413,2.7921,0.7,,5.1776,389251.3964,389216.5532
600018.SH,20260413,1.238,0.87,8.564,0.8242,11616700.2915,11600112.4567
301557.SZ,20260413,3.5812,1.1,48.3431,4.3525,440110.0826,176459.5861
600199.SH,20260413,1.0766,0.79,,2.5568,528868.6465,528868.6465
000597.SZ,20260413,2.9318,0.62,29.0279,1.3652,754929.6922,745452.9069
002857.SZ,20260413,4.6871,1.32,259.3538,5.3636,279426.126,273792.0
002275.SZ,20260413,1.467,0.76,15.8442,2.6491,828471.726,788248.2556
600869.SH,20260413,7.2925,0.63,,7.9291,3377854.8794,3377854.8794
002234.SZ,20260413,2.6028,0.82,,1.6878,298709.9415,258005.795
600570.SH,20260413,1.4981,0.92,41.0511,5.137,5054146.3572,5054146.3572
600628.SH,20260413,2.8071,1.03,69.1003,1.0902,460575.2734,460575.2734
300021.SZ,20260413,1.0614,0.63,71.5095,1.7669,445752.2165,380514.296
603167.SH,20260413,1.2689,0.84,14.8428,1.2215,428798.0757,428798.0757
600159.SH,20260413,9.9508,1.66,,1.4989,257301.0019,257301.0019
688618.SH,20260413,7.329,0.48,105.3031,4.5005,385098.7769,384617.2288
301117.SZ,20260413,4.2574,0.68,283.3516,4.2842,559170.956,343938.5608
002805.SZ,20260413,7.6413,1.01,,5.0258,496270.7642,493577.4837
688168.SH,20260413,5.1759,3.8,,5.9403,587686.6205,587686.6205
300550.SZ,20260413,7.3868,2.99,64.2192,2.9498,329512.977,329207.0331
920792.BJ,20260413,0.8472,0.99,24.6805,1.7772,185239.26,112301.5397
002186.SZ,20260413,1.2057,0.63,,3.6938,319505.3731,319078.3029
605020.SH,20260413,2.5234,0.87,22.6381,2.2114,1271427.8015,1251777.8036
300490.SZ,20260413,10.0153,1.34,,3.3246,732756.6988,722798.3009
688176.SH,20260413,2.5325,0.65,,5.0347,794498.146,606039.1551
601118.SH,20260413,2.5078,0.99,100.1981,2.984,2892893.1908,2892893.1908
603285.SH,20260413,3.7251,0.86,37.5119,3.0126,505120.0,196670.9345
000989.SZ,20260413,2.7045,0.6,36.183,2.1641,805441.4333,653198.6816
601179.SH,20260413,6.385,1.02,63.8677,3.5286,8109145.8809,8109145.8809
300453.SZ,20260413,2.7256,0.94,19.3925,3.4965,509032.1681,350863.2221
300991.SZ,20260413,8.2935,1.31,290.5311,11.5925,739872.0,473425.596
301008.SZ,20260413,15.9396,0.52,141.3473,3.0836,464133.7013,410548.4213
002194.SZ,20260413,1.8685,0.78,,2.9143,724282.9544,541547.4015
002322.SZ,20260413,2.2633,0.89,23.4701,1.9117,504063.0706,484580.0539
300056.SZ,20260413,3.5659,0.8,,24.3969,360048.0738,359730.327
300567.SZ,20260413,5.5608,1.13,,10.0903,3565637.8255,2893960.5124
688502.SH,20260413,6.4074,0.88,386.8748,14.9027,1792401.6,1792401.6
600795.SH,20260413,1.1971,0.72,11.5425,1.4404,8561097.1594,8561097.1594
300965.SZ,20260413,2.4543,0.79,90.1667,2.621,325200.0,293188.125
300922.SZ,20260413,2.8239,0.8,75.55,3.3508,319906.1554,251621.9382
300614.SZ,20260413,3.9814,1.07,,1.9745,208893.7641,208893.7641
001696.SZ,20260413,2.5373,0.7,25.9746,3.9219,2150360.5558,1674045.8666
000712.SZ,20260413,2.0396,0.81,59.3186,3.7162,942592.0,942312.2995
000679.SZ,20260413,3.4758,1.37,,12.0244,237362.4,237362.4
603290.SH,20260413,2.476,0.78,59.2038,3.4575,2398566.2355,2398566.2355
603207.SH,20260413,1.5601,0.82,20.5266,4.6373,438234.5,148240.0
603039.SH,20260413,4.3793,0.55,39.3041,5.0041,1134675.7168,1134675.7168
601929.SH,20260413,2.3938,0.62,,2.064,1032977.2977,1032977.2977
002101.SZ,20260413,1.4252,0.64,20.6119,0.9443,738122.0015,735717.7531
688633.SH,20260413,2.1241,0.81,21.9105,2.2691,364600.3371,364600.3371
300269.SZ,20260413,3.7678,0.59,128.7923,37.707,405246.0029,387951.547
301588.SZ,20260413,3.4285,0.72,54.2104,2.6351,246412.854,152073.5864
601828.SH,20260413,0.691,0.74,,0.464,1045135.8415,867227.2894
001228.SZ,20260413,5.3508,1.76,37.8403,2.09,351166.243,270022.243
600507.SH,20260413,1.463,0.77,13.6493,1.2667,1286132.4668,1286132.4668
601187.SH,20260413,1.3995,1.21,7.5847,0.7276,1997819.8112,1993468.7296
301172.SZ,20260413,16.1415,0.92,158.7741,3.5765,523821.76,299952.585
600469.SH,20260413,3.6287,1.14,25.6371,1.27,586532.9411,480708.124
603708.SH,20260413,2.7432,1.23,48.0645,3.1857,719407.6867,719407.6867
300174.SZ,20260413,2.885,1.08,25.5233,1.8259,625349.1881,621888.0578
688007.SH,20260413,1.5388,0.9,,2.6588,652654.2017,652654.2017
002416.SZ,20260413,5.415,1.61,42.7514,2.89,1682944.6925,1662062.0448
000953.SZ,20260413,2.4877,0.74,313.8643,16.0809,247864.726,247864.726
301428.SZ,20260413,7.773,0.75,76.5112,2.6389,335762.6678,208252.2578
600810.SH,20260413,7.9897,0.7,,1.3346,970615.2077,961870.0677
300073.SZ,20260413,4.9231,1.23,49.3654,2.1245,3121524.186,2901745.4743
603477.SH,20260413,12.0894,1.18,25.053,3.0827,917616.6694,917616.6694
603376.SH,20260413,2.975,0.89,47.5017,7.9598,1340003.35,103975.95
301119.SZ,20260413,8.3582,1.54,41.0413,4.6539,474760.0,383962.15
000858.SZ,20260413,0.7034,1.27,13.9818,3.0007,39755429.1872,39753754.6919
603162.SH,20260413,4.9201,0.87,27.9429,2.9035,1299343.2312,391195.6944
300322.SZ,20260413,8.8929,1.4,197.0038,12.6285,1274305.6838,1219993.2135
300371.SZ,20260413,2.2625,0.67,37.8973,2.1461,250917.9681,167609.7451
603180.SH,20260413,1.4501,0.86,20.1419,1.0477,290928.966,290928.966
603001.SH,20260413,1.9037,0.59,,1.5343,364891.8,364891.8
603161.SH,20260413,1.9814,1.04,30.7353,1.898,283446.4339,278111.6775
688323.SH,20260413,6.4604,0.82,,4.7572,360183.5538,360183.5538
301602.SZ,20260413,1.3378,0.75,58.8575,6.4304,836956.1127,407407.81
002742.SZ,20260413,0.988,1.04,,18.8922,318107.4491,243641.4572
920599.BJ,20260413,1.3467,0.95,10.0952,2.3497,847345.8,642252.2019
688365.SH,20260413,6.846,0.81,,8.314,785220.7173,785220.7173
603173.SH,20260413,3.9084,1.33,16.45,3.4608,655360.0,655360.0
000570.SZ,20260413,2.3282,0.67,243.704,1.1786,405067.499,318967.499
003021.SZ,20260413,2.9263,0.92,104.7979,5.2245,2664930.1401,2065372.2428
688206.SH,20260413,1.8122,1.3,386.48,7.0981,1424337.1129,1424337.1129
600259.SH,20260413,8.8345,1.1,245.0026,8.9529,3125153.168,3125153.168
300647.SZ,20260413,2.5486,0.91,,5.0083,286740.282,286314.6237
300276.SZ,20260413,1.1336,0.58,201.4671,4.9386,979329.05,738929.7186
300122.SZ,20260413,1.4913,0.66,,1.2634,3705586.5284,2189346.0719
301387.SZ,20260413,12.8727,1.25,158.1343,3.957,651691.6804,260587.798
002419.SZ,20260413,4.0538,1.16,80.6517,1.6482,670918.6085,670834.0727
300031.SZ,20260413,1.4869,0.88,48.7136,2.171,881880.5397,741105.3846
600893.SH,20260413,2.0397,0.61,216.0788,3.4104,13706485.5718,13704071.5056
603496.SH,20260413,3.2207,0.53,262.5793,6.6054,917399.4812,917399.4812
300177.SZ,20260413,1.1969,0.62,,3.9777,600544.4363,489286.7236
603966.SH,20260413,7.6797,0.63,24.1311,2.6674,553355.3286,552038.3248
002739.SZ,20260413,1.5091,0.84,,2.7251,2092772.6996,2081013.236
300572.SZ,20260413,5.9962,1.93,,3.8952,689943.2906,553178.0653
002125.SZ,20260413,4.7066,1.16,37.4372,2.7992,854245.8448,854245.8448
003017.SZ,20260413,2.189,0.61,28.128,2.4269,260232.0,214654.1868
600748.SH,20260413,1.7008,0.73,,0.9085,948105.3265,948105.3265
000965.SZ,20260413,3.35,0.81,210.8803,0.7439,405088.2767,405088.2767
603275.SH,20260413,7.2143,1.66,33.5439,2.2228,650430.5326,181595.2302
300838.SZ,20260413,3.3763,0.68,422.6745,2.1037,207656.89,153141.0869
600323.SH,20260413,1.0463,0.91,12.4455,1.6734,2344123.0448,2344123.0448
002088.SZ,20260413,2.3531,1.64,21.6645,2.0164,523898.1603,516412.9969
600103.SH,20260413,28.6268,6.12,142.2642,2.2557,896330.6988,884931.6188
920663.BJ,20260413,5.8454,0.86,25.3445,5.3282,216355.0662,103803.9624
600192.SH,20260413,1.8447,0.56,,3.6375,368859.58,368859.58
300815.SZ,20260413,1.4236,0.94,16.2552,1.8811,830267.136,813162.8065
600363.SH,20260413,1.3054,0.84,75.9205,5.4305,2324329.9598,2324329.9598
600743.SH,20260413,7.5793,0.72,,10.8244,685061.4552,685061.4552
688339.SH,20260413,3.6942,1.2,,2.9384,591227.8551,481244.7385
002561.SZ,20260413,1.1288,0.86,,1.5431,334689.215,333623.8514
002590.SZ,20260413,1.4921,0.66,30.5275,2.1519,646220.3339,616221.2969
688275.SH,20260413,8.6271,1.14,,3.1182,1596659.7416,1596659.7416
000513.SZ,20260413,1.9037,1.15,14.7323,2.1462,2980704.373,1907245.2885
603136.SH,20260413,2.3793,0.89,29.466,2.2227,302001.6618,302001.6618
688117.SH,20260413,6.7519,2.1,35.8101,5.5732,593817.295,593817.295
600938.SH,20260413,2.6516,0.88,14.8373,2.2565,181136654.633,11394890.0
300496.SZ,20260413,2.3025,0.8,57.457,2.7579,2783979.252,2227208.0216
600085.SH,20260413,0.5585,0.62,31.8948,2.7778,3793486.7447,3793486.7447
002953.SZ,20260413,2.0966,0.71,33.0771,2.6516,574656.6085,317544.2737
920839.BJ,20260413,1.8504,0.62,30.887,5.8969,391038.5841,215198.1226
002138.SZ,20260413,2.7122,1.06,27.3007,4.5392,2787442.5498,2615219.6254
002840.SZ,20260413,9.1315,0.59,112.9369,2.5501,1023564.3175,1016500.4249
300370.SZ,20260413,1.7096,0.74,,8.7603,400736.3136,399736.3415
000936.SZ,20260413,2.7738,1.04,21.0759,1.2511,669825.7426,669730.8268
605287.SH,20260413,8.6996,0.78,,3.8324,595140.0,595140.0
002593.SZ,20260413,2.857,0.94,43.8789,1.7967,434887.1937,302337.3728
688589.SH,20260413,1.7966,0.63,161.1777,3.4758,331494.3496,331494.3496
000032.SZ,20260413,2.2857,0.64,139.4788,3.0019,2197044.1943,2057430.2951
600518.SH,20260413,1.0911,0.61,1454.3232,3.3674,2420056.9208,2418911.6329
603036.SH,20260413,2.5116,0.95,36.4692,2.7667,383583.2186,383583.2186
920018.BJ,20260413,3.3462,1.07,32.9516,3.7056,356522.7792,123826.64
600178.SH,20260413,1.5226,0.88,1309.4375,2.0833,529916.9189,529916.9189
002474.SZ,20260413,2.0248,0.78,,3.4837,475983.0,406035.9479
300238.SZ,20260413,2.7387,0.63,166.0897,7.0932,404362.444,404329.4751
002162.SZ,20260413,2.8374,0.82,645.298,5.2751,434098.8555,433529.2251
920693.BJ,20260413,4.5057,1.26,509.7111,5.4196,189965.1,95661.93
002554.SZ,20260413,5.6205,0.8,,2.101,497477.5869,497384.5058
688790.SH,20260413,5.2431,1.0,,4.8752,1358607.5412,164587.2092
300726.SZ,20260413,3.5213,1.09,51.9283,3.563,1790679.6461,932378.2632
603124.SH,20260413,3.2158,0.87,86.4547,9.9131,1781443.5674,948612.4846
301382.SZ,20260413,3.8308,0.75,55.1708,5.2572,973875.2092,601143.9146
301515.SZ,20260413,3.0481,0.63,,1.8308,223000.0,146222.3265
300279.SZ,20260413,3.0463,0.68,64.2239,4.0208,416712.7655,414876.4601
301529.SZ,20260413,5.5959,0.79,67.8047,6.479,900207.6353,480025.8296
300619.SZ,20260413,4.6342,1.09,,4.6911,740020.5455,618658.5919
300562.SZ,20260413,2.7676,0.87,35.2718,2.8233,289225.9092,215591.4932
300958.SZ,20260413,3.1937,0.9,,1.6574,206422.0745,119912.0954
603888.SH,20260413,2.3622,0.63,47.8589,3.6623,1347452.1215,1347452.1215
300802.SZ,20260413,2.3045,0.88,61.0386,3.8033,531794.4934,364509.8477
000401.SZ,20260413,1.2824,0.77,57.6118,0.462,1259994.9694,1247262.097
600191.SH,20260413,1.9188,1.0,145.9439,3.3885,573674.556,573674.556
300355.SZ,20260413,10.9774,2.38,102.5739,1.4251,612820.4749,496015.142
920299.BJ,20260413,7.208,0.94,82.4223,7.1504,207161.2255,104408.5447
300476.SZ,20260413,7.6314,1.22,60.3325,15.6319,26015296.2871,25550845.969
300416.SZ,20260413,3.658,0.85,35.3593,3.2892,910300.5727,903867.9625
600250.SH,20260413,24.3858,0.76,142.652,5.729,364089.1943,364089.1943
605358.SH,20260413,2.5242,0.92,,3.4185,2395476.0261,2395476.0261
603682.SH,20260413,5.8549,1.53,,5.1144,327915.0,327915.0
600345.SH,20260413,32.5961,2.01,131.8221,5.1492,1812866.726,1163576.1335
000931.SZ,20260413,2.5733,0.74,77.4284,2.4325,398404.1735,397294.6224
605580.SH,20260413,3.9302,1.06,50.4499,6.3554,613200.0,613200.0
688084.SH,20260413,9.0986,2.52,,3.0773,474533.662,474533.662
603235.SH,20260413,1.1261,0.62,19.0211,2.4527,1173688.18,1173688.18
603987.SH,20260413,1.6624,0.73,15.7106,1.4358,383065.6018,383065.6018
688708.SH,20260413,0.9915,0.91,47.307,5.8983,2063651.59,734003.6897
603379.SH,20260413,3.4012,1.32,20.5291,5.0053,3712933.503,3712933.503
000762.SZ,20260413,22.2007,1.87,,5.9967,1753077.5618,1753014.8802
002724.SZ,20260413,1.9654,0.66,,1.9964,541591.5918,398586.8699
300163.SZ,20260413,3.6917,0.92,23.3406,3.691,216618.0,207382.0103
300205.SZ,20260413,2.4059,0.73,,2.5427,249862.536,249862.536
002828.SZ,20260413,23.8743,0.77,289.9359,3.7501,260881.9048,251243.4436
002362.SZ,20260413,1.1922,0.7,,4.8095,456396.8241,387577.871
001216.SZ,20260413,5.8303,0.77,21.1959,2.6435,478042.9966,466059.9717
600703.SH,20260413,10.1897,1.19,658.8256,1.7571,6211328.3151,6211328.3151
002441.SZ,20260413,2.4846,1.07,25.7291,1.2111,541276.3473,396685.2506
002607.SZ,20260413,2.0117,0.87,152.0472,20.02,1634360.8381,1347259.3052
600598.SH,20260413,4.5281,0.67,24.5422,3.5761,2862064.6535,2862064.6535
600281.SH,20260413,3.3932,1.08,,50.1883,283949.9178,283949.9178
600008.SH,20260413,3.4442,1.76,12.6356,1.095,2238880.1565,2238880.1565
000819.SZ,20260413,1.639,0.9,,2.5604,543171.6238,537332.4898
002661.SZ,20260413,1.3352,0.66,25.9655,1.3049,297825.1413,281227.2044
300107.SZ,20260413,2.1742,0.68,338.6873,2.6223,394510.3699,243448.6195
000001.SZ,20260413,0.4976,0.62,5.0389,0.4761,21482351.4452,21481999.9229
002130.SZ,20260413,4.6288,1.17,30.7546,3.9418,3517916.9407,2882291.0143
603789.SH,20260413,2.3042,1.0,,9.7473,144541.957,141700.0
002078.SZ,20260413,1.6824,1.91,12.4828,1.3303,4057664.9928,4032718.7166
002361.SZ,20260413,39.2889,1.11,456.8532,7.1751,1588228.3982,1351235.3833
600696.SH,20260413,5.0444,0.97,,1.3966,40136.3317,40136.3317
688403.SH,20260413,4.9511,0.73,96.2812,3.7318,1489764.2672,1489764.2672
601939.SH,20260413,1.0434,0.96,7.1941,0.704,243811555.5198,8941288.8888
603727.SH,20260413,7.073,0.83,93.6194,1.7973,575270.7636,575270.7636
002066.SZ,20260413,6.8757,1.47,,8.2127,515855.772,507276.0
688313.SH,20260413,20.0852,1.15,154.5235,34.7701,5279200.311,5279200.311
603002.SH,20260413,18.052,1.64,345.197,3.8488,1325737.777,1325737.777
600584.SH,20260413,3.1971,0.92,48.9871,2.6743,7667641.4325,7667641.4325
688606.SH,20260413,0.8361,0.86,22.0576,1.2206,481472.6324,481472.6324
688621.SH,20260413,1.8639,0.53,37.4926,6.0778,735168.0,735168.0
600535.SH,20260413,1.057,0.9,18.7528,1.6705,2072108.6569,2072108.6569
920305.BJ,20260413,11.7936,1.02,,1.9313,91604.2785,56121.8055
301275.SZ,20260413,2.3609,0.81,34.5903,4.291,1716211.2,1192638.3038
002779.SZ,20260413,6.0991,2.38,105.2887,19.9289,1816953.6,1630227.5497
002962.SZ,20260413,28.9953,4.08,130.0771,2.7308,483581.1536,346827.0803
603065.SH,20260413,1.6329,0.72,93.3654,1.6921,341039.6036,341039.6036
300770.SZ,20260413,1.7758,0.97,13.7717,2.5477,909531.6553,909531.6553
600925.SH,20260413,0.6604,0.73,98.4423,2.0537,3162000.0001,737176.301
688381.SH,20260413,1.5114,0.99,,2.2565,571477.5,571477.5
002564.SZ,20260413,1.5599,0.76,112.2679,28.3263,527367.3489,527367.3489
688159.SH,20260413,2.4807,0.82,149.6456,4.2599,382877.2472,382135.4672
600889.SH,20260413,2.9007,1.45,,6.4684,807451.9288,530102.6765
000593.SZ,20260413,12.1465,0.75,4111.5585,7.0013,612183.1324,611930.7695
688183.SH,20260413,15.9166,1.88,59.8704,15.3508,8819799.9185,8819799.9185
300533.SZ,20260413,12.1066,3.3,12.5058,3.9263,599050.3334,421522.7911
603256.SH,20260413,12.8638,0.74,400.0705,30.6989,8077956.9539,7855966.575
600316.SH,20260413,3.133,1.26,688.4399,5.0905,2737226.0923,2737226.0923
300502.SZ,20260413,4.3578,1.02,67.7829,35.0886,50964845.4449,45397209.7359
601888.SH,20260413,1.7305,0.78,39.92,2.5809,14316018.8772,13452556.4982
002402.SZ,20260413,2.5578,0.8,47.4388,5.5256,2902439.5766,2553946.6007
920089.BJ,20260413,1.0927,0.75,16.9458,2.199,279338.472,159104.2564
000790.SZ,20260413,3.5952,0.7,,3.5119,251358.9037,250913.6894
603229.SH,20260413,2.4009,0.85,45.7739,3.6045,846072.7908,846072.7908
600818.SH,20260413,1.1274,0.65,,4.9768,278052.4422,205833.5922
002317.SZ,20260413,2.1447,0.49,,3.8764,1562172.2167,1399852.7922
920895.BJ,20260413,2.518,0.94,,4.7243,91568.88,46553.778
601137.SH,20260413,2.9907,0.87,16.2499,1.8034,1847078.262,1845710.782
603898.SH,20260413,2.2245,0.55,195.3471,1.2978,408484.7213,408484.7213
600666.SH,20260413,24.355,0.94,120.2057,15.635,1766429.2269,1553481.3843
603909.SH,20260413,10.6172,1.59,29.6257,2.7954,323495.3667,323495.3667
301133.SZ,20260413,9.0074,0.75,114.8237,3.7982,520484.4838,476217.6272
300982.SZ,20260413,4.413,0.73,509.205,1.5842,459876.5544,430839.4584
600081.SH,20260413,1.1929,0.89,117.4814,1.3425,615518.1272,615518.1272
603662.SH,20260413,1.8204,0.88,48.2572,5.6774,1563379.8752,1563379.8752
300716.SZ,20260413,5.4262,1.24,,,231068.88,231068.88
601016.SH,20260413,8.7088,0.75,29.4446,1.5057,2650493.6373,2445470.3581
600769.SH,20260413,3.3326,0.74,295.0134,45.3687,545216.8488,545216.8488
688015.SH,20260413,1.2568,0.82,27.2557,1.5923,423965.6273,423965.6273
003041.SZ,20260413,6.5568,0.74,29.7935,5.0892,744768.0,707650.6248
002174.SZ,20260413,2.2733,1.41,,1.8992,941598.3393,941067.9394
002214.SZ,20260413,0.7599,1.37,,8.6164,1132071.1411,904685.8908
000697.SZ,20260413,1.5754,1.23,,4.1209,1377939.1521,644616.9525
000026.SZ,20260413,5.5673,2.57,76.2569,1.9957,665858.7355,598244.1629
603636.SH,20260413,1.1378,0.66,,2.3956,538574.5653,538574.5653
920571.BJ,20260413,6.7902,0.63,201.6136,4.1336,558739.8977,284414.0927
002640.SZ,20260413,2.4176,0.67,,12.0852,548430.5482,544988.2258
600021.SH,20260413,1.8741,0.69,19.7823,2.4687,5216463.4133,5216463.4133
001226.SZ,20260413,4.8559,0.57,149.7797,4.4078,321216.1434,145952.6634
300910.SZ,20260413,2.2846,1.05,19.8082,3.8173,1458664.9853,1019925.9709
000978.SZ,20260413,20.7254,0.91,331.8094,3.3801,366077.66,366070.0355
603683.SH,20260413,8.1731,1.39,124.7041,4.9452,799552.4273,791313.4388
000037.SZ,20260413,16.0846,0.89,123.6078,4.0017,588296.2937,330774.3544
920175.BJ,20260413,1.1643,1.13,,1.7389,115430.0,76897.5842
601606.SH,20260413,6.1006,1.1,,13.2285,2927331.1928,2927331.1928
600084.SH,20260413,1.0343,0.96,644.8416,5.915,765257.9712,765257.9712
300170.SZ,20260413,4.1409,0.71,105.4067,3.7681,2085343.5104,1993299.1144
002323.SZ,20260413,7.0793,0.83,,13.2831,464467.2761,464363.6414
920405.BJ,20260413,1.7223,0.68,49.5472,3.584,291600.54,228856.8522
600409.SH,20260413,3.0879,0.91,67.2411,1.0928,1519361.1937,1519361.1937
688260.SH,20260413,3.8921,1.1,,23.5554,321960.0,321960.0
300761.SZ,20260413,4.0162,1.74,27.7978,1.9953,1799292.4585,1349606.6634
601609.SH,20260413,2.1848,1.09,23.2575,1.7842,1773582.786,1773582.786
002177.SZ,20260413,23.5401,1.78,608.1729,3.5818,610475.4178,541285.0083
605268.SH,20260413,13.2237,1.22,31.4301,3.3196,556985.52,549734.64
688200.SH,20260413,2.6191,1.14,70.9403,9.3581,3818919.6808,3818919.6808
301261.SZ,20260413,2.9557,0.78,129.6726,4.3553,670514.3053,285960.2559
002643.SZ,20260413,3.4358,1.56,60.2525,2.1425,1542264.865,1519432.8975
001211.SZ,20260413,25.4663,1.94,100.446,2.6391,228096.0,212245.1496
002466.SZ,20260413,7.7569,1.5,229.0358,2.3564,10595781.3444,9163464.5115
603005.SH,20260413,3.2656,0.72,49.5457,3.974,1831298.1504,1831298.1504
002956.SZ,20260413,2.2796,0.95,40.5059,4.0702,635583.8816,635519.5849
600975.SH,20260413,3.1233,1.47,278.7724,2.3019,694811.9274,694811.9274
000710.SZ,20260413,2.2296,0.58,,2.222,359884.8514,335461.4616
300147.SZ,20260413,3.1074,0.77,,10.1296,701617.0667,697499.6525
603380.SH,20260413,3.9556,2.17,25.7542,3.7252,570047.5836,570047.5836
002753.SZ,20260413,2.8516,0.67,40.5265,1.1914,316791.8167,179436.8797
002655.SZ,20260413,13.6575,0.8,91.8062,10.2002,767573.0911,767363.2712
600585.SH,20260413,0.9437,0.94,14.8011,0.624,12008219.644,9063326.044
300451.SZ,20260413,1.444,0.82,,1.673,720342.9818,709912.6031
301358.SZ,20260413,4.648,1.18,86.6746,3.8118,6484442.9054,5843164.2893
605369.SH,20260413,0.7047,0.57,38.4889,2.2922,393359.421,393359.421
002364.SZ,20260413,4.5453,0.63,226.2533,8.9995,2177051.4405,2155954.8249
300747.SZ,20260413,8.5995,0.79,110.7375,5.625,1842609.6,1670926.8194
601065.SH,20260413,1.2802,0.78,17.9449,1.2158,538003.5781,348406.3381
002501.SZ,20260413,1.7942,0.57,,24.9093,656750.0,656096.8031
300540.SZ,20260413,2.8942,0.96,77.3334,4.1035,464627.6386,418415.8609
603856.SH,20260413,3.7415,1.7,20.3404,1.3143,355390.6356,355390.6356
301090.SZ,20260413,3.2568,0.7,,1.8703,1173551.7565,1172327.8594
002152.SZ,20260413,1.9114,0.99,34.4444,2.3751,2965159.1802,2963667.6533
002369.SZ,20260413,1.3752,0.66,,13.3704,414445.0407,413903.4625
688109.SH,20260413,2.0577,1.0,191.5229,11.2487,905740.3424,905740.3424
600679.SH,20260413,1.5286,0.76,,2.8369,607016.6347,404871.8347
603260.SH,20260413,7.0042,1.74,,1.6428,5258456.4736,5258456.4736
300970.SZ,20260413,8.6162,0.52,904.5078,2.2626,348945.4986,270757.4231
601339.SH,20260413,4.2566,1.48,21.2892,1.2699,1165165.113,1165165.113
002019.SZ,20260413,2.9403,0.89,37.1151,1.7121,1511972.8757,1045952.2814
301633.SZ,20260413,1.7586,1.32,43.2851,3.7776,345104.64,158114.9591
600439.SH,20260413,1.3584,0.81,,1.0956,288656.2872,288656.2872
600537.SH,20260413,28.6907,2.72,,22.1683,498344.0226,498344.0226
301631.SZ,20260413,2.614,1.0,29.9671,3.2443,811030.1538,272419.1783
301333.SZ,20260413,5.0591,0.79,46.7246,3.25,639657.6585,638746.8635
688368.SH,20260413,6.592,0.9,524.4647,5.8252,1867335.7486,1282548.9707
301200.SZ,20260413,6.0253,0.67,107.4974,8.1774,8860662.5479,7721874.6825
002372.SZ,20260413,1.39,0.61,22.6735,3.4381,1679600.0773,1551755.0149
300002.SZ,20260413,1.4909,0.87,23.3873,2.4426,1866847.9988,1752851.8355
002063.SZ,20260413,2.2916,0.58,40.2181,3.0639,1210981.5593,1118200.2457
920100.BJ,20260413,2.6622,0.69,59.7869,7.8156,359820.3375,95404.4228
300311.SZ,20260413,1.8847,1.1,,5.9476,351634.9383,280527.5465
003009.SZ,20260413,2.8399,0.81,,4.8541,950419.5019,950245.7383
002689.SZ,20260413,2.8566,1.85,58.4859,3.2674,398544.697,398392.2022
600578.SH,20260413,2.1019,1.03,9.8945,1.4481,3441035.2017,3441035.2017
300685.SZ,20260413,3.9978,1.03,25.0094,4.3953,895051.6252,890619.5718
600621.SH,20260413,2.3744,0.91,23.815,1.6459,1513903.2897,1513903.2897
688090.SH,20260413,6.2915,0.78,678.0302,8.9578,807642.4224,807642.4224
301636.SZ,20260413,15.8401,1.46,51.3671,4.0329,435259.2137,108814.8051
300404.SZ,20260413,2.8912,0.62,525.7305,3.8159,389721.6694,288296.1301
601155.SH,20260413,1.2124,0.71,46.0672,0.5086,3133060.147,3133060.147
603366.SH,20260413,4.8515,0.54,38.6895,1.6927,703286.6074,703286.6074
300480.SZ,20260413,8.2418,0.99,,7.4942,1197995.7915,872098.1307
603616.SH,20260413,4.6158,0.71,,10.0084,251226.156,246716.106
688789.SH,20260413,1.1313,0.44,23.4172,3.4649,1238539.7112,1238539.7112
301259.SZ,20260413,1.631,0.81,,6.171,510588.0,323604.9074
300452.SZ,20260413,3.172,0.92,26.456,3.6743,342771.9585,290397.2004
000571.SZ,20260413,2.8799,1.0,,32.7036,464038.337,450137.7419
600581.SH,20260413,5.4693,0.62,,,435342.9951,435342.9951
000721.SZ,20260413,1.2553,0.57,,20.565,447653.1602,399641.0402
002165.SZ,20260413,7.675,0.68,144.9494,3.5355,722770.2498,715259.7946
300842.SZ,20260413,4.1554,1.06,,7.73,1218170.6451,1082683.2744
002263.SZ,20260413,46.0639,1.28,184.4094,3.3873,937301.6899,937294.2049
603885.SH,20260413,1.397,0.66,36.1238,2.6931,2647014.3848,2647014.3848
603511.SH,20260413,1.7455,0.64,46.9174,1.328,578196.4258,575100.7435
300676.SZ,20260413,1.2374,0.66,,1.8034,1666575.2268,1657529.3556
002772.SZ,20260413,5.0707,1.12,18.5937,1.8722,622822.0898,617631.3215
603212.SH,20260413,2.905,0.7,,2.2119,565237.9017,565237.9017
920099.BJ,20260413,2.1483,0.79,21.925,2.551,235670.394,145739.0353
002394.SZ,20260413,2.8405,0.94,13.2548,1.0257,443469.0,442901.2802
002723.SZ,20260413,7.8633,1.58,,3.5013,329691.077,314576.7735
300050.SZ,20260413,21.5165,1.6,267.1665,10.114,414083.5057,413831.0572
603819.SH,20260413,8.3054,0.87,114.3826,3.7521,301120.8486,301120.8486
920656.BJ,20260413,1.9351,0.52,22.1668,2.1892,154000.0,49859.4727
000612.SZ,20260413,9.5727,2.14,15.0371,2.2399,1610661.3813,1610661.3813
301101.SZ,20260413,1.8934,0.71,36.9782,4.0648,698440.9386,661717.8021
605337.SH,20260413,1.1693,0.71,19.807,2.8764,424821.4341,424821.4341
300239.SZ,20260413,4.714,1.46,58.0091,1.8562,315205.8124,313163.5068
601333.SH,20260413,1.8366,1.09,15.2025,0.7661,2167562.322,1729584.522
688678.SH,20260413,6.1286,0.86,136.6351,3.3466,754385.0233,754385.0233
301391.SZ,20260413,6.2789,1.31,358.3871,3.6309,753657.4809,736372.1378
300583.SZ,20260413,2.3081,0.67,,1.5317,270515.2317,265448.3685
300636.SZ,20260413,2.3054,0.79,35.9912,1.4318,340160.711,297559.724
002952.SZ,20260413,10.8967,0.44,347.0931,4.9378,429420.42,343988.4686
601969.SH,20260413,6.5538,1.18,52.2215,3.2984,2250882.8786,2228898.5761
000411.SZ,20260413,2.1975,0.93,12.4306,1.2043,612861.3234,611653.4906
603238.SH,20260413,2.9992,0.85,22.7921,1.9238,277624.076,277624.076
603386.SH,20260413,2.9522,0.73,,3.3679,458483.1968,458483.1968
300456.SZ,20260413,10.0505,0.66,26.3376,5.7626,3880729.6102,3166479.3184
000657.SZ,20260413,7.1308,1.02,86.0257,11.3326,11017052.274,7024894.0286
603395.SH,20260413,2.6721,0.62,271.2302,5.2656,736580.0,184145.0
688027.SH,20260413,2.85,0.83,10474.7543,17.4042,5647891.8429,4413195.908
603429.SH,20260413,2.505,1.13,,4.2544,538646.5726,538646.5726
300917.SZ,20260413,6.1504,1.22,42.373,4.7608,553475.0,553475.0
301266.SZ,20260413,5.5418,0.85,97.9133,2.4406,440029.856,417433.1602
688399.SH,20260413,3.5167,1.92,,1.4224,416758.5816,416758.5816
603737.SH,20260413,2.7568,1.96,53.5275,12.3678,3560707.1247,3560707.1247
601158.SH,20260413,0.9199,0.47,25.8164,1.2172,2088011.029,2088011.029
603897.SH,20260413,16.3519,0.93,32.1836,3.5085,843702.6282,843702.6282
600539.SH,20260413,12.4276,0.72,,11.1183,333500.0,333500.0
001299.SZ,20260413,34.1225,3.24,39.8923,3.3694,408846.0511,368003.8635
002404.SZ,20260413,1.8605,0.78,21.4584,1.9274,386435.5633,314324.9674
600057.SH,20260413,2.2615,1.42,10.5877,1.4211,2289515.0072,1686563.1922
000921.SZ,20260413,1.6668,0.93,9.5523,1.7425,3043924.8539,2018057.3517
002496.SZ,20260413,2.619,0.82,,2.2309,295487.5767,218040.6451
601018.SH,20260413,1.4503,1.11,14.6798,0.9396,7587211.4756,7587211.4756
600749.SH,20260413,29.677,3.83,141.0629,3.8287,411942.4134,411942.4134
002657.SZ,20260413,2.4469,0.87,,4.3614,758315.9489,749534.3092
001259.SZ,20260413,3.3945,0.8,466.3743,3.1981,228419.9084,147578.1249
000981.SZ,20260413,3.9299,0.83,,24.4686,4118958.0059,3919502.7103
301032.SZ,20260413,6.4477,0.94,34.1479,2.5928,312750.0198,207354.9892
000408.SZ,20260413,1.8056,1.13,33.5619,7.9596,12929238.7843,12929102.9233
600117.SH,20260413,0.7606,0.76,,2.0959,843074.748,843074.748
000601.SZ,20260413,15.2824,1.41,134.6279,1.7479,705659.6238,695836.3393
600919.SH,20260413,0.4084,0.88,5.802,0.7966,19837781.7445,19837781.7445
300980.SZ,20260413,6.5044,1.32,115.2944,3.7096,522576.7744,372222.3807
605266.SH,20260413,1.5865,0.93,22.8247,1.1117,291931.591,291931.591
603326.SH,20260413,3.9351,0.88,15.7417,2.3201,274492.1598,274492.1598
688236.SH,20260413,3.1204,0.79,28.6963,2.6197,782096.1715,588104.692
002241.SZ,20260413,2.5415,0.85,29.6355,2.4489,8615917.1848,7626475.0044
603092.SH,20260413,3.5443,0.72,34.9443,5.1549,2732000.683,228480.3018
300775.SZ,20260413,4.1087,0.8,44.3876,3.4648,2027033.6724,1968134.9857
300043.SZ,20260413,3.1773,0.87,22.6484,3.9022,683064.9221,682699.892
603685.SH,20260413,2.6309,0.58,338.2111,3.6951,729764.2517,585862.3923
688526.SH,20260413,1.9294,0.82,16.4978,1.6297,690801.779,690801.779
000301.SZ,20260413,1.054,0.85,,2.2074,7378133.4958,7374668.9341
920002.BJ,20260413,1.6334,0.61,60.8243,5.3529,381223.8659,266882.1032
002164.SZ,20260413,5.2902,0.99,112.5684,4.8445,693954.4905,625626.7865
301077.SZ,20260413,3.8682,1.28,35.3066,3.9262,458022.5881,256919.2799
300248.SZ,20260413,1.2783,0.67,51.8935,2.3386,496355.0255,426295.8596
605298.SH,20260413,4.006,1.13,158.6375,8.4796,900740.75,893073.545
603948.SH,20260413,2.383,0.84,20.1039,2.0923,439208.2184,439208.2184
002796.SZ,20260413,9.9919,0.72,964.5494,14.6733,1256282.6671,1133531.4345
600655.SH,20260413,3.2914,6.27,,0.6472,1942336.6782,1941033.2902
600307.SH,20260413,3.2193,0.79,,1.7107,1164984.4809,1164984.4809
000603.SZ,20260413,3.4384,0.77,54.878,8.5641,2817834.8091,2722869.6102
301002.SZ,20260413,4.2612,0.89,,4.7012,496836.8484,312915.418
000042.SZ,20260413,1.0767,0.88,,1.7687,583056.9089,582443.0642
601069.SH,20260413,7.0947,0.89,65.8216,6.5657,3106507.0094,3025312.5906
002205.SZ,20260413,2.7294,1.11,,6.7089,241410.3532,241410.3532
301066.SZ,20260413,3.0285,0.74,120.8107,2.663,330536.8172,327995.1547
301238.SZ,20260413,3.7499,1.08,281.77,2.081,1491599.9322,1491599.9322
600980.SH,20260413,2.91,0.87,34.2791,2.8692,426978.5147,426978.5147
600252.SH,20260413,2.469,0.7,,1.4945,802409.0936,802409.0936
002136.SZ,20260413,4.4019,0.93,,2.533,273935.48,273216.6382
300199.SZ,20260413,7.7713,0.84,,28.5456,1853040.3229,1564474.0788
603080.SH,20260413,2.4233,1.01,16.5337,1.9933,303659.0,303659.0
002827.SZ,20260413,2.2314,0.97,44.8706,8.3276,888486.522,885127.9111
688433.SH,20260413,3.6018,1.26,443.3058,14.7889,3059050.7568,1492742.5075
603868.SH,20260413,3.1842,0.67,30.5537,4.206,1376060.4,1376060.4
603506.SH,20260413,2.332,0.74,19.9026,1.8512,230966.6682,230966.6682
688358.SH,20260413,2.3642,0.83,28.1779,2.405,328640.1717,328200.5217
605277.SH,20260413,3.671,0.77,36.9388,4.8128,777246.8498,763205.3444
605167.SH,20260413,2.8635,0.87,36.7438,4.0562,801642.2576,801642.2576
603650.SH,20260413,2.7748,0.9,55.486,8.0055,3175291.6274,3166995.8418
920469.BJ,20260413,1.8843,1.02,,3.7267,124737.21,91551.6234
300804.SZ,20260413,24.435,1.3,75.7135,2.5505,347060.0,128975.0
601696.SH,20260413,3.2512,1.33,31.875,1.8801,3505836.0,3505836.0
001356.SZ,20260413,0.9682,0.51,48.3367,3.1671,646484.04,220109.4848
002582.SZ,20260413,5.3174,1.16,,1.6803,524713.6483,403451.8619
001298.SZ,20260413,2.6177,0.75,116.3005,5.3328,886206.3275,489037.3253
688510.SH,20260413,5.4649,1.83,81.4964,6.897,832289.0039,832289.0039
301528.SZ,20260413,2.6001,0.91,63.3085,2.4951,381427.8,196259.435
301167.SZ,20260413,3.7144,0.81,84.5649,1.9308,183456.0,116236.8551
001286.SZ,20260413,2.3957,1.02,14.2028,1.5883,4158750.0,1164450.0
600203.SH,20260413,2.588,0.81,,3.8959,675413.4254,675413.4254
000852.SZ,20260413,2.7228,0.68,350.9897,2.1548,675869.1561,668732.4344
002390.SZ,20260413,3.02,1.04,80.913,0.9246,623976.4496,618829.6531
300708.SZ,20260413,3.1533,0.64,43.5067,3.1181,891969.3868,674513.5413
301171.SZ,20260413,8.3742,0.63,135.7997,5.7907,2147080.8678,1738853.7121
000039.SZ,20260413,2.5219,0.8,288.6495,1.3759,6373959.0951,2720263.2407
002508.SZ,20260413,0.7128,0.57,12.3501,1.6583,1892712.6487,1869904.2294
603020.SH,20260413,1.4119,0.61,23.4448,1.2922,427310.118,427310.118
688809.SH,20260413,8.5016,1.01,113.4851,11.088,4516437.198,848945.8937
300515.SZ,20260413,1.6287,0.92,20.4053,4.0204,374061.681,366801.998
688562.SH,20260413,1.9378,0.91,,4.4389,766000.0,331333.3
301338.SZ,20260413,12.5781,0.68,113.98,10.7542,1683886.4,936107.9
000911.SZ,20260413,7.181,1.67,47.5537,19.9092,238990.9313,238990.9313
601555.SH,20260413,1.0732,0.71,11.8727,0.9899,4119054.6519,4119054.6519
002980.SZ,20260413,13.9801,0.47,118.1969,10.2321,1104398.164,591204.7635
600425.SH,20260413,1.4997,0.7,23.5727,1.0066,651509.705,651509.705
002606.SZ,20260413,5.6456,0.85,29.6903,2.7896,507568.6423,486840.2156
920703.BJ,20260413,1.2536,1.1,22.4372,1.8008,203326.676,102881.6833
002543.SZ,20260413,2.0681,0.63,9.1793,1.2389,626854.8,557738.0755
002642.SZ,20260413,1.4845,0.79,259.1352,4.3651,518678.9654,518678.9654
688123.SH,20260413,7.6948,1.22,50.5621,7.009,1838318.1761,1838318.1761
688777.SH,20260413,2.4312,1.05,113.907,5.1204,5126908.135,5101050.2652
920078.BJ,20260413,14.0231,0.72,34.814,2.9055,284880.0,49141.8
301339.SZ,20260413,1.642,0.82,34.4514,2.7659,761397.3158,747577.6
603808.SH,20260413,9.0379,1.17,,1.4885,387547.5219,387547.5219
688280.SH,20260413,3.0609,0.87,36.7827,7.9764,594943.4403,524708.4982
920160.BJ,20260413,1.3956,0.61,32.331,4.6823,249669.12,56175.552
600048.SH,20260413,2.0601,1.48,66.8774,0.3658,6859064.0785,6859064.0785
000881.SZ,20260413,1.4895,0.75,,1.3825,722305.3227,690451.5162
300335.SZ,20260413,10.0121,0.98,67.3335,1.7545,340109.8326,273906.9099
300811.SZ,20260413,4.5903,0.93,62.8091,8.296,2404472.9563,1971603.5152
603262.SH,20260413,2.6359,0.89,67.4662,6.7897,1041226.03,104140.824
601020.SH,20260413,10.6291,2.4,27.0071,5.6927,2435295.1531,2435295.1531
603578.SH,20260413,3.4533,0.84,,1.8896,292341.6444,225265.933
000838.SZ,20260413,3.8502,0.85,,5.8477,239900.7531,229720.9564
603052.SH,20260413,18.5938,1.19,386.2215,12.1149,1317911.5359,1317911.5359
920168.BJ,20260413,2.5351,0.75,20.0771,1.9802,160720.7292,60237.1109
300748.SZ,20260413,5.3145,1.16,64.022,6.117,4517435.2513,3711024.0798
001326.SZ,20260413,4.2044,0.84,143.5701,3.1726,384885.6,126735.3039
001279.SZ,20260413,1.0555,0.58,85.2928,4.988,497760.0,124440.0
300306.SZ,20260413,1.9463,0.83,46.5,2.2335,332433.0496,194796.6776
600794.SH,20260413,2.0625,0.82,51.8429,1.6721,439255.6895,439255.6895
300844.SZ,20260413,5.9964,1.41,,4.4124,323534.9645,312528.4235
300665.SZ,20260413,3.0315,0.73,,3.0445,168150.3206,167478.4888
002196.SZ,20260413,10.0125,1.9,,5.1437,727939.9932,716802.9775
000090.SZ,20260413,1.4086,0.99,21.6653,0.5991,676413.4471,676382.4961
600429.SH,20260413,4.6787,0.81,48.0885,1.7275,901253.439,898534.4556
300077.SZ,20260413,12.7072,1.35,,8.7951,1540703.8624,1286696.9888
301509.SZ,20260413,15.5902,0.95,50.8054,2.3682,522015.8634,245915.182
300105.SZ,20260413,3.8863,1.56,,1.8407,341469.146,341243.0399
603239.SH,20260413,6.9599,0.81,30.3287,5.076,673009.92,673009.92
603906.SH,20260413,12.201,1.03,,5.4291,1535261.8216,1266341.8216
002765.SZ,20260413,1.6552,0.67,36.6642,2.564,677561.0855,619098.6855
603929.SH,20260413,7.0458,1.17,50.5799,19.5859,4512564.0,4512564.0
300374.SZ,20260413,2.2619,0.68,,4.6763,347720.0445,347679.1941
002718.SZ,20260413,9.81,0.89,773.3093,10.4043,956619.4563,694518.2894
603350.SH,20260413,12.3228,5.69,38.6233,3.3227,444308.116,167816.0
300835.SZ,20260413,7.4411,1.62,65.1137,8.9564,1097077.368,764926.686
920575.BJ,20260413,2.6332,0.94,,9.0256,220537.9,147453.3638
300124.SZ,20260413,1.0994,1.06,35.2904,5.3226,18300865.4171,16214311.3517
603700.SH,20260413,1.5893,0.78,29.0433,1.6628,268948.8012,268948.8012
002960.SZ,20260413,2.3822,0.75,33.2799,1.66,1063688.9226,977533.8743
920802.BJ,20260413,1.4967,0.75,44.5721,2.5666,113663.4899,30628.6499
300594.SZ,20260413,4.9014,0.83,,3.3881,279938.4022,277271.2869
002734.SZ,20260413,4.3392,0.72,19.5603,2.1441,821775.0306,750115.188
002729.SZ,20260413,16.3255,1.13,92.9902,7.0452,386798.4109,370930.2851
000045.SZ,20260413,4.0904,0.79,89.1354,2.0467,609852.3062,550254.3062
688622.SH,20260413,8.2797,1.19,,21.7332,658852.6214,658852.6214
000899.SZ,20260413,6.6297,0.82,13.3803,2.0059,1265454.0547,1265454.0547
600719.SH,20260413,5.8518,1.12,,9.1779,281601.3216,281601.3216
688656.SH,20260413,1.284,0.39,372.0826,10.5275,863260.9843,863260.9843
603693.SH,20260413,21.3468,2.09,32.8911,1.8111,1260546.8943,1260546.8943
600857.SH,20260413,1.4561,0.72,82.8721,3.1056,269632.5426,269632.5426
301448.SZ,20260413,6.0774,2.9,819.247,6.1509,420596.6,194143.9325
301000.SZ,20260413,3.0595,0.81,49.9362,5.7908,720374.1371,680012.8091
600552.SH,20260413,8.9203,1.16,96.2458,2.9131,1238379.638,1238379.638
603139.SH,20260413,3.5959,0.67,,3.5662,258489.44,258489.44
301222.SZ,20260413,15.5553,1.16,35.769,2.5884,370893.92,295340.105
600930.SH,20260413,3.7037,0.79,34.8624,2.3212,25320571.4284,1960496.8594
300891.SZ,20260413,2.5294,0.66,,2.6493,336006.9334,280118.3104
601616.SH,20260413,3.1704,0.77,210.7541,1.6558,402934.7506,402934.7506
003039.SZ,20260413,1.8932,0.75,33.6779,3.2616,917632.8328,917632.8328
002553.SZ,20260413,3.517,0.5,25.6137,5.5133,882463.8686,626247.6
920284.BJ,20260413,5.1407,1.28,,10.1543,316033.5053,204371.142
603286.SH,20260413,3.5734,0.86,,8.8249,715176.0117,703107.1505
600764.SH,20260413,1.7515,1.26,73.8348,2.0957,1721144.3729,1721144.3729
300632.SZ,20260413,12.9242,0.54,204.0974,2.8196,504160.0362,365439.8418
002093.SZ,20260413,1.4362,0.78,44.8226,2.528,970222.5,970222.5
300198.SZ,20260413,1.4514,0.86,,143.8362,266139.5233,264763.8598
300183.SZ,20260413,7.2574,3.57,664.5739,2.2344,696226.7512,558398.6631
003019.SZ,20260413,8.0969,1.41,31.5171,3.5835,612005.8999,591555.0004
601928.SH,20260413,0.9171,0.99,12.585,1.2407,2460918.3,2460918.3
002269.SZ,20260413,2.4621,0.56,,22.3218,419587.5,419587.5
603887.SH,20260413,3.3121,0.85,,2.6929,961440.9853,950661.2353
300591.SZ,20260413,1.9566,0.66,,11.1948,284377.3177,245661.8237
300057.SZ,20260413,10.8326,1.0,,1.25,652333.1251,527891.7877
002769.SZ,20260413,2.118,0.73,,3.2755,387504.1401,387184.6187
600609.SH,20260413,1.9111,1.17,23.1526,3.3121,544000.9187,544000.9187
920717.BJ,20260413,2.7339,0.98,329.0737,1.81,102065.2,39409.2
600075.SH,20260413,3.5081,0.59,,1.2457,1106651.5229,1106651.5229
002377.SZ,20260413,5.0667,1.17,,7.1803,317964.8447,302704.9715
002911.SZ,20260413,3.0482,0.96,17.7035,3.6892,1823937.0412,1780188.3914
300349.SZ,20260413,1.8254,0.79,21.8601,1.3262,588687.9846,521796.623
300482.SZ,20260413,1.3321,0.74,32.0258,1.5406,830852.4761,763375.8386
002557.SZ,20260413,1.9031,1.64,28.2878,2.132,1106811.1864,1104444.3721
603406.SH,20260413,1.7224,0.58,30.4852,3.0963,1380834.52,126559.0984
300053.SZ,20260413,4.8471,0.75,,8.6477,1239042.5463,1157156.054
001258.SZ,20260413,10.9576,1.57,152.9145,2.6875,815733.3339,815724.8124
688029.SH,20260413,2.4401,1.5,24.781,3.4387,1412800.4609,1412800.4609
301116.SZ,20260413,3.538,1.58,,3.0838,454816.3277,454814.0485
300885.SZ,20260413,6.2552,0.71,107.5305,6.6615,593827.2574,399673.5356
688199.SH,20260413,2.636,0.85,153.8465,1.6455,427252.2152,427252.2152
603087.SH,20260413,1.1564,0.69,40.9844,3.3628,3794081.1631,3543517.7002
600579.SH,20260413,1.9231,0.75,,2.4054,394387.0064,394387.0064
603559.SH,20260413,1.0171,0.98,,3.0697,292129.6407,292129.6407
002658.SZ,20260413,1.9828,0.74,35.3396,2.0261,533403.4152,300833.0977
603867.SH,20260413,4.5599,1.29,30.6841,2.4262,710964.1629,705079.9629
688658.SH,20260413,3.6671,0.71,,2.5546,846900.0,846900.0
601279.SH,20260413,2.8361,0.76,,1.5232,635900.18,635900.18
600908.SH,20260413,0.7824,0.8,5.3034,0.5457,1224632.3858,1115616.4671
001335.SZ,20260413,2.2936,0.83,37.0495,3.9665,381145.051,95286.2627
301252.SZ,20260413,6.0695,1.01,55.4845,4.8738,635610.7526,177585.3326
300180.SZ,20260413,2.6723,0.66,160.1046,2.2827,1068963.5141,1039590.1692
605339.SH,20260413,0.9298,0.7,170.0572,2.0225,691593.7041,691593.7041
601000.SH,20260413,1.7856,0.92,14.2932,1.3295,2856297.5919,2856297.5919
002262.SZ,20260413,1.7075,1.43,18.2337,2.7664,2241840.9887,1950786.0065
600138.SH,20260413,0.806,0.61,79.8158,1.0565,669552.0,669552.0
300324.SZ,20260413,2.1942,0.81,,3.0068,829243.4856,820795.607
920592.BJ,20260413,5.6981,0.81,,7.5082,256847.305,159858.2753
603843.SH,20260413,6.6701,1.35,,22.28,623364.3042,623364.3042
300850.SZ,20260413,4.9429,0.81,21.1811,2.4758,1732949.2195,1258786.0369
300082.SZ,20260413,9.9587,1.2,,2.7353,748788.1182,746831.9308
002708.SZ,20260413,5.4657,0.87,99.6995,4.382,741969.3164,681986.6473
600733.SH,20260413,1.7919,1.13,,5.7962,4654389.5462,3575841.4143
600119.SH,20260413,2.3283,0.98,,18.67,222814.9257,222814.9257
301321.SZ,20260413,5.9879,1.91,,3.9873,387411.93,306754.9605
688813.SH,20260413,31.2211,0.95,45.1519,5.3083,921600.0,173243.3818
688002.SH,20260413,2.7304,1.0,49.3182,8.3395,5546451.072,5546451.072
000860.SZ,20260413,1.216,1.27,,1.372,957621.1828,957621.1828
300257.SZ,20260413,3.5706,0.91,72.415,4.4289,2927248.763,2812517.3292
301628.SZ,20260413,10.2357,1.3,67.2342,6.9348,812777.2514,300584.7514
600517.SH,20260413,1.4813,0.74,15.4945,1.5754,3648362.0047,3648362.0047
600820.SH,20260413,0.5773,0.67,7.4562,0.6162,1902178.1369,1902178.1369
301169.SZ,20260413,3.8918,0.82,,9.0507,396222.948,396099.198
000690.SZ,20260413,4.5422,1.04,10.9692,0.8164,1024843.183,1024176.0176
000733.SZ,20260413,1.8347,0.86,27.077,1.68,2569129.4821,2568783.1729
600551.SH,20260413,2.0631,1.33,12.9942,0.9317,539731.9702,539731.9702
002020.SZ,20260413,1.5658,0.64,19.1525,2.4149,1364731.1869,1147489.811
300757.SZ,20260413,6.007,0.66,,49.5958,8299450.8324,7459873.4102
603011.SH,20260413,3.8991,0.75,,4.9772,1045192.1198,1045192.1198
300484.SZ,20260413,1.6818,0.96,65.1205,5.2148,352178.63,282799.4625
920183.BJ,20260413,3.2115,0.58,24.6983,4.0083,184793.8,42468.0969
605198.SH,20260413,5.5831,1.1,43.3485,5.1516,1431995.58,1159246.76
605050.SH,20260413,5.0934,0.76,16.7347,1.4669,624414.5723,624414.5723
300166.SZ,20260413,25.6766,1.19,,3.3086,1935867.7716,1539821.8554
600571.SH,20260413,1.7247,0.68,62.4857,5.2333,627198.1256,615676.0405
002091.SZ,20260413,2.3123,0.92,11.6463,0.9758,1507264.5252,1479924.5289
920914.BJ,20260413,2.3476,0.86,43.3633,2.4856,240728.366,240538.0273
300321.SZ,20260413,3.473,1.47,267.6444,4.7373,300321.6,299969.5338
002861.SZ,20260413,3.806,0.8,284.7451,2.7252,300103.4628,241921.2119
300668.SZ,20260413,15.0458,1.12,,8.6762,680154.1925,563270.3203
920058.BJ,20260413,3.9894,0.52,30.7806,4.4463,154378.5269,75994.9446
920634.BJ,20260413,2.5863,0.62,73.3272,4.5013,130054.3388,82473.9204
688710.SH,20260413,1.6506,0.55,,4.1716,969234.8531,623521.0025
301305.SZ,20260413,6.9936,1.46,23.8467,1.7152,647215.2713,331923.1971
001260.SZ,20260413,3.4737,0.69,54.3288,2.9267,242190.0,242190.0
603273.SH,20260413,2.4828,0.96,118.7883,4.3677,382549.419,100064.244
688158.SH,20260413,10.2106,0.81,,8.4957,2052916.5594,1824227.1121
600241.SH,20260413,8.6073,1.08,,2.7953,289298.979,289298.979
601766.SH,20260413,0.8089,0.75,13.5645,1.0388,17879392.3268,15156218.1839
688420.SH,20260413,1.5685,0.75,,1.5096,214884.9,101425.77
300960.SZ,20260413,5.1392,0.7,64.613,5.2606,340888.4654,308872.7054
688048.SH,20260413,15.3528,1.13,2310.6573,15.0105,4511003.7414,4511003.7414
601169.SH,20260413,0.4303,0.75,4.3369,0.4101,11396068.5226,11396068.5226
001358.SZ,20260413,1.6972,0.76,66.3748,2.2375,320689.6,129359.9296
001896.SZ,20260413,27.2522,1.42,56.3238,6.2659,2198650.8965,2198650.8965
603787.SH,20260413,10.5963,0.51,50.3138,1.8484,293893.6198,293893.6198
605289.SH,20260413,7.9915,0.68,227.6291,9.4055,1237889.17,1230280.65
301518.SZ,20260413,3.6784,0.89,58.6313,3.6385,591188.109,217418.5258
688298.SH,20260413,1.0519,0.76,,0.7658,459648.0,459648.0
603505.SH,20260413,2.4666,0.99,61.2072,8.5016,1483020.4485,1483020.4485
600573.SH,20260413,13.0537,1.59,37.8483,2.2301,302750.0,302750.0
300249.SZ,20260413,9.8932,1.02,,22.7562,760282.2776,644533.3226
000059.SZ,20260413,2.9314,0.94,,0.8521,858900.6424,858900.6424
600830.SH,20260413,1.055,0.74,49.7853,1.7847,399804.0174,399804.0174
688061.SH,20260413,2.7002,1.18,,1.5609,366267.3785,143527.2923
600868.SH,20260413,2.5615,0.75,,3.5785,670046.4837,670046.4837
605168.SH,20260413,3.3916,0.8,88.8553,2.8566,765054.8422,765054.8422
920971.BJ,20260413,5.2464,1.73,71.18,5.8156,271652.4852,221541.7432
002202.SZ,20260413,5.3452,0.53,36.7517,2.3595,10196225.7939,8119501.2655
600052.SH,20260413,3.6029,1.85,,1.2235,329235.949,329235.949
601577.SH,20260413,0.7451,1.22,4.5722,0.5367,3748088.0987,3747277.1385
301035.SZ,20260413,1.5625,0.76,22.8301,3.1204,2279017.996,2275558.5306
600125.SH,20260413,5.1206,1.02,15.4907,1.0671,813340.1275,813340.1275
002535.SZ,20260413,1.6872,0.71,109.1064,4.0166,284597.4913,264950.1622
002242.SZ,20260413,1.5998,0.74,62.8466,2.1535,739363.473,738073.4675
603217.SH,20260413,8.8444,1.15,26.4788,1.5968,536449.8328,536449.8328
600308.SH,20260413,1.2291,0.78,,0.6375,585511.8879,585511.8879
605188.SH,20260413,2.6918,0.91,1423.8807,7.2077,850492.9405,850492.9405
920005.BJ,20260413,1.6163,0.58,49.5782,4.634,299132.0,77486.0
000656.SZ,20260413,1.5584,1.85,,,1467503.2652,1050200.6663
002931.SZ,20260413,5.4646,0.7,603.1176,15.8206,1503320.2893,1384624.2726
600391.SH,20260413,4.1299,0.87,217.8918,7.43,1326459.7966,1326459.7966
300065.SZ,20260413,12.5372,1.34,482.6514,10.3824,1825494.0748,1661944.5828
600698.SH,20260413,4.1348,0.78,1939.8244,10.5117,810027.4009,629482.4197
002836.SZ,20260413,4.6927,1.22,51.3433,7.7479,292608.0,292608.0
300673.SZ,20260413,2.665,1.36,27.6778,2.115,390248.6392,253163.9525
603009.SH,20260413,2.445,0.81,163.6436,8.4061,1690382.2972,1651435.7736
600662.SH,20260413,1.3559,0.79,10.4684,2.2951,1157712.8891,1154170.8538
920069.BJ,20260413,9.415,0.68,20.8884,2.4442,187527.216,52372.2928
002562.SZ,20260413,3.3406,0.91,61.3523,1.8292,673122.1091,413200.4532
300459.SZ,20260413,1.6244,0.64,,6.9144,1448514.1069,1354323.703
688336.SH,20260413,12.2378,0.77,18.2209,6.2496,5282785.3411,5271668.1728
301658.SZ,20260413,20.1637,1.49,114.1521,5.613,1773195.8805,418891.7283
002939.SZ,20260413,2.1462,1.2,15.353,1.1842,3703603.9456,3307241.5413
603272.SH,20260413,24.2382,1.78,168.2405,6.3037,351813.665,351813.665
000815.SZ,20260413,31.273,1.02,,10.4411,1409993.435,1409993.435
601128.SH,20260413,0.8043,0.84,5.5422,0.7818,2324881.5694,2324881.5694
001239.SZ,20260413,4.3993,1.14,77.5534,2.7219,368640.0,175104.0
000002.SZ,20260413,1.2527,0.88,,0.399,4664907.4032,3799321.9232
300929.SZ,20260413,2.6142,0.57,,2.1031,169262.3166,162363.363
301563.SZ,20260413,9.7589,0.79,104.4352,8.4932,1032676.214,233440.769
600182.SH,20260413,1.9552,2.44,34.6031,4.6809,483140.0,241570.0
603187.SH,20260413,1.2666,0.94,14.7172,1.3685,562621.8518,556718.9133
301108.SZ,20260413,10.8945,1.81,39.9127,1.6388,308404.1305,177643.5571
688511.SH,20260413,3.4035,1.55,85.4152,3.5766,291551.4672,291551.4672
002211.SZ,20260413,3.0553,1.39,,120.1686,163043.3687,163043.3687
301366.SZ,20260413,1.722,0.84,313.4984,3.2438,693564.8253,387257.9317
688799.SH,20260413,12.7455,1.28,32.0595,3.7839,774131.4,774131.4
002702.SZ,20260413,2.8273,0.51,,2.9762,311225.6,256896.5
300800.SZ,20260413,2.1865,0.87,69.7043,1.3984,280796.174,277976.459
920266.BJ,20260413,1.2557,0.62,,1.1247,98580.0056,94199.9133
688393.SH,20260413,2.7603,1.09,,1.8281,217544.9002,217544.9002
603168.SH,20260413,3.5092,0.75,,1.5745,253657.7704,252564.4954
920010.BJ,20260413,18.3208,1.21,88.237,4.0937,283510.5,209934.9649
002407.SZ,20260413,7.8689,1.33,,4.1263,3412970.1753,3097939.2181
002468.SZ,20260413,5.0779,1.25,20.5556,2.2845,2349781.3248,2252151.9478
300168.SZ,20260413,0.9137,0.6,,6.4858,799548.8597,798746.3125
001233.SZ,20260413,9.0744,1.58,20.2223,2.8292,1293258.5646,246073.6877
688816.SH,20260413,6.2535,1.08,83.827,3.6599,641500.0,123708.4124
688238.SH,20260413,1.4339,0.68,,3.2943,468604.4974,462907.1954
688607.SH,20260413,3.1439,0.84,,6.7297,571957.3852,571957.3852
002716.SZ,20260413,5.014,0.67,98.5883,9.487,3353829.3114,2761926.8252
002287.SZ,20260413,1.3688,0.7,20.4154,2.6677,1319304.5761,1316702.4673
688239.SH,20260413,4.8531,1.48,64.5957,6.098,1200788.713,1200788.713
688383.SH,20260413,5.0803,0.6,,7.4022,975399.814,975399.814
688093.SH,20260413,2.1815,0.82,23.5741,3.3698,940403.881,940403.881
601066.SH,20260413,0.9864,0.93,18.0206,2.0505,17010431.6898,14245006.5798
603061.SH,20260413,6.0453,0.82,104.4836,11.4254,1844400.0,1844400.0
605086.SH,20260413,3.701,1.65,49.8671,4.5822,604800.0,604800.0
688223.SH,20260413,3.772,1.01,,2.3616,6849693.9908,6849693.9908
601399.SH,20260413,3.5746,1.55,67.1868,2.1742,3217245.9269,3217245.9269
002820.SZ,20260413,3.2163,0.49,,2.4017,208099.5536,208099.5536
920167.BJ,20260413,3.6012,1.09,85.8619,2.99,186274.8645,110660.9337
002198.SZ,20260413,4.0925,0.97,98.2089,5.4759,388245.0337,388222.7722
601866.SH,20260413,4.793,0.5,23.043,1.2045,3708541.2854,2740307.4534
688599.SH,20260413,2.8908,1.25,,1.8234,3855866.4112,3855866.4112
600714.SH,20260413,14.2583,1.54,169.2274,6.8596,517276.41,517276.41
603665.SH,20260413,4.3854,1.69,57.8493,6.9986,460133.1788,457438.9712
603121.SH,20260413,5.6233,0.67,329.1443,6.0466,720399.7455,720399.7455
002937.SZ,20260413,6.8194,1.22,60.3243,6.1151,932642.8853,930058.9226
300358.SZ,20260413,2.4812,0.89,,1.3438,717952.9503,704105.5735
600369.SH,20260413,0.9248,0.82,26.5836,1.0759,2824171.3777,2824171.3777
301015.SZ,20260413,17.0103,1.06,24.0858,5.3295,1269382.146,1269219.1335
300450.SZ,20260413,5.7082,1.25,56.968,5.1152,8908532.2503,8297643.8255
600359.SH,20260413,4.1775,0.66,,4.1425,270492.5894,270492.5894
601949.SH,20260413,1.6417,0.78,21.1771,1.2496,1205211.7782,1205211.7782
603899.SH,20260413,0.5975,0.7,17.9352,2.5306,2350316.4021,2350316.4021
000862.SZ,20260413,12.9423,1.61,131.9184,1.3683,586573.0507,401270.9692
300048.SZ,20260413,2.5148,0.98,123.5428,4.2063,766113.9054,764543.633
002976.SZ,20260413,7.2056,1.27,3150.6197,2.8604,423952.3456,188796.5544
300030.SZ,20260413,3.5632,0.9,164.9097,3.8628,239620.1691,210976.3513
920187.BJ,20260413,3.1377,0.86,15.137,1.7854,223204.8,81889.284
300387.SZ,20260413,3.9879,0.65,30.5267,1.6933,251190.5486,251103.3245
603687.SH,20260413,21.4941,0.65,81.6422,2.8673,934504.1369,934504.1369
002722.SZ,20260413,1.4282,0.81,22.9906,1.1413,326219.7387,326197.7337
301297.SZ,20260413,1.8238,0.86,107.8008,5.0158,2590008.779,1264977.5668
002111.SZ,20260413,1.8784,1.09,73.6318,1.8062,533606.4222,490217.1888
600229.SH,20260413,1.2486,0.81,,1.2525,396424.6704,396424.6704
920351.BJ,20260413,8.7512,1.77,78.9737,3.4585,151332.9196,68485.5445
688099.SH,20260413,3.1493,1.35,40.2261,4.7804,3511678.8812,3511678.8812
002486.SZ,20260413,2.7103,0.68,44.1947,2.2057,239042.099,237935.3938
300589.SZ,20260413,5.6361,0.86,,7.7526,609556.1455,373813.5592
301331.SZ,20260413,2.0595,0.7,51.7224,2.5693,269268.0683,268754.9531
600550.SH,20260413,8.3833,1.29,120.6068,30.8513,2753085.0776,2753085.0776
300270.SZ,20260413,2.0514,0.81,,5.6033,315826.6872,272150.2487
000798.SZ,20260413,4.9855,0.89,45.4298,8.7855,380493.0605,380469.6605
301282.SZ,20260413,15.6634,0.72,64.0027,3.3678,578563.7975,450104.4932
603712.SH,20260413,1.51,0.76,,3.0296,1264536.0,1264536.0
688079.SH,20260413,7.9555,0.83,,4.9887,639014.7394,627886.0657
601686.SH,20260413,0.4773,0.77,10.3527,1.3388,854968.8302,854968.8302
002860.SZ,20260413,2.2504,0.73,22.0482,1.9202,439928.4071,429933.5643
000751.SZ,20260413,2.4573,0.7,126.2652,2.3979,864362.3683,754279.7968
002580.SZ,20260413,29.3841,0.83,47.597,4.0724,947678.4574,944483.4144
605258.SH,20260413,10.5007,0.92,46.7181,2.7155,324192.0,324192.0
000028.SZ,20260413,3.6692,0.94,12.499,0.7629,1419797.5114,1219512.8204
301004.SZ,20260413,1.6131,1.11,12.0646,4.2707,687038.9935,641337.8379
688268.SH,20260413,22.9449,0.98,86.8546,6.3553,1175604.5055,1174810.9485
600742.SH,20260413,2.0424,1.02,15.1506,0.9059,757919.0376,757919.0376
300642.SZ,20260413,1.863,0.62,172.4796,1.8664,274536.8852,232587.0656
688591.SH,20260413,1.7237,0.8,70.7399,3.6982,900380.8246,629955.7114
600399.SH,20260413,2.1318,0.86,,2.0965,1155650.6,1155650.6
600015.SH,20260413,0.6022,0.52,4.2479,0.3659,11554238.0678,11171124.6117
920274.BJ,20260413,3.0899,0.8,93.0503,3.4945,171532.0014,171532.0014
688289.SH,20260413,0.9202,0.75,52.8951,1.4725,1048112.9029,1048112.9029
300823.SZ,20260413,3.5448,0.74,65.7432,2.2462,211275.1387,136765.3441
600586.SH,20260413,5.229,1.33,,1.3777,756858.3318,756858.3318
301592.SZ,20260413,3.3023,0.94,127.9341,9.2211,808430.0,269766.4388
300545.SZ,20260413,4.7005,0.52,41.6526,2.8199,602193.0879,388207.8619
920593.BJ,20260413,1.9159,0.84,175.7397,7.051,507732.1179,431176.219
603980.SH,20260413,4.9988,0.75,75.9895,1.1068,429789.1836,429789.1836
002342.SZ,20260413,38.5567,1.29,899.6365,6.4251,1568640.0,1559963.46
000830.SZ,20260413,3.7013,0.88,21.6584,1.6791,3199255.9385,3199003.8007
003030.SZ,20260413,1.9516,0.62,132.86,2.4892,253552.96,161312.0472
000156.SZ,20260413,1.0017,0.85,29.5551,0.915,1378581.7368,1264707.6525
688657.SH,20260413,4.1766,1.48,61.45,2.2057,312175.5823,195577.2426
002304.SZ,20260413,0.3992,0.58,36.4805,1.5547,7550302.7109,7550124.5343
300771.SZ,20260413,3.3793,1.27,39.8235,1.6622,329520.0,245180.8567
688639.SH,20260413,2.9802,1.06,53.1353,2.6583,703575.4444,703575.4444
920478.BJ,20260413,6.4947,0.53,24.7392,2.4205,124517.1634,74733.7844
002559.SZ,20260413,3.6161,0.83,74.8433,3.1825,562959.3846,516168.9692
600421.SH,20260413,4.2628,1.39,,200.2224,123423.6,123423.6
002897.SZ,20260413,9.6406,0.75,77.6887,4.5834,1258673.4784,1184304.4828
300150.SZ,20260413,1.8884,0.79,73.471,2.0097,316542.3747,248980.7685
603101.SH,20260413,12.2528,3.27,45.2154,2.9172,400310.4,400310.4
002095.SZ,20260413,1.2518,0.64,,4.7938,424569.6,422870.1372
301237.SZ,20260413,3.0339,1.4,,3.9937,458960.0,334180.25
600879.SH,20260413,3.0286,0.7,310.9235,3.3832,7057201.2754,7057201.2754
300461.SZ,20260413,17.0316,1.32,,19.4381,1033747.1467,945854.8376
603836.SH,20260413,1.5098,0.73,77.9637,1.4939,264548.2205,264548.2205
300316.SZ,20260413,3.8393,0.93,62.6841,3.2398,5545875.6303,5215637.2588
600808.SH,20260413,2.9912,1.06,,1.2884,3095673.8368,2399035.9768
605288.SH,20260413,5.4139,1.24,131.2551,2.6215,581850.9078,577947.6425
301449.SZ,20260413,21.44,2.55,43.6455,4.6299,526956.5274,112419.1489
688391.SH,20260413,1.159,0.62,81.4952,1.8791,349345.6715,349345.6715
002051.SZ,20260413,27.0405,0.85,39.6137,1.0458,1217610.394,1217540.3135
301369.SZ,20260413,7.7598,1.44,329.7136,7.3172,1106269.3637,569996.2637
688363.SH,20260413,0.9024,0.69,69.1392,2.8409,2012451.6951,2012451.6951
600877.SH,20260413,1.8858,0.91,977.7772,7.7673,1919360.4365,1919360.4365
300841.SZ,20260413,2.9691,1.85,41.8722,2.1715,761488.8281,696925.5515
002801.SZ,20260413,1.667,0.7,19.742,3.7588,719437.056,362809.8591
920806.BJ,20260413,1.6493,0.84,44.5669,2.202,340133.1704,340133.1704
300839.SZ,20260413,10.4996,0.6,,5.7884,439495.7268,431636.6949
002731.SZ,20260413,11.7877,1.02,6.9034,1.0107,189043.128,169486.4232
300883.SZ,20260413,5.2597,1.36,,1.5881,224554.0,214607.7992
002102.SZ,20260413,2.6005,0.41,,2.2261,737736.7834,647522.7797
603131.SH,20260413,2.6939,0.96,,4.331,692681.2443,692681.2443
920570.BJ,20260413,4.1023,1.62,145.8295,4.1216,143836.8768,69853.9533
000975.SZ,20260413,1.3901,0.63,28.6861,5.7143,8524537.3536,7759217.5939
002037.SZ,20260413,3.2274,0.49,,2.2038,413720.4489,413720.4489
600289.SH,20260413,3.2556,2.22,,4.336,484647.989,434628.6213
000607.SZ,20260413,2.0103,0.58,,2.6458,410132.4592,356668.4779
002870.SZ,20260413,2.4757,0.69,49.6963,2.8407,471774.1718,460650.7638
600501.SH,20260413,3.7762,1.1,,5.6628,975867.0002,975867.0002
300579.SZ,20260413,2.258,0.88,,8.9791,720090.0,694682.2351
920121.BJ,20260413,0.9226,0.47,22.3138,3.0075,236524.0951,42574.3409
688584.SH,20260413,1.6883,0.86,104.5306,3.173,1310287.4971,674256.9369
300080.SZ,20260413,3.8636,0.84,,1.8245,880488.8049,879304.458
002990.SZ,20260413,13.9281,0.9,72.2305,3.7244,911245.4402,466651.9502
688593.SH,20260413,4.6247,1.18,1670.3703,9.6459,1491172.9419,1047102.1911
300326.SZ,20260413,1.8598,1.15,,1.7831,496889.7886,493448.8759
002656.SZ,20260413,0.9755,0.74,,5.0973,216606.0326,205683.3001
002589.SZ,20260413,8.2462,0.53,,0.9311,498059.1659,452010.8024
002945.SZ,20260413,5.1099,0.71,84.9632,5.9258,4301100.0,4301100.0
600328.SH,20260413,3.2001,0.93,4901.956,1.078,1294751.3176,1294751.3176
600970.SH,20260413,3.9101,1.2,9.3161,1.1615,2666390.4559,2666383.7437
002892.SZ,20260413,0.8589,0.59,234.8791,6.2499,814523.5655,528858.4529
000400.SZ,20260413,14.544,4.68,24.4125,2.1297,2613784.6909,2596025.4306
603359.SH,20260413,2.2225,0.53,,0.9984,264088.832,264088.832
301028.SZ,20260413,1.968,0.87,24.624,3.4563,556872.0476,360266.1851
002148.SZ,20260413,1.5998,0.95,345.8295,3.4955,427066.3201,343278.6548
300220.SZ,20260413,2.8122,0.94,1011.0831,33.6033,211680.0,211427.0872
300655.SZ,20260413,2.2725,0.81,,6.2751,1594440.8351,1585397.1655
300013.SZ,20260413,2.2271,0.74,,10.8616,212734.7386,169911.3517
688059.SH,20260413,3.331,0.81,64.2173,6.4342,1199341.2822,1122474.8992
688385.SH,20260413,2.8829,0.91,238.1752,8.9613,5533705.6135,3623576.6735
002481.SZ,20260413,0.9004,0.71,83.7767,2.2644,553929.7285,501966.3299
603049.SH,20260413,2.6576,1.12,10.4075,1.7614,4252623.4631,425262.3473
603866.SH,20260413,0.989,0.78,20.6037,1.5193,793460.7009,793460.7009
920837.BJ,20260413,1.2733,0.66,24.7915,3.2675,186151.5896,167838.6146
002678.SZ,20260413,13.0745,0.53,,2.5424,787825.7873,787393.1798
603233.SH,20260413,1.0352,1.23,17.2685,2.952,1964512.9156,1964512.9156
300827.SZ,20260413,9.6369,0.84,49.5,5.2262,2117654.7665,1465469.8612
688455.SH,20260413,5.4,0.81,150.2969,5.0102,477543.1528,477543.1528
301558.SZ,20260413,2.586,0.85,1991.6,4.7171,639758.3419,177837.5211
002406.SZ,20260413,2.0125,0.83,34.4505,1.3214,538175.8854,443830.9058
300121.SZ,20260413,4.6452,0.91,28.1339,1.5714,555207.7145,535411.7566
003011.SZ,20260413,6.5326,1.31,17.2589,1.6954,239645.784,182259.1798
688334.SH,20260413,3.7515,1.65,27.3785,2.3408,680962.4314,337502.0054
000021.SZ,20260413,5.8874,0.9,43.3299,3.4865,4439997.4634,4439287.4702
688371.SH,20260413,1.8229,1.03,228.3284,3.5043,692414.9428,692414.9428
603360.SH,20260413,2.2122,0.8,86.6308,12.4249,1871492.6831,1871492.6831
002928.SZ,20260413,3.9679,0.84,18.5615,2.7039,1078835.8682,1078830.4877
688515.SH,20260413,3.5696,1.04,,6.7734,1016880.0,633254.3934
000875.SZ,20260413,2.9733,1.46,51.2703,1.3811,2401253.1544,2212672.022
600521.SH,20260413,2.7468,0.95,50.6687,2.5585,2371647.3834,2371647.3834
300215.SZ,20260413,5.0026,1.1,,3.0977,607515.3857,405394.8912
001306.SZ,20260413,4.7304,1.23,,3.1951,416070.972,102608.5105
300884.SZ,20260413,1.7514,0.66,,2.7077,342460.9442,258211.9362
688488.SH,20260413,5.1509,0.53,,8.0608,777606.6292,777606.6292
002663.SZ,20260413,5.944,0.7,,1.7331,410157.0387,307708.3243
600221.SH,20260413,0.8294,0.72,,11.6433,6266266.7176,6212599.6653
002572.SZ,20260413,1.1913,1.11,10.5598,1.6575,1194178.4834,807814.8888
002112.SZ,20260413,8.7624,0.82,75.0695,7.1064,618852.2173,551415.3732
600187.SH,20260413,2.2428,0.98,166.2696,0.9639,306618.4096,306618.4096
002759.SZ,20260413,12.0793,1.0,,5.8122,1803974.6128,1802389.6506
000716.SZ,20260413,1.1235,0.69,91.6382,1.54,392252.5901,384906.6396
603519.SH,20260413,5.0037,1.83,22.3403,3.135,372858.9746,372858.9746
300925.SZ,20260413,2.1346,0.95,72.9011,3.5223,772962.2278,630231.6417
300153.SZ,20260413,5.6036,0.66,175.8207,9.3138,846400.0,841983.1621
688035.SH,20260413,11.0078,1.44,80.2356,3.7148,863396.8,863396.8
301025.SZ,20260413,5.1432,0.89,705.5074,7.0245,434736.0084,300985.7036
002083.SZ,20260413,13.6377,1.4,29.1883,2.6589,1250510.1349,1250092.9631
301311.SZ,20260413,1.9419,0.88,,2.2426,401280.0,401280.0
600335.SH,20260413,1.7909,0.99,21.4839,0.7841,904952.1587,904952.1587
301293.SZ,20260413,5.472,0.84,168.4268,6.0605,1416572.5096,1106823.5239
300537.SZ,20260413,2.3323,0.77,,5.0952,460083.6375,336173.8618
300658.SZ,20260413,19.1813,0.81,207.7461,5.6582,759700.4517,514848.494
002733.SZ,20260413,21.3312,1.66,139.8614,4.3138,1185303.0066,1137941.6115
688071.SH,20260413,2.4915,0.96,,2.6871,275566.603,275566.603
601006.SH,20260413,0.5075,0.49,15.7606,0.6369,10496679.59,10496679.59
603828.SH,20260413,1.2245,1.17,,5.6144,361747.8159,361735.3524
603955.SH,20260413,1.0925,0.64,,2.2687,346493.16,346493.16
002763.SZ,20260413,4.516,0.8,60.797,1.8524,333268.212,246838.3446
603711.SH,20260413,2.6416,1.47,35.2315,1.5602,515266.8768,515266.8768
600982.SH,20260413,20.785,1.34,19.6444,1.4697,647106.3138,647106.3138
300921.SZ,20260413,5.9272,0.79,133.7931,5.623,465742.8321,290652.5038
920275.BJ,20260413,1.8104,0.59,252.0025,4.915,114751.872,94978.4551
300953.SZ,20260413,7.8205,0.86,60.8466,7.1719,3166489.0239,2273560.2405
600246.SH,20260413,12.9208,4.11,,3.4501,1923557.6012,1871508.3512
600739.SH,20260413,1.1144,0.79,20.7971,0.61,1794349.6142,1794349.6142
300790.SZ,20260413,7.1973,0.61,46.0819,4.2644,1097665.0903,952445.3871
300054.SZ,20260413,4.0383,0.62,68.0309,9.4409,4899616.5713,3814761.8822
688049.SH,20260413,3.5738,1.08,40.0019,4.0003,818383.2608,818383.2608
301069.SZ,20260413,2.8112,1.24,75.5471,4.3035,969792.8501,913296.8501
688130.SH,20260413,2.5425,0.77,,2.0663,255926.446,127623.544
688319.SH,20260413,1.8109,0.78,521.0757,12.8356,1159921.7451,1159065.1887
688395.SH,20260413,2.6511,0.87,56.1574,2.9042,227232.4173,227232.4173
600963.SH,20260413,1.6201,0.71,,1.1198,852420.4092,852420.4092
600599.SH,20260413,9.7375,1.82,,6.2002,71878.0,71878.0
688720.SH,20260413,5.7291,0.76,131.9119,6.4642,665671.0717,425870.7841
600284.SH,20260413,1.4,1.14,19.12,0.852,675298.176,675298.176
000651.SZ,20260413,0.4437,0.84,6.5693,1.4992,20814823.7336,20494318.0498
300931.SZ,20260413,5.6405,1.24,,4.8744,312189.8,240468.0694
002809.SZ,20260413,6.6905,0.73,982.4591,1.4386,243236.463,167042.18
688103.SH,20260413,1.9803,1.2,75.8649,4.77,535673.4809,535673.4809
600826.SH,20260413,1.4951,0.9,24.5714,1.6514,701699.0057,701699.0057
002182.SZ,20260413,3.7022,1.21,174.3189,3.0252,1626538.1469,1419440.436
001209.SZ,20260413,3.2932,0.55,105.7942,2.1077,270805.2805,197858.8555
601200.SH,20260413,1.3122,0.56,18.0125,0.9312,1086407.8126,1086407.8126
300866.SZ,20260413,3.6521,1.12,24.5125,5.9286,6238745.4375,3578349.264
000729.SZ,20260413,4.0319,0.76,23.433,2.5417,3934680.92,3503410.9071
000538.SZ,20260413,0.9215,1.02,18.9489,2.4386,9765269.2262,9703264.334
002134.SZ,20260413,3.0936,1.14,1107.3224,10.5596,527597.9968,527255.646
300727.SZ,20260413,3.7931,0.72,48.9903,4.5832,595891.0524,535494.4154
301662.SZ,20260413,9.1768,1.2,87.7074,7.6487,1103280.0,229314.2932
001309.SZ,20260413,14.9441,1.24,158.6798,34.3615,10922391.587,7746015.3462
603416.SH,20260413,1.078,0.63,32.855,3.0298,770293.579,682578.99
000550.SZ,20260413,4.1515,1.35,13.8554,1.4062,1645285.884,988190.783
300173.SZ,20260413,1.5418,0.94,56.5417,3.3065,319605.6786,319605.6786
002455.SZ,20260413,10.0188,0.63,826.2528,3.2867,890073.8,814120.3507
600512.SH,20260413,2.8263,0.47,144.1782,0.6264,393671.3118,392089.0753
601877.SH,20260413,2.2387,0.88,15.6651,1.6328,7136725.9693,7136725.9693
600126.SH,20260413,13.0807,0.97,,1.5586,3039470.1747,3039470.1747
300151.SZ,20260413,4.517,1.44,135.2129,5.5705,873314.537,604596.2926
000726.SZ,20260413,1.3684,0.93,9.1412,0.5951,571450.3993,411946.196
002813.SZ,20260413,2.5722,0.86,,13.0374,293640.0,293287.8155
002274.SZ,20260413,4.2105,0.71,,1.1029,599037.3623,589907.1028
601228.SH,20260413,6.1187,3.09,30.2097,1.1658,2482150.8145,2482150.8145
601326.SH,20260413,4.5868,0.94,12.5923,0.99,2022643.144,1722236.358
300587.SZ,20260413,1.7285,0.77,,2.8933,693275.5376,561734.6309
688070.SH,20260413,3.8529,0.89,392.5517,7.0526,419245.46,419245.46
002997.SZ,20260413,1.9534,0.58,14.5144,2.702,657059.6392,657059.6392
002170.SZ,20260413,4.1948,1.19,14.5635,3.6974,1298613.0823,1052919.1426
300075.SZ,20260413,1.048,0.71,,2.224,775170.4372,643267.218
000820.SZ,20260413,3.2729,3.15,,15.199,226294.3127,103938.407
000901.SZ,20260413,2.985,0.84,152.548,4.1654,1799944.1705,1799926.0742
300264.SZ,20260413,4.5356,1.04,,398.0631,387340.9087,333015.6287
688456.SH,20260413,3.2407,0.77,80.7657,4.518,572721.5,572721.5
300796.SZ,20260413,1.6891,0.78,,1.8833,323945.1562,323945.1562
688506.SH,20260413,1.8208,0.81,,18.6959,12384150.1409,12384150.1409
605007.SH,20260413,4.248,0.63,30.9502,1.9482,667924.9242,563780.4822
601678.SH,20260413,4.3535,1.19,48.0141,0.934,1067498.0272,1060491.5272
002235.SZ,20260413,7.6151,1.19,2699.3693,7.4726,561605.5432,536417.3746
002688.SZ,20260413,3.0571,0.59,36.1124,1.9331,453238.0904,440256.0704
300506.SZ,20260413,3.0773,2.42,,5.1572,711372.6879,366613.56
688129.SH,20260413,2.6908,1.11,28.0576,2.8571,281799.9132,281799.9132
300018.SZ,20260413,4.742,1.47,50.1764,4.4591,617346.8018,571525.1833
001221.SZ,20260413,3.6139,0.77,37.0718,9.4908,2464061.6,221815.44
601858.SH,20260413,5.9407,0.87,32.1525,3.0822,1689298.5,1689298.5
002126.SZ,20260413,4.678,1.67,47.0026,5.9153,4000310.1032,3751871.8159
301479.SZ,20260413,5.0065,0.63,44.5111,6.6945,858426.4981,491416.0727
920735.BJ,20260413,2.3036,0.62,15.2655,2.7675,361685.1972,319883.5432
600366.SH,20260413,4.3073,1.53,41.8587,2.2273,1384791.7243,1384791.7243
600350.SH,20260413,1.264,1.09,14.9762,1.6009,4800728.8292,4800728.8292
688320.SH,20260413,2.9077,1.48,,3.8526,472068.7262,472068.7262
688819.SH,20260413,3.947,1.64,21.0733,1.9654,3353745.0,3353745.0
688170.SH,20260413,10.2493,0.85,224.9133,4.5082,566619.52,566619.52
600601.SH,20260413,5.2523,1.94,94.9423,9.6961,4483156.2885,4374637.6581
603778.SH,20260413,26.8954,0.98,,29.7778,2184739.4172,2127857.14
603927.SH,20260413,0.984,0.86,58.2523,4.4249,1390329.92,1390329.92
920111.BJ,20260413,2.0914,1.08,30.3936,3.9039,364613.075,176927.0938
603107.SH,20260413,0.7086,0.61,25.7147,2.3058,488123.745,315697.7751
000006.SZ,20260413,2.276,0.71,,2.1604,1158295.7495,1158286.9979
600635.SH,20260413,1.6848,0.68,38.6858,1.8071,1606124.4632,1315822.6712
000797.SZ,20260413,3.631,1.01,,0.94,444523.4434,444472.0087
002251.SZ,20260413,1.7107,0.77,,1.3727,1126565.1697,901885.8179
605005.SH,20260413,10.0566,0.75,37.6754,4.0977,836085.0,836085.0
002842.SZ,20260413,11.4192,0.73,74.881,8.9148,1076070.096,882972.6988
301408.SZ,20260413,14.6311,0.53,37.3636,3.3245,696817.42,398847.28
600390.SH,20260413,1.0431,0.76,569.9756,0.5669,2401966.9551,2401966.9551
688617.SH,20260413,1.0194,0.7,44.0156,11.6946,3612079.9602,3611779.5549
603369.SH,20260413,0.6475,0.48,11.318,1.9712,3254148.0966,3254148.0966
300657.SZ,20260413,7.8526,1.38,160.4136,11.8389,1485911.241,1443929.0599
603409.SH,20260413,9.5353,1.56,31.8865,3.3981,506892.66,145452.8468
301682.SZ,20260413,21.1362,1.03,44.2002,2.8965,1408757.0592,297710.2554
600992.SH,20260413,2.3534,1.16,,2.1239,295823.63,295823.63
300012.SZ,20260413,1.6502,0.99,25.5632,3.3863,2598286.7624,2209837.8997
601601.SH,20260413,0.9493,0.83,6.7714,1.1991,36230205.9195,25778426.1195
002539.SZ,20260413,4.3467,1.44,22.3892,1.9597,1814001.0905,1323565.7119
300261.SZ,20260413,1.4118,0.69,,3.0107,603995.0383,586980.6365
920982.BJ,20260413,1.374,0.52,30.3913,10.4471,1979008.7827,944312.6085
001332.SZ,20260413,4.5547,0.79,24.2051,2.37,597861.39,259746.9439
002886.SZ,20260413,2.6759,0.76,138.2189,3.1912,575362.9931,457044.8665
603628.SH,20260413,6.1588,0.68,40.0299,2.7317,366506.039,365254.3556
600459.SH,20260413,2.2798,0.8,24.3448,2.086,1545447.6943,1545242.5288
600962.SH,20260413,1.4192,1.03,123.6033,5.328,505803.09,505803.09
601985.SH,20260413,0.9576,0.72,22.7798,1.552,17873593.8023,16409574.5494
600642.SH,20260413,2.7208,1.73,10.6904,1.1579,4252954.9777,4252723.6326
600295.SH,20260413,2.8636,1.5,22.1023,1.9278,4049829.2395,2858658.8395
600444.SH,20260413,6.3754,1.57,44.8066,3.4715,261363.1486,261363.1486
605100.SH,20260413,6.4641,1.62,336.1241,4.261,765894.78,762314.952
301399.SZ,20260413,22.4404,1.21,110.1634,3.3033,433131.82,128014.2748
600606.SH,20260413,1.7709,1.0,,0.3631,2080024.3105,2080024.3105
300320.SZ,20260413,1.6134,0.97,25.3052,2.3225,588007.0388,474652.3498
003036.SZ,20260413,50.7672,3.8,120.1176,4.3387,600188.1999,600172.7987
301233.SZ,20260413,2.8525,0.77,31.1591,2.8108,271452.78,148624.6163
300313.SZ,20260413,4.5303,0.98,,58.0732,199735.902,164394.8732
605118.SH,20260413,5.7759,0.81,64.0255,11.8456,1764326.85,1746527.64
300890.SZ,20260413,4.6602,0.82,284.4617,1.8126,372451.9465,340312.337
301309.SZ,20260413,17.3818,0.68,28.5915,2.0851,337292.912,203248.9195
002436.SZ,20260413,13.994,2.89,,7.9525,4288276.3994,3810984.5769
301290.SZ,20260413,1.965,1.09,,1.267,270167.4818,183836.6898
002173.SZ,20260413,5.4333,0.73,,6.2689,1116449.4106,1064788.5284
300936.SZ,20260413,13.1515,0.65,,4.8305,482934.4,304789.8861
002268.SZ,20260413,2.1471,1.48,92.3265,2.712,1459567.8793,1458984.1892
688507.SH,20260413,1.5865,0.73,237.2345,2.6724,763216.735,421704.0275
001316.SZ,20260413,6.8815,1.09,42.9627,4.6237,577879.4084,558684.0077
603838.SH,20260413,1.8457,0.89,,3.0912,289294.464,289294.464
002519.SZ,20260413,5.0593,0.54,,3.8535,885374.6858,879365.3723
603529.SH,20260413,5.8604,0.92,10.9627,2.7012,2567227.4408,2507083.8348
000900.SZ,20260413,1.2603,0.6,15.2706,0.5601,617756.1319,617719.5019
600958.SH,20260413,0.9427,0.85,14.0415,0.9927,7910376.7669,6954088.5464
601156.SH,20260413,2.1432,1.87,9.9339,1.3521,2670268.4452,1588809.7252
600770.SH,20260413,5.0789,2.38,154.0271,2.1952,752700.0,752700.0
600097.SH,20260413,1.652,0.62,35.2468,1.1231,260452.4203,260452.4203
688089.SH,20260413,1.6315,0.79,19.5914,1.8639,306995.8349,306995.8349
603813.SH,20260413,1.4633,1.08,,5.3385,291206.595,291206.595
000572.SZ,20260413,4.2818,0.75,,5.7025,958823.0364,957433.5381
001256.SZ,20260413,27.6131,0.72,36.9222,2.7846,336565.6369,252313.6369
300493.SZ,20260413,1.828,0.73,178.3677,6.9459,808245.6911,798926.0154
002127.SZ,20260413,0.902,0.68,,1.6594,692273.4536,562514.7052
603333.SH,20260413,2.7054,0.71,,2.4251,495357.486,495357.486
600821.SH,20260413,14.2119,1.05,26.3118,1.7474,1625010.4112,1625010.4112
600653.SH,20260413,1.1732,0.9,595.7298,4.7129,344509.3161,344509.3161
002344.SZ,20260413,1.2666,0.86,74.9961,0.6837,573329.7811,572808.1911
301162.SZ,20260413,4.6057,1.49,66.4481,5.4643,865506.5503,556347.1811
920077.BJ,20260413,4.706,1.27,53.7077,3.8932,1028443.1798,554674.4298
300283.SZ,20260413,12.7,2.19,172.3443,3.8875,433861.9878,320581.7522
688156.SH,20260413,8.8221,1.45,,3.2762,249771.1094,249771.1094
001369.SZ,20260413,10.8013,1.06,34.7352,2.7038,1838641.0,322250.109
002105.SZ,20260413,3.3471,0.67,,2.7932,233296.1222,232168.0111
601728.SH,20260413,0.6454,0.9,15.9935,1.1517,53074140.4454,45025242.6454
002461.SZ,20260413,2.9004,0.57,24.1462,1.9773,2182341.8813,2182341.8813
300501.SZ,20260413,10.6528,1.22,,2.6339,368883.6701,191980.6492
002253.SZ,20260413,4.3686,1.75,,2.3041,245255.5653,226426.4958
002360.SZ,20260413,4.5271,0.74,,1.3042,260751.487,212561.9273
300949.SZ,20260413,4.1047,0.72,,3.4088,225480.0,128903.3948
301046.SZ,20260413,2.0614,0.75,171.7165,3.6308,421712.4425,322167.0153
603988.SH,20260413,8.517,0.63,149.9461,9.4963,637392.0,637392.0
688578.SH,20260413,1.426,0.76,19.7986,6.1038,4318650.0,4318650.0
001391.SZ,20260413,0.9045,0.73,24.9875,2.4061,6458498.168,803738.2766
300998.SZ,20260413,6.5359,1.05,,2.7162,342374.3981,268770.7277
001218.SZ,20260413,1.6478,0.81,24.4358,1.4364,326747.4326,233196.9967
603619.SH,20260413,10.3734,1.06,33.74,4.0478,1723135.4441,1723135.4441
002439.SZ,20260413,4.1445,2.89,,1.5931,1727456.6923,1038982.4606
603037.SH,20260413,1.55,0.71,48.136,3.5983,354204.5651,353174.6008
300078.SZ,20260413,2.3965,0.51,,7.8748,454973.9976,453140.4292
002946.SZ,20260413,4.769,1.95,21.1183,4.0638,1544054.8914,1526166.5353
001267.SZ,20260413,11.1328,0.8,381.6071,20.6458,3361289.9865,2592755.7908
300465.SZ,20260413,4.0691,1.11,231.3396,9.7405,663849.0381,663849.0381
600689.SH,20260413,2.0896,0.73,153.4952,5.6277,266514.5208,201822.6936
300323.SZ,20260413,6.4233,0.75,,2.4846,1631113.791,1193632.476
688499.SH,20260413,5.2218,1.43,168.0108,3.727,856297.1883,856297.1883
601963.SH,20260413,1.542,0.79,6.56,0.6461,3709142.0966,2080811.9289
301459.SZ,20260413,3.1862,1.26,30.6534,3.1758,395767.0378,99202.2648
002454.SZ,20260413,8.3848,1.07,26.0128,1.6062,643667.5584,641992.8218
603949.SH,20260413,17.5237,1.27,45.714,3.8138,411358.0501,410320.6948
300513.SZ,20260413,1.9173,0.75,,2.1086,278244.0545,255702.437
600258.SH,20260413,2.2786,0.81,20.8554,1.4011,1691653.7359,1691653.7359
300848.SZ,20260413,1.7215,0.79,78.7073,4.2074,644826.6539,381455.6256
300972.SZ,20260413,2.4684,2.19,27.5787,24.3884,3708222.2682,3398595.2976
600446.SH,20260413,1.9753,0.86,,3.2823,1208587.443,1208587.443
300197.SZ,20260413,1.4813,0.75,,5.1383,504100.6736,504087.9236
300401.SZ,20260413,2.3541,0.86,25.2385,2.4083,761702.7004,749396.3178
002532.SZ,20260413,1.8343,0.65,17.3223,2.8671,8345613.5592,7404663.986
002807.SZ,20260413,1.1463,0.94,5.0518,0.5847,1105165.3623,1103649.3667
601688.SH,20260413,1.6573,1.06,10.4354,0.9846,17096880.0107,13838999.8528
300251.SZ,20260413,7.7217,1.1,22.055,4.4462,4778815.5557,4521069.6013
300454.SZ,20260413,5.361,1.23,117.4396,4.2692,4612934.7389,3078463.4043
688229.SH,20260413,9.729,1.04,,10.4421,382328.4,382328.4
000056.SZ,20260413,3.5336,0.62,,,217585.1925,166285.6821
920145.BJ,20260413,1.7364,0.81,,3.993,102438.6,70557.036
600309.SH,20260413,2.2987,1.27,23.0402,2.665,28862948.3917,28862948.3917
300106.SZ,20260413,4.9137,0.86,,5.3569,206682.9992,206682.9992
600271.SH,20260413,1.2543,0.89,,1.1658,1574951.9423,1574951.9423
600095.SH,20260413,2.415,0.99,58.0923,2.1993,2696214.0416,2696214.0416
301083.SZ,20260413,2.4096,0.43,80.4261,3.7032,309310.1339,148875.6457
603075.SH,20260413,3.0578,0.83,28.5311,4.3192,905184.5166,92760.1534
002033.SZ,20260413,3.7481,0.8,23.372,1.9497,498937.5656,498928.0043
688195.SH,20260413,9.0774,0.8,602.4814,43.048,4253157.35,4253157.35
002856.SZ,20260413,4.0903,0.76,,18.1558,150873.7809,138153.4539
002600.SZ,20260413,3.4008,1.25,43.9238,4.1799,10048541.4975,9899362.4098
600754.SH,20260413,1.7749,0.66,31.6389,1.8295,2928055.5272,2487996.997
002789.SZ,20260413,4.8245,1.5,,,201125.6276,197147.2847
688072.SH,20260413,2.8141,1.06,120.3083,18.1636,11180508.6246,11180508.6246
688232.SH,20260413,1.8158,0.95,196.1001,1.3098,708682.327,708682.327
601689.SH,20260413,2.9833,0.84,37.2009,4.2901,10338383.8654,10338383.8654
300705.SZ,20260413,1.7625,0.7,14.9446,2.659,700907.8675,516812.0446
002624.SZ,20260413,7.5816,1.6,,5.3437,3784878.3562,3565907.163
000987.SZ,20260413,8.4252,2.04,12.5593,1.38,4420093.699,4416756.6261
002265.SZ,20260413,7.1649,0.92,223.7912,6.539,2387356.3806,2387356.3806
603901.SH,20260413,2.8071,0.8,105.0856,2.3551,669257.7135,622700.034
001366.SZ,20260413,4.475,0.75,,2.8266,226880.16,226880.16
601608.SH,20260413,1.2754,0.75,75.3782,3.0289,2830164.0241,2830164.0241
000886.SZ,20260413,1.3137,0.81,523.1827,1.8811,569565.1008,563234.0532
601968.SH,20260413,1.5605,0.89,34.5025,1.4628,659577.9808,659577.9808
000801.SZ,20260413,1.6066,0.73,78.1173,4.5036,1399479.1931,1398988.1329
601021.SH,20260413,1.4252,0.83,19.6435,2.5062,4552185.4172,4552185.4172
000665.SZ,20260413,1.4717,0.9,,1.3513,542420.3091,542406.1351
688545.SH,20260413,3.1415,1.16,86.1977,6.0316,1782720.0,902502.0
688295.SH,20260413,16.1322,1.53,491.1519,10.0056,4724100.0,4724100.0
688626.SH,20260413,3.4893,1.07,120.2963,4.5733,946720.0,946720.0
688775.SH,20260413,2.9816,0.94,80.3605,13.2424,7747320.0,633696.0
300900.SZ,20260413,9.0955,0.68,,6.3026,1253202.5572,981945.6832
603798.SH,20260413,19.2877,2.25,88.5718,3.9769,459557.7728,459557.7728
600862.SH,20260413,1.7091,1.01,29.2442,3.9239,3014558.2675,3014558.2675
300159.SZ,20260413,1.2795,1.45,,,1036482.6248,577029.3489
000034.SZ,20260413,2.2616,0.69,48.4951,2.3041,2536019.3051,2120907.9547
600721.SH,20260413,12.4137,0.71,84.8713,4.3067,345323.7762,345323.7762
002608.SZ,20260413,1.9929,0.72,8.6,0.8731,3048910.3211,3048910.3211
920509.BJ,20260413,1.9204,0.64,68.1087,12.7236,470657.5235,246581.4632
600641.SH,20260413,7.8815,0.79,,2.4943,2030634.4854,2030634.4854
600993.SH,20260413,1.0517,1.2,18.9661,2.5215,1084100.5359,1082222.1452
601139.SH,20260413,3.6747,0.85,14.4645,1.2821,2085638.749,2085638.749
300410.SZ,20260413,4.9015,0.98,,13.2041,317921.4142,317921.4142
300301.SZ,20260413,4.2588,0.98,,29.317,268047.6124,255105.1962
300285.SZ,20260413,5.7052,1.39,55.7636,4.8703,3412896.3275,2879923.4113
300458.SZ,20260413,6.5329,1.53,118.8392,10.0019,3115162.9397,2490538.5668
605090.SH,20260413,3.6796,0.9,20.0969,2.6509,2793731.2207,2788229.5927
600508.SH,20260413,3.7991,1.04,42.721,0.7454,941701.554,941701.554
603078.SH,20260413,2.7432,0.7,96.3673,4.5329,878481.6509,878481.6509
300455.SZ,20260413,2.3682,0.84,,10.3033,1716183.135,1694316.2445
603598.SH,20260413,15.1123,1.15,,26.7734,568491.5532,567859.1532
002797.SZ,20260413,6.8922,0.9,32.0914,1.9429,3315693.6,3315693.6
301120.SZ,20260413,7.4092,1.02,,5.3068,818284.6442,481619.3379
920371.BJ,20260413,1.7024,0.66,22.4363,3.1284,193118.8038,182744.8369
688256.SH,20260413,3.8909,0.8,249.7516,43.4512,51429566.7035,51022830.0195
002476.SZ,20260413,2.555,0.93,53.0901,3.9202,376380.0,376335.3049
300578.SZ,20260413,7.3125,2.03,252.9546,3.5402,420926.658,420812.8121
002495.SZ,20260413,3.4571,0.68,121.0644,2.1996,241391.4048,180799.5648
688776.SH,20260413,2.7699,0.7,,5.1275,897848.243,897848.243
603023.SH,20260413,4.7444,0.68,1177.7725,3.3855,260640.8291,260640.8291
002327.SZ,20260413,2.479,1.89,14.0259,1.6505,573359.9487,335808.2049
688305.SH,20260413,1.0974,0.73,85.8295,4.0184,761821.0783,757849.3755
001872.SZ,20260413,1.0305,0.63,11.7277,0.8402,5408053.9661,5016061.8241
000877.SZ,20260413,1.1806,1.32,,0.4533,3413036.0131,3413035.2931
600664.SH,20260413,10.7609,0.79,20.5785,1.6336,924293.1245,924293.1245
603085.SH,20260413,1.9694,0.85,575.4516,4.9047,437207.1,437207.1
002978.SZ,20260413,1.9808,0.9,19.4411,1.8263,1558982.8313,1219730.3801
688098.SH,20260413,3.9712,0.38,,2.6313,365883.804,365883.804
300432.SZ,20260413,6.9056,0.96,104.9983,9.4072,4317144.6111,4268653.1198
301221.SZ,20260413,5.2422,1.53,74.2938,2.3602,472836.8415,320201.8288
002246.SZ,20260413,7.0799,0.85,52.2267,4.4965,1373685.0546,1373685.0546
000952.SZ,20260413,2.3969,0.67,,2.5034,241684.9863,239763.8424
603215.SH,20260413,3.0807,0.86,32.9552,2.9862,362723.3334,361350.7734
301130.SZ,20260413,3.6018,0.53,61.0618,2.6209,240269.8056,185373.5278
920344.BJ,20260413,2.8519,0.89,507.397,4.1644,260673.4,243378.2603
002832.SZ,20260413,2.3275,0.94,15.2214,1.7799,971343.457,662789.9194
605499.SH,20260413,2.4249,1.24,24.8087,5.7146,10953688.9365,10085652.135
600630.SH,20260413,0.9753,0.72,107.3348,4.4075,339464.416,339464.416
688646.SH,20260413,1.1443,1.0,,3.2972,475050.3574,292534.2645
600807.SH,20260413,2.7561,0.85,,62.3064,273352.1319,243188.7054
601328.SH,20260413,0.4207,0.84,6.33,0.5297,60529192.1928,17859621.1048
688712.SH,20260413,6.9891,1.01,200.3229,9.5273,1615041.0,143745.2331
300352.SZ,20260413,4.5433,1.01,,8.2718,1019226.3332,897457.45
600248.SH,20260413,0.7802,0.75,11.5444,0.4426,1278989.4678,1267362.8358
605066.SH,20260413,4.0749,1.41,33.2774,2.2872,408342.8511,406468.3981
301502.SZ,20260413,3.9969,0.91,75.532,3.0027,249626.1455,103145.951
003018.SZ,20260413,17.7201,0.98,91.4404,5.7628,922480.0,842250.85
301601.SZ,20260413,0.9782,0.46,77.3383,2.5413,322542.08,193966.08
603556.SH,20260413,3.5667,1.99,17.9998,2.3012,1697061.9533,1697061.9533
002727.SZ,20260413,1.2847,0.69,80.6755,0.9948,727905.9274,493859.3542
002959.SZ,20260413,4.0069,0.75,16.8441,2.2644,661201.6338,638649.9743
688435.SH,20260413,2.4118,0.81,,3.2885,360553.0,242015.9117
001270.SZ,20260413,5.7976,1.07,293.2107,18.0739,2661561.7166,2627789.8312
002159.SZ,20260413,6.3336,1.09,21.9669,2.1548,314887.1532,245927.2719
688127.SH,20260413,3.7753,0.67,70.1096,12.453,2726008.9532,2726008.9532
603192.SH,20260413,2.2556,0.86,32.5499,1.8732,405851.5914,338060.6825
603893.SH,20260413,3.6781,1.06,68.346,17.2695,7107651.8318,7105659.6378
688257.SH,20260413,3.3838,0.75,78.2817,7.8244,1852173.6024,1852173.6024
300340.SZ,20260413,3.1793,0.87,,35.6936,306372.3631,304090.9249
000880.SZ,20260413,4.3417,0.8,53.3121,6.0875,1279758.9496,626366.9412
688811.SH,20260413,56.9953,,131.4977,5.7658,906022.5306,166379.7312
605286.SH,20260413,10.6005,0.97,35.5977,3.2911,707280.0,707280.0
603291.SH,20260413,3.8399,0.79,60.4392,2.7749,491782.3418,491782.3418
000779.SZ,20260413,2.005,0.8,21.0757,1.0396,409514.7472,409466.5477
301024.SZ,20260413,11.4605,0.69,,6.0398,241495.83,233804.88
300063.SZ,20260413,6.4734,0.48,69.9321,5.1334,892786.4556,737454.5794
002864.SZ,20260413,5.1715,0.97,28.2226,2.0196,340099.072,237410.3296
300055.SZ,20260413,7.8638,1.32,187.8297,2.0163,1041753.2595,787897.4333
603983.SH,20260413,2.7651,0.98,39.6233,2.9408,979643.0,979643.0
688517.SH,20260413,9.2378,1.08,36.3324,3.5996,295084.4774,295084.4774
300494.SZ,20260413,2.2523,0.88,,3.9344,566539.1378,460092.0185
300010.SZ,20260413,1.7199,0.82,107.3287,7.1048,1266833.56,1019622.8728
688286.SH,20260413,2.5487,1.06,103.2331,3.6044,386195.7693,386195.7693
603179.SH,20260413,5.2826,1.82,38.7925,4.2656,3161859.4528,3161859.4528
002414.SZ,20260413,3.0369,1.14,694.1357,8.4696,5867991.4124,4669693.4802
002021.SZ,20260413,3.2895,1.0,,5.9762,371793.4475,371781.1841
300098.SZ,20260413,1.6985,0.7,,3.4235,929713.5171,824832.8404
002181.SZ,20260413,27.1519,0.92,161.6538,3.5149,1488476.5791,1454476.5673
000927.SZ,20260413,10.5241,0.84,32.4619,1.9182,1869559.2751,1869558.3295
603657.SH,20260413,3.6921,0.66,246.6607,3.7752,355955.4017,355955.4017
603612.SH,20260413,2.3258,0.6,18.378,2.3241,1304037.4737,1304037.4737
603779.SH,20260413,2.1403,0.59,,3.7638,205891.3075,205891.3075
300576.SZ,20260413,2.0823,0.74,110.3657,7.5656,1280454.6641,813126.111
600697.SH,20260413,2.6102,0.86,,0.8244,189155.7212,184742.0818
300179.SZ,20260413,15.18,0.71,126.7166,9.621,1180794.8738,909149.9454
301207.SZ,20260413,2.8529,0.65,64.8935,2.0809,1187029.3125,1186280.0963
002629.SZ,20260413,5.7791,0.9,786.9776,78.6489,281650.778,279797.4993
688557.SH,20260413,2.5731,0.81,29.0028,2.5715,317485.4469,317485.4469
002545.SZ,20260413,2.0369,0.75,30.7657,3.0168,2848902.1701,2588074.8913
688629.SH,20260413,8.2154,0.7,159.4597,31.4845,5740743.7244,2263744.2843
002992.SZ,20260413,1.9472,0.93,,12.8063,938889.0843,820383.0549
000422.SZ,20260413,5.6624,0.94,19.7251,2.9736,1753186.5557,1705265.0197
300466.SZ,20260413,1.1476,0.64,,6.4636,465911.02,390518.7809
600173.SH,20260413,4.6606,0.77,,1.4205,506466.0144,506400.9444
688484.SH,20260413,1.0388,0.79,65.7921,3.7495,1566530.1917,1566530.1917
300892.SZ,20260413,2.6359,0.76,111.784,2.6465,278000.0,179483.75
603321.SH,20260413,2.0644,0.7,55.0768,1.7882,257480.4281,254288.5781
600303.SH,20260413,2.7829,0.62,,1.9284,216702.5349,214166.5349
301525.SZ,20260413,1.6125,0.63,43.7533,2.06,671688.4117,351835.325
000410.SZ,20260413,0.9255,0.99,135.4138,3.0127,1780177.062,1129575.5144
300234.SZ,20260413,5.3239,1.38,,2.7199,305928.0227,209144.1228
603400.SH,20260413,5.2888,1.13,42.9558,5.7645,697000.0,139400.0
300599.SZ,20260413,9.4277,1.23,,1.9184,380335.7242,225506.0804
000554.SZ,20260413,14.3262,1.5,25.8503,3.6467,411559.0802,310431.1366
002038.SZ,20260413,14.047,0.48,88.1798,1.2975,738664.65,612525.7842
000158.SZ,20260413,1.3079,0.64,839.3025,5.1939,2807170.9621,2788372.7626
002122.SZ,20260413,1.5646,1.58,,2.7417,598448.6719,594477.5073
300223.SZ,20260413,5.0605,1.0,143.8929,4.3487,5413624.3713,4718381.3931
301183.SZ,20260413,16.486,0.64,160.0535,16.3899,1531300.0411,1122583.7031
600177.SH,20260413,1.3987,1.31,12.7094,0.7865,3310384.4018,3310384.4018
002160.SZ,20260413,3.4667,0.44,104.8669,1.4176,527751.1763,526702.7689
300395.SZ,20260413,10.5269,1.66,137.6138,12.498,5687494.959,5571645.5708
601607.SH,20260413,0.7487,0.57,11.0644,0.8346,6333881.9698,4763966.4185
002458.SZ,20260413,3.0732,1.44,66.0824,2.5241,1093135.96,711744.3923
600882.SH,20260413,3.7573,0.76,89.7179,2.155,1001745.3627,1001745.3627
001283.SZ,20260413,10.5032,1.32,34.1699,1.9769,693904.7142,553625.9121
000718.SZ,20260413,2.2134,1.12,,0.7018,649412.1862,488367.9281
002141.SZ,20260413,2.1728,0.9,,4.694,390449.7316,385170.9908
920174.BJ,20260413,2.5678,0.68,40.9135,2.612,814477.8657,326687.85
600500.SH,20260413,2.1343,0.98,,1.3909,1578854.7733,1578854.7733
300542.SZ,20260413,4.1943,0.52,,8.9625,485159.8359,402453.3565
000423.SZ,20260413,1.0789,0.63,20.2222,3.4017,3516113.459,3509962.5998
300015.SZ,20260413,1.2633,1.13,27.8688,4.136,8971031.5965,7653054.3219
300699.SZ,20260413,3.2805,1.22,48.098,5.1041,2902249.832,2867545.4484
600460.SH,20260413,1.5367,0.77,81.901,3.704,4423102.964,4423102.964
002389.SZ,20260413,4.7379,1.55,808.5019,2.719,2177649.3224,2177306.9601
688625.SH,20260413,5.7741,0.98,43.974,8.1733,1238398.5738,1238398.5738
000650.SZ,20260413,1.3391,0.68,18.357,1.2871,817563.9287,777529.3271
605058.SH,20260413,15.315,1.55,35.6983,3.0293,528246.9192,528246.9192
300809.SZ,20260413,1.9843,0.98,178.797,5.1455,844539.0752,501547.0178
002279.SZ,20260413,1.9508,0.57,162.3577,5.0488,707009.6342,647576.4262
002957.SZ,20260413,15.6153,0.73,78.4454,5.4235,1737047.4794,1731655.7732
301067.SZ,20260413,2.7429,0.89,2377.7527,3.8186,316697.652,207890.7273
000917.SZ,20260413,2.6761,0.61,82.6484,1.3241,1380699.8732,1380605.4196
600604.SH,20260413,1.0208,0.63,,1.4643,910426.1347,684023.0347
688267.SH,20260413,2.2941,0.7,25.3722,1.8968,537410.0,537410.0
301150.SZ,20260413,13.3795,1.28,592.506,3.8232,1361150.5134,1299007.7174
600685.SH,20260413,4.0323,0.92,39.9548,2.2093,4028493.1773,2341090.2659
600099.SH,20260413,4.1601,0.99,102.4529,4.604,251549.76,251549.76
920819.BJ,20260413,0.7729,0.78,,0.908,436384.8,431338.5
688466.SH,20260413,2.6139,1.05,41.2278,1.8336,209005.7541,209005.7541
603815.SH,20260413,2.4792,0.72,21.4086,1.4773,357119.2836,357119.2836
300443.SZ,20260413,5.7463,0.97,30.5999,1.5301,962324.6016,729778.7793
603938.SH,20260413,12.3863,0.61,135.8775,4.2321,1051452.1178,1051452.1178
688208.SH,20260413,2.5477,0.88,25.8155,6.5692,2416011.467,2416011.467
300912.SZ,20260413,4.7937,0.89,,5.9109,291340.752,217932.9986
301511.SZ,20260413,15.3226,1.21,1118.521,7.0424,2861661.88,1700824.9715
688355.SH,20260413,5.8406,0.78,35.1282,2.5434,280140.7227,280140.7227
600019.SH,20260413,0.7982,0.94,14.861,0.6868,14027662.5784,14027662.5784
603507.SH,20260413,9.7821,0.94,77.2563,3.4289,860687.1037,848876.6737
600886.SH,20260413,0.9714,1.19,16.1616,1.6052,10637972.8742,9906604.9502
688171.SH,20260413,5.8496,1.68,303.503,4.4572,371032.3886,371032.3886
002666.SZ,20260413,2.2595,0.73,60.66,1.2086,427095.6211,271362.1649
000409.SZ,20260413,1.2198,0.67,87.6744,4.4998,722482.0383,629455.2873
600395.SH,20260413,3.7805,1.23,236.3393,1.1605,1219282.9398,1219282.9398
300906.SZ,20260413,2.6917,0.63,37.9922,2.8726,258720.0,233485.098
601890.SH,20260413,3.3074,0.8,33.3168,2.6998,999694.8,999694.8
301498.SZ,20260413,4.929,1.2,29.9344,4.4636,1997558.5259,895097.8919
300535.SZ,20260413,3.2256,0.82,,2.1462,207832.5739,157614.7513
000533.SZ,20260413,14.5245,1.11,98.5951,10.7418,1018262.784,1009546.1376
003031.SZ,20260413,12.5049,0.91,76.566,7.4615,4695460.2622,3541031.2054
002009.SZ,20260413,5.9282,0.72,,4.9614,993516.0213,874682.7454
600106.SH,20260413,1.9475,0.54,35.5087,1.5758,816021.3881,816021.3881
000586.SZ,20260413,54.3913,3.94,520.1835,12.3385,417830.4,412970.4
688013.SH,20260413,4.727,1.3,35.8043,5.3341,301087.276,301087.276
601800.SH,20260413,0.5997,0.72,8.3296,0.4256,12287356.3899,8896716.9239
603568.SH,20260413,1.3247,1.44,15.3901,2.8717,4198364.3848,4190793.1648
688425.SH,20260413,1.9889,1.17,17.5502,1.4001,2602746.536,2602746.536
688428.SH,20260413,4.567,0.66,79.3787,6.6002,5099821.0213,775559.5821
002273.SZ,20260413,7.0453,0.89,36.5524,4.3917,4209443.733,4123415.2821
600487.SH,20260413,11.5887,1.09,46.6201,4.2869,13192732.1827,13079273.8376
002881.SZ,20260413,2.0509,0.69,81.4688,4.3634,1162725.795,700412.636
301092.SZ,20260413,3.2911,1.02,43.1013,2.3282,451365.8778,203610.1993
920720.BJ,20260413,1.6419,0.81,50.98,6.2426,313101.5639,87488.2985
600673.SH,20260413,4.2392,1.14,350.4793,10.4274,9654652.6293,9628997.8298
688733.SH,20260413,2.2192,1.23,,2.6192,552178.6252,552178.6252
300143.SZ,20260413,4.8262,0.77,130.7754,3.5678,896344.1184,766944.1243
002298.SZ,20260413,5.1415,0.8,,3.2994,752692.7863,671884.6217
300292.SZ,20260413,4.9409,0.91,64.4223,4.7972,672224.252,559088.3513
601665.SH,20260413,1.1765,0.87,6.3009,0.76,3599997.8771,3599997.8771
300523.SZ,20260413,1.0883,0.75,,4.7339,500170.9217,499570.689
603197.SH,20260413,1.0151,0.78,28.1446,2.2585,709137.1052,709137.1052
000977.SZ,20260413,10.6692,1.39,41.5919,4.6119,10035569.4603,10024328.5485
300795.SZ,20260413,1.6114,0.68,25.8636,5.3995,353591.4482,205824.4455
600196.SH,20260413,1.0145,0.68,20.8766,1.4437,7036581.2714,5582218.0539
002329.SZ,20260413,24.7416,3.89,,4.0519,362095.7335,282919.1819
600757.SH,20260413,1.5349,0.94,9.9148,1.1179,1105635.3987,1105495.8608
301598.SZ,20260413,1.9731,0.91,30.6999,3.7232,352264.2908,104952.9313
002949.SZ,20260413,3.5765,1.0,32.6874,1.9028,274662.3205,212791.954
601816.SH,20260413,0.3764,0.86,18.4756,1.1908,24120359.9294,24120359.9294
688329.SH,20260413,3.76,1.2,96.783,2.2952,182809.6,182809.6
603050.SH,20260413,1.7384,0.86,30.7208,4.2211,792522.2142,792522.2142
603311.SH,20260413,15.5779,2.29,48.594,3.2078,440867.0222,440867.0222
603355.SH,20260413,2.0401,1.18,15.9144,2.8337,1548171.2466,1548171.2466
000615.SZ,20260413,1.3931,1.36,,,600597.5448,310906.3097
002420.SZ,20260413,3.3701,1.04,51.6612,5.1292,315870.72,306861.5808
300154.SZ,20260413,6.9086,1.16,36.5923,2.1322,380773.2552,266877.9699
300719.SZ,20260413,2.5373,0.82,444.4948,3.9009,404729.6228,285955.2501
301308.SZ,20260413,12.0445,1.34,227.0676,19.7397,14858699.7152,9727272.5466
688549.SH,20260413,3.7646,0.72,,4.5113,1354662.092,540405.523
600228.SH,20260413,6.7975,2.17,,6.2666,258753.5772,258359.0869
605598.SH,20260413,3.2311,0.79,183.7068,6.4142,1154572.8596,1154572.8596
001201.SZ,20260413,6.1838,0.97,146.1137,0.9804,333056.9293,262449.9691
600376.SH,20260413,3.1435,0.69,,1.8869,1230452.6204,1230452.6204
600463.SH,20260413,2.4195,0.9,,3.2792,301500.0,301500.0
002249.SZ,20260413,1.3416,0.71,21.2106,2.3276,2296506.4252,1733747.8377
300898.SZ,20260413,2.6945,0.8,29.8904,2.9306,287308.0,265840.2744
603402.SH,20260413,6.0167,0.71,27.0529,3.5279,1016314.6754,254078.6754
688726.SH,20260413,7.7762,0.68,38.684,5.8255,2367915.5961,1284798.7771
300690.SZ,20260413,8.4575,0.94,30.2023,3.1761,502330.0159,336553.8294
300851.SZ,20260413,2.0186,0.71,47.6396,1.9348,248455.6572,154646.4515
601061.SH,20260413,3.723,1.48,22.3006,2.5809,5997600.0,5997600.0
301206.SZ,20260413,0.764,0.61,58.875,1.2759,537781.7106,346292.5383
000993.SZ,20260413,20.0462,1.45,100.1824,2.2936,589841.474,566394.8727
600315.SH,20260413,1.1892,0.7,51.124,1.9835,1367979.8693,1367979.8693
301026.SZ,20260413,2.1698,0.78,34.3835,2.8614,463267.9599,334582.8645
000810.SZ,20260413,2.6775,0.65,75.8427,2.097,1364131.9567,1317178.9236
301078.SZ,20260413,2.3886,0.73,36.2285,2.5348,1078328.2367,1073065.7587
000066.SZ,20260413,5.0109,1.7,,4.4754,4964504.7964,4964182.7607
300930.SZ,20260413,2.8305,0.51,52.5279,3.235,296600.0,139772.753
605060.SH,20260413,15.4075,2.42,61.7817,5.6999,1406741.424,1397084.5188
300903.SZ,20260413,6.495,0.82,,7.2305,1447660.322,1091913.9137
002042.SZ,20260413,4.565,0.84,,1.3316,767007.2911,767007.2911
920188.BJ,20260413,19.8591,1.0,22.3577,2.5785,201839.4575,48138.7137
002650.SZ,20260413,5.1571,2.32,,5.4956,907808.7357,907777.9857
300289.SZ,20260413,2.2288,0.97,,2.2204,363943.6848,363371.6898
600566.SH,20260413,2.5201,1.54,13.5861,1.6196,2243325.9408,2235756.4442
601886.SH,20260413,1.8394,0.98,17.5267,1.4644,1069553.9446,1069553.9446
001234.SZ,20260413,14.2115,2.84,61.901,3.1358,291587.5105,243808.8575
600529.SH,20260413,0.6087,0.8,17.6771,1.4697,1219059.1256,1219059.1256
300729.SZ,20260413,1.4516,0.89,18.0037,1.184,431115.2741,414041.7518
601388.SH,20260413,6.5868,0.68,225.2921,1.9086,873885.3786,873885.3786
600449.SH,20260413,2.1004,1.16,33.6622,0.8315,613028.0958,613028.0958
920526.BJ,20260413,2.093,0.48,107.8689,6.7913,155476.0,98450.8737
301365.SZ,20260413,10.3639,0.8,93.7829,3.2268,542340.0,305465.0266
600608.SH,20260413,3.3979,1.98,,20.6343,80242.1916,77682.6316
688102.SH,20260413,3.9887,0.93,173.4376,14.6714,2675700.2899,2675700.2899
300081.SZ,20260413,7.2639,0.7,,1.9925,211678.396,211646.3447
603051.SH,20260413,2.7572,0.84,,1.9784,348318.8909,348318.8909
000966.SZ,20260413,3.9872,0.81,103.5483,1.1124,1535136.4421,1438331.5636
600101.SH,20260413,4.3099,0.58,27.817,1.6605,512251.4104,512251.4104
605296.SH,20260413,6.4813,1.11,22.9734,3.0594,1534935.9227,1515104.4227
002144.SZ,20260413,3.3251,1.03,121.37,1.2454,264613.5044,206053.4812
300485.SZ,20260413,7.8167,0.61,368.9109,1.5946,537539.7024,305579.9751
688181.SH,20260413,2.5544,0.91,56.423,2.1058,441906.3602,441906.3602
301609.SZ,20260413,6.305,0.71,56.5166,6.0949,750551.04,168873.984
301345.SZ,20260413,4.3076,0.81,29.7482,6.7074,2428413.7621,780077.4137
600461.SH,20260413,1.0077,0.76,10.4156,1.296,1250767.5408,1250767.5408
001313.SZ,20260413,7.9293,1.06,683.4095,2.2018,561400.0,560698.9325
000702.SZ,20260413,3.0387,0.81,,6.4198,225999.4661,173845.7436
001387.SZ,20260413,2.5036,0.85,25.8839,1.9435,243064.3712,151272.9222
301007.SZ,20260413,2.4394,1.02,105.4121,8.3914,544817.02,537658.1691
300622.SZ,20260413,4.1432,0.91,52.4185,6.6739,565989.7334,386939.1459
002829.SZ,20260413,2.6545,0.9,,2.7255,468402.3741,329194.3198
300229.SZ,20260413,2.5145,0.76,,4.0433,1603094.4102,1602010.4776
920455.BJ,20260413,0.9406,0.78,49.9205,3.9488,135926.7,71822.0306
300360.SZ,20260413,1.2815,0.67,13.8391,2.0495,834011.5184,811448.7052
601789.SH,20260413,8.1914,0.76,31.537,1.4093,855183.843,609694.009
300115.SZ,20260413,3.0404,0.79,75.3055,5.4237,4515419.5821,4502097.0091
300859.SZ,20260413,3.6748,0.99,70.6286,6.7479,527465.0,527465.0
688551.SH,20260413,5.5337,0.76,58.5519,2.9331,379999.6047,379999.6047
688380.SH,20260413,4.4631,0.97,63.6089,5.6891,1807647.975,1807647.975
688722.SH,20260413,2.3582,0.94,34.6417,2.6521,379237.3896,378289.5776
601336.SH,20260413,2.2666,0.81,5.2712,1.7147,19125940.2046,12785828.5935
601615.SH,20260413,3.7168,0.88,121.9607,1.402,3699808.611,3699808.611
000727.SZ,20260413,4.0579,0.62,,5.364,1241101.3525,1241101.3525
600114.SH,20260413,2.2475,0.75,36.1535,5.9718,1936453.124,1890448.124
002285.SZ,20260413,6.0092,1.63,,2.7068,593863.0533,588621.0584
002882.SZ,20260413,3.0283,1.01,109.6872,5.5481,1173591.9,669027.4931
600611.SH,20260413,0.9585,0.58,153.4705,1.1228,1111137.7461,734758.6911
002506.SZ,20260413,14.4213,1.24,,14.9915,2667744.2907,2665060.6623
002109.SZ,20260413,11.6327,0.96,,1.3464,548796.0359,548796.0359
300035.SZ,20260413,7.1338,1.06,30.1948,3.209,1573739.6366,1339367.3065
688128.SH,20260413,1.6745,0.64,19.3049,3.1078,1028239.0,1028239.0
300137.SZ,20260413,5.9992,1.38,,4.6856,764629.6493,755298.6011
603890.SH,20260413,5.8098,0.61,23.2165,2.2838,699701.956,699701.956
601827.SH,20260413,1.6249,0.85,10.8252,1.1086,1332530.8401,1332530.8401
301267.SZ,20260413,1.8336,0.93,32.3117,2.4078,1426320.0,1101058.5623
300514.SZ,20260413,1.9911,0.8,22.7728,2.4586,259800.0,208175.5642
600825.SH,20260413,2.0344,0.86,146.8756,2.4872,620663.3829,620663.3829
688202.SH,20260413,3.24,0.66,,4.546,885112.1882,885112.1882
000633.SZ,20260413,2.189,0.66,169.4065,13.5433,266108.5037,266106.5344
002757.SZ,20260413,3.7755,0.72,,3.0284,604502.798,577082.3224
300437.SZ,20260413,6.3192,0.62,,2.7775,386930.4871,274178.4421
603356.SH,20260413,6.5585,1.65,,5.6511,216677.5,216677.5
002869.SZ,20260413,3.4483,0.3,217.5711,1.8351,392751.28,349690.5239
601518.SH,20260413,11.3492,4.07,10.9388,0.9396,536917.1,536917.1
300308.SZ,20260413,2.7123,0.76,75.9457,27.5492,82000533.0492,81585832.2516
300425.SZ,20260413,1.5939,0.85,53.1167,1.4133,332243.5034,330707.2492
603182.SH,20260413,10.594,1.08,21.3204,2.2361,244850.4,244850.4
300003.SZ,20260413,1.4805,0.71,70.5226,1.9766,3006625.7118,2575205.5601
002252.SZ,20260413,0.7109,1.01,23.9083,1.1617,3770375.3874,3767987.1036
300946.SZ,20260413,1.5898,0.95,138.3714,6.0928,724500.2232,352035.1692
000812.SZ,20260413,1.8925,0.86,,1.955,304045.1372,303787.1778
002612.SZ,20260413,1.8248,0.86,7.1489,2.1716,741096.0031,426688.2052
301548.SZ,20260413,5.3603,1.0,45.7838,4.0094,605346.0,182543.0048
920953.BJ,20260413,2.6271,0.7,55.4494,6.2226,374483.0388,175046.056
300047.SZ,20260413,1.7694,0.74,252.5876,2.3576,775497.5212,697876.2393
002802.SZ,20260413,8.3372,1.67,53.4633,3.9505,244681.9515,202072.3295
300942.SZ,20260413,9.6514,3.12,112.6682,4.1622,352004.8532,352004.8532
000157.SZ,20260413,1.235,0.85,15.4868,1.307,7524225.6553,6150612.552
300305.SZ,20260413,2.9031,0.84,,1.1401,233499.0314,199958.0079
601096.SH,20260413,6.5567,1.66,39.8593,3.1736,1479360.7637,908566.0272
688501.SH,20260413,1.9391,1.05,16.6348,2.6697,300999.598,300999.598
688141.SH,20260413,6.8629,1.31,,18.6256,2840628.7096,2840628.7096
300203.SZ,20260413,1.108,0.68,231.0746,2.1809,621052.8384,620542.0386
603825.SH,20260413,1.2839,1.23,,12.8048,210522.6747,210522.6747
600668.SH,20260413,2.4021,1.55,6.67,0.7937,458319.6593,458319.6593
603848.SH,20260413,1.5864,0.7,30.6698,2.4649,617291.5879,617291.5879
300290.SZ,20260413,3.7523,1.26,,11.9114,924413.5622,924138.8316
603877.SH,20260413,1.1551,1.12,37.0751,1.5502,663274.6349,660807.5725
920639.BJ,20260413,1.5881,0.62,83.6742,1.7959,153014.4,90134.0082
000909.SZ,20260413,4.042,1.66,,4.763,295019.4011,295016.9242
688060.SH,20260413,1.6261,0.73,,3.0463,273145.5237,273145.5237
600331.SH,20260413,6.5822,1.36,,12.7338,4012590.4,3086608.0
688281.SH,20260413,2.2479,1.06,64.526,4.357,2022474.4085,2022474.4085
002675.SZ,20260413,2.9398,0.49,58.337,2.6235,1141240.4557,1028843.4477
301550.SZ,20260413,6.5422,1.5,189.7068,20.3093,3661545.8,2233571.7522
603615.SH,20260413,3.3235,0.67,,3.9898,456556.16,456556.16
300346.SZ,20260413,4.0176,0.94,103.1476,9.4714,3298200.7411,3130384.4757
601857.SH,20260413,1.5973,0.87,14.0667,1.3951,221272362.182,195763792.082
603707.SH,20260413,2.8627,1.13,24.1416,2.3395,1568790.1677,1568790.1677
601500.SH,20260413,0.943,1.26,64.248,1.0905,669101.9244,666443.3094
001205.SZ,20260413,1.7177,0.9,35.5259,1.2914,268845.0536,238072.5819
300486.SZ,20260413,3.564,0.91,,7.0984,1190009.4464,1189651.7843
920050.BJ,20260413,1.4544,0.54,22.8228,2.0271,213257.5814,57041.4533
688389.SH,20260413,0.4918,0.63,28.6663,2.5191,533464.7339,533464.7339
600977.SH,20260413,4.7056,1.03,,2.3541,2602598.0,2602598.0
601218.SH,20260413,6.2221,0.62,42.9491,1.9566,580451.0737,580451.0737
300926.SZ,20260413,3.4845,0.89,13.2741,3.2122,1120545.3291,768805.686
300046.SZ,20260413,2.6099,0.71,152.5838,6.5952,749094.852,749094.852
600053.SH,20260413,3.0461,0.7,,2.5056,644241.6288,644241.6288
300224.SZ,20260413,4.118,1.18,44.7851,2.6763,1376505.9167,1371437.7224
002514.SZ,20260413,2.8745,0.7,,25.4268,313214.9048,241004.9048
600880.SH,20260413,1.8964,0.66,364.2268,1.7267,524799.4042,524654.484
300140.SZ,20260413,1.7028,0.61,22.5537,1.3998,1964808.4881,646756.8725
301503.SZ,20260413,2.0792,0.54,22.8961,2.6763,285280.0,115823.68
300100.SZ,20260413,1.8174,0.71,34.7693,5.4232,1749695.8135,1685986.3049
920180.BJ,20260413,2.6053,0.56,25.1886,2.5109,195848.0103,59139.9879
688196.SH,20260413,7.3636,0.84,46.4231,2.4718,789727.6462,745080.0
300483.SZ,20260413,16.4203,1.27,46.992,2.3093,795663.4475,795413.3675
603370.SH,20260413,1.9995,1.0,43.3939,4.0447,770654.75,154130.95
600367.SH,20260413,21.6091,1.98,52.8513,2.9685,734454.832,693208.2608
301487.SZ,20260413,5.8297,1.42,,5.2872,996908.054,591690.1947
600251.SH,20260413,2.0449,0.73,39.4265,2.2831,866347.845,866347.845
002943.SZ,20260413,4.4867,1.0,,11.7843,1053503.3935,746416.0671
688343.SH,20260413,4.9702,0.92,,7.9492,3101219.5491,3101219.5491
688314.SH,20260413,10.2667,0.79,42.1902,5.8018,416431.9957,416431.9957
002991.SZ,20260413,1.0964,0.57,18.6477,2.8643,475773.6014,254861.6354
300428.SZ,20260413,2.2629,0.8,16.4385,1.6464,1461659.871,1272294.8763
600935.SH,20260413,2.6138,0.72,,1.6332,977768.7512,954013.2929
002591.SZ,20260413,4.2788,0.72,,3.0995,204135.6491,151988.4742
300240.SZ,20260413,2.5495,0.81,,1.7566,259350.9391,253638.4575
301683.SZ,20260413,33.3683,0.96,36.4561,3.2594,753862.2816,170388.9236
301329.SZ,20260413,4.9416,1.43,62.3189,2.459,384141.4,135293.608
300405.SZ,20260413,3.9594,0.71,,4.178,174889.1927,134576.3658
002393.SZ,20260413,3.4954,0.7,14.3433,1.312,597086.3021,580190.4557
920826.BJ,20260413,2.4477,0.88,30.2992,3.6225,141920.9721,63099.2177
300724.SZ,20260413,5.4221,1.01,11.1271,2.8475,3815538.9257,3151911.7888
001288.SZ,20260413,7.4737,1.0,32.4584,2.7845,635353.481,410933.1668
603214.SH,20260413,4.2196,0.7,27.0084,1.8633,220001.5772,220001.5772
688677.SH,20260413,15.8086,1.13,49.9477,6.3589,857120.55,857120.55
300780.SZ,20260413,13.6971,1.2,,3.3396,341887.77,250664.113
300365.SZ,20260413,4.2021,0.74,,1.8897,355714.2931,303452.6979
300948.SZ,20260413,2.7305,0.94,,3.0775,301634.6636,284329.6198
920454.BJ,20260413,1.8946,0.75,54.0343,4.5057,148191.0,89082.5663
605299.SH,20260413,36.331,0.8,83.3497,5.8343,743564.5923,743564.5923
300663.SZ,20260413,2.5964,0.85,,8.4791,641124.9256,615940.5649
688597.SH,20260413,1.6586,1.03,38.8942,3.5354,296069.1032,296069.1032
301489.SZ,20260413,12.3006,1.7,215.3866,14.7551,1598926.5666,942488.4546
920022.BJ,20260413,1.1214,0.63,22.693,3.6453,156291.711,43049.465
600035.SH,20260413,1.0521,0.82,9.0629,0.6853,610233.9265,610233.9265
300293.SZ,20260413,5.0719,0.57,,6.6344,620018.6102,620018.6102
002970.SZ,20260413,14.2947,2.59,29.3578,5.4246,1123443.2403,768278.3271
600183.SH,20260413,5.442,1.24,46.2437,9.2191,15417619.7528,15197901.2998
688216.SH,20260413,5.1825,1.26,,4.4404,327237.2241,303020.8301
600470.SH,20260413,11.2653,0.98,,2.2859,371900.8,371900.8
603248.SH,20260413,20.6303,0.77,65.0977,5.7206,1298120.0,195589.7666
301368.SZ,20260413,1.6221,0.77,3134.3469,6.4926,629924.5,336316.9528
600847.SH,20260413,5.8674,1.42,,4.1415,213069.486,213069.486
300414.SZ,20260413,3.5503,0.9,258.613,4.5296,449580.8436,432371.4256
000415.SZ,20260413,1.9514,0.89,,0.9494,2739742.9279,2389079.3897
000429.SZ,20260413,0.8095,0.61,14.59,2.3643,2628143.3004,1638285.6918
601952.SH,20260413,4.303,0.77,24.8929,1.9567,1378000.0,1378000.0
300192.SZ,20260413,3.1926,0.81,47.9657,6.6417,629651.1884,621031.9278
300693.SZ,20260413,6.5897,0.84,30.8714,6.7787,1469827.5723,1263340.3645
301292.SZ,20260413,38.6857,1.65,,7.3286,1983996.4031,757536.3015
688686.SH,20260413,10.58,3.07,70.6838,4.2999,1315986.9085,1315986.9085
002057.SZ,20260413,2.196,1.13,30.7261,2.2786,727497.7763,727055.0439
002233.SZ,20260413,0.8932,0.81,17.4259,0.9197,1104875.628,1104049.7123
688332.SH,20260413,4.4786,0.84,10.6995,2.8654,1514472.1956,1514472.1956
301376.SZ,20260413,1.354,0.75,19.2281,1.8924,630266.4149,303244.7407
300488.SZ,20260413,2.7305,0.6,37.0353,2.6281,543640.7259,461286.5271
301185.SZ,20260413,2.4895,1.11,39.9007,2.7123,290266.0992,264634.7268
600029.SH,20260413,2.4225,0.78,120.9474,2.9132,10365192.6195,7708826.1593
000519.SZ,20260413,3.7432,1.46,,2.4048,2456474.0442,2456474.0442
002379.SZ,20260413,2.148,1.2,20.4911,3.3555,36604411.0294,3192073.8722
920009.BJ,20260413,3.7443,0.91,36.8972,5.3216,360644.29,46879.2
300649.SZ,20260413,2.6947,0.85,,3.947,197300.7474,158114.0529
920132.BJ,20260413,6.6941,1.32,60.8146,4.1814,111232.632,37769.4912
688418.SH,20260413,6.7916,1.8,,9.4072,822400.8418,822400.8418
605008.SH,20260413,1.9241,1.15,1018.0994,3.8954,784198.3706,784198.3706
603777.SH,20260413,52.844,4.33,,3.5651,565176.8405,565176.8405
000596.SZ,20260413,1.1794,0.61,11.5486,2.1913,5463609.6,4223289.6
600195.SH,20260413,7.2082,0.58,37.4291,1.4038,802622.5324,802622.5324
600456.SH,20260413,2.3637,0.91,39.1187,2.251,1625876.9652,1625876.9652
300680.SZ,20260413,3.2663,0.61,32.0466,4.5451,900617.0885,695439.8437
603213.SH,20260413,1.178,0.57,64.324,3.1996,594452.8175,594452.8175
301567.SZ,20260413,2.9737,0.73,103.7964,4.0971,306360.0,90375.5618
000895.SZ,20260413,1.4073,1.47,19.3506,4.6239,9877749.1183,9876461.1904
603882.SH,20260413,1.864,1.2,,1.9026,1221612.0712,1213374.8795
000590.SZ,20260413,3.8099,0.99,,5.029,275391.9571,275262.3061
301380.SZ,20260413,2.0277,0.65,57.7202,4.6167,336014.523,267567.7668
600219.SH,20260413,2.4866,0.75,14.9381,1.4266,7073960.1603,7073960.1603
000731.SZ,20260413,4.6004,0.79,52.7135,1.0126,395703.4739,395703.4739
688046.SH,20260413,5.4547,0.86,51.8471,3.358,748660.0,748660.0
000818.SZ,20260413,10.9244,1.15,,4.312,995940.0589,993241.0615
603155.SH,20260413,3.6217,0.73,53.8282,2.334,506837.814,506837.814
301327.SZ,20260413,12.6343,1.12,51.818,1.8603,1153532.6699,1153532.6699
002080.SZ,20260413,9.5891,1.56,46.2879,4.2258,8414111.6502,8414111.6502
300715.SZ,20260413,2.6545,0.96,,2.7334,508106.4979,420616.4364
603968.SH,20260413,9.1027,0.63,,1.4255,257440.32,257440.32
603082.SH,20260413,9.0298,4.49,35.9052,3.754,618735.849,154684.0166
688758.SH,20260413,3.8257,1.46,66.1293,6.1818,835843.4166,598454.6297
920943.BJ,20260413,1.549,0.67,27.2484,3.0494,201621.4567,102890.3563
688331.SH,20260413,7.542,1.12,116.3636,22.6869,8257741.0988,2385889.1354
920019.BJ,20260413,2.0757,0.64,87.3805,4.1057,375326.0595,299051.1638
300569.SZ,20260413,4.1568,0.98,,1.3133,679084.9233,677040.9806
603385.SH,20260413,4.601,1.5,41.1842,0.6663,250096.884,250096.884
002812.SZ,20260413,5.6728,0.99,,2.6091,6568498.1271,5501930.4708
000017.SZ,20260413,1.6811,0.79,116.7983,12.5947,471402.4942,301522.2145
600965.SH,20260413,2.9686,1.07,60.0001,2.1112,459291.2358,459291.2358
301577.SZ,20260413,5.1865,1.06,98.9178,3.7018,282289.9355,118115.2007
301565.SZ,20260413,2.5401,1.18,134.7775,3.6225,872421.81,279189.81
688559.SH,20260413,3.151,0.94,,5.8253,1383486.5017,1383486.5017
600780.SH,20260413,5.3653,0.93,12.1375,0.9103,746373.1425,746373.1425
603344.SH,20260413,1.8298,0.91,27.5196,2.5404,533793.0091,148261.0091
601166.SH,20260413,0.3322,0.9,5.0319,0.4814,38981983.1337,38981983.1337
600629.SH,20260413,5.7557,1.1,289.9071,3.9432,2076524.7303,2039670.487
600343.SH,20260413,6.4096,0.63,,15.6784,2030134.393,2030134.393
920436.BJ,20260413,1.3671,0.71,,3.3797,129998.976,122282.5758
001296.SZ,20260413,2.2822,0.95,26.1927,2.1289,372631.3952,191436.6854
301052.SZ,20260413,3.2067,0.68,,4.693,326071.022,264245.5531
002294.SZ,20260413,1.6348,0.66,103.4157,7.9285,6955340.3619,6953775.6269
000014.SZ,20260413,5.0042,0.94,,2.1803,321195.3392,321195.3392
002055.SZ,20260413,3.4819,1.07,,2.5854,369343.4004,362927.9004
603586.SH,20260413,1.6962,0.68,25.8922,1.5335,353091.0568,353091.0568
002054.SZ,20260413,3.3799,1.07,35.409,1.6345,418476.2123,333322.7007
600136.SH,20260413,3.0825,1.15,,16.1321,383675.275,365300.8249
002987.SZ,20260413,3.0111,0.92,43.9359,4.9706,1447790.9937,1407880.4854
603602.SH,20260413,1.4019,0.61,107.8292,2.8233,304764.8346,304764.8346
001359.SZ,20260413,5.5852,2.59,56.0864,7.2308,1428374.3705,357126.0
688148.SH,20260413,5.6643,1.56,,13.8984,455074.3633,455074.3633
001207.SZ,20260413,4.636,1.18,21.0765,2.7473,616885.309,595485.9572
002106.SZ,20260413,1.4948,0.83,30.7259,1.3485,753105.8427,752130.9312
300895.SZ,20260413,20.6275,1.0,,11.3034,884509.7273,867998.0996
600998.SH,20260413,1.3852,0.69,9.5723,1.0075,2667466.7538,2667466.7538
600088.SH,20260413,1.7703,0.87,,4.6435,586219.2336,586219.2336
300380.SZ,20260413,2.4847,0.73,207.8461,12.4615,482183.2112,443614.1863
002409.SZ,20260413,2.8604,0.81,44.3122,5.2145,4072037.213,2725280.6233
301538.SZ,20260413,4.2291,1.06,32.0998,4.3778,626259.2,249382.7319
600558.SH,20260413,2.09,0.75,27.0472,2.0335,492785.0522,492785.0522
002208.SZ,20260413,5.3453,0.71,,1.5082,969573.3161,969322.8503
002254.SZ,20260413,3.858,1.46,,1.317,927335.872,920314.3953
601068.SH,20260413,6.1745,0.62,71.9108,6.1832,1852458.4855,1586946.2135
301057.SZ,20260413,2.7283,0.77,98.706,4.8322,367634.9436,259570.8247
300120.SZ,20260413,1.1817,0.76,,1.4342,427923.4771,392948.0165
603880.SH,20260413,4.4029,0.88,,7.4772,190189.636,190189.636
603595.SH,20260413,2.8425,1.34,95.6955,2.4464,378183.6644,378183.6644
300218.SZ,20260413,2.5072,0.91,20.6083,2.2058,340669.59,339553.9386
920119.BJ,20260413,1.9341,0.68,22.9179,3.3921,621846.8081,163617.6851
000560.SZ,20260413,5.8189,1.41,65.008,0.7405,697228.2519,667757.7868
301555.SZ,20260413,3.8529,0.79,42.9831,2.8743,316936.1145,166072.8038
688619.SH,20260413,6.6252,1.57,,4.3417,292992.1064,292992.1064
002755.SZ,20260413,8.2057,0.95,57.7679,4.6251,1482272.0805,1482258.0669
300278.SZ,20260413,1.1273,0.66,546.0741,3.7722,653215.5667,651163.6732
688069.SH,20260413,4.9742,1.12,39.8478,3.074,400020.0,400020.0
688695.SH,20260413,2.074,1.06,,2.609,203272.7934,127615.1924
688601.SH,20260413,7.2533,0.76,194.5437,5.7754,721405.8092,721405.8092
603315.SH,20260413,10.3613,0.67,102.8954,2.869,487277.0875,487277.0875
688299.SH,20260413,2.3456,1.01,,2.6508,515008.066,515008.066
300975.SZ,20260413,10.9379,0.77,89.9642,6.2675,1427597.6451,1022528.2945
300941.SZ,20260413,2.4585,0.78,97.105,3.2465,414004.5,214914.5362
920896.BJ,20260413,1.5873,0.73,27.2526,3.7883,168842.0323,73896.8786
600426.SH,20260413,1.5456,0.75,24.6932,2.4749,8187007.7687,8185928.081
002942.SZ,20260413,2.8144,0.8,34.9226,2.4616,302676.1001,266459.476
002040.SZ,20260413,5.0686,0.85,27.2537,1.4497,494778.2428,492880.5012
688185.SH,20260413,6.2627,1.82,610.9461,3.4376,1702872.9203,788372.4066
300006.SZ,20260413,12.4776,0.54,,3.6021,632490.8118,632436.7179
300694.SZ,20260413,2.5516,0.8,84.474,1.8984,264825.8587,264825.8587
002822.SZ,20260413,2.0712,1.57,,4.8569,668850.0,366648.6471
688165.SH,20260413,1.6727,0.71,,7.3137,890678.46,890678.46
600791.SH,20260413,14.2782,0.9,,13.8087,544814.64,544133.3763
301446.SZ,20260413,5.0223,2.02,43.0909,3.1943,377000.0,115173.5
920045.BJ,20260413,17.4657,1.47,99.9095,30.1474,3015569.5764,891649.8005
000544.SZ,20260413,1.5739,0.42,7.3884,0.8722,794367.8577,794367.8577
000681.SZ,20260413,2.7736,0.55,172.8081,3.9707,1434782.5889,1384724.5681
600210.SH,20260413,1.1576,0.8,8.4781,1.5854,1057165.1021,1057165.1021
920363.BJ,20260413,1.9491,0.8,306.88,4.3537,153197.25,81998.7599
600137.SH,20260413,6.0317,0.57,76.6339,3.8784,210476.078,210476.078
300250.SZ,20260413,2.5859,0.75,,8.8174,458492.6325,337528.7208
600909.SH,20260413,1.4828,0.73,13.6071,1.1213,2868823.4977,2868823.4977
688610.SH,20260413,22.6762,2.71,117.4552,4.9558,751332.0,452263.9438
603017.SH,20260413,12.7006,0.69,91.3002,2.6071,371752.1344,371752.1344
300194.SZ,20260413,1.6753,0.57,34.2522,1.1116,494920.3509,402831.1939
300350.SZ,20260413,2.2998,0.72,,3.2605,301238.5815,252759.0635
000639.SZ,20260413,8.5658,0.91,,0.8326,241791.8933,241791.5969
300152.SZ,20260413,6.1515,2.15,,6.568,154677.6,154638.1982
600302.SH,20260413,6.4266,0.75,,6.991,414865.755,414865.755
301439.SZ,20260413,2.2621,0.7,30.5344,2.0735,614002.6546,289163.6461
002817.SZ,20260413,4.1109,0.85,36.682,2.4829,238381.2415,231161.3181
603876.SH,20260413,6.4098,1.04,59.1572,3.101,2267411.9997,2267411.9997
603611.SH,20260413,1.3853,0.85,12.2557,1.6576,526020.8152,526020.8152
688053.SH,20260413,1.9408,1.11,,2.3625,375300.0,375300.0
601229.SH,20260413,0.2876,0.74,5.6265,0.5778,13612239.1137,13612239.1137
603160.SH,20260413,1.9384,0.89,37.7473,3.3619,3159820.5239,3159820.5239
301217.SZ,20260413,25.6864,1.13,5606.7709,7.0148,3784455.9584,3784455.9584
300419.SZ,20260413,2.7807,1.42,,6.2714,270666.7747,270666.7747
301073.SZ,20260413,4.0936,0.81,313.048,5.5908,525601.1773,481619.1885
603991.SH,20260413,2.6149,0.84,,4.9453,1585126.7898,773673.2792
000803.SZ,20260413,5.387,0.99,49.7495,2.6235,385160.6224,379784.7063
688105.SH,20260413,0.9083,0.91,,2.0548,779957.4408,779957.4408
920101.BJ,20260413,0.5879,0.42,25.5663,2.8952,306491.4222,95640.1371
601868.SH,20260413,4.3066,0.83,21.7402,1.0763,12696932.5907,9307044.8315
600779.SH,20260413,0.8824,0.75,29.4559,3.1718,1596572.9735,1596572.9735
301687.SZ,20260413,10.7495,1.66,62.3632,5.46,810689.28,163034.994
601456.SH,20260413,0.8807,1.06,26.3258,1.0075,5288631.9024,4074969.8854
002664.SZ,20260413,2.5192,0.78,153.5656,2.4139,851913.4,840176.2957
603301.SH,20260413,3.1746,0.96,79.6617,3.9626,2237670.388,2237670.388
300377.SZ,20260413,4.5692,0.87,,5.4086,1363821.5933,1253992.0507
301590.SZ,20260413,4.2199,0.68,40.9434,3.9055,760867.2449,155648.3073
000517.SZ,20260413,3.0423,1.19,,1.0901,627232.7295,490921.324
002546.SZ,20260413,4.0445,1.08,12.9512,1.9741,748976.0882,719506.4222
300899.SZ,20260413,2.4016,1.15,88.9943,3.8076,242377.1708,155557.0508
301680.SZ,20260413,28.874,2.12,50.4691,4.8774,904176.0,183483.0816
600497.SH,20260413,3.0061,1.18,40.6025,2.5847,4203677.3228,4203677.3228
002917.SZ,20260413,3.3375,0.73,28.0963,2.8704,490483.632,367628.6154
002641.SZ,20260413,1.2497,0.62,57.2839,0.9243,503928.4871,464937.8077
600127.SH,20260413,17.6111,1.33,1274.1175,7.1615,480695.6303,480695.6303
601011.SH,20260413,1.9944,0.66,,1.1043,636000.6269,636000.6269
300129.SZ,20260413,2.8618,0.67,54.9328,2.3777,1369433.7576,887607.0797
600185.SH,20260413,2.4794,1.41,,18.6682,1068798.2858,1068798.2858
600738.SH,20260413,4.5555,1.89,22.5637,1.7673,370008.9247,369683.7713
300422.SZ,20260413,2.5297,0.67,,2.2645,250923.7828,240382.3883
300127.SZ,20260413,6.1045,1.15,54.9839,6.4517,977194.5926,697988.0074
002653.SZ,20260413,4.7567,2.24,261.579,15.8283,6790062.6521,3254534.3244
600169.SH,20260413,0.9079,1.07,38.8495,1.6033,816693.1735,813286.526
002692.SZ,20260413,8.9728,0.79,66.4232,3.7306,453150.126,452874.3632
000688.SZ,20260413,6.7012,1.14,49.6823,20.5564,5348210.5572,5348191.061
688066.SH,20260413,3.888,0.56,,11.4304,479184.5049,479184.5049
688628.SH,20260413,8.6995,0.79,46.5535,5.6033,709724.1838,709724.1838
603696.SH,20260413,4.2901,0.71,92.6393,6.4241,372792.0,372792.0
300429.SZ,20260413,5.1729,0.67,,4.1985,732923.4239,545436.039
301556.SZ,20260413,4.7238,0.83,50.8614,7.2623,702707.2,242915.2
688818.SH,20260413,11.4342,0.95,317.3111,19.9231,10386804.8622,789457.7072
000425.SZ,20260413,1.2493,1.24,18.3542,2.0374,12195063.1506,9351573.4221
600325.SH,20260413,2.3068,1.33,,0.5089,966005.3927,966005.3927
605376.SH,20260413,7.1241,1.43,190.8726,17.8426,2939076.0,2939076.0
600996.SH,20260413,3.5458,0.52,,4.9847,1165757.8635,1165757.8635
600132.SH,20260413,1.7446,0.79,21.4719,19.1935,2642966.7123,2642966.7123
002096.SZ,20260413,1.5684,0.81,18.5763,1.8441,1472403.194,1472400.6906
600845.SH,20260413,2.1938,0.85,49.3638,5.8342,6442027.6317,4788817.5193
000153.SZ,20260413,3.7653,0.56,26.783,1.4507,304833.7024,301017.734
002086.SZ,20260413,3.0117,1.02,,3.0433,403542.979,325744.9236
300020.SZ,20260413,2.0484,0.65,,2.0012,281316.0028,271370.5622
605567.SH,20260413,2.5224,0.79,54.7271,1.9877,217000.0,217000.0
000506.SZ,20260413,6.9289,0.86,101.6987,23.1175,1615561.8864,1615021.4052
603527.SH,20260413,3.2119,0.61,25.2698,1.6622,342962.8384,342962.8384
688655.SH,20260413,17.0878,1.24,,5.7846,380028.11,380028.11
600988.SH,20260413,2.8393,0.75,27.2389,6.2586,8396016.5844,7351160.468
002548.SZ,20260413,4.9319,1.06,,2.9114,414915.0027,403040.2175
301131.SZ,20260413,2.6877,0.89,46.393,2.113,231167.4292,165585.9748
000605.SZ,20260413,2.1937,0.68,139.4194,1.1256,239807.848,239807.848
000913.SZ,20260413,2.6154,0.74,14.7827,1.6648,783825.979,774432.8831
601233.SH,20260413,3.0441,1.0,26.3571,1.2147,4596230.8787,4587866.729
920357.BJ,20260413,2.0191,0.99,28.1976,4.5394,182582.4,101493.288
000967.SZ,20260413,16.1667,1.58,88.3112,1.9712,3366461.9769,3364846.808
688258.SH,20260413,6.4778,1.24,158.1368,14.4161,1298644.7806,1298644.7806
688073.SH,20260413,3.6448,0.83,36.7231,2.7308,558930.1302,558930.1302
300855.SZ,20260413,1.7934,0.7,125.3062,8.4075,1657276.985,1227486.2182
301215.SZ,20260413,2.0186,0.8,37.2772,2.8056,804931.2,804019.2
002839.SZ,20260413,0.8696,0.7,5.4965,0.587,1087733.5134,1086698.9254
601916.SH,20260413,0.2693,0.42,6.2869,0.457,8129532.245,6377153.045
301632.SZ,20260413,1.9724,0.69,76.5838,3.1374,866419.2,151652.34
000949.SZ,20260413,5.9284,0.75,64.7689,1.9604,1282440.5396,1282088.3704
002380.SZ,20260413,9.3296,1.43,26.0952,3.3248,809731.8237,478270.8769
603013.SH,20260413,2.888,0.92,17.9922,2.1537,950370.5847,950370.5847
603268.SH,20260413,3.1471,1.23,40.8482,11.4721,10843593.6445,2605400.1766
603739.SH,20260413,2.9224,0.68,44.9926,2.1195,376000.8949,376000.8949
301178.SZ,20260413,2.3655,0.76,444.0719,4.2804,332592.68,246144.8015
002446.SZ,20260413,2.5104,1.06,,3.526,897107.4095,830821.7501
600515.SH,20260413,0.8848,0.71,134.1585,1.7665,4158812.6951,3340068.5529
300148.SZ,20260413,2.7577,0.73,53.3304,3.5057,361552.3381,349285.7494
603878.SH,20260413,2.3578,0.83,54.4165,1.6252,424781.5667,424781.5667
002443.SZ,20260413,8.6023,2.3,34.2768,1.3636,472125.7166,471119.9008
301141.SZ,20260413,8.5005,0.82,165.9176,5.132,656008.4478,235427.1678
300886.SZ,20260413,4.0258,1.11,72.7657,3.6463,211827.936,123606.3216
600050.SH,20260413,0.6523,0.66,15.6208,0.8456,14256577.9491,14131626.5733
300149.SZ,20260413,5.7733,0.43,,4.3855,549752.2472,523906.4778
002197.SZ,20260413,2.9199,0.83,,2.2648,469373.277,407976.0092
688270.SH,20260413,9.1965,1.0,243.7252,14.4035,3247162.772,3247162.772
300093.SZ,20260413,1.6507,0.84,51.0305,5.1655,1036260.0,443246.3118
600026.SH,20260413,6.6493,0.85,31.0398,2.7005,12531751.3838,7967662.2737
002145.SZ,20260413,1.428,0.91,40.0476,1.4383,1735842.5154,1700366.0374
300310.SZ,20260413,2.6431,0.63,497.6454,2.8557,544864.9722,427268.294
600338.SH,20260413,7.7129,1.56,37.5157,3.8479,1676661.4481,1676661.4481
300255.SZ,20260413,7.5866,1.53,,26.8779,4077873.1157,4071816.6107
002116.SZ,20260413,1.6052,0.68,13.9566,1.7256,478370.4883,473138.8599
000959.SZ,20260413,10.7738,2.43,30.4265,0.7367,3714629.3702,3569319.9465
000027.SZ,20260413,2.3269,0.81,17.2843,0.9736,3187451.2437,3187451.2437
688685.SH,20260413,3.6865,0.93,103.8944,6.9074,580504.6397,580504.6397
688191.SH,20260413,4.5515,0.92,146.4557,10.798,940268.8518,940268.8518
688085.SH,20260413,1.6476,0.99,94.8392,2.8516,600232.4964,573734.574
603726.SH,20260413,1.9342,0.86,19.9838,3.0583,429782.528,427594.853
920799.BJ,20260413,6.9182,1.01,118.3674,18.5606,772829.7042,444675.6396
603066.SH,20260413,1.4584,0.75,443.6944,2.0336,291826.6334,291826.6334
301302.SZ,20260413,6.1245,0.69,,2.125,333706.965,297577.59
300397.SZ,20260413,2.1993,0.79,,4.2192,607187.9019,475657.8436
603297.SH,20260413,3.7931,0.68,54.8701,6.0229,1203663.195,1201410.735
600133.SH,20260413,2.5931,1.11,24.1341,1.0596,929761.171,929761.171
300011.SZ,20260413,1.8048,0.8,553.3912,2.9063,454166.5403,380442.003
300872.SZ,20260413,3.1108,1.05,160.3928,2.2005,801982.9394,693414.5016
301110.SZ,20260413,5.1731,1.08,56.9631,3.825,557802.9873,394029.7623
301036.SZ,20260413,2.3618,0.9,38.8261,1.7135,283900.0,199961.0898
001219.SZ,20260413,3.2775,1.04,27.391,2.7236,283896.34,276817.7354
603950.SH,20260413,23.6732,5.49,45.2548,5.844,1760354.3748,1757508.5308
301088.SZ,20260413,1.8727,0.73,38.4442,1.3034,323162.2,266371.3
688097.SH,20260413,10.0541,0.97,48.861,6.0646,2898743.9949,2888106.8849
000951.SZ,20260413,4.7088,1.24,18.6408,1.9212,3105179.7185,3105179.7185
300529.SZ,20260413,0.6221,0.78,28.9413,4.2122,1394364.8102,894793.9212
920098.BJ,20260413,1.3619,0.76,37.6025,2.2728,214116.5316,145804.1233
003005.SZ,20260413,1.7402,0.79,,2.3406,420664.6402,230846.3785
688525.SH,20260413,11.0148,1.21,141.2176,21.6132,12046357.2254,12046357.2254
603716.SH,20260413,6.6728,0.47,,4.1952,522705.6326,522705.6326
300549.SZ,20260413,2.6845,1.01,293.5447,4.1616,229211.46,173712.9863
002259.SZ,20260413,5.556,1.33,75.8095,14.4932,393467.6836,393467.6836
688108.SH,20260413,3.1586,0.86,194.8945,9.8739,921584.16,921584.16
301113.SZ,20260413,6.0326,0.78,300.5189,3.3314,227773.0,137880.1078
001333.SZ,20260413,4.8439,0.64,24.6157,1.8599,318720.0,109560.0
300999.SZ,20260413,1.4969,0.87,48.612,1.5894,15326839.2723,1534063.3432
300329.SZ,20260413,3.4017,0.74,,5.5591,376804.2822,375671.4456
600249.SH,20260413,7.7411,0.54,337.9494,1.5279,332750.0,332750.0
300707.SZ,20260413,3.3099,0.75,121.121,2.4979,285643.5936,235911.1454
603826.SH,20260413,10.9866,1.44,,10.6495,1913184.0,1913184.0
600397.SH,20260413,4.8514,0.83,,92.0089,1430492.0295,1430492.0295
000428.SZ,20260413,3.2204,0.73,,2.9023,404513.622,404513.622
600866.SH,20260413,3.6042,1.41,8.9101,1.3739,1141431.6872,862713.5256
603117.SH,20260413,2.0926,0.9,400.6963,2.7169,279825.3455,279825.3455
600405.SH,20260413,1.8707,0.77,,15.5214,321735.5337,320312.6834
920906.BJ,20260413,1.7766,0.61,45.7448,2.6377,152679.5,78385.9491
601956.SH,20260413,2.7845,1.97,32.6456,1.6434,418347.9651,418347.9651
300389.SZ,20260413,11.1772,0.85,28.8103,4.4293,725651.2232,431413.9363
301123.SZ,20260413,6.766,0.67,,5.2089,1496533.92,1489900.8
000663.SZ,20260413,3.3297,0.95,,2.2118,221538.0253,201546.187
605588.SH,20260413,5.7951,1.15,,4.1892,403601.3493,402632.382
688248.SH,20260413,2.0886,0.85,74.8077,9.6563,3148202.5,3148202.5
601113.SH,20260413,1.948,0.93,13.9209,1.2339,490243.5883,490243.5883
688429.SH,20260413,3.4399,0.75,,4.1468,570001.14,170753.8555
000793.SZ,20260413,0.846,0.8,,54.2297,621143.3371,609873.6793
300444.SZ,20260413,5.9281,0.85,58.5651,5.9781,1086130.1224,845167.5106
000709.SZ,20260413,2.2583,1.03,25.3669,0.4724,2439560.5777,2439157.3259
002391.SZ,20260413,1.7785,0.69,,0.9418,401448.1959,286826.6612
003028.SZ,20260413,5.6176,0.87,54.5838,2.2953,400704.759,195320.2675
001376.SZ,20260413,5.1166,0.93,42.6349,6.3593,743892.6,344997.0402
600356.SH,20260413,5.2078,0.77,18.9509,0.9932,291969.3425,264676.0009
002349.SZ,20260413,4.4844,0.59,27.534,2.2872,618937.4814,607378.9574
300206.SZ,20260413,3.0689,0.8,28.0503,3.9099,857322.0887,500463.3766
688150.SH,20260413,9.3005,1.13,88.6008,10.1658,1947797.9114,1947797.9114
688717.SH,20260413,9.224,1.06,167.7701,4.4467,1941600.0,1201945.1501
002470.SZ,20260413,9.7501,0.69,,4.6536,956234.0729,956153.0803
600498.SH,20260413,13.3206,0.87,82.9069,4.0999,6813926.2572,6379724.8448
603334.SH,20260413,4.8035,0.67,55.6319,4.6056,781931.5,169211.219
300656.SZ,20260413,3.6625,1.17,,3.7469,367063.2794,285065.9783
300477.SZ,20260413,1.9782,0.84,,2.8373,279796.8773,258611.9959
301161.SZ,20260413,1.438,0.63,50.1411,3.9493,363960.0,363960.0
300893.SZ,20260413,2.0134,1.31,28.0155,5.0327,1026412.7472,544377.0847
300853.SZ,20260413,5.6019,1.56,,4.9041,299188.2495,200167.3427
301516.SZ,20260413,13.0072,0.87,,4.2193,544561.4047,136140.3517
688301.SH,20260413,1.9584,1.18,33.9224,3.7062,2204991.7883,2089773.0249
603886.SH,20260413,3.7634,0.75,22.4537,2.0145,313440.0,313440.0
001324.SZ,20260413,2.942,0.76,55.4108,2.3529,266754.0,157836.4088
920719.BJ,20260413,2.482,1.34,,2.9217,98492.8172,77438.8944
002007.SZ,20260413,0.7774,0.88,28.7216,2.3486,2700980.9523,2325211.3399
301367.SZ,20260413,1.0156,0.4,29.4107,2.075,618419.2,482750.4718
002084.SZ,20260413,3.5755,0.62,,1.7769,247439.4633,246894.9913
920438.BJ,20260413,6.0423,1.38,220.5376,6.2614,625542.5,599394.415
300072.SZ,20260413,4.3988,1.0,,1.9276,1163111.5495,1154023.8287
000825.SZ,20260413,1.1547,0.76,177.3546,0.756,2506349.0302,2506349.0302
300332.SZ,20260413,9.1064,1.15,59.6212,1.2463,530383.606,508823.1854
301045.SZ,20260413,4.4397,1.01,134.5801,4.256,436309.1059,252953.8267
688116.SH,20260413,1.9163,0.92,62.8708,4.0098,1482622.0654,1482622.0654
300181.SZ,20260413,1.0705,0.73,18.1973,3.4809,1085046.2072,932703.1917
603637.SH,20260413,9.07,0.91,35.8255,3.2217,332250.7408,332250.7408
000968.SZ,20260413,28.5263,1.6,24.5762,1.5939,984917.7079,984917.7079
605179.SH,20260413,1.6831,0.74,180.4462,6.1579,693730.0,693730.0
600089.SH,20260413,3.1541,0.93,25.56,1.9768,13602117.6011,13602117.6011
600756.SH,20260413,4.6834,0.65,,2.5061,595417.7664,551940.1764
300327.SZ,20260413,2.3581,0.56,142.1913,4.8072,855473.651,849168.7029
002679.SZ,20260413,5.3436,1.07,174.0073,3.4426,252494.676,252494.676
603313.SH,20260413,1.7882,1.22,28.3073,1.2474,459893.0293,459893.0293
688605.SH,20260413,2.4185,0.77,66.1472,7.6037,1249493.2309,668963.581
301047.SZ,20260413,2.7244,1.25,66.8494,1.6822,887704.9431,872699.3721
002176.SZ,20260413,10.1092,1.26,,5.4929,1865013.86,1864678.8938
300829.SZ,20260413,2.9033,0.63,62.651,1.7637,426140.8256,296708.3081
000970.SZ,20260413,2.2612,1.09,164.1494,2.3,1498989.8781,1498989.8781
600692.SH,20260413,3.7299,0.63,182.3218,2.7117,262415.9917,190237.8457
603113.SH,20260413,4.8256,0.8,,0.7766,625337.584,625337.584
688237.SH,20260413,1.9191,0.81,378.7234,3.9654,479619.0793,479619.0793
000821.SZ,20260413,4.3129,1.27,25.5509,1.6727,716928.8695,695953.0294
002782.SZ,20260413,4.1621,0.76,36.6461,4.9522,1098064.3248,1077113.6568
920116.BJ,20260413,3.3527,0.65,139.4899,23.9602,1406499.325,1351040.425
000567.SZ,20260413,8.7108,4.19,,1.9718,1063298.1323,1060746.7816
300402.SZ,20260413,2.0575,0.64,87.0159,3.139,470876.2683,464824.0923
002849.SZ,20260413,6.588,1.36,99.9452,2.8478,389639.6723,341839.8871
002358.SZ,20260413,3.1192,0.91,66.2901,2.0109,675003.5653,675002.6397
920001.BJ,20260413,3.959,1.15,,3.35,239396.3658,138180.6092
603818.SH,20260413,2.6513,0.79,,1.0821,235484.5423,235484.5423
002485.SZ,20260413,2.4008,0.95,,2.3189,273088.0,273088.0
600480.SH,20260413,15.7097,4.16,18.8712,1.7992,1401960.2378,1391190.8128
002577.SZ,20260413,0.9449,0.8,402.9915,3.7329,433943.648,433920.458
002281.SZ,20260413,15.0284,0.87,100.1254,9.3861,9174323.3275,8864996.0039
603276.SH,20260413,1.645,0.5,84.2393,1.9716,343659.9175,125188.0528
002556.SZ,20260413,2.0342,0.65,38.2978,1.6109,575482.9926,574937.6628
300245.SZ,20260413,7.9898,0.67,,3.5889,423104.307,422173.053
002630.SZ,20260413,4.4359,1.08,,9.3457,225532.8,196782.1214
002703.SZ,20260413,5.4273,0.52,88.0886,7.6662,1590148.3983,1132830.927
688350.SH,20260413,3.7683,0.86,267.836,2.2665,407387.722,407387.722
300876.SZ,20260413,2.1347,0.42,,2.751,280823.512,209493.967
603048.SH,20260413,7.1115,1.12,106.4968,2.6273,331801.92,331801.92
601015.SH,20260413,9.4751,0.84,,1.5214,857849.0084,857849.0084
603270.SH,20260413,2.3996,0.74,37.5,2.4423,551929.6942,178135.2842
301071.SZ,20260413,5.0749,0.85,158.7198,2.1056,1114486.0443,833252.2231
601666.SH,20260413,2.4242,1.07,33.5575,0.8537,1960674.9485,1960674.9485
300789.SZ,20260413,4.8402,1.41,52.0884,2.8217,300644.5291,206692.5418
301192.SZ,20260413,6.7106,1.17,63.544,4.1243,255744.0,122544.0
003001.SZ,20260413,1.8826,0.77,63.2211,2.5658,307725.0566,186531.0792
603730.SH,20260413,5.0878,1.41,30.7899,4.209,1920835.8465,1920835.8465
688707.SH,20260413,1.702,0.91,,1.7252,687816.7572,687816.7572
300752.SZ,20260413,3.236,0.88,53.3101,3.308,403072.1584,277414.6662
920873.BJ,20260413,1.8598,0.6,,4.6264,119181.7006,93089.5689
300445.SZ,20260413,2.1529,0.57,41.3789,3.372,432082.6464,285882.7212
000025.SZ,20260413,1.5112,0.78,46.0395,3.8756,700469.77,638264.77
300017.SZ,20260413,11.9524,1.19,51.8387,4.4052,4466360.795,4187953.1983
300867.SZ,20260413,2.9922,0.61,21.9272,1.3922,539134.2492,380189.5988
300803.SZ,20260413,6.1533,1.1,274.6678,22.8423,6260123.7994,6214412.0424
002077.SZ,20260413,5.8175,0.75,207.2061,2.7449,920432.7416,920432.7416
300256.SZ,20260413,1.1835,0.54,,8.4084,780327.3248,771727.3248
002187.SZ,20260413,1.7404,0.59,,1.1145,442264.5134,442264.5134
002895.SZ,20260413,3.209,1.15,18.5632,3.0511,2339404.5448,2297146.2859
688110.SH,20260413,3.5106,0.7,,15.027,5136730.9392,5136730.9392
002005.SZ,20260413,1.1119,1.63,,13.8134,509955.6337,509830.009
002151.SZ,20260413,3.1977,0.88,,4.2301,2045688.3202,1668527.342
300393.SZ,20260413,7.2117,0.98,,3.5611,1053669.6552,924360.1834
300675.SZ,20260413,1.7183,0.63,,4.292,219560.0499,219560.0499
002859.SZ,20260413,2.9329,0.86,91.682,6.2688,1842199.7404,1734002.1001
000557.SZ,20260413,0.908,0.81,23.6285,1.0913,691269.6244,691052.2779
688500.SH,20260413,2.3791,0.99,,5.0117,362930.1422,353382.6862
002255.SZ,20260413,2.2974,0.81,21.5266,1.9865,897351.5394,689010.0224
002059.SZ,20260413,2.2242,0.69,,4.7221,515329.3198,500370.4435
301006.SZ,20260413,2.6025,0.63,27.3426,1.889,241232.96,149101.1252
002793.SZ,20260413,2.5188,0.63,,3.7214,540531.4775,539709.866
688025.SH,20260413,5.9763,0.64,91.5689,11.1064,2552837.4029,2552837.4029
920252.BJ,20260413,8.1989,1.21,296.0998,10.8306,285984.7527,190092.2319
002830.SZ,20260413,3.3022,0.76,70.3813,4.3617,284947.58,142863.7925
601515.SH,20260413,4.1122,0.48,,1.7071,892954.3913,892954.3913
002696.SZ,20260413,4.021,0.97,46.5103,1.744,239336.323,231130.4811
002900.SZ,20260413,14.5932,1.26,,1.9394,369185.7599,188029.8408
002741.SZ,20260413,5.3044,1.47,84.6751,4.5435,879822.2105,806669.7428
603656.SH,20260413,1.9513,1.1,130.703,2.8873,380709.29,380709.29
600844.SH,20260413,22.7005,0.94,,29.1747,407626.2202,329914.9842
600033.SH,20260413,2.6322,1.08,12.4137,0.8169,1004450.4,1004450.4
688398.SH,20260413,6.7554,3.14,183.9348,4.4574,458971.8507,458971.8507
300498.SZ,20260413,0.9507,1.46,21.3662,2.7229,11185251.8417,10000777.9026
601168.SH,20260413,2.6002,0.95,17.8789,3.5491,6512739.0,6512739.0
301388.SZ,20260413,5.6503,0.7,153.9383,3.3235,325680.9204,86966.5933
688133.SH,20260413,2.431,0.81,,1.2531,347126.4584,347126.4584
002648.SZ,20260413,3.9196,1.2,19.2134,3.041,10203627.795,10197075.4471
920576.BJ,20260413,7.743,0.5,349.6517,17.267,771039.15,758142.4074
603151.SH,20260413,2.5584,0.67,24.9753,2.0899,283704.6908,283704.6908
002785.SZ,20260413,3.6266,1.2,,10.1709,902626.2452,770690.6766
300209.SZ,20260413,21.1458,1.52,157.9902,11.7148,1160795.1575,918199.795
600037.SH,20260413,1.214,0.75,307.8588,0.8313,1056359.414,1056359.414
920262.BJ,20260413,2.2522,0.84,35.7541,3.8539,138228.37,62370.814
002247.SZ,20260413,3.3121,0.58,60.9665,3.6314,241647.0939,182765.5508
688081.SH,20260413,10.9829,3.16,,12.9943,514375.68,514375.68
600876.SH,20260413,12.1105,2.69,,2.0622,639863.8883,392113.8883
300990.SZ,20260413,8.7742,1.27,59.3816,7.1969,1501778.8366,679021.5299
603633.SH,20260413,2.2348,0.73,202.0866,1.6793,325656.6541,325656.6541
001323.SZ,20260413,0.8622,1.37,14.8078,2.3873,1054200.6912,754153.9985
000404.SZ,20260413,1.8586,1.06,10.7739,1.1507,489285.1732,486981.8591
002052.SZ,20260413,2.0786,0.9,43.2124,28.1742,778775.0833,713515.7054
002034.SZ,20260413,4.4609,1.17,13.6013,1.1897,815894.588,811845.4666
300814.SZ,20260413,11.9338,0.82,528.8556,11.1891,1839260.7083,1839260.7083
001280.SZ,20260413,4.5407,0.93,96.9713,10.0843,16545454.544,1264698.072
000065.SZ,20260413,11.6093,0.67,21.9985,1.4333,1591175.7578,1335698.3346
920249.BJ,20260413,3.5309,0.56,68.0225,4.3852,334352.59,98862.9738
300824.SZ,20260413,1.8263,0.74,29.6909,4.4861,337110.9575,326939.6521
000766.SZ,20260413,4.6934,1.57,380.5306,9.5045,2187177.5219,2186075.3821
000591.SZ,20260413,2.8855,0.91,19.7054,0.8666,2088525.8724,2087833.7276
002993.SZ,20260413,4.9612,0.93,27.6929,3.0272,1448105.84,1250892.6105
603259.SH,20260413,1.202,0.61,16.4702,3.9569,31541296.8855,26145045.4805
000541.SZ,20260413,0.5911,0.69,25.8956,1.2978,870786.2564,697712.3278
688152.SH,20260413,1.4957,0.74,,2.8828,350754.3545,350754.3545
600222.SH,20260413,4.9697,0.79,87.1433,2.5814,409180.9198,409180.9198
601318.SH,20260413,0.7059,1.08,7.7588,1.0453,104571632.5211,61561875.8543
300531.SZ,20260413,10.9946,0.74,74.3404,4.5085,633809.8769,609489.7488
300696.SZ,20260413,3.5371,0.82,211.0509,4.5108,853661.4865,774261.8986
600479.SH,20260413,2.409,0.86,18.0066,1.7105,518297.1468,440687.9942
688218.SH,20260413,2.332,0.63,,3.2047,274998.273,274998.273
920122.BJ,20260413,2.6123,0.89,110.4518,7.0116,237892.3965,96390.4809
603309.SH,20260413,2.8347,0.73,16.7733,2.1833,409787.4709,409787.4709
002381.SZ,20260413,2.1561,0.6,40.5891,1.2375,265056.1805,206335.4909
600983.SH,20260413,17.5553,5.18,16.2956,2.8455,846915.095,846915.095
688759.SH,20260413,3.1735,0.45,,10.1334,1692137.8303,174697.0486
600064.SH,20260413,0.7882,0.71,6.184,0.7302,1437912.2442,1437912.2442
002355.SZ,20260413,4.2186,1.03,,3.3722,412452.777,381408.8231
920950.BJ,20260413,0.8589,0.62,27.3406,3.5729,114012.6,55544.7555
002609.SZ,20260413,1.4694,0.66,89.2662,2.2264,535341.1157,382220.9589
000950.SZ,20260413,12.0989,0.48,27.114,0.8833,1016172.6012,1016172.6012
600158.SH,20260413,10.3812,0.68,581.7018,4.1547,1079452.2004,1079452.2004
300155.SZ,20260413,2.4598,0.69,,2.154,263777.0397,155441.5847
002226.SZ,20260413,5.0108,3.25,18.9729,1.4905,1528428.4873,1528397.6253
301005.SZ,20260413,13.3657,1.13,1534.4037,27.037,2079434.5384,2050155.636
002566.SZ,20260413,3.6041,0.93,64.0584,1.1608,258473.1996,181028.3555
301111.SZ,20260413,10.1188,0.92,,4.1807,312800.0,312800.0
000906.SZ,20260413,1.193,0.8,20.5822,0.852,405217.6752,400407.9052
600979.SH,20260413,5.1749,0.85,38.8365,1.2284,570268.9613,556981.4251
002787.SZ,20260413,24.0777,3.51,42.0608,2.5813,477291.477,357224.8023
000768.SZ,20260413,2.3928,1.43,60.0323,3.112,6911155.4414,6899927.3491
688586.SH,20260413,3.05,1.44,201.3797,4.4759,1107874.8184,1107874.8184
600436.SH,20260413,0.6686,1.38,37.0942,6.2019,8975550.1332,8975550.1332
601788.SH,20260413,0.9284,0.92,19.3757,1.1831,7215882.655,6113983.683
688795.SH,20260413,9.6172,1.1,,24.5235,28043763.5391,1753070.6783
300509.SZ,20260413,4.8874,1.13,35.9571,5.678,350641.2,292323.4677
600707.SH,20260413,12.6344,4.22,63.366,1.1351,2472400.5253,2471904.4453
920087.BJ,20260413,5.3077,0.75,197.8532,4.5253,248295.6,246561.3259
600153.SH,20260413,0.8511,1.0,12.3603,0.4566,2516799.4623,2516799.4623
603839.SH,20260413,2.2173,0.85,,1.6046,288327.069,288327.069
002698.SZ,20260413,1.1592,1.07,28.7736,3.5788,1420338.0277,1167091.8252
300671.SZ,20260413,20.2119,2.87,,6.2471,1037416.9516,1034402.9773
000678.SZ,20260413,7.4191,0.49,,7.3089,582787.7586,582787.7586
002321.SZ,20260413,3.0253,1.2,,5.2111,484166.0461,482196.1431
002872.SZ,20260413,1.1191,0.78,,0.8268,162180.0,109608.2483
688696.SH,20260413,1.9742,1.68,44.8149,2.1274,642853.62,642853.62
301190.SZ,20260413,1.9203,0.77,68.4786,2.4467,478424.7585,355200.066
002156.SZ,20260413,4.7392,1.02,70.293,4.5636,6927829.9033,6927169.3934
920190.BJ,20260413,2.3766,1.16,94.8269,2.5317,217100.0022,215890.8637
000062.SZ,20260413,13.8971,0.69,64.8188,4.4572,3000713.8448,2997818.3209
300556.SZ,20260413,2.1533,0.74,,4.8751,216264.6918,193033.0617
600189.SH,20260413,3.9135,1.53,366.1655,4.5024,552132.7109,552132.7109
688136.SH,20260413,5.1614,0.74,39.0798,3.5507,623092.446,623092.446
601121.SH,20260413,2.155,0.78,90.176,1.7553,754914.1877,613600.0
600995.SH,20260413,2.7923,0.91,26.2722,1.9603,4436056.0573,4436056.0573
300182.SZ,20260413,7.008,1.1,172.2179,1.8161,1526372.0871,1294350.8787
603956.SH,20260413,1.6062,0.76,,1.634,323136.8642,323136.8642
688287.SH,20260413,11.8381,1.01,,0.8064,50390.1216,50390.1216
001222.SZ,20260413,1.2801,0.87,21.3549,2.6197,373189.95,209986.3545
300338.SZ,20260413,3.1269,1.8,,,148165.8867,128564.9371
002222.SZ,20260413,8.6157,0.63,154.9103,23.2657,4062960.0,4044830.809
002240.SZ,20260413,10.2927,1.54,,4.006,4106008.3098,4095308.5269
603055.SH,20260413,3.9852,0.83,15.9871,1.6129,849339.7595,846246.1283
600285.SH,20260413,1.1232,0.81,15.2841,3.7624,1222133.8723,1219440.1223
002062.SZ,20260413,2.1031,1.08,32.0363,1.7489,887123.2274,806410.5883
600854.SH,20260413,1.7954,0.71,22.1919,1.0807,264923.8544,264923.8544
688308.SH,20260413,10.5224,0.98,145.0767,5.7314,1506203.2821,1506203.2821
000626.SZ,20260413,20.4378,3.88,,2.0484,439245.4911,436722.2237
603042.SH,20260413,19.1236,0.59,,4.1304,356348.855,356348.855
688377.SH,20260413,1.5186,0.82,60.1049,3.9028,739253.0582,739253.0582
002017.SZ,20260413,5.9672,1.34,60.8854,6.3096,1116170.561,1115505.1511
000525.SZ,20260413,5.24,1.48,86.4811,2.9489,776682.4904,662608.963
300351.SZ,20260413,2.7347,0.8,98.3173,2.5019,614470.7406,416189.5017
001331.SZ,20260413,23.5942,1.79,4589.5827,10.0639,1524096.0,906528.6666
688327.SH,20260413,1.7215,0.72,,17.9956,1338689.0423,1074305.5006
300139.SZ,20260413,8.3777,0.53,187.8397,14.0202,1553580.0,1324847.8058
600171.SH,20260413,1.3298,0.81,82.0781,4.2849,1938905.2337,1938905.2337
601579.SH,20260413,5.5938,0.88,36.5514,2.3741,894199.2578,894199.2578
600476.SH,20260413,5.7982,1.1,,15.709,178465.56,178465.56
300492.SZ,20260413,5.4202,2.06,59.5114,34.3897,1027658.5281,1027658.5281
600352.SH,20260413,3.9386,2.04,23.3192,1.3057,4265118.0685,4265118.0685
688230.SH,20260413,3.4505,1.24,71.3003,3.4095,756873.6,756873.6
600706.SH,20260413,1.9677,0.59,97.9525,3.806,241541.6164,240566.5852
300260.SZ,20260413,4.4263,0.87,114.5831,9.567,1988465.7228,1402517.7438
301517.SZ,20260413,23.1124,1.8,,7.4594,999376.607,648621.9846
301193.SZ,20260413,4.1025,1.21,,2.8851,439737.6562,311992.5562
300101.SZ,20260413,2.3617,0.84,189.4592,6.3554,1171589.4591,1167747.5651
000669.SZ,20260413,1.3847,0.28,,,322513.7698,322513.7698
605389.SH,20260413,2.583,1.26,91.3115,4.9247,1036706.4687,980439.3382
600477.SH,20260413,1.8172,0.61,66.072,1.491,743075.0573,743075.0573
002180.SZ,20260413,0.7541,0.85,,2.4833,2383069.0749,2287900.5625
300833.SZ,20260413,2.2326,0.99,24.2887,1.7832,431332.605,277081.1527
600218.SH,20260413,6.2124,1.1,65.5482,1.3042,422531.9214,422531.9214
601106.SH,20260413,1.492,0.85,,5.4355,2866553.2635,2866553.2635
002598.SZ,20260413,14.0007,1.44,81.3318,2.1033,258067.3886,236959.9056
688197.SH,20260413,2.1757,0.7,,8.7459,594877.372,256019.528
688478.SH,20260413,20.0435,3.95,,3.4311,518457.7617,387475.2691
600785.SH,20260413,6.2897,1.19,29.6253,1.7368,395531.6338,395531.6338
603123.SH,20260413,21.9152,0.86,,6.3149,1047942.5045,855786.0451
600633.SH,20260413,2.6198,0.77,27.8373,1.5554,1593969.6113,1593969.6113
003038.SZ,20260413,6.3183,1.34,99.4646,1.291,387419.0264,259530.2702
301301.SZ,20260413,2.2996,0.82,29.6955,2.8254,2283607.04,632608.3656
688292.SH,20260413,2.5728,0.8,,3.7731,382729.0714,382729.0714
603912.SH,20260413,8.5969,0.62,,3.1529,548892.8233,548892.8233
688276.SH,20260413,1.0059,0.83,,1.9027,730932.9757,730932.9757
002901.SZ,20260413,1.6056,1.02,32.5361,5.2811,1762067.0175,1227755.5499
002544.SZ,20260413,2.1896,0.88,1706.8456,4.7957,1791845.7324,1791674.9981
603330.SH,20260413,1.4706,0.8,,1.9106,291622.0394,291622.0394
601375.SH,20260413,1.3448,1.02,41.3544,1.3105,1885011.1882,1399692.9982
301575.SZ,20260413,2.0162,0.7,30.5443,2.849,391141.71,78564.723
688082.SH,20260413,2.3169,0.93,52.6798,5.4595,7353723.7435,7274336.0978
920015.BJ,20260413,3.1768,0.69,27.595,3.2049,537386.268,158609.3122
002462.SZ,20260413,1.8067,0.9,37.2954,0.9545,415390.9389,415053.8767
603659.SH,20260413,8.146,1.27,31.3615,3.6207,7398350.0002,7398350.0002
300499.SZ,20260413,16.4779,1.37,7902.8772,8.9172,1234425.1928,1097556.304
688026.SH,20260413,1.6847,0.88,47.4259,2.0651,228653.6516,228580.6365
301181.SZ,20260413,19.4236,1.43,44.0472,3.7897,542927.0321,423761.5669
920679.BJ,20260413,1.6268,1.24,50.5374,1.9522,98351.85,65465.175
300943.SZ,20260413,9.2025,1.25,109.2454,6.0723,601269.0,396303.8467
688179.SH,20260413,3.763,0.55,59.4777,5.6262,615294.8626,615294.8626
300858.SZ,20260413,8.0821,0.95,50.0231,2.7226,497215.2877,369361.6668
002605.SZ,20260413,2.1548,0.88,17.2664,2.369,872084.7434,704202.438
300887.SZ,20260413,3.243,0.76,,1.8883,541917.0525,359661.8395
600076.SH,20260413,2.273,0.94,,1.2665,482691.0688,482691.0688
603999.SH,20260413,2.4717,0.79,46.8243,1.9376,400320.0,400320.0
600751.SH,20260413,3.5167,1.06,97.0659,1.405,1064056.9664,944360.3821
920270.BJ,20260413,3.6106,0.93,45.7983,4.0383,165188.664,128101.6125
002622.SZ,20260413,3.6925,0.96,,5.8788,214200.0,214193.6888
002916.SZ,20260413,5.9495,0.98,55.8722,9.733,18302265.2411,17862765.1121
600576.SH,20260413,1.6108,0.61,32.0301,2.0769,616910.8374,386328.1986
600775.SH,20260413,3.415,0.65,1138.4971,3.9106,1221802.1133,898248.1133
300092.SZ,20260413,3.3281,1.04,70.3874,2.7593,450603.7808,345229.9911
600710.SH,20260413,3.5344,1.15,12.5255,1.9953,1697467.5148,1697467.5148
688519.SH,20260413,9.3896,1.03,139.2736,11.6338,3347130.1755,3347130.1755
300818.SZ,20260413,2.2562,1.23,104.1505,3.3704,610450.5087,395997.8842
600798.SH,20260413,3.9408,0.82,,1.1375,444004.586,444004.586
300464.SZ,20260413,11.9888,1.72,,25.4194,352978.9602,273969.2024
601528.SH,20260413,0.6213,0.61,5.2102,0.5202,1024248.2482,905386.3128
601588.SH,20260413,11.9373,4.82,,0.9444,632999.76,500080.0
301201.SZ,20260413,19.2585,0.68,,3.1415,668982.575,469345.5705
603967.SH,20260413,2.5814,0.84,17.1984,1.8796,448586.7227,448586.7227
000159.SZ,20260413,5.6215,1.56,80.2888,1.4852,305235.6056,305224.4931
001396.SZ,20260413,3.9092,0.82,37.1495,3.5695,492820.1378,102374.9338
688030.SH,20260413,1.194,0.66,,3.8246,273057.34,273057.34
002418.SZ,20260413,21.048,1.9,,4.9388,711386.4,711384.7336
603660.SH,20260413,6.7894,1.92,,5.8888,576937.6181,572635.6814
301189.SZ,20260413,25.4743,2.06,,3.3222,698262.3935,670435.4801
600778.SH,20260413,3.0615,0.76,324.1044,8.6276,198419.9912,198243.8798
688665.SH,20260413,3.5356,2.36,36.6629,4.2113,482687.4666,482687.4666
300881.SZ,20260413,19.2253,2.6,27.5117,4.6433,507760.0,264987.25
002120.SZ,20260413,1.3661,1.12,15.5278,0.9429,1919271.2778,1863616.0024
688680.SH,20260413,4.0884,0.82,,2.5995,486879.0804,486879.0804
600817.SH,20260413,6.8624,1.11,21.2186,2.5665,656497.6499,651499.7899
920810.BJ,20260413,1.1751,0.59,738.6999,4.6776,107312.1,69834.0429
002542.SZ,20260413,22.8215,7.53,,8.1555,426243.5502,415070.023
300608.SZ,20260413,18.7601,1.0,,3.2814,438230.4896,380464.2691
300889.SZ,20260413,3.683,0.84,,4.0275,573691.5434,381285.9803
603108.SH,20260413,1.4518,0.57,,1.8527,764892.133,764892.133
920011.BJ,20260413,22.4113,,21.947,2.4663,205178.6675,46165.2025
600062.SH,20260413,1.8951,0.76,11.4456,1.6204,1885027.2575,1874854.8722
601111.SH,20260413,1.5415,0.66,,2.8212,12004513.648,8007019.3181
601216.SH,20260413,2.3879,0.72,13.9034,1.6218,4674661.6341,4674661.6341
002175.SZ,20260413,6.9444,1.43,,4.5456,367712.8494,367712.8494
688576.SH,20260413,1.2931,0.64,60.051,1.8158,313813.9138,150301.0724
301040.SZ,20260413,15.8435,2.25,,3.9702,290103.0344,273750.3701
605186.SH,20260413,1.8263,0.64,297.1148,2.4541,265064.0,265064.0
688603.SH,20260413,11.2411,1.17,128.611,9.0195,1075624.295,408963.9388
688321.SH,20260413,2.2704,0.8,261.7186,5.4779,1333696.2152,1227910.3427
605368.SH,20260413,1.074,0.63,18.8703,1.8416,592433.1735,592433.1735
688359.SH,20260413,9.1665,2.29,,13.4844,878346.9776,878346.9776
603058.SH,20260413,4.1225,1.05,39.4326,4.2935,515042.0054,513737.1105
002922.SZ,20260413,10.4684,1.62,79.8893,4.2708,1599719.1487,1414353.46
603786.SH,20260413,4.022,1.02,27.6636,4.1239,2246250.9654,2246250.9654
301585.SZ,20260413,0.7484,0.76,44.0145,3.0051,290056.0,189955.8058
920271.BJ,20260413,1.2479,0.82,18.0523,2.847,180666.563,79946.6852
003003.SZ,20260413,3.7752,0.55,36.5165,1.7821,230266.16,153488.6115
300424.SZ,20260413,5.5479,2.21,,5.6005,425831.3403,425579.2691
002533.SZ,20260413,3.3298,1.11,15.9288,2.089,955591.2627,830214.3538
000761.SZ,20260413,3.014,0.78,,1.799,1257121.593,1134721.593
300712.SZ,20260413,1.9291,0.72,133.088,4.1111,529630.0028,527353.7882
688692.SH,20260413,2.0414,0.78,50.1954,7.0095,2593196.0,1674829.285
000935.SZ,20260413,1.5342,0.97,57.1785,2.6375,2049073.8538,2049073.8538
002150.SZ,20260413,20.5455,1.32,50.6345,6.2323,1247884.3208,1239848.5339
301191.SZ,20260413,13.5907,0.68,166.0824,5.9773,993670.86,748002.8284
688439.SH,20260413,1.9725,0.95,75.0147,2.0153,1013800.0,1013800.0
000915.SZ,20260413,2.2546,1.23,12.9919,2.6528,725255.9461,724786.2798
600243.SH,20260413,2.7653,1.76,,2.3689,150086.7,150086.7
300759.SZ,20260413,3.0584,0.63,33.8659,3.4644,5634948.8871,4355238.0029
601059.SH,20260413,1.0833,0.97,28.9587,2.6027,5483913.0,5483913.0
600054.SH,20260413,4.4311,0.77,31.2735,1.8727,886925.399,624172.8
603579.SH,20260413,2.32,0.91,25.1667,1.4677,403311.0422,403311.0422
002528.SZ,20260413,2.4814,0.46,,60.3009,610125.6167,534561.7647
002271.SZ,20260413,2.7009,1.67,,1.8463,3845806.7843,3083120.413
301152.SZ,20260413,8.0637,1.17,,2.6292,344939.7203,206253.2047
603976.SH,20260413,2.7409,0.88,169.7326,2.5421,299534.7258,299534.7258
688063.SH,20260413,6.9029,1.13,209.8601,1.9318,1778118.4775,1778118.4775
002217.SZ,20260413,4.7254,0.76,822.8792,9.9893,1869849.732,1819830.5978
920689.BJ,20260413,1.5751,0.55,36.7513,4.0958,201923.4,104347.1274
000532.SZ,20260413,2.6517,0.63,28.7463,2.886,469837.4674,468258.3038
002326.SZ,20260413,4.5311,1.03,,8.0103,2181450.9657,1905639.021
002808.SZ,20260413,2.9526,1.4,,4.6572,121497.6,74582.6795
603903.SH,20260413,4.6604,1.25,,1.9254,301021.6669,301021.6669
300086.SZ,20260413,13.1345,0.67,,3.3689,353631.6673,342410.3196
600298.SH,20260413,0.7098,0.64,22.9569,2.949,3545488.621,3501459.674
600509.SH,20260413,3.1422,0.84,85.4859,1.416,1100892.323,1100892.323
920020.BJ,20260413,0.6508,0.55,20.018,3.0067,347764.97,85185.9929
002224.SZ,20260413,1.9456,0.48,404.9962,1.2218,396029.0662,354000.982
002613.SZ,20260413,2.1089,0.59,,1.9148,418216.103,293457.4844
300711.SZ,20260413,3.3124,0.76,72.0302,4.4665,690147.1684,611375.6329
003007.SZ,20260413,15.5174,0.56,172.0493,5.625,449535.3,317383.9129
603337.SH,20260413,1.0927,1.0,20.9995,3.7435,1836567.0688,1826211.7678
300243.SZ,20260413,14.1845,1.43,370.9944,3.3891,366534.8776,284770.5224
688106.SH,20260413,12.641,0.86,98.5646,3.8825,1300310.3936,1300310.3936
920300.BJ,20260413,1.7709,0.33,,6.1097,102243.9271,79239.2023
001379.SZ,20260413,1.6652,0.65,52.0206,2.8809,428000.0,144019.86
000426.SZ,20260413,3.0884,0.81,47.5852,8.2826,7585515.877,7583677.7422
688235.SH,20260413,1.8467,0.69,262.2628,12.1887,37298620.162,2783762.0157
002085.SZ,20260413,1.4044,0.82,36.4055,4.0367,2981109.7181,2981109.7181
600600.SH,20260413,1.1178,0.63,18.512,2.7712,8493478.8233,4415018.1211
000568.SZ,20260413,0.7753,0.93,11.9259,3.1621,15077101.527,15070079.2745
605388.SH,20260413,3.3957,0.76,,2.261,387912.664,387912.664
605255.SH,20260413,15.219,3.54,477.4423,19.4911,1553182.72,1553182.72
603618.SH,20260413,18.8616,0.64,,6.0262,1634411.9562,1634411.9562
600790.SH,20260413,0.6201,0.98,65.0183,0.9362,542342.6434,542342.6434
603817.SH,20260413,6.9612,1.06,18.9982,1.2812,405329.7517,405329.7517
002620.SZ,20260413,14.3437,0.87,,,353334.384,295177.2436
603228.SH,20260413,6.2178,1.24,48.7061,4.5863,5995572.3067,5940405.0423
600100.SH,20260413,1.5486,0.94,68.2961,1.6709,2700339.9567,2700339.9567
600162.SH,20260413,3.8853,1.36,,1.0349,594855.7382,594855.7382
002146.SZ,20260413,2.8905,0.87,,0.5087,604394.7753,543701.4678
300976.SZ,20260413,2.3309,0.81,26.6263,2.1854,773781.3263,497242.8594
600648.SH,20260413,0.6449,1.0,15.2152,0.8949,1429267.7411,1195796.9962
300911.SZ,20260413,3.7481,0.55,,4.5787,537358.7275,502189.4592
920879.BJ,20260413,0.79,0.72,40.0182,5.1714,330596.591,258344.6802
688114.SH,20260413,0.9174,0.73,,2.7548,2102573.5504,2091561.717
600967.SH,20260413,2.8008,0.95,48.1196,2.1173,2511848.9285,2511848.9285
920403.BJ,20260413,2.7314,0.75,27.1462,3.8874,217998.2095,129651.3145
688765.SH,20260413,1.7433,0.77,,7.9781,2311237.5,264927.7674
600039.SH,20260413,1.9075,1.11,10.3851,1.6244,8034725.756,8034725.756
000031.SZ,20260413,1.7008,1.39,,1.2563,1273035.0617,1273032.4962
000738.SZ,20260413,2.8103,0.96,83.0976,2.2297,2778983.7941,2778983.7941
600888.SH,20260413,3.5582,1.03,19.8962,1.0543,1317016.8848,1317016.8848
600340.SH,20260413,3.9583,0.68,,,524438.5258,521709.5783
688489.SH,20260413,1.4086,1.18,,2.4346,446667.9139,443259.5656
603209.SH,20260413,6.3784,1.99,18.1085,1.4501,481975.0,476772.0384
603159.SH,20260413,1.4922,0.81,557.1198,7.2826,365120.0,365120.0
600812.SH,20260413,2.7573,0.62,50.8065,1.6892,929925.8605,929925.8605
688561.SH,20260413,2.2949,1.38,,2.7746,2069954.7677,2069954.7677
600955.SH,20260413,5.7505,1.3,,1.2048,1013650.0,1013650.0
002712.SZ,20260413,2.9129,0.67,,2.0572,280302.242,278563.6406
603566.SH,20260413,1.6269,0.87,30.3983,1.7402,436730.5885,436730.5885
920208.BJ,20260413,0.4613,0.83,16.2622,2.8366,305475.7968,232589.0127
000061.SZ,20260413,1.487,0.61,42.8137,1.7059,1433141.985,1295493.2553
605507.SH,20260413,1.3371,1.07,17.0952,1.6406,1403205.8085,1403205.8085
002082.SZ,20260413,16.1372,0.69,,7.0671,1755547.5879,1587835.8861
601108.SH,20260413,1.7586,1.07,13.3943,1.0617,3891474.3468,3891474.3468
920519.BJ,20260413,1.1359,1.01,48.9994,2.0206,105860.1113,74711.3038
301229.SZ,20260413,1.8149,0.94,86.6393,2.6833,335385.0243,238522.7808
301378.SZ,20260413,3.8122,0.78,,2.3629,308443.8,146605.0975
920981.BJ,20260413,4.8769,0.41,241.0814,4.5906,233456.804,113906.2638
601100.SH,20260413,1.4335,0.73,47.8351,8.0543,13413573.204,13413573.204
688075.SH,20260413,0.8393,0.55,67.0724,0.952,492191.7038,492191.7038
600478.SH,20260413,4.4082,1.16,65.8407,4.2923,1245824.6052,1245824.6052
605099.SH,20260413,13.392,0.8,25.3095,5.33,1601703.9622,1597381.1766
000019.SZ,20260413,17.8616,1.8,29.4999,1.9174,956604.2608,345459.6178
605177.SH,20260413,3.0047,0.78,,1.3498,229440.73,225168.524
002315.SZ,20260413,3.5063,0.81,25.6585,4.7136,1292101.6944,823727.4912
603097.SH,20260413,8.6429,1.97,51.8573,4.8324,525056.0286,508684.1786
600763.SH,20260413,1.6076,0.87,35.9108,4.2714,1855355.2573,1855355.2573
603000.SH,20260413,2.1394,0.51,116.2466,5.9105,2170471.5429,2170471.5429
603801.SH,20260413,0.8536,1.11,13.5028,1.19,394825.4199,394825.4199
300095.SZ,20260413,2.8325,1.11,,2.4295,405807.0984,331661.8312
603060.SH,20260413,1.3152,0.78,44.101,2.61,515338.7978,515338.7978
600422.SH,20260413,1.9759,1.37,24.0543,1.5698,841757.0418,841757.0418
603320.SH,20260413,10.8879,3.48,42.5906,2.7432,319471.1668,319471.1668
002451.SZ,20260413,3.3019,0.83,404.7718,5.5398,428331.24,426852.828
300471.SZ,20260413,3.3876,1.12,791.7076,3.9605,621079.6837,484215.1735
000677.SZ,20260413,5.5843,0.64,543.6569,7.8943,400885.7679,400885.7679
002483.SZ,20260413,1.3333,0.97,13.5048,1.3986,613436.1418,612593.5529
300516.SZ,20260413,6.3824,0.97,444.9098,8.2593,1074960.0,1074960.0
002267.SZ,20260413,2.0021,0.86,12.7035,1.3028,857410.1681,857410.1681
000698.SZ,20260413,2.0989,1.49,,2.3296,321249.6428,308000.0428
300184.SZ,20260413,5.9684,0.72,86.3668,3.2615,1330593.133,1209415.7775
301330.SZ,20260413,2.4536,0.8,42.0486,2.3601,801372.0278,661664.9152
601002.SH,20260413,7.5023,0.7,23.2094,1.2984,562165.5841,562165.5841
688121.SH,20260413,1.2336,0.64,35.1456,1.0135,256741.7893,222730.667
002047.SZ,20260413,4.9462,1.95,134.4462,156.7156,796030.5638,795983.4419
300210.SZ,20260413,2.0132,0.48,,11.3072,437250.6176,437250.6176
002611.SZ,20260413,1.8416,0.54,29.0366,3.6473,2105905.3682,1733292.5101
603528.SH,20260413,2.2833,1.0,,3.038,577450.8472,577450.8472
688609.SH,20260413,1.1577,0.86,,5.3126,414500.0,414500.0
301041.SZ,20260413,4.6371,0.84,118.4653,4.3806,292303.2,216242.5509
920527.BJ,20260413,1.7227,1.11,56.6094,2.5463,100031.1382,60555.7463
603329.SH,20260413,1.0517,0.56,72.1262,1.8405,258802.9661,213606.4599
000700.SZ,20260413,4.304,0.76,22.1807,2.7586,1025423.1895,1025423.1895
603069.SH,20260413,2.3361,0.92,,6.7981,550156.0,550156.0
600976.SH,20260413,1.9266,0.59,14.4685,1.9599,520634.8484,520295.4484
300141.SZ,20260413,6.0686,0.74,,5.2619,348090.21,343897.326
600010.SH,20260413,11.1861,1.69,133.1431,2.5915,13496008.5657,9351477.8895
600861.SH,20260413,0.7133,0.55,7.8281,1.2679,905780.3488,586519.7568
300560.SZ,20260413,4.6516,0.81,,3.7557,364373.3845,296526.149
601958.SH,20260413,2.7433,0.85,19.3301,3.2283,6098282.316,6098282.316
000701.SZ,20260413,2.6201,0.96,,,393636.4194,393302.7657
601208.SH,20260413,7.7391,1.05,154.2911,6.0073,3514426.4587,3514426.4587
601026.SH,20260413,2.638,0.68,57.8597,4.7754,1217911.8,197968.3235
002425.SZ,20260413,1.4391,0.8,,1.0883,314742.8067,314544.0354
688271.SH,20260413,0.7956,0.8,49.3194,4.3124,9310512.7904,9310512.7904
600592.SH,20260413,1.9837,0.95,105.1276,3.1687,805899.5527,805899.5527
600997.SH,20260413,2.5609,0.75,,0.6803,927275.113,927275.113
603176.SH,20260413,2.3488,0.62,,2.3893,259004.2805,251689.8355
600216.SH,20260413,7.5604,1.48,17.2975,1.3805,1510732.9053,1494632.8652
600419.SH,20260413,1.5471,0.66,73.1683,1.2503,303522.6623,303522.6623
603758.SH,20260413,1.8554,0.72,37.2085,2.1625,555955.8611,555955.8611
688648.SH,20260413,2.7199,0.86,11.2382,3.2342,707336.0,361619.9337
300403.SZ,20260413,2.0386,1.15,30.5191,3.2469,720585.0,510335.3736
301105.SZ,20260413,4.115,0.69,,3.5774,298550.0,98148.2946
301611.SZ,20260413,5.8602,1.0,123.0265,23.4884,4056108.0,1363658.7465
000885.SZ,20260413,1.5088,0.62,7.3198,0.9511,871300.192,871300.192
605098.SH,20260413,4.4025,1.63,22.5917,7.2067,652422.7681,652422.7681
301568.SZ,20260413,8.4875,0.88,50.9447,5.4616,569366.8176,262462.871
301095.SZ,20260413,11.0258,2.16,144.0293,5.0318,1578214.9734,1375094.1598
002400.SZ,20260413,4.4858,0.46,166.8358,2.9983,1501013.2672,1486227.7361
600984.SH,20260413,4.5235,1.01,,2.4712,534243.6681,534243.6681
603605.SH,20260413,1.1808,0.9,15.1343,4.5065,2388923.2563,2388923.2563
600986.SH,20260413,11.6051,1.14,182.4359,3.0106,1560255.391,1560255.391
600848.SH,20260413,1.8558,1.53,15.8928,1.2838,2512397.056,2384336.6239
603456.SH,20260413,2.2434,0.67,20.8927,1.725,1510279.3555,1510279.3555
000988.SZ,20260413,13.729,1.3,85.5651,11.3816,12584871.8808,12578400.483
603025.SH,20260413,10.7857,2.59,22.6911,5.9203,1611332.8374,1600539.1974
600023.SH,20260413,1.6179,1.07,10.0895,0.9877,7347985.5465,7347985.5465
002683.SZ,20260413,5.5123,2.64,33.2793,4.5369,3185438.1841,2794215.8185
603129.SH,20260413,0.9455,0.87,20.9934,5.1967,3791024.2461,3791024.2461
300469.SZ,20260413,2.3297,0.58,,35.2294,1342475.5602,1342441.652
300532.SZ,20260413,2.5756,0.78,22.514,2.9531,529397.5645,503454.0633
002154.SZ,20260413,0.974,0.82,16.6895,1.1621,526819.4762,425897.9007
600198.SH,20260413,1.3986,0.7,157.4918,39.5576,1084598.1461,1083222.2369
600556.SH,20260413,4.0301,0.77,360.7725,2.9049,1113572.5475,1113572.5475
603995.SH,20260413,7.1016,4.0,12.1208,1.1442,665059.222,665059.222
301617.SZ,20260413,4.7769,1.03,43.0153,4.4468,751056.8,298084.8
300475.SZ,20260413,9.7744,0.95,129.8569,19.7686,7066263.6584,6769772.4584
920926.BJ,20260413,1.5994,0.57,42.4164,4.4934,124766.7726,113217.5191
300253.SZ,20260413,1.9654,0.66,,3.3569,1853471.4879,1524441.4042
000985.SZ,20260413,3.5276,0.95,,4.0262,247611.445,247611.445
002137.SZ,20260413,2.1188,0.7,,3.1475,475863.9997,326681.9943
603183.SH,20260413,2.5299,0.68,56.1843,1.4289,227199.0357,227199.0357
000498.SZ,20260413,1.6193,0.6,3.9021,0.5616,887996.5157,829026.6076
603115.SH,20260413,15.5059,1.29,49.0326,4.8433,1000216.804,1000216.804
000555.SZ,20260413,2.6096,0.66,260.7675,2.5869,1471467.851,1469744.4332
603986.SH,20260413,6.7717,0.97,111.5197,7.7293,18378699.6505,17506883.2202
301058.SZ,20260413,1.4662,0.83,21.6342,2.3377,511249.6965,511249.6965
600587.SH,20260413,0.8642,0.73,17.0937,1.1221,869928.2833,869928.2833
688058.SH,20260413,2.3073,0.7,,3.3388,217044.1889,217044.1889
000737.SZ,20260413,3.537,1.0,34.9187,3.9623,2638032.2625,2637785.3516
605208.SH,20260413,7.8274,2.11,68.1351,2.0931,459936.36,459936.36
300345.SZ,20260413,12.9565,1.33,,7.7557,404420.34,334105.0632
301168.SZ,20260413,5.4047,1.22,117.8378,2.4682,533520.0,423763.0919
688293.SH,20260413,3.1146,0.87,162.9718,2.5939,679568.2719,594824.1248
300342.SZ,20260413,16.1718,0.75,1790.6773,14.7159,2290514.224,2256907.0727
300964.SZ,20260413,18.2899,0.8,162.8495,5.8829,580476.5998,425954.7343
688184.SH,20260413,0.7219,0.96,,1.543,166999.8897,105511.8897
301043.SZ,20260413,2.8332,0.7,40.725,4.1792,350404.0,292421.1558
300828.SZ,20260413,15.7544,2.35,114.5124,4.7654,373284.546,189240.3735
603316.SH,20260413,4.5457,0.74,,7.0916,375254.88,375254.88
301571.SZ,20260413,3.1554,0.71,60.1333,6.0031,1224581.8221,813314.7068
600468.SH,20260413,5.721,0.6,,4.1541,834292.9912,834292.9912
300217.SZ,20260413,2.7074,0.99,40.5883,1.8231,765592.0549,635560.8832
688333.SH,20260413,3.2212,1.11,118.69,4.9947,2491393.9843,2491393.9843
688062.SH,20260413,3.2989,0.77,,43.3091,1513684.8,773395.96
688003.SH,20260413,3.9521,0.57,169.3018,6.6431,1330706.784,1330706.784
605199.SH,20260413,5.558,1.2,,4.1039,282876.8877,282876.8877
302132.SZ,20260413,3.9393,2.41,85.7611,9.3707,18680590.8096,4097211.8675
002023.SZ,20260413,8.4602,3.9,64.8319,1.8988,829763.4632,829763.4632
603998.SH,20260413,3.7623,1.08,15.7133,2.8896,464108.9975,464108.9975
001206.SZ,20260413,3.5839,1.12,17.5445,2.1173,387537.4216,223987.904
000792.SZ,20260413,3.1059,1.44,24.0744,4.5384,20404303.7181,20404121.8306
601865.SH,20260413,2.9153,1.15,33.8802,1.5085,3322204.3037,2695653.9137
603558.SH,20260413,5.2958,0.85,11.5589,1.9954,468043.5749,468043.5749
301377.SZ,20260413,5.6557,0.98,200.0483,32.7564,8674780.0,1502725.792
688316.SH,20260413,11.6961,1.02,,125.4949,345537.1026,345537.1026
920012.BJ,20260413,88.1704,,38.8466,3.1404,254822.9025,68559.2024
603126.SH,20260413,3.9429,0.8,358.3918,2.4015,491452.5,491452.5
920090.BJ,20260413,6.7224,1.55,,25.6832,117008.7915,79448.9238
601878.SH,20260413,0.9384,0.81,18.3716,1.2232,4432008.9432,4432008.9432
688375.SH,20260413,3.0384,1.22,129.766,10.1863,6585964.645,6585964.645
920158.BJ,20260413,21.5618,2.19,45.5781,4.4067,248089.2,66362.556
688255.SH,20260413,1.5786,0.67,116.3697,2.9053,307055.5417,307055.5417
300717.SZ,20260413,2.9078,0.75,36.9361,2.9458,210483.2,208595.7632
603196.SH,20260413,8.5888,1.17,735.4855,6.7187,1323052.3104,748882.9711
600490.SH,20260413,1.9825,0.66,70.3054,2.817,1788012.7598,1610038.0799
300302.SZ,20260413,9.661,0.71,,10.1598,1090325.1405,839051.6111
002694.SZ,20260413,3.4865,1.23,,21.9116,230451.6096,217071.7714
603130.SH,20260413,3.5247,0.83,49.7841,3.6654,520628.7612,520628.7612
688057.SH,20260413,0.9341,0.86,35.6184,1.0783,341964.0,341964.0
600310.SH,20260413,25.2738,1.15,,2.4539,674226.9321,674226.9321
603587.SH,20260413,0.9679,0.66,22.1644,1.6016,577445.0146,577445.0146
300187.SZ,20260413,1.9604,0.62,29.327,3.0795,332495.415,330697.6283
300774.SZ,20260413,4.3076,0.76,85.2535,4.8257,716971.4596,341820.1795
000933.SZ,20260413,3.2191,1.03,18.7148,3.0512,7495931.6619,7490651.14
600396.SH,20260413,36.7405,0.96,168.4268,7.9576,1075075.9764,1075075.9764
920008.BJ,20260413,2.6825,1.07,76.2957,4.9555,163200.0,86012.7258
300233.SZ,20260413,5.1119,0.77,133.616,1.6116,590399.1148,568775.7207
688579.SH,20260413,1.2085,0.93,69.1196,2.9535,415210.38,415210.38
300701.SZ,20260413,2.0557,0.7,51.9756,3.4098,331931.0297,292469.0202
300847.SZ,20260413,1.778,0.8,40.502,3.1811,465623.73,465623.73
002153.SZ,20260413,1.5416,0.7,,3.8398,2636401.2504,1545371.8347
002410.SZ,20260413,1.2421,0.59,45.9968,3.0809,1863393.2178,1771093.5778
002929.SZ,20260413,13.4298,0.92,,2.561,1618705.4126,1199775.1136
002489.SZ,20260413,1.544,0.87,11.3231,1.5774,739634.5627,652342.8644
002283.SZ,20260413,5.0598,0.85,32.9928,1.9895,1213521.8946,1068010.2534
600255.SH,20260413,2.6156,0.76,210.49,4.4554,650212.9038,650212.9038
002583.SZ,20260413,3.3778,1.33,,9.4403,1967746.1702,1387904.0192
300040.SZ,20260413,9.4753,0.86,,1.708,441379.5591,354919.9669
920445.BJ,20260413,1.4198,0.75,59.4143,4.8139,146118.3087,103855.1247
688310.SH,20260413,3.6389,1.04,40.3706,3.055,263458.2087,263458.2087
000796.SZ,20260413,4.6933,1.2,,10.5405,874064.9592,725267.9115
002948.SZ,20260413,1.7116,0.51,5.8005,0.738,3009123.3923,1609163.2326
300611.SZ,20260413,4.2001,1.09,38.4098,4.425,560403.2754,393744.4119
920028.BJ,20260413,10.8006,1.0,23.4356,2.3385,260674.96,67498.7326
300951.SZ,20260413,3.816,1.16,32.955,2.7426,638301.4495,570453.9372
688011.SH,20260413,12.7245,2.3,,6.2568,660800.0,658569.952
688668.SH,20260413,7.5417,0.76,93.2524,11.3356,2242953.1096,2242953.1096
000723.SZ,20260413,2.3296,0.97,,1.5139,2007995.1081,2004122.6959
688037.SH,20260413,2.3699,0.88,515.2227,13.2268,3693812.0627,3693812.0627
603590.SH,20260413,4.6405,1.56,109.4011,1.9582,624911.1746,621818.2646
002258.SZ,20260413,2.2017,0.95,25.1282,1.5251,1203057.1537,1201120.188
688369.SH,20260413,7.3898,1.07,,3.276,276292.9343,276292.9343
601107.SH,20260413,3.2144,0.66,11.5196,0.9102,1743094.2,1232761.8
000980.SZ,20260413,3.1674,0.97,,873.6336,1099275.4071,1096842.7307
920198.BJ,20260413,0.9373,0.42,,3.2396,139579.7493,60953.0926
300994.SZ,20260413,3.7125,0.56,20.5759,3.1547,348699.648,174529.344
000521.SZ,20260413,0.948,0.37,14.3543,0.9684,589116.365,500797.8084
688509.SH,20260413,1.2206,0.69,,3.0501,346500.0,173156.49
300863.SZ,20260413,11.7899,3.22,67.2402,7.9195,1131124.9502,1087202.5612
300427.SZ,20260413,4.0394,0.64,,5.0218,602596.5531,596060.7923
300743.SZ,20260413,1.6772,0.67,24.7638,4.3636,270823.7063,228192.9147
000928.SZ,20260413,12.2059,1.49,12.6137,1.1208,946865.4499,946853.8669
002969.SZ,20260413,13.8703,1.19,185.3188,9.293,2746239.275,2730722.405
688337.SH,20260413,11.5806,1.25,124.4319,3.3889,1071156.1539,1027191.2151
688091.SH,20260413,3.8518,0.8,179.6877,8.0592,1152372.793,1152372.793
002662.SZ,20260413,3.0502,1.03,24.9549,1.396,621000.0,620992.1754
600482.SH,20260413,7.8721,2.02,50.3692,2.3237,9345175.0362,9345175.0362
603713.SH,20260413,2.4192,1.23,14.7565,1.9531,924572.1941,924572.1941
301210.SZ,20260413,3.2449,0.97,82.81,2.4198,441609.0289,167466.4761
300798.SZ,20260413,9.3716,0.94,,2.799,470271.6682,382560.7194
688538.SH,20260413,1.3791,1.18,,3.9039,3148551.7785,1311509.7453
002888.SZ,20260413,2.7431,0.66,161.6531,7.1706,272697.382,138382.8179
301173.SZ,20260413,1.217,0.75,21.8217,2.4692,377601.6848,132532.405
000791.SZ,20260413,5.0564,0.98,12.6499,1.7243,2595071.7936,1548494.6288
002625.SZ,20260413,1.4876,1.29,115.986,8.7607,8359800.9046,8359764.0446
600373.SH,20260413,1.3166,1.13,27.5116,0.656,1143907.5524,1143907.5524
300507.SZ,20260413,1.7481,0.64,59.1717,3.1791,673344.0488,651768.0601
605338.SH,20260413,3.2941,1.09,23.4005,2.7334,638924.2876,638924.2876
603489.SH,20260413,5.8806,1.11,98.6723,2.9119,784327.9038,784327.9038
301303.SZ,20260413,4.371,1.43,19.3378,1.9423,653671.2,162673.9692
002158.SZ,20260413,2.073,0.75,27.6149,2.966,1297240.7612,1294482.4235
688356.SH,20260413,2.6012,1.05,93.8269,4.5084,594801.4149,594801.4149
002637.SZ,20260413,4.5196,0.7,34.6601,1.519,573418.819,539679.5199
601005.SH,20260413,1.1311,0.82,,0.8972,1248098.6911,1172222.7559
920171.BJ,20260413,23.3448,1.24,468.8161,10.2534,224522.4464,151495.6352
688443.SH,20260413,4.9185,0.94,,7.0781,1121307.44,356807.44
301390.SZ,20260413,6.2944,1.84,89.0493,2.3064,219840.0,112396.5709
300029.SZ,20260413,2.033,1.01,,,97245.6525,97174.7213
002910.SZ,20260413,4.1582,0.82,,2.009,209618.18,183378.4104
603357.SH,20260413,0.8625,0.65,12.3392,1.1367,451265.2167,447260.382
688233.SH,20260413,5.4178,1.11,121.3238,6.5497,1237952.395,1237952.395
600563.SH,20260413,4.2564,0.73,22.5325,4.4547,2686275.0,2686275.0
688016.SH,20260413,2.5198,0.91,21.8965,3.0267,1233484.0048,1233484.0048
603630.SH,20260413,2.1769,0.78,,1.8803,359201.3051,359201.3051
300709.SZ,20260413,3.6521,0.58,45.7991,3.408,782266.3669,627585.9884
300277.SZ,20260413,5.7863,1.17,3285.4775,2.539,2913397.7536,1470629.9371
002204.SZ,20260413,2.7486,0.72,22.1254,1.6621,1301743.4016,1301743.4016
300366.SZ,20260413,1.2437,0.83,,2.0983,343888.1009,300264.4093
601390.SH,20260413,1.3275,0.69,5.6616,0.4072,12960266.5127,10751386.7627
603225.SH,20260413,3.1608,1.05,23.3859,1.4296,2861804.3887,2846538.9301
300551.SZ,20260413,2.8385,0.76,,10.9311,478468.4145,477075.5112
000890.SZ,20260413,26.0808,0.72,,,551647.7179,551630.7255
920433.BJ,20260413,6.0763,1.44,,3.456,131542.716,87028.6275
003015.SZ,20260413,2.2189,0.8,39.8432,3.6774,416540.8005,366536.0205
301082.SZ,20260413,4.2772,1.23,108.4362,3.8571,400793.5472,370549.006
603307.SH,20260413,1.9535,0.72,22.1107,1.9072,266793.763,262573.0
920729.BJ,20260413,1.1947,0.4,54.7907,3.2925,222233.55,62458.7583
688028.SH,20260413,7.4988,0.85,150.647,7.171,1423750.968,1423750.968
002319.SZ,20260413,3.2628,0.48,,13.1102,238170.2439,227400.0
603032.SH,20260413,4.8968,1.35,,3.8384,435435.5558,432514.8957
600549.SH,20260413,4.2504,0.86,39.9472,5.3679,9231811.5782,9036114.4637
600917.SH,20260413,0.9308,0.8,32.6767,1.478,842961.4704,842961.4704
000683.SZ,20260413,1.2661,0.82,30.8167,2.2664,3293112.7622,2967224.6524
600874.SH,20260413,1.8642,0.65,11.0539,0.9291,953243.7776,746863.7776
688372.SH,20260413,6.1737,0.86,83.4864,6.25,2505061.9181,2505061.9181
300825.SZ,20260413,1.0511,0.57,,2.0722,433020.4209,423926.9125
600067.SH,20260413,2.2421,0.83,,0.9896,556667.4956,556667.4956
002039.SZ,20260413,7.1251,0.92,14.7832,1.9977,887183.1115,887180.6215
920273.BJ,20260413,1.8516,0.75,33.0427,3.298,220476.1834,146749.256
301186.SZ,20260413,9.4697,0.8,37.4733,3.1024,488292.6027,458587.0205
688721.SH,20260413,1.817,1.04,93.5405,4.3292,524655.0,210194.2422
920579.BJ,20260413,1.173,0.55,,4.734,227237.4,78228.1071
300409.SZ,20260413,4.0751,1.19,49.5236,2.6222,2105814.1815,1850722.1163
000930.SZ,20260413,5.3151,0.81,134.8565,1.1978,1277232.3684,1277167.479
002346.SZ,20260413,2.8087,2.03,14.8121,2.9421,848707.9496,755970.7038
600351.SH,20260413,3.4025,0.65,20.3393,1.7398,453260.0301,453260.0301
300723.SZ,20260413,6.849,0.53,,9.1612,1603961.0121,1488539.2797
002178.SZ,20260413,1.7036,0.7,,10.1089,440822.7076,440593.7748
003035.SZ,20260413,5.231,0.93,83.4124,4.1591,2890151.5145,2890151.5145
600803.SH,20260413,1.4536,0.93,13.894,2.6397,6504244.5098,6453697.8114
600559.SH,20260413,0.5841,0.65,19.5518,2.3393,1233994.302,1226928.24
300420.SZ,20260413,1.8441,0.88,,1.7154,405247.2326,405215.7605
300639.SZ,20260413,7.1139,0.52,,1.079,414406.932,407140.3618
688382.SH,20260413,3.3437,0.68,,7.9365,1219158.619,1219158.619
301258.SZ,20260413,3.2337,1.12,38.6189,1.5345,293344.0,285008.0
688100.SH,20260413,1.5743,0.92,27.209,5.3425,1812843.2402,1812843.2402
600596.SH,20260413,2.8547,0.88,,1.3161,1637061.2204,1637061.2204
300961.SZ,20260413,4.4705,0.75,,3.2415,237732.48,204594.671
603296.SH,20260413,3.4202,0.95,24.9756,3.9251,10125835.7373,5671033.9267
600519.SH,20260413,0.4642,0.99,20.0763,7.9597,180741412.4012,180741412.4012
300296.SZ,20260413,3.2556,0.63,,2.544,2052966.7571,1721558.2343
601567.SH,20260413,2.9381,0.99,18.3237,3.0771,3612793.3674,3612793.3674
605336.SH,20260413,10.0614,1.63,143.127,1.4677,274385.0252,274385.0252
002445.SZ,20260413,8.3599,0.65,79.2599,3.6404,824682.8133,821134.1976
002397.SZ,20260413,8.5579,2.41,98.5778,2.6012,310329.2988,268862.769
688496.SH,20260413,5.3964,0.86,,2.7292,254250.0,134439.264
300083.SZ,20260413,1.0621,0.72,87.6289,2.4016,1255306.3921,1125371.5514
300854.SZ,20260413,26.4117,2.14,,3.0089,288198.0,234261.72
600560.SH,20260413,1.6287,0.75,63.6656,3.3495,328535.2395,328535.2395
301180.SZ,20260413,9.0437,0.67,,6.0849,802020.05,329096.694
000903.SZ,20260413,1.5665,1.02,,3.7112,493385.3246,489666.7202
301235.SZ,20260413,6.8002,0.75,49.187,2.93,532848.608,359651.6755
002547.SZ,20260413,3.5601,0.64,,,350825.7792,343595.0286
601965.SH,20260413,1.6951,1.11,16.0945,2.178,1706196.3628,1698288.1416
603729.SH,20260413,3.4126,0.78,,5.1077,156061.136,156061.136
000995.SZ,20260413,7.5015,0.46,,16.1814,238613.76,238613.76
002357.SZ,20260413,5.1852,0.62,18.9773,2.0912,356750.523,356737.7205
603701.SH,20260413,3.4405,0.67,541.2149,7.7739,624393.5815,624393.5815
300864.SZ,20260413,2.1683,0.61,20.7892,2.4311,321190.3292,321190.3292
600403.SH,20260413,3.9381,0.74,,3.7489,1377107.9436,1377107.9436
601966.SH,20260413,0.9731,0.86,17.0599,0.8955,2060611.7777,2060611.7777
603444.SH,20260413,5.2205,1.44,14.3005,4.6547,2565023.4011,2565023.4011
000035.SZ,20260413,3.9907,1.13,69.3962,1.5521,1595205.8897,1545101.1997
600197.SH,20260413,0.6609,0.72,31.0926,1.4821,565916.9615,565916.9615
688520.SH,20260413,2.2034,0.6,,116.6591,1955185.5631,1851260.5631
002823.SZ,20260413,2.9454,1.26,22.1877,2.5465,517509.4636,345015.2361
301070.SZ,20260413,24.1591,1.1,3321.4915,11.6134,913577.13,600967.35
000545.SZ,20260413,4.8636,0.75,,3.2998,300984.0943,300547.9443
920062.BJ,20260413,2.7853,0.79,121.0686,2.5835,192669.1088,136313.7151
600643.SH,20260413,6.0812,0.72,,0.6686,799771.7306,798356.5614
600875.SH,20260413,6.6706,0.89,35.8536,3.0368,13736607.2149,8990092.1153
002299.SZ,20260413,3.7873,2.67,16.8894,2.0791,2330834.4769,2285508.1594
603613.SH,20260413,1.1093,0.83,12.5943,2.0368,1807829.3728,1807829.3728
600688.SH,20260413,2.9459,0.99,,1.3399,3099529.545,2154671.169
688153.SH,20260413,2.1763,0.98,324.2476,3.6213,1457470.1581,1386094.5049
002806.SZ,20260413,7.6855,0.72,43.4317,2.6509,305332.5946,250190.0849
000020.SZ,20260413,11.3533,0.74,102.492,10.5554,448527.3836,286965.9793
300927.SZ,20260413,11.2712,0.53,16.0838,4.5428,437410.8,426893.4579
600257.SH,20260413,4.9111,0.67,634.6434,4.0055,321466.4416,321466.4416
002061.SZ,20260413,1.0342,0.74,8.7519,0.6579,1037628.2176,1008465.5052
603816.SH,20260413,3.0109,2.88,15.8277,2.4467,2526784.8724,2498223.3266
002878.SZ,20260413,5.1117,0.53,,3.5287,454031.6629,408871.6083
605136.SH,20260413,3.1284,0.67,,1.7026,409268.587,409268.587
300291.SZ,20260413,2.0636,0.76,,2.0513,626356.6179,618954.4983
002232.SZ,20260413,2.3107,1.2,223.7167,5.1495,728033.3468,728033.3468
688279.SH,20260413,4.8081,1.61,89.7786,3.8586,1965572.916,1597504.216
000546.SZ,20260413,14.5558,1.68,,1.2474,506249.0186,453555.0891
002169.SZ,20260413,4.2329,1.07,,4.4765,1181100.4778,1144839.0162
002977.SZ,20260413,4.3173,1.41,,3.2635,341621.28,189467.7635
688065.SH,20260413,1.0234,0.91,61.2124,1.9559,3462912.301,2800797.9652
002563.SZ,20260413,1.6017,1.07,15.8189,1.2393,1411703.2438,1156516.622
300044.SZ,20260413,9.1586,2.25,,81.786,588179.3056,550841.2163
603219.SH,20260413,3.2171,0.85,86.0276,5.7222,921257.4,921257.4
002264.SZ,20260413,2.3953,0.67,23.7927,2.9545,589525.4547,536267.1214
688687.SH,20260413,2.2695,0.71,122.0735,2.0912,361718.397,361718.397
300615.SZ,20260413,6.3567,0.93,,5.1192,258733.8988,202567.4188
688459.SH,20260413,1.0797,0.65,39.5357,1.2691,439200.0,439200.0
603688.SH,20260413,15.8921,1.76,178.6493,4.7085,2739267.1075,2739267.1075
688582.SH,20260413,2.0911,0.76,81.2983,9.7544,2466677.8038,1536345.0038
920195.BJ,20260413,0.9553,0.58,16.8831,2.2514,186845.18,134866.6254
002889.SZ,20260413,1.1088,0.74,32.9794,2.0178,506074.4125,336721.301
000012.SZ,20260413,1.6209,1.09,,1.0461,1381280.8402,889529.7355
301121.SZ,20260413,3.5499,1.01,97.0685,2.2406,372475.4088,190679.8987
301056.SZ,20260413,3.6653,0.99,54.4698,5.1641,395911.4138,261177.8117
600278.SH,20260413,1.7082,0.68,30.2939,0.8233,631266.8633,631266.8633
601098.SH,20260413,1.5648,1.02,12.3143,1.2139,1963028.0,1963028.0
000897.SZ,20260413,2.2602,1.07,22.0766,1.1159,342861.7136,342855.2264
600567.SH,20260413,1.2893,0.9,,0.6029,977655.2624,977655.2624
920475.BJ,20260413,3.3019,1.41,,3.7624,131378.0,73057.9538
301280.SZ,20260413,7.1261,1.88,39.0094,4.2522,815209.6344,239160.7344
920023.BJ,20260413,2.3061,0.5,86.514,0.8474,102118.848,83868.2614
301139.SZ,20260413,2.9041,0.6,156.2713,1.0634,207660.0064,130093.4888
688785.SH,20260413,4.2149,1.14,172.7952,9.0383,1976415.3778,371558.7243
301218.SZ,20260413,4.2095,0.68,,4.4351,407122.8,250145.7445
920866.BJ,20260413,1.0053,0.53,43.0361,1.7632,135514.8368,85812.4488
002484.SZ,20260413,10.0756,1.59,38.6433,4.1585,2606855.8792,2514747.4922
688051.SH,20260413,4.6322,1.92,,3.9951,239348.73,239348.73
601138.SH,20260413,4.2188,0.82,31.3249,6.6474,110531594.0219,110531594.0219
300813.SZ,20260413,12.3175,0.92,211.3669,4.3324,348447.7546,218646.8349
600238.SH,20260413,6.7296,3.67,,18.1948,184658.4,183451.891
601975.SH,20260413,10.2257,0.83,16.5232,1.8622,2166999.5859,2166999.5859
300618.SZ,20260413,5.1134,1.64,50.1019,2.4445,1366693.2626,1202527.7518
002671.SZ,20260413,3.6395,0.49,57.0702,1.645,270911.8724,264998.3391
000923.SZ,20260413,3.1109,1.39,23.1824,1.1881,1219950.4281,1173547.6306
002427.SZ,20260413,10.165,1.03,235.5874,6.7669,641516.7378,641043.2714
601799.SH,20260413,3.8492,1.96,21.467,3.0587,3486431.6295,3486431.6295
300357.SZ,20260413,3.05,0.75,35.2154,5.3222,1374931.584,1271152.6023
002639.SZ,20260413,9.6649,0.45,364.7434,6.0514,1516618.0754,1277165.6977
688630.SH,20260413,7.6358,0.81,109.5064,13.7541,3174951.2556,3174951.2556
301591.SZ,20260413,2.4885,0.72,49.5736,3.9774,356416.44,143840.7478
002947.SZ,20260413,10.1115,0.78,32.5801,5.5627,1732999.9487,1302973.224
603015.SH,20260413,1.3926,0.79,107.2708,3.571,497997.808,497997.808
301176.SZ,20260413,16.4543,1.11,,3.3309,505340.2677,490356.2343
301059.SZ,20260413,3.4009,0.78,46.9959,5.3046,324077.908,289845.3105
600230.SH,20260413,6.9026,0.81,151.6619,2.0401,820884.6927,820884.6927
301552.SZ,20260413,16.9731,1.02,26.7082,3.5022,414596.0,103649.0
688528.SH,20260413,2.4648,0.79,,3.9809,181272.0,181272.0
605028.SH,20260413,3.4043,0.65,26.2208,3.2953,452000.0,452000.0
600237.SH,20260413,8.7607,2.34,49.6044,3.0313,594754.0182,589012.6947
002465.SZ,20260413,3.4169,1.29,,3.2715,3735160.0917,3729220.099
300732.SZ,20260413,2.1416,0.78,,0.8698,253463.0892,253182.3189
002428.SZ,20260413,15.5259,0.79,862.0331,24.7392,3600650.56,3600185.4006
600007.SH,20260413,1.3927,0.88,17.7865,2.1939,2138460.8197,2138460.8197
688701.SH,20260413,4.0801,0.8,,8.827,125683.6202,125683.6202
000756.SZ,20260413,1.7105,0.62,35.16,1.9386,1019247.8654,729889.692
688118.SH,20260413,2.7764,0.7,358.5259,3.0671,267725.6496,267725.6496
300068.SZ,20260413,8.4791,1.04,,2.8882,1110381.9816,1054530.1512
920491.BJ,20260413,1.7942,0.95,35.7102,3.1289,335779.6252,274927.2223
603829.SH,20260413,8.5434,1.13,46.0266,3.4879,523035.3745,523035.3745
002646.SZ,20260413,1.1094,0.85,592.529,1.3458,385202.8111,382647.4177
003025.SZ,20260413,2.3776,1.06,26.9465,3.1459,390436.1423,311321.901
300552.SZ,20260413,8.0691,2.45,,3.209,565442.1461,358388.854
300801.SZ,20260413,4.1901,0.8,45.618,2.2836,572941.89,358016.2209
688600.SH,20260413,5.1462,2.83,62.1026,4.4661,353879.2032,353879.2032
301336.SZ,20260413,4.3381,1.29,64.556,2.4557,203560.0,154859.7814
301285.SZ,20260413,6.9045,1.69,,18.883,1924097.7,1924097.7
920036.BJ,20260413,10.7419,0.73,30.3935,4.0777,240544.4753,57730.8443
603266.SH,20260413,3.6788,1.1,35.5729,2.4988,392403.5578,392403.5578
603076.SH,20260413,5.8294,0.54,243.959,2.6661,345688.6492,345688.6492
300880.SZ,20260413,5.3186,0.76,46.2865,3.9308,411934.7981,411890.8639
300175.SZ,20260413,2.2105,1.83,,5.9983,302253.6,302253.6
301281.SZ,20260413,17.9948,2.2,78.9221,3.0073,412260.03,270114.264
300508.SZ,20260413,3.1462,0.81,47.847,4.8776,420146.8338,315976.2534
002058.SZ,20260413,1.2779,0.82,16.7889,79.0533,316303.5721,315574.7071
688303.SH,20260413,5.7316,3.28,,1.2342,4815986.8504,4815986.8504
600262.SH,20260413,4.3728,1.03,17.1696,2.4556,432310.0,432310.0
002375.SZ,20260413,1.1488,0.62,16.5149,0.6346,519918.6412,514795.9548
000799.SZ,20260413,1.6976,0.76,,3.7405,1407267.4124,1407143.9789
300333.SZ,20260413,3.3833,0.99,,5.3473,310128.0,309002.0018
301230.SZ,20260413,8.521,0.59,153.6672,5.6068,562254.8449,505980.5632
002386.SZ,20260413,4.2545,0.63,91.6376,1.0621,804417.8911,804268.0039
300720.SZ,20260413,24.827,1.59,265.7554,17.5698,1028757.0344,921987.8605
600006.SH,20260413,1.4008,1.02,52.1722,1.5296,1280000.0,1280000.0
603520.SH,20260413,5.7399,0.89,,1.7837,463837.6541,463837.6541
300703.SZ,20260413,3.5528,0.82,27.9414,3.8299,357356.235,336099.5959
002983.SZ,20260413,5.0835,1.28,38.5988,3.9679,531646.0525,304630.4203
002668.SZ,20260413,1.6352,0.97,8.9266,2.8295,1002803.0709,1002803.0709
920694.BJ,20260413,1.1085,0.52,25.6866,2.6036,230890.656,109233.2909
600960.SH,20260413,2.3784,0.83,,1.3711,506624.7711,506624.7711
601099.SH,20260413,1.8817,1.02,79.6646,2.6387,2624281.8025,2624281.8025
600526.SH,20260413,2.0964,1.06,16.8,1.0732,479899.5336,471423.8556
300938.SZ,20260413,8.163,1.26,49.852,5.2527,978855.319,849611.2738
002968.SZ,20260413,1.9966,0.74,24.0003,2.1538,265423.8395,250032.1733
300793.SZ,20260413,1.1488,0.67,,1.816,543038.6069,530968.3274
002378.SZ,20260413,7.1156,0.8,130.9981,16.2742,3802486.9129,3782559.1329
600488.SH,20260413,35.5242,0.81,396.0114,2.1346,645305.0279,645305.0279
001268.SZ,20260413,2.9361,1.58,38.6118,3.0382,311927.3353,181877.3353
601198.SH,20260413,0.9914,0.84,19.7783,1.3746,4156924.9387,4156924.9387
300947.SZ,20260413,3.22,1.2,114.9643,2.019,252248.8146,252148.733
300846.SZ,20260413,11.2217,0.85,,19.292,1515728.5922,1181508.3415
000007.SZ,20260413,3.789,1.22,81.4402,25.2621,461468.7946,461468.7946
003816.SZ,20260413,2.0485,0.85,23.0636,1.8291,22522447.8284,17543471.0784
000788.SZ,20260413,17.6658,0.48,25.4816,2.4445,365936.279,365936.279
920931.BJ,20260413,1.261,0.26,106.3699,2.8691,112622.07,34502.1842
002632.SZ,20260413,3.2923,0.7,33.6755,3.4162,746395.9126,686438.7844
301277.SZ,20260413,3.8796,0.91,38.2546,2.9899,463828.7472,463828.7472
300142.SZ,20260413,1.967,0.71,112.7471,2.3245,2003983.7219,1955310.0347
920508.BJ,20260413,3.5566,0.95,519.3783,6.0711,118560.0,63046.1078
002332.SZ,20260413,1.2167,0.77,32.2045,1.4956,881381.5356,877255.1765
002762.SZ,20260413,2.1536,1.12,,3.4405,265518.75,158533.8255
603232.SH,20260413,2.816,0.68,490.5098,3.4396,462780.4995,457280.0901
300025.SZ,20260413,1.8517,0.73,,5.0195,270677.8345,269400.6084
300605.SZ,20260413,3.8836,1.17,,4.8378,234668.9774,179589.3478
300033.SZ,20260413,6.4473,1.65,55.1984,26.2099,17691555.84,10305286.9445
301223.SZ,20260413,2.5163,0.85,23.0098,1.2829,380847.5483,220893.6983
000655.SZ,20260413,2.2115,0.9,19.8753,1.524,532829.5059,532829.5059
605009.SH,20260413,0.9339,0.69,20.3296,1.7798,602614.8199,602536.3639
688458.SH,20260413,1.5928,0.9,,2.123,387478.2491,295528.1114
603271.SH,20260413,1.8071,0.51,22.6436,3.2161,940321.6,452073.2609
600674.SH,20260413,1.246,0.86,16.3313,1.5848,7034057.6528,7034057.6528
603198.SH,20260413,1.009,0.56,13.6715,2.8188,2863200.0,2863200.0
002603.SZ,20260413,1.2401,0.66,,2.7183,2773370.9242,2285565.5867
002351.SZ,20260413,0.9471,0.7,23.6411,3.4173,1018916.622,597131.0642
300816.SZ,20260413,10.8022,1.55,73.5836,5.8799,532720.0,377356.0143
001266.SZ,20260413,4.4196,0.95,87.3954,3.6872,350204.7982,196373.2202
002190.SZ,20260413,7.6543,4.39,,3.0386,1171610.0342,1171610.0342
002728.SZ,20260413,5.1415,0.62,68.507,3.0717,559507.6951,361799.8981
300963.SZ,20260413,1.7397,0.57,102.3785,7.098,783357.12,593471.2106
002444.SZ,20260413,1.2642,0.67,14.3573,1.946,3622852.326,3478950.4157
603648.SH,20260413,1.0303,0.83,28.8884,1.9115,355889.3696,355889.3696
601825.SH,20260413,0.2437,0.77,7.1493,0.7023,8843955.5561,8596362.7666
301232.SZ,20260413,17.1006,0.96,,9.7371,1374343.5149,816740.9405
600212.SH,20260413,5.3844,2.04,178.9972,10.1891,549237.1661,414320.5661
000720.SZ,20260413,28.3554,0.75,,2.8619,674757.4536,674757.4536
000969.SZ,20260413,2.0874,0.81,60.2023,3.8008,2196636.0591,2161562.9822
603585.SH,20260413,32.2659,0.96,38.0165,1.7593,455366.28,445394.28
600728.SH,20260413,1.1277,0.82,69.1813,1.5251,1202785.9832,1202785.9832
688362.SH,20260413,7.1921,1.11,226.1085,7.2869,1859521.9242,1859521.9242
300791.SZ,20260413,0.9351,0.52,18.3409,2.5809,633727.4058,528767.3776
002821.SZ,20260413,4.1775,0.54,38.5419,2.4753,4365143.6371,3834431.1896
601127.SH,20260413,1.8767,0.76,26.3515,3.8362,15697027.6099,14031959.7653
000516.SZ,20260413,2.1301,0.58,,3.173,1058998.1642,1042897.0152
000902.SZ,20260413,1.8585,1.12,12.5972,1.7237,1984989.2291,1807883.0351
603459.SH,20260413,65.0799,,87.7113,11.981,4735080.0398,496603.772
600746.SH,20260413,7.7814,0.62,86.1232,2.0777,1132807.5975,1132807.5975
603773.SH,20260413,23.6484,2.01,,8.4565,988841.1852,988497.9852
301072.SZ,20260413,3.5082,0.69,,3.1067,232886.9487,148849.2093
600004.SH,20260413,0.7334,0.9,16.906,1.1084,2288593.203,2101645.8353
300901.SZ,20260413,1.9234,0.84,,4.0841,395520.0,395520.0
600590.SH,20260413,13.3559,1.23,,3.8618,1234955.398,1221488.6693
601083.SH,20260413,7.2457,0.73,11.3255,1.8035,1699179.56,254879.56
920370.BJ,20260413,1.2446,0.74,,1.7826,103597.7533,90201.7808
688766.SH,20260413,5.5479,0.95,180.338,15.4793,3742385.2004,3742385.2004
000099.SZ,20260413,1.513,0.92,43.555,2.4473,1344409.6474,1344409.6474
300014.SZ,20260413,6.3357,1.29,36.017,3.3343,14890523.4931,14464721.097
301335.SZ,20260413,2.0158,0.9,66.6462,1.6614,318652.9308,127091.5129
920108.BJ,20260413,1.1128,0.61,112.6115,3.8407,188386.8,79826.6091
688652.SH,20260413,3.1053,1.2,113.7411,7.6426,1682520.0,1209311.25
688671.SH,20260413,2.4441,0.88,,1.6561,168344.5216,100440.2296
603186.SH,20260413,11.6307,0.75,41.5444,5.1116,1149588.078,1149588.078
688767.SH,20260413,1.9091,0.71,110.6062,2.1848,517589.3356,517589.3356
688522.SH,20260413,1.817,0.71,90.9522,4.2703,986553.6931,400803.8515
300660.SZ,20260413,2.3787,0.9,60.7974,5.5808,1935654.1163,1934104.4165
301269.SZ,20260413,1.8828,0.9,767.2389,8.8584,4602947.9739,4602947.9739
301256.SZ,20260413,4.7782,0.47,87.5225,3.6382,628320.0,628320.0
920566.BJ,20260413,1.8343,0.6,18.2982,1.8417,153754.7927,118750.315
600864.SH,20260413,24.6356,3.06,24.7997,1.163,1539622.1848,1539622.1848
688056.SH,20260413,2.0565,0.89,59.9673,2.9181,236151.0625,236151.0625
600626.SH,20260413,1.2882,0.68,60.6308,1.6116,517731.9095,434327.6543
002930.SZ,20260413,2.8444,0.46,,2.6075,608461.7053,576341.2624
688052.SH,20260413,2.3258,0.93,,3.181,2449596.7713,2146905.7863
000407.SZ,20260413,2.7396,0.87,26.6102,1.3573,414519.873,412489.9129
000668.SZ,20260413,3.6289,1.7,,3.1224,220556.5188,220556.5188
603551.SH,20260413,3.9484,1.37,15.8706,3.7275,468616.5477,462698.2857
603617.SH,20260413,1.7842,0.92,59.4417,1.917,287680.7667,283127.3067
603601.SH,20260413,22.4421,0.68,193.1801,5.9144,1567291.8122,1567291.8122
600724.SH,20260413,3.4062,0.6,53.6769,3.5581,984209.1694,984005.9542
300993.SZ,20260413,2.2921,1.39,22.6265,2.4869,380233.9008,297140.012
600232.SH,20260413,8.7838,1.66,151.7604,3.3288,316210.9776,316210.9776
603083.SH,20260413,15.4025,1.26,158.7083,5.6135,4181728.123,3267926.927
002749.SZ,20260413,0.6015,0.76,16.3784,3.4389,614660.5689,597912.0602
001330.SZ,20260413,6.3241,0.89,,2.3822,997900.7824,997900.7824
603035.SH,20260413,0.9962,0.8,13.4148,0.9802,520579.2007,520579.2007
600649.SH,20260413,2.495,1.18,37.2258,0.512,1076935.3302,1076935.3302
002571.SZ,20260413,2.3895,0.71,,4.7525,464069.6288,353194.5266
600184.SH,20260413,22.0428,1.06,,3.6184,1226058.5927,1226058.5927
300212.SZ,20260413,6.3707,0.62,,21.2311,577353.7224,560206.4026
000078.SZ,20260413,15.9461,0.67,,5.2267,952466.619,950771.692
603970.SH,20260413,1.2628,0.62,18.9276,2.1941,339763.3694,339763.3694
300882.SZ,20260413,4.6391,0.52,37.9289,5.0707,664559.1585,618411.3637
300128.SZ,20260413,1.939,0.93,,11.8467,783366.5934,782523.3733
300491.SZ,20260413,5.7482,0.9,110.6891,3.6869,444453.067,394653.6349
002677.SZ,20260413,2.9857,1.39,224.9412,3.3127,489061.0968,404897.1343
688702.SH,20260413,6.1798,0.81,,41.0984,9172110.0,4541129.1775
603717.SH,20260413,3.3371,0.96,,3.7213,192657.1034,192657.1034
001202.SZ,20260413,2.3653,0.96,38.7286,3.3882,283374.887,198600.7235
603351.SH,20260413,1.4005,0.63,23.318,1.9564,344150.8344,344150.8344
600051.SH,20260413,2.6966,1.01,25.7453,0.7064,239999.36,239999.36
002988.SZ,20260413,17.3426,4.14,52.5794,3.5464,950383.3275,950383.3275
600636.SH,20260413,1.4547,1.2,,1.5943,328100.3279,328100.3279
002449.SZ,20260413,2.6684,0.7,,1.3303,504058.8927,504058.8927
002846.SZ,20260413,2.3492,0.75,,4.3311,611930.7277,374475.3659
003033.SZ,20260413,7.3414,0.6,27.1654,3.4013,475785.0,469927.9964
002798.SZ,20260413,1.1677,0.7,,1.608,335608.3281,292447.4505
002627.SZ,20260413,3.2029,0.74,59.7766,1.7651,547074.0404,541416.2131
002384.SZ,20260413,8.8929,1.47,202.3391,12.6686,26893493.3924,20355361.8588
003020.SZ,20260413,1.8125,0.72,28.0197,2.5866,455486.3259,329850.2326
603992.SH,20260413,4.8013,0.67,68.4151,4.0014,1405328.653,1405328.653
001314.SZ,20260413,2.3055,0.7,301.6139,2.9282,605053.428,527643.5455
300662.SZ,20260413,3.7287,1.32,15.4536,2.076,469973.5853,468725.2177
001308.SZ,20260413,1.3156,0.89,18.3139,1.7968,1424944.1106,1005753.5586
300749.SZ,20260413,9.4308,0.84,,9.7885,555188.3964,425912.4936
002228.SZ,20260413,2.0618,0.69,43.2924,1.5276,470793.6241,469216.8231
000635.SZ,20260413,2.3567,0.64,,2.112,325948.5062,303359.9878
603070.SH,20260413,3.0661,1.17,64.8561,2.7852,599896.0,599896.0
002923.SZ,20260413,9.1075,0.47,,4.1862,438375.3114,337833.0464
603810.SH,20260413,1.915,0.78,91.7901,1.7042,261569.0238,261569.0238
300840.SZ,20260413,4.8874,0.9,,3.4747,444240.0,327784.5849
003008.SZ,20260413,5.6343,1.24,27.4642,2.2812,242216.0,181017.3421
688198.SH,20260413,1.4588,1.21,62.6602,10.4833,1286016.5697,1286016.5697
601126.SH,20260413,5.7794,1.17,44.5847,7.5508,3695939.902,3660078.8344
688125.SH,20260413,4.0477,0.78,,11.6992,2137995.4257,2126628.8973
002306.SZ,20260413,5.3736,0.9,,30.3495,210482.525,196978.4137
920832.BJ,20260413,0.6991,0.61,,1.2284,91029.0954,80912.0798
600718.SH,20260413,0.8051,0.6,,1.1404,1081580.7222,1081580.7222
300530.SZ,20260413,4.028,0.96,,80.0936,429018.6282,429018.6282
688115.SH,20260413,1.7086,0.71,,2.1472,272080.27,272080.27
600814.SH,20260413,1.8704,0.77,24.8882,1.4948,558659.7345,558659.7345
601212.SH,20260413,3.2345,0.65,335.7441,3.8492,5938629.1578,5938629.1578
603211.SH,20260413,11.3684,0.87,111.8214,5.7245,703167.296,703167.296
300317.SZ,20260413,9.1437,1.05,,2.6,405131.9416,404509.7416
300118.SZ,20260413,5.0699,0.87,,1.7808,1873042.7769,1522775.2494
603518.SH,20260413,0.8304,0.5,11.8657,0.8454,307017.9138,305881.7718
600691.SH,20260413,5.4291,0.79,,2.1614,781698.0622,781567.7782
605055.SH,20260413,4.6375,0.58,,4.4243,462000.0,462000.0
603338.SH,20260413,1.9086,1.15,14.2262,2.2566,2507941.0447,2507941.0447
605111.SH,20260413,2.7935,1.09,39.9894,3.6391,1574110.4289,1574110.4289
301029.SZ,20260413,3.1239,1.21,33.563,3.8943,1656537.4837,1206432.5686
688611.SH,20260413,2.205,1.72,,9.1087,788422.544,788422.544
003022.SZ,20260413,4.6628,0.89,96.3742,3.9611,2946263.008,2943756.606
603257.SH,20260413,4.2412,0.76,40.9131,2.7796,679320.0,140958.9
000558.SZ,20260413,1.9267,0.73,,5.5073,577572.3292,577330.7044
300334.SZ,20260413,2.8721,0.79,90.5991,3.6208,219903.5792,219877.666
688518.SH,20260413,3.4857,0.97,50.9905,2.6884,878229.4694,878229.4694
301016.SZ,20260413,3.2814,0.93,69.7298,4.8053,493802.4,468366.5072
600661.SH,20260413,1.7459,0.91,,20.7857,279671.6581,279671.6581
920159.BJ,20260413,7.1053,0.66,20.6621,2.7853,297692.0,56404.8
603466.SH,20260413,4.8164,0.95,162.8124,2.6564,559723.4896,559723.4896
300294.SZ,20260413,1.563,1.05,83.0434,1.2583,935885.6577,935885.6577
002595.SZ,20260413,0.7359,0.77,27.3995,5.4525,6557600.0,6512254.3108
688285.SH,20260413,3.6721,0.67,62.0064,1.888,319093.8462,319093.8462
600973.SH,20260413,8.1291,1.91,,2.7385,1001097.361,1001097.361
600645.SH,20260413,2.8647,0.58,176.5466,3.5558,1319615.8698,1319111.8653
600180.SH,20260413,2.7678,0.81,226.8398,0.4625,364020.2004,364020.2004
689009.SH,20260413,1.7206,0.96,18.0277,4.608,3169573.8213,2437114.5494
002469.SZ,20260413,2.3132,0.56,29.4728,2.0741,549586.6476,532257.2656
600999.SH,20260413,0.8694,0.83,11.1404,1.137,13757905.4071,11741612.3403
002936.SZ,20260413,0.5319,0.38,8.7322,0.3672,1654760.6272,1279331.8522
300430.SZ,20260413,1.9909,0.71,74.273,2.1532,492576.42,468776.993
301062.SZ,20260413,1.5739,0.63,,2.469,356599.4353,257799.3495
300463.SZ,20260413,1.2582,0.92,,1.0313,652435.2873,530652.3726
601177.SH,20260413,2.188,1.26,23.1754,2.1509,600154.272,588888.32
600671.SH,20260413,9.8272,3.06,71.1567,35.4222,235885.7002,235772.6724
603985.SH,20260413,18.4468,0.94,114.5421,2.9233,956221.0085,956221.0085
000403.SZ,20260413,1.1509,0.99,21.5116,1.5003,1204153.4881,1191879.7372
300620.SZ,20260413,13.9981,0.77,319.8096,26.0333,5650168.8579,5603064.7879
601880.SH,20260413,2.4875,1.08,29.5822,0.9582,3865769.8229,3019740.3991
920670.BJ,20260413,3.5493,0.72,219.0061,7.1811,179235.8912,112477.5303
603580.SH,20260413,4.6967,1.27,,5.7393,241614.7468,241614.7468
600516.SH,20260413,1.9107,1.13,533.9684,1.4048,2274673.2579,2274673.2579
300436.SZ,20260413,10.9075,0.68,,47.1853,1807361.916,1551520.9042
603557.SH,20260413,2.27,0.94,,31.6041,247504.4445,247504.4445
603861.SH,20260413,9.043,1.45,39.2054,2.1708,864844.728,845738.3648
920471.BJ,20260413,3.3333,0.64,,2.0692,104416.0,66553.4118
601222.SH,20260413,1.2675,0.66,60.8757,0.8002,1227860.817,1227860.817
301596.SZ,20260413,2.6294,0.66,49.452,6.2203,528042.1479,214299.5828
600261.SH,20260413,1.9567,0.82,27.8242,1.4425,500644.8623,500644.8623
688182.SH,20260413,2.7759,0.91,93.5713,5.0577,1124000.0,1124000.0
000629.SZ,20260413,1.8256,0.88,,2.5417,3121758.4759,3121550.1909
300433.SZ,20260413,4.0649,0.94,39.0339,2.8764,15683139.1248,14764978.7267
000813.SZ,20260413,1.8711,0.76,,1.4454,719307.2002,719188.8652
603004.SH,20260413,2.1114,0.58,30.1327,2.5884,536043.52,134010.88
600722.SH,20260413,29.3189,0.93,198.5178,7.9888,986463.5302,986463.5302
000600.SZ,20260413,4.123,1.15,10.0475,1.4504,1686024.1416,1019197.5691
600322.SH,20260413,4.1866,1.64,,,268685.1,268685.1
600448.SH,20260413,3.1783,0.66,,1.8273,205951.0295,205951.0295
688253.SH,20260413,2.6271,1.41,34.4232,2.4497,502732.4397,502732.4397
603377.SH,20260413,1.2299,0.79,,3.2065,260413.7481,260413.7481
002487.SZ,20260413,5.2148,1.05,46.5379,6.2009,5134520.0088,5079539.0616
300263.SZ,20260413,3.8753,1.2,66.2162,2.4725,1038111.3209,978455.7334
603421.SH,20260413,12.685,1.17,,2.0212,566101.3635,566101.3635
688006.SH,20260413,4.522,1.14,43.7358,3.183,1724087.6661,1724087.6661
603258.SH,20260413,1.6917,0.42,,2.219,439014.06,434414.43
300146.SZ,20260413,0.9798,0.86,23.5535,1.6583,1842236.2868,1220425.5937
920505.BJ,20260413,10.5534,1.21,158.9055,7.7935,266411.7671,148234.7354
601801.SH,20260413,7.3874,3.06,15.0305,1.0359,1204127.7108,1204127.7108
920221.BJ,20260413,1.6842,1.0,27.6114,3.9387,165357.0,88014.9939
300879.SZ,20260413,3.3748,0.61,42.3024,3.643,502151.5047,498751.5795
603190.SH,20260413,2.7636,0.98,28.4829,1.3982,311848.16,102953.4173
688711.SH,20260413,1.7748,0.87,335.7804,5.6275,585365.9985,585365.9985
920833.BJ,20260413,3.2584,1.12,42.1189,1.9795,121481.0,92127.3938
601991.SH,20260413,3.0631,0.71,9.5963,2.0818,7088070.123,4747702.1276
002129.SZ,20260413,3.5167,1.31,,1.6288,3578157.4591,3575205.123
300448.SZ,20260413,5.5007,0.72,,3.6826,451913.4088,310315.3412
002383.SZ,20260413,1.6652,0.7,,4.2163,713707.334,713707.334
603681.SH,20260413,6.3383,1.45,26.7871,1.2853,396105.0667,396105.0667
300426.SZ,20260413,1.5913,0.62,,30.2125,333283.2794,296000.0
688045.SH,20260413,5.1693,1.05,278.7329,2.3922,336581.6605,333056.5588
920946.BJ,20260413,1.9911,0.56,32.0572,3.3334,421795.3199,421665.6449
300787.SZ,20260413,1.9518,0.76,33.3339,2.5116,378627.0882,237411.4617
002296.SZ,20260413,2.6127,0.94,14.6344,1.844,442952.9375,395011.3598
300406.SZ,20260413,0.7804,0.71,16.1886,1.8853,698879.8846,505792.3139
300625.SZ,20260413,1.4269,0.72,,1.6289,323744.629,187725.2652
688448.SH,20260413,4.7898,1.82,415.5067,4.0905,414866.817,414866.817
688595.SH,20260413,9.9035,3.74,,7.1577,485595.122,485595.122
600618.SH,20260413,3.9881,0.75,18.6961,1.6364,1483661.1692,962044.6892
688778.SH,20260413,4.033,1.54,49.4931,4.0649,3736228.0874,3736228.0874
605169.SH,20260413,4.1665,0.85,34.2706,1.7656,344830.72,344830.72
688366.SH,20260413,0.3807,0.76,35.5679,1.6467,892785.8344,753309.3011
000670.SZ,20260413,16.7281,1.86,,153.4055,693519.4344,674749.404
301608.SZ,20260413,1.7305,0.76,34.0943,3.5686,754724.19,338706.9692
000800.SZ,20260413,3.193,1.69,48.7003,1.333,3528558.4591,3528240.9772
002672.SZ,20260413,1.6684,0.68,,2.0467,486312.5529,398252.0529
300628.SZ,20260413,2.9556,2.81,17.5845,4.9018,4571631.7712,2619041.0035
603324.SH,20260413,4.3943,0.74,65.4332,2.3016,386920.4996,386920.4996
002975.SZ,20260413,15.1648,1.3,96.6918,6.1822,1414830.6858,934311.3575
301456.SZ,20260413,2.1274,0.68,64.4803,1.9793,435696.8433,175208.1969
605378.SH,20260413,2.9557,0.96,58.5865,4.2453,530533.192,530533.192
920304.BJ,20260413,1.2288,0.43,36.3895,3.6613,208362.202,167702.0053
603090.SH,20260413,16.1868,1.35,87.552,11.3942,721300.0,721300.0
600217.SH,20260413,1.1543,1.04,,2.0601,633223.7031,633223.7031
002490.SZ,20260413,29.0754,1.27,1504.2056,15.5764,775508.6448,526553.784
300383.SZ,20260413,10.6413,0.87,192.9628,2.4828,3163763.4107,3156655.2706
688047.SH,20260413,5.7066,2.05,,22.0662,5533800.0,5533800.0
605003.SH,20260413,3.0349,0.63,48.3822,2.193,315370.0,315370.0
002550.SZ,20260413,3.2615,0.7,23.0539,3.6009,990565.2,728519.8993
600834.SH,20260413,1.4753,0.97,72.6324,2.2651,393840.0716,393840.0716
920665.BJ,20260413,2.1409,0.48,43.2794,1.9469,140649.18,69325.5448
600768.SH,20260413,13.8712,2.12,37.8275,5.1576,221619.1104,221619.1104
300051.SZ,20260413,15.691,1.77,,31.409,507060.1115,501142.4084
002028.SZ,20260413,2.8673,1.49,49.5287,10.1054,15664696.0147,12222900.6145
002965.SZ,20260413,3.193,1.21,32.579,1.9006,810736.9967,609233.0155
300635.SZ,20260413,5.2126,1.03,,5.3386,200920.09,172794.4157
300643.SZ,20260413,5.2687,1.62,25.1425,3.2994,417412.6505,416685.8059
300207.SZ,20260413,15.4532,1.93,32.1802,2.1522,5346556.3187,4959844.8713
601995.SH,20260413,1.4861,1.01,16.4729,1.6135,16127865.196,9767555.292
603019.SH,20260413,5.7405,2.07,61.7735,5.8459,13020267.3618,13016628.3827
601288.SH,20260413,0.989,0.94,7.9847,0.8398,232388734.4917,211978155.9559
600612.SH,20260413,0.9173,1.05,12.3852,1.6484,2173554.3094,1317590.5127
002248.SZ,20260413,3.0442,0.78,172.3681,40.6148,386829.4648,386829.4648
300376.SZ,20260413,3.0725,1.38,182.1645,2.1076,1410913.7285,1410425.55
600686.SH,20260413,6.2162,0.97,35.0622,3.5481,1152295.1991,1152295.1991
000623.SZ,20260413,1.1901,1.11,8.495,0.7191,2181313.1859,2172426.6688
300045.SZ,20260413,2.7449,0.91,,9.0413,1451921.4421,1131242.1686
000518.SZ,20260413,1.9836,1.19,,8.6605,310925.979,310919.7793
600167.SH,20260413,0.8869,0.55,21.292,1.363,1477634.8223,1477634.8223
603299.SH,20260413,2.1983,0.88,20.7443,1.366,1085913.005,884423.2043
002108.SZ,20260413,5.555,1.36,52.1685,1.6223,814407.5138,813864.1138
300079.SZ,20260413,1.5395,0.74,285.1478,1.8054,761498.9851,684310.1363
600025.SH,20260413,0.9104,0.78,20.4903,2.5682,17643646.2614,17046000.0
688132.SH,20260413,1.5912,0.99,,2.0522,253911.6403,253911.6403
688259.SH,20260413,2.7917,1.22,52.2008,2.6637,413736.8,413736.8
301316.SZ,20260413,3.3674,0.75,173.2665,15.9723,1758612.0,1741243.53
601116.SH,20260413,2.2692,0.63,55.7097,2.3555,757439.2272,757439.2272
605016.SH,20260413,6.23,1.28,28.6176,5.6041,1166794.225,1166794.225
600148.SH,20260413,2.3966,1.17,272.9698,5.4357,258126.0048,258126.0048
002352.SZ,20260413,0.8118,1.07,16.7585,1.8768,18630774.2221,17634734.2864
688312.SH,20260413,14.01,1.1,68.3744,6.119,932935.7824,932935.7824
300577.SZ,20260413,0.8928,0.94,13.3503,2.1052,451371.8169,267554.1367
000912.SZ,20260413,9.6664,0.98,254.5327,1.2749,809088.0,809088.0
600094.SH,20260413,2.0601,0.69,,1.0043,1029952.8699,941919.8679
002778.SZ,20260413,4.9323,1.14,,8.0618,254621.4853,251918.0583
300894.SZ,20260413,2.0014,0.87,,3.752,405875.8129,293777.2237
601369.SH,20260413,1.6956,1.21,17.7399,2.0051,1761390.9308,1743747.9404
002518.SZ,20260413,6.6299,1.91,57.3705,5.9565,2771973.6725,2690633.5111
600597.SH,20260413,0.6939,0.8,,1.1169,1025584.4797,1025570.7901
603515.SH,20260413,1.7277,0.78,16.4676,2.1245,1413581.519,1400495.9872
603105.SH,20260413,7.4111,0.95,27.7211,2.5186,537011.7109,537011.7109
603132.SH,20260413,9.3132,1.59,34.7362,5.8765,1883628.0,1883628.0
002913.SZ,20260413,7.8584,1.13,46.1648,3.7337,1647735.7368,1566340.2855
600956.SH,20260413,7.8113,1.11,20.2861,1.5436,3704921.0129,1927780.8038
601818.SH,20260413,0.5645,0.64,4.8546,0.3818,18848290.7885,14803774.164
600926.SH,20260413,0.356,0.59,6.5443,0.9351,12453786.3775,12453786.3775
002166.SZ,20260413,2.878,0.98,46.375,2.1029,663740.4354,661033.9554
920047.BJ,20260413,6.1119,1.15,,32.971,915519.8492,601195.2533
000529.SZ,20260413,1.4422,0.7,32.3292,1.0591,335679.4398,327683.5168
300559.SZ,20260413,7.2165,0.93,155.2081,4.4584,539344.6655,420034.7246
603189.SH,20260413,4.9013,0.42,801.6282,3.0547,460388.5801,460388.5801
688426.SH,20260413,3.133,0.96,,1.6676,225999.8754,77200.9841
001389.SZ,20260413,8.5506,1.32,61.3973,9.1934,6236669.7492,2005679.7816
600841.SH,20260413,15.1992,1.75,4.5181,2.0335,1297613.368,975227.8925
300968.SZ,20260413,1.8015,0.77,196.0577,2.6015,493575.72,493575.72
300634.SZ,20260413,6.8122,1.27,40.4249,3.8974,1174953.1836,1130848.194
300295.SZ,20260413,3.6116,1.02,,1.6132,181839.5517,160657.3266
688370.SH,20260413,1.1838,0.71,141.0816,1.2774,337970.9217,337970.9217
301106.SZ,20260413,3.7816,0.94,30.1412,2.2653,289801.9017,289801.9017
300126.SZ,20260413,2.6367,0.98,,2.3407,237694.8432,164730.4145
920578.BJ,20260413,1.7408,0.7,,5.3814,142404.0786,42826.0
301093.SZ,20260413,14.8544,3.03,242.778,5.6569,1229705.9621,1175278.6586
600827.SH,20260413,0.8704,1.12,62.5404,0.7656,1518327.0676,1365386.8819
300718.SZ,20260413,4.0282,1.26,87.2277,12.9002,2160769.945,1401865.5827
600330.SH,20260413,18.6644,1.26,1108.6188,3.0178,2419998.3242,2419998.3242
300378.SZ,20260413,3.5293,0.77,66.0918,4.5895,1080504.7316,1072381.6031
000708.SZ,20260413,1.232,0.7,14.4723,1.9909,8580168.9077,8580130.6577
603501.SH,20260413,1.5386,0.81,29.563,3.6592,11959465.3745,11478287.5232
603399.SH,20260413,11.8661,1.2,,3.6882,611675.0349,611675.0349
301616.SZ,20260413,4.1873,1.37,20.1099,2.812,401520.0,142548.589
603288.SH,20260413,0.8077,0.59,34.0793,6.061,23986630.4455,22792901.6299
600276.SH,20260413,2.0474,1.5,47.5128,5.9795,36637343.3045,35212092.5525
605333.SH,20260413,1.2116,0.5,18.8094,3.6166,1235275.5608,1162697.9276
002035.SZ,20260413,4.4258,0.51,11.9773,1.3753,523002.2823,482517.2405
605081.SH,20260413,4.474,1.14,,0.7997,71345.6554,71345.6554
301317.SZ,20260413,19.5082,1.79,23.4941,6.9176,930564.8,309004.6594
301306.SZ,20260413,22.7191,1.17,,14.6648,1342297.6,927203.2
688348.SH,20260413,4.8928,0.84,,2.4637,844835.8136,844835.8136
002114.SZ,20260413,2.4328,0.68,,3.3247,281030.487,281026.6252
688590.SH,20260413,4.8481,0.78,,2.4422,395813.1607,395813.1607
002301.SZ,20260413,2.2131,1.14,110.3109,1.5941,492653.3182,490387.3223
603639.SH,20260413,4.4222,1.13,24.35,1.3334,470976.1739,457816.1186
600130.SH,20260413,2.9212,0.98,647.057,3.5326,339750.0,339750.0
605377.SH,20260413,2.7466,1.03,20.0515,1.3931,534960.1275,534960.1275
300094.SZ,20260413,2.5243,0.69,,3.463,356500.8519,349343.4981
300862.SZ,20260413,3.3843,1.06,,2.0778,413544.1005,339295.0557
000692.SZ,20260413,4.5063,0.67,,,229651.0127,229651.0127
600299.SH,20260413,9.4667,1.12,40.4935,2.3723,4675104.9121,4071126.1324
688408.SH,20260413,7.6209,2.54,,2.0882,856985.746,856985.746
300596.SZ,20260413,2.2122,1.02,20.2795,2.1465,1023185.2362,993887.5887
920092.BJ,20260413,3.1246,0.5,,5.3249,188101.491,99848.7626
920185.BJ,20260413,2.1763,1.12,37.8048,2.6903,3399774.7188,3338409.8655
688529.SH,20260413,0.9055,0.76,,2.631,298680.4925,298680.4925
688616.SH,20260413,2.6543,0.87,23.0498,2.6897,239290.6055,239290.6055
603289.SH,20260413,7.6335,0.87,33.9685,2.4392,355295.7587,355295.7587
000029.SZ,20260413,1.6079,1.03,201.0041,5.562,2009156.76,1770836.76
002016.SZ,20260413,2.6731,0.78,34.174,0.9594,470084.5622,470084.5622
300760.SZ,20260413,1.0199,0.73,23.5372,5.0269,19149299.3768,19132840.2757
301603.SZ,20260413,7.9734,1.73,26.3712,3.9072,904492.4,282616.425
301216.SZ,20260413,7.0937,1.21,,2.7814,1685474.1442,1592902.3016
601899.SH,20260413,1.2159,0.76,17.2864,4.8658,89504345.4177,69345635.7092
002887.SZ,20260413,3.0438,0.66,29.5939,1.5324,350967.8242,249164.1187
002392.SZ,20260413,2.3638,1.6,21.5252,1.4814,863105.8583,829314.0027
300573.SZ,20260413,1.4478,0.62,25.8554,8.9037,1670792.1931,1285022.4649
002713.SZ,20260413,8.6027,1.33,,,1351946.7665,748157.6809
000753.SZ,20260413,6.9385,0.99,120.3147,2.4718,676190.0904,676190.0904
603569.SH,20260413,1.9003,0.85,61.6287,1.4652,412195.4524,412195.4524
002291.SZ,20260413,2.2368,0.61,,1.9994,603159.0777,560585.7992
300721.SZ,20260413,3.6649,0.67,,2.0826,235071.4498,197289.48
002167.SZ,20260413,3.4555,0.98,38.2758,5.6141,983060.4177,961143.091
920641.BJ,20260413,4.5272,0.8,154.238,3.9344,136711.575,82712.7809
001368.SZ,20260413,12.0618,2.27,30.3698,2.1554,298366.6302,283621.2905
300169.SZ,20260413,1.8821,0.68,,,193634.698,179231.0545
603721.SH,20260413,2.5883,1.41,,5.9577,274040.0,274040.0
300171.SZ,20260413,1.3297,0.88,64.5708,1.4221,1116577.2823,820354.4236
301203.SZ,20260413,3.5733,1.47,25.0103,2.3677,322320.0,176641.4325
301087.SZ,20260413,4.9673,2.0,29.6811,2.387,1102976.16,1024531.3056
300959.SZ,20260413,5.5978,0.79,293.5504,5.6054,628797.6672,409627.2335
688661.SH,20260413,6.4972,1.0,425.4537,10.3235,1267503.908,1267503.908
600166.SH,20260413,16.5428,3.43,38.1821,1.8914,2905685.9347,2905685.9347
002955.SZ,20260413,1.7387,0.83,117.3016,1.8687,607218.0142,502029.8222
301097.SZ,20260413,2.5805,0.68,248.8846,2.7394,323738.9451,158945.9931
601838.SH,20260413,0.7263,0.8,5.4856,0.861,7302824.1184,7302824.1184
002456.SZ,20260413,3.4964,1.34,759.8416,7.8972,3163540.9742,3121324.6993
000802.SZ,20260413,1.4303,0.93,,3.5822,279201.0995,279031.4495
301225.SZ,20260413,5.2015,0.62,83.3074,7.5354,1155788.4,334080.76
301170.SZ,20260413,2.8259,0.77,25.6541,1.6316,288200.0,96764.3749
002207.SZ,20260413,23.9303,1.02,,60.6587,214885.41,213865.758
600784.SH,20260413,1.1489,0.66,23.0506,1.4746,481064.4212,481064.4212
601996.SH,20260413,6.195,0.79,,1.1794,292558.6626,292558.6626
001212.SZ,20260413,4.3929,1.28,,5.1189,979879.1266,847686.3782
688296.SH,20260413,2.2983,0.79,,2.4446,146742.1776,146054.6976
002673.SZ,20260413,1.1658,0.94,18.6567,1.0855,3271733.8081,3271733.8081
603926.SH,20260413,4.3942,1.29,41.3696,2.4364,420846.8835,413893.6295
002448.SZ,20260413,3.87,1.15,29.9706,2.3865,889675.3848,688772.5624
300347.SZ,20260413,1.789,0.74,54.3638,2.303,4826912.0363,3174196.8388
600370.SH,20260413,11.1471,0.82,,1.9166,1016612.7147,1016612.7147
603690.SH,20260413,2.1324,0.76,,1.925,965452.8743,965452.8743
600783.SH,20260413,6.0509,1.25,87.7698,3.1985,1514771.1633,1514771.1633
301085.SZ,20260413,12.3774,1.11,,5.0296,539657.9228,366372.1235
688261.SH,20260413,5.0579,0.93,203.7709,3.0402,897739.1169,894235.4178
920779.BJ,20260413,11.1787,1.37,44.7,5.7199,280741.9683,70236.4062
688508.SH,20260413,8.8997,3.85,45.7999,3.1304,853254.6283,853254.6283
002903.SZ,20260413,14.8573,1.1,1637.0139,6.1557,499709.922,340085.0022
300952.SZ,20260413,4.1649,1.0,59.7959,3.6871,624591.5894,379229.7769
000948.SZ,20260413,1.1452,0.71,121.4414,2.2068,592630.9365,591475.0023
603889.SH,20260413,13.9704,5.2,13.6111,1.7663,653490.9115,648625.3335
002438.SZ,20260413,2.1742,0.96,28.5942,2.3479,861798.6088,796159.3726
301155.SZ,20260413,5.4252,1.07,43.5702,2.4695,1420218.5258,805840.2975
300786.SZ,20260413,3.869,0.92,,2.478,275103.7391,218774.1424
601112.SH,20260413,13.8172,2.17,48.1123,5.4773,3531203.3586,359640.0593
301166.SZ,20260413,2.5831,0.65,,1.3011,263640.0041,173146.5881
920128.BJ,20260413,1.3824,0.89,102.0595,3.8893,200782.87,94555.155
920970.BJ,20260413,12.5229,1.35,,3.0571,80884.584,51152.049
601997.SH,20260413,0.7972,0.88,4.0939,0.331,2091345.2995,2091345.2995
600201.SH,20260413,2.6989,0.92,159.7715,2.9436,1609810.852,1609810.852
002399.SZ,20260413,1.108,0.76,46.5607,1.3525,1627231.4902,1383146.6897
000630.SZ,20260413,3.5499,1.19,45.177,2.3565,8354100.7507,6942096.1334
002899.SZ,20260413,4.9928,1.01,64.9606,2.7064,471324.5565,471324.5565
002780.SZ,20260413,3.3534,1.06,,3.2553,246719.6758,194932.4244
000999.SZ,20260413,1.8798,0.78,13.3147,2.0544,4554964.2773,4550793.4862
688160.SH,20260413,4.4269,0.94,133.0884,7.4442,964638.0277,964638.0277
600713.SH,20260413,26.5462,2.19,12.2754,1.0685,767011.2675,755824.5416
002213.SZ,20260413,25.7736,1.09,,15.0988,822172.793,715100.6248
603071.SH,20260413,1.5854,0.71,11.3348,1.3359,745985.089,745985.089
000531.SZ,20260413,4.297,0.91,22.825,1.0235,690449.0831,603161.2585
920169.BJ,20260413,6.1971,1.3,78.4096,7.0236,236501.8634,148700.9752
301578.SZ,20260413,1.9544,0.64,75.9802,2.9315,272894.5745,77595.9951
300111.SZ,20260413,2.7143,0.57,800.9248,7.3941,508448.232,508448.232
300607.SZ,20260413,1.9398,0.84,167.8096,4.3211,1239651.2988,877160.8366
002011.SZ,20260413,1.2525,0.74,10.9899,1.9956,1279940.4725,1261935.1334
601998.SH,20260413,0.6887,0.89,6.4535,0.6296,45573387.8942,33384896.4161
002413.SZ,20260413,5.078,0.57,,5.1349,1727017.009,1695718.5206
300145.SZ,20260413,11.9442,1.69,38.552,3.2855,965881.7441,961146.8351
605089.SH,20260413,8.3987,2.12,47.4933,2.8144,345276.0,345276.0
000530.SZ,20260413,4.6395,1.71,46.9098,1.5633,497495.3791,354024.4632
300950.SZ,20260413,2.0387,0.84,46.3712,4.1146,328330.86,195115.1524
002674.SZ,20260413,2.9565,1.83,55.294,1.6483,395742.714,391742.73
300777.SZ,20260413,2.3639,0.97,39.7261,3.6856,1648463.5562,1588133.6135
301519.SZ,20260413,3.3736,0.71,,1.6133,228239.7451,106573.0001
301060.SZ,20260413,2.7052,0.93,,2.4801,391305.109,351900.3122
688432.SH,20260413,2.6604,0.82,85.253,3.9466,1784180.7514,1784180.7514
920181.BJ,20260413,56.0366,,29.8944,3.5631,263304.0,61071.9
000990.SZ,20260413,9.6243,0.75,113.1037,0.7323,1308810.8252,1308809.8559
301198.SZ,20260413,3.8819,1.01,,2.624,239811.0,220731.6368
920718.BJ,20260413,1.0465,0.72,29.9483,2.0139,116778.7096,55525.8629
600676.SH,20260413,1.7552,0.92,,1.6118,778569.1586,778569.1586
300686.SZ,20260413,12.7808,0.84,,5.1323,483197.3039,315038.8772
688055.SH,20260413,4.1284,0.66,,3.4317,1400000.028,1400000.028
002119.SZ,20260413,6.9173,0.58,69.0826,5.8627,804608.896,804608.896
000652.SZ,20260413,1.3498,0.45,129.8589,1.0593,606460.8532,606004.0295
300231.SZ,20260413,4.1399,0.56,,2.8427,462066.6856,462042.958
688247.SH,20260413,1.4253,0.72,87.3405,3.3051,427499.62,427499.62
605488.SH,20260413,4.9564,1.4,77.8546,4.6737,1040885.4777,952361.2705
300412.SZ,20260413,2.6838,0.71,82.3912,2.498,257837.938,242352.3326
301622.SZ,20260413,3.8242,1.26,46.6485,4.8506,757035.1764,410213.1438
301196.SZ,20260413,14.6071,1.11,52.2797,4.2811,1385343.3625,906085.6096
300026.SZ,20260413,1.9404,0.59,,1.2207,1054458.3478,961223.4958
002973.SZ,20260413,0.8347,0.74,26.3197,2.0573,518188.1076,402784.1029
688210.SH,20260413,4.1522,1.32,,5.8948,760898.3457,760898.3457
300932.SZ,20260413,6.2719,0.98,59.8039,2.4619,434381.1253,309387.5839
688807.SH,20260413,25.341,1.68,266.0008,13.2745,2344160.0,440574.7921
300586.SZ,20260413,5.857,1.73,,3.8139,702682.0453,528181.3104
688107.SH,20260413,5.6135,1.02,,12.2738,1158053.8213,1158053.8213
002767.SZ,20260413,2.8597,0.87,85.7273,3.7805,321750.0,279275.8275
603863.SH,20260413,8.2847,0.67,,11.3081,411755.8,411755.8
002139.SZ,20260413,1.2218,1.08,42.4552,2.2125,1544828.5501,1327080.3204
688297.SH,20260413,4.5195,1.55,377.6043,5.8412,3344625.0,3344625.0
300503.SZ,20260413,9.572,1.46,136.2856,12.5346,1685075.8336,1317410.8662
600981.SH,20260413,2.1722,0.78,40.8094,1.3265,672729.9576,672729.9576
300888.SZ,20260413,1.1359,0.69,21.7797,1.6573,1904218.4722,1902151.7014
600176.SH,20260413,5.7432,1.28,39.1241,4.1339,12854072.0336,12854072.0336
600637.SH,20260413,1.4272,0.74,65.4482,1.0776,3217338.1249,3217338.1249
300857.SZ,20260413,10.0026,1.87,61.8294,16.3964,7199311.9952,7154998.6352
600032.SH,20260413,18.9947,2.16,43.9219,1.8182,2354177.1422,2354177.1422
300138.SZ,20260413,1.4895,0.69,15.6768,1.7063,578270.8113,476781.0105
300868.SZ,20260413,14.2585,1.51,,5.7596,868794.08,547883.4093
688078.SH,20260413,1.5071,0.83,,2.6205,176911.311,176911.311
920017.BJ,20260413,1.4971,0.44,20.0273,1.2983,212214.876,209966.456
920627.BJ,20260413,8.1265,1.41,70.7566,4.0872,189372.25,93869.0875
301395.SZ,20260413,12.8237,2.53,61.0399,2.0704,319348.326,180721.026
002230.SZ,20260413,1.4914,0.88,131.9412,6.261,11046007.3216,10460238.4733
300984.SZ,20260413,4.1302,0.98,170.0351,6.8905,716174.8766,513836.4942
002387.SZ,20260413,1.2184,0.8,,2.7931,1121627.2225,1120182.0634
603918.SH,20260413,1.7251,0.72,,4.969,497276.4504,497276.4504
001229.SZ,20260413,7.4703,1.52,52.7666,3.5459,359194.959,184694.0886
002540.SZ,20260413,1.3494,0.8,20.9974,1.5753,854531.0071,596968.053
600186.SH,20260413,10.4114,0.89,42.9749,6.969,1328438.599,1319193.6236
300737.SZ,20260413,3.1652,1.03,,1.5598,702611.9874,561402.9253
600708.SH,20260413,1.8656,1.03,,0.8217,751050.5824,749918.6088
003012.SZ,20260413,1.4826,0.95,19.5423,0.946,720799.2614,713029.8895
002941.SZ,20260413,2.1142,0.66,19.212,2.4021,1128925.0631,1128925.0631
000063.SZ,20260413,2.9982,0.93,30.4157,2.2654,17086786.6164,14386663.0407
600918.SH,20260413,0.7646,0.85,33.6663,1.0882,4830188.0076,2394766.8646
600520.SH,20260413,3.2487,1.36,503.8168,9.8303,384984.9,384984.9
600483.SH,20260413,3.1559,1.32,9.295,1.0657,2796818.6268,2796818.6268
688480.SH,20260413,7.8034,0.86,74.0955,7.0907,814943.5043,814943.5043
920701.BJ,20260413,1.3457,0.76,29.692,2.4996,211699.6,154619.7713
301533.SZ,20260413,2.3587,0.75,56.5391,2.7835,315269.5869,91196.4969
600528.SH,20260413,2.3111,0.46,12.938,0.7017,1768355.064,1768355.064
600903.SH,20260413,1.7987,0.87,,2.4298,727955.9553,727955.9553
301298.SZ,20260413,2.0983,0.77,35.3081,2.5137,238550.0,175797.7683
605056.SH,20260413,10.9068,0.95,44.2004,6.8524,1124193.7272,1107717.7272
001337.SZ,20260413,5.1876,0.64,44.1347,11.2417,2055900.0,2055900.0
300645.SZ,20260413,3.1731,0.99,278.6911,2.368,244707.4188,239909.8046
600572.SH,20260413,1.9795,0.86,16.0401,1.5605,1103549.3863,1100616.6803
300386.SZ,20260413,2.6834,0.9,,4.0704,599893.14,359837.2321
600233.SH,20260413,1.4844,1.44,17.2227,2.0432,6818032.8181,6818032.8181
603319.SH,20260413,5.4048,1.6,76.5881,4.6674,1152091.4562,1152091.4562
603110.SH,20260413,3.6325,0.6,734.7901,4.701,327194.6662,327194.6662
600667.SH,20260413,6.0108,0.71,34.2994,2.3219,2009972.0331,2009972.0331
920278.BJ,20260413,2.1684,0.64,70.8578,3.492,134016.0,56868.864
688416.SH,20260413,5.8435,1.01,,5.0573,642049.0044,642049.0044
002218.SZ,20260413,9.6927,0.63,,2.0153,812589.186,800690.1189
603178.SH,20260413,1.7954,1.02,,3.0502,370457.4175,370457.4175
920493.BJ,20260413,3.5149,0.64,708.3242,19.4228,865428.1161,634785.7173
600731.SH,20260413,2.4693,0.95,15.5251,1.1924,378268.6156,366719.1642
603600.SH,20260413,7.1382,3.17,13.752,1.5789,361493.888,328241.6092
301273.SZ,20260413,4.3229,0.88,,2.4083,221946.2716,170347.1454
002771.SZ,20260413,14.1277,1.54,,5.8281,352823.2162,293533.6497
920427.BJ,20260413,1.7123,0.49,,3.9661,123507.81,60987.8008
600594.SH,20260413,20.0598,0.77,,1.4565,350031.9108,350031.9108
603993.SH,20260413,2.3671,0.7,19.8388,4.8947,40349668.9919,32931148.3439
301037.SZ,20260413,4.223,0.83,,3.2056,203403.3566,99480.7595
600060.SH,20260413,1.2466,0.84,11.9436,1.3786,2930967.6825,2920178.9474
603156.SH,20260413,1.09,0.94,23.7044,4.2511,3821161.5801,3821161.5801
601598.SH,20260413,1.8535,0.68,11.0055,1.072,4426204.5071,3182159.1301
300275.SZ,20260413,1.0231,0.71,70.0699,3.6264,342501.6356,301865.1357
920608.BJ,20260413,0.7108,0.96,30.2937,2.1454,103007.2,79802.2596
301630.SZ,20260413,25.8939,0.97,72.0405,5.8541,979960.0,244990.0
301500.SZ,20260413,21.6698,1.32,44.407,2.673,1275631.0468,326995.0164
300598.SZ,20260413,1.4744,0.76,,5.4507,808473.967,808247.5529
600577.SH,20260413,2.099,0.82,44.2682,4.4072,2652298.9526,2652298.9526
688798.SH,20260413,1.8996,1.22,49.2496,3.7206,1561262.4753,909072.4783
920260.BJ,20260413,3.6239,0.81,24.6965,2.3176,103964.2,99274.3242
601003.SH,20260413,2.3339,0.78,22.6434,1.297,1209107.7929,1176322.0788
601001.SH,20260413,1.812,0.64,14.2031,1.461,2746541.7,2746541.7
300832.SZ,20260413,1.0152,0.92,21.5711,4.0693,3558520.3773,3093860.7291
688676.SH,20260413,5.7816,1.01,58.0431,7.5972,3828164.6147,3828164.6147
300613.SZ,20260413,3.8996,1.05,71.6957,3.6869,1039240.712,980293.476
601022.SH,20260413,3.0585,0.82,17.5261,1.8695,1146362.8006,1146362.8006
600883.SH,20260413,2.9913,0.76,51.905,1.904,186745.608,186745.608
001390.SZ,20260413,2.2596,0.54,26.2804,2.8072,445600.0,111400.0
600368.SH,20260413,0.7745,0.54,9.6559,0.8623,618107.0815,618107.0815
003023.SZ,20260413,9.6965,1.11,33.2074,1.7558,271781.328,271163.4541
920476.BJ,20260413,1.9488,0.84,40.72,3.8204,171552.1172,162388.7858
300165.SZ,20260413,5.0572,0.44,,2.0332,259648.1439,220360.1718
002868.SZ,20260413,1.3419,1.12,,98.3969,621663.348,428010.016
002527.SZ,20260413,1.0796,0.79,,7.3069,914361.5203,729877.5723
002133.SZ,20260413,2.7717,0.87,,0.8995,260886.587,259446.2577
920395.BJ,20260413,0.8966,1.01,35.651,6.1266,146634.8615,100658.565
001338.SZ,20260413,3.2219,0.73,20.5745,1.8384,684360.8576,684360.8576
002457.SZ,20260413,2.8608,0.88,17.8574,1.4888,367168.9668,366987.1355
000510.SZ,20260413,6.4593,0.79,,7.6238,941036.7476,880270.6495
601231.SH,20260413,10.4503,1.26,48.1833,3.9595,8930474.7816,8930474.7816
600207.SH,20260413,7.3445,0.54,,2.5871,618729.5307,618729.5307
600226.SH,20260413,2.9794,0.93,82.0302,4.3295,1564524.5238,1564524.5238
688161.SH,20260413,2.6663,0.77,45.86,2.9726,1232000.0,1232000.0
301381.SZ,20260413,6.2951,2.42,36.9482,3.1711,844034.5544,408919.4744
000069.SZ,20260413,1.3028,1.17,,0.5054,1800457.8039,1545286.7989
601360.SH,20260413,2.086,0.73,,2.604,7643517.2039,7643517.2039
600109.SH,20260413,1.1874,1.11,12.8501,0.9129,3182908.4577,3182908.4577
001203.SZ,20260413,8.3738,1.54,96.1584,9.7975,6541654.2161,5572591.5786
000955.SZ,20260413,2.4798,0.92,,4.1688,270274.29,270131.9605
600527.SH,20260413,17.4609,1.4,174.2206,2.3567,486624.8135,486624.8135
002719.SZ,20260413,4.3154,0.7,,7.757,149063.3752,138553.0973
688772.SH,20260413,3.8527,0.83,38.6232,2.4883,1821686.7977,1821686.7977
301696.SZ,20260413,70.9512,,112.4936,23.1223,4740118.5,356487.7449
301209.SZ,20260413,1.8303,0.69,166.3013,13.0204,993888.0,849090.942
000008.SZ,20260413,4.571,0.39,,2.5392,744287.4851,744265.3648
300134.SZ,20260413,3.7748,0.48,,2.1517,819687.8704,760862.4304
301138.SZ,20260413,3.3229,0.87,38.7247,4.0992,457080.0,261145.5733
603323.SH,20260413,0.8042,0.71,4.7228,0.5085,964862.8069,964862.8069
002850.SZ,20260413,3.022,0.97,28.9032,3.8469,5098618.7573,3680966.6052
002777.SZ,20260413,2.034,0.86,87.2568,3.9756,670723.5954,664612.3797
600211.SH,20260413,2.1385,0.96,14.1446,3.4927,1326665.8107,1326665.8107
688345.SH,20260413,23.262,0.92,96.3901,4.8022,538621.0875,532500.0
002388.SZ,20260413,3.2314,1.0,,2.6287,257391.5904,255136.6415
688788.SH,20260413,2.1517,0.75,,4.955,907204.7015,907204.7015
002256.SZ,20260413,9.1923,1.16,185.6202,6.6471,789602.1321,772633.0446
002896.SZ,20260413,4.2759,0.91,200.0792,12.1909,1457019.0754,1457019.0754
000767.SZ,20260413,12.6443,1.33,17.5132,1.8248,1144622.5055,1083355.6742
600123.SH,20260413,3.8922,0.85,438.3945,0.5937,938453.8934,938453.8934
000631.SZ,20260413,4.8995,0.7,131.4238,1.4239,775100.0286,775100.0286
300602.SZ,20260413,8.0741,1.45,53.0906,4.9662,1971353.3042,1339628.3217
002097.SZ,20260413,1.4625,0.61,79.8645,2.294,1076766.4985,1074844.5373
603669.SH,20260413,4.9752,0.45,,4.8202,325282.0073,325282.0073
300826.SZ,20260413,3.5244,1.43,190.4922,2.0047,296242.2926,284893.7918
688598.SH,20260413,1.8293,0.95,,1.2367,479701.4711,470463.2486
688266.SH,20260413,1.8792,1.19,,24.4459,2641258.2799,2641258.2799
603195.SH,20260413,0.6374,1.11,18.5568,4.7291,7399773.739,7370119.0781
603200.SH,20260413,17.6352,2.71,95.8894,10.0712,1093241.0417,1093241.0417
920237.BJ,20260413,26.7659,3.0,46.9688,3.7185,194383.8,190704.8813
601366.SH,20260413,1.1738,0.64,254.5029,0.923,385815.9274,385815.9274
600588.SH,20260413,1.4472,0.75,,5.5717,4127732.8701,4127732.8701
002855.SZ,20260413,3.2831,0.86,,8.9664,293239.4216,293010.4061
002865.SZ,20260413,11.4131,1.26,,5.647,2275043.5741,1633768.7686
002012.SZ,20260413,5.5793,1.61,103.4144,2.1057,327805.4545,327805.4545
000785.SZ,20260413,1.6325,0.75,,0.7916,1519399.9106,1439012.8052
001328.SZ,20260413,4.721,2.0,31.5276,3.8648,564730.064,530431.432
603823.SH,20260413,2.1402,0.97,37.2764,2.572,624967.9237,624967.9237
002371.SZ,20260413,1.6769,0.77,54.4574,9.5022,34248341.106,34220966.724
601669.SH,20260413,2.0992,0.84,9.1595,0.6804,9784458.5017,7424626.6828
920212.BJ,20260413,1.7856,0.83,117.6558,2.9097,123394.3,60013.4319
301310.SZ,20260413,20.7733,2.01,60.3007,3.0268,691511.6842,254436.4262
002225.SZ,20260413,1.8473,0.81,59.7929,1.5524,639900.0091,537745.6184
002644.SZ,20260413,3.7654,0.66,88.5217,2.3768,435590.421,435590.421
300158.SZ,20260413,3.1617,0.58,,1.6685,603320.258,602945.3567
688017.SH,20260413,3.297,0.83,297.8978,10.5207,3721234.8773,3721234.8773
002626.SZ,20260413,0.8936,0.83,22.8369,2.4876,1100933.1353,1100797.7603
600816.SH,20260413,0.7805,0.82,398.5917,1.8157,2520178.753,1400099.3073
688670.SH,20260413,2.3469,0.69,,1.9488,214368.0,214368.0
301179.SZ,20260413,16.5324,0.71,72.7061,4.3426,1053481.7172,618701.6946
002909.SZ,20260413,7.8742,2.01,,2.87,247650.0,241551.9756
688638.SH,20260413,5.9629,0.87,,2.9312,238056.0,112485.8045
002043.SZ,20260413,1.3786,0.41,16.0649,3.4902,1159167.0086,1128110.0864
688563.SH,20260413,1.5173,0.95,50.4211,2.5962,2703600.0,702869.8699
000833.SZ,20260413,12.8735,1.14,39.4728,4.8104,1894518.206,1071644.1854
600833.SH,20260413,3.7349,0.96,44.2717,2.2015,255656.9537,255656.9537
603680.SH,20260413,1.5908,0.85,19.9736,1.8388,1007862.3344,1007862.3344
002188.SZ,20260413,19.2675,1.76,80.0626,6.5455,212290.4077,167028.5915
000778.SZ,20260413,2.5237,1.01,18.6618,0.6702,1767579.2991,1736510.0939
920027.BJ,20260413,3.4399,0.53,32.2689,3.1068,142091.079,75713.079
300593.SZ,20260413,2.948,0.86,,5.6299,1343768.7077,1115302.692
603530.SH,20260413,6.1382,0.97,66.6629,15.1971,2480891.2525,2456640.0562
688357.SH,20260413,1.666,0.85,35.434,2.0014,349108.9039,349108.9039
301389.SZ,20260413,9.666,0.94,152.2399,7.0962,1577677.5,470626.7466
002107.SZ,20260413,15.879,0.82,37.5304,6.0777,410973.2352,406832.5394
603833.SH,20260413,2.4804,1.84,12.7805,1.6865,3068302.9911,3068302.9911
600545.SH,20260413,21.8545,1.47,,2.3948,765226.431,765226.431
002676.SZ,20260413,5.3123,0.88,72.8084,3.9206,511200.0,511183.2859
600758.SH,20260413,16.8666,1.09,129.3941,0.9711,538061.0794,537542.5614
000524.SZ,20260413,4.8749,0.69,102.4526,3.1384,717793.4074,717535.019
000566.SZ,20260413,3.2789,0.63,,85.0371,695387.7075,695050.2993
920753.BJ,20260413,2.0342,1.4,44.985,3.6586,147911.7367,58837.2309
920088.BJ,20260413,31.4486,1.07,86.2649,7.0399,488972.968,180807.709
002320.SZ,20260413,2.5007,1.07,110.7694,4.7955,1917884.6003,1917884.6003
600499.SH,20260413,3.5132,1.2,26.9612,2.8023,3528855.7594,3528855.7594
002852.SZ,20260413,2.4063,0.79,14.5206,1.5103,339152.7487,281799.7466
301586.SZ,20260413,1.3034,0.77,55.5877,2.7979,357292.5159,227835.0631
600871.SH,20260413,9.9854,1.46,83.4426,5.9405,5497543.2916,3928633.5818
002067.SZ,20260413,1.7543,0.65,114.0096,1.0696,707929.8494,642049.8494
000963.SZ,20260413,1.6008,1.04,16.5665,2.5391,6125802.8101,6123274.7513
600715.SH,20260413,0.8564,0.75,,7.2297,811970.7,572474.4482
300650.SZ,20260413,7.2278,1.53,69.8577,2.6426,381416.2218,269145.6388
301370.SZ,20260413,1.1598,0.57,49.9567,1.9584,490835.8,337669.7491
688173.SH,20260413,2.5228,1.13,,4.0532,593954.1242,589938.561
002511.SZ,20260413,2.5662,1.15,41.7671,1.9323,1059975.3179,1042372.861
300061.SZ,20260413,1.812,0.69,,10.1877,533784.8784,503957.4611
603367.SH,20260413,4.3178,0.64,17.2289,1.1723,725764.8688,725764.8688
002966.SZ,20260413,0.519,0.82,6.8654,0.7485,3683825.4971,3622486.1238
000758.SZ,20260413,1.9082,0.79,24.5104,2.2477,1339566.0729,1329960.6064
920106.BJ,20260413,1.2091,0.71,25.7644,6.2875,363783.018,280613.5558
920225.BJ,20260413,4.1992,0.77,40.7432,4.6362,339127.2848,221193.9155
688379.SH,20260413,3.4939,1.12,24.3456,3.5475,466439.7131,442409.9887
000507.SZ,20260413,1.9412,0.57,16.4621,0.9074,496656.8433,487271.4057
000757.SZ,20260413,2.2831,0.67,54.5714,1.5993,254638.2934,254638.2934
000876.SZ,20260413,2.204,2.01,35.6361,1.5867,3849872.8276,3847503.0977
688087.SH,20260413,3.3918,1.41,25.7918,2.7327,776025.0452,744795.7145
002747.SZ,20260413,2.143,1.02,443.9561,6.2187,1996568.2085,1614100.7476
600300.SH,20260413,4.1028,1.43,16.967,1.5667,567616.9052,567616.9052
000609.SZ,20260413,5.47,1.38,,,272331.625,264863.0275
002705.SZ,20260413,5.8402,0.84,12.2461,1.4214,1226744.3036,1221044.2374
601368.SH,20260413,1.2747,0.46,44.3227,0.8774,422061.1308,422061.1308
603348.SH,20260413,3.1228,0.46,319.0103,1.4957,645936.1524,645936.1524
920046.BJ,20260413,10.975,0.83,159.3533,9.4837,239118.6,151478.7065
601919.SH,20260413,1.8024,1.43,7.4857,0.9984,23106845.5673,18947318.0018
300052.SZ,20260413,2.8446,1.03,,8.6792,328108.9636,328099.5661
301560.SZ,20260413,12.4952,0.91,58.6556,5.3748,521907.2,104381.44
688004.SH,20260413,2.4847,0.8,,3.0558,177715.272,177715.272
600624.SH,20260413,0.8883,0.98,,4.9903,310461.5525,310461.5525
300923.SZ,20260413,2.8196,0.69,43.2715,1.8838,213163.2,207382.572
600720.SH,20260413,0.7328,0.89,10.9284,0.9981,1590154.7265,699271.4913
300555.SZ,20260413,1.8048,0.97,,5.7699,274200.0,271437.2472
600989.SH,20260413,6.0726,1.12,19.4927,4.5722,22124747.12,22124747.12
600562.SH,20260413,5.9592,3.62,53.2396,5.2865,3375369.6091,3375369.6091
920706.BJ,20260413,8.0384,0.65,46.3515,3.8381,228240.9552,117749.5189
600511.SH,20260413,1.5534,0.94,10.8494,1.1681,2166178.1073,1588657.5833
920066.BJ,20260413,1.4734,0.87,47.9694,3.3779,135700.3308,42906.5108
002660.SZ,20260413,1.8697,0.56,,2.9885,306698.3763,294968.5706
600288.SH,20260413,1.2154,1.1,150.7762,3.4171,650395.2,650395.2
603122.SH,20260413,23.7965,0.5,,6.4493,682262.213,682262.213
600079.SH,20260413,0.9506,0.96,16.3281,1.6017,3029411.391,2864139.7971
920556.BJ,20260413,1.4186,0.56,54.0429,2.8387,149700.5056,109038.853
300996.SZ,20260413,4.331,0.5,62.8018,3.5275,464601.0469,388634.1422
301202.SZ,20260413,2.8203,0.68,58.8589,4.6886,539189.2,146972.54
300384.SZ,20260413,1.6862,0.84,18.4711,1.7379,480424.9411,331670.3995
603776.SH,20260413,1.5632,1.78,,1.4768,526426.0725,526426.0725
603538.SH,20260413,43.7314,0.96,106.5408,4.7167,1059885.0853,1039434.7614
002302.SZ,20260413,1.6887,0.8,,0.8971,715754.8904,715754.8904
688739.SH,20260413,0.7249,1.0,74.1712,1.0905,1020718.95,1020718.95
688523.SH,20260413,4.2028,0.77,559.8705,14.351,2403440.16,570119.6399
301219.SZ,20260413,4.9479,2.39,24.5979,2.2224,2014391.939,1975023.7333
920871.BJ,20260413,1.2811,0.47,101.9262,4.2242,111455.5054,61635.4707
002356.SZ,20260413,2.3179,0.69,114.8655,7.3884,458939.0824,458936.4574
300160.SZ,20260413,1.2645,0.57,20.1134,1.6027,419709.8366,413961.2177
600223.SH,20260413,0.9593,0.74,36.764,1.6307,690250.1982,690250.1982
002685.SZ,20260413,8.2829,1.16,62.7764,5.164,811190.966,811082.8344
688315.SH,20260413,1.5436,0.75,35.9543,2.2559,597247.0,597247.0
301656.SZ,20260413,2.9176,0.74,45.1793,5.6466,5220801.0656,442078.5959
603027.SH,20260413,3.272,1.26,30.0864,3.8507,1270468.5176,1190883.4448
603990.SH,20260413,4.2877,0.87,119.6712,5.6126,468612.5784,468612.5784
603666.SH,20260413,1.3572,0.87,,2.5222,533968.0312,533968.0312
001339.SZ,20260413,6.3832,1.0,93.4016,7.1977,1622101.6555,767835.7558
002006.SZ,20260413,1.4606,0.77,42.5528,3.8712,930430.2576,930430.2576
603353.SH,20260413,19.3206,0.81,890.6006,4.3343,707393.19,701270.07
002958.SZ,20260413,0.7035,0.68,5.5728,0.4455,1655575.7407,1620968.2605
603175.SH,20260413,7.8202,0.7,162.5521,12.9564,3760637.3072,378614.0453
002982.SZ,20260413,5.182,1.29,90.6197,1.7972,285081.1357,182517.8554
002300.SZ,20260413,6.9264,0.65,82.0978,3.6047,682605.3465,682568.7854
600657.SH,20260413,2.7298,1.33,,0.5627,898341.7574,898341.7574
002690.SZ,20260413,1.1181,0.71,22.0337,5.4134,1584483.1044,779009.6389
002244.SZ,20260413,1.4186,0.87,9.3243,1.0377,3083440.895,2661726.2707
300753.SZ,20260413,4.3977,0.72,,5.2219,355077.216,247630.5287
605155.SH,20260413,3.5256,1.09,26.6716,2.2108,297851.1417,290891.9745
300037.SZ,20260413,7.4738,1.55,43.4099,4.5178,4763352.9588,3413358.2736
002403.SZ,20260413,1.631,0.73,,2.2325,357670.508,312019.5267
001217.SZ,20260413,2.4375,0.71,133.0686,1.7431,391938.47,388056.549
000680.SZ,20260413,2.8928,1.24,14.4319,2.8312,1747666.143,1531600.5154
605318.SH,20260413,11.7468,0.92,,18.1932,1175817.8699,1175817.8699
603231.SH,20260413,2.7438,0.95,19.1363,1.7288,337159.4839,187134.3943
300967.SZ,20260413,10.9538,1.41,14.8682,4.2885,351508.4663,233862.0839
301328.SZ,20260413,4.5698,1.63,56.1142,2.8603,555731.9049,555725.0779
301027.SZ,20260413,7.8097,1.44,169.6304,3.4895,332367.0,267345.8313
300969.SZ,20260413,5.2589,0.95,73.9368,9.5903,1325356.7151,599786.2406
301039.SZ,20260413,1.9312,0.96,19.2283,1.1801,1737313.3373,1346400.2925
600371.SH,20260413,2.7755,0.52,125.3717,4.6127,253372.548,253372.548
300674.SZ,20260413,2.8104,0.92,33.2266,3.1444,1434868.2883,1432738.293
600704.SH,20260413,1.0821,0.79,7.1059,0.6677,2699355.9026,2699355.9026
300539.SZ,20260413,3.3029,0.7,141.9904,6.3331,749073.2496,608779.7342
000581.SZ,20260413,1.3944,0.65,13.151,1.0105,2017681.7413,1656800.5313
003002.SZ,20260413,2.3741,0.6,30.155,3.659,548800.0,501732.9226
603709.SH,20260413,4.2323,1.0,,4.0752,211053.2328,209432.918
002092.SZ,20260413,4.3182,0.87,,0.8123,1748263.174,1738493.2071
603661.SH,20260413,1.8225,0.53,15.6131,1.1595,430690.595,430690.595
601992.SH,20260413,2.0918,1.03,,0.466,1900643.2619,1483480.171
688550.SH,20260413,2.2737,0.78,22.7518,2.1774,707199.1738,707199.1738
920396.BJ,20260413,2.7249,0.61,52.6597,5.9228,215146.7641,152848.7752
001215.SZ,20260413,3.9012,1.17,66.3795,1.9875,371152.9037,369710.7277
300211.SZ,20260413,1.2331,0.9,,5.4347,251957.7404,246283.984
300071.SZ,20260413,3.7912,0.53,,34.1499,479050.515,469839.3804
000608.SZ,20260413,3.3204,1.25,,1.4331,297715.5837,295934.7409
002687.SZ,20260413,2.8077,0.71,41.1095,1.6338,243808.4942,199696.1732
300785.SZ,20260413,7.269,0.64,115.2821,5.182,978566.6508,602007.0165
600831.SH,20260413,2.9144,1.04,,1.7607,258784.7051,258784.7051
920060.BJ,20260413,3.4728,0.87,40.0854,4.6458,499922.8519,311782.2063
300817.SZ,20260413,7.5831,4.39,64.303,4.0592,413456.8666,237244.8132
300955.SZ,20260413,5.0854,0.82,,4.221,370440.0,370440.0
002060.SZ,20260413,2.5332,0.75,12.941,1.0159,1400388.6793,582929.8682
002877.SZ,20260413,2.6479,0.58,535.7792,2.6349,319547.6381,215982.1575
301600.SZ,20260413,2.261,0.98,61.0407,8.9361,1077219.191,332456.101
002250.SZ,20260413,2.4917,1.18,38.793,2.2795,1499188.7795,1491029.6095
000503.SZ,20260413,0.8555,0.62,,6.0551,760879.1707,760865.9617
002492.SZ,20260413,5.657,1.45,,1.9661,315900.0,310311.0855
301086.SZ,20260413,5.8153,1.12,167.4785,7.0518,1362420.0,716607.3822
688411.SH,20260413,4.3696,0.92,44.3155,8.8001,4205699.9657,3096007.0674
688095.SH,20260413,3.2732,1.01,240.4408,2.5225,661717.0323,661717.0323
300860.SZ,20260413,1.5183,0.65,155.827,1.4505,442105.3962,256692.0685
301510.SZ,20260413,1.7317,1.11,184.797,8.6091,1212830.32,846410.8763
000537.SZ,20260413,6.1908,1.01,22.8096,1.0339,2049550.7453,2049550.7453
600312.SH,20260413,7.224,3.0,23.6285,2.3526,2645996.5526,2645996.5526
002786.SZ,20260413,1.1593,0.57,,15.4824,355353.804,354278.304
000421.SZ,20260413,8.1767,2.36,74.5493,1.3077,358435.418,358360.8893
605108.SH,20260413,1.5447,0.81,91.5545,1.9216,429260.0,429260.0
605178.SH,20260413,8.2215,1.0,,6.216,759745.44,759745.44
600433.SH,20260413,2.6273,0.77,,1.4889,630100.5239,630100.5239
002368.SZ,20260413,1.9054,1.2,54.9283,2.3659,1227142.4021,1221626.1187
603458.SH,20260413,4.6977,0.72,,1.2819,333369.5957,333369.5957
600990.SH,20260413,3.6185,1.16,,3.5666,642662.7058,637829.1022
603517.SH,20260413,2.3086,1.21,114.5527,1.2371,789620.5226,789620.5226
600115.SH,20260413,2.0996,0.77,,7.6921,9762779.6081,7525034.4827
600589.SH,20260413,13.1595,1.25,380.4543,23.3817,1662830.2768,1655886.2768
603222.SH,20260413,10.5947,0.44,,3.8174,534017.1555,534017.1555
000937.SZ,20260413,1.8008,0.81,49.0431,1.0326,1968185.5955,1912402.2554
002838.SZ,20260413,3.18,1.46,69.8211,3.6234,1318944.3943,1159681.6631
688262.SH,20260413,3.6223,1.23,,5.9551,1170287.697,1170287.697
300733.SZ,20260413,2.0695,0.71,60.773,3.1718,542269.7207,400008.5841
002507.SZ,20260413,0.7121,0.65,18.555,1.6286,1425089.9996,1421212.2293
002333.SZ,20260413,2.8123,0.61,74.4164,1.9571,374583.264,369912.752
000534.SZ,20260413,10.9876,2.07,104.6429,14.972,2342904.0766,2298863.9728
300836.SZ,20260413,2.4796,0.92,92.9,9.7668,556855.1449,381221.0399
300348.SZ,20260413,6.7252,1.44,3526.5863,5.3497,1132209.3272,989993.5233
002210.SZ,20260413,1.7881,0.7,740.3528,7.2049,686598.0557,685314.2219
300381.SZ,20260413,2.2895,0.7,480.6719,1.2064,312315.0892,311220.7323
002748.SZ,20260413,3.0454,0.72,67.5883,2.1217,291360.0,291360.0
300918.SZ,20260413,3.4871,1.23,39.2533,1.9073,720735.424,720735.424
002395.SZ,20260413,7.0938,0.79,8.3327,3.1707,476607.393,476567.3767
300843.SZ,20260413,11.0702,0.75,97.1472,6.7422,1087007.7205,1065730.5443
300684.SZ,20260413,6.3498,1.41,49.8493,7.6398,1600277.7785,1091591.1
603667.SH,20260413,6.8497,0.96,277.1899,8.5145,2539616.21,2539616.21
688779.SH,20260413,2.6197,1.09,92.3834,3.1426,2106707.8032,2106707.8032
300267.SZ,20260413,7.0482,1.02,,1.8736,837417.5772,577491.1077
300553.SZ,20260413,3.9365,0.83,123.2324,5.3945,459079.6419,351042.2723
601933.SH,20260413,3.2806,1.85,,18.6507,3466664.1313,3466664.1313
920942.BJ,20260413,3.0924,0.86,71.916,3.0794,153563.0584,103703.1951
601658.SH,20260413,0.7889,1.01,6.8564,0.5933,59927431.6925,36191372.5019
002819.SZ,20260413,2.3303,0.58,,2.0189,811643.7609,636829.7695
688718.SH,20260413,4.4832,1.05,59.2791,3.4261,273315.6539,273315.6539
603306.SH,20260413,6.9227,0.97,132.0224,10.8007,3350633.0788,3350633.0788
002424.SZ,20260413,1.353,1.32,3197.631,2.1758,709979.9872,616312.9721
603328.SH,20260413,8.5169,0.8,27.5943,2.9781,1284995.6404,1284995.6404
603989.SH,20260413,3.4938,0.71,34.0749,2.0003,753693.9354,753693.9354
603194.SH,20260413,0.5899,0.79,15.3065,2.5891,1339741.0,527967.9163
600884.SH,20260413,7.8028,1.63,,1.5554,3412359.3132,2783861.4847
688325.SH,20260413,2.3538,0.59,105.3544,5.8298,1025571.1126,972309.0025
002237.SZ,20260413,2.1054,0.66,33.6607,1.6146,2146385.5824,1789726.368
300113.SZ,20260413,11.5657,0.84,53.8058,7.7414,1955682.5606,1483206.7754
601808.SH,20260413,5.5963,1.12,19.8975,1.6413,7644090.384,4742669.736
603488.SH,20260413,4.2509,0.9,,3.5242,317977.5892,317977.5892
603006.SH,20260413,3.2106,0.99,44.0763,2.4997,325953.9485,325953.9485
600797.SH,20260413,1.9368,0.73,543.3937,2.6841,937104.0494,937104.0494
300041.SZ,20260413,2.1957,0.68,39.2802,2.1008,607546.056,590878.6178
300678.SZ,20260413,1.6197,0.76,594.1489,9.9336,850332.2746,835444.6807
688180.SH,20260413,8.106,2.08,,7.0774,4267949.7937,3185900.5688
920242.BJ,20260413,1.1321,0.94,18.2934,2.3145,156066.8428,87846.8432
300528.SZ,20260413,7.9908,1.2,,16.1192,625236.3146,625236.3146
000691.SZ,20260413,1.8697,0.94,,8.6737,391318.335,260878.89
002551.SZ,20260413,2.2768,0.62,,1.1384,295077.6077,213304.166
301361.SZ,20260413,5.6177,0.89,43.9298,3.4596,423812.048,110907.492
000096.SZ,20260413,3.1015,0.76,46.1685,1.8351,528000.0,510848.0
300698.SZ,20260413,2.5276,0.69,109.9167,9.1307,470072.0,415859.168
688602.SH,20260413,1.861,0.9,,1.4588,396802.5,198331.467
600712.SH,20260413,1.6831,0.98,,4.2903,324069.9392,320495.7807
300167.SZ,20260413,1.9129,0.92,176.2413,82.7849,237907.514,219283.7758
600773.SH,20260413,7.8951,1.88,,4.2899,1842272.1706,1842272.1706
920790.BJ,20260413,7.8339,1.14,287.5601,6.9456,216843.4369,149242.2387
605398.SH,20260413,3.3585,0.65,657.9076,4.2753,440310.5216,440310.5216
603855.SH,20260413,1.2493,0.81,14.9359,3.1439,657808.939,653952.8425
002824.SZ,20260413,37.44,3.25,67.3815,3.7248,843294.651,596203.0894
603278.SH,20260413,2.5808,0.75,,1.8396,369100.1434,369100.1434
300246.SZ,20260413,6.54,1.14,,3.3985,389235.6864,310861.9758
300314.SZ,20260413,2.9531,0.7,42.181,2.9782,367200.0,183270.3462
688569.SH,20260413,1.5199,0.49,25.0799,1.4575,429549.4013,429549.4013
603325.SH,20260413,1.6791,1.07,13.1328,2.2261,590429.52,252272.016
600805.SH,20260413,1.4953,0.56,121.6172,1.0546,448421.3983,448095.1189
688246.SH,20260413,2.7583,0.86,,2.0184,262788.4922,262788.4922
603766.SH,20260413,1.4538,0.63,17.0845,3.2279,3074152.1495,3074152.1495
603408.SH,20260413,1.5042,0.9,12.2869,1.5925,533059.443,533059.443
000004.SZ,20260413,11.8224,1.23,,11.2503,41567.4085,39654.3592
601628.SH,20260413,0.7833,0.53,6.8828,1.7817,106049173.16,78129884.56
301042.SZ,20260413,1.5734,0.59,570.4425,6.0968,640899.1198,606863.4418
002350.SZ,20260413,8.874,1.04,117.7301,4.7281,780414.8141,763463.5668
600505.SH,20260413,5.435,0.68,298.5603,3.8434,468833.805,468833.805
688172.SH,20260413,2.1413,1.05,,3.0192,5539158.2164,3019342.2218
688449.SH,20260413,5.2602,0.9,147.4242,10.9974,2095760.0,1335838.0391
300750.SZ,20260413,1.6316,1.33,27.0002,5.7814,194944832.7003,181822112.1576
920056.BJ,20260413,1.2854,0.71,32.7356,3.367,180538.657,68164.977
300315.SZ,20260413,4.6118,1.34,,2.7149,1342975.0575,1281181.7179
000938.SZ,20260413,10.5613,1.68,57.9125,5.5822,8076865.5642,8076865.5642
001231.SZ,20260413,15.7939,3.37,38.1829,2.4951,246651.92,125476.822
301296.SZ,20260413,1.1222,0.76,26.261,1.2125,333881.774,333874.1105
002998.SZ,20260413,13.2435,2.04,45.846,1.7889,314364.9843,239654.3385
603227.SH,20260413,5.4548,0.82,21.7883,2.1254,1097413.3135,1097413.3135
603368.SH,20260413,0.9129,0.77,8.5803,0.8775,673273.2467,673273.2467
002292.SZ,20260413,1.7532,0.65,,3.9013,1151907.064,792919.7734
000736.SZ,20260413,2.3693,1.95,,3.1618,394467.9557,394467.9557
002480.SZ,20260413,1.2738,0.71,,4.8333,466116.214,465237.0753
603088.SH,20260413,22.0335,2.37,56.0878,5.9043,673702.2624,587186.1374
002995.SZ,20260413,14.7847,0.62,,4.826,428730.0237,271599.9745
300776.SZ,20260413,6.514,1.1,41.6639,5.7334,2163284.5545,1327028.8565
600293.SH,20260413,3.1141,0.91,,2.2586,380527.5751,380527.5751
301049.SZ,20260413,4.2914,0.8,,3.5335,211127.4682,95931.0442
300228.SZ,20260413,6.1502,1.48,23.3668,2.2757,563372.2927,527046.5182
002791.SZ,20260413,2.9621,0.81,,1.2539,676274.2598,416033.3798
688388.SH,20260413,9.233,1.41,356.7556,2.7091,2109313.9739,2109313.9739
300554.SZ,20260413,3.0127,0.84,,5.1485,256976.0483,177963.6285
605133.SH,20260413,5.2249,0.46,43.0346,2.1164,797126.2395,795290.9577
300091.SZ,20260413,2.1736,2.1,,20.84,863981.7004,497168.2321
601033.SH,20260413,1.1693,0.7,15.2589,1.2144,1313100.0,350160.0
301038.SZ,20260413,1.6919,0.68,63.741,5.1746,462444.84,462444.84
301239.SZ,20260413,5.2952,0.85,,2.7,573489.811,573489.811
300606.SZ,20260413,11.4684,0.6,,7.9464,536374.5214,456223.9822
301031.SZ,20260413,3.4404,1.02,46.4939,10.2142,1436884.7227,1001878.5531
300907.SZ,20260413,3.6076,0.86,40.6122,3.3893,270816.0,270816.0
000868.SZ,20260413,1.4392,1.03,,5.247,421842.116,329264.5719
300702.SZ,20260413,2.1325,0.65,42.1012,2.17,807307.0089,489901.6006
001319.SZ,20260413,3.8223,1.12,26.3014,2.6446,354631.2,205656.1881
000715.SZ,20260413,2.3744,0.77,27.0166,1.5321,308588.1692,277523.8986
603535.SH,20260413,1.5728,0.99,22.85,1.6261,428149.4809,428149.4809
300001.SZ,20260413,2.9885,0.8,24.1241,3.509,2998782.6426,2940153.0677
000887.SZ,20260413,1.4718,0.77,16.2318,1.7333,2446037.9499,2442100.5897
605577.SH,20260413,3.4926,0.79,20.5012,1.4021,557333.334,557333.334
603106.SH,20260413,2.4526,0.73,50.3706,3.6095,472111.64,472111.64
688568.SH,20260413,2.241,0.83,1554.1778,12.7712,4832311.8938,4832311.8938
300489.SZ,20260413,22.9915,1.16,,14.1237,950587.1709,947106.7491
600000.SH,20260413,0.3564,0.99,6.5657,0.4456,32839556.5638,32839556.5638
301156.SZ,20260413,3.5949,0.9,44.4905,3.6788,262000.2802,166047.738
601901.SH,20260413,1.2912,0.67,14.7429,1.1523,5853024.0918,5853024.0918
002026.SZ,20260413,1.8487,0.89,17.6812,1.5552,584145.3511,584094.93
688249.SH,20260413,2.0415,0.66,84.5852,2.7363,5956524.565,3525443.5062
002412.SZ,20260413,3.8007,0.72,19.1315,1.4556,329092.8,325590.63
601777.SH,20260413,0.9918,0.96,543.122,4.4561,4584395.472,4584395.472
920699.BJ,20260413,1.4973,0.71,27.3497,5.178,177619.2929,81267.5429
301360.SZ,20260413,6.4519,1.71,122.3495,3.3547,387781.8,185094.2
000333.SZ,20260413,0.3894,0.82,13.1129,2.6458,57625019.8221,51932460.7096
605228.SH,20260413,12.5688,1.59,56.7477,3.4329,754669.6274,751488.1274
300511.SZ,20260413,3.3659,0.98,,3.012,453719.6873,396518.244
301148.SZ,20260413,4.7395,1.45,115.4418,3.3593,590989.6868,298663.1348
000610.SZ,20260413,4.6217,0.72,,13.0532,204076.6907,203004.7014
300497.SZ,20260413,16.5862,1.15,,4.6773,1022355.6767,836719.4199
002570.SZ,20260413,1.9024,0.82,39.9966,3.196,549742.0565,549717.6245
600793.SH,20260413,3.4562,0.91,198.829,13.6257,324265.0357,324265.0357
920580.BJ,20260413,3.9711,1.13,62.9826,3.2612,111456.0,70972.9439
002229.SZ,20260413,11.7414,0.89,,8.0614,888678.955,883242.6879
000619.SZ,20260413,3.1464,0.76,,1.0375,260289.6103,212400.0
002790.SZ,20260413,1.9545,0.37,27.7779,1.5321,323015.2879,201519.1675
300097.SZ,20260413,3.7544,0.67,,11.1357,239207.6756,223837.0034
601918.SH,20260413,3.5322,0.94,9.0835,1.1528,1940315.8082,1940315.8082
002985.SZ,20260413,3.5968,1.27,60.3868,4.4899,1207947.104,1204619.5652
002538.SZ,20260413,3.345,0.76,26.1596,1.0832,581271.4746,581267.9252
603053.SH,20260413,1.9453,0.77,17.9531,1.8057,871112.2,871112.2
603679.SH,20260413,4.6641,0.73,,2.6591,246095.4105,246095.4105
600619.SH,20260413,5.3593,0.91,261.8318,3.0706,1880499.3993,1382634.2461
300679.SZ,20260413,8.8547,0.72,33.463,3.5686,1795289.32,1518999.124
603757.SH,20260413,26.8539,0.89,72.0472,4.9398,1042612.6306,1042612.6306
603516.SH,20260413,4.5103,0.94,5813.5083,21.093,2936413.5584,2936413.5584
600771.SH,20260413,1.5974,0.71,102.1497,5.1037,841435.2714,841435.2714
000962.SZ,20260413,4.3859,0.72,89.3342,5.8426,2307110.7661,2194255.4381
002920.SZ,20260413,1.8807,1.02,25.7226,4.3009,6311258.2841,5866253.4751
601225.SH,20260413,0.7535,0.83,14.8345,2.5372,24547740.0,24547740.0
688800.SH,20260413,4.4012,0.87,59.2768,7.7038,1820217.8648,1820217.8648
002398.SZ,20260413,1.5688,0.79,70.5081,0.9948,358791.4708,313282.6536
003010.SZ,20260413,9.2824,1.56,50.2588,13.5859,977037.8141,710312.5937
000958.SZ,20260413,0.6461,0.56,117.8936,5.3732,10580235.3947,3278491.6018
000050.SZ,20260413,1.1219,0.75,121.7303,0.7478,2037472.811,2037447.7544
300837.SZ,20260413,3.1761,0.93,87.2133,2.6135,360419.2418,272436.5918
601990.SH,20260413,0.7211,0.8,26.6787,1.4249,3251324.9405,2724220.8041
000048.SZ,20260413,6.2076,0.52,53.4416,2.0013,816634.665,810593.707
002075.SZ,20260413,1.1797,0.84,35.9169,1.5868,1035485.61,1035483.9462
300669.SZ,20260413,0.9621,0.87,371.7615,6.945,607022.4069,574874.8016
301265.SZ,20260413,12.5611,1.38,125.0553,3.3986,709866.1654,394674.1677
600332.SH,20260413,1.1207,0.73,12.3933,0.9784,3697048.618,3196996.018
688485.SH,20260413,17.0163,0.76,,5.3037,665793.8347,393197.8425
600234.SH,20260413,4.6862,1.53,75.02,8.9413,447073.217,447073.217
603881.SH,20260413,15.6863,0.95,196.4623,8.7912,2887157.159,2887157.159
002025.SZ,20260413,12.2597,1.07,192.6846,5.3351,3523175.4432,3511148.3691
002915.SZ,20260413,2.0647,1.02,,4.7711,708767.8196,608990.2858
000725.SZ,20260413,1.2821,0.97,25.4891,1.1227,14928864.2098,14645690.4679
600113.SH,20260413,1.1764,0.5,135.9449,7.6714,1958471.469,1913154.894
000543.SZ,20260413,2.4685,0.69,7.7117,1.0715,1840693.0248,1840693.0248
603089.SH,20260413,2.8058,1.25,22.3553,1.8041,350163.4234,304842.2504
601860.SH,20260413,1.024,0.73,6.6213,0.4908,977488.4952,948274.3388
600131.SH,20260413,3.3721,1.12,31.9644,3.5144,2167824.2746,2163392.4145
920263.BJ,20260413,1.2408,0.71,86.2389,2.8311,164406.7309,119419.1099
002799.SZ,20260413,2.1845,0.73,,2.0659,262432.8,262429.356
603390.SH,20260413,2.5087,0.77,65.3256,2.5789,416707.601,415359.0343
688612.SH,20260413,1.8652,0.71,23.2945,3.5791,1297806.3514,781902.9456
002628.SZ,20260413,3.2669,0.92,,1.3372,383092.81,381415.1098
301584.SZ,20260413,5.9239,0.57,37.8905,5.4658,1135372.5318,144759.9981
301132.SZ,20260413,9.6512,0.78,44.6335,3.364,610855.7771,390779.5691
301314.SZ,20260413,4.1554,0.87,174.9982,2.4953,261166.75,86302.5502
688662.SH,20260413,9.4976,1.04,144.8806,7.9095,577883.76,577883.76
002576.SZ,20260413,3.56,0.59,37.3974,2.3231,308076.6,302343.4475
600665.SH,20260413,3.2662,1.03,,1.0606,281703.9418,281703.9418
001380.SZ,20260413,1.4169,0.45,19.6827,2.8083,541437.5618,175918.5027
300388.SZ,20260413,0.9589,0.65,15.0724,1.14,536661.278,536661.278
601058.SH,20260413,2.9108,2.11,11.6173,2.0352,4287682.7377,4287682.7377
601798.SH,20260413,2.7266,1.09,,2.5994,329356.6959,329356.6959
301055.SZ,20260413,26.5978,2.73,103.0963,7.218,472368.0,472368.0
000009.SZ,20260413,1.3217,1.05,327.1671,2.2879,2305817.2847,2302962.2957
002848.SZ,20260413,4.2745,1.4,,20.2743,234010.0,230896.6968
002221.SZ,20260413,3.1906,0.93,33.1131,1.1558,1284544.1301,1190613.2163
688781.SH,20260413,17.253,1.31,,9.0114,3690000.0,150681.5079
603322.SH,20260413,2.9895,1.05,,17.4374,502386.7056,502386.7056
603091.SH,20260413,3.2278,1.3,28.3766,3.8296,810753.6285,249332.0387
688113.SH,20260413,1.7613,1.14,27.6549,2.5073,246320.6632,246320.6632
300765.SZ,20260413,2.8945,1.01,,17.4248,4647798.0517,4647798.0517
301010.SZ,20260413,5.2603,1.12,104.7685,2.7349,226584.0,226584.0
688205.SH,20260413,10.1346,0.7,516.5139,15.946,3695962.4322,3695962.4322
300375.SZ,20260413,1.8479,0.69,78.5496,1.6122,369233.0655,256728.3841
002316.SZ,20260413,4.756,0.68,341.0716,27.3592,210319.2,182319.975
603305.SH,20260413,2.825,0.8,43.7144,1.8937,1718538.6228,1718538.6228
001325.SZ,20260413,17.64,0.67,30.1402,2.7818,487883.2,121970.8
001230.SZ,20260413,3.1719,0.68,22.0192,1.7389,333283.2995,195057.7014
600737.SH,20260413,1.3668,0.76,22.6671,2.7462,3097052.2341,3097052.2341
688390.SH,20260413,7.5429,1.23,160.5241,7.9591,2184157.082,2184157.082
300394.SZ,20260413,8.7214,0.9,135.2687,49.5594,27287297.7741,27232418.7486
920682.BJ,20260413,2.1385,0.52,28.8136,2.4035,278403.84,161451.8523
688302.SH,20260413,2.2736,1.02,,4.1965,446560.347,446560.347
300564.SZ,20260413,3.007,1.03,167.7171,2.0295,245037.7888,171938.2683
601009.SH,20260413,0.5346,0.74,6.1798,0.7424,13476288.2971,13476288.2971
603300.SH,20260413,1.9946,0.52,20.6939,2.0592,1340353.89,1340353.89
002195.SZ,20260413,2.3788,0.61,299.1703,5.1745,5165875.3281,5102749.4196
301295.SZ,20260413,10.3775,1.04,173.3104,3.8032,362880.0,105840.0
002573.SZ,20260413,1.39,0.73,,0.8646,513741.9497,512827.3349
002374.SZ,20260413,1.4823,0.82,,4.1469,349437.3891,349437.3891
300792.SZ,20260413,4.7117,0.6,76.9888,2.8181,828114.8414,742805.1871
688155.SH,20260413,7.438,1.55,27.8956,4.2583,981396.2941,981396.2941
603332.SH,20260413,3.3367,0.65,51.7246,2.1972,280385.9505,280385.9505
002867.SZ,20260413,0.8094,0.64,12.3221,2.1332,1277602.7721,1270096.9383
300369.SZ,20260413,4.9948,1.01,,2.714,666331.1911,664221.9728
600858.SH,20260413,1.6033,0.68,49.6797,1.0956,294357.6894,292932.1844
920394.BJ,20260413,4.1545,1.6,55.0018,8.6213,700537.5,695377.7695
301581.SZ,20260413,1.562,0.94,51.4615,3.67,368640.0,225229.824
603095.SH,20260413,3.8325,1.38,54.0848,1.9877,461785.3296,461785.3296
600150.SH,20260413,0.9795,0.71,34.1595,1.7415,24578679.1266,24578679.1266
300536.SZ,20260413,1.7084,0.8,,5.2403,234630.5064,234613.4968
605319.SH,20260413,11.6148,1.46,22.9644,3.9458,1024035.2489,1018343.1989
300595.SZ,20260413,0.889,0.65,26.3439,2.5718,1263252.9526,943246.1064
603255.SH,20260413,4.089,0.83,,2.447,388566.1426,175169.441
000561.SZ,20260413,2.0435,1.05,,2.6735,843281.8003,757617.4234
600428.SH,20260413,3.1072,0.61,13.689,1.4451,2436601.3108,2171413.5977
300546.SZ,20260413,5.3787,1.29,112.0066,3.6652,412084.9817,295682.0789
600531.SH,20260413,3.2595,0.67,18.7554,2.5231,1638550.9558,1638550.9558
002498.SZ,20260413,6.408,0.61,43.2465,2.8732,2561632.92,2561632.92
000599.SZ,20260413,4.1336,1.32,,3.4519,454117.9968,454110.2823
688796.SH,20260413,6.3586,0.72,256.9927,20.4657,4451108.2632,357440.9044
688560.SH,20260413,3.1719,0.97,,1.1357,294102.1022,294102.1022
002863.SZ,20260413,2.687,1.04,41.8288,1.1644,330315.4383,330315.4383
688727.SH,20260413,3.8893,0.72,214.5213,8.7747,2201666.04,246191.5085
002743.SZ,20260413,2.4545,0.86,95.1773,0.7155,235915.5151,235537.4701
601700.SH,20260413,2.192,0.92,216.3239,2.3309,591015.0387,591015.0387
603378.SH,20260413,4.329,0.87,,2.3748,237013.943,237013.943
002919.SZ,20260413,3.3415,1.3,,6.4167,527188.5585,522959.8003
601319.SH,20260413,1.2927,0.63,7.0252,1.0605,32769977.022,26303837.628
600610.SH,20260413,2.9319,0.51,194.5659,82.145,986643.9112,652737.2953
002215.SZ,20260413,1.274,0.96,15.1328,2.4565,1017694.0495,813431.5717
600694.SH,20260413,0.6427,0.73,11.4657,0.6522,573355.7836,573355.7836
600121.SH,20260413,10.7929,0.99,,5.5868,523917.1763,523917.1763
920367.BJ,20260413,8.1215,0.64,95.5638,2.8969,139384.0788,82599.4009
000752.SZ,20260413,1.7615,0.35,16.6383,3.9818,244767.8796,244767.8796
301272.SZ,20260413,2.4515,0.8,59.5876,2.3373,235705.7667,126222.5265
603014.SH,20260413,1.5155,0.74,32.3863,2.1942,1561982.4528,147194.4543
301606.SZ,20260413,4.9558,1.0,43.9174,9.1524,3094397.3331,1230561.028
603800.SH,20260413,11.4542,2.44,105.817,11.5789,997776.0,997776.0
300740.SZ,20260413,2.017,0.62,55.1792,3.9852,835838.1003,769936.1645
603822.SH,20260413,1.878,0.98,220.321,18.3528,690664.7151,690664.7151
301418.SZ,20260413,3.128,1.1,183.3239,1.7695,286366.6693,114948.8843
300834.SZ,20260413,22.2004,0.78,118.9122,2.6626,781823.0567,776634.48
002876.SZ,20260413,11.3726,4.01,113.0012,2.2319,532087.8919,455761.3511
301313.SZ,20260413,3.1219,1.12,,4.249,306015.1572,223292.8414
301163.SZ,20260413,5.8889,1.36,66.1732,2.0993,238435.2,159908.3172
300172.SZ,20260413,2.887,0.57,44.0698,1.8641,360009.72,278201.7786
300666.SZ,20260413,4.6889,0.74,86.0116,8.3705,4139533.2962,3450493.277
000514.SZ,20260413,2.6761,1.04,43.5455,1.068,405010.0632,405010.0632
600282.SH,20260413,1.3044,0.82,12.3412,1.2768,3538762.2403,3538762.2403
000166.SZ,20260413,0.8522,0.97,12.5105,1.0658,11893973.666,10704365.9751
688566.SH,20260413,7.6782,0.89,23.9393,2.5513,619232.8358,619232.8358
600741.SH,20260413,1.3498,0.85,9.0024,0.9663,6488305.9591,6488305.9591
688631.SH,20260413,2.8973,0.91,154.4346,4.4505,852986.46,338491.66
001317.SZ,20260413,5.4044,0.89,,4.2305,420727.0288,420312.1569
605305.SH,20260413,8.7827,1.67,18.7652,3.3887,966328.44,966328.44
300558.SZ,20260413,2.1725,0.72,60.4862,3.1393,1834399.5555,1828551.9976
000707.SZ,20260413,2.8689,0.71,,1.23,350245.5986,329871.4498
603138.SH,20260413,11.3135,0.93,,7.8231,600088.0738,588796.0997
600732.SH,20260413,4.9821,1.57,,5.1875,3355841.128,3327645.2143
002599.SZ,20260413,2.346,0.95,,3.0496,377669.969,282186.7758
920006.BJ,20260413,2.1536,0.82,251.3137,6.237,199083.276,105392.632
002423.SZ,20260413,1.0384,0.48,25.038,1.0747,2398573.9036,2398573.9036
600855.SH,20260413,4.3204,1.28,,5.7014,819012.6885,817434.2445
600379.SH,20260413,13.7936,3.93,101.728,5.3974,424969.4129,424969.4129
301175.SZ,20260413,2.3792,0.74,24.0195,2.4749,916981.24,387431.24
920985.BJ,20260413,2.1458,0.84,,3.0873,210134.3398,148916.8263
600838.SH,20260413,1.5567,0.69,89.3193,2.5639,404890.8008,404890.8008
300300.SZ,20260413,22.6615,1.04,221.4061,63.176,896242.4513,896185.3985
002305.SZ,20260413,1.5352,1.36,,,384995.9009,384970.9273
300769.SZ,20260413,8.3305,1.13,,2.4727,1286063.0577,1155566.824
688768.SH,20260413,3.2176,1.39,47.7124,3.6272,400348.6442,397049.148
688349.SH,20260413,1.6453,0.98,40.2206,2.132,2955634.1582,2866656.9582
003042.SZ,20260413,9.3544,0.58,,1.8982,249197.52,222762.688
002475.SZ,20260413,5.2628,1.14,27.0073,5.4331,42695870.9925,42597939.821
600361.SH,20260413,6.6867,2.59,17.3963,1.4614,1616243.0413,1616243.0413
603100.SH,20260413,2.2203,1.08,16.1792,2.266,1020188.2739,1016939.862
300865.SZ,20260413,2.1985,0.88,,2.9202,254030.4,149347.5679
300096.SZ,20260413,4.9369,2.53,64.8565,11.59,406350.0,406350.0
600038.SH,20260413,1.2444,0.91,42.4496,1.5741,2767139.5939,2257656.3709
600128.SH,20260413,2.9491,0.75,55.3213,1.2454,267052.3207,261820.3175
603698.SH,20260413,14.6756,1.28,80.8792,5.0423,1751079.33,1751079.33
920166.BJ,20260413,3.331,0.57,24.7951,3.4819,212781.1775,67159.062
002730.SZ,20260413,15.8833,0.85,140.3002,5.7807,941045.6081,899331.6581
002284.SZ,20260413,3.1235,1.08,21.6092,3.1482,1059130.7987,1047364.579
002537.SZ,20260413,5.4917,0.83,44.9922,2.1876,925125.1951,921329.3991
600593.SH,20260413,4.4772,0.81,175.6357,24.7568,478733.15,472696.0
000809.SZ,20260413,2.5644,0.59,,1.1087,296100.0742,296100.0742
601882.SH,20260413,2.2273,0.75,22.9613,3.3414,985014.0,985014.0
000564.SZ,20260413,1.2112,0.57,,2.157,3394915.9106,2837837.3507
000617.SZ,20260413,10.2332,0.4,29.5876,1.2233,12743215.7116,12743215.7116
002578.SZ,20260413,6.9028,0.42,,2.5036,380145.2241,348770.8372
300396.SZ,20260413,1.3441,0.81,,1.6959,321513.4898,321030.1093
002286.SZ,20260413,1.8591,0.75,26.6496,1.7419,383992.4864,372878.0992
002574.SZ,20260413,2.4715,0.84,,0.9945,296208.0,296208.0
300131.SZ,20260413,18.9541,1.65,438.7953,9.9471,1758145.1823,1614472.3823
600829.SH,20260413,14.42,0.54,42.7204,1.8964,571770.1566,571770.1566
001225.SZ,20260413,5.8616,0.83,94.4104,2.3233,321956.9184,102837.5224
301379.SZ,20260413,3.4359,1.2,31.7549,3.533,499376.4949,320753.3233
300343.SZ,20260413,2.4033,1.99,127.1774,3.6425,700853.9206,699439.9192
300683.SZ,20260413,10.9981,0.46,,2.1003,469125.4973,437479.6733
301182.SZ,20260413,9.3787,0.82,,7.5487,575888.417,575888.417
600530.SH,20260413,1.5621,0.89,160.0357,12.8285,408382.84,408382.84
603577.SH,20260413,2.8187,0.73,34.8549,1.8316,359148.3069,359148.3069
920016.BJ,20260413,1.0429,0.6,61.5758,3.3231,127790.0021,56833.7819
300022.SZ,20260413,9.5518,0.9,,8.9412,475459.2456,475445.2004
603073.SH,20260413,2.4732,0.51,23.6088,1.6566,228984.0,100462.482
600400.SH,20260413,3.3472,1.01,,2.0238,472022.6015,472022.6015
688213.SH,20260413,2.6598,0.71,37.1711,7.1236,3721739.9755,2992786.1625
301393.SZ,20260413,10.6854,1.55,43.4504,2.5486,595080.0,231997.3103
600111.SH,20260413,4.681,1.25,88.4052,7.9217,18921254.617,18921254.617
688410.SH,20260413,2.1382,0.97,36.0433,2.9042,515835.4039,515835.4039
300621.SZ,20260413,2.4188,0.57,,1.9956,171646.7775,167086.4357
300919.SZ,20260413,5.9305,1.44,36.2567,2.4247,5682368.0338,4974925.4115
301125.SZ,20260413,10.6358,2.95,522.0872,5.3046,320798.173,289916.1435
600776.SH,20260413,3.7037,0.87,46.8376,5.0993,1927960.0982,1467460.0982
600231.SH,20260413,1.5574,0.57,,1.4863,596913.875,589492.435
301102.SZ,20260413,2.4071,0.92,105.529,1.469,441728.0,441728.0
600155.SH,20260413,1.3471,0.95,88.5079,0.7022,1403385.9304,1403385.9304
600110.SH,20260413,21.1041,0.85,,3.004,1768149.3697,1768149.3697
300266.SZ,20260413,1.6805,0.65,,113.8545,386898.0212,386666.3391
000705.SZ,20260413,3.3082,0.87,62.692,1.4674,296033.2314,249817.2254
603439.SH,20260413,0.8296,0.71,27.9945,3.0509,449823.2376,444224.2376
300204.SZ,20260413,14.3486,0.73,,16.1232,1403695.7666,1332866.3039
300328.SZ,20260413,7.9018,0.76,,10.6282,1164054.1896,1157214.2984
688151.SH,20260413,2.0727,0.72,168.1413,1.6971,717593.5,717593.5
603768.SH,20260413,1.7305,0.83,,1.119,262941.222,262941.222
002155.SZ,20260413,5.3294,0.86,31.0851,5.6986,4625447.8954,4625032.2847
300027.SZ,20260413,6.932,1.8,,17.9222,471666.0062,422446.3938
688215.SH,20260413,4.9876,1.17,129.4591,9.4149,456626.2127,456626.2127
600800.SH,20260413,5.9353,0.91,,4.7071,527271.4776,527121.8526
600716.SH,20260413,1.6629,0.64,,0.8839,402506.0537,402506.0537
002701.SZ,20260413,5.0103,2.17,13.6326,1.4209,1382270.6533,1380999.1109
300979.SZ,20260413,1.0021,0.96,15.5252,3.0657,4978422.0,4978389.3651
600489.SH,20260413,1.5729,0.69,29.5333,4.4728,13058660.0474,13058660.0474
920014.BJ,20260413,9.2061,1.03,174.6524,1.9611,154514.3501,85015.9739
003027.SZ,20260413,7.0832,2.05,36.7403,1.7543,299486.8512,240236.4777
600377.SH,20260413,1.0402,0.49,12.6221,1.3992,5798447.3725,4376312.6342
603163.SH,20260413,17.3893,1.44,71.642,9.4758,1107200.0,1107200.0
000739.SZ,20260413,0.9838,0.74,22.748,3.1966,2026117.8144,2025356.7003
002314.SZ,20260413,2.8633,1.06,,0.7344,674237.8457,333231.0387
601101.SH,20260413,2.6695,0.72,25.3566,0.9893,1195198.2786,1195198.2786
000795.SZ,20260413,4.3266,0.9,42.3156,3.9917,1057727.2681,1057725.6941
603567.SH,20260413,4.8167,0.87,,0.8586,625762.6825,624794.4485
301188.SZ,20260413,13.395,0.64,138.7227,3.3585,644763.2422,644763.2422
603939.SH,20260413,1.4668,1.2,16.5773,2.4855,2723033.1754,2723033.1754
300441.SZ,20260413,0.8622,0.82,15.8117,1.8577,458824.098,446103.0026
301349.SZ,20260413,22.9822,1.25,167.7166,2.3734,647700.0,647700.0
603331.SH,20260413,3.8719,0.98,42.7671,2.2997,305083.0347,305083.0347
301248.SZ,20260413,5.9499,0.98,5847.8031,4.7594,727024.65,531314.751
002565.SZ,20260413,14.1306,0.51,307.0042,9.3325,1740501.8099,1740427.9199
603345.SH,20260413,1.8149,0.8,23.5836,2.0691,3205572.948,2820903.9234
600375.SH,20260413,1.0321,0.88,171.1592,2.4173,814360.2544,743044.3661
601699.SH,20260413,1.5827,0.63,33.6455,0.8675,4056350.8752,4056350.8752
300667.SZ,20260413,14.2424,2.22,,3.3502,379599.8523,320229.5293
688787.SH,20260413,4.5664,0.85,554.2827,10.5187,780125.2278,780125.2278
300755.SZ,20260413,2.5154,0.91,,1.8822,549757.0896,549292.1157
600163.SH,20260413,12.5839,1.37,20.831,1.709,1187469.5932,1187469.5932
301063.SZ,20260413,2.8641,0.67,42.8551,1.6241,254640.1666,245089.7723
688757.SH,20260413,3.5046,2.13,160.2398,11.2352,998195.9279,448520.3588
688531.SH,20260413,6.3073,2.6,73.8772,3.8285,1289645.5969,893897.5047
300318.SZ,20260413,2.3117,1.11,,3.5447,477069.8891,466347.0587
300610.SZ,20260413,3.2697,0.92,39.6368,2.1701,256934.5361,200310.833
603915.SH,20260413,1.9208,0.76,36.4126,2.7274,984292.0875,984292.0875
300510.SZ,20260413,2.8315,0.79,,1.5589,345545.4033,345545.4033
301226.SZ,20260413,15.7459,0.7,164.7768,5.1597,470342.4,470342.4
600337.SH,20260413,23.3397,2.02,,1.8409,462713.4001,462713.4001
920179.BJ,20260413,5.2102,0.8,147.2883,4.5679,342837.81,273092.5816
688580.SH,20260413,9.1121,2.96,41.2645,3.333,563805.5725,563805.5725
300849.SZ,20260413,2.6273,0.74,,5.1088,301050.0,243786.3222
002633.SZ,20260413,3.0715,1.17,525.2928,6.3829,271050.0,269999.6813
301607.SZ,20260413,3.8528,0.94,50.8623,6.6514,757985.2859,545470.2011
300543.SZ,20260413,1.7322,0.61,83.1108,2.037,298712.0507,243943.8378
920992.BJ,20260413,2.9069,0.64,75.2297,2.2997,143742.1679,72097.7227
002309.SZ,20260413,19.1615,0.56,,7.1926,1338411.0963,1070728.8771
688309.SH,20260413,9.0523,1.49,159.7317,6.9432,534052.9353,534052.9353
605500.SH,20260413,3.6384,0.77,42.0023,1.4505,370473.6,370473.6
688039.SH,20260413,2.2065,0.59,,4.3814,467291.0164,467291.0164
300852.SZ,20260413,5.7677,1.11,52.7333,3.0044,675633.5835,652211.113
002652.SZ,20260413,5.8864,1.14,,9.6589,242206.272,242206.272
920662.BJ,20260413,6.9484,1.21,114.6693,4.8629,223252.5051,68865.5091
600575.SH,20260413,2.9358,0.98,15.8741,1.2262,2694713.8559,1461234.1604
000509.SZ,20260413,4.053,0.73,,31.9975,394911.1231,394909.9293
603081.SH,20260413,1.8123,0.87,49.5242,1.6123,515448.9618,515448.9618
601698.SH,20260413,3.3436,0.92,313.1647,8.6428,13817964.6827,13817964.6827
002847.SZ,20260413,2.6206,0.82,20.2597,7.1095,1516265.8152,1366210.2223
920504.BJ,20260413,1.4682,0.66,62.9018,4.5452,93816.1615,37003.9743
301536.SZ,20260413,3.6754,1.33,103.5252,9.8619,3192384.3062,1417052.9933
300977.SZ,20260413,3.9394,0.82,,2.1689,300647.7858,187234.1139
300185.SZ,20260413,4.3661,0.87,185.447,1.8705,1307724.2154,1246113.8587
002746.SZ,20260413,2.1476,0.72,18.211,1.1485,523207.546,431483.146
301003.SZ,20260413,7.0089,1.08,48.4991,4.3757,494894.2807,382840.1036
600066.SH,20260413,1.3723,0.64,14.668,5.222,8147296.3406,8147296.3406
301068.SZ,20260413,1.3415,0.69,220.452,5.6538,446981.6919,318760.2605
300870.SZ,20260413,11.4618,0.97,101.5241,13.2736,3381041.4178,3380669.2978
920082.BJ,20260413,1.211,0.59,35.3463,4.1214,219486.05,59746.1896
600782.SH,20260413,1.8892,0.75,11.7315,0.4309,1139879.9293,1126143.4693
301018.SZ,20260413,17.8572,1.44,254.1275,11.76,3120264.4706,2319293.0874
300259.SZ,20260413,2.0639,0.58,21.4223,1.7586,536938.8958,536815.753
603676.SH,20260413,2.0718,0.92,20.4766,3.1085,454743.7675,454743.7675
605303.SH,20260413,14.6475,0.97,,3.5477,326022.039,326022.039
301413.SZ,20260413,4.2014,1.12,125.1503,9.3409,1168523.5719,697654.9913
688539.SH,20260413,2.212,0.83,108.7671,3.773,661875.2,372803.2
688479.SH,20260413,2.5943,0.43,111.9851,2.5512,477834.9114,206332.9114
688719.SH,20260413,6.1328,1.64,,3.2994,558465.4231,434255.9223
002709.SZ,20260413,8.7982,1.28,69.917,5.311,9522121.9062,7048590.4697
920857.BJ,20260413,1.2513,0.45,,5.1343,184425.8228,184425.8228
000068.SZ,20260413,1.492,0.72,,5.5544,335221.5975,335221.5975
301135.SZ,20260413,1.8393,0.7,71.3869,2.2788,284853.888,213631.3355
603026.SH,20260413,17.3108,1.43,1310.862,4.244,2084070.2814,2084070.2814
000011.SZ,20260413,1.6838,0.66,147.3894,1.4711,499430.4791,441186.505
600941.SH,20260413,0.6552,0.86,14.7958,1.456,202843579.0314,8455323.8423
002918.SZ,20260413,6.8518,1.78,72.7004,1.4409,472171.4832,247391.2172
002592.SZ,20260413,4.341,1.02,20.1634,2.5162,235731.5226,218564.9324
002396.SZ,20260413,3.5783,0.95,40.7404,2.3886,1665716.8587,1658849.1106
300304.SZ,20260413,3.2962,1.01,24.5547,3.3425,1145977.552,1115142.7719
300935.SZ,20260413,2.9928,0.84,,3.0898,234876.5208,178187.2824
920932.BJ,20260413,1.7313,0.65,,2.5361,161502.0866,133084.5528
301107.SZ,20260413,4.0543,0.99,35.4886,3.0706,285697.9005,165184.8454
300877.SZ,20260413,4.7342,1.44,35.6122,1.9677,328200.0,328197.1283
600822.SH,20260413,2.1151,1.16,202.9873,4.0555,496964.8598,396940.2038
000637.SZ,20260413,3.6777,0.82,,4.2446,235503.5363,165157.0299
688513.SH,20260413,4.1137,0.71,42.1312,4.0701,1193358.0506,1193358.0506
688556.SH,20260413,5.0778,0.76,,2.7225,1073359.9227,1073359.9227
603277.SH,20260413,0.7463,0.6,16.3665,3.2889,865316.0201,859741.8953
001965.SZ,20260413,0.5525,0.37,12.9117,0.8633,5952503.213,5952503.213
600120.SH,20260413,1.7383,0.86,14.6161,1.1844,1926275.1615,1926275.1615
688175.SH,20260413,4.4018,0.9,,2.7048,467480.955,467480.955
603098.SH,20260413,4.0494,0.78,81.4626,2.7638,780945.8682,779643.5682
600603.SH,20260413,2.4249,0.65,20.5521,1.14,832943.7474,832943.7474
000925.SZ,20260413,1.2072,0.74,74.0965,1.4661,484280.8183,482042.9245
688326.SH,20260413,2.2955,1.08,139.7539,3.5299,1391075.2541,1294609.5966
605222.SH,20260413,10.2465,1.13,66.7914,2.13,993445.4048,993445.4048
688536.SH,20260413,4.3341,0.86,145.1218,4.0231,2510488.4319,2466369.7362
000505.SZ,20260413,5.6619,1.06,,1.7441,499414.8224,434445.2908
688203.SH,20260413,1.7141,1.01,272.5605,1.7008,251118.1263,251118.1263
300722.SZ,20260413,3.2484,0.85,103.2431,12.7039,851579.689,851579.689
688981.SH,20260413,1.9553,0.91,159.9848,5.3469,80644086.5682,20123597.4931
300584.SZ,20260413,7.5595,0.68,113.8911,4.8882,510000.0,348970.6705
003040.SZ,20260413,5.2521,1.26,1268.3662,5.3166,744734.5948,737813.1667
688032.SH,20260413,4.1896,0.91,,2.5629,1465432.64,1465432.64
605128.SH,20260413,1.6556,1.07,48.0043,3.5776,744686.2161,744686.2161
000983.SZ,20260413,1.5933,0.76,21.7577,1.011,3690115.6884,3690093.0521
688338.SH,20260413,1.6715,1.07,35.4445,1.8305,308874.384,308874.384
002638.SZ,20260413,10.0375,2.1,,3.3877,647904.0514,610059.6988
300629.SZ,20260413,3.3208,0.86,309.7303,3.418,581542.3797,501537.1276
920690.BJ,20260413,3.5861,1.08,21.7012,2.6413,159716.7,103825.6837
600568.SH,20260413,2.6203,1.64,,3.5183,603839.5133,505727.3855
002601.SZ,20260413,1.2602,1.11,32.6315,1.7979,4174818.3461,3480292.4783
300382.SZ,20260413,1.3564,0.69,,3.3759,776783.1928,776709.19
600774.SH,20260413,3.2662,0.84,,1.5389,256973.2221,256840.6342
301362.SZ,20260413,16.4912,0.83,76.7563,5.9645,1486314.0,421314.0
600318.SH,20260413,3.2326,0.78,111.5198,3.653,397876.6424,397876.6424
603318.SH,20260413,8.094,0.89,,2.2818,435973.1493,360829.7463
300110.SZ,20260413,4.1668,0.65,,2.7563,373579.3023,373147.8438
301129.SZ,20260413,3.9849,0.76,50.5815,2.0806,350615.292,171008.85
002171.SZ,20260413,1.9539,1.03,32.3844,2.1236,1842034.4847,1831596.5685
002775.SZ,20260413,4.3064,1.02,,6.8247,242421.124,217844.338
001227.SZ,20260413,0.7293,0.5,6.6637,0.4194,1264444.7713,936285.0069
301508.SZ,20260413,1.8668,0.9,43.4831,3.2296,659264.4432,171566.9424
000750.SZ,20260413,1.0486,0.92,32.2121,1.0985,2477835.6971,2248927.1431
300190.SZ,20260413,3.6972,0.8,,1.1681,390189.2911,388616.7599
301458.SZ,20260413,3.0153,0.79,71.6313,5.5693,921066.7818,405782.7831
600678.SH,20260413,2.1347,0.65,191.9636,12.9595,365392.53,365392.53
300973.SZ,20260413,2.0202,1.13,17.7298,2.2898,554420.8985,388180.6608
603908.SH,20260413,2.5999,0.6,75.3133,3.9539,210746.3738,210746.3738
300287.SZ,20260413,1.0675,0.71,,5.7276,615732.4636,565517.2243
603169.SH,20260413,3.8573,1.48,180.9897,3.8756,1282778.5456,1282778.5456
920523.BJ,20260413,3.4582,1.48,16.3343,3.3986,242211.5733,193765.4732
002199.SZ,20260413,1.3399,0.92,,11.4761,218854.6843,218854.6843
002758.SZ,20260413,2.1022,0.84,11.584,1.0594,506870.0415,506286.6015
688307.SH,20260413,10.2133,0.59,120.1653,8.3917,757597.316,757597.316
603341.SH,20260413,1.7913,0.73,34.2429,2.7844,2003612.5291,1020659.9941
300784.SZ,20260413,2.8065,0.72,43.4166,3.4609,276970.18,83374.5863
688553.SH,20260413,6.0259,0.44,,2.2414,842540.4,683300.513
300109.SZ,20260413,4.0753,1.85,38.1821,2.4905,914556.1047,846207.6217
000070.SZ,20260413,33.7167,1.19,,12.5997,1899727.4436,1875112.3777
300566.SZ,20260413,1.6117,0.86,25.5157,2.3055,479389.3555,414598.5083
600227.SH,20260413,13.9139,0.75,,2.6729,640027.7926,484210.3253
301397.SZ,20260413,13.5386,2.05,48.3372,2.8439,557273.1748,253241.3168
002645.SZ,20260413,16.6542,1.06,,3.3143,1322981.5589,1178219.2775
300527.SZ,20260413,2.1418,1.45,717.7878,2.8645,833751.705,833751.705
688716.SH,20260413,1.6813,0.81,340.8838,3.416,404464.32,232437.9131
000717.SZ,20260413,1.5797,0.84,,0.7634,598689.8607,598619.5584
688793.SH,20260413,3.754,0.76,,7.727,186501.5592,186501.5592
300908.SZ,20260413,1.3796,0.83,21.2836,2.2701,408216.0,345036.1133
601089.SH,20260413,1.9546,0.7,23.7997,2.9904,1102080.0,1102080.0
002168.SZ,20260413,1.6438,1.28,,201.0674,321506.9809,321506.9809
300230.SZ,20260413,1.8203,0.97,17.2641,1.188,387089.5979,299795.5095
000782.SZ,20260413,2.6002,0.91,,2.1844,375560.0854,288892.3738
300600.SZ,20260413,1.903,0.77,,3.0912,372206.6172,372206.6172
002774.SZ,20260413,2.2484,0.86,36.5907,3.026,362949.5562,303750.1459
000972.SZ,20260413,1.4124,1.01,,,305428.2973,305428.2973
000856.SZ,20260413,5.8273,0.68,96.6585,5.838,252424.0,252424.0
603896.SH,20260413,1.0067,0.81,27.7781,1.6403,367742.4549,367742.4549
002430.SZ,20260413,5.3475,1.76,28.9635,2.7802,2748209.7821,2747026.6313
920152.BJ,20260413,2.3864,0.92,,8.3564,174138.4188,128500.1559
688376.SH,20260413,5.1549,1.06,82.5302,4.9404,960288.8024,960288.8024
002971.SZ,20260413,3.212,0.72,106.0665,4.0298,640558.875,487038.7517
301299.SZ,20260413,4.8786,0.59,61.3535,6.855,402738.3352,296795.9838
301386.SZ,20260413,3.4465,0.87,36.7963,2.4053,356720.0,114660.0
301587.SZ,20260413,12.7322,1.23,84.1636,1.9622,388209.3854,193548.7604
688221.SH,20260413,3.9392,0.59,,8.345,737919.9464,737919.9464
603931.SH,20260413,1.8712,0.86,42.9443,3.3965,547987.3115,547987.3115
688567.SH,20260413,1.7044,1.07,,1.7645,1632730.7904,1632730.7904
688530.SH,20260413,13.481,0.93,,6.2215,501420.4336,212349.1131
301363.SZ,20260413,4.7114,1.17,47.3743,4.0699,1488167.0069,976299.0689
920533.BJ,20260413,2.4569,0.71,83.9762,8.0269,295250.0466,165143.6463
600301.SH,20260413,3.424,0.75,50.961,6.9353,3116659.969,1356578.9003
600170.SH,20260413,2.1859,0.71,12.0087,0.7715,2434747.4899,2434747.4899
603589.SH,20260413,0.5252,0.63,13.6395,1.4152,1482140.0516,1482140.0516
002442.SZ,20260413,3.6382,0.51,32.5839,1.6166,296437.7523,290178.4381
688169.SH,20260413,2.2424,1.28,21.5065,2.0872,2925051.7884,2925051.7884
600149.SH,20260413,8.1915,0.52,142.1837,9.8118,228856.32,228856.32
601162.SH,20260413,2.102,1.03,57.5589,1.3974,3797892.4332,3241434.8687
603216.SH,20260413,17.2443,2.1,90.4175,3.8683,693011.28,693011.28
920808.BJ,20260413,6.8581,1.75,423.5363,20.4332,1544200.0077,1502291.7941
601881.SH,20260413,1.9744,1.05,11.3451,1.2046,14203788.5305,9409199.4923
002837.SZ,20260413,10.5096,1.41,201.3085,30.319,10044853.648,8745105.4614
600503.SH,20260413,1.5534,1.04,,1.0864,386151.89,386151.89
688008.SH,20260413,5.0298,1.61,83.2634,9.3103,18614106.3198,17460075.9148
603181.SH,20260413,0.8967,0.68,19.5359,2.6316,878340.4,878340.4
688669.SH,20260413,3.9503,0.51,,2.7525,325658.6685,325658.6685
300242.SZ,20260413,3.6307,0.72,,12.1788,302682.8418,302682.6768
002366.SZ,20260413,1.5414,0.72,,3.2999,1506598.8514,1339658.3413
600031.SH,20260413,1.0702,0.92,22.2656,2.1194,18721029.0337,17253858.1153
603033.SH,20260413,5.0965,1.12,,4.1456,1206461.3582,1184661.2911
603499.SH,20260413,3.7745,1.13,50.179,7.3367,641500.1068,641500.1068
603201.SH,20260413,2.3652,0.82,12.1162,1.7975,310806.8252,308148.3579
002541.SZ,20260413,1.4372,0.98,23.2425,1.4886,1424887.8989,1024594.6823
002478.SZ,20260413,8.2598,1.23,15.8842,1.6548,977372.5874,784155.4727
300638.SZ,20260413,2.2101,0.77,65.1697,3.613,2261653.5977,1334078.4403
600660.SH,20260413,0.646,1.0,16.075,3.9859,14969488.8996,11489129.6004
600016.SH,20260413,0.4023,0.53,5.3004,0.2869,16199494.8457,13120985.5888
601619.SH,20260413,14.4982,3.9,22.9602,2.0825,1639891.6967,1370728.3503
300162.SZ,20260413,7.4849,0.67,,4.2848,383012.6574,312393.7051
301079.SZ,20260413,28.3083,1.37,,10.5208,497493.5127,317521.5838
601595.SH,20260413,2.7129,0.77,91.1369,6.5065,1112432.4,1112432.4
600398.SH,20260413,2.1476,1.24,14.5902,1.7248,3160222.8548,3160222.8548
920885.BJ,20260413,2.5806,0.71,97.5509,8.0893,330707.3264,171342.1875
000883.SZ,20260413,1.6682,0.91,17.2879,0.8806,3277756.4727,3000048.0652
600408.SH,20260413,6.5145,0.8,,2.4029,326203.2,326203.2
688096.SH,20260413,4.1382,1.15,,2.107,189307.8438,189307.8438
603269.SH,20260413,6.2023,0.97,42.3042,4.7158,449233.8224,449233.8224
301251.SZ,20260413,11.1786,0.82,115.9772,5.8013,910764.5363,365101.4301
600055.SH,20260413,0.5855,0.71,,2.2774,1015220.1678,1015220.1678
001322.SZ,20260413,1.4418,0.64,107.0283,1.5251,720536.4052,585281.536
002669.SZ,20260413,2.5275,0.86,,1.4766,400791.4,399890.2138
920564.BJ,20260413,4.9585,0.84,339.0262,6.4577,209482.613,96369.1286
002833.SZ,20260413,2.0897,1.14,19.0901,2.7908,766163.4579,520541.9478
600320.SH,20260413,1.6597,0.62,36.9296,1.724,2702665.346,1704184.8001
688552.SH,20260413,13.6508,1.86,439.8295,5.4362,1405312.416,361810.405
603116.SH,20260413,1.7575,0.71,,1.2446,324977.2512,324977.2512
000060.SZ,20260413,2.1168,0.84,25.1071,1.4866,2820144.5108,2820108.7921
688120.SH,20260413,1.6178,1.1,58.3454,8.4897,6333553.5068,6333553.5068
300873.SZ,20260413,1.5439,0.83,18.4068,1.6375,514933.7725,372553.0166
300641.SZ,20260413,4.4268,0.75,9.5466,3.1693,992754.1461,992754.1461
300232.SZ,20260413,2.5995,0.94,76.6272,1.6204,753600.8756,612173.2014
002367.SZ,20260413,1.7295,0.5,15.5597,1.4195,513748.0737,511706.7708
300913.SZ,20260413,6.0318,0.73,89.1762,7.134,1795830.2877,1340051.6583
603858.SH,20260413,1.1909,1.0,10262.923,1.6138,1706291.7392,1706291.7392
002124.SZ,20260413,5.0401,2.89,15.278,1.4624,575480.8625,510839.8538
000582.SZ,20260413,3.3331,1.07,25.6067,1.3245,2658041.2109,2277631.7235
002422.SZ,20260413,1.7475,0.81,32.5538,2.2871,5540451.0407,4527510.2463
300505.SZ,20260413,7.2961,0.65,16.6987,2.5967,757809.7609,599264.8891
002053.SZ,20260413,4.3466,0.71,43.5237,1.387,1028454.8113,1028447.5229
603237.SH,20260413,1.6157,0.69,31.4811,1.902,335614.5305,333807.9694
688729.SH,20260413,1.6637,0.78,99.1386,7.4582,6650010.0,483752.097
300440.SZ,20260413,3.4212,0.93,144.2267,4.441,711577.3754,708833.1137
301199.SZ,20260413,1.5812,0.78,35.9243,2.2075,422261.112,162187.662
000632.SZ,20260413,9.1154,0.82,,2.3739,209018.2869,209001.2411
001386.SZ,20260413,1.6904,0.49,18.7615,1.9703,2349212.72,192395.1271
000504.SZ,20260413,1.4322,1.32,,13.7551,333323.329,332413.622
002001.SZ,20260413,3.3539,0.88,16.3367,3.7232,11761984.7694,11622070.5985
688131.SH,20260413,2.4128,0.81,64.4097,5.3169,1595870.1048,1595870.1048
300905.SZ,20260413,16.4343,3.79,47.5514,3.488,662358.0752,516691.0547
605366.SH,20260413,6.0058,0.78,,3.5031,949143.0271,949143.0271
688558.SH,20260413,1.7615,0.8,25.1455,2.3016,394812.0,394812.0
603007.SH,20260413,2.3343,1.28,,18.9517,587405.0111,461539.1153
300189.SZ,20260413,7.4718,0.75,,9.5531,697344.0,603529.4904
002266.SZ,20260413,5.2448,2.68,24.6279,1.9604,2301698.6883,2159489.2622
300623.SZ,20260413,2.0448,0.86,48.0468,3.9684,2341472.8921,2159472.6301
301013.SZ,20260413,8.0244,2.41,,7.1334,547426.2372,443203.9162
920964.BJ,20260413,0.587,0.53,,1.7449,151761.848,85812.0947
300354.SZ,20260413,2.1528,0.61,40.2182,6.0644,499059.2852,293361.4072
600455.SH,20260413,3.9968,0.74,36.4544,4.9792,161891.136,161891.136
600525.SH,20260413,1.8377,1.2,,1.991,749067.1263,749067.1263
600380.SH,20260413,1.3793,0.91,14.9584,1.3161,1997763.0975,1997763.0975
603191.SH,20260413,7.5345,1.37,98.9276,2.7662,685006.5906,685006.5906
300633.SZ,20260413,2.3271,1.73,170.634,3.661,1141928.0368,707228.8164
002500.SZ,20260413,0.9516,0.81,22.3863,1.1137,2038990.2387,2038990.2387
002312.SZ,20260413,2.7739,0.89,40.0853,2.2717,2184079.5953,2179578.8121
688592.SH,20260413,2.196,0.82,227.529,3.5265,332221.8752,159056.4007
920415.BJ,20260413,2.0867,0.95,70.7353,3.1499,175498.8473,135180.9474
301320.SZ,20260413,2.0371,0.53,148.8794,2.9202,309599.01,116023.8067
601330.SH,20260413,7.333,0.85,18.7424,1.438,1157343.011,800177.7692
603365.SH,20260413,1.1168,0.58,13.6178,1.7944,529980.0297,524540.8437
603281.SH,20260413,2.5313,1.57,28.9421,2.8777,1352213.3357,1352213.3357
300005.SZ,20260413,2.5152,0.72,337.2682,6.0991,1278717.0631,1268416.666
002938.SZ,20260413,6.0359,1.31,35.9071,3.9317,13421515.3826,13371618.3728
002659.SZ,20260413,1.8516,0.56,,1.4317,309909.2389,309907.7823
002883.SZ,20260413,4.4841,1.02,,2.288,148349.3077,145658.7966
300713.SZ,20260413,4.3011,0.81,,5.0729,258873.6411,145336.4169
603610.SH,20260413,1.8175,0.78,36.902,1.7766,560550.6941,560550.6941
301512.SZ,20260413,4.5043,0.97,66.2703,2.4415,246240.3078,114563.4678
920748.BJ,20260413,14.1441,1.55,,13.2683,293146.8,136244.2499
688139.SH,20260413,4.0413,3.0,41.933,2.4588,1051389.4869,1051389.4869
002521.SZ,20260413,1.1328,0.69,42.888,1.1921,464290.6105,346860.0952
603358.SH,20260413,6.2854,0.65,37.432,4.1602,1565183.9292,1516658.0707
300731.SZ,20260413,10.1171,1.17,268.3976,14.4465,902884.7625,856877.6176
000910.SZ,20260413,0.9413,0.77,287.7143,0.5766,383725.6475,383573.881
002933.SZ,20260413,2.3573,1.06,98.3692,2.5206,388311.15,386304.847
600867.SH,20260413,5.3586,0.54,15.721,2.7036,1927206.1437,1927206.1437
600389.SH,20260413,4.1612,1.11,28.0414,3.4358,1340613.45,1340613.45
002172.SZ,20260413,3.1709,0.95,71.5823,16.8005,295572.691,295344.3218
300985.SZ,20260413,3.4573,0.75,,3.9699,400628.807,398477.4433
600495.SH,20260413,3.1509,0.58,185.7432,1.63,534020.3716,534020.3716
600887.SH,20260413,0.5248,1.03,20.4989,3.0823,16420636.2915,16339041.5557
002354.SZ,20260413,1.8788,0.67,,7.2774,934840.9883,918651.1726
300307.SZ,20260413,0.9847,0.84,53.5142,1.625,521160.5082,512271.5315
300637.SZ,20260413,2.6615,0.78,233.6946,3.7321,273483.9015,273198.2598
001311.SZ,20260413,4.157,0.99,35.8904,2.1489,986177.6448,432743.5869
300762.SZ,20260413,4.2986,0.81,,9.7208,2270096.2658,2270096.2658
000625.SZ,20260413,0.9979,0.9,24.5681,1.2947,10012053.3531,8349784.0452
301136.SZ,20260413,4.9205,0.92,1438.5926,2.9422,429044.3144,429044.3144
002681.SZ,20260413,1.5259,0.87,,4.1513,945781.7263,827002.5591
301234.SZ,20260413,3.5181,1.52,110.2358,3.4991,266152.0,266152.0
000922.SZ,20260413,1.2512,0.71,37.3105,2.0567,947959.7501,801231.6771
688585.SH,20260413,4.371,0.89,1224.7446,37.3675,5031937.5568,5031937.5568
688226.SH,20260413,17.288,0.87,306.7938,5.6942,975591.8874,975591.8874
600256.SH,20260413,6.2332,0.94,21.9952,1.8191,4333778.0096,4333778.0096
600030.SH,20260413,2.3977,1.31,11.4579,1.3049,38666806.6769,31768621.4912
603057.SH,20260413,3.2876,0.88,53.1685,5.1178,1018876.0,1018876.0
000828.SZ,20260413,1.1009,0.48,12.4842,1.0093,1028082.3051,1028082.3051
002183.SZ,20260413,11.8261,1.32,186.5147,1.6076,1488086.2091,1488077.6141
002617.SZ,20260413,3.635,0.9,53.6441,2.3002,1449063.0303,1425114.9553
301089.SZ,20260413,3.0097,0.74,,2.3532,349262.82,249697.3739
300688.SZ,20260413,3.9599,1.0,,11.3675,420791.9725,373023.4434
688682.SH,20260413,2.7638,0.88,,7.3133,447785.6213,447785.6213
688167.SH,20260413,6.5421,0.87,,16.1738,3599772.5314,3599772.5314
688689.SH,20260413,6.8144,0.92,57.1189,3.8022,459155.6882,459155.6882
300644.SZ,20260413,5.682,1.1,24.066,2.9306,318771.1894,255205.7561
300222.SZ,20260413,1.574,0.71,105.7009,4.9307,853774.5137,695282.4494
920184.BJ,20260413,3.5421,0.8,94.9941,3.273,205816.4764,138698.9063
600533.SH,20260413,2.937,1.05,,0.8113,261450.0,261450.0
002736.SZ,20260413,1.1025,1.0,9.8024,1.2721,12228641.2136,11477240.6761
688220.SH,20260413,3.2583,1.28,,5.637,3076603.0386,2715019.7869
920418.BJ,20260413,1.3623,0.71,25.9595,4.246,391274.9568,374903.7137
300337.SZ,20260413,4.0036,0.69,858.5774,6.0354,1043050.941,902780.6732
300871.SZ,20260413,5.1235,0.47,22.8473,2.3343,492152.0467,492152.0467
920407.BJ,20260413,3.5768,0.58,81.6684,5.609,153264.28,62395.8065
002079.SZ,20260413,3.0386,1.19,82.931,2.5671,794482.9907,793738.1303
688335.SH,20260413,2.4474,1.0,465.3937,4.478,513976.1034,513976.1034
002558.SZ,20260413,13.1977,2.9,35.889,4.0284,5990571.3326,5990571.3326
603205.SH,20260413,1.4072,0.74,39.0558,2.7631,402948.0,106781.22
600458.SH,20260413,3.0845,0.89,21.3654,1.3864,1097358.4001,1016518.3256
002584.SZ,20260413,2.4786,0.66,,2.0175,452372.2942,362093.7054
002318.SZ,20260413,1.4165,0.85,17.2876,3.6186,2951055.5744,2883160.324
000823.SZ,20260413,9.7957,1.35,36.7176,1.7154,816779.4214,816744.8278
920429.BJ,20260413,1.0008,0.38,40.6708,1.8589,158582.424,144599.4981
000551.SZ,20260413,5.2622,1.24,23.3357,2.3695,688320.9253,688057.0268
600792.SH,20260413,7.7877,0.7,,1.6161,459508.3704,459508.3704
603382.SH,20260413,1.8306,0.84,35.4128,2.8145,487928.6827,97585.8614
300176.SZ,20260413,3.3624,0.89,106.9404,2.9197,278454.8952,278454.8952
000016.SZ,20260413,4.3484,1.11,,6.1452,777766.3668,515699.7974
300339.SZ,20260413,1.7164,0.68,248.2981,9.0324,3203164.4025,3127855.1714
600287.SH,20260413,2.399,0.79,101.7909,1.0956,252904.9268,252904.9268
688387.SH,20260413,4.1953,0.68,,8.4665,5073425.0,2992897.3648
600151.SH,20260413,5.3609,0.68,,4.4017,1952017.3626,1952017.3626
000536.SZ,20260413,2.0861,0.87,,20.8449,1192160.1381,1190888.5644
688269.SH,20260413,0.9469,0.74,45.1534,4.7181,497982.24,497982.24
002885.SZ,20260413,5.3579,0.85,98.3364,4.5248,666184.8243,567801.9187
001388.SZ,20260413,1.5324,0.47,44.0175,4.3468,605904.0,121180.8
002289.SZ,20260413,1.0523,1.36,,33.3133,728939.9595,728159.6595
600901.SH,20260413,1.5953,1.3,12.366,1.6117,3909509.8409,3908555.3909
002353.SZ,20260413,4.6872,1.1,40.329,5.165,11439541.2221,7745613.983
300435.SZ,20260413,3.1912,0.85,151.9113,3.1221,1034096.553,988792.023
300084.SZ,20260413,4.7142,0.9,,4.2469,529742.2748,360637.9068
002365.SZ,20260413,2.2195,0.74,162.1465,2.0844,411966.135,343293.0212
300653.SZ,20260413,1.3178,0.76,42.854,3.9704,353160.0,353160.0
002206.SZ,20260413,1.777,0.85,13.8394,1.8696,732190.5486,537400.5122
603045.SH,20260413,11.9656,2.07,74.1251,4.334,441551.2053,441551.2053
002363.SZ,20260413,13.5232,3.17,67.9927,1.6485,351442.7387,350484.1348
688535.SH,20260413,4.1518,0.83,471.953,5.3523,1144586.7445,961982.4162
600640.SH,20260413,1.7397,0.96,442.5091,2.3906,950856.6483,950856.6483
002695.SZ,20260413,1.555,0.6,96.1561,2.1517,603793.0793,551860.0356
301195.SZ,20260413,3.2116,1.77,25.4734,1.749,421831.069,280153.1724
002081.SZ,20260413,1.0524,0.83,19.5069,0.6498,892188.7595,888587.2427
300423.SZ,20260413,3.5931,0.77,,3.0149,406466.7239,272355.5146
603102.SH,20260413,1.1008,0.72,21.7941,1.6287,265088.0,265088.0
300359.SZ,20260413,1.4888,0.79,,5.7108,313500.0439,313484.34
002452.SZ,20260413,3.2793,1.02,23.3161,2.4742,638321.7155,530866.0289
688088.SH,20260413,1.9358,1.02,63.4199,5.9644,1634368.2096,1634368.2096
002853.SZ,20260413,2.8477,0.94,,4.9367,460033.6092,323692.6097
920086.BJ,20260413,4.6054,0.5,26.3926,2.8948,240914.72,76997.4155
002044.SZ,20260413,4.592,1.14,66.5309,2.6036,2058897.5635,2037843.7318
000151.SZ,20260413,2.0462,0.7,,8.5277,413016.6986,362439.136
688177.SH,20260413,2.4062,1.11,,26.2248,974330.24,974330.24
601186.SH,20260413,1.1324,1.18,5.1249,0.3432,9410622.2595,7971749.1315
600506.SH,20260413,5.9754,0.99,323.0324,9.5226,422441.6548,422441.6548
600892.SH,20260413,1.0058,0.91,,262.183,198050.3226,197999.1157
002290.SZ,20260413,8.5757,2.18,108.7228,18.3492,1776236.1705,1769676.5577
600787.SH,20260413,1.6382,1.04,21.5199,0.8438,1174013.0539,1174013.0539
600985.SH,20260413,1.2992,0.74,24.0356,0.8733,3619739.7049,3619739.7049
002581.SZ,20260413,1.2333,1.37,,2.5622,478968.0354,290974.3829
002803.SZ,20260413,3.5255,1.28,26.634,2.7325,737313.4565,472576.1598
603077.SH,20260413,3.9895,0.86,,1.4542,2640670.1457,2640670.1457
000919.SZ,20260413,27.2047,1.03,83.6314,1.1936,450895.2828,450780.8778
603629.SH,20260413,37.6406,1.67,101.4855,10.0444,1906541.76,1866800.336
300581.SZ,20260413,2.9539,1.27,,7.56,722293.8339,722293.8339
603733.SH,20260413,1.4385,0.55,16.233,1.8904,1566193.6369,1566193.6369
688660.SH,20260413,2.172,0.57,,4.0224,1665333.4166,1665333.4166
920021.BJ,20260413,7.9524,0.58,301.8958,4.9065,315797.9826,253000.8758
300616.SZ,20260413,1.872,0.68,,0.8636,271664.3358,187559.9728
300561.SZ,20260413,11.0157,1.54,,9.1607,534159.7833,392441.7305
688227.SH,20260413,2.0618,1.1,,5.4158,687036.9062,687036.9062
002826.SZ,20260413,3.1081,0.95,44.4094,4.7542,381355.5,365958.622
002027.SZ,20260413,1.9395,1.86,16.5501,6.2814,8983048.2296,8983048.2296
688092.SH,20260413,1.9861,0.74,46.8886,3.6183,238732.8811,238732.8811
002121.SZ,20260413,1.958,0.8,,35.9225,1280489.6664,1079339.2097
002282.SZ,20260413,1.0994,0.65,23.4681,1.0031,362991.6218,347948.23
001223.SZ,20260413,4.6931,0.53,71.1387,2.4808,483376.656,483376.656
300460.SZ,20260413,2.0303,1.64,,4.432,247388.5451,247388.5451
000638.SZ,20260413,1.1696,2.37,,1.9867,27713.403,27602.9585
002069.SZ,20260413,1.8634,0.64,,145.5851,263822.624,263490.208
300099.SZ,20260413,3.5181,0.66,35.0041,2.6883,641420.7719,505746.8697
301051.SZ,20260413,3.9579,1.58,,2.0144,444259.0817,352285.4296
603109.SH,20260413,2.1432,0.67,33.2527,2.2786,444847.0068,444847.0068
002873.SZ,20260413,13.2092,0.48,264.1574,1.9159,240686.3527,236334.8803
688190.SH,20260413,2.5616,0.77,34.33,3.8458,1010640.0,1010640.0
920139.BJ,20260413,1.4012,0.75,,4.4128,460588.1329,444220.0009
300478.SZ,20260413,3.5575,1.18,,80.378,326182.975,326182.975
002209.SZ,20260413,2.81,0.8,23.3965,3.736,306703.7661,240878.2143
601019.SH,20260413,5.0075,2.23,14.8081,1.13,1738387.7,1738387.7
300237.SZ,20260413,1.4133,0.75,,,335966.1787,335963.0332
002212.SZ,20260413,1.3842,0.92,525.6294,0.9505,884590.4093,875137.4498
002347.SZ,20260413,13.8504,2.08,,3.6247,414865.2709,405560.7446
688322.SH,20260413,4.4546,1.78,260.1186,11.1025,3305829.6818,2626212.1465
688225.SH,20260413,1.462,1.12,,3.815,662416.56,662416.56
300692.SZ,20260413,5.3714,1.38,67.1643,1.5779,467156.6665,425604.5731
300768.SZ,20260413,2.0132,0.93,63.877,3.0541,1037208.5818,677695.6792
600865.SH,20260413,2.3715,0.6,168.4847,1.8473,424399.0764,424399.0764
601898.SH,20260413,2.7239,0.85,12.8853,1.439,23043556.9892,15906176.6952
301075.SZ,20260413,4.4255,0.88,,8.7987,525200.0,525200.0
603170.SH,20260413,2.5474,0.83,20.8741,3.721,525213.13,525213.13
688010.SH,20260413,5.4425,0.77,431.0582,3.1567,547193.8578,547193.8578
688119.SH,20260413,1.756,0.88,,2.0547,578250.0,578250.0
301505.SZ,20260413,2.3887,0.77,114.4374,2.6043,253281.5801,173116.1404
301323.SZ,20260413,10.3554,0.81,46.5909,3.0775,665525.5131,426542.6858
600502.SH,20260413,5.7893,0.59,6.3451,0.8115,968125.141,968125.141
301580.SZ,20260413,6.0081,1.06,41.8948,3.6361,757993.5517,512256.8641
601010.SH,20260413,9.0756,3.02,41.562,1.0361,443520.0,443520.0
301126.SZ,20260413,3.072,0.56,,1.324,230462.3904,154705.0278
688581.SH,20260413,0.6918,0.7,20.1297,1.7828,448523.9748,229783.5868
688019.SH,20260413,2.3423,1.2,56.6064,10.7637,4467256.9411,4467256.9411
300125.SZ,20260413,3.2115,1.87,293.8913,5.6745,597267.4383,323646.8857
002524.SZ,20260413,3.8891,0.96,,19.1687,214893.2664,213027.5041
603099.SH,20260413,2.5266,0.61,73.9912,6.3952,957058.492,937078.38
600333.SH,20260413,3.2847,0.64,,1.73,323395.2932,323395.2932
002594.SZ,20260413,2.6995,1.37,29.1385,4.1771,95046784.6151,36347945.7375
002950.SZ,20260413,26.7127,3.04,20.4266,2.4764,923934.2288,659461.0099
300418.SZ,20260413,4.0116,0.62,,4.4474,6245400.8412,6241091.2474
002048.SZ,20260413,2.4388,0.83,67.3661,1.9468,2189211.0982,1909346.4437
300438.SZ,20260413,12.5352,1.21,,5.7472,2994389.6486,2404373.0519
601636.SH,20260413,2.8067,1.28,29.3079,1.1593,1754481.6607,1754481.6607
002715.SZ,20260413,5.5654,1.31,,4.6426,213072.0,213072.0
002510.SZ,20260413,1.8545,0.85,126.8117,2.8878,721763.6214,714446.1786
002041.SZ,20260413,3.1816,0.74,174.8656,2.5114,909920.0,909920.0
002370.SZ,20260413,6.5845,0.4,39.579,4.762,533897.9515,533897.9515
603339.SH,20260413,1.2752,1.03,25.8913,1.5516,404130.1746,404130.1746
603508.SH,20260413,5.1162,3.25,16.8443,2.3394,936791.1443,936791.1443
000878.SZ,20260413,3.0586,1.01,35.3867,2.7336,4605424.492,3804875.9182
920768.BJ,20260413,1.493,0.74,22.7303,1.746,123509.61,85138.1403
000888.SZ,20260413,2.9492,0.81,28.9306,2.4283,650737.681,650737.681
600725.SH,20260413,2.3682,1.19,,18.5594,520102.34,520102.34
002616.SZ,20260413,3.6895,0.6,17.6612,1.367,494908.628,338388.6344
002875.SZ,20260413,3.5834,1.32,,6.3528,408140.3268,349548.4528
300034.SZ,20260413,6.0827,2.37,173.6145,4.0088,1518211.7775,1461243.0649
688636.SH,20260413,5.7969,1.81,71.8155,5.2562,733885.0249,707387.6491
000620.SZ,20260413,3.91,0.81,,3.7157,1661723.6563,1322104.9146
300130.SZ,20260413,3.2856,1.13,28.122,2.9944,1318403.1619,1008991.1703
600851.SH,20260413,4.4814,0.69,64.8916,2.1713,1013927.6213,620093.1324
920239.BJ,20260413,2.4331,1.03,21.7768,4.9568,541306.6085,533459.3869
301236.SZ,20260413,1.6071,0.79,197.4958,2.9357,4015499.2171,3047766.1963
600726.SH,20260413,25.7176,1.12,,9.3447,3842965.3981,3633013.3971
600933.SH,20260413,2.2958,1.15,15.9836,1.871,1747105.0287,1657629.5858
603767.SH,20260413,1.7764,0.87,,4.2237,574671.853,574671.853
300940.SZ,20260413,2.1824,0.88,37.8615,4.2113,500949.837,354328.6995
601778.SH,20260413,12.574,2.15,42.5368,1.2368,1957779.1775,1957779.1775
688317.SH,20260413,3.5425,0.55,,1.1798,395076.8459,395076.8459
600378.SH,20260413,2.602,0.91,29.0703,2.3166,4169278.7718,3466531.2532
603697.SH,20260413,2.3036,0.71,22.9339,2.4019,425553.6375,425553.6375
301270.SZ,20260413,2.6914,0.84,214.4081,3.2264,317800.0,300298.2582
601900.SH,20260413,1.6947,0.8,10.2606,1.3436,1160672.6437,1160672.6437
600906.SH,20260413,1.4435,1.08,21.4435,1.7263,2102760.0,1376504.2476
000058.SZ,20260413,1.1319,0.55,142.823,4.9225,991116.541,792715.18
600522.SH,20260413,8.2132,1.06,33.968,2.6581,9733732.4075,9733732.4075
603185.SH,20260413,9.0848,2.59,,1.4027,1704276.621,1694160.394
300725.SZ,20260413,2.4731,0.59,43.9043,1.2353,883090.327,765650.4079
600753.SH,20260413,4.3367,1.78,78.5861,43.5845,285350.5898,285350.5898
603062.SH,20260413,3.2293,0.92,25.7514,2.5911,541296.0,185810.3772
300585.SZ,20260413,13.3286,2.81,,4.0902,291402.222,291402.222
601717.SH,20260413,2.2444,1.17,8.1881,1.4535,3515452.4622,3036524.3224
603030.SH,20260413,2.386,0.9,,3.5985,318697.9118,318697.9118
300735.SZ,20260413,1.6024,0.67,51.7681,3.415,1686878.5944,1664803.1836
603202.SH,20260413,24.6853,4.91,15.3164,2.5203,1630080.0,338873.6431
600699.SH,20260413,3.8512,0.74,30.0212,2.3151,4010292.6759,3504168.7234
600538.SH,20260413,3.1744,1.14,,4.4094,340204.7279,340204.7279
301318.SZ,20260413,1.5755,0.61,29.6377,1.9266,361789.2185,237406.4052
300474.SZ,20260413,2.4649,1.2,,4.5153,3148258.1994,2448600.1832
301501.SZ,20260413,0.9635,0.53,22.7115,2.671,551371.2,162168.0
300473.SZ,20260413,3.8806,1.5,64.0241,2.733,560289.4328,486912.2111
600727.SH,20260413,4.7858,0.58,99.5811,1.1918,381108.4403,381108.4403
002871.SZ,20260413,2.0847,0.81,29.4923,3.8789,425381.1442,252329.0468
301373.SZ,20260413,32.9979,1.37,71.7462,6.2896,1023542.6507,363028.6142
600846.SH,20260413,0.5302,0.79,28.7175,1.8422,758460.4804,758460.4804
600928.SH,20260413,1.3582,0.94,6.0712,0.4688,1617777.778,1610100.88
920974.BJ,20260413,1.0585,0.61,47.34,1.9109,122031.0,95696.5865
002902.SZ,20260413,38.7625,1.09,,8.5948,725707.9835,548528.3756
301019.SZ,20260413,1.6179,1.13,30.684,3.308,341639.1828,216646.2144
300640.SZ,20260413,6.0419,1.31,179.3279,2.664,216451.4252,153641.3945
002460.SZ,20260413,9.3446,1.4,109.6845,3.9189,17691907.381,10220257.8046
002520.SZ,20260413,2.3891,0.73,,16.1987,416386.0699,398179.2949
688111.SH,20260413,2.7971,1.05,58.9766,8.4123,10830859.9563,10830859.9563
600905.SH,20260413,0.7095,0.69,32.0238,1.326,11749524.2084,11749524.2084
600346.SH,20260413,2.8611,1.54,22.3566,2.4082,15563449.6268,15563449.6268
920870.BJ,20260413,1.4155,0.51,112.4491,4.123,186528.0,91876.0368
600104.SH,20260413,0.9017,0.68,16.0955,0.5443,16265817.6682,16265817.6682
300319.SZ,20260413,4.8076,1.16,32.149,2.2525,1083745.3436,1029031.6425
603220.SH,20260413,12.1235,0.94,169.5595,3.7277,1447063.9929,1171636.3777
301507.SZ,20260413,2.3202,0.7,41.5136,3.0774,498462.9533,154041.2275
300695.SZ,20260413,6.5315,2.2,21.3581,2.5843,748520.6837,748520.6837
300214.SZ,20260413,2.5549,0.74,,1.3843,335194.7847,335194.7847
920522.BJ,20260413,2.7429,0.98,120.3671,7.2926,784694.1043,650967.5248
301263.SZ,20260413,1.2429,0.67,502.2358,6.7449,1169692.6275,834558.0652
301103.SZ,20260413,1.5151,0.89,287.1403,1.5971,304991.089,304991.089
300201.SZ,20260413,4.8275,0.96,36.5691,6.1459,1130128.8398,1124167.6488
605218.SH,20260413,4.3958,1.6,90.4279,2.4651,442165.6069,387569.7307
002245.SZ,20260413,9.194,0.69,31.1111,3.0215,2237238.6312,2104133.6882
000703.SZ,20260413,6.3674,1.35,249.5503,2.3096,5842436.0828,5813121.7126
688005.SH,20260413,4.5093,1.19,,2.7329,2184915.7618,2184589.5249
920039.BJ,20260413,0.9181,0.59,44.3916,2.7128,145667.54,145667.4453
601398.SH,20260413,0.735,0.82,7.1269,0.6806,262671411.4746,198704200.6412
002031.SZ,20260413,1.4063,0.57,,6.4064,1361425.9197,1200088.4728
920261.BJ,20260413,0.6285,0.49,21.5463,2.4864,409914.9092,241050.304
300341.SZ,20260413,1.7329,0.68,41.2123,3.9255,755419.0906,752438.0626
605123.SH,20260413,3.0619,0.7,46.0583,2.5413,1162392.367,1162392.367
600717.SH,20260413,1.6916,1.1,13.1613,0.642,1290724.4629,1290724.4629
301262.SZ,20260413,3.9048,0.78,24.6639,2.6555,962436.0,281750.0047
605068.SH,20260413,4.5854,1.17,,2.735,411335.3833,411335.3833
688033.SH,20260413,2.0509,0.77,,3.2263,469998.0263,469998.0263
301667.SZ,20260413,44.6076,2.11,111.5471,9.7437,1211838.4992,244109.8691
603280.SH,20260413,4.5631,0.68,45.4937,2.799,380073.7745,97963.4845
600481.SH,20260413,5.6537,1.37,,2.5359,1345846.3784,1345846.3784
002845.SZ,20260413,1.8214,0.76,,1.9158,455624.4217,348077.3732
002615.SZ,20260413,3.5842,0.86,28.1401,1.862,455126.93,248552.4827
301030.SZ,20260413,3.5559,0.71,,2.5097,211085.8132,210796.2555
920223.BJ,20260413,9.7983,1.38,,11.1694,271631.195,140895.1363
002056.SZ,20260413,6.9185,1.89,17.1706,2.9908,3178595.3926,3175311.764
600188.SH,20260413,4.4065,1.23,23.8094,2.7825,19954511.3215,11851167.8158
002459.SZ,20260413,4.4996,1.28,,1.6316,3696949.3942,3692554.8559
688188.SH,20260413,1.573,0.91,36.7223,6.7308,4085528.4671,4085528.4671
600416.SH,20260413,1.8996,0.93,80.1692,1.8607,1801930.2909,1801930.2909
300897.SZ,20260413,2.0753,1.09,80.2905,3.544,347604.8941,216713.8528
300119.SZ,20260413,1.7463,0.56,20.8871,1.7787,836558.4708,600522.246
603937.SH,20260413,11.4944,0.74,,1.9067,294117.855,294117.855
600580.SH,20260413,2.6984,0.83,52.6969,5.413,5934484.4243,5917445.9093
600682.SH,20260413,4.0146,0.76,43.538,0.5434,961769.538,832303.0966
002800.SZ,20260413,9.9914,0.69,,5.2174,256850.924,249410.9149
000755.SZ,20260413,1.2166,0.59,15.6441,1.3638,742458.9592,742458.9592
002996.SZ,20260413,2.7576,0.9,33.8529,1.5352,493374.9481,306819.3335
688486.SH,20260413,4.683,1.89,50.1388,5.5272,861963.4641,861911.2205
600012.SH,20260413,2.7138,0.96,13.7055,2.0099,2573139.3848,1755393.6
002405.SZ,20260413,1.6111,0.68,,2.614,2150178.4743,2136757.0556
600105.SH,20260413,19.8109,1.26,169.8019,17.4164,5657919.8837,5657919.8837
601999.SH,20260413,26.3711,2.91,43.484,1.7054,456708.2863,456708.2863
603969.SH,20260413,1.7211,0.89,22.0137,2.9352,805350.084,779678.9616
002216.SZ,20260413,1.685,0.6,20.5528,2.4682,1117442.925,801368.5364
600547.SH,20260413,2.3523,0.9,38.421,5.8823,18209221.6238,14277051.2207
001382.SZ,20260413,7.1422,0.68,68.1351,5.2125,829356.0,126819.0
002522.SZ,20260413,3.35,0.78,70.0994,2.3469,541656.0734,541201.8876
300861.SZ,20260413,2.5969,1.0,524.2367,1.7296,1094428.0768,687217.9042
600561.SH,20260413,2.8961,0.74,,2.0041,181496.1984,181496.1984
300368.SZ,20260413,4.3288,0.67,,31.3709,584482.5399,584482.5399
000553.SZ,20260413,2.7118,0.57,,0.8351,1467781.4126,1371555.3354
601600.SH,20260413,3.0653,0.73,16.4593,2.7842,20860445.1336,16018812.0479
300631.SZ,20260413,3.7371,1.14,41.8759,2.5962,340243.1567,327855.8233
603199.SH,20260413,3.8256,0.81,19.2263,2.4768,409183.96,409183.96
301522.SZ,20260413,1.8415,0.72,103.064,6.1795,1169148.801,884774.001
688189.SH,20260413,4.0982,0.69,,2.6662,208818.4,208818.4
002429.SZ,20260413,4.4544,0.85,38.1257,2.8587,4689910.4689,4687209.0066
000869.SZ,20260413,0.9139,1.18,47.2442,1.2313,1269787.9273,879261.4979
001367.SZ,20260413,11.8001,0.76,29.2975,2.665,398093.6856,107053.6902
603166.SH,20260413,1.8765,0.93,27.6134,3.2896,874210.9815,867528.9915
600156.SH,20260413,9.4377,2.46,,8.4135,315656.9011,315656.9011
002549.SZ,20260413,8.7601,0.75,220.4702,6.4088,1325333.0993,1319637.2566
002373.SZ,20260413,1.6268,0.91,,1.3168,1502758.9925,1310092.0138
603860.SH,20260413,3.5056,0.8,46.1216,2.5035,210308.72,210308.72
002003.SZ,20260413,0.4798,0.68,17.8063,2.5051,1142522.9565,982238.9341
603230.SH,20260413,24.9339,2.34,22.8943,1.4453,400188.036,400188.036
301289.SZ,20260413,2.1952,0.71,48.4358,4.2777,422760.0,420054.878
000920.SZ,20260413,3.005,0.96,25.4796,2.8194,561946.5093,561919.7568
300019.SZ,20260413,6.8423,1.1,28.414,2.9213,791343.9171,742011.7408
002310.SZ,20260413,10.124,0.96,,12.3782,1901785.1111,1331098.7603
300415.SZ,20260413,1.3877,0.72,16.9278,3.7549,1170936.6479,1132277.2554
002569.SZ,20260413,3.4292,2.34,,65.837,189949.19,184602.5246
600279.SH,20260413,2.5459,1.31,120.1577,0.8702,586311.9438,586311.9438
002682.SZ,20260413,4.3131,0.77,,3.1696,341357.7366,341352.6378
600802.SH,20260413,4.7209,1.23,,2.4051,266242.3204,266242.3204
300805.SZ,20260413,2.2047,0.51,104.986,2.7921,435902.0901,296136.8385
300520.SZ,20260413,3.662,0.82,,5.8986,1043718.8583,993602.1395
002330.SZ,20260413,2.5289,0.69,,1.309,299868.8169,299804.3535
688577.SH,20260413,2.4978,1.08,154.87,7.2348,734446.2114,734446.2114
301151.SZ,20260413,2.1589,0.87,39.1398,1.5476,316713.6834,316413.2906
603599.SH,20260413,2.9242,1.17,18.5949,1.3523,1348108.8999,1348108.8999
000547.SZ,20260413,6.937,0.65,,8.9835,4223153.1667,4198457.8458
002453.SZ,20260413,2.1451,0.92,,4.4232,405371.1959,305768.8049
002493.SZ,20260413,2.3033,1.13,165.5275,2.7892,12187119.5499,11421882.1749
002810.SZ,20260413,10.6669,1.51,57.1789,3.848,860062.0955,797015.0909
605080.SH,20260413,3.373,1.19,16.1126,1.5001,329931.698,327158.6472
300590.SZ,20260413,1.2119,0.8,71.6096,2.9291,538103.5195,414604.0349
300697.SZ,20260413,4.5334,1.45,40.8481,5.5317,678379.52,315938.302
300400.SZ,20260413,10.7736,0.67,74.7999,9.2267,628158.1962,626056.446
600365.SH,20260413,1.4166,1.05,,5.237,141203.33,132884.08
603606.SH,20260413,2.0421,0.7,31.589,4.8489,4016257.7491,4016257.7491
002140.SZ,20260413,3.2209,0.71,16.5424,1.8591,881477.2706,880166.9119
002472.SZ,20260413,1.5516,0.89,27.2317,3.4047,3224995.9698,2866746.7692
300751.SZ,20260413,6.9165,0.88,71.6829,7.576,5954120.6779,4120339.8358
002200.SZ,20260413,1.8809,1.74,,2.6526,341050.9392,147968.8333
002068.SZ,20260413,3.4211,0.75,,2.5637,622102.0358,621792.5056
920496.BJ,20260413,1.8498,0.84,137.8786,2.6539,149183.075,130643.5872
002128.SZ,20260413,1.6828,1.06,13.9725,1.9336,7069922.7969,7069922.7969
002236.SZ,20260413,1.7646,1.24,15.0931,1.5409,5817557.366,3744465.2051
688802.SH,20260413,8.007,0.84,,18.541,24410101.0,1106658.7427
300254.SZ,20260413,8.3249,1.36,147.4919,10.2288,300356.6944,265017.8489
603486.SH,20260413,2.9706,1.71,22.5523,4.1666,3628682.8641,3593769.4773
301288.SZ,20260413,2.4977,2.59,,2.5213,200358.55,144893.347
002858.SZ,20260413,5.347,0.59,,4.5381,246863.276,221349.5276
600900.SH,20260413,0.541,0.88,18.9203,2.9933,64645031.2057,64645031.2057
301017.SZ,20260413,7.7333,0.62,,2.8584,568660.2527,362689.5937
600073.SH,20260413,1.2089,0.97,,1.187,557011.3064,557011.3064
603916.SH,20260413,1.972,0.78,41.1781,1.0884,458696.4231,452272.7031
688328.SH,20260413,8.7731,0.59,153.0095,4.6118,382831.3636,382831.3636
002579.SZ,20260413,11.5951,0.63,244.9317,3.2238,779863.5033,742683.3411
605088.SH,20260413,1.7907,0.74,22.8083,2.4002,689268.5802,679031.8602
002568.SZ,20260413,0.6501,0.64,25.7196,3.7599,1785343.0235,1307921.3842
001300.SZ,20260413,3.7998,0.92,,3.8281,396623.4121,396623.4121
300462.SZ,20260413,3.907,2.27,61.3919,1.6378,234138.7439,178339.9823
603536.SH,20260413,2.5236,0.61,,6.0887,245289.3494,243418.6471
600235.SH,20260413,2.9028,0.87,145.8384,1.5718,237478.8,237478.8
300820.SZ,20260413,2.4943,0.84,48.0712,4.0349,1022586.0898,514297.9902
003000.SZ,20260413,1.0161,0.76,18.6363,3.4917,464871.8779,317610.1641
920402.BJ,20260413,2.4469,0.54,,2.4809,383230.5408,247768.9355
001236.SZ,20260413,3.1673,0.78,2357.4669,5.0473,941264.4447,708044.6447
688653.SH,20260413,1.4568,0.96,,3.8418,549277.12,409436.6065
002179.SZ,20260413,2.9305,0.66,35.9905,3.2084,7779428.8591,7702554.7812
688222.SH,20260413,5.2662,0.58,92.389,7.0595,1053387.72,1053387.72
601702.SH,20260413,2.2669,0.65,16.5001,3.0823,1983081.7716,1983081.7716
603373.SH,20260413,4.7797,0.93,34.2092,2.4787,442688.1732,187035.7546
300421.SZ,20260413,5.8467,0.95,129.3144,5.7229,726255.2955,568949.8578
600755.SH,20260413,2.1,1.31,27.6562,0.6981,1357389.3966,1353920.6392
600415.SH,20260413,6.4576,1.87,16.1498,2.9583,6788646.3218,6788646.3218
600486.SH,20260413,2.4437,0.9,25.1525,2.8214,3234495.8381,3223829.4589
002513.SZ,20260413,3.0457,0.84,,58.8365,227985.5446,175448.0703
300682.SZ,20260413,2.3232,0.84,163.1307,2.5208,1712238.4837,1637743.0154
002714.SZ,20260413,2.1155,1.4,16.4651,2.9163,25499317.5016,16785438.2053
688419.SH,20260413,9.3083,0.64,69.0163,5.3416,554430.078,288026.1881
300225.SZ,20260413,8.8174,3.38,98.0609,3.156,272421.1551,272207.7126
300988.SZ,20260413,7.2912,0.77,38.5416,3.115,396480.3309,301448.9876
002494.SZ,20260413,4.4567,0.78,131.1998,1.6093,197333.5055,149980.9391
601512.SH,20260413,0.9944,0.63,16.5012,0.8697,1311528.75,1311528.75
002972.SZ,20260413,4.7702,0.76,36.3802,2.5899,318089.3784,174097.6853
300670.SZ,20260413,4.1365,0.94,,3.4742,198075.2994,140433.8913
000926.SZ,20260413,1.7057,0.88,,0.3786,326557.7787,322507.8747
688651.SH,20260413,1.9878,0.58,,3.0438,285913.008,123067.1834
603900.SH,20260413,2.0924,0.64,,1.3413,260995.4822,260070.8672
688697.SH,20260413,0.8597,0.75,22.2744,3.6515,674109.4021,674109.4021
920026.BJ,20260413,4.0372,0.57,54.0775,4.4519,280622.1041,127236.7858
603797.SH,20260413,2.1468,0.75,21.075,0.8246,266968.203,266968.203
603137.SH,20260413,2.0417,0.65,46.45,1.9776,245862.4009,99097.6009
688623.SH,20260413,3.3174,1.14,79.5495,2.4188,513003.7798,166043.7798
688067.SH,20260413,3.7418,0.85,62.9153,3.5399,182104.0,182104.0
301260.SZ,20260413,1.9206,1.24,,1.6767,747808.4647,316875.4435
603738.SH,20260413,15.268,0.95,284.3762,6.3433,1085887.4025,1085887.4025
002497.SZ,20260413,9.0313,2.15,68.9961,2.7756,3011645.8648,2765994.6514
000711.SZ,20260413,6.8765,0.92,,13.3753,1009899.4003,814534.4622
002073.SZ,20260413,2.1789,0.54,17.9858,1.1437,725002.3035,717658.5735
300252.SZ,20260413,4.3377,0.66,631.7214,4.2923,936947.6751,790690.622
603928.SH,20260413,2.9956,0.76,50.0018,2.516,389975.04,389975.04
301257.SZ,20260413,5.0924,0.79,37.4593,3.6505,455304.4895,434062.8726
600843.SH,20260413,1.0945,0.69,,2.2166,674655.4901,443884.7026
600135.SH,20260413,5.0578,0.59,,2.3492,558840.17,558840.17
002239.SZ,20260413,1.7535,0.75,80.0485,1.8112,1012092.5764,996176.3893
603668.SH,20260413,4.7092,1.14,253.3069,2.9456,693953.1163,693953.1163
300227.SZ,20260413,4.7418,0.64,,4.6857,743176.3246,540035.4581
002149.SZ,20260413,10.134,0.67,248.7997,7.742,2218933.8753,2218593.0003
600543.SH,20260413,3.6293,1.35,,2.0034,152210.88,152210.88
000908.SZ,20260413,2.589,0.7,81.37,341.5499,1273913.2602,636956.6301
301326.SZ,20260413,6.6085,0.94,,8.6497,1109114.1909,1099163.7779
600339.SH,20260413,16.1856,0.9,68.0188,0.9067,2423086.0024,2423086.0024
002307.SZ,20260413,4.6877,0.47,,1.66,745248.1333,573267.7951
301065.SZ,20260413,2.5232,0.64,35.0428,1.826,245118.24,199496.7
300265.SZ,20260413,15.0463,0.54,326.9342,3.7846,883298.9218,882732.9302
603172.SH,20260413,4.9209,1.27,50.9492,2.6237,285166.44,107071.04
600605.SH,20260413,1.9419,1.16,228.5431,3.8831,551186.6503,551186.6503
688521.SH,20260413,5.7472,1.17,,36.7819,12578315.5843,12578315.5843
300446.SZ,20260413,3.8547,1.15,19.8906,2.9697,1752535.1601,774390.2345
688272.SH,20260413,10.7827,0.81,,9.1056,378100.0,378100.0
605001.SH,20260413,2.2032,0.73,27.249,1.0827,290735.64,290735.64
600796.SH,20260413,3.4083,0.75,29.9092,1.5945,545949.0326,196231.0701
002979.SZ,20260413,2.643,0.87,57.0654,7.512,1234573.5287,867432.1742
600760.SH,20260413,4.8046,3.23,41.6508,6.221,14651769.482,14605729.2015
002907.SZ,20260413,6.754,0.88,79.2554,3.5015,591316.3806,424678.9462
002951.SZ,20260413,6.8724,1.1,868.9143,3.6163,606690.0,600884.3887
688101.SH,20260413,1.222,0.81,14.4458,1.2321,545495.8244,545495.8244
605589.SH,20260413,6.4722,0.83,30.3296,3.0913,3174803.256,3164343.5925
920149.BJ,20260413,1.559,0.85,,6.5046,77248.0118,63899.673
301486.SZ,20260413,18.3633,1.03,131.3108,8.5805,2242652.3809,1262724.0421
000589.SZ,20260413,1.4564,0.8,14.1003,0.8048,712018.0228,707527.8824
603396.SH,20260413,5.0366,1.01,105.1354,1.8656,483045.3158,483045.3158
301348.SZ,20260413,4.0053,0.78,,3.9688,590640.0,381797.4974
301372.SZ,20260413,12.9306,1.91,,2.5245,199200.0042,119600.1427
688392.SH,20260413,2.4864,0.61,123.9081,8.0842,1456504.3356,1456504.3356
000676.SZ,20260413,1.1486,0.65,54.8927,2.2711,970037.6956,969451.9696
300989.SZ,20260413,2.4123,0.67,,3.0585,303992.6885,217033.5636
920035.BJ,20260413,1.6764,0.68,30.9701,3.1522,183789.45,41345.478
300819.SZ,20260413,24.3516,2.27,130.6259,9.0281,771539.055,696855.5948
001378.SZ,20260413,1.6955,0.66,39.74,1.716,318667.304,154168.7807
688505.SH,20260413,1.2344,0.8,,3.8401,812672.5264,557088.5264
605158.SH,20260413,1.8403,1.0,23.4001,1.55,383053.58,383053.58
688193.SH,20260413,1.325,0.71,214.9061,2.2375,204356.337,204356.337
300612.SZ,20260413,3.1393,0.57,,5.5177,270501.2895,269639.3645
300235.SZ,20260413,5.0502,0.91,591.3794,4.8188,336081.7577,271184.2785
600360.SH,20260413,1.1634,1.01,49.9817,2.5805,876749.6126,876749.6126
300161.SZ,20260413,1.2343,0.8,,3.6703,564100.5161,553590.5296
001282.SZ,20260413,12.7958,1.2,42.4272,2.8679,465701.0176,163833.4208
300779.SZ,20260413,2.8938,0.89,721.6469,8.7649,1927276.8494,1467378.2859
300434.SZ,20260413,2.493,0.55,30.9629,1.6041,403752.5914,343831.6914
000695.SZ,20260413,12.5732,0.83,,18.8374,323525.986,309648.3849
920112.BJ,20260413,1.0208,1.34,18.8554,3.0329,271604.85,74208.783
603298.SH,20260413,1.0878,0.89,14.7174,2.9126,3240475.0092,3240475.0092
300745.SZ,20260413,2.9,0.69,,1.9631,446027.0119,376556.311
603936.SH,20260413,7.5779,1.13,,2.0453,894534.7677,894534.7677
002090.SZ,20260413,1.6063,0.81,53.0887,2.86,436228.4303,431263.0706
920422.BJ,20260413,9.1822,1.51,56.1161,2.4416,104852.0114,78473.9114
920640.BJ,20260413,3.5424,0.79,82.4088,6.9174,640527.936,615224.3222
688615.SH,20260413,2.6969,0.87,52.8689,8.2175,2401000.0,1657894.6846
603418.SH,20260413,1.6238,0.97,19.4991,2.228,983104.5168,210628.6043
301678.SZ,20260413,3.3167,0.76,87.4194,7.7854,1486681.2282,297336.2494
002536.SZ,20260413,14.4701,1.19,63.133,5.7279,2000829.6761,1895060.1421
688273.SH,20260413,10.5764,2.51,43.7872,3.3171,446900.0,446900.0
301001.SZ,20260413,3.7303,0.7,249.3417,2.9,226480.0,142399.3
601226.SH,20260413,4.9527,1.03,69.1191,2.4627,1083192.4884,1083192.4884
688265.SH,20260413,4.2129,1.34,105.2694,1.9964,341402.2234,341402.2234
300112.SZ,20260413,1.9061,0.62,,2.4459,228698.0045,187233.5359
002104.SZ,20260413,7.9081,1.33,272.1539,5.1989,1113509.1501,942726.8343
002415.SZ,20260413,1.802,1.91,21.0902,3.5906,29923305.6108,29536605.7105
300016.SZ,20260413,4.3436,0.68,170.0357,2.5712,568501.8946,567735.8349
002516.SZ,20260413,1.1393,0.76,45.1209,2.2001,831023.8553,823447.2053
002335.SZ,20260413,5.277,0.82,72.3227,4.8221,3049189.4666,2689843.3619
301539.SZ,20260413,2.0178,0.52,46.6191,3.4933,284900.0,144493.9631
603811.SH,20260413,2.4926,0.82,17.2075,2.9462,389492.1408,389492.1408
301268.SZ,20260413,2.3528,0.93,,5.3711,902895.0817,777293.5886
002586.SZ,20260413,0.9412,0.74,,1.8315,545794.7116,518746.0874
301165.SZ,20260413,9.1131,0.83,105.3904,14.7094,7338863.6322,7338863.6322
000850.SZ,20260413,1.343,0.78,15.2359,1.0257,467114.1795,466981.4551
300241.SZ,20260413,5.2697,0.72,122.9373,2.0992,469176.7775,392874.5109
688378.SH,20260413,2.5809,1.03,122.571,5.0906,985572.8683,908421.3527
603193.SH,20260413,6.0137,0.7,31.9752,4.4938,976283.6667,249350.5257
920000.BJ,20260413,1.3254,0.76,21.4979,2.2026,146046.24,91747.1225
301383.SZ,20260413,2.3875,0.78,132.5261,2.2795,458070.4128,198002.357
300221.SZ,20260413,2.5017,0.9,42.8294,3.2359,474228.4397,457621.2431
002426.SZ,20260413,4.1396,1.18,,5.1615,1245361.0853,1245351.5601
603919.SH,20260413,1.6499,0.71,25.321,2.6942,897342.9347,897342.9347
301315.SZ,20260413,2.5943,0.68,102.3955,4.3517,442640.0,186110.0
000628.SZ,20260413,6.8107,1.09,171.656,8.9096,1969949.76,1074998.1673
003029.SZ,20260413,1.8695,0.78,,3.9871,413766.4251,376323.5908
300571.SZ,20260413,13.4615,0.73,,3.3253,483186.4821,400451.537
000338.SZ,20260413,2.022,0.86,21.4253,2.5132,23418923.394,13449389.2431
688512.SH,20260413,4.569,1.48,,3.5946,590557.0882,410581.4244
002735.SZ,20260413,2.3145,0.7,,3.3512,560630.0034,425878.6555
603096.SH,20260413,2.5171,0.84,39.6096,1.4374,267288.6034,267288.6034
688596.SH,20260413,1.9963,1.14,64.3965,2.4651,888570.1709,888570.1709
301491.SZ,20260413,1.3606,0.8,29.6513,3.0968,647580.0,143488.919
300547.SZ,20260413,15.0828,0.85,43.7965,6.5872,841812.8613,685512.7933
603391.SH,20260413,4.3877,0.75,27.6214,2.7554,623987.0,155996.75
003043.SZ,20260413,4.3641,1.06,112.6313,4.1527,716801.0427,448976.0516
300062.SZ,20260413,3.5795,0.67,,3.0379,488201.4618,355297.3938
600761.SH,20260413,1.479,0.64,12.5605,1.4197,1538226.3982,1538226.3982
300070.SZ,20260413,1.8462,1.21,655.5145,0.5277,1435186.9077,1335247.926
300981.SZ,20260413,22.3721,1.21,,1.1695,627858.3,575403.0629
300407.SZ,20260413,7.3031,2.42,57.19,2.0886,403251.0212,324998.3092
301307.SZ,20260413,7.231,0.64,,2.9678,848086.2,438909.3343
601727.SH,20260413,1.2536,0.64,103.0667,2.273,12432097.3088,10092511.7088
600897.SH,20260413,8.7895,3.87,15.7119,1.4795,697947.516,697947.516
002131.SZ,20260413,9.42,1.11,111.4426,4.1285,5451281.8559,4709027.6928
002008.SZ,20260413,4.2344,0.72,68.9747,4.5977,7802334.6258,7250054.6311
002717.SZ,20260413,3.293,1.1,,3.5202,302158.7706,268123.2116
601211.SH,20260413,0.8324,0.87,10.8781,0.944,30251236.7226,23160697.8912
300258.SZ,20260413,7.6351,2.16,55.6584,1.599,754125.8962,734589.4191
001255.SZ,20260413,3.8751,0.85,398.5157,3.6264,320364.1335,261628.192
300978.SZ,20260413,1.7629,0.8,31.6896,2.8412,461591.391,208811.5641
688786.SH,20260413,2.0209,0.92,51.3944,5.7797,448080.8093,448080.8093
600711.SH,20260413,3.3886,0.7,22.3592,2.6611,4385577.7909,4385577.7909
603719.SH,20260413,1.3924,0.8,,2.0418,412629.0,412629.0
300730.SZ,20260413,6.5973,0.69,,14.2469,357126.7805,286305.556
000100.SZ,20260413,1.5319,0.96,19.9407,1.4661,9006773.4396,8284150.219
300272.SZ,20260413,4.1751,0.84,51.685,3.4826,489787.0471,372042.084
600239.SH,20260413,1.8624,0.81,,2.6165,335588.564,335588.564
301118.SZ,20260413,3.8637,0.72,,2.0111,269540.3944,256958.3245
300597.SZ,20260413,1.7076,0.65,,2.682,253217.5579,252104.8091
002161.SZ,20260413,3.2556,1.25,49.4442,3.2135,540022.902,514462.1141
688217.SH,20260413,2.6867,0.87,,1.8227,153994.7053,153994.7053
601088.SH,20260413,0.8695,0.8,19.0099,2.1414,100465459.6961,76386487.8076
603638.SH,20260413,1.8472,1.05,44.0754,4.8631,1672981.7745,1672981.7745
600860.SH,20260413,7.8238,1.38,,7.4514,638916.148,518195.5996
603317.SH,20260413,2.8932,0.95,25.1363,3.153,1432041.3979,1432041.3979
600765.SH,20260413,1.8555,1.1,42.0495,1.8249,2560062.8583,2560062.8583
603282.SH,20260413,2.378,0.9,22.9657,2.1229,280620.54,280620.54
600729.SH,20260413,0.6953,0.52,9.4673,1.2374,966354.0509,422307.3597
300467.SZ,20260413,1.9808,1.05,369.9385,9.3509,597015.9874,495221.271
002529.SZ,20260413,3.1857,2.91,,9.4947,183560.0,183560.0
300928.SZ,20260413,1.8797,0.73,,2.1233,233120.0,156150.9969
300773.SZ,20260413,10.4715,0.88,108.4256,5.6023,1923022.3964,1818765.2416
001301.SZ,20260413,5.3825,1.84,19.2229,2.7622,1867866.4307,1332510.5189
301050.SZ,20260413,2.2904,0.84,92.3424,3.6788,1159919.5063,987035.7049
000829.SZ,20260413,3.6955,1.18,,3.7611,1096857.4687,1095818.7458
688498.SH,20260413,5.2556,1.02,569.9116,46.6537,10880982.1116,10740566.76
920510.BJ,20260413,1.3526,0.7,,6.8296,266004.9135,135590.2686
603261.SH,20260413,2.8414,1.41,,4.1938,278863.0692,278863.0692
688211.SH,20260413,1.2354,1.67,,1.2384,430902.2374,430902.2374
002726.SZ,20260413,6.1639,1.18,,3.197,345331.4205,345069.3405
600143.SH,20260413,1.5476,0.74,37.1355,2.3479,4479204.2476,4479204.2476
600569.SH,20260413,2.5081,0.76,,2.316,631932.7049,631932.7049
688805.SH,20260413,6.642,0.63,105.7236,6.4966,794132.48,149273.3162
002585.SZ,20260413,3.3615,1.05,,0.9078,782947.3118,608181.3866
600809.SH,20260413,1.8935,1.47,13.4671,4.2705,16561014.3137,16561014.3137
301228.SZ,20260413,17.0638,3.37,,8.3239,574680.0,571999.568
002700.SZ,20260413,1.894,0.81,37.1329,2.023,276717.2558,176258.0007
688783.SH,20260413,1.6791,0.75,,7.1475,8875084.4,361829.454
688192.SH,20260413,2.1536,0.97,,20.0373,2658887.9529,2633255.9799
300945.SZ,20260413,3.5942,0.63,33.8511,2.4882,410404.171,373335.4132
002110.SZ,20260413,1.7408,1.08,39.0619,0.4694,923048.9663,923048.9663
688571.SH,20260413,3.3893,1.07,29.4763,1.9074,319824.7078,319824.7078
002575.SZ,20260413,10.3348,0.73,,5.4575,452511.0,429753.697
600650.SH,20260413,1.4662,0.59,49.2282,1.5832,698890.0056,494839.615
300157.SZ,20260413,9.0418,0.97,227.7227,,500614.6374,469995.5556
600651.SH,20260413,2.6526,0.75,315.7089,6.9039,1737370.4144,1737370.4144
605033.SH,20260413,5.7646,0.69,103.8319,2.7109,309202.4,309202.4
000816.SZ,20260413,1.9231,0.78,,2.3797,468832.315,466400.9393
300538.SZ,20260413,7.3953,2.39,,2.9112,280154.6024,186317.2819
300766.SZ,20260413,5.9561,0.64,,8.849,1389519.1446,1261040.1338
688021.SH,20260413,4.5939,0.65,131.9431,2.1238,185150.4363,185150.4363
001210.SZ,20260413,2.6891,0.91,24.4296,2.4475,328365.7435,199556.1939
688468.SH,20260413,1.1189,0.9,65.0334,2.0462,288797.76,288797.76
600663.SH,20260413,0.824,1.07,31.8557,1.5503,3897208.9475,2442499.1544
002552.SZ,20260413,8.5101,1.91,60.21,4.9941,748035.7182,710474.3412
300344.SZ,20260413,13.5318,0.77,,0.7953,17967.7796,17919.8366
688401.SH,20260413,2.8129,0.97,41.0105,6.7685,1028035.0113,1028035.0113
300226.SZ,20260413,2.627,0.83,39.3202,3.7298,793297.6194,762519.2477
300627.SZ,20260413,1.3985,0.92,38.7889,6.5797,2640811.0656,2175078.1451
603958.SH,20260413,17.6915,1.28,,7.366,507160.32,507160.32
301429.SZ,20260413,3.8858,0.75,44.3649,1.7069,229701.46,85571.9214
605180.SH,20260413,2.3291,0.71,92.5304,2.1629,247247.0,247247.0
002103.SZ,20260413,3.9382,2.29,26.688,3.548,439172.3674,309912.0676
300609.SZ,20260413,5.687,2.13,,4.321,430610.0774,429946.2071
920003.BJ,20260413,1.0538,0.6,17.6107,3.1597,178417.2865,36708.3136
002479.SZ,20260413,5.0964,0.66,22.5625,1.2069,508620.0,507486.8323
688627.SH,20260413,6.5129,1.18,399.4923,15.1672,2613526.7612,2011376.9264
601921.SH,20260413,1.4253,0.66,13.8101,1.2344,1775555.5562,1775555.5562
002925.SZ,20260413,6.9713,2.15,26.1295,3.0182,1507841.3296,1428468.0226
002123.SZ,20260413,1.1066,0.55,,4.6752,807032.4332,721509.9075
603799.SH,20260413,5.1474,1.42,19.3789,2.4518,11841269.7638,11762304.6788
001360.SZ,20260413,3.0168,1.15,83.9925,3.0363,430440.0,264771.9869
002049.SZ,20260413,2.4065,1.24,41.6874,4.549,5970338.0079,5969538.251
301300.SZ,20260413,3.9428,0.85,35.7662,3.5732,286350.744,171105.3064
000565.SZ,20260413,2.572,0.71,538.2591,2.5144,313487.1751,313487.1751
688187.SH,20260413,1.4085,1.0,16.5909,1.5997,6796531.8021,4348882.0976
300200.SZ,20260413,1.9495,0.56,39.2095,2.5011,407700.6529,401029.4741
002866.SZ,20260413,23.1143,1.22,76.7308,3.1454,658663.1324,412258.4512
002890.SZ,20260413,2.6129,0.67,182.4877,4.5464,273499.0076,259989.5781
600129.SH,20260413,2.1165,0.83,73.9979,2.548,892194.6233,892194.6233
603029.SH,20260413,5.2582,0.9,30.1604,2.363,225089.41,225089.41
688166.SH,20260413,8.0631,1.75,381.8557,8.4622,2081673.9137,2081673.9137
000957.SZ,20260413,13.1787,3.1,21.2813,2.2798,704369.876,704369.876
002905.SZ,20260413,8.0941,0.53,99.6608,38.3963,364654.08,338607.36
300878.SZ,20260413,3.9118,1.21,,3.8014,385431.8372,383657.9789
688228.SH,20260413,4.6372,0.73,,5.5715,729345.5557,729345.5557
001287.SZ,20260413,11.3626,1.19,59.2259,3.8077,2047930.7614,2047930.7614
600987.SH,20260413,2.8563,1.56,10.6274,1.166,780926.4378,780926.4378
603158.SH,20260413,10.5607,0.62,40.0244,2.6914,625241.1686,625241.1686
603310.SH,20260413,1.0488,1.11,31.6505,1.4228,564285.56,317012.34
301177.SZ,20260413,1.9343,0.79,83.6431,1.818,1132376.702,1131626.3804
688469.SH,20260413,1.1955,0.87,,4.1741,5448746.6618,2879370.0
603221.SH,20260413,2.6938,0.78,42.833,1.7578,282443.7,279821.85
600116.SH,20260413,1.8102,0.7,45.2787,1.1165,1254365.745,1254365.745
605555.SH,20260413,4.9388,1.28,28.0393,2.5195,760472.4618,760472.4618
002100.SZ,20260413,3.3345,0.92,23.4513,1.4756,1058069.9241,1058069.9241
920807.BJ,20260413,4.3511,0.9,91.9518,2.2848,214618.4,145790.088
600172.SH,20260413,9.5392,0.76,,12.1816,1202781.853,1064397.2955
920163.BJ,20260413,1.0379,0.59,36.1633,3.2058,160507.8045,74934.7053
605300.SH,20260413,0.7203,0.58,179.2094,1.7075,488932.8904,488932.8904
920207.BJ,20260413,6.4735,0.53,3457.8047,9.9488,272067.445,166183.9951
002074.SZ,20260413,13.057,3.21,21.5338,2.5183,7165749.5258,6857959.8773
301419.SZ,20260413,28.3284,1.09,79.436,5.8883,559080.0,369582.6294
002693.SZ,20260413,5.048,1.65,,8.8053,344192.4925,341114.7247
600215.SH,20260413,0.946,0.77,,1.5301,307025.2954,307025.2954
301287.SZ,20260413,6.185,0.65,29.5237,2.426,280814.04,71736.0462
603718.SH,20260413,2.0854,0.73,17.2358,1.9475,295312.8291,293987.8041
600273.SH,20260413,2.3458,0.94,11.9481,1.1603,1180178.2098,1180178.2098
920230.BJ,20260413,14.3886,0.35,105.8017,2.9413,122976.0614,57689.5003
000905.SZ,20260413,8.2479,1.66,85.087,1.6982,1750519.4813,841951.6226
301332.SZ,20260413,0.8489,0.91,33.7987,1.4738,429714.6875,246619.5725
301278.SZ,20260413,4.1244,0.88,114.9645,2.4224,344658.6854,197486.3457
920725.BJ,20260413,4.4124,0.55,,4.532,271543.125,125181.342
920068.BJ,20260413,1.9263,0.57,96.5048,10.0667,1350536.0309,129170.7777
000573.SZ,20260413,10.0253,1.3,44.6529,1.9176,306374.6899,303823.1131
300521.SZ,20260413,1.4469,0.71,,7.4738,397682.88,397682.88
600639.SH,20260413,1.5615,0.64,11.3442,0.8023,1217817.9889,922506.8228
301149.SZ,20260413,17.3802,1.76,42.8395,2.8751,578350.0242,351352.6203
600835.SH,20260413,5.0055,2.37,29.838,1.6816,2364573.2801,1864637.9416
000973.SZ,20260413,6.5376,1.0,440.5611,6.2647,4759146.379,1872931.2591
000501.SZ,20260413,0.8062,0.74,36.4396,0.6029,657488.785,656828.7549
000822.SZ,20260413,6.8709,0.58,,1.3722,525418.9606,525418.9606
688588.SH,20260413,1.1589,0.69,47.2545,3.9084,480012.0036,480012.0036
300812.SZ,20260413,16.8896,0.52,,7.0048,548961.8767,363322.8754
301205.SZ,20260413,19.9294,1.03,290.8776,20.6304,3272143.68,2103466.7862
600386.SH,20260413,2.9755,1.35,4044.9582,1.8607,332236.8,332236.8
605116.SH,20260413,5.8253,0.59,25.8614,4.3532,1097913.2815,1097913.2815
002651.SZ,20260413,1.8641,0.94,171.1508,3.5494,984887.38,538886.8499
300971.SZ,20260413,2.077,0.81,36.8184,2.5774,271538.4,212572.3079
300808.SZ,20260413,4.6113,0.65,,4.2294,410080.0,304739.6184
603809.SH,20260413,1.3096,0.89,35.2802,2.7144,996672.778,996672.778
603010.SH,20260413,4.4338,0.92,,2.8435,733042.9571,733042.9571
600107.SH,20260413,1.0215,0.73,,4.5502,207720.0,207720.0
603279.SH,20260413,1.7346,0.48,17.0221,2.3763,1053033.471,1053033.471
002737.SZ,20260413,1.0122,0.73,,1.7509,709560.0,709560.0
002193.SZ,20260413,7.8741,1.07,,3.1777,174040.8408,174039.8433
603393.SH,20260413,6.6189,1.08,17.926,1.5778,1446419.5677,1444031.1814
301009.SZ,20260413,1.5093,0.75,85.6202,2.3812,317532.48,176408.9127
002313.SZ,20260413,1.5179,0.62,,242.8948,324979.2,324956.3499
002385.SZ,20260413,2.3982,1.11,36.559,1.9982,1715731.3474,1406107.0769
300652.SZ,20260413,2.1996,0.78,34.4198,3.7496,567310.1027,509160.3435
603609.SH,20260413,0.875,0.97,34.4993,0.9751,629445.7552,629445.7552
002238.SZ,20260413,1.405,0.73,,2.7864,591486.1009,591486.1009
605183.SH,20260413,1.1475,0.74,16.0917,2.1436,799743.2878,793101.8227
300778.SZ,20260413,2.5237,0.57,,2.0437,252537.9561,252488.1626
600027.SH,20260413,1.7449,0.73,8.7801,1.1066,5329804.3505,4229995.8931
300353.SZ,20260413,1.7375,0.83,294.7517,6.025,1197196.4393,1046043.3158
603755.SH,20260413,3.4177,1.1,33.2692,3.8911,280161.4677,280161.4677
301023.SZ,20260413,2.2343,0.55,38.499,3.9064,310946.9337,173189.0483
600959.SH,20260413,2.1728,0.52,75.2817,0.8578,1945279.1799,1945279.1799
002163.SZ,20260413,3.3267,0.94,,15.3196,1079011.1962,1026131.9134
002065.SZ,20260413,1.3264,0.81,56.0785,2.1721,2676577.7831,2428114.5769
688041.SH,20260413,4.801,1.91,209.1067,24.2599,57004391.6818,57004391.6818
603016.SH,20260413,7.1581,0.59,95.8097,7.6984,634865.6,634865.6
920856.BJ,20260413,1.718,0.65,69.2998,2.596,122713.3501,68447.4477
002926.SZ,20260413,0.9291,0.93,14.5871,0.9201,2236500.0,2236500.0
000776.SZ,20260413,2.8329,1.72,11.0621,1.1692,15156725.7548,11436143.5154
600265.SH,20260413,1.292,1.75,,309.9966,269335.0,269335.0
600702.SH,20260413,2.2327,1.35,66.8184,2.1635,1490094.2602,1489467.3402
002201.SZ,20260413,20.0223,3.01,101.7868,6.8684,794996.214,734468.5724
603722.SH,20260413,1.3275,0.75,,3.4951,333811.9333,326911.6133
301398.SZ,20260413,11.2977,2.43,76.4651,4.7254,530096.0,176157.527
600824.SH,20260413,0.7819,0.57,225.9862,1.7524,422664.8563,422664.8563
600011.SH,20260413,2.1992,1.12,7.5388,1.673,10863080.6044,7610415.2639
301208.SZ,20260413,2.1526,0.8,62.5097,2.6421,405840.2029,223455.7069
600305.SH,20260413,0.8071,0.96,55.4212,2.458,825427.7599,822829.2181
600292.SH,20260413,5.399,1.43,122.8765,3.8433,6539647.8581,1165759.6168
920781.BJ,20260413,0.8733,0.47,,3.1941,115307.0223,76180.7777
600406.SH,20260413,1.9878,1.06,26.0168,4.2251,20794216.6879,20733168.0834
000055.SZ,20260413,1.6258,0.78,,0.6819,379077.6021,238576.6134
000997.SZ,20260413,3.0385,1.13,17.9417,2.7691,1989724.3051,1978610.9443
000049.SZ,20260413,7.3648,1.18,25.0701,1.5709,1046601.451,1046319.3595
301213.SZ,20260413,3.3633,0.81,,7.0271,551359.9931,356392.5497
002440.SZ,20260413,6.1179,1.04,46.8205,1.4178,1346551.8862,1133737.6855
920892.BJ,20260413,0.6702,0.47,23.0404,5.6449,248031.57,219641.3055
605196.SH,20260413,2.8569,0.97,79.3236,7.1818,2370399.9477,2342522.3411
002534.SZ,20260413,7.6854,1.35,35.2696,2.7455,1539792.596,1520318.18
600881.SH,20260413,1.0615,0.91,,3.0678,520376.3091,520376.3091
688231.SH,20260413,2.8878,0.84,108.8239,2.9628,817837.7148,817837.7148
002831.SZ,20260413,2.7535,0.5,23.2975,2.9858,3437197.409,1908048.6797
920007.BJ,20260413,1.9707,0.84,26.9486,3.771,244733.9346,58620.8178
300739.SZ,20260413,26.534,1.88,212.6961,4.0872,1103186.5338,1013689.1958
600894.SH,20260413,2.9441,0.59,12.1949,0.9465,840606.5433,832183.5672
002623.SZ,20260413,4.1392,1.09,,1.5418,436743.125,435807.6583
688036.SH,20260413,1.5567,1.06,23.1786,2.9143,5981554.8958,5981554.8958
920346.BJ,20260413,1.2663,0.76,33.2928,3.4999,161467.5122,89296.6434
300939.SZ,20260413,9.4125,1.08,58.9469,3.4497,478800.0,478800.0
603236.SH,20260413,2.2617,0.82,22.6998,3.249,2190624.042,1991476.4046
920033.BJ,20260413,1.3444,0.88,79.5865,2.362,175843.629,122155.174
000576.SZ,20260413,2.5179,1.01,53.589,2.5318,418088.649,415595.02
301076.SZ,20260413,1.6995,0.64,100.185,5.6228,667346.6592,419012.2662
001257.SZ,20260413,26.4438,0.69,48.2085,5.8854,4261241.8463,317856.2801
920957.BJ,20260413,1.6887,0.57,222.537,3.0378,119104.4807,47402.2547
000786.SZ,20260413,1.8315,1.24,14.9702,1.6017,4350915.3234,4318382.0442
301665.SZ,20260413,2.0981,0.77,26.086,3.4679,1217700.0,281884.02
301468.SZ,20260413,14.7025,1.23,154.3691,3.0776,691555.2563,398638.8509
600467.SH,20260413,2.7146,0.74,87.4471,1.0464,357943.6045,357943.6045
603336.SH,20260413,1.9292,0.82,573.6637,3.8903,554542.9589,554542.9589
301595.SZ,20260413,6.5189,0.92,84.3712,5.7539,518444.64,116650.044
300962.SZ,20260413,1.4508,0.56,42.0714,4.3255,432435.1073,432435.1073
001979.SZ,20260413,1.5202,0.97,71.4213,0.7488,7312002.0907,6823416.2461
688472.SH,20260413,3.5685,1.3,48.1227,2.0926,4914596.0111,1817985.7735
603626.SH,20260413,7.1644,0.92,,6.191,1320613.6622,1320613.6622
688347.SH,20260413,3.9433,1.02,549.1416,4.5795,20681298.3611,4853040.5
688283.SH,20260413,2.1597,0.89,101.1276,4.7974,472949.4,472949.4
002635.SZ,20260413,7.5737,0.79,92.1202,1.7596,1024493.5631,614262.9183
002463.SZ,20260413,5.7432,0.97,44.6415,11.2907,17063331.4826,17049560.5794
603959.SH,20260413,7.0214,1.1,,131.0685,311339.8599,311339.8599
688361.SH,20260413,2.7167,1.16,1004.7586,11.3284,5798703.2047,4111699.8874
300624.SZ,20260413,4.1526,0.76,,12.4431,1343687.4518,1190070.8512
000839.SZ,20260413,2.4833,0.84,,8.153,1250424.6063,1250424.6063
300274.SZ,20260413,5.9405,1.16,20.6747,5.9709,27830790.1558,21344357.8161
301356.SZ,20260413,1.8906,0.83,51.7131,1.5575,467424.0,118608.84
605138.SH,20260413,1.7919,0.87,82.6014,1.5676,377788.6139,377788.6139
605365.SH,20260413,10.4936,1.04,41.0397,2.9314,1092882.0311,1092882.0311
002434.SZ,20260413,1.7282,0.87,32.9266,1.7915,1065831.2,1064808.9326
000523.SZ,20260413,2.1503,0.87,75.8596,3.1374,602033.6552,434652.5305
002530.SZ,20260413,2.2377,0.69,105.8445,5.1536,686473.5922,612403.6573
688219.SH,20260413,1.7069,1.15,29.1254,1.9913,599064.0,599064.0
688575.SH,20260413,1.4588,0.78,352.7911,3.1408,847368.8489,847368.8489
301638.SZ,20260413,8.9395,0.92,135.4052,7.6562,8527821.9169,630216.7864
688186.SH,20260413,3.1489,0.99,30.4111,1.3792,652137.7527,652137.7527
603226.SH,20260413,2.8486,0.55,,15.3183,1391750.2796,1391750.2796
300986.SZ,20260413,14.1694,0.54,72.3468,4.4915,956603.57,955814.2478
603312.SH,20260413,2.2709,0.71,24.5115,3.5937,639358.002,203474.322
000430.SZ,20260413,3.2915,2.84,,23.2222,621799.9657,284587.3812
601238.SH,20260413,0.8321,0.95,,0.7093,7464252.2388,5404866.6395
301613.SZ,20260413,1.2919,0.81,30.6709,4.2878,680225.2571,396768.9971
600929.SH,20260413,13.0665,2.82,,1.5302,1152999.619,1152999.619
300008.SZ,20260413,3.4294,0.87,44.0722,5.4488,1315030.1702,1253587.744
600028.SH,20260413,1.2473,1.04,22.1634,0.8491,70499574.7914,55240693.1436
002348.SZ,20260413,5.1302,0.9,,19.6581,875212.8,834864.4911
300331.SZ,20260413,4.6279,0.95,,7.2307,1131348.5801,915910.9813
603389.SH,20260413,1.8465,1.85,,52.1664,1220220.288,1220220.288
002825.SZ,20260413,6.5003,1.39,23.6583,2.3789,385251.6233,289381.641
605018.SH,20260413,6.4458,0.42,66.4835,2.0762,562668.7542,562668.7542
002132.SZ,20260413,9.9953,1.45,389.783,1.7001,590050.3179,589181.9877
688020.SH,20260413,5.4927,1.33,,5.4119,748751.232,748751.232
300659.SZ,20260413,2.7632,0.85,,2.7157,338770.4838,246199.6879
600118.SH,20260413,6.2513,1.15,2677.1441,14.9552,9519037.5368,9519037.5368
300036.SZ,20260413,1.8438,0.93,,2.8339,763295.4897,679202.0766
000837.SZ,20260413,1.3647,0.66,208.5218,2.2598,1102951.2123,1085980.7973
688699.SH,20260413,5.3244,1.55,,4.2382,504866.5037,504866.5037
300413.SZ,20260413,1.9245,0.89,41.937,1.6948,3924772.2699,2143526.5119
920855.BJ,20260413,1.6294,1.08,33.1631,2.0188,116359.7995,104376.4704
002324.SZ,20260413,2.2352,1.0,66.0755,3.7133,1698537.4507,1185373.394
300004.SZ,20260413,3.0107,0.72,101.4953,3.7622,669591.0692,669591.0692
300756.SZ,20260413,2.2011,0.75,90.2106,5.0222,735353.0892,612320.8271
300481.SZ,20260413,3.5737,0.81,35.0234,1.8978,459964.1703,457159.1834
920765.BJ,20260413,3.5092,0.94,,4.0739,124643.3904,75725.3871
920030.BJ,20260413,1.7226,0.86,,2.2858,99434.8626,62535.5668
603206.SH,20260413,3.0009,0.52,97.5082,2.1243,481910.7811,481910.7811
601077.SH,20260413,0.5769,0.7,6.8638,0.6348,8324681.0,6478431.6858
300738.SZ,20260413,9.0509,0.91,138.7542,6.4607,2269859.7658,2269145.6179
603977.SH,20260413,6.574,0.94,58.0383,2.6391,883405.8794,883405.8794
600801.SH,20260413,2.5745,0.99,16.8311,1.4979,4802479.9492,3099321.5692
603335.SH,20260413,13.3187,1.53,53.7822,8.567,260740.0614,260740.0614
603759.SH,20260413,2.0357,0.76,16.4298,1.5244,434054.4,434054.4
002004.SZ,20260413,2.5964,1.4,,1.0472,1015698.545,965270.7671
301355.SZ,20260413,4.4543,0.89,356.0283,1.6524,249140.0541,127962.3316
300244.SZ,20260413,3.0069,0.64,,1.7852,1154961.9977,926696.3447
920786.BJ,20260413,9.6722,1.64,34.2126,2.2746,173095.884,117738.6647
300896.SZ,20260413,1.2358,0.81,26.6798,4.5417,3444405.4304,2327269.4439
300687.SZ,20260413,1.3578,0.67,106.6007,2.79,771081.1197,621315.1968
603203.SH,20260413,7.5414,0.86,45.3052,7.6899,1122450.4472,1102503.4322
600850.SH,20260413,3.0302,0.62,27.2922,2.8486,1373321.2581,1373321.2581
603703.SH,20260413,2.3265,0.67,,6.5456,541551.6666,541551.6666
605151.SH,20260413,4.0915,0.91,,1.8741,255383.9134,255383.9134
300281.SZ,20260413,1.6594,0.71,1623.6943,2.2464,281935.5693,267400.3388
300677.SZ,20260413,4.4358,0.67,21.4646,2.0123,3654177.9608,2598587.2804
300058.SZ,20260413,12.5899,0.92,,7.485,5938225.9095,5755969.2197
002032.SZ,20260413,1.1698,0.55,17.3512,5.7878,3638066.6923,3635760.4263
002614.SZ,20260413,1.6989,0.89,56.9044,0.902,389837.0025,275791.1631
002816.SZ,20260413,4.0289,1.55,,10.2776,237800.0,237800.0
000713.SZ,20260413,1.4502,0.69,101.8072,1.7119,510860.4634,392969.5872
600420.SH,20260413,5.3744,2.78,14.0014,0.9568,1318372.7562,1318372.7562
301286.SZ,20260413,3.2947,1.05,93.4009,9.8443,1880470.0,758013.1706
600423.SH,20260413,1.7965,0.25,418.3872,4.5861,256381.1033,256381.1033
600491.SH,20260413,1.2646,0.82,,0.4583,449748.8388,449748.8388
300746.SZ,20260413,2.7121,0.88,,3.921,301586.4062,298656.7212
688282.SH,20260413,7.2298,1.49,,5.4693,696432.0,696432.0
601133.SH,20260413,22.2712,0.75,69.4966,4.4298,1296285.2309,1287369.4565
001400.SZ,20260413,16.6233,1.01,86.5546,7.8088,960480.0,240120.0
688038.SH,20260413,3.7054,0.62,,4.3086,256137.8534,256137.8534
603128.SH,20260413,1.6867,0.97,19.6449,1.2094,733066.0366,733066.0366
688163.SH,20260413,8.8192,1.4,65.6056,3.0494,339269.7,339269.7
300920.SZ,20260413,3.1829,1.2,148.922,3.3944,401600.0,263724.3948
600536.SH,20260413,1.3221,0.72,,9.7946,3452209.001,3118995.8438
600268.SH,20260413,5.1856,0.55,31.2736,4.0186,1501457.0099,1494008.7693
300588.SZ,20260413,3.4347,1.47,,17.4056,476954.3357,440463.6767
600009.SH,20260413,0.9707,1.41,28.7072,1.636,6793094.5992,5586343.076
920419.BJ,20260413,0.9599,1.1,22.3349,2.2384,138223.9632,129372.9246
603028.SH,20260413,1.5462,0.69,,4.7866,245132.16,242698.26
688691.SH,20260413,11.2415,1.6,,10.1381,1249320.0,759638.7191
603112.SH,20260413,5.9362,0.89,18.1869,2.3278,1014587.4725,954450.8178
002421.SZ,20260413,3.4642,0.81,,1.9419,576798.2058,545820.3614
600736.SH,20260413,1.3626,0.85,40.5331,0.9345,697683.5016,697683.5016
688311.SH,20260413,4.6183,1.69,,3.8969,664232.3399,664232.3399
601007.SH,20260413,7.3072,0.94,49.802,1.9655,315900.0,315900.0
600059.SH,20260413,0.8094,0.76,39.2446,1.3889,807626.5779,807626.5779
000932.SZ,20260413,1.4214,0.75,13.4395,0.6331,3508535.8899,3508535.8899
002841.SZ,20260413,1.2797,1.18,23.4055,1.7783,2372024.3854,1770117.7833
688475.SH,20260413,9.7392,4.84,37.3025,3.8172,2279812.5,2279812.5
300987.SZ,20260413,2.9921,0.7,143.7136,3.6849,296459.28,296459.28
688138.SH,20260413,1.7312,0.94,46.0372,3.1038,861607.6,861607.6
688018.SH,20260413,2.1391,0.82,49.8031,5.561,2479399.4103,2324528.1781
603920.SH,20260413,8.9682,1.1,48.0163,6.0732,3922904.5737,3922904.5737
601377.SH,20260413,1.4313,0.84,18.2025,0.934,5224772.3129,5224772.3129
300916.SZ,20260413,4.914,1.32,33.4109,3.3369,455917.9101,294476.1232
300039.SZ,20260413,2.0428,0.78,17.8293,1.365,616094.0,540069.5471
003026.SZ,20260413,5.6289,0.64,107.0829,7.1505,470776.208,347565.3732
688351.SH,20260413,3.7467,0.9,214.8375,6.0898,1097439.2,1097439.2
301099.SZ,20260413,9.8972,0.7,73.4173,5.9034,765008.6928,468294.4464
300132.SZ,20260413,2.5263,0.89,32.4247,3.0727,432894.7825,425772.116
605166.SH,20260413,1.9598,0.75,16.1275,1.7072,332672.5062,332672.5062
600326.SH,20260413,1.4323,0.88,,3.2054,1267091.9134,1267091.9134
001373.SZ,20260413,4.3263,0.89,,2.7274,237175.8243,114403.8706
003037.SZ,20260413,1.3394,0.74,50.5969,1.5318,429536.5441,429536.5441
688386.SH,20260413,2.9891,1.11,67.9631,5.2123,768283.8931,701883.0
603111.SH,20260413,0.4967,0.55,16.0969,1.4758,585318.8263,579104.5667
002984.SZ,20260413,1.6469,0.96,12.2406,1.3656,1806210.6637,1244340.5877
600372.SH,20260413,1.4888,1.03,59.1191,1.6622,6309921.2055,6309921.2055
301098.SZ,20260413,2.8023,0.73,,1.2931,154505.8864,125739.0364
603120.SH,20260413,3.5214,1.03,38.6029,3.0135,343610.4,85902.6
301469.SZ,20260413,3.061,0.5,42.0718,2.1438,295284.0,151993.6605
688012.SH,20260413,1.9626,0.94,93.9958,8.7306,19846964.029,19846964.029
600971.SH,20260413,3.1535,0.97,,0.7562,889203.619,889203.619
300992.SZ,20260413,12.891,0.87,170.085,3.4536,298721.9975,242815.179
002192.SZ,20260413,24.8865,1.41,72.9511,5.7594,2033619.5499,2029409.6541
688373.SH,20260413,2.209,0.79,,19.6671,404236.6821,373072.9433
300736.SZ,20260413,9.2258,0.61,,29.7912,244354.5588,238914.7127
688212.SH,20260413,1.7898,1.24,418.0275,3.6497,479138.9595,479138.9595
002022.SZ,20260413,1.14,0.57,,0.9705,300895.1414,300852.3632
300236.SZ,20260413,4.5509,1.01,87.1648,5.0853,2620808.6649,2329508.2224
300909.SZ,20260413,3.7065,1.5,78.9001,3.2405,653491.9147,461713.3507
600622.SH,20260413,3.7269,2.33,,1.3515,397416.6315,397416.6315
603588.SH,20260413,9.9483,1.0,20.0632,2.3812,2440221.6001,2440221.6001
002432.SZ,20260413,13.5411,1.23,21.1499,1.8007,3995536.9635,3767254.1826
688050.SH,20260413,0.8734,1.12,37.0317,3.5279,982874.9354,982874.9354
300592.SZ,20260413,4.7062,0.96,174.9107,2.2933,529713.5244,457038.0059
600684.SH,20260413,3.2555,0.85,70.2496,4.1044,519854.913,401126.5398
920378.BJ,20260413,0.6878,0.67,53.4711,3.4573,137173.932,98239.1568
002815.SZ,20260413,3.7797,0.94,59.5489,2.0532,1840119.6241,1158718.7429
688068.SH,20260413,3.0278,0.6,,4.4666,1112124.4482,1112124.4482
002862.SZ,20260413,3.6942,0.86,,7.2312,289296.0,217398.9114
300408.SZ,20260413,2.1108,1.04,45.0142,5.4419,11786458.8317,11499294.2433
600819.SH,20260413,2.0279,0.79,51.2077,1.8039,694474.2789,531412.8236
300580.SZ,20260413,3.7619,0.66,44.3586,3.749,1233202.3807,1160214.5188
603086.SH,20260413,2.0135,0.61,20.2513,1.5352,331762.4281,331762.4281
300103.SZ,20260413,3.0355,0.94,,4.6886,228037.518,227848.1792
603982.SH,20260413,2.4027,0.81,,1.218,285896.0031,265870.4281
